

================================================================
== Vitis HLS Report for 'Matrix_Vector_Activate_Batch'
================================================================
* Date:           Sun Jun 22 17:18:16 2025

* Version:        2022.2 (Build 3670227 on Oct 13 2022)
* Project:        project_MVAU_hls_4
* Solution:       sol1 (Vivado IP Flow Target)
* Product family: zynquplus
* Target device:  xczu7ev-ffvc1156-2-e


================================================================
== Performance Estimates
================================================================
+ Timing: 
    * Summary: 
    +--------+----------+----------+------------+
    |  Clock |  Target  | Estimated| Uncertainty|
    +--------+----------+----------+------------+
    |ap_clk  |  10.00 ns|  6.112 ns|     2.70 ns|
    +--------+----------+----------+------------+

+ Latency: 
    * Summary: 
    +---------+---------+-----------+-----------+-----+-----+---------+
    |  Latency (cycles) |   Latency (absolute)  |  Interval | Pipeline|
    |   min   |   max   |    min    |    max    | min | max |   Type  |
    +---------+---------+-----------+-----------+-----+-----+---------+
    |        1|        1|  10.000 ns|  10.000 ns|    1|    1|       no|
    +---------+---------+-----------+-----------+-----+-----+---------+

    + Detail: 
        * Instance: 
        N/A

        * Loop: 
        N/A

============================================================
+ Verbose Summary: Synthesis Manager
============================================================
InlineROM: 1
ExposeGlobal: 0
============================================================
+ Verbose Summary: CDFG Model
============================================================
IsTopModel: 0
ResetActiveHigh: 1
IsCombinational: 0
IsDatapathOnly: 0
HasWiredReturn: 1
HasMFsm: 0
HasVarLatency: 1
IsPipeline: 0
IsRtlPipelined: 0
IsInstanceOverlapped: 0
IsDontTouch: 0
HasImplIP: 0
IsGatedGlobalClock: 0


============================================================
+ Verbose Summary: Schedule
============================================================
* Number of FSM states : 2
* Pipeline : 0
* Dataflow Pipeline: 0

* FSM state transitions: 
1 --> 2 
2 --> 

* FSM state operations: 

State 1 <SV = 0> <Delay = 6.11>
ST_1 : Operation 3 [1/1] (0.00ns)   --->   "%in0_V_read = read i88 @_ssdm_op_Read.axis.volatile.i88P128A, i88 %in0_V" [/home/changhong/prj/finn/deps/finn-hlslib/mvau.hpp:128]   --->   Operation 3 'read' 'in0_V_read' <Predicate = true> <Delay = 0.00> <CoreInst = "axis">   --->   Core 123 'axis' <Latency = 0> <II = 1> <Delay = 1.00> <Adapter> <Opcode : >
ST_1 : Operation 4 [1/1] (0.00ns)   --->   "%trunc_ln840 = trunc i88 %in0_V_read"   --->   Operation 4 'trunc' 'trunc_ln840' <Predicate = true> <Delay = 0.00>
ST_1 : Operation 5 [1/1] (0.00ns)   --->   "%zext_ln840 = zext i1 %trunc_ln840"   --->   Operation 5 'zext' 'zext_ln840' <Predicate = true> <Delay = 0.00>
ST_1 : Operation 6 [1/1] (0.28ns)   --->   "%xor_ln840 = xor i1 %trunc_ln840, i1 1"   --->   Operation 6 'xor' 'xor_ln840' <Predicate = true> <Delay = 0.28> <CoreInst = "LogicGate">   --->   Core 74 'LogicGate' <Latency = 0> <II = 1> <Delay = 0.28> <FuncUnit> <Opcode : 'and' 'or' 'xor'> <InPorts = 2> <OutPorts = 1>
ST_1 : Operation 7 [1/1] (0.00ns)   --->   "%zext_ln840_1 = zext i1 %xor_ln840"   --->   Operation 7 'zext' 'zext_ln840_1' <Predicate = true> <Delay = 0.00>
ST_1 : Operation 8 [1/1] (0.00ns)   --->   "%tmp = bitselect i1 @_ssdm_op_BitSelect.i1.i88.i32, i88 %in0_V_read, i32 1"   --->   Operation 8 'bitselect' 'tmp' <Predicate = true> <Delay = 0.00>
ST_1 : Operation 9 [1/1] (0.00ns)   --->   "%zext_ln840_2 = zext i1 %tmp"   --->   Operation 9 'zext' 'zext_ln840_2' <Predicate = true> <Delay = 0.00>
ST_1 : Operation 10 [1/1] (0.54ns)   --->   "%add_ln840 = add i2 %zext_ln840_1, i2 %zext_ln840_2"   --->   Operation 10 'add' 'add_ln840' <Predicate = true> <Delay = 0.54> <CoreInst = "Adder">   --->   Core 1 'Adder' <Latency = 0> <II = 1> <Delay = 0.54> <FuncUnit> <Opcode : 'add' 'sub'> <InPorts = 2> <OutPorts = 1>
ST_1 : Operation 11 [1/1] (0.00ns)   --->   "%tmp_1 = bitselect i1 @_ssdm_op_BitSelect.i1.i88.i32, i88 %in0_V_read, i32 2"   --->   Operation 11 'bitselect' 'tmp_1' <Predicate = true> <Delay = 0.00>
ST_1 : Operation 12 [1/1] (0.00ns)   --->   "%zext_ln840_3 = zext i1 %tmp_1"   --->   Operation 12 'zext' 'zext_ln840_3' <Predicate = true> <Delay = 0.00>
ST_1 : Operation 13 [1/1] (0.54ns)   --->   "%add_ln840_1 = add i2 %add_ln840, i2 %zext_ln840_3"   --->   Operation 13 'add' 'add_ln840_1' <Predicate = true> <Delay = 0.54> <CoreInst = "Adder">   --->   Core 1 'Adder' <Latency = 0> <II = 1> <Delay = 0.54> <FuncUnit> <Opcode : 'add' 'sub'> <InPorts = 2> <OutPorts = 1>
ST_1 : Operation 14 [1/1] (0.00ns)   --->   "%zext_ln840_4 = zext i2 %add_ln840_1"   --->   Operation 14 'zext' 'zext_ln840_4' <Predicate = true> <Delay = 0.00>
ST_1 : Operation 15 [1/1] (0.00ns)   --->   "%tmp_2 = bitselect i1 @_ssdm_op_BitSelect.i1.i88.i32, i88 %in0_V_read, i32 3"   --->   Operation 15 'bitselect' 'tmp_2' <Predicate = true> <Delay = 0.00>
ST_1 : Operation 16 [1/1] (0.00ns)   --->   "%zext_ln840_5 = zext i1 %tmp_2"   --->   Operation 16 'zext' 'zext_ln840_5' <Predicate = true> <Delay = 0.00>
ST_1 : Operation 17 [1/1] (0.00ns)   --->   "%tmp_3 = bitselect i1 @_ssdm_op_BitSelect.i1.i88.i32, i88 %in0_V_read, i32 4"   --->   Operation 17 'bitselect' 'tmp_3' <Predicate = true> <Delay = 0.00>
ST_1 : Operation 18 [1/1] (0.00ns)   --->   "%zext_ln840_6 = zext i1 %tmp_3"   --->   Operation 18 'zext' 'zext_ln840_6' <Predicate = true> <Delay = 0.00>
ST_1 : Operation 19 [1/1] (0.28ns)   --->   "%xor_ln840_1 = xor i1 %tmp_3, i1 1"   --->   Operation 19 'xor' 'xor_ln840_1' <Predicate = true> <Delay = 0.28> <CoreInst = "LogicGate">   --->   Core 74 'LogicGate' <Latency = 0> <II = 1> <Delay = 0.28> <FuncUnit> <Opcode : 'and' 'or' 'xor'> <InPorts = 2> <OutPorts = 1>
ST_1 : Operation 20 [1/1] (0.00ns)   --->   "%zext_ln840_7 = zext i1 %xor_ln840_1"   --->   Operation 20 'zext' 'zext_ln840_7' <Predicate = true> <Delay = 0.00>
ST_1 : Operation 21 [1/1] (0.00ns)   --->   "%tmp_4 = bitselect i1 @_ssdm_op_BitSelect.i1.i88.i32, i88 %in0_V_read, i32 5"   --->   Operation 21 'bitselect' 'tmp_4' <Predicate = true> <Delay = 0.00>
ST_1 : Operation 22 [1/1] (0.00ns)   --->   "%zext_ln840_8 = zext i1 %tmp_4"   --->   Operation 22 'zext' 'zext_ln840_8' <Predicate = true> <Delay = 0.00>
ST_1 : Operation 23 [1/1] (0.28ns)   --->   "%xor_ln840_2 = xor i1 %tmp_4, i1 1"   --->   Operation 23 'xor' 'xor_ln840_2' <Predicate = true> <Delay = 0.28> <CoreInst = "LogicGate">   --->   Core 74 'LogicGate' <Latency = 0> <II = 1> <Delay = 0.28> <FuncUnit> <Opcode : 'and' 'or' 'xor'> <InPorts = 2> <OutPorts = 1>
ST_1 : Operation 24 [1/1] (0.00ns)   --->   "%zext_ln840_9 = zext i1 %xor_ln840_2"   --->   Operation 24 'zext' 'zext_ln840_9' <Predicate = true> <Delay = 0.00>
ST_1 : Operation 25 [1/1] (0.00ns)   --->   "%tmp_5 = bitselect i1 @_ssdm_op_BitSelect.i1.i88.i32, i88 %in0_V_read, i32 6"   --->   Operation 25 'bitselect' 'tmp_5' <Predicate = true> <Delay = 0.00>
ST_1 : Operation 26 [1/1] (0.00ns)   --->   "%zext_ln840_10 = zext i1 %tmp_5"   --->   Operation 26 'zext' 'zext_ln840_10' <Predicate = true> <Delay = 0.00>
ST_1 : Operation 27 [1/1] (0.28ns)   --->   "%xor_ln840_3 = xor i1 %tmp_5, i1 1"   --->   Operation 27 'xor' 'xor_ln840_3' <Predicate = true> <Delay = 0.28> <CoreInst = "LogicGate">   --->   Core 74 'LogicGate' <Latency = 0> <II = 1> <Delay = 0.28> <FuncUnit> <Opcode : 'and' 'or' 'xor'> <InPorts = 2> <OutPorts = 1>
ST_1 : Operation 28 [1/1] (0.00ns)   --->   "%zext_ln840_11 = zext i1 %xor_ln840_3"   --->   Operation 28 'zext' 'zext_ln840_11' <Predicate = true> <Delay = 0.00>
ST_1 : Operation 29 [1/1] (0.00ns)   --->   "%tmp_6 = bitselect i1 @_ssdm_op_BitSelect.i1.i88.i32, i88 %in0_V_read, i32 7"   --->   Operation 29 'bitselect' 'tmp_6' <Predicate = true> <Delay = 0.00>
ST_1 : Operation 30 [1/1] (0.00ns)   --->   "%zext_ln840_12 = zext i1 %tmp_6"   --->   Operation 30 'zext' 'zext_ln840_12' <Predicate = true> <Delay = 0.00>
ST_1 : Operation 31 [1/1] (0.28ns)   --->   "%xor_ln840_4 = xor i1 %tmp_6, i1 1"   --->   Operation 31 'xor' 'xor_ln840_4' <Predicate = true> <Delay = 0.28> <CoreInst = "LogicGate">   --->   Core 74 'LogicGate' <Latency = 0> <II = 1> <Delay = 0.28> <FuncUnit> <Opcode : 'and' 'or' 'xor'> <InPorts = 2> <OutPorts = 1>
ST_1 : Operation 32 [1/1] (0.00ns)   --->   "%zext_ln840_13 = zext i1 %xor_ln840_4"   --->   Operation 32 'zext' 'zext_ln840_13' <Predicate = true> <Delay = 0.00>
ST_1 : Operation 33 [1/1] (0.00ns)   --->   "%tmp_7 = bitselect i1 @_ssdm_op_BitSelect.i1.i88.i32, i88 %in0_V_read, i32 8"   --->   Operation 33 'bitselect' 'tmp_7' <Predicate = true> <Delay = 0.00>
ST_1 : Operation 34 [1/1] (0.00ns)   --->   "%zext_ln840_14 = zext i1 %tmp_7"   --->   Operation 34 'zext' 'zext_ln840_14' <Predicate = true> <Delay = 0.00>
ST_1 : Operation 35 [1/1] (0.00ns)   --->   "%tmp_8 = bitselect i1 @_ssdm_op_BitSelect.i1.i88.i32, i88 %in0_V_read, i32 9"   --->   Operation 35 'bitselect' 'tmp_8' <Predicate = true> <Delay = 0.00>
ST_1 : Operation 36 [1/1] (0.00ns)   --->   "%zext_ln840_15 = zext i1 %tmp_8"   --->   Operation 36 'zext' 'zext_ln840_15' <Predicate = true> <Delay = 0.00>
ST_1 : Operation 37 [1/1] (0.28ns)   --->   "%xor_ln840_5 = xor i1 %tmp_8, i1 1"   --->   Operation 37 'xor' 'xor_ln840_5' <Predicate = true> <Delay = 0.28> <CoreInst = "LogicGate">   --->   Core 74 'LogicGate' <Latency = 0> <II = 1> <Delay = 0.28> <FuncUnit> <Opcode : 'and' 'or' 'xor'> <InPorts = 2> <OutPorts = 1>
ST_1 : Operation 38 [1/1] (0.00ns)   --->   "%zext_ln840_16 = zext i1 %xor_ln840_5"   --->   Operation 38 'zext' 'zext_ln840_16' <Predicate = true> <Delay = 0.00>
ST_1 : Operation 39 [1/1] (0.00ns)   --->   "%tmp_9 = bitselect i1 @_ssdm_op_BitSelect.i1.i88.i32, i88 %in0_V_read, i32 10"   --->   Operation 39 'bitselect' 'tmp_9' <Predicate = true> <Delay = 0.00>
ST_1 : Operation 40 [1/1] (0.00ns)   --->   "%zext_ln840_17 = zext i1 %tmp_9"   --->   Operation 40 'zext' 'zext_ln840_17' <Predicate = true> <Delay = 0.00>
ST_1 : Operation 41 [1/1] (0.28ns)   --->   "%xor_ln840_6 = xor i1 %tmp_9, i1 1"   --->   Operation 41 'xor' 'xor_ln840_6' <Predicate = true> <Delay = 0.28> <CoreInst = "LogicGate">   --->   Core 74 'LogicGate' <Latency = 0> <II = 1> <Delay = 0.28> <FuncUnit> <Opcode : 'and' 'or' 'xor'> <InPorts = 2> <OutPorts = 1>
ST_1 : Operation 42 [1/1] (0.00ns)   --->   "%zext_ln840_18 = zext i1 %xor_ln840_6"   --->   Operation 42 'zext' 'zext_ln840_18' <Predicate = true> <Delay = 0.00>
ST_1 : Operation 43 [1/1] (0.00ns)   --->   "%tmp_10 = bitselect i1 @_ssdm_op_BitSelect.i1.i88.i32, i88 %in0_V_read, i32 11"   --->   Operation 43 'bitselect' 'tmp_10' <Predicate = true> <Delay = 0.00>
ST_1 : Operation 44 [1/1] (0.00ns)   --->   "%zext_ln840_19 = zext i1 %tmp_10"   --->   Operation 44 'zext' 'zext_ln840_19' <Predicate = true> <Delay = 0.00>
ST_1 : Operation 45 [1/1] (0.00ns)   --->   "%tmp_11 = bitselect i1 @_ssdm_op_BitSelect.i1.i88.i32, i88 %in0_V_read, i32 12"   --->   Operation 45 'bitselect' 'tmp_11' <Predicate = true> <Delay = 0.00>
ST_1 : Operation 46 [1/1] (0.00ns)   --->   "%zext_ln840_20 = zext i1 %tmp_11"   --->   Operation 46 'zext' 'zext_ln840_20' <Predicate = true> <Delay = 0.00>
ST_1 : Operation 47 [1/1] (0.28ns)   --->   "%xor_ln840_7 = xor i1 %tmp_11, i1 1"   --->   Operation 47 'xor' 'xor_ln840_7' <Predicate = true> <Delay = 0.28> <CoreInst = "LogicGate">   --->   Core 74 'LogicGate' <Latency = 0> <II = 1> <Delay = 0.28> <FuncUnit> <Opcode : 'and' 'or' 'xor'> <InPorts = 2> <OutPorts = 1>
ST_1 : Operation 48 [1/1] (0.00ns)   --->   "%zext_ln840_21 = zext i1 %xor_ln840_7"   --->   Operation 48 'zext' 'zext_ln840_21' <Predicate = true> <Delay = 0.00>
ST_1 : Operation 49 [1/1] (0.00ns)   --->   "%tmp_12 = bitselect i1 @_ssdm_op_BitSelect.i1.i88.i32, i88 %in0_V_read, i32 13"   --->   Operation 49 'bitselect' 'tmp_12' <Predicate = true> <Delay = 0.00>
ST_1 : Operation 50 [1/1] (0.00ns)   --->   "%zext_ln840_22 = zext i1 %tmp_12"   --->   Operation 50 'zext' 'zext_ln840_22' <Predicate = true> <Delay = 0.00>
ST_1 : Operation 51 [1/1] (0.28ns)   --->   "%xor_ln840_8 = xor i1 %tmp_12, i1 1"   --->   Operation 51 'xor' 'xor_ln840_8' <Predicate = true> <Delay = 0.28> <CoreInst = "LogicGate">   --->   Core 74 'LogicGate' <Latency = 0> <II = 1> <Delay = 0.28> <FuncUnit> <Opcode : 'and' 'or' 'xor'> <InPorts = 2> <OutPorts = 1>
ST_1 : Operation 52 [1/1] (0.00ns)   --->   "%zext_ln840_23 = zext i1 %xor_ln840_8"   --->   Operation 52 'zext' 'zext_ln840_23' <Predicate = true> <Delay = 0.00>
ST_1 : Operation 53 [1/1] (0.00ns)   --->   "%tmp_13 = bitselect i1 @_ssdm_op_BitSelect.i1.i88.i32, i88 %in0_V_read, i32 14"   --->   Operation 53 'bitselect' 'tmp_13' <Predicate = true> <Delay = 0.00>
ST_1 : Operation 54 [1/1] (0.00ns)   --->   "%zext_ln840_24 = zext i1 %tmp_13"   --->   Operation 54 'zext' 'zext_ln840_24' <Predicate = true> <Delay = 0.00>
ST_1 : Operation 55 [1/1] (0.28ns)   --->   "%xor_ln840_9 = xor i1 %tmp_13, i1 1"   --->   Operation 55 'xor' 'xor_ln840_9' <Predicate = true> <Delay = 0.28> <CoreInst = "LogicGate">   --->   Core 74 'LogicGate' <Latency = 0> <II = 1> <Delay = 0.28> <FuncUnit> <Opcode : 'and' 'or' 'xor'> <InPorts = 2> <OutPorts = 1>
ST_1 : Operation 56 [1/1] (0.00ns)   --->   "%zext_ln840_25 = zext i1 %xor_ln840_9"   --->   Operation 56 'zext' 'zext_ln840_25' <Predicate = true> <Delay = 0.00>
ST_1 : Operation 57 [1/1] (0.00ns)   --->   "%tmp_14 = bitselect i1 @_ssdm_op_BitSelect.i1.i88.i32, i88 %in0_V_read, i32 15"   --->   Operation 57 'bitselect' 'tmp_14' <Predicate = true> <Delay = 0.00>
ST_1 : Operation 58 [1/1] (0.00ns)   --->   "%zext_ln840_26 = zext i1 %tmp_14"   --->   Operation 58 'zext' 'zext_ln840_26' <Predicate = true> <Delay = 0.00>
ST_1 : Operation 59 [1/1] (0.28ns)   --->   "%xor_ln840_10 = xor i1 %tmp_14, i1 1"   --->   Operation 59 'xor' 'xor_ln840_10' <Predicate = true> <Delay = 0.28> <CoreInst = "LogicGate">   --->   Core 74 'LogicGate' <Latency = 0> <II = 1> <Delay = 0.28> <FuncUnit> <Opcode : 'and' 'or' 'xor'> <InPorts = 2> <OutPorts = 1>
ST_1 : Operation 60 [1/1] (0.00ns)   --->   "%zext_ln840_27 = zext i1 %xor_ln840_10"   --->   Operation 60 'zext' 'zext_ln840_27' <Predicate = true> <Delay = 0.00>
ST_1 : Operation 61 [1/1] (0.00ns)   --->   "%tmp_15 = bitselect i1 @_ssdm_op_BitSelect.i1.i88.i32, i88 %in0_V_read, i32 16"   --->   Operation 61 'bitselect' 'tmp_15' <Predicate = true> <Delay = 0.00>
ST_1 : Operation 62 [1/1] (0.00ns)   --->   "%zext_ln840_28 = zext i1 %tmp_15"   --->   Operation 62 'zext' 'zext_ln840_28' <Predicate = true> <Delay = 0.00>
ST_1 : Operation 63 [1/1] (0.28ns)   --->   "%xor_ln840_11 = xor i1 %tmp_15, i1 1"   --->   Operation 63 'xor' 'xor_ln840_11' <Predicate = true> <Delay = 0.28> <CoreInst = "LogicGate">   --->   Core 74 'LogicGate' <Latency = 0> <II = 1> <Delay = 0.28> <FuncUnit> <Opcode : 'and' 'or' 'xor'> <InPorts = 2> <OutPorts = 1>
ST_1 : Operation 64 [1/1] (0.00ns)   --->   "%zext_ln840_29 = zext i1 %xor_ln840_11"   --->   Operation 64 'zext' 'zext_ln840_29' <Predicate = true> <Delay = 0.00>
ST_1 : Operation 65 [1/1] (0.00ns)   --->   "%tmp_16 = bitselect i1 @_ssdm_op_BitSelect.i1.i88.i32, i88 %in0_V_read, i32 17"   --->   Operation 65 'bitselect' 'tmp_16' <Predicate = true> <Delay = 0.00>
ST_1 : Operation 66 [1/1] (0.00ns)   --->   "%zext_ln840_30 = zext i1 %tmp_16"   --->   Operation 66 'zext' 'zext_ln840_30' <Predicate = true> <Delay = 0.00>
ST_1 : Operation 67 [1/1] (0.00ns)   --->   "%tmp_17 = bitselect i1 @_ssdm_op_BitSelect.i1.i88.i32, i88 %in0_V_read, i32 18"   --->   Operation 67 'bitselect' 'tmp_17' <Predicate = true> <Delay = 0.00>
ST_1 : Operation 68 [1/1] (0.00ns)   --->   "%zext_ln840_31 = zext i1 %tmp_17"   --->   Operation 68 'zext' 'zext_ln840_31' <Predicate = true> <Delay = 0.00>
ST_1 : Operation 69 [1/1] (0.00ns)   --->   "%tmp_18 = bitselect i1 @_ssdm_op_BitSelect.i1.i88.i32, i88 %in0_V_read, i32 19"   --->   Operation 69 'bitselect' 'tmp_18' <Predicate = true> <Delay = 0.00>
ST_1 : Operation 70 [1/1] (0.00ns)   --->   "%zext_ln840_32 = zext i1 %tmp_18"   --->   Operation 70 'zext' 'zext_ln840_32' <Predicate = true> <Delay = 0.00>
ST_1 : Operation 71 [1/1] (0.28ns)   --->   "%xor_ln840_12 = xor i1 %tmp_18, i1 1"   --->   Operation 71 'xor' 'xor_ln840_12' <Predicate = true> <Delay = 0.28> <CoreInst = "LogicGate">   --->   Core 74 'LogicGate' <Latency = 0> <II = 1> <Delay = 0.28> <FuncUnit> <Opcode : 'and' 'or' 'xor'> <InPorts = 2> <OutPorts = 1>
ST_1 : Operation 72 [1/1] (0.00ns)   --->   "%zext_ln840_33 = zext i1 %xor_ln840_12"   --->   Operation 72 'zext' 'zext_ln840_33' <Predicate = true> <Delay = 0.00>
ST_1 : Operation 73 [1/1] (0.00ns)   --->   "%tmp_19 = bitselect i1 @_ssdm_op_BitSelect.i1.i88.i32, i88 %in0_V_read, i32 20"   --->   Operation 73 'bitselect' 'tmp_19' <Predicate = true> <Delay = 0.00>
ST_1 : Operation 74 [1/1] (0.00ns)   --->   "%zext_ln840_34 = zext i1 %tmp_19"   --->   Operation 74 'zext' 'zext_ln840_34' <Predicate = true> <Delay = 0.00>
ST_1 : Operation 75 [1/1] (0.00ns)   --->   "%tmp_20 = bitselect i1 @_ssdm_op_BitSelect.i1.i88.i32, i88 %in0_V_read, i32 21"   --->   Operation 75 'bitselect' 'tmp_20' <Predicate = true> <Delay = 0.00>
ST_1 : Operation 76 [1/1] (0.00ns)   --->   "%zext_ln840_35 = zext i1 %tmp_20"   --->   Operation 76 'zext' 'zext_ln840_35' <Predicate = true> <Delay = 0.00>
ST_1 : Operation 77 [1/1] (0.00ns)   --->   "%tmp_21 = bitselect i1 @_ssdm_op_BitSelect.i1.i88.i32, i88 %in0_V_read, i32 22"   --->   Operation 77 'bitselect' 'tmp_21' <Predicate = true> <Delay = 0.00>
ST_1 : Operation 78 [1/1] (0.00ns)   --->   "%zext_ln840_36 = zext i1 %tmp_21"   --->   Operation 78 'zext' 'zext_ln840_36' <Predicate = true> <Delay = 0.00>
ST_1 : Operation 79 [1/1] (0.28ns)   --->   "%xor_ln840_13 = xor i1 %tmp_21, i1 1"   --->   Operation 79 'xor' 'xor_ln840_13' <Predicate = true> <Delay = 0.28> <CoreInst = "LogicGate">   --->   Core 74 'LogicGate' <Latency = 0> <II = 1> <Delay = 0.28> <FuncUnit> <Opcode : 'and' 'or' 'xor'> <InPorts = 2> <OutPorts = 1>
ST_1 : Operation 80 [1/1] (0.00ns)   --->   "%zext_ln840_37 = zext i1 %xor_ln840_13"   --->   Operation 80 'zext' 'zext_ln840_37' <Predicate = true> <Delay = 0.00>
ST_1 : Operation 81 [1/1] (0.00ns)   --->   "%tmp_22 = bitselect i1 @_ssdm_op_BitSelect.i1.i88.i32, i88 %in0_V_read, i32 23"   --->   Operation 81 'bitselect' 'tmp_22' <Predicate = true> <Delay = 0.00>
ST_1 : Operation 82 [1/1] (0.00ns)   --->   "%zext_ln840_38 = zext i1 %tmp_22"   --->   Operation 82 'zext' 'zext_ln840_38' <Predicate = true> <Delay = 0.00>
ST_1 : Operation 83 [1/1] (0.00ns)   --->   "%tmp_23 = bitselect i1 @_ssdm_op_BitSelect.i1.i88.i32, i88 %in0_V_read, i32 24"   --->   Operation 83 'bitselect' 'tmp_23' <Predicate = true> <Delay = 0.00>
ST_1 : Operation 84 [1/1] (0.00ns)   --->   "%zext_ln840_39 = zext i1 %tmp_23"   --->   Operation 84 'zext' 'zext_ln840_39' <Predicate = true> <Delay = 0.00>
ST_1 : Operation 85 [1/1] (0.28ns)   --->   "%xor_ln840_14 = xor i1 %tmp_23, i1 1"   --->   Operation 85 'xor' 'xor_ln840_14' <Predicate = true> <Delay = 0.28> <CoreInst = "LogicGate">   --->   Core 74 'LogicGate' <Latency = 0> <II = 1> <Delay = 0.28> <FuncUnit> <Opcode : 'and' 'or' 'xor'> <InPorts = 2> <OutPorts = 1>
ST_1 : Operation 86 [1/1] (0.00ns)   --->   "%zext_ln840_40 = zext i1 %xor_ln840_14"   --->   Operation 86 'zext' 'zext_ln840_40' <Predicate = true> <Delay = 0.00>
ST_1 : Operation 87 [1/1] (0.00ns)   --->   "%tmp_24 = bitselect i1 @_ssdm_op_BitSelect.i1.i88.i32, i88 %in0_V_read, i32 25"   --->   Operation 87 'bitselect' 'tmp_24' <Predicate = true> <Delay = 0.00>
ST_1 : Operation 88 [1/1] (0.00ns)   --->   "%zext_ln840_41 = zext i1 %tmp_24"   --->   Operation 88 'zext' 'zext_ln840_41' <Predicate = true> <Delay = 0.00>
ST_1 : Operation 89 [1/1] (0.00ns)   --->   "%tmp_25 = bitselect i1 @_ssdm_op_BitSelect.i1.i88.i32, i88 %in0_V_read, i32 26"   --->   Operation 89 'bitselect' 'tmp_25' <Predicate = true> <Delay = 0.00>
ST_1 : Operation 90 [1/1] (0.00ns)   --->   "%zext_ln840_42 = zext i1 %tmp_25"   --->   Operation 90 'zext' 'zext_ln840_42' <Predicate = true> <Delay = 0.00>
ST_1 : Operation 91 [1/1] (0.00ns)   --->   "%tmp_26 = bitselect i1 @_ssdm_op_BitSelect.i1.i88.i32, i88 %in0_V_read, i32 27"   --->   Operation 91 'bitselect' 'tmp_26' <Predicate = true> <Delay = 0.00>
ST_1 : Operation 92 [1/1] (0.00ns)   --->   "%zext_ln840_43 = zext i1 %tmp_26"   --->   Operation 92 'zext' 'zext_ln840_43' <Predicate = true> <Delay = 0.00>
ST_1 : Operation 93 [1/1] (0.28ns)   --->   "%xor_ln840_15 = xor i1 %tmp_26, i1 1"   --->   Operation 93 'xor' 'xor_ln840_15' <Predicate = true> <Delay = 0.28> <CoreInst = "LogicGate">   --->   Core 74 'LogicGate' <Latency = 0> <II = 1> <Delay = 0.28> <FuncUnit> <Opcode : 'and' 'or' 'xor'> <InPorts = 2> <OutPorts = 1>
ST_1 : Operation 94 [1/1] (0.00ns)   --->   "%zext_ln840_44 = zext i1 %xor_ln840_15"   --->   Operation 94 'zext' 'zext_ln840_44' <Predicate = true> <Delay = 0.00>
ST_1 : Operation 95 [1/1] (0.00ns)   --->   "%tmp_27 = bitselect i1 @_ssdm_op_BitSelect.i1.i88.i32, i88 %in0_V_read, i32 28"   --->   Operation 95 'bitselect' 'tmp_27' <Predicate = true> <Delay = 0.00>
ST_1 : Operation 96 [1/1] (0.00ns)   --->   "%zext_ln840_45 = zext i1 %tmp_27"   --->   Operation 96 'zext' 'zext_ln840_45' <Predicate = true> <Delay = 0.00>
ST_1 : Operation 97 [1/1] (0.28ns)   --->   "%xor_ln840_16 = xor i1 %tmp_27, i1 1"   --->   Operation 97 'xor' 'xor_ln840_16' <Predicate = true> <Delay = 0.28> <CoreInst = "LogicGate">   --->   Core 74 'LogicGate' <Latency = 0> <II = 1> <Delay = 0.28> <FuncUnit> <Opcode : 'and' 'or' 'xor'> <InPorts = 2> <OutPorts = 1>
ST_1 : Operation 98 [1/1] (0.00ns)   --->   "%zext_ln840_46 = zext i1 %xor_ln840_16"   --->   Operation 98 'zext' 'zext_ln840_46' <Predicate = true> <Delay = 0.00>
ST_1 : Operation 99 [1/1] (0.00ns)   --->   "%tmp_28 = bitselect i1 @_ssdm_op_BitSelect.i1.i88.i32, i88 %in0_V_read, i32 29"   --->   Operation 99 'bitselect' 'tmp_28' <Predicate = true> <Delay = 0.00>
ST_1 : Operation 100 [1/1] (0.00ns)   --->   "%zext_ln840_47 = zext i1 %tmp_28"   --->   Operation 100 'zext' 'zext_ln840_47' <Predicate = true> <Delay = 0.00>
ST_1 : Operation 101 [1/1] (0.00ns)   --->   "%tmp_29 = bitselect i1 @_ssdm_op_BitSelect.i1.i88.i32, i88 %in0_V_read, i32 30"   --->   Operation 101 'bitselect' 'tmp_29' <Predicate = true> <Delay = 0.00>
ST_1 : Operation 102 [1/1] (0.00ns)   --->   "%zext_ln840_48 = zext i1 %tmp_29"   --->   Operation 102 'zext' 'zext_ln840_48' <Predicate = true> <Delay = 0.00>
ST_1 : Operation 103 [1/1] (0.28ns)   --->   "%xor_ln840_17 = xor i1 %tmp_29, i1 1"   --->   Operation 103 'xor' 'xor_ln840_17' <Predicate = true> <Delay = 0.28> <CoreInst = "LogicGate">   --->   Core 74 'LogicGate' <Latency = 0> <II = 1> <Delay = 0.28> <FuncUnit> <Opcode : 'and' 'or' 'xor'> <InPorts = 2> <OutPorts = 1>
ST_1 : Operation 104 [1/1] (0.00ns)   --->   "%zext_ln840_49 = zext i1 %xor_ln840_17"   --->   Operation 104 'zext' 'zext_ln840_49' <Predicate = true> <Delay = 0.00>
ST_1 : Operation 105 [1/1] (0.00ns)   --->   "%tmp_30 = bitselect i1 @_ssdm_op_BitSelect.i1.i88.i32, i88 %in0_V_read, i32 31"   --->   Operation 105 'bitselect' 'tmp_30' <Predicate = true> <Delay = 0.00>
ST_1 : Operation 106 [1/1] (0.00ns)   --->   "%zext_ln840_50 = zext i1 %tmp_30"   --->   Operation 106 'zext' 'zext_ln840_50' <Predicate = true> <Delay = 0.00>
ST_1 : Operation 107 [1/1] (0.00ns)   --->   "%tmp_31 = bitselect i1 @_ssdm_op_BitSelect.i1.i88.i32, i88 %in0_V_read, i32 32"   --->   Operation 107 'bitselect' 'tmp_31' <Predicate = true> <Delay = 0.00>
ST_1 : Operation 108 [1/1] (0.00ns)   --->   "%zext_ln840_51 = zext i1 %tmp_31"   --->   Operation 108 'zext' 'zext_ln840_51' <Predicate = true> <Delay = 0.00>
ST_1 : Operation 109 [1/1] (0.00ns)   --->   "%tmp_32 = bitselect i1 @_ssdm_op_BitSelect.i1.i88.i32, i88 %in0_V_read, i32 33"   --->   Operation 109 'bitselect' 'tmp_32' <Predicate = true> <Delay = 0.00>
ST_1 : Operation 110 [1/1] (0.00ns)   --->   "%zext_ln840_52 = zext i1 %tmp_32"   --->   Operation 110 'zext' 'zext_ln840_52' <Predicate = true> <Delay = 0.00>
ST_1 : Operation 111 [1/1] (0.00ns)   --->   "%tmp_33 = bitselect i1 @_ssdm_op_BitSelect.i1.i88.i32, i88 %in0_V_read, i32 34"   --->   Operation 111 'bitselect' 'tmp_33' <Predicate = true> <Delay = 0.00>
ST_1 : Operation 112 [1/1] (0.00ns)   --->   "%zext_ln840_53 = zext i1 %tmp_33"   --->   Operation 112 'zext' 'zext_ln840_53' <Predicate = true> <Delay = 0.00>
ST_1 : Operation 113 [1/1] (0.28ns)   --->   "%xor_ln840_18 = xor i1 %tmp_33, i1 1"   --->   Operation 113 'xor' 'xor_ln840_18' <Predicate = true> <Delay = 0.28> <CoreInst = "LogicGate">   --->   Core 74 'LogicGate' <Latency = 0> <II = 1> <Delay = 0.28> <FuncUnit> <Opcode : 'and' 'or' 'xor'> <InPorts = 2> <OutPorts = 1>
ST_1 : Operation 114 [1/1] (0.00ns)   --->   "%zext_ln840_54 = zext i1 %xor_ln840_18"   --->   Operation 114 'zext' 'zext_ln840_54' <Predicate = true> <Delay = 0.00>
ST_1 : Operation 115 [1/1] (0.00ns)   --->   "%tmp_34 = bitselect i1 @_ssdm_op_BitSelect.i1.i88.i32, i88 %in0_V_read, i32 35"   --->   Operation 115 'bitselect' 'tmp_34' <Predicate = true> <Delay = 0.00>
ST_1 : Operation 116 [1/1] (0.00ns)   --->   "%zext_ln840_55 = zext i1 %tmp_34"   --->   Operation 116 'zext' 'zext_ln840_55' <Predicate = true> <Delay = 0.00>
ST_1 : Operation 117 [1/1] (0.28ns)   --->   "%xor_ln840_19 = xor i1 %tmp_34, i1 1"   --->   Operation 117 'xor' 'xor_ln840_19' <Predicate = true> <Delay = 0.28> <CoreInst = "LogicGate">   --->   Core 74 'LogicGate' <Latency = 0> <II = 1> <Delay = 0.28> <FuncUnit> <Opcode : 'and' 'or' 'xor'> <InPorts = 2> <OutPorts = 1>
ST_1 : Operation 118 [1/1] (0.00ns)   --->   "%zext_ln840_56 = zext i1 %xor_ln840_19"   --->   Operation 118 'zext' 'zext_ln840_56' <Predicate = true> <Delay = 0.00>
ST_1 : Operation 119 [1/1] (0.00ns)   --->   "%tmp_35 = bitselect i1 @_ssdm_op_BitSelect.i1.i88.i32, i88 %in0_V_read, i32 36"   --->   Operation 119 'bitselect' 'tmp_35' <Predicate = true> <Delay = 0.00>
ST_1 : Operation 120 [1/1] (0.00ns)   --->   "%zext_ln840_57 = zext i1 %tmp_35"   --->   Operation 120 'zext' 'zext_ln840_57' <Predicate = true> <Delay = 0.00>
ST_1 : Operation 121 [1/1] (0.28ns)   --->   "%xor_ln840_20 = xor i1 %tmp_35, i1 1"   --->   Operation 121 'xor' 'xor_ln840_20' <Predicate = true> <Delay = 0.28> <CoreInst = "LogicGate">   --->   Core 74 'LogicGate' <Latency = 0> <II = 1> <Delay = 0.28> <FuncUnit> <Opcode : 'and' 'or' 'xor'> <InPorts = 2> <OutPorts = 1>
ST_1 : Operation 122 [1/1] (0.00ns)   --->   "%zext_ln840_58 = zext i1 %xor_ln840_20"   --->   Operation 122 'zext' 'zext_ln840_58' <Predicate = true> <Delay = 0.00>
ST_1 : Operation 123 [1/1] (0.00ns)   --->   "%tmp_36 = bitselect i1 @_ssdm_op_BitSelect.i1.i88.i32, i88 %in0_V_read, i32 37"   --->   Operation 123 'bitselect' 'tmp_36' <Predicate = true> <Delay = 0.00>
ST_1 : Operation 124 [1/1] (0.00ns)   --->   "%zext_ln840_59 = zext i1 %tmp_36"   --->   Operation 124 'zext' 'zext_ln840_59' <Predicate = true> <Delay = 0.00>
ST_1 : Operation 125 [1/1] (0.00ns)   --->   "%tmp_37 = bitselect i1 @_ssdm_op_BitSelect.i1.i88.i32, i88 %in0_V_read, i32 38"   --->   Operation 125 'bitselect' 'tmp_37' <Predicate = true> <Delay = 0.00>
ST_1 : Operation 126 [1/1] (0.00ns)   --->   "%zext_ln840_60 = zext i1 %tmp_37"   --->   Operation 126 'zext' 'zext_ln840_60' <Predicate = true> <Delay = 0.00>
ST_1 : Operation 127 [1/1] (0.28ns)   --->   "%xor_ln840_21 = xor i1 %tmp_37, i1 1"   --->   Operation 127 'xor' 'xor_ln840_21' <Predicate = true> <Delay = 0.28> <CoreInst = "LogicGate">   --->   Core 74 'LogicGate' <Latency = 0> <II = 1> <Delay = 0.28> <FuncUnit> <Opcode : 'and' 'or' 'xor'> <InPorts = 2> <OutPorts = 1>
ST_1 : Operation 128 [1/1] (0.00ns)   --->   "%zext_ln840_61 = zext i1 %xor_ln840_21"   --->   Operation 128 'zext' 'zext_ln840_61' <Predicate = true> <Delay = 0.00>
ST_1 : Operation 129 [1/1] (0.00ns)   --->   "%tmp_38 = bitselect i1 @_ssdm_op_BitSelect.i1.i88.i32, i88 %in0_V_read, i32 39"   --->   Operation 129 'bitselect' 'tmp_38' <Predicate = true> <Delay = 0.00>
ST_1 : Operation 130 [1/1] (0.00ns)   --->   "%zext_ln840_62 = zext i1 %tmp_38"   --->   Operation 130 'zext' 'zext_ln840_62' <Predicate = true> <Delay = 0.00>
ST_1 : Operation 131 [1/1] (0.28ns)   --->   "%xor_ln840_22 = xor i1 %tmp_38, i1 1"   --->   Operation 131 'xor' 'xor_ln840_22' <Predicate = true> <Delay = 0.28> <CoreInst = "LogicGate">   --->   Core 74 'LogicGate' <Latency = 0> <II = 1> <Delay = 0.28> <FuncUnit> <Opcode : 'and' 'or' 'xor'> <InPorts = 2> <OutPorts = 1>
ST_1 : Operation 132 [1/1] (0.00ns)   --->   "%zext_ln840_63 = zext i1 %xor_ln840_22"   --->   Operation 132 'zext' 'zext_ln840_63' <Predicate = true> <Delay = 0.00>
ST_1 : Operation 133 [1/1] (0.00ns)   --->   "%tmp_39 = bitselect i1 @_ssdm_op_BitSelect.i1.i88.i32, i88 %in0_V_read, i32 40"   --->   Operation 133 'bitselect' 'tmp_39' <Predicate = true> <Delay = 0.00>
ST_1 : Operation 134 [1/1] (0.00ns)   --->   "%zext_ln840_64 = zext i1 %tmp_39"   --->   Operation 134 'zext' 'zext_ln840_64' <Predicate = true> <Delay = 0.00>
ST_1 : Operation 135 [1/1] (0.28ns)   --->   "%xor_ln840_23 = xor i1 %tmp_39, i1 1"   --->   Operation 135 'xor' 'xor_ln840_23' <Predicate = true> <Delay = 0.28> <CoreInst = "LogicGate">   --->   Core 74 'LogicGate' <Latency = 0> <II = 1> <Delay = 0.28> <FuncUnit> <Opcode : 'and' 'or' 'xor'> <InPorts = 2> <OutPorts = 1>
ST_1 : Operation 136 [1/1] (0.00ns)   --->   "%zext_ln840_65 = zext i1 %xor_ln840_23"   --->   Operation 136 'zext' 'zext_ln840_65' <Predicate = true> <Delay = 0.00>
ST_1 : Operation 137 [1/1] (0.00ns)   --->   "%tmp_40 = bitselect i1 @_ssdm_op_BitSelect.i1.i88.i32, i88 %in0_V_read, i32 41"   --->   Operation 137 'bitselect' 'tmp_40' <Predicate = true> <Delay = 0.00>
ST_1 : Operation 138 [1/1] (0.00ns)   --->   "%zext_ln840_66 = zext i1 %tmp_40"   --->   Operation 138 'zext' 'zext_ln840_66' <Predicate = true> <Delay = 0.00>
ST_1 : Operation 139 [1/1] (0.00ns)   --->   "%tmp_41 = bitselect i1 @_ssdm_op_BitSelect.i1.i88.i32, i88 %in0_V_read, i32 42"   --->   Operation 139 'bitselect' 'tmp_41' <Predicate = true> <Delay = 0.00>
ST_1 : Operation 140 [1/1] (0.00ns)   --->   "%zext_ln840_67 = zext i1 %tmp_41"   --->   Operation 140 'zext' 'zext_ln840_67' <Predicate = true> <Delay = 0.00>
ST_1 : Operation 141 [1/1] (0.28ns)   --->   "%xor_ln840_24 = xor i1 %tmp_41, i1 1"   --->   Operation 141 'xor' 'xor_ln840_24' <Predicate = true> <Delay = 0.28> <CoreInst = "LogicGate">   --->   Core 74 'LogicGate' <Latency = 0> <II = 1> <Delay = 0.28> <FuncUnit> <Opcode : 'and' 'or' 'xor'> <InPorts = 2> <OutPorts = 1>
ST_1 : Operation 142 [1/1] (0.00ns)   --->   "%zext_ln840_68 = zext i1 %xor_ln840_24"   --->   Operation 142 'zext' 'zext_ln840_68' <Predicate = true> <Delay = 0.00>
ST_1 : Operation 143 [1/1] (0.00ns)   --->   "%tmp_42 = bitselect i1 @_ssdm_op_BitSelect.i1.i88.i32, i88 %in0_V_read, i32 43"   --->   Operation 143 'bitselect' 'tmp_42' <Predicate = true> <Delay = 0.00>
ST_1 : Operation 144 [1/1] (0.00ns)   --->   "%zext_ln840_69 = zext i1 %tmp_42"   --->   Operation 144 'zext' 'zext_ln840_69' <Predicate = true> <Delay = 0.00>
ST_1 : Operation 145 [1/1] (0.00ns)   --->   "%tmp_43 = bitselect i1 @_ssdm_op_BitSelect.i1.i88.i32, i88 %in0_V_read, i32 44"   --->   Operation 145 'bitselect' 'tmp_43' <Predicate = true> <Delay = 0.00>
ST_1 : Operation 146 [1/1] (0.00ns)   --->   "%zext_ln840_70 = zext i1 %tmp_43"   --->   Operation 146 'zext' 'zext_ln840_70' <Predicate = true> <Delay = 0.00>
ST_1 : Operation 147 [1/1] (0.00ns)   --->   "%tmp_44 = bitselect i1 @_ssdm_op_BitSelect.i1.i88.i32, i88 %in0_V_read, i32 45"   --->   Operation 147 'bitselect' 'tmp_44' <Predicate = true> <Delay = 0.00>
ST_1 : Operation 148 [1/1] (0.00ns)   --->   "%zext_ln840_71 = zext i1 %tmp_44"   --->   Operation 148 'zext' 'zext_ln840_71' <Predicate = true> <Delay = 0.00>
ST_1 : Operation 149 [1/1] (0.28ns)   --->   "%xor_ln840_25 = xor i1 %tmp_44, i1 1"   --->   Operation 149 'xor' 'xor_ln840_25' <Predicate = true> <Delay = 0.28> <CoreInst = "LogicGate">   --->   Core 74 'LogicGate' <Latency = 0> <II = 1> <Delay = 0.28> <FuncUnit> <Opcode : 'and' 'or' 'xor'> <InPorts = 2> <OutPorts = 1>
ST_1 : Operation 150 [1/1] (0.00ns)   --->   "%zext_ln840_72 = zext i1 %xor_ln840_25"   --->   Operation 150 'zext' 'zext_ln840_72' <Predicate = true> <Delay = 0.00>
ST_1 : Operation 151 [1/1] (0.00ns)   --->   "%tmp_45 = bitselect i1 @_ssdm_op_BitSelect.i1.i88.i32, i88 %in0_V_read, i32 46"   --->   Operation 151 'bitselect' 'tmp_45' <Predicate = true> <Delay = 0.00>
ST_1 : Operation 152 [1/1] (0.00ns)   --->   "%zext_ln840_73 = zext i1 %tmp_45"   --->   Operation 152 'zext' 'zext_ln840_73' <Predicate = true> <Delay = 0.00>
ST_1 : Operation 153 [1/1] (0.28ns)   --->   "%xor_ln840_26 = xor i1 %tmp_45, i1 1"   --->   Operation 153 'xor' 'xor_ln840_26' <Predicate = true> <Delay = 0.28> <CoreInst = "LogicGate">   --->   Core 74 'LogicGate' <Latency = 0> <II = 1> <Delay = 0.28> <FuncUnit> <Opcode : 'and' 'or' 'xor'> <InPorts = 2> <OutPorts = 1>
ST_1 : Operation 154 [1/1] (0.00ns)   --->   "%zext_ln840_74 = zext i1 %xor_ln840_26"   --->   Operation 154 'zext' 'zext_ln840_74' <Predicate = true> <Delay = 0.00>
ST_1 : Operation 155 [1/1] (0.00ns)   --->   "%tmp_46 = bitselect i1 @_ssdm_op_BitSelect.i1.i88.i32, i88 %in0_V_read, i32 47"   --->   Operation 155 'bitselect' 'tmp_46' <Predicate = true> <Delay = 0.00>
ST_1 : Operation 156 [1/1] (0.00ns)   --->   "%zext_ln840_75 = zext i1 %tmp_46"   --->   Operation 156 'zext' 'zext_ln840_75' <Predicate = true> <Delay = 0.00>
ST_1 : Operation 157 [1/1] (0.28ns)   --->   "%xor_ln840_27 = xor i1 %tmp_46, i1 1"   --->   Operation 157 'xor' 'xor_ln840_27' <Predicate = true> <Delay = 0.28> <CoreInst = "LogicGate">   --->   Core 74 'LogicGate' <Latency = 0> <II = 1> <Delay = 0.28> <FuncUnit> <Opcode : 'and' 'or' 'xor'> <InPorts = 2> <OutPorts = 1>
ST_1 : Operation 158 [1/1] (0.00ns)   --->   "%zext_ln840_76 = zext i1 %xor_ln840_27"   --->   Operation 158 'zext' 'zext_ln840_76' <Predicate = true> <Delay = 0.00>
ST_1 : Operation 159 [1/1] (0.00ns)   --->   "%tmp_47 = bitselect i1 @_ssdm_op_BitSelect.i1.i88.i32, i88 %in0_V_read, i32 48"   --->   Operation 159 'bitselect' 'tmp_47' <Predicate = true> <Delay = 0.00>
ST_1 : Operation 160 [1/1] (0.00ns)   --->   "%zext_ln840_77 = zext i1 %tmp_47"   --->   Operation 160 'zext' 'zext_ln840_77' <Predicate = true> <Delay = 0.00>
ST_1 : Operation 161 [1/1] (0.28ns)   --->   "%xor_ln840_28 = xor i1 %tmp_47, i1 1"   --->   Operation 161 'xor' 'xor_ln840_28' <Predicate = true> <Delay = 0.28> <CoreInst = "LogicGate">   --->   Core 74 'LogicGate' <Latency = 0> <II = 1> <Delay = 0.28> <FuncUnit> <Opcode : 'and' 'or' 'xor'> <InPorts = 2> <OutPorts = 1>
ST_1 : Operation 162 [1/1] (0.00ns)   --->   "%zext_ln840_78 = zext i1 %xor_ln840_28"   --->   Operation 162 'zext' 'zext_ln840_78' <Predicate = true> <Delay = 0.00>
ST_1 : Operation 163 [1/1] (0.00ns)   --->   "%tmp_48 = bitselect i1 @_ssdm_op_BitSelect.i1.i88.i32, i88 %in0_V_read, i32 49"   --->   Operation 163 'bitselect' 'tmp_48' <Predicate = true> <Delay = 0.00>
ST_1 : Operation 164 [1/1] (0.00ns)   --->   "%zext_ln840_79 = zext i1 %tmp_48"   --->   Operation 164 'zext' 'zext_ln840_79' <Predicate = true> <Delay = 0.00>
ST_1 : Operation 165 [1/1] (0.28ns)   --->   "%xor_ln840_29 = xor i1 %tmp_48, i1 1"   --->   Operation 165 'xor' 'xor_ln840_29' <Predicate = true> <Delay = 0.28> <CoreInst = "LogicGate">   --->   Core 74 'LogicGate' <Latency = 0> <II = 1> <Delay = 0.28> <FuncUnit> <Opcode : 'and' 'or' 'xor'> <InPorts = 2> <OutPorts = 1>
ST_1 : Operation 166 [1/1] (0.00ns)   --->   "%zext_ln840_80 = zext i1 %xor_ln840_29"   --->   Operation 166 'zext' 'zext_ln840_80' <Predicate = true> <Delay = 0.00>
ST_1 : Operation 167 [1/1] (0.00ns)   --->   "%tmp_49 = bitselect i1 @_ssdm_op_BitSelect.i1.i88.i32, i88 %in0_V_read, i32 50"   --->   Operation 167 'bitselect' 'tmp_49' <Predicate = true> <Delay = 0.00>
ST_1 : Operation 168 [1/1] (0.00ns)   --->   "%zext_ln840_81 = zext i1 %tmp_49"   --->   Operation 168 'zext' 'zext_ln840_81' <Predicate = true> <Delay = 0.00>
ST_1 : Operation 169 [1/1] (0.28ns)   --->   "%xor_ln840_30 = xor i1 %tmp_49, i1 1"   --->   Operation 169 'xor' 'xor_ln840_30' <Predicate = true> <Delay = 0.28> <CoreInst = "LogicGate">   --->   Core 74 'LogicGate' <Latency = 0> <II = 1> <Delay = 0.28> <FuncUnit> <Opcode : 'and' 'or' 'xor'> <InPorts = 2> <OutPorts = 1>
ST_1 : Operation 170 [1/1] (0.00ns)   --->   "%zext_ln840_82 = zext i1 %xor_ln840_30"   --->   Operation 170 'zext' 'zext_ln840_82' <Predicate = true> <Delay = 0.00>
ST_1 : Operation 171 [1/1] (0.00ns)   --->   "%tmp_50 = bitselect i1 @_ssdm_op_BitSelect.i1.i88.i32, i88 %in0_V_read, i32 51"   --->   Operation 171 'bitselect' 'tmp_50' <Predicate = true> <Delay = 0.00>
ST_1 : Operation 172 [1/1] (0.00ns)   --->   "%zext_ln840_83 = zext i1 %tmp_50"   --->   Operation 172 'zext' 'zext_ln840_83' <Predicate = true> <Delay = 0.00>
ST_1 : Operation 173 [1/1] (0.00ns)   --->   "%tmp_51 = bitselect i1 @_ssdm_op_BitSelect.i1.i88.i32, i88 %in0_V_read, i32 52"   --->   Operation 173 'bitselect' 'tmp_51' <Predicate = true> <Delay = 0.00>
ST_1 : Operation 174 [1/1] (0.00ns)   --->   "%zext_ln840_84 = zext i1 %tmp_51"   --->   Operation 174 'zext' 'zext_ln840_84' <Predicate = true> <Delay = 0.00>
ST_1 : Operation 175 [1/1] (0.28ns)   --->   "%xor_ln840_31 = xor i1 %tmp_51, i1 1"   --->   Operation 175 'xor' 'xor_ln840_31' <Predicate = true> <Delay = 0.28> <CoreInst = "LogicGate">   --->   Core 74 'LogicGate' <Latency = 0> <II = 1> <Delay = 0.28> <FuncUnit> <Opcode : 'and' 'or' 'xor'> <InPorts = 2> <OutPorts = 1>
ST_1 : Operation 176 [1/1] (0.00ns)   --->   "%zext_ln840_85 = zext i1 %xor_ln840_31"   --->   Operation 176 'zext' 'zext_ln840_85' <Predicate = true> <Delay = 0.00>
ST_1 : Operation 177 [1/1] (0.00ns)   --->   "%tmp_52 = bitselect i1 @_ssdm_op_BitSelect.i1.i88.i32, i88 %in0_V_read, i32 53"   --->   Operation 177 'bitselect' 'tmp_52' <Predicate = true> <Delay = 0.00>
ST_1 : Operation 178 [1/1] (0.00ns)   --->   "%zext_ln840_86 = zext i1 %tmp_52"   --->   Operation 178 'zext' 'zext_ln840_86' <Predicate = true> <Delay = 0.00>
ST_1 : Operation 179 [1/1] (0.00ns)   --->   "%tmp_53 = bitselect i1 @_ssdm_op_BitSelect.i1.i88.i32, i88 %in0_V_read, i32 54"   --->   Operation 179 'bitselect' 'tmp_53' <Predicate = true> <Delay = 0.00>
ST_1 : Operation 180 [1/1] (0.00ns)   --->   "%zext_ln840_87 = zext i1 %tmp_53"   --->   Operation 180 'zext' 'zext_ln840_87' <Predicate = true> <Delay = 0.00>
ST_1 : Operation 181 [1/1] (0.00ns)   --->   "%tmp_54 = bitselect i1 @_ssdm_op_BitSelect.i1.i88.i32, i88 %in0_V_read, i32 55"   --->   Operation 181 'bitselect' 'tmp_54' <Predicate = true> <Delay = 0.00>
ST_1 : Operation 182 [1/1] (0.00ns)   --->   "%zext_ln840_88 = zext i1 %tmp_54"   --->   Operation 182 'zext' 'zext_ln840_88' <Predicate = true> <Delay = 0.00>
ST_1 : Operation 183 [1/1] (0.28ns)   --->   "%xor_ln840_32 = xor i1 %tmp_54, i1 1"   --->   Operation 183 'xor' 'xor_ln840_32' <Predicate = true> <Delay = 0.28> <CoreInst = "LogicGate">   --->   Core 74 'LogicGate' <Latency = 0> <II = 1> <Delay = 0.28> <FuncUnit> <Opcode : 'and' 'or' 'xor'> <InPorts = 2> <OutPorts = 1>
ST_1 : Operation 184 [1/1] (0.00ns)   --->   "%zext_ln840_89 = zext i1 %xor_ln840_32"   --->   Operation 184 'zext' 'zext_ln840_89' <Predicate = true> <Delay = 0.00>
ST_1 : Operation 185 [1/1] (0.00ns)   --->   "%tmp_55 = bitselect i1 @_ssdm_op_BitSelect.i1.i88.i32, i88 %in0_V_read, i32 56"   --->   Operation 185 'bitselect' 'tmp_55' <Predicate = true> <Delay = 0.00>
ST_1 : Operation 186 [1/1] (0.00ns)   --->   "%zext_ln840_90 = zext i1 %tmp_55"   --->   Operation 186 'zext' 'zext_ln840_90' <Predicate = true> <Delay = 0.00>
ST_1 : Operation 187 [1/1] (0.28ns)   --->   "%xor_ln840_33 = xor i1 %tmp_55, i1 1"   --->   Operation 187 'xor' 'xor_ln840_33' <Predicate = true> <Delay = 0.28> <CoreInst = "LogicGate">   --->   Core 74 'LogicGate' <Latency = 0> <II = 1> <Delay = 0.28> <FuncUnit> <Opcode : 'and' 'or' 'xor'> <InPorts = 2> <OutPorts = 1>
ST_1 : Operation 188 [1/1] (0.00ns)   --->   "%zext_ln840_91 = zext i1 %xor_ln840_33"   --->   Operation 188 'zext' 'zext_ln840_91' <Predicate = true> <Delay = 0.00>
ST_1 : Operation 189 [1/1] (0.00ns)   --->   "%tmp_56 = bitselect i1 @_ssdm_op_BitSelect.i1.i88.i32, i88 %in0_V_read, i32 57"   --->   Operation 189 'bitselect' 'tmp_56' <Predicate = true> <Delay = 0.00>
ST_1 : Operation 190 [1/1] (0.00ns)   --->   "%zext_ln840_92 = zext i1 %tmp_56"   --->   Operation 190 'zext' 'zext_ln840_92' <Predicate = true> <Delay = 0.00>
ST_1 : Operation 191 [1/1] (0.28ns)   --->   "%xor_ln840_34 = xor i1 %tmp_56, i1 1"   --->   Operation 191 'xor' 'xor_ln840_34' <Predicate = true> <Delay = 0.28> <CoreInst = "LogicGate">   --->   Core 74 'LogicGate' <Latency = 0> <II = 1> <Delay = 0.28> <FuncUnit> <Opcode : 'and' 'or' 'xor'> <InPorts = 2> <OutPorts = 1>
ST_1 : Operation 192 [1/1] (0.00ns)   --->   "%zext_ln840_93 = zext i1 %xor_ln840_34"   --->   Operation 192 'zext' 'zext_ln840_93' <Predicate = true> <Delay = 0.00>
ST_1 : Operation 193 [1/1] (0.00ns)   --->   "%tmp_57 = bitselect i1 @_ssdm_op_BitSelect.i1.i88.i32, i88 %in0_V_read, i32 58"   --->   Operation 193 'bitselect' 'tmp_57' <Predicate = true> <Delay = 0.00>
ST_1 : Operation 194 [1/1] (0.00ns)   --->   "%zext_ln840_94 = zext i1 %tmp_57"   --->   Operation 194 'zext' 'zext_ln840_94' <Predicate = true> <Delay = 0.00>
ST_1 : Operation 195 [1/1] (0.28ns)   --->   "%xor_ln840_35 = xor i1 %tmp_57, i1 1"   --->   Operation 195 'xor' 'xor_ln840_35' <Predicate = true> <Delay = 0.28> <CoreInst = "LogicGate">   --->   Core 74 'LogicGate' <Latency = 0> <II = 1> <Delay = 0.28> <FuncUnit> <Opcode : 'and' 'or' 'xor'> <InPorts = 2> <OutPorts = 1>
ST_1 : Operation 196 [1/1] (0.00ns)   --->   "%zext_ln840_95 = zext i1 %xor_ln840_35"   --->   Operation 196 'zext' 'zext_ln840_95' <Predicate = true> <Delay = 0.00>
ST_1 : Operation 197 [1/1] (0.00ns)   --->   "%tmp_58 = bitselect i1 @_ssdm_op_BitSelect.i1.i88.i32, i88 %in0_V_read, i32 59"   --->   Operation 197 'bitselect' 'tmp_58' <Predicate = true> <Delay = 0.00>
ST_1 : Operation 198 [1/1] (0.00ns)   --->   "%zext_ln840_96 = zext i1 %tmp_58"   --->   Operation 198 'zext' 'zext_ln840_96' <Predicate = true> <Delay = 0.00>
ST_1 : Operation 199 [1/1] (0.28ns)   --->   "%xor_ln840_36 = xor i1 %tmp_58, i1 1"   --->   Operation 199 'xor' 'xor_ln840_36' <Predicate = true> <Delay = 0.28> <CoreInst = "LogicGate">   --->   Core 74 'LogicGate' <Latency = 0> <II = 1> <Delay = 0.28> <FuncUnit> <Opcode : 'and' 'or' 'xor'> <InPorts = 2> <OutPorts = 1>
ST_1 : Operation 200 [1/1] (0.00ns)   --->   "%zext_ln840_97 = zext i1 %xor_ln840_36"   --->   Operation 200 'zext' 'zext_ln840_97' <Predicate = true> <Delay = 0.00>
ST_1 : Operation 201 [1/1] (0.00ns)   --->   "%tmp_59 = bitselect i1 @_ssdm_op_BitSelect.i1.i88.i32, i88 %in0_V_read, i32 60"   --->   Operation 201 'bitselect' 'tmp_59' <Predicate = true> <Delay = 0.00>
ST_1 : Operation 202 [1/1] (0.00ns)   --->   "%zext_ln840_98 = zext i1 %tmp_59"   --->   Operation 202 'zext' 'zext_ln840_98' <Predicate = true> <Delay = 0.00>
ST_1 : Operation 203 [1/1] (0.28ns)   --->   "%xor_ln840_37 = xor i1 %tmp_59, i1 1"   --->   Operation 203 'xor' 'xor_ln840_37' <Predicate = true> <Delay = 0.28> <CoreInst = "LogicGate">   --->   Core 74 'LogicGate' <Latency = 0> <II = 1> <Delay = 0.28> <FuncUnit> <Opcode : 'and' 'or' 'xor'> <InPorts = 2> <OutPorts = 1>
ST_1 : Operation 204 [1/1] (0.00ns)   --->   "%zext_ln840_99 = zext i1 %xor_ln840_37"   --->   Operation 204 'zext' 'zext_ln840_99' <Predicate = true> <Delay = 0.00>
ST_1 : Operation 205 [1/1] (0.00ns)   --->   "%tmp_60 = bitselect i1 @_ssdm_op_BitSelect.i1.i88.i32, i88 %in0_V_read, i32 61"   --->   Operation 205 'bitselect' 'tmp_60' <Predicate = true> <Delay = 0.00>
ST_1 : Operation 206 [1/1] (0.00ns)   --->   "%zext_ln840_100 = zext i1 %tmp_60"   --->   Operation 206 'zext' 'zext_ln840_100' <Predicate = true> <Delay = 0.00>
ST_1 : Operation 207 [1/1] (0.00ns)   --->   "%tmp_61 = bitselect i1 @_ssdm_op_BitSelect.i1.i88.i32, i88 %in0_V_read, i32 62"   --->   Operation 207 'bitselect' 'tmp_61' <Predicate = true> <Delay = 0.00>
ST_1 : Operation 208 [1/1] (0.00ns)   --->   "%zext_ln840_101 = zext i1 %tmp_61"   --->   Operation 208 'zext' 'zext_ln840_101' <Predicate = true> <Delay = 0.00>
ST_1 : Operation 209 [1/1] (0.00ns)   --->   "%tmp_62 = bitselect i1 @_ssdm_op_BitSelect.i1.i88.i32, i88 %in0_V_read, i32 63"   --->   Operation 209 'bitselect' 'tmp_62' <Predicate = true> <Delay = 0.00>
ST_1 : Operation 210 [1/1] (0.00ns)   --->   "%zext_ln840_102 = zext i1 %tmp_62"   --->   Operation 210 'zext' 'zext_ln840_102' <Predicate = true> <Delay = 0.00>
ST_1 : Operation 211 [1/1] (0.00ns)   --->   "%tmp_63 = bitselect i1 @_ssdm_op_BitSelect.i1.i88.i32, i88 %in0_V_read, i32 64"   --->   Operation 211 'bitselect' 'tmp_63' <Predicate = true> <Delay = 0.00>
ST_1 : Operation 212 [1/1] (0.00ns)   --->   "%zext_ln840_103 = zext i1 %tmp_63"   --->   Operation 212 'zext' 'zext_ln840_103' <Predicate = true> <Delay = 0.00>
ST_1 : Operation 213 [1/1] (0.28ns)   --->   "%xor_ln840_38 = xor i1 %tmp_63, i1 1"   --->   Operation 213 'xor' 'xor_ln840_38' <Predicate = true> <Delay = 0.28> <CoreInst = "LogicGate">   --->   Core 74 'LogicGate' <Latency = 0> <II = 1> <Delay = 0.28> <FuncUnit> <Opcode : 'and' 'or' 'xor'> <InPorts = 2> <OutPorts = 1>
ST_1 : Operation 214 [1/1] (0.00ns)   --->   "%zext_ln840_104 = zext i1 %xor_ln840_38"   --->   Operation 214 'zext' 'zext_ln840_104' <Predicate = true> <Delay = 0.00>
ST_1 : Operation 215 [1/1] (0.00ns)   --->   "%tmp_64 = bitselect i1 @_ssdm_op_BitSelect.i1.i88.i32, i88 %in0_V_read, i32 65"   --->   Operation 215 'bitselect' 'tmp_64' <Predicate = true> <Delay = 0.00>
ST_1 : Operation 216 [1/1] (0.00ns)   --->   "%zext_ln840_105 = zext i1 %tmp_64"   --->   Operation 216 'zext' 'zext_ln840_105' <Predicate = true> <Delay = 0.00>
ST_1 : Operation 217 [1/1] (0.00ns)   --->   "%tmp_65 = bitselect i1 @_ssdm_op_BitSelect.i1.i88.i32, i88 %in0_V_read, i32 66"   --->   Operation 217 'bitselect' 'tmp_65' <Predicate = true> <Delay = 0.00>
ST_1 : Operation 218 [1/1] (0.00ns)   --->   "%zext_ln840_106 = zext i1 %tmp_65"   --->   Operation 218 'zext' 'zext_ln840_106' <Predicate = true> <Delay = 0.00>
ST_1 : Operation 219 [1/1] (0.28ns)   --->   "%xor_ln840_39 = xor i1 %tmp_65, i1 1"   --->   Operation 219 'xor' 'xor_ln840_39' <Predicate = true> <Delay = 0.28> <CoreInst = "LogicGate">   --->   Core 74 'LogicGate' <Latency = 0> <II = 1> <Delay = 0.28> <FuncUnit> <Opcode : 'and' 'or' 'xor'> <InPorts = 2> <OutPorts = 1>
ST_1 : Operation 220 [1/1] (0.00ns)   --->   "%zext_ln840_107 = zext i1 %xor_ln840_39"   --->   Operation 220 'zext' 'zext_ln840_107' <Predicate = true> <Delay = 0.00>
ST_1 : Operation 221 [1/1] (0.00ns)   --->   "%tmp_66 = bitselect i1 @_ssdm_op_BitSelect.i1.i88.i32, i88 %in0_V_read, i32 67"   --->   Operation 221 'bitselect' 'tmp_66' <Predicate = true> <Delay = 0.00>
ST_1 : Operation 222 [1/1] (0.00ns)   --->   "%zext_ln840_108 = zext i1 %tmp_66"   --->   Operation 222 'zext' 'zext_ln840_108' <Predicate = true> <Delay = 0.00>
ST_1 : Operation 223 [1/1] (0.28ns)   --->   "%xor_ln840_40 = xor i1 %tmp_66, i1 1"   --->   Operation 223 'xor' 'xor_ln840_40' <Predicate = true> <Delay = 0.28> <CoreInst = "LogicGate">   --->   Core 74 'LogicGate' <Latency = 0> <II = 1> <Delay = 0.28> <FuncUnit> <Opcode : 'and' 'or' 'xor'> <InPorts = 2> <OutPorts = 1>
ST_1 : Operation 224 [1/1] (0.00ns)   --->   "%zext_ln840_109 = zext i1 %xor_ln840_40"   --->   Operation 224 'zext' 'zext_ln840_109' <Predicate = true> <Delay = 0.00>
ST_1 : Operation 225 [1/1] (0.00ns)   --->   "%tmp_67 = bitselect i1 @_ssdm_op_BitSelect.i1.i88.i32, i88 %in0_V_read, i32 68"   --->   Operation 225 'bitselect' 'tmp_67' <Predicate = true> <Delay = 0.00>
ST_1 : Operation 226 [1/1] (0.00ns)   --->   "%zext_ln840_110 = zext i1 %tmp_67"   --->   Operation 226 'zext' 'zext_ln840_110' <Predicate = true> <Delay = 0.00>
ST_1 : Operation 227 [1/1] (0.28ns)   --->   "%xor_ln840_41 = xor i1 %tmp_67, i1 1"   --->   Operation 227 'xor' 'xor_ln840_41' <Predicate = true> <Delay = 0.28> <CoreInst = "LogicGate">   --->   Core 74 'LogicGate' <Latency = 0> <II = 1> <Delay = 0.28> <FuncUnit> <Opcode : 'and' 'or' 'xor'> <InPorts = 2> <OutPorts = 1>
ST_1 : Operation 228 [1/1] (0.00ns)   --->   "%zext_ln840_111 = zext i1 %xor_ln840_41"   --->   Operation 228 'zext' 'zext_ln840_111' <Predicate = true> <Delay = 0.00>
ST_1 : Operation 229 [1/1] (0.00ns)   --->   "%tmp_68 = bitselect i1 @_ssdm_op_BitSelect.i1.i88.i32, i88 %in0_V_read, i32 69"   --->   Operation 229 'bitselect' 'tmp_68' <Predicate = true> <Delay = 0.00>
ST_1 : Operation 230 [1/1] (0.00ns)   --->   "%zext_ln840_112 = zext i1 %tmp_68"   --->   Operation 230 'zext' 'zext_ln840_112' <Predicate = true> <Delay = 0.00>
ST_1 : Operation 231 [1/1] (0.00ns)   --->   "%tmp_69 = bitselect i1 @_ssdm_op_BitSelect.i1.i88.i32, i88 %in0_V_read, i32 70"   --->   Operation 231 'bitselect' 'tmp_69' <Predicate = true> <Delay = 0.00>
ST_1 : Operation 232 [1/1] (0.00ns)   --->   "%zext_ln840_113 = zext i1 %tmp_69"   --->   Operation 232 'zext' 'zext_ln840_113' <Predicate = true> <Delay = 0.00>
ST_1 : Operation 233 [1/1] (0.28ns)   --->   "%xor_ln840_42 = xor i1 %tmp_69, i1 1"   --->   Operation 233 'xor' 'xor_ln840_42' <Predicate = true> <Delay = 0.28> <CoreInst = "LogicGate">   --->   Core 74 'LogicGate' <Latency = 0> <II = 1> <Delay = 0.28> <FuncUnit> <Opcode : 'and' 'or' 'xor'> <InPorts = 2> <OutPorts = 1>
ST_1 : Operation 234 [1/1] (0.00ns)   --->   "%zext_ln840_114 = zext i1 %xor_ln840_42"   --->   Operation 234 'zext' 'zext_ln840_114' <Predicate = true> <Delay = 0.00>
ST_1 : Operation 235 [1/1] (0.00ns)   --->   "%tmp_70 = bitselect i1 @_ssdm_op_BitSelect.i1.i88.i32, i88 %in0_V_read, i32 71"   --->   Operation 235 'bitselect' 'tmp_70' <Predicate = true> <Delay = 0.00>
ST_1 : Operation 236 [1/1] (0.00ns)   --->   "%zext_ln840_115 = zext i1 %tmp_70"   --->   Operation 236 'zext' 'zext_ln840_115' <Predicate = true> <Delay = 0.00>
ST_1 : Operation 237 [1/1] (0.00ns)   --->   "%tmp_71 = bitselect i1 @_ssdm_op_BitSelect.i1.i88.i32, i88 %in0_V_read, i32 72"   --->   Operation 237 'bitselect' 'tmp_71' <Predicate = true> <Delay = 0.00>
ST_1 : Operation 238 [1/1] (0.00ns)   --->   "%zext_ln840_116 = zext i1 %tmp_71"   --->   Operation 238 'zext' 'zext_ln840_116' <Predicate = true> <Delay = 0.00>
ST_1 : Operation 239 [1/1] (0.28ns)   --->   "%xor_ln840_43 = xor i1 %tmp_71, i1 1"   --->   Operation 239 'xor' 'xor_ln840_43' <Predicate = true> <Delay = 0.28> <CoreInst = "LogicGate">   --->   Core 74 'LogicGate' <Latency = 0> <II = 1> <Delay = 0.28> <FuncUnit> <Opcode : 'and' 'or' 'xor'> <InPorts = 2> <OutPorts = 1>
ST_1 : Operation 240 [1/1] (0.00ns)   --->   "%zext_ln840_117 = zext i1 %xor_ln840_43"   --->   Operation 240 'zext' 'zext_ln840_117' <Predicate = true> <Delay = 0.00>
ST_1 : Operation 241 [1/1] (0.00ns)   --->   "%tmp_72 = bitselect i1 @_ssdm_op_BitSelect.i1.i88.i32, i88 %in0_V_read, i32 73"   --->   Operation 241 'bitselect' 'tmp_72' <Predicate = true> <Delay = 0.00>
ST_1 : Operation 242 [1/1] (0.00ns)   --->   "%zext_ln840_118 = zext i1 %tmp_72"   --->   Operation 242 'zext' 'zext_ln840_118' <Predicate = true> <Delay = 0.00>
ST_1 : Operation 243 [1/1] (0.00ns)   --->   "%tmp_73 = bitselect i1 @_ssdm_op_BitSelect.i1.i88.i32, i88 %in0_V_read, i32 74"   --->   Operation 243 'bitselect' 'tmp_73' <Predicate = true> <Delay = 0.00>
ST_1 : Operation 244 [1/1] (0.00ns)   --->   "%zext_ln840_119 = zext i1 %tmp_73"   --->   Operation 244 'zext' 'zext_ln840_119' <Predicate = true> <Delay = 0.00>
ST_1 : Operation 245 [1/1] (0.28ns)   --->   "%xor_ln840_44 = xor i1 %tmp_73, i1 1"   --->   Operation 245 'xor' 'xor_ln840_44' <Predicate = true> <Delay = 0.28> <CoreInst = "LogicGate">   --->   Core 74 'LogicGate' <Latency = 0> <II = 1> <Delay = 0.28> <FuncUnit> <Opcode : 'and' 'or' 'xor'> <InPorts = 2> <OutPorts = 1>
ST_1 : Operation 246 [1/1] (0.00ns)   --->   "%zext_ln840_120 = zext i1 %xor_ln840_44"   --->   Operation 246 'zext' 'zext_ln840_120' <Predicate = true> <Delay = 0.00>
ST_1 : Operation 247 [1/1] (0.00ns)   --->   "%tmp_74 = bitselect i1 @_ssdm_op_BitSelect.i1.i88.i32, i88 %in0_V_read, i32 75"   --->   Operation 247 'bitselect' 'tmp_74' <Predicate = true> <Delay = 0.00>
ST_1 : Operation 248 [1/1] (0.00ns)   --->   "%zext_ln840_121 = zext i1 %tmp_74"   --->   Operation 248 'zext' 'zext_ln840_121' <Predicate = true> <Delay = 0.00>
ST_1 : Operation 249 [1/1] (0.00ns)   --->   "%tmp_75 = bitselect i1 @_ssdm_op_BitSelect.i1.i88.i32, i88 %in0_V_read, i32 76"   --->   Operation 249 'bitselect' 'tmp_75' <Predicate = true> <Delay = 0.00>
ST_1 : Operation 250 [1/1] (0.00ns)   --->   "%zext_ln840_122 = zext i1 %tmp_75"   --->   Operation 250 'zext' 'zext_ln840_122' <Predicate = true> <Delay = 0.00>
ST_1 : Operation 251 [1/1] (0.00ns)   --->   "%zext_ln840_123 = zext i1 %tmp_75"   --->   Operation 251 'zext' 'zext_ln840_123' <Predicate = true> <Delay = 0.00>
ST_1 : Operation 252 [1/1] (0.00ns)   --->   "%tmp_76 = bitselect i1 @_ssdm_op_BitSelect.i1.i88.i32, i88 %in0_V_read, i32 77"   --->   Operation 252 'bitselect' 'tmp_76' <Predicate = true> <Delay = 0.00>
ST_1 : Operation 253 [1/1] (0.00ns)   --->   "%zext_ln840_124 = zext i1 %tmp_76"   --->   Operation 253 'zext' 'zext_ln840_124' <Predicate = true> <Delay = 0.00>
ST_1 : Operation 254 [1/1] (0.00ns)   --->   "%zext_ln840_125 = zext i1 %tmp_76"   --->   Operation 254 'zext' 'zext_ln840_125' <Predicate = true> <Delay = 0.00>
ST_1 : Operation 255 [1/1] (0.00ns)   --->   "%tmp_77 = bitselect i1 @_ssdm_op_BitSelect.i1.i88.i32, i88 %in0_V_read, i32 78"   --->   Operation 255 'bitselect' 'tmp_77' <Predicate = true> <Delay = 0.00>
ST_1 : Operation 256 [1/1] (0.00ns)   --->   "%zext_ln840_126 = zext i1 %tmp_77"   --->   Operation 256 'zext' 'zext_ln840_126' <Predicate = true> <Delay = 0.00>
ST_1 : Operation 257 [1/1] (0.28ns)   --->   "%xor_ln840_45 = xor i1 %tmp_77, i1 1"   --->   Operation 257 'xor' 'xor_ln840_45' <Predicate = true> <Delay = 0.28> <CoreInst = "LogicGate">   --->   Core 74 'LogicGate' <Latency = 0> <II = 1> <Delay = 0.28> <FuncUnit> <Opcode : 'and' 'or' 'xor'> <InPorts = 2> <OutPorts = 1>
ST_1 : Operation 258 [1/1] (0.00ns)   --->   "%zext_ln840_127 = zext i1 %xor_ln840_45"   --->   Operation 258 'zext' 'zext_ln840_127' <Predicate = true> <Delay = 0.00>
ST_1 : Operation 259 [1/1] (0.00ns)   --->   "%tmp_78 = bitselect i1 @_ssdm_op_BitSelect.i1.i88.i32, i88 %in0_V_read, i32 79"   --->   Operation 259 'bitselect' 'tmp_78' <Predicate = true> <Delay = 0.00>
ST_1 : Operation 260 [1/1] (0.00ns)   --->   "%zext_ln840_128 = zext i1 %tmp_78"   --->   Operation 260 'zext' 'zext_ln840_128' <Predicate = true> <Delay = 0.00>
ST_1 : Operation 261 [1/1] (0.28ns)   --->   "%xor_ln840_46 = xor i1 %tmp_78, i1 1"   --->   Operation 261 'xor' 'xor_ln840_46' <Predicate = true> <Delay = 0.28> <CoreInst = "LogicGate">   --->   Core 74 'LogicGate' <Latency = 0> <II = 1> <Delay = 0.28> <FuncUnit> <Opcode : 'and' 'or' 'xor'> <InPorts = 2> <OutPorts = 1>
ST_1 : Operation 262 [1/1] (0.00ns)   --->   "%zext_ln840_129 = zext i1 %xor_ln840_46"   --->   Operation 262 'zext' 'zext_ln840_129' <Predicate = true> <Delay = 0.00>
ST_1 : Operation 263 [1/1] (0.00ns)   --->   "%tmp_79 = bitselect i1 @_ssdm_op_BitSelect.i1.i88.i32, i88 %in0_V_read, i32 80"   --->   Operation 263 'bitselect' 'tmp_79' <Predicate = true> <Delay = 0.00>
ST_1 : Operation 264 [1/1] (0.00ns)   --->   "%zext_ln840_130 = zext i1 %tmp_79"   --->   Operation 264 'zext' 'zext_ln840_130' <Predicate = true> <Delay = 0.00>
ST_1 : Operation 265 [1/1] (0.28ns)   --->   "%xor_ln840_47 = xor i1 %tmp_79, i1 1"   --->   Operation 265 'xor' 'xor_ln840_47' <Predicate = true> <Delay = 0.28> <CoreInst = "LogicGate">   --->   Core 74 'LogicGate' <Latency = 0> <II = 1> <Delay = 0.28> <FuncUnit> <Opcode : 'and' 'or' 'xor'> <InPorts = 2> <OutPorts = 1>
ST_1 : Operation 266 [1/1] (0.00ns)   --->   "%zext_ln840_131 = zext i1 %xor_ln840_47"   --->   Operation 266 'zext' 'zext_ln840_131' <Predicate = true> <Delay = 0.00>
ST_1 : Operation 267 [1/1] (0.00ns)   --->   "%zext_ln840_132 = zext i1 %xor_ln840_47"   --->   Operation 267 'zext' 'zext_ln840_132' <Predicate = true> <Delay = 0.00>
ST_1 : Operation 268 [1/1] (0.00ns)   --->   "%zext_ln840_133 = zext i1 %xor_ln840_47"   --->   Operation 268 'zext' 'zext_ln840_133' <Predicate = true> <Delay = 0.00>
ST_1 : Operation 269 [1/1] (0.00ns)   --->   "%tmp_80 = bitselect i1 @_ssdm_op_BitSelect.i1.i88.i32, i88 %in0_V_read, i32 81"   --->   Operation 269 'bitselect' 'tmp_80' <Predicate = true> <Delay = 0.00>
ST_1 : Operation 270 [1/1] (0.00ns)   --->   "%zext_ln840_134 = zext i1 %tmp_80"   --->   Operation 270 'zext' 'zext_ln840_134' <Predicate = true> <Delay = 0.00>
ST_1 : Operation 271 [1/1] (0.00ns)   --->   "%tmp_81 = bitselect i1 @_ssdm_op_BitSelect.i1.i88.i32, i88 %in0_V_read, i32 82"   --->   Operation 271 'bitselect' 'tmp_81' <Predicate = true> <Delay = 0.00>
ST_1 : Operation 272 [1/1] (0.00ns)   --->   "%zext_ln840_135 = zext i1 %tmp_81"   --->   Operation 272 'zext' 'zext_ln840_135' <Predicate = true> <Delay = 0.00>
ST_1 : Operation 273 [1/1] (0.00ns)   --->   "%zext_ln840_136 = zext i1 %tmp_81"   --->   Operation 273 'zext' 'zext_ln840_136' <Predicate = true> <Delay = 0.00>
ST_1 : Operation 274 [1/1] (0.28ns)   --->   "%xor_ln840_48 = xor i1 %tmp_81, i1 1"   --->   Operation 274 'xor' 'xor_ln840_48' <Predicate = true> <Delay = 0.28> <CoreInst = "LogicGate">   --->   Core 74 'LogicGate' <Latency = 0> <II = 1> <Delay = 0.28> <FuncUnit> <Opcode : 'and' 'or' 'xor'> <InPorts = 2> <OutPorts = 1>
ST_1 : Operation 275 [1/1] (0.00ns)   --->   "%zext_ln840_137 = zext i1 %xor_ln840_48"   --->   Operation 275 'zext' 'zext_ln840_137' <Predicate = true> <Delay = 0.00>
ST_1 : Operation 276 [1/1] (0.00ns)   --->   "%zext_ln840_138 = zext i1 %xor_ln840_48"   --->   Operation 276 'zext' 'zext_ln840_138' <Predicate = true> <Delay = 0.00>
ST_1 : Operation 277 [1/1] (0.00ns)   --->   "%tmp_82 = bitselect i1 @_ssdm_op_BitSelect.i1.i88.i32, i88 %in0_V_read, i32 83"   --->   Operation 277 'bitselect' 'tmp_82' <Predicate = true> <Delay = 0.00>
ST_1 : Operation 278 [1/1] (0.00ns)   --->   "%zext_ln840_139 = zext i1 %tmp_82"   --->   Operation 278 'zext' 'zext_ln840_139' <Predicate = true> <Delay = 0.00>
ST_1 : Operation 279 [1/1] (0.54ns)   --->   "%add_ln840_2 = add i2 %zext_ln840_13, i2 %zext_ln840_139"   --->   Operation 279 'add' 'add_ln840_2' <Predicate = true> <Delay = 0.54> <CoreInst = "Adder">   --->   Core 1 'Adder' <Latency = 0> <II = 1> <Delay = 0.54> <FuncUnit> <Opcode : 'add' 'sub'> <InPorts = 2> <OutPorts = 1>
ST_1 : Operation 280 [1/1] (0.54ns)   --->   "%add_ln840_3 = add i2 %add_ln840_2, i2 %zext_ln840_134"   --->   Operation 280 'add' 'add_ln840_3' <Predicate = true> <Delay = 0.54> <CoreInst = "Adder">   --->   Core 1 'Adder' <Latency = 0> <II = 1> <Delay = 0.54> <FuncUnit> <Opcode : 'add' 'sub'> <InPorts = 2> <OutPorts = 1>
ST_1 : Operation 281 [1/1] (0.00ns)   --->   "%zext_ln840_140 = zext i2 %add_ln840_3"   --->   Operation 281 'zext' 'zext_ln840_140' <Predicate = true> <Delay = 0.00>
ST_1 : Operation 282 [1/1] (0.54ns)   --->   "%add_ln840_4 = add i2 %zext_ln840_7, i2 %zext_ln840_5"   --->   Operation 282 'add' 'add_ln840_4' <Predicate = true> <Delay = 0.54> <CoreInst = "Adder">   --->   Core 1 'Adder' <Latency = 0> <II = 1> <Delay = 0.54> <FuncUnit> <Opcode : 'add' 'sub'> <InPorts = 2> <OutPorts = 1>
ST_1 : Operation 283 [1/1] (0.00ns)   --->   "%zext_ln840_141 = zext i2 %add_ln840_4"   --->   Operation 283 'zext' 'zext_ln840_141' <Predicate = true> <Delay = 0.00>
ST_1 : Operation 284 [1/1] (0.54ns)   --->   "%add_ln840_5 = add i2 %zext_ln840_11, i2 %zext_ln840_14"   --->   Operation 284 'add' 'add_ln840_5' <Predicate = true> <Delay = 0.54> <CoreInst = "Adder">   --->   Core 1 'Adder' <Latency = 0> <II = 1> <Delay = 0.54> <FuncUnit> <Opcode : 'add' 'sub'> <InPorts = 2> <OutPorts = 1>
ST_1 : Operation 285 [1/1] (0.54ns)   --->   "%add_ln840_6 = add i2 %add_ln840_5, i2 %zext_ln840_9"   --->   Operation 285 'add' 'add_ln840_6' <Predicate = true> <Delay = 0.54> <CoreInst = "Adder">   --->   Core 1 'Adder' <Latency = 0> <II = 1> <Delay = 0.54> <FuncUnit> <Opcode : 'add' 'sub'> <InPorts = 2> <OutPorts = 1>
ST_1 : Operation 286 [1/1] (0.00ns)   --->   "%zext_ln840_142 = zext i2 %add_ln840_6"   --->   Operation 286 'zext' 'zext_ln840_142' <Predicate = true> <Delay = 0.00>
ST_1 : Operation 287 [1/1] (0.54ns)   --->   "%add_ln840_7 = add i3 %zext_ln840_142, i3 %zext_ln840_141"   --->   Operation 287 'add' 'add_ln840_7' <Predicate = true> <Delay = 0.54> <CoreInst = "Adder">   --->   Core 1 'Adder' <Latency = 0> <II = 1> <Delay = 0.54> <FuncUnit> <Opcode : 'add' 'sub'> <InPorts = 2> <OutPorts = 1>
ST_1 : Operation 288 [1/1] (0.00ns)   --->   "%zext_ln840_143 = zext i3 %add_ln840_7"   --->   Operation 288 'zext' 'zext_ln840_143' <Predicate = true> <Delay = 0.00>
ST_1 : Operation 289 [1/1] (0.54ns)   --->   "%add_ln840_8 = add i2 %zext_ln840_19, i2 %zext_ln840_30"   --->   Operation 289 'add' 'add_ln840_8' <Predicate = true> <Delay = 0.54> <CoreInst = "Adder">   --->   Core 1 'Adder' <Latency = 0> <II = 1> <Delay = 0.54> <FuncUnit> <Opcode : 'add' 'sub'> <InPorts = 2> <OutPorts = 1>
ST_1 : Operation 290 [1/1] (0.00ns)   --->   "%zext_ln840_144 = zext i2 %add_ln840_8"   --->   Operation 290 'zext' 'zext_ln840_144' <Predicate = true> <Delay = 0.00>
ST_1 : Operation 291 [1/1] (0.00ns) (grouped into TernaryAdder)   --->   "%add_ln840_9 = add i2 %zext_ln840_34, i2 %zext_ln840_35"   --->   Operation 291 'add' 'add_ln840_9' <Predicate = true> <Delay = 0.00> <CoreInst = "TAddSub">   --->   Core 10 'TAddSub' <Latency = 0> <II = 1> <Delay = 0.23> <IPBlock> <Opcode : 'add' 'sub'> <InPorts = 3> <OutPorts = 1> <Sync> <CReg>
ST_1 : Operation 292 [1/1] (0.14ns) (root node of TernaryAdder)   --->   "%add_ln840_10 = add i2 %add_ln840_9, i2 %zext_ln840_31"   --->   Operation 292 'add' 'add_ln840_10' <Predicate = true> <Delay = 0.14> <CoreInst = "TAddSub">   --->   Core 10 'TAddSub' <Latency = 0> <II = 1> <Delay = 0.23> <IPBlock> <Opcode : 'add' 'sub'> <InPorts = 3> <OutPorts = 1> <Sync> <CReg>
ST_1 : Operation 293 [1/1] (0.00ns)   --->   "%zext_ln840_145 = zext i2 %add_ln840_10"   --->   Operation 293 'zext' 'zext_ln840_145' <Predicate = true> <Delay = 0.00>
ST_1 : Operation 294 [1/1] (0.54ns)   --->   "%add_ln840_11 = add i3 %zext_ln840_145, i3 %zext_ln840_144"   --->   Operation 294 'add' 'add_ln840_11' <Predicate = true> <Delay = 0.54> <CoreInst = "Adder">   --->   Core 1 'Adder' <Latency = 0> <II = 1> <Delay = 0.54> <FuncUnit> <Opcode : 'add' 'sub'> <InPorts = 2> <OutPorts = 1>
ST_1 : Operation 295 [1/1] (0.00ns)   --->   "%zext_ln840_146 = zext i3 %add_ln840_11"   --->   Operation 295 'zext' 'zext_ln840_146' <Predicate = true> <Delay = 0.00>
ST_1 : Operation 296 [1/1] (0.67ns)   --->   "%add_ln840_12 = add i4 %zext_ln840_146, i4 %zext_ln840_143"   --->   Operation 296 'add' 'add_ln840_12' <Predicate = true> <Delay = 0.67> <CoreInst = "Adder">   --->   Core 1 'Adder' <Latency = 0> <II = 1> <Delay = 0.67> <FuncUnit> <Opcode : 'add' 'sub'> <InPorts = 2> <OutPorts = 1>
ST_1 : Operation 297 [1/1] (0.00ns)   --->   "%zext_ln840_147 = zext i4 %add_ln840_12"   --->   Operation 297 'zext' 'zext_ln840_147' <Predicate = true> <Delay = 0.00>
ST_1 : Operation 298 [1/1] (0.54ns)   --->   "%add_ln840_13 = add i2 %zext_ln840_38, i2 %zext_ln840_41"   --->   Operation 298 'add' 'add_ln840_13' <Predicate = true> <Delay = 0.54> <CoreInst = "Adder">   --->   Core 1 'Adder' <Latency = 0> <II = 1> <Delay = 0.54> <FuncUnit> <Opcode : 'add' 'sub'> <InPorts = 2> <OutPorts = 1>
ST_1 : Operation 299 [1/1] (0.00ns)   --->   "%zext_ln840_148 = zext i2 %add_ln840_13"   --->   Operation 299 'zext' 'zext_ln840_148' <Predicate = true> <Delay = 0.00>
ST_1 : Operation 300 [1/1] (0.00ns) (grouped into TernaryAdder)   --->   "%add_ln840_14 = add i2 %zext_ln840_47, i2 %zext_ln840_50"   --->   Operation 300 'add' 'add_ln840_14' <Predicate = true> <Delay = 0.00> <CoreInst = "TAddSub">   --->   Core 10 'TAddSub' <Latency = 0> <II = 1> <Delay = 0.23> <IPBlock> <Opcode : 'add' 'sub'> <InPorts = 3> <OutPorts = 1> <Sync> <CReg>
ST_1 : Operation 301 [1/1] (0.14ns) (root node of TernaryAdder)   --->   "%add_ln840_15 = add i2 %add_ln840_14, i2 %zext_ln840_42"   --->   Operation 301 'add' 'add_ln840_15' <Predicate = true> <Delay = 0.14> <CoreInst = "TAddSub">   --->   Core 10 'TAddSub' <Latency = 0> <II = 1> <Delay = 0.23> <IPBlock> <Opcode : 'add' 'sub'> <InPorts = 3> <OutPorts = 1> <Sync> <CReg>
ST_1 : Operation 302 [1/1] (0.00ns)   --->   "%zext_ln840_149 = zext i2 %add_ln840_15"   --->   Operation 302 'zext' 'zext_ln840_149' <Predicate = true> <Delay = 0.00>
ST_1 : Operation 303 [1/1] (0.54ns)   --->   "%add_ln840_16 = add i3 %zext_ln840_149, i3 %zext_ln840_148"   --->   Operation 303 'add' 'add_ln840_16' <Predicate = true> <Delay = 0.54> <CoreInst = "Adder">   --->   Core 1 'Adder' <Latency = 0> <II = 1> <Delay = 0.54> <FuncUnit> <Opcode : 'add' 'sub'> <InPorts = 2> <OutPorts = 1>
ST_1 : Operation 304 [1/1] (0.00ns)   --->   "%zext_ln840_150 = zext i3 %add_ln840_16"   --->   Operation 304 'zext' 'zext_ln840_150' <Predicate = true> <Delay = 0.00>
ST_1 : Operation 305 [1/1] (0.54ns)   --->   "%add_ln840_17 = add i2 %zext_ln840_51, i2 %zext_ln840_52"   --->   Operation 305 'add' 'add_ln840_17' <Predicate = true> <Delay = 0.54> <CoreInst = "Adder">   --->   Core 1 'Adder' <Latency = 0> <II = 1> <Delay = 0.54> <FuncUnit> <Opcode : 'add' 'sub'> <InPorts = 2> <OutPorts = 1>
ST_1 : Operation 306 [1/1] (0.00ns)   --->   "%zext_ln840_151 = zext i2 %add_ln840_17"   --->   Operation 306 'zext' 'zext_ln840_151' <Predicate = true> <Delay = 0.00>
ST_1 : Operation 307 [1/1] (0.00ns) (grouped into TernaryAdder)   --->   "%add_ln840_18 = add i2 %zext_ln840_66, i2 %zext_ln840_69"   --->   Operation 307 'add' 'add_ln840_18' <Predicate = true> <Delay = 0.00> <CoreInst = "TAddSub">   --->   Core 10 'TAddSub' <Latency = 0> <II = 1> <Delay = 0.23> <IPBlock> <Opcode : 'add' 'sub'> <InPorts = 3> <OutPorts = 1> <Sync> <CReg>
ST_1 : Operation 308 [1/1] (0.14ns) (root node of TernaryAdder)   --->   "%add_ln840_19 = add i2 %add_ln840_18, i2 %zext_ln840_59"   --->   Operation 308 'add' 'add_ln840_19' <Predicate = true> <Delay = 0.14> <CoreInst = "TAddSub">   --->   Core 10 'TAddSub' <Latency = 0> <II = 1> <Delay = 0.23> <IPBlock> <Opcode : 'add' 'sub'> <InPorts = 3> <OutPorts = 1> <Sync> <CReg>
ST_1 : Operation 309 [1/1] (0.00ns)   --->   "%zext_ln840_152 = zext i2 %add_ln840_19"   --->   Operation 309 'zext' 'zext_ln840_152' <Predicate = true> <Delay = 0.00>
ST_1 : Operation 310 [1/1] (0.54ns)   --->   "%add_ln840_20 = add i3 %zext_ln840_152, i3 %zext_ln840_151"   --->   Operation 310 'add' 'add_ln840_20' <Predicate = true> <Delay = 0.54> <CoreInst = "Adder">   --->   Core 1 'Adder' <Latency = 0> <II = 1> <Delay = 0.54> <FuncUnit> <Opcode : 'add' 'sub'> <InPorts = 2> <OutPorts = 1>
ST_1 : Operation 311 [1/1] (0.00ns)   --->   "%zext_ln840_153 = zext i3 %add_ln840_20"   --->   Operation 311 'zext' 'zext_ln840_153' <Predicate = true> <Delay = 0.00>
ST_1 : Operation 312 [1/1] (0.67ns)   --->   "%add_ln840_21 = add i4 %zext_ln840_153, i4 %zext_ln840_150"   --->   Operation 312 'add' 'add_ln840_21' <Predicate = true> <Delay = 0.67> <CoreInst = "Adder">   --->   Core 1 'Adder' <Latency = 0> <II = 1> <Delay = 0.67> <FuncUnit> <Opcode : 'add' 'sub'> <InPorts = 2> <OutPorts = 1>
ST_1 : Operation 313 [1/1] (0.00ns)   --->   "%zext_ln840_154 = zext i4 %add_ln840_21"   --->   Operation 313 'zext' 'zext_ln840_154' <Predicate = true> <Delay = 0.00>
ST_1 : Operation 314 [1/1] (0.79ns)   --->   "%add_ln840_22 = add i5 %zext_ln840_154, i5 %zext_ln840_147"   --->   Operation 314 'add' 'add_ln840_22' <Predicate = true> <Delay = 0.79> <CoreInst = "Adder">   --->   Core 1 'Adder' <Latency = 0> <II = 1> <Delay = 0.79> <FuncUnit> <Opcode : 'add' 'sub'> <InPorts = 2> <OutPorts = 1>
ST_1 : Operation 315 [1/1] (0.00ns)   --->   "%zext_ln840_155 = zext i5 %add_ln840_22"   --->   Operation 315 'zext' 'zext_ln840_155' <Predicate = true> <Delay = 0.00>
ST_1 : Operation 316 [1/1] (0.54ns)   --->   "%add_ln840_23 = add i2 %zext_ln840_70, i2 %zext_ln840_83"   --->   Operation 316 'add' 'add_ln840_23' <Predicate = true> <Delay = 0.54> <CoreInst = "Adder">   --->   Core 1 'Adder' <Latency = 0> <II = 1> <Delay = 0.54> <FuncUnit> <Opcode : 'add' 'sub'> <InPorts = 2> <OutPorts = 1>
ST_1 : Operation 317 [1/1] (0.00ns)   --->   "%zext_ln840_156 = zext i2 %add_ln840_23"   --->   Operation 317 'zext' 'zext_ln840_156' <Predicate = true> <Delay = 0.00>
ST_1 : Operation 318 [1/1] (0.00ns) (grouped into TernaryAdder)   --->   "%add_ln840_24 = add i2 %zext_ln840_87, i2 %zext_ln840_100"   --->   Operation 318 'add' 'add_ln840_24' <Predicate = true> <Delay = 0.00> <CoreInst = "TAddSub">   --->   Core 10 'TAddSub' <Latency = 0> <II = 1> <Delay = 0.23> <IPBlock> <Opcode : 'add' 'sub'> <InPorts = 3> <OutPorts = 1> <Sync> <CReg>
ST_1 : Operation 319 [1/1] (0.14ns) (root node of TernaryAdder)   --->   "%add_ln840_25 = add i2 %add_ln840_24, i2 %zext_ln840_86"   --->   Operation 319 'add' 'add_ln840_25' <Predicate = true> <Delay = 0.14> <CoreInst = "TAddSub">   --->   Core 10 'TAddSub' <Latency = 0> <II = 1> <Delay = 0.23> <IPBlock> <Opcode : 'add' 'sub'> <InPorts = 3> <OutPorts = 1> <Sync> <CReg>
ST_1 : Operation 320 [1/1] (0.00ns)   --->   "%zext_ln840_157 = zext i2 %add_ln840_25"   --->   Operation 320 'zext' 'zext_ln840_157' <Predicate = true> <Delay = 0.00>
ST_1 : Operation 321 [1/1] (0.54ns)   --->   "%add_ln840_26 = add i3 %zext_ln840_157, i3 %zext_ln840_156"   --->   Operation 321 'add' 'add_ln840_26' <Predicate = true> <Delay = 0.54> <CoreInst = "Adder">   --->   Core 1 'Adder' <Latency = 0> <II = 1> <Delay = 0.54> <FuncUnit> <Opcode : 'add' 'sub'> <InPorts = 2> <OutPorts = 1>
ST_1 : Operation 322 [1/1] (0.00ns)   --->   "%zext_ln840_158 = zext i3 %add_ln840_26"   --->   Operation 322 'zext' 'zext_ln840_158' <Predicate = true> <Delay = 0.00>
ST_1 : Operation 323 [1/1] (0.54ns)   --->   "%add_ln840_27 = add i2 %zext_ln840_101, i2 %zext_ln840_102"   --->   Operation 323 'add' 'add_ln840_27' <Predicate = true> <Delay = 0.54> <CoreInst = "Adder">   --->   Core 1 'Adder' <Latency = 0> <II = 1> <Delay = 0.54> <FuncUnit> <Opcode : 'add' 'sub'> <InPorts = 2> <OutPorts = 1>
ST_1 : Operation 324 [1/1] (0.00ns)   --->   "%zext_ln840_159 = zext i2 %add_ln840_27"   --->   Operation 324 'zext' 'zext_ln840_159' <Predicate = true> <Delay = 0.00>
ST_1 : Operation 325 [1/1] (0.00ns) (grouped into TernaryAdder)   --->   "%add_ln840_28 = add i2 %zext_ln840_112, i2 %zext_ln840_115"   --->   Operation 325 'add' 'add_ln840_28' <Predicate = true> <Delay = 0.00> <CoreInst = "TAddSub">   --->   Core 10 'TAddSub' <Latency = 0> <II = 1> <Delay = 0.23> <IPBlock> <Opcode : 'add' 'sub'> <InPorts = 3> <OutPorts = 1> <Sync> <CReg>
ST_1 : Operation 326 [1/1] (0.14ns) (root node of TernaryAdder)   --->   "%add_ln840_29 = add i2 %add_ln840_28, i2 %zext_ln840_105"   --->   Operation 326 'add' 'add_ln840_29' <Predicate = true> <Delay = 0.14> <CoreInst = "TAddSub">   --->   Core 10 'TAddSub' <Latency = 0> <II = 1> <Delay = 0.23> <IPBlock> <Opcode : 'add' 'sub'> <InPorts = 3> <OutPorts = 1> <Sync> <CReg>
ST_1 : Operation 327 [1/1] (0.00ns)   --->   "%zext_ln840_160 = zext i2 %add_ln840_29"   --->   Operation 327 'zext' 'zext_ln840_160' <Predicate = true> <Delay = 0.00>
ST_1 : Operation 328 [1/1] (0.54ns)   --->   "%add_ln840_30 = add i3 %zext_ln840_160, i3 %zext_ln840_159"   --->   Operation 328 'add' 'add_ln840_30' <Predicate = true> <Delay = 0.54> <CoreInst = "Adder">   --->   Core 1 'Adder' <Latency = 0> <II = 1> <Delay = 0.54> <FuncUnit> <Opcode : 'add' 'sub'> <InPorts = 2> <OutPorts = 1>
ST_1 : Operation 329 [1/1] (0.00ns)   --->   "%zext_ln840_161 = zext i3 %add_ln840_30"   --->   Operation 329 'zext' 'zext_ln840_161' <Predicate = true> <Delay = 0.00>
ST_1 : Operation 330 [1/1] (0.67ns)   --->   "%add_ln840_31 = add i4 %zext_ln840_161, i4 %zext_ln840_158"   --->   Operation 330 'add' 'add_ln840_31' <Predicate = true> <Delay = 0.67> <CoreInst = "Adder">   --->   Core 1 'Adder' <Latency = 0> <II = 1> <Delay = 0.67> <FuncUnit> <Opcode : 'add' 'sub'> <InPorts = 2> <OutPorts = 1>
ST_1 : Operation 331 [1/1] (0.00ns)   --->   "%zext_ln840_162 = zext i4 %add_ln840_31"   --->   Operation 331 'zext' 'zext_ln840_162' <Predicate = true> <Delay = 0.00>
ST_1 : Operation 332 [1/1] (0.54ns)   --->   "%add_ln840_32 = add i2 %zext_ln840_118, i2 %zext_ln840_121"   --->   Operation 332 'add' 'add_ln840_32' <Predicate = true> <Delay = 0.54> <CoreInst = "Adder">   --->   Core 1 'Adder' <Latency = 0> <II = 1> <Delay = 0.54> <FuncUnit> <Opcode : 'add' 'sub'> <InPorts = 2> <OutPorts = 1>
ST_1 : Operation 333 [1/1] (0.00ns)   --->   "%zext_ln840_163 = zext i2 %add_ln840_32"   --->   Operation 333 'zext' 'zext_ln840_163' <Predicate = true> <Delay = 0.00>
ST_1 : Operation 334 [1/1] (0.54ns)   --->   "%add_ln840_33 = add i3 %zext_ln840_125, i3 %zext_ln840_4"   --->   Operation 334 'add' 'add_ln840_33' <Predicate = true> <Delay = 0.54> <CoreInst = "Adder">   --->   Core 1 'Adder' <Latency = 0> <II = 1> <Delay = 0.54> <FuncUnit> <Opcode : 'add' 'sub'> <InPorts = 2> <OutPorts = 1>
ST_1 : Operation 335 [1/1] (0.00ns) (grouped into TernaryAdder)   --->   "%add_ln840_34 = add i3 %add_ln840_33, i3 %zext_ln840_123"   --->   Operation 335 'add' 'add_ln840_34' <Predicate = true> <Delay = 0.00> <CoreInst = "TAddSub">   --->   Core 10 'TAddSub' <Latency = 0> <II = 1> <Delay = 0.23> <IPBlock> <Opcode : 'add' 'sub'> <InPorts = 3> <OutPorts = 1> <Sync> <CReg>
ST_1 : Operation 336 [1/1] (0.30ns) (root node of TernaryAdder)   --->   "%add_ln840_35 = add i3 %add_ln840_34, i3 %zext_ln840_163"   --->   Operation 336 'add' 'add_ln840_35' <Predicate = true> <Delay = 0.30> <CoreInst = "TAddSub">   --->   Core 10 'TAddSub' <Latency = 0> <II = 1> <Delay = 0.23> <IPBlock> <Opcode : 'add' 'sub'> <InPorts = 3> <OutPorts = 1> <Sync> <CReg>
ST_1 : Operation 337 [1/1] (0.00ns)   --->   "%zext_ln840_164 = zext i3 %add_ln840_35"   --->   Operation 337 'zext' 'zext_ln840_164' <Predicate = true> <Delay = 0.00>
ST_1 : Operation 338 [1/1] (0.54ns)   --->   "%add_ln840_36 = add i2 %zext_ln840_16, i2 %zext_ln840_18"   --->   Operation 338 'add' 'add_ln840_36' <Predicate = true> <Delay = 0.54> <CoreInst = "Adder">   --->   Core 1 'Adder' <Latency = 0> <II = 1> <Delay = 0.54> <FuncUnit> <Opcode : 'add' 'sub'> <InPorts = 2> <OutPorts = 1>
ST_1 : Operation 339 [1/1] (0.00ns)   --->   "%zext_ln840_165 = zext i2 %add_ln840_36"   --->   Operation 339 'zext' 'zext_ln840_165' <Predicate = true> <Delay = 0.00>
ST_1 : Operation 340 [1/1] (0.54ns)   --->   "%add_ln840_37 = add i2 %zext_ln840_23, i2 %zext_ln840_25"   --->   Operation 340 'add' 'add_ln840_37' <Predicate = true> <Delay = 0.54> <CoreInst = "Adder">   --->   Core 1 'Adder' <Latency = 0> <II = 1> <Delay = 0.54> <FuncUnit> <Opcode : 'add' 'sub'> <InPorts = 2> <OutPorts = 1>
ST_1 : Operation 341 [1/1] (0.54ns)   --->   "%add_ln840_38 = add i2 %add_ln840_37, i2 %zext_ln840_21"   --->   Operation 341 'add' 'add_ln840_38' <Predicate = true> <Delay = 0.54> <CoreInst = "Adder">   --->   Core 1 'Adder' <Latency = 0> <II = 1> <Delay = 0.54> <FuncUnit> <Opcode : 'add' 'sub'> <InPorts = 2> <OutPorts = 1>
ST_1 : Operation 342 [1/1] (0.00ns)   --->   "%zext_ln840_166 = zext i2 %add_ln840_38"   --->   Operation 342 'zext' 'zext_ln840_166' <Predicate = true> <Delay = 0.00>
ST_1 : Operation 343 [1/1] (0.54ns)   --->   "%add_ln840_39 = add i3 %zext_ln840_166, i3 %zext_ln840_165"   --->   Operation 343 'add' 'add_ln840_39' <Predicate = true> <Delay = 0.54> <CoreInst = "Adder">   --->   Core 1 'Adder' <Latency = 0> <II = 1> <Delay = 0.54> <FuncUnit> <Opcode : 'add' 'sub'> <InPorts = 2> <OutPorts = 1>
ST_1 : Operation 344 [1/1] (0.00ns)   --->   "%zext_ln840_167 = zext i3 %add_ln840_39"   --->   Operation 344 'zext' 'zext_ln840_167' <Predicate = true> <Delay = 0.00>
ST_1 : Operation 345 [1/1] (0.67ns)   --->   "%add_ln840_40 = add i4 %zext_ln840_167, i4 %zext_ln840_164"   --->   Operation 345 'add' 'add_ln840_40' <Predicate = true> <Delay = 0.67> <CoreInst = "Adder">   --->   Core 1 'Adder' <Latency = 0> <II = 1> <Delay = 0.67> <FuncUnit> <Opcode : 'add' 'sub'> <InPorts = 2> <OutPorts = 1>
ST_1 : Operation 346 [1/1] (0.00ns)   --->   "%zext_ln840_168 = zext i4 %add_ln840_40"   --->   Operation 346 'zext' 'zext_ln840_168' <Predicate = true> <Delay = 0.00>
ST_1 : Operation 347 [1/1] (0.79ns)   --->   "%add_ln840_41 = add i5 %zext_ln840_168, i5 %zext_ln840_162"   --->   Operation 347 'add' 'add_ln840_41' <Predicate = true> <Delay = 0.79> <CoreInst = "Adder">   --->   Core 1 'Adder' <Latency = 0> <II = 1> <Delay = 0.79> <FuncUnit> <Opcode : 'add' 'sub'> <InPorts = 2> <OutPorts = 1>
ST_1 : Operation 348 [1/1] (0.00ns)   --->   "%zext_ln840_169 = zext i5 %add_ln840_41"   --->   Operation 348 'zext' 'zext_ln840_169' <Predicate = true> <Delay = 0.00>
ST_1 : Operation 349 [1/1] (0.78ns)   --->   "%add_ln840_42 = add i6 %zext_ln840_169, i6 %zext_ln840_155"   --->   Operation 349 'add' 'add_ln840_42' <Predicate = true> <Delay = 0.78> <CoreInst = "Adder">   --->   Core 1 'Adder' <Latency = 0> <II = 1> <Delay = 0.78> <FuncUnit> <Opcode : 'add' 'sub'> <InPorts = 2> <OutPorts = 1>
ST_1 : Operation 350 [1/1] (0.00ns)   --->   "%zext_ln840_170 = zext i6 %add_ln840_42"   --->   Operation 350 'zext' 'zext_ln840_170' <Predicate = true> <Delay = 0.00>
ST_1 : Operation 351 [1/1] (0.54ns)   --->   "%add_ln840_43 = add i2 %zext_ln840_27, i2 %zext_ln840_29"   --->   Operation 351 'add' 'add_ln840_43' <Predicate = true> <Delay = 0.54> <CoreInst = "Adder">   --->   Core 1 'Adder' <Latency = 0> <II = 1> <Delay = 0.54> <FuncUnit> <Opcode : 'add' 'sub'> <InPorts = 2> <OutPorts = 1>
ST_1 : Operation 352 [1/1] (0.00ns)   --->   "%zext_ln840_171 = zext i2 %add_ln840_43"   --->   Operation 352 'zext' 'zext_ln840_171' <Predicate = true> <Delay = 0.00>
ST_1 : Operation 353 [1/1] (0.54ns)   --->   "%add_ln840_44 = add i2 %zext_ln840_37, i2 %zext_ln840_40"   --->   Operation 353 'add' 'add_ln840_44' <Predicate = true> <Delay = 0.54> <CoreInst = "Adder">   --->   Core 1 'Adder' <Latency = 0> <II = 1> <Delay = 0.54> <FuncUnit> <Opcode : 'add' 'sub'> <InPorts = 2> <OutPorts = 1>
ST_1 : Operation 354 [1/1] (0.54ns)   --->   "%add_ln840_45 = add i2 %add_ln840_44, i2 %zext_ln840_33"   --->   Operation 354 'add' 'add_ln840_45' <Predicate = true> <Delay = 0.54> <CoreInst = "Adder">   --->   Core 1 'Adder' <Latency = 0> <II = 1> <Delay = 0.54> <FuncUnit> <Opcode : 'add' 'sub'> <InPorts = 2> <OutPorts = 1>
ST_1 : Operation 355 [1/1] (0.00ns)   --->   "%zext_ln840_172 = zext i2 %add_ln840_45"   --->   Operation 355 'zext' 'zext_ln840_172' <Predicate = true> <Delay = 0.00>
ST_1 : Operation 356 [1/1] (0.54ns)   --->   "%add_ln840_46 = add i3 %zext_ln840_172, i3 %zext_ln840_171"   --->   Operation 356 'add' 'add_ln840_46' <Predicate = true> <Delay = 0.54> <CoreInst = "Adder">   --->   Core 1 'Adder' <Latency = 0> <II = 1> <Delay = 0.54> <FuncUnit> <Opcode : 'add' 'sub'> <InPorts = 2> <OutPorts = 1>
ST_1 : Operation 357 [1/1] (0.00ns)   --->   "%zext_ln840_173 = zext i3 %add_ln840_46"   --->   Operation 357 'zext' 'zext_ln840_173' <Predicate = true> <Delay = 0.00>
ST_1 : Operation 358 [1/1] (0.54ns)   --->   "%add_ln840_47 = add i2 %zext_ln840_44, i2 %zext_ln840_46"   --->   Operation 358 'add' 'add_ln840_47' <Predicate = true> <Delay = 0.54> <CoreInst = "Adder">   --->   Core 1 'Adder' <Latency = 0> <II = 1> <Delay = 0.54> <FuncUnit> <Opcode : 'add' 'sub'> <InPorts = 2> <OutPorts = 1>
ST_1 : Operation 359 [1/1] (0.00ns)   --->   "%zext_ln840_174 = zext i2 %add_ln840_47"   --->   Operation 359 'zext' 'zext_ln840_174' <Predicate = true> <Delay = 0.00>
ST_1 : Operation 360 [1/1] (0.54ns)   --->   "%add_ln840_48 = add i2 %zext_ln840_54, i2 %zext_ln840_56"   --->   Operation 360 'add' 'add_ln840_48' <Predicate = true> <Delay = 0.54> <CoreInst = "Adder">   --->   Core 1 'Adder' <Latency = 0> <II = 1> <Delay = 0.54> <FuncUnit> <Opcode : 'add' 'sub'> <InPorts = 2> <OutPorts = 1>
ST_1 : Operation 361 [1/1] (0.54ns)   --->   "%add_ln840_49 = add i2 %add_ln840_48, i2 %zext_ln840_49"   --->   Operation 361 'add' 'add_ln840_49' <Predicate = true> <Delay = 0.54> <CoreInst = "Adder">   --->   Core 1 'Adder' <Latency = 0> <II = 1> <Delay = 0.54> <FuncUnit> <Opcode : 'add' 'sub'> <InPorts = 2> <OutPorts = 1>
ST_1 : Operation 362 [1/1] (0.00ns)   --->   "%zext_ln840_175 = zext i2 %add_ln840_49"   --->   Operation 362 'zext' 'zext_ln840_175' <Predicate = true> <Delay = 0.00>
ST_1 : Operation 363 [1/1] (0.54ns)   --->   "%add_ln840_50 = add i3 %zext_ln840_175, i3 %zext_ln840_174"   --->   Operation 363 'add' 'add_ln840_50' <Predicate = true> <Delay = 0.54> <CoreInst = "Adder">   --->   Core 1 'Adder' <Latency = 0> <II = 1> <Delay = 0.54> <FuncUnit> <Opcode : 'add' 'sub'> <InPorts = 2> <OutPorts = 1>
ST_1 : Operation 364 [1/1] (0.00ns)   --->   "%zext_ln840_176 = zext i3 %add_ln840_50"   --->   Operation 364 'zext' 'zext_ln840_176' <Predicate = true> <Delay = 0.00>
ST_1 : Operation 365 [1/1] (0.67ns)   --->   "%add_ln840_51 = add i4 %zext_ln840_176, i4 %zext_ln840_173"   --->   Operation 365 'add' 'add_ln840_51' <Predicate = true> <Delay = 0.67> <CoreInst = "Adder">   --->   Core 1 'Adder' <Latency = 0> <II = 1> <Delay = 0.67> <FuncUnit> <Opcode : 'add' 'sub'> <InPorts = 2> <OutPorts = 1>
ST_1 : Operation 366 [1/1] (0.00ns)   --->   "%zext_ln840_177 = zext i4 %add_ln840_51"   --->   Operation 366 'zext' 'zext_ln840_177' <Predicate = true> <Delay = 0.00>
ST_1 : Operation 367 [1/1] (0.54ns)   --->   "%add_ln840_52 = add i2 %zext_ln840_58, i2 %zext_ln840_61"   --->   Operation 367 'add' 'add_ln840_52' <Predicate = true> <Delay = 0.54> <CoreInst = "Adder">   --->   Core 1 'Adder' <Latency = 0> <II = 1> <Delay = 0.54> <FuncUnit> <Opcode : 'add' 'sub'> <InPorts = 2> <OutPorts = 1>
ST_1 : Operation 368 [1/1] (0.00ns)   --->   "%zext_ln840_178 = zext i2 %add_ln840_52"   --->   Operation 368 'zext' 'zext_ln840_178' <Predicate = true> <Delay = 0.00>
ST_1 : Operation 369 [1/1] (0.00ns) (grouped into TernaryAdder)   --->   "%add_ln840_53 = add i2 %zext_ln840_65, i2 %zext_ln840_68"   --->   Operation 369 'add' 'add_ln840_53' <Predicate = true> <Delay = 0.00> <CoreInst = "TAddSub">   --->   Core 10 'TAddSub' <Latency = 0> <II = 1> <Delay = 0.23> <IPBlock> <Opcode : 'add' 'sub'> <InPorts = 3> <OutPorts = 1> <Sync> <CReg>
ST_1 : Operation 370 [1/1] (0.14ns) (root node of TernaryAdder)   --->   "%add_ln840_54 = add i2 %add_ln840_53, i2 %zext_ln840_63"   --->   Operation 370 'add' 'add_ln840_54' <Predicate = true> <Delay = 0.14> <CoreInst = "TAddSub">   --->   Core 10 'TAddSub' <Latency = 0> <II = 1> <Delay = 0.23> <IPBlock> <Opcode : 'add' 'sub'> <InPorts = 3> <OutPorts = 1> <Sync> <CReg>
ST_1 : Operation 371 [1/1] (0.00ns)   --->   "%zext_ln840_179 = zext i2 %add_ln840_54"   --->   Operation 371 'zext' 'zext_ln840_179' <Predicate = true> <Delay = 0.00>
ST_1 : Operation 372 [1/1] (0.54ns)   --->   "%add_ln840_55 = add i3 %zext_ln840_179, i3 %zext_ln840_178"   --->   Operation 372 'add' 'add_ln840_55' <Predicate = true> <Delay = 0.54> <CoreInst = "Adder">   --->   Core 1 'Adder' <Latency = 0> <II = 1> <Delay = 0.54> <FuncUnit> <Opcode : 'add' 'sub'> <InPorts = 2> <OutPorts = 1>
ST_1 : Operation 373 [1/1] (0.00ns)   --->   "%zext_ln840_180 = zext i3 %add_ln840_55"   --->   Operation 373 'zext' 'zext_ln840_180' <Predicate = true> <Delay = 0.00>
ST_1 : Operation 374 [1/1] (0.54ns)   --->   "%add_ln840_56 = add i2 %zext_ln840_72, i2 %zext_ln840_74"   --->   Operation 374 'add' 'add_ln840_56' <Predicate = true> <Delay = 0.54> <CoreInst = "Adder">   --->   Core 1 'Adder' <Latency = 0> <II = 1> <Delay = 0.54> <FuncUnit> <Opcode : 'add' 'sub'> <InPorts = 2> <OutPorts = 1>
ST_1 : Operation 375 [1/1] (0.00ns)   --->   "%zext_ln840_181 = zext i2 %add_ln840_56"   --->   Operation 375 'zext' 'zext_ln840_181' <Predicate = true> <Delay = 0.00>
ST_1 : Operation 376 [1/1] (0.54ns)   --->   "%add_ln840_57 = add i2 %zext_ln840_78, i2 %zext_ln840_80"   --->   Operation 376 'add' 'add_ln840_57' <Predicate = true> <Delay = 0.54> <CoreInst = "Adder">   --->   Core 1 'Adder' <Latency = 0> <II = 1> <Delay = 0.54> <FuncUnit> <Opcode : 'add' 'sub'> <InPorts = 2> <OutPorts = 1>
ST_1 : Operation 377 [1/1] (0.54ns)   --->   "%add_ln840_58 = add i2 %add_ln840_57, i2 %zext_ln840_76"   --->   Operation 377 'add' 'add_ln840_58' <Predicate = true> <Delay = 0.54> <CoreInst = "Adder">   --->   Core 1 'Adder' <Latency = 0> <II = 1> <Delay = 0.54> <FuncUnit> <Opcode : 'add' 'sub'> <InPorts = 2> <OutPorts = 1>
ST_1 : Operation 378 [1/1] (0.00ns)   --->   "%zext_ln840_182 = zext i2 %add_ln840_58"   --->   Operation 378 'zext' 'zext_ln840_182' <Predicate = true> <Delay = 0.00>
ST_1 : Operation 379 [1/1] (0.54ns)   --->   "%add_ln840_59 = add i3 %zext_ln840_182, i3 %zext_ln840_181"   --->   Operation 379 'add' 'add_ln840_59' <Predicate = true> <Delay = 0.54> <CoreInst = "Adder">   --->   Core 1 'Adder' <Latency = 0> <II = 1> <Delay = 0.54> <FuncUnit> <Opcode : 'add' 'sub'> <InPorts = 2> <OutPorts = 1>
ST_1 : Operation 380 [1/1] (0.00ns)   --->   "%zext_ln840_183 = zext i3 %add_ln840_59"   --->   Operation 380 'zext' 'zext_ln840_183' <Predicate = true> <Delay = 0.00>
ST_1 : Operation 381 [1/1] (0.67ns)   --->   "%add_ln840_60 = add i4 %zext_ln840_183, i4 %zext_ln840_180"   --->   Operation 381 'add' 'add_ln840_60' <Predicate = true> <Delay = 0.67> <CoreInst = "Adder">   --->   Core 1 'Adder' <Latency = 0> <II = 1> <Delay = 0.67> <FuncUnit> <Opcode : 'add' 'sub'> <InPorts = 2> <OutPorts = 1>
ST_1 : Operation 382 [1/1] (0.00ns)   --->   "%zext_ln840_184 = zext i4 %add_ln840_60"   --->   Operation 382 'zext' 'zext_ln840_184' <Predicate = true> <Delay = 0.00>
ST_1 : Operation 383 [1/1] (0.79ns)   --->   "%add_ln840_61 = add i5 %zext_ln840_184, i5 %zext_ln840_177"   --->   Operation 383 'add' 'add_ln840_61' <Predicate = true> <Delay = 0.79> <CoreInst = "Adder">   --->   Core 1 'Adder' <Latency = 0> <II = 1> <Delay = 0.79> <FuncUnit> <Opcode : 'add' 'sub'> <InPorts = 2> <OutPorts = 1>
ST_1 : Operation 384 [1/1] (0.00ns)   --->   "%zext_ln840_185 = zext i5 %add_ln840_61"   --->   Operation 384 'zext' 'zext_ln840_185' <Predicate = true> <Delay = 0.00>
ST_1 : Operation 385 [1/1] (0.54ns)   --->   "%add_ln840_62 = add i2 %zext_ln840_82, i2 %zext_ln840_85"   --->   Operation 385 'add' 'add_ln840_62' <Predicate = true> <Delay = 0.54> <CoreInst = "Adder">   --->   Core 1 'Adder' <Latency = 0> <II = 1> <Delay = 0.54> <FuncUnit> <Opcode : 'add' 'sub'> <InPorts = 2> <OutPorts = 1>
ST_1 : Operation 386 [1/1] (0.00ns)   --->   "%zext_ln840_186 = zext i2 %add_ln840_62"   --->   Operation 386 'zext' 'zext_ln840_186' <Predicate = true> <Delay = 0.00>
ST_1 : Operation 387 [1/1] (0.54ns)   --->   "%add_ln840_63 = add i2 %zext_ln840_91, i2 %zext_ln840_93"   --->   Operation 387 'add' 'add_ln840_63' <Predicate = true> <Delay = 0.54> <CoreInst = "Adder">   --->   Core 1 'Adder' <Latency = 0> <II = 1> <Delay = 0.54> <FuncUnit> <Opcode : 'add' 'sub'> <InPorts = 2> <OutPorts = 1>
ST_1 : Operation 388 [1/1] (0.54ns)   --->   "%add_ln840_64 = add i2 %add_ln840_63, i2 %zext_ln840_89"   --->   Operation 388 'add' 'add_ln840_64' <Predicate = true> <Delay = 0.54> <CoreInst = "Adder">   --->   Core 1 'Adder' <Latency = 0> <II = 1> <Delay = 0.54> <FuncUnit> <Opcode : 'add' 'sub'> <InPorts = 2> <OutPorts = 1>
ST_1 : Operation 389 [1/1] (0.00ns)   --->   "%zext_ln840_187 = zext i2 %add_ln840_64"   --->   Operation 389 'zext' 'zext_ln840_187' <Predicate = true> <Delay = 0.00>
ST_1 : Operation 390 [1/1] (0.54ns)   --->   "%add_ln840_65 = add i3 %zext_ln840_187, i3 %zext_ln840_186"   --->   Operation 390 'add' 'add_ln840_65' <Predicate = true> <Delay = 0.54> <CoreInst = "Adder">   --->   Core 1 'Adder' <Latency = 0> <II = 1> <Delay = 0.54> <FuncUnit> <Opcode : 'add' 'sub'> <InPorts = 2> <OutPorts = 1>
ST_1 : Operation 391 [1/1] (0.00ns)   --->   "%zext_ln840_188 = zext i3 %add_ln840_65"   --->   Operation 391 'zext' 'zext_ln840_188' <Predicate = true> <Delay = 0.00>
ST_1 : Operation 392 [1/1] (0.54ns)   --->   "%add_ln840_66 = add i2 %zext_ln840_95, i2 %zext_ln840_97"   --->   Operation 392 'add' 'add_ln840_66' <Predicate = true> <Delay = 0.54> <CoreInst = "Adder">   --->   Core 1 'Adder' <Latency = 0> <II = 1> <Delay = 0.54> <FuncUnit> <Opcode : 'add' 'sub'> <InPorts = 2> <OutPorts = 1>
ST_1 : Operation 393 [1/1] (0.00ns)   --->   "%zext_ln840_189 = zext i2 %add_ln840_66"   --->   Operation 393 'zext' 'zext_ln840_189' <Predicate = true> <Delay = 0.00>
ST_1 : Operation 394 [1/1] (0.00ns) (grouped into TernaryAdder)   --->   "%add_ln840_67 = add i2 %zext_ln840_104, i2 %zext_ln840_107"   --->   Operation 394 'add' 'add_ln840_67' <Predicate = true> <Delay = 0.00> <CoreInst = "TAddSub">   --->   Core 10 'TAddSub' <Latency = 0> <II = 1> <Delay = 0.23> <IPBlock> <Opcode : 'add' 'sub'> <InPorts = 3> <OutPorts = 1> <Sync> <CReg>
ST_1 : Operation 395 [1/1] (0.14ns) (root node of TernaryAdder)   --->   "%add_ln840_68 = add i2 %add_ln840_67, i2 %zext_ln840_99"   --->   Operation 395 'add' 'add_ln840_68' <Predicate = true> <Delay = 0.14> <CoreInst = "TAddSub">   --->   Core 10 'TAddSub' <Latency = 0> <II = 1> <Delay = 0.23> <IPBlock> <Opcode : 'add' 'sub'> <InPorts = 3> <OutPorts = 1> <Sync> <CReg>
ST_1 : Operation 396 [1/1] (0.00ns)   --->   "%zext_ln840_190 = zext i2 %add_ln840_68"   --->   Operation 396 'zext' 'zext_ln840_190' <Predicate = true> <Delay = 0.00>
ST_1 : Operation 397 [1/1] (0.54ns)   --->   "%add_ln840_69 = add i3 %zext_ln840_190, i3 %zext_ln840_189"   --->   Operation 397 'add' 'add_ln840_69' <Predicate = true> <Delay = 0.54> <CoreInst = "Adder">   --->   Core 1 'Adder' <Latency = 0> <II = 1> <Delay = 0.54> <FuncUnit> <Opcode : 'add' 'sub'> <InPorts = 2> <OutPorts = 1>
ST_1 : Operation 398 [1/1] (0.00ns)   --->   "%zext_ln840_191 = zext i3 %add_ln840_69"   --->   Operation 398 'zext' 'zext_ln840_191' <Predicate = true> <Delay = 0.00>
ST_1 : Operation 399 [1/1] (0.67ns)   --->   "%add_ln840_70 = add i4 %zext_ln840_191, i4 %zext_ln840_188"   --->   Operation 399 'add' 'add_ln840_70' <Predicate = true> <Delay = 0.67> <CoreInst = "Adder">   --->   Core 1 'Adder' <Latency = 0> <II = 1> <Delay = 0.67> <FuncUnit> <Opcode : 'add' 'sub'> <InPorts = 2> <OutPorts = 1>
ST_1 : Operation 400 [1/1] (0.00ns)   --->   "%zext_ln840_192 = zext i4 %add_ln840_70"   --->   Operation 400 'zext' 'zext_ln840_192' <Predicate = true> <Delay = 0.00>
ST_1 : Operation 401 [1/1] (0.54ns)   --->   "%add_ln840_71 = add i2 %zext_ln840_109, i2 %zext_ln840_111"   --->   Operation 401 'add' 'add_ln840_71' <Predicate = true> <Delay = 0.54> <CoreInst = "Adder">   --->   Core 1 'Adder' <Latency = 0> <II = 1> <Delay = 0.54> <FuncUnit> <Opcode : 'add' 'sub'> <InPorts = 2> <OutPorts = 1>
ST_1 : Operation 402 [1/1] (0.00ns)   --->   "%zext_ln840_193 = zext i2 %add_ln840_71"   --->   Operation 402 'zext' 'zext_ln840_193' <Predicate = true> <Delay = 0.00>
ST_1 : Operation 403 [1/1] (0.00ns) (grouped into TernaryAdder)   --->   "%add_ln840_72 = add i2 %zext_ln840_117, i2 %zext_ln840_120"   --->   Operation 403 'add' 'add_ln840_72' <Predicate = true> <Delay = 0.00> <CoreInst = "TAddSub">   --->   Core 10 'TAddSub' <Latency = 0> <II = 1> <Delay = 0.23> <IPBlock> <Opcode : 'add' 'sub'> <InPorts = 3> <OutPorts = 1> <Sync> <CReg>
ST_1 : Operation 404 [1/1] (0.14ns) (root node of TernaryAdder)   --->   "%add_ln840_73 = add i2 %add_ln840_72, i2 %zext_ln840_114"   --->   Operation 404 'add' 'add_ln840_73' <Predicate = true> <Delay = 0.14> <CoreInst = "TAddSub">   --->   Core 10 'TAddSub' <Latency = 0> <II = 1> <Delay = 0.23> <IPBlock> <Opcode : 'add' 'sub'> <InPorts = 3> <OutPorts = 1> <Sync> <CReg>
ST_1 : Operation 405 [1/1] (0.00ns)   --->   "%zext_ln840_194 = zext i2 %add_ln840_73"   --->   Operation 405 'zext' 'zext_ln840_194' <Predicate = true> <Delay = 0.00>
ST_1 : Operation 406 [1/1] (0.54ns)   --->   "%add_ln840_74 = add i3 %zext_ln840_194, i3 %zext_ln840_193"   --->   Operation 406 'add' 'add_ln840_74' <Predicate = true> <Delay = 0.54> <CoreInst = "Adder">   --->   Core 1 'Adder' <Latency = 0> <II = 1> <Delay = 0.54> <FuncUnit> <Opcode : 'add' 'sub'> <InPorts = 2> <OutPorts = 1>
ST_1 : Operation 407 [1/1] (0.00ns)   --->   "%zext_ln840_195 = zext i3 %add_ln840_74"   --->   Operation 407 'zext' 'zext_ln840_195' <Predicate = true> <Delay = 0.00>
ST_1 : Operation 408 [1/1] (0.54ns)   --->   "%add_ln840_75 = add i2 %zext_ln840_127, i2 %zext_ln840_129"   --->   Operation 408 'add' 'add_ln840_75' <Predicate = true> <Delay = 0.54> <CoreInst = "Adder">   --->   Core 1 'Adder' <Latency = 0> <II = 1> <Delay = 0.54> <FuncUnit> <Opcode : 'add' 'sub'> <InPorts = 2> <OutPorts = 1>
ST_1 : Operation 409 [1/1] (0.00ns)   --->   "%zext_ln840_196 = zext i2 %add_ln840_75"   --->   Operation 409 'zext' 'zext_ln840_196' <Predicate = true> <Delay = 0.00>
ST_1 : Operation 410 [1/1] (0.54ns)   --->   "%add_ln840_76 = add i3 %zext_ln840_138, i3 %zext_ln840_140"   --->   Operation 410 'add' 'add_ln840_76' <Predicate = true> <Delay = 0.54> <CoreInst = "Adder">   --->   Core 1 'Adder' <Latency = 0> <II = 1> <Delay = 0.54> <FuncUnit> <Opcode : 'add' 'sub'> <InPorts = 2> <OutPorts = 1>
ST_1 : Operation 411 [1/1] (0.00ns) (grouped into TernaryAdder)   --->   "%add_ln840_77 = add i3 %add_ln840_76, i3 %zext_ln840_133"   --->   Operation 411 'add' 'add_ln840_77' <Predicate = true> <Delay = 0.00> <CoreInst = "TAddSub">   --->   Core 10 'TAddSub' <Latency = 0> <II = 1> <Delay = 0.23> <IPBlock> <Opcode : 'add' 'sub'> <InPorts = 3> <OutPorts = 1> <Sync> <CReg>
ST_1 : Operation 412 [1/1] (0.30ns) (root node of TernaryAdder)   --->   "%add_ln840_78 = add i3 %add_ln840_77, i3 %zext_ln840_196"   --->   Operation 412 'add' 'add_ln840_78' <Predicate = true> <Delay = 0.30> <CoreInst = "TAddSub">   --->   Core 10 'TAddSub' <Latency = 0> <II = 1> <Delay = 0.23> <IPBlock> <Opcode : 'add' 'sub'> <InPorts = 3> <OutPorts = 1> <Sync> <CReg>
ST_1 : Operation 413 [1/1] (0.00ns)   --->   "%zext_ln840_197 = zext i3 %add_ln840_78"   --->   Operation 413 'zext' 'zext_ln840_197' <Predicate = true> <Delay = 0.00>
ST_1 : Operation 414 [1/1] (0.67ns)   --->   "%add_ln840_79 = add i4 %zext_ln840_197, i4 %zext_ln840_195"   --->   Operation 414 'add' 'add_ln840_79' <Predicate = true> <Delay = 0.67> <CoreInst = "Adder">   --->   Core 1 'Adder' <Latency = 0> <II = 1> <Delay = 0.67> <FuncUnit> <Opcode : 'add' 'sub'> <InPorts = 2> <OutPorts = 1>
ST_1 : Operation 415 [1/1] (0.00ns)   --->   "%zext_ln840_198 = zext i4 %add_ln840_79"   --->   Operation 415 'zext' 'zext_ln840_198' <Predicate = true> <Delay = 0.00>
ST_1 : Operation 416 [1/1] (0.79ns)   --->   "%add_ln840_80 = add i5 %zext_ln840_198, i5 %zext_ln840_192"   --->   Operation 416 'add' 'add_ln840_80' <Predicate = true> <Delay = 0.79> <CoreInst = "Adder">   --->   Core 1 'Adder' <Latency = 0> <II = 1> <Delay = 0.79> <FuncUnit> <Opcode : 'add' 'sub'> <InPorts = 2> <OutPorts = 1>
ST_1 : Operation 417 [1/1] (0.00ns)   --->   "%zext_ln840_199 = zext i5 %add_ln840_80"   --->   Operation 417 'zext' 'zext_ln840_199' <Predicate = true> <Delay = 0.00>
ST_1 : Operation 418 [1/1] (0.78ns)   --->   "%add_ln840_81 = add i6 %zext_ln840_199, i6 %zext_ln840_185"   --->   Operation 418 'add' 'add_ln840_81' <Predicate = true> <Delay = 0.78> <CoreInst = "Adder">   --->   Core 1 'Adder' <Latency = 0> <II = 1> <Delay = 0.78> <FuncUnit> <Opcode : 'add' 'sub'> <InPorts = 2> <OutPorts = 1>
ST_1 : Operation 419 [1/1] (0.00ns)   --->   "%zext_ln840_200 = zext i6 %add_ln840_81"   --->   Operation 419 'zext' 'zext_ln840_200' <Predicate = true> <Delay = 0.00>
ST_1 : Operation 420 [1/1] (0.78ns)   --->   "%add_ln840_82 = add i7 %zext_ln840_200, i7 %zext_ln840_170"   --->   Operation 420 'add' 'add_ln840_82' <Predicate = true> <Delay = 0.78> <CoreInst = "Adder">   --->   Core 1 'Adder' <Latency = 0> <II = 1> <Delay = 0.78> <FuncUnit> <Opcode : 'add' 'sub'> <InPorts = 2> <OutPorts = 1>
ST_1 : Operation 421 [1/1] (0.00ns)   --->   "%zext_ln840_201 = zext i7 %add_ln840_82"   --->   Operation 421 'zext' 'zext_ln840_201' <Predicate = true> <Delay = 0.00>
ST_1 : Operation 422 [1/1] (0.28ns)   --->   "%xor_ln840_49 = xor i1 %tmp, i1 1"   --->   Operation 422 'xor' 'xor_ln840_49' <Predicate = true> <Delay = 0.28> <CoreInst = "LogicGate">   --->   Core 74 'LogicGate' <Latency = 0> <II = 1> <Delay = 0.28> <FuncUnit> <Opcode : 'and' 'or' 'xor'> <InPorts = 2> <OutPorts = 1>
ST_1 : Operation 423 [1/1] (0.00ns)   --->   "%zext_ln840_202 = zext i1 %xor_ln840_49"   --->   Operation 423 'zext' 'zext_ln840_202' <Predicate = true> <Delay = 0.00>
ST_1 : Operation 424 [1/1] (0.28ns)   --->   "%xor_ln840_50 = xor i1 %tmp_1, i1 1"   --->   Operation 424 'xor' 'xor_ln840_50' <Predicate = true> <Delay = 0.28> <CoreInst = "LogicGate">   --->   Core 74 'LogicGate' <Latency = 0> <II = 1> <Delay = 0.28> <FuncUnit> <Opcode : 'and' 'or' 'xor'> <InPorts = 2> <OutPorts = 1>
ST_1 : Operation 425 [1/1] (0.00ns)   --->   "%zext_ln840_203 = zext i1 %xor_ln840_50"   --->   Operation 425 'zext' 'zext_ln840_203' <Predicate = true> <Delay = 0.00>
ST_1 : Operation 426 [1/1] (0.00ns)   --->   "%zext_ln840_204 = zext i1 %xor_ln840_50"   --->   Operation 426 'zext' 'zext_ln840_204' <Predicate = true> <Delay = 0.00>
ST_1 : Operation 427 [1/1] (0.28ns)   --->   "%xor_ln840_51 = xor i1 %tmp_2, i1 1"   --->   Operation 427 'xor' 'xor_ln840_51' <Predicate = true> <Delay = 0.28> <CoreInst = "LogicGate">   --->   Core 74 'LogicGate' <Latency = 0> <II = 1> <Delay = 0.28> <FuncUnit> <Opcode : 'and' 'or' 'xor'> <InPorts = 2> <OutPorts = 1>
ST_1 : Operation 428 [1/1] (0.00ns)   --->   "%zext_ln840_205 = zext i1 %xor_ln840_51"   --->   Operation 428 'zext' 'zext_ln840_205' <Predicate = true> <Delay = 0.00>
ST_1 : Operation 429 [1/1] (0.00ns)   --->   "%zext_ln840_206 = zext i1 %xor_ln840_51"   --->   Operation 429 'zext' 'zext_ln840_206' <Predicate = true> <Delay = 0.00>
ST_1 : Operation 430 [1/1] (0.54ns)   --->   "%add_ln840_83 = add i2 %zext_ln840_1, i2 %zext_ln840_206"   --->   Operation 430 'add' 'add_ln840_83' <Predicate = true> <Delay = 0.54> <CoreInst = "Adder">   --->   Core 1 'Adder' <Latency = 0> <II = 1> <Delay = 0.54> <FuncUnit> <Opcode : 'add' 'sub'> <InPorts = 2> <OutPorts = 1>
ST_1 : Operation 431 [1/1] (0.00ns)   --->   "%zext_ln840_207 = zext i2 %add_ln840_83"   --->   Operation 431 'zext' 'zext_ln840_207' <Predicate = true> <Delay = 0.00>
ST_1 : Operation 432 [1/1] (0.54ns)   --->   "%add_ln840_84 = add i2 %zext_ln840_204, i2 %zext_ln840_202"   --->   Operation 432 'add' 'add_ln840_84' <Predicate = true> <Delay = 0.54> <CoreInst = "Adder">   --->   Core 1 'Adder' <Latency = 0> <II = 1> <Delay = 0.54> <FuncUnit> <Opcode : 'add' 'sub'> <InPorts = 2> <OutPorts = 1>
ST_1 : Operation 433 [1/1] (0.00ns)   --->   "%zext_ln840_208 = zext i2 %add_ln840_84"   --->   Operation 433 'zext' 'zext_ln840_208' <Predicate = true> <Delay = 0.00>
ST_1 : Operation 434 [1/1] (0.54ns)   --->   "%add_ln840_85 = add i3 %zext_ln840_208, i3 %zext_ln840_207"   --->   Operation 434 'add' 'add_ln840_85' <Predicate = true> <Delay = 0.54> <CoreInst = "Adder">   --->   Core 1 'Adder' <Latency = 0> <II = 1> <Delay = 0.54> <FuncUnit> <Opcode : 'add' 'sub'> <InPorts = 2> <OutPorts = 1>
ST_1 : Operation 435 [1/1] (0.28ns)   --->   "%xor_ln840_52 = xor i1 %tmp_10, i1 1"   --->   Operation 435 'xor' 'xor_ln840_52' <Predicate = true> <Delay = 0.28> <CoreInst = "LogicGate">   --->   Core 74 'LogicGate' <Latency = 0> <II = 1> <Delay = 0.28> <FuncUnit> <Opcode : 'and' 'or' 'xor'> <InPorts = 2> <OutPorts = 1>
ST_1 : Operation 436 [1/1] (0.00ns)   --->   "%zext_ln840_209 = zext i1 %xor_ln840_52"   --->   Operation 436 'zext' 'zext_ln840_209' <Predicate = true> <Delay = 0.00>
ST_1 : Operation 437 [1/1] (0.28ns)   --->   "%xor_ln840_53 = xor i1 %tmp_16, i1 1"   --->   Operation 437 'xor' 'xor_ln840_53' <Predicate = true> <Delay = 0.28> <CoreInst = "LogicGate">   --->   Core 74 'LogicGate' <Latency = 0> <II = 1> <Delay = 0.28> <FuncUnit> <Opcode : 'and' 'or' 'xor'> <InPorts = 2> <OutPorts = 1>
ST_1 : Operation 438 [1/1] (0.00ns)   --->   "%zext_ln840_210 = zext i1 %xor_ln840_53"   --->   Operation 438 'zext' 'zext_ln840_210' <Predicate = true> <Delay = 0.00>
ST_1 : Operation 439 [1/1] (0.28ns)   --->   "%xor_ln840_54 = xor i1 %tmp_17, i1 1"   --->   Operation 439 'xor' 'xor_ln840_54' <Predicate = true> <Delay = 0.28> <CoreInst = "LogicGate">   --->   Core 74 'LogicGate' <Latency = 0> <II = 1> <Delay = 0.28> <FuncUnit> <Opcode : 'and' 'or' 'xor'> <InPorts = 2> <OutPorts = 1>
ST_1 : Operation 440 [1/1] (0.00ns)   --->   "%zext_ln840_211 = zext i1 %xor_ln840_54"   --->   Operation 440 'zext' 'zext_ln840_211' <Predicate = true> <Delay = 0.00>
ST_1 : Operation 441 [1/1] (0.28ns)   --->   "%xor_ln840_55 = xor i1 %tmp_19, i1 1"   --->   Operation 441 'xor' 'xor_ln840_55' <Predicate = true> <Delay = 0.28> <CoreInst = "LogicGate">   --->   Core 74 'LogicGate' <Latency = 0> <II = 1> <Delay = 0.28> <FuncUnit> <Opcode : 'and' 'or' 'xor'> <InPorts = 2> <OutPorts = 1>
ST_1 : Operation 442 [1/1] (0.00ns)   --->   "%zext_ln840_212 = zext i1 %xor_ln840_55"   --->   Operation 442 'zext' 'zext_ln840_212' <Predicate = true> <Delay = 0.00>
ST_1 : Operation 443 [1/1] (0.28ns)   --->   "%xor_ln840_56 = xor i1 %tmp_20, i1 1"   --->   Operation 443 'xor' 'xor_ln840_56' <Predicate = true> <Delay = 0.28> <CoreInst = "LogicGate">   --->   Core 74 'LogicGate' <Latency = 0> <II = 1> <Delay = 0.28> <FuncUnit> <Opcode : 'and' 'or' 'xor'> <InPorts = 2> <OutPorts = 1>
ST_1 : Operation 444 [1/1] (0.00ns)   --->   "%zext_ln840_213 = zext i1 %xor_ln840_56"   --->   Operation 444 'zext' 'zext_ln840_213' <Predicate = true> <Delay = 0.00>
ST_1 : Operation 445 [1/1] (0.28ns)   --->   "%xor_ln840_57 = xor i1 %tmp_24, i1 1"   --->   Operation 445 'xor' 'xor_ln840_57' <Predicate = true> <Delay = 0.28> <CoreInst = "LogicGate">   --->   Core 74 'LogicGate' <Latency = 0> <II = 1> <Delay = 0.28> <FuncUnit> <Opcode : 'and' 'or' 'xor'> <InPorts = 2> <OutPorts = 1>
ST_1 : Operation 446 [1/1] (0.00ns)   --->   "%zext_ln840_214 = zext i1 %xor_ln840_57"   --->   Operation 446 'zext' 'zext_ln840_214' <Predicate = true> <Delay = 0.00>
ST_1 : Operation 447 [1/1] (0.28ns)   --->   "%xor_ln840_58 = xor i1 %tmp_25, i1 1"   --->   Operation 447 'xor' 'xor_ln840_58' <Predicate = true> <Delay = 0.28> <CoreInst = "LogicGate">   --->   Core 74 'LogicGate' <Latency = 0> <II = 1> <Delay = 0.28> <FuncUnit> <Opcode : 'and' 'or' 'xor'> <InPorts = 2> <OutPorts = 1>
ST_1 : Operation 448 [1/1] (0.00ns)   --->   "%zext_ln840_215 = zext i1 %xor_ln840_58"   --->   Operation 448 'zext' 'zext_ln840_215' <Predicate = true> <Delay = 0.00>
ST_1 : Operation 449 [1/1] (0.28ns)   --->   "%xor_ln840_59 = xor i1 %tmp_30, i1 1"   --->   Operation 449 'xor' 'xor_ln840_59' <Predicate = true> <Delay = 0.28> <CoreInst = "LogicGate">   --->   Core 74 'LogicGate' <Latency = 0> <II = 1> <Delay = 0.28> <FuncUnit> <Opcode : 'and' 'or' 'xor'> <InPorts = 2> <OutPorts = 1>
ST_1 : Operation 450 [1/1] (0.00ns)   --->   "%zext_ln840_216 = zext i1 %xor_ln840_59"   --->   Operation 450 'zext' 'zext_ln840_216' <Predicate = true> <Delay = 0.00>
ST_1 : Operation 451 [1/1] (0.28ns)   --->   "%xor_ln840_60 = xor i1 %tmp_31, i1 1"   --->   Operation 451 'xor' 'xor_ln840_60' <Predicate = true> <Delay = 0.28> <CoreInst = "LogicGate">   --->   Core 74 'LogicGate' <Latency = 0> <II = 1> <Delay = 0.28> <FuncUnit> <Opcode : 'and' 'or' 'xor'> <InPorts = 2> <OutPorts = 1>
ST_1 : Operation 452 [1/1] (0.00ns)   --->   "%zext_ln840_217 = zext i1 %xor_ln840_60"   --->   Operation 452 'zext' 'zext_ln840_217' <Predicate = true> <Delay = 0.00>
ST_1 : Operation 453 [1/1] (0.28ns)   --->   "%xor_ln840_61 = xor i1 %tmp_32, i1 1"   --->   Operation 453 'xor' 'xor_ln840_61' <Predicate = true> <Delay = 0.28> <CoreInst = "LogicGate">   --->   Core 74 'LogicGate' <Latency = 0> <II = 1> <Delay = 0.28> <FuncUnit> <Opcode : 'and' 'or' 'xor'> <InPorts = 2> <OutPorts = 1>
ST_1 : Operation 454 [1/1] (0.00ns)   --->   "%zext_ln840_218 = zext i1 %xor_ln840_61"   --->   Operation 454 'zext' 'zext_ln840_218' <Predicate = true> <Delay = 0.00>
ST_1 : Operation 455 [1/1] (0.28ns)   --->   "%xor_ln840_62 = xor i1 %tmp_36, i1 1"   --->   Operation 455 'xor' 'xor_ln840_62' <Predicate = true> <Delay = 0.28> <CoreInst = "LogicGate">   --->   Core 74 'LogicGate' <Latency = 0> <II = 1> <Delay = 0.28> <FuncUnit> <Opcode : 'and' 'or' 'xor'> <InPorts = 2> <OutPorts = 1>
ST_1 : Operation 456 [1/1] (0.00ns)   --->   "%zext_ln840_219 = zext i1 %xor_ln840_62"   --->   Operation 456 'zext' 'zext_ln840_219' <Predicate = true> <Delay = 0.00>
ST_1 : Operation 457 [1/1] (0.28ns)   --->   "%xor_ln840_63 = xor i1 %tmp_40, i1 1"   --->   Operation 457 'xor' 'xor_ln840_63' <Predicate = true> <Delay = 0.28> <CoreInst = "LogicGate">   --->   Core 74 'LogicGate' <Latency = 0> <II = 1> <Delay = 0.28> <FuncUnit> <Opcode : 'and' 'or' 'xor'> <InPorts = 2> <OutPorts = 1>
ST_1 : Operation 458 [1/1] (0.00ns)   --->   "%zext_ln840_220 = zext i1 %xor_ln840_63"   --->   Operation 458 'zext' 'zext_ln840_220' <Predicate = true> <Delay = 0.00>
ST_1 : Operation 459 [1/1] (0.28ns)   --->   "%xor_ln840_64 = xor i1 %tmp_50, i1 1"   --->   Operation 459 'xor' 'xor_ln840_64' <Predicate = true> <Delay = 0.28> <CoreInst = "LogicGate">   --->   Core 74 'LogicGate' <Latency = 0> <II = 1> <Delay = 0.28> <FuncUnit> <Opcode : 'and' 'or' 'xor'> <InPorts = 2> <OutPorts = 1>
ST_1 : Operation 460 [1/1] (0.00ns)   --->   "%zext_ln840_221 = zext i1 %xor_ln840_64"   --->   Operation 460 'zext' 'zext_ln840_221' <Predicate = true> <Delay = 0.00>
ST_1 : Operation 461 [1/1] (0.28ns)   --->   "%xor_ln840_65 = xor i1 %tmp_53, i1 1"   --->   Operation 461 'xor' 'xor_ln840_65' <Predicate = true> <Delay = 0.28> <CoreInst = "LogicGate">   --->   Core 74 'LogicGate' <Latency = 0> <II = 1> <Delay = 0.28> <FuncUnit> <Opcode : 'and' 'or' 'xor'> <InPorts = 2> <OutPorts = 1>
ST_1 : Operation 462 [1/1] (0.00ns)   --->   "%zext_ln840_222 = zext i1 %xor_ln840_65"   --->   Operation 462 'zext' 'zext_ln840_222' <Predicate = true> <Delay = 0.00>
ST_1 : Operation 463 [1/1] (0.28ns)   --->   "%xor_ln840_66 = xor i1 %tmp_60, i1 1"   --->   Operation 463 'xor' 'xor_ln840_66' <Predicate = true> <Delay = 0.28> <CoreInst = "LogicGate">   --->   Core 74 'LogicGate' <Latency = 0> <II = 1> <Delay = 0.28> <FuncUnit> <Opcode : 'and' 'or' 'xor'> <InPorts = 2> <OutPorts = 1>
ST_1 : Operation 464 [1/1] (0.00ns)   --->   "%zext_ln840_223 = zext i1 %xor_ln840_66"   --->   Operation 464 'zext' 'zext_ln840_223' <Predicate = true> <Delay = 0.00>
ST_1 : Operation 465 [1/1] (0.28ns)   --->   "%xor_ln840_67 = xor i1 %tmp_61, i1 1"   --->   Operation 465 'xor' 'xor_ln840_67' <Predicate = true> <Delay = 0.28> <CoreInst = "LogicGate">   --->   Core 74 'LogicGate' <Latency = 0> <II = 1> <Delay = 0.28> <FuncUnit> <Opcode : 'and' 'or' 'xor'> <InPorts = 2> <OutPorts = 1>
ST_1 : Operation 466 [1/1] (0.00ns)   --->   "%zext_ln840_224 = zext i1 %xor_ln840_67"   --->   Operation 466 'zext' 'zext_ln840_224' <Predicate = true> <Delay = 0.00>
ST_1 : Operation 467 [1/1] (0.28ns)   --->   "%xor_ln840_68 = xor i1 %tmp_62, i1 1"   --->   Operation 467 'xor' 'xor_ln840_68' <Predicate = true> <Delay = 0.28> <CoreInst = "LogicGate">   --->   Core 74 'LogicGate' <Latency = 0> <II = 1> <Delay = 0.28> <FuncUnit> <Opcode : 'and' 'or' 'xor'> <InPorts = 2> <OutPorts = 1>
ST_1 : Operation 468 [1/1] (0.00ns)   --->   "%zext_ln840_225 = zext i1 %xor_ln840_68"   --->   Operation 468 'zext' 'zext_ln840_225' <Predicate = true> <Delay = 0.00>
ST_1 : Operation 469 [1/1] (0.28ns)   --->   "%xor_ln840_69 = xor i1 %tmp_64, i1 1"   --->   Operation 469 'xor' 'xor_ln840_69' <Predicate = true> <Delay = 0.28> <CoreInst = "LogicGate">   --->   Core 74 'LogicGate' <Latency = 0> <II = 1> <Delay = 0.28> <FuncUnit> <Opcode : 'and' 'or' 'xor'> <InPorts = 2> <OutPorts = 1>
ST_1 : Operation 470 [1/1] (0.00ns)   --->   "%zext_ln840_226 = zext i1 %xor_ln840_69"   --->   Operation 470 'zext' 'zext_ln840_226' <Predicate = true> <Delay = 0.00>
ST_1 : Operation 471 [1/1] (0.28ns)   --->   "%xor_ln840_70 = xor i1 %tmp_68, i1 1"   --->   Operation 471 'xor' 'xor_ln840_70' <Predicate = true> <Delay = 0.28> <CoreInst = "LogicGate">   --->   Core 74 'LogicGate' <Latency = 0> <II = 1> <Delay = 0.28> <FuncUnit> <Opcode : 'and' 'or' 'xor'> <InPorts = 2> <OutPorts = 1>
ST_1 : Operation 472 [1/1] (0.00ns)   --->   "%zext_ln840_227 = zext i1 %xor_ln840_70"   --->   Operation 472 'zext' 'zext_ln840_227' <Predicate = true> <Delay = 0.00>
ST_1 : Operation 473 [1/1] (0.28ns)   --->   "%xor_ln840_71 = xor i1 %tmp_72, i1 1"   --->   Operation 473 'xor' 'xor_ln840_71' <Predicate = true> <Delay = 0.28> <CoreInst = "LogicGate">   --->   Core 74 'LogicGate' <Latency = 0> <II = 1> <Delay = 0.28> <FuncUnit> <Opcode : 'and' 'or' 'xor'> <InPorts = 2> <OutPorts = 1>
ST_1 : Operation 474 [1/1] (0.00ns)   --->   "%zext_ln840_228 = zext i1 %xor_ln840_71"   --->   Operation 474 'zext' 'zext_ln840_228' <Predicate = true> <Delay = 0.00>
ST_1 : Operation 475 [1/1] (0.28ns)   --->   "%xor_ln840_72 = xor i1 %tmp_74, i1 1"   --->   Operation 475 'xor' 'xor_ln840_72' <Predicate = true> <Delay = 0.28> <CoreInst = "LogicGate">   --->   Core 74 'LogicGate' <Latency = 0> <II = 1> <Delay = 0.28> <FuncUnit> <Opcode : 'and' 'or' 'xor'> <InPorts = 2> <OutPorts = 1>
ST_1 : Operation 476 [1/1] (0.00ns)   --->   "%zext_ln840_229 = zext i1 %xor_ln840_72"   --->   Operation 476 'zext' 'zext_ln840_229' <Predicate = true> <Delay = 0.00>
ST_1 : Operation 477 [1/1] (0.28ns)   --->   "%xor_ln840_73 = xor i1 %tmp_76, i1 1"   --->   Operation 477 'xor' 'xor_ln840_73' <Predicate = true> <Delay = 0.28> <CoreInst = "LogicGate">   --->   Core 74 'LogicGate' <Latency = 0> <II = 1> <Delay = 0.28> <FuncUnit> <Opcode : 'and' 'or' 'xor'> <InPorts = 2> <OutPorts = 1>
ST_1 : Operation 478 [1/1] (0.00ns)   --->   "%zext_ln840_230 = zext i1 %xor_ln840_73"   --->   Operation 478 'zext' 'zext_ln840_230' <Predicate = true> <Delay = 0.00>
ST_1 : Operation 479 [1/1] (0.28ns)   --->   "%xor_ln840_74 = xor i1 %tmp_80, i1 1"   --->   Operation 479 'xor' 'xor_ln840_74' <Predicate = true> <Delay = 0.28> <CoreInst = "LogicGate">   --->   Core 74 'LogicGate' <Latency = 0> <II = 1> <Delay = 0.28> <FuncUnit> <Opcode : 'and' 'or' 'xor'> <InPorts = 2> <OutPorts = 1>
ST_1 : Operation 480 [1/1] (0.00ns)   --->   "%zext_ln840_231 = zext i1 %xor_ln840_74"   --->   Operation 480 'zext' 'zext_ln840_231' <Predicate = true> <Delay = 0.00>
ST_1 : Operation 481 [1/1] (0.00ns)   --->   "%zext_ln840_232 = zext i1 %xor_ln840_74"   --->   Operation 481 'zext' 'zext_ln840_232' <Predicate = true> <Delay = 0.00>
ST_1 : Operation 482 [1/1] (0.00ns)   --->   "%zext_ln840_233 = zext i1 %xor_ln840_74"   --->   Operation 482 'zext' 'zext_ln840_233' <Predicate = true> <Delay = 0.00>
ST_1 : Operation 483 [1/1] (0.28ns)   --->   "%xor_ln840_75 = xor i1 %tmp_82, i1 1"   --->   Operation 483 'xor' 'xor_ln840_75' <Predicate = true> <Delay = 0.28> <CoreInst = "LogicGate">   --->   Core 74 'LogicGate' <Latency = 0> <II = 1> <Delay = 0.28> <FuncUnit> <Opcode : 'and' 'or' 'xor'> <InPorts = 2> <OutPorts = 1>
ST_1 : Operation 484 [1/1] (0.00ns)   --->   "%zext_ln840_234 = zext i1 %xor_ln840_75"   --->   Operation 484 'zext' 'zext_ln840_234' <Predicate = true> <Delay = 0.00>
ST_1 : Operation 485 [1/1] (0.54ns)   --->   "%add_ln840_86 = add i2 %zext_ln840_234, i2 %zext_ln840_13"   --->   Operation 485 'add' 'add_ln840_86' <Predicate = true> <Delay = 0.54> <CoreInst = "Adder">   --->   Core 1 'Adder' <Latency = 0> <II = 1> <Delay = 0.54> <FuncUnit> <Opcode : 'add' 'sub'> <InPorts = 2> <OutPorts = 1>
ST_1 : Operation 486 [1/1] (0.00ns)   --->   "%zext_ln840_235 = zext i2 %add_ln840_86"   --->   Operation 486 'zext' 'zext_ln840_235' <Predicate = true> <Delay = 0.00>
ST_1 : Operation 487 [1/1] (0.54ns)   --->   "%add_ln840_87 = add i2 %add_ln840_86, i2 %zext_ln840_136"   --->   Operation 487 'add' 'add_ln840_87' <Predicate = true> <Delay = 0.54> <CoreInst = "Adder">   --->   Core 1 'Adder' <Latency = 0> <II = 1> <Delay = 0.54> <FuncUnit> <Opcode : 'add' 'sub'> <InPorts = 2> <OutPorts = 1>
ST_1 : Operation 488 [1/1] (0.00ns)   --->   "%zext_ln840_236 = zext i2 %add_ln840_87"   --->   Operation 488 'zext' 'zext_ln840_236' <Predicate = true> <Delay = 0.00>
ST_1 : Operation 489 [1/1] (0.54ns)   --->   "%add_ln840_88 = add i2 %zext_ln840_9, i2 %zext_ln840_6"   --->   Operation 489 'add' 'add_ln840_88' <Predicate = true> <Delay = 0.54> <CoreInst = "Adder">   --->   Core 1 'Adder' <Latency = 0> <II = 1> <Delay = 0.54> <FuncUnit> <Opcode : 'add' 'sub'> <InPorts = 2> <OutPorts = 1>
ST_1 : Operation 490 [1/1] (0.00ns)   --->   "%zext_ln840_237 = zext i2 %add_ln840_88"   --->   Operation 490 'zext' 'zext_ln840_237' <Predicate = true> <Delay = 0.00>
ST_1 : Operation 491 [1/1] (0.00ns)   --->   "%zext_ln840_238 = zext i2 %add_ln840_5"   --->   Operation 491 'zext' 'zext_ln840_238' <Predicate = true> <Delay = 0.00>
ST_1 : Operation 492 [1/1] (0.54ns)   --->   "%add_ln840_89 = add i3 %zext_ln840_238, i3 %zext_ln840_237"   --->   Operation 492 'add' 'add_ln840_89' <Predicate = true> <Delay = 0.54> <CoreInst = "Adder">   --->   Core 1 'Adder' <Latency = 0> <II = 1> <Delay = 0.54> <FuncUnit> <Opcode : 'add' 'sub'> <InPorts = 2> <OutPorts = 1>
ST_1 : Operation 493 [1/1] (0.00ns)   --->   "%zext_ln840_239 = zext i3 %add_ln840_89"   --->   Operation 493 'zext' 'zext_ln840_239' <Predicate = true> <Delay = 0.00>
ST_1 : Operation 494 [1/1] (0.54ns)   --->   "%add_ln840_90 = add i2 %zext_ln840_15, i2 %zext_ln840_24"   --->   Operation 494 'add' 'add_ln840_90' <Predicate = true> <Delay = 0.54> <CoreInst = "Adder">   --->   Core 1 'Adder' <Latency = 0> <II = 1> <Delay = 0.54> <FuncUnit> <Opcode : 'add' 'sub'> <InPorts = 2> <OutPorts = 1>
ST_1 : Operation 495 [1/1] (0.00ns)   --->   "%zext_ln840_240 = zext i2 %add_ln840_90"   --->   Operation 495 'zext' 'zext_ln840_240' <Predicate = true> <Delay = 0.00>
ST_1 : Operation 496 [1/1] (0.00ns) (grouped into TernaryAdder)   --->   "%add_ln840_91 = add i2 %zext_ln840_38, i2 %zext_ln840_43"   --->   Operation 496 'add' 'add_ln840_91' <Predicate = true> <Delay = 0.00> <CoreInst = "TAddSub">   --->   Core 10 'TAddSub' <Latency = 0> <II = 1> <Delay = 0.23> <IPBlock> <Opcode : 'add' 'sub'> <InPorts = 3> <OutPorts = 1> <Sync> <CReg>
ST_1 : Operation 497 [1/1] (0.14ns) (root node of TernaryAdder)   --->   "%add_ln840_92 = add i2 %add_ln840_91, i2 %zext_ln840_32"   --->   Operation 497 'add' 'add_ln840_92' <Predicate = true> <Delay = 0.14> <CoreInst = "TAddSub">   --->   Core 10 'TAddSub' <Latency = 0> <II = 1> <Delay = 0.23> <IPBlock> <Opcode : 'add' 'sub'> <InPorts = 3> <OutPorts = 1> <Sync> <CReg>
ST_1 : Operation 498 [1/1] (0.00ns)   --->   "%zext_ln840_241 = zext i2 %add_ln840_92"   --->   Operation 498 'zext' 'zext_ln840_241' <Predicate = true> <Delay = 0.00>
ST_1 : Operation 499 [1/1] (0.54ns)   --->   "%add_ln840_93 = add i3 %zext_ln840_241, i3 %zext_ln840_240"   --->   Operation 499 'add' 'add_ln840_93' <Predicate = true> <Delay = 0.54> <CoreInst = "Adder">   --->   Core 1 'Adder' <Latency = 0> <II = 1> <Delay = 0.54> <FuncUnit> <Opcode : 'add' 'sub'> <InPorts = 2> <OutPorts = 1>
ST_1 : Operation 500 [1/1] (0.00ns)   --->   "%zext_ln840_242 = zext i3 %add_ln840_93"   --->   Operation 500 'zext' 'zext_ln840_242' <Predicate = true> <Delay = 0.00>
ST_1 : Operation 501 [1/1] (0.67ns)   --->   "%add_ln840_94 = add i4 %zext_ln840_242, i4 %zext_ln840_239"   --->   Operation 501 'add' 'add_ln840_94' <Predicate = true> <Delay = 0.67> <CoreInst = "Adder">   --->   Core 1 'Adder' <Latency = 0> <II = 1> <Delay = 0.67> <FuncUnit> <Opcode : 'add' 'sub'> <InPorts = 2> <OutPorts = 1>
ST_1 : Operation 502 [1/1] (0.00ns)   --->   "%zext_ln840_243 = zext i4 %add_ln840_94"   --->   Operation 502 'zext' 'zext_ln840_243' <Predicate = true> <Delay = 0.00>
ST_1 : Operation 503 [1/1] (0.54ns)   --->   "%add_ln840_95 = add i2 %zext_ln840_47, i2 %zext_ln840_53"   --->   Operation 503 'add' 'add_ln840_95' <Predicate = true> <Delay = 0.54> <CoreInst = "Adder">   --->   Core 1 'Adder' <Latency = 0> <II = 1> <Delay = 0.54> <FuncUnit> <Opcode : 'add' 'sub'> <InPorts = 2> <OutPorts = 1>
ST_1 : Operation 504 [1/1] (0.00ns)   --->   "%zext_ln840_244 = zext i2 %add_ln840_95"   --->   Operation 504 'zext' 'zext_ln840_244' <Predicate = true> <Delay = 0.00>
ST_1 : Operation 505 [1/1] (0.00ns) (grouped into TernaryAdder)   --->   "%add_ln840_96 = add i2 %zext_ln840_69, i2 %zext_ln840_70"   --->   Operation 505 'add' 'add_ln840_96' <Predicate = true> <Delay = 0.00> <CoreInst = "TAddSub">   --->   Core 10 'TAddSub' <Latency = 0> <II = 1> <Delay = 0.23> <IPBlock> <Opcode : 'add' 'sub'> <InPorts = 3> <OutPorts = 1> <Sync> <CReg>
ST_1 : Operation 506 [1/1] (0.14ns) (root node of TernaryAdder)   --->   "%add_ln840_97 = add i2 %add_ln840_96, i2 %zext_ln840_62"   --->   Operation 506 'add' 'add_ln840_97' <Predicate = true> <Delay = 0.14> <CoreInst = "TAddSub">   --->   Core 10 'TAddSub' <Latency = 0> <II = 1> <Delay = 0.23> <IPBlock> <Opcode : 'add' 'sub'> <InPorts = 3> <OutPorts = 1> <Sync> <CReg>
ST_1 : Operation 507 [1/1] (0.00ns)   --->   "%zext_ln840_245 = zext i2 %add_ln840_97"   --->   Operation 507 'zext' 'zext_ln840_245' <Predicate = true> <Delay = 0.00>
ST_1 : Operation 508 [1/1] (0.54ns)   --->   "%add_ln840_98 = add i3 %zext_ln840_245, i3 %zext_ln840_244"   --->   Operation 508 'add' 'add_ln840_98' <Predicate = true> <Delay = 0.54> <CoreInst = "Adder">   --->   Core 1 'Adder' <Latency = 0> <II = 1> <Delay = 0.54> <FuncUnit> <Opcode : 'add' 'sub'> <InPorts = 2> <OutPorts = 1>
ST_1 : Operation 509 [1/1] (0.00ns)   --->   "%zext_ln840_246 = zext i3 %add_ln840_98"   --->   Operation 509 'zext' 'zext_ln840_246' <Predicate = true> <Delay = 0.00>
ST_1 : Operation 510 [1/1] (0.54ns)   --->   "%add_ln840_99 = add i2 %zext_ln840_86, i2 %zext_ln840_88"   --->   Operation 510 'add' 'add_ln840_99' <Predicate = true> <Delay = 0.54> <CoreInst = "Adder">   --->   Core 1 'Adder' <Latency = 0> <II = 1> <Delay = 0.54> <FuncUnit> <Opcode : 'add' 'sub'> <InPorts = 2> <OutPorts = 1>
ST_1 : Operation 511 [1/1] (0.00ns)   --->   "%zext_ln840_247 = zext i2 %add_ln840_99"   --->   Operation 511 'zext' 'zext_ln840_247' <Predicate = true> <Delay = 0.00>
ST_1 : Operation 512 [1/1] (0.00ns) (grouped into TernaryAdder)   --->   "%add_ln840_100 = add i2 %zext_ln840_103, i2 %zext_ln840_106"   --->   Operation 512 'add' 'add_ln840_100' <Predicate = true> <Delay = 0.00> <CoreInst = "TAddSub">   --->   Core 10 'TAddSub' <Latency = 0> <II = 1> <Delay = 0.23> <IPBlock> <Opcode : 'add' 'sub'> <InPorts = 3> <OutPorts = 1> <Sync> <CReg>
ST_1 : Operation 513 [1/1] (0.14ns) (root node of TernaryAdder)   --->   "%add_ln840_101 = add i2 %add_ln840_100, i2 %zext_ln840_98"   --->   Operation 513 'add' 'add_ln840_101' <Predicate = true> <Delay = 0.14> <CoreInst = "TAddSub">   --->   Core 10 'TAddSub' <Latency = 0> <II = 1> <Delay = 0.23> <IPBlock> <Opcode : 'add' 'sub'> <InPorts = 3> <OutPorts = 1> <Sync> <CReg>
ST_1 : Operation 514 [1/1] (0.00ns)   --->   "%zext_ln840_248 = zext i2 %add_ln840_101"   --->   Operation 514 'zext' 'zext_ln840_248' <Predicate = true> <Delay = 0.00>
ST_1 : Operation 515 [1/1] (0.54ns)   --->   "%add_ln840_102 = add i3 %zext_ln840_248, i3 %zext_ln840_247"   --->   Operation 515 'add' 'add_ln840_102' <Predicate = true> <Delay = 0.54> <CoreInst = "Adder">   --->   Core 1 'Adder' <Latency = 0> <II = 1> <Delay = 0.54> <FuncUnit> <Opcode : 'add' 'sub'> <InPorts = 2> <OutPorts = 1>
ST_1 : Operation 516 [1/1] (0.00ns)   --->   "%zext_ln840_249 = zext i3 %add_ln840_102"   --->   Operation 516 'zext' 'zext_ln840_249' <Predicate = true> <Delay = 0.00>
ST_1 : Operation 517 [1/1] (0.67ns)   --->   "%add_ln840_103 = add i4 %zext_ln840_249, i4 %zext_ln840_246"   --->   Operation 517 'add' 'add_ln840_103' <Predicate = true> <Delay = 0.67> <CoreInst = "Adder">   --->   Core 1 'Adder' <Latency = 0> <II = 1> <Delay = 0.67> <FuncUnit> <Opcode : 'add' 'sub'> <InPorts = 2> <OutPorts = 1>
ST_1 : Operation 518 [1/1] (0.00ns)   --->   "%zext_ln840_250 = zext i4 %add_ln840_103"   --->   Operation 518 'zext' 'zext_ln840_250' <Predicate = true> <Delay = 0.00>
ST_1 : Operation 519 [1/1] (0.79ns)   --->   "%add_ln840_104 = add i5 %zext_ln840_250, i5 %zext_ln840_243"   --->   Operation 519 'add' 'add_ln840_104' <Predicate = true> <Delay = 0.79> <CoreInst = "Adder">   --->   Core 1 'Adder' <Latency = 0> <II = 1> <Delay = 0.79> <FuncUnit> <Opcode : 'add' 'sub'> <InPorts = 2> <OutPorts = 1>
ST_1 : Operation 520 [1/1] (0.00ns)   --->   "%zext_ln840_251 = zext i5 %add_ln840_104"   --->   Operation 520 'zext' 'zext_ln840_251' <Predicate = true> <Delay = 0.00>
ST_1 : Operation 521 [1/1] (0.54ns)   --->   "%add_ln840_105 = add i2 %zext_ln840_113, i2 %zext_ln840_115"   --->   Operation 521 'add' 'add_ln840_105' <Predicate = true> <Delay = 0.54> <CoreInst = "Adder">   --->   Core 1 'Adder' <Latency = 0> <II = 1> <Delay = 0.54> <FuncUnit> <Opcode : 'add' 'sub'> <InPorts = 2> <OutPorts = 1>
ST_1 : Operation 522 [1/1] (0.00ns)   --->   "%zext_ln840_252 = zext i2 %add_ln840_105"   --->   Operation 522 'zext' 'zext_ln840_252' <Predicate = true> <Delay = 0.00>
ST_1 : Operation 523 [1/1] (0.54ns)   --->   "%add_ln840_106 = add i2 %zext_ln840_128, i2 %zext_ln840_130"   --->   Operation 523 'add' 'add_ln840_106' <Predicate = true> <Delay = 0.54> <CoreInst = "Adder">   --->   Core 1 'Adder' <Latency = 0> <II = 1> <Delay = 0.54> <FuncUnit> <Opcode : 'add' 'sub'> <InPorts = 2> <OutPorts = 1>
ST_1 : Operation 524 [1/1] (0.54ns)   --->   "%add_ln840_107 = add i2 %add_ln840_106, i2 %zext_ln840_122"   --->   Operation 524 'add' 'add_ln840_107' <Predicate = true> <Delay = 0.54> <CoreInst = "Adder">   --->   Core 1 'Adder' <Latency = 0> <II = 1> <Delay = 0.54> <FuncUnit> <Opcode : 'add' 'sub'> <InPorts = 2> <OutPorts = 1>
ST_1 : Operation 525 [1/1] (0.00ns)   --->   "%zext_ln840_253 = zext i2 %add_ln840_107"   --->   Operation 525 'zext' 'zext_ln840_253' <Predicate = true> <Delay = 0.00>
ST_1 : Operation 526 [1/1] (0.54ns)   --->   "%add_ln840_108 = add i3 %zext_ln840_253, i3 %zext_ln840_252"   --->   Operation 526 'add' 'add_ln840_108' <Predicate = true> <Delay = 0.54> <CoreInst = "Adder">   --->   Core 1 'Adder' <Latency = 0> <II = 1> <Delay = 0.54> <FuncUnit> <Opcode : 'add' 'sub'> <InPorts = 2> <OutPorts = 1>
ST_1 : Operation 527 [1/1] (0.00ns)   --->   "%zext_ln840_254 = zext i3 %add_ln840_108"   --->   Operation 527 'zext' 'zext_ln840_254' <Predicate = true> <Delay = 0.00>
ST_1 : Operation 528 [1/1] (0.54ns)   --->   "%add_ln840_109 = add i2 %zext_ln840_18, i2 %zext_ln840_209"   --->   Operation 528 'add' 'add_ln840_109' <Predicate = true> <Delay = 0.54> <CoreInst = "Adder">   --->   Core 1 'Adder' <Latency = 0> <II = 1> <Delay = 0.54> <FuncUnit> <Opcode : 'add' 'sub'> <InPorts = 2> <OutPorts = 1>
ST_1 : Operation 529 [1/1] (0.00ns)   --->   "%zext_ln840_255 = zext i2 %add_ln840_109"   --->   Operation 529 'zext' 'zext_ln840_255' <Predicate = true> <Delay = 0.00>
ST_1 : Operation 530 [1/1] (0.54ns)   --->   "%add_ln840_110 = add i2 %zext_ln840_23, i2 %zext_ln840_27"   --->   Operation 530 'add' 'add_ln840_110' <Predicate = true> <Delay = 0.54> <CoreInst = "Adder">   --->   Core 1 'Adder' <Latency = 0> <II = 1> <Delay = 0.54> <FuncUnit> <Opcode : 'add' 'sub'> <InPorts = 2> <OutPorts = 1>
ST_1 : Operation 531 [1/1] (0.54ns)   --->   "%add_ln840_111 = add i2 %add_ln840_110, i2 %zext_ln840_21"   --->   Operation 531 'add' 'add_ln840_111' <Predicate = true> <Delay = 0.54> <CoreInst = "Adder">   --->   Core 1 'Adder' <Latency = 0> <II = 1> <Delay = 0.54> <FuncUnit> <Opcode : 'add' 'sub'> <InPorts = 2> <OutPorts = 1>
ST_1 : Operation 532 [1/1] (0.00ns)   --->   "%zext_ln840_256 = zext i2 %add_ln840_111"   --->   Operation 532 'zext' 'zext_ln840_256' <Predicate = true> <Delay = 0.00>
ST_1 : Operation 533 [1/1] (0.54ns)   --->   "%add_ln840_112 = add i3 %zext_ln840_256, i3 %zext_ln840_255"   --->   Operation 533 'add' 'add_ln840_112' <Predicate = true> <Delay = 0.54> <CoreInst = "Adder">   --->   Core 1 'Adder' <Latency = 0> <II = 1> <Delay = 0.54> <FuncUnit> <Opcode : 'add' 'sub'> <InPorts = 2> <OutPorts = 1>
ST_1 : Operation 534 [1/1] (0.00ns)   --->   "%zext_ln840_257 = zext i3 %add_ln840_112"   --->   Operation 534 'zext' 'zext_ln840_257' <Predicate = true> <Delay = 0.00>
ST_1 : Operation 535 [1/1] (0.67ns)   --->   "%add_ln840_113 = add i4 %zext_ln840_257, i4 %zext_ln840_254"   --->   Operation 535 'add' 'add_ln840_113' <Predicate = true> <Delay = 0.67> <CoreInst = "Adder">   --->   Core 1 'Adder' <Latency = 0> <II = 1> <Delay = 0.67> <FuncUnit> <Opcode : 'add' 'sub'> <InPorts = 2> <OutPorts = 1>
ST_1 : Operation 536 [1/1] (0.00ns)   --->   "%zext_ln840_258 = zext i4 %add_ln840_113"   --->   Operation 536 'zext' 'zext_ln840_258' <Predicate = true> <Delay = 0.00>
ST_1 : Operation 537 [1/1] (0.54ns)   --->   "%add_ln840_114 = add i2 %zext_ln840_29, i2 %zext_ln840_210"   --->   Operation 537 'add' 'add_ln840_114' <Predicate = true> <Delay = 0.54> <CoreInst = "Adder">   --->   Core 1 'Adder' <Latency = 0> <II = 1> <Delay = 0.54> <FuncUnit> <Opcode : 'add' 'sub'> <InPorts = 2> <OutPorts = 1>
ST_1 : Operation 538 [1/1] (0.00ns)   --->   "%zext_ln840_259 = zext i2 %add_ln840_114"   --->   Operation 538 'zext' 'zext_ln840_259' <Predicate = true> <Delay = 0.00>
ST_1 : Operation 539 [1/1] (0.54ns)   --->   "%add_ln840_115 = add i2 %zext_ln840_212, i2 %zext_ln840_213"   --->   Operation 539 'add' 'add_ln840_115' <Predicate = true> <Delay = 0.54> <CoreInst = "Adder">   --->   Core 1 'Adder' <Latency = 0> <II = 1> <Delay = 0.54> <FuncUnit> <Opcode : 'add' 'sub'> <InPorts = 2> <OutPorts = 1>
ST_1 : Operation 540 [1/1] (0.54ns)   --->   "%add_ln840_116 = add i2 %add_ln840_115, i2 %zext_ln840_211"   --->   Operation 540 'add' 'add_ln840_116' <Predicate = true> <Delay = 0.54> <CoreInst = "Adder">   --->   Core 1 'Adder' <Latency = 0> <II = 1> <Delay = 0.54> <FuncUnit> <Opcode : 'add' 'sub'> <InPorts = 2> <OutPorts = 1>
ST_1 : Operation 541 [1/1] (0.00ns)   --->   "%zext_ln840_260 = zext i2 %add_ln840_116"   --->   Operation 541 'zext' 'zext_ln840_260' <Predicate = true> <Delay = 0.00>
ST_1 : Operation 542 [1/1] (0.54ns)   --->   "%add_ln840_117 = add i3 %zext_ln840_260, i3 %zext_ln840_259"   --->   Operation 542 'add' 'add_ln840_117' <Predicate = true> <Delay = 0.54> <CoreInst = "Adder">   --->   Core 1 'Adder' <Latency = 0> <II = 1> <Delay = 0.54> <FuncUnit> <Opcode : 'add' 'sub'> <InPorts = 2> <OutPorts = 1>
ST_1 : Operation 543 [1/1] (0.00ns)   --->   "%zext_ln840_261 = zext i3 %add_ln840_117"   --->   Operation 543 'zext' 'zext_ln840_261' <Predicate = true> <Delay = 0.00>
ST_1 : Operation 544 [1/1] (0.00ns)   --->   "%zext_ln840_262 = zext i2 %add_ln840_44"   --->   Operation 544 'zext' 'zext_ln840_262' <Predicate = true> <Delay = 0.00>
ST_1 : Operation 545 [1/1] (0.00ns) (grouped into TernaryAdder)   --->   "%add_ln840_118 = add i2 %zext_ln840_215, i2 %zext_ln840_46"   --->   Operation 545 'add' 'add_ln840_118' <Predicate = true> <Delay = 0.00> <CoreInst = "TAddSub">   --->   Core 10 'TAddSub' <Latency = 0> <II = 1> <Delay = 0.23> <IPBlock> <Opcode : 'add' 'sub'> <InPorts = 3> <OutPorts = 1> <Sync> <CReg>
ST_1 : Operation 546 [1/1] (0.14ns) (root node of TernaryAdder)   --->   "%add_ln840_119 = add i2 %add_ln840_118, i2 %zext_ln840_214"   --->   Operation 546 'add' 'add_ln840_119' <Predicate = true> <Delay = 0.14> <CoreInst = "TAddSub">   --->   Core 10 'TAddSub' <Latency = 0> <II = 1> <Delay = 0.23> <IPBlock> <Opcode : 'add' 'sub'> <InPorts = 3> <OutPorts = 1> <Sync> <CReg>
ST_1 : Operation 547 [1/1] (0.00ns)   --->   "%zext_ln840_263 = zext i2 %add_ln840_119"   --->   Operation 547 'zext' 'zext_ln840_263' <Predicate = true> <Delay = 0.00>
ST_1 : Operation 548 [1/1] (0.54ns)   --->   "%add_ln840_120 = add i3 %zext_ln840_263, i3 %zext_ln840_262"   --->   Operation 548 'add' 'add_ln840_120' <Predicate = true> <Delay = 0.54> <CoreInst = "Adder">   --->   Core 1 'Adder' <Latency = 0> <II = 1> <Delay = 0.54> <FuncUnit> <Opcode : 'add' 'sub'> <InPorts = 2> <OutPorts = 1>
ST_1 : Operation 549 [1/1] (0.00ns)   --->   "%zext_ln840_264 = zext i3 %add_ln840_120"   --->   Operation 549 'zext' 'zext_ln840_264' <Predicate = true> <Delay = 0.00>
ST_1 : Operation 550 [1/1] (0.67ns)   --->   "%add_ln840_121 = add i4 %zext_ln840_264, i4 %zext_ln840_261"   --->   Operation 550 'add' 'add_ln840_121' <Predicate = true> <Delay = 0.67> <CoreInst = "Adder">   --->   Core 1 'Adder' <Latency = 0> <II = 1> <Delay = 0.67> <FuncUnit> <Opcode : 'add' 'sub'> <InPorts = 2> <OutPorts = 1>
ST_1 : Operation 551 [1/1] (0.00ns)   --->   "%zext_ln840_265 = zext i4 %add_ln840_121"   --->   Operation 551 'zext' 'zext_ln840_265' <Predicate = true> <Delay = 0.00>
ST_1 : Operation 552 [1/1] (0.79ns)   --->   "%add_ln840_122 = add i5 %zext_ln840_265, i5 %zext_ln840_258"   --->   Operation 552 'add' 'add_ln840_122' <Predicate = true> <Delay = 0.79> <CoreInst = "Adder">   --->   Core 1 'Adder' <Latency = 0> <II = 1> <Delay = 0.79> <FuncUnit> <Opcode : 'add' 'sub'> <InPorts = 2> <OutPorts = 1>
ST_1 : Operation 553 [1/1] (0.00ns)   --->   "%zext_ln840_266 = zext i5 %add_ln840_122"   --->   Operation 553 'zext' 'zext_ln840_266' <Predicate = true> <Delay = 0.00>
ST_1 : Operation 554 [1/1] (0.78ns)   --->   "%add_ln840_123 = add i6 %zext_ln840_266, i6 %zext_ln840_251"   --->   Operation 554 'add' 'add_ln840_123' <Predicate = true> <Delay = 0.78> <CoreInst = "Adder">   --->   Core 1 'Adder' <Latency = 0> <II = 1> <Delay = 0.78> <FuncUnit> <Opcode : 'add' 'sub'> <InPorts = 2> <OutPorts = 1>
ST_1 : Operation 555 [1/1] (0.00ns)   --->   "%zext_ln840_267 = zext i6 %add_ln840_123"   --->   Operation 555 'zext' 'zext_ln840_267' <Predicate = true> <Delay = 0.00>
ST_1 : Operation 556 [1/1] (0.54ns)   --->   "%add_ln840_124 = add i2 %zext_ln840_49, i2 %zext_ln840_216"   --->   Operation 556 'add' 'add_ln840_124' <Predicate = true> <Delay = 0.54> <CoreInst = "Adder">   --->   Core 1 'Adder' <Latency = 0> <II = 1> <Delay = 0.54> <FuncUnit> <Opcode : 'add' 'sub'> <InPorts = 2> <OutPorts = 1>
ST_1 : Operation 557 [1/1] (0.00ns)   --->   "%zext_ln840_268 = zext i2 %add_ln840_124"   --->   Operation 557 'zext' 'zext_ln840_268' <Predicate = true> <Delay = 0.00>
ST_1 : Operation 558 [1/1] (0.00ns) (grouped into TernaryAdder)   --->   "%add_ln840_125 = add i2 %zext_ln840_218, i2 %zext_ln840_56"   --->   Operation 558 'add' 'add_ln840_125' <Predicate = true> <Delay = 0.00> <CoreInst = "TAddSub">   --->   Core 10 'TAddSub' <Latency = 0> <II = 1> <Delay = 0.23> <IPBlock> <Opcode : 'add' 'sub'> <InPorts = 3> <OutPorts = 1> <Sync> <CReg>
ST_1 : Operation 559 [1/1] (0.14ns) (root node of TernaryAdder)   --->   "%add_ln840_126 = add i2 %add_ln840_125, i2 %zext_ln840_217"   --->   Operation 559 'add' 'add_ln840_126' <Predicate = true> <Delay = 0.14> <CoreInst = "TAddSub">   --->   Core 10 'TAddSub' <Latency = 0> <II = 1> <Delay = 0.23> <IPBlock> <Opcode : 'add' 'sub'> <InPorts = 3> <OutPorts = 1> <Sync> <CReg>
ST_1 : Operation 560 [1/1] (0.00ns)   --->   "%zext_ln840_269 = zext i2 %add_ln840_126"   --->   Operation 560 'zext' 'zext_ln840_269' <Predicate = true> <Delay = 0.00>
ST_1 : Operation 561 [1/1] (0.54ns)   --->   "%add_ln840_127 = add i3 %zext_ln840_269, i3 %zext_ln840_268"   --->   Operation 561 'add' 'add_ln840_127' <Predicate = true> <Delay = 0.54> <CoreInst = "Adder">   --->   Core 1 'Adder' <Latency = 0> <II = 1> <Delay = 0.54> <FuncUnit> <Opcode : 'add' 'sub'> <InPorts = 2> <OutPorts = 1>
ST_1 : Operation 562 [1/1] (0.00ns)   --->   "%zext_ln840_270 = zext i3 %add_ln840_127"   --->   Operation 562 'zext' 'zext_ln840_270' <Predicate = true> <Delay = 0.00>
ST_1 : Operation 563 [1/1] (0.54ns)   --->   "%add_ln840_128 = add i2 %zext_ln840_58, i2 %zext_ln840_219"   --->   Operation 563 'add' 'add_ln840_128' <Predicate = true> <Delay = 0.54> <CoreInst = "Adder">   --->   Core 1 'Adder' <Latency = 0> <II = 1> <Delay = 0.54> <FuncUnit> <Opcode : 'add' 'sub'> <InPorts = 2> <OutPorts = 1>
ST_1 : Operation 564 [1/1] (0.00ns)   --->   "%zext_ln840_271 = zext i2 %add_ln840_128"   --->   Operation 564 'zext' 'zext_ln840_271' <Predicate = true> <Delay = 0.00>
ST_1 : Operation 565 [1/1] (0.54ns)   --->   "%add_ln840_129 = add i2 %zext_ln840_65, i2 %zext_ln840_220"   --->   Operation 565 'add' 'add_ln840_129' <Predicate = true> <Delay = 0.54> <CoreInst = "Adder">   --->   Core 1 'Adder' <Latency = 0> <II = 1> <Delay = 0.54> <FuncUnit> <Opcode : 'add' 'sub'> <InPorts = 2> <OutPorts = 1>
ST_1 : Operation 566 [1/1] (0.54ns)   --->   "%add_ln840_130 = add i2 %add_ln840_129, i2 %zext_ln840_61"   --->   Operation 566 'add' 'add_ln840_130' <Predicate = true> <Delay = 0.54> <CoreInst = "Adder">   --->   Core 1 'Adder' <Latency = 0> <II = 1> <Delay = 0.54> <FuncUnit> <Opcode : 'add' 'sub'> <InPorts = 2> <OutPorts = 1>
ST_1 : Operation 567 [1/1] (0.00ns)   --->   "%zext_ln840_272 = zext i2 %add_ln840_130"   --->   Operation 567 'zext' 'zext_ln840_272' <Predicate = true> <Delay = 0.00>
ST_1 : Operation 568 [1/1] (0.54ns)   --->   "%add_ln840_131 = add i3 %zext_ln840_272, i3 %zext_ln840_271"   --->   Operation 568 'add' 'add_ln840_131' <Predicate = true> <Delay = 0.54> <CoreInst = "Adder">   --->   Core 1 'Adder' <Latency = 0> <II = 1> <Delay = 0.54> <FuncUnit> <Opcode : 'add' 'sub'> <InPorts = 2> <OutPorts = 1>
ST_1 : Operation 569 [1/1] (0.00ns)   --->   "%zext_ln840_273 = zext i3 %add_ln840_131"   --->   Operation 569 'zext' 'zext_ln840_273' <Predicate = true> <Delay = 0.00>
ST_1 : Operation 570 [1/1] (0.67ns)   --->   "%add_ln840_132 = add i4 %zext_ln840_273, i4 %zext_ln840_270"   --->   Operation 570 'add' 'add_ln840_132' <Predicate = true> <Delay = 0.67> <CoreInst = "Adder">   --->   Core 1 'Adder' <Latency = 0> <II = 1> <Delay = 0.67> <FuncUnit> <Opcode : 'add' 'sub'> <InPorts = 2> <OutPorts = 1>
ST_1 : Operation 571 [1/1] (0.00ns)   --->   "%zext_ln840_274 = zext i4 %add_ln840_132"   --->   Operation 571 'zext' 'zext_ln840_274' <Predicate = true> <Delay = 0.00>
ST_1 : Operation 572 [1/1] (0.54ns)   --->   "%add_ln840_133 = add i2 %zext_ln840_68, i2 %zext_ln840_72"   --->   Operation 572 'add' 'add_ln840_133' <Predicate = true> <Delay = 0.54> <CoreInst = "Adder">   --->   Core 1 'Adder' <Latency = 0> <II = 1> <Delay = 0.54> <FuncUnit> <Opcode : 'add' 'sub'> <InPorts = 2> <OutPorts = 1>
ST_1 : Operation 573 [1/1] (0.00ns)   --->   "%zext_ln840_275 = zext i2 %add_ln840_133"   --->   Operation 573 'zext' 'zext_ln840_275' <Predicate = true> <Delay = 0.00>
ST_1 : Operation 574 [1/1] (0.54ns)   --->   "%add_ln840_134 = add i2 %zext_ln840_76, i2 %zext_ln840_78"   --->   Operation 574 'add' 'add_ln840_134' <Predicate = true> <Delay = 0.54> <CoreInst = "Adder">   --->   Core 1 'Adder' <Latency = 0> <II = 1> <Delay = 0.54> <FuncUnit> <Opcode : 'add' 'sub'> <InPorts = 2> <OutPorts = 1>
ST_1 : Operation 575 [1/1] (0.54ns)   --->   "%add_ln840_135 = add i2 %add_ln840_134, i2 %zext_ln840_74"   --->   Operation 575 'add' 'add_ln840_135' <Predicate = true> <Delay = 0.54> <CoreInst = "Adder">   --->   Core 1 'Adder' <Latency = 0> <II = 1> <Delay = 0.54> <FuncUnit> <Opcode : 'add' 'sub'> <InPorts = 2> <OutPorts = 1>
ST_1 : Operation 576 [1/1] (0.00ns)   --->   "%zext_ln840_276 = zext i2 %add_ln840_135"   --->   Operation 576 'zext' 'zext_ln840_276' <Predicate = true> <Delay = 0.00>
ST_1 : Operation 577 [1/1] (0.54ns)   --->   "%add_ln840_136 = add i3 %zext_ln840_276, i3 %zext_ln840_275"   --->   Operation 577 'add' 'add_ln840_136' <Predicate = true> <Delay = 0.54> <CoreInst = "Adder">   --->   Core 1 'Adder' <Latency = 0> <II = 1> <Delay = 0.54> <FuncUnit> <Opcode : 'add' 'sub'> <InPorts = 2> <OutPorts = 1>
ST_1 : Operation 578 [1/1] (0.00ns)   --->   "%zext_ln840_277 = zext i3 %add_ln840_136"   --->   Operation 578 'zext' 'zext_ln840_277' <Predicate = true> <Delay = 0.00>
ST_1 : Operation 579 [1/1] (0.54ns)   --->   "%add_ln840_137 = add i2 %zext_ln840_80, i2 %zext_ln840_82"   --->   Operation 579 'add' 'add_ln840_137' <Predicate = true> <Delay = 0.54> <CoreInst = "Adder">   --->   Core 1 'Adder' <Latency = 0> <II = 1> <Delay = 0.54> <FuncUnit> <Opcode : 'add' 'sub'> <InPorts = 2> <OutPorts = 1>
ST_1 : Operation 580 [1/1] (0.00ns)   --->   "%zext_ln840_278 = zext i2 %add_ln840_137"   --->   Operation 580 'zext' 'zext_ln840_278' <Predicate = true> <Delay = 0.00>
ST_1 : Operation 581 [1/1] (0.00ns) (grouped into TernaryAdder)   --->   "%add_ln840_138 = add i2 %zext_ln840_85, i2 %zext_ln840_222"   --->   Operation 581 'add' 'add_ln840_138' <Predicate = true> <Delay = 0.00> <CoreInst = "TAddSub">   --->   Core 10 'TAddSub' <Latency = 0> <II = 1> <Delay = 0.23> <IPBlock> <Opcode : 'add' 'sub'> <InPorts = 3> <OutPorts = 1> <Sync> <CReg>
ST_1 : Operation 582 [1/1] (0.14ns) (root node of TernaryAdder)   --->   "%add_ln840_139 = add i2 %add_ln840_138, i2 %zext_ln840_221"   --->   Operation 582 'add' 'add_ln840_139' <Predicate = true> <Delay = 0.14> <CoreInst = "TAddSub">   --->   Core 10 'TAddSub' <Latency = 0> <II = 1> <Delay = 0.23> <IPBlock> <Opcode : 'add' 'sub'> <InPorts = 3> <OutPorts = 1> <Sync> <CReg>
ST_1 : Operation 583 [1/1] (0.00ns)   --->   "%zext_ln840_279 = zext i2 %add_ln840_139"   --->   Operation 583 'zext' 'zext_ln840_279' <Predicate = true> <Delay = 0.00>
ST_1 : Operation 584 [1/1] (0.54ns)   --->   "%add_ln840_140 = add i3 %zext_ln840_279, i3 %zext_ln840_278"   --->   Operation 584 'add' 'add_ln840_140' <Predicate = true> <Delay = 0.54> <CoreInst = "Adder">   --->   Core 1 'Adder' <Latency = 0> <II = 1> <Delay = 0.54> <FuncUnit> <Opcode : 'add' 'sub'> <InPorts = 2> <OutPorts = 1>
ST_1 : Operation 585 [1/1] (0.00ns)   --->   "%zext_ln840_280 = zext i3 %add_ln840_140"   --->   Operation 585 'zext' 'zext_ln840_280' <Predicate = true> <Delay = 0.00>
ST_1 : Operation 586 [1/1] (0.67ns)   --->   "%add_ln840_141 = add i4 %zext_ln840_280, i4 %zext_ln840_277"   --->   Operation 586 'add' 'add_ln840_141' <Predicate = true> <Delay = 0.67> <CoreInst = "Adder">   --->   Core 1 'Adder' <Latency = 0> <II = 1> <Delay = 0.67> <FuncUnit> <Opcode : 'add' 'sub'> <InPorts = 2> <OutPorts = 1>
ST_1 : Operation 587 [1/1] (0.00ns)   --->   "%zext_ln840_281 = zext i4 %add_ln840_141"   --->   Operation 587 'zext' 'zext_ln840_281' <Predicate = true> <Delay = 0.00>
ST_1 : Operation 588 [1/1] (0.79ns)   --->   "%add_ln840_142 = add i5 %zext_ln840_281, i5 %zext_ln840_274"   --->   Operation 588 'add' 'add_ln840_142' <Predicate = true> <Delay = 0.79> <CoreInst = "Adder">   --->   Core 1 'Adder' <Latency = 0> <II = 1> <Delay = 0.79> <FuncUnit> <Opcode : 'add' 'sub'> <InPorts = 2> <OutPorts = 1>
ST_1 : Operation 589 [1/1] (0.00ns)   --->   "%zext_ln840_282 = zext i5 %add_ln840_142"   --->   Operation 589 'zext' 'zext_ln840_282' <Predicate = true> <Delay = 0.00>
ST_1 : Operation 590 [1/1] (0.00ns)   --->   "%zext_ln840_283 = zext i2 %add_ln840_63"   --->   Operation 590 'zext' 'zext_ln840_283' <Predicate = true> <Delay = 0.00>
ST_1 : Operation 591 [1/1] (0.00ns) (grouped into TernaryAdder)   --->   "%add_ln840_143 = add i2 %zext_ln840_97, i2 %zext_ln840_223"   --->   Operation 591 'add' 'add_ln840_143' <Predicate = true> <Delay = 0.00> <CoreInst = "TAddSub">   --->   Core 10 'TAddSub' <Latency = 0> <II = 1> <Delay = 0.23> <IPBlock> <Opcode : 'add' 'sub'> <InPorts = 3> <OutPorts = 1> <Sync> <CReg>
ST_1 : Operation 592 [1/1] (0.14ns) (root node of TernaryAdder)   --->   "%add_ln840_144 = add i2 %add_ln840_143, i2 %zext_ln840_95"   --->   Operation 592 'add' 'add_ln840_144' <Predicate = true> <Delay = 0.14> <CoreInst = "TAddSub">   --->   Core 10 'TAddSub' <Latency = 0> <II = 1> <Delay = 0.23> <IPBlock> <Opcode : 'add' 'sub'> <InPorts = 3> <OutPorts = 1> <Sync> <CReg>
ST_1 : Operation 593 [1/1] (0.00ns)   --->   "%zext_ln840_284 = zext i2 %add_ln840_144"   --->   Operation 593 'zext' 'zext_ln840_284' <Predicate = true> <Delay = 0.00>
ST_1 : Operation 594 [1/1] (0.54ns)   --->   "%add_ln840_145 = add i3 %zext_ln840_284, i3 %zext_ln840_283"   --->   Operation 594 'add' 'add_ln840_145' <Predicate = true> <Delay = 0.54> <CoreInst = "Adder">   --->   Core 1 'Adder' <Latency = 0> <II = 1> <Delay = 0.54> <FuncUnit> <Opcode : 'add' 'sub'> <InPorts = 2> <OutPorts = 1>
ST_1 : Operation 595 [1/1] (0.00ns)   --->   "%zext_ln840_285 = zext i3 %add_ln840_145"   --->   Operation 595 'zext' 'zext_ln840_285' <Predicate = true> <Delay = 0.00>
ST_1 : Operation 596 [1/1] (0.54ns)   --->   "%add_ln840_146 = add i2 %zext_ln840_224, i2 %zext_ln840_225"   --->   Operation 596 'add' 'add_ln840_146' <Predicate = true> <Delay = 0.54> <CoreInst = "Adder">   --->   Core 1 'Adder' <Latency = 0> <II = 1> <Delay = 0.54> <FuncUnit> <Opcode : 'add' 'sub'> <InPorts = 2> <OutPorts = 1>
ST_1 : Operation 597 [1/1] (0.00ns)   --->   "%zext_ln840_286 = zext i2 %add_ln840_146"   --->   Operation 597 'zext' 'zext_ln840_286' <Predicate = true> <Delay = 0.00>
ST_1 : Operation 598 [1/1] (0.54ns)   --->   "%add_ln840_147 = add i2 %add_ln840_71, i2 %zext_ln840_226"   --->   Operation 598 'add' 'add_ln840_147' <Predicate = true> <Delay = 0.54> <CoreInst = "Adder">   --->   Core 1 'Adder' <Latency = 0> <II = 1> <Delay = 0.54> <FuncUnit> <Opcode : 'add' 'sub'> <InPorts = 2> <OutPorts = 1>
ST_1 : Operation 599 [1/1] (0.00ns)   --->   "%zext_ln840_287 = zext i2 %add_ln840_147"   --->   Operation 599 'zext' 'zext_ln840_287' <Predicate = true> <Delay = 0.00>
ST_1 : Operation 600 [1/1] (0.54ns)   --->   "%add_ln840_148 = add i3 %zext_ln840_287, i3 %zext_ln840_286"   --->   Operation 600 'add' 'add_ln840_148' <Predicate = true> <Delay = 0.54> <CoreInst = "Adder">   --->   Core 1 'Adder' <Latency = 0> <II = 1> <Delay = 0.54> <FuncUnit> <Opcode : 'add' 'sub'> <InPorts = 2> <OutPorts = 1>
ST_1 : Operation 601 [1/1] (0.00ns)   --->   "%zext_ln840_288 = zext i3 %add_ln840_148"   --->   Operation 601 'zext' 'zext_ln840_288' <Predicate = true> <Delay = 0.00>
ST_1 : Operation 602 [1/1] (0.67ns)   --->   "%add_ln840_149 = add i4 %zext_ln840_288, i4 %zext_ln840_285"   --->   Operation 602 'add' 'add_ln840_149' <Predicate = true> <Delay = 0.67> <CoreInst = "Adder">   --->   Core 1 'Adder' <Latency = 0> <II = 1> <Delay = 0.67> <FuncUnit> <Opcode : 'add' 'sub'> <InPorts = 2> <OutPorts = 1>
ST_1 : Operation 603 [1/1] (0.00ns)   --->   "%zext_ln840_289 = zext i4 %add_ln840_149"   --->   Operation 603 'zext' 'zext_ln840_289' <Predicate = true> <Delay = 0.00>
ST_1 : Operation 604 [1/1] (0.54ns)   --->   "%add_ln840_150 = add i2 %zext_ln840_227, i2 %zext_ln840_117"   --->   Operation 604 'add' 'add_ln840_150' <Predicate = true> <Delay = 0.54> <CoreInst = "Adder">   --->   Core 1 'Adder' <Latency = 0> <II = 1> <Delay = 0.54> <FuncUnit> <Opcode : 'add' 'sub'> <InPorts = 2> <OutPorts = 1>
ST_1 : Operation 605 [1/1] (0.00ns)   --->   "%zext_ln840_290 = zext i2 %add_ln840_150"   --->   Operation 605 'zext' 'zext_ln840_290' <Predicate = true> <Delay = 0.00>
ST_1 : Operation 606 [1/1] (0.54ns)   --->   "%add_ln840_151 = add i2 %zext_ln840_120, i2 %zext_ln840_229"   --->   Operation 606 'add' 'add_ln840_151' <Predicate = true> <Delay = 0.54> <CoreInst = "Adder">   --->   Core 1 'Adder' <Latency = 0> <II = 1> <Delay = 0.54> <FuncUnit> <Opcode : 'add' 'sub'> <InPorts = 2> <OutPorts = 1>
ST_1 : Operation 607 [1/1] (0.54ns)   --->   "%add_ln840_152 = add i2 %add_ln840_151, i2 %zext_ln840_228"   --->   Operation 607 'add' 'add_ln840_152' <Predicate = true> <Delay = 0.54> <CoreInst = "Adder">   --->   Core 1 'Adder' <Latency = 0> <II = 1> <Delay = 0.54> <FuncUnit> <Opcode : 'add' 'sub'> <InPorts = 2> <OutPorts = 1>
ST_1 : Operation 608 [1/1] (0.00ns)   --->   "%zext_ln840_291 = zext i2 %add_ln840_152"   --->   Operation 608 'zext' 'zext_ln840_291' <Predicate = true> <Delay = 0.00>
ST_1 : Operation 609 [1/1] (0.54ns)   --->   "%add_ln840_153 = add i3 %zext_ln840_291, i3 %zext_ln840_290"   --->   Operation 609 'add' 'add_ln840_153' <Predicate = true> <Delay = 0.54> <CoreInst = "Adder">   --->   Core 1 'Adder' <Latency = 0> <II = 1> <Delay = 0.54> <FuncUnit> <Opcode : 'add' 'sub'> <InPorts = 2> <OutPorts = 1>
ST_1 : Operation 610 [1/1] (0.00ns)   --->   "%zext_ln840_292 = zext i3 %add_ln840_153"   --->   Operation 610 'zext' 'zext_ln840_292' <Predicate = true> <Delay = 0.00>
ST_1 : Operation 611 [1/1] (0.54ns)   --->   "%add_ln840_154 = add i2 %zext_ln840_230, i2 %zext_ln840_127"   --->   Operation 611 'add' 'add_ln840_154' <Predicate = true> <Delay = 0.54> <CoreInst = "Adder">   --->   Core 1 'Adder' <Latency = 0> <II = 1> <Delay = 0.54> <FuncUnit> <Opcode : 'add' 'sub'> <InPorts = 2> <OutPorts = 1>
ST_1 : Operation 612 [1/1] (0.00ns)   --->   "%zext_ln840_293 = zext i2 %add_ln840_154"   --->   Operation 612 'zext' 'zext_ln840_293' <Predicate = true> <Delay = 0.00>
ST_1 : Operation 613 [1/1] (0.67ns)   --->   "%add_ln840_155 = add i3 %zext_ln840_236, i3 %add_ln840_85"   --->   Operation 613 'add' 'add_ln840_155' <Predicate = true> <Delay = 0.67> <CoreInst = "Adder">   --->   Core 1 'Adder' <Latency = 0> <II = 1> <Delay = 0.67> <FuncUnit> <Opcode : 'add' 'sub'> <InPorts = 2> <OutPorts = 1>
ST_1 : Operation 614 [1/1] (0.00ns)   --->   "%zext_ln840_294 = zext i3 %add_ln840_155"   --->   Operation 614 'zext' 'zext_ln840_294' <Predicate = true> <Delay = 0.00>
ST_1 : Operation 615 [1/1] (0.67ns)   --->   "%add_ln840_156 = add i4 %zext_ln840_294, i4 %zext_ln840_233"   --->   Operation 615 'add' 'add_ln840_156' <Predicate = true> <Delay = 0.67> <CoreInst = "Adder">   --->   Core 1 'Adder' <Latency = 0> <II = 1> <Delay = 0.67> <FuncUnit> <Opcode : 'add' 'sub'> <InPorts = 2> <OutPorts = 1>
ST_1 : Operation 616 [1/1] (0.00ns) (grouped into TernaryAdder)   --->   "%add_ln840_157 = add i4 %add_ln840_156, i4 %zext_ln840_293"   --->   Operation 616 'add' 'add_ln840_157' <Predicate = true> <Delay = 0.00> <CoreInst = "TAddSub">   --->   Core 10 'TAddSub' <Latency = 0> <II = 1> <Delay = 0.23> <IPBlock> <Opcode : 'add' 'sub'> <InPorts = 3> <OutPorts = 1> <Sync> <CReg>
ST_1 : Operation 617 [1/1] (0.46ns) (root node of TernaryAdder)   --->   "%add_ln840_158 = add i4 %add_ln840_157, i4 %zext_ln840_292"   --->   Operation 617 'add' 'add_ln840_158' <Predicate = true> <Delay = 0.46> <CoreInst = "TAddSub">   --->   Core 10 'TAddSub' <Latency = 0> <II = 1> <Delay = 0.23> <IPBlock> <Opcode : 'add' 'sub'> <InPorts = 3> <OutPorts = 1> <Sync> <CReg>
ST_1 : Operation 618 [1/1] (0.00ns)   --->   "%zext_ln840_295 = zext i4 %add_ln840_158"   --->   Operation 618 'zext' 'zext_ln840_295' <Predicate = true> <Delay = 0.00>
ST_1 : Operation 619 [1/1] (0.79ns)   --->   "%add_ln840_159 = add i5 %zext_ln840_295, i5 %zext_ln840_289"   --->   Operation 619 'add' 'add_ln840_159' <Predicate = true> <Delay = 0.79> <CoreInst = "Adder">   --->   Core 1 'Adder' <Latency = 0> <II = 1> <Delay = 0.79> <FuncUnit> <Opcode : 'add' 'sub'> <InPorts = 2> <OutPorts = 1>
ST_1 : Operation 620 [1/1] (0.00ns)   --->   "%zext_ln840_296 = zext i5 %add_ln840_159"   --->   Operation 620 'zext' 'zext_ln840_296' <Predicate = true> <Delay = 0.00>
ST_1 : Operation 621 [1/1] (0.78ns)   --->   "%add_ln840_160 = add i6 %zext_ln840_296, i6 %zext_ln840_282"   --->   Operation 621 'add' 'add_ln840_160' <Predicate = true> <Delay = 0.78> <CoreInst = "Adder">   --->   Core 1 'Adder' <Latency = 0> <II = 1> <Delay = 0.78> <FuncUnit> <Opcode : 'add' 'sub'> <InPorts = 2> <OutPorts = 1>
ST_1 : Operation 622 [1/1] (0.00ns)   --->   "%zext_ln840_297 = zext i6 %add_ln840_160"   --->   Operation 622 'zext' 'zext_ln840_297' <Predicate = true> <Delay = 0.00>
ST_1 : Operation 623 [1/1] (0.78ns)   --->   "%add_ln840_161 = add i7 %zext_ln840_297, i7 %zext_ln840_267"   --->   Operation 623 'add' 'add_ln840_161' <Predicate = true> <Delay = 0.78> <CoreInst = "Adder">   --->   Core 1 'Adder' <Latency = 0> <II = 1> <Delay = 0.78> <FuncUnit> <Opcode : 'add' 'sub'> <InPorts = 2> <OutPorts = 1>
ST_1 : Operation 624 [1/1] (0.00ns)   --->   "%zext_ln840_298 = zext i7 %add_ln840_161"   --->   Operation 624 'zext' 'zext_ln840_298' <Predicate = true> <Delay = 0.00>
ST_1 : Operation 625 [1/1] (0.54ns)   --->   "%add_ln840_162 = add i3 %zext_ln840_4, i3 %zext_ln840_205"   --->   Operation 625 'add' 'add_ln840_162' <Predicate = true> <Delay = 0.54> <CoreInst = "Adder">   --->   Core 1 'Adder' <Latency = 0> <II = 1> <Delay = 0.54> <FuncUnit> <Opcode : 'add' 'sub'> <InPorts = 2> <OutPorts = 1>
ST_1 : Operation 626 [1/1] (0.28ns)   --->   "%xor_ln840_76 = xor i1 %tmp_28, i1 1"   --->   Operation 626 'xor' 'xor_ln840_76' <Predicate = true> <Delay = 0.28> <CoreInst = "LogicGate">   --->   Core 74 'LogicGate' <Latency = 0> <II = 1> <Delay = 0.28> <FuncUnit> <Opcode : 'and' 'or' 'xor'> <InPorts = 2> <OutPorts = 1>
ST_1 : Operation 627 [1/1] (0.00ns)   --->   "%zext_ln840_299 = zext i1 %xor_ln840_76"   --->   Operation 627 'zext' 'zext_ln840_299' <Predicate = true> <Delay = 0.00>
ST_1 : Operation 628 [1/1] (0.28ns)   --->   "%xor_ln840_77 = xor i1 %tmp_42, i1 1"   --->   Operation 628 'xor' 'xor_ln840_77' <Predicate = true> <Delay = 0.28> <CoreInst = "LogicGate">   --->   Core 74 'LogicGate' <Latency = 0> <II = 1> <Delay = 0.28> <FuncUnit> <Opcode : 'and' 'or' 'xor'> <InPorts = 2> <OutPorts = 1>
ST_1 : Operation 629 [1/1] (0.00ns)   --->   "%zext_ln840_300 = zext i1 %xor_ln840_77"   --->   Operation 629 'zext' 'zext_ln840_300' <Predicate = true> <Delay = 0.00>
ST_1 : Operation 630 [1/1] (0.28ns)   --->   "%xor_ln840_78 = xor i1 %tmp_43, i1 1"   --->   Operation 630 'xor' 'xor_ln840_78' <Predicate = true> <Delay = 0.28> <CoreInst = "LogicGate">   --->   Core 74 'LogicGate' <Latency = 0> <II = 1> <Delay = 0.28> <FuncUnit> <Opcode : 'and' 'or' 'xor'> <InPorts = 2> <OutPorts = 1>
ST_1 : Operation 631 [1/1] (0.00ns)   --->   "%zext_ln840_301 = zext i1 %xor_ln840_78"   --->   Operation 631 'zext' 'zext_ln840_301' <Predicate = true> <Delay = 0.00>
ST_1 : Operation 632 [1/1] (0.28ns)   --->   "%xor_ln840_79 = xor i1 %tmp_70, i1 1"   --->   Operation 632 'xor' 'xor_ln840_79' <Predicate = true> <Delay = 0.28> <CoreInst = "LogicGate">   --->   Core 74 'LogicGate' <Latency = 0> <II = 1> <Delay = 0.28> <FuncUnit> <Opcode : 'and' 'or' 'xor'> <InPorts = 2> <OutPorts = 1>
ST_1 : Operation 633 [1/1] (0.00ns)   --->   "%zext_ln840_302 = zext i1 %xor_ln840_79"   --->   Operation 633 'zext' 'zext_ln840_302' <Predicate = true> <Delay = 0.00>
ST_1 : Operation 634 [1/1] (0.28ns)   --->   "%xor_ln840_80 = xor i1 %tmp_75, i1 1"   --->   Operation 634 'xor' 'xor_ln840_80' <Predicate = true> <Delay = 0.28> <CoreInst = "LogicGate">   --->   Core 74 'LogicGate' <Latency = 0> <II = 1> <Delay = 0.28> <FuncUnit> <Opcode : 'and' 'or' 'xor'> <InPorts = 2> <OutPorts = 1>
ST_1 : Operation 635 [1/1] (0.00ns)   --->   "%zext_ln840_303 = zext i1 %xor_ln840_80"   --->   Operation 635 'zext' 'zext_ln840_303' <Predicate = true> <Delay = 0.00>
ST_1 : Operation 636 [1/1] (0.54ns)   --->   "%add_ln840_163 = add i2 %zext_ln840_7, i2 %zext_ln840_10"   --->   Operation 636 'add' 'add_ln840_163' <Predicate = true> <Delay = 0.54> <CoreInst = "Adder">   --->   Core 1 'Adder' <Latency = 0> <II = 1> <Delay = 0.54> <FuncUnit> <Opcode : 'add' 'sub'> <InPorts = 2> <OutPorts = 1>
ST_1 : Operation 637 [1/1] (0.00ns)   --->   "%zext_ln840_304 = zext i2 %add_ln840_163"   --->   Operation 637 'zext' 'zext_ln840_304' <Predicate = true> <Delay = 0.00>
ST_1 : Operation 638 [1/1] (0.54ns)   --->   "%add_ln840_164 = add i2 %zext_ln840_9, i2 %zext_ln840_14"   --->   Operation 638 'add' 'add_ln840_164' <Predicate = true> <Delay = 0.54> <CoreInst = "Adder">   --->   Core 1 'Adder' <Latency = 0> <II = 1> <Delay = 0.54> <FuncUnit> <Opcode : 'add' 'sub'> <InPorts = 2> <OutPorts = 1>
ST_1 : Operation 639 [1/1] (0.00ns)   --->   "%zext_ln840_305 = zext i2 %add_ln840_164"   --->   Operation 639 'zext' 'zext_ln840_305' <Predicate = true> <Delay = 0.00>
ST_1 : Operation 640 [1/1] (0.54ns)   --->   "%add_ln840_165 = add i3 %zext_ln840_305, i3 %zext_ln840_304"   --->   Operation 640 'add' 'add_ln840_165' <Predicate = true> <Delay = 0.54> <CoreInst = "Adder">   --->   Core 1 'Adder' <Latency = 0> <II = 1> <Delay = 0.54> <FuncUnit> <Opcode : 'add' 'sub'> <InPorts = 2> <OutPorts = 1>
ST_1 : Operation 641 [1/1] (0.00ns)   --->   "%zext_ln840_306 = zext i3 %add_ln840_165"   --->   Operation 641 'zext' 'zext_ln840_306' <Predicate = true> <Delay = 0.00>
ST_1 : Operation 642 [1/1] (0.54ns)   --->   "%add_ln840_166 = add i2 %zext_ln840_17, i2 %zext_ln840_19"   --->   Operation 642 'add' 'add_ln840_166' <Predicate = true> <Delay = 0.54> <CoreInst = "Adder">   --->   Core 1 'Adder' <Latency = 0> <II = 1> <Delay = 0.54> <FuncUnit> <Opcode : 'add' 'sub'> <InPorts = 2> <OutPorts = 1>
ST_1 : Operation 643 [1/1] (0.00ns)   --->   "%zext_ln840_307 = zext i2 %add_ln840_166"   --->   Operation 643 'zext' 'zext_ln840_307' <Predicate = true> <Delay = 0.00>
ST_1 : Operation 644 [1/1] (0.00ns) (grouped into TernaryAdder)   --->   "%add_ln840_167 = add i2 %zext_ln840_28, i2 %zext_ln840_32"   --->   Operation 644 'add' 'add_ln840_167' <Predicate = true> <Delay = 0.00> <CoreInst = "TAddSub">   --->   Core 10 'TAddSub' <Latency = 0> <II = 1> <Delay = 0.23> <IPBlock> <Opcode : 'add' 'sub'> <InPorts = 3> <OutPorts = 1> <Sync> <CReg>
ST_1 : Operation 645 [1/1] (0.14ns) (root node of TernaryAdder)   --->   "%add_ln840_168 = add i2 %add_ln840_167, i2 %zext_ln840_20"   --->   Operation 645 'add' 'add_ln840_168' <Predicate = true> <Delay = 0.14> <CoreInst = "TAddSub">   --->   Core 10 'TAddSub' <Latency = 0> <II = 1> <Delay = 0.23> <IPBlock> <Opcode : 'add' 'sub'> <InPorts = 3> <OutPorts = 1> <Sync> <CReg>
ST_1 : Operation 646 [1/1] (0.00ns)   --->   "%zext_ln840_308 = zext i2 %add_ln840_168"   --->   Operation 646 'zext' 'zext_ln840_308' <Predicate = true> <Delay = 0.00>
ST_1 : Operation 647 [1/1] (0.54ns)   --->   "%add_ln840_169 = add i3 %zext_ln840_308, i3 %zext_ln840_307"   --->   Operation 647 'add' 'add_ln840_169' <Predicate = true> <Delay = 0.54> <CoreInst = "Adder">   --->   Core 1 'Adder' <Latency = 0> <II = 1> <Delay = 0.54> <FuncUnit> <Opcode : 'add' 'sub'> <InPorts = 2> <OutPorts = 1>
ST_1 : Operation 648 [1/1] (0.00ns)   --->   "%zext_ln840_309 = zext i3 %add_ln840_169"   --->   Operation 648 'zext' 'zext_ln840_309' <Predicate = true> <Delay = 0.00>
ST_1 : Operation 649 [1/1] (0.67ns)   --->   "%add_ln840_170 = add i4 %zext_ln840_309, i4 %zext_ln840_306"   --->   Operation 649 'add' 'add_ln840_170' <Predicate = true> <Delay = 0.67> <CoreInst = "Adder">   --->   Core 1 'Adder' <Latency = 0> <II = 1> <Delay = 0.67> <FuncUnit> <Opcode : 'add' 'sub'> <InPorts = 2> <OutPorts = 1>
ST_1 : Operation 650 [1/1] (0.00ns)   --->   "%zext_ln840_310 = zext i4 %add_ln840_170"   --->   Operation 650 'zext' 'zext_ln840_310' <Predicate = true> <Delay = 0.00>
ST_1 : Operation 651 [1/1] (0.54ns)   --->   "%add_ln840_171 = add i2 %zext_ln840_34, i2 %zext_ln840_38"   --->   Operation 651 'add' 'add_ln840_171' <Predicate = true> <Delay = 0.54> <CoreInst = "Adder">   --->   Core 1 'Adder' <Latency = 0> <II = 1> <Delay = 0.54> <FuncUnit> <Opcode : 'add' 'sub'> <InPorts = 2> <OutPorts = 1>
ST_1 : Operation 652 [1/1] (0.00ns)   --->   "%zext_ln840_311 = zext i2 %add_ln840_171"   --->   Operation 652 'zext' 'zext_ln840_311' <Predicate = true> <Delay = 0.00>
ST_1 : Operation 653 [1/1] (0.00ns) (grouped into TernaryAdder)   --->   "%add_ln840_172 = add i2 %zext_ln840_42, i2 %zext_ln840_50"   --->   Operation 653 'add' 'add_ln840_172' <Predicate = true> <Delay = 0.00> <CoreInst = "TAddSub">   --->   Core 10 'TAddSub' <Latency = 0> <II = 1> <Delay = 0.23> <IPBlock> <Opcode : 'add' 'sub'> <InPorts = 3> <OutPorts = 1> <Sync> <CReg>
ST_1 : Operation 654 [1/1] (0.14ns) (root node of TernaryAdder)   --->   "%add_ln840_173 = add i2 %add_ln840_172, i2 %zext_ln840_39"   --->   Operation 654 'add' 'add_ln840_173' <Predicate = true> <Delay = 0.14> <CoreInst = "TAddSub">   --->   Core 10 'TAddSub' <Latency = 0> <II = 1> <Delay = 0.23> <IPBlock> <Opcode : 'add' 'sub'> <InPorts = 3> <OutPorts = 1> <Sync> <CReg>
ST_1 : Operation 655 [1/1] (0.00ns)   --->   "%zext_ln840_312 = zext i2 %add_ln840_173"   --->   Operation 655 'zext' 'zext_ln840_312' <Predicate = true> <Delay = 0.00>
ST_1 : Operation 656 [1/1] (0.54ns)   --->   "%add_ln840_174 = add i3 %zext_ln840_312, i3 %zext_ln840_311"   --->   Operation 656 'add' 'add_ln840_174' <Predicate = true> <Delay = 0.54> <CoreInst = "Adder">   --->   Core 1 'Adder' <Latency = 0> <II = 1> <Delay = 0.54> <FuncUnit> <Opcode : 'add' 'sub'> <InPorts = 2> <OutPorts = 1>
ST_1 : Operation 657 [1/1] (0.00ns)   --->   "%zext_ln840_313 = zext i3 %add_ln840_174"   --->   Operation 657 'zext' 'zext_ln840_313' <Predicate = true> <Delay = 0.00>
ST_1 : Operation 658 [1/1] (0.54ns)   --->   "%add_ln840_175 = add i2 %zext_ln840_51, i2 %zext_ln840_55"   --->   Operation 658 'add' 'add_ln840_175' <Predicate = true> <Delay = 0.54> <CoreInst = "Adder">   --->   Core 1 'Adder' <Latency = 0> <II = 1> <Delay = 0.54> <FuncUnit> <Opcode : 'add' 'sub'> <InPorts = 2> <OutPorts = 1>
ST_1 : Operation 659 [1/1] (0.00ns)   --->   "%zext_ln840_314 = zext i2 %add_ln840_175"   --->   Operation 659 'zext' 'zext_ln840_314' <Predicate = true> <Delay = 0.00>
ST_1 : Operation 660 [1/1] (0.54ns)   --->   "%add_ln840_176 = add i2 %zext_ln840_71, i2 %zext_ln840_73"   --->   Operation 660 'add' 'add_ln840_176' <Predicate = true> <Delay = 0.54> <CoreInst = "Adder">   --->   Core 1 'Adder' <Latency = 0> <II = 1> <Delay = 0.54> <FuncUnit> <Opcode : 'add' 'sub'> <InPorts = 2> <OutPorts = 1>
ST_1 : Operation 661 [1/1] (0.54ns)   --->   "%add_ln840_177 = add i2 %add_ln840_176, i2 %zext_ln840_60"   --->   Operation 661 'add' 'add_ln840_177' <Predicate = true> <Delay = 0.54> <CoreInst = "Adder">   --->   Core 1 'Adder' <Latency = 0> <II = 1> <Delay = 0.54> <FuncUnit> <Opcode : 'add' 'sub'> <InPorts = 2> <OutPorts = 1>
ST_1 : Operation 662 [1/1] (0.00ns)   --->   "%zext_ln840_315 = zext i2 %add_ln840_177"   --->   Operation 662 'zext' 'zext_ln840_315' <Predicate = true> <Delay = 0.00>
ST_1 : Operation 663 [1/1] (0.54ns)   --->   "%add_ln840_178 = add i3 %zext_ln840_315, i3 %zext_ln840_314"   --->   Operation 663 'add' 'add_ln840_178' <Predicate = true> <Delay = 0.54> <CoreInst = "Adder">   --->   Core 1 'Adder' <Latency = 0> <II = 1> <Delay = 0.54> <FuncUnit> <Opcode : 'add' 'sub'> <InPorts = 2> <OutPorts = 1>
ST_1 : Operation 664 [1/1] (0.00ns)   --->   "%zext_ln840_316 = zext i3 %add_ln840_178"   --->   Operation 664 'zext' 'zext_ln840_316' <Predicate = true> <Delay = 0.00>
ST_1 : Operation 665 [1/1] (0.67ns)   --->   "%add_ln840_179 = add i4 %zext_ln840_316, i4 %zext_ln840_313"   --->   Operation 665 'add' 'add_ln840_179' <Predicate = true> <Delay = 0.67> <CoreInst = "Adder">   --->   Core 1 'Adder' <Latency = 0> <II = 1> <Delay = 0.67> <FuncUnit> <Opcode : 'add' 'sub'> <InPorts = 2> <OutPorts = 1>
ST_1 : Operation 666 [1/1] (0.00ns)   --->   "%zext_ln840_317 = zext i4 %add_ln840_179"   --->   Operation 666 'zext' 'zext_ln840_317' <Predicate = true> <Delay = 0.00>
ST_1 : Operation 667 [1/1] (0.79ns)   --->   "%add_ln840_180 = add i5 %zext_ln840_317, i5 %zext_ln840_310"   --->   Operation 667 'add' 'add_ln840_180' <Predicate = true> <Delay = 0.79> <CoreInst = "Adder">   --->   Core 1 'Adder' <Latency = 0> <II = 1> <Delay = 0.79> <FuncUnit> <Opcode : 'add' 'sub'> <InPorts = 2> <OutPorts = 1>
ST_1 : Operation 668 [1/1] (0.00ns)   --->   "%zext_ln840_318 = zext i5 %add_ln840_180"   --->   Operation 668 'zext' 'zext_ln840_318' <Predicate = true> <Delay = 0.00>
ST_1 : Operation 669 [1/1] (0.54ns)   --->   "%add_ln840_181 = add i2 %zext_ln840_75, i2 %zext_ln840_77"   --->   Operation 669 'add' 'add_ln840_181' <Predicate = true> <Delay = 0.54> <CoreInst = "Adder">   --->   Core 1 'Adder' <Latency = 0> <II = 1> <Delay = 0.54> <FuncUnit> <Opcode : 'add' 'sub'> <InPorts = 2> <OutPorts = 1>
ST_1 : Operation 670 [1/1] (0.00ns)   --->   "%zext_ln840_319 = zext i2 %add_ln840_181"   --->   Operation 670 'zext' 'zext_ln840_319' <Predicate = true> <Delay = 0.00>
ST_1 : Operation 671 [1/1] (0.54ns)   --->   "%add_ln840_182 = add i2 %zext_ln840_86, i2 %zext_ln840_87"   --->   Operation 671 'add' 'add_ln840_182' <Predicate = true> <Delay = 0.54> <CoreInst = "Adder">   --->   Core 1 'Adder' <Latency = 0> <II = 1> <Delay = 0.54> <FuncUnit> <Opcode : 'add' 'sub'> <InPorts = 2> <OutPorts = 1>
ST_1 : Operation 672 [1/1] (0.54ns)   --->   "%add_ln840_183 = add i2 %add_ln840_182, i2 %zext_ln840_79"   --->   Operation 672 'add' 'add_ln840_183' <Predicate = true> <Delay = 0.54> <CoreInst = "Adder">   --->   Core 1 'Adder' <Latency = 0> <II = 1> <Delay = 0.54> <FuncUnit> <Opcode : 'add' 'sub'> <InPorts = 2> <OutPorts = 1>
ST_1 : Operation 673 [1/1] (0.00ns)   --->   "%zext_ln840_320 = zext i2 %add_ln840_183"   --->   Operation 673 'zext' 'zext_ln840_320' <Predicate = true> <Delay = 0.00>
ST_1 : Operation 674 [1/1] (0.54ns)   --->   "%add_ln840_184 = add i3 %zext_ln840_320, i3 %zext_ln840_319"   --->   Operation 674 'add' 'add_ln840_184' <Predicate = true> <Delay = 0.54> <CoreInst = "Adder">   --->   Core 1 'Adder' <Latency = 0> <II = 1> <Delay = 0.54> <FuncUnit> <Opcode : 'add' 'sub'> <InPorts = 2> <OutPorts = 1>
ST_1 : Operation 675 [1/1] (0.00ns)   --->   "%zext_ln840_321 = zext i3 %add_ln840_184"   --->   Operation 675 'zext' 'zext_ln840_321' <Predicate = true> <Delay = 0.00>
ST_1 : Operation 676 [1/1] (0.54ns)   --->   "%add_ln840_185 = add i2 %zext_ln840_88, i2 %zext_ln840_90"   --->   Operation 676 'add' 'add_ln840_185' <Predicate = true> <Delay = 0.54> <CoreInst = "Adder">   --->   Core 1 'Adder' <Latency = 0> <II = 1> <Delay = 0.54> <FuncUnit> <Opcode : 'add' 'sub'> <InPorts = 2> <OutPorts = 1>
ST_1 : Operation 677 [1/1] (0.00ns)   --->   "%zext_ln840_322 = zext i2 %add_ln840_185"   --->   Operation 677 'zext' 'zext_ln840_322' <Predicate = true> <Delay = 0.00>
ST_1 : Operation 678 [1/1] (0.00ns) (grouped into TernaryAdder)   --->   "%add_ln840_186 = add i2 %zext_ln840_94, i2 %zext_ln840_96"   --->   Operation 678 'add' 'add_ln840_186' <Predicate = true> <Delay = 0.00> <CoreInst = "TAddSub">   --->   Core 10 'TAddSub' <Latency = 0> <II = 1> <Delay = 0.23> <IPBlock> <Opcode : 'add' 'sub'> <InPorts = 3> <OutPorts = 1> <Sync> <CReg>
ST_1 : Operation 679 [1/1] (0.14ns) (root node of TernaryAdder)   --->   "%add_ln840_187 = add i2 %add_ln840_186, i2 %zext_ln840_92"   --->   Operation 679 'add' 'add_ln840_187' <Predicate = true> <Delay = 0.14> <CoreInst = "TAddSub">   --->   Core 10 'TAddSub' <Latency = 0> <II = 1> <Delay = 0.23> <IPBlock> <Opcode : 'add' 'sub'> <InPorts = 3> <OutPorts = 1> <Sync> <CReg>
ST_1 : Operation 680 [1/1] (0.00ns)   --->   "%zext_ln840_323 = zext i2 %add_ln840_187"   --->   Operation 680 'zext' 'zext_ln840_323' <Predicate = true> <Delay = 0.00>
ST_1 : Operation 681 [1/1] (0.54ns)   --->   "%add_ln840_188 = add i3 %zext_ln840_323, i3 %zext_ln840_322"   --->   Operation 681 'add' 'add_ln840_188' <Predicate = true> <Delay = 0.54> <CoreInst = "Adder">   --->   Core 1 'Adder' <Latency = 0> <II = 1> <Delay = 0.54> <FuncUnit> <Opcode : 'add' 'sub'> <InPorts = 2> <OutPorts = 1>
ST_1 : Operation 682 [1/1] (0.00ns)   --->   "%zext_ln840_324 = zext i3 %add_ln840_188"   --->   Operation 682 'zext' 'zext_ln840_324' <Predicate = true> <Delay = 0.00>
ST_1 : Operation 683 [1/1] (0.67ns)   --->   "%add_ln840_189 = add i4 %zext_ln840_324, i4 %zext_ln840_321"   --->   Operation 683 'add' 'add_ln840_189' <Predicate = true> <Delay = 0.67> <CoreInst = "Adder">   --->   Core 1 'Adder' <Latency = 0> <II = 1> <Delay = 0.67> <FuncUnit> <Opcode : 'add' 'sub'> <InPorts = 2> <OutPorts = 1>
ST_1 : Operation 684 [1/1] (0.00ns)   --->   "%zext_ln840_325 = zext i4 %add_ln840_189"   --->   Operation 684 'zext' 'zext_ln840_325' <Predicate = true> <Delay = 0.00>
ST_1 : Operation 685 [1/1] (0.54ns)   --->   "%add_ln840_190 = add i2 %zext_ln840_102, i2 %zext_ln840_105"   --->   Operation 685 'add' 'add_ln840_190' <Predicate = true> <Delay = 0.54> <CoreInst = "Adder">   --->   Core 1 'Adder' <Latency = 0> <II = 1> <Delay = 0.54> <FuncUnit> <Opcode : 'add' 'sub'> <InPorts = 2> <OutPorts = 1>
ST_1 : Operation 686 [1/1] (0.00ns)   --->   "%zext_ln840_326 = zext i2 %add_ln840_190"   --->   Operation 686 'zext' 'zext_ln840_326' <Predicate = true> <Delay = 0.00>
ST_1 : Operation 687 [1/1] (0.54ns)   --->   "%add_ln840_191 = add i2 %zext_ln840_108, i2 %zext_ln840_110"   --->   Operation 687 'add' 'add_ln840_191' <Predicate = true> <Delay = 0.54> <CoreInst = "Adder">   --->   Core 1 'Adder' <Latency = 0> <II = 1> <Delay = 0.54> <FuncUnit> <Opcode : 'add' 'sub'> <InPorts = 2> <OutPorts = 1>
ST_1 : Operation 688 [1/1] (0.54ns)   --->   "%add_ln840_192 = add i2 %add_ln840_191, i2 %zext_ln840_106"   --->   Operation 688 'add' 'add_ln840_192' <Predicate = true> <Delay = 0.54> <CoreInst = "Adder">   --->   Core 1 'Adder' <Latency = 0> <II = 1> <Delay = 0.54> <FuncUnit> <Opcode : 'add' 'sub'> <InPorts = 2> <OutPorts = 1>
ST_1 : Operation 689 [1/1] (0.00ns)   --->   "%zext_ln840_327 = zext i2 %add_ln840_192"   --->   Operation 689 'zext' 'zext_ln840_327' <Predicate = true> <Delay = 0.00>
ST_1 : Operation 690 [1/1] (0.54ns)   --->   "%add_ln840_193 = add i3 %zext_ln840_327, i3 %zext_ln840_326"   --->   Operation 690 'add' 'add_ln840_193' <Predicate = true> <Delay = 0.54> <CoreInst = "Adder">   --->   Core 1 'Adder' <Latency = 0> <II = 1> <Delay = 0.54> <FuncUnit> <Opcode : 'add' 'sub'> <InPorts = 2> <OutPorts = 1>
ST_1 : Operation 691 [1/1] (0.00ns)   --->   "%zext_ln840_328 = zext i3 %add_ln840_193"   --->   Operation 691 'zext' 'zext_ln840_328' <Predicate = true> <Delay = 0.00>
ST_1 : Operation 692 [1/1] (0.54ns)   --->   "%add_ln840_194 = add i2 %zext_ln840_112, i2 %zext_ln840_118"   --->   Operation 692 'add' 'add_ln840_194' <Predicate = true> <Delay = 0.54> <CoreInst = "Adder">   --->   Core 1 'Adder' <Latency = 0> <II = 1> <Delay = 0.54> <FuncUnit> <Opcode : 'add' 'sub'> <InPorts = 2> <OutPorts = 1>
ST_1 : Operation 693 [1/1] (0.00ns)   --->   "%zext_ln840_329 = zext i2 %add_ln840_194"   --->   Operation 693 'zext' 'zext_ln840_329' <Predicate = true> <Delay = 0.00>
ST_1 : Operation 694 [1/1] (0.00ns) (grouped into TernaryAdder)   --->   "%add_ln840_195 = add i2 %zext_ln840_128, i2 %zext_ln840_134"   --->   Operation 694 'add' 'add_ln840_195' <Predicate = true> <Delay = 0.00> <CoreInst = "TAddSub">   --->   Core 10 'TAddSub' <Latency = 0> <II = 1> <Delay = 0.23> <IPBlock> <Opcode : 'add' 'sub'> <InPorts = 3> <OutPorts = 1> <Sync> <CReg>
ST_1 : Operation 695 [1/1] (0.14ns) (root node of TernaryAdder)   --->   "%add_ln840_196 = add i2 %add_ln840_195, i2 %zext_ln840_124"   --->   Operation 695 'add' 'add_ln840_196' <Predicate = true> <Delay = 0.14> <CoreInst = "TAddSub">   --->   Core 10 'TAddSub' <Latency = 0> <II = 1> <Delay = 0.23> <IPBlock> <Opcode : 'add' 'sub'> <InPorts = 3> <OutPorts = 1> <Sync> <CReg>
ST_1 : Operation 696 [1/1] (0.00ns)   --->   "%zext_ln840_330 = zext i2 %add_ln840_196"   --->   Operation 696 'zext' 'zext_ln840_330' <Predicate = true> <Delay = 0.00>
ST_1 : Operation 697 [1/1] (0.54ns)   --->   "%add_ln840_197 = add i3 %zext_ln840_330, i3 %zext_ln840_329"   --->   Operation 697 'add' 'add_ln840_197' <Predicate = true> <Delay = 0.54> <CoreInst = "Adder">   --->   Core 1 'Adder' <Latency = 0> <II = 1> <Delay = 0.54> <FuncUnit> <Opcode : 'add' 'sub'> <InPorts = 2> <OutPorts = 1>
ST_1 : Operation 698 [1/1] (0.00ns)   --->   "%zext_ln840_331 = zext i3 %add_ln840_197"   --->   Operation 698 'zext' 'zext_ln840_331' <Predicate = true> <Delay = 0.00>
ST_1 : Operation 699 [1/1] (0.67ns)   --->   "%add_ln840_198 = add i4 %zext_ln840_331, i4 %zext_ln840_328"   --->   Operation 699 'add' 'add_ln840_198' <Predicate = true> <Delay = 0.67> <CoreInst = "Adder">   --->   Core 1 'Adder' <Latency = 0> <II = 1> <Delay = 0.67> <FuncUnit> <Opcode : 'add' 'sub'> <InPorts = 2> <OutPorts = 1>
ST_1 : Operation 700 [1/1] (0.00ns)   --->   "%zext_ln840_332 = zext i4 %add_ln840_198"   --->   Operation 700 'zext' 'zext_ln840_332' <Predicate = true> <Delay = 0.00>
ST_1 : Operation 701 [1/1] (0.79ns)   --->   "%add_ln840_199 = add i5 %zext_ln840_332, i5 %zext_ln840_325"   --->   Operation 701 'add' 'add_ln840_199' <Predicate = true> <Delay = 0.79> <CoreInst = "Adder">   --->   Core 1 'Adder' <Latency = 0> <II = 1> <Delay = 0.79> <FuncUnit> <Opcode : 'add' 'sub'> <InPorts = 2> <OutPorts = 1>
ST_1 : Operation 702 [1/1] (0.00ns)   --->   "%zext_ln840_333 = zext i5 %add_ln840_199"   --->   Operation 702 'zext' 'zext_ln840_333' <Predicate = true> <Delay = 0.00>
ST_1 : Operation 703 [1/1] (0.78ns)   --->   "%add_ln840_200 = add i6 %zext_ln840_333, i6 %zext_ln840_318"   --->   Operation 703 'add' 'add_ln840_200' <Predicate = true> <Delay = 0.78> <CoreInst = "Adder">   --->   Core 1 'Adder' <Latency = 0> <II = 1> <Delay = 0.78> <FuncUnit> <Opcode : 'add' 'sub'> <InPorts = 2> <OutPorts = 1>
ST_1 : Operation 704 [1/1] (0.00ns)   --->   "%zext_ln840_334 = zext i6 %add_ln840_200"   --->   Operation 704 'zext' 'zext_ln840_334' <Predicate = true> <Delay = 0.00>
ST_1 : Operation 705 [1/1] (0.54ns)   --->   "%add_ln840_201 = add i2 %zext_ln840_16, i2 %zext_ln840_23"   --->   Operation 705 'add' 'add_ln840_201' <Predicate = true> <Delay = 0.54> <CoreInst = "Adder">   --->   Core 1 'Adder' <Latency = 0> <II = 1> <Delay = 0.54> <FuncUnit> <Opcode : 'add' 'sub'> <InPorts = 2> <OutPorts = 1>
ST_1 : Operation 706 [1/1] (0.00ns)   --->   "%zext_ln840_335 = zext i2 %add_ln840_201"   --->   Operation 706 'zext' 'zext_ln840_335' <Predicate = true> <Delay = 0.00>
ST_1 : Operation 707 [1/1] (0.00ns) (grouped into TernaryAdder)   --->   "%add_ln840_202 = add i2 %zext_ln840_27, i2 %zext_ln840_210"   --->   Operation 707 'add' 'add_ln840_202' <Predicate = true> <Delay = 0.00> <CoreInst = "TAddSub">   --->   Core 10 'TAddSub' <Latency = 0> <II = 1> <Delay = 0.23> <IPBlock> <Opcode : 'add' 'sub'> <InPorts = 3> <OutPorts = 1> <Sync> <CReg>
ST_1 : Operation 708 [1/1] (0.14ns) (root node of TernaryAdder)   --->   "%add_ln840_203 = add i2 %add_ln840_202, i2 %zext_ln840_25"   --->   Operation 708 'add' 'add_ln840_203' <Predicate = true> <Delay = 0.14> <CoreInst = "TAddSub">   --->   Core 10 'TAddSub' <Latency = 0> <II = 1> <Delay = 0.23> <IPBlock> <Opcode : 'add' 'sub'> <InPorts = 3> <OutPorts = 1> <Sync> <CReg>
ST_1 : Operation 709 [1/1] (0.00ns)   --->   "%zext_ln840_336 = zext i2 %add_ln840_203"   --->   Operation 709 'zext' 'zext_ln840_336' <Predicate = true> <Delay = 0.00>
ST_1 : Operation 710 [1/1] (0.54ns)   --->   "%add_ln840_204 = add i3 %zext_ln840_336, i3 %zext_ln840_335"   --->   Operation 710 'add' 'add_ln840_204' <Predicate = true> <Delay = 0.54> <CoreInst = "Adder">   --->   Core 1 'Adder' <Latency = 0> <II = 1> <Delay = 0.54> <FuncUnit> <Opcode : 'add' 'sub'> <InPorts = 2> <OutPorts = 1>
ST_1 : Operation 711 [1/1] (0.00ns)   --->   "%zext_ln840_337 = zext i3 %add_ln840_204"   --->   Operation 711 'zext' 'zext_ln840_337' <Predicate = true> <Delay = 0.00>
ST_1 : Operation 712 [1/1] (0.54ns)   --->   "%add_ln840_205 = add i2 %zext_ln840_211, i2 %zext_ln840_213"   --->   Operation 712 'add' 'add_ln840_205' <Predicate = true> <Delay = 0.54> <CoreInst = "Adder">   --->   Core 1 'Adder' <Latency = 0> <II = 1> <Delay = 0.54> <FuncUnit> <Opcode : 'add' 'sub'> <InPorts = 2> <OutPorts = 1>
ST_1 : Operation 713 [1/1] (0.00ns)   --->   "%zext_ln840_338 = zext i2 %add_ln840_205"   --->   Operation 713 'zext' 'zext_ln840_338' <Predicate = true> <Delay = 0.00>
ST_1 : Operation 714 [1/1] (0.00ns) (grouped into TernaryAdder)   --->   "%add_ln840_206 = add i2 %zext_ln840_214, i2 %zext_ln840_44"   --->   Operation 714 'add' 'add_ln840_206' <Predicate = true> <Delay = 0.00> <CoreInst = "TAddSub">   --->   Core 10 'TAddSub' <Latency = 0> <II = 1> <Delay = 0.23> <IPBlock> <Opcode : 'add' 'sub'> <InPorts = 3> <OutPorts = 1> <Sync> <CReg>
ST_1 : Operation 715 [1/1] (0.14ns) (root node of TernaryAdder)   --->   "%add_ln840_207 = add i2 %add_ln840_206, i2 %zext_ln840_37"   --->   Operation 715 'add' 'add_ln840_207' <Predicate = true> <Delay = 0.14> <CoreInst = "TAddSub">   --->   Core 10 'TAddSub' <Latency = 0> <II = 1> <Delay = 0.23> <IPBlock> <Opcode : 'add' 'sub'> <InPorts = 3> <OutPorts = 1> <Sync> <CReg>
ST_1 : Operation 716 [1/1] (0.00ns)   --->   "%zext_ln840_339 = zext i2 %add_ln840_207"   --->   Operation 716 'zext' 'zext_ln840_339' <Predicate = true> <Delay = 0.00>
ST_1 : Operation 717 [1/1] (0.54ns)   --->   "%add_ln840_208 = add i3 %zext_ln840_339, i3 %zext_ln840_338"   --->   Operation 717 'add' 'add_ln840_208' <Predicate = true> <Delay = 0.54> <CoreInst = "Adder">   --->   Core 1 'Adder' <Latency = 0> <II = 1> <Delay = 0.54> <FuncUnit> <Opcode : 'add' 'sub'> <InPorts = 2> <OutPorts = 1>
ST_1 : Operation 718 [1/1] (0.00ns)   --->   "%zext_ln840_340 = zext i3 %add_ln840_208"   --->   Operation 718 'zext' 'zext_ln840_340' <Predicate = true> <Delay = 0.00>
ST_1 : Operation 719 [1/1] (0.67ns)   --->   "%add_ln840_209 = add i4 %zext_ln840_340, i4 %zext_ln840_337"   --->   Operation 719 'add' 'add_ln840_209' <Predicate = true> <Delay = 0.67> <CoreInst = "Adder">   --->   Core 1 'Adder' <Latency = 0> <II = 1> <Delay = 0.67> <FuncUnit> <Opcode : 'add' 'sub'> <InPorts = 2> <OutPorts = 1>
ST_1 : Operation 720 [1/1] (0.00ns)   --->   "%zext_ln840_341 = zext i4 %add_ln840_209"   --->   Operation 720 'zext' 'zext_ln840_341' <Predicate = true> <Delay = 0.00>
ST_1 : Operation 721 [1/1] (0.54ns)   --->   "%add_ln840_210 = add i2 %zext_ln840_46, i2 %zext_ln840_299"   --->   Operation 721 'add' 'add_ln840_210' <Predicate = true> <Delay = 0.54> <CoreInst = "Adder">   --->   Core 1 'Adder' <Latency = 0> <II = 1> <Delay = 0.54> <FuncUnit> <Opcode : 'add' 'sub'> <InPorts = 2> <OutPorts = 1>
ST_1 : Operation 722 [1/1] (0.00ns)   --->   "%zext_ln840_342 = zext i2 %add_ln840_210"   --->   Operation 722 'zext' 'zext_ln840_342' <Predicate = true> <Delay = 0.00>
ST_1 : Operation 723 [1/1] (0.54ns)   --->   "%add_ln840_211 = add i2 %zext_ln840_218, i2 %zext_ln840_54"   --->   Operation 723 'add' 'add_ln840_211' <Predicate = true> <Delay = 0.54> <CoreInst = "Adder">   --->   Core 1 'Adder' <Latency = 0> <II = 1> <Delay = 0.54> <FuncUnit> <Opcode : 'add' 'sub'> <InPorts = 2> <OutPorts = 1>
ST_1 : Operation 724 [1/1] (0.54ns)   --->   "%add_ln840_212 = add i2 %add_ln840_211, i2 %zext_ln840_49"   --->   Operation 724 'add' 'add_ln840_212' <Predicate = true> <Delay = 0.54> <CoreInst = "Adder">   --->   Core 1 'Adder' <Latency = 0> <II = 1> <Delay = 0.54> <FuncUnit> <Opcode : 'add' 'sub'> <InPorts = 2> <OutPorts = 1>
ST_1 : Operation 725 [1/1] (0.00ns)   --->   "%zext_ln840_343 = zext i2 %add_ln840_212"   --->   Operation 725 'zext' 'zext_ln840_343' <Predicate = true> <Delay = 0.00>
ST_1 : Operation 726 [1/1] (0.54ns)   --->   "%add_ln840_213 = add i3 %zext_ln840_343, i3 %zext_ln840_342"   --->   Operation 726 'add' 'add_ln840_213' <Predicate = true> <Delay = 0.54> <CoreInst = "Adder">   --->   Core 1 'Adder' <Latency = 0> <II = 1> <Delay = 0.54> <FuncUnit> <Opcode : 'add' 'sub'> <InPorts = 2> <OutPorts = 1>
ST_1 : Operation 727 [1/1] (0.00ns)   --->   "%zext_ln840_344 = zext i3 %add_ln840_213"   --->   Operation 727 'zext' 'zext_ln840_344' <Predicate = true> <Delay = 0.00>
ST_1 : Operation 728 [1/1] (0.54ns)   --->   "%add_ln840_214 = add i2 %add_ln840_129, i2 %zext_ln840_63"   --->   Operation 728 'add' 'add_ln840_214' <Predicate = true> <Delay = 0.54> <CoreInst = "Adder">   --->   Core 1 'Adder' <Latency = 0> <II = 1> <Delay = 0.54> <FuncUnit> <Opcode : 'add' 'sub'> <InPorts = 2> <OutPorts = 1>
ST_1 : Operation 729 [1/1] (0.00ns)   --->   "%zext_ln840_345 = zext i2 %add_ln840_214"   --->   Operation 729 'zext' 'zext_ln840_345' <Predicate = true> <Delay = 0.00>
ST_1 : Operation 730 [1/1] (0.54ns)   --->   "%add_ln840_215 = add i3 %zext_ln840_345, i3 %zext_ln840_271"   --->   Operation 730 'add' 'add_ln840_215' <Predicate = true> <Delay = 0.54> <CoreInst = "Adder">   --->   Core 1 'Adder' <Latency = 0> <II = 1> <Delay = 0.54> <FuncUnit> <Opcode : 'add' 'sub'> <InPorts = 2> <OutPorts = 1>
ST_1 : Operation 731 [1/1] (0.00ns)   --->   "%zext_ln840_346 = zext i3 %add_ln840_215"   --->   Operation 731 'zext' 'zext_ln840_346' <Predicate = true> <Delay = 0.00>
ST_1 : Operation 732 [1/1] (0.67ns)   --->   "%add_ln840_216 = add i4 %zext_ln840_346, i4 %zext_ln840_344"   --->   Operation 732 'add' 'add_ln840_216' <Predicate = true> <Delay = 0.67> <CoreInst = "Adder">   --->   Core 1 'Adder' <Latency = 0> <II = 1> <Delay = 0.67> <FuncUnit> <Opcode : 'add' 'sub'> <InPorts = 2> <OutPorts = 1>
ST_1 : Operation 733 [1/1] (0.00ns)   --->   "%zext_ln840_347 = zext i4 %add_ln840_216"   --->   Operation 733 'zext' 'zext_ln840_347' <Predicate = true> <Delay = 0.00>
ST_1 : Operation 734 [1/1] (0.79ns)   --->   "%add_ln840_217 = add i5 %zext_ln840_347, i5 %zext_ln840_341"   --->   Operation 734 'add' 'add_ln840_217' <Predicate = true> <Delay = 0.79> <CoreInst = "Adder">   --->   Core 1 'Adder' <Latency = 0> <II = 1> <Delay = 0.79> <FuncUnit> <Opcode : 'add' 'sub'> <InPorts = 2> <OutPorts = 1>
ST_1 : Operation 735 [1/1] (0.00ns)   --->   "%zext_ln840_348 = zext i5 %add_ln840_217"   --->   Operation 735 'zext' 'zext_ln840_348' <Predicate = true> <Delay = 0.00>
ST_1 : Operation 736 [1/1] (0.54ns)   --->   "%add_ln840_218 = add i2 %zext_ln840_68, i2 %zext_ln840_300"   --->   Operation 736 'add' 'add_ln840_218' <Predicate = true> <Delay = 0.54> <CoreInst = "Adder">   --->   Core 1 'Adder' <Latency = 0> <II = 1> <Delay = 0.54> <FuncUnit> <Opcode : 'add' 'sub'> <InPorts = 2> <OutPorts = 1>
ST_1 : Operation 737 [1/1] (0.00ns)   --->   "%zext_ln840_349 = zext i2 %add_ln840_218"   --->   Operation 737 'zext' 'zext_ln840_349' <Predicate = true> <Delay = 0.00>
ST_1 : Operation 738 [1/1] (0.00ns) (grouped into TernaryAdder)   --->   "%add_ln840_219 = add i2 %zext_ln840_82, i2 %zext_ln840_221"   --->   Operation 738 'add' 'add_ln840_219' <Predicate = true> <Delay = 0.00> <CoreInst = "TAddSub">   --->   Core 10 'TAddSub' <Latency = 0> <II = 1> <Delay = 0.23> <IPBlock> <Opcode : 'add' 'sub'> <InPorts = 3> <OutPorts = 1> <Sync> <CReg>
ST_1 : Operation 739 [1/1] (0.14ns) (root node of TernaryAdder)   --->   "%add_ln840_220 = add i2 %add_ln840_219, i2 %zext_ln840_301"   --->   Operation 739 'add' 'add_ln840_220' <Predicate = true> <Delay = 0.14> <CoreInst = "TAddSub">   --->   Core 10 'TAddSub' <Latency = 0> <II = 1> <Delay = 0.23> <IPBlock> <Opcode : 'add' 'sub'> <InPorts = 3> <OutPorts = 1> <Sync> <CReg>
ST_1 : Operation 740 [1/1] (0.00ns)   --->   "%zext_ln840_350 = zext i2 %add_ln840_220"   --->   Operation 740 'zext' 'zext_ln840_350' <Predicate = true> <Delay = 0.00>
ST_1 : Operation 741 [1/1] (0.54ns)   --->   "%add_ln840_221 = add i3 %zext_ln840_350, i3 %zext_ln840_349"   --->   Operation 741 'add' 'add_ln840_221' <Predicate = true> <Delay = 0.54> <CoreInst = "Adder">   --->   Core 1 'Adder' <Latency = 0> <II = 1> <Delay = 0.54> <FuncUnit> <Opcode : 'add' 'sub'> <InPorts = 2> <OutPorts = 1>
ST_1 : Operation 742 [1/1] (0.00ns)   --->   "%zext_ln840_351 = zext i3 %add_ln840_221"   --->   Operation 742 'zext' 'zext_ln840_351' <Predicate = true> <Delay = 0.00>
ST_1 : Operation 743 [1/1] (0.54ns)   --->   "%add_ln840_222 = add i2 %zext_ln840_85, i2 %zext_ln840_99"   --->   Operation 743 'add' 'add_ln840_222' <Predicate = true> <Delay = 0.54> <CoreInst = "Adder">   --->   Core 1 'Adder' <Latency = 0> <II = 1> <Delay = 0.54> <FuncUnit> <Opcode : 'add' 'sub'> <InPorts = 2> <OutPorts = 1>
ST_1 : Operation 744 [1/1] (0.00ns)   --->   "%zext_ln840_352 = zext i2 %add_ln840_222"   --->   Operation 744 'zext' 'zext_ln840_352' <Predicate = true> <Delay = 0.00>
ST_1 : Operation 745 [1/1] (0.00ns) (grouped into TernaryAdder)   --->   "%add_ln840_223 = add i2 %zext_ln840_224, i2 %zext_ln840_104"   --->   Operation 745 'add' 'add_ln840_223' <Predicate = true> <Delay = 0.00> <CoreInst = "TAddSub">   --->   Core 10 'TAddSub' <Latency = 0> <II = 1> <Delay = 0.23> <IPBlock> <Opcode : 'add' 'sub'> <InPorts = 3> <OutPorts = 1> <Sync> <CReg>
ST_1 : Operation 746 [1/1] (0.14ns) (root node of TernaryAdder)   --->   "%add_ln840_224 = add i2 %add_ln840_223, i2 %zext_ln840_223"   --->   Operation 746 'add' 'add_ln840_224' <Predicate = true> <Delay = 0.14> <CoreInst = "TAddSub">   --->   Core 10 'TAddSub' <Latency = 0> <II = 1> <Delay = 0.23> <IPBlock> <Opcode : 'add' 'sub'> <InPorts = 3> <OutPorts = 1> <Sync> <CReg>
ST_1 : Operation 747 [1/1] (0.00ns)   --->   "%zext_ln840_353 = zext i2 %add_ln840_224"   --->   Operation 747 'zext' 'zext_ln840_353' <Predicate = true> <Delay = 0.00>
ST_1 : Operation 748 [1/1] (0.54ns)   --->   "%add_ln840_225 = add i3 %zext_ln840_353, i3 %zext_ln840_352"   --->   Operation 748 'add' 'add_ln840_225' <Predicate = true> <Delay = 0.54> <CoreInst = "Adder">   --->   Core 1 'Adder' <Latency = 0> <II = 1> <Delay = 0.54> <FuncUnit> <Opcode : 'add' 'sub'> <InPorts = 2> <OutPorts = 1>
ST_1 : Operation 749 [1/1] (0.00ns)   --->   "%zext_ln840_354 = zext i3 %add_ln840_225"   --->   Operation 749 'zext' 'zext_ln840_354' <Predicate = true> <Delay = 0.00>
ST_1 : Operation 750 [1/1] (0.67ns)   --->   "%add_ln840_226 = add i4 %zext_ln840_354, i4 %zext_ln840_351"   --->   Operation 750 'add' 'add_ln840_226' <Predicate = true> <Delay = 0.67> <CoreInst = "Adder">   --->   Core 1 'Adder' <Latency = 0> <II = 1> <Delay = 0.67> <FuncUnit> <Opcode : 'add' 'sub'> <InPorts = 2> <OutPorts = 1>
ST_1 : Operation 751 [1/1] (0.00ns)   --->   "%zext_ln840_355 = zext i4 %add_ln840_226"   --->   Operation 751 'zext' 'zext_ln840_355' <Predicate = true> <Delay = 0.00>
ST_1 : Operation 752 [1/1] (0.54ns)   --->   "%add_ln840_227 = add i2 %zext_ln840_114, i2 %zext_ln840_302"   --->   Operation 752 'add' 'add_ln840_227' <Predicate = true> <Delay = 0.54> <CoreInst = "Adder">   --->   Core 1 'Adder' <Latency = 0> <II = 1> <Delay = 0.54> <FuncUnit> <Opcode : 'add' 'sub'> <InPorts = 2> <OutPorts = 1>
ST_1 : Operation 753 [1/1] (0.00ns)   --->   "%zext_ln840_356 = zext i2 %add_ln840_227"   --->   Operation 753 'zext' 'zext_ln840_356' <Predicate = true> <Delay = 0.00>
ST_1 : Operation 754 [1/1] (0.54ns)   --->   "%add_ln840_228 = add i2 %add_ln840_151, i2 %zext_ln840_117"   --->   Operation 754 'add' 'add_ln840_228' <Predicate = true> <Delay = 0.54> <CoreInst = "Adder">   --->   Core 1 'Adder' <Latency = 0> <II = 1> <Delay = 0.54> <FuncUnit> <Opcode : 'add' 'sub'> <InPorts = 2> <OutPorts = 1>
ST_1 : Operation 755 [1/1] (0.00ns)   --->   "%zext_ln840_357 = zext i2 %add_ln840_228"   --->   Operation 755 'zext' 'zext_ln840_357' <Predicate = true> <Delay = 0.00>
ST_1 : Operation 756 [1/1] (0.54ns)   --->   "%add_ln840_229 = add i3 %zext_ln840_357, i3 %zext_ln840_356"   --->   Operation 756 'add' 'add_ln840_229' <Predicate = true> <Delay = 0.54> <CoreInst = "Adder">   --->   Core 1 'Adder' <Latency = 0> <II = 1> <Delay = 0.54> <FuncUnit> <Opcode : 'add' 'sub'> <InPorts = 2> <OutPorts = 1>
ST_1 : Operation 757 [1/1] (0.00ns)   --->   "%zext_ln840_358 = zext i3 %add_ln840_229"   --->   Operation 757 'zext' 'zext_ln840_358' <Predicate = true> <Delay = 0.00>
ST_1 : Operation 758 [1/1] (0.54ns)   --->   "%add_ln840_230 = add i2 %zext_ln840_303, i2 %zext_ln840_127"   --->   Operation 758 'add' 'add_ln840_230' <Predicate = true> <Delay = 0.54> <CoreInst = "Adder">   --->   Core 1 'Adder' <Latency = 0> <II = 1> <Delay = 0.54> <FuncUnit> <Opcode : 'add' 'sub'> <InPorts = 2> <OutPorts = 1>
ST_1 : Operation 759 [1/1] (0.00ns)   --->   "%zext_ln840_359 = zext i2 %add_ln840_230"   --->   Operation 759 'zext' 'zext_ln840_359' <Predicate = true> <Delay = 0.00>
ST_1 : Operation 760 [1/1] (0.67ns)   --->   "%add_ln840_231 = add i3 %add_ln840_162, i3 %zext_ln840_236"   --->   Operation 760 'add' 'add_ln840_231' <Predicate = true> <Delay = 0.67> <CoreInst = "Adder">   --->   Core 1 'Adder' <Latency = 0> <II = 1> <Delay = 0.67> <FuncUnit> <Opcode : 'add' 'sub'> <InPorts = 2> <OutPorts = 1>
ST_1 : Operation 761 [1/1] (0.00ns)   --->   "%zext_ln840_360 = zext i3 %add_ln840_231"   --->   Operation 761 'zext' 'zext_ln840_360' <Predicate = true> <Delay = 0.00>
ST_1 : Operation 762 [1/1] (0.67ns)   --->   "%add_ln840_232 = add i4 %zext_ln840_360, i4 %zext_ln840_132"   --->   Operation 762 'add' 'add_ln840_232' <Predicate = true> <Delay = 0.67> <CoreInst = "Adder">   --->   Core 1 'Adder' <Latency = 0> <II = 1> <Delay = 0.67> <FuncUnit> <Opcode : 'add' 'sub'> <InPorts = 2> <OutPorts = 1>
ST_1 : Operation 763 [1/1] (0.00ns) (grouped into TernaryAdder)   --->   "%add_ln840_233 = add i4 %add_ln840_232, i4 %zext_ln840_359"   --->   Operation 763 'add' 'add_ln840_233' <Predicate = true> <Delay = 0.00> <CoreInst = "TAddSub">   --->   Core 10 'TAddSub' <Latency = 0> <II = 1> <Delay = 0.23> <IPBlock> <Opcode : 'add' 'sub'> <InPorts = 3> <OutPorts = 1> <Sync> <CReg>
ST_1 : Operation 764 [1/1] (0.46ns) (root node of TernaryAdder)   --->   "%add_ln840_234 = add i4 %add_ln840_233, i4 %zext_ln840_358"   --->   Operation 764 'add' 'add_ln840_234' <Predicate = true> <Delay = 0.46> <CoreInst = "TAddSub">   --->   Core 10 'TAddSub' <Latency = 0> <II = 1> <Delay = 0.23> <IPBlock> <Opcode : 'add' 'sub'> <InPorts = 3> <OutPorts = 1> <Sync> <CReg>
ST_1 : Operation 765 [1/1] (0.00ns)   --->   "%zext_ln840_361 = zext i4 %add_ln840_234"   --->   Operation 765 'zext' 'zext_ln840_361' <Predicate = true> <Delay = 0.00>
ST_1 : Operation 766 [1/1] (0.79ns)   --->   "%add_ln840_235 = add i5 %zext_ln840_361, i5 %zext_ln840_355"   --->   Operation 766 'add' 'add_ln840_235' <Predicate = true> <Delay = 0.79> <CoreInst = "Adder">   --->   Core 1 'Adder' <Latency = 0> <II = 1> <Delay = 0.79> <FuncUnit> <Opcode : 'add' 'sub'> <InPorts = 2> <OutPorts = 1>
ST_1 : Operation 767 [1/1] (0.00ns)   --->   "%zext_ln840_362 = zext i5 %add_ln840_235"   --->   Operation 767 'zext' 'zext_ln840_362' <Predicate = true> <Delay = 0.00>
ST_1 : Operation 768 [1/1] (0.78ns)   --->   "%add_ln840_236 = add i6 %zext_ln840_362, i6 %zext_ln840_348"   --->   Operation 768 'add' 'add_ln840_236' <Predicate = true> <Delay = 0.78> <CoreInst = "Adder">   --->   Core 1 'Adder' <Latency = 0> <II = 1> <Delay = 0.78> <FuncUnit> <Opcode : 'add' 'sub'> <InPorts = 2> <OutPorts = 1>
ST_1 : Operation 769 [1/1] (0.00ns)   --->   "%zext_ln840_363 = zext i6 %add_ln840_236"   --->   Operation 769 'zext' 'zext_ln840_363' <Predicate = true> <Delay = 0.00>
ST_1 : Operation 770 [1/1] (0.78ns)   --->   "%add_ln840_237 = add i7 %zext_ln840_363, i7 %zext_ln840_334"   --->   Operation 770 'add' 'add_ln840_237' <Predicate = true> <Delay = 0.78> <CoreInst = "Adder">   --->   Core 1 'Adder' <Latency = 0> <II = 1> <Delay = 0.78> <FuncUnit> <Opcode : 'add' 'sub'> <InPorts = 2> <OutPorts = 1>
ST_1 : Operation 771 [1/1] (0.00ns)   --->   "%zext_ln840_364 = zext i7 %add_ln840_237"   --->   Operation 771 'zext' 'zext_ln840_364' <Predicate = true> <Delay = 0.00>
ST_1 : Operation 772 [1/1] (0.28ns)   --->   "%xor_ln840_81 = xor i1 %tmp_7, i1 1"   --->   Operation 772 'xor' 'xor_ln840_81' <Predicate = true> <Delay = 0.28> <CoreInst = "LogicGate">   --->   Core 74 'LogicGate' <Latency = 0> <II = 1> <Delay = 0.28> <FuncUnit> <Opcode : 'and' 'or' 'xor'> <InPorts = 2> <OutPorts = 1>
ST_1 : Operation 773 [1/1] (0.00ns)   --->   "%zext_ln840_365 = zext i1 %xor_ln840_81"   --->   Operation 773 'zext' 'zext_ln840_365' <Predicate = true> <Delay = 0.00>
ST_1 : Operation 774 [1/1] (0.54ns)   --->   "%add_ln840_238 = add i2 %zext_ln840_234, i2 %zext_ln840_12"   --->   Operation 774 'add' 'add_ln840_238' <Predicate = true> <Delay = 0.54> <CoreInst = "Adder">   --->   Core 1 'Adder' <Latency = 0> <II = 1> <Delay = 0.54> <FuncUnit> <Opcode : 'add' 'sub'> <InPorts = 2> <OutPorts = 1>
ST_1 : Operation 775 [1/1] (0.00ns)   --->   "%zext_ln840_366 = zext i2 %add_ln840_238"   --->   Operation 775 'zext' 'zext_ln840_366' <Predicate = true> <Delay = 0.00>
ST_1 : Operation 776 [1/1] (0.54ns)   --->   "%add_ln840_239 = add i2 %add_ln840_238, i2 %zext_ln840_134"   --->   Operation 776 'add' 'add_ln840_239' <Predicate = true> <Delay = 0.54> <CoreInst = "Adder">   --->   Core 1 'Adder' <Latency = 0> <II = 1> <Delay = 0.54> <FuncUnit> <Opcode : 'add' 'sub'> <InPorts = 2> <OutPorts = 1>
ST_1 : Operation 777 [1/1] (0.00ns)   --->   "%zext_ln840_367 = zext i2 %add_ln840_239"   --->   Operation 777 'zext' 'zext_ln840_367' <Predicate = true> <Delay = 0.00>
ST_1 : Operation 778 [1/1] (0.54ns)   --->   "%add_ln840_240 = add i2 %zext_ln840_8, i2 %zext_ln840_6"   --->   Operation 778 'add' 'add_ln840_240' <Predicate = true> <Delay = 0.54> <CoreInst = "Adder">   --->   Core 1 'Adder' <Latency = 0> <II = 1> <Delay = 0.54> <FuncUnit> <Opcode : 'add' 'sub'> <InPorts = 2> <OutPorts = 1>
ST_1 : Operation 779 [1/1] (0.54ns)   --->   "%add_ln840_241 = add i2 %add_ln840_240, i2 %zext_ln840_11"   --->   Operation 779 'add' 'add_ln840_241' <Predicate = true> <Delay = 0.54> <CoreInst = "Adder">   --->   Core 1 'Adder' <Latency = 0> <II = 1> <Delay = 0.54> <FuncUnit> <Opcode : 'add' 'sub'> <InPorts = 2> <OutPorts = 1>
ST_1 : Operation 780 [1/1] (0.00ns)   --->   "%zext_ln840_368 = zext i2 %add_ln840_241"   --->   Operation 780 'zext' 'zext_ln840_368' <Predicate = true> <Delay = 0.00>
ST_1 : Operation 781 [1/1] (0.54ns)   --->   "%add_ln840_242 = add i2 %zext_ln840_15, i2 %zext_ln840_17"   --->   Operation 781 'add' 'add_ln840_242' <Predicate = true> <Delay = 0.54> <CoreInst = "Adder">   --->   Core 1 'Adder' <Latency = 0> <II = 1> <Delay = 0.54> <FuncUnit> <Opcode : 'add' 'sub'> <InPorts = 2> <OutPorts = 1>
ST_1 : Operation 782 [1/1] (0.00ns)   --->   "%zext_ln840_369 = zext i2 %add_ln840_242"   --->   Operation 782 'zext' 'zext_ln840_369' <Predicate = true> <Delay = 0.00>
ST_1 : Operation 783 [1/1] (0.54ns)   --->   "%add_ln840_243 = add i3 %zext_ln840_369, i3 %zext_ln840_368"   --->   Operation 783 'add' 'add_ln840_243' <Predicate = true> <Delay = 0.54> <CoreInst = "Adder">   --->   Core 1 'Adder' <Latency = 0> <II = 1> <Delay = 0.54> <FuncUnit> <Opcode : 'add' 'sub'> <InPorts = 2> <OutPorts = 1>
ST_1 : Operation 784 [1/1] (0.00ns)   --->   "%zext_ln840_370 = zext i3 %add_ln840_243"   --->   Operation 784 'zext' 'zext_ln840_370' <Predicate = true> <Delay = 0.00>
ST_1 : Operation 785 [1/1] (0.54ns)   --->   "%add_ln840_244 = add i2 %zext_ln840_20, i2 %zext_ln840_22"   --->   Operation 785 'add' 'add_ln840_244' <Predicate = true> <Delay = 0.54> <CoreInst = "Adder">   --->   Core 1 'Adder' <Latency = 0> <II = 1> <Delay = 0.54> <FuncUnit> <Opcode : 'add' 'sub'> <InPorts = 2> <OutPorts = 1>
ST_1 : Operation 786 [1/1] (0.00ns)   --->   "%zext_ln840_371 = zext i2 %add_ln840_244"   --->   Operation 786 'zext' 'zext_ln840_371' <Predicate = true> <Delay = 0.00>
ST_1 : Operation 787 [1/1] (0.54ns)   --->   "%add_ln840_245 = add i2 %zext_ln840_28, i2 %zext_ln840_30"   --->   Operation 787 'add' 'add_ln840_245' <Predicate = true> <Delay = 0.54> <CoreInst = "Adder">   --->   Core 1 'Adder' <Latency = 0> <II = 1> <Delay = 0.54> <FuncUnit> <Opcode : 'add' 'sub'> <InPorts = 2> <OutPorts = 1>
ST_1 : Operation 788 [1/1] (0.54ns)   --->   "%add_ln840_246 = add i2 %add_ln840_245, i2 %zext_ln840_26"   --->   Operation 788 'add' 'add_ln840_246' <Predicate = true> <Delay = 0.54> <CoreInst = "Adder">   --->   Core 1 'Adder' <Latency = 0> <II = 1> <Delay = 0.54> <FuncUnit> <Opcode : 'add' 'sub'> <InPorts = 2> <OutPorts = 1>
ST_1 : Operation 789 [1/1] (0.00ns)   --->   "%zext_ln840_372 = zext i2 %add_ln840_246"   --->   Operation 789 'zext' 'zext_ln840_372' <Predicate = true> <Delay = 0.00>
ST_1 : Operation 790 [1/1] (0.54ns)   --->   "%add_ln840_247 = add i3 %zext_ln840_372, i3 %zext_ln840_371"   --->   Operation 790 'add' 'add_ln840_247' <Predicate = true> <Delay = 0.54> <CoreInst = "Adder">   --->   Core 1 'Adder' <Latency = 0> <II = 1> <Delay = 0.54> <FuncUnit> <Opcode : 'add' 'sub'> <InPorts = 2> <OutPorts = 1>
ST_1 : Operation 791 [1/1] (0.00ns)   --->   "%zext_ln840_373 = zext i3 %add_ln840_247"   --->   Operation 791 'zext' 'zext_ln840_373' <Predicate = true> <Delay = 0.00>
ST_1 : Operation 792 [1/1] (0.67ns)   --->   "%add_ln840_248 = add i4 %zext_ln840_373, i4 %zext_ln840_370"   --->   Operation 792 'add' 'add_ln840_248' <Predicate = true> <Delay = 0.67> <CoreInst = "Adder">   --->   Core 1 'Adder' <Latency = 0> <II = 1> <Delay = 0.67> <FuncUnit> <Opcode : 'add' 'sub'> <InPorts = 2> <OutPorts = 1>
ST_1 : Operation 793 [1/1] (0.00ns)   --->   "%zext_ln840_374 = zext i4 %add_ln840_248"   --->   Operation 793 'zext' 'zext_ln840_374' <Predicate = true> <Delay = 0.00>
ST_1 : Operation 794 [1/1] (0.54ns)   --->   "%add_ln840_249 = add i2 %zext_ln840_31, i2 %zext_ln840_32"   --->   Operation 794 'add' 'add_ln840_249' <Predicate = true> <Delay = 0.54> <CoreInst = "Adder">   --->   Core 1 'Adder' <Latency = 0> <II = 1> <Delay = 0.54> <FuncUnit> <Opcode : 'add' 'sub'> <InPorts = 2> <OutPorts = 1>
ST_1 : Operation 795 [1/1] (0.00ns)   --->   "%zext_ln840_375 = zext i2 %add_ln840_249"   --->   Operation 795 'zext' 'zext_ln840_375' <Predicate = true> <Delay = 0.00>
ST_1 : Operation 796 [1/1] (0.00ns) (grouped into TernaryAdder)   --->   "%add_ln840_250 = add i2 %zext_ln840_39, i2 %zext_ln840_41"   --->   Operation 796 'add' 'add_ln840_250' <Predicate = true> <Delay = 0.00> <CoreInst = "TAddSub">   --->   Core 10 'TAddSub' <Latency = 0> <II = 1> <Delay = 0.23> <IPBlock> <Opcode : 'add' 'sub'> <InPorts = 3> <OutPorts = 1> <Sync> <CReg>
ST_1 : Operation 797 [1/1] (0.14ns) (root node of TernaryAdder)   --->   "%add_ln840_251 = add i2 %add_ln840_250, i2 %zext_ln840_38"   --->   Operation 797 'add' 'add_ln840_251' <Predicate = true> <Delay = 0.14> <CoreInst = "TAddSub">   --->   Core 10 'TAddSub' <Latency = 0> <II = 1> <Delay = 0.23> <IPBlock> <Opcode : 'add' 'sub'> <InPorts = 3> <OutPorts = 1> <Sync> <CReg>
ST_1 : Operation 798 [1/1] (0.00ns)   --->   "%zext_ln840_376 = zext i2 %add_ln840_251"   --->   Operation 798 'zext' 'zext_ln840_376' <Predicate = true> <Delay = 0.00>
ST_1 : Operation 799 [1/1] (0.54ns)   --->   "%add_ln840_252 = add i3 %zext_ln840_376, i3 %zext_ln840_375"   --->   Operation 799 'add' 'add_ln840_252' <Predicate = true> <Delay = 0.54> <CoreInst = "Adder">   --->   Core 1 'Adder' <Latency = 0> <II = 1> <Delay = 0.54> <FuncUnit> <Opcode : 'add' 'sub'> <InPorts = 2> <OutPorts = 1>
ST_1 : Operation 800 [1/1] (0.00ns)   --->   "%zext_ln840_377 = zext i3 %add_ln840_252"   --->   Operation 800 'zext' 'zext_ln840_377' <Predicate = true> <Delay = 0.00>
ST_1 : Operation 801 [1/1] (0.54ns)   --->   "%add_ln840_253 = add i2 %zext_ln840_42, i2 %zext_ln840_47"   --->   Operation 801 'add' 'add_ln840_253' <Predicate = true> <Delay = 0.54> <CoreInst = "Adder">   --->   Core 1 'Adder' <Latency = 0> <II = 1> <Delay = 0.54> <FuncUnit> <Opcode : 'add' 'sub'> <InPorts = 2> <OutPorts = 1>
ST_1 : Operation 802 [1/1] (0.00ns)   --->   "%zext_ln840_378 = zext i2 %add_ln840_253"   --->   Operation 802 'zext' 'zext_ln840_378' <Predicate = true> <Delay = 0.00>
ST_1 : Operation 803 [1/1] (0.54ns)   --->   "%add_ln840_254 = add i2 %add_ln840_17, i2 %zext_ln840_50"   --->   Operation 803 'add' 'add_ln840_254' <Predicate = true> <Delay = 0.54> <CoreInst = "Adder">   --->   Core 1 'Adder' <Latency = 0> <II = 1> <Delay = 0.54> <FuncUnit> <Opcode : 'add' 'sub'> <InPorts = 2> <OutPorts = 1>
ST_1 : Operation 804 [1/1] (0.00ns)   --->   "%zext_ln840_379 = zext i2 %add_ln840_254"   --->   Operation 804 'zext' 'zext_ln840_379' <Predicate = true> <Delay = 0.00>
ST_1 : Operation 805 [1/1] (0.54ns)   --->   "%add_ln840_255 = add i3 %zext_ln840_379, i3 %zext_ln840_378"   --->   Operation 805 'add' 'add_ln840_255' <Predicate = true> <Delay = 0.54> <CoreInst = "Adder">   --->   Core 1 'Adder' <Latency = 0> <II = 1> <Delay = 0.54> <FuncUnit> <Opcode : 'add' 'sub'> <InPorts = 2> <OutPorts = 1>
ST_1 : Operation 806 [1/1] (0.00ns)   --->   "%zext_ln840_380 = zext i3 %add_ln840_255"   --->   Operation 806 'zext' 'zext_ln840_380' <Predicate = true> <Delay = 0.00>
ST_1 : Operation 807 [1/1] (0.67ns)   --->   "%add_ln840_256 = add i4 %zext_ln840_380, i4 %zext_ln840_377"   --->   Operation 807 'add' 'add_ln840_256' <Predicate = true> <Delay = 0.67> <CoreInst = "Adder">   --->   Core 1 'Adder' <Latency = 0> <II = 1> <Delay = 0.67> <FuncUnit> <Opcode : 'add' 'sub'> <InPorts = 2> <OutPorts = 1>
ST_1 : Operation 808 [1/1] (0.00ns)   --->   "%zext_ln840_381 = zext i4 %add_ln840_256"   --->   Operation 808 'zext' 'zext_ln840_381' <Predicate = true> <Delay = 0.00>
ST_1 : Operation 809 [1/1] (0.79ns)   --->   "%add_ln840_257 = add i5 %zext_ln840_381, i5 %zext_ln840_374"   --->   Operation 809 'add' 'add_ln840_257' <Predicate = true> <Delay = 0.79> <CoreInst = "Adder">   --->   Core 1 'Adder' <Latency = 0> <II = 1> <Delay = 0.79> <FuncUnit> <Opcode : 'add' 'sub'> <InPorts = 2> <OutPorts = 1>
ST_1 : Operation 810 [1/1] (0.00ns)   --->   "%zext_ln840_382 = zext i5 %add_ln840_257"   --->   Operation 810 'zext' 'zext_ln840_382' <Predicate = true> <Delay = 0.00>
ST_1 : Operation 811 [1/1] (0.54ns)   --->   "%add_ln840_258 = add i2 %zext_ln840_57, i2 %zext_ln840_59"   --->   Operation 811 'add' 'add_ln840_258' <Predicate = true> <Delay = 0.54> <CoreInst = "Adder">   --->   Core 1 'Adder' <Latency = 0> <II = 1> <Delay = 0.54> <FuncUnit> <Opcode : 'add' 'sub'> <InPorts = 2> <OutPorts = 1>
ST_1 : Operation 812 [1/1] (0.00ns)   --->   "%zext_ln840_383 = zext i2 %add_ln840_258"   --->   Operation 812 'zext' 'zext_ln840_383' <Predicate = true> <Delay = 0.00>
ST_1 : Operation 813 [1/1] (0.54ns)   --->   "%add_ln840_259 = add i2 %zext_ln840_64, i2 %zext_ln840_67"   --->   Operation 813 'add' 'add_ln840_259' <Predicate = true> <Delay = 0.54> <CoreInst = "Adder">   --->   Core 1 'Adder' <Latency = 0> <II = 1> <Delay = 0.54> <FuncUnit> <Opcode : 'add' 'sub'> <InPorts = 2> <OutPorts = 1>
ST_1 : Operation 814 [1/1] (0.54ns)   --->   "%add_ln840_260 = add i2 %add_ln840_259, i2 %zext_ln840_60"   --->   Operation 814 'add' 'add_ln840_260' <Predicate = true> <Delay = 0.54> <CoreInst = "Adder">   --->   Core 1 'Adder' <Latency = 0> <II = 1> <Delay = 0.54> <FuncUnit> <Opcode : 'add' 'sub'> <InPorts = 2> <OutPorts = 1>
ST_1 : Operation 815 [1/1] (0.00ns)   --->   "%zext_ln840_384 = zext i2 %add_ln840_260"   --->   Operation 815 'zext' 'zext_ln840_384' <Predicate = true> <Delay = 0.00>
ST_1 : Operation 816 [1/1] (0.54ns)   --->   "%add_ln840_261 = add i3 %zext_ln840_384, i3 %zext_ln840_383"   --->   Operation 816 'add' 'add_ln840_261' <Predicate = true> <Delay = 0.54> <CoreInst = "Adder">   --->   Core 1 'Adder' <Latency = 0> <II = 1> <Delay = 0.54> <FuncUnit> <Opcode : 'add' 'sub'> <InPorts = 2> <OutPorts = 1>
ST_1 : Operation 817 [1/1] (0.00ns)   --->   "%zext_ln840_385 = zext i3 %add_ln840_261"   --->   Operation 817 'zext' 'zext_ln840_385' <Predicate = true> <Delay = 0.00>
ST_1 : Operation 818 [1/1] (0.54ns)   --->   "%add_ln840_262 = add i2 %zext_ln840_73, i2 %zext_ln840_77"   --->   Operation 818 'add' 'add_ln840_262' <Predicate = true> <Delay = 0.54> <CoreInst = "Adder">   --->   Core 1 'Adder' <Latency = 0> <II = 1> <Delay = 0.54> <FuncUnit> <Opcode : 'add' 'sub'> <InPorts = 2> <OutPorts = 1>
ST_1 : Operation 819 [1/1] (0.00ns)   --->   "%zext_ln840_386 = zext i2 %add_ln840_262"   --->   Operation 819 'zext' 'zext_ln840_386' <Predicate = true> <Delay = 0.00>
ST_1 : Operation 820 [1/1] (0.54ns)   --->   "%add_ln840_263 = add i2 %add_ln840_182, i2 %zext_ln840_81"   --->   Operation 820 'add' 'add_ln840_263' <Predicate = true> <Delay = 0.54> <CoreInst = "Adder">   --->   Core 1 'Adder' <Latency = 0> <II = 1> <Delay = 0.54> <FuncUnit> <Opcode : 'add' 'sub'> <InPorts = 2> <OutPorts = 1>
ST_1 : Operation 821 [1/1] (0.00ns)   --->   "%zext_ln840_387 = zext i2 %add_ln840_263"   --->   Operation 821 'zext' 'zext_ln840_387' <Predicate = true> <Delay = 0.00>
ST_1 : Operation 822 [1/1] (0.54ns)   --->   "%add_ln840_264 = add i3 %zext_ln840_387, i3 %zext_ln840_386"   --->   Operation 822 'add' 'add_ln840_264' <Predicate = true> <Delay = 0.54> <CoreInst = "Adder">   --->   Core 1 'Adder' <Latency = 0> <II = 1> <Delay = 0.54> <FuncUnit> <Opcode : 'add' 'sub'> <InPorts = 2> <OutPorts = 1>
ST_1 : Operation 823 [1/1] (0.00ns)   --->   "%zext_ln840_388 = zext i3 %add_ln840_264"   --->   Operation 823 'zext' 'zext_ln840_388' <Predicate = true> <Delay = 0.00>
ST_1 : Operation 824 [1/1] (0.67ns)   --->   "%add_ln840_265 = add i4 %zext_ln840_388, i4 %zext_ln840_385"   --->   Operation 824 'add' 'add_ln840_265' <Predicate = true> <Delay = 0.67> <CoreInst = "Adder">   --->   Core 1 'Adder' <Latency = 0> <II = 1> <Delay = 0.67> <FuncUnit> <Opcode : 'add' 'sub'> <InPorts = 2> <OutPorts = 1>
ST_1 : Operation 825 [1/1] (0.00ns)   --->   "%zext_ln840_389 = zext i4 %add_ln840_265"   --->   Operation 825 'zext' 'zext_ln840_389' <Predicate = true> <Delay = 0.00>
ST_1 : Operation 826 [1/1] (0.54ns)   --->   "%add_ln840_266 = add i2 %zext_ln840_88, i2 %zext_ln840_92"   --->   Operation 826 'add' 'add_ln840_266' <Predicate = true> <Delay = 0.54> <CoreInst = "Adder">   --->   Core 1 'Adder' <Latency = 0> <II = 1> <Delay = 0.54> <FuncUnit> <Opcode : 'add' 'sub'> <InPorts = 2> <OutPorts = 1>
ST_1 : Operation 827 [1/1] (0.00ns)   --->   "%zext_ln840_390 = zext i2 %add_ln840_266"   --->   Operation 827 'zext' 'zext_ln840_390' <Predicate = true> <Delay = 0.00>
ST_1 : Operation 828 [1/1] (0.00ns) (grouped into TernaryAdder)   --->   "%add_ln840_267 = add i2 %zext_ln840_96, i2 %zext_ln840_98"   --->   Operation 828 'add' 'add_ln840_267' <Predicate = true> <Delay = 0.00> <CoreInst = "TAddSub">   --->   Core 10 'TAddSub' <Latency = 0> <II = 1> <Delay = 0.23> <IPBlock> <Opcode : 'add' 'sub'> <InPorts = 3> <OutPorts = 1> <Sync> <CReg>
ST_1 : Operation 829 [1/1] (0.14ns) (root node of TernaryAdder)   --->   "%add_ln840_268 = add i2 %add_ln840_267, i2 %zext_ln840_94"   --->   Operation 829 'add' 'add_ln840_268' <Predicate = true> <Delay = 0.14> <CoreInst = "TAddSub">   --->   Core 10 'TAddSub' <Latency = 0> <II = 1> <Delay = 0.23> <IPBlock> <Opcode : 'add' 'sub'> <InPorts = 3> <OutPorts = 1> <Sync> <CReg>
ST_1 : Operation 830 [1/1] (0.00ns)   --->   "%zext_ln840_391 = zext i2 %add_ln840_268"   --->   Operation 830 'zext' 'zext_ln840_391' <Predicate = true> <Delay = 0.00>
ST_1 : Operation 831 [1/1] (0.54ns)   --->   "%add_ln840_269 = add i3 %zext_ln840_391, i3 %zext_ln840_390"   --->   Operation 831 'add' 'add_ln840_269' <Predicate = true> <Delay = 0.54> <CoreInst = "Adder">   --->   Core 1 'Adder' <Latency = 0> <II = 1> <Delay = 0.54> <FuncUnit> <Opcode : 'add' 'sub'> <InPorts = 2> <OutPorts = 1>
ST_1 : Operation 832 [1/1] (0.00ns)   --->   "%zext_ln840_392 = zext i3 %add_ln840_269"   --->   Operation 832 'zext' 'zext_ln840_392' <Predicate = true> <Delay = 0.00>
ST_1 : Operation 833 [1/1] (0.54ns)   --->   "%add_ln840_270 = add i2 %zext_ln840_100, i2 %zext_ln840_106"   --->   Operation 833 'add' 'add_ln840_270' <Predicate = true> <Delay = 0.54> <CoreInst = "Adder">   --->   Core 1 'Adder' <Latency = 0> <II = 1> <Delay = 0.54> <FuncUnit> <Opcode : 'add' 'sub'> <InPorts = 2> <OutPorts = 1>
ST_1 : Operation 834 [1/1] (0.00ns)   --->   "%zext_ln840_393 = zext i2 %add_ln840_270"   --->   Operation 834 'zext' 'zext_ln840_393' <Predicate = true> <Delay = 0.00>
ST_1 : Operation 835 [1/1] (0.00ns) (grouped into TernaryAdder)   --->   "%add_ln840_271 = add i2 %zext_ln840_110, i2 %zext_ln840_113"   --->   Operation 835 'add' 'add_ln840_271' <Predicate = true> <Delay = 0.00> <CoreInst = "TAddSub">   --->   Core 10 'TAddSub' <Latency = 0> <II = 1> <Delay = 0.23> <IPBlock> <Opcode : 'add' 'sub'> <InPorts = 3> <OutPorts = 1> <Sync> <CReg>
ST_1 : Operation 836 [1/1] (0.14ns) (root node of TernaryAdder)   --->   "%add_ln840_272 = add i2 %add_ln840_271, i2 %zext_ln840_108"   --->   Operation 836 'add' 'add_ln840_272' <Predicate = true> <Delay = 0.14> <CoreInst = "TAddSub">   --->   Core 10 'TAddSub' <Latency = 0> <II = 1> <Delay = 0.23> <IPBlock> <Opcode : 'add' 'sub'> <InPorts = 3> <OutPorts = 1> <Sync> <CReg>
ST_1 : Operation 837 [1/1] (0.00ns)   --->   "%zext_ln840_394 = zext i2 %add_ln840_272"   --->   Operation 837 'zext' 'zext_ln840_394' <Predicate = true> <Delay = 0.00>
ST_1 : Operation 838 [1/1] (0.54ns)   --->   "%add_ln840_273 = add i3 %zext_ln840_394, i3 %zext_ln840_393"   --->   Operation 838 'add' 'add_ln840_273' <Predicate = true> <Delay = 0.54> <CoreInst = "Adder">   --->   Core 1 'Adder' <Latency = 0> <II = 1> <Delay = 0.54> <FuncUnit> <Opcode : 'add' 'sub'> <InPorts = 2> <OutPorts = 1>
ST_1 : Operation 839 [1/1] (0.00ns)   --->   "%zext_ln840_395 = zext i3 %add_ln840_273"   --->   Operation 839 'zext' 'zext_ln840_395' <Predicate = true> <Delay = 0.00>
ST_1 : Operation 840 [1/1] (0.67ns)   --->   "%add_ln840_274 = add i4 %zext_ln840_395, i4 %zext_ln840_392"   --->   Operation 840 'add' 'add_ln840_274' <Predicate = true> <Delay = 0.67> <CoreInst = "Adder">   --->   Core 1 'Adder' <Latency = 0> <II = 1> <Delay = 0.67> <FuncUnit> <Opcode : 'add' 'sub'> <InPorts = 2> <OutPorts = 1>
ST_1 : Operation 841 [1/1] (0.00ns)   --->   "%zext_ln840_396 = zext i4 %add_ln840_274"   --->   Operation 841 'zext' 'zext_ln840_396' <Predicate = true> <Delay = 0.00>
ST_1 : Operation 842 [1/1] (0.79ns)   --->   "%add_ln840_275 = add i5 %zext_ln840_396, i5 %zext_ln840_389"   --->   Operation 842 'add' 'add_ln840_275' <Predicate = true> <Delay = 0.79> <CoreInst = "Adder">   --->   Core 1 'Adder' <Latency = 0> <II = 1> <Delay = 0.79> <FuncUnit> <Opcode : 'add' 'sub'> <InPorts = 2> <OutPorts = 1>
ST_1 : Operation 843 [1/1] (0.00ns)   --->   "%zext_ln840_397 = zext i5 %add_ln840_275"   --->   Operation 843 'zext' 'zext_ln840_397' <Predicate = true> <Delay = 0.00>
ST_1 : Operation 844 [1/1] (0.78ns)   --->   "%add_ln840_276 = add i6 %zext_ln840_397, i6 %zext_ln840_382"   --->   Operation 844 'add' 'add_ln840_276' <Predicate = true> <Delay = 0.78> <CoreInst = "Adder">   --->   Core 1 'Adder' <Latency = 0> <II = 1> <Delay = 0.78> <FuncUnit> <Opcode : 'add' 'sub'> <InPorts = 2> <OutPorts = 1>
ST_1 : Operation 845 [1/1] (0.00ns)   --->   "%zext_ln840_398 = zext i6 %add_ln840_276"   --->   Operation 845 'zext' 'zext_ln840_398' <Predicate = true> <Delay = 0.00>
ST_1 : Operation 846 [1/1] (0.54ns)   --->   "%add_ln840_277 = add i2 %zext_ln840_121, i2 %zext_ln840_365"   --->   Operation 846 'add' 'add_ln840_277' <Predicate = true> <Delay = 0.54> <CoreInst = "Adder">   --->   Core 1 'Adder' <Latency = 0> <II = 1> <Delay = 0.54> <FuncUnit> <Opcode : 'add' 'sub'> <InPorts = 2> <OutPorts = 1>
ST_1 : Operation 847 [1/1] (0.00ns)   --->   "%zext_ln840_399 = zext i2 %add_ln840_277"   --->   Operation 847 'zext' 'zext_ln840_399' <Predicate = true> <Delay = 0.00>
ST_1 : Operation 848 [1/1] (0.54ns)   --->   "%add_ln840_278 = add i2 %zext_ln840_209, i2 %zext_ln840_25"   --->   Operation 848 'add' 'add_ln840_278' <Predicate = true> <Delay = 0.54> <CoreInst = "Adder">   --->   Core 1 'Adder' <Latency = 0> <II = 1> <Delay = 0.54> <FuncUnit> <Opcode : 'add' 'sub'> <InPorts = 2> <OutPorts = 1>
ST_1 : Operation 849 [1/1] (0.00ns)   --->   "%zext_ln840_400 = zext i2 %add_ln840_278"   --->   Operation 849 'zext' 'zext_ln840_400' <Predicate = true> <Delay = 0.00>
ST_1 : Operation 850 [1/1] (0.54ns)   --->   "%add_ln840_279 = add i3 %zext_ln840_400, i3 %zext_ln840_399"   --->   Operation 850 'add' 'add_ln840_279' <Predicate = true> <Delay = 0.54> <CoreInst = "Adder">   --->   Core 1 'Adder' <Latency = 0> <II = 1> <Delay = 0.54> <FuncUnit> <Opcode : 'add' 'sub'> <InPorts = 2> <OutPorts = 1>
ST_1 : Operation 851 [1/1] (0.00ns)   --->   "%zext_ln840_401 = zext i3 %add_ln840_279"   --->   Operation 851 'zext' 'zext_ln840_401' <Predicate = true> <Delay = 0.00>
ST_1 : Operation 852 [1/1] (0.00ns)   --->   "%zext_ln840_402 = zext i2 %add_ln840_115"   --->   Operation 852 'zext' 'zext_ln840_402' <Predicate = true> <Delay = 0.00>
ST_1 : Operation 853 [1/1] (0.54ns)   --->   "%add_ln840_280 = add i2 %add_ln840_47, i2 %zext_ln840_37"   --->   Operation 853 'add' 'add_ln840_280' <Predicate = true> <Delay = 0.54> <CoreInst = "Adder">   --->   Core 1 'Adder' <Latency = 0> <II = 1> <Delay = 0.54> <FuncUnit> <Opcode : 'add' 'sub'> <InPorts = 2> <OutPorts = 1>
ST_1 : Operation 854 [1/1] (0.00ns)   --->   "%zext_ln840_403 = zext i2 %add_ln840_280"   --->   Operation 854 'zext' 'zext_ln840_403' <Predicate = true> <Delay = 0.00>
ST_1 : Operation 855 [1/1] (0.54ns)   --->   "%add_ln840_281 = add i3 %zext_ln840_403, i3 %zext_ln840_402"   --->   Operation 855 'add' 'add_ln840_281' <Predicate = true> <Delay = 0.54> <CoreInst = "Adder">   --->   Core 1 'Adder' <Latency = 0> <II = 1> <Delay = 0.54> <FuncUnit> <Opcode : 'add' 'sub'> <InPorts = 2> <OutPorts = 1>
ST_1 : Operation 856 [1/1] (0.00ns)   --->   "%zext_ln840_404 = zext i3 %add_ln840_281"   --->   Operation 856 'zext' 'zext_ln840_404' <Predicate = true> <Delay = 0.00>
ST_1 : Operation 857 [1/1] (0.67ns)   --->   "%add_ln840_282 = add i4 %zext_ln840_404, i4 %zext_ln840_401"   --->   Operation 857 'add' 'add_ln840_282' <Predicate = true> <Delay = 0.67> <CoreInst = "Adder">   --->   Core 1 'Adder' <Latency = 0> <II = 1> <Delay = 0.67> <FuncUnit> <Opcode : 'add' 'sub'> <InPorts = 2> <OutPorts = 1>
ST_1 : Operation 858 [1/1] (0.00ns)   --->   "%zext_ln840_405 = zext i4 %add_ln840_282"   --->   Operation 858 'zext' 'zext_ln840_405' <Predicate = true> <Delay = 0.00>
ST_1 : Operation 859 [1/1] (0.54ns)   --->   "%add_ln840_283 = add i2 %zext_ln840_49, i2 %zext_ln840_54"   --->   Operation 859 'add' 'add_ln840_283' <Predicate = true> <Delay = 0.54> <CoreInst = "Adder">   --->   Core 1 'Adder' <Latency = 0> <II = 1> <Delay = 0.54> <FuncUnit> <Opcode : 'add' 'sub'> <InPorts = 2> <OutPorts = 1>
ST_1 : Operation 860 [1/1] (0.00ns)   --->   "%zext_ln840_406 = zext i2 %add_ln840_283"   --->   Operation 860 'zext' 'zext_ln840_406' <Predicate = true> <Delay = 0.00>
ST_1 : Operation 861 [1/1] (0.00ns) (grouped into TernaryAdder)   --->   "%add_ln840_284 = add i2 %zext_ln840_63, i2 %zext_ln840_220"   --->   Operation 861 'add' 'add_ln840_284' <Predicate = true> <Delay = 0.00> <CoreInst = "TAddSub">   --->   Core 10 'TAddSub' <Latency = 0> <II = 1> <Delay = 0.23> <IPBlock> <Opcode : 'add' 'sub'> <InPorts = 3> <OutPorts = 1> <Sync> <CReg>
ST_1 : Operation 862 [1/1] (0.14ns) (root node of TernaryAdder)   --->   "%add_ln840_285 = add i2 %add_ln840_284, i2 %zext_ln840_56"   --->   Operation 862 'add' 'add_ln840_285' <Predicate = true> <Delay = 0.14> <CoreInst = "TAddSub">   --->   Core 10 'TAddSub' <Latency = 0> <II = 1> <Delay = 0.23> <IPBlock> <Opcode : 'add' 'sub'> <InPorts = 3> <OutPorts = 1> <Sync> <CReg>
ST_1 : Operation 863 [1/1] (0.00ns)   --->   "%zext_ln840_407 = zext i2 %add_ln840_285"   --->   Operation 863 'zext' 'zext_ln840_407' <Predicate = true> <Delay = 0.00>
ST_1 : Operation 864 [1/1] (0.54ns)   --->   "%add_ln840_286 = add i3 %zext_ln840_407, i3 %zext_ln840_406"   --->   Operation 864 'add' 'add_ln840_286' <Predicate = true> <Delay = 0.54> <CoreInst = "Adder">   --->   Core 1 'Adder' <Latency = 0> <II = 1> <Delay = 0.54> <FuncUnit> <Opcode : 'add' 'sub'> <InPorts = 2> <OutPorts = 1>
ST_1 : Operation 865 [1/1] (0.00ns)   --->   "%zext_ln840_408 = zext i3 %add_ln840_286"   --->   Operation 865 'zext' 'zext_ln840_408' <Predicate = true> <Delay = 0.00>
ST_1 : Operation 866 [1/1] (0.54ns)   --->   "%add_ln840_287 = add i2 %zext_ln840_300, i2 %zext_ln840_301"   --->   Operation 866 'add' 'add_ln840_287' <Predicate = true> <Delay = 0.54> <CoreInst = "Adder">   --->   Core 1 'Adder' <Latency = 0> <II = 1> <Delay = 0.54> <FuncUnit> <Opcode : 'add' 'sub'> <InPorts = 2> <OutPorts = 1>
ST_1 : Operation 867 [1/1] (0.00ns)   --->   "%zext_ln840_409 = zext i2 %add_ln840_287"   --->   Operation 867 'zext' 'zext_ln840_409' <Predicate = true> <Delay = 0.00>
ST_1 : Operation 868 [1/1] (0.00ns) (grouped into TernaryAdder)   --->   "%add_ln840_288 = add i2 %zext_ln840_76, i2 %zext_ln840_80"   --->   Operation 868 'add' 'add_ln840_288' <Predicate = true> <Delay = 0.00> <CoreInst = "TAddSub">   --->   Core 10 'TAddSub' <Latency = 0> <II = 1> <Delay = 0.23> <IPBlock> <Opcode : 'add' 'sub'> <InPorts = 3> <OutPorts = 1> <Sync> <CReg>
ST_1 : Operation 869 [1/1] (0.14ns) (root node of TernaryAdder)   --->   "%add_ln840_289 = add i2 %add_ln840_288, i2 %zext_ln840_72"   --->   Operation 869 'add' 'add_ln840_289' <Predicate = true> <Delay = 0.14> <CoreInst = "TAddSub">   --->   Core 10 'TAddSub' <Latency = 0> <II = 1> <Delay = 0.23> <IPBlock> <Opcode : 'add' 'sub'> <InPorts = 3> <OutPorts = 1> <Sync> <CReg>
ST_1 : Operation 870 [1/1] (0.00ns)   --->   "%zext_ln840_410 = zext i2 %add_ln840_289"   --->   Operation 870 'zext' 'zext_ln840_410' <Predicate = true> <Delay = 0.00>
ST_1 : Operation 871 [1/1] (0.54ns)   --->   "%add_ln840_290 = add i3 %zext_ln840_410, i3 %zext_ln840_409"   --->   Operation 871 'add' 'add_ln840_290' <Predicate = true> <Delay = 0.54> <CoreInst = "Adder">   --->   Core 1 'Adder' <Latency = 0> <II = 1> <Delay = 0.54> <FuncUnit> <Opcode : 'add' 'sub'> <InPorts = 2> <OutPorts = 1>
ST_1 : Operation 872 [1/1] (0.00ns)   --->   "%zext_ln840_411 = zext i3 %add_ln840_290"   --->   Operation 872 'zext' 'zext_ln840_411' <Predicate = true> <Delay = 0.00>
ST_1 : Operation 873 [1/1] (0.67ns)   --->   "%add_ln840_291 = add i4 %zext_ln840_411, i4 %zext_ln840_408"   --->   Operation 873 'add' 'add_ln840_291' <Predicate = true> <Delay = 0.67> <CoreInst = "Adder">   --->   Core 1 'Adder' <Latency = 0> <II = 1> <Delay = 0.67> <FuncUnit> <Opcode : 'add' 'sub'> <InPorts = 2> <OutPorts = 1>
ST_1 : Operation 874 [1/1] (0.00ns)   --->   "%zext_ln840_412 = zext i4 %add_ln840_291"   --->   Operation 874 'zext' 'zext_ln840_412' <Predicate = true> <Delay = 0.00>
ST_1 : Operation 875 [1/1] (0.79ns)   --->   "%add_ln840_292 = add i5 %zext_ln840_412, i5 %zext_ln840_405"   --->   Operation 875 'add' 'add_ln840_292' <Predicate = true> <Delay = 0.79> <CoreInst = "Adder">   --->   Core 1 'Adder' <Latency = 0> <II = 1> <Delay = 0.79> <FuncUnit> <Opcode : 'add' 'sub'> <InPorts = 2> <OutPorts = 1>
ST_1 : Operation 876 [1/1] (0.00ns)   --->   "%zext_ln840_413 = zext i5 %add_ln840_292"   --->   Operation 876 'zext' 'zext_ln840_413' <Predicate = true> <Delay = 0.00>
ST_1 : Operation 877 [1/1] (0.54ns)   --->   "%add_ln840_293 = add i2 %zext_ln840_221, i2 %zext_ln840_85"   --->   Operation 877 'add' 'add_ln840_293' <Predicate = true> <Delay = 0.54> <CoreInst = "Adder">   --->   Core 1 'Adder' <Latency = 0> <II = 1> <Delay = 0.54> <FuncUnit> <Opcode : 'add' 'sub'> <InPorts = 2> <OutPorts = 1>
ST_1 : Operation 878 [1/1] (0.00ns)   --->   "%zext_ln840_414 = zext i2 %add_ln840_293"   --->   Operation 878 'zext' 'zext_ln840_414' <Predicate = true> <Delay = 0.00>
ST_1 : Operation 879 [1/1] (0.54ns)   --->   "%add_ln840_294 = add i2 %add_ln840_146, i2 %zext_ln840_91"   --->   Operation 879 'add' 'add_ln840_294' <Predicate = true> <Delay = 0.54> <CoreInst = "Adder">   --->   Core 1 'Adder' <Latency = 0> <II = 1> <Delay = 0.54> <FuncUnit> <Opcode : 'add' 'sub'> <InPorts = 2> <OutPorts = 1>
ST_1 : Operation 880 [1/1] (0.00ns)   --->   "%zext_ln840_415 = zext i2 %add_ln840_294"   --->   Operation 880 'zext' 'zext_ln840_415' <Predicate = true> <Delay = 0.00>
ST_1 : Operation 881 [1/1] (0.54ns)   --->   "%add_ln840_295 = add i3 %zext_ln840_415, i3 %zext_ln840_414"   --->   Operation 881 'add' 'add_ln840_295' <Predicate = true> <Delay = 0.54> <CoreInst = "Adder">   --->   Core 1 'Adder' <Latency = 0> <II = 1> <Delay = 0.54> <FuncUnit> <Opcode : 'add' 'sub'> <InPorts = 2> <OutPorts = 1>
ST_1 : Operation 882 [1/1] (0.00ns)   --->   "%zext_ln840_416 = zext i3 %add_ln840_295"   --->   Operation 882 'zext' 'zext_ln840_416' <Predicate = true> <Delay = 0.00>
ST_1 : Operation 883 [1/1] (0.54ns)   --->   "%add_ln840_296 = add i2 %zext_ln840_104, i2 %zext_ln840_226"   --->   Operation 883 'add' 'add_ln840_296' <Predicate = true> <Delay = 0.54> <CoreInst = "Adder">   --->   Core 1 'Adder' <Latency = 0> <II = 1> <Delay = 0.54> <FuncUnit> <Opcode : 'add' 'sub'> <InPorts = 2> <OutPorts = 1>
ST_1 : Operation 884 [1/1] (0.00ns)   --->   "%zext_ln840_417 = zext i2 %add_ln840_296"   --->   Operation 884 'zext' 'zext_ln840_417' <Predicate = true> <Delay = 0.00>
ST_1 : Operation 885 [1/1] (0.00ns) (grouped into TernaryAdder)   --->   "%add_ln840_297 = add i2 %zext_ln840_302, i2 %zext_ln840_117"   --->   Operation 885 'add' 'add_ln840_297' <Predicate = true> <Delay = 0.00> <CoreInst = "TAddSub">   --->   Core 10 'TAddSub' <Latency = 0> <II = 1> <Delay = 0.23> <IPBlock> <Opcode : 'add' 'sub'> <InPorts = 3> <OutPorts = 1> <Sync> <CReg>
ST_1 : Operation 886 [1/1] (0.14ns) (root node of TernaryAdder)   --->   "%add_ln840_298 = add i2 %add_ln840_297, i2 %zext_ln840_227"   --->   Operation 886 'add' 'add_ln840_298' <Predicate = true> <Delay = 0.14> <CoreInst = "TAddSub">   --->   Core 10 'TAddSub' <Latency = 0> <II = 1> <Delay = 0.23> <IPBlock> <Opcode : 'add' 'sub'> <InPorts = 3> <OutPorts = 1> <Sync> <CReg>
ST_1 : Operation 887 [1/1] (0.00ns)   --->   "%zext_ln840_418 = zext i2 %add_ln840_298"   --->   Operation 887 'zext' 'zext_ln840_418' <Predicate = true> <Delay = 0.00>
ST_1 : Operation 888 [1/1] (0.54ns)   --->   "%add_ln840_299 = add i3 %zext_ln840_418, i3 %zext_ln840_417"   --->   Operation 888 'add' 'add_ln840_299' <Predicate = true> <Delay = 0.54> <CoreInst = "Adder">   --->   Core 1 'Adder' <Latency = 0> <II = 1> <Delay = 0.54> <FuncUnit> <Opcode : 'add' 'sub'> <InPorts = 2> <OutPorts = 1>
ST_1 : Operation 889 [1/1] (0.00ns)   --->   "%zext_ln840_419 = zext i3 %add_ln840_299"   --->   Operation 889 'zext' 'zext_ln840_419' <Predicate = true> <Delay = 0.00>
ST_1 : Operation 890 [1/1] (0.67ns)   --->   "%add_ln840_300 = add i4 %zext_ln840_419, i4 %zext_ln840_416"   --->   Operation 890 'add' 'add_ln840_300' <Predicate = true> <Delay = 0.67> <CoreInst = "Adder">   --->   Core 1 'Adder' <Latency = 0> <II = 1> <Delay = 0.67> <FuncUnit> <Opcode : 'add' 'sub'> <InPorts = 2> <OutPorts = 1>
ST_1 : Operation 891 [1/1] (0.00ns)   --->   "%zext_ln840_420 = zext i4 %add_ln840_300"   --->   Operation 891 'zext' 'zext_ln840_420' <Predicate = true> <Delay = 0.00>
ST_1 : Operation 892 [1/1] (0.54ns)   --->   "%add_ln840_301 = add i2 %zext_ln840_228, i2 %zext_ln840_120"   --->   Operation 892 'add' 'add_ln840_301' <Predicate = true> <Delay = 0.54> <CoreInst = "Adder">   --->   Core 1 'Adder' <Latency = 0> <II = 1> <Delay = 0.54> <FuncUnit> <Opcode : 'add' 'sub'> <InPorts = 2> <OutPorts = 1>
ST_1 : Operation 893 [1/1] (0.00ns)   --->   "%zext_ln840_421 = zext i2 %add_ln840_301"   --->   Operation 893 'zext' 'zext_ln840_421' <Predicate = true> <Delay = 0.00>
ST_1 : Operation 894 [1/1] (0.54ns)   --->   "%add_ln840_302 = add i2 %add_ln840_154, i2 %zext_ln840_303"   --->   Operation 894 'add' 'add_ln840_302' <Predicate = true> <Delay = 0.54> <CoreInst = "Adder">   --->   Core 1 'Adder' <Latency = 0> <II = 1> <Delay = 0.54> <FuncUnit> <Opcode : 'add' 'sub'> <InPorts = 2> <OutPorts = 1>
ST_1 : Operation 895 [1/1] (0.00ns)   --->   "%zext_ln840_422 = zext i2 %add_ln840_302"   --->   Operation 895 'zext' 'zext_ln840_422' <Predicate = true> <Delay = 0.00>
ST_1 : Operation 896 [1/1] (0.54ns)   --->   "%add_ln840_303 = add i3 %zext_ln840_422, i3 %zext_ln840_421"   --->   Operation 896 'add' 'add_ln840_303' <Predicate = true> <Delay = 0.54> <CoreInst = "Adder">   --->   Core 1 'Adder' <Latency = 0> <II = 1> <Delay = 0.54> <FuncUnit> <Opcode : 'add' 'sub'> <InPorts = 2> <OutPorts = 1>
ST_1 : Operation 897 [1/1] (0.00ns)   --->   "%zext_ln840_423 = zext i3 %add_ln840_303"   --->   Operation 897 'zext' 'zext_ln840_423' <Predicate = true> <Delay = 0.00>
ST_1 : Operation 898 [1/1] (0.54ns)   --->   "%add_ln840_304 = add i2 %zext_ln840_129, i2 %zext_ln840_131"   --->   Operation 898 'add' 'add_ln840_304' <Predicate = true> <Delay = 0.54> <CoreInst = "Adder">   --->   Core 1 'Adder' <Latency = 0> <II = 1> <Delay = 0.54> <FuncUnit> <Opcode : 'add' 'sub'> <InPorts = 2> <OutPorts = 1>
ST_1 : Operation 899 [1/1] (0.00ns)   --->   "%zext_ln840_424 = zext i2 %add_ln840_304"   --->   Operation 899 'zext' 'zext_ln840_424' <Predicate = true> <Delay = 0.00>
ST_1 : Operation 900 [1/1] (0.67ns)   --->   "%add_ln840_305 = add i3 %add_ln840_162, i3 %zext_ln840_367"   --->   Operation 900 'add' 'add_ln840_305' <Predicate = true> <Delay = 0.67> <CoreInst = "Adder">   --->   Core 1 'Adder' <Latency = 0> <II = 1> <Delay = 0.67> <FuncUnit> <Opcode : 'add' 'sub'> <InPorts = 2> <OutPorts = 1>
ST_1 : Operation 901 [1/1] (0.00ns)   --->   "%zext_ln840_425 = zext i3 %add_ln840_305"   --->   Operation 901 'zext' 'zext_ln840_425' <Predicate = true> <Delay = 0.00>
ST_1 : Operation 902 [1/1] (0.67ns)   --->   "%add_ln840_306 = add i4 %zext_ln840_425, i4 %zext_ln840_137"   --->   Operation 902 'add' 'add_ln840_306' <Predicate = true> <Delay = 0.67> <CoreInst = "Adder">   --->   Core 1 'Adder' <Latency = 0> <II = 1> <Delay = 0.67> <FuncUnit> <Opcode : 'add' 'sub'> <InPorts = 2> <OutPorts = 1>
ST_1 : Operation 903 [1/1] (0.00ns) (grouped into TernaryAdder)   --->   "%add_ln840_307 = add i4 %add_ln840_306, i4 %zext_ln840_424"   --->   Operation 903 'add' 'add_ln840_307' <Predicate = true> <Delay = 0.00> <CoreInst = "TAddSub">   --->   Core 10 'TAddSub' <Latency = 0> <II = 1> <Delay = 0.23> <IPBlock> <Opcode : 'add' 'sub'> <InPorts = 3> <OutPorts = 1> <Sync> <CReg>
ST_1 : Operation 904 [1/1] (0.46ns) (root node of TernaryAdder)   --->   "%add_ln840_308 = add i4 %add_ln840_307, i4 %zext_ln840_423"   --->   Operation 904 'add' 'add_ln840_308' <Predicate = true> <Delay = 0.46> <CoreInst = "TAddSub">   --->   Core 10 'TAddSub' <Latency = 0> <II = 1> <Delay = 0.23> <IPBlock> <Opcode : 'add' 'sub'> <InPorts = 3> <OutPorts = 1> <Sync> <CReg>
ST_1 : Operation 905 [1/1] (0.00ns)   --->   "%zext_ln840_426 = zext i4 %add_ln840_308"   --->   Operation 905 'zext' 'zext_ln840_426' <Predicate = true> <Delay = 0.00>
ST_1 : Operation 906 [1/1] (0.79ns)   --->   "%add_ln840_309 = add i5 %zext_ln840_426, i5 %zext_ln840_420"   --->   Operation 906 'add' 'add_ln840_309' <Predicate = true> <Delay = 0.79> <CoreInst = "Adder">   --->   Core 1 'Adder' <Latency = 0> <II = 1> <Delay = 0.79> <FuncUnit> <Opcode : 'add' 'sub'> <InPorts = 2> <OutPorts = 1>
ST_1 : Operation 907 [1/1] (0.00ns)   --->   "%zext_ln840_427 = zext i5 %add_ln840_309"   --->   Operation 907 'zext' 'zext_ln840_427' <Predicate = true> <Delay = 0.00>
ST_1 : Operation 908 [1/1] (0.78ns)   --->   "%add_ln840_310 = add i6 %zext_ln840_427, i6 %zext_ln840_413"   --->   Operation 908 'add' 'add_ln840_310' <Predicate = true> <Delay = 0.78> <CoreInst = "Adder">   --->   Core 1 'Adder' <Latency = 0> <II = 1> <Delay = 0.78> <FuncUnit> <Opcode : 'add' 'sub'> <InPorts = 2> <OutPorts = 1>
ST_1 : Operation 909 [1/1] (0.00ns)   --->   "%zext_ln840_428 = zext i6 %add_ln840_310"   --->   Operation 909 'zext' 'zext_ln840_428' <Predicate = true> <Delay = 0.00>
ST_1 : Operation 910 [1/1] (0.78ns)   --->   "%add_ln840_311 = add i7 %zext_ln840_428, i7 %zext_ln840_398"   --->   Operation 910 'add' 'add_ln840_311' <Predicate = true> <Delay = 0.78> <CoreInst = "Adder">   --->   Core 1 'Adder' <Latency = 0> <II = 1> <Delay = 0.78> <FuncUnit> <Opcode : 'add' 'sub'> <InPorts = 2> <OutPorts = 1>
ST_1 : Operation 911 [1/1] (0.00ns)   --->   "%zext_ln840_429 = zext i7 %add_ln840_311"   --->   Operation 911 'zext' 'zext_ln840_429' <Predicate = true> <Delay = 0.00>
ST_1 : Operation 912 [1/1] (0.28ns)   --->   "%xor_ln840_82 = xor i1 %tmp_22, i1 1"   --->   Operation 912 'xor' 'xor_ln840_82' <Predicate = true> <Delay = 0.28> <CoreInst = "LogicGate">   --->   Core 74 'LogicGate' <Latency = 0> <II = 1> <Delay = 0.28> <FuncUnit> <Opcode : 'and' 'or' 'xor'> <InPorts = 2> <OutPorts = 1>
ST_1 : Operation 913 [1/1] (0.00ns)   --->   "%zext_ln840_430 = zext i1 %xor_ln840_82"   --->   Operation 913 'zext' 'zext_ln840_430' <Predicate = true> <Delay = 0.00>
ST_1 : Operation 914 [1/1] (0.28ns)   --->   "%xor_ln840_83 = xor i1 %tmp_52, i1 1"   --->   Operation 914 'xor' 'xor_ln840_83' <Predicate = true> <Delay = 0.28> <CoreInst = "LogicGate">   --->   Core 74 'LogicGate' <Latency = 0> <II = 1> <Delay = 0.28> <FuncUnit> <Opcode : 'and' 'or' 'xor'> <InPorts = 2> <OutPorts = 1>
ST_1 : Operation 915 [1/1] (0.00ns)   --->   "%zext_ln840_431 = zext i1 %xor_ln840_83"   --->   Operation 915 'zext' 'zext_ln840_431' <Predicate = true> <Delay = 0.00>
ST_1 : Operation 916 [1/1] (0.54ns)   --->   "%add_ln840_312 = add i2 %zext_ln840_9, i2 %zext_ln840_7"   --->   Operation 916 'add' 'add_ln840_312' <Predicate = true> <Delay = 0.54> <CoreInst = "Adder">   --->   Core 1 'Adder' <Latency = 0> <II = 1> <Delay = 0.54> <FuncUnit> <Opcode : 'add' 'sub'> <InPorts = 2> <OutPorts = 1>
ST_1 : Operation 917 [1/1] (0.00ns)   --->   "%zext_ln840_432 = zext i2 %add_ln840_312"   --->   Operation 917 'zext' 'zext_ln840_432' <Predicate = true> <Delay = 0.00>
ST_1 : Operation 918 [1/1] (0.54ns)   --->   "%add_ln840_313 = add i2 %zext_ln840_11, i2 %zext_ln840_17"   --->   Operation 918 'add' 'add_ln840_313' <Predicate = true> <Delay = 0.54> <CoreInst = "Adder">   --->   Core 1 'Adder' <Latency = 0> <II = 1> <Delay = 0.54> <FuncUnit> <Opcode : 'add' 'sub'> <InPorts = 2> <OutPorts = 1>
ST_1 : Operation 919 [1/1] (0.00ns)   --->   "%zext_ln840_433 = zext i2 %add_ln840_313"   --->   Operation 919 'zext' 'zext_ln840_433' <Predicate = true> <Delay = 0.00>
ST_1 : Operation 920 [1/1] (0.54ns)   --->   "%add_ln840_314 = add i3 %zext_ln840_433, i3 %zext_ln840_432"   --->   Operation 920 'add' 'add_ln840_314' <Predicate = true> <Delay = 0.54> <CoreInst = "Adder">   --->   Core 1 'Adder' <Latency = 0> <II = 1> <Delay = 0.54> <FuncUnit> <Opcode : 'add' 'sub'> <InPorts = 2> <OutPorts = 1>
ST_1 : Operation 921 [1/1] (0.00ns)   --->   "%zext_ln840_434 = zext i3 %add_ln840_314"   --->   Operation 921 'zext' 'zext_ln840_434' <Predicate = true> <Delay = 0.00>
ST_1 : Operation 922 [1/1] (0.54ns)   --->   "%add_ln840_315 = add i2 %zext_ln840_22, i2 %zext_ln840_26"   --->   Operation 922 'add' 'add_ln840_315' <Predicate = true> <Delay = 0.54> <CoreInst = "Adder">   --->   Core 1 'Adder' <Latency = 0> <II = 1> <Delay = 0.54> <FuncUnit> <Opcode : 'add' 'sub'> <InPorts = 2> <OutPorts = 1>
ST_1 : Operation 923 [1/1] (0.00ns)   --->   "%zext_ln840_435 = zext i2 %add_ln840_315"   --->   Operation 923 'zext' 'zext_ln840_435' <Predicate = true> <Delay = 0.00>
ST_1 : Operation 924 [1/1] (0.00ns) (grouped into TernaryAdder)   --->   "%add_ln840_316 = add i2 %zext_ln840_36, i2 %zext_ln840_39"   --->   Operation 924 'add' 'add_ln840_316' <Predicate = true> <Delay = 0.00> <CoreInst = "TAddSub">   --->   Core 10 'TAddSub' <Latency = 0> <II = 1> <Delay = 0.23> <IPBlock> <Opcode : 'add' 'sub'> <InPorts = 3> <OutPorts = 1> <Sync> <CReg>
ST_1 : Operation 925 [1/1] (0.14ns) (root node of TernaryAdder)   --->   "%add_ln840_317 = add i2 %add_ln840_316, i2 %zext_ln840_31"   --->   Operation 925 'add' 'add_ln840_317' <Predicate = true> <Delay = 0.14> <CoreInst = "TAddSub">   --->   Core 10 'TAddSub' <Latency = 0> <II = 1> <Delay = 0.23> <IPBlock> <Opcode : 'add' 'sub'> <InPorts = 3> <OutPorts = 1> <Sync> <CReg>
ST_1 : Operation 926 [1/1] (0.00ns)   --->   "%zext_ln840_436 = zext i2 %add_ln840_317"   --->   Operation 926 'zext' 'zext_ln840_436' <Predicate = true> <Delay = 0.00>
ST_1 : Operation 927 [1/1] (0.54ns)   --->   "%add_ln840_318 = add i3 %zext_ln840_436, i3 %zext_ln840_435"   --->   Operation 927 'add' 'add_ln840_318' <Predicate = true> <Delay = 0.54> <CoreInst = "Adder">   --->   Core 1 'Adder' <Latency = 0> <II = 1> <Delay = 0.54> <FuncUnit> <Opcode : 'add' 'sub'> <InPorts = 2> <OutPorts = 1>
ST_1 : Operation 928 [1/1] (0.00ns)   --->   "%zext_ln840_437 = zext i3 %add_ln840_318"   --->   Operation 928 'zext' 'zext_ln840_437' <Predicate = true> <Delay = 0.00>
ST_1 : Operation 929 [1/1] (0.67ns)   --->   "%add_ln840_319 = add i4 %zext_ln840_437, i4 %zext_ln840_434"   --->   Operation 929 'add' 'add_ln840_319' <Predicate = true> <Delay = 0.67> <CoreInst = "Adder">   --->   Core 1 'Adder' <Latency = 0> <II = 1> <Delay = 0.67> <FuncUnit> <Opcode : 'add' 'sub'> <InPorts = 2> <OutPorts = 1>
ST_1 : Operation 930 [1/1] (0.00ns)   --->   "%zext_ln840_438 = zext i4 %add_ln840_319"   --->   Operation 930 'zext' 'zext_ln840_438' <Predicate = true> <Delay = 0.00>
ST_1 : Operation 931 [1/1] (0.54ns)   --->   "%add_ln840_320 = add i2 %zext_ln840_41, i2 %zext_ln840_43"   --->   Operation 931 'add' 'add_ln840_320' <Predicate = true> <Delay = 0.54> <CoreInst = "Adder">   --->   Core 1 'Adder' <Latency = 0> <II = 1> <Delay = 0.54> <FuncUnit> <Opcode : 'add' 'sub'> <InPorts = 2> <OutPorts = 1>
ST_1 : Operation 932 [1/1] (0.00ns)   --->   "%zext_ln840_439 = zext i2 %add_ln840_320"   --->   Operation 932 'zext' 'zext_ln840_439' <Predicate = true> <Delay = 0.00>
ST_1 : Operation 933 [1/1] (0.00ns) (grouped into TernaryAdder)   --->   "%add_ln840_321 = add i2 %zext_ln840_48, i2 %zext_ln840_53"   --->   Operation 933 'add' 'add_ln840_321' <Predicate = true> <Delay = 0.00> <CoreInst = "TAddSub">   --->   Core 10 'TAddSub' <Latency = 0> <II = 1> <Delay = 0.23> <IPBlock> <Opcode : 'add' 'sub'> <InPorts = 3> <OutPorts = 1> <Sync> <CReg>
ST_1 : Operation 934 [1/1] (0.14ns) (root node of TernaryAdder)   --->   "%add_ln840_322 = add i2 %add_ln840_321, i2 %zext_ln840_45"   --->   Operation 934 'add' 'add_ln840_322' <Predicate = true> <Delay = 0.14> <CoreInst = "TAddSub">   --->   Core 10 'TAddSub' <Latency = 0> <II = 1> <Delay = 0.23> <IPBlock> <Opcode : 'add' 'sub'> <InPorts = 3> <OutPorts = 1> <Sync> <CReg>
ST_1 : Operation 935 [1/1] (0.00ns)   --->   "%zext_ln840_440 = zext i2 %add_ln840_322"   --->   Operation 935 'zext' 'zext_ln840_440' <Predicate = true> <Delay = 0.00>
ST_1 : Operation 936 [1/1] (0.54ns)   --->   "%add_ln840_323 = add i3 %zext_ln840_440, i3 %zext_ln840_439"   --->   Operation 936 'add' 'add_ln840_323' <Predicate = true> <Delay = 0.54> <CoreInst = "Adder">   --->   Core 1 'Adder' <Latency = 0> <II = 1> <Delay = 0.54> <FuncUnit> <Opcode : 'add' 'sub'> <InPorts = 2> <OutPorts = 1>
ST_1 : Operation 937 [1/1] (0.00ns)   --->   "%zext_ln840_441 = zext i3 %add_ln840_323"   --->   Operation 937 'zext' 'zext_ln840_441' <Predicate = true> <Delay = 0.00>
ST_1 : Operation 938 [1/1] (0.54ns)   --->   "%add_ln840_324 = add i2 %zext_ln840_59, i2 %zext_ln840_62"   --->   Operation 938 'add' 'add_ln840_324' <Predicate = true> <Delay = 0.54> <CoreInst = "Adder">   --->   Core 1 'Adder' <Latency = 0> <II = 1> <Delay = 0.54> <FuncUnit> <Opcode : 'add' 'sub'> <InPorts = 2> <OutPorts = 1>
ST_1 : Operation 939 [1/1] (0.00ns)   --->   "%zext_ln840_442 = zext i2 %add_ln840_324"   --->   Operation 939 'zext' 'zext_ln840_442' <Predicate = true> <Delay = 0.00>
ST_1 : Operation 940 [1/1] (0.00ns) (grouped into TernaryAdder)   --->   "%add_ln840_325 = add i2 %zext_ln840_67, i2 %zext_ln840_71"   --->   Operation 940 'add' 'add_ln840_325' <Predicate = true> <Delay = 0.00> <CoreInst = "TAddSub">   --->   Core 10 'TAddSub' <Latency = 0> <II = 1> <Delay = 0.23> <IPBlock> <Opcode : 'add' 'sub'> <InPorts = 3> <OutPorts = 1> <Sync> <CReg>
ST_1 : Operation 941 [1/1] (0.14ns) (root node of TernaryAdder)   --->   "%add_ln840_326 = add i2 %add_ln840_325, i2 %zext_ln840_64"   --->   Operation 941 'add' 'add_ln840_326' <Predicate = true> <Delay = 0.14> <CoreInst = "TAddSub">   --->   Core 10 'TAddSub' <Latency = 0> <II = 1> <Delay = 0.23> <IPBlock> <Opcode : 'add' 'sub'> <InPorts = 3> <OutPorts = 1> <Sync> <CReg>
ST_1 : Operation 942 [1/1] (0.00ns)   --->   "%zext_ln840_443 = zext i2 %add_ln840_326"   --->   Operation 942 'zext' 'zext_ln840_443' <Predicate = true> <Delay = 0.00>
ST_1 : Operation 943 [1/1] (0.54ns)   --->   "%add_ln840_327 = add i3 %zext_ln840_443, i3 %zext_ln840_442"   --->   Operation 943 'add' 'add_ln840_327' <Predicate = true> <Delay = 0.54> <CoreInst = "Adder">   --->   Core 1 'Adder' <Latency = 0> <II = 1> <Delay = 0.54> <FuncUnit> <Opcode : 'add' 'sub'> <InPorts = 2> <OutPorts = 1>
ST_1 : Operation 944 [1/1] (0.00ns)   --->   "%zext_ln840_444 = zext i3 %add_ln840_327"   --->   Operation 944 'zext' 'zext_ln840_444' <Predicate = true> <Delay = 0.00>
ST_1 : Operation 945 [1/1] (0.67ns)   --->   "%add_ln840_328 = add i4 %zext_ln840_444, i4 %zext_ln840_441"   --->   Operation 945 'add' 'add_ln840_328' <Predicate = true> <Delay = 0.67> <CoreInst = "Adder">   --->   Core 1 'Adder' <Latency = 0> <II = 1> <Delay = 0.67> <FuncUnit> <Opcode : 'add' 'sub'> <InPorts = 2> <OutPorts = 1>
ST_1 : Operation 946 [1/1] (0.00ns)   --->   "%zext_ln840_445 = zext i4 %add_ln840_328"   --->   Operation 946 'zext' 'zext_ln840_445' <Predicate = true> <Delay = 0.00>
ST_1 : Operation 947 [1/1] (0.79ns)   --->   "%add_ln840_329 = add i5 %zext_ln840_445, i5 %zext_ln840_438"   --->   Operation 947 'add' 'add_ln840_329' <Predicate = true> <Delay = 0.79> <CoreInst = "Adder">   --->   Core 1 'Adder' <Latency = 0> <II = 1> <Delay = 0.79> <FuncUnit> <Opcode : 'add' 'sub'> <InPorts = 2> <OutPorts = 1>
ST_1 : Operation 948 [1/1] (0.00ns)   --->   "%zext_ln840_446 = zext i5 %add_ln840_329"   --->   Operation 948 'zext' 'zext_ln840_446' <Predicate = true> <Delay = 0.00>
ST_1 : Operation 949 [1/1] (0.54ns)   --->   "%add_ln840_330 = add i2 %zext_ln840_81, i2 %zext_ln840_83"   --->   Operation 949 'add' 'add_ln840_330' <Predicate = true> <Delay = 0.54> <CoreInst = "Adder">   --->   Core 1 'Adder' <Latency = 0> <II = 1> <Delay = 0.54> <FuncUnit> <Opcode : 'add' 'sub'> <InPorts = 2> <OutPorts = 1>
ST_1 : Operation 950 [1/1] (0.00ns)   --->   "%zext_ln840_447 = zext i2 %add_ln840_330"   --->   Operation 950 'zext' 'zext_ln840_447' <Predicate = true> <Delay = 0.00>
ST_1 : Operation 951 [1/1] (0.54ns)   --->   "%add_ln840_331 = add i2 %add_ln840_185, i2 %zext_ln840_87"   --->   Operation 951 'add' 'add_ln840_331' <Predicate = true> <Delay = 0.54> <CoreInst = "Adder">   --->   Core 1 'Adder' <Latency = 0> <II = 1> <Delay = 0.54> <FuncUnit> <Opcode : 'add' 'sub'> <InPorts = 2> <OutPorts = 1>
ST_1 : Operation 952 [1/1] (0.00ns)   --->   "%zext_ln840_448 = zext i2 %add_ln840_331"   --->   Operation 952 'zext' 'zext_ln840_448' <Predicate = true> <Delay = 0.00>
ST_1 : Operation 953 [1/1] (0.54ns)   --->   "%add_ln840_332 = add i3 %zext_ln840_448, i3 %zext_ln840_447"   --->   Operation 953 'add' 'add_ln840_332' <Predicate = true> <Delay = 0.54> <CoreInst = "Adder">   --->   Core 1 'Adder' <Latency = 0> <II = 1> <Delay = 0.54> <FuncUnit> <Opcode : 'add' 'sub'> <InPorts = 2> <OutPorts = 1>
ST_1 : Operation 954 [1/1] (0.00ns)   --->   "%zext_ln840_449 = zext i3 %add_ln840_332"   --->   Operation 954 'zext' 'zext_ln840_449' <Predicate = true> <Delay = 0.00>
ST_1 : Operation 955 [1/1] (0.54ns)   --->   "%add_ln840_333 = add i2 %zext_ln840_92, i2 %zext_ln840_98"   --->   Operation 955 'add' 'add_ln840_333' <Predicate = true> <Delay = 0.54> <CoreInst = "Adder">   --->   Core 1 'Adder' <Latency = 0> <II = 1> <Delay = 0.54> <FuncUnit> <Opcode : 'add' 'sub'> <InPorts = 2> <OutPorts = 1>
ST_1 : Operation 956 [1/1] (0.00ns)   --->   "%zext_ln840_450 = zext i2 %add_ln840_333"   --->   Operation 956 'zext' 'zext_ln840_450' <Predicate = true> <Delay = 0.00>
ST_1 : Operation 957 [1/1] (0.54ns)   --->   "%add_ln840_334 = add i2 %add_ln840_32, i2 %zext_ln840_103"   --->   Operation 957 'add' 'add_ln840_334' <Predicate = true> <Delay = 0.54> <CoreInst = "Adder">   --->   Core 1 'Adder' <Latency = 0> <II = 1> <Delay = 0.54> <FuncUnit> <Opcode : 'add' 'sub'> <InPorts = 2> <OutPorts = 1>
ST_1 : Operation 958 [1/1] (0.00ns)   --->   "%zext_ln840_451 = zext i2 %add_ln840_334"   --->   Operation 958 'zext' 'zext_ln840_451' <Predicate = true> <Delay = 0.00>
ST_1 : Operation 959 [1/1] (0.54ns)   --->   "%add_ln840_335 = add i3 %zext_ln840_451, i3 %zext_ln840_450"   --->   Operation 959 'add' 'add_ln840_335' <Predicate = true> <Delay = 0.54> <CoreInst = "Adder">   --->   Core 1 'Adder' <Latency = 0> <II = 1> <Delay = 0.54> <FuncUnit> <Opcode : 'add' 'sub'> <InPorts = 2> <OutPorts = 1>
ST_1 : Operation 960 [1/1] (0.00ns)   --->   "%zext_ln840_452 = zext i3 %add_ln840_335"   --->   Operation 960 'zext' 'zext_ln840_452' <Predicate = true> <Delay = 0.00>
ST_1 : Operation 961 [1/1] (0.67ns)   --->   "%add_ln840_336 = add i4 %zext_ln840_452, i4 %zext_ln840_449"   --->   Operation 961 'add' 'add_ln840_336' <Predicate = true> <Delay = 0.67> <CoreInst = "Adder">   --->   Core 1 'Adder' <Latency = 0> <II = 1> <Delay = 0.67> <FuncUnit> <Opcode : 'add' 'sub'> <InPorts = 2> <OutPorts = 1>
ST_1 : Operation 962 [1/1] (0.00ns)   --->   "%zext_ln840_453 = zext i4 %add_ln840_336"   --->   Operation 962 'zext' 'zext_ln840_453' <Predicate = true> <Delay = 0.00>
ST_1 : Operation 963 [1/1] (0.54ns)   --->   "%add_ln840_337 = add i2 %zext_ln840_122, i2 %zext_ln840_130"   --->   Operation 963 'add' 'add_ln840_337' <Predicate = true> <Delay = 0.54> <CoreInst = "Adder">   --->   Core 1 'Adder' <Latency = 0> <II = 1> <Delay = 0.54> <FuncUnit> <Opcode : 'add' 'sub'> <InPorts = 2> <OutPorts = 1>
ST_1 : Operation 964 [1/1] (0.00ns)   --->   "%zext_ln840_454 = zext i2 %add_ln840_337"   --->   Operation 964 'zext' 'zext_ln840_454' <Predicate = true> <Delay = 0.00>
ST_1 : Operation 965 [1/1] (0.00ns) (grouped into TernaryAdder)   --->   "%add_ln840_338 = add i2 %zext_ln840_16, i2 %zext_ln840_209"   --->   Operation 965 'add' 'add_ln840_338' <Predicate = true> <Delay = 0.00> <CoreInst = "TAddSub">   --->   Core 10 'TAddSub' <Latency = 0> <II = 1> <Delay = 0.23> <IPBlock> <Opcode : 'add' 'sub'> <InPorts = 3> <OutPorts = 1> <Sync> <CReg>
ST_1 : Operation 966 [1/1] (0.14ns) (root node of TernaryAdder)   --->   "%add_ln840_339 = add i2 %add_ln840_338, i2 %zext_ln840_365"   --->   Operation 966 'add' 'add_ln840_339' <Predicate = true> <Delay = 0.14> <CoreInst = "TAddSub">   --->   Core 10 'TAddSub' <Latency = 0> <II = 1> <Delay = 0.23> <IPBlock> <Opcode : 'add' 'sub'> <InPorts = 3> <OutPorts = 1> <Sync> <CReg>
ST_1 : Operation 967 [1/1] (0.00ns)   --->   "%zext_ln840_455 = zext i2 %add_ln840_339"   --->   Operation 967 'zext' 'zext_ln840_455' <Predicate = true> <Delay = 0.00>
ST_1 : Operation 968 [1/1] (0.54ns)   --->   "%add_ln840_340 = add i3 %zext_ln840_455, i3 %zext_ln840_454"   --->   Operation 968 'add' 'add_ln840_340' <Predicate = true> <Delay = 0.54> <CoreInst = "Adder">   --->   Core 1 'Adder' <Latency = 0> <II = 1> <Delay = 0.54> <FuncUnit> <Opcode : 'add' 'sub'> <InPorts = 2> <OutPorts = 1>
ST_1 : Operation 969 [1/1] (0.00ns)   --->   "%zext_ln840_456 = zext i3 %add_ln840_340"   --->   Operation 969 'zext' 'zext_ln840_456' <Predicate = true> <Delay = 0.00>
ST_1 : Operation 970 [1/1] (0.54ns)   --->   "%add_ln840_341 = add i2 %zext_ln840_21, i2 %zext_ln840_25"   --->   Operation 970 'add' 'add_ln840_341' <Predicate = true> <Delay = 0.54> <CoreInst = "Adder">   --->   Core 1 'Adder' <Latency = 0> <II = 1> <Delay = 0.54> <FuncUnit> <Opcode : 'add' 'sub'> <InPorts = 2> <OutPorts = 1>
ST_1 : Operation 971 [1/1] (0.00ns)   --->   "%zext_ln840_457 = zext i2 %add_ln840_341"   --->   Operation 971 'zext' 'zext_ln840_457' <Predicate = true> <Delay = 0.00>
ST_1 : Operation 972 [1/1] (0.00ns) (grouped into TernaryAdder)   --->   "%add_ln840_342 = add i2 %zext_ln840_210, i2 %zext_ln840_33"   --->   Operation 972 'add' 'add_ln840_342' <Predicate = true> <Delay = 0.00> <CoreInst = "TAddSub">   --->   Core 10 'TAddSub' <Latency = 0> <II = 1> <Delay = 0.23> <IPBlock> <Opcode : 'add' 'sub'> <InPorts = 3> <OutPorts = 1> <Sync> <CReg>
ST_1 : Operation 973 [1/1] (0.14ns) (root node of TernaryAdder)   --->   "%add_ln840_343 = add i2 %add_ln840_342, i2 %zext_ln840_29"   --->   Operation 973 'add' 'add_ln840_343' <Predicate = true> <Delay = 0.14> <CoreInst = "TAddSub">   --->   Core 10 'TAddSub' <Latency = 0> <II = 1> <Delay = 0.23> <IPBlock> <Opcode : 'add' 'sub'> <InPorts = 3> <OutPorts = 1> <Sync> <CReg>
ST_1 : Operation 974 [1/1] (0.00ns)   --->   "%zext_ln840_458 = zext i2 %add_ln840_343"   --->   Operation 974 'zext' 'zext_ln840_458' <Predicate = true> <Delay = 0.00>
ST_1 : Operation 975 [1/1] (0.54ns)   --->   "%add_ln840_344 = add i3 %zext_ln840_458, i3 %zext_ln840_457"   --->   Operation 975 'add' 'add_ln840_344' <Predicate = true> <Delay = 0.54> <CoreInst = "Adder">   --->   Core 1 'Adder' <Latency = 0> <II = 1> <Delay = 0.54> <FuncUnit> <Opcode : 'add' 'sub'> <InPorts = 2> <OutPorts = 1>
ST_1 : Operation 976 [1/1] (0.00ns)   --->   "%zext_ln840_459 = zext i3 %add_ln840_344"   --->   Operation 976 'zext' 'zext_ln840_459' <Predicate = true> <Delay = 0.00>
ST_1 : Operation 977 [1/1] (0.67ns)   --->   "%add_ln840_345 = add i4 %zext_ln840_459, i4 %zext_ln840_456"   --->   Operation 977 'add' 'add_ln840_345' <Predicate = true> <Delay = 0.67> <CoreInst = "Adder">   --->   Core 1 'Adder' <Latency = 0> <II = 1> <Delay = 0.67> <FuncUnit> <Opcode : 'add' 'sub'> <InPorts = 2> <OutPorts = 1>
ST_1 : Operation 978 [1/1] (0.00ns)   --->   "%zext_ln840_460 = zext i4 %add_ln840_345"   --->   Operation 978 'zext' 'zext_ln840_460' <Predicate = true> <Delay = 0.00>
ST_1 : Operation 979 [1/1] (0.79ns)   --->   "%add_ln840_346 = add i5 %zext_ln840_460, i5 %zext_ln840_453"   --->   Operation 979 'add' 'add_ln840_346' <Predicate = true> <Delay = 0.79> <CoreInst = "Adder">   --->   Core 1 'Adder' <Latency = 0> <II = 1> <Delay = 0.79> <FuncUnit> <Opcode : 'add' 'sub'> <InPorts = 2> <OutPorts = 1>
ST_1 : Operation 980 [1/1] (0.00ns)   --->   "%zext_ln840_461 = zext i5 %add_ln840_346"   --->   Operation 980 'zext' 'zext_ln840_461' <Predicate = true> <Delay = 0.00>
ST_1 : Operation 981 [1/1] (0.78ns)   --->   "%add_ln840_347 = add i6 %zext_ln840_461, i6 %zext_ln840_446"   --->   Operation 981 'add' 'add_ln840_347' <Predicate = true> <Delay = 0.78> <CoreInst = "Adder">   --->   Core 1 'Adder' <Latency = 0> <II = 1> <Delay = 0.78> <FuncUnit> <Opcode : 'add' 'sub'> <InPorts = 2> <OutPorts = 1>
ST_1 : Operation 982 [1/1] (0.00ns)   --->   "%zext_ln840_462 = zext i6 %add_ln840_347"   --->   Operation 982 'zext' 'zext_ln840_462' <Predicate = true> <Delay = 0.00>
ST_1 : Operation 983 [1/1] (0.00ns) (grouped into TernaryAdder)   --->   "%add_ln840_348 = add i2 %zext_ln840_215, i2 %zext_ln840_299"   --->   Operation 983 'add' 'add_ln840_348' <Predicate = true> <Delay = 0.00> <CoreInst = "TAddSub">   --->   Core 10 'TAddSub' <Latency = 0> <II = 1> <Delay = 0.23> <IPBlock> <Opcode : 'add' 'sub'> <InPorts = 3> <OutPorts = 1> <Sync> <CReg>
ST_1 : Operation 984 [1/1] (0.14ns) (root node of TernaryAdder)   --->   "%add_ln840_349 = add i2 %add_ln840_348, i2 %zext_ln840_430"   --->   Operation 984 'add' 'add_ln840_349' <Predicate = true> <Delay = 0.14> <CoreInst = "TAddSub">   --->   Core 10 'TAddSub' <Latency = 0> <II = 1> <Delay = 0.23> <IPBlock> <Opcode : 'add' 'sub'> <InPorts = 3> <OutPorts = 1> <Sync> <CReg>
ST_1 : Operation 985 [1/1] (0.00ns)   --->   "%zext_ln840_463 = zext i2 %add_ln840_349"   --->   Operation 985 'zext' 'zext_ln840_463' <Predicate = true> <Delay = 0.00>
ST_1 : Operation 986 [1/1] (0.54ns)   --->   "%add_ln840_350 = add i3 %zext_ln840_463, i3 %zext_ln840_402"   --->   Operation 986 'add' 'add_ln840_350' <Predicate = true> <Delay = 0.54> <CoreInst = "Adder">   --->   Core 1 'Adder' <Latency = 0> <II = 1> <Delay = 0.54> <FuncUnit> <Opcode : 'add' 'sub'> <InPorts = 2> <OutPorts = 1>
ST_1 : Operation 987 [1/1] (0.00ns)   --->   "%zext_ln840_464 = zext i3 %add_ln840_350"   --->   Operation 987 'zext' 'zext_ln840_464' <Predicate = true> <Delay = 0.00>
ST_1 : Operation 988 [1/1] (0.54ns)   --->   "%add_ln840_351 = add i2 %zext_ln840_216, i2 %zext_ln840_217"   --->   Operation 988 'add' 'add_ln840_351' <Predicate = true> <Delay = 0.54> <CoreInst = "Adder">   --->   Core 1 'Adder' <Latency = 0> <II = 1> <Delay = 0.54> <FuncUnit> <Opcode : 'add' 'sub'> <InPorts = 2> <OutPorts = 1>
ST_1 : Operation 989 [1/1] (0.00ns)   --->   "%zext_ln840_465 = zext i2 %add_ln840_351"   --->   Operation 989 'zext' 'zext_ln840_465' <Predicate = true> <Delay = 0.00>
ST_1 : Operation 990 [1/1] (0.00ns) (grouped into TernaryAdder)   --->   "%add_ln840_352 = add i2 %zext_ln840_56, i2 %zext_ln840_58"   --->   Operation 990 'add' 'add_ln840_352' <Predicate = true> <Delay = 0.00> <CoreInst = "TAddSub">   --->   Core 10 'TAddSub' <Latency = 0> <II = 1> <Delay = 0.23> <IPBlock> <Opcode : 'add' 'sub'> <InPorts = 3> <OutPorts = 1> <Sync> <CReg>
ST_1 : Operation 991 [1/1] (0.14ns) (root node of TernaryAdder)   --->   "%add_ln840_353 = add i2 %add_ln840_352, i2 %zext_ln840_218"   --->   Operation 991 'add' 'add_ln840_353' <Predicate = true> <Delay = 0.14> <CoreInst = "TAddSub">   --->   Core 10 'TAddSub' <Latency = 0> <II = 1> <Delay = 0.23> <IPBlock> <Opcode : 'add' 'sub'> <InPorts = 3> <OutPorts = 1> <Sync> <CReg>
ST_1 : Operation 992 [1/1] (0.00ns)   --->   "%zext_ln840_466 = zext i2 %add_ln840_353"   --->   Operation 992 'zext' 'zext_ln840_466' <Predicate = true> <Delay = 0.00>
ST_1 : Operation 993 [1/1] (0.54ns)   --->   "%add_ln840_354 = add i3 %zext_ln840_466, i3 %zext_ln840_465"   --->   Operation 993 'add' 'add_ln840_354' <Predicate = true> <Delay = 0.54> <CoreInst = "Adder">   --->   Core 1 'Adder' <Latency = 0> <II = 1> <Delay = 0.54> <FuncUnit> <Opcode : 'add' 'sub'> <InPorts = 2> <OutPorts = 1>
ST_1 : Operation 994 [1/1] (0.00ns)   --->   "%zext_ln840_467 = zext i3 %add_ln840_354"   --->   Operation 994 'zext' 'zext_ln840_467' <Predicate = true> <Delay = 0.00>
ST_1 : Operation 995 [1/1] (0.67ns)   --->   "%add_ln840_355 = add i4 %zext_ln840_467, i4 %zext_ln840_464"   --->   Operation 995 'add' 'add_ln840_355' <Predicate = true> <Delay = 0.67> <CoreInst = "Adder">   --->   Core 1 'Adder' <Latency = 0> <II = 1> <Delay = 0.67> <FuncUnit> <Opcode : 'add' 'sub'> <InPorts = 2> <OutPorts = 1>
ST_1 : Operation 996 [1/1] (0.00ns)   --->   "%zext_ln840_468 = zext i4 %add_ln840_355"   --->   Operation 996 'zext' 'zext_ln840_468' <Predicate = true> <Delay = 0.00>
ST_1 : Operation 997 [1/1] (0.54ns)   --->   "%add_ln840_356 = add i2 %zext_ln840_61, i2 %zext_ln840_220"   --->   Operation 997 'add' 'add_ln840_356' <Predicate = true> <Delay = 0.54> <CoreInst = "Adder">   --->   Core 1 'Adder' <Latency = 0> <II = 1> <Delay = 0.54> <FuncUnit> <Opcode : 'add' 'sub'> <InPorts = 2> <OutPorts = 1>
ST_1 : Operation 998 [1/1] (0.00ns)   --->   "%zext_ln840_469 = zext i2 %add_ln840_356"   --->   Operation 998 'zext' 'zext_ln840_469' <Predicate = true> <Delay = 0.00>
ST_1 : Operation 999 [1/1] (0.54ns)   --->   "%add_ln840_357 = add i2 %zext_ln840_301, i2 %zext_ln840_74"   --->   Operation 999 'add' 'add_ln840_357' <Predicate = true> <Delay = 0.54> <CoreInst = "Adder">   --->   Core 1 'Adder' <Latency = 0> <II = 1> <Delay = 0.54> <FuncUnit> <Opcode : 'add' 'sub'> <InPorts = 2> <OutPorts = 1>
ST_1 : Operation 1000 [1/1] (0.54ns)   --->   "%add_ln840_358 = add i2 %add_ln840_357, i2 %zext_ln840_300"   --->   Operation 1000 'add' 'add_ln840_358' <Predicate = true> <Delay = 0.54> <CoreInst = "Adder">   --->   Core 1 'Adder' <Latency = 0> <II = 1> <Delay = 0.54> <FuncUnit> <Opcode : 'add' 'sub'> <InPorts = 2> <OutPorts = 1>
ST_1 : Operation 1001 [1/1] (0.00ns)   --->   "%zext_ln840_470 = zext i2 %add_ln840_358"   --->   Operation 1001 'zext' 'zext_ln840_470' <Predicate = true> <Delay = 0.00>
ST_1 : Operation 1002 [1/1] (0.54ns)   --->   "%add_ln840_359 = add i3 %zext_ln840_470, i3 %zext_ln840_469"   --->   Operation 1002 'add' 'add_ln840_359' <Predicate = true> <Delay = 0.54> <CoreInst = "Adder">   --->   Core 1 'Adder' <Latency = 0> <II = 1> <Delay = 0.54> <FuncUnit> <Opcode : 'add' 'sub'> <InPorts = 2> <OutPorts = 1>
ST_1 : Operation 1003 [1/1] (0.00ns)   --->   "%zext_ln840_471 = zext i3 %add_ln840_359"   --->   Operation 1003 'zext' 'zext_ln840_471' <Predicate = true> <Delay = 0.00>
ST_1 : Operation 1004 [1/1] (0.00ns)   --->   "%zext_ln840_472 = zext i2 %add_ln840_134"   --->   Operation 1004 'zext' 'zext_ln840_472' <Predicate = true> <Delay = 0.00>
ST_1 : Operation 1005 [1/1] (0.54ns)   --->   "%add_ln840_360 = add i2 %zext_ln840_85, i2 %zext_ln840_431"   --->   Operation 1005 'add' 'add_ln840_360' <Predicate = true> <Delay = 0.54> <CoreInst = "Adder">   --->   Core 1 'Adder' <Latency = 0> <II = 1> <Delay = 0.54> <FuncUnit> <Opcode : 'add' 'sub'> <InPorts = 2> <OutPorts = 1>
ST_1 : Operation 1006 [1/1] (0.54ns)   --->   "%add_ln840_361 = add i2 %add_ln840_360, i2 %zext_ln840_80"   --->   Operation 1006 'add' 'add_ln840_361' <Predicate = true> <Delay = 0.54> <CoreInst = "Adder">   --->   Core 1 'Adder' <Latency = 0> <II = 1> <Delay = 0.54> <FuncUnit> <Opcode : 'add' 'sub'> <InPorts = 2> <OutPorts = 1>
ST_1 : Operation 1007 [1/1] (0.00ns)   --->   "%zext_ln840_473 = zext i2 %add_ln840_361"   --->   Operation 1007 'zext' 'zext_ln840_473' <Predicate = true> <Delay = 0.00>
ST_1 : Operation 1008 [1/1] (0.54ns)   --->   "%add_ln840_362 = add i3 %zext_ln840_473, i3 %zext_ln840_472"   --->   Operation 1008 'add' 'add_ln840_362' <Predicate = true> <Delay = 0.54> <CoreInst = "Adder">   --->   Core 1 'Adder' <Latency = 0> <II = 1> <Delay = 0.54> <FuncUnit> <Opcode : 'add' 'sub'> <InPorts = 2> <OutPorts = 1>
ST_1 : Operation 1009 [1/1] (0.00ns)   --->   "%zext_ln840_474 = zext i3 %add_ln840_362"   --->   Operation 1009 'zext' 'zext_ln840_474' <Predicate = true> <Delay = 0.00>
ST_1 : Operation 1010 [1/1] (0.67ns)   --->   "%add_ln840_363 = add i4 %zext_ln840_474, i4 %zext_ln840_471"   --->   Operation 1010 'add' 'add_ln840_363' <Predicate = true> <Delay = 0.67> <CoreInst = "Adder">   --->   Core 1 'Adder' <Latency = 0> <II = 1> <Delay = 0.67> <FuncUnit> <Opcode : 'add' 'sub'> <InPorts = 2> <OutPorts = 1>
ST_1 : Operation 1011 [1/1] (0.00ns)   --->   "%zext_ln840_475 = zext i4 %add_ln840_363"   --->   Operation 1011 'zext' 'zext_ln840_475' <Predicate = true> <Delay = 0.00>
ST_1 : Operation 1012 [1/1] (0.79ns)   --->   "%add_ln840_364 = add i5 %zext_ln840_475, i5 %zext_ln840_468"   --->   Operation 1012 'add' 'add_ln840_364' <Predicate = true> <Delay = 0.79> <CoreInst = "Adder">   --->   Core 1 'Adder' <Latency = 0> <II = 1> <Delay = 0.79> <FuncUnit> <Opcode : 'add' 'sub'> <InPorts = 2> <OutPorts = 1>
ST_1 : Operation 1013 [1/1] (0.00ns)   --->   "%zext_ln840_476 = zext i5 %add_ln840_364"   --->   Operation 1013 'zext' 'zext_ln840_476' <Predicate = true> <Delay = 0.00>
ST_1 : Operation 1014 [1/1] (0.54ns)   --->   "%add_ln840_365 = add i2 %add_ln840_146, i2 %zext_ln840_223"   --->   Operation 1014 'add' 'add_ln840_365' <Predicate = true> <Delay = 0.54> <CoreInst = "Adder">   --->   Core 1 'Adder' <Latency = 0> <II = 1> <Delay = 0.54> <FuncUnit> <Opcode : 'add' 'sub'> <InPorts = 2> <OutPorts = 1>
ST_1 : Operation 1015 [1/1] (0.00ns)   --->   "%zext_ln840_477 = zext i2 %add_ln840_365"   --->   Operation 1015 'zext' 'zext_ln840_477' <Predicate = true> <Delay = 0.00>
ST_1 : Operation 1016 [1/1] (0.54ns)   --->   "%add_ln840_366 = add i3 %zext_ln840_477, i3 %zext_ln840_189"   --->   Operation 1016 'add' 'add_ln840_366' <Predicate = true> <Delay = 0.54> <CoreInst = "Adder">   --->   Core 1 'Adder' <Latency = 0> <II = 1> <Delay = 0.54> <FuncUnit> <Opcode : 'add' 'sub'> <InPorts = 2> <OutPorts = 1>
ST_1 : Operation 1017 [1/1] (0.00ns)   --->   "%zext_ln840_478 = zext i3 %add_ln840_366"   --->   Operation 1017 'zext' 'zext_ln840_478' <Predicate = true> <Delay = 0.00>
ST_1 : Operation 1018 [1/1] (0.54ns)   --->   "%add_ln840_367 = add i2 %zext_ln840_226, i2 %zext_ln840_107"   --->   Operation 1018 'add' 'add_ln840_367' <Predicate = true> <Delay = 0.54> <CoreInst = "Adder">   --->   Core 1 'Adder' <Latency = 0> <II = 1> <Delay = 0.54> <FuncUnit> <Opcode : 'add' 'sub'> <InPorts = 2> <OutPorts = 1>
ST_1 : Operation 1019 [1/1] (0.00ns)   --->   "%zext_ln840_479 = zext i2 %add_ln840_367"   --->   Operation 1019 'zext' 'zext_ln840_479' <Predicate = true> <Delay = 0.00>
ST_1 : Operation 1020 [1/1] (0.54ns)   --->   "%add_ln840_368 = add i2 %zext_ln840_111, i2 %zext_ln840_227"   --->   Operation 1020 'add' 'add_ln840_368' <Predicate = true> <Delay = 0.54> <CoreInst = "Adder">   --->   Core 1 'Adder' <Latency = 0> <II = 1> <Delay = 0.54> <FuncUnit> <Opcode : 'add' 'sub'> <InPorts = 2> <OutPorts = 1>
ST_1 : Operation 1021 [1/1] (0.54ns)   --->   "%add_ln840_369 = add i2 %add_ln840_368, i2 %zext_ln840_109"   --->   Operation 1021 'add' 'add_ln840_369' <Predicate = true> <Delay = 0.54> <CoreInst = "Adder">   --->   Core 1 'Adder' <Latency = 0> <II = 1> <Delay = 0.54> <FuncUnit> <Opcode : 'add' 'sub'> <InPorts = 2> <OutPorts = 1>
ST_1 : Operation 1022 [1/1] (0.00ns)   --->   "%zext_ln840_480 = zext i2 %add_ln840_369"   --->   Operation 1022 'zext' 'zext_ln840_480' <Predicate = true> <Delay = 0.00>
ST_1 : Operation 1023 [1/1] (0.54ns)   --->   "%add_ln840_370 = add i3 %zext_ln840_480, i3 %zext_ln840_479"   --->   Operation 1023 'add' 'add_ln840_370' <Predicate = true> <Delay = 0.54> <CoreInst = "Adder">   --->   Core 1 'Adder' <Latency = 0> <II = 1> <Delay = 0.54> <FuncUnit> <Opcode : 'add' 'sub'> <InPorts = 2> <OutPorts = 1>
ST_1 : Operation 1024 [1/1] (0.00ns)   --->   "%zext_ln840_481 = zext i3 %add_ln840_370"   --->   Operation 1024 'zext' 'zext_ln840_481' <Predicate = true> <Delay = 0.00>
ST_1 : Operation 1025 [1/1] (0.67ns)   --->   "%add_ln840_371 = add i4 %zext_ln840_481, i4 %zext_ln840_478"   --->   Operation 1025 'add' 'add_ln840_371' <Predicate = true> <Delay = 0.67> <CoreInst = "Adder">   --->   Core 1 'Adder' <Latency = 0> <II = 1> <Delay = 0.67> <FuncUnit> <Opcode : 'add' 'sub'> <InPorts = 2> <OutPorts = 1>
ST_1 : Operation 1026 [1/1] (0.00ns)   --->   "%zext_ln840_482 = zext i4 %add_ln840_371"   --->   Operation 1026 'zext' 'zext_ln840_482' <Predicate = true> <Delay = 0.00>
ST_1 : Operation 1027 [1/1] (0.00ns) (grouped into TernaryAdder)   --->   "%add_ln840_372 = add i2 %zext_ln840_120, i2 %zext_ln840_230"   --->   Operation 1027 'add' 'add_ln840_372' <Predicate = true> <Delay = 0.00> <CoreInst = "TAddSub">   --->   Core 10 'TAddSub' <Latency = 0> <II = 1> <Delay = 0.23> <IPBlock> <Opcode : 'add' 'sub'> <InPorts = 3> <OutPorts = 1> <Sync> <CReg>
ST_1 : Operation 1028 [1/1] (0.14ns) (root node of TernaryAdder)   --->   "%add_ln840_373 = add i2 %add_ln840_372, i2 %zext_ln840_117"   --->   Operation 1028 'add' 'add_ln840_373' <Predicate = true> <Delay = 0.14> <CoreInst = "TAddSub">   --->   Core 10 'TAddSub' <Latency = 0> <II = 1> <Delay = 0.23> <IPBlock> <Opcode : 'add' 'sub'> <InPorts = 3> <OutPorts = 1> <Sync> <CReg>
ST_1 : Operation 1029 [1/1] (0.00ns)   --->   "%zext_ln840_483 = zext i2 %add_ln840_373"   --->   Operation 1029 'zext' 'zext_ln840_483' <Predicate = true> <Delay = 0.00>
ST_1 : Operation 1030 [1/1] (0.54ns)   --->   "%add_ln840_374 = add i3 %zext_ln840_483, i3 %zext_ln840_356"   --->   Operation 1030 'add' 'add_ln840_374' <Predicate = true> <Delay = 0.54> <CoreInst = "Adder">   --->   Core 1 'Adder' <Latency = 0> <II = 1> <Delay = 0.54> <FuncUnit> <Opcode : 'add' 'sub'> <InPorts = 2> <OutPorts = 1>
ST_1 : Operation 1031 [1/1] (0.00ns)   --->   "%zext_ln840_484 = zext i3 %add_ln840_374"   --->   Operation 1031 'zext' 'zext_ln840_484' <Predicate = true> <Delay = 0.00>
ST_1 : Operation 1032 [1/1] (0.00ns)   --->   "%zext_ln840_485 = zext i2 %add_ln840_75"   --->   Operation 1032 'zext' 'zext_ln840_485' <Predicate = true> <Delay = 0.00>
ST_1 : Operation 1033 [1/1] (0.67ns)   --->   "%add_ln840_375 = add i3 %zext_ln840_140, i3 %add_ln840_85"   --->   Operation 1033 'add' 'add_ln840_375' <Predicate = true> <Delay = 0.67> <CoreInst = "Adder">   --->   Core 1 'Adder' <Latency = 0> <II = 1> <Delay = 0.67> <FuncUnit> <Opcode : 'add' 'sub'> <InPorts = 2> <OutPorts = 1>
ST_1 : Operation 1034 [1/1] (0.00ns)   --->   "%zext_ln840_486 = zext i3 %add_ln840_375"   --->   Operation 1034 'zext' 'zext_ln840_486' <Predicate = true> <Delay = 0.00>
ST_1 : Operation 1035 [1/1] (0.67ns)   --->   "%add_ln840_376 = add i4 %zext_ln840_486, i4 %zext_ln840_137"   --->   Operation 1035 'add' 'add_ln840_376' <Predicate = true> <Delay = 0.67> <CoreInst = "Adder">   --->   Core 1 'Adder' <Latency = 0> <II = 1> <Delay = 0.67> <FuncUnit> <Opcode : 'add' 'sub'> <InPorts = 2> <OutPorts = 1>
ST_1 : Operation 1036 [1/1] (0.00ns) (grouped into TernaryAdder)   --->   "%add_ln840_377 = add i4 %add_ln840_376, i4 %zext_ln840_485"   --->   Operation 1036 'add' 'add_ln840_377' <Predicate = true> <Delay = 0.00> <CoreInst = "TAddSub">   --->   Core 10 'TAddSub' <Latency = 0> <II = 1> <Delay = 0.23> <IPBlock> <Opcode : 'add' 'sub'> <InPorts = 3> <OutPorts = 1> <Sync> <CReg>
ST_1 : Operation 1037 [1/1] (0.46ns) (root node of TernaryAdder)   --->   "%add_ln840_378 = add i4 %add_ln840_377, i4 %zext_ln840_484"   --->   Operation 1037 'add' 'add_ln840_378' <Predicate = true> <Delay = 0.46> <CoreInst = "TAddSub">   --->   Core 10 'TAddSub' <Latency = 0> <II = 1> <Delay = 0.23> <IPBlock> <Opcode : 'add' 'sub'> <InPorts = 3> <OutPorts = 1> <Sync> <CReg>
ST_1 : Operation 1038 [1/1] (0.00ns)   --->   "%zext_ln840_487 = zext i4 %add_ln840_378"   --->   Operation 1038 'zext' 'zext_ln840_487' <Predicate = true> <Delay = 0.00>
ST_1 : Operation 1039 [1/1] (0.79ns)   --->   "%add_ln840_379 = add i5 %zext_ln840_487, i5 %zext_ln840_482"   --->   Operation 1039 'add' 'add_ln840_379' <Predicate = true> <Delay = 0.79> <CoreInst = "Adder">   --->   Core 1 'Adder' <Latency = 0> <II = 1> <Delay = 0.79> <FuncUnit> <Opcode : 'add' 'sub'> <InPorts = 2> <OutPorts = 1>
ST_1 : Operation 1040 [1/1] (0.00ns)   --->   "%zext_ln840_488 = zext i5 %add_ln840_379"   --->   Operation 1040 'zext' 'zext_ln840_488' <Predicate = true> <Delay = 0.00>
ST_1 : Operation 1041 [1/1] (0.78ns)   --->   "%add_ln840_380 = add i6 %zext_ln840_488, i6 %zext_ln840_476"   --->   Operation 1041 'add' 'add_ln840_380' <Predicate = true> <Delay = 0.78> <CoreInst = "Adder">   --->   Core 1 'Adder' <Latency = 0> <II = 1> <Delay = 0.78> <FuncUnit> <Opcode : 'add' 'sub'> <InPorts = 2> <OutPorts = 1>
ST_1 : Operation 1042 [1/1] (0.00ns)   --->   "%zext_ln840_489 = zext i6 %add_ln840_380"   --->   Operation 1042 'zext' 'zext_ln840_489' <Predicate = true> <Delay = 0.00>
ST_1 : Operation 1043 [1/1] (0.78ns)   --->   "%add_ln840_381 = add i7 %zext_ln840_489, i7 %zext_ln840_462"   --->   Operation 1043 'add' 'add_ln840_381' <Predicate = true> <Delay = 0.78> <CoreInst = "Adder">   --->   Core 1 'Adder' <Latency = 0> <II = 1> <Delay = 0.78> <FuncUnit> <Opcode : 'add' 'sub'> <InPorts = 2> <OutPorts = 1>
ST_1 : Operation 1044 [1/1] (0.00ns)   --->   "%zext_ln840_490 = zext i7 %add_ln840_381"   --->   Operation 1044 'zext' 'zext_ln840_490' <Predicate = true> <Delay = 0.00>
ST_1 : Operation 1045 [1/1] (0.54ns)   --->   "%add_ln840_382 = add i2 %zext_ln840_202, i2 %zext_ln840"   --->   Operation 1045 'add' 'add_ln840_382' <Predicate = true> <Delay = 0.54> <CoreInst = "Adder">   --->   Core 1 'Adder' <Latency = 0> <II = 1> <Delay = 0.54> <FuncUnit> <Opcode : 'add' 'sub'> <InPorts = 2> <OutPorts = 1>
ST_1 : Operation 1046 [1/1] (0.54ns)   --->   "%add_ln840_383 = add i2 %zext_ln840_3, i2 %add_ln840_382"   --->   Operation 1046 'add' 'add_ln840_383' <Predicate = true> <Delay = 0.54> <CoreInst = "Adder">   --->   Core 1 'Adder' <Latency = 0> <II = 1> <Delay = 0.54> <FuncUnit> <Opcode : 'add' 'sub'> <InPorts = 2> <OutPorts = 1>
ST_1 : Operation 1047 [1/1] (0.00ns)   --->   "%zext_ln840_491 = zext i2 %add_ln840_383"   --->   Operation 1047 'zext' 'zext_ln840_491' <Predicate = true> <Delay = 0.00>
ST_1 : Operation 1048 [1/1] (0.54ns)   --->   "%add_ln840_384 = add i3 %zext_ln840_491, i3 %zext_ln840_205"   --->   Operation 1048 'add' 'add_ln840_384' <Predicate = true> <Delay = 0.54> <CoreInst = "Adder">   --->   Core 1 'Adder' <Latency = 0> <II = 1> <Delay = 0.54> <FuncUnit> <Opcode : 'add' 'sub'> <InPorts = 2> <OutPorts = 1>
ST_1 : Operation 1049 [1/1] (0.54ns)   --->   "%add_ln840_385 = add i2 %add_ln840_240, i2 %zext_ln840_10"   --->   Operation 1049 'add' 'add_ln840_385' <Predicate = true> <Delay = 0.54> <CoreInst = "Adder">   --->   Core 1 'Adder' <Latency = 0> <II = 1> <Delay = 0.54> <FuncUnit> <Opcode : 'add' 'sub'> <InPorts = 2> <OutPorts = 1>
ST_1 : Operation 1050 [1/1] (0.00ns)   --->   "%zext_ln840_492 = zext i2 %add_ln840_385"   --->   Operation 1050 'zext' 'zext_ln840_492' <Predicate = true> <Delay = 0.00>
ST_1 : Operation 1051 [1/1] (0.54ns)   --->   "%add_ln840_386 = add i3 %zext_ln840_369, i3 %zext_ln840_492"   --->   Operation 1051 'add' 'add_ln840_386' <Predicate = true> <Delay = 0.54> <CoreInst = "Adder">   --->   Core 1 'Adder' <Latency = 0> <II = 1> <Delay = 0.54> <FuncUnit> <Opcode : 'add' 'sub'> <InPorts = 2> <OutPorts = 1>
ST_1 : Operation 1052 [1/1] (0.00ns)   --->   "%zext_ln840_493 = zext i3 %add_ln840_386"   --->   Operation 1052 'zext' 'zext_ln840_493' <Predicate = true> <Delay = 0.00>
ST_1 : Operation 1053 [1/1] (0.54ns)   --->   "%add_ln840_387 = add i2 %zext_ln840_19, i2 %zext_ln840_20"   --->   Operation 1053 'add' 'add_ln840_387' <Predicate = true> <Delay = 0.54> <CoreInst = "Adder">   --->   Core 1 'Adder' <Latency = 0> <II = 1> <Delay = 0.54> <FuncUnit> <Opcode : 'add' 'sub'> <InPorts = 2> <OutPorts = 1>
ST_1 : Operation 1054 [1/1] (0.00ns)   --->   "%zext_ln840_494 = zext i2 %add_ln840_387"   --->   Operation 1054 'zext' 'zext_ln840_494' <Predicate = true> <Delay = 0.00>
ST_1 : Operation 1055 [1/1] (0.54ns)   --->   "%add_ln840_388 = add i2 %add_ln840_245, i2 %zext_ln840_24"   --->   Operation 1055 'add' 'add_ln840_388' <Predicate = true> <Delay = 0.54> <CoreInst = "Adder">   --->   Core 1 'Adder' <Latency = 0> <II = 1> <Delay = 0.54> <FuncUnit> <Opcode : 'add' 'sub'> <InPorts = 2> <OutPorts = 1>
ST_1 : Operation 1056 [1/1] (0.00ns)   --->   "%zext_ln840_495 = zext i2 %add_ln840_388"   --->   Operation 1056 'zext' 'zext_ln840_495' <Predicate = true> <Delay = 0.00>
ST_1 : Operation 1057 [1/1] (0.54ns)   --->   "%add_ln840_389 = add i3 %zext_ln840_495, i3 %zext_ln840_494"   --->   Operation 1057 'add' 'add_ln840_389' <Predicate = true> <Delay = 0.54> <CoreInst = "Adder">   --->   Core 1 'Adder' <Latency = 0> <II = 1> <Delay = 0.54> <FuncUnit> <Opcode : 'add' 'sub'> <InPorts = 2> <OutPorts = 1>
ST_1 : Operation 1058 [1/1] (0.00ns)   --->   "%zext_ln840_496 = zext i3 %add_ln840_389"   --->   Operation 1058 'zext' 'zext_ln840_496' <Predicate = true> <Delay = 0.00>
ST_1 : Operation 1059 [1/1] (0.67ns)   --->   "%add_ln840_390 = add i4 %zext_ln840_496, i4 %zext_ln840_493"   --->   Operation 1059 'add' 'add_ln840_390' <Predicate = true> <Delay = 0.67> <CoreInst = "Adder">   --->   Core 1 'Adder' <Latency = 0> <II = 1> <Delay = 0.67> <FuncUnit> <Opcode : 'add' 'sub'> <InPorts = 2> <OutPorts = 1>
ST_1 : Operation 1060 [1/1] (0.00ns)   --->   "%zext_ln840_497 = zext i4 %add_ln840_390"   --->   Operation 1060 'zext' 'zext_ln840_497' <Predicate = true> <Delay = 0.00>
ST_1 : Operation 1061 [1/1] (0.54ns)   --->   "%add_ln840_391 = add i2 %zext_ln840_34, i2 %zext_ln840_39"   --->   Operation 1061 'add' 'add_ln840_391' <Predicate = true> <Delay = 0.54> <CoreInst = "Adder">   --->   Core 1 'Adder' <Latency = 0> <II = 1> <Delay = 0.54> <FuncUnit> <Opcode : 'add' 'sub'> <InPorts = 2> <OutPorts = 1>
ST_1 : Operation 1062 [1/1] (0.00ns)   --->   "%zext_ln840_498 = zext i2 %add_ln840_391"   --->   Operation 1062 'zext' 'zext_ln840_498' <Predicate = true> <Delay = 0.00>
ST_1 : Operation 1063 [1/1] (0.00ns) (grouped into TernaryAdder)   --->   "%add_ln840_392 = add i2 %zext_ln840_50, i2 %zext_ln840_55"   --->   Operation 1063 'add' 'add_ln840_392' <Predicate = true> <Delay = 0.00> <CoreInst = "TAddSub">   --->   Core 10 'TAddSub' <Latency = 0> <II = 1> <Delay = 0.23> <IPBlock> <Opcode : 'add' 'sub'> <InPorts = 3> <OutPorts = 1> <Sync> <CReg>
ST_1 : Operation 1064 [1/1] (0.14ns) (root node of TernaryAdder)   --->   "%add_ln840_393 = add i2 %add_ln840_392, i2 %zext_ln840_42"   --->   Operation 1064 'add' 'add_ln840_393' <Predicate = true> <Delay = 0.14> <CoreInst = "TAddSub">   --->   Core 10 'TAddSub' <Latency = 0> <II = 1> <Delay = 0.23> <IPBlock> <Opcode : 'add' 'sub'> <InPorts = 3> <OutPorts = 1> <Sync> <CReg>
ST_1 : Operation 1065 [1/1] (0.00ns)   --->   "%zext_ln840_499 = zext i2 %add_ln840_393"   --->   Operation 1065 'zext' 'zext_ln840_499' <Predicate = true> <Delay = 0.00>
ST_1 : Operation 1066 [1/1] (0.54ns)   --->   "%add_ln840_394 = add i3 %zext_ln840_499, i3 %zext_ln840_498"   --->   Operation 1066 'add' 'add_ln840_394' <Predicate = true> <Delay = 0.54> <CoreInst = "Adder">   --->   Core 1 'Adder' <Latency = 0> <II = 1> <Delay = 0.54> <FuncUnit> <Opcode : 'add' 'sub'> <InPorts = 2> <OutPorts = 1>
ST_1 : Operation 1067 [1/1] (0.00ns)   --->   "%zext_ln840_500 = zext i3 %add_ln840_394"   --->   Operation 1067 'zext' 'zext_ln840_500' <Predicate = true> <Delay = 0.00>
ST_1 : Operation 1068 [1/1] (0.54ns)   --->   "%add_ln840_395 = add i2 %zext_ln840_57, i2 %zext_ln840_60"   --->   Operation 1068 'add' 'add_ln840_395' <Predicate = true> <Delay = 0.54> <CoreInst = "Adder">   --->   Core 1 'Adder' <Latency = 0> <II = 1> <Delay = 0.54> <FuncUnit> <Opcode : 'add' 'sub'> <InPorts = 2> <OutPorts = 1>
ST_1 : Operation 1069 [1/1] (0.00ns)   --->   "%zext_ln840_501 = zext i2 %add_ln840_395"   --->   Operation 1069 'zext' 'zext_ln840_501' <Predicate = true> <Delay = 0.00>
ST_1 : Operation 1070 [1/1] (0.00ns) (grouped into TernaryAdder)   --->   "%add_ln840_396 = add i2 %zext_ln840_71, i2 %zext_ln840_75"   --->   Operation 1070 'add' 'add_ln840_396' <Predicate = true> <Delay = 0.00> <CoreInst = "TAddSub">   --->   Core 10 'TAddSub' <Latency = 0> <II = 1> <Delay = 0.23> <IPBlock> <Opcode : 'add' 'sub'> <InPorts = 3> <OutPorts = 1> <Sync> <CReg>
ST_1 : Operation 1071 [1/1] (0.14ns) (root node of TernaryAdder)   --->   "%add_ln840_397 = add i2 %add_ln840_396, i2 %zext_ln840_66"   --->   Operation 1071 'add' 'add_ln840_397' <Predicate = true> <Delay = 0.14> <CoreInst = "TAddSub">   --->   Core 10 'TAddSub' <Latency = 0> <II = 1> <Delay = 0.23> <IPBlock> <Opcode : 'add' 'sub'> <InPorts = 3> <OutPorts = 1> <Sync> <CReg>
ST_1 : Operation 1072 [1/1] (0.00ns)   --->   "%zext_ln840_502 = zext i2 %add_ln840_397"   --->   Operation 1072 'zext' 'zext_ln840_502' <Predicate = true> <Delay = 0.00>
ST_1 : Operation 1073 [1/1] (0.54ns)   --->   "%add_ln840_398 = add i3 %zext_ln840_502, i3 %zext_ln840_501"   --->   Operation 1073 'add' 'add_ln840_398' <Predicate = true> <Delay = 0.54> <CoreInst = "Adder">   --->   Core 1 'Adder' <Latency = 0> <II = 1> <Delay = 0.54> <FuncUnit> <Opcode : 'add' 'sub'> <InPorts = 2> <OutPorts = 1>
ST_1 : Operation 1074 [1/1] (0.00ns)   --->   "%zext_ln840_503 = zext i3 %add_ln840_398"   --->   Operation 1074 'zext' 'zext_ln840_503' <Predicate = true> <Delay = 0.00>
ST_1 : Operation 1075 [1/1] (0.67ns)   --->   "%add_ln840_399 = add i4 %zext_ln840_503, i4 %zext_ln840_500"   --->   Operation 1075 'add' 'add_ln840_399' <Predicate = true> <Delay = 0.67> <CoreInst = "Adder">   --->   Core 1 'Adder' <Latency = 0> <II = 1> <Delay = 0.67> <FuncUnit> <Opcode : 'add' 'sub'> <InPorts = 2> <OutPorts = 1>
ST_1 : Operation 1076 [1/1] (0.00ns)   --->   "%zext_ln840_504 = zext i4 %add_ln840_399"   --->   Operation 1076 'zext' 'zext_ln840_504' <Predicate = true> <Delay = 0.00>
ST_1 : Operation 1077 [1/1] (0.79ns)   --->   "%add_ln840_400 = add i5 %zext_ln840_504, i5 %zext_ln840_497"   --->   Operation 1077 'add' 'add_ln840_400' <Predicate = true> <Delay = 0.79> <CoreInst = "Adder">   --->   Core 1 'Adder' <Latency = 0> <II = 1> <Delay = 0.79> <FuncUnit> <Opcode : 'add' 'sub'> <InPorts = 2> <OutPorts = 1>
ST_1 : Operation 1078 [1/1] (0.00ns)   --->   "%zext_ln840_505 = zext i5 %add_ln840_400"   --->   Operation 1078 'zext' 'zext_ln840_505' <Predicate = true> <Delay = 0.00>
ST_1 : Operation 1079 [1/1] (0.54ns)   --->   "%add_ln840_401 = add i2 %zext_ln840_77, i2 %zext_ln840_79"   --->   Operation 1079 'add' 'add_ln840_401' <Predicate = true> <Delay = 0.54> <CoreInst = "Adder">   --->   Core 1 'Adder' <Latency = 0> <II = 1> <Delay = 0.54> <FuncUnit> <Opcode : 'add' 'sub'> <InPorts = 2> <OutPorts = 1>
ST_1 : Operation 1080 [1/1] (0.00ns)   --->   "%zext_ln840_506 = zext i2 %add_ln840_401"   --->   Operation 1080 'zext' 'zext_ln840_506' <Predicate = true> <Delay = 0.00>
ST_1 : Operation 1081 [1/1] (0.00ns) (grouped into TernaryAdder)   --->   "%add_ln840_402 = add i2 %zext_ln840_84, i2 %zext_ln840_88"   --->   Operation 1081 'add' 'add_ln840_402' <Predicate = true> <Delay = 0.00> <CoreInst = "TAddSub">   --->   Core 10 'TAddSub' <Latency = 0> <II = 1> <Delay = 0.23> <IPBlock> <Opcode : 'add' 'sub'> <InPorts = 3> <OutPorts = 1> <Sync> <CReg>
ST_1 : Operation 1082 [1/1] (0.14ns) (root node of TernaryAdder)   --->   "%add_ln840_403 = add i2 %add_ln840_402, i2 %zext_ln840_81"   --->   Operation 1082 'add' 'add_ln840_403' <Predicate = true> <Delay = 0.14> <CoreInst = "TAddSub">   --->   Core 10 'TAddSub' <Latency = 0> <II = 1> <Delay = 0.23> <IPBlock> <Opcode : 'add' 'sub'> <InPorts = 3> <OutPorts = 1> <Sync> <CReg>
ST_1 : Operation 1083 [1/1] (0.00ns)   --->   "%zext_ln840_507 = zext i2 %add_ln840_403"   --->   Operation 1083 'zext' 'zext_ln840_507' <Predicate = true> <Delay = 0.00>
ST_1 : Operation 1084 [1/1] (0.54ns)   --->   "%add_ln840_404 = add i3 %zext_ln840_507, i3 %zext_ln840_506"   --->   Operation 1084 'add' 'add_ln840_404' <Predicate = true> <Delay = 0.54> <CoreInst = "Adder">   --->   Core 1 'Adder' <Latency = 0> <II = 1> <Delay = 0.54> <FuncUnit> <Opcode : 'add' 'sub'> <InPorts = 2> <OutPorts = 1>
ST_1 : Operation 1085 [1/1] (0.00ns)   --->   "%zext_ln840_508 = zext i3 %add_ln840_404"   --->   Operation 1085 'zext' 'zext_ln840_508' <Predicate = true> <Delay = 0.00>
ST_1 : Operation 1086 [1/1] (0.54ns)   --->   "%add_ln840_405 = add i2 %zext_ln840_92, i2 %zext_ln840_94"   --->   Operation 1086 'add' 'add_ln840_405' <Predicate = true> <Delay = 0.54> <CoreInst = "Adder">   --->   Core 1 'Adder' <Latency = 0> <II = 1> <Delay = 0.54> <FuncUnit> <Opcode : 'add' 'sub'> <InPorts = 2> <OutPorts = 1>
ST_1 : Operation 1087 [1/1] (0.00ns)   --->   "%zext_ln840_509 = zext i2 %add_ln840_405"   --->   Operation 1087 'zext' 'zext_ln840_509' <Predicate = true> <Delay = 0.00>
ST_1 : Operation 1088 [1/1] (0.00ns) (grouped into TernaryAdder)   --->   "%add_ln840_406 = add i2 %zext_ln840_100, i2 %zext_ln840_102"   --->   Operation 1088 'add' 'add_ln840_406' <Predicate = true> <Delay = 0.00> <CoreInst = "TAddSub">   --->   Core 10 'TAddSub' <Latency = 0> <II = 1> <Delay = 0.23> <IPBlock> <Opcode : 'add' 'sub'> <InPorts = 3> <OutPorts = 1> <Sync> <CReg>
ST_1 : Operation 1089 [1/1] (0.14ns) (root node of TernaryAdder)   --->   "%add_ln840_407 = add i2 %add_ln840_406, i2 %zext_ln840_96"   --->   Operation 1089 'add' 'add_ln840_407' <Predicate = true> <Delay = 0.14> <CoreInst = "TAddSub">   --->   Core 10 'TAddSub' <Latency = 0> <II = 1> <Delay = 0.23> <IPBlock> <Opcode : 'add' 'sub'> <InPorts = 3> <OutPorts = 1> <Sync> <CReg>
ST_1 : Operation 1090 [1/1] (0.00ns)   --->   "%zext_ln840_510 = zext i2 %add_ln840_407"   --->   Operation 1090 'zext' 'zext_ln840_510' <Predicate = true> <Delay = 0.00>
ST_1 : Operation 1091 [1/1] (0.54ns)   --->   "%add_ln840_408 = add i3 %zext_ln840_510, i3 %zext_ln840_509"   --->   Operation 1091 'add' 'add_ln840_408' <Predicate = true> <Delay = 0.54> <CoreInst = "Adder">   --->   Core 1 'Adder' <Latency = 0> <II = 1> <Delay = 0.54> <FuncUnit> <Opcode : 'add' 'sub'> <InPorts = 2> <OutPorts = 1>
ST_1 : Operation 1092 [1/1] (0.00ns)   --->   "%zext_ln840_511 = zext i3 %add_ln840_408"   --->   Operation 1092 'zext' 'zext_ln840_511' <Predicate = true> <Delay = 0.00>
ST_1 : Operation 1093 [1/1] (0.67ns)   --->   "%add_ln840_409 = add i4 %zext_ln840_511, i4 %zext_ln840_508"   --->   Operation 1093 'add' 'add_ln840_409' <Predicate = true> <Delay = 0.67> <CoreInst = "Adder">   --->   Core 1 'Adder' <Latency = 0> <II = 1> <Delay = 0.67> <FuncUnit> <Opcode : 'add' 'sub'> <InPorts = 2> <OutPorts = 1>
ST_1 : Operation 1094 [1/1] (0.00ns)   --->   "%zext_ln840_512 = zext i4 %add_ln840_409"   --->   Operation 1094 'zext' 'zext_ln840_512' <Predicate = true> <Delay = 0.00>
ST_1 : Operation 1095 [1/1] (0.54ns)   --->   "%add_ln840_410 = add i2 %zext_ln840_106, i2 %zext_ln840_108"   --->   Operation 1095 'add' 'add_ln840_410' <Predicate = true> <Delay = 0.54> <CoreInst = "Adder">   --->   Core 1 'Adder' <Latency = 0> <II = 1> <Delay = 0.54> <FuncUnit> <Opcode : 'add' 'sub'> <InPorts = 2> <OutPorts = 1>
ST_1 : Operation 1096 [1/1] (0.00ns)   --->   "%zext_ln840_513 = zext i2 %add_ln840_410"   --->   Operation 1096 'zext' 'zext_ln840_513' <Predicate = true> <Delay = 0.00>
ST_1 : Operation 1097 [1/1] (0.00ns) (grouped into TernaryAdder)   --->   "%add_ln840_411 = add i2 %zext_ln840_113, i2 %zext_ln840_116"   --->   Operation 1097 'add' 'add_ln840_411' <Predicate = true> <Delay = 0.00> <CoreInst = "TAddSub">   --->   Core 10 'TAddSub' <Latency = 0> <II = 1> <Delay = 0.23> <IPBlock> <Opcode : 'add' 'sub'> <InPorts = 3> <OutPorts = 1> <Sync> <CReg>
ST_1 : Operation 1098 [1/1] (0.14ns) (root node of TernaryAdder)   --->   "%add_ln840_412 = add i2 %add_ln840_411, i2 %zext_ln840_110"   --->   Operation 1098 'add' 'add_ln840_412' <Predicate = true> <Delay = 0.14> <CoreInst = "TAddSub">   --->   Core 10 'TAddSub' <Latency = 0> <II = 1> <Delay = 0.23> <IPBlock> <Opcode : 'add' 'sub'> <InPorts = 3> <OutPorts = 1> <Sync> <CReg>
ST_1 : Operation 1099 [1/1] (0.00ns)   --->   "%zext_ln840_514 = zext i2 %add_ln840_412"   --->   Operation 1099 'zext' 'zext_ln840_514' <Predicate = true> <Delay = 0.00>
ST_1 : Operation 1100 [1/1] (0.54ns)   --->   "%add_ln840_413 = add i3 %zext_ln840_514, i3 %zext_ln840_513"   --->   Operation 1100 'add' 'add_ln840_413' <Predicate = true> <Delay = 0.54> <CoreInst = "Adder">   --->   Core 1 'Adder' <Latency = 0> <II = 1> <Delay = 0.54> <FuncUnit> <Opcode : 'add' 'sub'> <InPorts = 2> <OutPorts = 1>
ST_1 : Operation 1101 [1/1] (0.00ns)   --->   "%zext_ln840_515 = zext i3 %add_ln840_413"   --->   Operation 1101 'zext' 'zext_ln840_515' <Predicate = true> <Delay = 0.00>
ST_1 : Operation 1102 [1/1] (0.54ns)   --->   "%add_ln840_414 = add i2 %zext_ln840_118, i2 %zext_ln840_119"   --->   Operation 1102 'add' 'add_ln840_414' <Predicate = true> <Delay = 0.54> <CoreInst = "Adder">   --->   Core 1 'Adder' <Latency = 0> <II = 1> <Delay = 0.54> <FuncUnit> <Opcode : 'add' 'sub'> <InPorts = 2> <OutPorts = 1>
ST_1 : Operation 1103 [1/1] (0.00ns)   --->   "%zext_ln840_516 = zext i2 %add_ln840_414"   --->   Operation 1103 'zext' 'zext_ln840_516' <Predicate = true> <Delay = 0.00>
ST_1 : Operation 1104 [1/1] (0.00ns) (grouped into TernaryAdder)   --->   "%add_ln840_415 = add i2 %zext_ln840_126, i2 %zext_ln840_365"   --->   Operation 1104 'add' 'add_ln840_415' <Predicate = true> <Delay = 0.00> <CoreInst = "TAddSub">   --->   Core 10 'TAddSub' <Latency = 0> <II = 1> <Delay = 0.23> <IPBlock> <Opcode : 'add' 'sub'> <InPorts = 3> <OutPorts = 1> <Sync> <CReg>
ST_1 : Operation 1105 [1/1] (0.14ns) (root node of TernaryAdder)   --->   "%add_ln840_416 = add i2 %add_ln840_415, i2 %zext_ln840_121"   --->   Operation 1105 'add' 'add_ln840_416' <Predicate = true> <Delay = 0.14> <CoreInst = "TAddSub">   --->   Core 10 'TAddSub' <Latency = 0> <II = 1> <Delay = 0.23> <IPBlock> <Opcode : 'add' 'sub'> <InPorts = 3> <OutPorts = 1> <Sync> <CReg>
ST_1 : Operation 1106 [1/1] (0.00ns)   --->   "%zext_ln840_517 = zext i2 %add_ln840_416"   --->   Operation 1106 'zext' 'zext_ln840_517' <Predicate = true> <Delay = 0.00>
ST_1 : Operation 1107 [1/1] (0.54ns)   --->   "%add_ln840_417 = add i3 %zext_ln840_517, i3 %zext_ln840_516"   --->   Operation 1107 'add' 'add_ln840_417' <Predicate = true> <Delay = 0.54> <CoreInst = "Adder">   --->   Core 1 'Adder' <Latency = 0> <II = 1> <Delay = 0.54> <FuncUnit> <Opcode : 'add' 'sub'> <InPorts = 2> <OutPorts = 1>
ST_1 : Operation 1108 [1/1] (0.00ns)   --->   "%zext_ln840_518 = zext i3 %add_ln840_417"   --->   Operation 1108 'zext' 'zext_ln840_518' <Predicate = true> <Delay = 0.00>
ST_1 : Operation 1109 [1/1] (0.67ns)   --->   "%add_ln840_418 = add i4 %zext_ln840_518, i4 %zext_ln840_515"   --->   Operation 1109 'add' 'add_ln840_418' <Predicate = true> <Delay = 0.67> <CoreInst = "Adder">   --->   Core 1 'Adder' <Latency = 0> <II = 1> <Delay = 0.67> <FuncUnit> <Opcode : 'add' 'sub'> <InPorts = 2> <OutPorts = 1>
ST_1 : Operation 1110 [1/1] (0.00ns)   --->   "%zext_ln840_519 = zext i4 %add_ln840_418"   --->   Operation 1110 'zext' 'zext_ln840_519' <Predicate = true> <Delay = 0.00>
ST_1 : Operation 1111 [1/1] (0.79ns)   --->   "%add_ln840_419 = add i5 %zext_ln840_519, i5 %zext_ln840_512"   --->   Operation 1111 'add' 'add_ln840_419' <Predicate = true> <Delay = 0.79> <CoreInst = "Adder">   --->   Core 1 'Adder' <Latency = 0> <II = 1> <Delay = 0.79> <FuncUnit> <Opcode : 'add' 'sub'> <InPorts = 2> <OutPorts = 1>
ST_1 : Operation 1112 [1/1] (0.00ns)   --->   "%zext_ln840_520 = zext i5 %add_ln840_419"   --->   Operation 1112 'zext' 'zext_ln840_520' <Predicate = true> <Delay = 0.00>
ST_1 : Operation 1113 [1/1] (0.78ns)   --->   "%add_ln840_420 = add i6 %zext_ln840_520, i6 %zext_ln840_505"   --->   Operation 1113 'add' 'add_ln840_420' <Predicate = true> <Delay = 0.78> <CoreInst = "Adder">   --->   Core 1 'Adder' <Latency = 0> <II = 1> <Delay = 0.78> <FuncUnit> <Opcode : 'add' 'sub'> <InPorts = 2> <OutPorts = 1>
ST_1 : Operation 1114 [1/1] (0.00ns)   --->   "%zext_ln840_521 = zext i6 %add_ln840_420"   --->   Operation 1114 'zext' 'zext_ln840_521' <Predicate = true> <Delay = 0.00>
ST_1 : Operation 1115 [1/1] (0.00ns)   --->   "%zext_ln840_522 = zext i2 %add_ln840_110"   --->   Operation 1115 'zext' 'zext_ln840_522' <Predicate = true> <Delay = 0.00>
ST_1 : Operation 1116 [1/1] (0.00ns) (grouped into TernaryAdder)   --->   "%add_ln840_421 = add i2 %zext_ln840_33, i2 %zext_ln840_213"   --->   Operation 1116 'add' 'add_ln840_421' <Predicate = true> <Delay = 0.00> <CoreInst = "TAddSub">   --->   Core 10 'TAddSub' <Latency = 0> <II = 1> <Delay = 0.23> <IPBlock> <Opcode : 'add' 'sub'> <InPorts = 3> <OutPorts = 1> <Sync> <CReg>
ST_1 : Operation 1117 [1/1] (0.14ns) (root node of TernaryAdder)   --->   "%add_ln840_422 = add i2 %add_ln840_421, i2 %zext_ln840_211"   --->   Operation 1117 'add' 'add_ln840_422' <Predicate = true> <Delay = 0.14> <CoreInst = "TAddSub">   --->   Core 10 'TAddSub' <Latency = 0> <II = 1> <Delay = 0.23> <IPBlock> <Opcode : 'add' 'sub'> <InPorts = 3> <OutPorts = 1> <Sync> <CReg>
ST_1 : Operation 1118 [1/1] (0.00ns)   --->   "%zext_ln840_523 = zext i2 %add_ln840_422"   --->   Operation 1118 'zext' 'zext_ln840_523' <Predicate = true> <Delay = 0.00>
ST_1 : Operation 1119 [1/1] (0.54ns)   --->   "%add_ln840_423 = add i3 %zext_ln840_523, i3 %zext_ln840_522"   --->   Operation 1119 'add' 'add_ln840_423' <Predicate = true> <Delay = 0.54> <CoreInst = "Adder">   --->   Core 1 'Adder' <Latency = 0> <II = 1> <Delay = 0.54> <FuncUnit> <Opcode : 'add' 'sub'> <InPorts = 2> <OutPorts = 1>
ST_1 : Operation 1120 [1/1] (0.00ns)   --->   "%zext_ln840_524 = zext i3 %add_ln840_423"   --->   Operation 1120 'zext' 'zext_ln840_524' <Predicate = true> <Delay = 0.00>
ST_1 : Operation 1121 [1/1] (0.54ns)   --->   "%add_ln840_424 = add i2 %zext_ln840_37, i2 %zext_ln840_430"   --->   Operation 1121 'add' 'add_ln840_424' <Predicate = true> <Delay = 0.54> <CoreInst = "Adder">   --->   Core 1 'Adder' <Latency = 0> <II = 1> <Delay = 0.54> <FuncUnit> <Opcode : 'add' 'sub'> <InPorts = 2> <OutPorts = 1>
ST_1 : Operation 1122 [1/1] (0.00ns)   --->   "%zext_ln840_525 = zext i2 %add_ln840_424"   --->   Operation 1122 'zext' 'zext_ln840_525' <Predicate = true> <Delay = 0.00>
ST_1 : Operation 1123 [1/1] (0.54ns)   --->   "%add_ln840_425 = add i2 %add_ln840_47, i2 %zext_ln840_214"   --->   Operation 1123 'add' 'add_ln840_425' <Predicate = true> <Delay = 0.54> <CoreInst = "Adder">   --->   Core 1 'Adder' <Latency = 0> <II = 1> <Delay = 0.54> <FuncUnit> <Opcode : 'add' 'sub'> <InPorts = 2> <OutPorts = 1>
ST_1 : Operation 1124 [1/1] (0.00ns)   --->   "%zext_ln840_526 = zext i2 %add_ln840_425"   --->   Operation 1124 'zext' 'zext_ln840_526' <Predicate = true> <Delay = 0.00>
ST_1 : Operation 1125 [1/1] (0.54ns)   --->   "%add_ln840_426 = add i3 %zext_ln840_526, i3 %zext_ln840_525"   --->   Operation 1125 'add' 'add_ln840_426' <Predicate = true> <Delay = 0.54> <CoreInst = "Adder">   --->   Core 1 'Adder' <Latency = 0> <II = 1> <Delay = 0.54> <FuncUnit> <Opcode : 'add' 'sub'> <InPorts = 2> <OutPorts = 1>
ST_1 : Operation 1126 [1/1] (0.00ns)   --->   "%zext_ln840_527 = zext i3 %add_ln840_426"   --->   Operation 1126 'zext' 'zext_ln840_527' <Predicate = true> <Delay = 0.00>
ST_1 : Operation 1127 [1/1] (0.67ns)   --->   "%add_ln840_427 = add i4 %zext_ln840_527, i4 %zext_ln840_524"   --->   Operation 1127 'add' 'add_ln840_427' <Predicate = true> <Delay = 0.67> <CoreInst = "Adder">   --->   Core 1 'Adder' <Latency = 0> <II = 1> <Delay = 0.67> <FuncUnit> <Opcode : 'add' 'sub'> <InPorts = 2> <OutPorts = 1>
ST_1 : Operation 1128 [1/1] (0.00ns)   --->   "%zext_ln840_528 = zext i4 %add_ln840_427"   --->   Operation 1128 'zext' 'zext_ln840_528' <Predicate = true> <Delay = 0.00>
ST_1 : Operation 1129 [1/1] (0.54ns)   --->   "%add_ln840_428 = add i2 %zext_ln840_299, i2 %zext_ln840_49"   --->   Operation 1129 'add' 'add_ln840_428' <Predicate = true> <Delay = 0.54> <CoreInst = "Adder">   --->   Core 1 'Adder' <Latency = 0> <II = 1> <Delay = 0.54> <FuncUnit> <Opcode : 'add' 'sub'> <InPorts = 2> <OutPorts = 1>
ST_1 : Operation 1130 [1/1] (0.00ns)   --->   "%zext_ln840_529 = zext i2 %add_ln840_428"   --->   Operation 1130 'zext' 'zext_ln840_529' <Predicate = true> <Delay = 0.00>
ST_1 : Operation 1131 [1/1] (0.54ns)   --->   "%add_ln840_429 = add i2 %add_ln840_211, i2 %zext_ln840_217"   --->   Operation 1131 'add' 'add_ln840_429' <Predicate = true> <Delay = 0.54> <CoreInst = "Adder">   --->   Core 1 'Adder' <Latency = 0> <II = 1> <Delay = 0.54> <FuncUnit> <Opcode : 'add' 'sub'> <InPorts = 2> <OutPorts = 1>
ST_1 : Operation 1132 [1/1] (0.00ns)   --->   "%zext_ln840_530 = zext i2 %add_ln840_429"   --->   Operation 1132 'zext' 'zext_ln840_530' <Predicate = true> <Delay = 0.00>
ST_1 : Operation 1133 [1/1] (0.54ns)   --->   "%add_ln840_430 = add i3 %zext_ln840_530, i3 %zext_ln840_529"   --->   Operation 1133 'add' 'add_ln840_430' <Predicate = true> <Delay = 0.54> <CoreInst = "Adder">   --->   Core 1 'Adder' <Latency = 0> <II = 1> <Delay = 0.54> <FuncUnit> <Opcode : 'add' 'sub'> <InPorts = 2> <OutPorts = 1>
ST_1 : Operation 1134 [1/1] (0.00ns)   --->   "%zext_ln840_531 = zext i3 %add_ln840_430"   --->   Operation 1134 'zext' 'zext_ln840_531' <Predicate = true> <Delay = 0.00>
ST_1 : Operation 1135 [1/1] (0.54ns)   --->   "%add_ln840_431 = add i2 %zext_ln840_219, i2 %zext_ln840_63"   --->   Operation 1135 'add' 'add_ln840_431' <Predicate = true> <Delay = 0.54> <CoreInst = "Adder">   --->   Core 1 'Adder' <Latency = 0> <II = 1> <Delay = 0.54> <FuncUnit> <Opcode : 'add' 'sub'> <InPorts = 2> <OutPorts = 1>
ST_1 : Operation 1136 [1/1] (0.00ns)   --->   "%zext_ln840_532 = zext i2 %add_ln840_431"   --->   Operation 1136 'zext' 'zext_ln840_532' <Predicate = true> <Delay = 0.00>
ST_1 : Operation 1137 [1/1] (0.54ns)   --->   "%add_ln840_432 = add i2 %add_ln840_218, i2 %zext_ln840_65"   --->   Operation 1137 'add' 'add_ln840_432' <Predicate = true> <Delay = 0.54> <CoreInst = "Adder">   --->   Core 1 'Adder' <Latency = 0> <II = 1> <Delay = 0.54> <FuncUnit> <Opcode : 'add' 'sub'> <InPorts = 2> <OutPorts = 1>
ST_1 : Operation 1138 [1/1] (0.00ns)   --->   "%zext_ln840_533 = zext i2 %add_ln840_432"   --->   Operation 1138 'zext' 'zext_ln840_533' <Predicate = true> <Delay = 0.00>
ST_1 : Operation 1139 [1/1] (0.54ns)   --->   "%add_ln840_433 = add i3 %zext_ln840_533, i3 %zext_ln840_532"   --->   Operation 1139 'add' 'add_ln840_433' <Predicate = true> <Delay = 0.54> <CoreInst = "Adder">   --->   Core 1 'Adder' <Latency = 0> <II = 1> <Delay = 0.54> <FuncUnit> <Opcode : 'add' 'sub'> <InPorts = 2> <OutPorts = 1>
ST_1 : Operation 1140 [1/1] (0.00ns)   --->   "%zext_ln840_534 = zext i3 %add_ln840_433"   --->   Operation 1140 'zext' 'zext_ln840_534' <Predicate = true> <Delay = 0.00>
ST_1 : Operation 1141 [1/1] (0.67ns)   --->   "%add_ln840_434 = add i4 %zext_ln840_534, i4 %zext_ln840_531"   --->   Operation 1141 'add' 'add_ln840_434' <Predicate = true> <Delay = 0.67> <CoreInst = "Adder">   --->   Core 1 'Adder' <Latency = 0> <II = 1> <Delay = 0.67> <FuncUnit> <Opcode : 'add' 'sub'> <InPorts = 2> <OutPorts = 1>
ST_1 : Operation 1142 [1/1] (0.00ns)   --->   "%zext_ln840_535 = zext i4 %add_ln840_434"   --->   Operation 1142 'zext' 'zext_ln840_535' <Predicate = true> <Delay = 0.00>
ST_1 : Operation 1143 [1/1] (0.79ns)   --->   "%add_ln840_435 = add i5 %zext_ln840_535, i5 %zext_ln840_528"   --->   Operation 1143 'add' 'add_ln840_435' <Predicate = true> <Delay = 0.79> <CoreInst = "Adder">   --->   Core 1 'Adder' <Latency = 0> <II = 1> <Delay = 0.79> <FuncUnit> <Opcode : 'add' 'sub'> <InPorts = 2> <OutPorts = 1>
ST_1 : Operation 1144 [1/1] (0.00ns)   --->   "%zext_ln840_536 = zext i5 %add_ln840_435"   --->   Operation 1144 'zext' 'zext_ln840_536' <Predicate = true> <Delay = 0.00>
ST_1 : Operation 1145 [1/1] (0.00ns)   --->   "%zext_ln840_537 = zext i2 %add_ln840_357"   --->   Operation 1145 'zext' 'zext_ln840_537' <Predicate = true> <Delay = 0.00>
ST_1 : Operation 1146 [1/1] (0.00ns) (grouped into TernaryAdder)   --->   "%add_ln840_436 = add i2 %zext_ln840_431, i2 %zext_ln840_222"   --->   Operation 1146 'add' 'add_ln840_436' <Predicate = true> <Delay = 0.00> <CoreInst = "TAddSub">   --->   Core 10 'TAddSub' <Latency = 0> <II = 1> <Delay = 0.23> <IPBlock> <Opcode : 'add' 'sub'> <InPorts = 3> <OutPorts = 1> <Sync> <CReg>
ST_1 : Operation 1147 [1/1] (0.14ns) (root node of TernaryAdder)   --->   "%add_ln840_437 = add i2 %add_ln840_436, i2 %zext_ln840_221"   --->   Operation 1147 'add' 'add_ln840_437' <Predicate = true> <Delay = 0.14> <CoreInst = "TAddSub">   --->   Core 10 'TAddSub' <Latency = 0> <II = 1> <Delay = 0.23> <IPBlock> <Opcode : 'add' 'sub'> <InPorts = 3> <OutPorts = 1> <Sync> <CReg>
ST_1 : Operation 1148 [1/1] (0.00ns)   --->   "%zext_ln840_538 = zext i2 %add_ln840_437"   --->   Operation 1148 'zext' 'zext_ln840_538' <Predicate = true> <Delay = 0.00>
ST_1 : Operation 1149 [1/1] (0.54ns)   --->   "%add_ln840_438 = add i3 %zext_ln840_538, i3 %zext_ln840_537"   --->   Operation 1149 'add' 'add_ln840_438' <Predicate = true> <Delay = 0.54> <CoreInst = "Adder">   --->   Core 1 'Adder' <Latency = 0> <II = 1> <Delay = 0.54> <FuncUnit> <Opcode : 'add' 'sub'> <InPorts = 2> <OutPorts = 1>
ST_1 : Operation 1150 [1/1] (0.00ns)   --->   "%zext_ln840_539 = zext i3 %add_ln840_438"   --->   Operation 1150 'zext' 'zext_ln840_539' <Predicate = true> <Delay = 0.00>
ST_1 : Operation 1151 [1/1] (0.54ns)   --->   "%add_ln840_439 = add i2 %zext_ln840_91, i2 %zext_ln840_99"   --->   Operation 1151 'add' 'add_ln840_439' <Predicate = true> <Delay = 0.54> <CoreInst = "Adder">   --->   Core 1 'Adder' <Latency = 0> <II = 1> <Delay = 0.54> <FuncUnit> <Opcode : 'add' 'sub'> <InPorts = 2> <OutPorts = 1>
ST_1 : Operation 1152 [1/1] (0.00ns)   --->   "%zext_ln840_540 = zext i2 %add_ln840_439"   --->   Operation 1152 'zext' 'zext_ln840_540' <Predicate = true> <Delay = 0.00>
ST_1 : Operation 1153 [1/1] (0.54ns)   --->   "%add_ln840_440 = add i2 %add_ln840_296, i2 %zext_ln840_224"   --->   Operation 1153 'add' 'add_ln840_440' <Predicate = true> <Delay = 0.54> <CoreInst = "Adder">   --->   Core 1 'Adder' <Latency = 0> <II = 1> <Delay = 0.54> <FuncUnit> <Opcode : 'add' 'sub'> <InPorts = 2> <OutPorts = 1>
ST_1 : Operation 1154 [1/1] (0.00ns)   --->   "%zext_ln840_541 = zext i2 %add_ln840_440"   --->   Operation 1154 'zext' 'zext_ln840_541' <Predicate = true> <Delay = 0.00>
ST_1 : Operation 1155 [1/1] (0.54ns)   --->   "%add_ln840_441 = add i3 %zext_ln840_541, i3 %zext_ln840_540"   --->   Operation 1155 'add' 'add_ln840_441' <Predicate = true> <Delay = 0.54> <CoreInst = "Adder">   --->   Core 1 'Adder' <Latency = 0> <II = 1> <Delay = 0.54> <FuncUnit> <Opcode : 'add' 'sub'> <InPorts = 2> <OutPorts = 1>
ST_1 : Operation 1156 [1/1] (0.00ns)   --->   "%zext_ln840_542 = zext i3 %add_ln840_441"   --->   Operation 1156 'zext' 'zext_ln840_542' <Predicate = true> <Delay = 0.00>
ST_1 : Operation 1157 [1/1] (0.67ns)   --->   "%add_ln840_442 = add i4 %zext_ln840_542, i4 %zext_ln840_539"   --->   Operation 1157 'add' 'add_ln840_442' <Predicate = true> <Delay = 0.67> <CoreInst = "Adder">   --->   Core 1 'Adder' <Latency = 0> <II = 1> <Delay = 0.67> <FuncUnit> <Opcode : 'add' 'sub'> <InPorts = 2> <OutPorts = 1>
ST_1 : Operation 1158 [1/1] (0.00ns)   --->   "%zext_ln840_543 = zext i4 %add_ln840_442"   --->   Operation 1158 'zext' 'zext_ln840_543' <Predicate = true> <Delay = 0.00>
ST_1 : Operation 1159 [1/1] (0.54ns)   --->   "%add_ln840_443 = add i2 %zext_ln840_227, i2 %zext_ln840_302"   --->   Operation 1159 'add' 'add_ln840_443' <Predicate = true> <Delay = 0.54> <CoreInst = "Adder">   --->   Core 1 'Adder' <Latency = 0> <II = 1> <Delay = 0.54> <FuncUnit> <Opcode : 'add' 'sub'> <InPorts = 2> <OutPorts = 1>
ST_1 : Operation 1160 [1/1] (0.00ns)   --->   "%zext_ln840_544 = zext i2 %add_ln840_443"   --->   Operation 1160 'zext' 'zext_ln840_544' <Predicate = true> <Delay = 0.00>
ST_1 : Operation 1161 [1/1] (0.00ns) (grouped into TernaryAdder)   --->   "%add_ln840_444 = add i2 %zext_ln840_230, i2 %zext_ln840_129"   --->   Operation 1161 'add' 'add_ln840_444' <Predicate = true> <Delay = 0.00> <CoreInst = "TAddSub">   --->   Core 10 'TAddSub' <Latency = 0> <II = 1> <Delay = 0.23> <IPBlock> <Opcode : 'add' 'sub'> <InPorts = 3> <OutPorts = 1> <Sync> <CReg>
ST_1 : Operation 1162 [1/1] (0.14ns) (root node of TernaryAdder)   --->   "%add_ln840_445 = add i2 %add_ln840_444, i2 %zext_ln840_303"   --->   Operation 1162 'add' 'add_ln840_445' <Predicate = true> <Delay = 0.14> <CoreInst = "TAddSub">   --->   Core 10 'TAddSub' <Latency = 0> <II = 1> <Delay = 0.23> <IPBlock> <Opcode : 'add' 'sub'> <InPorts = 3> <OutPorts = 1> <Sync> <CReg>
ST_1 : Operation 1163 [1/1] (0.00ns)   --->   "%zext_ln840_545 = zext i2 %add_ln840_445"   --->   Operation 1163 'zext' 'zext_ln840_545' <Predicate = true> <Delay = 0.00>
ST_1 : Operation 1164 [1/1] (0.54ns)   --->   "%add_ln840_446 = add i3 %zext_ln840_545, i3 %zext_ln840_544"   --->   Operation 1164 'add' 'add_ln840_446' <Predicate = true> <Delay = 0.54> <CoreInst = "Adder">   --->   Core 1 'Adder' <Latency = 0> <II = 1> <Delay = 0.54> <FuncUnit> <Opcode : 'add' 'sub'> <InPorts = 2> <OutPorts = 1>
ST_1 : Operation 1165 [1/1] (0.00ns)   --->   "%zext_ln840_546 = zext i3 %add_ln840_446"   --->   Operation 1165 'zext' 'zext_ln840_546' <Predicate = true> <Delay = 0.00>
ST_1 : Operation 1166 [1/1] (0.54ns)   --->   "%add_ln840_447 = add i2 %zext_ln840_131, i2 %zext_ln840_232"   --->   Operation 1166 'add' 'add_ln840_447' <Predicate = true> <Delay = 0.54> <CoreInst = "Adder">   --->   Core 1 'Adder' <Latency = 0> <II = 1> <Delay = 0.54> <FuncUnit> <Opcode : 'add' 'sub'> <InPorts = 2> <OutPorts = 1>
ST_1 : Operation 1167 [1/1] (0.00ns)   --->   "%zext_ln840_547 = zext i2 %add_ln840_447"   --->   Operation 1167 'zext' 'zext_ln840_547' <Predicate = true> <Delay = 0.00>
ST_1 : Operation 1168 [1/1] (0.00ns) (grouped into TernaryAdder)   --->   "%add_ln840_448 = add i3 %zext_ln840_366, i3 %add_ln840_384"   --->   Operation 1168 'add' 'add_ln840_448' <Predicate = true> <Delay = 0.00> <CoreInst = "TAddSub">   --->   Core 10 'TAddSub' <Latency = 0> <II = 1> <Delay = 0.23> <IPBlock> <Opcode : 'add' 'sub'> <InPorts = 3> <OutPorts = 1> <Sync> <CReg>
ST_1 : Operation 1169 [1/1] (0.30ns) (root node of TernaryAdder)   --->   "%add_ln840_449 = add i3 %add_ln840_448, i3 %zext_ln840_138"   --->   Operation 1169 'add' 'add_ln840_449' <Predicate = true> <Delay = 0.30> <CoreInst = "TAddSub">   --->   Core 10 'TAddSub' <Latency = 0> <II = 1> <Delay = 0.23> <IPBlock> <Opcode : 'add' 'sub'> <InPorts = 3> <OutPorts = 1> <Sync> <CReg>
ST_1 : Operation 1170 [1/1] (0.00ns)   --->   "%zext_ln840_548 = zext i3 %add_ln840_449"   --->   Operation 1170 'zext' 'zext_ln840_548' <Predicate = true> <Delay = 0.00>
ST_1 : Operation 1171 [1/1] (0.00ns) (grouped into TernaryAdder)   --->   "%add_ln840_450 = add i4 %zext_ln840_548, i4 %zext_ln840_547"   --->   Operation 1171 'add' 'add_ln840_450' <Predicate = true> <Delay = 0.00> <CoreInst = "TAddSub">   --->   Core 10 'TAddSub' <Latency = 0> <II = 1> <Delay = 0.23> <IPBlock> <Opcode : 'add' 'sub'> <InPorts = 3> <OutPorts = 1> <Sync> <CReg>
ST_1 : Operation 1172 [1/1] (0.46ns) (root node of TernaryAdder)   --->   "%add_ln840_451 = add i4 %add_ln840_450, i4 %zext_ln840_546"   --->   Operation 1172 'add' 'add_ln840_451' <Predicate = true> <Delay = 0.46> <CoreInst = "TAddSub">   --->   Core 10 'TAddSub' <Latency = 0> <II = 1> <Delay = 0.23> <IPBlock> <Opcode : 'add' 'sub'> <InPorts = 3> <OutPorts = 1> <Sync> <CReg>
ST_1 : Operation 1173 [1/1] (0.00ns)   --->   "%zext_ln840_549 = zext i4 %add_ln840_451"   --->   Operation 1173 'zext' 'zext_ln840_549' <Predicate = true> <Delay = 0.00>
ST_1 : Operation 1174 [1/1] (0.79ns)   --->   "%add_ln840_452 = add i5 %zext_ln840_549, i5 %zext_ln840_543"   --->   Operation 1174 'add' 'add_ln840_452' <Predicate = true> <Delay = 0.79> <CoreInst = "Adder">   --->   Core 1 'Adder' <Latency = 0> <II = 1> <Delay = 0.79> <FuncUnit> <Opcode : 'add' 'sub'> <InPorts = 2> <OutPorts = 1>
ST_1 : Operation 1175 [1/1] (0.00ns)   --->   "%zext_ln840_550 = zext i5 %add_ln840_452"   --->   Operation 1175 'zext' 'zext_ln840_550' <Predicate = true> <Delay = 0.00>
ST_1 : Operation 1176 [1/1] (0.78ns)   --->   "%add_ln840_453 = add i6 %zext_ln840_550, i6 %zext_ln840_536"   --->   Operation 1176 'add' 'add_ln840_453' <Predicate = true> <Delay = 0.78> <CoreInst = "Adder">   --->   Core 1 'Adder' <Latency = 0> <II = 1> <Delay = 0.78> <FuncUnit> <Opcode : 'add' 'sub'> <InPorts = 2> <OutPorts = 1>
ST_1 : Operation 1177 [1/1] (0.00ns)   --->   "%zext_ln840_551 = zext i6 %add_ln840_453"   --->   Operation 1177 'zext' 'zext_ln840_551' <Predicate = true> <Delay = 0.00>
ST_1 : Operation 1178 [1/1] (0.78ns)   --->   "%add_ln840_454 = add i7 %zext_ln840_551, i7 %zext_ln840_521"   --->   Operation 1178 'add' 'add_ln840_454' <Predicate = true> <Delay = 0.78> <CoreInst = "Adder">   --->   Core 1 'Adder' <Latency = 0> <II = 1> <Delay = 0.78> <FuncUnit> <Opcode : 'add' 'sub'> <InPorts = 2> <OutPorts = 1>
ST_1 : Operation 1179 [1/1] (0.00ns)   --->   "%zext_ln840_552 = zext i7 %add_ln840_454"   --->   Operation 1179 'zext' 'zext_ln840_552' <Predicate = true> <Delay = 0.00>
ST_1 : Operation 1180 [1/1] (0.54ns)   --->   "%add_ln840_455 = add i2 %add_ln840, i2 %zext_ln840_5"   --->   Operation 1180 'add' 'add_ln840_455' <Predicate = true> <Delay = 0.54> <CoreInst = "Adder">   --->   Core 1 'Adder' <Latency = 0> <II = 1> <Delay = 0.54> <FuncUnit> <Opcode : 'add' 'sub'> <InPorts = 2> <OutPorts = 1>
ST_1 : Operation 1181 [1/1] (0.00ns)   --->   "%zext_ln840_553 = zext i2 %add_ln840_455"   --->   Operation 1181 'zext' 'zext_ln840_553' <Predicate = true> <Delay = 0.00>
ST_1 : Operation 1182 [1/1] (0.54ns)   --->   "%add_ln840_456 = add i2 %add_ln840_312, i2 %zext_ln840_204"   --->   Operation 1182 'add' 'add_ln840_456' <Predicate = true> <Delay = 0.54> <CoreInst = "Adder">   --->   Core 1 'Adder' <Latency = 0> <II = 1> <Delay = 0.54> <FuncUnit> <Opcode : 'add' 'sub'> <InPorts = 2> <OutPorts = 1>
ST_1 : Operation 1183 [1/1] (0.00ns)   --->   "%zext_ln840_554 = zext i2 %add_ln840_456"   --->   Operation 1183 'zext' 'zext_ln840_554' <Predicate = true> <Delay = 0.00>
ST_1 : Operation 1184 [1/1] (0.54ns)   --->   "%add_ln840_457 = add i3 %zext_ln840_554, i3 %zext_ln840_553"   --->   Operation 1184 'add' 'add_ln840_457' <Predicate = true> <Delay = 0.54> <CoreInst = "Adder">   --->   Core 1 'Adder' <Latency = 0> <II = 1> <Delay = 0.54> <FuncUnit> <Opcode : 'add' 'sub'> <InPorts = 2> <OutPorts = 1>
ST_1 : Operation 1185 [1/1] (0.00ns)   --->   "%zext_ln840_555 = zext i3 %add_ln840_457"   --->   Operation 1185 'zext' 'zext_ln840_555' <Predicate = true> <Delay = 0.00>
ST_1 : Operation 1186 [1/1] (0.54ns)   --->   "%add_ln840_458 = add i2 %zext_ln840_11, i2 %zext_ln840_20"   --->   Operation 1186 'add' 'add_ln840_458' <Predicate = true> <Delay = 0.54> <CoreInst = "Adder">   --->   Core 1 'Adder' <Latency = 0> <II = 1> <Delay = 0.54> <FuncUnit> <Opcode : 'add' 'sub'> <InPorts = 2> <OutPorts = 1>
ST_1 : Operation 1187 [1/1] (0.00ns)   --->   "%zext_ln840_556 = zext i2 %add_ln840_458"   --->   Operation 1187 'zext' 'zext_ln840_556' <Predicate = true> <Delay = 0.00>
ST_1 : Operation 1188 [1/1] (0.00ns) (grouped into TernaryAdder)   --->   "%add_ln840_459 = add i2 %zext_ln840_32, i2 %zext_ln840_34"   --->   Operation 1188 'add' 'add_ln840_459' <Predicate = true> <Delay = 0.00> <CoreInst = "TAddSub">   --->   Core 10 'TAddSub' <Latency = 0> <II = 1> <Delay = 0.23> <IPBlock> <Opcode : 'add' 'sub'> <InPorts = 3> <OutPorts = 1> <Sync> <CReg>
ST_1 : Operation 1189 [1/1] (0.14ns) (root node of TernaryAdder)   --->   "%add_ln840_460 = add i2 %add_ln840_459, i2 %zext_ln840_28"   --->   Operation 1189 'add' 'add_ln840_460' <Predicate = true> <Delay = 0.14> <CoreInst = "TAddSub">   --->   Core 10 'TAddSub' <Latency = 0> <II = 1> <Delay = 0.23> <IPBlock> <Opcode : 'add' 'sub'> <InPorts = 3> <OutPorts = 1> <Sync> <CReg>
ST_1 : Operation 1190 [1/1] (0.00ns)   --->   "%zext_ln840_557 = zext i2 %add_ln840_460"   --->   Operation 1190 'zext' 'zext_ln840_557' <Predicate = true> <Delay = 0.00>
ST_1 : Operation 1191 [1/1] (0.54ns)   --->   "%add_ln840_461 = add i3 %zext_ln840_557, i3 %zext_ln840_556"   --->   Operation 1191 'add' 'add_ln840_461' <Predicate = true> <Delay = 0.54> <CoreInst = "Adder">   --->   Core 1 'Adder' <Latency = 0> <II = 1> <Delay = 0.54> <FuncUnit> <Opcode : 'add' 'sub'> <InPorts = 2> <OutPorts = 1>
ST_1 : Operation 1192 [1/1] (0.00ns)   --->   "%zext_ln840_558 = zext i3 %add_ln840_461"   --->   Operation 1192 'zext' 'zext_ln840_558' <Predicate = true> <Delay = 0.00>
ST_1 : Operation 1193 [1/1] (0.67ns)   --->   "%add_ln840_462 = add i4 %zext_ln840_558, i4 %zext_ln840_555"   --->   Operation 1193 'add' 'add_ln840_462' <Predicate = true> <Delay = 0.67> <CoreInst = "Adder">   --->   Core 1 'Adder' <Latency = 0> <II = 1> <Delay = 0.67> <FuncUnit> <Opcode : 'add' 'sub'> <InPorts = 2> <OutPorts = 1>
ST_1 : Operation 1194 [1/1] (0.00ns)   --->   "%zext_ln840_559 = zext i4 %add_ln840_462"   --->   Operation 1194 'zext' 'zext_ln840_559' <Predicate = true> <Delay = 0.00>
ST_1 : Operation 1195 [1/1] (0.54ns)   --->   "%add_ln840_463 = add i2 %zext_ln840_39, i2 %zext_ln840_42"   --->   Operation 1195 'add' 'add_ln840_463' <Predicate = true> <Delay = 0.54> <CoreInst = "Adder">   --->   Core 1 'Adder' <Latency = 0> <II = 1> <Delay = 0.54> <FuncUnit> <Opcode : 'add' 'sub'> <InPorts = 2> <OutPorts = 1>
ST_1 : Operation 1196 [1/1] (0.00ns)   --->   "%zext_ln840_560 = zext i2 %add_ln840_463"   --->   Operation 1196 'zext' 'zext_ln840_560' <Predicate = true> <Delay = 0.00>
ST_1 : Operation 1197 [1/1] (0.00ns) (grouped into TernaryAdder)   --->   "%add_ln840_464 = add i2 %zext_ln840_48, i2 %zext_ln840_51"   --->   Operation 1197 'add' 'add_ln840_464' <Predicate = true> <Delay = 0.00> <CoreInst = "TAddSub">   --->   Core 10 'TAddSub' <Latency = 0> <II = 1> <Delay = 0.23> <IPBlock> <Opcode : 'add' 'sub'> <InPorts = 3> <OutPorts = 1> <Sync> <CReg>
ST_1 : Operation 1198 [1/1] (0.14ns) (root node of TernaryAdder)   --->   "%add_ln840_465 = add i2 %add_ln840_464, i2 %zext_ln840_43"   --->   Operation 1198 'add' 'add_ln840_465' <Predicate = true> <Delay = 0.14> <CoreInst = "TAddSub">   --->   Core 10 'TAddSub' <Latency = 0> <II = 1> <Delay = 0.23> <IPBlock> <Opcode : 'add' 'sub'> <InPorts = 3> <OutPorts = 1> <Sync> <CReg>
ST_1 : Operation 1199 [1/1] (0.00ns)   --->   "%zext_ln840_561 = zext i2 %add_ln840_465"   --->   Operation 1199 'zext' 'zext_ln840_561' <Predicate = true> <Delay = 0.00>
ST_1 : Operation 1200 [1/1] (0.54ns)   --->   "%add_ln840_466 = add i3 %zext_ln840_561, i3 %zext_ln840_560"   --->   Operation 1200 'add' 'add_ln840_466' <Predicate = true> <Delay = 0.54> <CoreInst = "Adder">   --->   Core 1 'Adder' <Latency = 0> <II = 1> <Delay = 0.54> <FuncUnit> <Opcode : 'add' 'sub'> <InPorts = 2> <OutPorts = 1>
ST_1 : Operation 1201 [1/1] (0.00ns)   --->   "%zext_ln840_562 = zext i3 %add_ln840_466"   --->   Operation 1201 'zext' 'zext_ln840_562' <Predicate = true> <Delay = 0.00>
ST_1 : Operation 1202 [1/1] (0.54ns)   --->   "%add_ln840_467 = add i2 %zext_ln840_55, i2 %zext_ln840_60"   --->   Operation 1202 'add' 'add_ln840_467' <Predicate = true> <Delay = 0.54> <CoreInst = "Adder">   --->   Core 1 'Adder' <Latency = 0> <II = 1> <Delay = 0.54> <FuncUnit> <Opcode : 'add' 'sub'> <InPorts = 2> <OutPorts = 1>
ST_1 : Operation 1203 [1/1] (0.00ns)   --->   "%zext_ln840_563 = zext i2 %add_ln840_467"   --->   Operation 1203 'zext' 'zext_ln840_563' <Predicate = true> <Delay = 0.00>
ST_1 : Operation 1204 [1/1] (0.00ns) (grouped into TernaryAdder)   --->   "%add_ln840_468 = add i2 %zext_ln840_67, i2 %zext_ln840_69"   --->   Operation 1204 'add' 'add_ln840_468' <Predicate = true> <Delay = 0.00> <CoreInst = "TAddSub">   --->   Core 10 'TAddSub' <Latency = 0> <II = 1> <Delay = 0.23> <IPBlock> <Opcode : 'add' 'sub'> <InPorts = 3> <OutPorts = 1> <Sync> <CReg>
ST_1 : Operation 1205 [1/1] (0.14ns) (root node of TernaryAdder)   --->   "%add_ln840_469 = add i2 %add_ln840_468, i2 %zext_ln840_66"   --->   Operation 1205 'add' 'add_ln840_469' <Predicate = true> <Delay = 0.14> <CoreInst = "TAddSub">   --->   Core 10 'TAddSub' <Latency = 0> <II = 1> <Delay = 0.23> <IPBlock> <Opcode : 'add' 'sub'> <InPorts = 3> <OutPorts = 1> <Sync> <CReg>
ST_1 : Operation 1206 [1/1] (0.00ns)   --->   "%zext_ln840_564 = zext i2 %add_ln840_469"   --->   Operation 1206 'zext' 'zext_ln840_564' <Predicate = true> <Delay = 0.00>
ST_1 : Operation 1207 [1/1] (0.54ns)   --->   "%add_ln840_470 = add i3 %zext_ln840_564, i3 %zext_ln840_563"   --->   Operation 1207 'add' 'add_ln840_470' <Predicate = true> <Delay = 0.54> <CoreInst = "Adder">   --->   Core 1 'Adder' <Latency = 0> <II = 1> <Delay = 0.54> <FuncUnit> <Opcode : 'add' 'sub'> <InPorts = 2> <OutPorts = 1>
ST_1 : Operation 1208 [1/1] (0.00ns)   --->   "%zext_ln840_565 = zext i3 %add_ln840_470"   --->   Operation 1208 'zext' 'zext_ln840_565' <Predicate = true> <Delay = 0.00>
ST_1 : Operation 1209 [1/1] (0.67ns)   --->   "%add_ln840_471 = add i4 %zext_ln840_565, i4 %zext_ln840_562"   --->   Operation 1209 'add' 'add_ln840_471' <Predicate = true> <Delay = 0.67> <CoreInst = "Adder">   --->   Core 1 'Adder' <Latency = 0> <II = 1> <Delay = 0.67> <FuncUnit> <Opcode : 'add' 'sub'> <InPorts = 2> <OutPorts = 1>
ST_1 : Operation 1210 [1/1] (0.00ns)   --->   "%zext_ln840_566 = zext i4 %add_ln840_471"   --->   Operation 1210 'zext' 'zext_ln840_566' <Predicate = true> <Delay = 0.00>
ST_1 : Operation 1211 [1/1] (0.79ns)   --->   "%add_ln840_472 = add i5 %zext_ln840_566, i5 %zext_ln840_559"   --->   Operation 1211 'add' 'add_ln840_472' <Predicate = true> <Delay = 0.79> <CoreInst = "Adder">   --->   Core 1 'Adder' <Latency = 0> <II = 1> <Delay = 0.79> <FuncUnit> <Opcode : 'add' 'sub'> <InPorts = 2> <OutPorts = 1>
ST_1 : Operation 1212 [1/1] (0.00ns)   --->   "%zext_ln840_567 = zext i5 %add_ln840_472"   --->   Operation 1212 'zext' 'zext_ln840_567' <Predicate = true> <Delay = 0.00>
ST_1 : Operation 1213 [1/1] (0.54ns)   --->   "%add_ln840_473 = add i2 %zext_ln840_70, i2 %zext_ln840_71"   --->   Operation 1213 'add' 'add_ln840_473' <Predicate = true> <Delay = 0.54> <CoreInst = "Adder">   --->   Core 1 'Adder' <Latency = 0> <II = 1> <Delay = 0.54> <FuncUnit> <Opcode : 'add' 'sub'> <InPorts = 2> <OutPorts = 1>
ST_1 : Operation 1214 [1/1] (0.00ns)   --->   "%zext_ln840_568 = zext i2 %add_ln840_473"   --->   Operation 1214 'zext' 'zext_ln840_568' <Predicate = true> <Delay = 0.00>
ST_1 : Operation 1215 [1/1] (0.00ns) (grouped into TernaryAdder)   --->   "%add_ln840_474 = add i2 %zext_ln840_87, i2 %zext_ln840_90"   --->   Operation 1215 'add' 'add_ln840_474' <Predicate = true> <Delay = 0.00> <CoreInst = "TAddSub">   --->   Core 10 'TAddSub' <Latency = 0> <II = 1> <Delay = 0.23> <IPBlock> <Opcode : 'add' 'sub'> <InPorts = 3> <OutPorts = 1> <Sync> <CReg>
ST_1 : Operation 1216 [1/1] (0.14ns) (root node of TernaryAdder)   --->   "%add_ln840_475 = add i2 %add_ln840_474, i2 %zext_ln840_83"   --->   Operation 1216 'add' 'add_ln840_475' <Predicate = true> <Delay = 0.14> <CoreInst = "TAddSub">   --->   Core 10 'TAddSub' <Latency = 0> <II = 1> <Delay = 0.23> <IPBlock> <Opcode : 'add' 'sub'> <InPorts = 3> <OutPorts = 1> <Sync> <CReg>
ST_1 : Operation 1217 [1/1] (0.00ns)   --->   "%zext_ln840_569 = zext i2 %add_ln840_475"   --->   Operation 1217 'zext' 'zext_ln840_569' <Predicate = true> <Delay = 0.00>
ST_1 : Operation 1218 [1/1] (0.54ns)   --->   "%add_ln840_476 = add i3 %zext_ln840_569, i3 %zext_ln840_568"   --->   Operation 1218 'add' 'add_ln840_476' <Predicate = true> <Delay = 0.54> <CoreInst = "Adder">   --->   Core 1 'Adder' <Latency = 0> <II = 1> <Delay = 0.54> <FuncUnit> <Opcode : 'add' 'sub'> <InPorts = 2> <OutPorts = 1>
ST_1 : Operation 1219 [1/1] (0.00ns)   --->   "%zext_ln840_570 = zext i3 %add_ln840_476"   --->   Operation 1219 'zext' 'zext_ln840_570' <Predicate = true> <Delay = 0.00>
ST_1 : Operation 1220 [1/1] (0.54ns)   --->   "%add_ln840_477 = add i2 %zext_ln840_94, i2 %zext_ln840_98"   --->   Operation 1220 'add' 'add_ln840_477' <Predicate = true> <Delay = 0.54> <CoreInst = "Adder">   --->   Core 1 'Adder' <Latency = 0> <II = 1> <Delay = 0.54> <FuncUnit> <Opcode : 'add' 'sub'> <InPorts = 2> <OutPorts = 1>
ST_1 : Operation 1221 [1/1] (0.00ns)   --->   "%zext_ln840_571 = zext i2 %add_ln840_477"   --->   Operation 1221 'zext' 'zext_ln840_571' <Predicate = true> <Delay = 0.00>
ST_1 : Operation 1222 [1/1] (0.54ns)   --->   "%add_ln840_478 = add i2 %add_ln840_191, i2 %zext_ln840_103"   --->   Operation 1222 'add' 'add_ln840_478' <Predicate = true> <Delay = 0.54> <CoreInst = "Adder">   --->   Core 1 'Adder' <Latency = 0> <II = 1> <Delay = 0.54> <FuncUnit> <Opcode : 'add' 'sub'> <InPorts = 2> <OutPorts = 1>
ST_1 : Operation 1223 [1/1] (0.00ns)   --->   "%zext_ln840_572 = zext i2 %add_ln840_478"   --->   Operation 1223 'zext' 'zext_ln840_572' <Predicate = true> <Delay = 0.00>
ST_1 : Operation 1224 [1/1] (0.54ns)   --->   "%add_ln840_479 = add i3 %zext_ln840_572, i3 %zext_ln840_571"   --->   Operation 1224 'add' 'add_ln840_479' <Predicate = true> <Delay = 0.54> <CoreInst = "Adder">   --->   Core 1 'Adder' <Latency = 0> <II = 1> <Delay = 0.54> <FuncUnit> <Opcode : 'add' 'sub'> <InPorts = 2> <OutPorts = 1>
ST_1 : Operation 1225 [1/1] (0.00ns)   --->   "%zext_ln840_573 = zext i3 %add_ln840_479"   --->   Operation 1225 'zext' 'zext_ln840_573' <Predicate = true> <Delay = 0.00>
ST_1 : Operation 1226 [1/1] (0.67ns)   --->   "%add_ln840_480 = add i4 %zext_ln840_573, i4 %zext_ln840_570"   --->   Operation 1226 'add' 'add_ln840_480' <Predicate = true> <Delay = 0.67> <CoreInst = "Adder">   --->   Core 1 'Adder' <Latency = 0> <II = 1> <Delay = 0.67> <FuncUnit> <Opcode : 'add' 'sub'> <InPorts = 2> <OutPorts = 1>
ST_1 : Operation 1227 [1/1] (0.00ns)   --->   "%zext_ln840_574 = zext i4 %add_ln840_480"   --->   Operation 1227 'zext' 'zext_ln840_574' <Predicate = true> <Delay = 0.00>
ST_1 : Operation 1228 [1/1] (0.00ns) (grouped into TernaryAdder)   --->   "%add_ln840_481 = add i2 %zext_ln840_124, i2 %zext_ln840_134"   --->   Operation 1228 'add' 'add_ln840_481' <Predicate = true> <Delay = 0.00> <CoreInst = "TAddSub">   --->   Core 10 'TAddSub' <Latency = 0> <II = 1> <Delay = 0.23> <IPBlock> <Opcode : 'add' 'sub'> <InPorts = 3> <OutPorts = 1> <Sync> <CReg>
ST_1 : Operation 1229 [1/1] (0.14ns) (root node of TernaryAdder)   --->   "%add_ln840_482 = add i2 %add_ln840_481, i2 %zext_ln840_122"   --->   Operation 1229 'add' 'add_ln840_482' <Predicate = true> <Delay = 0.14> <CoreInst = "TAddSub">   --->   Core 10 'TAddSub' <Latency = 0> <II = 1> <Delay = 0.23> <IPBlock> <Opcode : 'add' 'sub'> <InPorts = 3> <OutPorts = 1> <Sync> <CReg>
ST_1 : Operation 1230 [1/1] (0.00ns)   --->   "%zext_ln840_575 = zext i2 %add_ln840_482"   --->   Operation 1230 'zext' 'zext_ln840_575' <Predicate = true> <Delay = 0.00>
ST_1 : Operation 1231 [1/1] (0.54ns)   --->   "%add_ln840_483 = add i3 %zext_ln840_575, i3 %zext_ln840_329"   --->   Operation 1231 'add' 'add_ln840_483' <Predicate = true> <Delay = 0.54> <CoreInst = "Adder">   --->   Core 1 'Adder' <Latency = 0> <II = 1> <Delay = 0.54> <FuncUnit> <Opcode : 'add' 'sub'> <InPorts = 2> <OutPorts = 1>
ST_1 : Operation 1232 [1/1] (0.00ns)   --->   "%zext_ln840_576 = zext i3 %add_ln840_483"   --->   Operation 1232 'zext' 'zext_ln840_576' <Predicate = true> <Delay = 0.00>
ST_1 : Operation 1233 [1/1] (0.54ns)   --->   "%add_ln840_484 = add i2 %add_ln840_2, i2 %zext_ln840_365"   --->   Operation 1233 'add' 'add_ln840_484' <Predicate = true> <Delay = 0.54> <CoreInst = "Adder">   --->   Core 1 'Adder' <Latency = 0> <II = 1> <Delay = 0.54> <FuncUnit> <Opcode : 'add' 'sub'> <InPorts = 2> <OutPorts = 1>
ST_1 : Operation 1234 [1/1] (0.00ns)   --->   "%zext_ln840_577 = zext i2 %add_ln840_484"   --->   Operation 1234 'zext' 'zext_ln840_577' <Predicate = true> <Delay = 0.00>
ST_1 : Operation 1235 [1/1] (0.00ns) (grouped into TernaryAdder)   --->   "%add_ln840_485 = add i3 %zext_ln840_577, i3 %zext_ln840_135"   --->   Operation 1235 'add' 'add_ln840_485' <Predicate = true> <Delay = 0.00> <CoreInst = "TAddSub">   --->   Core 10 'TAddSub' <Latency = 0> <II = 1> <Delay = 0.23> <IPBlock> <Opcode : 'add' 'sub'> <InPorts = 3> <OutPorts = 1> <Sync> <CReg>
ST_1 : Operation 1236 [1/1] (0.54ns)   --->   "%add_ln840_486 = add i2 %add_ln840_109, i2 %zext_ln840_16"   --->   Operation 1236 'add' 'add_ln840_486' <Predicate = true> <Delay = 0.54> <CoreInst = "Adder">   --->   Core 1 'Adder' <Latency = 0> <II = 1> <Delay = 0.54> <FuncUnit> <Opcode : 'add' 'sub'> <InPorts = 2> <OutPorts = 1>
ST_1 : Operation 1237 [1/1] (0.00ns)   --->   "%zext_ln840_578 = zext i2 %add_ln840_486"   --->   Operation 1237 'zext' 'zext_ln840_578' <Predicate = true> <Delay = 0.00>
ST_1 : Operation 1238 [1/1] (0.30ns) (root node of TernaryAdder)   --->   "%add_ln840_487 = add i3 %zext_ln840_578, i3 %add_ln840_485"   --->   Operation 1238 'add' 'add_ln840_487' <Predicate = true> <Delay = 0.30> <CoreInst = "TAddSub">   --->   Core 10 'TAddSub' <Latency = 0> <II = 1> <Delay = 0.23> <IPBlock> <Opcode : 'add' 'sub'> <InPorts = 3> <OutPorts = 1> <Sync> <CReg>
ST_1 : Operation 1239 [1/1] (0.00ns)   --->   "%zext_ln840_579 = zext i3 %add_ln840_487"   --->   Operation 1239 'zext' 'zext_ln840_579' <Predicate = true> <Delay = 0.00>
ST_1 : Operation 1240 [1/1] (0.67ns)   --->   "%add_ln840_488 = add i4 %zext_ln840_579, i4 %zext_ln840_576"   --->   Operation 1240 'add' 'add_ln840_488' <Predicate = true> <Delay = 0.67> <CoreInst = "Adder">   --->   Core 1 'Adder' <Latency = 0> <II = 1> <Delay = 0.67> <FuncUnit> <Opcode : 'add' 'sub'> <InPorts = 2> <OutPorts = 1>
ST_1 : Operation 1241 [1/1] (0.00ns)   --->   "%zext_ln840_580 = zext i4 %add_ln840_488"   --->   Operation 1241 'zext' 'zext_ln840_580' <Predicate = true> <Delay = 0.00>
ST_1 : Operation 1242 [1/1] (0.79ns)   --->   "%add_ln840_489 = add i5 %zext_ln840_580, i5 %zext_ln840_574"   --->   Operation 1242 'add' 'add_ln840_489' <Predicate = true> <Delay = 0.79> <CoreInst = "Adder">   --->   Core 1 'Adder' <Latency = 0> <II = 1> <Delay = 0.79> <FuncUnit> <Opcode : 'add' 'sub'> <InPorts = 2> <OutPorts = 1>
ST_1 : Operation 1243 [1/1] (0.00ns)   --->   "%zext_ln840_581 = zext i5 %add_ln840_489"   --->   Operation 1243 'zext' 'zext_ln840_581' <Predicate = true> <Delay = 0.00>
ST_1 : Operation 1244 [1/1] (0.78ns)   --->   "%add_ln840_490 = add i6 %zext_ln840_581, i6 %zext_ln840_567"   --->   Operation 1244 'add' 'add_ln840_490' <Predicate = true> <Delay = 0.78> <CoreInst = "Adder">   --->   Core 1 'Adder' <Latency = 0> <II = 1> <Delay = 0.78> <FuncUnit> <Opcode : 'add' 'sub'> <InPorts = 2> <OutPorts = 1>
ST_1 : Operation 1245 [1/1] (0.00ns)   --->   "%zext_ln840_582 = zext i6 %add_ln840_490"   --->   Operation 1245 'zext' 'zext_ln840_582' <Predicate = true> <Delay = 0.00>
ST_1 : Operation 1246 [1/1] (0.00ns)   --->   "%zext_ln840_583 = zext i2 %add_ln840_37"   --->   Operation 1246 'zext' 'zext_ln840_583' <Predicate = true> <Delay = 0.00>
ST_1 : Operation 1247 [1/1] (0.00ns) (grouped into TernaryAdder)   --->   "%add_ln840_491 = add i2 %zext_ln840_210, i2 %zext_ln840_211"   --->   Operation 1247 'add' 'add_ln840_491' <Predicate = true> <Delay = 0.00> <CoreInst = "TAddSub">   --->   Core 10 'TAddSub' <Latency = 0> <II = 1> <Delay = 0.23> <IPBlock> <Opcode : 'add' 'sub'> <InPorts = 3> <OutPorts = 1> <Sync> <CReg>
ST_1 : Operation 1248 [1/1] (0.14ns) (root node of TernaryAdder)   --->   "%add_ln840_492 = add i2 %add_ln840_491, i2 %zext_ln840_27"   --->   Operation 1248 'add' 'add_ln840_492' <Predicate = true> <Delay = 0.14> <CoreInst = "TAddSub">   --->   Core 10 'TAddSub' <Latency = 0> <II = 1> <Delay = 0.23> <IPBlock> <Opcode : 'add' 'sub'> <InPorts = 3> <OutPorts = 1> <Sync> <CReg>
ST_1 : Operation 1249 [1/1] (0.00ns)   --->   "%zext_ln840_584 = zext i2 %add_ln840_492"   --->   Operation 1249 'zext' 'zext_ln840_584' <Predicate = true> <Delay = 0.00>
ST_1 : Operation 1250 [1/1] (0.54ns)   --->   "%add_ln840_493 = add i3 %zext_ln840_584, i3 %zext_ln840_583"   --->   Operation 1250 'add' 'add_ln840_493' <Predicate = true> <Delay = 0.54> <CoreInst = "Adder">   --->   Core 1 'Adder' <Latency = 0> <II = 1> <Delay = 0.54> <FuncUnit> <Opcode : 'add' 'sub'> <InPorts = 2> <OutPorts = 1>
ST_1 : Operation 1251 [1/1] (0.00ns)   --->   "%zext_ln840_585 = zext i3 %add_ln840_493"   --->   Operation 1251 'zext' 'zext_ln840_585' <Predicate = true> <Delay = 0.00>
ST_1 : Operation 1252 [1/1] (0.54ns)   --->   "%add_ln840_494 = add i2 %zext_ln840_213, i2 %zext_ln840_37"   --->   Operation 1252 'add' 'add_ln840_494' <Predicate = true> <Delay = 0.54> <CoreInst = "Adder">   --->   Core 1 'Adder' <Latency = 0> <II = 1> <Delay = 0.54> <FuncUnit> <Opcode : 'add' 'sub'> <InPorts = 2> <OutPorts = 1>
ST_1 : Operation 1253 [1/1] (0.00ns)   --->   "%zext_ln840_586 = zext i2 %add_ln840_494"   --->   Operation 1253 'zext' 'zext_ln840_586' <Predicate = true> <Delay = 0.00>
ST_1 : Operation 1254 [1/1] (0.00ns) (grouped into TernaryAdder)   --->   "%add_ln840_495 = add i2 %zext_ln840_214, i2 %zext_ln840_46"   --->   Operation 1254 'add' 'add_ln840_495' <Predicate = true> <Delay = 0.00> <CoreInst = "TAddSub">   --->   Core 10 'TAddSub' <Latency = 0> <II = 1> <Delay = 0.23> <IPBlock> <Opcode : 'add' 'sub'> <InPorts = 3> <OutPorts = 1> <Sync> <CReg>
ST_1 : Operation 1255 [1/1] (0.14ns) (root node of TernaryAdder)   --->   "%add_ln840_496 = add i2 %add_ln840_495, i2 %zext_ln840_430"   --->   Operation 1255 'add' 'add_ln840_496' <Predicate = true> <Delay = 0.14> <CoreInst = "TAddSub">   --->   Core 10 'TAddSub' <Latency = 0> <II = 1> <Delay = 0.23> <IPBlock> <Opcode : 'add' 'sub'> <InPorts = 3> <OutPorts = 1> <Sync> <CReg>
ST_1 : Operation 1256 [1/1] (0.00ns)   --->   "%zext_ln840_587 = zext i2 %add_ln840_496"   --->   Operation 1256 'zext' 'zext_ln840_587' <Predicate = true> <Delay = 0.00>
ST_1 : Operation 1257 [1/1] (0.54ns)   --->   "%add_ln840_497 = add i3 %zext_ln840_587, i3 %zext_ln840_586"   --->   Operation 1257 'add' 'add_ln840_497' <Predicate = true> <Delay = 0.54> <CoreInst = "Adder">   --->   Core 1 'Adder' <Latency = 0> <II = 1> <Delay = 0.54> <FuncUnit> <Opcode : 'add' 'sub'> <InPorts = 2> <OutPorts = 1>
ST_1 : Operation 1258 [1/1] (0.00ns)   --->   "%zext_ln840_588 = zext i3 %add_ln840_497"   --->   Operation 1258 'zext' 'zext_ln840_588' <Predicate = true> <Delay = 0.00>
ST_1 : Operation 1259 [1/1] (0.67ns)   --->   "%add_ln840_498 = add i4 %zext_ln840_588, i4 %zext_ln840_585"   --->   Operation 1259 'add' 'add_ln840_498' <Predicate = true> <Delay = 0.67> <CoreInst = "Adder">   --->   Core 1 'Adder' <Latency = 0> <II = 1> <Delay = 0.67> <FuncUnit> <Opcode : 'add' 'sub'> <InPorts = 2> <OutPorts = 1>
ST_1 : Operation 1260 [1/1] (0.00ns)   --->   "%zext_ln840_589 = zext i4 %add_ln840_498"   --->   Operation 1260 'zext' 'zext_ln840_589' <Predicate = true> <Delay = 0.00>
ST_1 : Operation 1261 [1/1] (0.54ns)   --->   "%add_ln840_499 = add i2 %zext_ln840_299, i2 %zext_ln840_216"   --->   Operation 1261 'add' 'add_ln840_499' <Predicate = true> <Delay = 0.54> <CoreInst = "Adder">   --->   Core 1 'Adder' <Latency = 0> <II = 1> <Delay = 0.54> <FuncUnit> <Opcode : 'add' 'sub'> <InPorts = 2> <OutPorts = 1>
ST_1 : Operation 1262 [1/1] (0.00ns)   --->   "%zext_ln840_590 = zext i2 %add_ln840_499"   --->   Operation 1262 'zext' 'zext_ln840_590' <Predicate = true> <Delay = 0.00>
ST_1 : Operation 1263 [1/1] (0.00ns) (grouped into TernaryAdder)   --->   "%add_ln840_500 = add i2 %zext_ln840_54, i2 %zext_ln840_58"   --->   Operation 1263 'add' 'add_ln840_500' <Predicate = true> <Delay = 0.00> <CoreInst = "TAddSub">   --->   Core 10 'TAddSub' <Latency = 0> <II = 1> <Delay = 0.23> <IPBlock> <Opcode : 'add' 'sub'> <InPorts = 3> <OutPorts = 1> <Sync> <CReg>
ST_1 : Operation 1264 [1/1] (0.14ns) (root node of TernaryAdder)   --->   "%add_ln840_501 = add i2 %add_ln840_500, i2 %zext_ln840_218"   --->   Operation 1264 'add' 'add_ln840_501' <Predicate = true> <Delay = 0.14> <CoreInst = "TAddSub">   --->   Core 10 'TAddSub' <Latency = 0> <II = 1> <Delay = 0.23> <IPBlock> <Opcode : 'add' 'sub'> <InPorts = 3> <OutPorts = 1> <Sync> <CReg>
ST_1 : Operation 1265 [1/1] (0.00ns)   --->   "%zext_ln840_591 = zext i2 %add_ln840_501"   --->   Operation 1265 'zext' 'zext_ln840_591' <Predicate = true> <Delay = 0.00>
ST_1 : Operation 1266 [1/1] (0.54ns)   --->   "%add_ln840_502 = add i3 %zext_ln840_591, i3 %zext_ln840_590"   --->   Operation 1266 'add' 'add_ln840_502' <Predicate = true> <Delay = 0.54> <CoreInst = "Adder">   --->   Core 1 'Adder' <Latency = 0> <II = 1> <Delay = 0.54> <FuncUnit> <Opcode : 'add' 'sub'> <InPorts = 2> <OutPorts = 1>
ST_1 : Operation 1267 [1/1] (0.00ns)   --->   "%zext_ln840_592 = zext i3 %add_ln840_502"   --->   Operation 1267 'zext' 'zext_ln840_592' <Predicate = true> <Delay = 0.00>
ST_1 : Operation 1268 [1/1] (0.54ns)   --->   "%add_ln840_503 = add i2 %zext_ln840_74, i2 %zext_ln840_76"   --->   Operation 1268 'add' 'add_ln840_503' <Predicate = true> <Delay = 0.54> <CoreInst = "Adder">   --->   Core 1 'Adder' <Latency = 0> <II = 1> <Delay = 0.54> <FuncUnit> <Opcode : 'add' 'sub'> <InPorts = 2> <OutPorts = 1>
ST_1 : Operation 1269 [1/1] (0.54ns)   --->   "%add_ln840_504 = add i2 %add_ln840_503, i2 %zext_ln840_65"   --->   Operation 1269 'add' 'add_ln840_504' <Predicate = true> <Delay = 0.54> <CoreInst = "Adder">   --->   Core 1 'Adder' <Latency = 0> <II = 1> <Delay = 0.54> <FuncUnit> <Opcode : 'add' 'sub'> <InPorts = 2> <OutPorts = 1>
ST_1 : Operation 1270 [1/1] (0.00ns)   --->   "%zext_ln840_593 = zext i2 %add_ln840_504"   --->   Operation 1270 'zext' 'zext_ln840_593' <Predicate = true> <Delay = 0.00>
ST_1 : Operation 1271 [1/1] (0.54ns)   --->   "%add_ln840_505 = add i3 %zext_ln840_593, i3 %zext_ln840_532"   --->   Operation 1271 'add' 'add_ln840_505' <Predicate = true> <Delay = 0.54> <CoreInst = "Adder">   --->   Core 1 'Adder' <Latency = 0> <II = 1> <Delay = 0.54> <FuncUnit> <Opcode : 'add' 'sub'> <InPorts = 2> <OutPorts = 1>
ST_1 : Operation 1272 [1/1] (0.00ns)   --->   "%zext_ln840_594 = zext i3 %add_ln840_505"   --->   Operation 1272 'zext' 'zext_ln840_594' <Predicate = true> <Delay = 0.00>
ST_1 : Operation 1273 [1/1] (0.67ns)   --->   "%add_ln840_506 = add i4 %zext_ln840_594, i4 %zext_ln840_592"   --->   Operation 1273 'add' 'add_ln840_506' <Predicate = true> <Delay = 0.67> <CoreInst = "Adder">   --->   Core 1 'Adder' <Latency = 0> <II = 1> <Delay = 0.67> <FuncUnit> <Opcode : 'add' 'sub'> <InPorts = 2> <OutPorts = 1>
ST_1 : Operation 1274 [1/1] (0.00ns)   --->   "%zext_ln840_595 = zext i4 %add_ln840_506"   --->   Operation 1274 'zext' 'zext_ln840_595' <Predicate = true> <Delay = 0.00>
ST_1 : Operation 1275 [1/1] (0.79ns)   --->   "%add_ln840_507 = add i5 %zext_ln840_595, i5 %zext_ln840_589"   --->   Operation 1275 'add' 'add_ln840_507' <Predicate = true> <Delay = 0.79> <CoreInst = "Adder">   --->   Core 1 'Adder' <Latency = 0> <II = 1> <Delay = 0.79> <FuncUnit> <Opcode : 'add' 'sub'> <InPorts = 2> <OutPorts = 1>
ST_1 : Operation 1276 [1/1] (0.00ns)   --->   "%zext_ln840_596 = zext i5 %add_ln840_507"   --->   Operation 1276 'zext' 'zext_ln840_596' <Predicate = true> <Delay = 0.00>
ST_1 : Operation 1277 [1/1] (0.00ns)   --->   "%zext_ln840_597 = zext i2 %add_ln840_57"   --->   Operation 1277 'zext' 'zext_ln840_597' <Predicate = true> <Delay = 0.00>
ST_1 : Operation 1278 [1/1] (0.54ns)   --->   "%add_ln840_508 = add i2 %add_ln840_360, i2 %zext_ln840_82"   --->   Operation 1278 'add' 'add_ln840_508' <Predicate = true> <Delay = 0.54> <CoreInst = "Adder">   --->   Core 1 'Adder' <Latency = 0> <II = 1> <Delay = 0.54> <FuncUnit> <Opcode : 'add' 'sub'> <InPorts = 2> <OutPorts = 1>
ST_1 : Operation 1279 [1/1] (0.00ns)   --->   "%zext_ln840_598 = zext i2 %add_ln840_508"   --->   Operation 1279 'zext' 'zext_ln840_598' <Predicate = true> <Delay = 0.00>
ST_1 : Operation 1280 [1/1] (0.54ns)   --->   "%add_ln840_509 = add i3 %zext_ln840_598, i3 %zext_ln840_597"   --->   Operation 1280 'add' 'add_ln840_509' <Predicate = true> <Delay = 0.54> <CoreInst = "Adder">   --->   Core 1 'Adder' <Latency = 0> <II = 1> <Delay = 0.54> <FuncUnit> <Opcode : 'add' 'sub'> <InPorts = 2> <OutPorts = 1>
ST_1 : Operation 1281 [1/1] (0.00ns)   --->   "%zext_ln840_599 = zext i3 %add_ln840_509"   --->   Operation 1281 'zext' 'zext_ln840_599' <Predicate = true> <Delay = 0.00>
ST_1 : Operation 1282 [1/1] (0.54ns)   --->   "%add_ln840_510 = add i2 %zext_ln840_89, i2 %zext_ln840_93"   --->   Operation 1282 'add' 'add_ln840_510' <Predicate = true> <Delay = 0.54> <CoreInst = "Adder">   --->   Core 1 'Adder' <Latency = 0> <II = 1> <Delay = 0.54> <FuncUnit> <Opcode : 'add' 'sub'> <InPorts = 2> <OutPorts = 1>
ST_1 : Operation 1283 [1/1] (0.00ns)   --->   "%zext_ln840_600 = zext i2 %add_ln840_510"   --->   Operation 1283 'zext' 'zext_ln840_600' <Predicate = true> <Delay = 0.00>
ST_1 : Operation 1284 [1/1] (0.54ns)   --->   "%add_ln840_511 = add i2 %zext_ln840_223, i2 %zext_ln840_224"   --->   Operation 1284 'add' 'add_ln840_511' <Predicate = true> <Delay = 0.54> <CoreInst = "Adder">   --->   Core 1 'Adder' <Latency = 0> <II = 1> <Delay = 0.54> <FuncUnit> <Opcode : 'add' 'sub'> <InPorts = 2> <OutPorts = 1>
ST_1 : Operation 1285 [1/1] (0.54ns)   --->   "%add_ln840_512 = add i2 %add_ln840_511, i2 %zext_ln840_97"   --->   Operation 1285 'add' 'add_ln840_512' <Predicate = true> <Delay = 0.54> <CoreInst = "Adder">   --->   Core 1 'Adder' <Latency = 0> <II = 1> <Delay = 0.54> <FuncUnit> <Opcode : 'add' 'sub'> <InPorts = 2> <OutPorts = 1>
ST_1 : Operation 1286 [1/1] (0.00ns)   --->   "%zext_ln840_601 = zext i2 %add_ln840_512"   --->   Operation 1286 'zext' 'zext_ln840_601' <Predicate = true> <Delay = 0.00>
ST_1 : Operation 1287 [1/1] (0.54ns)   --->   "%add_ln840_513 = add i3 %zext_ln840_601, i3 %zext_ln840_600"   --->   Operation 1287 'add' 'add_ln840_513' <Predicate = true> <Delay = 0.54> <CoreInst = "Adder">   --->   Core 1 'Adder' <Latency = 0> <II = 1> <Delay = 0.54> <FuncUnit> <Opcode : 'add' 'sub'> <InPorts = 2> <OutPorts = 1>
ST_1 : Operation 1288 [1/1] (0.00ns)   --->   "%zext_ln840_602 = zext i3 %add_ln840_513"   --->   Operation 1288 'zext' 'zext_ln840_602' <Predicate = true> <Delay = 0.00>
ST_1 : Operation 1289 [1/1] (0.67ns)   --->   "%add_ln840_514 = add i4 %zext_ln840_602, i4 %zext_ln840_599"   --->   Operation 1289 'add' 'add_ln840_514' <Predicate = true> <Delay = 0.67> <CoreInst = "Adder">   --->   Core 1 'Adder' <Latency = 0> <II = 1> <Delay = 0.67> <FuncUnit> <Opcode : 'add' 'sub'> <InPorts = 2> <OutPorts = 1>
ST_1 : Operation 1290 [1/1] (0.00ns)   --->   "%zext_ln840_603 = zext i4 %add_ln840_514"   --->   Operation 1290 'zext' 'zext_ln840_603' <Predicate = true> <Delay = 0.00>
ST_1 : Operation 1291 [1/1] (0.54ns)   --->   "%add_ln840_515 = add i2 %zext_ln840_225, i2 %zext_ln840_226"   --->   Operation 1291 'add' 'add_ln840_515' <Predicate = true> <Delay = 0.54> <CoreInst = "Adder">   --->   Core 1 'Adder' <Latency = 0> <II = 1> <Delay = 0.54> <FuncUnit> <Opcode : 'add' 'sub'> <InPorts = 2> <OutPorts = 1>
ST_1 : Operation 1292 [1/1] (0.00ns)   --->   "%zext_ln840_604 = zext i2 %add_ln840_515"   --->   Operation 1292 'zext' 'zext_ln840_604' <Predicate = true> <Delay = 0.00>
ST_1 : Operation 1293 [1/1] (0.54ns)   --->   "%add_ln840_516 = add i2 %add_ln840_227, i2 %zext_ln840_107"   --->   Operation 1293 'add' 'add_ln840_516' <Predicate = true> <Delay = 0.54> <CoreInst = "Adder">   --->   Core 1 'Adder' <Latency = 0> <II = 1> <Delay = 0.54> <FuncUnit> <Opcode : 'add' 'sub'> <InPorts = 2> <OutPorts = 1>
ST_1 : Operation 1294 [1/1] (0.00ns)   --->   "%zext_ln840_605 = zext i2 %add_ln840_516"   --->   Operation 1294 'zext' 'zext_ln840_605' <Predicate = true> <Delay = 0.00>
ST_1 : Operation 1295 [1/1] (0.54ns)   --->   "%add_ln840_517 = add i3 %zext_ln840_605, i3 %zext_ln840_604"   --->   Operation 1295 'add' 'add_ln840_517' <Predicate = true> <Delay = 0.54> <CoreInst = "Adder">   --->   Core 1 'Adder' <Latency = 0> <II = 1> <Delay = 0.54> <FuncUnit> <Opcode : 'add' 'sub'> <InPorts = 2> <OutPorts = 1>
ST_1 : Operation 1296 [1/1] (0.00ns)   --->   "%zext_ln840_606 = zext i3 %add_ln840_517"   --->   Operation 1296 'zext' 'zext_ln840_606' <Predicate = true> <Delay = 0.00>
ST_1 : Operation 1297 [1/1] (0.54ns)   --->   "%add_ln840_518 = add i2 %add_ln840_304, i2 %zext_ln840_127"   --->   Operation 1297 'add' 'add_ln840_518' <Predicate = true> <Delay = 0.54> <CoreInst = "Adder">   --->   Core 1 'Adder' <Latency = 0> <II = 1> <Delay = 0.54> <FuncUnit> <Opcode : 'add' 'sub'> <InPorts = 2> <OutPorts = 1>
ST_1 : Operation 1298 [1/1] (0.00ns)   --->   "%zext_ln840_607 = zext i2 %add_ln840_518"   --->   Operation 1298 'zext' 'zext_ln840_607' <Predicate = true> <Delay = 0.00>
ST_1 : Operation 1299 [1/1] (0.54ns)   --->   "%add_ln840_519 = add i3 %zext_ln840_607, i3 %zext_ln840_357"   --->   Operation 1299 'add' 'add_ln840_519' <Predicate = true> <Delay = 0.54> <CoreInst = "Adder">   --->   Core 1 'Adder' <Latency = 0> <II = 1> <Delay = 0.54> <FuncUnit> <Opcode : 'add' 'sub'> <InPorts = 2> <OutPorts = 1>
ST_1 : Operation 1300 [1/1] (0.00ns)   --->   "%zext_ln840_608 = zext i3 %add_ln840_519"   --->   Operation 1300 'zext' 'zext_ln840_608' <Predicate = true> <Delay = 0.00>
ST_1 : Operation 1301 [1/1] (0.67ns)   --->   "%add_ln840_520 = add i4 %zext_ln840_608, i4 %zext_ln840_606"   --->   Operation 1301 'add' 'add_ln840_520' <Predicate = true> <Delay = 0.67> <CoreInst = "Adder">   --->   Core 1 'Adder' <Latency = 0> <II = 1> <Delay = 0.67> <FuncUnit> <Opcode : 'add' 'sub'> <InPorts = 2> <OutPorts = 1>
ST_1 : Operation 1302 [1/1] (0.00ns)   --->   "%zext_ln840_609 = zext i4 %add_ln840_520"   --->   Operation 1302 'zext' 'zext_ln840_609' <Predicate = true> <Delay = 0.00>
ST_1 : Operation 1303 [1/1] (0.79ns)   --->   "%add_ln840_521 = add i5 %zext_ln840_609, i5 %zext_ln840_603"   --->   Operation 1303 'add' 'add_ln840_521' <Predicate = true> <Delay = 0.79> <CoreInst = "Adder">   --->   Core 1 'Adder' <Latency = 0> <II = 1> <Delay = 0.79> <FuncUnit> <Opcode : 'add' 'sub'> <InPorts = 2> <OutPorts = 1>
ST_1 : Operation 1304 [1/1] (0.00ns)   --->   "%zext_ln840_610 = zext i5 %add_ln840_521"   --->   Operation 1304 'zext' 'zext_ln840_610' <Predicate = true> <Delay = 0.00>
ST_1 : Operation 1305 [1/1] (0.78ns)   --->   "%add_ln840_522 = add i6 %zext_ln840_610, i6 %zext_ln840_596"   --->   Operation 1305 'add' 'add_ln840_522' <Predicate = true> <Delay = 0.78> <CoreInst = "Adder">   --->   Core 1 'Adder' <Latency = 0> <II = 1> <Delay = 0.78> <FuncUnit> <Opcode : 'add' 'sub'> <InPorts = 2> <OutPorts = 1>
ST_1 : Operation 1306 [1/1] (0.00ns)   --->   "%zext_ln840_611 = zext i6 %add_ln840_522"   --->   Operation 1306 'zext' 'zext_ln840_611' <Predicate = true> <Delay = 0.00>
ST_1 : Operation 1307 [1/1] (0.78ns)   --->   "%add_ln840_523 = add i7 %zext_ln840_611, i7 %zext_ln840_582"   --->   Operation 1307 'add' 'add_ln840_523' <Predicate = true> <Delay = 0.78> <CoreInst = "Adder">   --->   Core 1 'Adder' <Latency = 0> <II = 1> <Delay = 0.78> <FuncUnit> <Opcode : 'add' 'sub'> <InPorts = 2> <OutPorts = 1>
ST_1 : Operation 1308 [1/1] (0.00ns)   --->   "%zext_ln840_612 = zext i7 %add_ln840_523"   --->   Operation 1308 'zext' 'zext_ln840_612' <Predicate = true> <Delay = 0.00>
ST_1 : Operation 1309 [1/1] (0.54ns)   --->   "%add_ln840_524 = add i2 %zext_ln840_206, i2 %add_ln840_382"   --->   Operation 1309 'add' 'add_ln840_524' <Predicate = true> <Delay = 0.54> <CoreInst = "Adder">   --->   Core 1 'Adder' <Latency = 0> <II = 1> <Delay = 0.54> <FuncUnit> <Opcode : 'add' 'sub'> <InPorts = 2> <OutPorts = 1>
ST_1 : Operation 1310 [1/1] (0.00ns)   --->   "%zext_ln840_613 = zext i2 %add_ln840_524"   --->   Operation 1310 'zext' 'zext_ln840_613' <Predicate = true> <Delay = 0.00>
ST_1 : Operation 1311 [1/1] (0.54ns)   --->   "%add_ln840_525 = add i3 %zext_ln840_613, i3 %zext_ln840_203"   --->   Operation 1311 'add' 'add_ln840_525' <Predicate = true> <Delay = 0.54> <CoreInst = "Adder">   --->   Core 1 'Adder' <Latency = 0> <II = 1> <Delay = 0.54> <FuncUnit> <Opcode : 'add' 'sub'> <InPorts = 2> <OutPorts = 1>
ST_1 : Operation 1312 [1/1] (0.54ns)   --->   "%add_ln840_526 = add i2 %zext_ln840_6, i2 %zext_ln840_12"   --->   Operation 1312 'add' 'add_ln840_526' <Predicate = true> <Delay = 0.54> <CoreInst = "Adder">   --->   Core 1 'Adder' <Latency = 0> <II = 1> <Delay = 0.54> <FuncUnit> <Opcode : 'add' 'sub'> <InPorts = 2> <OutPorts = 1>
ST_1 : Operation 1313 [1/1] (0.00ns)   --->   "%zext_ln840_614 = zext i2 %add_ln840_526"   --->   Operation 1313 'zext' 'zext_ln840_614' <Predicate = true> <Delay = 0.00>
ST_1 : Operation 1314 [1/1] (0.00ns) (grouped into TernaryAdder)   --->   "%add_ln840_527 = add i2 %zext_ln840_10, i2 %zext_ln840_139"   --->   Operation 1314 'add' 'add_ln840_527' <Predicate = true> <Delay = 0.00> <CoreInst = "TAddSub">   --->   Core 10 'TAddSub' <Latency = 0> <II = 1> <Delay = 0.23> <IPBlock> <Opcode : 'add' 'sub'> <InPorts = 3> <OutPorts = 1> <Sync> <CReg>
ST_1 : Operation 1315 [1/1] (0.14ns) (root node of TernaryAdder)   --->   "%add_ln840_528 = add i2 %add_ln840_527, i2 %zext_ln840_8"   --->   Operation 1315 'add' 'add_ln840_528' <Predicate = true> <Delay = 0.14> <CoreInst = "TAddSub">   --->   Core 10 'TAddSub' <Latency = 0> <II = 1> <Delay = 0.23> <IPBlock> <Opcode : 'add' 'sub'> <InPorts = 3> <OutPorts = 1> <Sync> <CReg>
ST_1 : Operation 1316 [1/1] (0.00ns)   --->   "%zext_ln840_615 = zext i2 %add_ln840_528"   --->   Operation 1316 'zext' 'zext_ln840_615' <Predicate = true> <Delay = 0.00>
ST_1 : Operation 1317 [1/1] (0.54ns)   --->   "%add_ln840_529 = add i3 %zext_ln840_615, i3 %zext_ln840_614"   --->   Operation 1317 'add' 'add_ln840_529' <Predicate = true> <Delay = 0.54> <CoreInst = "Adder">   --->   Core 1 'Adder' <Latency = 0> <II = 1> <Delay = 0.54> <FuncUnit> <Opcode : 'add' 'sub'> <InPorts = 2> <OutPorts = 1>
ST_1 : Operation 1318 [1/1] (0.00ns)   --->   "%zext_ln840_616 = zext i3 %add_ln840_529"   --->   Operation 1318 'zext' 'zext_ln840_616' <Predicate = true> <Delay = 0.00>
ST_1 : Operation 1319 [1/1] (0.54ns)   --->   "%add_ln840_530 = add i2 %zext_ln840_15, i2 %zext_ln840_19"   --->   Operation 1319 'add' 'add_ln840_530' <Predicate = true> <Delay = 0.54> <CoreInst = "Adder">   --->   Core 1 'Adder' <Latency = 0> <II = 1> <Delay = 0.54> <FuncUnit> <Opcode : 'add' 'sub'> <InPorts = 2> <OutPorts = 1>
ST_1 : Operation 1320 [1/1] (0.00ns)   --->   "%zext_ln840_617 = zext i2 %add_ln840_530"   --->   Operation 1320 'zext' 'zext_ln840_617' <Predicate = true> <Delay = 0.00>
ST_1 : Operation 1321 [1/1] (0.00ns) (grouped into TernaryAdder)   --->   "%add_ln840_531 = add i2 %zext_ln840_24, i2 %zext_ln840_26"   --->   Operation 1321 'add' 'add_ln840_531' <Predicate = true> <Delay = 0.00> <CoreInst = "TAddSub">   --->   Core 10 'TAddSub' <Latency = 0> <II = 1> <Delay = 0.23> <IPBlock> <Opcode : 'add' 'sub'> <InPorts = 3> <OutPorts = 1> <Sync> <CReg>
ST_1 : Operation 1322 [1/1] (0.14ns) (root node of TernaryAdder)   --->   "%add_ln840_532 = add i2 %add_ln840_531, i2 %zext_ln840_20"   --->   Operation 1322 'add' 'add_ln840_532' <Predicate = true> <Delay = 0.14> <CoreInst = "TAddSub">   --->   Core 10 'TAddSub' <Latency = 0> <II = 1> <Delay = 0.23> <IPBlock> <Opcode : 'add' 'sub'> <InPorts = 3> <OutPorts = 1> <Sync> <CReg>
ST_1 : Operation 1323 [1/1] (0.00ns)   --->   "%zext_ln840_618 = zext i2 %add_ln840_532"   --->   Operation 1323 'zext' 'zext_ln840_618' <Predicate = true> <Delay = 0.00>
ST_1 : Operation 1324 [1/1] (0.54ns)   --->   "%add_ln840_533 = add i3 %zext_ln840_618, i3 %zext_ln840_617"   --->   Operation 1324 'add' 'add_ln840_533' <Predicate = true> <Delay = 0.54> <CoreInst = "Adder">   --->   Core 1 'Adder' <Latency = 0> <II = 1> <Delay = 0.54> <FuncUnit> <Opcode : 'add' 'sub'> <InPorts = 2> <OutPorts = 1>
ST_1 : Operation 1325 [1/1] (0.00ns)   --->   "%zext_ln840_619 = zext i3 %add_ln840_533"   --->   Operation 1325 'zext' 'zext_ln840_619' <Predicate = true> <Delay = 0.00>
ST_1 : Operation 1326 [1/1] (0.67ns)   --->   "%add_ln840_534 = add i4 %zext_ln840_619, i4 %zext_ln840_616"   --->   Operation 1326 'add' 'add_ln840_534' <Predicate = true> <Delay = 0.67> <CoreInst = "Adder">   --->   Core 1 'Adder' <Latency = 0> <II = 1> <Delay = 0.67> <FuncUnit> <Opcode : 'add' 'sub'> <InPorts = 2> <OutPorts = 1>
ST_1 : Operation 1327 [1/1] (0.00ns)   --->   "%zext_ln840_620 = zext i4 %add_ln840_534"   --->   Operation 1327 'zext' 'zext_ln840_620' <Predicate = true> <Delay = 0.00>
ST_1 : Operation 1328 [1/1] (0.54ns)   --->   "%add_ln840_535 = add i2 %zext_ln840_30, i2 %zext_ln840_31"   --->   Operation 1328 'add' 'add_ln840_535' <Predicate = true> <Delay = 0.54> <CoreInst = "Adder">   --->   Core 1 'Adder' <Latency = 0> <II = 1> <Delay = 0.54> <FuncUnit> <Opcode : 'add' 'sub'> <InPorts = 2> <OutPorts = 1>
ST_1 : Operation 1329 [1/1] (0.00ns)   --->   "%zext_ln840_621 = zext i2 %add_ln840_535"   --->   Operation 1329 'zext' 'zext_ln840_621' <Predicate = true> <Delay = 0.00>
ST_1 : Operation 1330 [1/1] (0.00ns) (grouped into TernaryAdder)   --->   "%add_ln840_536 = add i2 %zext_ln840_36, i2 %zext_ln840_38"   --->   Operation 1330 'add' 'add_ln840_536' <Predicate = true> <Delay = 0.00> <CoreInst = "TAddSub">   --->   Core 10 'TAddSub' <Latency = 0> <II = 1> <Delay = 0.23> <IPBlock> <Opcode : 'add' 'sub'> <InPorts = 3> <OutPorts = 1> <Sync> <CReg>
ST_1 : Operation 1331 [1/1] (0.14ns) (root node of TernaryAdder)   --->   "%add_ln840_537 = add i2 %add_ln840_536, i2 %zext_ln840_32"   --->   Operation 1331 'add' 'add_ln840_537' <Predicate = true> <Delay = 0.14> <CoreInst = "TAddSub">   --->   Core 10 'TAddSub' <Latency = 0> <II = 1> <Delay = 0.23> <IPBlock> <Opcode : 'add' 'sub'> <InPorts = 3> <OutPorts = 1> <Sync> <CReg>
ST_1 : Operation 1332 [1/1] (0.00ns)   --->   "%zext_ln840_622 = zext i2 %add_ln840_537"   --->   Operation 1332 'zext' 'zext_ln840_622' <Predicate = true> <Delay = 0.00>
ST_1 : Operation 1333 [1/1] (0.54ns)   --->   "%add_ln840_538 = add i3 %zext_ln840_622, i3 %zext_ln840_621"   --->   Operation 1333 'add' 'add_ln840_538' <Predicate = true> <Delay = 0.54> <CoreInst = "Adder">   --->   Core 1 'Adder' <Latency = 0> <II = 1> <Delay = 0.54> <FuncUnit> <Opcode : 'add' 'sub'> <InPorts = 2> <OutPorts = 1>
ST_1 : Operation 1334 [1/1] (0.00ns)   --->   "%zext_ln840_623 = zext i3 %add_ln840_538"   --->   Operation 1334 'zext' 'zext_ln840_623' <Predicate = true> <Delay = 0.00>
ST_1 : Operation 1335 [1/1] (0.54ns)   --->   "%add_ln840_539 = add i2 %zext_ln840_41, i2 %zext_ln840_45"   --->   Operation 1335 'add' 'add_ln840_539' <Predicate = true> <Delay = 0.54> <CoreInst = "Adder">   --->   Core 1 'Adder' <Latency = 0> <II = 1> <Delay = 0.54> <FuncUnit> <Opcode : 'add' 'sub'> <InPorts = 2> <OutPorts = 1>
ST_1 : Operation 1336 [1/1] (0.00ns)   --->   "%zext_ln840_624 = zext i2 %add_ln840_539"   --->   Operation 1336 'zext' 'zext_ln840_624' <Predicate = true> <Delay = 0.00>
ST_1 : Operation 1337 [1/1] (0.54ns)   --->   "%add_ln840_540 = add i2 %zext_ln840_48, i2 %zext_ln840_50"   --->   Operation 1337 'add' 'add_ln840_540' <Predicate = true> <Delay = 0.54> <CoreInst = "Adder">   --->   Core 1 'Adder' <Latency = 0> <II = 1> <Delay = 0.54> <FuncUnit> <Opcode : 'add' 'sub'> <InPorts = 2> <OutPorts = 1>
ST_1 : Operation 1338 [1/1] (0.54ns)   --->   "%add_ln840_541 = add i2 %add_ln840_540, i2 %zext_ln840_47"   --->   Operation 1338 'add' 'add_ln840_541' <Predicate = true> <Delay = 0.54> <CoreInst = "Adder">   --->   Core 1 'Adder' <Latency = 0> <II = 1> <Delay = 0.54> <FuncUnit> <Opcode : 'add' 'sub'> <InPorts = 2> <OutPorts = 1>
ST_1 : Operation 1339 [1/1] (0.00ns)   --->   "%zext_ln840_625 = zext i2 %add_ln840_541"   --->   Operation 1339 'zext' 'zext_ln840_625' <Predicate = true> <Delay = 0.00>
ST_1 : Operation 1340 [1/1] (0.54ns)   --->   "%add_ln840_542 = add i3 %zext_ln840_625, i3 %zext_ln840_624"   --->   Operation 1340 'add' 'add_ln840_542' <Predicate = true> <Delay = 0.54> <CoreInst = "Adder">   --->   Core 1 'Adder' <Latency = 0> <II = 1> <Delay = 0.54> <FuncUnit> <Opcode : 'add' 'sub'> <InPorts = 2> <OutPorts = 1>
ST_1 : Operation 1341 [1/1] (0.00ns)   --->   "%zext_ln840_626 = zext i3 %add_ln840_542"   --->   Operation 1341 'zext' 'zext_ln840_626' <Predicate = true> <Delay = 0.00>
ST_1 : Operation 1342 [1/1] (0.67ns)   --->   "%add_ln840_543 = add i4 %zext_ln840_626, i4 %zext_ln840_623"   --->   Operation 1342 'add' 'add_ln840_543' <Predicate = true> <Delay = 0.67> <CoreInst = "Adder">   --->   Core 1 'Adder' <Latency = 0> <II = 1> <Delay = 0.67> <FuncUnit> <Opcode : 'add' 'sub'> <InPorts = 2> <OutPorts = 1>
ST_1 : Operation 1343 [1/1] (0.00ns)   --->   "%zext_ln840_627 = zext i4 %add_ln840_543"   --->   Operation 1343 'zext' 'zext_ln840_627' <Predicate = true> <Delay = 0.00>
ST_1 : Operation 1344 [1/1] (0.79ns)   --->   "%add_ln840_544 = add i5 %zext_ln840_627, i5 %zext_ln840_620"   --->   Operation 1344 'add' 'add_ln840_544' <Predicate = true> <Delay = 0.79> <CoreInst = "Adder">   --->   Core 1 'Adder' <Latency = 0> <II = 1> <Delay = 0.79> <FuncUnit> <Opcode : 'add' 'sub'> <InPorts = 2> <OutPorts = 1>
ST_1 : Operation 1345 [1/1] (0.00ns)   --->   "%zext_ln840_628 = zext i5 %add_ln840_544"   --->   Operation 1345 'zext' 'zext_ln840_628' <Predicate = true> <Delay = 0.00>
ST_1 : Operation 1346 [1/1] (0.54ns)   --->   "%add_ln840_545 = add i2 %zext_ln840_52, i2 %zext_ln840_53"   --->   Operation 1346 'add' 'add_ln840_545' <Predicate = true> <Delay = 0.54> <CoreInst = "Adder">   --->   Core 1 'Adder' <Latency = 0> <II = 1> <Delay = 0.54> <FuncUnit> <Opcode : 'add' 'sub'> <InPorts = 2> <OutPorts = 1>
ST_1 : Operation 1347 [1/1] (0.00ns)   --->   "%zext_ln840_629 = zext i2 %add_ln840_545"   --->   Operation 1347 'zext' 'zext_ln840_629' <Predicate = true> <Delay = 0.00>
ST_1 : Operation 1348 [1/1] (0.00ns) (grouped into TernaryAdder)   --->   "%add_ln840_546 = add i2 %zext_ln840_62, i2 %zext_ln840_64"   --->   Operation 1348 'add' 'add_ln840_546' <Predicate = true> <Delay = 0.00> <CoreInst = "TAddSub">   --->   Core 10 'TAddSub' <Latency = 0> <II = 1> <Delay = 0.23> <IPBlock> <Opcode : 'add' 'sub'> <InPorts = 3> <OutPorts = 1> <Sync> <CReg>
ST_1 : Operation 1349 [1/1] (0.14ns) (root node of TernaryAdder)   --->   "%add_ln840_547 = add i2 %add_ln840_546, i2 %zext_ln840_57"   --->   Operation 1349 'add' 'add_ln840_547' <Predicate = true> <Delay = 0.14> <CoreInst = "TAddSub">   --->   Core 10 'TAddSub' <Latency = 0> <II = 1> <Delay = 0.23> <IPBlock> <Opcode : 'add' 'sub'> <InPorts = 3> <OutPorts = 1> <Sync> <CReg>
ST_1 : Operation 1350 [1/1] (0.00ns)   --->   "%zext_ln840_630 = zext i2 %add_ln840_547"   --->   Operation 1350 'zext' 'zext_ln840_630' <Predicate = true> <Delay = 0.00>
ST_1 : Operation 1351 [1/1] (0.54ns)   --->   "%add_ln840_548 = add i3 %zext_ln840_630, i3 %zext_ln840_629"   --->   Operation 1351 'add' 'add_ln840_548' <Predicate = true> <Delay = 0.54> <CoreInst = "Adder">   --->   Core 1 'Adder' <Latency = 0> <II = 1> <Delay = 0.54> <FuncUnit> <Opcode : 'add' 'sub'> <InPorts = 2> <OutPorts = 1>
ST_1 : Operation 1352 [1/1] (0.00ns)   --->   "%zext_ln840_631 = zext i3 %add_ln840_548"   --->   Operation 1352 'zext' 'zext_ln840_631' <Predicate = true> <Delay = 0.00>
ST_1 : Operation 1353 [1/1] (0.54ns)   --->   "%add_ln840_549 = add i2 %zext_ln840_69, i2 %zext_ln840_79"   --->   Operation 1353 'add' 'add_ln840_549' <Predicate = true> <Delay = 0.54> <CoreInst = "Adder">   --->   Core 1 'Adder' <Latency = 0> <II = 1> <Delay = 0.54> <FuncUnit> <Opcode : 'add' 'sub'> <InPorts = 2> <OutPorts = 1>
ST_1 : Operation 1354 [1/1] (0.00ns)   --->   "%zext_ln840_632 = zext i2 %add_ln840_549"   --->   Operation 1354 'zext' 'zext_ln840_632' <Predicate = true> <Delay = 0.00>
ST_1 : Operation 1355 [1/1] (0.54ns)   --->   "%add_ln840_550 = add i2 %add_ln840_182, i2 %zext_ln840_84"   --->   Operation 1355 'add' 'add_ln840_550' <Predicate = true> <Delay = 0.54> <CoreInst = "Adder">   --->   Core 1 'Adder' <Latency = 0> <II = 1> <Delay = 0.54> <FuncUnit> <Opcode : 'add' 'sub'> <InPorts = 2> <OutPorts = 1>
ST_1 : Operation 1356 [1/1] (0.00ns)   --->   "%zext_ln840_633 = zext i2 %add_ln840_550"   --->   Operation 1356 'zext' 'zext_ln840_633' <Predicate = true> <Delay = 0.00>
ST_1 : Operation 1357 [1/1] (0.54ns)   --->   "%add_ln840_551 = add i3 %zext_ln840_633, i3 %zext_ln840_632"   --->   Operation 1357 'add' 'add_ln840_551' <Predicate = true> <Delay = 0.54> <CoreInst = "Adder">   --->   Core 1 'Adder' <Latency = 0> <II = 1> <Delay = 0.54> <FuncUnit> <Opcode : 'add' 'sub'> <InPorts = 2> <OutPorts = 1>
ST_1 : Operation 1358 [1/1] (0.00ns)   --->   "%zext_ln840_634 = zext i3 %add_ln840_551"   --->   Operation 1358 'zext' 'zext_ln840_634' <Predicate = true> <Delay = 0.00>
ST_1 : Operation 1359 [1/1] (0.67ns)   --->   "%add_ln840_552 = add i4 %zext_ln840_634, i4 %zext_ln840_631"   --->   Operation 1359 'add' 'add_ln840_552' <Predicate = true> <Delay = 0.67> <CoreInst = "Adder">   --->   Core 1 'Adder' <Latency = 0> <II = 1> <Delay = 0.67> <FuncUnit> <Opcode : 'add' 'sub'> <InPorts = 2> <OutPorts = 1>
ST_1 : Operation 1360 [1/1] (0.00ns)   --->   "%zext_ln840_635 = zext i4 %add_ln840_552"   --->   Operation 1360 'zext' 'zext_ln840_635' <Predicate = true> <Delay = 0.00>
ST_1 : Operation 1361 [1/1] (0.54ns)   --->   "%add_ln840_553 = add i2 %zext_ln840_96, i2 %zext_ln840_102"   --->   Operation 1361 'add' 'add_ln840_553' <Predicate = true> <Delay = 0.54> <CoreInst = "Adder">   --->   Core 1 'Adder' <Latency = 0> <II = 1> <Delay = 0.54> <FuncUnit> <Opcode : 'add' 'sub'> <InPorts = 2> <OutPorts = 1>
ST_1 : Operation 1362 [1/1] (0.00ns)   --->   "%zext_ln840_636 = zext i2 %add_ln840_553"   --->   Operation 1362 'zext' 'zext_ln840_636' <Predicate = true> <Delay = 0.00>
ST_1 : Operation 1363 [1/1] (0.00ns) (grouped into TernaryAdder)   --->   "%add_ln840_554 = add i2 %zext_ln840_118, i2 %zext_ln840_126"   --->   Operation 1363 'add' 'add_ln840_554' <Predicate = true> <Delay = 0.00> <CoreInst = "TAddSub">   --->   Core 10 'TAddSub' <Latency = 0> <II = 1> <Delay = 0.23> <IPBlock> <Opcode : 'add' 'sub'> <InPorts = 3> <OutPorts = 1> <Sync> <CReg>
ST_1 : Operation 1364 [1/1] (0.14ns) (root node of TernaryAdder)   --->   "%add_ln840_555 = add i2 %add_ln840_554, i2 %zext_ln840_113"   --->   Operation 1364 'add' 'add_ln840_555' <Predicate = true> <Delay = 0.14> <CoreInst = "TAddSub">   --->   Core 10 'TAddSub' <Latency = 0> <II = 1> <Delay = 0.23> <IPBlock> <Opcode : 'add' 'sub'> <InPorts = 3> <OutPorts = 1> <Sync> <CReg>
ST_1 : Operation 1365 [1/1] (0.00ns)   --->   "%zext_ln840_637 = zext i2 %add_ln840_555"   --->   Operation 1365 'zext' 'zext_ln840_637' <Predicate = true> <Delay = 0.00>
ST_1 : Operation 1366 [1/1] (0.54ns)   --->   "%add_ln840_556 = add i3 %zext_ln840_637, i3 %zext_ln840_636"   --->   Operation 1366 'add' 'add_ln840_556' <Predicate = true> <Delay = 0.54> <CoreInst = "Adder">   --->   Core 1 'Adder' <Latency = 0> <II = 1> <Delay = 0.54> <FuncUnit> <Opcode : 'add' 'sub'> <InPorts = 2> <OutPorts = 1>
ST_1 : Operation 1367 [1/1] (0.00ns)   --->   "%zext_ln840_638 = zext i3 %add_ln840_556"   --->   Operation 1367 'zext' 'zext_ln840_638' <Predicate = true> <Delay = 0.00>
ST_1 : Operation 1368 [1/1] (0.54ns)   --->   "%add_ln840_557 = add i2 %zext_ln840_130, i2 %zext_ln840_365"   --->   Operation 1368 'add' 'add_ln840_557' <Predicate = true> <Delay = 0.54> <CoreInst = "Adder">   --->   Core 1 'Adder' <Latency = 0> <II = 1> <Delay = 0.54> <FuncUnit> <Opcode : 'add' 'sub'> <InPorts = 2> <OutPorts = 1>
ST_1 : Operation 1369 [1/1] (0.00ns)   --->   "%zext_ln840_639 = zext i2 %add_ln840_557"   --->   Operation 1369 'zext' 'zext_ln840_639' <Predicate = true> <Delay = 0.00>
ST_1 : Operation 1370 [1/1] (0.00ns) (grouped into TernaryAdder)   --->   "%add_ln840_558 = add i2 %zext_ln840_23, i2 %zext_ln840_29"   --->   Operation 1370 'add' 'add_ln840_558' <Predicate = true> <Delay = 0.00> <CoreInst = "TAddSub">   --->   Core 10 'TAddSub' <Latency = 0> <II = 1> <Delay = 0.23> <IPBlock> <Opcode : 'add' 'sub'> <InPorts = 3> <OutPorts = 1> <Sync> <CReg>
ST_1 : Operation 1371 [1/1] (0.14ns) (root node of TernaryAdder)   --->   "%add_ln840_559 = add i2 %add_ln840_558, i2 %zext_ln840_18"   --->   Operation 1371 'add' 'add_ln840_559' <Predicate = true> <Delay = 0.14> <CoreInst = "TAddSub">   --->   Core 10 'TAddSub' <Latency = 0> <II = 1> <Delay = 0.23> <IPBlock> <Opcode : 'add' 'sub'> <InPorts = 3> <OutPorts = 1> <Sync> <CReg>
ST_1 : Operation 1372 [1/1] (0.00ns)   --->   "%zext_ln840_640 = zext i2 %add_ln840_559"   --->   Operation 1372 'zext' 'zext_ln840_640' <Predicate = true> <Delay = 0.00>
ST_1 : Operation 1373 [1/1] (0.54ns)   --->   "%add_ln840_560 = add i3 %zext_ln840_640, i3 %zext_ln840_639"   --->   Operation 1373 'add' 'add_ln840_560' <Predicate = true> <Delay = 0.54> <CoreInst = "Adder">   --->   Core 1 'Adder' <Latency = 0> <II = 1> <Delay = 0.54> <FuncUnit> <Opcode : 'add' 'sub'> <InPorts = 2> <OutPorts = 1>
ST_1 : Operation 1374 [1/1] (0.00ns)   --->   "%zext_ln840_641 = zext i3 %add_ln840_560"   --->   Operation 1374 'zext' 'zext_ln840_641' <Predicate = true> <Delay = 0.00>
ST_1 : Operation 1375 [1/1] (0.67ns)   --->   "%add_ln840_561 = add i4 %zext_ln840_641, i4 %zext_ln840_638"   --->   Operation 1375 'add' 'add_ln840_561' <Predicate = true> <Delay = 0.67> <CoreInst = "Adder">   --->   Core 1 'Adder' <Latency = 0> <II = 1> <Delay = 0.67> <FuncUnit> <Opcode : 'add' 'sub'> <InPorts = 2> <OutPorts = 1>
ST_1 : Operation 1376 [1/1] (0.00ns)   --->   "%zext_ln840_642 = zext i4 %add_ln840_561"   --->   Operation 1376 'zext' 'zext_ln840_642' <Predicate = true> <Delay = 0.00>
ST_1 : Operation 1377 [1/1] (0.79ns)   --->   "%add_ln840_562 = add i5 %zext_ln840_642, i5 %zext_ln840_635"   --->   Operation 1377 'add' 'add_ln840_562' <Predicate = true> <Delay = 0.79> <CoreInst = "Adder">   --->   Core 1 'Adder' <Latency = 0> <II = 1> <Delay = 0.79> <FuncUnit> <Opcode : 'add' 'sub'> <InPorts = 2> <OutPorts = 1>
ST_1 : Operation 1378 [1/1] (0.00ns)   --->   "%zext_ln840_643 = zext i5 %add_ln840_562"   --->   Operation 1378 'zext' 'zext_ln840_643' <Predicate = true> <Delay = 0.00>
ST_1 : Operation 1379 [1/1] (0.78ns)   --->   "%add_ln840_563 = add i6 %zext_ln840_643, i6 %zext_ln840_628"   --->   Operation 1379 'add' 'add_ln840_563' <Predicate = true> <Delay = 0.78> <CoreInst = "Adder">   --->   Core 1 'Adder' <Latency = 0> <II = 1> <Delay = 0.78> <FuncUnit> <Opcode : 'add' 'sub'> <InPorts = 2> <OutPorts = 1>
ST_1 : Operation 1380 [1/1] (0.00ns)   --->   "%zext_ln840_644 = zext i6 %add_ln840_563"   --->   Operation 1380 'zext' 'zext_ln840_644' <Predicate = true> <Delay = 0.00>
ST_1 : Operation 1381 [1/1] (0.00ns) (grouped into TernaryAdder)   --->   "%add_ln840_564 = add i2 %zext_ln840_215, i2 %zext_ln840_44"   --->   Operation 1381 'add' 'add_ln840_564' <Predicate = true> <Delay = 0.00> <CoreInst = "TAddSub">   --->   Core 10 'TAddSub' <Latency = 0> <II = 1> <Delay = 0.23> <IPBlock> <Opcode : 'add' 'sub'> <InPorts = 3> <OutPorts = 1> <Sync> <CReg>
ST_1 : Operation 1382 [1/1] (0.14ns) (root node of TernaryAdder)   --->   "%add_ln840_565 = add i2 %add_ln840_564, i2 %zext_ln840_40"   --->   Operation 1382 'add' 'add_ln840_565' <Predicate = true> <Delay = 0.14> <CoreInst = "TAddSub">   --->   Core 10 'TAddSub' <Latency = 0> <II = 1> <Delay = 0.23> <IPBlock> <Opcode : 'add' 'sub'> <InPorts = 3> <OutPorts = 1> <Sync> <CReg>
ST_1 : Operation 1383 [1/1] (0.00ns)   --->   "%zext_ln840_645 = zext i2 %add_ln840_565"   --->   Operation 1383 'zext' 'zext_ln840_645' <Predicate = true> <Delay = 0.00>
ST_1 : Operation 1384 [1/1] (0.54ns)   --->   "%add_ln840_566 = add i3 %zext_ln840_645, i3 %zext_ln840_402"   --->   Operation 1384 'add' 'add_ln840_566' <Predicate = true> <Delay = 0.54> <CoreInst = "Adder">   --->   Core 1 'Adder' <Latency = 0> <II = 1> <Delay = 0.54> <FuncUnit> <Opcode : 'add' 'sub'> <InPorts = 2> <OutPorts = 1>
ST_1 : Operation 1385 [1/1] (0.00ns)   --->   "%zext_ln840_646 = zext i3 %add_ln840_566"   --->   Operation 1385 'zext' 'zext_ln840_646' <Predicate = true> <Delay = 0.00>
ST_1 : Operation 1386 [1/1] (0.54ns)   --->   "%add_ln840_567 = add i2 %zext_ln840_217, i2 %zext_ln840_56"   --->   Operation 1386 'add' 'add_ln840_567' <Predicate = true> <Delay = 0.54> <CoreInst = "Adder">   --->   Core 1 'Adder' <Latency = 0> <II = 1> <Delay = 0.54> <FuncUnit> <Opcode : 'add' 'sub'> <InPorts = 2> <OutPorts = 1>
ST_1 : Operation 1387 [1/1] (0.00ns)   --->   "%zext_ln840_647 = zext i2 %add_ln840_567"   --->   Operation 1387 'zext' 'zext_ln840_647' <Predicate = true> <Delay = 0.00>
ST_1 : Operation 1388 [1/1] (0.54ns)   --->   "%add_ln840_568 = add i2 %add_ln840_356, i2 %zext_ln840_219"   --->   Operation 1388 'add' 'add_ln840_568' <Predicate = true> <Delay = 0.54> <CoreInst = "Adder">   --->   Core 1 'Adder' <Latency = 0> <II = 1> <Delay = 0.54> <FuncUnit> <Opcode : 'add' 'sub'> <InPorts = 2> <OutPorts = 1>
ST_1 : Operation 1389 [1/1] (0.00ns)   --->   "%zext_ln840_648 = zext i2 %add_ln840_568"   --->   Operation 1389 'zext' 'zext_ln840_648' <Predicate = true> <Delay = 0.00>
ST_1 : Operation 1390 [1/1] (0.54ns)   --->   "%add_ln840_569 = add i3 %zext_ln840_648, i3 %zext_ln840_647"   --->   Operation 1390 'add' 'add_ln840_569' <Predicate = true> <Delay = 0.54> <CoreInst = "Adder">   --->   Core 1 'Adder' <Latency = 0> <II = 1> <Delay = 0.54> <FuncUnit> <Opcode : 'add' 'sub'> <InPorts = 2> <OutPorts = 1>
ST_1 : Operation 1391 [1/1] (0.00ns)   --->   "%zext_ln840_649 = zext i3 %add_ln840_569"   --->   Operation 1391 'zext' 'zext_ln840_649' <Predicate = true> <Delay = 0.00>
ST_1 : Operation 1392 [1/1] (0.67ns)   --->   "%add_ln840_570 = add i4 %zext_ln840_649, i4 %zext_ln840_646"   --->   Operation 1392 'add' 'add_ln840_570' <Predicate = true> <Delay = 0.67> <CoreInst = "Adder">   --->   Core 1 'Adder' <Latency = 0> <II = 1> <Delay = 0.67> <FuncUnit> <Opcode : 'add' 'sub'> <InPorts = 2> <OutPorts = 1>
ST_1 : Operation 1393 [1/1] (0.00ns)   --->   "%zext_ln840_650 = zext i4 %add_ln840_570"   --->   Operation 1393 'zext' 'zext_ln840_650' <Predicate = true> <Delay = 0.00>
ST_1 : Operation 1394 [1/1] (0.54ns)   --->   "%add_ln840_571 = add i2 %zext_ln840_68, i2 %zext_ln840_301"   --->   Operation 1394 'add' 'add_ln840_571' <Predicate = true> <Delay = 0.54> <CoreInst = "Adder">   --->   Core 1 'Adder' <Latency = 0> <II = 1> <Delay = 0.54> <FuncUnit> <Opcode : 'add' 'sub'> <InPorts = 2> <OutPorts = 1>
ST_1 : Operation 1395 [1/1] (0.00ns)   --->   "%zext_ln840_651 = zext i2 %add_ln840_571"   --->   Operation 1395 'zext' 'zext_ln840_651' <Predicate = true> <Delay = 0.00>
ST_1 : Operation 1396 [1/1] (0.54ns)   --->   "%add_ln840_572 = add i2 %add_ln840_503, i2 %zext_ln840_72"   --->   Operation 1396 'add' 'add_ln840_572' <Predicate = true> <Delay = 0.54> <CoreInst = "Adder">   --->   Core 1 'Adder' <Latency = 0> <II = 1> <Delay = 0.54> <FuncUnit> <Opcode : 'add' 'sub'> <InPorts = 2> <OutPorts = 1>
ST_1 : Operation 1397 [1/1] (0.00ns)   --->   "%zext_ln840_652 = zext i2 %add_ln840_572"   --->   Operation 1397 'zext' 'zext_ln840_652' <Predicate = true> <Delay = 0.00>
ST_1 : Operation 1398 [1/1] (0.54ns)   --->   "%add_ln840_573 = add i3 %zext_ln840_652, i3 %zext_ln840_651"   --->   Operation 1398 'add' 'add_ln840_573' <Predicate = true> <Delay = 0.54> <CoreInst = "Adder">   --->   Core 1 'Adder' <Latency = 0> <II = 1> <Delay = 0.54> <FuncUnit> <Opcode : 'add' 'sub'> <InPorts = 2> <OutPorts = 1>
ST_1 : Operation 1399 [1/1] (0.00ns)   --->   "%zext_ln840_653 = zext i3 %add_ln840_573"   --->   Operation 1399 'zext' 'zext_ln840_653' <Predicate = true> <Delay = 0.00>
ST_1 : Operation 1400 [1/1] (0.54ns)   --->   "%add_ln840_574 = add i2 %zext_ln840_78, i2 %zext_ln840_82"   --->   Operation 1400 'add' 'add_ln840_574' <Predicate = true> <Delay = 0.54> <CoreInst = "Adder">   --->   Core 1 'Adder' <Latency = 0> <II = 1> <Delay = 0.54> <FuncUnit> <Opcode : 'add' 'sub'> <InPorts = 2> <OutPorts = 1>
ST_1 : Operation 1401 [1/1] (0.00ns)   --->   "%zext_ln840_654 = zext i2 %add_ln840_574"   --->   Operation 1401 'zext' 'zext_ln840_654' <Predicate = true> <Delay = 0.00>
ST_1 : Operation 1402 [1/1] (0.54ns)   --->   "%add_ln840_575 = add i2 %zext_ln840_89, i2 %zext_ln840_91"   --->   Operation 1402 'add' 'add_ln840_575' <Predicate = true> <Delay = 0.54> <CoreInst = "Adder">   --->   Core 1 'Adder' <Latency = 0> <II = 1> <Delay = 0.54> <FuncUnit> <Opcode : 'add' 'sub'> <InPorts = 2> <OutPorts = 1>
ST_1 : Operation 1403 [1/1] (0.54ns)   --->   "%add_ln840_576 = add i2 %add_ln840_575, i2 %zext_ln840_221"   --->   Operation 1403 'add' 'add_ln840_576' <Predicate = true> <Delay = 0.54> <CoreInst = "Adder">   --->   Core 1 'Adder' <Latency = 0> <II = 1> <Delay = 0.54> <FuncUnit> <Opcode : 'add' 'sub'> <InPorts = 2> <OutPorts = 1>
ST_1 : Operation 1404 [1/1] (0.00ns)   --->   "%zext_ln840_655 = zext i2 %add_ln840_576"   --->   Operation 1404 'zext' 'zext_ln840_655' <Predicate = true> <Delay = 0.00>
ST_1 : Operation 1405 [1/1] (0.54ns)   --->   "%add_ln840_577 = add i3 %zext_ln840_655, i3 %zext_ln840_654"   --->   Operation 1405 'add' 'add_ln840_577' <Predicate = true> <Delay = 0.54> <CoreInst = "Adder">   --->   Core 1 'Adder' <Latency = 0> <II = 1> <Delay = 0.54> <FuncUnit> <Opcode : 'add' 'sub'> <InPorts = 2> <OutPorts = 1>
ST_1 : Operation 1406 [1/1] (0.00ns)   --->   "%zext_ln840_656 = zext i3 %add_ln840_577"   --->   Operation 1406 'zext' 'zext_ln840_656' <Predicate = true> <Delay = 0.00>
ST_1 : Operation 1407 [1/1] (0.67ns)   --->   "%add_ln840_578 = add i4 %zext_ln840_656, i4 %zext_ln840_653"   --->   Operation 1407 'add' 'add_ln840_578' <Predicate = true> <Delay = 0.67> <CoreInst = "Adder">   --->   Core 1 'Adder' <Latency = 0> <II = 1> <Delay = 0.67> <FuncUnit> <Opcode : 'add' 'sub'> <InPorts = 2> <OutPorts = 1>
ST_1 : Operation 1408 [1/1] (0.00ns)   --->   "%zext_ln840_657 = zext i4 %add_ln840_578"   --->   Operation 1408 'zext' 'zext_ln840_657' <Predicate = true> <Delay = 0.00>
ST_1 : Operation 1409 [1/1] (0.79ns)   --->   "%add_ln840_579 = add i5 %zext_ln840_657, i5 %zext_ln840_650"   --->   Operation 1409 'add' 'add_ln840_579' <Predicate = true> <Delay = 0.79> <CoreInst = "Adder">   --->   Core 1 'Adder' <Latency = 0> <II = 1> <Delay = 0.79> <FuncUnit> <Opcode : 'add' 'sub'> <InPorts = 2> <OutPorts = 1>
ST_1 : Operation 1410 [1/1] (0.00ns)   --->   "%zext_ln840_658 = zext i5 %add_ln840_579"   --->   Operation 1410 'zext' 'zext_ln840_658' <Predicate = true> <Delay = 0.00>
ST_1 : Operation 1411 [1/1] (0.54ns)   --->   "%add_ln840_580 = add i2 %zext_ln840_93, i2 %zext_ln840_95"   --->   Operation 1411 'add' 'add_ln840_580' <Predicate = true> <Delay = 0.54> <CoreInst = "Adder">   --->   Core 1 'Adder' <Latency = 0> <II = 1> <Delay = 0.54> <FuncUnit> <Opcode : 'add' 'sub'> <InPorts = 2> <OutPorts = 1>
ST_1 : Operation 1412 [1/1] (0.00ns)   --->   "%zext_ln840_659 = zext i2 %add_ln840_580"   --->   Operation 1412 'zext' 'zext_ln840_659' <Predicate = true> <Delay = 0.00>
ST_1 : Operation 1413 [1/1] (0.54ns)   --->   "%add_ln840_581 = add i2 %add_ln840_511, i2 %zext_ln840_99"   --->   Operation 1413 'add' 'add_ln840_581' <Predicate = true> <Delay = 0.54> <CoreInst = "Adder">   --->   Core 1 'Adder' <Latency = 0> <II = 1> <Delay = 0.54> <FuncUnit> <Opcode : 'add' 'sub'> <InPorts = 2> <OutPorts = 1>
ST_1 : Operation 1414 [1/1] (0.00ns)   --->   "%zext_ln840_660 = zext i2 %add_ln840_581"   --->   Operation 1414 'zext' 'zext_ln840_660' <Predicate = true> <Delay = 0.00>
ST_1 : Operation 1415 [1/1] (0.54ns)   --->   "%add_ln840_582 = add i3 %zext_ln840_660, i3 %zext_ln840_659"   --->   Operation 1415 'add' 'add_ln840_582' <Predicate = true> <Delay = 0.54> <CoreInst = "Adder">   --->   Core 1 'Adder' <Latency = 0> <II = 1> <Delay = 0.54> <FuncUnit> <Opcode : 'add' 'sub'> <InPorts = 2> <OutPorts = 1>
ST_1 : Operation 1416 [1/1] (0.00ns)   --->   "%zext_ln840_661 = zext i3 %add_ln840_582"   --->   Operation 1416 'zext' 'zext_ln840_661' <Predicate = true> <Delay = 0.00>
ST_1 : Operation 1417 [1/1] (0.54ns)   --->   "%add_ln840_583 = add i2 %add_ln840_71, i2 %zext_ln840_107"   --->   Operation 1417 'add' 'add_ln840_583' <Predicate = true> <Delay = 0.54> <CoreInst = "Adder">   --->   Core 1 'Adder' <Latency = 0> <II = 1> <Delay = 0.54> <FuncUnit> <Opcode : 'add' 'sub'> <InPorts = 2> <OutPorts = 1>
ST_1 : Operation 1418 [1/1] (0.00ns)   --->   "%zext_ln840_662 = zext i2 %add_ln840_583"   --->   Operation 1418 'zext' 'zext_ln840_662' <Predicate = true> <Delay = 0.00>
ST_1 : Operation 1419 [1/1] (0.54ns)   --->   "%add_ln840_584 = add i3 %zext_ln840_662, i3 %zext_ln840_417"   --->   Operation 1419 'add' 'add_ln840_584' <Predicate = true> <Delay = 0.54> <CoreInst = "Adder">   --->   Core 1 'Adder' <Latency = 0> <II = 1> <Delay = 0.54> <FuncUnit> <Opcode : 'add' 'sub'> <InPorts = 2> <OutPorts = 1>
ST_1 : Operation 1420 [1/1] (0.00ns)   --->   "%zext_ln840_663 = zext i3 %add_ln840_584"   --->   Operation 1420 'zext' 'zext_ln840_663' <Predicate = true> <Delay = 0.00>
ST_1 : Operation 1421 [1/1] (0.67ns)   --->   "%add_ln840_585 = add i4 %zext_ln840_663, i4 %zext_ln840_661"   --->   Operation 1421 'add' 'add_ln840_585' <Predicate = true> <Delay = 0.67> <CoreInst = "Adder">   --->   Core 1 'Adder' <Latency = 0> <II = 1> <Delay = 0.67> <FuncUnit> <Opcode : 'add' 'sub'> <InPorts = 2> <OutPorts = 1>
ST_1 : Operation 1422 [1/1] (0.00ns)   --->   "%zext_ln840_664 = zext i4 %add_ln840_585"   --->   Operation 1422 'zext' 'zext_ln840_664' <Predicate = true> <Delay = 0.00>
ST_1 : Operation 1423 [1/1] (0.54ns)   --->   "%add_ln840_586 = add i3 %zext_ln840_357, i3 %zext_ln840_544"   --->   Operation 1423 'add' 'add_ln840_586' <Predicate = true> <Delay = 0.54> <CoreInst = "Adder">   --->   Core 1 'Adder' <Latency = 0> <II = 1> <Delay = 0.54> <FuncUnit> <Opcode : 'add' 'sub'> <InPorts = 2> <OutPorts = 1>
ST_1 : Operation 1424 [1/1] (0.00ns)   --->   "%zext_ln840_665 = zext i3 %add_ln840_586"   --->   Operation 1424 'zext' 'zext_ln840_665' <Predicate = true> <Delay = 0.00>
ST_1 : Operation 1425 [1/1] (0.00ns)   --->   "%zext_ln840_666 = zext i2 %add_ln840_445"   --->   Operation 1425 'zext' 'zext_ln840_666' <Predicate = true> <Delay = 0.00>
ST_1 : Operation 1426 [1/1] (0.00ns) (grouped into TernaryAdder)   --->   "%add_ln840_587 = add i3 %zext_ln840_138, i3 %add_ln840_525"   --->   Operation 1426 'add' 'add_ln840_587' <Predicate = true> <Delay = 0.00> <CoreInst = "TAddSub">   --->   Core 10 'TAddSub' <Latency = 0> <II = 1> <Delay = 0.23> <IPBlock> <Opcode : 'add' 'sub'> <InPorts = 3> <OutPorts = 1> <Sync> <CReg>
ST_1 : Operation 1427 [1/1] (0.30ns) (root node of TernaryAdder)   --->   "%add_ln840_588 = add i3 %add_ln840_587, i3 %zext_ln840_231"   --->   Operation 1427 'add' 'add_ln840_588' <Predicate = true> <Delay = 0.30> <CoreInst = "TAddSub">   --->   Core 10 'TAddSub' <Latency = 0> <II = 1> <Delay = 0.23> <IPBlock> <Opcode : 'add' 'sub'> <InPorts = 3> <OutPorts = 1> <Sync> <CReg>
ST_1 : Operation 1428 [1/1] (0.00ns)   --->   "%zext_ln840_667 = zext i3 %add_ln840_588"   --->   Operation 1428 'zext' 'zext_ln840_667' <Predicate = true> <Delay = 0.00>
ST_1 : Operation 1429 [1/1] (0.00ns) (grouped into TernaryAdder)   --->   "%add_ln840_589 = add i4 %zext_ln840_667, i4 %zext_ln840_666"   --->   Operation 1429 'add' 'add_ln840_589' <Predicate = true> <Delay = 0.00> <CoreInst = "TAddSub">   --->   Core 10 'TAddSub' <Latency = 0> <II = 1> <Delay = 0.23> <IPBlock> <Opcode : 'add' 'sub'> <InPorts = 3> <OutPorts = 1> <Sync> <CReg>
ST_1 : Operation 1430 [1/1] (0.46ns) (root node of TernaryAdder)   --->   "%add_ln840_590 = add i4 %add_ln840_589, i4 %zext_ln840_665"   --->   Operation 1430 'add' 'add_ln840_590' <Predicate = true> <Delay = 0.46> <CoreInst = "TAddSub">   --->   Core 10 'TAddSub' <Latency = 0> <II = 1> <Delay = 0.23> <IPBlock> <Opcode : 'add' 'sub'> <InPorts = 3> <OutPorts = 1> <Sync> <CReg>
ST_1 : Operation 1431 [1/1] (0.00ns)   --->   "%zext_ln840_668 = zext i4 %add_ln840_590"   --->   Operation 1431 'zext' 'zext_ln840_668' <Predicate = true> <Delay = 0.00>
ST_1 : Operation 1432 [1/1] (0.79ns)   --->   "%add_ln840_591 = add i5 %zext_ln840_668, i5 %zext_ln840_664"   --->   Operation 1432 'add' 'add_ln840_591' <Predicate = true> <Delay = 0.79> <CoreInst = "Adder">   --->   Core 1 'Adder' <Latency = 0> <II = 1> <Delay = 0.79> <FuncUnit> <Opcode : 'add' 'sub'> <InPorts = 2> <OutPorts = 1>
ST_1 : Operation 1433 [1/1] (0.00ns)   --->   "%zext_ln840_669 = zext i5 %add_ln840_591"   --->   Operation 1433 'zext' 'zext_ln840_669' <Predicate = true> <Delay = 0.00>
ST_1 : Operation 1434 [1/1] (0.78ns)   --->   "%add_ln840_592 = add i6 %zext_ln840_669, i6 %zext_ln840_658"   --->   Operation 1434 'add' 'add_ln840_592' <Predicate = true> <Delay = 0.78> <CoreInst = "Adder">   --->   Core 1 'Adder' <Latency = 0> <II = 1> <Delay = 0.78> <FuncUnit> <Opcode : 'add' 'sub'> <InPorts = 2> <OutPorts = 1>
ST_1 : Operation 1435 [1/1] (0.00ns)   --->   "%zext_ln840_670 = zext i6 %add_ln840_592"   --->   Operation 1435 'zext' 'zext_ln840_670' <Predicate = true> <Delay = 0.00>
ST_1 : Operation 1436 [1/1] (0.78ns)   --->   "%add_ln840_593 = add i7 %zext_ln840_670, i7 %zext_ln840_644"   --->   Operation 1436 'add' 'add_ln840_593' <Predicate = true> <Delay = 0.78> <CoreInst = "Adder">   --->   Core 1 'Adder' <Latency = 0> <II = 1> <Delay = 0.78> <FuncUnit> <Opcode : 'add' 'sub'> <InPorts = 2> <OutPorts = 1>
ST_1 : Operation 1437 [1/1] (0.00ns)   --->   "%zext_ln840_671 = zext i7 %add_ln840_593"   --->   Operation 1437 'zext' 'zext_ln840_671' <Predicate = true> <Delay = 0.00>
ST_1 : Operation 1438 [1/1] (0.54ns)   --->   "%add_ln840_594 = add i2 %zext_ln840_10, i2 %zext_ln840_8"   --->   Operation 1438 'add' 'add_ln840_594' <Predicate = true> <Delay = 0.54> <CoreInst = "Adder">   --->   Core 1 'Adder' <Latency = 0> <II = 1> <Delay = 0.54> <FuncUnit> <Opcode : 'add' 'sub'> <InPorts = 2> <OutPorts = 1>
ST_1 : Operation 1439 [1/1] (0.00ns)   --->   "%zext_ln840_672 = zext i2 %add_ln840_594"   --->   Operation 1439 'zext' 'zext_ln840_672' <Predicate = true> <Delay = 0.00>
ST_1 : Operation 1440 [1/1] (0.54ns)   --->   "%add_ln840_595 = add i2 %zext_ln840_7, i2 %zext_ln840_17"   --->   Operation 1440 'add' 'add_ln840_595' <Predicate = true> <Delay = 0.54> <CoreInst = "Adder">   --->   Core 1 'Adder' <Latency = 0> <II = 1> <Delay = 0.54> <FuncUnit> <Opcode : 'add' 'sub'> <InPorts = 2> <OutPorts = 1>
ST_1 : Operation 1441 [1/1] (0.00ns)   --->   "%zext_ln840_673 = zext i2 %add_ln840_595"   --->   Operation 1441 'zext' 'zext_ln840_673' <Predicate = true> <Delay = 0.00>
ST_1 : Operation 1442 [1/1] (0.54ns)   --->   "%add_ln840_596 = add i3 %zext_ln840_673, i3 %zext_ln840_672"   --->   Operation 1442 'add' 'add_ln840_596' <Predicate = true> <Delay = 0.54> <CoreInst = "Adder">   --->   Core 1 'Adder' <Latency = 0> <II = 1> <Delay = 0.54> <FuncUnit> <Opcode : 'add' 'sub'> <InPorts = 2> <OutPorts = 1>
ST_1 : Operation 1443 [1/1] (0.00ns)   --->   "%zext_ln840_674 = zext i3 %add_ln840_596"   --->   Operation 1443 'zext' 'zext_ln840_674' <Predicate = true> <Delay = 0.00>
ST_1 : Operation 1444 [1/1] (0.54ns)   --->   "%add_ln840_597 = add i2 %add_ln840_249, i2 %zext_ln840_24"   --->   Operation 1444 'add' 'add_ln840_597' <Predicate = true> <Delay = 0.54> <CoreInst = "Adder">   --->   Core 1 'Adder' <Latency = 0> <II = 1> <Delay = 0.54> <FuncUnit> <Opcode : 'add' 'sub'> <InPorts = 2> <OutPorts = 1>
ST_1 : Operation 1445 [1/1] (0.00ns)   --->   "%zext_ln840_675 = zext i2 %add_ln840_597"   --->   Operation 1445 'zext' 'zext_ln840_675' <Predicate = true> <Delay = 0.00>
ST_1 : Operation 1446 [1/1] (0.54ns)   --->   "%add_ln840_598 = add i3 %zext_ln840_675, i3 %zext_ln840_371"   --->   Operation 1446 'add' 'add_ln840_598' <Predicate = true> <Delay = 0.54> <CoreInst = "Adder">   --->   Core 1 'Adder' <Latency = 0> <II = 1> <Delay = 0.54> <FuncUnit> <Opcode : 'add' 'sub'> <InPorts = 2> <OutPorts = 1>
ST_1 : Operation 1447 [1/1] (0.00ns)   --->   "%zext_ln840_676 = zext i3 %add_ln840_598"   --->   Operation 1447 'zext' 'zext_ln840_676' <Predicate = true> <Delay = 0.00>
ST_1 : Operation 1448 [1/1] (0.67ns)   --->   "%add_ln840_599 = add i4 %zext_ln840_676, i4 %zext_ln840_674"   --->   Operation 1448 'add' 'add_ln840_599' <Predicate = true> <Delay = 0.67> <CoreInst = "Adder">   --->   Core 1 'Adder' <Latency = 0> <II = 1> <Delay = 0.67> <FuncUnit> <Opcode : 'add' 'sub'> <InPorts = 2> <OutPorts = 1>
ST_1 : Operation 1449 [1/1] (0.00ns)   --->   "%zext_ln840_677 = zext i4 %add_ln840_599"   --->   Operation 1449 'zext' 'zext_ln840_677' <Predicate = true> <Delay = 0.00>
ST_1 : Operation 1450 [1/1] (0.54ns)   --->   "%add_ln840_600 = add i2 %zext_ln840_41, i2 %zext_ln840_42"   --->   Operation 1450 'add' 'add_ln840_600' <Predicate = true> <Delay = 0.54> <CoreInst = "Adder">   --->   Core 1 'Adder' <Latency = 0> <II = 1> <Delay = 0.54> <FuncUnit> <Opcode : 'add' 'sub'> <InPorts = 2> <OutPorts = 1>
ST_1 : Operation 1451 [1/1] (0.00ns)   --->   "%zext_ln840_678 = zext i2 %add_ln840_600"   --->   Operation 1451 'zext' 'zext_ln840_678' <Predicate = true> <Delay = 0.00>
ST_1 : Operation 1452 [1/1] (0.00ns) (grouped into TernaryAdder)   --->   "%add_ln840_601 = add i2 %zext_ln840_51, i2 %zext_ln840_59"   --->   Operation 1452 'add' 'add_ln840_601' <Predicate = true> <Delay = 0.00> <CoreInst = "TAddSub">   --->   Core 10 'TAddSub' <Latency = 0> <II = 1> <Delay = 0.23> <IPBlock> <Opcode : 'add' 'sub'> <InPorts = 3> <OutPorts = 1> <Sync> <CReg>
ST_1 : Operation 1453 [1/1] (0.14ns) (root node of TernaryAdder)   --->   "%add_ln840_602 = add i2 %add_ln840_601, i2 %zext_ln840_50"   --->   Operation 1453 'add' 'add_ln840_602' <Predicate = true> <Delay = 0.14> <CoreInst = "TAddSub">   --->   Core 10 'TAddSub' <Latency = 0> <II = 1> <Delay = 0.23> <IPBlock> <Opcode : 'add' 'sub'> <InPorts = 3> <OutPorts = 1> <Sync> <CReg>
ST_1 : Operation 1454 [1/1] (0.00ns)   --->   "%zext_ln840_679 = zext i2 %add_ln840_602"   --->   Operation 1454 'zext' 'zext_ln840_679' <Predicate = true> <Delay = 0.00>
ST_1 : Operation 1455 [1/1] (0.54ns)   --->   "%add_ln840_603 = add i3 %zext_ln840_679, i3 %zext_ln840_678"   --->   Operation 1455 'add' 'add_ln840_603' <Predicate = true> <Delay = 0.54> <CoreInst = "Adder">   --->   Core 1 'Adder' <Latency = 0> <II = 1> <Delay = 0.54> <FuncUnit> <Opcode : 'add' 'sub'> <InPorts = 2> <OutPorts = 1>
ST_1 : Operation 1456 [1/1] (0.00ns)   --->   "%zext_ln840_680 = zext i3 %add_ln840_603"   --->   Operation 1456 'zext' 'zext_ln840_680' <Predicate = true> <Delay = 0.00>
ST_1 : Operation 1457 [1/1] (0.54ns)   --->   "%add_ln840_604 = add i2 %zext_ln840_60, i2 %zext_ln840_62"   --->   Operation 1457 'add' 'add_ln840_604' <Predicate = true> <Delay = 0.54> <CoreInst = "Adder">   --->   Core 1 'Adder' <Latency = 0> <II = 1> <Delay = 0.54> <FuncUnit> <Opcode : 'add' 'sub'> <InPorts = 2> <OutPorts = 1>
ST_1 : Operation 1458 [1/1] (0.00ns)   --->   "%zext_ln840_681 = zext i2 %add_ln840_604"   --->   Operation 1458 'zext' 'zext_ln840_681' <Predicate = true> <Delay = 0.00>
ST_1 : Operation 1459 [1/1] (0.00ns) (grouped into TernaryAdder)   --->   "%add_ln840_605 = add i2 %zext_ln840_67, i2 %zext_ln840_70"   --->   Operation 1459 'add' 'add_ln840_605' <Predicate = true> <Delay = 0.00> <CoreInst = "TAddSub">   --->   Core 10 'TAddSub' <Latency = 0> <II = 1> <Delay = 0.23> <IPBlock> <Opcode : 'add' 'sub'> <InPorts = 3> <OutPorts = 1> <Sync> <CReg>
ST_1 : Operation 1460 [1/1] (0.14ns) (root node of TernaryAdder)   --->   "%add_ln840_606 = add i2 %add_ln840_605, i2 %zext_ln840_64"   --->   Operation 1460 'add' 'add_ln840_606' <Predicate = true> <Delay = 0.14> <CoreInst = "TAddSub">   --->   Core 10 'TAddSub' <Latency = 0> <II = 1> <Delay = 0.23> <IPBlock> <Opcode : 'add' 'sub'> <InPorts = 3> <OutPorts = 1> <Sync> <CReg>
ST_1 : Operation 1461 [1/1] (0.00ns)   --->   "%zext_ln840_682 = zext i2 %add_ln840_606"   --->   Operation 1461 'zext' 'zext_ln840_682' <Predicate = true> <Delay = 0.00>
ST_1 : Operation 1462 [1/1] (0.54ns)   --->   "%add_ln840_607 = add i3 %zext_ln840_682, i3 %zext_ln840_681"   --->   Operation 1462 'add' 'add_ln840_607' <Predicate = true> <Delay = 0.54> <CoreInst = "Adder">   --->   Core 1 'Adder' <Latency = 0> <II = 1> <Delay = 0.54> <FuncUnit> <Opcode : 'add' 'sub'> <InPorts = 2> <OutPorts = 1>
ST_1 : Operation 1463 [1/1] (0.00ns)   --->   "%zext_ln840_683 = zext i3 %add_ln840_607"   --->   Operation 1463 'zext' 'zext_ln840_683' <Predicate = true> <Delay = 0.00>
ST_1 : Operation 1464 [1/1] (0.67ns)   --->   "%add_ln840_608 = add i4 %zext_ln840_683, i4 %zext_ln840_680"   --->   Operation 1464 'add' 'add_ln840_608' <Predicate = true> <Delay = 0.67> <CoreInst = "Adder">   --->   Core 1 'Adder' <Latency = 0> <II = 1> <Delay = 0.67> <FuncUnit> <Opcode : 'add' 'sub'> <InPorts = 2> <OutPorts = 1>
ST_1 : Operation 1465 [1/1] (0.00ns)   --->   "%zext_ln840_684 = zext i4 %add_ln840_608"   --->   Operation 1465 'zext' 'zext_ln840_684' <Predicate = true> <Delay = 0.00>
ST_1 : Operation 1466 [1/1] (0.79ns)   --->   "%add_ln840_609 = add i5 %zext_ln840_684, i5 %zext_ln840_677"   --->   Operation 1466 'add' 'add_ln840_609' <Predicate = true> <Delay = 0.79> <CoreInst = "Adder">   --->   Core 1 'Adder' <Latency = 0> <II = 1> <Delay = 0.79> <FuncUnit> <Opcode : 'add' 'sub'> <InPorts = 2> <OutPorts = 1>
ST_1 : Operation 1467 [1/1] (0.00ns)   --->   "%zext_ln840_685 = zext i5 %add_ln840_609"   --->   Operation 1467 'zext' 'zext_ln840_685' <Predicate = true> <Delay = 0.00>
ST_1 : Operation 1468 [1/1] (0.00ns)   --->   "%zext_ln840_686 = zext i2 %add_ln840_176"   --->   Operation 1468 'zext' 'zext_ln840_686' <Predicate = true> <Delay = 0.00>
ST_1 : Operation 1469 [1/1] (0.00ns) (grouped into TernaryAdder)   --->   "%add_ln840_610 = add i2 %zext_ln840_81, i2 %zext_ln840_84"   --->   Operation 1469 'add' 'add_ln840_610' <Predicate = true> <Delay = 0.00> <CoreInst = "TAddSub">   --->   Core 10 'TAddSub' <Latency = 0> <II = 1> <Delay = 0.23> <IPBlock> <Opcode : 'add' 'sub'> <InPorts = 3> <OutPorts = 1> <Sync> <CReg>
ST_1 : Operation 1470 [1/1] (0.14ns) (root node of TernaryAdder)   --->   "%add_ln840_611 = add i2 %add_ln840_610, i2 %zext_ln840_75"   --->   Operation 1470 'add' 'add_ln840_611' <Predicate = true> <Delay = 0.14> <CoreInst = "TAddSub">   --->   Core 10 'TAddSub' <Latency = 0> <II = 1> <Delay = 0.23> <IPBlock> <Opcode : 'add' 'sub'> <InPorts = 3> <OutPorts = 1> <Sync> <CReg>
ST_1 : Operation 1471 [1/1] (0.00ns)   --->   "%zext_ln840_687 = zext i2 %add_ln840_611"   --->   Operation 1471 'zext' 'zext_ln840_687' <Predicate = true> <Delay = 0.00>
ST_1 : Operation 1472 [1/1] (0.54ns)   --->   "%add_ln840_612 = add i3 %zext_ln840_687, i3 %zext_ln840_686"   --->   Operation 1472 'add' 'add_ln840_612' <Predicate = true> <Delay = 0.54> <CoreInst = "Adder">   --->   Core 1 'Adder' <Latency = 0> <II = 1> <Delay = 0.54> <FuncUnit> <Opcode : 'add' 'sub'> <InPorts = 2> <OutPorts = 1>
ST_1 : Operation 1473 [1/1] (0.00ns)   --->   "%zext_ln840_688 = zext i3 %add_ln840_612"   --->   Operation 1473 'zext' 'zext_ln840_688' <Predicate = true> <Delay = 0.00>
ST_1 : Operation 1474 [1/1] (0.00ns)   --->   "%zext_ln840_689 = zext i2 %add_ln840_182"   --->   Operation 1474 'zext' 'zext_ln840_689' <Predicate = true> <Delay = 0.00>
ST_1 : Operation 1475 [1/1] (0.00ns) (grouped into TernaryAdder)   --->   "%add_ln840_613 = add i2 %zext_ln840_106, i2 %zext_ln840_110"   --->   Operation 1475 'add' 'add_ln840_613' <Predicate = true> <Delay = 0.00> <CoreInst = "TAddSub">   --->   Core 10 'TAddSub' <Latency = 0> <II = 1> <Delay = 0.23> <IPBlock> <Opcode : 'add' 'sub'> <InPorts = 3> <OutPorts = 1> <Sync> <CReg>
ST_1 : Operation 1476 [1/1] (0.14ns) (root node of TernaryAdder)   --->   "%add_ln840_614 = add i2 %add_ln840_613, i2 %zext_ln840_88"   --->   Operation 1476 'add' 'add_ln840_614' <Predicate = true> <Delay = 0.14> <CoreInst = "TAddSub">   --->   Core 10 'TAddSub' <Latency = 0> <II = 1> <Delay = 0.23> <IPBlock> <Opcode : 'add' 'sub'> <InPorts = 3> <OutPorts = 1> <Sync> <CReg>
ST_1 : Operation 1477 [1/1] (0.00ns)   --->   "%zext_ln840_690 = zext i2 %add_ln840_614"   --->   Operation 1477 'zext' 'zext_ln840_690' <Predicate = true> <Delay = 0.00>
ST_1 : Operation 1478 [1/1] (0.54ns)   --->   "%add_ln840_615 = add i3 %zext_ln840_690, i3 %zext_ln840_689"   --->   Operation 1478 'add' 'add_ln840_615' <Predicate = true> <Delay = 0.54> <CoreInst = "Adder">   --->   Core 1 'Adder' <Latency = 0> <II = 1> <Delay = 0.54> <FuncUnit> <Opcode : 'add' 'sub'> <InPorts = 2> <OutPorts = 1>
ST_1 : Operation 1479 [1/1] (0.00ns)   --->   "%zext_ln840_691 = zext i3 %add_ln840_615"   --->   Operation 1479 'zext' 'zext_ln840_691' <Predicate = true> <Delay = 0.00>
ST_1 : Operation 1480 [1/1] (0.67ns)   --->   "%add_ln840_616 = add i4 %zext_ln840_691, i4 %zext_ln840_688"   --->   Operation 1480 'add' 'add_ln840_616' <Predicate = true> <Delay = 0.67> <CoreInst = "Adder">   --->   Core 1 'Adder' <Latency = 0> <II = 1> <Delay = 0.67> <FuncUnit> <Opcode : 'add' 'sub'> <InPorts = 2> <OutPorts = 1>
ST_1 : Operation 1481 [1/1] (0.00ns)   --->   "%zext_ln840_692 = zext i4 %add_ln840_616"   --->   Operation 1481 'zext' 'zext_ln840_692' <Predicate = true> <Delay = 0.00>
ST_1 : Operation 1482 [1/1] (0.00ns) (grouped into TernaryAdder)   --->   "%add_ln840_617 = add i2 %zext_ln840_119, i2 %zext_ln840_126"   --->   Operation 1482 'add' 'add_ln840_617' <Predicate = true> <Delay = 0.00> <CoreInst = "TAddSub">   --->   Core 10 'TAddSub' <Latency = 0> <II = 1> <Delay = 0.23> <IPBlock> <Opcode : 'add' 'sub'> <InPorts = 3> <OutPorts = 1> <Sync> <CReg>
ST_1 : Operation 1483 [1/1] (0.14ns) (root node of TernaryAdder)   --->   "%add_ln840_618 = add i2 %add_ln840_617, i2 %zext_ln840_116"   --->   Operation 1483 'add' 'add_ln840_618' <Predicate = true> <Delay = 0.14> <CoreInst = "TAddSub">   --->   Core 10 'TAddSub' <Latency = 0> <II = 1> <Delay = 0.23> <IPBlock> <Opcode : 'add' 'sub'> <InPorts = 3> <OutPorts = 1> <Sync> <CReg>
ST_1 : Operation 1484 [1/1] (0.00ns)   --->   "%zext_ln840_693 = zext i2 %add_ln840_618"   --->   Operation 1484 'zext' 'zext_ln840_693' <Predicate = true> <Delay = 0.00>
ST_1 : Operation 1485 [1/1] (0.54ns)   --->   "%add_ln840_619 = add i3 %zext_ln840_693, i3 %zext_ln840_252"   --->   Operation 1485 'add' 'add_ln840_619' <Predicate = true> <Delay = 0.54> <CoreInst = "Adder">   --->   Core 1 'Adder' <Latency = 0> <II = 1> <Delay = 0.54> <FuncUnit> <Opcode : 'add' 'sub'> <InPorts = 2> <OutPorts = 1>
ST_1 : Operation 1486 [1/1] (0.00ns)   --->   "%zext_ln840_694 = zext i3 %add_ln840_619"   --->   Operation 1486 'zext' 'zext_ln840_694' <Predicate = true> <Delay = 0.00>
ST_1 : Operation 1487 [1/1] (0.00ns)   --->   "%zext_ln840_695 = zext i2 %add_ln840_106"   --->   Operation 1487 'zext' 'zext_ln840_695' <Predicate = true> <Delay = 0.00>
ST_1 : Operation 1488 [1/1] (0.54ns)   --->   "%add_ln840_620 = add i3 %zext_ln840_455, i3 %zext_ln840_695"   --->   Operation 1488 'add' 'add_ln840_620' <Predicate = true> <Delay = 0.54> <CoreInst = "Adder">   --->   Core 1 'Adder' <Latency = 0> <II = 1> <Delay = 0.54> <FuncUnit> <Opcode : 'add' 'sub'> <InPorts = 2> <OutPorts = 1>
ST_1 : Operation 1489 [1/1] (0.00ns)   --->   "%zext_ln840_696 = zext i3 %add_ln840_620"   --->   Operation 1489 'zext' 'zext_ln840_696' <Predicate = true> <Delay = 0.00>
ST_1 : Operation 1490 [1/1] (0.67ns)   --->   "%add_ln840_621 = add i4 %zext_ln840_696, i4 %zext_ln840_694"   --->   Operation 1490 'add' 'add_ln840_621' <Predicate = true> <Delay = 0.67> <CoreInst = "Adder">   --->   Core 1 'Adder' <Latency = 0> <II = 1> <Delay = 0.67> <FuncUnit> <Opcode : 'add' 'sub'> <InPorts = 2> <OutPorts = 1>
ST_1 : Operation 1491 [1/1] (0.00ns)   --->   "%zext_ln840_697 = zext i4 %add_ln840_621"   --->   Operation 1491 'zext' 'zext_ln840_697' <Predicate = true> <Delay = 0.00>
ST_1 : Operation 1492 [1/1] (0.79ns)   --->   "%add_ln840_622 = add i5 %zext_ln840_697, i5 %zext_ln840_692"   --->   Operation 1492 'add' 'add_ln840_622' <Predicate = true> <Delay = 0.79> <CoreInst = "Adder">   --->   Core 1 'Adder' <Latency = 0> <II = 1> <Delay = 0.79> <FuncUnit> <Opcode : 'add' 'sub'> <InPorts = 2> <OutPorts = 1>
ST_1 : Operation 1493 [1/1] (0.00ns)   --->   "%zext_ln840_698 = zext i5 %add_ln840_622"   --->   Operation 1493 'zext' 'zext_ln840_698' <Predicate = true> <Delay = 0.00>
ST_1 : Operation 1494 [1/1] (0.78ns)   --->   "%add_ln840_623 = add i6 %zext_ln840_698, i6 %zext_ln840_685"   --->   Operation 1494 'add' 'add_ln840_623' <Predicate = true> <Delay = 0.78> <CoreInst = "Adder">   --->   Core 1 'Adder' <Latency = 0> <II = 1> <Delay = 0.78> <FuncUnit> <Opcode : 'add' 'sub'> <InPorts = 2> <OutPorts = 1>
ST_1 : Operation 1495 [1/1] (0.00ns)   --->   "%zext_ln840_699 = zext i6 %add_ln840_623"   --->   Operation 1495 'zext' 'zext_ln840_699' <Predicate = true> <Delay = 0.00>
ST_1 : Operation 1496 [1/1] (0.54ns)   --->   "%add_ln840_624 = add i2 %add_ln840_115, i2 %zext_ln840_210"   --->   Operation 1496 'add' 'add_ln840_624' <Predicate = true> <Delay = 0.54> <CoreInst = "Adder">   --->   Core 1 'Adder' <Latency = 0> <II = 1> <Delay = 0.54> <FuncUnit> <Opcode : 'add' 'sub'> <InPorts = 2> <OutPorts = 1>
ST_1 : Operation 1497 [1/1] (0.00ns)   --->   "%zext_ln840_700 = zext i2 %add_ln840_624"   --->   Operation 1497 'zext' 'zext_ln840_700' <Predicate = true> <Delay = 0.00>
ST_1 : Operation 1498 [1/1] (0.54ns)   --->   "%add_ln840_625 = add i3 %zext_ln840_700, i3 %zext_ln840_171"   --->   Operation 1498 'add' 'add_ln840_625' <Predicate = true> <Delay = 0.54> <CoreInst = "Adder">   --->   Core 1 'Adder' <Latency = 0> <II = 1> <Delay = 0.54> <FuncUnit> <Opcode : 'add' 'sub'> <InPorts = 2> <OutPorts = 1>
ST_1 : Operation 1499 [1/1] (0.00ns)   --->   "%zext_ln840_701 = zext i3 %add_ln840_625"   --->   Operation 1499 'zext' 'zext_ln840_701' <Predicate = true> <Delay = 0.00>
ST_1 : Operation 1500 [1/1] (0.54ns)   --->   "%add_ln840_626 = add i2 %add_ln840_47, i2 %zext_ln840_40"   --->   Operation 1500 'add' 'add_ln840_626' <Predicate = true> <Delay = 0.54> <CoreInst = "Adder">   --->   Core 1 'Adder' <Latency = 0> <II = 1> <Delay = 0.54> <FuncUnit> <Opcode : 'add' 'sub'> <InPorts = 2> <OutPorts = 1>
ST_1 : Operation 1501 [1/1] (0.00ns)   --->   "%zext_ln840_702 = zext i2 %add_ln840_626"   --->   Operation 1501 'zext' 'zext_ln840_702' <Predicate = true> <Delay = 0.00>
ST_1 : Operation 1502 [1/1] (0.54ns)   --->   "%add_ln840_627 = add i3 %zext_ln840_702, i3 %zext_ln840_525"   --->   Operation 1502 'add' 'add_ln840_627' <Predicate = true> <Delay = 0.54> <CoreInst = "Adder">   --->   Core 1 'Adder' <Latency = 0> <II = 1> <Delay = 0.54> <FuncUnit> <Opcode : 'add' 'sub'> <InPorts = 2> <OutPorts = 1>
ST_1 : Operation 1503 [1/1] (0.00ns)   --->   "%zext_ln840_703 = zext i3 %add_ln840_627"   --->   Operation 1503 'zext' 'zext_ln840_703' <Predicate = true> <Delay = 0.00>
ST_1 : Operation 1504 [1/1] (0.67ns)   --->   "%add_ln840_628 = add i4 %zext_ln840_703, i4 %zext_ln840_701"   --->   Operation 1504 'add' 'add_ln840_628' <Predicate = true> <Delay = 0.67> <CoreInst = "Adder">   --->   Core 1 'Adder' <Latency = 0> <II = 1> <Delay = 0.67> <FuncUnit> <Opcode : 'add' 'sub'> <InPorts = 2> <OutPorts = 1>
ST_1 : Operation 1505 [1/1] (0.00ns)   --->   "%zext_ln840_704 = zext i4 %add_ln840_628"   --->   Operation 1505 'zext' 'zext_ln840_704' <Predicate = true> <Delay = 0.00>
ST_1 : Operation 1506 [1/1] (0.54ns)   --->   "%add_ln840_629 = add i2 %add_ln840_48, i2 %zext_ln840_218"   --->   Operation 1506 'add' 'add_ln840_629' <Predicate = true> <Delay = 0.54> <CoreInst = "Adder">   --->   Core 1 'Adder' <Latency = 0> <II = 1> <Delay = 0.54> <FuncUnit> <Opcode : 'add' 'sub'> <InPorts = 2> <OutPorts = 1>
ST_1 : Operation 1507 [1/1] (0.00ns)   --->   "%zext_ln840_705 = zext i2 %add_ln840_629"   --->   Operation 1507 'zext' 'zext_ln840_705' <Predicate = true> <Delay = 0.00>
ST_1 : Operation 1508 [1/1] (0.54ns)   --->   "%add_ln840_630 = add i3 %zext_ln840_705, i3 %zext_ln840_529"   --->   Operation 1508 'add' 'add_ln840_630' <Predicate = true> <Delay = 0.54> <CoreInst = "Adder">   --->   Core 1 'Adder' <Latency = 0> <II = 1> <Delay = 0.54> <FuncUnit> <Opcode : 'add' 'sub'> <InPorts = 2> <OutPorts = 1>
ST_1 : Operation 1509 [1/1] (0.00ns)   --->   "%zext_ln840_706 = zext i3 %add_ln840_630"   --->   Operation 1509 'zext' 'zext_ln840_706' <Predicate = true> <Delay = 0.00>
ST_1 : Operation 1510 [1/1] (0.54ns)   --->   "%add_ln840_631 = add i2 %zext_ln840_58, i2 %zext_ln840_220"   --->   Operation 1510 'add' 'add_ln840_631' <Predicate = true> <Delay = 0.54> <CoreInst = "Adder">   --->   Core 1 'Adder' <Latency = 0> <II = 1> <Delay = 0.54> <FuncUnit> <Opcode : 'add' 'sub'> <InPorts = 2> <OutPorts = 1>
ST_1 : Operation 1511 [1/1] (0.00ns)   --->   "%zext_ln840_707 = zext i2 %add_ln840_631"   --->   Operation 1511 'zext' 'zext_ln840_707' <Predicate = true> <Delay = 0.00>
ST_1 : Operation 1512 [1/1] (0.54ns)   --->   "%add_ln840_632 = add i2 %add_ln840_57, i2 %zext_ln840_300"   --->   Operation 1512 'add' 'add_ln840_632' <Predicate = true> <Delay = 0.54> <CoreInst = "Adder">   --->   Core 1 'Adder' <Latency = 0> <II = 1> <Delay = 0.54> <FuncUnit> <Opcode : 'add' 'sub'> <InPorts = 2> <OutPorts = 1>
ST_1 : Operation 1513 [1/1] (0.00ns)   --->   "%zext_ln840_708 = zext i2 %add_ln840_632"   --->   Operation 1513 'zext' 'zext_ln840_708' <Predicate = true> <Delay = 0.00>
ST_1 : Operation 1514 [1/1] (0.54ns)   --->   "%add_ln840_633 = add i3 %zext_ln840_708, i3 %zext_ln840_707"   --->   Operation 1514 'add' 'add_ln840_633' <Predicate = true> <Delay = 0.54> <CoreInst = "Adder">   --->   Core 1 'Adder' <Latency = 0> <II = 1> <Delay = 0.54> <FuncUnit> <Opcode : 'add' 'sub'> <InPorts = 2> <OutPorts = 1>
ST_1 : Operation 1515 [1/1] (0.00ns)   --->   "%zext_ln840_709 = zext i3 %add_ln840_633"   --->   Operation 1515 'zext' 'zext_ln840_709' <Predicate = true> <Delay = 0.00>
ST_1 : Operation 1516 [1/1] (0.67ns)   --->   "%add_ln840_634 = add i4 %zext_ln840_709, i4 %zext_ln840_706"   --->   Operation 1516 'add' 'add_ln840_634' <Predicate = true> <Delay = 0.67> <CoreInst = "Adder">   --->   Core 1 'Adder' <Latency = 0> <II = 1> <Delay = 0.67> <FuncUnit> <Opcode : 'add' 'sub'> <InPorts = 2> <OutPorts = 1>
ST_1 : Operation 1517 [1/1] (0.00ns)   --->   "%zext_ln840_710 = zext i4 %add_ln840_634"   --->   Operation 1517 'zext' 'zext_ln840_710' <Predicate = true> <Delay = 0.00>
ST_1 : Operation 1518 [1/1] (0.79ns)   --->   "%add_ln840_635 = add i5 %zext_ln840_710, i5 %zext_ln840_704"   --->   Operation 1518 'add' 'add_ln840_635' <Predicate = true> <Delay = 0.79> <CoreInst = "Adder">   --->   Core 1 'Adder' <Latency = 0> <II = 1> <Delay = 0.79> <FuncUnit> <Opcode : 'add' 'sub'> <InPorts = 2> <OutPorts = 1>
ST_1 : Operation 1519 [1/1] (0.00ns)   --->   "%zext_ln840_711 = zext i5 %add_ln840_635"   --->   Operation 1519 'zext' 'zext_ln840_711' <Predicate = true> <Delay = 0.00>
ST_1 : Operation 1520 [1/1] (0.54ns)   --->   "%add_ln840_636 = add i2 %zext_ln840_221, i2 %zext_ln840_91"   --->   Operation 1520 'add' 'add_ln840_636' <Predicate = true> <Delay = 0.54> <CoreInst = "Adder">   --->   Core 1 'Adder' <Latency = 0> <II = 1> <Delay = 0.54> <FuncUnit> <Opcode : 'add' 'sub'> <InPorts = 2> <OutPorts = 1>
ST_1 : Operation 1521 [1/1] (0.00ns)   --->   "%zext_ln840_712 = zext i2 %add_ln840_636"   --->   Operation 1521 'zext' 'zext_ln840_712' <Predicate = true> <Delay = 0.00>
ST_1 : Operation 1522 [1/1] (0.54ns)   --->   "%add_ln840_637 = add i2 %add_ln840_66, i2 %zext_ln840_93"   --->   Operation 1522 'add' 'add_ln840_637' <Predicate = true> <Delay = 0.54> <CoreInst = "Adder">   --->   Core 1 'Adder' <Latency = 0> <II = 1> <Delay = 0.54> <FuncUnit> <Opcode : 'add' 'sub'> <InPorts = 2> <OutPorts = 1>
ST_1 : Operation 1523 [1/1] (0.00ns)   --->   "%zext_ln840_713 = zext i2 %add_ln840_637"   --->   Operation 1523 'zext' 'zext_ln840_713' <Predicate = true> <Delay = 0.00>
ST_1 : Operation 1524 [1/1] (0.54ns)   --->   "%add_ln840_638 = add i3 %zext_ln840_713, i3 %zext_ln840_712"   --->   Operation 1524 'add' 'add_ln840_638' <Predicate = true> <Delay = 0.54> <CoreInst = "Adder">   --->   Core 1 'Adder' <Latency = 0> <II = 1> <Delay = 0.54> <FuncUnit> <Opcode : 'add' 'sub'> <InPorts = 2> <OutPorts = 1>
ST_1 : Operation 1525 [1/1] (0.00ns)   --->   "%zext_ln840_714 = zext i3 %add_ln840_638"   --->   Operation 1525 'zext' 'zext_ln840_714' <Predicate = true> <Delay = 0.00>
ST_1 : Operation 1526 [1/1] (0.54ns)   --->   "%add_ln840_639 = add i2 %zext_ln840_99, i2 %zext_ln840_223"   --->   Operation 1526 'add' 'add_ln840_639' <Predicate = true> <Delay = 0.54> <CoreInst = "Adder">   --->   Core 1 'Adder' <Latency = 0> <II = 1> <Delay = 0.54> <FuncUnit> <Opcode : 'add' 'sub'> <InPorts = 2> <OutPorts = 1>
ST_1 : Operation 1527 [1/1] (0.00ns)   --->   "%zext_ln840_715 = zext i2 %add_ln840_639"   --->   Operation 1527 'zext' 'zext_ln840_715' <Predicate = true> <Delay = 0.00>
ST_1 : Operation 1528 [1/1] (0.54ns)   --->   "%add_ln840_640 = add i2 %zext_ln840_225, i2 %zext_ln840_104"   --->   Operation 1528 'add' 'add_ln840_640' <Predicate = true> <Delay = 0.54> <CoreInst = "Adder">   --->   Core 1 'Adder' <Latency = 0> <II = 1> <Delay = 0.54> <FuncUnit> <Opcode : 'add' 'sub'> <InPorts = 2> <OutPorts = 1>
ST_1 : Operation 1529 [1/1] (0.54ns)   --->   "%add_ln840_641 = add i2 %add_ln840_640, i2 %zext_ln840_224"   --->   Operation 1529 'add' 'add_ln840_641' <Predicate = true> <Delay = 0.54> <CoreInst = "Adder">   --->   Core 1 'Adder' <Latency = 0> <II = 1> <Delay = 0.54> <FuncUnit> <Opcode : 'add' 'sub'> <InPorts = 2> <OutPorts = 1>
ST_1 : Operation 1530 [1/1] (0.00ns)   --->   "%zext_ln840_716 = zext i2 %add_ln840_641"   --->   Operation 1530 'zext' 'zext_ln840_716' <Predicate = true> <Delay = 0.00>
ST_1 : Operation 1531 [1/1] (0.54ns)   --->   "%add_ln840_642 = add i3 %zext_ln840_716, i3 %zext_ln840_715"   --->   Operation 1531 'add' 'add_ln840_642' <Predicate = true> <Delay = 0.54> <CoreInst = "Adder">   --->   Core 1 'Adder' <Latency = 0> <II = 1> <Delay = 0.54> <FuncUnit> <Opcode : 'add' 'sub'> <InPorts = 2> <OutPorts = 1>
ST_1 : Operation 1532 [1/1] (0.00ns)   --->   "%zext_ln840_717 = zext i3 %add_ln840_642"   --->   Operation 1532 'zext' 'zext_ln840_717' <Predicate = true> <Delay = 0.00>
ST_1 : Operation 1533 [1/1] (0.67ns)   --->   "%add_ln840_643 = add i4 %zext_ln840_717, i4 %zext_ln840_714"   --->   Operation 1533 'add' 'add_ln840_643' <Predicate = true> <Delay = 0.67> <CoreInst = "Adder">   --->   Core 1 'Adder' <Latency = 0> <II = 1> <Delay = 0.67> <FuncUnit> <Opcode : 'add' 'sub'> <InPorts = 2> <OutPorts = 1>
ST_1 : Operation 1534 [1/1] (0.00ns)   --->   "%zext_ln840_718 = zext i4 %add_ln840_643"   --->   Operation 1534 'zext' 'zext_ln840_718' <Predicate = true> <Delay = 0.00>
ST_1 : Operation 1535 [1/1] (0.54ns)   --->   "%add_ln840_644 = add i2 %zext_ln840_226, i2 %zext_ln840_109"   --->   Operation 1535 'add' 'add_ln840_644' <Predicate = true> <Delay = 0.54> <CoreInst = "Adder">   --->   Core 1 'Adder' <Latency = 0> <II = 1> <Delay = 0.54> <FuncUnit> <Opcode : 'add' 'sub'> <InPorts = 2> <OutPorts = 1>
ST_1 : Operation 1536 [1/1] (0.00ns)   --->   "%zext_ln840_719 = zext i2 %add_ln840_644"   --->   Operation 1536 'zext' 'zext_ln840_719' <Predicate = true> <Delay = 0.00>
ST_1 : Operation 1537 [1/1] (0.00ns) (grouped into TernaryAdder)   --->   "%add_ln840_645 = add i2 %zext_ln840_228, i2 %zext_ln840_229"   --->   Operation 1537 'add' 'add_ln840_645' <Predicate = true> <Delay = 0.00> <CoreInst = "TAddSub">   --->   Core 10 'TAddSub' <Latency = 0> <II = 1> <Delay = 0.23> <IPBlock> <Opcode : 'add' 'sub'> <InPorts = 3> <OutPorts = 1> <Sync> <CReg>
ST_1 : Operation 1538 [1/1] (0.14ns) (root node of TernaryAdder)   --->   "%add_ln840_646 = add i2 %add_ln840_645, i2 %zext_ln840_227"   --->   Operation 1538 'add' 'add_ln840_646' <Predicate = true> <Delay = 0.14> <CoreInst = "TAddSub">   --->   Core 10 'TAddSub' <Latency = 0> <II = 1> <Delay = 0.23> <IPBlock> <Opcode : 'add' 'sub'> <InPorts = 3> <OutPorts = 1> <Sync> <CReg>
ST_1 : Operation 1539 [1/1] (0.00ns)   --->   "%zext_ln840_720 = zext i2 %add_ln840_646"   --->   Operation 1539 'zext' 'zext_ln840_720' <Predicate = true> <Delay = 0.00>
ST_1 : Operation 1540 [1/1] (0.54ns)   --->   "%add_ln840_647 = add i3 %zext_ln840_720, i3 %zext_ln840_719"   --->   Operation 1540 'add' 'add_ln840_647' <Predicate = true> <Delay = 0.54> <CoreInst = "Adder">   --->   Core 1 'Adder' <Latency = 0> <II = 1> <Delay = 0.54> <FuncUnit> <Opcode : 'add' 'sub'> <InPorts = 2> <OutPorts = 1>
ST_1 : Operation 1541 [1/1] (0.00ns)   --->   "%zext_ln840_721 = zext i3 %add_ln840_647"   --->   Operation 1541 'zext' 'zext_ln840_721' <Predicate = true> <Delay = 0.00>
ST_1 : Operation 1542 [1/1] (0.54ns)   --->   "%add_ln840_648 = add i2 %zext_ln840_303, i2 %zext_ln840_230"   --->   Operation 1542 'add' 'add_ln840_648' <Predicate = true> <Delay = 0.54> <CoreInst = "Adder">   --->   Core 1 'Adder' <Latency = 0> <II = 1> <Delay = 0.54> <FuncUnit> <Opcode : 'add' 'sub'> <InPorts = 2> <OutPorts = 1>
ST_1 : Operation 1543 [1/1] (0.00ns)   --->   "%zext_ln840_722 = zext i2 %add_ln840_648"   --->   Operation 1543 'zext' 'zext_ln840_722' <Predicate = true> <Delay = 0.00>
ST_1 : Operation 1544 [1/1] (0.67ns)   --->   "%add_ln840_649 = add i3 %add_ln840_384, i3 %zext_ln840_367"   --->   Operation 1544 'add' 'add_ln840_649' <Predicate = true> <Delay = 0.67> <CoreInst = "Adder">   --->   Core 1 'Adder' <Latency = 0> <II = 1> <Delay = 0.67> <FuncUnit> <Opcode : 'add' 'sub'> <InPorts = 2> <OutPorts = 1>
ST_1 : Operation 1545 [1/1] (0.00ns)   --->   "%zext_ln840_723 = zext i3 %add_ln840_649"   --->   Operation 1545 'zext' 'zext_ln840_723' <Predicate = true> <Delay = 0.00>
ST_1 : Operation 1546 [1/1] (0.67ns)   --->   "%add_ln840_650 = add i4 %zext_ln840_723, i4 %zext_ln840_137"   --->   Operation 1546 'add' 'add_ln840_650' <Predicate = true> <Delay = 0.67> <CoreInst = "Adder">   --->   Core 1 'Adder' <Latency = 0> <II = 1> <Delay = 0.67> <FuncUnit> <Opcode : 'add' 'sub'> <InPorts = 2> <OutPorts = 1>
ST_1 : Operation 1547 [1/1] (0.00ns) (grouped into TernaryAdder)   --->   "%add_ln840_651 = add i4 %add_ln840_650, i4 %zext_ln840_722"   --->   Operation 1547 'add' 'add_ln840_651' <Predicate = true> <Delay = 0.00> <CoreInst = "TAddSub">   --->   Core 10 'TAddSub' <Latency = 0> <II = 1> <Delay = 0.23> <IPBlock> <Opcode : 'add' 'sub'> <InPorts = 3> <OutPorts = 1> <Sync> <CReg>
ST_1 : Operation 1548 [1/1] (0.46ns) (root node of TernaryAdder)   --->   "%add_ln840_652 = add i4 %add_ln840_651, i4 %zext_ln840_721"   --->   Operation 1548 'add' 'add_ln840_652' <Predicate = true> <Delay = 0.46> <CoreInst = "TAddSub">   --->   Core 10 'TAddSub' <Latency = 0> <II = 1> <Delay = 0.23> <IPBlock> <Opcode : 'add' 'sub'> <InPorts = 3> <OutPorts = 1> <Sync> <CReg>
ST_1 : Operation 1549 [1/1] (0.00ns)   --->   "%zext_ln840_724 = zext i4 %add_ln840_652"   --->   Operation 1549 'zext' 'zext_ln840_724' <Predicate = true> <Delay = 0.00>
ST_1 : Operation 1550 [1/1] (0.79ns)   --->   "%add_ln840_653 = add i5 %zext_ln840_724, i5 %zext_ln840_718"   --->   Operation 1550 'add' 'add_ln840_653' <Predicate = true> <Delay = 0.79> <CoreInst = "Adder">   --->   Core 1 'Adder' <Latency = 0> <II = 1> <Delay = 0.79> <FuncUnit> <Opcode : 'add' 'sub'> <InPorts = 2> <OutPorts = 1>
ST_1 : Operation 1551 [1/1] (0.00ns)   --->   "%zext_ln840_725 = zext i5 %add_ln840_653"   --->   Operation 1551 'zext' 'zext_ln840_725' <Predicate = true> <Delay = 0.00>
ST_1 : Operation 1552 [1/1] (0.78ns)   --->   "%add_ln840_654 = add i6 %zext_ln840_725, i6 %zext_ln840_711"   --->   Operation 1552 'add' 'add_ln840_654' <Predicate = true> <Delay = 0.78> <CoreInst = "Adder">   --->   Core 1 'Adder' <Latency = 0> <II = 1> <Delay = 0.78> <FuncUnit> <Opcode : 'add' 'sub'> <InPorts = 2> <OutPorts = 1>
ST_1 : Operation 1553 [1/1] (0.00ns)   --->   "%zext_ln840_726 = zext i6 %add_ln840_654"   --->   Operation 1553 'zext' 'zext_ln840_726' <Predicate = true> <Delay = 0.00>
ST_1 : Operation 1554 [1/1] (0.78ns)   --->   "%add_ln840_655 = add i7 %zext_ln840_726, i7 %zext_ln840_699"   --->   Operation 1554 'add' 'add_ln840_655' <Predicate = true> <Delay = 0.78> <CoreInst = "Adder">   --->   Core 1 'Adder' <Latency = 0> <II = 1> <Delay = 0.78> <FuncUnit> <Opcode : 'add' 'sub'> <InPorts = 2> <OutPorts = 1>
ST_1 : Operation 1555 [1/1] (0.00ns)   --->   "%zext_ln840_727 = zext i7 %add_ln840_655"   --->   Operation 1555 'zext' 'zext_ln840_727' <Predicate = true> <Delay = 0.00>
ST_1 : Operation 1556 [1/1] (0.54ns)   --->   "%add_ln840_656 = add i2 %zext_ln840_7, i2 %zext_ln840_8"   --->   Operation 1556 'add' 'add_ln840_656' <Predicate = true> <Delay = 0.54> <CoreInst = "Adder">   --->   Core 1 'Adder' <Latency = 0> <II = 1> <Delay = 0.54> <FuncUnit> <Opcode : 'add' 'sub'> <InPorts = 2> <OutPorts = 1>
ST_1 : Operation 1557 [1/1] (0.00ns)   --->   "%zext_ln840_728 = zext i2 %add_ln840_656"   --->   Operation 1557 'zext' 'zext_ln840_728' <Predicate = true> <Delay = 0.00>
ST_1 : Operation 1558 [1/1] (0.00ns) (grouped into TernaryAdder)   --->   "%add_ln840_657 = add i2 %zext_ln840_15, i2 %zext_ln840_22"   --->   Operation 1558 'add' 'add_ln840_657' <Predicate = true> <Delay = 0.00> <CoreInst = "TAddSub">   --->   Core 10 'TAddSub' <Latency = 0> <II = 1> <Delay = 0.23> <IPBlock> <Opcode : 'add' 'sub'> <InPorts = 3> <OutPorts = 1> <Sync> <CReg>
ST_1 : Operation 1559 [1/1] (0.14ns) (root node of TernaryAdder)   --->   "%add_ln840_658 = add i2 %add_ln840_657, i2 %zext_ln840_11"   --->   Operation 1559 'add' 'add_ln840_658' <Predicate = true> <Delay = 0.14> <CoreInst = "TAddSub">   --->   Core 10 'TAddSub' <Latency = 0> <II = 1> <Delay = 0.23> <IPBlock> <Opcode : 'add' 'sub'> <InPorts = 3> <OutPorts = 1> <Sync> <CReg>
ST_1 : Operation 1560 [1/1] (0.00ns)   --->   "%zext_ln840_729 = zext i2 %add_ln840_658"   --->   Operation 1560 'zext' 'zext_ln840_729' <Predicate = true> <Delay = 0.00>
ST_1 : Operation 1561 [1/1] (0.54ns)   --->   "%add_ln840_659 = add i3 %zext_ln840_729, i3 %zext_ln840_728"   --->   Operation 1561 'add' 'add_ln840_659' <Predicate = true> <Delay = 0.54> <CoreInst = "Adder">   --->   Core 1 'Adder' <Latency = 0> <II = 1> <Delay = 0.54> <FuncUnit> <Opcode : 'add' 'sub'> <InPorts = 2> <OutPorts = 1>
ST_1 : Operation 1562 [1/1] (0.00ns)   --->   "%zext_ln840_730 = zext i3 %add_ln840_659"   --->   Operation 1562 'zext' 'zext_ln840_730' <Predicate = true> <Delay = 0.00>
ST_1 : Operation 1563 [1/1] (0.54ns)   --->   "%add_ln840_660 = add i2 %zext_ln840_26, i2 %zext_ln840_30"   --->   Operation 1563 'add' 'add_ln840_660' <Predicate = true> <Delay = 0.54> <CoreInst = "Adder">   --->   Core 1 'Adder' <Latency = 0> <II = 1> <Delay = 0.54> <FuncUnit> <Opcode : 'add' 'sub'> <InPorts = 2> <OutPorts = 1>
ST_1 : Operation 1564 [1/1] (0.00ns)   --->   "%zext_ln840_731 = zext i2 %add_ln840_660"   --->   Operation 1564 'zext' 'zext_ln840_731' <Predicate = true> <Delay = 0.00>
ST_1 : Operation 1565 [1/1] (0.00ns) (grouped into TernaryAdder)   --->   "%add_ln840_661 = add i2 %zext_ln840_35, i2 %zext_ln840_36"   --->   Operation 1565 'add' 'add_ln840_661' <Predicate = true> <Delay = 0.00> <CoreInst = "TAddSub">   --->   Core 10 'TAddSub' <Latency = 0> <II = 1> <Delay = 0.23> <IPBlock> <Opcode : 'add' 'sub'> <InPorts = 3> <OutPorts = 1> <Sync> <CReg>
ST_1 : Operation 1566 [1/1] (0.14ns) (root node of TernaryAdder)   --->   "%add_ln840_662 = add i2 %add_ln840_661, i2 %zext_ln840_31"   --->   Operation 1566 'add' 'add_ln840_662' <Predicate = true> <Delay = 0.14> <CoreInst = "TAddSub">   --->   Core 10 'TAddSub' <Latency = 0> <II = 1> <Delay = 0.23> <IPBlock> <Opcode : 'add' 'sub'> <InPorts = 3> <OutPorts = 1> <Sync> <CReg>
ST_1 : Operation 1567 [1/1] (0.00ns)   --->   "%zext_ln840_732 = zext i2 %add_ln840_662"   --->   Operation 1567 'zext' 'zext_ln840_732' <Predicate = true> <Delay = 0.00>
ST_1 : Operation 1568 [1/1] (0.54ns)   --->   "%add_ln840_663 = add i3 %zext_ln840_732, i3 %zext_ln840_731"   --->   Operation 1568 'add' 'add_ln840_663' <Predicate = true> <Delay = 0.54> <CoreInst = "Adder">   --->   Core 1 'Adder' <Latency = 0> <II = 1> <Delay = 0.54> <FuncUnit> <Opcode : 'add' 'sub'> <InPorts = 2> <OutPorts = 1>
ST_1 : Operation 1569 [1/1] (0.00ns)   --->   "%zext_ln840_733 = zext i3 %add_ln840_663"   --->   Operation 1569 'zext' 'zext_ln840_733' <Predicate = true> <Delay = 0.00>
ST_1 : Operation 1570 [1/1] (0.67ns)   --->   "%add_ln840_664 = add i4 %zext_ln840_733, i4 %zext_ln840_730"   --->   Operation 1570 'add' 'add_ln840_664' <Predicate = true> <Delay = 0.67> <CoreInst = "Adder">   --->   Core 1 'Adder' <Latency = 0> <II = 1> <Delay = 0.67> <FuncUnit> <Opcode : 'add' 'sub'> <InPorts = 2> <OutPorts = 1>
ST_1 : Operation 1571 [1/1] (0.00ns)   --->   "%zext_ln840_734 = zext i4 %add_ln840_664"   --->   Operation 1571 'zext' 'zext_ln840_734' <Predicate = true> <Delay = 0.00>
ST_1 : Operation 1572 [1/1] (0.54ns)   --->   "%add_ln840_665 = add i2 %add_ln840_540, i2 %zext_ln840_45"   --->   Operation 1572 'add' 'add_ln840_665' <Predicate = true> <Delay = 0.54> <CoreInst = "Adder">   --->   Core 1 'Adder' <Latency = 0> <II = 1> <Delay = 0.54> <FuncUnit> <Opcode : 'add' 'sub'> <InPorts = 2> <OutPorts = 1>
ST_1 : Operation 1573 [1/1] (0.00ns)   --->   "%zext_ln840_735 = zext i2 %add_ln840_665"   --->   Operation 1573 'zext' 'zext_ln840_735' <Predicate = true> <Delay = 0.00>
ST_1 : Operation 1574 [1/1] (0.54ns)   --->   "%add_ln840_666 = add i3 %zext_ln840_735, i3 %zext_ln840_678"   --->   Operation 1574 'add' 'add_ln840_666' <Predicate = true> <Delay = 0.54> <CoreInst = "Adder">   --->   Core 1 'Adder' <Latency = 0> <II = 1> <Delay = 0.54> <FuncUnit> <Opcode : 'add' 'sub'> <InPorts = 2> <OutPorts = 1>
ST_1 : Operation 1575 [1/1] (0.00ns)   --->   "%zext_ln840_736 = zext i3 %add_ln840_666"   --->   Operation 1575 'zext' 'zext_ln840_736' <Predicate = true> <Delay = 0.00>
ST_1 : Operation 1576 [1/1] (0.54ns)   --->   "%add_ln840_667 = add i2 %add_ln840_324, i2 %zext_ln840_57"   --->   Operation 1576 'add' 'add_ln840_667' <Predicate = true> <Delay = 0.54> <CoreInst = "Adder">   --->   Core 1 'Adder' <Latency = 0> <II = 1> <Delay = 0.54> <FuncUnit> <Opcode : 'add' 'sub'> <InPorts = 2> <OutPorts = 1>
ST_1 : Operation 1577 [1/1] (0.00ns)   --->   "%zext_ln840_737 = zext i2 %add_ln840_667"   --->   Operation 1577 'zext' 'zext_ln840_737' <Predicate = true> <Delay = 0.00>
ST_1 : Operation 1578 [1/1] (0.54ns)   --->   "%add_ln840_668 = add i3 %zext_ln840_737, i3 %zext_ln840_629"   --->   Operation 1578 'add' 'add_ln840_668' <Predicate = true> <Delay = 0.54> <CoreInst = "Adder">   --->   Core 1 'Adder' <Latency = 0> <II = 1> <Delay = 0.54> <FuncUnit> <Opcode : 'add' 'sub'> <InPorts = 2> <OutPorts = 1>
ST_1 : Operation 1579 [1/1] (0.00ns)   --->   "%zext_ln840_738 = zext i3 %add_ln840_668"   --->   Operation 1579 'zext' 'zext_ln840_738' <Predicate = true> <Delay = 0.00>
ST_1 : Operation 1580 [1/1] (0.67ns)   --->   "%add_ln840_669 = add i4 %zext_ln840_738, i4 %zext_ln840_736"   --->   Operation 1580 'add' 'add_ln840_669' <Predicate = true> <Delay = 0.67> <CoreInst = "Adder">   --->   Core 1 'Adder' <Latency = 0> <II = 1> <Delay = 0.67> <FuncUnit> <Opcode : 'add' 'sub'> <InPorts = 2> <OutPorts = 1>
ST_1 : Operation 1581 [1/1] (0.00ns)   --->   "%zext_ln840_739 = zext i4 %add_ln840_669"   --->   Operation 1581 'zext' 'zext_ln840_739' <Predicate = true> <Delay = 0.00>
ST_1 : Operation 1582 [1/1] (0.79ns)   --->   "%add_ln840_670 = add i5 %zext_ln840_739, i5 %zext_ln840_734"   --->   Operation 1582 'add' 'add_ln840_670' <Predicate = true> <Delay = 0.79> <CoreInst = "Adder">   --->   Core 1 'Adder' <Latency = 0> <II = 1> <Delay = 0.79> <FuncUnit> <Opcode : 'add' 'sub'> <InPorts = 2> <OutPorts = 1>
ST_1 : Operation 1583 [1/1] (0.00ns)   --->   "%zext_ln840_740 = zext i5 %add_ln840_670"   --->   Operation 1583 'zext' 'zext_ln840_740' <Predicate = true> <Delay = 0.00>
ST_1 : Operation 1584 [1/1] (0.00ns)   --->   "%zext_ln840_741 = zext i2 %add_ln840_259"   --->   Operation 1584 'zext' 'zext_ln840_741' <Predicate = true> <Delay = 0.00>
ST_1 : Operation 1585 [1/1] (0.00ns) (grouped into TernaryAdder)   --->   "%add_ln840_671 = add i2 %zext_ln840_79, i2 %zext_ln840_81"   --->   Operation 1585 'add' 'add_ln840_671' <Predicate = true> <Delay = 0.00> <CoreInst = "TAddSub">   --->   Core 10 'TAddSub' <Latency = 0> <II = 1> <Delay = 0.23> <IPBlock> <Opcode : 'add' 'sub'> <InPorts = 3> <OutPorts = 1> <Sync> <CReg>
ST_1 : Operation 1586 [1/1] (0.14ns) (root node of TernaryAdder)   --->   "%add_ln840_672 = add i2 %add_ln840_671, i2 %zext_ln840_73"   --->   Operation 1586 'add' 'add_ln840_672' <Predicate = true> <Delay = 0.14> <CoreInst = "TAddSub">   --->   Core 10 'TAddSub' <Latency = 0> <II = 1> <Delay = 0.23> <IPBlock> <Opcode : 'add' 'sub'> <InPorts = 3> <OutPorts = 1> <Sync> <CReg>
ST_1 : Operation 1587 [1/1] (0.00ns)   --->   "%zext_ln840_742 = zext i2 %add_ln840_672"   --->   Operation 1587 'zext' 'zext_ln840_742' <Predicate = true> <Delay = 0.00>
ST_1 : Operation 1588 [1/1] (0.54ns)   --->   "%add_ln840_673 = add i3 %zext_ln840_742, i3 %zext_ln840_741"   --->   Operation 1588 'add' 'add_ln840_673' <Predicate = true> <Delay = 0.54> <CoreInst = "Adder">   --->   Core 1 'Adder' <Latency = 0> <II = 1> <Delay = 0.54> <FuncUnit> <Opcode : 'add' 'sub'> <InPorts = 2> <OutPorts = 1>
ST_1 : Operation 1589 [1/1] (0.00ns)   --->   "%zext_ln840_743 = zext i3 %add_ln840_673"   --->   Operation 1589 'zext' 'zext_ln840_743' <Predicate = true> <Delay = 0.00>
ST_1 : Operation 1590 [1/1] (0.54ns)   --->   "%add_ln840_674 = add i2 %zext_ln840_87, i2 %zext_ln840_92"   --->   Operation 1590 'add' 'add_ln840_674' <Predicate = true> <Delay = 0.54> <CoreInst = "Adder">   --->   Core 1 'Adder' <Latency = 0> <II = 1> <Delay = 0.54> <FuncUnit> <Opcode : 'add' 'sub'> <InPorts = 2> <OutPorts = 1>
ST_1 : Operation 1591 [1/1] (0.00ns)   --->   "%zext_ln840_744 = zext i2 %add_ln840_674"   --->   Operation 1591 'zext' 'zext_ln840_744' <Predicate = true> <Delay = 0.00>
ST_1 : Operation 1592 [1/1] (0.00ns) (grouped into TernaryAdder)   --->   "%add_ln840_675 = add i2 %zext_ln840_116, i2 %zext_ln840_119"   --->   Operation 1592 'add' 'add_ln840_675' <Predicate = true> <Delay = 0.00> <CoreInst = "TAddSub">   --->   Core 10 'TAddSub' <Latency = 0> <II = 1> <Delay = 0.23> <IPBlock> <Opcode : 'add' 'sub'> <InPorts = 3> <OutPorts = 1> <Sync> <CReg>
ST_1 : Operation 1593 [1/1] (0.14ns) (root node of TernaryAdder)   --->   "%add_ln840_676 = add i2 %add_ln840_675, i2 %zext_ln840_115"   --->   Operation 1593 'add' 'add_ln840_676' <Predicate = true> <Delay = 0.14> <CoreInst = "TAddSub">   --->   Core 10 'TAddSub' <Latency = 0> <II = 1> <Delay = 0.23> <IPBlock> <Opcode : 'add' 'sub'> <InPorts = 3> <OutPorts = 1> <Sync> <CReg>
ST_1 : Operation 1594 [1/1] (0.00ns)   --->   "%zext_ln840_745 = zext i2 %add_ln840_676"   --->   Operation 1594 'zext' 'zext_ln840_745' <Predicate = true> <Delay = 0.00>
ST_1 : Operation 1595 [1/1] (0.54ns)   --->   "%add_ln840_677 = add i3 %zext_ln840_745, i3 %zext_ln840_744"   --->   Operation 1595 'add' 'add_ln840_677' <Predicate = true> <Delay = 0.54> <CoreInst = "Adder">   --->   Core 1 'Adder' <Latency = 0> <II = 1> <Delay = 0.54> <FuncUnit> <Opcode : 'add' 'sub'> <InPorts = 2> <OutPorts = 1>
ST_1 : Operation 1596 [1/1] (0.00ns)   --->   "%zext_ln840_746 = zext i3 %add_ln840_677"   --->   Operation 1596 'zext' 'zext_ln840_746' <Predicate = true> <Delay = 0.00>
ST_1 : Operation 1597 [1/1] (0.67ns)   --->   "%add_ln840_678 = add i4 %zext_ln840_746, i4 %zext_ln840_743"   --->   Operation 1597 'add' 'add_ln840_678' <Predicate = true> <Delay = 0.67> <CoreInst = "Adder">   --->   Core 1 'Adder' <Latency = 0> <II = 1> <Delay = 0.67> <FuncUnit> <Opcode : 'add' 'sub'> <InPorts = 2> <OutPorts = 1>
ST_1 : Operation 1598 [1/1] (0.00ns)   --->   "%zext_ln840_747 = zext i4 %add_ln840_678"   --->   Operation 1598 'zext' 'zext_ln840_747' <Predicate = true> <Delay = 0.00>
ST_1 : Operation 1599 [1/1] (0.54ns)   --->   "%add_ln840_679 = add i2 %zext_ln840_121, i2 %zext_ln840_122"   --->   Operation 1599 'add' 'add_ln840_679' <Predicate = true> <Delay = 0.54> <CoreInst = "Adder">   --->   Core 1 'Adder' <Latency = 0> <II = 1> <Delay = 0.54> <FuncUnit> <Opcode : 'add' 'sub'> <InPorts = 2> <OutPorts = 1>
ST_1 : Operation 1600 [1/1] (0.00ns)   --->   "%zext_ln840_748 = zext i2 %add_ln840_679"   --->   Operation 1600 'zext' 'zext_ln840_748' <Predicate = true> <Delay = 0.00>
ST_1 : Operation 1601 [1/1] (0.54ns)   --->   "%add_ln840_680 = add i2 %add_ln840_557, i2 %zext_ln840_126"   --->   Operation 1601 'add' 'add_ln840_680' <Predicate = true> <Delay = 0.54> <CoreInst = "Adder">   --->   Core 1 'Adder' <Latency = 0> <II = 1> <Delay = 0.54> <FuncUnit> <Opcode : 'add' 'sub'> <InPorts = 2> <OutPorts = 1>
ST_1 : Operation 1602 [1/1] (0.00ns)   --->   "%zext_ln840_749 = zext i2 %add_ln840_680"   --->   Operation 1602 'zext' 'zext_ln840_749' <Predicate = true> <Delay = 0.00>
ST_1 : Operation 1603 [1/1] (0.54ns)   --->   "%add_ln840_681 = add i3 %zext_ln840_749, i3 %zext_ln840_748"   --->   Operation 1603 'add' 'add_ln840_681' <Predicate = true> <Delay = 0.54> <CoreInst = "Adder">   --->   Core 1 'Adder' <Latency = 0> <II = 1> <Delay = 0.54> <FuncUnit> <Opcode : 'add' 'sub'> <InPorts = 2> <OutPorts = 1>
ST_1 : Operation 1604 [1/1] (0.00ns)   --->   "%zext_ln840_750 = zext i3 %add_ln840_681"   --->   Operation 1604 'zext' 'zext_ln840_750' <Predicate = true> <Delay = 0.00>
ST_1 : Operation 1605 [1/1] (0.00ns) (grouped into TernaryAdder)   --->   "%add_ln840_682 = add i2 %zext_ln840_25, i2 %zext_ln840_29"   --->   Operation 1605 'add' 'add_ln840_682' <Predicate = true> <Delay = 0.00> <CoreInst = "TAddSub">   --->   Core 10 'TAddSub' <Latency = 0> <II = 1> <Delay = 0.23> <IPBlock> <Opcode : 'add' 'sub'> <InPorts = 3> <OutPorts = 1> <Sync> <CReg>
ST_1 : Operation 1606 [1/1] (0.14ns) (root node of TernaryAdder)   --->   "%add_ln840_683 = add i2 %add_ln840_682, i2 %zext_ln840_21"   --->   Operation 1606 'add' 'add_ln840_683' <Predicate = true> <Delay = 0.14> <CoreInst = "TAddSub">   --->   Core 10 'TAddSub' <Latency = 0> <II = 1> <Delay = 0.23> <IPBlock> <Opcode : 'add' 'sub'> <InPorts = 3> <OutPorts = 1> <Sync> <CReg>
ST_1 : Operation 1607 [1/1] (0.00ns)   --->   "%zext_ln840_751 = zext i2 %add_ln840_683"   --->   Operation 1607 'zext' 'zext_ln840_751' <Predicate = true> <Delay = 0.00>
ST_1 : Operation 1608 [1/1] (0.54ns)   --->   "%add_ln840_684 = add i3 %zext_ln840_751, i3 %zext_ln840_255"   --->   Operation 1608 'add' 'add_ln840_684' <Predicate = true> <Delay = 0.54> <CoreInst = "Adder">   --->   Core 1 'Adder' <Latency = 0> <II = 1> <Delay = 0.54> <FuncUnit> <Opcode : 'add' 'sub'> <InPorts = 2> <OutPorts = 1>
ST_1 : Operation 1609 [1/1] (0.00ns)   --->   "%zext_ln840_752 = zext i3 %add_ln840_684"   --->   Operation 1609 'zext' 'zext_ln840_752' <Predicate = true> <Delay = 0.00>
ST_1 : Operation 1610 [1/1] (0.67ns)   --->   "%add_ln840_685 = add i4 %zext_ln840_752, i4 %zext_ln840_750"   --->   Operation 1610 'add' 'add_ln840_685' <Predicate = true> <Delay = 0.67> <CoreInst = "Adder">   --->   Core 1 'Adder' <Latency = 0> <II = 1> <Delay = 0.67> <FuncUnit> <Opcode : 'add' 'sub'> <InPorts = 2> <OutPorts = 1>
ST_1 : Operation 1611 [1/1] (0.00ns)   --->   "%zext_ln840_753 = zext i4 %add_ln840_685"   --->   Operation 1611 'zext' 'zext_ln840_753' <Predicate = true> <Delay = 0.00>
ST_1 : Operation 1612 [1/1] (0.79ns)   --->   "%add_ln840_686 = add i5 %zext_ln840_753, i5 %zext_ln840_747"   --->   Operation 1612 'add' 'add_ln840_686' <Predicate = true> <Delay = 0.79> <CoreInst = "Adder">   --->   Core 1 'Adder' <Latency = 0> <II = 1> <Delay = 0.79> <FuncUnit> <Opcode : 'add' 'sub'> <InPorts = 2> <OutPorts = 1>
ST_1 : Operation 1613 [1/1] (0.00ns)   --->   "%zext_ln840_754 = zext i5 %add_ln840_686"   --->   Operation 1613 'zext' 'zext_ln840_754' <Predicate = true> <Delay = 0.00>
ST_1 : Operation 1614 [1/1] (0.78ns)   --->   "%add_ln840_687 = add i6 %zext_ln840_754, i6 %zext_ln840_740"   --->   Operation 1614 'add' 'add_ln840_687' <Predicate = true> <Delay = 0.78> <CoreInst = "Adder">   --->   Core 1 'Adder' <Latency = 0> <II = 1> <Delay = 0.78> <FuncUnit> <Opcode : 'add' 'sub'> <InPorts = 2> <OutPorts = 1>
ST_1 : Operation 1615 [1/1] (0.00ns)   --->   "%zext_ln840_755 = zext i6 %add_ln840_687"   --->   Operation 1615 'zext' 'zext_ln840_755' <Predicate = true> <Delay = 0.00>
ST_1 : Operation 1616 [1/1] (0.54ns)   --->   "%add_ln840_688 = add i2 %zext_ln840_33, i2 %zext_ln840_212"   --->   Operation 1616 'add' 'add_ln840_688' <Predicate = true> <Delay = 0.54> <CoreInst = "Adder">   --->   Core 1 'Adder' <Latency = 0> <II = 1> <Delay = 0.54> <FuncUnit> <Opcode : 'add' 'sub'> <InPorts = 2> <OutPorts = 1>
ST_1 : Operation 1617 [1/1] (0.00ns)   --->   "%zext_ln840_756 = zext i2 %add_ln840_688"   --->   Operation 1617 'zext' 'zext_ln840_756' <Predicate = true> <Delay = 0.00>
ST_1 : Operation 1618 [1/1] (0.00ns) (grouped into TernaryAdder)   --->   "%add_ln840_689 = add i2 %zext_ln840_40, i2 %zext_ln840_44"   --->   Operation 1618 'add' 'add_ln840_689' <Predicate = true> <Delay = 0.00> <CoreInst = "TAddSub">   --->   Core 10 'TAddSub' <Latency = 0> <II = 1> <Delay = 0.23> <IPBlock> <Opcode : 'add' 'sub'> <InPorts = 3> <OutPorts = 1> <Sync> <CReg>
ST_1 : Operation 1619 [1/1] (0.14ns) (root node of TernaryAdder)   --->   "%add_ln840_690 = add i2 %add_ln840_689, i2 %zext_ln840_430"   --->   Operation 1619 'add' 'add_ln840_690' <Predicate = true> <Delay = 0.14> <CoreInst = "TAddSub">   --->   Core 10 'TAddSub' <Latency = 0> <II = 1> <Delay = 0.23> <IPBlock> <Opcode : 'add' 'sub'> <InPorts = 3> <OutPorts = 1> <Sync> <CReg>
ST_1 : Operation 1620 [1/1] (0.00ns)   --->   "%zext_ln840_757 = zext i2 %add_ln840_690"   --->   Operation 1620 'zext' 'zext_ln840_757' <Predicate = true> <Delay = 0.00>
ST_1 : Operation 1621 [1/1] (0.54ns)   --->   "%add_ln840_691 = add i3 %zext_ln840_757, i3 %zext_ln840_756"   --->   Operation 1621 'add' 'add_ln840_691' <Predicate = true> <Delay = 0.54> <CoreInst = "Adder">   --->   Core 1 'Adder' <Latency = 0> <II = 1> <Delay = 0.54> <FuncUnit> <Opcode : 'add' 'sub'> <InPorts = 2> <OutPorts = 1>
ST_1 : Operation 1622 [1/1] (0.00ns)   --->   "%zext_ln840_758 = zext i3 %add_ln840_691"   --->   Operation 1622 'zext' 'zext_ln840_758' <Predicate = true> <Delay = 0.00>
ST_1 : Operation 1623 [1/1] (0.54ns)   --->   "%add_ln840_692 = add i2 %zext_ln840_299, i2 %zext_ln840_217"   --->   Operation 1623 'add' 'add_ln840_692' <Predicate = true> <Delay = 0.54> <CoreInst = "Adder">   --->   Core 1 'Adder' <Latency = 0> <II = 1> <Delay = 0.54> <FuncUnit> <Opcode : 'add' 'sub'> <InPorts = 2> <OutPorts = 1>
ST_1 : Operation 1624 [1/1] (0.00ns)   --->   "%zext_ln840_759 = zext i2 %add_ln840_692"   --->   Operation 1624 'zext' 'zext_ln840_759' <Predicate = true> <Delay = 0.00>
ST_1 : Operation 1625 [1/1] (0.54ns)   --->   "%add_ln840_693 = add i2 %add_ln840_356, i2 %zext_ln840_56"   --->   Operation 1625 'add' 'add_ln840_693' <Predicate = true> <Delay = 0.54> <CoreInst = "Adder">   --->   Core 1 'Adder' <Latency = 0> <II = 1> <Delay = 0.54> <FuncUnit> <Opcode : 'add' 'sub'> <InPorts = 2> <OutPorts = 1>
ST_1 : Operation 1626 [1/1] (0.00ns)   --->   "%zext_ln840_760 = zext i2 %add_ln840_693"   --->   Operation 1626 'zext' 'zext_ln840_760' <Predicate = true> <Delay = 0.00>
ST_1 : Operation 1627 [1/1] (0.54ns)   --->   "%add_ln840_694 = add i3 %zext_ln840_760, i3 %zext_ln840_759"   --->   Operation 1627 'add' 'add_ln840_694' <Predicate = true> <Delay = 0.54> <CoreInst = "Adder">   --->   Core 1 'Adder' <Latency = 0> <II = 1> <Delay = 0.54> <FuncUnit> <Opcode : 'add' 'sub'> <InPorts = 2> <OutPorts = 1>
ST_1 : Operation 1628 [1/1] (0.00ns)   --->   "%zext_ln840_761 = zext i3 %add_ln840_694"   --->   Operation 1628 'zext' 'zext_ln840_761' <Predicate = true> <Delay = 0.00>
ST_1 : Operation 1629 [1/1] (0.67ns)   --->   "%add_ln840_695 = add i4 %zext_ln840_761, i4 %zext_ln840_758"   --->   Operation 1629 'add' 'add_ln840_695' <Predicate = true> <Delay = 0.67> <CoreInst = "Adder">   --->   Core 1 'Adder' <Latency = 0> <II = 1> <Delay = 0.67> <FuncUnit> <Opcode : 'add' 'sub'> <InPorts = 2> <OutPorts = 1>
ST_1 : Operation 1630 [1/1] (0.00ns)   --->   "%zext_ln840_762 = zext i4 %add_ln840_695"   --->   Operation 1630 'zext' 'zext_ln840_762' <Predicate = true> <Delay = 0.00>
ST_1 : Operation 1631 [1/1] (0.54ns)   --->   "%add_ln840_696 = add i2 %add_ln840_134, i2 %zext_ln840_72"   --->   Operation 1631 'add' 'add_ln840_696' <Predicate = true> <Delay = 0.54> <CoreInst = "Adder">   --->   Core 1 'Adder' <Latency = 0> <II = 1> <Delay = 0.54> <FuncUnit> <Opcode : 'add' 'sub'> <InPorts = 2> <OutPorts = 1>
ST_1 : Operation 1632 [1/1] (0.00ns)   --->   "%zext_ln840_763 = zext i2 %add_ln840_696"   --->   Operation 1632 'zext' 'zext_ln840_763' <Predicate = true> <Delay = 0.00>
ST_1 : Operation 1633 [1/1] (0.54ns)   --->   "%add_ln840_697 = add i3 %zext_ln840_763, i3 %zext_ln840_409"   --->   Operation 1633 'add' 'add_ln840_697' <Predicate = true> <Delay = 0.54> <CoreInst = "Adder">   --->   Core 1 'Adder' <Latency = 0> <II = 1> <Delay = 0.54> <FuncUnit> <Opcode : 'add' 'sub'> <InPorts = 2> <OutPorts = 1>
ST_1 : Operation 1634 [1/1] (0.00ns)   --->   "%zext_ln840_764 = zext i3 %add_ln840_697"   --->   Operation 1634 'zext' 'zext_ln840_764' <Predicate = true> <Delay = 0.00>
ST_1 : Operation 1635 [1/1] (0.54ns)   --->   "%add_ln840_698 = add i2 %add_ln840_575, i2 %zext_ln840_431"   --->   Operation 1635 'add' 'add_ln840_698' <Predicate = true> <Delay = 0.54> <CoreInst = "Adder">   --->   Core 1 'Adder' <Latency = 0> <II = 1> <Delay = 0.54> <FuncUnit> <Opcode : 'add' 'sub'> <InPorts = 2> <OutPorts = 1>
ST_1 : Operation 1636 [1/1] (0.00ns)   --->   "%zext_ln840_765 = zext i2 %add_ln840_698"   --->   Operation 1636 'zext' 'zext_ln840_765' <Predicate = true> <Delay = 0.00>
ST_1 : Operation 1637 [1/1] (0.54ns)   --->   "%add_ln840_699 = add i3 %zext_ln840_765, i3 %zext_ln840_414"   --->   Operation 1637 'add' 'add_ln840_699' <Predicate = true> <Delay = 0.54> <CoreInst = "Adder">   --->   Core 1 'Adder' <Latency = 0> <II = 1> <Delay = 0.54> <FuncUnit> <Opcode : 'add' 'sub'> <InPorts = 2> <OutPorts = 1>
ST_1 : Operation 1638 [1/1] (0.00ns)   --->   "%zext_ln840_766 = zext i3 %add_ln840_699"   --->   Operation 1638 'zext' 'zext_ln840_766' <Predicate = true> <Delay = 0.00>
ST_1 : Operation 1639 [1/1] (0.67ns)   --->   "%add_ln840_700 = add i4 %zext_ln840_766, i4 %zext_ln840_764"   --->   Operation 1639 'add' 'add_ln840_700' <Predicate = true> <Delay = 0.67> <CoreInst = "Adder">   --->   Core 1 'Adder' <Latency = 0> <II = 1> <Delay = 0.67> <FuncUnit> <Opcode : 'add' 'sub'> <InPorts = 2> <OutPorts = 1>
ST_1 : Operation 1640 [1/1] (0.00ns)   --->   "%zext_ln840_767 = zext i4 %add_ln840_700"   --->   Operation 1640 'zext' 'zext_ln840_767' <Predicate = true> <Delay = 0.00>
ST_1 : Operation 1641 [1/1] (0.79ns)   --->   "%add_ln840_701 = add i5 %zext_ln840_767, i5 %zext_ln840_762"   --->   Operation 1641 'add' 'add_ln840_701' <Predicate = true> <Delay = 0.79> <CoreInst = "Adder">   --->   Core 1 'Adder' <Latency = 0> <II = 1> <Delay = 0.79> <FuncUnit> <Opcode : 'add' 'sub'> <InPorts = 2> <OutPorts = 1>
ST_1 : Operation 1642 [1/1] (0.00ns)   --->   "%zext_ln840_768 = zext i5 %add_ln840_701"   --->   Operation 1642 'zext' 'zext_ln840_768' <Predicate = true> <Delay = 0.00>
ST_1 : Operation 1643 [1/1] (0.54ns)   --->   "%add_ln840_702 = add i3 %zext_ln840_660, i3 %zext_ln840_189"   --->   Operation 1643 'add' 'add_ln840_702' <Predicate = true> <Delay = 0.54> <CoreInst = "Adder">   --->   Core 1 'Adder' <Latency = 0> <II = 1> <Delay = 0.54> <FuncUnit> <Opcode : 'add' 'sub'> <InPorts = 2> <OutPorts = 1>
ST_1 : Operation 1644 [1/1] (0.00ns)   --->   "%zext_ln840_769 = zext i3 %add_ln840_702"   --->   Operation 1644 'zext' 'zext_ln840_769' <Predicate = true> <Delay = 0.00>
ST_1 : Operation 1645 [1/1] (0.00ns)   --->   "%zext_ln840_770 = zext i2 %add_ln840_640"   --->   Operation 1645 'zext' 'zext_ln840_770' <Predicate = true> <Delay = 0.00>
ST_1 : Operation 1646 [1/1] (0.00ns) (grouped into TernaryAdder)   --->   "%add_ln840_703 = add i2 %zext_ln840_107, i2 %zext_ln840_109"   --->   Operation 1646 'add' 'add_ln840_703' <Predicate = true> <Delay = 0.00> <CoreInst = "TAddSub">   --->   Core 10 'TAddSub' <Latency = 0> <II = 1> <Delay = 0.23> <IPBlock> <Opcode : 'add' 'sub'> <InPorts = 3> <OutPorts = 1> <Sync> <CReg>
ST_1 : Operation 1647 [1/1] (0.14ns) (root node of TernaryAdder)   --->   "%add_ln840_704 = add i2 %add_ln840_703, i2 %zext_ln840_226"   --->   Operation 1647 'add' 'add_ln840_704' <Predicate = true> <Delay = 0.14> <CoreInst = "TAddSub">   --->   Core 10 'TAddSub' <Latency = 0> <II = 1> <Delay = 0.23> <IPBlock> <Opcode : 'add' 'sub'> <InPorts = 3> <OutPorts = 1> <Sync> <CReg>
ST_1 : Operation 1648 [1/1] (0.00ns)   --->   "%zext_ln840_771 = zext i2 %add_ln840_704"   --->   Operation 1648 'zext' 'zext_ln840_771' <Predicate = true> <Delay = 0.00>
ST_1 : Operation 1649 [1/1] (0.54ns)   --->   "%add_ln840_705 = add i3 %zext_ln840_771, i3 %zext_ln840_770"   --->   Operation 1649 'add' 'add_ln840_705' <Predicate = true> <Delay = 0.54> <CoreInst = "Adder">   --->   Core 1 'Adder' <Latency = 0> <II = 1> <Delay = 0.54> <FuncUnit> <Opcode : 'add' 'sub'> <InPorts = 2> <OutPorts = 1>
ST_1 : Operation 1650 [1/1] (0.00ns)   --->   "%zext_ln840_772 = zext i3 %add_ln840_705"   --->   Operation 1650 'zext' 'zext_ln840_772' <Predicate = true> <Delay = 0.00>
ST_1 : Operation 1651 [1/1] (0.67ns)   --->   "%add_ln840_706 = add i4 %zext_ln840_772, i4 %zext_ln840_769"   --->   Operation 1651 'add' 'add_ln840_706' <Predicate = true> <Delay = 0.67> <CoreInst = "Adder">   --->   Core 1 'Adder' <Latency = 0> <II = 1> <Delay = 0.67> <FuncUnit> <Opcode : 'add' 'sub'> <InPorts = 2> <OutPorts = 1>
ST_1 : Operation 1652 [1/1] (0.00ns)   --->   "%zext_ln840_773 = zext i4 %add_ln840_706"   --->   Operation 1652 'zext' 'zext_ln840_773' <Predicate = true> <Delay = 0.00>
ST_1 : Operation 1653 [1/1] (0.00ns)   --->   "%zext_ln840_774 = zext i2 %add_ln840_368"   --->   Operation 1653 'zext' 'zext_ln840_774' <Predicate = true> <Delay = 0.00>
ST_1 : Operation 1654 [1/1] (0.00ns) (grouped into TernaryAdder)   --->   "%add_ln840_707 = add i2 %zext_ln840_228, i2 %zext_ln840_230"   --->   Operation 1654 'add' 'add_ln840_707' <Predicate = true> <Delay = 0.00> <CoreInst = "TAddSub">   --->   Core 10 'TAddSub' <Latency = 0> <II = 1> <Delay = 0.23> <IPBlock> <Opcode : 'add' 'sub'> <InPorts = 3> <OutPorts = 1> <Sync> <CReg>
ST_1 : Operation 1655 [1/1] (0.14ns) (root node of TernaryAdder)   --->   "%add_ln840_708 = add i2 %add_ln840_707, i2 %zext_ln840_114"   --->   Operation 1655 'add' 'add_ln840_708' <Predicate = true> <Delay = 0.14> <CoreInst = "TAddSub">   --->   Core 10 'TAddSub' <Latency = 0> <II = 1> <Delay = 0.23> <IPBlock> <Opcode : 'add' 'sub'> <InPorts = 3> <OutPorts = 1> <Sync> <CReg>
ST_1 : Operation 1656 [1/1] (0.00ns)   --->   "%zext_ln840_775 = zext i2 %add_ln840_708"   --->   Operation 1656 'zext' 'zext_ln840_775' <Predicate = true> <Delay = 0.00>
ST_1 : Operation 1657 [1/1] (0.54ns)   --->   "%add_ln840_709 = add i3 %zext_ln840_775, i3 %zext_ln840_774"   --->   Operation 1657 'add' 'add_ln840_709' <Predicate = true> <Delay = 0.54> <CoreInst = "Adder">   --->   Core 1 'Adder' <Latency = 0> <II = 1> <Delay = 0.54> <FuncUnit> <Opcode : 'add' 'sub'> <InPorts = 2> <OutPorts = 1>
ST_1 : Operation 1658 [1/1] (0.00ns)   --->   "%zext_ln840_776 = zext i3 %add_ln840_709"   --->   Operation 1658 'zext' 'zext_ln840_776' <Predicate = true> <Delay = 0.00>
ST_1 : Operation 1659 [1/1] (0.54ns)   --->   "%add_ln840_710 = add i2 %zext_ln840_129, i2 %zext_ln840_232"   --->   Operation 1659 'add' 'add_ln840_710' <Predicate = true> <Delay = 0.54> <CoreInst = "Adder">   --->   Core 1 'Adder' <Latency = 0> <II = 1> <Delay = 0.54> <FuncUnit> <Opcode : 'add' 'sub'> <InPorts = 2> <OutPorts = 1>
ST_1 : Operation 1660 [1/1] (0.00ns)   --->   "%zext_ln840_777 = zext i2 %add_ln840_710"   --->   Operation 1660 'zext' 'zext_ln840_777' <Predicate = true> <Delay = 0.00>
ST_1 : Operation 1661 [1/1] (0.00ns) (grouped into TernaryAdder)   --->   "%add_ln840_711 = add i3 %zext_ln840_235, i3 %add_ln840_525"   --->   Operation 1661 'add' 'add_ln840_711' <Predicate = true> <Delay = 0.00> <CoreInst = "TAddSub">   --->   Core 10 'TAddSub' <Latency = 0> <II = 1> <Delay = 0.23> <IPBlock> <Opcode : 'add' 'sub'> <InPorts = 3> <OutPorts = 1> <Sync> <CReg>
ST_1 : Operation 1662 [1/1] (0.30ns) (root node of TernaryAdder)   --->   "%add_ln840_712 = add i3 %add_ln840_711, i3 %zext_ln840_138"   --->   Operation 1662 'add' 'add_ln840_712' <Predicate = true> <Delay = 0.30> <CoreInst = "TAddSub">   --->   Core 10 'TAddSub' <Latency = 0> <II = 1> <Delay = 0.23> <IPBlock> <Opcode : 'add' 'sub'> <InPorts = 3> <OutPorts = 1> <Sync> <CReg>
ST_1 : Operation 1663 [1/1] (0.00ns)   --->   "%zext_ln840_778 = zext i3 %add_ln840_712"   --->   Operation 1663 'zext' 'zext_ln840_778' <Predicate = true> <Delay = 0.00>
ST_1 : Operation 1664 [1/1] (0.00ns) (grouped into TernaryAdder)   --->   "%add_ln840_713 = add i4 %zext_ln840_778, i4 %zext_ln840_777"   --->   Operation 1664 'add' 'add_ln840_713' <Predicate = true> <Delay = 0.00> <CoreInst = "TAddSub">   --->   Core 10 'TAddSub' <Latency = 0> <II = 1> <Delay = 0.23> <IPBlock> <Opcode : 'add' 'sub'> <InPorts = 3> <OutPorts = 1> <Sync> <CReg>
ST_1 : Operation 1665 [1/1] (0.46ns) (root node of TernaryAdder)   --->   "%add_ln840_714 = add i4 %add_ln840_713, i4 %zext_ln840_776"   --->   Operation 1665 'add' 'add_ln840_714' <Predicate = true> <Delay = 0.46> <CoreInst = "TAddSub">   --->   Core 10 'TAddSub' <Latency = 0> <II = 1> <Delay = 0.23> <IPBlock> <Opcode : 'add' 'sub'> <InPorts = 3> <OutPorts = 1> <Sync> <CReg>
ST_1 : Operation 1666 [1/1] (0.00ns)   --->   "%zext_ln840_779 = zext i4 %add_ln840_714"   --->   Operation 1666 'zext' 'zext_ln840_779' <Predicate = true> <Delay = 0.00>
ST_1 : Operation 1667 [1/1] (0.79ns)   --->   "%add_ln840_715 = add i5 %zext_ln840_779, i5 %zext_ln840_773"   --->   Operation 1667 'add' 'add_ln840_715' <Predicate = true> <Delay = 0.79> <CoreInst = "Adder">   --->   Core 1 'Adder' <Latency = 0> <II = 1> <Delay = 0.79> <FuncUnit> <Opcode : 'add' 'sub'> <InPorts = 2> <OutPorts = 1>
ST_1 : Operation 1668 [1/1] (0.00ns)   --->   "%zext_ln840_780 = zext i5 %add_ln840_715"   --->   Operation 1668 'zext' 'zext_ln840_780' <Predicate = true> <Delay = 0.00>
ST_1 : Operation 1669 [1/1] (0.78ns)   --->   "%add_ln840_716 = add i6 %zext_ln840_780, i6 %zext_ln840_768"   --->   Operation 1669 'add' 'add_ln840_716' <Predicate = true> <Delay = 0.78> <CoreInst = "Adder">   --->   Core 1 'Adder' <Latency = 0> <II = 1> <Delay = 0.78> <FuncUnit> <Opcode : 'add' 'sub'> <InPorts = 2> <OutPorts = 1>
ST_1 : Operation 1670 [1/1] (0.00ns)   --->   "%zext_ln840_781 = zext i6 %add_ln840_716"   --->   Operation 1670 'zext' 'zext_ln840_781' <Predicate = true> <Delay = 0.00>
ST_1 : Operation 1671 [1/1] (0.78ns)   --->   "%add_ln840_717 = add i7 %zext_ln840_781, i7 %zext_ln840_755"   --->   Operation 1671 'add' 'add_ln840_717' <Predicate = true> <Delay = 0.78> <CoreInst = "Adder">   --->   Core 1 'Adder' <Latency = 0> <II = 1> <Delay = 0.78> <FuncUnit> <Opcode : 'add' 'sub'> <InPorts = 2> <OutPorts = 1>
ST_1 : Operation 1672 [1/1] (0.00ns)   --->   "%p_Result_s = bitconcatenate i79 @_ssdm_op_BitConcatenate.i79.i7.i8.i8.i8.i8.i8.i8.i8.i8.i8, i7 %add_ln840_717, i8 %zext_ln840_727, i8 %zext_ln840_671, i8 %zext_ln840_612, i8 %zext_ln840_552, i8 %zext_ln840_490, i8 %zext_ln840_429, i8 %zext_ln840_364, i8 %zext_ln840_298, i8 %zext_ln840_201"   --->   Operation 1672 'bitconcatenate' 'p_Result_s' <Predicate = true> <Delay = 0.00>
ST_1 : Operation 1673 [1/1] (0.00ns)   --->   "%zext_ln368 = zext i79 %p_Result_s"   --->   Operation 1673 'zext' 'zext_ln368' <Predicate = true> <Delay = 0.00>
ST_1 : Operation 1674 [1/1] (0.00ns)   --->   "%write_ln171 = write void @_ssdm_op_Write.axis.volatile.i80P128A, i80 %out0_V, i80 %zext_ln368" [/home/changhong/prj/finn/deps/finn-hlslib/mvau.hpp:171]   --->   Operation 1674 'write' 'write_ln171' <Predicate = true> <Delay = 0.00> <CoreInst = "axis">   --->   Core 123 'axis' <Latency = 0> <II = 1> <Delay = 1.00> <Adapter> <Opcode : >

State 2 <SV = 1> <Delay = 0.00>
ST_2 : Operation 1675 [1/1] (0.00ns)   --->   "%specinterface_ln0 = specinterface void @_ssdm_op_SpecInterface, i80 %out0_V, void @empty, i32 0, i32 0, void @empty_0, i32 0, i32 0, void @empty_1, void @empty_1, void @empty_1, i32 0, i32 0, i32 0, i32 0, void @empty_1, void @empty_1, i32 4294967295, i32 0"   --->   Operation 1675 'specinterface' 'specinterface_ln0' <Predicate = true> <Delay = 0.00>
ST_2 : Operation 1676 [1/1] (0.00ns)   --->   "%specinterface_ln0 = specinterface void @_ssdm_op_SpecInterface, i88 %in0_V, void @empty, i32 0, i32 0, void @empty_0, i32 0, i32 0, void @empty_1, void @empty_1, void @empty_1, i32 0, i32 0, i32 0, i32 0, void @empty_1, void @empty_1, i32 4294967295, i32 0"   --->   Operation 1676 'specinterface' 'specinterface_ln0' <Predicate = true> <Delay = 0.00>
ST_2 : Operation 1677 [1/1] (0.00ns)   --->   "%ret_ln180 = ret" [/home/changhong/prj/finn/deps/finn-hlslib/mvau.hpp:180]   --->   Operation 1677 'ret' 'ret_ln180' <Predicate = true> <Delay = 0.00>


============================================================
+ Verbose Summary: Timing violations
============================================================
Target clock period: 10ns, clock uncertainty: 2.7ns.

 <State 1>: 6.11ns
The critical path consists of the following:
	axis read operation ('in0_V_read', /home/changhong/prj/finn/deps/finn-hlslib/mvau.hpp:128) on port 'in0_V' (/home/changhong/prj/finn/deps/finn-hlslib/mvau.hpp:128) [5]  (0 ns)
	'xor' operation ('xor_ln840') [8]  (0.287 ns)
	'add' operation ('add_ln840') [12]  (0.548 ns)
	'add' operation ('add_ln840_1') [15]  (0.548 ns)
	'add' operation ('add_ln840_162') [627]  (0.548 ns)
	'add' operation ('add_ln840_231') [762]  (0.673 ns)
	'add' operation ('add_ln840_232') [764]  (0.673 ns)
	'add' operation ('add_ln840_233') [765]  (0 ns)
	'add' operation ('add_ln840_234') [766]  (0.469 ns)
	'add' operation ('add_ln840_235') [768]  (0.797 ns)
	'add' operation ('add_ln840_236') [770]  (0.789 ns)
	'add' operation ('add_ln840_237') [772]  (0.781 ns)

 <State 2>: 0ns
The critical path consists of the following:


============================================================
+ Verbose Summary: Binding
============================================================
N/A
* FSMD analyzer results:
  - Output states:
 - Input state : 
  - Chain level:
	State 1
	State 2


============================================================
+ Verbose Summary: Datapath Resource usage 
============================================================
N/A
