

================================================================
== Vitis HLS Report for 'Matrix_Vector_Activate_Stream_Batch'
================================================================
* Date:           Sun Jun 22 17:09:04 2025

* Version:        2022.2 (Build 3670227 on Oct 13 2022)
* Project:        project_MVAU_hls_1
* Solution:       sol1 (Vivado IP Flow Target)
* Product family: zynquplus
* Target device:  xczu7ev-ffvc1156-2-e


================================================================
== Performance Estimates
================================================================
+ Timing: 
    * Summary: 
    +--------+----------+----------+------------+
    |  Clock |  Target  | Estimated| Uncertainty|
    +--------+----------+----------+------------+
    |ap_clk  |  10.00 ns|  4.618 ns|     2.70 ns|
    +--------+----------+----------+------------+

+ Latency: 
    * Summary: 
    +---------+---------+-----------+-----------+------+------+---------+
    |  Latency (cycles) |   Latency (absolute)  |   Interval  | Pipeline|
    |   min   |   max   |    min    |    max    |  min |  max |   Type  |
    +---------+---------+-----------+-----------+------+------+---------+
    |     1003|     1003|  10.030 us|  10.030 us|  1003|  1003|       no|
    +---------+---------+-----------+-----------+------+------+---------+

    + Detail: 
        * Instance: 
        N/A

        * Loop: 
        +--------------------+---------+---------+----------+-----------+-----------+------+----------+
        |                    |  Latency (cycles) | Iteration|  Initiation Interval  | Trip |          |
        |      Loop Name     |   min   |   max   |  Latency |  achieved |   target  | Count| Pipelined|
        +--------------------+---------+---------+----------+-----------+-----------+------+----------+
        |- VITIS_LOOP_249_1  |     1001|     1001|         3|          1|          1|  1000|  yes(flp)|
        +--------------------+---------+---------+----------+-----------+-----------+------+----------+

============================================================
+ Verbose Summary: Synthesis Manager
============================================================
InlineROM: 1
ExposeGlobal: 0
============================================================
+ Verbose Summary: CDFG Model
============================================================
IsTopModel: 0
ResetActiveHigh: 1
IsCombinational: 0
IsDatapathOnly: 0
HasWiredReturn: 1
HasMFsm: 1
HasVarLatency: 1
IsPipeline: 0
IsRtlPipelined: 0
IsInstanceOverlapped: 0
IsDontTouch: 0
HasImplIP: 0
IsGatedGlobalClock: 0

+ Individual pipeline summary: 
  * Pipeline-0: initiation interval (II) = 1, depth = 3


============================================================
+ Verbose Summary: Schedule
============================================================
* Number of FSM states : 3
* Pipeline : 1
  Pipeline-0 : II = 1, D = 3, States = { 1 2 3 }
* Dataflow Pipeline: 0

* FSM state transitions: 
1 --> 2 
2 --> 3 
3 --> 

* FSM state operations: 

State 1 <SV = 0> <Delay = 4.61>
ST_1 : Operation 6 [1/1] (0.00ns)   --->   "%sf = alloca i32 1"   --->   Operation 6 'alloca' 'sf' <Predicate = true> <Delay = 0.00>
ST_1 : Operation 7 [1/1] (0.00ns)   --->   "%i = alloca i32 1"   --->   Operation 7 'alloca' 'i' <Predicate = true> <Delay = 0.00>
ST_1 : Operation 8 [1/1] (0.00ns)   --->   "%empty = alloca i32 1"   --->   Operation 8 'alloca' 'empty' <Predicate = true> <Delay = 0.00>
ST_1 : Operation 9 [1/1] (0.00ns)   --->   "%add_i_i_i3_1_29238 = alloca i32 1"   --->   Operation 9 'alloca' 'add_i_i_i3_1_29238' <Predicate = true> <Delay = 0.00>
ST_1 : Operation 10 [1/1] (0.00ns)   --->   "%add_i_i_i3_2_29240 = alloca i32 1"   --->   Operation 10 'alloca' 'add_i_i_i3_2_29240' <Predicate = true> <Delay = 0.00>
ST_1 : Operation 11 [1/1] (0.00ns)   --->   "%add_i_i_i3_3_29242 = alloca i32 1"   --->   Operation 11 'alloca' 'add_i_i_i3_3_29242' <Predicate = true> <Delay = 0.00>
ST_1 : Operation 12 [1/1] (0.00ns)   --->   "%add_i_i_i3_4_29244 = alloca i32 1"   --->   Operation 12 'alloca' 'add_i_i_i3_4_29244' <Predicate = true> <Delay = 0.00>
ST_1 : Operation 13 [1/1] (0.00ns)   --->   "%add_i_i_i3_5_29246 = alloca i32 1"   --->   Operation 13 'alloca' 'add_i_i_i3_5_29246' <Predicate = true> <Delay = 0.00>
ST_1 : Operation 14 [1/1] (0.00ns)   --->   "%add_i_i_i3_6_29248 = alloca i32 1"   --->   Operation 14 'alloca' 'add_i_i_i3_6_29248' <Predicate = true> <Delay = 0.00>
ST_1 : Operation 15 [1/1] (0.00ns)   --->   "%add_i_i_i3_7_29250 = alloca i32 1"   --->   Operation 15 'alloca' 'add_i_i_i3_7_29250' <Predicate = true> <Delay = 0.00>
ST_1 : Operation 16 [1/1] (0.00ns)   --->   "%inputBuf_V = alloca i32 1"   --->   Operation 16 'alloca' 'inputBuf_V' <Predicate = true> <Delay = 0.00>
ST_1 : Operation 17 [1/1] (0.00ns)   --->   "%inputBuf_V_1 = alloca i32 1"   --->   Operation 17 'alloca' 'inputBuf_V_1' <Predicate = true> <Delay = 0.00>
ST_1 : Operation 18 [1/1] (0.00ns)   --->   "%inputBuf_V_2 = alloca i32 1"   --->   Operation 18 'alloca' 'inputBuf_V_2' <Predicate = true> <Delay = 0.00>
ST_1 : Operation 19 [1/1] (0.00ns)   --->   "%inputBuf_V_3 = alloca i32 1"   --->   Operation 19 'alloca' 'inputBuf_V_3' <Predicate = true> <Delay = 0.00>
ST_1 : Operation 20 [1/1] (0.00ns)   --->   "%inputBuf_V_4 = alloca i32 1"   --->   Operation 20 'alloca' 'inputBuf_V_4' <Predicate = true> <Delay = 0.00>
ST_1 : Operation 21 [1/1] (0.00ns)   --->   "%nf_1 = alloca i32 1"   --->   Operation 21 'alloca' 'nf_1' <Predicate = true> <Delay = 0.00>
ST_1 : Operation 22 [1/1] (0.00ns)   --->   "%specinterface_ln0 = specinterface void @_ssdm_op_SpecInterface, i8 %out0_V, void @empty, i32 0, i32 0, void @empty_0, i32 0, i32 0, void @empty_1, void @empty_1, void @empty_1, i32 0, i32 0, i32 0, i32 0, void @empty_1, void @empty_1, i32 4294967295, i32 0"   --->   Operation 22 'specinterface' 'specinterface_ln0' <Predicate = true> <Delay = 0.00>
ST_1 : Operation 23 [1/1] (0.00ns)   --->   "%specinterface_ln0 = specinterface void @_ssdm_op_SpecInterface, i240 %in1_V, void @empty, i32 0, i32 0, void @empty_0, i32 0, i32 0, void @empty_1, void @empty_1, void @empty_1, i32 0, i32 0, i32 0, i32 0, void @empty_1, void @empty_1, i32 4294967295, i32 0"   --->   Operation 23 'specinterface' 'specinterface_ln0' <Predicate = true> <Delay = 0.00>
ST_1 : Operation 24 [1/1] (0.00ns)   --->   "%specinterface_ln0 = specinterface void @_ssdm_op_SpecInterface, i32 %in0_V, void @empty, i32 0, i32 0, void @empty_0, i32 0, i32 0, void @empty_1, void @empty_1, void @empty_1, i32 0, i32 0, i32 0, i32 0, void @empty_1, void @empty_1, i32 4294967295, i32 0"   --->   Operation 24 'specinterface' 'specinterface_ln0' <Predicate = true> <Delay = 0.00>
ST_1 : Operation 25 [1/1] (0.42ns)   --->   "%store_ln249 = store i32 0, i32 %nf_1" [/home/changhong/prj/finn/deps/finn-hlslib/mvau.hpp:249]   --->   Operation 25 'store' 'store_ln249' <Predicate = true> <Delay = 0.42>
ST_1 : Operation 26 [1/1] (0.42ns)   --->   "%store_ln249 = store i10 0, i10 %i" [/home/changhong/prj/finn/deps/finn-hlslib/mvau.hpp:249]   --->   Operation 26 'store' 'store_ln249' <Predicate = true> <Delay = 0.42>
ST_1 : Operation 27 [1/1] (0.42ns)   --->   "%store_ln249 = store i32 0, i32 %sf" [/home/changhong/prj/finn/deps/finn-hlslib/mvau.hpp:249]   --->   Operation 27 'store' 'store_ln249' <Predicate = true> <Delay = 0.42>
ST_1 : Operation 28 [1/1] (0.00ns)   --->   "%br_ln249 = br void %for.body" [/home/changhong/prj/finn/deps/finn-hlslib/mvau.hpp:249]   --->   Operation 28 'br' 'br_ln249' <Predicate = true> <Delay = 0.00>
ST_1 : Operation 29 [1/1] (0.00ns)   --->   "%sf_1 = load i32 %sf" [/home/changhong/prj/finn/deps/finn-hlslib/mvau.hpp:261]   --->   Operation 29 'load' 'sf_1' <Predicate = true> <Delay = 0.00>
ST_1 : Operation 30 [1/1] (0.00ns)   --->   "%i_1 = load i10 %i" [/home/changhong/prj/finn/deps/finn-hlslib/mvau.hpp:249]   --->   Operation 30 'load' 'i_1' <Predicate = true> <Delay = 0.00>
ST_1 : Operation 31 [1/1] (0.00ns)   --->   "%nf_2 = load i32 %nf_1" [/home/changhong/prj/finn/deps/finn-hlslib/mvau.hpp:302]   --->   Operation 31 'load' 'nf_2' <Predicate = true> <Delay = 0.00>
ST_1 : Operation 32 [1/1] (0.91ns)   --->   "%icmp_ln249 = icmp_eq  i10 %i_1, i10 1000" [/home/changhong/prj/finn/deps/finn-hlslib/mvau.hpp:249]   --->   Operation 32 'icmp' 'icmp_ln249' <Predicate = true> <Delay = 0.91> <CoreInst = "Cmp">   --->   Core 9 'Cmp' <Latency = 0> <II = 1> <Delay = 0.91> <FuncUnit> <Opcode : 'icmp'> <InPorts = 2> <OutPorts = 1>
ST_1 : Operation 33 [1/1] (0.00ns)   --->   "%empty_125 = speclooptripcount i32 @_ssdm_op_SpecLoopTripCount, i64 1000, i64 1000, i64 1000"   --->   Operation 33 'speclooptripcount' 'empty_125' <Predicate = true> <Delay = 0.00>
ST_1 : Operation 34 [1/1] (0.78ns)   --->   "%i_2 = add i10 %i_1, i10 1" [/home/changhong/prj/finn/deps/finn-hlslib/mvau.hpp:249]   --->   Operation 34 'add' 'i_2' <Predicate = true> <Delay = 0.78> <CoreInst = "Adder">   --->   Core 1 'Adder' <Latency = 0> <II = 1> <Delay = 0.78> <FuncUnit> <Opcode : 'add' 'sub'> <InPorts = 2> <OutPorts = 1>
ST_1 : Operation 35 [1/1] (0.00ns)   --->   "%br_ln249 = br i1 %icmp_ln249, void %for.body.split, void %for.end92" [/home/changhong/prj/finn/deps/finn-hlslib/mvau.hpp:249]   --->   Operation 35 'br' 'br_ln249' <Predicate = true> <Delay = 0.00>
ST_1 : Operation 36 [1/1] (0.00ns)   --->   "%specpipeline_ln250 = specpipeline void @_ssdm_op_SpecPipeline, i32 1, i32 2, i32 0, i32 0, void @empty_1" [/home/changhong/prj/finn/deps/finn-hlslib/mvau.hpp:250]   --->   Operation 36 'specpipeline' 'specpipeline_ln250' <Predicate = (!icmp_ln249)> <Delay = 0.00>
ST_1 : Operation 37 [1/1] (0.00ns)   --->   "%specloopname_ln231 = specloopname void @_ssdm_op_SpecLoopName, void @empty_4" [/home/changhong/prj/finn/deps/finn-hlslib/mvau.hpp:231]   --->   Operation 37 'specloopname' 'specloopname_ln231' <Predicate = (!icmp_ln249)> <Delay = 0.00>
ST_1 : Operation 38 [1/1] (0.99ns)   --->   "%icmp_ln253 = icmp_eq  i32 %nf_2, i32 0" [/home/changhong/prj/finn/deps/finn-hlslib/mvau.hpp:253]   --->   Operation 38 'icmp' 'icmp_ln253' <Predicate = (!icmp_ln249)> <Delay = 0.99> <CoreInst = "Cmp">   --->   Core 9 'Cmp' <Latency = 0> <II = 1> <Delay = 0.99> <FuncUnit> <Opcode : 'icmp'> <InPorts = 2> <OutPorts = 1>
ST_1 : Operation 39 [1/1] (0.00ns)   --->   "%br_ln253 = br i1 %icmp_ln253, void %if.else, void %if.then" [/home/changhong/prj/finn/deps/finn-hlslib/mvau.hpp:253]   --->   Operation 39 'br' 'br_ln253' <Predicate = (!icmp_ln249)> <Delay = 0.00>
ST_1 : Operation 40 [1/1] (0.00ns)   --->   "%inputBuf_V_load = load i30 %inputBuf_V" [/home/changhong/prj/finn/deps/finn-hlslib/mvau.hpp:261]   --->   Operation 40 'load' 'inputBuf_V_load' <Predicate = (!icmp_ln249 & !icmp_ln253)> <Delay = 0.00>
ST_1 : Operation 41 [1/1] (0.00ns)   --->   "%inputBuf_V_1_load = load i30 %inputBuf_V_1" [/home/changhong/prj/finn/deps/finn-hlslib/mvau.hpp:261]   --->   Operation 41 'load' 'inputBuf_V_1_load' <Predicate = (!icmp_ln249 & !icmp_ln253)> <Delay = 0.00>
ST_1 : Operation 42 [1/1] (0.00ns)   --->   "%inputBuf_V_2_load = load i30 %inputBuf_V_2" [/home/changhong/prj/finn/deps/finn-hlslib/mvau.hpp:261]   --->   Operation 42 'load' 'inputBuf_V_2_load' <Predicate = (!icmp_ln249 & !icmp_ln253)> <Delay = 0.00>
ST_1 : Operation 43 [1/1] (0.00ns)   --->   "%inputBuf_V_3_load = load i30 %inputBuf_V_3" [/home/changhong/prj/finn/deps/finn-hlslib/mvau.hpp:261]   --->   Operation 43 'load' 'inputBuf_V_3_load' <Predicate = (!icmp_ln249 & !icmp_ln253)> <Delay = 0.00>
ST_1 : Operation 44 [1/1] (0.00ns)   --->   "%inputBuf_V_4_load = load i30 %inputBuf_V_4" [/home/changhong/prj/finn/deps/finn-hlslib/mvau.hpp:261]   --->   Operation 44 'load' 'inputBuf_V_4_load' <Predicate = (!icmp_ln249 & !icmp_ln253)> <Delay = 0.00>
ST_1 : Operation 45 [1/1] (0.00ns)   --->   "%trunc_ln261 = trunc i32 %sf_1" [/home/changhong/prj/finn/deps/finn-hlslib/mvau.hpp:261]   --->   Operation 45 'trunc' 'trunc_ln261' <Predicate = (!icmp_ln249 & !icmp_ln253)> <Delay = 0.00>
ST_1 : Operation 46 [1/1] (0.57ns)   --->   "%tmp = mux i30 @_ssdm_op_Mux.ap_auto.5i30.i3, i30 %inputBuf_V_load, i30 %inputBuf_V_1_load, i30 %inputBuf_V_2_load, i30 %inputBuf_V_3_load, i30 %inputBuf_V_4_load, i3 %trunc_ln261" [/home/changhong/prj/finn/deps/finn-hlslib/mvau.hpp:261]   --->   Operation 46 'mux' 'tmp' <Predicate = (!icmp_ln249 & !icmp_ln253)> <Delay = 0.57> <CoreInst = "Multiplexer">   --->   Core 76 'Multiplexer' <Latency = 0> <II = 1> <Delay = 0.57> <FuncUnit> <Opcode : 'mux'> <InPorts = 2> <OutPorts = 1>
ST_1 : Operation 47 [1/1] (0.42ns)   --->   "%br_ln0 = br void %for.inc"   --->   Operation 47 'br' 'br_ln0' <Predicate = (!icmp_ln249 & !icmp_ln253)> <Delay = 0.42>
ST_1 : Operation 48 [1/1] (0.00ns)   --->   "%in0_V_read = read i32 @_ssdm_op_Read.axis.volatile.i32P128A, i32 %in0_V" [/home/changhong/prj/finn/deps/finn-hlslib/mvau.hpp:255]   --->   Operation 48 'read' 'in0_V_read' <Predicate = (!icmp_ln249 & icmp_ln253)> <Delay = 0.00> <CoreInst = "axis">   --->   Core 123 'axis' <Latency = 0> <II = 1> <Delay = 1.00> <Adapter> <Opcode : >
ST_1 : Operation 49 [1/1] (0.00ns)   --->   "%inElem = trunc i32 %in0_V_read" [/home/changhong/prj/finn/deps/finn-hlslib/mvau.hpp:255]   --->   Operation 49 'trunc' 'inElem' <Predicate = (!icmp_ln249 & icmp_ln253)> <Delay = 0.00>
ST_1 : Operation 50 [1/1] (0.00ns)   --->   "%trunc_ln257 = trunc i32 %sf_1" [/home/changhong/prj/finn/deps/finn-hlslib/mvau.hpp:257]   --->   Operation 50 'trunc' 'trunc_ln257' <Predicate = (!icmp_ln249 & icmp_ln253)> <Delay = 0.00>
ST_1 : Operation 51 [1/1] (0.44ns)   --->   "%switch_ln257 = switch i3 %trunc_ln257, void %arrayidx.case.4, i3 0, void %arrayidx.case.0, i3 1, void %arrayidx.case.1, i3 2, void %arrayidx.case.2, i3 3, void %if.then.for.inc_crit_edge" [/home/changhong/prj/finn/deps/finn-hlslib/mvau.hpp:257]   --->   Operation 51 'switch' 'switch_ln257' <Predicate = (!icmp_ln249 & icmp_ln253)> <Delay = 0.44>
ST_1 : Operation 52 [1/1] (0.00ns)   --->   "%store_ln257 = store i30 %inElem, i30 %inputBuf_V_3" [/home/changhong/prj/finn/deps/finn-hlslib/mvau.hpp:257]   --->   Operation 52 'store' 'store_ln257' <Predicate = (!icmp_ln249 & icmp_ln253 & trunc_ln257 == 3)> <Delay = 0.00>
ST_1 : Operation 53 [1/1] (0.42ns)   --->   "%br_ln257 = br void %for.inc" [/home/changhong/prj/finn/deps/finn-hlslib/mvau.hpp:257]   --->   Operation 53 'br' 'br_ln257' <Predicate = (!icmp_ln249 & icmp_ln253 & trunc_ln257 == 3)> <Delay = 0.42>
ST_1 : Operation 54 [1/1] (0.00ns)   --->   "%store_ln257 = store i30 %inElem, i30 %inputBuf_V_2" [/home/changhong/prj/finn/deps/finn-hlslib/mvau.hpp:257]   --->   Operation 54 'store' 'store_ln257' <Predicate = (!icmp_ln249 & icmp_ln253 & trunc_ln257 == 2)> <Delay = 0.00>
ST_1 : Operation 55 [1/1] (0.42ns)   --->   "%br_ln257 = br void %for.inc" [/home/changhong/prj/finn/deps/finn-hlslib/mvau.hpp:257]   --->   Operation 55 'br' 'br_ln257' <Predicate = (!icmp_ln249 & icmp_ln253 & trunc_ln257 == 2)> <Delay = 0.42>
ST_1 : Operation 56 [1/1] (0.00ns)   --->   "%store_ln257 = store i30 %inElem, i30 %inputBuf_V_1" [/home/changhong/prj/finn/deps/finn-hlslib/mvau.hpp:257]   --->   Operation 56 'store' 'store_ln257' <Predicate = (!icmp_ln249 & icmp_ln253 & trunc_ln257 == 1)> <Delay = 0.00>
ST_1 : Operation 57 [1/1] (0.42ns)   --->   "%br_ln257 = br void %for.inc" [/home/changhong/prj/finn/deps/finn-hlslib/mvau.hpp:257]   --->   Operation 57 'br' 'br_ln257' <Predicate = (!icmp_ln249 & icmp_ln253 & trunc_ln257 == 1)> <Delay = 0.42>
ST_1 : Operation 58 [1/1] (0.00ns)   --->   "%store_ln257 = store i30 %inElem, i30 %inputBuf_V" [/home/changhong/prj/finn/deps/finn-hlslib/mvau.hpp:257]   --->   Operation 58 'store' 'store_ln257' <Predicate = (!icmp_ln249 & icmp_ln253 & trunc_ln257 == 0)> <Delay = 0.00>
ST_1 : Operation 59 [1/1] (0.42ns)   --->   "%br_ln257 = br void %for.inc" [/home/changhong/prj/finn/deps/finn-hlslib/mvau.hpp:257]   --->   Operation 59 'br' 'br_ln257' <Predicate = (!icmp_ln249 & icmp_ln253 & trunc_ln257 == 0)> <Delay = 0.42>
ST_1 : Operation 60 [1/1] (0.00ns)   --->   "%store_ln257 = store i30 %inElem, i30 %inputBuf_V_4" [/home/changhong/prj/finn/deps/finn-hlslib/mvau.hpp:257]   --->   Operation 60 'store' 'store_ln257' <Predicate = (!icmp_ln249 & icmp_ln253 & trunc_ln257 != 0 & trunc_ln257 != 1 & trunc_ln257 != 2 & trunc_ln257 != 3)> <Delay = 0.00>
ST_1 : Operation 61 [1/1] (0.42ns)   --->   "%br_ln257 = br void %for.inc" [/home/changhong/prj/finn/deps/finn-hlslib/mvau.hpp:257]   --->   Operation 61 'br' 'br_ln257' <Predicate = (!icmp_ln249 & icmp_ln253 & trunc_ln257 != 0 & trunc_ln257 != 1 & trunc_ln257 != 2 & trunc_ln257 != 3)> <Delay = 0.42>
ST_1 : Operation 62 [1/1] (0.00ns)   --->   "%inElem_1 = phi i30 %tmp, void %if.else, i30 %inElem, void %arrayidx.case.2, i30 %inElem, void %arrayidx.case.1, i30 %inElem, void %arrayidx.case.0, i30 %inElem, void %if.then.for.inc_crit_edge, i30 %inElem, void %arrayidx.case.4"   --->   Operation 62 'phi' 'inElem_1' <Predicate = (!icmp_ln249)> <Delay = 0.00>
ST_1 : Operation 63 [1/1] (0.00ns)   --->   "%p_load = load i8 %empty" [/home/changhong/prj/finn/deps/finn-hlslib/mvau.hpp:272]   --->   Operation 63 'load' 'p_load' <Predicate = (!icmp_ln249)> <Delay = 0.00>
ST_1 : Operation 64 [1/1] (0.00ns)   --->   "%add_i_i_i3_1_29238_load = load i8 %add_i_i_i3_1_29238" [/home/changhong/prj/finn/deps/finn-hlslib/mvau.hpp:272]   --->   Operation 64 'load' 'add_i_i_i3_1_29238_load' <Predicate = (!icmp_ln249)> <Delay = 0.00>
ST_1 : Operation 65 [1/1] (0.00ns)   --->   "%add_i_i_i3_2_29240_load = load i8 %add_i_i_i3_2_29240" [/home/changhong/prj/finn/deps/finn-hlslib/mvau.hpp:272]   --->   Operation 65 'load' 'add_i_i_i3_2_29240_load' <Predicate = (!icmp_ln249)> <Delay = 0.00>
ST_1 : Operation 66 [1/1] (0.00ns)   --->   "%add_i_i_i3_3_29242_load = load i8 %add_i_i_i3_3_29242" [/home/changhong/prj/finn/deps/finn-hlslib/mvau.hpp:272]   --->   Operation 66 'load' 'add_i_i_i3_3_29242_load' <Predicate = (!icmp_ln249)> <Delay = 0.00>
ST_1 : Operation 67 [1/1] (0.00ns)   --->   "%add_i_i_i3_4_29244_load = load i8 %add_i_i_i3_4_29244" [/home/changhong/prj/finn/deps/finn-hlslib/mvau.hpp:272]   --->   Operation 67 'load' 'add_i_i_i3_4_29244_load' <Predicate = (!icmp_ln249)> <Delay = 0.00>
ST_1 : Operation 68 [1/1] (0.00ns)   --->   "%add_i_i_i3_5_29246_load = load i8 %add_i_i_i3_5_29246" [/home/changhong/prj/finn/deps/finn-hlslib/mvau.hpp:272]   --->   Operation 68 'load' 'add_i_i_i3_5_29246_load' <Predicate = (!icmp_ln249)> <Delay = 0.00>
ST_1 : Operation 69 [1/1] (0.00ns)   --->   "%add_i_i_i3_6_29248_load = load i8 %add_i_i_i3_6_29248" [/home/changhong/prj/finn/deps/finn-hlslib/mvau.hpp:272]   --->   Operation 69 'load' 'add_i_i_i3_6_29248_load' <Predicate = (!icmp_ln249)> <Delay = 0.00>
ST_1 : Operation 70 [1/1] (0.00ns)   --->   "%add_i_i_i3_7_29250_load = load i8 %add_i_i_i3_7_29250" [/home/changhong/prj/finn/deps/finn-hlslib/mvau.hpp:272]   --->   Operation 70 'load' 'add_i_i_i3_7_29250_load' <Predicate = (!icmp_ln249)> <Delay = 0.00>
ST_1 : Operation 71 [1/1] (0.00ns)   --->   "%p_Result_s = trunc i30 %inElem_1" [/home/changhong/prj/finn/deps/finn-hlslib/mvau.hpp:231]   --->   Operation 71 'trunc' 'p_Result_s' <Predicate = (!icmp_ln249)> <Delay = 0.00>
ST_1 : Operation 72 [1/1] (0.00ns)   --->   "%W_packed_V = read i240 @_ssdm_op_Read.axis.volatile.i240P128A, i240 %in1_V" [/home/changhong/prj/finn/deps/finn-hlslib/mvau.hpp:265]   --->   Operation 72 'read' 'W_packed_V' <Predicate = (!icmp_ln249)> <Delay = 0.00> <CoreInst = "axis">   --->   Core 123 'axis' <Latency = 0> <II = 1> <Delay = 1.00> <Adapter> <Opcode : >
ST_1 : Operation 73 [1/1] (0.99ns)   --->   "%icmp_ln272 = icmp_eq  i32 %sf_1, i32 0" [/home/changhong/prj/finn/deps/finn-hlslib/mvau.hpp:272]   --->   Operation 73 'icmp' 'icmp_ln272' <Predicate = (!icmp_ln249)> <Delay = 0.99> <CoreInst = "Cmp">   --->   Core 9 'Cmp' <Latency = 0> <II = 1> <Delay = 0.99> <FuncUnit> <Opcode : 'icmp'> <InPorts = 2> <OutPorts = 1>
ST_1 : Operation 74 [1/1] (0.39ns)   --->   "%select_ln272 = select i1 %icmp_ln272, i8 0, i8 %add_i_i_i3_7_29250_load" [/home/changhong/prj/finn/deps/finn-hlslib/mvau.hpp:272]   --->   Operation 74 'select' 'select_ln272' <Predicate = (!icmp_ln249)> <Delay = 0.39> <CoreInst = "Sel">   --->   Core 73 'Sel' <Latency = 0> <II = 1> <Delay = 0.39> <FuncUnit> <Opcode : 'select'> <InPorts = 3> <OutPorts = 1>
ST_1 : Operation 75 [1/1] (0.39ns)   --->   "%select_ln272_1 = select i1 %icmp_ln272, i8 0, i8 %add_i_i_i3_6_29248_load" [/home/changhong/prj/finn/deps/finn-hlslib/mvau.hpp:272]   --->   Operation 75 'select' 'select_ln272_1' <Predicate = (!icmp_ln249)> <Delay = 0.39> <CoreInst = "Sel">   --->   Core 73 'Sel' <Latency = 0> <II = 1> <Delay = 0.39> <FuncUnit> <Opcode : 'select'> <InPorts = 3> <OutPorts = 1>
ST_1 : Operation 76 [1/1] (0.39ns)   --->   "%select_ln272_2 = select i1 %icmp_ln272, i8 0, i8 %add_i_i_i3_5_29246_load" [/home/changhong/prj/finn/deps/finn-hlslib/mvau.hpp:272]   --->   Operation 76 'select' 'select_ln272_2' <Predicate = (!icmp_ln249)> <Delay = 0.39> <CoreInst = "Sel">   --->   Core 73 'Sel' <Latency = 0> <II = 1> <Delay = 0.39> <FuncUnit> <Opcode : 'select'> <InPorts = 3> <OutPorts = 1>
ST_1 : Operation 77 [1/1] (0.39ns)   --->   "%select_ln272_3 = select i1 %icmp_ln272, i8 0, i8 %add_i_i_i3_4_29244_load" [/home/changhong/prj/finn/deps/finn-hlslib/mvau.hpp:272]   --->   Operation 77 'select' 'select_ln272_3' <Predicate = (!icmp_ln249)> <Delay = 0.39> <CoreInst = "Sel">   --->   Core 73 'Sel' <Latency = 0> <II = 1> <Delay = 0.39> <FuncUnit> <Opcode : 'select'> <InPorts = 3> <OutPorts = 1>
ST_1 : Operation 78 [1/1] (0.39ns)   --->   "%select_ln272_4 = select i1 %icmp_ln272, i8 0, i8 %add_i_i_i3_3_29242_load" [/home/changhong/prj/finn/deps/finn-hlslib/mvau.hpp:272]   --->   Operation 78 'select' 'select_ln272_4' <Predicate = (!icmp_ln249)> <Delay = 0.39> <CoreInst = "Sel">   --->   Core 73 'Sel' <Latency = 0> <II = 1> <Delay = 0.39> <FuncUnit> <Opcode : 'select'> <InPorts = 3> <OutPorts = 1>
ST_1 : Operation 79 [1/1] (0.39ns)   --->   "%select_ln272_5 = select i1 %icmp_ln272, i8 0, i8 %add_i_i_i3_2_29240_load" [/home/changhong/prj/finn/deps/finn-hlslib/mvau.hpp:272]   --->   Operation 79 'select' 'select_ln272_5' <Predicate = (!icmp_ln249)> <Delay = 0.39> <CoreInst = "Sel">   --->   Core 73 'Sel' <Latency = 0> <II = 1> <Delay = 0.39> <FuncUnit> <Opcode : 'select'> <InPorts = 3> <OutPorts = 1>
ST_1 : Operation 80 [1/1] (0.39ns)   --->   "%select_ln272_6 = select i1 %icmp_ln272, i8 0, i8 %add_i_i_i3_1_29238_load" [/home/changhong/prj/finn/deps/finn-hlslib/mvau.hpp:272]   --->   Operation 80 'select' 'select_ln272_6' <Predicate = (!icmp_ln249)> <Delay = 0.39> <CoreInst = "Sel">   --->   Core 73 'Sel' <Latency = 0> <II = 1> <Delay = 0.39> <FuncUnit> <Opcode : 'select'> <InPorts = 3> <OutPorts = 1>
ST_1 : Operation 81 [1/1] (0.39ns)   --->   "%select_ln272_7 = select i1 %icmp_ln272, i8 0, i8 %p_load" [/home/changhong/prj/finn/deps/finn-hlslib/mvau.hpp:272]   --->   Operation 81 'select' 'select_ln272_7' <Predicate = (!icmp_ln249)> <Delay = 0.39> <CoreInst = "Sel">   --->   Core 73 'Sel' <Latency = 0> <II = 1> <Delay = 0.39> <FuncUnit> <Opcode : 'select'> <InPorts = 3> <OutPorts = 1>
ST_1 : Operation 82 [1/1] (0.00ns) (grouped into LUT with out node add_ln840_15)   --->   "%local_temp_V = trunc i240 %W_packed_V"   --->   Operation 82 'trunc' 'local_temp_V' <Predicate = (!icmp_ln249)> <Delay = 0.00>
ST_1 : Operation 83 [1/1] (0.00ns) (grouped into LUT with out node add_ln840_14)   --->   "%local_temp_V_1 = bitselect i1 @_ssdm_op_BitSelect.i1.i240.i32, i240 %W_packed_V, i32 1"   --->   Operation 83 'bitselect' 'local_temp_V_1' <Predicate = (!icmp_ln249)> <Delay = 0.00>
ST_1 : Operation 84 [1/1] (0.00ns) (grouped into LUT with out node add_ln840_17)   --->   "%local_temp_V_2 = bitselect i1 @_ssdm_op_BitSelect.i1.i240.i32, i240 %W_packed_V, i32 2"   --->   Operation 84 'bitselect' 'local_temp_V_2' <Predicate = (!icmp_ln249)> <Delay = 0.00>
ST_1 : Operation 85 [1/1] (0.00ns) (grouped into LUT with out node add_ln840_15)   --->   "%local_temp_V_3 = bitselect i1 @_ssdm_op_BitSelect.i1.i240.i32, i240 %W_packed_V, i32 3"   --->   Operation 85 'bitselect' 'local_temp_V_3' <Predicate = (!icmp_ln249)> <Delay = 0.00>
ST_1 : Operation 86 [1/1] (0.00ns) (grouped into LUT with out node add_ln840_18)   --->   "%local_temp_V_4 = bitselect i1 @_ssdm_op_BitSelect.i1.i240.i32, i240 %W_packed_V, i32 4"   --->   Operation 86 'bitselect' 'local_temp_V_4' <Predicate = (!icmp_ln249)> <Delay = 0.00>
ST_1 : Operation 87 [1/1] (0.00ns) (grouped into LUT with out node add_ln840_17)   --->   "%local_temp_V_5 = bitselect i1 @_ssdm_op_BitSelect.i1.i240.i32, i240 %W_packed_V, i32 5"   --->   Operation 87 'bitselect' 'local_temp_V_5' <Predicate = (!icmp_ln249)> <Delay = 0.00>
ST_1 : Operation 88 [1/1] (0.00ns) (grouped into LUT with out node add_ln840_21)   --->   "%local_temp_V_6 = bitselect i1 @_ssdm_op_BitSelect.i1.i240.i32, i240 %W_packed_V, i32 6"   --->   Operation 88 'bitselect' 'local_temp_V_6' <Predicate = (!icmp_ln249)> <Delay = 0.00>
ST_1 : Operation 89 [1/1] (0.00ns) (grouped into LUT with out node add_ln840_18)   --->   "%local_temp_V_7 = bitselect i1 @_ssdm_op_BitSelect.i1.i240.i32, i240 %W_packed_V, i32 7"   --->   Operation 89 'bitselect' 'local_temp_V_7' <Predicate = (!icmp_ln249)> <Delay = 0.00>
ST_1 : Operation 90 [1/1] (0.00ns) (grouped into LUT with out node add_ln840_22)   --->   "%local_temp_V_8 = bitselect i1 @_ssdm_op_BitSelect.i1.i240.i32, i240 %W_packed_V, i32 8"   --->   Operation 90 'bitselect' 'local_temp_V_8' <Predicate = (!icmp_ln249)> <Delay = 0.00>
ST_1 : Operation 91 [1/1] (0.00ns) (grouped into LUT with out node add_ln840_21)   --->   "%local_temp_V_9 = bitselect i1 @_ssdm_op_BitSelect.i1.i240.i32, i240 %W_packed_V, i32 9"   --->   Operation 91 'bitselect' 'local_temp_V_9' <Predicate = (!icmp_ln249)> <Delay = 0.00>
ST_1 : Operation 92 [1/1] (0.00ns) (grouped into LUT with out node add_ln840_24)   --->   "%local_temp_V_10 = bitselect i1 @_ssdm_op_BitSelect.i1.i240.i32, i240 %W_packed_V, i32 10"   --->   Operation 92 'bitselect' 'local_temp_V_10' <Predicate = (!icmp_ln249)> <Delay = 0.00>
ST_1 : Operation 93 [1/1] (0.00ns) (grouped into LUT with out node add_ln840_22)   --->   "%local_temp_V_11 = bitselect i1 @_ssdm_op_BitSelect.i1.i240.i32, i240 %W_packed_V, i32 11"   --->   Operation 93 'bitselect' 'local_temp_V_11' <Predicate = (!icmp_ln249)> <Delay = 0.00>
ST_1 : Operation 94 [1/1] (0.00ns) (grouped into LUT with out node add_ln840_25)   --->   "%local_temp_V_12 = bitselect i1 @_ssdm_op_BitSelect.i1.i240.i32, i240 %W_packed_V, i32 12"   --->   Operation 94 'bitselect' 'local_temp_V_12' <Predicate = (!icmp_ln249)> <Delay = 0.00>
ST_1 : Operation 95 [1/1] (0.00ns) (grouped into LUT with out node add_ln840_24)   --->   "%local_temp_V_13 = bitselect i1 @_ssdm_op_BitSelect.i1.i240.i32, i240 %W_packed_V, i32 13"   --->   Operation 95 'bitselect' 'local_temp_V_13' <Predicate = (!icmp_ln249)> <Delay = 0.00>
ST_1 : Operation 96 [1/1] (0.00ns) (grouped into LUT with out node add_ln840_7)   --->   "%local_temp_V_14 = bitselect i1 @_ssdm_op_BitSelect.i1.i240.i32, i240 %W_packed_V, i32 14"   --->   Operation 96 'bitselect' 'local_temp_V_14' <Predicate = (!icmp_ln249)> <Delay = 0.00>
ST_1 : Operation 97 [1/1] (0.00ns) (grouped into LUT with out node add_ln840_9)   --->   "%local_temp_V_15 = bitselect i1 @_ssdm_op_BitSelect.i1.i240.i32, i240 %W_packed_V, i32 15"   --->   Operation 97 'bitselect' 'local_temp_V_15' <Predicate = (!icmp_ln249)> <Delay = 0.00>
ST_1 : Operation 98 [1/1] (0.00ns) (grouped into LUT with out node add_ln840_7)   --->   "%local_temp_V_16 = bitselect i1 @_ssdm_op_BitSelect.i1.i240.i32, i240 %W_packed_V, i32 16"   --->   Operation 98 'bitselect' 'local_temp_V_16' <Predicate = (!icmp_ln249)> <Delay = 0.00>
ST_1 : Operation 99 [1/1] (0.00ns) (grouped into LUT with out node add_ln840_10)   --->   "%local_temp_V_17 = bitselect i1 @_ssdm_op_BitSelect.i1.i240.i32, i240 %W_packed_V, i32 17"   --->   Operation 99 'bitselect' 'local_temp_V_17' <Predicate = (!icmp_ln249)> <Delay = 0.00>
ST_1 : Operation 100 [1/1] (0.00ns) (grouped into LUT with out node add_ln840_9)   --->   "%local_temp_V_18 = bitselect i1 @_ssdm_op_BitSelect.i1.i240.i32, i240 %W_packed_V, i32 18"   --->   Operation 100 'bitselect' 'local_temp_V_18' <Predicate = (!icmp_ln249)> <Delay = 0.00>
ST_1 : Operation 101 [1/1] (0.00ns) (grouped into LUT with out node add_ln840_14)   --->   "%local_temp_V_19 = bitselect i1 @_ssdm_op_BitSelect.i1.i240.i32, i240 %W_packed_V, i32 19"   --->   Operation 101 'bitselect' 'local_temp_V_19' <Predicate = (!icmp_ln249)> <Delay = 0.00>
ST_1 : Operation 102 [1/1] (0.00ns) (grouped into LUT with out node add_ln840_10)   --->   "%local_temp_V_20 = bitselect i1 @_ssdm_op_BitSelect.i1.i240.i32, i240 %W_packed_V, i32 20"   --->   Operation 102 'bitselect' 'local_temp_V_20' <Predicate = (!icmp_ln249)> <Delay = 0.00>
ST_1 : Operation 103 [1/1] (0.00ns) (grouped into LUT with out node add_ln840_3)   --->   "%local_temp_V_21 = bitselect i1 @_ssdm_op_BitSelect.i1.i240.i32, i240 %W_packed_V, i32 21"   --->   Operation 103 'bitselect' 'local_temp_V_21' <Predicate = (!icmp_ln249)> <Delay = 0.00>
ST_1 : Operation 104 [1/1] (0.00ns) (grouped into LUT with out node add_ln840_3)   --->   "%local_temp_V_22 = bitselect i1 @_ssdm_op_BitSelect.i1.i240.i32, i240 %W_packed_V, i32 22"   --->   Operation 104 'bitselect' 'local_temp_V_22' <Predicate = (!icmp_ln249)> <Delay = 0.00>
ST_1 : Operation 105 [1/1] (0.00ns) (grouped into LUT with out node add_ln840_6)   --->   "%local_temp_V_23 = bitselect i1 @_ssdm_op_BitSelect.i1.i240.i32, i240 %W_packed_V, i32 23"   --->   Operation 105 'bitselect' 'local_temp_V_23' <Predicate = (!icmp_ln249)> <Delay = 0.00>
ST_1 : Operation 106 [1/1] (0.00ns) (grouped into LUT with out node add_ln840_6)   --->   "%local_temp_V_24 = bitselect i1 @_ssdm_op_BitSelect.i1.i240.i32, i240 %W_packed_V, i32 24"   --->   Operation 106 'bitselect' 'local_temp_V_24' <Predicate = (!icmp_ln249)> <Delay = 0.00>
ST_1 : Operation 107 [1/1] (0.00ns) (grouped into LUT with out node add_ln840_2)   --->   "%local_temp_V_25 = bitselect i1 @_ssdm_op_BitSelect.i1.i240.i32, i240 %W_packed_V, i32 25"   --->   Operation 107 'bitselect' 'local_temp_V_25' <Predicate = (!icmp_ln249)> <Delay = 0.00>
ST_1 : Operation 108 [1/1] (0.00ns) (grouped into LUT with out node add_ln840_2)   --->   "%local_temp_V_26 = bitselect i1 @_ssdm_op_BitSelect.i1.i240.i32, i240 %W_packed_V, i32 26"   --->   Operation 108 'bitselect' 'local_temp_V_26' <Predicate = (!icmp_ln249)> <Delay = 0.00>
ST_1 : Operation 109 [1/1] (0.00ns) (grouped into LUT with out node add_ln840)   --->   "%local_temp_V_27 = bitselect i1 @_ssdm_op_BitSelect.i1.i240.i32, i240 %W_packed_V, i32 27"   --->   Operation 109 'bitselect' 'local_temp_V_27' <Predicate = (!icmp_ln249)> <Delay = 0.00>
ST_1 : Operation 110 [1/1] (0.00ns) (grouped into LUT with out node add_ln840)   --->   "%local_temp_V_28 = bitselect i1 @_ssdm_op_BitSelect.i1.i240.i32, i240 %W_packed_V, i32 28"   --->   Operation 110 'bitselect' 'local_temp_V_28' <Predicate = (!icmp_ln249)> <Delay = 0.00>
ST_1 : Operation 111 [1/1] (0.00ns) (grouped into LUT with out node add_ln840_25)   --->   "%local_temp_V_29 = bitselect i1 @_ssdm_op_BitSelect.i1.i240.i32, i240 %W_packed_V, i32 29"   --->   Operation 111 'bitselect' 'local_temp_V_29' <Predicate = (!icmp_ln249)> <Delay = 0.00>
ST_1 : Operation 112 [1/1] (0.00ns) (grouped into LUT with out node add_ln840_15)   --->   "%xor_ln1019 = xor i1 1, i1 %local_temp_V"   --->   Operation 112 'xor' 'xor_ln1019' <Predicate = (!icmp_ln249)> <Delay = 0.00> <CoreInst = "LogicGate">   --->   Core 74 'LogicGate' <Latency = 0> <II = 1> <Delay = 0.28> <FuncUnit> <Opcode : 'and' 'or' 'xor'> <InPorts = 2> <OutPorts = 1>
ST_1 : Operation 113 [1/1] (0.00ns) (grouped into LUT with out node add_ln840_15)   --->   "%xor_ln1019_1 = xor i1 %xor_ln1019, i1 %p_Result_s"   --->   Operation 113 'xor' 'xor_ln1019_1' <Predicate = (!icmp_ln249)> <Delay = 0.00> <CoreInst = "LogicGate">   --->   Core 74 'LogicGate' <Latency = 0> <II = 1> <Delay = 0.28> <FuncUnit> <Opcode : 'and' 'or' 'xor'> <InPorts = 2> <OutPorts = 1>
ST_1 : Operation 114 [1/1] (0.00ns) (grouped into LUT with out node add_ln840_15)   --->   "%zext_ln780 = zext i1 %xor_ln1019_1"   --->   Operation 114 'zext' 'zext_ln780' <Predicate = (!icmp_ln249)> <Delay = 0.00>
ST_1 : Operation 115 [1/1] (0.00ns)   --->   "%p_Result_1 = bitselect i1 @_ssdm_op_BitSelect.i1.i30.i32, i30 %inElem_1, i32 1"   --->   Operation 115 'bitselect' 'p_Result_1' <Predicate = (!icmp_ln249)> <Delay = 0.00>
ST_1 : Operation 116 [1/1] (0.00ns) (grouped into LUT with out node add_ln840_14)   --->   "%xor_ln1019_2 = xor i1 1, i1 %local_temp_V_1"   --->   Operation 116 'xor' 'xor_ln1019_2' <Predicate = (!icmp_ln249)> <Delay = 0.00> <CoreInst = "LogicGate">   --->   Core 74 'LogicGate' <Latency = 0> <II = 1> <Delay = 0.28> <FuncUnit> <Opcode : 'and' 'or' 'xor'> <InPorts = 2> <OutPorts = 1>
ST_1 : Operation 117 [1/1] (0.00ns) (grouped into LUT with out node add_ln840_14)   --->   "%xor_ln1019_3 = xor i1 %xor_ln1019_2, i1 %p_Result_1"   --->   Operation 117 'xor' 'xor_ln1019_3' <Predicate = (!icmp_ln249)> <Delay = 0.00> <CoreInst = "LogicGate">   --->   Core 74 'LogicGate' <Latency = 0> <II = 1> <Delay = 0.28> <FuncUnit> <Opcode : 'and' 'or' 'xor'> <InPorts = 2> <OutPorts = 1>
ST_1 : Operation 118 [1/1] (0.00ns) (grouped into LUT with out node add_ln840_14)   --->   "%zext_ln780_1 = zext i1 %xor_ln1019_3"   --->   Operation 118 'zext' 'zext_ln780_1' <Predicate = (!icmp_ln249)> <Delay = 0.00>
ST_1 : Operation 119 [1/1] (0.00ns)   --->   "%p_Result_2 = bitselect i1 @_ssdm_op_BitSelect.i1.i30.i32, i30 %inElem_1, i32 2"   --->   Operation 119 'bitselect' 'p_Result_2' <Predicate = (!icmp_ln249)> <Delay = 0.00>
ST_1 : Operation 120 [1/1] (0.00ns) (grouped into LUT with out node add_ln840_17)   --->   "%xor_ln1019_4 = xor i1 %p_Result_2, i1 %local_temp_V_2"   --->   Operation 120 'xor' 'xor_ln1019_4' <Predicate = (!icmp_ln249)> <Delay = 0.00> <CoreInst = "LogicGate">   --->   Core 74 'LogicGate' <Latency = 0> <II = 1> <Delay = 0.28> <FuncUnit> <Opcode : 'and' 'or' 'xor'> <InPorts = 2> <OutPorts = 1>
ST_1 : Operation 121 [1/1] (0.00ns) (grouped into LUT with out node add_ln840_17)   --->   "%xor_ln1019_5 = xor i1 %xor_ln1019_4, i1 1"   --->   Operation 121 'xor' 'xor_ln1019_5' <Predicate = (!icmp_ln249)> <Delay = 0.00> <CoreInst = "LogicGate">   --->   Core 74 'LogicGate' <Latency = 0> <II = 1> <Delay = 0.28> <FuncUnit> <Opcode : 'and' 'or' 'xor'> <InPorts = 2> <OutPorts = 1>
ST_1 : Operation 122 [1/1] (0.00ns) (grouped into LUT with out node add_ln840_17)   --->   "%zext_ln780_2 = zext i1 %xor_ln1019_5"   --->   Operation 122 'zext' 'zext_ln780_2' <Predicate = (!icmp_ln249)> <Delay = 0.00>
ST_1 : Operation 123 [1/1] (0.00ns)   --->   "%p_Result_3 = bitselect i1 @_ssdm_op_BitSelect.i1.i30.i32, i30 %inElem_1, i32 3"   --->   Operation 123 'bitselect' 'p_Result_3' <Predicate = (!icmp_ln249)> <Delay = 0.00>
ST_1 : Operation 124 [1/1] (0.00ns) (grouped into LUT with out node add_ln840_15)   --->   "%xor_ln1019_6 = xor i1 %p_Result_3, i1 %local_temp_V_3"   --->   Operation 124 'xor' 'xor_ln1019_6' <Predicate = (!icmp_ln249)> <Delay = 0.00> <CoreInst = "LogicGate">   --->   Core 74 'LogicGate' <Latency = 0> <II = 1> <Delay = 0.28> <FuncUnit> <Opcode : 'and' 'or' 'xor'> <InPorts = 2> <OutPorts = 1>
ST_1 : Operation 125 [1/1] (0.00ns) (grouped into LUT with out node add_ln840_15)   --->   "%xor_ln1019_7 = xor i1 %xor_ln1019_6, i1 1"   --->   Operation 125 'xor' 'xor_ln1019_7' <Predicate = (!icmp_ln249)> <Delay = 0.00> <CoreInst = "LogicGate">   --->   Core 74 'LogicGate' <Latency = 0> <II = 1> <Delay = 0.28> <FuncUnit> <Opcode : 'and' 'or' 'xor'> <InPorts = 2> <OutPorts = 1>
ST_1 : Operation 126 [1/1] (0.00ns) (grouped into LUT with out node add_ln840_15)   --->   "%zext_ln780_3 = zext i1 %xor_ln1019_7"   --->   Operation 126 'zext' 'zext_ln780_3' <Predicate = (!icmp_ln249)> <Delay = 0.00>
ST_1 : Operation 127 [1/1] (0.00ns)   --->   "%p_Result_4 = bitselect i1 @_ssdm_op_BitSelect.i1.i30.i32, i30 %inElem_1, i32 4"   --->   Operation 127 'bitselect' 'p_Result_4' <Predicate = (!icmp_ln249)> <Delay = 0.00>
ST_1 : Operation 128 [1/1] (0.00ns) (grouped into LUT with out node add_ln840_18)   --->   "%xor_ln1019_8 = xor i1 %p_Result_4, i1 %local_temp_V_4"   --->   Operation 128 'xor' 'xor_ln1019_8' <Predicate = (!icmp_ln249)> <Delay = 0.00> <CoreInst = "LogicGate">   --->   Core 74 'LogicGate' <Latency = 0> <II = 1> <Delay = 0.28> <FuncUnit> <Opcode : 'and' 'or' 'xor'> <InPorts = 2> <OutPorts = 1>
ST_1 : Operation 129 [1/1] (0.00ns) (grouped into LUT with out node add_ln840_18)   --->   "%xor_ln1019_9 = xor i1 %xor_ln1019_8, i1 1"   --->   Operation 129 'xor' 'xor_ln1019_9' <Predicate = (!icmp_ln249)> <Delay = 0.00> <CoreInst = "LogicGate">   --->   Core 74 'LogicGate' <Latency = 0> <II = 1> <Delay = 0.28> <FuncUnit> <Opcode : 'and' 'or' 'xor'> <InPorts = 2> <OutPorts = 1>
ST_1 : Operation 130 [1/1] (0.00ns) (grouped into LUT with out node add_ln840_18)   --->   "%zext_ln780_4 = zext i1 %xor_ln1019_9"   --->   Operation 130 'zext' 'zext_ln780_4' <Predicate = (!icmp_ln249)> <Delay = 0.00>
ST_1 : Operation 131 [1/1] (0.00ns)   --->   "%p_Result_5 = bitselect i1 @_ssdm_op_BitSelect.i1.i30.i32, i30 %inElem_1, i32 5"   --->   Operation 131 'bitselect' 'p_Result_5' <Predicate = (!icmp_ln249)> <Delay = 0.00>
ST_1 : Operation 132 [1/1] (0.00ns) (grouped into LUT with out node add_ln840_17)   --->   "%xor_ln1019_10 = xor i1 %p_Result_5, i1 %local_temp_V_5"   --->   Operation 132 'xor' 'xor_ln1019_10' <Predicate = (!icmp_ln249)> <Delay = 0.00> <CoreInst = "LogicGate">   --->   Core 74 'LogicGate' <Latency = 0> <II = 1> <Delay = 0.28> <FuncUnit> <Opcode : 'and' 'or' 'xor'> <InPorts = 2> <OutPorts = 1>
ST_1 : Operation 133 [1/1] (0.00ns) (grouped into LUT with out node add_ln840_17)   --->   "%xor_ln1019_11 = xor i1 %xor_ln1019_10, i1 1"   --->   Operation 133 'xor' 'xor_ln1019_11' <Predicate = (!icmp_ln249)> <Delay = 0.00> <CoreInst = "LogicGate">   --->   Core 74 'LogicGate' <Latency = 0> <II = 1> <Delay = 0.28> <FuncUnit> <Opcode : 'and' 'or' 'xor'> <InPorts = 2> <OutPorts = 1>
ST_1 : Operation 134 [1/1] (0.00ns) (grouped into LUT with out node add_ln840_17)   --->   "%zext_ln780_5 = zext i1 %xor_ln1019_11"   --->   Operation 134 'zext' 'zext_ln780_5' <Predicate = (!icmp_ln249)> <Delay = 0.00>
ST_1 : Operation 135 [1/1] (0.00ns)   --->   "%p_Result_6 = bitselect i1 @_ssdm_op_BitSelect.i1.i30.i32, i30 %inElem_1, i32 6"   --->   Operation 135 'bitselect' 'p_Result_6' <Predicate = (!icmp_ln249)> <Delay = 0.00>
ST_1 : Operation 136 [1/1] (0.00ns) (grouped into LUT with out node add_ln840_21)   --->   "%xor_ln1019_12 = xor i1 %p_Result_6, i1 %local_temp_V_6"   --->   Operation 136 'xor' 'xor_ln1019_12' <Predicate = (!icmp_ln249)> <Delay = 0.00> <CoreInst = "LogicGate">   --->   Core 74 'LogicGate' <Latency = 0> <II = 1> <Delay = 0.28> <FuncUnit> <Opcode : 'and' 'or' 'xor'> <InPorts = 2> <OutPorts = 1>
ST_1 : Operation 137 [1/1] (0.00ns) (grouped into LUT with out node add_ln840_21)   --->   "%xor_ln1019_13 = xor i1 %xor_ln1019_12, i1 1"   --->   Operation 137 'xor' 'xor_ln1019_13' <Predicate = (!icmp_ln249)> <Delay = 0.00> <CoreInst = "LogicGate">   --->   Core 74 'LogicGate' <Latency = 0> <II = 1> <Delay = 0.28> <FuncUnit> <Opcode : 'and' 'or' 'xor'> <InPorts = 2> <OutPorts = 1>
ST_1 : Operation 138 [1/1] (0.00ns) (grouped into LUT with out node add_ln840_21)   --->   "%zext_ln780_6 = zext i1 %xor_ln1019_13"   --->   Operation 138 'zext' 'zext_ln780_6' <Predicate = (!icmp_ln249)> <Delay = 0.00>
ST_1 : Operation 139 [1/1] (0.00ns)   --->   "%p_Result_7 = bitselect i1 @_ssdm_op_BitSelect.i1.i30.i32, i30 %inElem_1, i32 7"   --->   Operation 139 'bitselect' 'p_Result_7' <Predicate = (!icmp_ln249)> <Delay = 0.00>
ST_1 : Operation 140 [1/1] (0.00ns) (grouped into LUT with out node add_ln840_18)   --->   "%xor_ln1019_14 = xor i1 %p_Result_7, i1 %local_temp_V_7"   --->   Operation 140 'xor' 'xor_ln1019_14' <Predicate = (!icmp_ln249)> <Delay = 0.00> <CoreInst = "LogicGate">   --->   Core 74 'LogicGate' <Latency = 0> <II = 1> <Delay = 0.28> <FuncUnit> <Opcode : 'and' 'or' 'xor'> <InPorts = 2> <OutPorts = 1>
ST_1 : Operation 141 [1/1] (0.00ns) (grouped into LUT with out node add_ln840_18)   --->   "%xor_ln1019_15 = xor i1 %xor_ln1019_14, i1 1"   --->   Operation 141 'xor' 'xor_ln1019_15' <Predicate = (!icmp_ln249)> <Delay = 0.00> <CoreInst = "LogicGate">   --->   Core 74 'LogicGate' <Latency = 0> <II = 1> <Delay = 0.28> <FuncUnit> <Opcode : 'and' 'or' 'xor'> <InPorts = 2> <OutPorts = 1>
ST_1 : Operation 142 [1/1] (0.00ns) (grouped into LUT with out node add_ln840_18)   --->   "%zext_ln780_7 = zext i1 %xor_ln1019_15"   --->   Operation 142 'zext' 'zext_ln780_7' <Predicate = (!icmp_ln249)> <Delay = 0.00>
ST_1 : Operation 143 [1/1] (0.00ns)   --->   "%p_Result_8 = bitselect i1 @_ssdm_op_BitSelect.i1.i30.i32, i30 %inElem_1, i32 8"   --->   Operation 143 'bitselect' 'p_Result_8' <Predicate = (!icmp_ln249)> <Delay = 0.00>
ST_1 : Operation 144 [1/1] (0.00ns) (grouped into LUT with out node add_ln840_22)   --->   "%xor_ln1019_16 = xor i1 %p_Result_8, i1 %local_temp_V_8"   --->   Operation 144 'xor' 'xor_ln1019_16' <Predicate = (!icmp_ln249)> <Delay = 0.00> <CoreInst = "LogicGate">   --->   Core 74 'LogicGate' <Latency = 0> <II = 1> <Delay = 0.28> <FuncUnit> <Opcode : 'and' 'or' 'xor'> <InPorts = 2> <OutPorts = 1>
ST_1 : Operation 145 [1/1] (0.00ns) (grouped into LUT with out node add_ln840_22)   --->   "%xor_ln1019_17 = xor i1 %xor_ln1019_16, i1 1"   --->   Operation 145 'xor' 'xor_ln1019_17' <Predicate = (!icmp_ln249)> <Delay = 0.00> <CoreInst = "LogicGate">   --->   Core 74 'LogicGate' <Latency = 0> <II = 1> <Delay = 0.28> <FuncUnit> <Opcode : 'and' 'or' 'xor'> <InPorts = 2> <OutPorts = 1>
ST_1 : Operation 146 [1/1] (0.00ns) (grouped into LUT with out node add_ln840_22)   --->   "%zext_ln780_8 = zext i1 %xor_ln1019_17"   --->   Operation 146 'zext' 'zext_ln780_8' <Predicate = (!icmp_ln249)> <Delay = 0.00>
ST_1 : Operation 147 [1/1] (0.00ns)   --->   "%p_Result_9 = bitselect i1 @_ssdm_op_BitSelect.i1.i30.i32, i30 %inElem_1, i32 9"   --->   Operation 147 'bitselect' 'p_Result_9' <Predicate = (!icmp_ln249)> <Delay = 0.00>
ST_1 : Operation 148 [1/1] (0.00ns) (grouped into LUT with out node add_ln840_21)   --->   "%xor_ln1019_18 = xor i1 %p_Result_9, i1 %local_temp_V_9"   --->   Operation 148 'xor' 'xor_ln1019_18' <Predicate = (!icmp_ln249)> <Delay = 0.00> <CoreInst = "LogicGate">   --->   Core 74 'LogicGate' <Latency = 0> <II = 1> <Delay = 0.28> <FuncUnit> <Opcode : 'and' 'or' 'xor'> <InPorts = 2> <OutPorts = 1>
ST_1 : Operation 149 [1/1] (0.00ns) (grouped into LUT with out node add_ln840_21)   --->   "%xor_ln1019_19 = xor i1 %xor_ln1019_18, i1 1"   --->   Operation 149 'xor' 'xor_ln1019_19' <Predicate = (!icmp_ln249)> <Delay = 0.00> <CoreInst = "LogicGate">   --->   Core 74 'LogicGate' <Latency = 0> <II = 1> <Delay = 0.28> <FuncUnit> <Opcode : 'and' 'or' 'xor'> <InPorts = 2> <OutPorts = 1>
ST_1 : Operation 150 [1/1] (0.00ns) (grouped into LUT with out node add_ln840_21)   --->   "%zext_ln780_9 = zext i1 %xor_ln1019_19"   --->   Operation 150 'zext' 'zext_ln780_9' <Predicate = (!icmp_ln249)> <Delay = 0.00>
ST_1 : Operation 151 [1/1] (0.00ns)   --->   "%p_Result_10 = bitselect i1 @_ssdm_op_BitSelect.i1.i30.i32, i30 %inElem_1, i32 10"   --->   Operation 151 'bitselect' 'p_Result_10' <Predicate = (!icmp_ln249)> <Delay = 0.00>
ST_1 : Operation 152 [1/1] (0.00ns) (grouped into LUT with out node add_ln840_24)   --->   "%xor_ln1019_20 = xor i1 %p_Result_10, i1 %local_temp_V_10"   --->   Operation 152 'xor' 'xor_ln1019_20' <Predicate = (!icmp_ln249)> <Delay = 0.00> <CoreInst = "LogicGate">   --->   Core 74 'LogicGate' <Latency = 0> <II = 1> <Delay = 0.28> <FuncUnit> <Opcode : 'and' 'or' 'xor'> <InPorts = 2> <OutPorts = 1>
ST_1 : Operation 153 [1/1] (0.00ns) (grouped into LUT with out node add_ln840_24)   --->   "%xor_ln1019_21 = xor i1 %xor_ln1019_20, i1 1"   --->   Operation 153 'xor' 'xor_ln1019_21' <Predicate = (!icmp_ln249)> <Delay = 0.00> <CoreInst = "LogicGate">   --->   Core 74 'LogicGate' <Latency = 0> <II = 1> <Delay = 0.28> <FuncUnit> <Opcode : 'and' 'or' 'xor'> <InPorts = 2> <OutPorts = 1>
ST_1 : Operation 154 [1/1] (0.00ns) (grouped into LUT with out node add_ln840_24)   --->   "%zext_ln780_10 = zext i1 %xor_ln1019_21"   --->   Operation 154 'zext' 'zext_ln780_10' <Predicate = (!icmp_ln249)> <Delay = 0.00>
ST_1 : Operation 155 [1/1] (0.00ns)   --->   "%p_Result_11 = bitselect i1 @_ssdm_op_BitSelect.i1.i30.i32, i30 %inElem_1, i32 11"   --->   Operation 155 'bitselect' 'p_Result_11' <Predicate = (!icmp_ln249)> <Delay = 0.00>
ST_1 : Operation 156 [1/1] (0.00ns) (grouped into LUT with out node add_ln840_22)   --->   "%xor_ln1019_22 = xor i1 %p_Result_11, i1 %local_temp_V_11"   --->   Operation 156 'xor' 'xor_ln1019_22' <Predicate = (!icmp_ln249)> <Delay = 0.00> <CoreInst = "LogicGate">   --->   Core 74 'LogicGate' <Latency = 0> <II = 1> <Delay = 0.28> <FuncUnit> <Opcode : 'and' 'or' 'xor'> <InPorts = 2> <OutPorts = 1>
ST_1 : Operation 157 [1/1] (0.00ns) (grouped into LUT with out node add_ln840_22)   --->   "%xor_ln1019_23 = xor i1 %xor_ln1019_22, i1 1"   --->   Operation 157 'xor' 'xor_ln1019_23' <Predicate = (!icmp_ln249)> <Delay = 0.00> <CoreInst = "LogicGate">   --->   Core 74 'LogicGate' <Latency = 0> <II = 1> <Delay = 0.28> <FuncUnit> <Opcode : 'and' 'or' 'xor'> <InPorts = 2> <OutPorts = 1>
ST_1 : Operation 158 [1/1] (0.00ns) (grouped into LUT with out node add_ln840_22)   --->   "%zext_ln780_11 = zext i1 %xor_ln1019_23"   --->   Operation 158 'zext' 'zext_ln780_11' <Predicate = (!icmp_ln249)> <Delay = 0.00>
ST_1 : Operation 159 [1/1] (0.00ns)   --->   "%p_Result_12 = bitselect i1 @_ssdm_op_BitSelect.i1.i30.i32, i30 %inElem_1, i32 12"   --->   Operation 159 'bitselect' 'p_Result_12' <Predicate = (!icmp_ln249)> <Delay = 0.00>
ST_1 : Operation 160 [1/1] (0.00ns) (grouped into LUT with out node add_ln840_25)   --->   "%xor_ln1019_24 = xor i1 %p_Result_12, i1 %local_temp_V_12"   --->   Operation 160 'xor' 'xor_ln1019_24' <Predicate = (!icmp_ln249)> <Delay = 0.00> <CoreInst = "LogicGate">   --->   Core 74 'LogicGate' <Latency = 0> <II = 1> <Delay = 0.28> <FuncUnit> <Opcode : 'and' 'or' 'xor'> <InPorts = 2> <OutPorts = 1>
ST_1 : Operation 161 [1/1] (0.00ns) (grouped into LUT with out node add_ln840_25)   --->   "%xor_ln1019_25 = xor i1 %xor_ln1019_24, i1 1"   --->   Operation 161 'xor' 'xor_ln1019_25' <Predicate = (!icmp_ln249)> <Delay = 0.00> <CoreInst = "LogicGate">   --->   Core 74 'LogicGate' <Latency = 0> <II = 1> <Delay = 0.28> <FuncUnit> <Opcode : 'and' 'or' 'xor'> <InPorts = 2> <OutPorts = 1>
ST_1 : Operation 162 [1/1] (0.00ns) (grouped into LUT with out node add_ln840_25)   --->   "%zext_ln780_12 = zext i1 %xor_ln1019_25"   --->   Operation 162 'zext' 'zext_ln780_12' <Predicate = (!icmp_ln249)> <Delay = 0.00>
ST_1 : Operation 163 [1/1] (0.00ns)   --->   "%p_Result_13 = bitselect i1 @_ssdm_op_BitSelect.i1.i30.i32, i30 %inElem_1, i32 13"   --->   Operation 163 'bitselect' 'p_Result_13' <Predicate = (!icmp_ln249)> <Delay = 0.00>
ST_1 : Operation 164 [1/1] (0.00ns) (grouped into LUT with out node add_ln840_24)   --->   "%xor_ln1019_26 = xor i1 %p_Result_13, i1 %local_temp_V_13"   --->   Operation 164 'xor' 'xor_ln1019_26' <Predicate = (!icmp_ln249)> <Delay = 0.00> <CoreInst = "LogicGate">   --->   Core 74 'LogicGate' <Latency = 0> <II = 1> <Delay = 0.28> <FuncUnit> <Opcode : 'and' 'or' 'xor'> <InPorts = 2> <OutPorts = 1>
ST_1 : Operation 165 [1/1] (0.00ns) (grouped into LUT with out node add_ln840_24)   --->   "%xor_ln1019_27 = xor i1 %xor_ln1019_26, i1 1"   --->   Operation 165 'xor' 'xor_ln1019_27' <Predicate = (!icmp_ln249)> <Delay = 0.00> <CoreInst = "LogicGate">   --->   Core 74 'LogicGate' <Latency = 0> <II = 1> <Delay = 0.28> <FuncUnit> <Opcode : 'and' 'or' 'xor'> <InPorts = 2> <OutPorts = 1>
ST_1 : Operation 166 [1/1] (0.00ns) (grouped into LUT with out node add_ln840_24)   --->   "%zext_ln780_13 = zext i1 %xor_ln1019_27"   --->   Operation 166 'zext' 'zext_ln780_13' <Predicate = (!icmp_ln249)> <Delay = 0.00>
ST_1 : Operation 167 [1/1] (0.00ns)   --->   "%p_Result_14 = bitselect i1 @_ssdm_op_BitSelect.i1.i30.i32, i30 %inElem_1, i32 14"   --->   Operation 167 'bitselect' 'p_Result_14' <Predicate = (!icmp_ln249)> <Delay = 0.00>
ST_1 : Operation 168 [1/1] (0.00ns) (grouped into LUT with out node add_ln840_7)   --->   "%xor_ln1019_28 = xor i1 %p_Result_14, i1 %local_temp_V_14"   --->   Operation 168 'xor' 'xor_ln1019_28' <Predicate = (!icmp_ln249)> <Delay = 0.00> <CoreInst = "LogicGate">   --->   Core 74 'LogicGate' <Latency = 0> <II = 1> <Delay = 0.28> <FuncUnit> <Opcode : 'and' 'or' 'xor'> <InPorts = 2> <OutPorts = 1>
ST_1 : Operation 169 [1/1] (0.00ns) (grouped into LUT with out node add_ln840_7)   --->   "%xor_ln1019_29 = xor i1 %xor_ln1019_28, i1 1"   --->   Operation 169 'xor' 'xor_ln1019_29' <Predicate = (!icmp_ln249)> <Delay = 0.00> <CoreInst = "LogicGate">   --->   Core 74 'LogicGate' <Latency = 0> <II = 1> <Delay = 0.28> <FuncUnit> <Opcode : 'and' 'or' 'xor'> <InPorts = 2> <OutPorts = 1>
ST_1 : Operation 170 [1/1] (0.00ns) (grouped into LUT with out node add_ln840_7)   --->   "%zext_ln780_14 = zext i1 %xor_ln1019_29"   --->   Operation 170 'zext' 'zext_ln780_14' <Predicate = (!icmp_ln249)> <Delay = 0.00>
ST_1 : Operation 171 [1/1] (0.00ns)   --->   "%p_Result_15 = bitselect i1 @_ssdm_op_BitSelect.i1.i30.i32, i30 %inElem_1, i32 15"   --->   Operation 171 'bitselect' 'p_Result_15' <Predicate = (!icmp_ln249)> <Delay = 0.00>
ST_1 : Operation 172 [1/1] (0.00ns) (grouped into LUT with out node add_ln840_9)   --->   "%xor_ln1019_30 = xor i1 %p_Result_15, i1 %local_temp_V_15"   --->   Operation 172 'xor' 'xor_ln1019_30' <Predicate = (!icmp_ln249)> <Delay = 0.00> <CoreInst = "LogicGate">   --->   Core 74 'LogicGate' <Latency = 0> <II = 1> <Delay = 0.28> <FuncUnit> <Opcode : 'and' 'or' 'xor'> <InPorts = 2> <OutPorts = 1>
ST_1 : Operation 173 [1/1] (0.00ns) (grouped into LUT with out node add_ln840_9)   --->   "%xor_ln1019_31 = xor i1 %xor_ln1019_30, i1 1"   --->   Operation 173 'xor' 'xor_ln1019_31' <Predicate = (!icmp_ln249)> <Delay = 0.00> <CoreInst = "LogicGate">   --->   Core 74 'LogicGate' <Latency = 0> <II = 1> <Delay = 0.28> <FuncUnit> <Opcode : 'and' 'or' 'xor'> <InPorts = 2> <OutPorts = 1>
ST_1 : Operation 174 [1/1] (0.00ns) (grouped into LUT with out node add_ln840_9)   --->   "%zext_ln780_15 = zext i1 %xor_ln1019_31"   --->   Operation 174 'zext' 'zext_ln780_15' <Predicate = (!icmp_ln249)> <Delay = 0.00>
ST_1 : Operation 175 [1/1] (0.00ns)   --->   "%p_Result_16 = bitselect i1 @_ssdm_op_BitSelect.i1.i30.i32, i30 %inElem_1, i32 16"   --->   Operation 175 'bitselect' 'p_Result_16' <Predicate = (!icmp_ln249)> <Delay = 0.00>
ST_1 : Operation 176 [1/1] (0.00ns) (grouped into LUT with out node add_ln840_7)   --->   "%xor_ln1019_32 = xor i1 %p_Result_16, i1 %local_temp_V_16"   --->   Operation 176 'xor' 'xor_ln1019_32' <Predicate = (!icmp_ln249)> <Delay = 0.00> <CoreInst = "LogicGate">   --->   Core 74 'LogicGate' <Latency = 0> <II = 1> <Delay = 0.28> <FuncUnit> <Opcode : 'and' 'or' 'xor'> <InPorts = 2> <OutPorts = 1>
ST_1 : Operation 177 [1/1] (0.00ns) (grouped into LUT with out node add_ln840_7)   --->   "%xor_ln1019_33 = xor i1 %xor_ln1019_32, i1 1"   --->   Operation 177 'xor' 'xor_ln1019_33' <Predicate = (!icmp_ln249)> <Delay = 0.00> <CoreInst = "LogicGate">   --->   Core 74 'LogicGate' <Latency = 0> <II = 1> <Delay = 0.28> <FuncUnit> <Opcode : 'and' 'or' 'xor'> <InPorts = 2> <OutPorts = 1>
ST_1 : Operation 178 [1/1] (0.00ns) (grouped into LUT with out node add_ln840_7)   --->   "%zext_ln780_16 = zext i1 %xor_ln1019_33"   --->   Operation 178 'zext' 'zext_ln780_16' <Predicate = (!icmp_ln249)> <Delay = 0.00>
ST_1 : Operation 179 [1/1] (0.00ns)   --->   "%p_Result_17 = bitselect i1 @_ssdm_op_BitSelect.i1.i30.i32, i30 %inElem_1, i32 17"   --->   Operation 179 'bitselect' 'p_Result_17' <Predicate = (!icmp_ln249)> <Delay = 0.00>
ST_1 : Operation 180 [1/1] (0.00ns) (grouped into LUT with out node add_ln840_10)   --->   "%xor_ln1019_34 = xor i1 %p_Result_17, i1 %local_temp_V_17"   --->   Operation 180 'xor' 'xor_ln1019_34' <Predicate = (!icmp_ln249)> <Delay = 0.00> <CoreInst = "LogicGate">   --->   Core 74 'LogicGate' <Latency = 0> <II = 1> <Delay = 0.28> <FuncUnit> <Opcode : 'and' 'or' 'xor'> <InPorts = 2> <OutPorts = 1>
ST_1 : Operation 181 [1/1] (0.00ns) (grouped into LUT with out node add_ln840_10)   --->   "%xor_ln1019_35 = xor i1 %xor_ln1019_34, i1 1"   --->   Operation 181 'xor' 'xor_ln1019_35' <Predicate = (!icmp_ln249)> <Delay = 0.00> <CoreInst = "LogicGate">   --->   Core 74 'LogicGate' <Latency = 0> <II = 1> <Delay = 0.28> <FuncUnit> <Opcode : 'and' 'or' 'xor'> <InPorts = 2> <OutPorts = 1>
ST_1 : Operation 182 [1/1] (0.00ns) (grouped into LUT with out node add_ln840_10)   --->   "%zext_ln780_17 = zext i1 %xor_ln1019_35"   --->   Operation 182 'zext' 'zext_ln780_17' <Predicate = (!icmp_ln249)> <Delay = 0.00>
ST_1 : Operation 183 [1/1] (0.00ns)   --->   "%p_Result_18 = bitselect i1 @_ssdm_op_BitSelect.i1.i30.i32, i30 %inElem_1, i32 18"   --->   Operation 183 'bitselect' 'p_Result_18' <Predicate = (!icmp_ln249)> <Delay = 0.00>
ST_1 : Operation 184 [1/1] (0.00ns) (grouped into LUT with out node add_ln840_9)   --->   "%xor_ln1019_36 = xor i1 %p_Result_18, i1 %local_temp_V_18"   --->   Operation 184 'xor' 'xor_ln1019_36' <Predicate = (!icmp_ln249)> <Delay = 0.00> <CoreInst = "LogicGate">   --->   Core 74 'LogicGate' <Latency = 0> <II = 1> <Delay = 0.28> <FuncUnit> <Opcode : 'and' 'or' 'xor'> <InPorts = 2> <OutPorts = 1>
ST_1 : Operation 185 [1/1] (0.00ns) (grouped into LUT with out node add_ln840_9)   --->   "%xor_ln1019_37 = xor i1 %xor_ln1019_36, i1 1"   --->   Operation 185 'xor' 'xor_ln1019_37' <Predicate = (!icmp_ln249)> <Delay = 0.00> <CoreInst = "LogicGate">   --->   Core 74 'LogicGate' <Latency = 0> <II = 1> <Delay = 0.28> <FuncUnit> <Opcode : 'and' 'or' 'xor'> <InPorts = 2> <OutPorts = 1>
ST_1 : Operation 186 [1/1] (0.00ns) (grouped into LUT with out node add_ln840_9)   --->   "%zext_ln780_18 = zext i1 %xor_ln1019_37"   --->   Operation 186 'zext' 'zext_ln780_18' <Predicate = (!icmp_ln249)> <Delay = 0.00>
ST_1 : Operation 187 [1/1] (0.00ns)   --->   "%p_Result_19 = bitselect i1 @_ssdm_op_BitSelect.i1.i30.i32, i30 %inElem_1, i32 19"   --->   Operation 187 'bitselect' 'p_Result_19' <Predicate = (!icmp_ln249)> <Delay = 0.00>
ST_1 : Operation 188 [1/1] (0.00ns) (grouped into LUT with out node add_ln840_14)   --->   "%xor_ln1019_38 = xor i1 %p_Result_19, i1 %local_temp_V_19"   --->   Operation 188 'xor' 'xor_ln1019_38' <Predicate = (!icmp_ln249)> <Delay = 0.00> <CoreInst = "LogicGate">   --->   Core 74 'LogicGate' <Latency = 0> <II = 1> <Delay = 0.28> <FuncUnit> <Opcode : 'and' 'or' 'xor'> <InPorts = 2> <OutPorts = 1>
ST_1 : Operation 189 [1/1] (0.00ns) (grouped into LUT with out node add_ln840_14)   --->   "%xor_ln1019_39 = xor i1 %xor_ln1019_38, i1 1"   --->   Operation 189 'xor' 'xor_ln1019_39' <Predicate = (!icmp_ln249)> <Delay = 0.00> <CoreInst = "LogicGate">   --->   Core 74 'LogicGate' <Latency = 0> <II = 1> <Delay = 0.28> <FuncUnit> <Opcode : 'and' 'or' 'xor'> <InPorts = 2> <OutPorts = 1>
ST_1 : Operation 190 [1/1] (0.00ns) (grouped into LUT with out node add_ln840_14)   --->   "%zext_ln780_19 = zext i1 %xor_ln1019_39"   --->   Operation 190 'zext' 'zext_ln780_19' <Predicate = (!icmp_ln249)> <Delay = 0.00>
ST_1 : Operation 191 [1/1] (0.00ns)   --->   "%p_Result_20 = bitselect i1 @_ssdm_op_BitSelect.i1.i30.i32, i30 %inElem_1, i32 20"   --->   Operation 191 'bitselect' 'p_Result_20' <Predicate = (!icmp_ln249)> <Delay = 0.00>
ST_1 : Operation 192 [1/1] (0.00ns) (grouped into LUT with out node add_ln840_10)   --->   "%xor_ln1019_40 = xor i1 %p_Result_20, i1 %local_temp_V_20"   --->   Operation 192 'xor' 'xor_ln1019_40' <Predicate = (!icmp_ln249)> <Delay = 0.00> <CoreInst = "LogicGate">   --->   Core 74 'LogicGate' <Latency = 0> <II = 1> <Delay = 0.28> <FuncUnit> <Opcode : 'and' 'or' 'xor'> <InPorts = 2> <OutPorts = 1>
ST_1 : Operation 193 [1/1] (0.00ns) (grouped into LUT with out node add_ln840_10)   --->   "%xor_ln1019_41 = xor i1 %xor_ln1019_40, i1 1"   --->   Operation 193 'xor' 'xor_ln1019_41' <Predicate = (!icmp_ln249)> <Delay = 0.00> <CoreInst = "LogicGate">   --->   Core 74 'LogicGate' <Latency = 0> <II = 1> <Delay = 0.28> <FuncUnit> <Opcode : 'and' 'or' 'xor'> <InPorts = 2> <OutPorts = 1>
ST_1 : Operation 194 [1/1] (0.00ns) (grouped into LUT with out node add_ln840_10)   --->   "%zext_ln780_20 = zext i1 %xor_ln1019_41"   --->   Operation 194 'zext' 'zext_ln780_20' <Predicate = (!icmp_ln249)> <Delay = 0.00>
ST_1 : Operation 195 [1/1] (0.00ns)   --->   "%p_Result_21 = bitselect i1 @_ssdm_op_BitSelect.i1.i30.i32, i30 %inElem_1, i32 21"   --->   Operation 195 'bitselect' 'p_Result_21' <Predicate = (!icmp_ln249)> <Delay = 0.00>
ST_1 : Operation 196 [1/1] (0.00ns) (grouped into LUT with out node add_ln840_3)   --->   "%xor_ln1019_42 = xor i1 %p_Result_21, i1 %local_temp_V_21"   --->   Operation 196 'xor' 'xor_ln1019_42' <Predicate = (!icmp_ln249)> <Delay = 0.00> <CoreInst = "LogicGate">   --->   Core 74 'LogicGate' <Latency = 0> <II = 1> <Delay = 0.28> <FuncUnit> <Opcode : 'and' 'or' 'xor'> <InPorts = 2> <OutPorts = 1>
ST_1 : Operation 197 [1/1] (0.00ns) (grouped into LUT with out node add_ln840_3)   --->   "%xor_ln1019_43 = xor i1 %xor_ln1019_42, i1 1"   --->   Operation 197 'xor' 'xor_ln1019_43' <Predicate = (!icmp_ln249)> <Delay = 0.00> <CoreInst = "LogicGate">   --->   Core 74 'LogicGate' <Latency = 0> <II = 1> <Delay = 0.28> <FuncUnit> <Opcode : 'and' 'or' 'xor'> <InPorts = 2> <OutPorts = 1>
ST_1 : Operation 198 [1/1] (0.00ns) (grouped into LUT with out node add_ln840_3)   --->   "%zext_ln780_21 = zext i1 %xor_ln1019_43"   --->   Operation 198 'zext' 'zext_ln780_21' <Predicate = (!icmp_ln249)> <Delay = 0.00>
ST_1 : Operation 199 [1/1] (0.00ns)   --->   "%p_Result_22 = bitselect i1 @_ssdm_op_BitSelect.i1.i30.i32, i30 %inElem_1, i32 22"   --->   Operation 199 'bitselect' 'p_Result_22' <Predicate = (!icmp_ln249)> <Delay = 0.00>
ST_1 : Operation 200 [1/1] (0.00ns) (grouped into LUT with out node add_ln840_3)   --->   "%xor_ln1019_44 = xor i1 %p_Result_22, i1 %local_temp_V_22"   --->   Operation 200 'xor' 'xor_ln1019_44' <Predicate = (!icmp_ln249)> <Delay = 0.00> <CoreInst = "LogicGate">   --->   Core 74 'LogicGate' <Latency = 0> <II = 1> <Delay = 0.28> <FuncUnit> <Opcode : 'and' 'or' 'xor'> <InPorts = 2> <OutPorts = 1>
ST_1 : Operation 201 [1/1] (0.00ns) (grouped into LUT with out node add_ln840_3)   --->   "%xor_ln1019_45 = xor i1 %xor_ln1019_44, i1 1"   --->   Operation 201 'xor' 'xor_ln1019_45' <Predicate = (!icmp_ln249)> <Delay = 0.00> <CoreInst = "LogicGate">   --->   Core 74 'LogicGate' <Latency = 0> <II = 1> <Delay = 0.28> <FuncUnit> <Opcode : 'and' 'or' 'xor'> <InPorts = 2> <OutPorts = 1>
ST_1 : Operation 202 [1/1] (0.00ns) (grouped into LUT with out node add_ln840_3)   --->   "%zext_ln780_22 = zext i1 %xor_ln1019_45"   --->   Operation 202 'zext' 'zext_ln780_22' <Predicate = (!icmp_ln249)> <Delay = 0.00>
ST_1 : Operation 203 [1/1] (0.00ns)   --->   "%p_Result_23 = bitselect i1 @_ssdm_op_BitSelect.i1.i30.i32, i30 %inElem_1, i32 23"   --->   Operation 203 'bitselect' 'p_Result_23' <Predicate = (!icmp_ln249)> <Delay = 0.00>
ST_1 : Operation 204 [1/1] (0.00ns) (grouped into LUT with out node add_ln840_6)   --->   "%xor_ln1019_46 = xor i1 %p_Result_23, i1 %local_temp_V_23"   --->   Operation 204 'xor' 'xor_ln1019_46' <Predicate = (!icmp_ln249)> <Delay = 0.00> <CoreInst = "LogicGate">   --->   Core 74 'LogicGate' <Latency = 0> <II = 1> <Delay = 0.28> <FuncUnit> <Opcode : 'and' 'or' 'xor'> <InPorts = 2> <OutPorts = 1>
ST_1 : Operation 205 [1/1] (0.00ns) (grouped into LUT with out node add_ln840_6)   --->   "%xor_ln1019_47 = xor i1 %xor_ln1019_46, i1 1"   --->   Operation 205 'xor' 'xor_ln1019_47' <Predicate = (!icmp_ln249)> <Delay = 0.00> <CoreInst = "LogicGate">   --->   Core 74 'LogicGate' <Latency = 0> <II = 1> <Delay = 0.28> <FuncUnit> <Opcode : 'and' 'or' 'xor'> <InPorts = 2> <OutPorts = 1>
ST_1 : Operation 206 [1/1] (0.00ns) (grouped into LUT with out node add_ln840_6)   --->   "%zext_ln780_23 = zext i1 %xor_ln1019_47"   --->   Operation 206 'zext' 'zext_ln780_23' <Predicate = (!icmp_ln249)> <Delay = 0.00>
ST_1 : Operation 207 [1/1] (0.00ns)   --->   "%p_Result_24 = bitselect i1 @_ssdm_op_BitSelect.i1.i30.i32, i30 %inElem_1, i32 24"   --->   Operation 207 'bitselect' 'p_Result_24' <Predicate = (!icmp_ln249)> <Delay = 0.00>
ST_1 : Operation 208 [1/1] (0.00ns) (grouped into LUT with out node add_ln840_6)   --->   "%xor_ln1019_48 = xor i1 %p_Result_24, i1 %local_temp_V_24"   --->   Operation 208 'xor' 'xor_ln1019_48' <Predicate = (!icmp_ln249)> <Delay = 0.00> <CoreInst = "LogicGate">   --->   Core 74 'LogicGate' <Latency = 0> <II = 1> <Delay = 0.28> <FuncUnit> <Opcode : 'and' 'or' 'xor'> <InPorts = 2> <OutPorts = 1>
ST_1 : Operation 209 [1/1] (0.00ns) (grouped into LUT with out node add_ln840_6)   --->   "%xor_ln1019_49 = xor i1 %xor_ln1019_48, i1 1"   --->   Operation 209 'xor' 'xor_ln1019_49' <Predicate = (!icmp_ln249)> <Delay = 0.00> <CoreInst = "LogicGate">   --->   Core 74 'LogicGate' <Latency = 0> <II = 1> <Delay = 0.28> <FuncUnit> <Opcode : 'and' 'or' 'xor'> <InPorts = 2> <OutPorts = 1>
ST_1 : Operation 210 [1/1] (0.00ns) (grouped into LUT with out node add_ln840_6)   --->   "%zext_ln780_24 = zext i1 %xor_ln1019_49"   --->   Operation 210 'zext' 'zext_ln780_24' <Predicate = (!icmp_ln249)> <Delay = 0.00>
ST_1 : Operation 211 [1/1] (0.00ns)   --->   "%p_Result_25 = bitselect i1 @_ssdm_op_BitSelect.i1.i30.i32, i30 %inElem_1, i32 25"   --->   Operation 211 'bitselect' 'p_Result_25' <Predicate = (!icmp_ln249)> <Delay = 0.00>
ST_1 : Operation 212 [1/1] (0.00ns) (grouped into LUT with out node add_ln840_2)   --->   "%xor_ln1019_50 = xor i1 %p_Result_25, i1 %local_temp_V_25"   --->   Operation 212 'xor' 'xor_ln1019_50' <Predicate = (!icmp_ln249)> <Delay = 0.00> <CoreInst = "LogicGate">   --->   Core 74 'LogicGate' <Latency = 0> <II = 1> <Delay = 0.28> <FuncUnit> <Opcode : 'and' 'or' 'xor'> <InPorts = 2> <OutPorts = 1>
ST_1 : Operation 213 [1/1] (0.00ns) (grouped into LUT with out node add_ln840_2)   --->   "%xor_ln1019_51 = xor i1 %xor_ln1019_50, i1 1"   --->   Operation 213 'xor' 'xor_ln1019_51' <Predicate = (!icmp_ln249)> <Delay = 0.00> <CoreInst = "LogicGate">   --->   Core 74 'LogicGate' <Latency = 0> <II = 1> <Delay = 0.28> <FuncUnit> <Opcode : 'and' 'or' 'xor'> <InPorts = 2> <OutPorts = 1>
ST_1 : Operation 214 [1/1] (0.00ns) (grouped into LUT with out node add_ln840_2)   --->   "%zext_ln780_25 = zext i1 %xor_ln1019_51"   --->   Operation 214 'zext' 'zext_ln780_25' <Predicate = (!icmp_ln249)> <Delay = 0.00>
ST_1 : Operation 215 [1/1] (0.00ns)   --->   "%p_Result_26 = bitselect i1 @_ssdm_op_BitSelect.i1.i30.i32, i30 %inElem_1, i32 26"   --->   Operation 215 'bitselect' 'p_Result_26' <Predicate = (!icmp_ln249)> <Delay = 0.00>
ST_1 : Operation 216 [1/1] (0.00ns) (grouped into LUT with out node add_ln840_2)   --->   "%xor_ln1019_52 = xor i1 %p_Result_26, i1 %local_temp_V_26"   --->   Operation 216 'xor' 'xor_ln1019_52' <Predicate = (!icmp_ln249)> <Delay = 0.00> <CoreInst = "LogicGate">   --->   Core 74 'LogicGate' <Latency = 0> <II = 1> <Delay = 0.28> <FuncUnit> <Opcode : 'and' 'or' 'xor'> <InPorts = 2> <OutPorts = 1>
ST_1 : Operation 217 [1/1] (0.00ns) (grouped into LUT with out node add_ln840_2)   --->   "%xor_ln1019_53 = xor i1 %xor_ln1019_52, i1 1"   --->   Operation 217 'xor' 'xor_ln1019_53' <Predicate = (!icmp_ln249)> <Delay = 0.00> <CoreInst = "LogicGate">   --->   Core 74 'LogicGate' <Latency = 0> <II = 1> <Delay = 0.28> <FuncUnit> <Opcode : 'and' 'or' 'xor'> <InPorts = 2> <OutPorts = 1>
ST_1 : Operation 218 [1/1] (0.00ns) (grouped into LUT with out node add_ln840_2)   --->   "%zext_ln780_26 = zext i1 %xor_ln1019_53"   --->   Operation 218 'zext' 'zext_ln780_26' <Predicate = (!icmp_ln249)> <Delay = 0.00>
ST_1 : Operation 219 [1/1] (0.00ns)   --->   "%p_Result_27 = bitselect i1 @_ssdm_op_BitSelect.i1.i30.i32, i30 %inElem_1, i32 27"   --->   Operation 219 'bitselect' 'p_Result_27' <Predicate = (!icmp_ln249)> <Delay = 0.00>
ST_1 : Operation 220 [1/1] (0.00ns) (grouped into LUT with out node add_ln840)   --->   "%xor_ln1019_54 = xor i1 %p_Result_27, i1 %local_temp_V_27"   --->   Operation 220 'xor' 'xor_ln1019_54' <Predicate = (!icmp_ln249)> <Delay = 0.00> <CoreInst = "LogicGate">   --->   Core 74 'LogicGate' <Latency = 0> <II = 1> <Delay = 0.28> <FuncUnit> <Opcode : 'and' 'or' 'xor'> <InPorts = 2> <OutPorts = 1>
ST_1 : Operation 221 [1/1] (0.00ns) (grouped into LUT with out node add_ln840)   --->   "%xor_ln1019_55 = xor i1 %xor_ln1019_54, i1 1"   --->   Operation 221 'xor' 'xor_ln1019_55' <Predicate = (!icmp_ln249)> <Delay = 0.00> <CoreInst = "LogicGate">   --->   Core 74 'LogicGate' <Latency = 0> <II = 1> <Delay = 0.28> <FuncUnit> <Opcode : 'and' 'or' 'xor'> <InPorts = 2> <OutPorts = 1>
ST_1 : Operation 222 [1/1] (0.00ns) (grouped into LUT with out node add_ln840)   --->   "%zext_ln780_27 = zext i1 %xor_ln1019_55"   --->   Operation 222 'zext' 'zext_ln780_27' <Predicate = (!icmp_ln249)> <Delay = 0.00>
ST_1 : Operation 223 [1/1] (0.00ns)   --->   "%p_Result_28 = bitselect i1 @_ssdm_op_BitSelect.i1.i30.i32, i30 %inElem_1, i32 28"   --->   Operation 223 'bitselect' 'p_Result_28' <Predicate = (!icmp_ln249)> <Delay = 0.00>
ST_1 : Operation 224 [1/1] (0.00ns) (grouped into LUT with out node add_ln840)   --->   "%xor_ln1019_56 = xor i1 %p_Result_28, i1 %local_temp_V_28"   --->   Operation 224 'xor' 'xor_ln1019_56' <Predicate = (!icmp_ln249)> <Delay = 0.00> <CoreInst = "LogicGate">   --->   Core 74 'LogicGate' <Latency = 0> <II = 1> <Delay = 0.28> <FuncUnit> <Opcode : 'and' 'or' 'xor'> <InPorts = 2> <OutPorts = 1>
ST_1 : Operation 225 [1/1] (0.00ns) (grouped into LUT with out node add_ln840)   --->   "%xor_ln1019_57 = xor i1 %xor_ln1019_56, i1 1"   --->   Operation 225 'xor' 'xor_ln1019_57' <Predicate = (!icmp_ln249)> <Delay = 0.00> <CoreInst = "LogicGate">   --->   Core 74 'LogicGate' <Latency = 0> <II = 1> <Delay = 0.28> <FuncUnit> <Opcode : 'and' 'or' 'xor'> <InPorts = 2> <OutPorts = 1>
ST_1 : Operation 226 [1/1] (0.00ns) (grouped into LUT with out node add_ln840)   --->   "%zext_ln780_28 = zext i1 %xor_ln1019_57"   --->   Operation 226 'zext' 'zext_ln780_28' <Predicate = (!icmp_ln249)> <Delay = 0.00>
ST_1 : Operation 227 [1/1] (0.00ns)   --->   "%p_Result_29 = bitselect i1 @_ssdm_op_BitSelect.i1.i30.i32, i30 %inElem_1, i32 29"   --->   Operation 227 'bitselect' 'p_Result_29' <Predicate = (!icmp_ln249)> <Delay = 0.00>
ST_1 : Operation 228 [1/1] (0.00ns) (grouped into LUT with out node add_ln840_25)   --->   "%xor_ln1019_58 = xor i1 %p_Result_29, i1 %local_temp_V_29"   --->   Operation 228 'xor' 'xor_ln1019_58' <Predicate = (!icmp_ln249)> <Delay = 0.00> <CoreInst = "LogicGate">   --->   Core 74 'LogicGate' <Latency = 0> <II = 1> <Delay = 0.28> <FuncUnit> <Opcode : 'and' 'or' 'xor'> <InPorts = 2> <OutPorts = 1>
ST_1 : Operation 229 [1/1] (0.00ns) (grouped into LUT with out node add_ln840_25)   --->   "%xor_ln1019_59 = xor i1 %xor_ln1019_58, i1 1"   --->   Operation 229 'xor' 'xor_ln1019_59' <Predicate = (!icmp_ln249)> <Delay = 0.00> <CoreInst = "LogicGate">   --->   Core 74 'LogicGate' <Latency = 0> <II = 1> <Delay = 0.28> <FuncUnit> <Opcode : 'and' 'or' 'xor'> <InPorts = 2> <OutPorts = 1>
ST_1 : Operation 230 [1/1] (0.00ns) (grouped into LUT with out node add_ln840_25)   --->   "%zext_ln840 = zext i1 %xor_ln1019_59"   --->   Operation 230 'zext' 'zext_ln840' <Predicate = (!icmp_ln249)> <Delay = 0.00>
ST_1 : Operation 231 [1/1] (0.54ns) (out node of the LUT)   --->   "%add_ln840 = add i2 %zext_ln780_27, i2 %zext_ln780_28"   --->   Operation 231 'add' 'add_ln840' <Predicate = (!icmp_ln249)> <Delay = 0.54> <CoreInst = "Adder">   --->   Core 1 'Adder' <Latency = 0> <II = 1> <Delay = 0.54> <FuncUnit> <Opcode : 'add' 'sub'> <InPorts = 2> <OutPorts = 1>
ST_1 : Operation 232 [1/1] (0.00ns)   --->   "%zext_ln840_1 = zext i2 %add_ln840"   --->   Operation 232 'zext' 'zext_ln840_1' <Predicate = (!icmp_ln249)> <Delay = 0.00>
ST_1 : Operation 233 [1/1] (0.00ns) (grouped into TernaryAdder)   --->   "%add_ln840_1 = add i8 %zext_ln840_1, i8 %select_ln272_7"   --->   Operation 233 'add' 'add_ln840_1' <Predicate = (!icmp_ln249)> <Delay = 0.00> <CoreInst = "TAddSub">   --->   Core 10 'TAddSub' <Latency = 0> <II = 1> <Delay = 0.52> <IPBlock> <Opcode : 'add' 'sub'> <InPorts = 3> <OutPorts = 1> <Sync> <CReg>
ST_1 : Operation 234 [1/1] (0.54ns) (out node of the LUT)   --->   "%add_ln840_2 = add i2 %zext_ln780_26, i2 %zext_ln780_25"   --->   Operation 234 'add' 'add_ln840_2' <Predicate = (!icmp_ln249)> <Delay = 0.54> <CoreInst = "Adder">   --->   Core 1 'Adder' <Latency = 0> <II = 1> <Delay = 0.54> <FuncUnit> <Opcode : 'add' 'sub'> <InPorts = 2> <OutPorts = 1>
ST_1 : Operation 235 [1/1] (0.00ns)   --->   "%zext_ln840_2 = zext i2 %add_ln840_2"   --->   Operation 235 'zext' 'zext_ln840_2' <Predicate = (!icmp_ln249)> <Delay = 0.00>
ST_1 : Operation 236 [1/1] (0.54ns) (out node of the LUT)   --->   "%add_ln840_3 = add i2 %zext_ln780_22, i2 %zext_ln780_21"   --->   Operation 236 'add' 'add_ln840_3' <Predicate = (!icmp_ln249)> <Delay = 0.54> <CoreInst = "Adder">   --->   Core 1 'Adder' <Latency = 0> <II = 1> <Delay = 0.54> <FuncUnit> <Opcode : 'add' 'sub'> <InPorts = 2> <OutPorts = 1>
ST_1 : Operation 237 [1/1] (0.00ns)   --->   "%zext_ln840_3 = zext i2 %add_ln840_3"   --->   Operation 237 'zext' 'zext_ln840_3' <Predicate = (!icmp_ln249)> <Delay = 0.00>
ST_1 : Operation 238 [1/1] (0.54ns)   --->   "%add_ln840_4 = add i3 %zext_ln840_3, i3 %zext_ln840_2"   --->   Operation 238 'add' 'add_ln840_4' <Predicate = (!icmp_ln249)> <Delay = 0.54> <CoreInst = "Adder">   --->   Core 1 'Adder' <Latency = 0> <II = 1> <Delay = 0.54> <FuncUnit> <Opcode : 'add' 'sub'> <InPorts = 2> <OutPorts = 1>
ST_1 : Operation 239 [1/1] (0.00ns)   --->   "%zext_ln840_4 = zext i3 %add_ln840_4"   --->   Operation 239 'zext' 'zext_ln840_4' <Predicate = (!icmp_ln249)> <Delay = 0.00>
ST_1 : Operation 240 [1/1] (1.05ns) (root node of TernaryAdder)   --->   "%add_ln840_5 = add i8 %zext_ln840_4, i8 %add_ln840_1"   --->   Operation 240 'add' 'add_ln840_5' <Predicate = (!icmp_ln249)> <Delay = 1.05> <CoreInst = "TAddSub">   --->   Core 10 'TAddSub' <Latency = 0> <II = 1> <Delay = 0.52> <IPBlock> <Opcode : 'add' 'sub'> <InPorts = 3> <OutPorts = 1> <Sync> <CReg>
ST_1 : Operation 241 [1/1] (0.54ns) (out node of the LUT)   --->   "%add_ln840_6 = add i2 %zext_ln780_24, i2 %zext_ln780_23"   --->   Operation 241 'add' 'add_ln840_6' <Predicate = (!icmp_ln249)> <Delay = 0.54> <CoreInst = "Adder">   --->   Core 1 'Adder' <Latency = 0> <II = 1> <Delay = 0.54> <FuncUnit> <Opcode : 'add' 'sub'> <InPorts = 2> <OutPorts = 1>
ST_1 : Operation 242 [1/1] (0.00ns)   --->   "%zext_ln840_5 = zext i2 %add_ln840_6"   --->   Operation 242 'zext' 'zext_ln840_5' <Predicate = (!icmp_ln249)> <Delay = 0.00>
ST_1 : Operation 243 [1/1] (0.54ns) (out node of the LUT)   --->   "%add_ln840_7 = add i2 %zext_ln780_14, i2 %zext_ln780_16"   --->   Operation 243 'add' 'add_ln840_7' <Predicate = (!icmp_ln249)> <Delay = 0.54> <CoreInst = "Adder">   --->   Core 1 'Adder' <Latency = 0> <II = 1> <Delay = 0.54> <FuncUnit> <Opcode : 'add' 'sub'> <InPorts = 2> <OutPorts = 1>
ST_1 : Operation 244 [1/1] (0.00ns)   --->   "%zext_ln840_6 = zext i2 %add_ln840_7"   --->   Operation 244 'zext' 'zext_ln840_6' <Predicate = (!icmp_ln249)> <Delay = 0.00>
ST_1 : Operation 245 [1/1] (0.54ns)   --->   "%add_ln840_8 = add i3 %zext_ln840_6, i3 %zext_ln840_5"   --->   Operation 245 'add' 'add_ln840_8' <Predicate = (!icmp_ln249)> <Delay = 0.54> <CoreInst = "Adder">   --->   Core 1 'Adder' <Latency = 0> <II = 1> <Delay = 0.54> <FuncUnit> <Opcode : 'add' 'sub'> <InPorts = 2> <OutPorts = 1>
ST_1 : Operation 246 [1/1] (0.00ns)   --->   "%zext_ln840_7 = zext i3 %add_ln840_8"   --->   Operation 246 'zext' 'zext_ln840_7' <Predicate = (!icmp_ln249)> <Delay = 0.00>
ST_1 : Operation 247 [1/1] (0.54ns) (out node of the LUT)   --->   "%add_ln840_9 = add i2 %zext_ln780_15, i2 %zext_ln780_18"   --->   Operation 247 'add' 'add_ln840_9' <Predicate = (!icmp_ln249)> <Delay = 0.54> <CoreInst = "Adder">   --->   Core 1 'Adder' <Latency = 0> <II = 1> <Delay = 0.54> <FuncUnit> <Opcode : 'add' 'sub'> <InPorts = 2> <OutPorts = 1>
ST_1 : Operation 248 [1/1] (0.00ns)   --->   "%zext_ln840_8 = zext i2 %add_ln840_9"   --->   Operation 248 'zext' 'zext_ln840_8' <Predicate = (!icmp_ln249)> <Delay = 0.00>
ST_1 : Operation 249 [1/1] (0.54ns) (out node of the LUT)   --->   "%add_ln840_10 = add i2 %zext_ln780_17, i2 %zext_ln780_20"   --->   Operation 249 'add' 'add_ln840_10' <Predicate = (!icmp_ln249)> <Delay = 0.54> <CoreInst = "Adder">   --->   Core 1 'Adder' <Latency = 0> <II = 1> <Delay = 0.54> <FuncUnit> <Opcode : 'add' 'sub'> <InPorts = 2> <OutPorts = 1>
ST_1 : Operation 250 [1/1] (0.00ns)   --->   "%zext_ln840_9 = zext i2 %add_ln840_10"   --->   Operation 250 'zext' 'zext_ln840_9' <Predicate = (!icmp_ln249)> <Delay = 0.00>
ST_1 : Operation 251 [1/1] (0.54ns)   --->   "%add_ln840_11 = add i3 %zext_ln840_9, i3 %zext_ln840_8"   --->   Operation 251 'add' 'add_ln840_11' <Predicate = (!icmp_ln249)> <Delay = 0.54> <CoreInst = "Adder">   --->   Core 1 'Adder' <Latency = 0> <II = 1> <Delay = 0.54> <FuncUnit> <Opcode : 'add' 'sub'> <InPorts = 2> <OutPorts = 1>
ST_1 : Operation 252 [1/1] (0.00ns)   --->   "%zext_ln840_10 = zext i3 %add_ln840_11"   --->   Operation 252 'zext' 'zext_ln840_10' <Predicate = (!icmp_ln249)> <Delay = 0.00>
ST_1 : Operation 253 [1/1] (0.67ns)   --->   "%add_ln840_12 = add i4 %zext_ln840_10, i4 %zext_ln840_7"   --->   Operation 253 'add' 'add_ln840_12' <Predicate = (!icmp_ln249)> <Delay = 0.67> <CoreInst = "Adder">   --->   Core 1 'Adder' <Latency = 0> <II = 1> <Delay = 0.67> <FuncUnit> <Opcode : 'add' 'sub'> <InPorts = 2> <OutPorts = 1>
ST_1 : Operation 254 [1/1] (0.00ns)   --->   "%zext_ln840_11 = zext i4 %add_ln840_12"   --->   Operation 254 'zext' 'zext_ln840_11' <Predicate = (!icmp_ln249)> <Delay = 0.00>
ST_1 : Operation 255 [1/1] (0.00ns) (grouped into TernaryAdder)   --->   "%add_ln840_13 = add i8 %zext_ln840_11, i8 %add_ln840_5"   --->   Operation 255 'add' 'add_ln840_13' <Predicate = (!icmp_ln249)> <Delay = 0.00> <CoreInst = "TAddSub">   --->   Core 10 'TAddSub' <Latency = 0> <II = 1> <Delay = 0.52> <IPBlock> <Opcode : 'add' 'sub'> <InPorts = 3> <OutPorts = 1> <Sync> <CReg>
ST_1 : Operation 256 [1/1] (0.54ns) (out node of the LUT)   --->   "%add_ln840_14 = add i2 %zext_ln780_19, i2 %zext_ln780_1"   --->   Operation 256 'add' 'add_ln840_14' <Predicate = (!icmp_ln249)> <Delay = 0.54> <CoreInst = "Adder">   --->   Core 1 'Adder' <Latency = 0> <II = 1> <Delay = 0.54> <FuncUnit> <Opcode : 'add' 'sub'> <InPorts = 2> <OutPorts = 1>
ST_1 : Operation 257 [1/1] (0.00ns)   --->   "%zext_ln840_12 = zext i2 %add_ln840_14"   --->   Operation 257 'zext' 'zext_ln840_12' <Predicate = (!icmp_ln249)> <Delay = 0.00>
ST_1 : Operation 258 [1/1] (0.54ns) (out node of the LUT)   --->   "%add_ln840_15 = add i2 %zext_ln780, i2 %zext_ln780_3"   --->   Operation 258 'add' 'add_ln840_15' <Predicate = (!icmp_ln249)> <Delay = 0.54> <CoreInst = "Adder">   --->   Core 1 'Adder' <Latency = 0> <II = 1> <Delay = 0.54> <FuncUnit> <Opcode : 'add' 'sub'> <InPorts = 2> <OutPorts = 1>
ST_1 : Operation 259 [1/1] (0.00ns)   --->   "%zext_ln840_13 = zext i2 %add_ln840_15"   --->   Operation 259 'zext' 'zext_ln840_13' <Predicate = (!icmp_ln249)> <Delay = 0.00>
ST_1 : Operation 260 [1/1] (0.54ns)   --->   "%add_ln840_16 = add i3 %zext_ln840_13, i3 %zext_ln840_12"   --->   Operation 260 'add' 'add_ln840_16' <Predicate = (!icmp_ln249)> <Delay = 0.54> <CoreInst = "Adder">   --->   Core 1 'Adder' <Latency = 0> <II = 1> <Delay = 0.54> <FuncUnit> <Opcode : 'add' 'sub'> <InPorts = 2> <OutPorts = 1>
ST_1 : Operation 261 [1/1] (0.00ns)   --->   "%zext_ln840_14 = zext i3 %add_ln840_16"   --->   Operation 261 'zext' 'zext_ln840_14' <Predicate = (!icmp_ln249)> <Delay = 0.00>
ST_1 : Operation 262 [1/1] (0.54ns) (out node of the LUT)   --->   "%add_ln840_17 = add i2 %zext_ln780_2, i2 %zext_ln780_5"   --->   Operation 262 'add' 'add_ln840_17' <Predicate = (!icmp_ln249)> <Delay = 0.54> <CoreInst = "Adder">   --->   Core 1 'Adder' <Latency = 0> <II = 1> <Delay = 0.54> <FuncUnit> <Opcode : 'add' 'sub'> <InPorts = 2> <OutPorts = 1>
ST_1 : Operation 263 [1/1] (0.00ns)   --->   "%zext_ln840_15 = zext i2 %add_ln840_17"   --->   Operation 263 'zext' 'zext_ln840_15' <Predicate = (!icmp_ln249)> <Delay = 0.00>
ST_1 : Operation 264 [1/1] (0.54ns) (out node of the LUT)   --->   "%add_ln840_18 = add i2 %zext_ln780_4, i2 %zext_ln780_7"   --->   Operation 264 'add' 'add_ln840_18' <Predicate = (!icmp_ln249)> <Delay = 0.54> <CoreInst = "Adder">   --->   Core 1 'Adder' <Latency = 0> <II = 1> <Delay = 0.54> <FuncUnit> <Opcode : 'add' 'sub'> <InPorts = 2> <OutPorts = 1>
ST_1 : Operation 265 [1/1] (0.00ns)   --->   "%zext_ln840_16 = zext i2 %add_ln840_18"   --->   Operation 265 'zext' 'zext_ln840_16' <Predicate = (!icmp_ln249)> <Delay = 0.00>
ST_1 : Operation 266 [1/1] (0.54ns)   --->   "%add_ln840_19 = add i3 %zext_ln840_16, i3 %zext_ln840_15"   --->   Operation 266 'add' 'add_ln840_19' <Predicate = (!icmp_ln249)> <Delay = 0.54> <CoreInst = "Adder">   --->   Core 1 'Adder' <Latency = 0> <II = 1> <Delay = 0.54> <FuncUnit> <Opcode : 'add' 'sub'> <InPorts = 2> <OutPorts = 1>
ST_1 : Operation 267 [1/1] (0.00ns)   --->   "%zext_ln840_17 = zext i3 %add_ln840_19"   --->   Operation 267 'zext' 'zext_ln840_17' <Predicate = (!icmp_ln249)> <Delay = 0.00>
ST_1 : Operation 268 [1/1] (0.67ns)   --->   "%add_ln840_20 = add i4 %zext_ln840_17, i4 %zext_ln840_14"   --->   Operation 268 'add' 'add_ln840_20' <Predicate = (!icmp_ln249)> <Delay = 0.67> <CoreInst = "Adder">   --->   Core 1 'Adder' <Latency = 0> <II = 1> <Delay = 0.67> <FuncUnit> <Opcode : 'add' 'sub'> <InPorts = 2> <OutPorts = 1>
ST_1 : Operation 269 [1/1] (0.00ns)   --->   "%zext_ln840_18 = zext i4 %add_ln840_20"   --->   Operation 269 'zext' 'zext_ln840_18' <Predicate = (!icmp_ln249)> <Delay = 0.00>
ST_1 : Operation 270 [1/1] (0.54ns) (out node of the LUT)   --->   "%add_ln840_21 = add i2 %zext_ln780_6, i2 %zext_ln780_9"   --->   Operation 270 'add' 'add_ln840_21' <Predicate = (!icmp_ln249)> <Delay = 0.54> <CoreInst = "Adder">   --->   Core 1 'Adder' <Latency = 0> <II = 1> <Delay = 0.54> <FuncUnit> <Opcode : 'add' 'sub'> <InPorts = 2> <OutPorts = 1>
ST_1 : Operation 271 [1/1] (0.00ns)   --->   "%zext_ln840_19 = zext i2 %add_ln840_21"   --->   Operation 271 'zext' 'zext_ln840_19' <Predicate = (!icmp_ln249)> <Delay = 0.00>
ST_1 : Operation 272 [1/1] (0.54ns) (out node of the LUT)   --->   "%add_ln840_22 = add i2 %zext_ln780_8, i2 %zext_ln780_11"   --->   Operation 272 'add' 'add_ln840_22' <Predicate = (!icmp_ln249)> <Delay = 0.54> <CoreInst = "Adder">   --->   Core 1 'Adder' <Latency = 0> <II = 1> <Delay = 0.54> <FuncUnit> <Opcode : 'add' 'sub'> <InPorts = 2> <OutPorts = 1>
ST_1 : Operation 273 [1/1] (0.00ns)   --->   "%zext_ln840_20 = zext i2 %add_ln840_22"   --->   Operation 273 'zext' 'zext_ln840_20' <Predicate = (!icmp_ln249)> <Delay = 0.00>
ST_1 : Operation 274 [1/1] (0.54ns)   --->   "%add_ln840_23 = add i3 %zext_ln840_20, i3 %zext_ln840_19"   --->   Operation 274 'add' 'add_ln840_23' <Predicate = (!icmp_ln249)> <Delay = 0.54> <CoreInst = "Adder">   --->   Core 1 'Adder' <Latency = 0> <II = 1> <Delay = 0.54> <FuncUnit> <Opcode : 'add' 'sub'> <InPorts = 2> <OutPorts = 1>
ST_1 : Operation 275 [1/1] (0.00ns)   --->   "%zext_ln840_21 = zext i3 %add_ln840_23"   --->   Operation 275 'zext' 'zext_ln840_21' <Predicate = (!icmp_ln249)> <Delay = 0.00>
ST_1 : Operation 276 [1/1] (0.54ns) (out node of the LUT)   --->   "%add_ln840_24 = add i2 %zext_ln780_10, i2 %zext_ln780_13"   --->   Operation 276 'add' 'add_ln840_24' <Predicate = (!icmp_ln249)> <Delay = 0.54> <CoreInst = "Adder">   --->   Core 1 'Adder' <Latency = 0> <II = 1> <Delay = 0.54> <FuncUnit> <Opcode : 'add' 'sub'> <InPorts = 2> <OutPorts = 1>
ST_1 : Operation 277 [1/1] (0.00ns)   --->   "%zext_ln840_22 = zext i2 %add_ln840_24"   --->   Operation 277 'zext' 'zext_ln840_22' <Predicate = (!icmp_ln249)> <Delay = 0.00>
ST_1 : Operation 278 [1/1] (0.54ns) (out node of the LUT)   --->   "%add_ln840_25 = add i2 %zext_ln780_12, i2 %zext_ln840"   --->   Operation 278 'add' 'add_ln840_25' <Predicate = (!icmp_ln249)> <Delay = 0.54> <CoreInst = "Adder">   --->   Core 1 'Adder' <Latency = 0> <II = 1> <Delay = 0.54> <FuncUnit> <Opcode : 'add' 'sub'> <InPorts = 2> <OutPorts = 1>
ST_1 : Operation 279 [1/1] (0.00ns)   --->   "%zext_ln840_23 = zext i2 %add_ln840_25"   --->   Operation 279 'zext' 'zext_ln840_23' <Predicate = (!icmp_ln249)> <Delay = 0.00>
ST_1 : Operation 280 [1/1] (0.54ns)   --->   "%add_ln840_26 = add i3 %zext_ln840_23, i3 %zext_ln840_22"   --->   Operation 280 'add' 'add_ln840_26' <Predicate = (!icmp_ln249)> <Delay = 0.54> <CoreInst = "Adder">   --->   Core 1 'Adder' <Latency = 0> <II = 1> <Delay = 0.54> <FuncUnit> <Opcode : 'add' 'sub'> <InPorts = 2> <OutPorts = 1>
ST_1 : Operation 281 [1/1] (0.00ns)   --->   "%zext_ln840_24 = zext i3 %add_ln840_26"   --->   Operation 281 'zext' 'zext_ln840_24' <Predicate = (!icmp_ln249)> <Delay = 0.00>
ST_1 : Operation 282 [1/1] (0.67ns)   --->   "%add_ln840_27 = add i4 %zext_ln840_24, i4 %zext_ln840_21"   --->   Operation 282 'add' 'add_ln840_27' <Predicate = (!icmp_ln249)> <Delay = 0.67> <CoreInst = "Adder">   --->   Core 1 'Adder' <Latency = 0> <II = 1> <Delay = 0.67> <FuncUnit> <Opcode : 'add' 'sub'> <InPorts = 2> <OutPorts = 1>
ST_1 : Operation 283 [1/1] (0.00ns)   --->   "%zext_ln840_25 = zext i4 %add_ln840_27"   --->   Operation 283 'zext' 'zext_ln840_25' <Predicate = (!icmp_ln249)> <Delay = 0.00>
ST_1 : Operation 284 [1/1] (0.79ns)   --->   "%add_ln840_28 = add i5 %zext_ln840_25, i5 %zext_ln840_18"   --->   Operation 284 'add' 'add_ln840_28' <Predicate = (!icmp_ln249)> <Delay = 0.79> <CoreInst = "Adder">   --->   Core 1 'Adder' <Latency = 0> <II = 1> <Delay = 0.79> <FuncUnit> <Opcode : 'add' 'sub'> <InPorts = 2> <OutPorts = 1>
ST_1 : Operation 285 [1/1] (0.00ns)   --->   "%zext_ln840_26 = zext i5 %add_ln840_28"   --->   Operation 285 'zext' 'zext_ln840_26' <Predicate = (!icmp_ln249)> <Delay = 0.00>
ST_1 : Operation 286 [1/1] (1.05ns) (root node of TernaryAdder)   --->   "%add_ln840_29 = add i8 %zext_ln840_26, i8 %add_ln840_13"   --->   Operation 286 'add' 'add_ln840_29' <Predicate = (!icmp_ln249)> <Delay = 1.05> <CoreInst = "TAddSub">   --->   Core 10 'TAddSub' <Latency = 0> <II = 1> <Delay = 0.52> <IPBlock> <Opcode : 'add' 'sub'> <InPorts = 3> <OutPorts = 1> <Sync> <CReg>
ST_1 : Operation 287 [1/1] (0.00ns) (grouped into LUT with out node add_ln840_45)   --->   "%local_temp_V_30 = bitselect i1 @_ssdm_op_BitSelect.i1.i240.i32, i240 %W_packed_V, i32 30"   --->   Operation 287 'bitselect' 'local_temp_V_30' <Predicate = (!icmp_ln249)> <Delay = 0.00>
ST_1 : Operation 288 [1/1] (0.00ns) (grouped into LUT with out node add_ln840_44)   --->   "%local_temp_V_31 = bitselect i1 @_ssdm_op_BitSelect.i1.i240.i32, i240 %W_packed_V, i32 31"   --->   Operation 288 'bitselect' 'local_temp_V_31' <Predicate = (!icmp_ln249)> <Delay = 0.00>
ST_1 : Operation 289 [1/1] (0.00ns) (grouped into LUT with out node add_ln840_47)   --->   "%local_temp_V_32 = bitselect i1 @_ssdm_op_BitSelect.i1.i240.i32, i240 %W_packed_V, i32 32"   --->   Operation 289 'bitselect' 'local_temp_V_32' <Predicate = (!icmp_ln249)> <Delay = 0.00>
ST_1 : Operation 290 [1/1] (0.00ns) (grouped into LUT with out node add_ln840_45)   --->   "%local_temp_V_33 = bitselect i1 @_ssdm_op_BitSelect.i1.i240.i32, i240 %W_packed_V, i32 33"   --->   Operation 290 'bitselect' 'local_temp_V_33' <Predicate = (!icmp_ln249)> <Delay = 0.00>
ST_1 : Operation 291 [1/1] (0.00ns) (grouped into LUT with out node add_ln840_48)   --->   "%local_temp_V_34 = bitselect i1 @_ssdm_op_BitSelect.i1.i240.i32, i240 %W_packed_V, i32 34"   --->   Operation 291 'bitselect' 'local_temp_V_34' <Predicate = (!icmp_ln249)> <Delay = 0.00>
ST_1 : Operation 292 [1/1] (0.00ns) (grouped into LUT with out node add_ln840_47)   --->   "%local_temp_V_35 = bitselect i1 @_ssdm_op_BitSelect.i1.i240.i32, i240 %W_packed_V, i32 35"   --->   Operation 292 'bitselect' 'local_temp_V_35' <Predicate = (!icmp_ln249)> <Delay = 0.00>
ST_1 : Operation 293 [1/1] (0.00ns) (grouped into LUT with out node add_ln840_51)   --->   "%local_temp_V_36 = bitselect i1 @_ssdm_op_BitSelect.i1.i240.i32, i240 %W_packed_V, i32 36"   --->   Operation 293 'bitselect' 'local_temp_V_36' <Predicate = (!icmp_ln249)> <Delay = 0.00>
ST_1 : Operation 294 [1/1] (0.00ns) (grouped into LUT with out node add_ln840_48)   --->   "%local_temp_V_37 = bitselect i1 @_ssdm_op_BitSelect.i1.i240.i32, i240 %W_packed_V, i32 37"   --->   Operation 294 'bitselect' 'local_temp_V_37' <Predicate = (!icmp_ln249)> <Delay = 0.00>
ST_1 : Operation 295 [1/1] (0.00ns) (grouped into LUT with out node add_ln840_52)   --->   "%local_temp_V_38 = bitselect i1 @_ssdm_op_BitSelect.i1.i240.i32, i240 %W_packed_V, i32 38"   --->   Operation 295 'bitselect' 'local_temp_V_38' <Predicate = (!icmp_ln249)> <Delay = 0.00>
ST_1 : Operation 296 [1/1] (0.00ns) (grouped into LUT with out node add_ln840_51)   --->   "%local_temp_V_39 = bitselect i1 @_ssdm_op_BitSelect.i1.i240.i32, i240 %W_packed_V, i32 39"   --->   Operation 296 'bitselect' 'local_temp_V_39' <Predicate = (!icmp_ln249)> <Delay = 0.00>
ST_1 : Operation 297 [1/1] (0.00ns) (grouped into LUT with out node add_ln840_54)   --->   "%local_temp_V_40 = bitselect i1 @_ssdm_op_BitSelect.i1.i240.i32, i240 %W_packed_V, i32 40"   --->   Operation 297 'bitselect' 'local_temp_V_40' <Predicate = (!icmp_ln249)> <Delay = 0.00>
ST_1 : Operation 298 [1/1] (0.00ns) (grouped into LUT with out node add_ln840_52)   --->   "%local_temp_V_41 = bitselect i1 @_ssdm_op_BitSelect.i1.i240.i32, i240 %W_packed_V, i32 41"   --->   Operation 298 'bitselect' 'local_temp_V_41' <Predicate = (!icmp_ln249)> <Delay = 0.00>
ST_1 : Operation 299 [1/1] (0.00ns) (grouped into LUT with out node add_ln840_55)   --->   "%local_temp_V_42 = bitselect i1 @_ssdm_op_BitSelect.i1.i240.i32, i240 %W_packed_V, i32 42"   --->   Operation 299 'bitselect' 'local_temp_V_42' <Predicate = (!icmp_ln249)> <Delay = 0.00>
ST_1 : Operation 300 [1/1] (0.00ns) (grouped into LUT with out node add_ln840_54)   --->   "%local_temp_V_43 = bitselect i1 @_ssdm_op_BitSelect.i1.i240.i32, i240 %W_packed_V, i32 43"   --->   Operation 300 'bitselect' 'local_temp_V_43' <Predicate = (!icmp_ln249)> <Delay = 0.00>
ST_1 : Operation 301 [1/1] (0.00ns) (grouped into LUT with out node add_ln840_37)   --->   "%local_temp_V_44 = bitselect i1 @_ssdm_op_BitSelect.i1.i240.i32, i240 %W_packed_V, i32 44"   --->   Operation 301 'bitselect' 'local_temp_V_44' <Predicate = (!icmp_ln249)> <Delay = 0.00>
ST_1 : Operation 302 [1/1] (0.00ns) (grouped into LUT with out node add_ln840_39)   --->   "%local_temp_V_45 = bitselect i1 @_ssdm_op_BitSelect.i1.i240.i32, i240 %W_packed_V, i32 45"   --->   Operation 302 'bitselect' 'local_temp_V_45' <Predicate = (!icmp_ln249)> <Delay = 0.00>
ST_1 : Operation 303 [1/1] (0.00ns) (grouped into LUT with out node add_ln840_37)   --->   "%local_temp_V_46 = bitselect i1 @_ssdm_op_BitSelect.i1.i240.i32, i240 %W_packed_V, i32 46"   --->   Operation 303 'bitselect' 'local_temp_V_46' <Predicate = (!icmp_ln249)> <Delay = 0.00>
ST_1 : Operation 304 [1/1] (0.00ns) (grouped into LUT with out node add_ln840_40)   --->   "%local_temp_V_47 = bitselect i1 @_ssdm_op_BitSelect.i1.i240.i32, i240 %W_packed_V, i32 47"   --->   Operation 304 'bitselect' 'local_temp_V_47' <Predicate = (!icmp_ln249)> <Delay = 0.00>
ST_1 : Operation 305 [1/1] (0.00ns) (grouped into LUT with out node add_ln840_39)   --->   "%local_temp_V_48 = bitselect i1 @_ssdm_op_BitSelect.i1.i240.i32, i240 %W_packed_V, i32 48"   --->   Operation 305 'bitselect' 'local_temp_V_48' <Predicate = (!icmp_ln249)> <Delay = 0.00>
ST_1 : Operation 306 [1/1] (0.00ns) (grouped into LUT with out node add_ln840_44)   --->   "%local_temp_V_49 = bitselect i1 @_ssdm_op_BitSelect.i1.i240.i32, i240 %W_packed_V, i32 49"   --->   Operation 306 'bitselect' 'local_temp_V_49' <Predicate = (!icmp_ln249)> <Delay = 0.00>
ST_1 : Operation 307 [1/1] (0.00ns) (grouped into LUT with out node add_ln840_40)   --->   "%local_temp_V_50 = bitselect i1 @_ssdm_op_BitSelect.i1.i240.i32, i240 %W_packed_V, i32 50"   --->   Operation 307 'bitselect' 'local_temp_V_50' <Predicate = (!icmp_ln249)> <Delay = 0.00>
ST_1 : Operation 308 [1/1] (0.00ns) (grouped into LUT with out node add_ln840_33)   --->   "%local_temp_V_51 = bitselect i1 @_ssdm_op_BitSelect.i1.i240.i32, i240 %W_packed_V, i32 51"   --->   Operation 308 'bitselect' 'local_temp_V_51' <Predicate = (!icmp_ln249)> <Delay = 0.00>
ST_1 : Operation 309 [1/1] (0.00ns) (grouped into LUT with out node add_ln840_33)   --->   "%local_temp_V_52 = bitselect i1 @_ssdm_op_BitSelect.i1.i240.i32, i240 %W_packed_V, i32 52"   --->   Operation 309 'bitselect' 'local_temp_V_52' <Predicate = (!icmp_ln249)> <Delay = 0.00>
ST_1 : Operation 310 [1/1] (0.00ns) (grouped into LUT with out node add_ln840_36)   --->   "%local_temp_V_53 = bitselect i1 @_ssdm_op_BitSelect.i1.i240.i32, i240 %W_packed_V, i32 53"   --->   Operation 310 'bitselect' 'local_temp_V_53' <Predicate = (!icmp_ln249)> <Delay = 0.00>
ST_1 : Operation 311 [1/1] (0.00ns) (grouped into LUT with out node add_ln840_36)   --->   "%local_temp_V_54 = bitselect i1 @_ssdm_op_BitSelect.i1.i240.i32, i240 %W_packed_V, i32 54"   --->   Operation 311 'bitselect' 'local_temp_V_54' <Predicate = (!icmp_ln249)> <Delay = 0.00>
ST_1 : Operation 312 [1/1] (0.00ns) (grouped into LUT with out node add_ln840_32)   --->   "%local_temp_V_55 = bitselect i1 @_ssdm_op_BitSelect.i1.i240.i32, i240 %W_packed_V, i32 55"   --->   Operation 312 'bitselect' 'local_temp_V_55' <Predicate = (!icmp_ln249)> <Delay = 0.00>
ST_1 : Operation 313 [1/1] (0.00ns) (grouped into LUT with out node add_ln840_32)   --->   "%local_temp_V_56 = bitselect i1 @_ssdm_op_BitSelect.i1.i240.i32, i240 %W_packed_V, i32 56"   --->   Operation 313 'bitselect' 'local_temp_V_56' <Predicate = (!icmp_ln249)> <Delay = 0.00>
ST_1 : Operation 314 [1/1] (0.00ns) (grouped into LUT with out node add_ln840_30)   --->   "%local_temp_V_57 = bitselect i1 @_ssdm_op_BitSelect.i1.i240.i32, i240 %W_packed_V, i32 57"   --->   Operation 314 'bitselect' 'local_temp_V_57' <Predicate = (!icmp_ln249)> <Delay = 0.00>
ST_1 : Operation 315 [1/1] (0.00ns) (grouped into LUT with out node add_ln840_30)   --->   "%local_temp_V_58 = bitselect i1 @_ssdm_op_BitSelect.i1.i240.i32, i240 %W_packed_V, i32 58"   --->   Operation 315 'bitselect' 'local_temp_V_58' <Predicate = (!icmp_ln249)> <Delay = 0.00>
ST_1 : Operation 316 [1/1] (0.00ns) (grouped into LUT with out node add_ln840_55)   --->   "%local_temp_V_59 = bitselect i1 @_ssdm_op_BitSelect.i1.i240.i32, i240 %W_packed_V, i32 59"   --->   Operation 316 'bitselect' 'local_temp_V_59' <Predicate = (!icmp_ln249)> <Delay = 0.00>
ST_1 : Operation 317 [1/1] (0.00ns) (grouped into LUT with out node add_ln840_45)   --->   "%xor_ln1019_60 = xor i1 1, i1 %local_temp_V_30"   --->   Operation 317 'xor' 'xor_ln1019_60' <Predicate = (!icmp_ln249)> <Delay = 0.00> <CoreInst = "LogicGate">   --->   Core 74 'LogicGate' <Latency = 0> <II = 1> <Delay = 0.28> <FuncUnit> <Opcode : 'and' 'or' 'xor'> <InPorts = 2> <OutPorts = 1>
ST_1 : Operation 318 [1/1] (0.00ns) (grouped into LUT with out node add_ln840_45)   --->   "%xor_ln1019_61 = xor i1 %xor_ln1019_60, i1 %p_Result_s"   --->   Operation 318 'xor' 'xor_ln1019_61' <Predicate = (!icmp_ln249)> <Delay = 0.00> <CoreInst = "LogicGate">   --->   Core 74 'LogicGate' <Latency = 0> <II = 1> <Delay = 0.28> <FuncUnit> <Opcode : 'and' 'or' 'xor'> <InPorts = 2> <OutPorts = 1>
ST_1 : Operation 319 [1/1] (0.00ns) (grouped into LUT with out node add_ln840_45)   --->   "%zext_ln1019 = zext i1 %xor_ln1019_61"   --->   Operation 319 'zext' 'zext_ln1019' <Predicate = (!icmp_ln249)> <Delay = 0.00>
ST_1 : Operation 320 [1/1] (0.00ns) (grouped into LUT with out node add_ln840_44)   --->   "%xor_ln1019_62 = xor i1 1, i1 %local_temp_V_31"   --->   Operation 320 'xor' 'xor_ln1019_62' <Predicate = (!icmp_ln249)> <Delay = 0.00> <CoreInst = "LogicGate">   --->   Core 74 'LogicGate' <Latency = 0> <II = 1> <Delay = 0.28> <FuncUnit> <Opcode : 'and' 'or' 'xor'> <InPorts = 2> <OutPorts = 1>
ST_1 : Operation 321 [1/1] (0.00ns) (grouped into LUT with out node add_ln840_44)   --->   "%xor_ln1019_63 = xor i1 %xor_ln1019_62, i1 %p_Result_1"   --->   Operation 321 'xor' 'xor_ln1019_63' <Predicate = (!icmp_ln249)> <Delay = 0.00> <CoreInst = "LogicGate">   --->   Core 74 'LogicGate' <Latency = 0> <II = 1> <Delay = 0.28> <FuncUnit> <Opcode : 'and' 'or' 'xor'> <InPorts = 2> <OutPorts = 1>
ST_1 : Operation 322 [1/1] (0.00ns) (grouped into LUT with out node add_ln840_44)   --->   "%zext_ln1019_1 = zext i1 %xor_ln1019_63"   --->   Operation 322 'zext' 'zext_ln1019_1' <Predicate = (!icmp_ln249)> <Delay = 0.00>
ST_1 : Operation 323 [1/1] (0.00ns) (grouped into LUT with out node add_ln840_47)   --->   "%xor_ln1019_64 = xor i1 %p_Result_2, i1 %local_temp_V_32"   --->   Operation 323 'xor' 'xor_ln1019_64' <Predicate = (!icmp_ln249)> <Delay = 0.00> <CoreInst = "LogicGate">   --->   Core 74 'LogicGate' <Latency = 0> <II = 1> <Delay = 0.28> <FuncUnit> <Opcode : 'and' 'or' 'xor'> <InPorts = 2> <OutPorts = 1>
ST_1 : Operation 324 [1/1] (0.00ns) (grouped into LUT with out node add_ln840_47)   --->   "%xor_ln1019_65 = xor i1 %xor_ln1019_64, i1 1"   --->   Operation 324 'xor' 'xor_ln1019_65' <Predicate = (!icmp_ln249)> <Delay = 0.00> <CoreInst = "LogicGate">   --->   Core 74 'LogicGate' <Latency = 0> <II = 1> <Delay = 0.28> <FuncUnit> <Opcode : 'and' 'or' 'xor'> <InPorts = 2> <OutPorts = 1>
ST_1 : Operation 325 [1/1] (0.00ns) (grouped into LUT with out node add_ln840_47)   --->   "%zext_ln1019_2 = zext i1 %xor_ln1019_65"   --->   Operation 325 'zext' 'zext_ln1019_2' <Predicate = (!icmp_ln249)> <Delay = 0.00>
ST_1 : Operation 326 [1/1] (0.00ns) (grouped into LUT with out node add_ln840_45)   --->   "%xor_ln1019_66 = xor i1 %p_Result_3, i1 %local_temp_V_33"   --->   Operation 326 'xor' 'xor_ln1019_66' <Predicate = (!icmp_ln249)> <Delay = 0.00> <CoreInst = "LogicGate">   --->   Core 74 'LogicGate' <Latency = 0> <II = 1> <Delay = 0.28> <FuncUnit> <Opcode : 'and' 'or' 'xor'> <InPorts = 2> <OutPorts = 1>
ST_1 : Operation 327 [1/1] (0.00ns) (grouped into LUT with out node add_ln840_45)   --->   "%xor_ln1019_67 = xor i1 %xor_ln1019_66, i1 1"   --->   Operation 327 'xor' 'xor_ln1019_67' <Predicate = (!icmp_ln249)> <Delay = 0.00> <CoreInst = "LogicGate">   --->   Core 74 'LogicGate' <Latency = 0> <II = 1> <Delay = 0.28> <FuncUnit> <Opcode : 'and' 'or' 'xor'> <InPorts = 2> <OutPorts = 1>
ST_1 : Operation 328 [1/1] (0.00ns) (grouped into LUT with out node add_ln840_45)   --->   "%zext_ln1019_3 = zext i1 %xor_ln1019_67"   --->   Operation 328 'zext' 'zext_ln1019_3' <Predicate = (!icmp_ln249)> <Delay = 0.00>
ST_1 : Operation 329 [1/1] (0.00ns) (grouped into LUT with out node add_ln840_48)   --->   "%xor_ln1019_68 = xor i1 %p_Result_4, i1 %local_temp_V_34"   --->   Operation 329 'xor' 'xor_ln1019_68' <Predicate = (!icmp_ln249)> <Delay = 0.00> <CoreInst = "LogicGate">   --->   Core 74 'LogicGate' <Latency = 0> <II = 1> <Delay = 0.28> <FuncUnit> <Opcode : 'and' 'or' 'xor'> <InPorts = 2> <OutPorts = 1>
ST_1 : Operation 330 [1/1] (0.00ns) (grouped into LUT with out node add_ln840_48)   --->   "%xor_ln1019_69 = xor i1 %xor_ln1019_68, i1 1"   --->   Operation 330 'xor' 'xor_ln1019_69' <Predicate = (!icmp_ln249)> <Delay = 0.00> <CoreInst = "LogicGate">   --->   Core 74 'LogicGate' <Latency = 0> <II = 1> <Delay = 0.28> <FuncUnit> <Opcode : 'and' 'or' 'xor'> <InPorts = 2> <OutPorts = 1>
ST_1 : Operation 331 [1/1] (0.00ns) (grouped into LUT with out node add_ln840_48)   --->   "%zext_ln1019_4 = zext i1 %xor_ln1019_69"   --->   Operation 331 'zext' 'zext_ln1019_4' <Predicate = (!icmp_ln249)> <Delay = 0.00>
ST_1 : Operation 332 [1/1] (0.00ns) (grouped into LUT with out node add_ln840_47)   --->   "%xor_ln1019_70 = xor i1 %p_Result_5, i1 %local_temp_V_35"   --->   Operation 332 'xor' 'xor_ln1019_70' <Predicate = (!icmp_ln249)> <Delay = 0.00> <CoreInst = "LogicGate">   --->   Core 74 'LogicGate' <Latency = 0> <II = 1> <Delay = 0.28> <FuncUnit> <Opcode : 'and' 'or' 'xor'> <InPorts = 2> <OutPorts = 1>
ST_1 : Operation 333 [1/1] (0.00ns) (grouped into LUT with out node add_ln840_47)   --->   "%xor_ln1019_71 = xor i1 %xor_ln1019_70, i1 1"   --->   Operation 333 'xor' 'xor_ln1019_71' <Predicate = (!icmp_ln249)> <Delay = 0.00> <CoreInst = "LogicGate">   --->   Core 74 'LogicGate' <Latency = 0> <II = 1> <Delay = 0.28> <FuncUnit> <Opcode : 'and' 'or' 'xor'> <InPorts = 2> <OutPorts = 1>
ST_1 : Operation 334 [1/1] (0.00ns) (grouped into LUT with out node add_ln840_47)   --->   "%zext_ln1019_5 = zext i1 %xor_ln1019_71"   --->   Operation 334 'zext' 'zext_ln1019_5' <Predicate = (!icmp_ln249)> <Delay = 0.00>
ST_1 : Operation 335 [1/1] (0.00ns) (grouped into LUT with out node add_ln840_51)   --->   "%xor_ln1019_72 = xor i1 %p_Result_6, i1 %local_temp_V_36"   --->   Operation 335 'xor' 'xor_ln1019_72' <Predicate = (!icmp_ln249)> <Delay = 0.00> <CoreInst = "LogicGate">   --->   Core 74 'LogicGate' <Latency = 0> <II = 1> <Delay = 0.28> <FuncUnit> <Opcode : 'and' 'or' 'xor'> <InPorts = 2> <OutPorts = 1>
ST_1 : Operation 336 [1/1] (0.00ns) (grouped into LUT with out node add_ln840_51)   --->   "%xor_ln1019_73 = xor i1 %xor_ln1019_72, i1 1"   --->   Operation 336 'xor' 'xor_ln1019_73' <Predicate = (!icmp_ln249)> <Delay = 0.00> <CoreInst = "LogicGate">   --->   Core 74 'LogicGate' <Latency = 0> <II = 1> <Delay = 0.28> <FuncUnit> <Opcode : 'and' 'or' 'xor'> <InPorts = 2> <OutPorts = 1>
ST_1 : Operation 337 [1/1] (0.00ns) (grouped into LUT with out node add_ln840_51)   --->   "%zext_ln1019_6 = zext i1 %xor_ln1019_73"   --->   Operation 337 'zext' 'zext_ln1019_6' <Predicate = (!icmp_ln249)> <Delay = 0.00>
ST_1 : Operation 338 [1/1] (0.00ns) (grouped into LUT with out node add_ln840_48)   --->   "%xor_ln1019_74 = xor i1 %p_Result_7, i1 %local_temp_V_37"   --->   Operation 338 'xor' 'xor_ln1019_74' <Predicate = (!icmp_ln249)> <Delay = 0.00> <CoreInst = "LogicGate">   --->   Core 74 'LogicGate' <Latency = 0> <II = 1> <Delay = 0.28> <FuncUnit> <Opcode : 'and' 'or' 'xor'> <InPorts = 2> <OutPorts = 1>
ST_1 : Operation 339 [1/1] (0.00ns) (grouped into LUT with out node add_ln840_48)   --->   "%xor_ln1019_75 = xor i1 %xor_ln1019_74, i1 1"   --->   Operation 339 'xor' 'xor_ln1019_75' <Predicate = (!icmp_ln249)> <Delay = 0.00> <CoreInst = "LogicGate">   --->   Core 74 'LogicGate' <Latency = 0> <II = 1> <Delay = 0.28> <FuncUnit> <Opcode : 'and' 'or' 'xor'> <InPorts = 2> <OutPorts = 1>
ST_1 : Operation 340 [1/1] (0.00ns) (grouped into LUT with out node add_ln840_48)   --->   "%zext_ln1019_7 = zext i1 %xor_ln1019_75"   --->   Operation 340 'zext' 'zext_ln1019_7' <Predicate = (!icmp_ln249)> <Delay = 0.00>
ST_1 : Operation 341 [1/1] (0.00ns) (grouped into LUT with out node add_ln840_52)   --->   "%xor_ln1019_76 = xor i1 %p_Result_8, i1 %local_temp_V_38"   --->   Operation 341 'xor' 'xor_ln1019_76' <Predicate = (!icmp_ln249)> <Delay = 0.00> <CoreInst = "LogicGate">   --->   Core 74 'LogicGate' <Latency = 0> <II = 1> <Delay = 0.28> <FuncUnit> <Opcode : 'and' 'or' 'xor'> <InPorts = 2> <OutPorts = 1>
ST_1 : Operation 342 [1/1] (0.00ns) (grouped into LUT with out node add_ln840_52)   --->   "%xor_ln1019_77 = xor i1 %xor_ln1019_76, i1 1"   --->   Operation 342 'xor' 'xor_ln1019_77' <Predicate = (!icmp_ln249)> <Delay = 0.00> <CoreInst = "LogicGate">   --->   Core 74 'LogicGate' <Latency = 0> <II = 1> <Delay = 0.28> <FuncUnit> <Opcode : 'and' 'or' 'xor'> <InPorts = 2> <OutPorts = 1>
ST_1 : Operation 343 [1/1] (0.00ns) (grouped into LUT with out node add_ln840_52)   --->   "%zext_ln1019_8 = zext i1 %xor_ln1019_77"   --->   Operation 343 'zext' 'zext_ln1019_8' <Predicate = (!icmp_ln249)> <Delay = 0.00>
ST_1 : Operation 344 [1/1] (0.00ns) (grouped into LUT with out node add_ln840_51)   --->   "%xor_ln1019_78 = xor i1 %p_Result_9, i1 %local_temp_V_39"   --->   Operation 344 'xor' 'xor_ln1019_78' <Predicate = (!icmp_ln249)> <Delay = 0.00> <CoreInst = "LogicGate">   --->   Core 74 'LogicGate' <Latency = 0> <II = 1> <Delay = 0.28> <FuncUnit> <Opcode : 'and' 'or' 'xor'> <InPorts = 2> <OutPorts = 1>
ST_1 : Operation 345 [1/1] (0.00ns) (grouped into LUT with out node add_ln840_51)   --->   "%xor_ln1019_79 = xor i1 %xor_ln1019_78, i1 1"   --->   Operation 345 'xor' 'xor_ln1019_79' <Predicate = (!icmp_ln249)> <Delay = 0.00> <CoreInst = "LogicGate">   --->   Core 74 'LogicGate' <Latency = 0> <II = 1> <Delay = 0.28> <FuncUnit> <Opcode : 'and' 'or' 'xor'> <InPorts = 2> <OutPorts = 1>
ST_1 : Operation 346 [1/1] (0.00ns) (grouped into LUT with out node add_ln840_51)   --->   "%zext_ln1019_9 = zext i1 %xor_ln1019_79"   --->   Operation 346 'zext' 'zext_ln1019_9' <Predicate = (!icmp_ln249)> <Delay = 0.00>
ST_1 : Operation 347 [1/1] (0.00ns) (grouped into LUT with out node add_ln840_54)   --->   "%xor_ln1019_80 = xor i1 %p_Result_10, i1 %local_temp_V_40"   --->   Operation 347 'xor' 'xor_ln1019_80' <Predicate = (!icmp_ln249)> <Delay = 0.00> <CoreInst = "LogicGate">   --->   Core 74 'LogicGate' <Latency = 0> <II = 1> <Delay = 0.28> <FuncUnit> <Opcode : 'and' 'or' 'xor'> <InPorts = 2> <OutPorts = 1>
ST_1 : Operation 348 [1/1] (0.00ns) (grouped into LUT with out node add_ln840_54)   --->   "%xor_ln1019_81 = xor i1 %xor_ln1019_80, i1 1"   --->   Operation 348 'xor' 'xor_ln1019_81' <Predicate = (!icmp_ln249)> <Delay = 0.00> <CoreInst = "LogicGate">   --->   Core 74 'LogicGate' <Latency = 0> <II = 1> <Delay = 0.28> <FuncUnit> <Opcode : 'and' 'or' 'xor'> <InPorts = 2> <OutPorts = 1>
ST_1 : Operation 349 [1/1] (0.00ns) (grouped into LUT with out node add_ln840_54)   --->   "%zext_ln1019_10 = zext i1 %xor_ln1019_81"   --->   Operation 349 'zext' 'zext_ln1019_10' <Predicate = (!icmp_ln249)> <Delay = 0.00>
ST_1 : Operation 350 [1/1] (0.00ns) (grouped into LUT with out node add_ln840_52)   --->   "%xor_ln1019_82 = xor i1 %p_Result_11, i1 %local_temp_V_41"   --->   Operation 350 'xor' 'xor_ln1019_82' <Predicate = (!icmp_ln249)> <Delay = 0.00> <CoreInst = "LogicGate">   --->   Core 74 'LogicGate' <Latency = 0> <II = 1> <Delay = 0.28> <FuncUnit> <Opcode : 'and' 'or' 'xor'> <InPorts = 2> <OutPorts = 1>
ST_1 : Operation 351 [1/1] (0.00ns) (grouped into LUT with out node add_ln840_52)   --->   "%xor_ln1019_83 = xor i1 %xor_ln1019_82, i1 1"   --->   Operation 351 'xor' 'xor_ln1019_83' <Predicate = (!icmp_ln249)> <Delay = 0.00> <CoreInst = "LogicGate">   --->   Core 74 'LogicGate' <Latency = 0> <II = 1> <Delay = 0.28> <FuncUnit> <Opcode : 'and' 'or' 'xor'> <InPorts = 2> <OutPorts = 1>
ST_1 : Operation 352 [1/1] (0.00ns) (grouped into LUT with out node add_ln840_52)   --->   "%zext_ln1019_11 = zext i1 %xor_ln1019_83"   --->   Operation 352 'zext' 'zext_ln1019_11' <Predicate = (!icmp_ln249)> <Delay = 0.00>
ST_1 : Operation 353 [1/1] (0.00ns) (grouped into LUT with out node add_ln840_55)   --->   "%xor_ln1019_84 = xor i1 %p_Result_12, i1 %local_temp_V_42"   --->   Operation 353 'xor' 'xor_ln1019_84' <Predicate = (!icmp_ln249)> <Delay = 0.00> <CoreInst = "LogicGate">   --->   Core 74 'LogicGate' <Latency = 0> <II = 1> <Delay = 0.28> <FuncUnit> <Opcode : 'and' 'or' 'xor'> <InPorts = 2> <OutPorts = 1>
ST_1 : Operation 354 [1/1] (0.00ns) (grouped into LUT with out node add_ln840_55)   --->   "%xor_ln1019_85 = xor i1 %xor_ln1019_84, i1 1"   --->   Operation 354 'xor' 'xor_ln1019_85' <Predicate = (!icmp_ln249)> <Delay = 0.00> <CoreInst = "LogicGate">   --->   Core 74 'LogicGate' <Latency = 0> <II = 1> <Delay = 0.28> <FuncUnit> <Opcode : 'and' 'or' 'xor'> <InPorts = 2> <OutPorts = 1>
ST_1 : Operation 355 [1/1] (0.00ns) (grouped into LUT with out node add_ln840_55)   --->   "%zext_ln1019_12 = zext i1 %xor_ln1019_85"   --->   Operation 355 'zext' 'zext_ln1019_12' <Predicate = (!icmp_ln249)> <Delay = 0.00>
ST_1 : Operation 356 [1/1] (0.00ns) (grouped into LUT with out node add_ln840_54)   --->   "%xor_ln1019_86 = xor i1 %p_Result_13, i1 %local_temp_V_43"   --->   Operation 356 'xor' 'xor_ln1019_86' <Predicate = (!icmp_ln249)> <Delay = 0.00> <CoreInst = "LogicGate">   --->   Core 74 'LogicGate' <Latency = 0> <II = 1> <Delay = 0.28> <FuncUnit> <Opcode : 'and' 'or' 'xor'> <InPorts = 2> <OutPorts = 1>
ST_1 : Operation 357 [1/1] (0.00ns) (grouped into LUT with out node add_ln840_54)   --->   "%xor_ln1019_87 = xor i1 %xor_ln1019_86, i1 1"   --->   Operation 357 'xor' 'xor_ln1019_87' <Predicate = (!icmp_ln249)> <Delay = 0.00> <CoreInst = "LogicGate">   --->   Core 74 'LogicGate' <Latency = 0> <II = 1> <Delay = 0.28> <FuncUnit> <Opcode : 'and' 'or' 'xor'> <InPorts = 2> <OutPorts = 1>
ST_1 : Operation 358 [1/1] (0.00ns) (grouped into LUT with out node add_ln840_54)   --->   "%zext_ln1019_13 = zext i1 %xor_ln1019_87"   --->   Operation 358 'zext' 'zext_ln1019_13' <Predicate = (!icmp_ln249)> <Delay = 0.00>
ST_1 : Operation 359 [1/1] (0.00ns) (grouped into LUT with out node add_ln840_37)   --->   "%xor_ln1019_88 = xor i1 %p_Result_14, i1 %local_temp_V_44"   --->   Operation 359 'xor' 'xor_ln1019_88' <Predicate = (!icmp_ln249)> <Delay = 0.00> <CoreInst = "LogicGate">   --->   Core 74 'LogicGate' <Latency = 0> <II = 1> <Delay = 0.28> <FuncUnit> <Opcode : 'and' 'or' 'xor'> <InPorts = 2> <OutPorts = 1>
ST_1 : Operation 360 [1/1] (0.00ns) (grouped into LUT with out node add_ln840_37)   --->   "%xor_ln1019_89 = xor i1 %xor_ln1019_88, i1 1"   --->   Operation 360 'xor' 'xor_ln1019_89' <Predicate = (!icmp_ln249)> <Delay = 0.00> <CoreInst = "LogicGate">   --->   Core 74 'LogicGate' <Latency = 0> <II = 1> <Delay = 0.28> <FuncUnit> <Opcode : 'and' 'or' 'xor'> <InPorts = 2> <OutPorts = 1>
ST_1 : Operation 361 [1/1] (0.00ns) (grouped into LUT with out node add_ln840_37)   --->   "%zext_ln1019_14 = zext i1 %xor_ln1019_89"   --->   Operation 361 'zext' 'zext_ln1019_14' <Predicate = (!icmp_ln249)> <Delay = 0.00>
ST_1 : Operation 362 [1/1] (0.00ns) (grouped into LUT with out node add_ln840_39)   --->   "%xor_ln1019_90 = xor i1 %p_Result_15, i1 %local_temp_V_45"   --->   Operation 362 'xor' 'xor_ln1019_90' <Predicate = (!icmp_ln249)> <Delay = 0.00> <CoreInst = "LogicGate">   --->   Core 74 'LogicGate' <Latency = 0> <II = 1> <Delay = 0.28> <FuncUnit> <Opcode : 'and' 'or' 'xor'> <InPorts = 2> <OutPorts = 1>
ST_1 : Operation 363 [1/1] (0.00ns) (grouped into LUT with out node add_ln840_39)   --->   "%xor_ln1019_91 = xor i1 %xor_ln1019_90, i1 1"   --->   Operation 363 'xor' 'xor_ln1019_91' <Predicate = (!icmp_ln249)> <Delay = 0.00> <CoreInst = "LogicGate">   --->   Core 74 'LogicGate' <Latency = 0> <II = 1> <Delay = 0.28> <FuncUnit> <Opcode : 'and' 'or' 'xor'> <InPorts = 2> <OutPorts = 1>
ST_1 : Operation 364 [1/1] (0.00ns) (grouped into LUT with out node add_ln840_39)   --->   "%zext_ln1019_15 = zext i1 %xor_ln1019_91"   --->   Operation 364 'zext' 'zext_ln1019_15' <Predicate = (!icmp_ln249)> <Delay = 0.00>
ST_1 : Operation 365 [1/1] (0.00ns) (grouped into LUT with out node add_ln840_37)   --->   "%xor_ln1019_92 = xor i1 %p_Result_16, i1 %local_temp_V_46"   --->   Operation 365 'xor' 'xor_ln1019_92' <Predicate = (!icmp_ln249)> <Delay = 0.00> <CoreInst = "LogicGate">   --->   Core 74 'LogicGate' <Latency = 0> <II = 1> <Delay = 0.28> <FuncUnit> <Opcode : 'and' 'or' 'xor'> <InPorts = 2> <OutPorts = 1>
ST_1 : Operation 366 [1/1] (0.00ns) (grouped into LUT with out node add_ln840_37)   --->   "%xor_ln1019_93 = xor i1 %xor_ln1019_92, i1 1"   --->   Operation 366 'xor' 'xor_ln1019_93' <Predicate = (!icmp_ln249)> <Delay = 0.00> <CoreInst = "LogicGate">   --->   Core 74 'LogicGate' <Latency = 0> <II = 1> <Delay = 0.28> <FuncUnit> <Opcode : 'and' 'or' 'xor'> <InPorts = 2> <OutPorts = 1>
ST_1 : Operation 367 [1/1] (0.00ns) (grouped into LUT with out node add_ln840_37)   --->   "%zext_ln1019_16 = zext i1 %xor_ln1019_93"   --->   Operation 367 'zext' 'zext_ln1019_16' <Predicate = (!icmp_ln249)> <Delay = 0.00>
ST_1 : Operation 368 [1/1] (0.00ns) (grouped into LUT with out node add_ln840_40)   --->   "%xor_ln1019_94 = xor i1 %p_Result_17, i1 %local_temp_V_47"   --->   Operation 368 'xor' 'xor_ln1019_94' <Predicate = (!icmp_ln249)> <Delay = 0.00> <CoreInst = "LogicGate">   --->   Core 74 'LogicGate' <Latency = 0> <II = 1> <Delay = 0.28> <FuncUnit> <Opcode : 'and' 'or' 'xor'> <InPorts = 2> <OutPorts = 1>
ST_1 : Operation 369 [1/1] (0.00ns) (grouped into LUT with out node add_ln840_40)   --->   "%xor_ln1019_95 = xor i1 %xor_ln1019_94, i1 1"   --->   Operation 369 'xor' 'xor_ln1019_95' <Predicate = (!icmp_ln249)> <Delay = 0.00> <CoreInst = "LogicGate">   --->   Core 74 'LogicGate' <Latency = 0> <II = 1> <Delay = 0.28> <FuncUnit> <Opcode : 'and' 'or' 'xor'> <InPorts = 2> <OutPorts = 1>
ST_1 : Operation 370 [1/1] (0.00ns) (grouped into LUT with out node add_ln840_40)   --->   "%zext_ln1019_17 = zext i1 %xor_ln1019_95"   --->   Operation 370 'zext' 'zext_ln1019_17' <Predicate = (!icmp_ln249)> <Delay = 0.00>
ST_1 : Operation 371 [1/1] (0.00ns) (grouped into LUT with out node add_ln840_39)   --->   "%xor_ln1019_96 = xor i1 %p_Result_18, i1 %local_temp_V_48"   --->   Operation 371 'xor' 'xor_ln1019_96' <Predicate = (!icmp_ln249)> <Delay = 0.00> <CoreInst = "LogicGate">   --->   Core 74 'LogicGate' <Latency = 0> <II = 1> <Delay = 0.28> <FuncUnit> <Opcode : 'and' 'or' 'xor'> <InPorts = 2> <OutPorts = 1>
ST_1 : Operation 372 [1/1] (0.00ns) (grouped into LUT with out node add_ln840_39)   --->   "%xor_ln1019_97 = xor i1 %xor_ln1019_96, i1 1"   --->   Operation 372 'xor' 'xor_ln1019_97' <Predicate = (!icmp_ln249)> <Delay = 0.00> <CoreInst = "LogicGate">   --->   Core 74 'LogicGate' <Latency = 0> <II = 1> <Delay = 0.28> <FuncUnit> <Opcode : 'and' 'or' 'xor'> <InPorts = 2> <OutPorts = 1>
ST_1 : Operation 373 [1/1] (0.00ns) (grouped into LUT with out node add_ln840_39)   --->   "%zext_ln1019_18 = zext i1 %xor_ln1019_97"   --->   Operation 373 'zext' 'zext_ln1019_18' <Predicate = (!icmp_ln249)> <Delay = 0.00>
ST_1 : Operation 374 [1/1] (0.00ns) (grouped into LUT with out node add_ln840_44)   --->   "%xor_ln1019_98 = xor i1 %p_Result_19, i1 %local_temp_V_49"   --->   Operation 374 'xor' 'xor_ln1019_98' <Predicate = (!icmp_ln249)> <Delay = 0.00> <CoreInst = "LogicGate">   --->   Core 74 'LogicGate' <Latency = 0> <II = 1> <Delay = 0.28> <FuncUnit> <Opcode : 'and' 'or' 'xor'> <InPorts = 2> <OutPorts = 1>
ST_1 : Operation 375 [1/1] (0.00ns) (grouped into LUT with out node add_ln840_44)   --->   "%xor_ln1019_99 = xor i1 %xor_ln1019_98, i1 1"   --->   Operation 375 'xor' 'xor_ln1019_99' <Predicate = (!icmp_ln249)> <Delay = 0.00> <CoreInst = "LogicGate">   --->   Core 74 'LogicGate' <Latency = 0> <II = 1> <Delay = 0.28> <FuncUnit> <Opcode : 'and' 'or' 'xor'> <InPorts = 2> <OutPorts = 1>
ST_1 : Operation 376 [1/1] (0.00ns) (grouped into LUT with out node add_ln840_44)   --->   "%zext_ln1019_19 = zext i1 %xor_ln1019_99"   --->   Operation 376 'zext' 'zext_ln1019_19' <Predicate = (!icmp_ln249)> <Delay = 0.00>
ST_1 : Operation 377 [1/1] (0.00ns) (grouped into LUT with out node add_ln840_40)   --->   "%xor_ln1019_100 = xor i1 %p_Result_20, i1 %local_temp_V_50"   --->   Operation 377 'xor' 'xor_ln1019_100' <Predicate = (!icmp_ln249)> <Delay = 0.00> <CoreInst = "LogicGate">   --->   Core 74 'LogicGate' <Latency = 0> <II = 1> <Delay = 0.28> <FuncUnit> <Opcode : 'and' 'or' 'xor'> <InPorts = 2> <OutPorts = 1>
ST_1 : Operation 378 [1/1] (0.00ns) (grouped into LUT with out node add_ln840_40)   --->   "%xor_ln1019_101 = xor i1 %xor_ln1019_100, i1 1"   --->   Operation 378 'xor' 'xor_ln1019_101' <Predicate = (!icmp_ln249)> <Delay = 0.00> <CoreInst = "LogicGate">   --->   Core 74 'LogicGate' <Latency = 0> <II = 1> <Delay = 0.28> <FuncUnit> <Opcode : 'and' 'or' 'xor'> <InPorts = 2> <OutPorts = 1>
ST_1 : Operation 379 [1/1] (0.00ns) (grouped into LUT with out node add_ln840_40)   --->   "%zext_ln1019_20 = zext i1 %xor_ln1019_101"   --->   Operation 379 'zext' 'zext_ln1019_20' <Predicate = (!icmp_ln249)> <Delay = 0.00>
ST_1 : Operation 380 [1/1] (0.00ns) (grouped into LUT with out node add_ln840_33)   --->   "%xor_ln1019_102 = xor i1 %p_Result_21, i1 %local_temp_V_51"   --->   Operation 380 'xor' 'xor_ln1019_102' <Predicate = (!icmp_ln249)> <Delay = 0.00> <CoreInst = "LogicGate">   --->   Core 74 'LogicGate' <Latency = 0> <II = 1> <Delay = 0.28> <FuncUnit> <Opcode : 'and' 'or' 'xor'> <InPorts = 2> <OutPorts = 1>
ST_1 : Operation 381 [1/1] (0.00ns) (grouped into LUT with out node add_ln840_33)   --->   "%xor_ln1019_103 = xor i1 %xor_ln1019_102, i1 1"   --->   Operation 381 'xor' 'xor_ln1019_103' <Predicate = (!icmp_ln249)> <Delay = 0.00> <CoreInst = "LogicGate">   --->   Core 74 'LogicGate' <Latency = 0> <II = 1> <Delay = 0.28> <FuncUnit> <Opcode : 'and' 'or' 'xor'> <InPorts = 2> <OutPorts = 1>
ST_1 : Operation 382 [1/1] (0.00ns) (grouped into LUT with out node add_ln840_33)   --->   "%zext_ln1019_21 = zext i1 %xor_ln1019_103"   --->   Operation 382 'zext' 'zext_ln1019_21' <Predicate = (!icmp_ln249)> <Delay = 0.00>
ST_1 : Operation 383 [1/1] (0.00ns) (grouped into LUT with out node add_ln840_33)   --->   "%xor_ln1019_104 = xor i1 %p_Result_22, i1 %local_temp_V_52"   --->   Operation 383 'xor' 'xor_ln1019_104' <Predicate = (!icmp_ln249)> <Delay = 0.00> <CoreInst = "LogicGate">   --->   Core 74 'LogicGate' <Latency = 0> <II = 1> <Delay = 0.28> <FuncUnit> <Opcode : 'and' 'or' 'xor'> <InPorts = 2> <OutPorts = 1>
ST_1 : Operation 384 [1/1] (0.00ns) (grouped into LUT with out node add_ln840_33)   --->   "%xor_ln1019_105 = xor i1 %xor_ln1019_104, i1 1"   --->   Operation 384 'xor' 'xor_ln1019_105' <Predicate = (!icmp_ln249)> <Delay = 0.00> <CoreInst = "LogicGate">   --->   Core 74 'LogicGate' <Latency = 0> <II = 1> <Delay = 0.28> <FuncUnit> <Opcode : 'and' 'or' 'xor'> <InPorts = 2> <OutPorts = 1>
ST_1 : Operation 385 [1/1] (0.00ns) (grouped into LUT with out node add_ln840_33)   --->   "%zext_ln1019_22 = zext i1 %xor_ln1019_105"   --->   Operation 385 'zext' 'zext_ln1019_22' <Predicate = (!icmp_ln249)> <Delay = 0.00>
ST_1 : Operation 386 [1/1] (0.00ns) (grouped into LUT with out node add_ln840_36)   --->   "%xor_ln1019_106 = xor i1 %p_Result_23, i1 %local_temp_V_53"   --->   Operation 386 'xor' 'xor_ln1019_106' <Predicate = (!icmp_ln249)> <Delay = 0.00> <CoreInst = "LogicGate">   --->   Core 74 'LogicGate' <Latency = 0> <II = 1> <Delay = 0.28> <FuncUnit> <Opcode : 'and' 'or' 'xor'> <InPorts = 2> <OutPorts = 1>
ST_1 : Operation 387 [1/1] (0.00ns) (grouped into LUT with out node add_ln840_36)   --->   "%xor_ln1019_107 = xor i1 %xor_ln1019_106, i1 1"   --->   Operation 387 'xor' 'xor_ln1019_107' <Predicate = (!icmp_ln249)> <Delay = 0.00> <CoreInst = "LogicGate">   --->   Core 74 'LogicGate' <Latency = 0> <II = 1> <Delay = 0.28> <FuncUnit> <Opcode : 'and' 'or' 'xor'> <InPorts = 2> <OutPorts = 1>
ST_1 : Operation 388 [1/1] (0.00ns) (grouped into LUT with out node add_ln840_36)   --->   "%zext_ln1019_23 = zext i1 %xor_ln1019_107"   --->   Operation 388 'zext' 'zext_ln1019_23' <Predicate = (!icmp_ln249)> <Delay = 0.00>
ST_1 : Operation 389 [1/1] (0.00ns) (grouped into LUT with out node add_ln840_36)   --->   "%xor_ln1019_108 = xor i1 %p_Result_24, i1 %local_temp_V_54"   --->   Operation 389 'xor' 'xor_ln1019_108' <Predicate = (!icmp_ln249)> <Delay = 0.00> <CoreInst = "LogicGate">   --->   Core 74 'LogicGate' <Latency = 0> <II = 1> <Delay = 0.28> <FuncUnit> <Opcode : 'and' 'or' 'xor'> <InPorts = 2> <OutPorts = 1>
ST_1 : Operation 390 [1/1] (0.00ns) (grouped into LUT with out node add_ln840_36)   --->   "%xor_ln1019_109 = xor i1 %xor_ln1019_108, i1 1"   --->   Operation 390 'xor' 'xor_ln1019_109' <Predicate = (!icmp_ln249)> <Delay = 0.00> <CoreInst = "LogicGate">   --->   Core 74 'LogicGate' <Latency = 0> <II = 1> <Delay = 0.28> <FuncUnit> <Opcode : 'and' 'or' 'xor'> <InPorts = 2> <OutPorts = 1>
ST_1 : Operation 391 [1/1] (0.00ns) (grouped into LUT with out node add_ln840_36)   --->   "%zext_ln1019_24 = zext i1 %xor_ln1019_109"   --->   Operation 391 'zext' 'zext_ln1019_24' <Predicate = (!icmp_ln249)> <Delay = 0.00>
ST_1 : Operation 392 [1/1] (0.00ns) (grouped into LUT with out node add_ln840_32)   --->   "%xor_ln1019_110 = xor i1 %p_Result_25, i1 %local_temp_V_55"   --->   Operation 392 'xor' 'xor_ln1019_110' <Predicate = (!icmp_ln249)> <Delay = 0.00> <CoreInst = "LogicGate">   --->   Core 74 'LogicGate' <Latency = 0> <II = 1> <Delay = 0.28> <FuncUnit> <Opcode : 'and' 'or' 'xor'> <InPorts = 2> <OutPorts = 1>
ST_1 : Operation 393 [1/1] (0.00ns) (grouped into LUT with out node add_ln840_32)   --->   "%xor_ln1019_111 = xor i1 %xor_ln1019_110, i1 1"   --->   Operation 393 'xor' 'xor_ln1019_111' <Predicate = (!icmp_ln249)> <Delay = 0.00> <CoreInst = "LogicGate">   --->   Core 74 'LogicGate' <Latency = 0> <II = 1> <Delay = 0.28> <FuncUnit> <Opcode : 'and' 'or' 'xor'> <InPorts = 2> <OutPorts = 1>
ST_1 : Operation 394 [1/1] (0.00ns) (grouped into LUT with out node add_ln840_32)   --->   "%zext_ln1019_25 = zext i1 %xor_ln1019_111"   --->   Operation 394 'zext' 'zext_ln1019_25' <Predicate = (!icmp_ln249)> <Delay = 0.00>
ST_1 : Operation 395 [1/1] (0.00ns) (grouped into LUT with out node add_ln840_32)   --->   "%xor_ln1019_112 = xor i1 %p_Result_26, i1 %local_temp_V_56"   --->   Operation 395 'xor' 'xor_ln1019_112' <Predicate = (!icmp_ln249)> <Delay = 0.00> <CoreInst = "LogicGate">   --->   Core 74 'LogicGate' <Latency = 0> <II = 1> <Delay = 0.28> <FuncUnit> <Opcode : 'and' 'or' 'xor'> <InPorts = 2> <OutPorts = 1>
ST_1 : Operation 396 [1/1] (0.00ns) (grouped into LUT with out node add_ln840_32)   --->   "%xor_ln1019_113 = xor i1 %xor_ln1019_112, i1 1"   --->   Operation 396 'xor' 'xor_ln1019_113' <Predicate = (!icmp_ln249)> <Delay = 0.00> <CoreInst = "LogicGate">   --->   Core 74 'LogicGate' <Latency = 0> <II = 1> <Delay = 0.28> <FuncUnit> <Opcode : 'and' 'or' 'xor'> <InPorts = 2> <OutPorts = 1>
ST_1 : Operation 397 [1/1] (0.00ns) (grouped into LUT with out node add_ln840_32)   --->   "%zext_ln1019_26 = zext i1 %xor_ln1019_113"   --->   Operation 397 'zext' 'zext_ln1019_26' <Predicate = (!icmp_ln249)> <Delay = 0.00>
ST_1 : Operation 398 [1/1] (0.00ns) (grouped into LUT with out node add_ln840_30)   --->   "%xor_ln1019_114 = xor i1 %p_Result_27, i1 %local_temp_V_57"   --->   Operation 398 'xor' 'xor_ln1019_114' <Predicate = (!icmp_ln249)> <Delay = 0.00> <CoreInst = "LogicGate">   --->   Core 74 'LogicGate' <Latency = 0> <II = 1> <Delay = 0.28> <FuncUnit> <Opcode : 'and' 'or' 'xor'> <InPorts = 2> <OutPorts = 1>
ST_1 : Operation 399 [1/1] (0.00ns) (grouped into LUT with out node add_ln840_30)   --->   "%xor_ln1019_115 = xor i1 %xor_ln1019_114, i1 1"   --->   Operation 399 'xor' 'xor_ln1019_115' <Predicate = (!icmp_ln249)> <Delay = 0.00> <CoreInst = "LogicGate">   --->   Core 74 'LogicGate' <Latency = 0> <II = 1> <Delay = 0.28> <FuncUnit> <Opcode : 'and' 'or' 'xor'> <InPorts = 2> <OutPorts = 1>
ST_1 : Operation 400 [1/1] (0.00ns) (grouped into LUT with out node add_ln840_30)   --->   "%zext_ln1019_27 = zext i1 %xor_ln1019_115"   --->   Operation 400 'zext' 'zext_ln1019_27' <Predicate = (!icmp_ln249)> <Delay = 0.00>
ST_1 : Operation 401 [1/1] (0.00ns) (grouped into LUT with out node add_ln840_30)   --->   "%xor_ln1019_116 = xor i1 %p_Result_28, i1 %local_temp_V_58"   --->   Operation 401 'xor' 'xor_ln1019_116' <Predicate = (!icmp_ln249)> <Delay = 0.00> <CoreInst = "LogicGate">   --->   Core 74 'LogicGate' <Latency = 0> <II = 1> <Delay = 0.28> <FuncUnit> <Opcode : 'and' 'or' 'xor'> <InPorts = 2> <OutPorts = 1>
ST_1 : Operation 402 [1/1] (0.00ns) (grouped into LUT with out node add_ln840_30)   --->   "%xor_ln1019_117 = xor i1 %xor_ln1019_116, i1 1"   --->   Operation 402 'xor' 'xor_ln1019_117' <Predicate = (!icmp_ln249)> <Delay = 0.00> <CoreInst = "LogicGate">   --->   Core 74 'LogicGate' <Latency = 0> <II = 1> <Delay = 0.28> <FuncUnit> <Opcode : 'and' 'or' 'xor'> <InPorts = 2> <OutPorts = 1>
ST_1 : Operation 403 [1/1] (0.00ns) (grouped into LUT with out node add_ln840_30)   --->   "%zext_ln1019_28 = zext i1 %xor_ln1019_117"   --->   Operation 403 'zext' 'zext_ln1019_28' <Predicate = (!icmp_ln249)> <Delay = 0.00>
ST_1 : Operation 404 [1/1] (0.00ns) (grouped into LUT with out node add_ln840_55)   --->   "%xor_ln1019_118 = xor i1 %p_Result_29, i1 %local_temp_V_59"   --->   Operation 404 'xor' 'xor_ln1019_118' <Predicate = (!icmp_ln249)> <Delay = 0.00> <CoreInst = "LogicGate">   --->   Core 74 'LogicGate' <Latency = 0> <II = 1> <Delay = 0.28> <FuncUnit> <Opcode : 'and' 'or' 'xor'> <InPorts = 2> <OutPorts = 1>
ST_1 : Operation 405 [1/1] (0.00ns) (grouped into LUT with out node add_ln840_55)   --->   "%xor_ln1019_119 = xor i1 %xor_ln1019_118, i1 1"   --->   Operation 405 'xor' 'xor_ln1019_119' <Predicate = (!icmp_ln249)> <Delay = 0.00> <CoreInst = "LogicGate">   --->   Core 74 'LogicGate' <Latency = 0> <II = 1> <Delay = 0.28> <FuncUnit> <Opcode : 'and' 'or' 'xor'> <InPorts = 2> <OutPorts = 1>
ST_1 : Operation 406 [1/1] (0.00ns) (grouped into LUT with out node add_ln840_55)   --->   "%zext_ln840_27 = zext i1 %xor_ln1019_119"   --->   Operation 406 'zext' 'zext_ln840_27' <Predicate = (!icmp_ln249)> <Delay = 0.00>
ST_1 : Operation 407 [1/1] (0.54ns) (out node of the LUT)   --->   "%add_ln840_30 = add i2 %zext_ln1019_27, i2 %zext_ln1019_28"   --->   Operation 407 'add' 'add_ln840_30' <Predicate = (!icmp_ln249)> <Delay = 0.54> <CoreInst = "Adder">   --->   Core 1 'Adder' <Latency = 0> <II = 1> <Delay = 0.54> <FuncUnit> <Opcode : 'add' 'sub'> <InPorts = 2> <OutPorts = 1>
ST_1 : Operation 408 [1/1] (0.00ns)   --->   "%zext_ln840_28 = zext i2 %add_ln840_30"   --->   Operation 408 'zext' 'zext_ln840_28' <Predicate = (!icmp_ln249)> <Delay = 0.00>
ST_1 : Operation 409 [1/1] (0.00ns) (grouped into TernaryAdder)   --->   "%add_ln840_31 = add i8 %zext_ln840_28, i8 %select_ln272_6"   --->   Operation 409 'add' 'add_ln840_31' <Predicate = (!icmp_ln249)> <Delay = 0.00> <CoreInst = "TAddSub">   --->   Core 10 'TAddSub' <Latency = 0> <II = 1> <Delay = 0.52> <IPBlock> <Opcode : 'add' 'sub'> <InPorts = 3> <OutPorts = 1> <Sync> <CReg>
ST_1 : Operation 410 [1/1] (0.54ns) (out node of the LUT)   --->   "%add_ln840_32 = add i2 %zext_ln1019_26, i2 %zext_ln1019_25"   --->   Operation 410 'add' 'add_ln840_32' <Predicate = (!icmp_ln249)> <Delay = 0.54> <CoreInst = "Adder">   --->   Core 1 'Adder' <Latency = 0> <II = 1> <Delay = 0.54> <FuncUnit> <Opcode : 'add' 'sub'> <InPorts = 2> <OutPorts = 1>
ST_1 : Operation 411 [1/1] (0.00ns)   --->   "%zext_ln840_29 = zext i2 %add_ln840_32"   --->   Operation 411 'zext' 'zext_ln840_29' <Predicate = (!icmp_ln249)> <Delay = 0.00>
ST_1 : Operation 412 [1/1] (0.54ns) (out node of the LUT)   --->   "%add_ln840_33 = add i2 %zext_ln1019_22, i2 %zext_ln1019_21"   --->   Operation 412 'add' 'add_ln840_33' <Predicate = (!icmp_ln249)> <Delay = 0.54> <CoreInst = "Adder">   --->   Core 1 'Adder' <Latency = 0> <II = 1> <Delay = 0.54> <FuncUnit> <Opcode : 'add' 'sub'> <InPorts = 2> <OutPorts = 1>
ST_1 : Operation 413 [1/1] (0.00ns)   --->   "%zext_ln840_30 = zext i2 %add_ln840_33"   --->   Operation 413 'zext' 'zext_ln840_30' <Predicate = (!icmp_ln249)> <Delay = 0.00>
ST_1 : Operation 414 [1/1] (0.54ns)   --->   "%add_ln840_34 = add i3 %zext_ln840_30, i3 %zext_ln840_29"   --->   Operation 414 'add' 'add_ln840_34' <Predicate = (!icmp_ln249)> <Delay = 0.54> <CoreInst = "Adder">   --->   Core 1 'Adder' <Latency = 0> <II = 1> <Delay = 0.54> <FuncUnit> <Opcode : 'add' 'sub'> <InPorts = 2> <OutPorts = 1>
ST_1 : Operation 415 [1/1] (0.00ns)   --->   "%zext_ln840_31 = zext i3 %add_ln840_34"   --->   Operation 415 'zext' 'zext_ln840_31' <Predicate = (!icmp_ln249)> <Delay = 0.00>
ST_1 : Operation 416 [1/1] (1.05ns) (root node of TernaryAdder)   --->   "%add_ln840_35 = add i8 %zext_ln840_31, i8 %add_ln840_31"   --->   Operation 416 'add' 'add_ln840_35' <Predicate = (!icmp_ln249)> <Delay = 1.05> <CoreInst = "TAddSub">   --->   Core 10 'TAddSub' <Latency = 0> <II = 1> <Delay = 0.52> <IPBlock> <Opcode : 'add' 'sub'> <InPorts = 3> <OutPorts = 1> <Sync> <CReg>
ST_1 : Operation 417 [1/1] (0.54ns) (out node of the LUT)   --->   "%add_ln840_36 = add i2 %zext_ln1019_24, i2 %zext_ln1019_23"   --->   Operation 417 'add' 'add_ln840_36' <Predicate = (!icmp_ln249)> <Delay = 0.54> <CoreInst = "Adder">   --->   Core 1 'Adder' <Latency = 0> <II = 1> <Delay = 0.54> <FuncUnit> <Opcode : 'add' 'sub'> <InPorts = 2> <OutPorts = 1>
ST_1 : Operation 418 [1/1] (0.00ns)   --->   "%zext_ln840_32 = zext i2 %add_ln840_36"   --->   Operation 418 'zext' 'zext_ln840_32' <Predicate = (!icmp_ln249)> <Delay = 0.00>
ST_1 : Operation 419 [1/1] (0.54ns) (out node of the LUT)   --->   "%add_ln840_37 = add i2 %zext_ln1019_14, i2 %zext_ln1019_16"   --->   Operation 419 'add' 'add_ln840_37' <Predicate = (!icmp_ln249)> <Delay = 0.54> <CoreInst = "Adder">   --->   Core 1 'Adder' <Latency = 0> <II = 1> <Delay = 0.54> <FuncUnit> <Opcode : 'add' 'sub'> <InPorts = 2> <OutPorts = 1>
ST_1 : Operation 420 [1/1] (0.00ns)   --->   "%zext_ln840_33 = zext i2 %add_ln840_37"   --->   Operation 420 'zext' 'zext_ln840_33' <Predicate = (!icmp_ln249)> <Delay = 0.00>
ST_1 : Operation 421 [1/1] (0.54ns)   --->   "%add_ln840_38 = add i3 %zext_ln840_33, i3 %zext_ln840_32"   --->   Operation 421 'add' 'add_ln840_38' <Predicate = (!icmp_ln249)> <Delay = 0.54> <CoreInst = "Adder">   --->   Core 1 'Adder' <Latency = 0> <II = 1> <Delay = 0.54> <FuncUnit> <Opcode : 'add' 'sub'> <InPorts = 2> <OutPorts = 1>
ST_1 : Operation 422 [1/1] (0.00ns)   --->   "%zext_ln840_34 = zext i3 %add_ln840_38"   --->   Operation 422 'zext' 'zext_ln840_34' <Predicate = (!icmp_ln249)> <Delay = 0.00>
ST_1 : Operation 423 [1/1] (0.54ns) (out node of the LUT)   --->   "%add_ln840_39 = add i2 %zext_ln1019_15, i2 %zext_ln1019_18"   --->   Operation 423 'add' 'add_ln840_39' <Predicate = (!icmp_ln249)> <Delay = 0.54> <CoreInst = "Adder">   --->   Core 1 'Adder' <Latency = 0> <II = 1> <Delay = 0.54> <FuncUnit> <Opcode : 'add' 'sub'> <InPorts = 2> <OutPorts = 1>
ST_1 : Operation 424 [1/1] (0.00ns)   --->   "%zext_ln840_35 = zext i2 %add_ln840_39"   --->   Operation 424 'zext' 'zext_ln840_35' <Predicate = (!icmp_ln249)> <Delay = 0.00>
ST_1 : Operation 425 [1/1] (0.54ns) (out node of the LUT)   --->   "%add_ln840_40 = add i2 %zext_ln1019_17, i2 %zext_ln1019_20"   --->   Operation 425 'add' 'add_ln840_40' <Predicate = (!icmp_ln249)> <Delay = 0.54> <CoreInst = "Adder">   --->   Core 1 'Adder' <Latency = 0> <II = 1> <Delay = 0.54> <FuncUnit> <Opcode : 'add' 'sub'> <InPorts = 2> <OutPorts = 1>
ST_1 : Operation 426 [1/1] (0.00ns)   --->   "%zext_ln840_36 = zext i2 %add_ln840_40"   --->   Operation 426 'zext' 'zext_ln840_36' <Predicate = (!icmp_ln249)> <Delay = 0.00>
ST_1 : Operation 427 [1/1] (0.54ns)   --->   "%add_ln840_41 = add i3 %zext_ln840_36, i3 %zext_ln840_35"   --->   Operation 427 'add' 'add_ln840_41' <Predicate = (!icmp_ln249)> <Delay = 0.54> <CoreInst = "Adder">   --->   Core 1 'Adder' <Latency = 0> <II = 1> <Delay = 0.54> <FuncUnit> <Opcode : 'add' 'sub'> <InPorts = 2> <OutPorts = 1>
ST_1 : Operation 428 [1/1] (0.00ns)   --->   "%zext_ln840_37 = zext i3 %add_ln840_41"   --->   Operation 428 'zext' 'zext_ln840_37' <Predicate = (!icmp_ln249)> <Delay = 0.00>
ST_1 : Operation 429 [1/1] (0.67ns)   --->   "%add_ln840_42 = add i4 %zext_ln840_37, i4 %zext_ln840_34"   --->   Operation 429 'add' 'add_ln840_42' <Predicate = (!icmp_ln249)> <Delay = 0.67> <CoreInst = "Adder">   --->   Core 1 'Adder' <Latency = 0> <II = 1> <Delay = 0.67> <FuncUnit> <Opcode : 'add' 'sub'> <InPorts = 2> <OutPorts = 1>
ST_1 : Operation 430 [1/1] (0.00ns)   --->   "%zext_ln840_38 = zext i4 %add_ln840_42"   --->   Operation 430 'zext' 'zext_ln840_38' <Predicate = (!icmp_ln249)> <Delay = 0.00>
ST_1 : Operation 431 [1/1] (0.00ns) (grouped into TernaryAdder)   --->   "%add_ln840_43 = add i8 %zext_ln840_38, i8 %add_ln840_35"   --->   Operation 431 'add' 'add_ln840_43' <Predicate = (!icmp_ln249)> <Delay = 0.00> <CoreInst = "TAddSub">   --->   Core 10 'TAddSub' <Latency = 0> <II = 1> <Delay = 0.52> <IPBlock> <Opcode : 'add' 'sub'> <InPorts = 3> <OutPorts = 1> <Sync> <CReg>
ST_1 : Operation 432 [1/1] (0.54ns) (out node of the LUT)   --->   "%add_ln840_44 = add i2 %zext_ln1019_19, i2 %zext_ln1019_1"   --->   Operation 432 'add' 'add_ln840_44' <Predicate = (!icmp_ln249)> <Delay = 0.54> <CoreInst = "Adder">   --->   Core 1 'Adder' <Latency = 0> <II = 1> <Delay = 0.54> <FuncUnit> <Opcode : 'add' 'sub'> <InPorts = 2> <OutPorts = 1>
ST_1 : Operation 433 [1/1] (0.00ns)   --->   "%zext_ln840_39 = zext i2 %add_ln840_44"   --->   Operation 433 'zext' 'zext_ln840_39' <Predicate = (!icmp_ln249)> <Delay = 0.00>
ST_1 : Operation 434 [1/1] (0.54ns) (out node of the LUT)   --->   "%add_ln840_45 = add i2 %zext_ln1019, i2 %zext_ln1019_3"   --->   Operation 434 'add' 'add_ln840_45' <Predicate = (!icmp_ln249)> <Delay = 0.54> <CoreInst = "Adder">   --->   Core 1 'Adder' <Latency = 0> <II = 1> <Delay = 0.54> <FuncUnit> <Opcode : 'add' 'sub'> <InPorts = 2> <OutPorts = 1>
ST_1 : Operation 435 [1/1] (0.00ns)   --->   "%zext_ln840_40 = zext i2 %add_ln840_45"   --->   Operation 435 'zext' 'zext_ln840_40' <Predicate = (!icmp_ln249)> <Delay = 0.00>
ST_1 : Operation 436 [1/1] (0.54ns)   --->   "%add_ln840_46 = add i3 %zext_ln840_40, i3 %zext_ln840_39"   --->   Operation 436 'add' 'add_ln840_46' <Predicate = (!icmp_ln249)> <Delay = 0.54> <CoreInst = "Adder">   --->   Core 1 'Adder' <Latency = 0> <II = 1> <Delay = 0.54> <FuncUnit> <Opcode : 'add' 'sub'> <InPorts = 2> <OutPorts = 1>
ST_1 : Operation 437 [1/1] (0.00ns)   --->   "%zext_ln840_41 = zext i3 %add_ln840_46"   --->   Operation 437 'zext' 'zext_ln840_41' <Predicate = (!icmp_ln249)> <Delay = 0.00>
ST_1 : Operation 438 [1/1] (0.54ns) (out node of the LUT)   --->   "%add_ln840_47 = add i2 %zext_ln1019_2, i2 %zext_ln1019_5"   --->   Operation 438 'add' 'add_ln840_47' <Predicate = (!icmp_ln249)> <Delay = 0.54> <CoreInst = "Adder">   --->   Core 1 'Adder' <Latency = 0> <II = 1> <Delay = 0.54> <FuncUnit> <Opcode : 'add' 'sub'> <InPorts = 2> <OutPorts = 1>
ST_1 : Operation 439 [1/1] (0.00ns)   --->   "%zext_ln840_42 = zext i2 %add_ln840_47"   --->   Operation 439 'zext' 'zext_ln840_42' <Predicate = (!icmp_ln249)> <Delay = 0.00>
ST_1 : Operation 440 [1/1] (0.54ns) (out node of the LUT)   --->   "%add_ln840_48 = add i2 %zext_ln1019_4, i2 %zext_ln1019_7"   --->   Operation 440 'add' 'add_ln840_48' <Predicate = (!icmp_ln249)> <Delay = 0.54> <CoreInst = "Adder">   --->   Core 1 'Adder' <Latency = 0> <II = 1> <Delay = 0.54> <FuncUnit> <Opcode : 'add' 'sub'> <InPorts = 2> <OutPorts = 1>
ST_1 : Operation 441 [1/1] (0.00ns)   --->   "%zext_ln840_43 = zext i2 %add_ln840_48"   --->   Operation 441 'zext' 'zext_ln840_43' <Predicate = (!icmp_ln249)> <Delay = 0.00>
ST_1 : Operation 442 [1/1] (0.54ns)   --->   "%add_ln840_49 = add i3 %zext_ln840_43, i3 %zext_ln840_42"   --->   Operation 442 'add' 'add_ln840_49' <Predicate = (!icmp_ln249)> <Delay = 0.54> <CoreInst = "Adder">   --->   Core 1 'Adder' <Latency = 0> <II = 1> <Delay = 0.54> <FuncUnit> <Opcode : 'add' 'sub'> <InPorts = 2> <OutPorts = 1>
ST_1 : Operation 443 [1/1] (0.00ns)   --->   "%zext_ln840_44 = zext i3 %add_ln840_49"   --->   Operation 443 'zext' 'zext_ln840_44' <Predicate = (!icmp_ln249)> <Delay = 0.00>
ST_1 : Operation 444 [1/1] (0.67ns)   --->   "%add_ln840_50 = add i4 %zext_ln840_44, i4 %zext_ln840_41"   --->   Operation 444 'add' 'add_ln840_50' <Predicate = (!icmp_ln249)> <Delay = 0.67> <CoreInst = "Adder">   --->   Core 1 'Adder' <Latency = 0> <II = 1> <Delay = 0.67> <FuncUnit> <Opcode : 'add' 'sub'> <InPorts = 2> <OutPorts = 1>
ST_1 : Operation 445 [1/1] (0.00ns)   --->   "%zext_ln840_45 = zext i4 %add_ln840_50"   --->   Operation 445 'zext' 'zext_ln840_45' <Predicate = (!icmp_ln249)> <Delay = 0.00>
ST_1 : Operation 446 [1/1] (0.54ns) (out node of the LUT)   --->   "%add_ln840_51 = add i2 %zext_ln1019_6, i2 %zext_ln1019_9"   --->   Operation 446 'add' 'add_ln840_51' <Predicate = (!icmp_ln249)> <Delay = 0.54> <CoreInst = "Adder">   --->   Core 1 'Adder' <Latency = 0> <II = 1> <Delay = 0.54> <FuncUnit> <Opcode : 'add' 'sub'> <InPorts = 2> <OutPorts = 1>
ST_1 : Operation 447 [1/1] (0.00ns)   --->   "%zext_ln840_46 = zext i2 %add_ln840_51"   --->   Operation 447 'zext' 'zext_ln840_46' <Predicate = (!icmp_ln249)> <Delay = 0.00>
ST_1 : Operation 448 [1/1] (0.54ns) (out node of the LUT)   --->   "%add_ln840_52 = add i2 %zext_ln1019_8, i2 %zext_ln1019_11"   --->   Operation 448 'add' 'add_ln840_52' <Predicate = (!icmp_ln249)> <Delay = 0.54> <CoreInst = "Adder">   --->   Core 1 'Adder' <Latency = 0> <II = 1> <Delay = 0.54> <FuncUnit> <Opcode : 'add' 'sub'> <InPorts = 2> <OutPorts = 1>
ST_1 : Operation 449 [1/1] (0.00ns)   --->   "%zext_ln840_47 = zext i2 %add_ln840_52"   --->   Operation 449 'zext' 'zext_ln840_47' <Predicate = (!icmp_ln249)> <Delay = 0.00>
ST_1 : Operation 450 [1/1] (0.54ns)   --->   "%add_ln840_53 = add i3 %zext_ln840_47, i3 %zext_ln840_46"   --->   Operation 450 'add' 'add_ln840_53' <Predicate = (!icmp_ln249)> <Delay = 0.54> <CoreInst = "Adder">   --->   Core 1 'Adder' <Latency = 0> <II = 1> <Delay = 0.54> <FuncUnit> <Opcode : 'add' 'sub'> <InPorts = 2> <OutPorts = 1>
ST_1 : Operation 451 [1/1] (0.00ns)   --->   "%zext_ln840_48 = zext i3 %add_ln840_53"   --->   Operation 451 'zext' 'zext_ln840_48' <Predicate = (!icmp_ln249)> <Delay = 0.00>
ST_1 : Operation 452 [1/1] (0.54ns) (out node of the LUT)   --->   "%add_ln840_54 = add i2 %zext_ln1019_10, i2 %zext_ln1019_13"   --->   Operation 452 'add' 'add_ln840_54' <Predicate = (!icmp_ln249)> <Delay = 0.54> <CoreInst = "Adder">   --->   Core 1 'Adder' <Latency = 0> <II = 1> <Delay = 0.54> <FuncUnit> <Opcode : 'add' 'sub'> <InPorts = 2> <OutPorts = 1>
ST_1 : Operation 453 [1/1] (0.00ns)   --->   "%zext_ln840_49 = zext i2 %add_ln840_54"   --->   Operation 453 'zext' 'zext_ln840_49' <Predicate = (!icmp_ln249)> <Delay = 0.00>
ST_1 : Operation 454 [1/1] (0.54ns) (out node of the LUT)   --->   "%add_ln840_55 = add i2 %zext_ln1019_12, i2 %zext_ln840_27"   --->   Operation 454 'add' 'add_ln840_55' <Predicate = (!icmp_ln249)> <Delay = 0.54> <CoreInst = "Adder">   --->   Core 1 'Adder' <Latency = 0> <II = 1> <Delay = 0.54> <FuncUnit> <Opcode : 'add' 'sub'> <InPorts = 2> <OutPorts = 1>
ST_1 : Operation 455 [1/1] (0.00ns)   --->   "%zext_ln840_50 = zext i2 %add_ln840_55"   --->   Operation 455 'zext' 'zext_ln840_50' <Predicate = (!icmp_ln249)> <Delay = 0.00>
ST_1 : Operation 456 [1/1] (0.54ns)   --->   "%add_ln840_56 = add i3 %zext_ln840_50, i3 %zext_ln840_49"   --->   Operation 456 'add' 'add_ln840_56' <Predicate = (!icmp_ln249)> <Delay = 0.54> <CoreInst = "Adder">   --->   Core 1 'Adder' <Latency = 0> <II = 1> <Delay = 0.54> <FuncUnit> <Opcode : 'add' 'sub'> <InPorts = 2> <OutPorts = 1>
ST_1 : Operation 457 [1/1] (0.00ns)   --->   "%zext_ln840_51 = zext i3 %add_ln840_56"   --->   Operation 457 'zext' 'zext_ln840_51' <Predicate = (!icmp_ln249)> <Delay = 0.00>
ST_1 : Operation 458 [1/1] (0.67ns)   --->   "%add_ln840_57 = add i4 %zext_ln840_51, i4 %zext_ln840_48"   --->   Operation 458 'add' 'add_ln840_57' <Predicate = (!icmp_ln249)> <Delay = 0.67> <CoreInst = "Adder">   --->   Core 1 'Adder' <Latency = 0> <II = 1> <Delay = 0.67> <FuncUnit> <Opcode : 'add' 'sub'> <InPorts = 2> <OutPorts = 1>
ST_1 : Operation 459 [1/1] (0.00ns)   --->   "%zext_ln840_52 = zext i4 %add_ln840_57"   --->   Operation 459 'zext' 'zext_ln840_52' <Predicate = (!icmp_ln249)> <Delay = 0.00>
ST_1 : Operation 460 [1/1] (0.79ns)   --->   "%add_ln840_58 = add i5 %zext_ln840_52, i5 %zext_ln840_45"   --->   Operation 460 'add' 'add_ln840_58' <Predicate = (!icmp_ln249)> <Delay = 0.79> <CoreInst = "Adder">   --->   Core 1 'Adder' <Latency = 0> <II = 1> <Delay = 0.79> <FuncUnit> <Opcode : 'add' 'sub'> <InPorts = 2> <OutPorts = 1>
ST_1 : Operation 461 [1/1] (0.00ns)   --->   "%zext_ln840_53 = zext i5 %add_ln840_58"   --->   Operation 461 'zext' 'zext_ln840_53' <Predicate = (!icmp_ln249)> <Delay = 0.00>
ST_1 : Operation 462 [1/1] (1.05ns) (root node of TernaryAdder)   --->   "%add_ln840_59 = add i8 %zext_ln840_53, i8 %add_ln840_43"   --->   Operation 462 'add' 'add_ln840_59' <Predicate = (!icmp_ln249)> <Delay = 1.05> <CoreInst = "TAddSub">   --->   Core 10 'TAddSub' <Latency = 0> <II = 1> <Delay = 0.52> <IPBlock> <Opcode : 'add' 'sub'> <InPorts = 3> <OutPorts = 1> <Sync> <CReg>
ST_1 : Operation 463 [1/1] (0.00ns) (grouped into LUT with out node add_ln840_75)   --->   "%local_temp_V_60 = bitselect i1 @_ssdm_op_BitSelect.i1.i240.i32, i240 %W_packed_V, i32 60"   --->   Operation 463 'bitselect' 'local_temp_V_60' <Predicate = (!icmp_ln249)> <Delay = 0.00>
ST_1 : Operation 464 [1/1] (0.00ns) (grouped into LUT with out node add_ln840_74)   --->   "%local_temp_V_61 = bitselect i1 @_ssdm_op_BitSelect.i1.i240.i32, i240 %W_packed_V, i32 61"   --->   Operation 464 'bitselect' 'local_temp_V_61' <Predicate = (!icmp_ln249)> <Delay = 0.00>
ST_1 : Operation 465 [1/1] (0.00ns) (grouped into LUT with out node add_ln840_77)   --->   "%local_temp_V_62 = bitselect i1 @_ssdm_op_BitSelect.i1.i240.i32, i240 %W_packed_V, i32 62"   --->   Operation 465 'bitselect' 'local_temp_V_62' <Predicate = (!icmp_ln249)> <Delay = 0.00>
ST_1 : Operation 466 [1/1] (0.00ns) (grouped into LUT with out node add_ln840_75)   --->   "%local_temp_V_63 = bitselect i1 @_ssdm_op_BitSelect.i1.i240.i32, i240 %W_packed_V, i32 63"   --->   Operation 466 'bitselect' 'local_temp_V_63' <Predicate = (!icmp_ln249)> <Delay = 0.00>
ST_1 : Operation 467 [1/1] (0.00ns) (grouped into LUT with out node add_ln840_78)   --->   "%local_temp_V_64 = bitselect i1 @_ssdm_op_BitSelect.i1.i240.i32, i240 %W_packed_V, i32 64"   --->   Operation 467 'bitselect' 'local_temp_V_64' <Predicate = (!icmp_ln249)> <Delay = 0.00>
ST_1 : Operation 468 [1/1] (0.00ns) (grouped into LUT with out node add_ln840_77)   --->   "%local_temp_V_65 = bitselect i1 @_ssdm_op_BitSelect.i1.i240.i32, i240 %W_packed_V, i32 65"   --->   Operation 468 'bitselect' 'local_temp_V_65' <Predicate = (!icmp_ln249)> <Delay = 0.00>
ST_1 : Operation 469 [1/1] (0.00ns) (grouped into LUT with out node add_ln840_81)   --->   "%local_temp_V_66 = bitselect i1 @_ssdm_op_BitSelect.i1.i240.i32, i240 %W_packed_V, i32 66"   --->   Operation 469 'bitselect' 'local_temp_V_66' <Predicate = (!icmp_ln249)> <Delay = 0.00>
ST_1 : Operation 470 [1/1] (0.00ns) (grouped into LUT with out node add_ln840_78)   --->   "%local_temp_V_67 = bitselect i1 @_ssdm_op_BitSelect.i1.i240.i32, i240 %W_packed_V, i32 67"   --->   Operation 470 'bitselect' 'local_temp_V_67' <Predicate = (!icmp_ln249)> <Delay = 0.00>
ST_1 : Operation 471 [1/1] (0.00ns) (grouped into LUT with out node add_ln840_82)   --->   "%local_temp_V_68 = bitselect i1 @_ssdm_op_BitSelect.i1.i240.i32, i240 %W_packed_V, i32 68"   --->   Operation 471 'bitselect' 'local_temp_V_68' <Predicate = (!icmp_ln249)> <Delay = 0.00>
ST_1 : Operation 472 [1/1] (0.00ns) (grouped into LUT with out node add_ln840_81)   --->   "%local_temp_V_69 = bitselect i1 @_ssdm_op_BitSelect.i1.i240.i32, i240 %W_packed_V, i32 69"   --->   Operation 472 'bitselect' 'local_temp_V_69' <Predicate = (!icmp_ln249)> <Delay = 0.00>
ST_1 : Operation 473 [1/1] (0.00ns) (grouped into LUT with out node add_ln840_84)   --->   "%local_temp_V_70 = bitselect i1 @_ssdm_op_BitSelect.i1.i240.i32, i240 %W_packed_V, i32 70"   --->   Operation 473 'bitselect' 'local_temp_V_70' <Predicate = (!icmp_ln249)> <Delay = 0.00>
ST_1 : Operation 474 [1/1] (0.00ns) (grouped into LUT with out node add_ln840_82)   --->   "%local_temp_V_71 = bitselect i1 @_ssdm_op_BitSelect.i1.i240.i32, i240 %W_packed_V, i32 71"   --->   Operation 474 'bitselect' 'local_temp_V_71' <Predicate = (!icmp_ln249)> <Delay = 0.00>
ST_1 : Operation 475 [1/1] (0.00ns) (grouped into LUT with out node add_ln840_85)   --->   "%local_temp_V_72 = bitselect i1 @_ssdm_op_BitSelect.i1.i240.i32, i240 %W_packed_V, i32 72"   --->   Operation 475 'bitselect' 'local_temp_V_72' <Predicate = (!icmp_ln249)> <Delay = 0.00>
ST_1 : Operation 476 [1/1] (0.00ns) (grouped into LUT with out node add_ln840_84)   --->   "%local_temp_V_73 = bitselect i1 @_ssdm_op_BitSelect.i1.i240.i32, i240 %W_packed_V, i32 73"   --->   Operation 476 'bitselect' 'local_temp_V_73' <Predicate = (!icmp_ln249)> <Delay = 0.00>
ST_1 : Operation 477 [1/1] (0.00ns) (grouped into LUT with out node add_ln840_67)   --->   "%local_temp_V_74 = bitselect i1 @_ssdm_op_BitSelect.i1.i240.i32, i240 %W_packed_V, i32 74"   --->   Operation 477 'bitselect' 'local_temp_V_74' <Predicate = (!icmp_ln249)> <Delay = 0.00>
ST_1 : Operation 478 [1/1] (0.00ns) (grouped into LUT with out node add_ln840_69)   --->   "%local_temp_V_75 = bitselect i1 @_ssdm_op_BitSelect.i1.i240.i32, i240 %W_packed_V, i32 75"   --->   Operation 478 'bitselect' 'local_temp_V_75' <Predicate = (!icmp_ln249)> <Delay = 0.00>
ST_1 : Operation 479 [1/1] (0.00ns) (grouped into LUT with out node add_ln840_67)   --->   "%local_temp_V_76 = bitselect i1 @_ssdm_op_BitSelect.i1.i240.i32, i240 %W_packed_V, i32 76"   --->   Operation 479 'bitselect' 'local_temp_V_76' <Predicate = (!icmp_ln249)> <Delay = 0.00>
ST_1 : Operation 480 [1/1] (0.00ns) (grouped into LUT with out node add_ln840_70)   --->   "%local_temp_V_77 = bitselect i1 @_ssdm_op_BitSelect.i1.i240.i32, i240 %W_packed_V, i32 77"   --->   Operation 480 'bitselect' 'local_temp_V_77' <Predicate = (!icmp_ln249)> <Delay = 0.00>
ST_1 : Operation 481 [1/1] (0.00ns) (grouped into LUT with out node add_ln840_69)   --->   "%local_temp_V_78 = bitselect i1 @_ssdm_op_BitSelect.i1.i240.i32, i240 %W_packed_V, i32 78"   --->   Operation 481 'bitselect' 'local_temp_V_78' <Predicate = (!icmp_ln249)> <Delay = 0.00>
ST_1 : Operation 482 [1/1] (0.00ns) (grouped into LUT with out node add_ln840_74)   --->   "%local_temp_V_79 = bitselect i1 @_ssdm_op_BitSelect.i1.i240.i32, i240 %W_packed_V, i32 79"   --->   Operation 482 'bitselect' 'local_temp_V_79' <Predicate = (!icmp_ln249)> <Delay = 0.00>
ST_1 : Operation 483 [1/1] (0.00ns) (grouped into LUT with out node add_ln840_70)   --->   "%local_temp_V_80 = bitselect i1 @_ssdm_op_BitSelect.i1.i240.i32, i240 %W_packed_V, i32 80"   --->   Operation 483 'bitselect' 'local_temp_V_80' <Predicate = (!icmp_ln249)> <Delay = 0.00>
ST_1 : Operation 484 [1/1] (0.00ns) (grouped into LUT with out node add_ln840_63)   --->   "%local_temp_V_81 = bitselect i1 @_ssdm_op_BitSelect.i1.i240.i32, i240 %W_packed_V, i32 81"   --->   Operation 484 'bitselect' 'local_temp_V_81' <Predicate = (!icmp_ln249)> <Delay = 0.00>
ST_1 : Operation 485 [1/1] (0.00ns) (grouped into LUT with out node add_ln840_63)   --->   "%local_temp_V_82 = bitselect i1 @_ssdm_op_BitSelect.i1.i240.i32, i240 %W_packed_V, i32 82"   --->   Operation 485 'bitselect' 'local_temp_V_82' <Predicate = (!icmp_ln249)> <Delay = 0.00>
ST_1 : Operation 486 [1/1] (0.00ns) (grouped into LUT with out node add_ln840_66)   --->   "%local_temp_V_83 = bitselect i1 @_ssdm_op_BitSelect.i1.i240.i32, i240 %W_packed_V, i32 83"   --->   Operation 486 'bitselect' 'local_temp_V_83' <Predicate = (!icmp_ln249)> <Delay = 0.00>
ST_1 : Operation 487 [1/1] (0.00ns) (grouped into LUT with out node add_ln840_66)   --->   "%local_temp_V_84 = bitselect i1 @_ssdm_op_BitSelect.i1.i240.i32, i240 %W_packed_V, i32 84"   --->   Operation 487 'bitselect' 'local_temp_V_84' <Predicate = (!icmp_ln249)> <Delay = 0.00>
ST_1 : Operation 488 [1/1] (0.00ns) (grouped into LUT with out node add_ln840_62)   --->   "%local_temp_V_85 = bitselect i1 @_ssdm_op_BitSelect.i1.i240.i32, i240 %W_packed_V, i32 85"   --->   Operation 488 'bitselect' 'local_temp_V_85' <Predicate = (!icmp_ln249)> <Delay = 0.00>
ST_1 : Operation 489 [1/1] (0.00ns) (grouped into LUT with out node add_ln840_62)   --->   "%local_temp_V_86 = bitselect i1 @_ssdm_op_BitSelect.i1.i240.i32, i240 %W_packed_V, i32 86"   --->   Operation 489 'bitselect' 'local_temp_V_86' <Predicate = (!icmp_ln249)> <Delay = 0.00>
ST_1 : Operation 490 [1/1] (0.00ns) (grouped into LUT with out node add_ln840_60)   --->   "%local_temp_V_87 = bitselect i1 @_ssdm_op_BitSelect.i1.i240.i32, i240 %W_packed_V, i32 87"   --->   Operation 490 'bitselect' 'local_temp_V_87' <Predicate = (!icmp_ln249)> <Delay = 0.00>
ST_1 : Operation 491 [1/1] (0.00ns) (grouped into LUT with out node add_ln840_60)   --->   "%local_temp_V_88 = bitselect i1 @_ssdm_op_BitSelect.i1.i240.i32, i240 %W_packed_V, i32 88"   --->   Operation 491 'bitselect' 'local_temp_V_88' <Predicate = (!icmp_ln249)> <Delay = 0.00>
ST_1 : Operation 492 [1/1] (0.00ns) (grouped into LUT with out node add_ln840_85)   --->   "%local_temp_V_89 = bitselect i1 @_ssdm_op_BitSelect.i1.i240.i32, i240 %W_packed_V, i32 89"   --->   Operation 492 'bitselect' 'local_temp_V_89' <Predicate = (!icmp_ln249)> <Delay = 0.00>
ST_1 : Operation 493 [1/1] (0.00ns) (grouped into LUT with out node add_ln840_75)   --->   "%xor_ln1019_120 = xor i1 1, i1 %local_temp_V_60"   --->   Operation 493 'xor' 'xor_ln1019_120' <Predicate = (!icmp_ln249)> <Delay = 0.00> <CoreInst = "LogicGate">   --->   Core 74 'LogicGate' <Latency = 0> <II = 1> <Delay = 0.28> <FuncUnit> <Opcode : 'and' 'or' 'xor'> <InPorts = 2> <OutPorts = 1>
ST_1 : Operation 494 [1/1] (0.00ns) (grouped into LUT with out node add_ln840_75)   --->   "%xor_ln1019_121 = xor i1 %xor_ln1019_120, i1 %p_Result_s"   --->   Operation 494 'xor' 'xor_ln1019_121' <Predicate = (!icmp_ln249)> <Delay = 0.00> <CoreInst = "LogicGate">   --->   Core 74 'LogicGate' <Latency = 0> <II = 1> <Delay = 0.28> <FuncUnit> <Opcode : 'and' 'or' 'xor'> <InPorts = 2> <OutPorts = 1>
ST_1 : Operation 495 [1/1] (0.00ns) (grouped into LUT with out node add_ln840_75)   --->   "%zext_ln1019_29 = zext i1 %xor_ln1019_121"   --->   Operation 495 'zext' 'zext_ln1019_29' <Predicate = (!icmp_ln249)> <Delay = 0.00>
ST_1 : Operation 496 [1/1] (0.00ns) (grouped into LUT with out node add_ln840_74)   --->   "%xor_ln1019_122 = xor i1 %p_Result_1, i1 %local_temp_V_61"   --->   Operation 496 'xor' 'xor_ln1019_122' <Predicate = (!icmp_ln249)> <Delay = 0.00> <CoreInst = "LogicGate">   --->   Core 74 'LogicGate' <Latency = 0> <II = 1> <Delay = 0.28> <FuncUnit> <Opcode : 'and' 'or' 'xor'> <InPorts = 2> <OutPorts = 1>
ST_1 : Operation 497 [1/1] (0.00ns) (grouped into LUT with out node add_ln840_74)   --->   "%xor_ln1019_123 = xor i1 %xor_ln1019_122, i1 1"   --->   Operation 497 'xor' 'xor_ln1019_123' <Predicate = (!icmp_ln249)> <Delay = 0.00> <CoreInst = "LogicGate">   --->   Core 74 'LogicGate' <Latency = 0> <II = 1> <Delay = 0.28> <FuncUnit> <Opcode : 'and' 'or' 'xor'> <InPorts = 2> <OutPorts = 1>
ST_1 : Operation 498 [1/1] (0.00ns) (grouped into LUT with out node add_ln840_74)   --->   "%zext_ln1019_30 = zext i1 %xor_ln1019_123"   --->   Operation 498 'zext' 'zext_ln1019_30' <Predicate = (!icmp_ln249)> <Delay = 0.00>
ST_1 : Operation 499 [1/1] (0.00ns) (grouped into LUT with out node add_ln840_77)   --->   "%xor_ln1019_124 = xor i1 %p_Result_2, i1 %local_temp_V_62"   --->   Operation 499 'xor' 'xor_ln1019_124' <Predicate = (!icmp_ln249)> <Delay = 0.00> <CoreInst = "LogicGate">   --->   Core 74 'LogicGate' <Latency = 0> <II = 1> <Delay = 0.28> <FuncUnit> <Opcode : 'and' 'or' 'xor'> <InPorts = 2> <OutPorts = 1>
ST_1 : Operation 500 [1/1] (0.00ns) (grouped into LUT with out node add_ln840_77)   --->   "%xor_ln1019_125 = xor i1 %xor_ln1019_124, i1 1"   --->   Operation 500 'xor' 'xor_ln1019_125' <Predicate = (!icmp_ln249)> <Delay = 0.00> <CoreInst = "LogicGate">   --->   Core 74 'LogicGate' <Latency = 0> <II = 1> <Delay = 0.28> <FuncUnit> <Opcode : 'and' 'or' 'xor'> <InPorts = 2> <OutPorts = 1>
ST_1 : Operation 501 [1/1] (0.00ns) (grouped into LUT with out node add_ln840_77)   --->   "%zext_ln1019_31 = zext i1 %xor_ln1019_125"   --->   Operation 501 'zext' 'zext_ln1019_31' <Predicate = (!icmp_ln249)> <Delay = 0.00>
ST_1 : Operation 502 [1/1] (0.00ns) (grouped into LUT with out node add_ln840_75)   --->   "%xor_ln1019_126 = xor i1 %p_Result_3, i1 %local_temp_V_63"   --->   Operation 502 'xor' 'xor_ln1019_126' <Predicate = (!icmp_ln249)> <Delay = 0.00> <CoreInst = "LogicGate">   --->   Core 74 'LogicGate' <Latency = 0> <II = 1> <Delay = 0.28> <FuncUnit> <Opcode : 'and' 'or' 'xor'> <InPorts = 2> <OutPorts = 1>
ST_1 : Operation 503 [1/1] (0.00ns) (grouped into LUT with out node add_ln840_75)   --->   "%xor_ln1019_127 = xor i1 %xor_ln1019_126, i1 1"   --->   Operation 503 'xor' 'xor_ln1019_127' <Predicate = (!icmp_ln249)> <Delay = 0.00> <CoreInst = "LogicGate">   --->   Core 74 'LogicGate' <Latency = 0> <II = 1> <Delay = 0.28> <FuncUnit> <Opcode : 'and' 'or' 'xor'> <InPorts = 2> <OutPorts = 1>
ST_1 : Operation 504 [1/1] (0.00ns) (grouped into LUT with out node add_ln840_75)   --->   "%zext_ln1019_32 = zext i1 %xor_ln1019_127"   --->   Operation 504 'zext' 'zext_ln1019_32' <Predicate = (!icmp_ln249)> <Delay = 0.00>
ST_1 : Operation 505 [1/1] (0.00ns) (grouped into LUT with out node add_ln840_78)   --->   "%xor_ln1019_128 = xor i1 %p_Result_4, i1 %local_temp_V_64"   --->   Operation 505 'xor' 'xor_ln1019_128' <Predicate = (!icmp_ln249)> <Delay = 0.00> <CoreInst = "LogicGate">   --->   Core 74 'LogicGate' <Latency = 0> <II = 1> <Delay = 0.28> <FuncUnit> <Opcode : 'and' 'or' 'xor'> <InPorts = 2> <OutPorts = 1>
ST_1 : Operation 506 [1/1] (0.00ns) (grouped into LUT with out node add_ln840_78)   --->   "%xor_ln1019_129 = xor i1 %xor_ln1019_128, i1 1"   --->   Operation 506 'xor' 'xor_ln1019_129' <Predicate = (!icmp_ln249)> <Delay = 0.00> <CoreInst = "LogicGate">   --->   Core 74 'LogicGate' <Latency = 0> <II = 1> <Delay = 0.28> <FuncUnit> <Opcode : 'and' 'or' 'xor'> <InPorts = 2> <OutPorts = 1>
ST_1 : Operation 507 [1/1] (0.00ns) (grouped into LUT with out node add_ln840_78)   --->   "%zext_ln1019_33 = zext i1 %xor_ln1019_129"   --->   Operation 507 'zext' 'zext_ln1019_33' <Predicate = (!icmp_ln249)> <Delay = 0.00>
ST_1 : Operation 508 [1/1] (0.00ns) (grouped into LUT with out node add_ln840_77)   --->   "%xor_ln1019_130 = xor i1 %p_Result_5, i1 %local_temp_V_65"   --->   Operation 508 'xor' 'xor_ln1019_130' <Predicate = (!icmp_ln249)> <Delay = 0.00> <CoreInst = "LogicGate">   --->   Core 74 'LogicGate' <Latency = 0> <II = 1> <Delay = 0.28> <FuncUnit> <Opcode : 'and' 'or' 'xor'> <InPorts = 2> <OutPorts = 1>
ST_1 : Operation 509 [1/1] (0.00ns) (grouped into LUT with out node add_ln840_77)   --->   "%xor_ln1019_131 = xor i1 %xor_ln1019_130, i1 1"   --->   Operation 509 'xor' 'xor_ln1019_131' <Predicate = (!icmp_ln249)> <Delay = 0.00> <CoreInst = "LogicGate">   --->   Core 74 'LogicGate' <Latency = 0> <II = 1> <Delay = 0.28> <FuncUnit> <Opcode : 'and' 'or' 'xor'> <InPorts = 2> <OutPorts = 1>
ST_1 : Operation 510 [1/1] (0.00ns) (grouped into LUT with out node add_ln840_77)   --->   "%zext_ln1019_34 = zext i1 %xor_ln1019_131"   --->   Operation 510 'zext' 'zext_ln1019_34' <Predicate = (!icmp_ln249)> <Delay = 0.00>
ST_1 : Operation 511 [1/1] (0.00ns) (grouped into LUT with out node add_ln840_81)   --->   "%xor_ln1019_132 = xor i1 %p_Result_6, i1 %local_temp_V_66"   --->   Operation 511 'xor' 'xor_ln1019_132' <Predicate = (!icmp_ln249)> <Delay = 0.00> <CoreInst = "LogicGate">   --->   Core 74 'LogicGate' <Latency = 0> <II = 1> <Delay = 0.28> <FuncUnit> <Opcode : 'and' 'or' 'xor'> <InPorts = 2> <OutPorts = 1>
ST_1 : Operation 512 [1/1] (0.00ns) (grouped into LUT with out node add_ln840_81)   --->   "%xor_ln1019_133 = xor i1 %xor_ln1019_132, i1 1"   --->   Operation 512 'xor' 'xor_ln1019_133' <Predicate = (!icmp_ln249)> <Delay = 0.00> <CoreInst = "LogicGate">   --->   Core 74 'LogicGate' <Latency = 0> <II = 1> <Delay = 0.28> <FuncUnit> <Opcode : 'and' 'or' 'xor'> <InPorts = 2> <OutPorts = 1>
ST_1 : Operation 513 [1/1] (0.00ns) (grouped into LUT with out node add_ln840_81)   --->   "%zext_ln1019_35 = zext i1 %xor_ln1019_133"   --->   Operation 513 'zext' 'zext_ln1019_35' <Predicate = (!icmp_ln249)> <Delay = 0.00>
ST_1 : Operation 514 [1/1] (0.00ns) (grouped into LUT with out node add_ln840_78)   --->   "%xor_ln1019_134 = xor i1 %p_Result_7, i1 %local_temp_V_67"   --->   Operation 514 'xor' 'xor_ln1019_134' <Predicate = (!icmp_ln249)> <Delay = 0.00> <CoreInst = "LogicGate">   --->   Core 74 'LogicGate' <Latency = 0> <II = 1> <Delay = 0.28> <FuncUnit> <Opcode : 'and' 'or' 'xor'> <InPorts = 2> <OutPorts = 1>
ST_1 : Operation 515 [1/1] (0.00ns) (grouped into LUT with out node add_ln840_78)   --->   "%xor_ln1019_135 = xor i1 %xor_ln1019_134, i1 1"   --->   Operation 515 'xor' 'xor_ln1019_135' <Predicate = (!icmp_ln249)> <Delay = 0.00> <CoreInst = "LogicGate">   --->   Core 74 'LogicGate' <Latency = 0> <II = 1> <Delay = 0.28> <FuncUnit> <Opcode : 'and' 'or' 'xor'> <InPorts = 2> <OutPorts = 1>
ST_1 : Operation 516 [1/1] (0.00ns) (grouped into LUT with out node add_ln840_78)   --->   "%zext_ln1019_36 = zext i1 %xor_ln1019_135"   --->   Operation 516 'zext' 'zext_ln1019_36' <Predicate = (!icmp_ln249)> <Delay = 0.00>
ST_1 : Operation 517 [1/1] (0.00ns) (grouped into LUT with out node add_ln840_82)   --->   "%xor_ln1019_136 = xor i1 %p_Result_8, i1 %local_temp_V_68"   --->   Operation 517 'xor' 'xor_ln1019_136' <Predicate = (!icmp_ln249)> <Delay = 0.00> <CoreInst = "LogicGate">   --->   Core 74 'LogicGate' <Latency = 0> <II = 1> <Delay = 0.28> <FuncUnit> <Opcode : 'and' 'or' 'xor'> <InPorts = 2> <OutPorts = 1>
ST_1 : Operation 518 [1/1] (0.00ns) (grouped into LUT with out node add_ln840_82)   --->   "%xor_ln1019_137 = xor i1 %xor_ln1019_136, i1 1"   --->   Operation 518 'xor' 'xor_ln1019_137' <Predicate = (!icmp_ln249)> <Delay = 0.00> <CoreInst = "LogicGate">   --->   Core 74 'LogicGate' <Latency = 0> <II = 1> <Delay = 0.28> <FuncUnit> <Opcode : 'and' 'or' 'xor'> <InPorts = 2> <OutPorts = 1>
ST_1 : Operation 519 [1/1] (0.00ns) (grouped into LUT with out node add_ln840_82)   --->   "%zext_ln1019_37 = zext i1 %xor_ln1019_137"   --->   Operation 519 'zext' 'zext_ln1019_37' <Predicate = (!icmp_ln249)> <Delay = 0.00>
ST_1 : Operation 520 [1/1] (0.00ns) (grouped into LUT with out node add_ln840_81)   --->   "%xor_ln1019_138 = xor i1 %p_Result_9, i1 %local_temp_V_69"   --->   Operation 520 'xor' 'xor_ln1019_138' <Predicate = (!icmp_ln249)> <Delay = 0.00> <CoreInst = "LogicGate">   --->   Core 74 'LogicGate' <Latency = 0> <II = 1> <Delay = 0.28> <FuncUnit> <Opcode : 'and' 'or' 'xor'> <InPorts = 2> <OutPorts = 1>
ST_1 : Operation 521 [1/1] (0.00ns) (grouped into LUT with out node add_ln840_81)   --->   "%xor_ln1019_139 = xor i1 %xor_ln1019_138, i1 1"   --->   Operation 521 'xor' 'xor_ln1019_139' <Predicate = (!icmp_ln249)> <Delay = 0.00> <CoreInst = "LogicGate">   --->   Core 74 'LogicGate' <Latency = 0> <II = 1> <Delay = 0.28> <FuncUnit> <Opcode : 'and' 'or' 'xor'> <InPorts = 2> <OutPorts = 1>
ST_1 : Operation 522 [1/1] (0.00ns) (grouped into LUT with out node add_ln840_81)   --->   "%zext_ln1019_38 = zext i1 %xor_ln1019_139"   --->   Operation 522 'zext' 'zext_ln1019_38' <Predicate = (!icmp_ln249)> <Delay = 0.00>
ST_1 : Operation 523 [1/1] (0.00ns) (grouped into LUT with out node add_ln840_84)   --->   "%xor_ln1019_140 = xor i1 %p_Result_10, i1 %local_temp_V_70"   --->   Operation 523 'xor' 'xor_ln1019_140' <Predicate = (!icmp_ln249)> <Delay = 0.00> <CoreInst = "LogicGate">   --->   Core 74 'LogicGate' <Latency = 0> <II = 1> <Delay = 0.28> <FuncUnit> <Opcode : 'and' 'or' 'xor'> <InPorts = 2> <OutPorts = 1>
ST_1 : Operation 524 [1/1] (0.00ns) (grouped into LUT with out node add_ln840_84)   --->   "%xor_ln1019_141 = xor i1 %xor_ln1019_140, i1 1"   --->   Operation 524 'xor' 'xor_ln1019_141' <Predicate = (!icmp_ln249)> <Delay = 0.00> <CoreInst = "LogicGate">   --->   Core 74 'LogicGate' <Latency = 0> <II = 1> <Delay = 0.28> <FuncUnit> <Opcode : 'and' 'or' 'xor'> <InPorts = 2> <OutPorts = 1>
ST_1 : Operation 525 [1/1] (0.00ns) (grouped into LUT with out node add_ln840_84)   --->   "%zext_ln1019_39 = zext i1 %xor_ln1019_141"   --->   Operation 525 'zext' 'zext_ln1019_39' <Predicate = (!icmp_ln249)> <Delay = 0.00>
ST_1 : Operation 526 [1/1] (0.00ns) (grouped into LUT with out node add_ln840_82)   --->   "%xor_ln1019_142 = xor i1 %p_Result_11, i1 %local_temp_V_71"   --->   Operation 526 'xor' 'xor_ln1019_142' <Predicate = (!icmp_ln249)> <Delay = 0.00> <CoreInst = "LogicGate">   --->   Core 74 'LogicGate' <Latency = 0> <II = 1> <Delay = 0.28> <FuncUnit> <Opcode : 'and' 'or' 'xor'> <InPorts = 2> <OutPorts = 1>
ST_1 : Operation 527 [1/1] (0.00ns) (grouped into LUT with out node add_ln840_82)   --->   "%xor_ln1019_143 = xor i1 %xor_ln1019_142, i1 1"   --->   Operation 527 'xor' 'xor_ln1019_143' <Predicate = (!icmp_ln249)> <Delay = 0.00> <CoreInst = "LogicGate">   --->   Core 74 'LogicGate' <Latency = 0> <II = 1> <Delay = 0.28> <FuncUnit> <Opcode : 'and' 'or' 'xor'> <InPorts = 2> <OutPorts = 1>
ST_1 : Operation 528 [1/1] (0.00ns) (grouped into LUT with out node add_ln840_82)   --->   "%zext_ln1019_40 = zext i1 %xor_ln1019_143"   --->   Operation 528 'zext' 'zext_ln1019_40' <Predicate = (!icmp_ln249)> <Delay = 0.00>
ST_1 : Operation 529 [1/1] (0.00ns) (grouped into LUT with out node add_ln840_85)   --->   "%xor_ln1019_144 = xor i1 %p_Result_12, i1 %local_temp_V_72"   --->   Operation 529 'xor' 'xor_ln1019_144' <Predicate = (!icmp_ln249)> <Delay = 0.00> <CoreInst = "LogicGate">   --->   Core 74 'LogicGate' <Latency = 0> <II = 1> <Delay = 0.28> <FuncUnit> <Opcode : 'and' 'or' 'xor'> <InPorts = 2> <OutPorts = 1>
ST_1 : Operation 530 [1/1] (0.00ns) (grouped into LUT with out node add_ln840_85)   --->   "%xor_ln1019_145 = xor i1 %xor_ln1019_144, i1 1"   --->   Operation 530 'xor' 'xor_ln1019_145' <Predicate = (!icmp_ln249)> <Delay = 0.00> <CoreInst = "LogicGate">   --->   Core 74 'LogicGate' <Latency = 0> <II = 1> <Delay = 0.28> <FuncUnit> <Opcode : 'and' 'or' 'xor'> <InPorts = 2> <OutPorts = 1>
ST_1 : Operation 531 [1/1] (0.00ns) (grouped into LUT with out node add_ln840_85)   --->   "%zext_ln1019_41 = zext i1 %xor_ln1019_145"   --->   Operation 531 'zext' 'zext_ln1019_41' <Predicate = (!icmp_ln249)> <Delay = 0.00>
ST_1 : Operation 532 [1/1] (0.00ns) (grouped into LUT with out node add_ln840_84)   --->   "%xor_ln1019_146 = xor i1 %p_Result_13, i1 %local_temp_V_73"   --->   Operation 532 'xor' 'xor_ln1019_146' <Predicate = (!icmp_ln249)> <Delay = 0.00> <CoreInst = "LogicGate">   --->   Core 74 'LogicGate' <Latency = 0> <II = 1> <Delay = 0.28> <FuncUnit> <Opcode : 'and' 'or' 'xor'> <InPorts = 2> <OutPorts = 1>
ST_1 : Operation 533 [1/1] (0.00ns) (grouped into LUT with out node add_ln840_84)   --->   "%xor_ln1019_147 = xor i1 %xor_ln1019_146, i1 1"   --->   Operation 533 'xor' 'xor_ln1019_147' <Predicate = (!icmp_ln249)> <Delay = 0.00> <CoreInst = "LogicGate">   --->   Core 74 'LogicGate' <Latency = 0> <II = 1> <Delay = 0.28> <FuncUnit> <Opcode : 'and' 'or' 'xor'> <InPorts = 2> <OutPorts = 1>
ST_1 : Operation 534 [1/1] (0.00ns) (grouped into LUT with out node add_ln840_84)   --->   "%zext_ln1019_42 = zext i1 %xor_ln1019_147"   --->   Operation 534 'zext' 'zext_ln1019_42' <Predicate = (!icmp_ln249)> <Delay = 0.00>
ST_1 : Operation 535 [1/1] (0.00ns) (grouped into LUT with out node add_ln840_67)   --->   "%xor_ln1019_148 = xor i1 %p_Result_14, i1 %local_temp_V_74"   --->   Operation 535 'xor' 'xor_ln1019_148' <Predicate = (!icmp_ln249)> <Delay = 0.00> <CoreInst = "LogicGate">   --->   Core 74 'LogicGate' <Latency = 0> <II = 1> <Delay = 0.28> <FuncUnit> <Opcode : 'and' 'or' 'xor'> <InPorts = 2> <OutPorts = 1>
ST_1 : Operation 536 [1/1] (0.00ns) (grouped into LUT with out node add_ln840_67)   --->   "%xor_ln1019_149 = xor i1 %xor_ln1019_148, i1 1"   --->   Operation 536 'xor' 'xor_ln1019_149' <Predicate = (!icmp_ln249)> <Delay = 0.00> <CoreInst = "LogicGate">   --->   Core 74 'LogicGate' <Latency = 0> <II = 1> <Delay = 0.28> <FuncUnit> <Opcode : 'and' 'or' 'xor'> <InPorts = 2> <OutPorts = 1>
ST_1 : Operation 537 [1/1] (0.00ns) (grouped into LUT with out node add_ln840_67)   --->   "%zext_ln1019_43 = zext i1 %xor_ln1019_149"   --->   Operation 537 'zext' 'zext_ln1019_43' <Predicate = (!icmp_ln249)> <Delay = 0.00>
ST_1 : Operation 538 [1/1] (0.00ns) (grouped into LUT with out node add_ln840_69)   --->   "%xor_ln1019_150 = xor i1 %p_Result_15, i1 %local_temp_V_75"   --->   Operation 538 'xor' 'xor_ln1019_150' <Predicate = (!icmp_ln249)> <Delay = 0.00> <CoreInst = "LogicGate">   --->   Core 74 'LogicGate' <Latency = 0> <II = 1> <Delay = 0.28> <FuncUnit> <Opcode : 'and' 'or' 'xor'> <InPorts = 2> <OutPorts = 1>
ST_1 : Operation 539 [1/1] (0.00ns) (grouped into LUT with out node add_ln840_69)   --->   "%xor_ln1019_151 = xor i1 %xor_ln1019_150, i1 1"   --->   Operation 539 'xor' 'xor_ln1019_151' <Predicate = (!icmp_ln249)> <Delay = 0.00> <CoreInst = "LogicGate">   --->   Core 74 'LogicGate' <Latency = 0> <II = 1> <Delay = 0.28> <FuncUnit> <Opcode : 'and' 'or' 'xor'> <InPorts = 2> <OutPorts = 1>
ST_1 : Operation 540 [1/1] (0.00ns) (grouped into LUT with out node add_ln840_69)   --->   "%zext_ln1019_44 = zext i1 %xor_ln1019_151"   --->   Operation 540 'zext' 'zext_ln1019_44' <Predicate = (!icmp_ln249)> <Delay = 0.00>
ST_1 : Operation 541 [1/1] (0.00ns) (grouped into LUT with out node add_ln840_67)   --->   "%xor_ln1019_152 = xor i1 %p_Result_16, i1 %local_temp_V_76"   --->   Operation 541 'xor' 'xor_ln1019_152' <Predicate = (!icmp_ln249)> <Delay = 0.00> <CoreInst = "LogicGate">   --->   Core 74 'LogicGate' <Latency = 0> <II = 1> <Delay = 0.28> <FuncUnit> <Opcode : 'and' 'or' 'xor'> <InPorts = 2> <OutPorts = 1>
ST_1 : Operation 542 [1/1] (0.00ns) (grouped into LUT with out node add_ln840_67)   --->   "%xor_ln1019_153 = xor i1 %xor_ln1019_152, i1 1"   --->   Operation 542 'xor' 'xor_ln1019_153' <Predicate = (!icmp_ln249)> <Delay = 0.00> <CoreInst = "LogicGate">   --->   Core 74 'LogicGate' <Latency = 0> <II = 1> <Delay = 0.28> <FuncUnit> <Opcode : 'and' 'or' 'xor'> <InPorts = 2> <OutPorts = 1>
ST_1 : Operation 543 [1/1] (0.00ns) (grouped into LUT with out node add_ln840_67)   --->   "%zext_ln1019_45 = zext i1 %xor_ln1019_153"   --->   Operation 543 'zext' 'zext_ln1019_45' <Predicate = (!icmp_ln249)> <Delay = 0.00>
ST_1 : Operation 544 [1/1] (0.00ns) (grouped into LUT with out node add_ln840_70)   --->   "%xor_ln1019_154 = xor i1 %p_Result_17, i1 %local_temp_V_77"   --->   Operation 544 'xor' 'xor_ln1019_154' <Predicate = (!icmp_ln249)> <Delay = 0.00> <CoreInst = "LogicGate">   --->   Core 74 'LogicGate' <Latency = 0> <II = 1> <Delay = 0.28> <FuncUnit> <Opcode : 'and' 'or' 'xor'> <InPorts = 2> <OutPorts = 1>
ST_1 : Operation 545 [1/1] (0.00ns) (grouped into LUT with out node add_ln840_70)   --->   "%xor_ln1019_155 = xor i1 %xor_ln1019_154, i1 1"   --->   Operation 545 'xor' 'xor_ln1019_155' <Predicate = (!icmp_ln249)> <Delay = 0.00> <CoreInst = "LogicGate">   --->   Core 74 'LogicGate' <Latency = 0> <II = 1> <Delay = 0.28> <FuncUnit> <Opcode : 'and' 'or' 'xor'> <InPorts = 2> <OutPorts = 1>
ST_1 : Operation 546 [1/1] (0.00ns) (grouped into LUT with out node add_ln840_70)   --->   "%zext_ln1019_46 = zext i1 %xor_ln1019_155"   --->   Operation 546 'zext' 'zext_ln1019_46' <Predicate = (!icmp_ln249)> <Delay = 0.00>
ST_1 : Operation 547 [1/1] (0.00ns) (grouped into LUT with out node add_ln840_69)   --->   "%xor_ln1019_156 = xor i1 %p_Result_18, i1 %local_temp_V_78"   --->   Operation 547 'xor' 'xor_ln1019_156' <Predicate = (!icmp_ln249)> <Delay = 0.00> <CoreInst = "LogicGate">   --->   Core 74 'LogicGate' <Latency = 0> <II = 1> <Delay = 0.28> <FuncUnit> <Opcode : 'and' 'or' 'xor'> <InPorts = 2> <OutPorts = 1>
ST_1 : Operation 548 [1/1] (0.00ns) (grouped into LUT with out node add_ln840_69)   --->   "%xor_ln1019_157 = xor i1 %xor_ln1019_156, i1 1"   --->   Operation 548 'xor' 'xor_ln1019_157' <Predicate = (!icmp_ln249)> <Delay = 0.00> <CoreInst = "LogicGate">   --->   Core 74 'LogicGate' <Latency = 0> <II = 1> <Delay = 0.28> <FuncUnit> <Opcode : 'and' 'or' 'xor'> <InPorts = 2> <OutPorts = 1>
ST_1 : Operation 549 [1/1] (0.00ns) (grouped into LUT with out node add_ln840_69)   --->   "%zext_ln1019_47 = zext i1 %xor_ln1019_157"   --->   Operation 549 'zext' 'zext_ln1019_47' <Predicate = (!icmp_ln249)> <Delay = 0.00>
ST_1 : Operation 550 [1/1] (0.00ns) (grouped into LUT with out node add_ln840_74)   --->   "%xor_ln1019_158 = xor i1 %p_Result_19, i1 %local_temp_V_79"   --->   Operation 550 'xor' 'xor_ln1019_158' <Predicate = (!icmp_ln249)> <Delay = 0.00> <CoreInst = "LogicGate">   --->   Core 74 'LogicGate' <Latency = 0> <II = 1> <Delay = 0.28> <FuncUnit> <Opcode : 'and' 'or' 'xor'> <InPorts = 2> <OutPorts = 1>
ST_1 : Operation 551 [1/1] (0.00ns) (grouped into LUT with out node add_ln840_74)   --->   "%xor_ln1019_159 = xor i1 %xor_ln1019_158, i1 1"   --->   Operation 551 'xor' 'xor_ln1019_159' <Predicate = (!icmp_ln249)> <Delay = 0.00> <CoreInst = "LogicGate">   --->   Core 74 'LogicGate' <Latency = 0> <II = 1> <Delay = 0.28> <FuncUnit> <Opcode : 'and' 'or' 'xor'> <InPorts = 2> <OutPorts = 1>
ST_1 : Operation 552 [1/1] (0.00ns) (grouped into LUT with out node add_ln840_74)   --->   "%zext_ln1019_48 = zext i1 %xor_ln1019_159"   --->   Operation 552 'zext' 'zext_ln1019_48' <Predicate = (!icmp_ln249)> <Delay = 0.00>
ST_1 : Operation 553 [1/1] (0.00ns) (grouped into LUT with out node add_ln840_70)   --->   "%xor_ln1019_160 = xor i1 %p_Result_20, i1 %local_temp_V_80"   --->   Operation 553 'xor' 'xor_ln1019_160' <Predicate = (!icmp_ln249)> <Delay = 0.00> <CoreInst = "LogicGate">   --->   Core 74 'LogicGate' <Latency = 0> <II = 1> <Delay = 0.28> <FuncUnit> <Opcode : 'and' 'or' 'xor'> <InPorts = 2> <OutPorts = 1>
ST_1 : Operation 554 [1/1] (0.00ns) (grouped into LUT with out node add_ln840_70)   --->   "%xor_ln1019_161 = xor i1 %xor_ln1019_160, i1 1"   --->   Operation 554 'xor' 'xor_ln1019_161' <Predicate = (!icmp_ln249)> <Delay = 0.00> <CoreInst = "LogicGate">   --->   Core 74 'LogicGate' <Latency = 0> <II = 1> <Delay = 0.28> <FuncUnit> <Opcode : 'and' 'or' 'xor'> <InPorts = 2> <OutPorts = 1>
ST_1 : Operation 555 [1/1] (0.00ns) (grouped into LUT with out node add_ln840_70)   --->   "%zext_ln1019_49 = zext i1 %xor_ln1019_161"   --->   Operation 555 'zext' 'zext_ln1019_49' <Predicate = (!icmp_ln249)> <Delay = 0.00>
ST_1 : Operation 556 [1/1] (0.00ns) (grouped into LUT with out node add_ln840_63)   --->   "%xor_ln1019_162 = xor i1 %p_Result_21, i1 %local_temp_V_81"   --->   Operation 556 'xor' 'xor_ln1019_162' <Predicate = (!icmp_ln249)> <Delay = 0.00> <CoreInst = "LogicGate">   --->   Core 74 'LogicGate' <Latency = 0> <II = 1> <Delay = 0.28> <FuncUnit> <Opcode : 'and' 'or' 'xor'> <InPorts = 2> <OutPorts = 1>
ST_1 : Operation 557 [1/1] (0.00ns) (grouped into LUT with out node add_ln840_63)   --->   "%xor_ln1019_163 = xor i1 %xor_ln1019_162, i1 1"   --->   Operation 557 'xor' 'xor_ln1019_163' <Predicate = (!icmp_ln249)> <Delay = 0.00> <CoreInst = "LogicGate">   --->   Core 74 'LogicGate' <Latency = 0> <II = 1> <Delay = 0.28> <FuncUnit> <Opcode : 'and' 'or' 'xor'> <InPorts = 2> <OutPorts = 1>
ST_1 : Operation 558 [1/1] (0.00ns) (grouped into LUT with out node add_ln840_63)   --->   "%zext_ln1019_50 = zext i1 %xor_ln1019_163"   --->   Operation 558 'zext' 'zext_ln1019_50' <Predicate = (!icmp_ln249)> <Delay = 0.00>
ST_1 : Operation 559 [1/1] (0.00ns) (grouped into LUT with out node add_ln840_63)   --->   "%xor_ln1019_164 = xor i1 %p_Result_22, i1 %local_temp_V_82"   --->   Operation 559 'xor' 'xor_ln1019_164' <Predicate = (!icmp_ln249)> <Delay = 0.00> <CoreInst = "LogicGate">   --->   Core 74 'LogicGate' <Latency = 0> <II = 1> <Delay = 0.28> <FuncUnit> <Opcode : 'and' 'or' 'xor'> <InPorts = 2> <OutPorts = 1>
ST_1 : Operation 560 [1/1] (0.00ns) (grouped into LUT with out node add_ln840_63)   --->   "%xor_ln1019_165 = xor i1 %xor_ln1019_164, i1 1"   --->   Operation 560 'xor' 'xor_ln1019_165' <Predicate = (!icmp_ln249)> <Delay = 0.00> <CoreInst = "LogicGate">   --->   Core 74 'LogicGate' <Latency = 0> <II = 1> <Delay = 0.28> <FuncUnit> <Opcode : 'and' 'or' 'xor'> <InPorts = 2> <OutPorts = 1>
ST_1 : Operation 561 [1/1] (0.00ns) (grouped into LUT with out node add_ln840_63)   --->   "%zext_ln1019_51 = zext i1 %xor_ln1019_165"   --->   Operation 561 'zext' 'zext_ln1019_51' <Predicate = (!icmp_ln249)> <Delay = 0.00>
ST_1 : Operation 562 [1/1] (0.00ns) (grouped into LUT with out node add_ln840_66)   --->   "%xor_ln1019_166 = xor i1 %p_Result_23, i1 %local_temp_V_83"   --->   Operation 562 'xor' 'xor_ln1019_166' <Predicate = (!icmp_ln249)> <Delay = 0.00> <CoreInst = "LogicGate">   --->   Core 74 'LogicGate' <Latency = 0> <II = 1> <Delay = 0.28> <FuncUnit> <Opcode : 'and' 'or' 'xor'> <InPorts = 2> <OutPorts = 1>
ST_1 : Operation 563 [1/1] (0.00ns) (grouped into LUT with out node add_ln840_66)   --->   "%xor_ln1019_167 = xor i1 %xor_ln1019_166, i1 1"   --->   Operation 563 'xor' 'xor_ln1019_167' <Predicate = (!icmp_ln249)> <Delay = 0.00> <CoreInst = "LogicGate">   --->   Core 74 'LogicGate' <Latency = 0> <II = 1> <Delay = 0.28> <FuncUnit> <Opcode : 'and' 'or' 'xor'> <InPorts = 2> <OutPorts = 1>
ST_1 : Operation 564 [1/1] (0.00ns) (grouped into LUT with out node add_ln840_66)   --->   "%zext_ln1019_52 = zext i1 %xor_ln1019_167"   --->   Operation 564 'zext' 'zext_ln1019_52' <Predicate = (!icmp_ln249)> <Delay = 0.00>
ST_1 : Operation 565 [1/1] (0.00ns) (grouped into LUT with out node add_ln840_66)   --->   "%xor_ln1019_168 = xor i1 %p_Result_24, i1 %local_temp_V_84"   --->   Operation 565 'xor' 'xor_ln1019_168' <Predicate = (!icmp_ln249)> <Delay = 0.00> <CoreInst = "LogicGate">   --->   Core 74 'LogicGate' <Latency = 0> <II = 1> <Delay = 0.28> <FuncUnit> <Opcode : 'and' 'or' 'xor'> <InPorts = 2> <OutPorts = 1>
ST_1 : Operation 566 [1/1] (0.00ns) (grouped into LUT with out node add_ln840_66)   --->   "%xor_ln1019_169 = xor i1 %xor_ln1019_168, i1 1"   --->   Operation 566 'xor' 'xor_ln1019_169' <Predicate = (!icmp_ln249)> <Delay = 0.00> <CoreInst = "LogicGate">   --->   Core 74 'LogicGate' <Latency = 0> <II = 1> <Delay = 0.28> <FuncUnit> <Opcode : 'and' 'or' 'xor'> <InPorts = 2> <OutPorts = 1>
ST_1 : Operation 567 [1/1] (0.00ns) (grouped into LUT with out node add_ln840_66)   --->   "%zext_ln1019_53 = zext i1 %xor_ln1019_169"   --->   Operation 567 'zext' 'zext_ln1019_53' <Predicate = (!icmp_ln249)> <Delay = 0.00>
ST_1 : Operation 568 [1/1] (0.00ns) (grouped into LUT with out node add_ln840_62)   --->   "%xor_ln1019_170 = xor i1 %p_Result_25, i1 %local_temp_V_85"   --->   Operation 568 'xor' 'xor_ln1019_170' <Predicate = (!icmp_ln249)> <Delay = 0.00> <CoreInst = "LogicGate">   --->   Core 74 'LogicGate' <Latency = 0> <II = 1> <Delay = 0.28> <FuncUnit> <Opcode : 'and' 'or' 'xor'> <InPorts = 2> <OutPorts = 1>
ST_1 : Operation 569 [1/1] (0.00ns) (grouped into LUT with out node add_ln840_62)   --->   "%xor_ln1019_171 = xor i1 %xor_ln1019_170, i1 1"   --->   Operation 569 'xor' 'xor_ln1019_171' <Predicate = (!icmp_ln249)> <Delay = 0.00> <CoreInst = "LogicGate">   --->   Core 74 'LogicGate' <Latency = 0> <II = 1> <Delay = 0.28> <FuncUnit> <Opcode : 'and' 'or' 'xor'> <InPorts = 2> <OutPorts = 1>
ST_1 : Operation 570 [1/1] (0.00ns) (grouped into LUT with out node add_ln840_62)   --->   "%zext_ln1019_54 = zext i1 %xor_ln1019_171"   --->   Operation 570 'zext' 'zext_ln1019_54' <Predicate = (!icmp_ln249)> <Delay = 0.00>
ST_1 : Operation 571 [1/1] (0.00ns) (grouped into LUT with out node add_ln840_62)   --->   "%xor_ln1019_172 = xor i1 %p_Result_26, i1 %local_temp_V_86"   --->   Operation 571 'xor' 'xor_ln1019_172' <Predicate = (!icmp_ln249)> <Delay = 0.00> <CoreInst = "LogicGate">   --->   Core 74 'LogicGate' <Latency = 0> <II = 1> <Delay = 0.28> <FuncUnit> <Opcode : 'and' 'or' 'xor'> <InPorts = 2> <OutPorts = 1>
ST_1 : Operation 572 [1/1] (0.00ns) (grouped into LUT with out node add_ln840_62)   --->   "%xor_ln1019_173 = xor i1 %xor_ln1019_172, i1 1"   --->   Operation 572 'xor' 'xor_ln1019_173' <Predicate = (!icmp_ln249)> <Delay = 0.00> <CoreInst = "LogicGate">   --->   Core 74 'LogicGate' <Latency = 0> <II = 1> <Delay = 0.28> <FuncUnit> <Opcode : 'and' 'or' 'xor'> <InPorts = 2> <OutPorts = 1>
ST_1 : Operation 573 [1/1] (0.00ns) (grouped into LUT with out node add_ln840_62)   --->   "%zext_ln1019_55 = zext i1 %xor_ln1019_173"   --->   Operation 573 'zext' 'zext_ln1019_55' <Predicate = (!icmp_ln249)> <Delay = 0.00>
ST_1 : Operation 574 [1/1] (0.00ns) (grouped into LUT with out node add_ln840_60)   --->   "%xor_ln1019_174 = xor i1 %p_Result_27, i1 %local_temp_V_87"   --->   Operation 574 'xor' 'xor_ln1019_174' <Predicate = (!icmp_ln249)> <Delay = 0.00> <CoreInst = "LogicGate">   --->   Core 74 'LogicGate' <Latency = 0> <II = 1> <Delay = 0.28> <FuncUnit> <Opcode : 'and' 'or' 'xor'> <InPorts = 2> <OutPorts = 1>
ST_1 : Operation 575 [1/1] (0.00ns) (grouped into LUT with out node add_ln840_60)   --->   "%xor_ln1019_175 = xor i1 %xor_ln1019_174, i1 1"   --->   Operation 575 'xor' 'xor_ln1019_175' <Predicate = (!icmp_ln249)> <Delay = 0.00> <CoreInst = "LogicGate">   --->   Core 74 'LogicGate' <Latency = 0> <II = 1> <Delay = 0.28> <FuncUnit> <Opcode : 'and' 'or' 'xor'> <InPorts = 2> <OutPorts = 1>
ST_1 : Operation 576 [1/1] (0.00ns) (grouped into LUT with out node add_ln840_60)   --->   "%zext_ln1019_56 = zext i1 %xor_ln1019_175"   --->   Operation 576 'zext' 'zext_ln1019_56' <Predicate = (!icmp_ln249)> <Delay = 0.00>
ST_1 : Operation 577 [1/1] (0.00ns) (grouped into LUT with out node add_ln840_60)   --->   "%xor_ln1019_176 = xor i1 %p_Result_28, i1 %local_temp_V_88"   --->   Operation 577 'xor' 'xor_ln1019_176' <Predicate = (!icmp_ln249)> <Delay = 0.00> <CoreInst = "LogicGate">   --->   Core 74 'LogicGate' <Latency = 0> <II = 1> <Delay = 0.28> <FuncUnit> <Opcode : 'and' 'or' 'xor'> <InPorts = 2> <OutPorts = 1>
ST_1 : Operation 578 [1/1] (0.00ns) (grouped into LUT with out node add_ln840_60)   --->   "%xor_ln1019_177 = xor i1 %xor_ln1019_176, i1 1"   --->   Operation 578 'xor' 'xor_ln1019_177' <Predicate = (!icmp_ln249)> <Delay = 0.00> <CoreInst = "LogicGate">   --->   Core 74 'LogicGate' <Latency = 0> <II = 1> <Delay = 0.28> <FuncUnit> <Opcode : 'and' 'or' 'xor'> <InPorts = 2> <OutPorts = 1>
ST_1 : Operation 579 [1/1] (0.00ns) (grouped into LUT with out node add_ln840_60)   --->   "%zext_ln1019_57 = zext i1 %xor_ln1019_177"   --->   Operation 579 'zext' 'zext_ln1019_57' <Predicate = (!icmp_ln249)> <Delay = 0.00>
ST_1 : Operation 580 [1/1] (0.00ns) (grouped into LUT with out node add_ln840_85)   --->   "%xor_ln1019_178 = xor i1 %p_Result_29, i1 %local_temp_V_89"   --->   Operation 580 'xor' 'xor_ln1019_178' <Predicate = (!icmp_ln249)> <Delay = 0.00> <CoreInst = "LogicGate">   --->   Core 74 'LogicGate' <Latency = 0> <II = 1> <Delay = 0.28> <FuncUnit> <Opcode : 'and' 'or' 'xor'> <InPorts = 2> <OutPorts = 1>
ST_1 : Operation 581 [1/1] (0.00ns) (grouped into LUT with out node add_ln840_85)   --->   "%xor_ln1019_179 = xor i1 %xor_ln1019_178, i1 1"   --->   Operation 581 'xor' 'xor_ln1019_179' <Predicate = (!icmp_ln249)> <Delay = 0.00> <CoreInst = "LogicGate">   --->   Core 74 'LogicGate' <Latency = 0> <II = 1> <Delay = 0.28> <FuncUnit> <Opcode : 'and' 'or' 'xor'> <InPorts = 2> <OutPorts = 1>
ST_1 : Operation 582 [1/1] (0.00ns) (grouped into LUT with out node add_ln840_85)   --->   "%zext_ln840_54 = zext i1 %xor_ln1019_179"   --->   Operation 582 'zext' 'zext_ln840_54' <Predicate = (!icmp_ln249)> <Delay = 0.00>
ST_1 : Operation 583 [1/1] (0.54ns) (out node of the LUT)   --->   "%add_ln840_60 = add i2 %zext_ln1019_56, i2 %zext_ln1019_57"   --->   Operation 583 'add' 'add_ln840_60' <Predicate = (!icmp_ln249)> <Delay = 0.54> <CoreInst = "Adder">   --->   Core 1 'Adder' <Latency = 0> <II = 1> <Delay = 0.54> <FuncUnit> <Opcode : 'add' 'sub'> <InPorts = 2> <OutPorts = 1>
ST_1 : Operation 584 [1/1] (0.00ns)   --->   "%zext_ln840_55 = zext i2 %add_ln840_60"   --->   Operation 584 'zext' 'zext_ln840_55' <Predicate = (!icmp_ln249)> <Delay = 0.00>
ST_1 : Operation 585 [1/1] (0.00ns) (grouped into TernaryAdder)   --->   "%add_ln840_61 = add i8 %zext_ln840_55, i8 %select_ln272_5"   --->   Operation 585 'add' 'add_ln840_61' <Predicate = (!icmp_ln249)> <Delay = 0.00> <CoreInst = "TAddSub">   --->   Core 10 'TAddSub' <Latency = 0> <II = 1> <Delay = 0.52> <IPBlock> <Opcode : 'add' 'sub'> <InPorts = 3> <OutPorts = 1> <Sync> <CReg>
ST_1 : Operation 586 [1/1] (0.54ns) (out node of the LUT)   --->   "%add_ln840_62 = add i2 %zext_ln1019_55, i2 %zext_ln1019_54"   --->   Operation 586 'add' 'add_ln840_62' <Predicate = (!icmp_ln249)> <Delay = 0.54> <CoreInst = "Adder">   --->   Core 1 'Adder' <Latency = 0> <II = 1> <Delay = 0.54> <FuncUnit> <Opcode : 'add' 'sub'> <InPorts = 2> <OutPorts = 1>
ST_1 : Operation 587 [1/1] (0.00ns)   --->   "%zext_ln840_56 = zext i2 %add_ln840_62"   --->   Operation 587 'zext' 'zext_ln840_56' <Predicate = (!icmp_ln249)> <Delay = 0.00>
ST_1 : Operation 588 [1/1] (0.54ns) (out node of the LUT)   --->   "%add_ln840_63 = add i2 %zext_ln1019_51, i2 %zext_ln1019_50"   --->   Operation 588 'add' 'add_ln840_63' <Predicate = (!icmp_ln249)> <Delay = 0.54> <CoreInst = "Adder">   --->   Core 1 'Adder' <Latency = 0> <II = 1> <Delay = 0.54> <FuncUnit> <Opcode : 'add' 'sub'> <InPorts = 2> <OutPorts = 1>
ST_1 : Operation 589 [1/1] (0.00ns)   --->   "%zext_ln840_57 = zext i2 %add_ln840_63"   --->   Operation 589 'zext' 'zext_ln840_57' <Predicate = (!icmp_ln249)> <Delay = 0.00>
ST_1 : Operation 590 [1/1] (0.54ns)   --->   "%add_ln840_64 = add i3 %zext_ln840_57, i3 %zext_ln840_56"   --->   Operation 590 'add' 'add_ln840_64' <Predicate = (!icmp_ln249)> <Delay = 0.54> <CoreInst = "Adder">   --->   Core 1 'Adder' <Latency = 0> <II = 1> <Delay = 0.54> <FuncUnit> <Opcode : 'add' 'sub'> <InPorts = 2> <OutPorts = 1>
ST_1 : Operation 591 [1/1] (0.00ns)   --->   "%zext_ln840_58 = zext i3 %add_ln840_64"   --->   Operation 591 'zext' 'zext_ln840_58' <Predicate = (!icmp_ln249)> <Delay = 0.00>
ST_1 : Operation 592 [1/1] (1.05ns) (root node of TernaryAdder)   --->   "%add_ln840_65 = add i8 %zext_ln840_58, i8 %add_ln840_61"   --->   Operation 592 'add' 'add_ln840_65' <Predicate = (!icmp_ln249)> <Delay = 1.05> <CoreInst = "TAddSub">   --->   Core 10 'TAddSub' <Latency = 0> <II = 1> <Delay = 0.52> <IPBlock> <Opcode : 'add' 'sub'> <InPorts = 3> <OutPorts = 1> <Sync> <CReg>
ST_1 : Operation 593 [1/1] (0.54ns) (out node of the LUT)   --->   "%add_ln840_66 = add i2 %zext_ln1019_53, i2 %zext_ln1019_52"   --->   Operation 593 'add' 'add_ln840_66' <Predicate = (!icmp_ln249)> <Delay = 0.54> <CoreInst = "Adder">   --->   Core 1 'Adder' <Latency = 0> <II = 1> <Delay = 0.54> <FuncUnit> <Opcode : 'add' 'sub'> <InPorts = 2> <OutPorts = 1>
ST_1 : Operation 594 [1/1] (0.00ns)   --->   "%zext_ln840_59 = zext i2 %add_ln840_66"   --->   Operation 594 'zext' 'zext_ln840_59' <Predicate = (!icmp_ln249)> <Delay = 0.00>
ST_1 : Operation 595 [1/1] (0.54ns) (out node of the LUT)   --->   "%add_ln840_67 = add i2 %zext_ln1019_43, i2 %zext_ln1019_45"   --->   Operation 595 'add' 'add_ln840_67' <Predicate = (!icmp_ln249)> <Delay = 0.54> <CoreInst = "Adder">   --->   Core 1 'Adder' <Latency = 0> <II = 1> <Delay = 0.54> <FuncUnit> <Opcode : 'add' 'sub'> <InPorts = 2> <OutPorts = 1>
ST_1 : Operation 596 [1/1] (0.00ns)   --->   "%zext_ln840_60 = zext i2 %add_ln840_67"   --->   Operation 596 'zext' 'zext_ln840_60' <Predicate = (!icmp_ln249)> <Delay = 0.00>
ST_1 : Operation 597 [1/1] (0.54ns)   --->   "%add_ln840_68 = add i3 %zext_ln840_60, i3 %zext_ln840_59"   --->   Operation 597 'add' 'add_ln840_68' <Predicate = (!icmp_ln249)> <Delay = 0.54> <CoreInst = "Adder">   --->   Core 1 'Adder' <Latency = 0> <II = 1> <Delay = 0.54> <FuncUnit> <Opcode : 'add' 'sub'> <InPorts = 2> <OutPorts = 1>
ST_1 : Operation 598 [1/1] (0.00ns)   --->   "%zext_ln840_61 = zext i3 %add_ln840_68"   --->   Operation 598 'zext' 'zext_ln840_61' <Predicate = (!icmp_ln249)> <Delay = 0.00>
ST_1 : Operation 599 [1/1] (0.54ns) (out node of the LUT)   --->   "%add_ln840_69 = add i2 %zext_ln1019_44, i2 %zext_ln1019_47"   --->   Operation 599 'add' 'add_ln840_69' <Predicate = (!icmp_ln249)> <Delay = 0.54> <CoreInst = "Adder">   --->   Core 1 'Adder' <Latency = 0> <II = 1> <Delay = 0.54> <FuncUnit> <Opcode : 'add' 'sub'> <InPorts = 2> <OutPorts = 1>
ST_1 : Operation 600 [1/1] (0.00ns)   --->   "%zext_ln840_62 = zext i2 %add_ln840_69"   --->   Operation 600 'zext' 'zext_ln840_62' <Predicate = (!icmp_ln249)> <Delay = 0.00>
ST_1 : Operation 601 [1/1] (0.54ns) (out node of the LUT)   --->   "%add_ln840_70 = add i2 %zext_ln1019_46, i2 %zext_ln1019_49"   --->   Operation 601 'add' 'add_ln840_70' <Predicate = (!icmp_ln249)> <Delay = 0.54> <CoreInst = "Adder">   --->   Core 1 'Adder' <Latency = 0> <II = 1> <Delay = 0.54> <FuncUnit> <Opcode : 'add' 'sub'> <InPorts = 2> <OutPorts = 1>
ST_1 : Operation 602 [1/1] (0.00ns)   --->   "%zext_ln840_63 = zext i2 %add_ln840_70"   --->   Operation 602 'zext' 'zext_ln840_63' <Predicate = (!icmp_ln249)> <Delay = 0.00>
ST_1 : Operation 603 [1/1] (0.54ns)   --->   "%add_ln840_71 = add i3 %zext_ln840_63, i3 %zext_ln840_62"   --->   Operation 603 'add' 'add_ln840_71' <Predicate = (!icmp_ln249)> <Delay = 0.54> <CoreInst = "Adder">   --->   Core 1 'Adder' <Latency = 0> <II = 1> <Delay = 0.54> <FuncUnit> <Opcode : 'add' 'sub'> <InPorts = 2> <OutPorts = 1>
ST_1 : Operation 604 [1/1] (0.00ns)   --->   "%zext_ln840_64 = zext i3 %add_ln840_71"   --->   Operation 604 'zext' 'zext_ln840_64' <Predicate = (!icmp_ln249)> <Delay = 0.00>
ST_1 : Operation 605 [1/1] (0.67ns)   --->   "%add_ln840_72 = add i4 %zext_ln840_64, i4 %zext_ln840_61"   --->   Operation 605 'add' 'add_ln840_72' <Predicate = (!icmp_ln249)> <Delay = 0.67> <CoreInst = "Adder">   --->   Core 1 'Adder' <Latency = 0> <II = 1> <Delay = 0.67> <FuncUnit> <Opcode : 'add' 'sub'> <InPorts = 2> <OutPorts = 1>
ST_1 : Operation 606 [1/1] (0.00ns)   --->   "%zext_ln840_65 = zext i4 %add_ln840_72"   --->   Operation 606 'zext' 'zext_ln840_65' <Predicate = (!icmp_ln249)> <Delay = 0.00>
ST_1 : Operation 607 [1/1] (0.00ns) (grouped into TernaryAdder)   --->   "%add_ln840_73 = add i8 %zext_ln840_65, i8 %add_ln840_65"   --->   Operation 607 'add' 'add_ln840_73' <Predicate = (!icmp_ln249)> <Delay = 0.00> <CoreInst = "TAddSub">   --->   Core 10 'TAddSub' <Latency = 0> <II = 1> <Delay = 0.52> <IPBlock> <Opcode : 'add' 'sub'> <InPorts = 3> <OutPorts = 1> <Sync> <CReg>
ST_1 : Operation 608 [1/1] (0.54ns) (out node of the LUT)   --->   "%add_ln840_74 = add i2 %zext_ln1019_48, i2 %zext_ln1019_30"   --->   Operation 608 'add' 'add_ln840_74' <Predicate = (!icmp_ln249)> <Delay = 0.54> <CoreInst = "Adder">   --->   Core 1 'Adder' <Latency = 0> <II = 1> <Delay = 0.54> <FuncUnit> <Opcode : 'add' 'sub'> <InPorts = 2> <OutPorts = 1>
ST_1 : Operation 609 [1/1] (0.00ns)   --->   "%zext_ln840_66 = zext i2 %add_ln840_74"   --->   Operation 609 'zext' 'zext_ln840_66' <Predicate = (!icmp_ln249)> <Delay = 0.00>
ST_1 : Operation 610 [1/1] (0.54ns) (out node of the LUT)   --->   "%add_ln840_75 = add i2 %zext_ln1019_29, i2 %zext_ln1019_32"   --->   Operation 610 'add' 'add_ln840_75' <Predicate = (!icmp_ln249)> <Delay = 0.54> <CoreInst = "Adder">   --->   Core 1 'Adder' <Latency = 0> <II = 1> <Delay = 0.54> <FuncUnit> <Opcode : 'add' 'sub'> <InPorts = 2> <OutPorts = 1>
ST_1 : Operation 611 [1/1] (0.00ns)   --->   "%zext_ln840_67 = zext i2 %add_ln840_75"   --->   Operation 611 'zext' 'zext_ln840_67' <Predicate = (!icmp_ln249)> <Delay = 0.00>
ST_1 : Operation 612 [1/1] (0.54ns)   --->   "%add_ln840_76 = add i3 %zext_ln840_67, i3 %zext_ln840_66"   --->   Operation 612 'add' 'add_ln840_76' <Predicate = (!icmp_ln249)> <Delay = 0.54> <CoreInst = "Adder">   --->   Core 1 'Adder' <Latency = 0> <II = 1> <Delay = 0.54> <FuncUnit> <Opcode : 'add' 'sub'> <InPorts = 2> <OutPorts = 1>
ST_1 : Operation 613 [1/1] (0.00ns)   --->   "%zext_ln840_68 = zext i3 %add_ln840_76"   --->   Operation 613 'zext' 'zext_ln840_68' <Predicate = (!icmp_ln249)> <Delay = 0.00>
ST_1 : Operation 614 [1/1] (0.54ns) (out node of the LUT)   --->   "%add_ln840_77 = add i2 %zext_ln1019_31, i2 %zext_ln1019_34"   --->   Operation 614 'add' 'add_ln840_77' <Predicate = (!icmp_ln249)> <Delay = 0.54> <CoreInst = "Adder">   --->   Core 1 'Adder' <Latency = 0> <II = 1> <Delay = 0.54> <FuncUnit> <Opcode : 'add' 'sub'> <InPorts = 2> <OutPorts = 1>
ST_1 : Operation 615 [1/1] (0.00ns)   --->   "%zext_ln840_69 = zext i2 %add_ln840_77"   --->   Operation 615 'zext' 'zext_ln840_69' <Predicate = (!icmp_ln249)> <Delay = 0.00>
ST_1 : Operation 616 [1/1] (0.54ns) (out node of the LUT)   --->   "%add_ln840_78 = add i2 %zext_ln1019_33, i2 %zext_ln1019_36"   --->   Operation 616 'add' 'add_ln840_78' <Predicate = (!icmp_ln249)> <Delay = 0.54> <CoreInst = "Adder">   --->   Core 1 'Adder' <Latency = 0> <II = 1> <Delay = 0.54> <FuncUnit> <Opcode : 'add' 'sub'> <InPorts = 2> <OutPorts = 1>
ST_1 : Operation 617 [1/1] (0.00ns)   --->   "%zext_ln840_70 = zext i2 %add_ln840_78"   --->   Operation 617 'zext' 'zext_ln840_70' <Predicate = (!icmp_ln249)> <Delay = 0.00>
ST_1 : Operation 618 [1/1] (0.54ns)   --->   "%add_ln840_79 = add i3 %zext_ln840_70, i3 %zext_ln840_69"   --->   Operation 618 'add' 'add_ln840_79' <Predicate = (!icmp_ln249)> <Delay = 0.54> <CoreInst = "Adder">   --->   Core 1 'Adder' <Latency = 0> <II = 1> <Delay = 0.54> <FuncUnit> <Opcode : 'add' 'sub'> <InPorts = 2> <OutPorts = 1>
ST_1 : Operation 619 [1/1] (0.00ns)   --->   "%zext_ln840_71 = zext i3 %add_ln840_79"   --->   Operation 619 'zext' 'zext_ln840_71' <Predicate = (!icmp_ln249)> <Delay = 0.00>
ST_1 : Operation 620 [1/1] (0.67ns)   --->   "%add_ln840_80 = add i4 %zext_ln840_71, i4 %zext_ln840_68"   --->   Operation 620 'add' 'add_ln840_80' <Predicate = (!icmp_ln249)> <Delay = 0.67> <CoreInst = "Adder">   --->   Core 1 'Adder' <Latency = 0> <II = 1> <Delay = 0.67> <FuncUnit> <Opcode : 'add' 'sub'> <InPorts = 2> <OutPorts = 1>
ST_1 : Operation 621 [1/1] (0.00ns)   --->   "%zext_ln840_72 = zext i4 %add_ln840_80"   --->   Operation 621 'zext' 'zext_ln840_72' <Predicate = (!icmp_ln249)> <Delay = 0.00>
ST_1 : Operation 622 [1/1] (0.54ns) (out node of the LUT)   --->   "%add_ln840_81 = add i2 %zext_ln1019_35, i2 %zext_ln1019_38"   --->   Operation 622 'add' 'add_ln840_81' <Predicate = (!icmp_ln249)> <Delay = 0.54> <CoreInst = "Adder">   --->   Core 1 'Adder' <Latency = 0> <II = 1> <Delay = 0.54> <FuncUnit> <Opcode : 'add' 'sub'> <InPorts = 2> <OutPorts = 1>
ST_1 : Operation 623 [1/1] (0.00ns)   --->   "%zext_ln840_73 = zext i2 %add_ln840_81"   --->   Operation 623 'zext' 'zext_ln840_73' <Predicate = (!icmp_ln249)> <Delay = 0.00>
ST_1 : Operation 624 [1/1] (0.54ns) (out node of the LUT)   --->   "%add_ln840_82 = add i2 %zext_ln1019_37, i2 %zext_ln1019_40"   --->   Operation 624 'add' 'add_ln840_82' <Predicate = (!icmp_ln249)> <Delay = 0.54> <CoreInst = "Adder">   --->   Core 1 'Adder' <Latency = 0> <II = 1> <Delay = 0.54> <FuncUnit> <Opcode : 'add' 'sub'> <InPorts = 2> <OutPorts = 1>
ST_1 : Operation 625 [1/1] (0.00ns)   --->   "%zext_ln840_74 = zext i2 %add_ln840_82"   --->   Operation 625 'zext' 'zext_ln840_74' <Predicate = (!icmp_ln249)> <Delay = 0.00>
ST_1 : Operation 626 [1/1] (0.54ns)   --->   "%add_ln840_83 = add i3 %zext_ln840_74, i3 %zext_ln840_73"   --->   Operation 626 'add' 'add_ln840_83' <Predicate = (!icmp_ln249)> <Delay = 0.54> <CoreInst = "Adder">   --->   Core 1 'Adder' <Latency = 0> <II = 1> <Delay = 0.54> <FuncUnit> <Opcode : 'add' 'sub'> <InPorts = 2> <OutPorts = 1>
ST_1 : Operation 627 [1/1] (0.00ns)   --->   "%zext_ln840_75 = zext i3 %add_ln840_83"   --->   Operation 627 'zext' 'zext_ln840_75' <Predicate = (!icmp_ln249)> <Delay = 0.00>
ST_1 : Operation 628 [1/1] (0.54ns) (out node of the LUT)   --->   "%add_ln840_84 = add i2 %zext_ln1019_39, i2 %zext_ln1019_42"   --->   Operation 628 'add' 'add_ln840_84' <Predicate = (!icmp_ln249)> <Delay = 0.54> <CoreInst = "Adder">   --->   Core 1 'Adder' <Latency = 0> <II = 1> <Delay = 0.54> <FuncUnit> <Opcode : 'add' 'sub'> <InPorts = 2> <OutPorts = 1>
ST_1 : Operation 629 [1/1] (0.00ns)   --->   "%zext_ln840_76 = zext i2 %add_ln840_84"   --->   Operation 629 'zext' 'zext_ln840_76' <Predicate = (!icmp_ln249)> <Delay = 0.00>
ST_1 : Operation 630 [1/1] (0.54ns) (out node of the LUT)   --->   "%add_ln840_85 = add i2 %zext_ln1019_41, i2 %zext_ln840_54"   --->   Operation 630 'add' 'add_ln840_85' <Predicate = (!icmp_ln249)> <Delay = 0.54> <CoreInst = "Adder">   --->   Core 1 'Adder' <Latency = 0> <II = 1> <Delay = 0.54> <FuncUnit> <Opcode : 'add' 'sub'> <InPorts = 2> <OutPorts = 1>
ST_1 : Operation 631 [1/1] (0.00ns)   --->   "%zext_ln840_77 = zext i2 %add_ln840_85"   --->   Operation 631 'zext' 'zext_ln840_77' <Predicate = (!icmp_ln249)> <Delay = 0.00>
ST_1 : Operation 632 [1/1] (0.54ns)   --->   "%add_ln840_86 = add i3 %zext_ln840_77, i3 %zext_ln840_76"   --->   Operation 632 'add' 'add_ln840_86' <Predicate = (!icmp_ln249)> <Delay = 0.54> <CoreInst = "Adder">   --->   Core 1 'Adder' <Latency = 0> <II = 1> <Delay = 0.54> <FuncUnit> <Opcode : 'add' 'sub'> <InPorts = 2> <OutPorts = 1>
ST_1 : Operation 633 [1/1] (0.00ns)   --->   "%zext_ln840_78 = zext i3 %add_ln840_86"   --->   Operation 633 'zext' 'zext_ln840_78' <Predicate = (!icmp_ln249)> <Delay = 0.00>
ST_1 : Operation 634 [1/1] (0.67ns)   --->   "%add_ln840_87 = add i4 %zext_ln840_78, i4 %zext_ln840_75"   --->   Operation 634 'add' 'add_ln840_87' <Predicate = (!icmp_ln249)> <Delay = 0.67> <CoreInst = "Adder">   --->   Core 1 'Adder' <Latency = 0> <II = 1> <Delay = 0.67> <FuncUnit> <Opcode : 'add' 'sub'> <InPorts = 2> <OutPorts = 1>
ST_1 : Operation 635 [1/1] (0.00ns)   --->   "%zext_ln840_79 = zext i4 %add_ln840_87"   --->   Operation 635 'zext' 'zext_ln840_79' <Predicate = (!icmp_ln249)> <Delay = 0.00>
ST_1 : Operation 636 [1/1] (0.79ns)   --->   "%add_ln840_88 = add i5 %zext_ln840_79, i5 %zext_ln840_72"   --->   Operation 636 'add' 'add_ln840_88' <Predicate = (!icmp_ln249)> <Delay = 0.79> <CoreInst = "Adder">   --->   Core 1 'Adder' <Latency = 0> <II = 1> <Delay = 0.79> <FuncUnit> <Opcode : 'add' 'sub'> <InPorts = 2> <OutPorts = 1>
ST_1 : Operation 637 [1/1] (0.00ns)   --->   "%zext_ln840_80 = zext i5 %add_ln840_88"   --->   Operation 637 'zext' 'zext_ln840_80' <Predicate = (!icmp_ln249)> <Delay = 0.00>
ST_1 : Operation 638 [1/1] (1.05ns) (root node of TernaryAdder)   --->   "%add_ln840_89 = add i8 %zext_ln840_80, i8 %add_ln840_73"   --->   Operation 638 'add' 'add_ln840_89' <Predicate = (!icmp_ln249)> <Delay = 1.05> <CoreInst = "TAddSub">   --->   Core 10 'TAddSub' <Latency = 0> <II = 1> <Delay = 0.52> <IPBlock> <Opcode : 'add' 'sub'> <InPorts = 3> <OutPorts = 1> <Sync> <CReg>
ST_1 : Operation 639 [1/1] (0.00ns) (grouped into LUT with out node add_ln840_105)   --->   "%local_temp_V_90 = bitselect i1 @_ssdm_op_BitSelect.i1.i240.i32, i240 %W_packed_V, i32 90"   --->   Operation 639 'bitselect' 'local_temp_V_90' <Predicate = (!icmp_ln249)> <Delay = 0.00>
ST_1 : Operation 640 [1/1] (0.00ns) (grouped into LUT with out node add_ln840_104)   --->   "%local_temp_V_91 = bitselect i1 @_ssdm_op_BitSelect.i1.i240.i32, i240 %W_packed_V, i32 91"   --->   Operation 640 'bitselect' 'local_temp_V_91' <Predicate = (!icmp_ln249)> <Delay = 0.00>
ST_1 : Operation 641 [1/1] (0.00ns) (grouped into LUT with out node add_ln840_107)   --->   "%local_temp_V_92 = bitselect i1 @_ssdm_op_BitSelect.i1.i240.i32, i240 %W_packed_V, i32 92"   --->   Operation 641 'bitselect' 'local_temp_V_92' <Predicate = (!icmp_ln249)> <Delay = 0.00>
ST_1 : Operation 642 [1/1] (0.00ns) (grouped into LUT with out node add_ln840_105)   --->   "%local_temp_V_93 = bitselect i1 @_ssdm_op_BitSelect.i1.i240.i32, i240 %W_packed_V, i32 93"   --->   Operation 642 'bitselect' 'local_temp_V_93' <Predicate = (!icmp_ln249)> <Delay = 0.00>
ST_1 : Operation 643 [1/1] (0.00ns) (grouped into LUT with out node add_ln840_108)   --->   "%local_temp_V_94 = bitselect i1 @_ssdm_op_BitSelect.i1.i240.i32, i240 %W_packed_V, i32 94"   --->   Operation 643 'bitselect' 'local_temp_V_94' <Predicate = (!icmp_ln249)> <Delay = 0.00>
ST_1 : Operation 644 [1/1] (0.00ns) (grouped into LUT with out node add_ln840_107)   --->   "%local_temp_V_95 = bitselect i1 @_ssdm_op_BitSelect.i1.i240.i32, i240 %W_packed_V, i32 95"   --->   Operation 644 'bitselect' 'local_temp_V_95' <Predicate = (!icmp_ln249)> <Delay = 0.00>
ST_1 : Operation 645 [1/1] (0.00ns) (grouped into LUT with out node add_ln840_111)   --->   "%local_temp_V_96 = bitselect i1 @_ssdm_op_BitSelect.i1.i240.i32, i240 %W_packed_V, i32 96"   --->   Operation 645 'bitselect' 'local_temp_V_96' <Predicate = (!icmp_ln249)> <Delay = 0.00>
ST_1 : Operation 646 [1/1] (0.00ns) (grouped into LUT with out node add_ln840_108)   --->   "%local_temp_V_97 = bitselect i1 @_ssdm_op_BitSelect.i1.i240.i32, i240 %W_packed_V, i32 97"   --->   Operation 646 'bitselect' 'local_temp_V_97' <Predicate = (!icmp_ln249)> <Delay = 0.00>
ST_1 : Operation 647 [1/1] (0.00ns) (grouped into LUT with out node add_ln840_112)   --->   "%local_temp_V_98 = bitselect i1 @_ssdm_op_BitSelect.i1.i240.i32, i240 %W_packed_V, i32 98"   --->   Operation 647 'bitselect' 'local_temp_V_98' <Predicate = (!icmp_ln249)> <Delay = 0.00>
ST_1 : Operation 648 [1/1] (0.00ns) (grouped into LUT with out node add_ln840_111)   --->   "%local_temp_V_99 = bitselect i1 @_ssdm_op_BitSelect.i1.i240.i32, i240 %W_packed_V, i32 99"   --->   Operation 648 'bitselect' 'local_temp_V_99' <Predicate = (!icmp_ln249)> <Delay = 0.00>
ST_1 : Operation 649 [1/1] (0.00ns) (grouped into LUT with out node add_ln840_114)   --->   "%local_temp_V_100 = bitselect i1 @_ssdm_op_BitSelect.i1.i240.i32, i240 %W_packed_V, i32 100"   --->   Operation 649 'bitselect' 'local_temp_V_100' <Predicate = (!icmp_ln249)> <Delay = 0.00>
ST_1 : Operation 650 [1/1] (0.00ns) (grouped into LUT with out node add_ln840_112)   --->   "%local_temp_V_101 = bitselect i1 @_ssdm_op_BitSelect.i1.i240.i32, i240 %W_packed_V, i32 101"   --->   Operation 650 'bitselect' 'local_temp_V_101' <Predicate = (!icmp_ln249)> <Delay = 0.00>
ST_1 : Operation 651 [1/1] (0.00ns) (grouped into LUT with out node add_ln840_115)   --->   "%local_temp_V_102 = bitselect i1 @_ssdm_op_BitSelect.i1.i240.i32, i240 %W_packed_V, i32 102"   --->   Operation 651 'bitselect' 'local_temp_V_102' <Predicate = (!icmp_ln249)> <Delay = 0.00>
ST_1 : Operation 652 [1/1] (0.00ns) (grouped into LUT with out node add_ln840_114)   --->   "%local_temp_V_103 = bitselect i1 @_ssdm_op_BitSelect.i1.i240.i32, i240 %W_packed_V, i32 103"   --->   Operation 652 'bitselect' 'local_temp_V_103' <Predicate = (!icmp_ln249)> <Delay = 0.00>
ST_1 : Operation 653 [1/1] (0.00ns) (grouped into LUT with out node add_ln840_97)   --->   "%local_temp_V_104 = bitselect i1 @_ssdm_op_BitSelect.i1.i240.i32, i240 %W_packed_V, i32 104"   --->   Operation 653 'bitselect' 'local_temp_V_104' <Predicate = (!icmp_ln249)> <Delay = 0.00>
ST_1 : Operation 654 [1/1] (0.00ns) (grouped into LUT with out node add_ln840_99)   --->   "%local_temp_V_105 = bitselect i1 @_ssdm_op_BitSelect.i1.i240.i32, i240 %W_packed_V, i32 105"   --->   Operation 654 'bitselect' 'local_temp_V_105' <Predicate = (!icmp_ln249)> <Delay = 0.00>
ST_1 : Operation 655 [1/1] (0.00ns) (grouped into LUT with out node add_ln840_97)   --->   "%local_temp_V_106 = bitselect i1 @_ssdm_op_BitSelect.i1.i240.i32, i240 %W_packed_V, i32 106"   --->   Operation 655 'bitselect' 'local_temp_V_106' <Predicate = (!icmp_ln249)> <Delay = 0.00>
ST_1 : Operation 656 [1/1] (0.00ns) (grouped into LUT with out node add_ln840_100)   --->   "%local_temp_V_107 = bitselect i1 @_ssdm_op_BitSelect.i1.i240.i32, i240 %W_packed_V, i32 107"   --->   Operation 656 'bitselect' 'local_temp_V_107' <Predicate = (!icmp_ln249)> <Delay = 0.00>
ST_1 : Operation 657 [1/1] (0.00ns) (grouped into LUT with out node add_ln840_99)   --->   "%local_temp_V_108 = bitselect i1 @_ssdm_op_BitSelect.i1.i240.i32, i240 %W_packed_V, i32 108"   --->   Operation 657 'bitselect' 'local_temp_V_108' <Predicate = (!icmp_ln249)> <Delay = 0.00>
ST_1 : Operation 658 [1/1] (0.00ns) (grouped into LUT with out node add_ln840_104)   --->   "%local_temp_V_109 = bitselect i1 @_ssdm_op_BitSelect.i1.i240.i32, i240 %W_packed_V, i32 109"   --->   Operation 658 'bitselect' 'local_temp_V_109' <Predicate = (!icmp_ln249)> <Delay = 0.00>
ST_1 : Operation 659 [1/1] (0.00ns) (grouped into LUT with out node add_ln840_100)   --->   "%local_temp_V_110 = bitselect i1 @_ssdm_op_BitSelect.i1.i240.i32, i240 %W_packed_V, i32 110"   --->   Operation 659 'bitselect' 'local_temp_V_110' <Predicate = (!icmp_ln249)> <Delay = 0.00>
ST_1 : Operation 660 [1/1] (0.00ns) (grouped into LUT with out node add_ln840_93)   --->   "%local_temp_V_111 = bitselect i1 @_ssdm_op_BitSelect.i1.i240.i32, i240 %W_packed_V, i32 111"   --->   Operation 660 'bitselect' 'local_temp_V_111' <Predicate = (!icmp_ln249)> <Delay = 0.00>
ST_1 : Operation 661 [1/1] (0.00ns) (grouped into LUT with out node add_ln840_93)   --->   "%local_temp_V_112 = bitselect i1 @_ssdm_op_BitSelect.i1.i240.i32, i240 %W_packed_V, i32 112"   --->   Operation 661 'bitselect' 'local_temp_V_112' <Predicate = (!icmp_ln249)> <Delay = 0.00>
ST_1 : Operation 662 [1/1] (0.00ns) (grouped into LUT with out node add_ln840_96)   --->   "%local_temp_V_113 = bitselect i1 @_ssdm_op_BitSelect.i1.i240.i32, i240 %W_packed_V, i32 113"   --->   Operation 662 'bitselect' 'local_temp_V_113' <Predicate = (!icmp_ln249)> <Delay = 0.00>
ST_1 : Operation 663 [1/1] (0.00ns) (grouped into LUT with out node add_ln840_96)   --->   "%local_temp_V_114 = bitselect i1 @_ssdm_op_BitSelect.i1.i240.i32, i240 %W_packed_V, i32 114"   --->   Operation 663 'bitselect' 'local_temp_V_114' <Predicate = (!icmp_ln249)> <Delay = 0.00>
ST_1 : Operation 664 [1/1] (0.00ns) (grouped into LUT with out node add_ln840_92)   --->   "%local_temp_V_115 = bitselect i1 @_ssdm_op_BitSelect.i1.i240.i32, i240 %W_packed_V, i32 115"   --->   Operation 664 'bitselect' 'local_temp_V_115' <Predicate = (!icmp_ln249)> <Delay = 0.00>
ST_1 : Operation 665 [1/1] (0.00ns) (grouped into LUT with out node add_ln840_92)   --->   "%local_temp_V_116 = bitselect i1 @_ssdm_op_BitSelect.i1.i240.i32, i240 %W_packed_V, i32 116"   --->   Operation 665 'bitselect' 'local_temp_V_116' <Predicate = (!icmp_ln249)> <Delay = 0.00>
ST_1 : Operation 666 [1/1] (0.00ns) (grouped into LUT with out node add_ln840_90)   --->   "%local_temp_V_117 = bitselect i1 @_ssdm_op_BitSelect.i1.i240.i32, i240 %W_packed_V, i32 117"   --->   Operation 666 'bitselect' 'local_temp_V_117' <Predicate = (!icmp_ln249)> <Delay = 0.00>
ST_1 : Operation 667 [1/1] (0.00ns) (grouped into LUT with out node add_ln840_90)   --->   "%local_temp_V_118 = bitselect i1 @_ssdm_op_BitSelect.i1.i240.i32, i240 %W_packed_V, i32 118"   --->   Operation 667 'bitselect' 'local_temp_V_118' <Predicate = (!icmp_ln249)> <Delay = 0.00>
ST_1 : Operation 668 [1/1] (0.00ns) (grouped into LUT with out node add_ln840_115)   --->   "%local_temp_V_119 = bitselect i1 @_ssdm_op_BitSelect.i1.i240.i32, i240 %W_packed_V, i32 119"   --->   Operation 668 'bitselect' 'local_temp_V_119' <Predicate = (!icmp_ln249)> <Delay = 0.00>
ST_1 : Operation 669 [1/1] (0.00ns) (grouped into LUT with out node add_ln840_105)   --->   "%xor_ln1019_180 = xor i1 1, i1 %local_temp_V_90"   --->   Operation 669 'xor' 'xor_ln1019_180' <Predicate = (!icmp_ln249)> <Delay = 0.00> <CoreInst = "LogicGate">   --->   Core 74 'LogicGate' <Latency = 0> <II = 1> <Delay = 0.28> <FuncUnit> <Opcode : 'and' 'or' 'xor'> <InPorts = 2> <OutPorts = 1>
ST_1 : Operation 670 [1/1] (0.00ns) (grouped into LUT with out node add_ln840_105)   --->   "%xor_ln1019_181 = xor i1 %xor_ln1019_180, i1 %p_Result_s"   --->   Operation 670 'xor' 'xor_ln1019_181' <Predicate = (!icmp_ln249)> <Delay = 0.00> <CoreInst = "LogicGate">   --->   Core 74 'LogicGate' <Latency = 0> <II = 1> <Delay = 0.28> <FuncUnit> <Opcode : 'and' 'or' 'xor'> <InPorts = 2> <OutPorts = 1>
ST_1 : Operation 671 [1/1] (0.00ns) (grouped into LUT with out node add_ln840_105)   --->   "%zext_ln1019_58 = zext i1 %xor_ln1019_181"   --->   Operation 671 'zext' 'zext_ln1019_58' <Predicate = (!icmp_ln249)> <Delay = 0.00>
ST_1 : Operation 672 [1/1] (0.00ns) (grouped into LUT with out node add_ln840_104)   --->   "%xor_ln1019_182 = xor i1 %p_Result_1, i1 %local_temp_V_91"   --->   Operation 672 'xor' 'xor_ln1019_182' <Predicate = (!icmp_ln249)> <Delay = 0.00> <CoreInst = "LogicGate">   --->   Core 74 'LogicGate' <Latency = 0> <II = 1> <Delay = 0.28> <FuncUnit> <Opcode : 'and' 'or' 'xor'> <InPorts = 2> <OutPorts = 1>
ST_1 : Operation 673 [1/1] (0.00ns) (grouped into LUT with out node add_ln840_104)   --->   "%xor_ln1019_183 = xor i1 %xor_ln1019_182, i1 1"   --->   Operation 673 'xor' 'xor_ln1019_183' <Predicate = (!icmp_ln249)> <Delay = 0.00> <CoreInst = "LogicGate">   --->   Core 74 'LogicGate' <Latency = 0> <II = 1> <Delay = 0.28> <FuncUnit> <Opcode : 'and' 'or' 'xor'> <InPorts = 2> <OutPorts = 1>
ST_1 : Operation 674 [1/1] (0.00ns) (grouped into LUT with out node add_ln840_104)   --->   "%zext_ln1019_59 = zext i1 %xor_ln1019_183"   --->   Operation 674 'zext' 'zext_ln1019_59' <Predicate = (!icmp_ln249)> <Delay = 0.00>
ST_1 : Operation 675 [1/1] (0.00ns) (grouped into LUT with out node add_ln840_107)   --->   "%xor_ln1019_184 = xor i1 %p_Result_2, i1 %local_temp_V_92"   --->   Operation 675 'xor' 'xor_ln1019_184' <Predicate = (!icmp_ln249)> <Delay = 0.00> <CoreInst = "LogicGate">   --->   Core 74 'LogicGate' <Latency = 0> <II = 1> <Delay = 0.28> <FuncUnit> <Opcode : 'and' 'or' 'xor'> <InPorts = 2> <OutPorts = 1>
ST_1 : Operation 676 [1/1] (0.00ns) (grouped into LUT with out node add_ln840_107)   --->   "%xor_ln1019_185 = xor i1 %xor_ln1019_184, i1 1"   --->   Operation 676 'xor' 'xor_ln1019_185' <Predicate = (!icmp_ln249)> <Delay = 0.00> <CoreInst = "LogicGate">   --->   Core 74 'LogicGate' <Latency = 0> <II = 1> <Delay = 0.28> <FuncUnit> <Opcode : 'and' 'or' 'xor'> <InPorts = 2> <OutPorts = 1>
ST_1 : Operation 677 [1/1] (0.00ns) (grouped into LUT with out node add_ln840_107)   --->   "%zext_ln1019_60 = zext i1 %xor_ln1019_185"   --->   Operation 677 'zext' 'zext_ln1019_60' <Predicate = (!icmp_ln249)> <Delay = 0.00>
ST_1 : Operation 678 [1/1] (0.00ns) (grouped into LUT with out node add_ln840_105)   --->   "%xor_ln1019_186 = xor i1 %p_Result_3, i1 %local_temp_V_93"   --->   Operation 678 'xor' 'xor_ln1019_186' <Predicate = (!icmp_ln249)> <Delay = 0.00> <CoreInst = "LogicGate">   --->   Core 74 'LogicGate' <Latency = 0> <II = 1> <Delay = 0.28> <FuncUnit> <Opcode : 'and' 'or' 'xor'> <InPorts = 2> <OutPorts = 1>
ST_1 : Operation 679 [1/1] (0.00ns) (grouped into LUT with out node add_ln840_105)   --->   "%xor_ln1019_187 = xor i1 %xor_ln1019_186, i1 1"   --->   Operation 679 'xor' 'xor_ln1019_187' <Predicate = (!icmp_ln249)> <Delay = 0.00> <CoreInst = "LogicGate">   --->   Core 74 'LogicGate' <Latency = 0> <II = 1> <Delay = 0.28> <FuncUnit> <Opcode : 'and' 'or' 'xor'> <InPorts = 2> <OutPorts = 1>
ST_1 : Operation 680 [1/1] (0.00ns) (grouped into LUT with out node add_ln840_105)   --->   "%zext_ln1019_61 = zext i1 %xor_ln1019_187"   --->   Operation 680 'zext' 'zext_ln1019_61' <Predicate = (!icmp_ln249)> <Delay = 0.00>
ST_1 : Operation 681 [1/1] (0.00ns) (grouped into LUT with out node add_ln840_108)   --->   "%xor_ln1019_188 = xor i1 %p_Result_4, i1 %local_temp_V_94"   --->   Operation 681 'xor' 'xor_ln1019_188' <Predicate = (!icmp_ln249)> <Delay = 0.00> <CoreInst = "LogicGate">   --->   Core 74 'LogicGate' <Latency = 0> <II = 1> <Delay = 0.28> <FuncUnit> <Opcode : 'and' 'or' 'xor'> <InPorts = 2> <OutPorts = 1>
ST_1 : Operation 682 [1/1] (0.00ns) (grouped into LUT with out node add_ln840_108)   --->   "%xor_ln1019_189 = xor i1 %xor_ln1019_188, i1 1"   --->   Operation 682 'xor' 'xor_ln1019_189' <Predicate = (!icmp_ln249)> <Delay = 0.00> <CoreInst = "LogicGate">   --->   Core 74 'LogicGate' <Latency = 0> <II = 1> <Delay = 0.28> <FuncUnit> <Opcode : 'and' 'or' 'xor'> <InPorts = 2> <OutPorts = 1>
ST_1 : Operation 683 [1/1] (0.00ns) (grouped into LUT with out node add_ln840_108)   --->   "%zext_ln1019_62 = zext i1 %xor_ln1019_189"   --->   Operation 683 'zext' 'zext_ln1019_62' <Predicate = (!icmp_ln249)> <Delay = 0.00>
ST_1 : Operation 684 [1/1] (0.00ns) (grouped into LUT with out node add_ln840_107)   --->   "%xor_ln1019_190 = xor i1 %p_Result_5, i1 %local_temp_V_95"   --->   Operation 684 'xor' 'xor_ln1019_190' <Predicate = (!icmp_ln249)> <Delay = 0.00> <CoreInst = "LogicGate">   --->   Core 74 'LogicGate' <Latency = 0> <II = 1> <Delay = 0.28> <FuncUnit> <Opcode : 'and' 'or' 'xor'> <InPorts = 2> <OutPorts = 1>
ST_1 : Operation 685 [1/1] (0.00ns) (grouped into LUT with out node add_ln840_107)   --->   "%xor_ln1019_191 = xor i1 %xor_ln1019_190, i1 1"   --->   Operation 685 'xor' 'xor_ln1019_191' <Predicate = (!icmp_ln249)> <Delay = 0.00> <CoreInst = "LogicGate">   --->   Core 74 'LogicGate' <Latency = 0> <II = 1> <Delay = 0.28> <FuncUnit> <Opcode : 'and' 'or' 'xor'> <InPorts = 2> <OutPorts = 1>
ST_1 : Operation 686 [1/1] (0.00ns) (grouped into LUT with out node add_ln840_107)   --->   "%zext_ln1019_63 = zext i1 %xor_ln1019_191"   --->   Operation 686 'zext' 'zext_ln1019_63' <Predicate = (!icmp_ln249)> <Delay = 0.00>
ST_1 : Operation 687 [1/1] (0.00ns) (grouped into LUT with out node add_ln840_111)   --->   "%xor_ln1019_192 = xor i1 %p_Result_6, i1 %local_temp_V_96"   --->   Operation 687 'xor' 'xor_ln1019_192' <Predicate = (!icmp_ln249)> <Delay = 0.00> <CoreInst = "LogicGate">   --->   Core 74 'LogicGate' <Latency = 0> <II = 1> <Delay = 0.28> <FuncUnit> <Opcode : 'and' 'or' 'xor'> <InPorts = 2> <OutPorts = 1>
ST_1 : Operation 688 [1/1] (0.00ns) (grouped into LUT with out node add_ln840_111)   --->   "%xor_ln1019_193 = xor i1 %xor_ln1019_192, i1 1"   --->   Operation 688 'xor' 'xor_ln1019_193' <Predicate = (!icmp_ln249)> <Delay = 0.00> <CoreInst = "LogicGate">   --->   Core 74 'LogicGate' <Latency = 0> <II = 1> <Delay = 0.28> <FuncUnit> <Opcode : 'and' 'or' 'xor'> <InPorts = 2> <OutPorts = 1>
ST_1 : Operation 689 [1/1] (0.00ns) (grouped into LUT with out node add_ln840_111)   --->   "%zext_ln1019_64 = zext i1 %xor_ln1019_193"   --->   Operation 689 'zext' 'zext_ln1019_64' <Predicate = (!icmp_ln249)> <Delay = 0.00>
ST_1 : Operation 690 [1/1] (0.00ns) (grouped into LUT with out node add_ln840_108)   --->   "%xor_ln1019_194 = xor i1 %p_Result_7, i1 %local_temp_V_97"   --->   Operation 690 'xor' 'xor_ln1019_194' <Predicate = (!icmp_ln249)> <Delay = 0.00> <CoreInst = "LogicGate">   --->   Core 74 'LogicGate' <Latency = 0> <II = 1> <Delay = 0.28> <FuncUnit> <Opcode : 'and' 'or' 'xor'> <InPorts = 2> <OutPorts = 1>
ST_1 : Operation 691 [1/1] (0.00ns) (grouped into LUT with out node add_ln840_108)   --->   "%xor_ln1019_195 = xor i1 %xor_ln1019_194, i1 1"   --->   Operation 691 'xor' 'xor_ln1019_195' <Predicate = (!icmp_ln249)> <Delay = 0.00> <CoreInst = "LogicGate">   --->   Core 74 'LogicGate' <Latency = 0> <II = 1> <Delay = 0.28> <FuncUnit> <Opcode : 'and' 'or' 'xor'> <InPorts = 2> <OutPorts = 1>
ST_1 : Operation 692 [1/1] (0.00ns) (grouped into LUT with out node add_ln840_108)   --->   "%zext_ln1019_65 = zext i1 %xor_ln1019_195"   --->   Operation 692 'zext' 'zext_ln1019_65' <Predicate = (!icmp_ln249)> <Delay = 0.00>
ST_1 : Operation 693 [1/1] (0.00ns) (grouped into LUT with out node add_ln840_112)   --->   "%xor_ln1019_196 = xor i1 %p_Result_8, i1 %local_temp_V_98"   --->   Operation 693 'xor' 'xor_ln1019_196' <Predicate = (!icmp_ln249)> <Delay = 0.00> <CoreInst = "LogicGate">   --->   Core 74 'LogicGate' <Latency = 0> <II = 1> <Delay = 0.28> <FuncUnit> <Opcode : 'and' 'or' 'xor'> <InPorts = 2> <OutPorts = 1>
ST_1 : Operation 694 [1/1] (0.00ns) (grouped into LUT with out node add_ln840_112)   --->   "%xor_ln1019_197 = xor i1 %xor_ln1019_196, i1 1"   --->   Operation 694 'xor' 'xor_ln1019_197' <Predicate = (!icmp_ln249)> <Delay = 0.00> <CoreInst = "LogicGate">   --->   Core 74 'LogicGate' <Latency = 0> <II = 1> <Delay = 0.28> <FuncUnit> <Opcode : 'and' 'or' 'xor'> <InPorts = 2> <OutPorts = 1>
ST_1 : Operation 695 [1/1] (0.00ns) (grouped into LUT with out node add_ln840_112)   --->   "%zext_ln1019_66 = zext i1 %xor_ln1019_197"   --->   Operation 695 'zext' 'zext_ln1019_66' <Predicate = (!icmp_ln249)> <Delay = 0.00>
ST_1 : Operation 696 [1/1] (0.00ns) (grouped into LUT with out node add_ln840_111)   --->   "%xor_ln1019_198 = xor i1 %p_Result_9, i1 %local_temp_V_99"   --->   Operation 696 'xor' 'xor_ln1019_198' <Predicate = (!icmp_ln249)> <Delay = 0.00> <CoreInst = "LogicGate">   --->   Core 74 'LogicGate' <Latency = 0> <II = 1> <Delay = 0.28> <FuncUnit> <Opcode : 'and' 'or' 'xor'> <InPorts = 2> <OutPorts = 1>
ST_1 : Operation 697 [1/1] (0.00ns) (grouped into LUT with out node add_ln840_111)   --->   "%xor_ln1019_199 = xor i1 %xor_ln1019_198, i1 1"   --->   Operation 697 'xor' 'xor_ln1019_199' <Predicate = (!icmp_ln249)> <Delay = 0.00> <CoreInst = "LogicGate">   --->   Core 74 'LogicGate' <Latency = 0> <II = 1> <Delay = 0.28> <FuncUnit> <Opcode : 'and' 'or' 'xor'> <InPorts = 2> <OutPorts = 1>
ST_1 : Operation 698 [1/1] (0.00ns) (grouped into LUT with out node add_ln840_111)   --->   "%zext_ln1019_67 = zext i1 %xor_ln1019_199"   --->   Operation 698 'zext' 'zext_ln1019_67' <Predicate = (!icmp_ln249)> <Delay = 0.00>
ST_1 : Operation 699 [1/1] (0.00ns) (grouped into LUT with out node add_ln840_114)   --->   "%xor_ln1019_200 = xor i1 %p_Result_10, i1 %local_temp_V_100"   --->   Operation 699 'xor' 'xor_ln1019_200' <Predicate = (!icmp_ln249)> <Delay = 0.00> <CoreInst = "LogicGate">   --->   Core 74 'LogicGate' <Latency = 0> <II = 1> <Delay = 0.28> <FuncUnit> <Opcode : 'and' 'or' 'xor'> <InPorts = 2> <OutPorts = 1>
ST_1 : Operation 700 [1/1] (0.00ns) (grouped into LUT with out node add_ln840_114)   --->   "%xor_ln1019_201 = xor i1 %xor_ln1019_200, i1 1"   --->   Operation 700 'xor' 'xor_ln1019_201' <Predicate = (!icmp_ln249)> <Delay = 0.00> <CoreInst = "LogicGate">   --->   Core 74 'LogicGate' <Latency = 0> <II = 1> <Delay = 0.28> <FuncUnit> <Opcode : 'and' 'or' 'xor'> <InPorts = 2> <OutPorts = 1>
ST_1 : Operation 701 [1/1] (0.00ns) (grouped into LUT with out node add_ln840_114)   --->   "%zext_ln1019_68 = zext i1 %xor_ln1019_201"   --->   Operation 701 'zext' 'zext_ln1019_68' <Predicate = (!icmp_ln249)> <Delay = 0.00>
ST_1 : Operation 702 [1/1] (0.00ns) (grouped into LUT with out node add_ln840_112)   --->   "%xor_ln1019_202 = xor i1 %p_Result_11, i1 %local_temp_V_101"   --->   Operation 702 'xor' 'xor_ln1019_202' <Predicate = (!icmp_ln249)> <Delay = 0.00> <CoreInst = "LogicGate">   --->   Core 74 'LogicGate' <Latency = 0> <II = 1> <Delay = 0.28> <FuncUnit> <Opcode : 'and' 'or' 'xor'> <InPorts = 2> <OutPorts = 1>
ST_1 : Operation 703 [1/1] (0.00ns) (grouped into LUT with out node add_ln840_112)   --->   "%xor_ln1019_203 = xor i1 %xor_ln1019_202, i1 1"   --->   Operation 703 'xor' 'xor_ln1019_203' <Predicate = (!icmp_ln249)> <Delay = 0.00> <CoreInst = "LogicGate">   --->   Core 74 'LogicGate' <Latency = 0> <II = 1> <Delay = 0.28> <FuncUnit> <Opcode : 'and' 'or' 'xor'> <InPorts = 2> <OutPorts = 1>
ST_1 : Operation 704 [1/1] (0.00ns) (grouped into LUT with out node add_ln840_112)   --->   "%zext_ln1019_69 = zext i1 %xor_ln1019_203"   --->   Operation 704 'zext' 'zext_ln1019_69' <Predicate = (!icmp_ln249)> <Delay = 0.00>
ST_1 : Operation 705 [1/1] (0.00ns) (grouped into LUT with out node add_ln840_115)   --->   "%xor_ln1019_204 = xor i1 %p_Result_12, i1 %local_temp_V_102"   --->   Operation 705 'xor' 'xor_ln1019_204' <Predicate = (!icmp_ln249)> <Delay = 0.00> <CoreInst = "LogicGate">   --->   Core 74 'LogicGate' <Latency = 0> <II = 1> <Delay = 0.28> <FuncUnit> <Opcode : 'and' 'or' 'xor'> <InPorts = 2> <OutPorts = 1>
ST_1 : Operation 706 [1/1] (0.00ns) (grouped into LUT with out node add_ln840_115)   --->   "%xor_ln1019_205 = xor i1 %xor_ln1019_204, i1 1"   --->   Operation 706 'xor' 'xor_ln1019_205' <Predicate = (!icmp_ln249)> <Delay = 0.00> <CoreInst = "LogicGate">   --->   Core 74 'LogicGate' <Latency = 0> <II = 1> <Delay = 0.28> <FuncUnit> <Opcode : 'and' 'or' 'xor'> <InPorts = 2> <OutPorts = 1>
ST_1 : Operation 707 [1/1] (0.00ns) (grouped into LUT with out node add_ln840_115)   --->   "%zext_ln1019_70 = zext i1 %xor_ln1019_205"   --->   Operation 707 'zext' 'zext_ln1019_70' <Predicate = (!icmp_ln249)> <Delay = 0.00>
ST_1 : Operation 708 [1/1] (0.00ns) (grouped into LUT with out node add_ln840_114)   --->   "%xor_ln1019_206 = xor i1 %p_Result_13, i1 %local_temp_V_103"   --->   Operation 708 'xor' 'xor_ln1019_206' <Predicate = (!icmp_ln249)> <Delay = 0.00> <CoreInst = "LogicGate">   --->   Core 74 'LogicGate' <Latency = 0> <II = 1> <Delay = 0.28> <FuncUnit> <Opcode : 'and' 'or' 'xor'> <InPorts = 2> <OutPorts = 1>
ST_1 : Operation 709 [1/1] (0.00ns) (grouped into LUT with out node add_ln840_114)   --->   "%xor_ln1019_207 = xor i1 %xor_ln1019_206, i1 1"   --->   Operation 709 'xor' 'xor_ln1019_207' <Predicate = (!icmp_ln249)> <Delay = 0.00> <CoreInst = "LogicGate">   --->   Core 74 'LogicGate' <Latency = 0> <II = 1> <Delay = 0.28> <FuncUnit> <Opcode : 'and' 'or' 'xor'> <InPorts = 2> <OutPorts = 1>
ST_1 : Operation 710 [1/1] (0.00ns) (grouped into LUT with out node add_ln840_114)   --->   "%zext_ln1019_71 = zext i1 %xor_ln1019_207"   --->   Operation 710 'zext' 'zext_ln1019_71' <Predicate = (!icmp_ln249)> <Delay = 0.00>
ST_1 : Operation 711 [1/1] (0.00ns) (grouped into LUT with out node add_ln840_97)   --->   "%xor_ln1019_208 = xor i1 %p_Result_14, i1 %local_temp_V_104"   --->   Operation 711 'xor' 'xor_ln1019_208' <Predicate = (!icmp_ln249)> <Delay = 0.00> <CoreInst = "LogicGate">   --->   Core 74 'LogicGate' <Latency = 0> <II = 1> <Delay = 0.28> <FuncUnit> <Opcode : 'and' 'or' 'xor'> <InPorts = 2> <OutPorts = 1>
ST_1 : Operation 712 [1/1] (0.00ns) (grouped into LUT with out node add_ln840_97)   --->   "%xor_ln1019_209 = xor i1 %xor_ln1019_208, i1 1"   --->   Operation 712 'xor' 'xor_ln1019_209' <Predicate = (!icmp_ln249)> <Delay = 0.00> <CoreInst = "LogicGate">   --->   Core 74 'LogicGate' <Latency = 0> <II = 1> <Delay = 0.28> <FuncUnit> <Opcode : 'and' 'or' 'xor'> <InPorts = 2> <OutPorts = 1>
ST_1 : Operation 713 [1/1] (0.00ns) (grouped into LUT with out node add_ln840_97)   --->   "%zext_ln1019_72 = zext i1 %xor_ln1019_209"   --->   Operation 713 'zext' 'zext_ln1019_72' <Predicate = (!icmp_ln249)> <Delay = 0.00>
ST_1 : Operation 714 [1/1] (0.00ns) (grouped into LUT with out node add_ln840_99)   --->   "%xor_ln1019_210 = xor i1 %p_Result_15, i1 %local_temp_V_105"   --->   Operation 714 'xor' 'xor_ln1019_210' <Predicate = (!icmp_ln249)> <Delay = 0.00> <CoreInst = "LogicGate">   --->   Core 74 'LogicGate' <Latency = 0> <II = 1> <Delay = 0.28> <FuncUnit> <Opcode : 'and' 'or' 'xor'> <InPorts = 2> <OutPorts = 1>
ST_1 : Operation 715 [1/1] (0.00ns) (grouped into LUT with out node add_ln840_99)   --->   "%xor_ln1019_211 = xor i1 %xor_ln1019_210, i1 1"   --->   Operation 715 'xor' 'xor_ln1019_211' <Predicate = (!icmp_ln249)> <Delay = 0.00> <CoreInst = "LogicGate">   --->   Core 74 'LogicGate' <Latency = 0> <II = 1> <Delay = 0.28> <FuncUnit> <Opcode : 'and' 'or' 'xor'> <InPorts = 2> <OutPorts = 1>
ST_1 : Operation 716 [1/1] (0.00ns) (grouped into LUT with out node add_ln840_99)   --->   "%zext_ln1019_73 = zext i1 %xor_ln1019_211"   --->   Operation 716 'zext' 'zext_ln1019_73' <Predicate = (!icmp_ln249)> <Delay = 0.00>
ST_1 : Operation 717 [1/1] (0.00ns) (grouped into LUT with out node add_ln840_97)   --->   "%xor_ln1019_212 = xor i1 %p_Result_16, i1 %local_temp_V_106"   --->   Operation 717 'xor' 'xor_ln1019_212' <Predicate = (!icmp_ln249)> <Delay = 0.00> <CoreInst = "LogicGate">   --->   Core 74 'LogicGate' <Latency = 0> <II = 1> <Delay = 0.28> <FuncUnit> <Opcode : 'and' 'or' 'xor'> <InPorts = 2> <OutPorts = 1>
ST_1 : Operation 718 [1/1] (0.00ns) (grouped into LUT with out node add_ln840_97)   --->   "%xor_ln1019_213 = xor i1 %xor_ln1019_212, i1 1"   --->   Operation 718 'xor' 'xor_ln1019_213' <Predicate = (!icmp_ln249)> <Delay = 0.00> <CoreInst = "LogicGate">   --->   Core 74 'LogicGate' <Latency = 0> <II = 1> <Delay = 0.28> <FuncUnit> <Opcode : 'and' 'or' 'xor'> <InPorts = 2> <OutPorts = 1>
ST_1 : Operation 719 [1/1] (0.00ns) (grouped into LUT with out node add_ln840_97)   --->   "%zext_ln1019_74 = zext i1 %xor_ln1019_213"   --->   Operation 719 'zext' 'zext_ln1019_74' <Predicate = (!icmp_ln249)> <Delay = 0.00>
ST_1 : Operation 720 [1/1] (0.00ns) (grouped into LUT with out node add_ln840_100)   --->   "%xor_ln1019_214 = xor i1 %p_Result_17, i1 %local_temp_V_107"   --->   Operation 720 'xor' 'xor_ln1019_214' <Predicate = (!icmp_ln249)> <Delay = 0.00> <CoreInst = "LogicGate">   --->   Core 74 'LogicGate' <Latency = 0> <II = 1> <Delay = 0.28> <FuncUnit> <Opcode : 'and' 'or' 'xor'> <InPorts = 2> <OutPorts = 1>
ST_1 : Operation 721 [1/1] (0.00ns) (grouped into LUT with out node add_ln840_100)   --->   "%xor_ln1019_215 = xor i1 %xor_ln1019_214, i1 1"   --->   Operation 721 'xor' 'xor_ln1019_215' <Predicate = (!icmp_ln249)> <Delay = 0.00> <CoreInst = "LogicGate">   --->   Core 74 'LogicGate' <Latency = 0> <II = 1> <Delay = 0.28> <FuncUnit> <Opcode : 'and' 'or' 'xor'> <InPorts = 2> <OutPorts = 1>
ST_1 : Operation 722 [1/1] (0.00ns) (grouped into LUT with out node add_ln840_100)   --->   "%zext_ln1019_75 = zext i1 %xor_ln1019_215"   --->   Operation 722 'zext' 'zext_ln1019_75' <Predicate = (!icmp_ln249)> <Delay = 0.00>
ST_1 : Operation 723 [1/1] (0.00ns) (grouped into LUT with out node add_ln840_99)   --->   "%xor_ln1019_216 = xor i1 %p_Result_18, i1 %local_temp_V_108"   --->   Operation 723 'xor' 'xor_ln1019_216' <Predicate = (!icmp_ln249)> <Delay = 0.00> <CoreInst = "LogicGate">   --->   Core 74 'LogicGate' <Latency = 0> <II = 1> <Delay = 0.28> <FuncUnit> <Opcode : 'and' 'or' 'xor'> <InPorts = 2> <OutPorts = 1>
ST_1 : Operation 724 [1/1] (0.00ns) (grouped into LUT with out node add_ln840_99)   --->   "%xor_ln1019_217 = xor i1 %xor_ln1019_216, i1 1"   --->   Operation 724 'xor' 'xor_ln1019_217' <Predicate = (!icmp_ln249)> <Delay = 0.00> <CoreInst = "LogicGate">   --->   Core 74 'LogicGate' <Latency = 0> <II = 1> <Delay = 0.28> <FuncUnit> <Opcode : 'and' 'or' 'xor'> <InPorts = 2> <OutPorts = 1>
ST_1 : Operation 725 [1/1] (0.00ns) (grouped into LUT with out node add_ln840_99)   --->   "%zext_ln1019_76 = zext i1 %xor_ln1019_217"   --->   Operation 725 'zext' 'zext_ln1019_76' <Predicate = (!icmp_ln249)> <Delay = 0.00>
ST_1 : Operation 726 [1/1] (0.00ns) (grouped into LUT with out node add_ln840_104)   --->   "%xor_ln1019_218 = xor i1 %p_Result_19, i1 %local_temp_V_109"   --->   Operation 726 'xor' 'xor_ln1019_218' <Predicate = (!icmp_ln249)> <Delay = 0.00> <CoreInst = "LogicGate">   --->   Core 74 'LogicGate' <Latency = 0> <II = 1> <Delay = 0.28> <FuncUnit> <Opcode : 'and' 'or' 'xor'> <InPorts = 2> <OutPorts = 1>
ST_1 : Operation 727 [1/1] (0.00ns) (grouped into LUT with out node add_ln840_104)   --->   "%xor_ln1019_219 = xor i1 %xor_ln1019_218, i1 1"   --->   Operation 727 'xor' 'xor_ln1019_219' <Predicate = (!icmp_ln249)> <Delay = 0.00> <CoreInst = "LogicGate">   --->   Core 74 'LogicGate' <Latency = 0> <II = 1> <Delay = 0.28> <FuncUnit> <Opcode : 'and' 'or' 'xor'> <InPorts = 2> <OutPorts = 1>
ST_1 : Operation 728 [1/1] (0.00ns) (grouped into LUT with out node add_ln840_104)   --->   "%zext_ln1019_77 = zext i1 %xor_ln1019_219"   --->   Operation 728 'zext' 'zext_ln1019_77' <Predicate = (!icmp_ln249)> <Delay = 0.00>
ST_1 : Operation 729 [1/1] (0.00ns) (grouped into LUT with out node add_ln840_100)   --->   "%xor_ln1019_220 = xor i1 %p_Result_20, i1 %local_temp_V_110"   --->   Operation 729 'xor' 'xor_ln1019_220' <Predicate = (!icmp_ln249)> <Delay = 0.00> <CoreInst = "LogicGate">   --->   Core 74 'LogicGate' <Latency = 0> <II = 1> <Delay = 0.28> <FuncUnit> <Opcode : 'and' 'or' 'xor'> <InPorts = 2> <OutPorts = 1>
ST_1 : Operation 730 [1/1] (0.00ns) (grouped into LUT with out node add_ln840_100)   --->   "%xor_ln1019_221 = xor i1 %xor_ln1019_220, i1 1"   --->   Operation 730 'xor' 'xor_ln1019_221' <Predicate = (!icmp_ln249)> <Delay = 0.00> <CoreInst = "LogicGate">   --->   Core 74 'LogicGate' <Latency = 0> <II = 1> <Delay = 0.28> <FuncUnit> <Opcode : 'and' 'or' 'xor'> <InPorts = 2> <OutPorts = 1>
ST_1 : Operation 731 [1/1] (0.00ns) (grouped into LUT with out node add_ln840_100)   --->   "%zext_ln1019_78 = zext i1 %xor_ln1019_221"   --->   Operation 731 'zext' 'zext_ln1019_78' <Predicate = (!icmp_ln249)> <Delay = 0.00>
ST_1 : Operation 732 [1/1] (0.00ns) (grouped into LUT with out node add_ln840_93)   --->   "%xor_ln1019_222 = xor i1 %p_Result_21, i1 %local_temp_V_111"   --->   Operation 732 'xor' 'xor_ln1019_222' <Predicate = (!icmp_ln249)> <Delay = 0.00> <CoreInst = "LogicGate">   --->   Core 74 'LogicGate' <Latency = 0> <II = 1> <Delay = 0.28> <FuncUnit> <Opcode : 'and' 'or' 'xor'> <InPorts = 2> <OutPorts = 1>
ST_1 : Operation 733 [1/1] (0.00ns) (grouped into LUT with out node add_ln840_93)   --->   "%xor_ln1019_223 = xor i1 %xor_ln1019_222, i1 1"   --->   Operation 733 'xor' 'xor_ln1019_223' <Predicate = (!icmp_ln249)> <Delay = 0.00> <CoreInst = "LogicGate">   --->   Core 74 'LogicGate' <Latency = 0> <II = 1> <Delay = 0.28> <FuncUnit> <Opcode : 'and' 'or' 'xor'> <InPorts = 2> <OutPorts = 1>
ST_1 : Operation 734 [1/1] (0.00ns) (grouped into LUT with out node add_ln840_93)   --->   "%zext_ln1019_79 = zext i1 %xor_ln1019_223"   --->   Operation 734 'zext' 'zext_ln1019_79' <Predicate = (!icmp_ln249)> <Delay = 0.00>
ST_1 : Operation 735 [1/1] (0.00ns) (grouped into LUT with out node add_ln840_93)   --->   "%xor_ln1019_224 = xor i1 %p_Result_22, i1 %local_temp_V_112"   --->   Operation 735 'xor' 'xor_ln1019_224' <Predicate = (!icmp_ln249)> <Delay = 0.00> <CoreInst = "LogicGate">   --->   Core 74 'LogicGate' <Latency = 0> <II = 1> <Delay = 0.28> <FuncUnit> <Opcode : 'and' 'or' 'xor'> <InPorts = 2> <OutPorts = 1>
ST_1 : Operation 736 [1/1] (0.00ns) (grouped into LUT with out node add_ln840_93)   --->   "%xor_ln1019_225 = xor i1 %xor_ln1019_224, i1 1"   --->   Operation 736 'xor' 'xor_ln1019_225' <Predicate = (!icmp_ln249)> <Delay = 0.00> <CoreInst = "LogicGate">   --->   Core 74 'LogicGate' <Latency = 0> <II = 1> <Delay = 0.28> <FuncUnit> <Opcode : 'and' 'or' 'xor'> <InPorts = 2> <OutPorts = 1>
ST_1 : Operation 737 [1/1] (0.00ns) (grouped into LUT with out node add_ln840_93)   --->   "%zext_ln1019_80 = zext i1 %xor_ln1019_225"   --->   Operation 737 'zext' 'zext_ln1019_80' <Predicate = (!icmp_ln249)> <Delay = 0.00>
ST_1 : Operation 738 [1/1] (0.00ns) (grouped into LUT with out node add_ln840_96)   --->   "%xor_ln1019_226 = xor i1 %p_Result_23, i1 %local_temp_V_113"   --->   Operation 738 'xor' 'xor_ln1019_226' <Predicate = (!icmp_ln249)> <Delay = 0.00> <CoreInst = "LogicGate">   --->   Core 74 'LogicGate' <Latency = 0> <II = 1> <Delay = 0.28> <FuncUnit> <Opcode : 'and' 'or' 'xor'> <InPorts = 2> <OutPorts = 1>
ST_1 : Operation 739 [1/1] (0.00ns) (grouped into LUT with out node add_ln840_96)   --->   "%xor_ln1019_227 = xor i1 %xor_ln1019_226, i1 1"   --->   Operation 739 'xor' 'xor_ln1019_227' <Predicate = (!icmp_ln249)> <Delay = 0.00> <CoreInst = "LogicGate">   --->   Core 74 'LogicGate' <Latency = 0> <II = 1> <Delay = 0.28> <FuncUnit> <Opcode : 'and' 'or' 'xor'> <InPorts = 2> <OutPorts = 1>
ST_1 : Operation 740 [1/1] (0.00ns) (grouped into LUT with out node add_ln840_96)   --->   "%zext_ln1019_81 = zext i1 %xor_ln1019_227"   --->   Operation 740 'zext' 'zext_ln1019_81' <Predicate = (!icmp_ln249)> <Delay = 0.00>
ST_1 : Operation 741 [1/1] (0.00ns) (grouped into LUT with out node add_ln840_96)   --->   "%xor_ln1019_228 = xor i1 %p_Result_24, i1 %local_temp_V_114"   --->   Operation 741 'xor' 'xor_ln1019_228' <Predicate = (!icmp_ln249)> <Delay = 0.00> <CoreInst = "LogicGate">   --->   Core 74 'LogicGate' <Latency = 0> <II = 1> <Delay = 0.28> <FuncUnit> <Opcode : 'and' 'or' 'xor'> <InPorts = 2> <OutPorts = 1>
ST_1 : Operation 742 [1/1] (0.00ns) (grouped into LUT with out node add_ln840_96)   --->   "%xor_ln1019_229 = xor i1 %xor_ln1019_228, i1 1"   --->   Operation 742 'xor' 'xor_ln1019_229' <Predicate = (!icmp_ln249)> <Delay = 0.00> <CoreInst = "LogicGate">   --->   Core 74 'LogicGate' <Latency = 0> <II = 1> <Delay = 0.28> <FuncUnit> <Opcode : 'and' 'or' 'xor'> <InPorts = 2> <OutPorts = 1>
ST_1 : Operation 743 [1/1] (0.00ns) (grouped into LUT with out node add_ln840_96)   --->   "%zext_ln1019_82 = zext i1 %xor_ln1019_229"   --->   Operation 743 'zext' 'zext_ln1019_82' <Predicate = (!icmp_ln249)> <Delay = 0.00>
ST_1 : Operation 744 [1/1] (0.00ns) (grouped into LUT with out node add_ln840_92)   --->   "%xor_ln1019_230 = xor i1 %p_Result_25, i1 %local_temp_V_115"   --->   Operation 744 'xor' 'xor_ln1019_230' <Predicate = (!icmp_ln249)> <Delay = 0.00> <CoreInst = "LogicGate">   --->   Core 74 'LogicGate' <Latency = 0> <II = 1> <Delay = 0.28> <FuncUnit> <Opcode : 'and' 'or' 'xor'> <InPorts = 2> <OutPorts = 1>
ST_1 : Operation 745 [1/1] (0.00ns) (grouped into LUT with out node add_ln840_92)   --->   "%xor_ln1019_231 = xor i1 %xor_ln1019_230, i1 1"   --->   Operation 745 'xor' 'xor_ln1019_231' <Predicate = (!icmp_ln249)> <Delay = 0.00> <CoreInst = "LogicGate">   --->   Core 74 'LogicGate' <Latency = 0> <II = 1> <Delay = 0.28> <FuncUnit> <Opcode : 'and' 'or' 'xor'> <InPorts = 2> <OutPorts = 1>
ST_1 : Operation 746 [1/1] (0.00ns) (grouped into LUT with out node add_ln840_92)   --->   "%zext_ln1019_83 = zext i1 %xor_ln1019_231"   --->   Operation 746 'zext' 'zext_ln1019_83' <Predicate = (!icmp_ln249)> <Delay = 0.00>
ST_1 : Operation 747 [1/1] (0.00ns) (grouped into LUT with out node add_ln840_92)   --->   "%xor_ln1019_232 = xor i1 %p_Result_26, i1 %local_temp_V_116"   --->   Operation 747 'xor' 'xor_ln1019_232' <Predicate = (!icmp_ln249)> <Delay = 0.00> <CoreInst = "LogicGate">   --->   Core 74 'LogicGate' <Latency = 0> <II = 1> <Delay = 0.28> <FuncUnit> <Opcode : 'and' 'or' 'xor'> <InPorts = 2> <OutPorts = 1>
ST_1 : Operation 748 [1/1] (0.00ns) (grouped into LUT with out node add_ln840_92)   --->   "%xor_ln1019_233 = xor i1 %xor_ln1019_232, i1 1"   --->   Operation 748 'xor' 'xor_ln1019_233' <Predicate = (!icmp_ln249)> <Delay = 0.00> <CoreInst = "LogicGate">   --->   Core 74 'LogicGate' <Latency = 0> <II = 1> <Delay = 0.28> <FuncUnit> <Opcode : 'and' 'or' 'xor'> <InPorts = 2> <OutPorts = 1>
ST_1 : Operation 749 [1/1] (0.00ns) (grouped into LUT with out node add_ln840_92)   --->   "%zext_ln1019_84 = zext i1 %xor_ln1019_233"   --->   Operation 749 'zext' 'zext_ln1019_84' <Predicate = (!icmp_ln249)> <Delay = 0.00>
ST_1 : Operation 750 [1/1] (0.00ns) (grouped into LUT with out node add_ln840_90)   --->   "%xor_ln1019_234 = xor i1 %p_Result_27, i1 %local_temp_V_117"   --->   Operation 750 'xor' 'xor_ln1019_234' <Predicate = (!icmp_ln249)> <Delay = 0.00> <CoreInst = "LogicGate">   --->   Core 74 'LogicGate' <Latency = 0> <II = 1> <Delay = 0.28> <FuncUnit> <Opcode : 'and' 'or' 'xor'> <InPorts = 2> <OutPorts = 1>
ST_1 : Operation 751 [1/1] (0.00ns) (grouped into LUT with out node add_ln840_90)   --->   "%xor_ln1019_235 = xor i1 %xor_ln1019_234, i1 1"   --->   Operation 751 'xor' 'xor_ln1019_235' <Predicate = (!icmp_ln249)> <Delay = 0.00> <CoreInst = "LogicGate">   --->   Core 74 'LogicGate' <Latency = 0> <II = 1> <Delay = 0.28> <FuncUnit> <Opcode : 'and' 'or' 'xor'> <InPorts = 2> <OutPorts = 1>
ST_1 : Operation 752 [1/1] (0.00ns) (grouped into LUT with out node add_ln840_90)   --->   "%zext_ln1019_85 = zext i1 %xor_ln1019_235"   --->   Operation 752 'zext' 'zext_ln1019_85' <Predicate = (!icmp_ln249)> <Delay = 0.00>
ST_1 : Operation 753 [1/1] (0.00ns) (grouped into LUT with out node add_ln840_90)   --->   "%xor_ln1019_236 = xor i1 %p_Result_28, i1 %local_temp_V_118"   --->   Operation 753 'xor' 'xor_ln1019_236' <Predicate = (!icmp_ln249)> <Delay = 0.00> <CoreInst = "LogicGate">   --->   Core 74 'LogicGate' <Latency = 0> <II = 1> <Delay = 0.28> <FuncUnit> <Opcode : 'and' 'or' 'xor'> <InPorts = 2> <OutPorts = 1>
ST_1 : Operation 754 [1/1] (0.00ns) (grouped into LUT with out node add_ln840_90)   --->   "%xor_ln1019_237 = xor i1 %xor_ln1019_236, i1 1"   --->   Operation 754 'xor' 'xor_ln1019_237' <Predicate = (!icmp_ln249)> <Delay = 0.00> <CoreInst = "LogicGate">   --->   Core 74 'LogicGate' <Latency = 0> <II = 1> <Delay = 0.28> <FuncUnit> <Opcode : 'and' 'or' 'xor'> <InPorts = 2> <OutPorts = 1>
ST_1 : Operation 755 [1/1] (0.00ns) (grouped into LUT with out node add_ln840_90)   --->   "%zext_ln1019_86 = zext i1 %xor_ln1019_237"   --->   Operation 755 'zext' 'zext_ln1019_86' <Predicate = (!icmp_ln249)> <Delay = 0.00>
ST_1 : Operation 756 [1/1] (0.00ns) (grouped into LUT with out node add_ln840_115)   --->   "%xor_ln1019_238 = xor i1 %p_Result_29, i1 %local_temp_V_119"   --->   Operation 756 'xor' 'xor_ln1019_238' <Predicate = (!icmp_ln249)> <Delay = 0.00> <CoreInst = "LogicGate">   --->   Core 74 'LogicGate' <Latency = 0> <II = 1> <Delay = 0.28> <FuncUnit> <Opcode : 'and' 'or' 'xor'> <InPorts = 2> <OutPorts = 1>
ST_1 : Operation 757 [1/1] (0.00ns) (grouped into LUT with out node add_ln840_115)   --->   "%xor_ln1019_239 = xor i1 %xor_ln1019_238, i1 1"   --->   Operation 757 'xor' 'xor_ln1019_239' <Predicate = (!icmp_ln249)> <Delay = 0.00> <CoreInst = "LogicGate">   --->   Core 74 'LogicGate' <Latency = 0> <II = 1> <Delay = 0.28> <FuncUnit> <Opcode : 'and' 'or' 'xor'> <InPorts = 2> <OutPorts = 1>
ST_1 : Operation 758 [1/1] (0.00ns) (grouped into LUT with out node add_ln840_115)   --->   "%zext_ln840_81 = zext i1 %xor_ln1019_239"   --->   Operation 758 'zext' 'zext_ln840_81' <Predicate = (!icmp_ln249)> <Delay = 0.00>
ST_1 : Operation 759 [1/1] (0.54ns) (out node of the LUT)   --->   "%add_ln840_90 = add i2 %zext_ln1019_85, i2 %zext_ln1019_86"   --->   Operation 759 'add' 'add_ln840_90' <Predicate = (!icmp_ln249)> <Delay = 0.54> <CoreInst = "Adder">   --->   Core 1 'Adder' <Latency = 0> <II = 1> <Delay = 0.54> <FuncUnit> <Opcode : 'add' 'sub'> <InPorts = 2> <OutPorts = 1>
ST_1 : Operation 760 [1/1] (0.00ns)   --->   "%zext_ln840_82 = zext i2 %add_ln840_90"   --->   Operation 760 'zext' 'zext_ln840_82' <Predicate = (!icmp_ln249)> <Delay = 0.00>
ST_1 : Operation 761 [1/1] (0.00ns) (grouped into TernaryAdder)   --->   "%add_ln840_91 = add i8 %zext_ln840_82, i8 %select_ln272_4"   --->   Operation 761 'add' 'add_ln840_91' <Predicate = (!icmp_ln249)> <Delay = 0.00> <CoreInst = "TAddSub">   --->   Core 10 'TAddSub' <Latency = 0> <II = 1> <Delay = 0.52> <IPBlock> <Opcode : 'add' 'sub'> <InPorts = 3> <OutPorts = 1> <Sync> <CReg>
ST_1 : Operation 762 [1/1] (0.54ns) (out node of the LUT)   --->   "%add_ln840_92 = add i2 %zext_ln1019_84, i2 %zext_ln1019_83"   --->   Operation 762 'add' 'add_ln840_92' <Predicate = (!icmp_ln249)> <Delay = 0.54> <CoreInst = "Adder">   --->   Core 1 'Adder' <Latency = 0> <II = 1> <Delay = 0.54> <FuncUnit> <Opcode : 'add' 'sub'> <InPorts = 2> <OutPorts = 1>
ST_1 : Operation 763 [1/1] (0.00ns)   --->   "%zext_ln840_83 = zext i2 %add_ln840_92"   --->   Operation 763 'zext' 'zext_ln840_83' <Predicate = (!icmp_ln249)> <Delay = 0.00>
ST_1 : Operation 764 [1/1] (0.54ns) (out node of the LUT)   --->   "%add_ln840_93 = add i2 %zext_ln1019_80, i2 %zext_ln1019_79"   --->   Operation 764 'add' 'add_ln840_93' <Predicate = (!icmp_ln249)> <Delay = 0.54> <CoreInst = "Adder">   --->   Core 1 'Adder' <Latency = 0> <II = 1> <Delay = 0.54> <FuncUnit> <Opcode : 'add' 'sub'> <InPorts = 2> <OutPorts = 1>
ST_1 : Operation 765 [1/1] (0.00ns)   --->   "%zext_ln840_84 = zext i2 %add_ln840_93"   --->   Operation 765 'zext' 'zext_ln840_84' <Predicate = (!icmp_ln249)> <Delay = 0.00>
ST_1 : Operation 766 [1/1] (0.54ns)   --->   "%add_ln840_94 = add i3 %zext_ln840_84, i3 %zext_ln840_83"   --->   Operation 766 'add' 'add_ln840_94' <Predicate = (!icmp_ln249)> <Delay = 0.54> <CoreInst = "Adder">   --->   Core 1 'Adder' <Latency = 0> <II = 1> <Delay = 0.54> <FuncUnit> <Opcode : 'add' 'sub'> <InPorts = 2> <OutPorts = 1>
ST_1 : Operation 767 [1/1] (0.00ns)   --->   "%zext_ln840_85 = zext i3 %add_ln840_94"   --->   Operation 767 'zext' 'zext_ln840_85' <Predicate = (!icmp_ln249)> <Delay = 0.00>
ST_1 : Operation 768 [1/1] (1.05ns) (root node of TernaryAdder)   --->   "%add_ln840_95 = add i8 %zext_ln840_85, i8 %add_ln840_91"   --->   Operation 768 'add' 'add_ln840_95' <Predicate = (!icmp_ln249)> <Delay = 1.05> <CoreInst = "TAddSub">   --->   Core 10 'TAddSub' <Latency = 0> <II = 1> <Delay = 0.52> <IPBlock> <Opcode : 'add' 'sub'> <InPorts = 3> <OutPorts = 1> <Sync> <CReg>
ST_1 : Operation 769 [1/1] (0.54ns) (out node of the LUT)   --->   "%add_ln840_96 = add i2 %zext_ln1019_82, i2 %zext_ln1019_81"   --->   Operation 769 'add' 'add_ln840_96' <Predicate = (!icmp_ln249)> <Delay = 0.54> <CoreInst = "Adder">   --->   Core 1 'Adder' <Latency = 0> <II = 1> <Delay = 0.54> <FuncUnit> <Opcode : 'add' 'sub'> <InPorts = 2> <OutPorts = 1>
ST_1 : Operation 770 [1/1] (0.00ns)   --->   "%zext_ln840_86 = zext i2 %add_ln840_96"   --->   Operation 770 'zext' 'zext_ln840_86' <Predicate = (!icmp_ln249)> <Delay = 0.00>
ST_1 : Operation 771 [1/1] (0.54ns) (out node of the LUT)   --->   "%add_ln840_97 = add i2 %zext_ln1019_72, i2 %zext_ln1019_74"   --->   Operation 771 'add' 'add_ln840_97' <Predicate = (!icmp_ln249)> <Delay = 0.54> <CoreInst = "Adder">   --->   Core 1 'Adder' <Latency = 0> <II = 1> <Delay = 0.54> <FuncUnit> <Opcode : 'add' 'sub'> <InPorts = 2> <OutPorts = 1>
ST_1 : Operation 772 [1/1] (0.00ns)   --->   "%zext_ln840_87 = zext i2 %add_ln840_97"   --->   Operation 772 'zext' 'zext_ln840_87' <Predicate = (!icmp_ln249)> <Delay = 0.00>
ST_1 : Operation 773 [1/1] (0.54ns)   --->   "%add_ln840_98 = add i3 %zext_ln840_87, i3 %zext_ln840_86"   --->   Operation 773 'add' 'add_ln840_98' <Predicate = (!icmp_ln249)> <Delay = 0.54> <CoreInst = "Adder">   --->   Core 1 'Adder' <Latency = 0> <II = 1> <Delay = 0.54> <FuncUnit> <Opcode : 'add' 'sub'> <InPorts = 2> <OutPorts = 1>
ST_1 : Operation 774 [1/1] (0.00ns)   --->   "%zext_ln840_88 = zext i3 %add_ln840_98"   --->   Operation 774 'zext' 'zext_ln840_88' <Predicate = (!icmp_ln249)> <Delay = 0.00>
ST_1 : Operation 775 [1/1] (0.54ns) (out node of the LUT)   --->   "%add_ln840_99 = add i2 %zext_ln1019_73, i2 %zext_ln1019_76"   --->   Operation 775 'add' 'add_ln840_99' <Predicate = (!icmp_ln249)> <Delay = 0.54> <CoreInst = "Adder">   --->   Core 1 'Adder' <Latency = 0> <II = 1> <Delay = 0.54> <FuncUnit> <Opcode : 'add' 'sub'> <InPorts = 2> <OutPorts = 1>
ST_1 : Operation 776 [1/1] (0.00ns)   --->   "%zext_ln840_89 = zext i2 %add_ln840_99"   --->   Operation 776 'zext' 'zext_ln840_89' <Predicate = (!icmp_ln249)> <Delay = 0.00>
ST_1 : Operation 777 [1/1] (0.54ns) (out node of the LUT)   --->   "%add_ln840_100 = add i2 %zext_ln1019_75, i2 %zext_ln1019_78"   --->   Operation 777 'add' 'add_ln840_100' <Predicate = (!icmp_ln249)> <Delay = 0.54> <CoreInst = "Adder">   --->   Core 1 'Adder' <Latency = 0> <II = 1> <Delay = 0.54> <FuncUnit> <Opcode : 'add' 'sub'> <InPorts = 2> <OutPorts = 1>
ST_1 : Operation 778 [1/1] (0.00ns)   --->   "%zext_ln840_90 = zext i2 %add_ln840_100"   --->   Operation 778 'zext' 'zext_ln840_90' <Predicate = (!icmp_ln249)> <Delay = 0.00>
ST_1 : Operation 779 [1/1] (0.54ns)   --->   "%add_ln840_101 = add i3 %zext_ln840_90, i3 %zext_ln840_89"   --->   Operation 779 'add' 'add_ln840_101' <Predicate = (!icmp_ln249)> <Delay = 0.54> <CoreInst = "Adder">   --->   Core 1 'Adder' <Latency = 0> <II = 1> <Delay = 0.54> <FuncUnit> <Opcode : 'add' 'sub'> <InPorts = 2> <OutPorts = 1>
ST_1 : Operation 780 [1/1] (0.00ns)   --->   "%zext_ln840_91 = zext i3 %add_ln840_101"   --->   Operation 780 'zext' 'zext_ln840_91' <Predicate = (!icmp_ln249)> <Delay = 0.00>
ST_1 : Operation 781 [1/1] (0.67ns)   --->   "%add_ln840_102 = add i4 %zext_ln840_91, i4 %zext_ln840_88"   --->   Operation 781 'add' 'add_ln840_102' <Predicate = (!icmp_ln249)> <Delay = 0.67> <CoreInst = "Adder">   --->   Core 1 'Adder' <Latency = 0> <II = 1> <Delay = 0.67> <FuncUnit> <Opcode : 'add' 'sub'> <InPorts = 2> <OutPorts = 1>
ST_1 : Operation 782 [1/1] (0.00ns)   --->   "%zext_ln840_92 = zext i4 %add_ln840_102"   --->   Operation 782 'zext' 'zext_ln840_92' <Predicate = (!icmp_ln249)> <Delay = 0.00>
ST_1 : Operation 783 [1/1] (0.00ns) (grouped into TernaryAdder)   --->   "%add_ln840_103 = add i8 %zext_ln840_92, i8 %add_ln840_95"   --->   Operation 783 'add' 'add_ln840_103' <Predicate = (!icmp_ln249)> <Delay = 0.00> <CoreInst = "TAddSub">   --->   Core 10 'TAddSub' <Latency = 0> <II = 1> <Delay = 0.52> <IPBlock> <Opcode : 'add' 'sub'> <InPorts = 3> <OutPorts = 1> <Sync> <CReg>
ST_1 : Operation 784 [1/1] (0.54ns) (out node of the LUT)   --->   "%add_ln840_104 = add i2 %zext_ln1019_77, i2 %zext_ln1019_59"   --->   Operation 784 'add' 'add_ln840_104' <Predicate = (!icmp_ln249)> <Delay = 0.54> <CoreInst = "Adder">   --->   Core 1 'Adder' <Latency = 0> <II = 1> <Delay = 0.54> <FuncUnit> <Opcode : 'add' 'sub'> <InPorts = 2> <OutPorts = 1>
ST_1 : Operation 785 [1/1] (0.00ns)   --->   "%zext_ln840_93 = zext i2 %add_ln840_104"   --->   Operation 785 'zext' 'zext_ln840_93' <Predicate = (!icmp_ln249)> <Delay = 0.00>
ST_1 : Operation 786 [1/1] (0.54ns) (out node of the LUT)   --->   "%add_ln840_105 = add i2 %zext_ln1019_58, i2 %zext_ln1019_61"   --->   Operation 786 'add' 'add_ln840_105' <Predicate = (!icmp_ln249)> <Delay = 0.54> <CoreInst = "Adder">   --->   Core 1 'Adder' <Latency = 0> <II = 1> <Delay = 0.54> <FuncUnit> <Opcode : 'add' 'sub'> <InPorts = 2> <OutPorts = 1>
ST_1 : Operation 787 [1/1] (0.00ns)   --->   "%zext_ln840_94 = zext i2 %add_ln840_105"   --->   Operation 787 'zext' 'zext_ln840_94' <Predicate = (!icmp_ln249)> <Delay = 0.00>
ST_1 : Operation 788 [1/1] (0.54ns)   --->   "%add_ln840_106 = add i3 %zext_ln840_94, i3 %zext_ln840_93"   --->   Operation 788 'add' 'add_ln840_106' <Predicate = (!icmp_ln249)> <Delay = 0.54> <CoreInst = "Adder">   --->   Core 1 'Adder' <Latency = 0> <II = 1> <Delay = 0.54> <FuncUnit> <Opcode : 'add' 'sub'> <InPorts = 2> <OutPorts = 1>
ST_1 : Operation 789 [1/1] (0.00ns)   --->   "%zext_ln840_95 = zext i3 %add_ln840_106"   --->   Operation 789 'zext' 'zext_ln840_95' <Predicate = (!icmp_ln249)> <Delay = 0.00>
ST_1 : Operation 790 [1/1] (0.54ns) (out node of the LUT)   --->   "%add_ln840_107 = add i2 %zext_ln1019_60, i2 %zext_ln1019_63"   --->   Operation 790 'add' 'add_ln840_107' <Predicate = (!icmp_ln249)> <Delay = 0.54> <CoreInst = "Adder">   --->   Core 1 'Adder' <Latency = 0> <II = 1> <Delay = 0.54> <FuncUnit> <Opcode : 'add' 'sub'> <InPorts = 2> <OutPorts = 1>
ST_1 : Operation 791 [1/1] (0.00ns)   --->   "%zext_ln840_96 = zext i2 %add_ln840_107"   --->   Operation 791 'zext' 'zext_ln840_96' <Predicate = (!icmp_ln249)> <Delay = 0.00>
ST_1 : Operation 792 [1/1] (0.54ns) (out node of the LUT)   --->   "%add_ln840_108 = add i2 %zext_ln1019_62, i2 %zext_ln1019_65"   --->   Operation 792 'add' 'add_ln840_108' <Predicate = (!icmp_ln249)> <Delay = 0.54> <CoreInst = "Adder">   --->   Core 1 'Adder' <Latency = 0> <II = 1> <Delay = 0.54> <FuncUnit> <Opcode : 'add' 'sub'> <InPorts = 2> <OutPorts = 1>
ST_1 : Operation 793 [1/1] (0.00ns)   --->   "%zext_ln840_97 = zext i2 %add_ln840_108"   --->   Operation 793 'zext' 'zext_ln840_97' <Predicate = (!icmp_ln249)> <Delay = 0.00>
ST_1 : Operation 794 [1/1] (0.54ns)   --->   "%add_ln840_109 = add i3 %zext_ln840_97, i3 %zext_ln840_96"   --->   Operation 794 'add' 'add_ln840_109' <Predicate = (!icmp_ln249)> <Delay = 0.54> <CoreInst = "Adder">   --->   Core 1 'Adder' <Latency = 0> <II = 1> <Delay = 0.54> <FuncUnit> <Opcode : 'add' 'sub'> <InPorts = 2> <OutPorts = 1>
ST_1 : Operation 795 [1/1] (0.00ns)   --->   "%zext_ln840_98 = zext i3 %add_ln840_109"   --->   Operation 795 'zext' 'zext_ln840_98' <Predicate = (!icmp_ln249)> <Delay = 0.00>
ST_1 : Operation 796 [1/1] (0.67ns)   --->   "%add_ln840_110 = add i4 %zext_ln840_98, i4 %zext_ln840_95"   --->   Operation 796 'add' 'add_ln840_110' <Predicate = (!icmp_ln249)> <Delay = 0.67> <CoreInst = "Adder">   --->   Core 1 'Adder' <Latency = 0> <II = 1> <Delay = 0.67> <FuncUnit> <Opcode : 'add' 'sub'> <InPorts = 2> <OutPorts = 1>
ST_1 : Operation 797 [1/1] (0.00ns)   --->   "%zext_ln840_99 = zext i4 %add_ln840_110"   --->   Operation 797 'zext' 'zext_ln840_99' <Predicate = (!icmp_ln249)> <Delay = 0.00>
ST_1 : Operation 798 [1/1] (0.54ns) (out node of the LUT)   --->   "%add_ln840_111 = add i2 %zext_ln1019_64, i2 %zext_ln1019_67"   --->   Operation 798 'add' 'add_ln840_111' <Predicate = (!icmp_ln249)> <Delay = 0.54> <CoreInst = "Adder">   --->   Core 1 'Adder' <Latency = 0> <II = 1> <Delay = 0.54> <FuncUnit> <Opcode : 'add' 'sub'> <InPorts = 2> <OutPorts = 1>
ST_1 : Operation 799 [1/1] (0.00ns)   --->   "%zext_ln840_100 = zext i2 %add_ln840_111"   --->   Operation 799 'zext' 'zext_ln840_100' <Predicate = (!icmp_ln249)> <Delay = 0.00>
ST_1 : Operation 800 [1/1] (0.54ns) (out node of the LUT)   --->   "%add_ln840_112 = add i2 %zext_ln1019_66, i2 %zext_ln1019_69"   --->   Operation 800 'add' 'add_ln840_112' <Predicate = (!icmp_ln249)> <Delay = 0.54> <CoreInst = "Adder">   --->   Core 1 'Adder' <Latency = 0> <II = 1> <Delay = 0.54> <FuncUnit> <Opcode : 'add' 'sub'> <InPorts = 2> <OutPorts = 1>
ST_1 : Operation 801 [1/1] (0.00ns)   --->   "%zext_ln840_101 = zext i2 %add_ln840_112"   --->   Operation 801 'zext' 'zext_ln840_101' <Predicate = (!icmp_ln249)> <Delay = 0.00>
ST_1 : Operation 802 [1/1] (0.54ns)   --->   "%add_ln840_113 = add i3 %zext_ln840_101, i3 %zext_ln840_100"   --->   Operation 802 'add' 'add_ln840_113' <Predicate = (!icmp_ln249)> <Delay = 0.54> <CoreInst = "Adder">   --->   Core 1 'Adder' <Latency = 0> <II = 1> <Delay = 0.54> <FuncUnit> <Opcode : 'add' 'sub'> <InPorts = 2> <OutPorts = 1>
ST_1 : Operation 803 [1/1] (0.00ns)   --->   "%zext_ln840_102 = zext i3 %add_ln840_113"   --->   Operation 803 'zext' 'zext_ln840_102' <Predicate = (!icmp_ln249)> <Delay = 0.00>
ST_1 : Operation 804 [1/1] (0.54ns) (out node of the LUT)   --->   "%add_ln840_114 = add i2 %zext_ln1019_68, i2 %zext_ln1019_71"   --->   Operation 804 'add' 'add_ln840_114' <Predicate = (!icmp_ln249)> <Delay = 0.54> <CoreInst = "Adder">   --->   Core 1 'Adder' <Latency = 0> <II = 1> <Delay = 0.54> <FuncUnit> <Opcode : 'add' 'sub'> <InPorts = 2> <OutPorts = 1>
ST_1 : Operation 805 [1/1] (0.00ns)   --->   "%zext_ln840_103 = zext i2 %add_ln840_114"   --->   Operation 805 'zext' 'zext_ln840_103' <Predicate = (!icmp_ln249)> <Delay = 0.00>
ST_1 : Operation 806 [1/1] (0.54ns) (out node of the LUT)   --->   "%add_ln840_115 = add i2 %zext_ln1019_70, i2 %zext_ln840_81"   --->   Operation 806 'add' 'add_ln840_115' <Predicate = (!icmp_ln249)> <Delay = 0.54> <CoreInst = "Adder">   --->   Core 1 'Adder' <Latency = 0> <II = 1> <Delay = 0.54> <FuncUnit> <Opcode : 'add' 'sub'> <InPorts = 2> <OutPorts = 1>
ST_1 : Operation 807 [1/1] (0.00ns)   --->   "%zext_ln840_104 = zext i2 %add_ln840_115"   --->   Operation 807 'zext' 'zext_ln840_104' <Predicate = (!icmp_ln249)> <Delay = 0.00>
ST_1 : Operation 808 [1/1] (0.54ns)   --->   "%add_ln840_116 = add i3 %zext_ln840_104, i3 %zext_ln840_103"   --->   Operation 808 'add' 'add_ln840_116' <Predicate = (!icmp_ln249)> <Delay = 0.54> <CoreInst = "Adder">   --->   Core 1 'Adder' <Latency = 0> <II = 1> <Delay = 0.54> <FuncUnit> <Opcode : 'add' 'sub'> <InPorts = 2> <OutPorts = 1>
ST_1 : Operation 809 [1/1] (0.00ns)   --->   "%zext_ln840_105 = zext i3 %add_ln840_116"   --->   Operation 809 'zext' 'zext_ln840_105' <Predicate = (!icmp_ln249)> <Delay = 0.00>
ST_1 : Operation 810 [1/1] (0.67ns)   --->   "%add_ln840_117 = add i4 %zext_ln840_105, i4 %zext_ln840_102"   --->   Operation 810 'add' 'add_ln840_117' <Predicate = (!icmp_ln249)> <Delay = 0.67> <CoreInst = "Adder">   --->   Core 1 'Adder' <Latency = 0> <II = 1> <Delay = 0.67> <FuncUnit> <Opcode : 'add' 'sub'> <InPorts = 2> <OutPorts = 1>
ST_1 : Operation 811 [1/1] (0.00ns)   --->   "%zext_ln840_106 = zext i4 %add_ln840_117"   --->   Operation 811 'zext' 'zext_ln840_106' <Predicate = (!icmp_ln249)> <Delay = 0.00>
ST_1 : Operation 812 [1/1] (0.79ns)   --->   "%add_ln840_118 = add i5 %zext_ln840_106, i5 %zext_ln840_99"   --->   Operation 812 'add' 'add_ln840_118' <Predicate = (!icmp_ln249)> <Delay = 0.79> <CoreInst = "Adder">   --->   Core 1 'Adder' <Latency = 0> <II = 1> <Delay = 0.79> <FuncUnit> <Opcode : 'add' 'sub'> <InPorts = 2> <OutPorts = 1>
ST_1 : Operation 813 [1/1] (0.00ns)   --->   "%zext_ln840_107 = zext i5 %add_ln840_118"   --->   Operation 813 'zext' 'zext_ln840_107' <Predicate = (!icmp_ln249)> <Delay = 0.00>
ST_1 : Operation 814 [1/1] (1.05ns) (root node of TernaryAdder)   --->   "%add_ln840_119 = add i8 %zext_ln840_107, i8 %add_ln840_103"   --->   Operation 814 'add' 'add_ln840_119' <Predicate = (!icmp_ln249)> <Delay = 1.05> <CoreInst = "TAddSub">   --->   Core 10 'TAddSub' <Latency = 0> <II = 1> <Delay = 0.52> <IPBlock> <Opcode : 'add' 'sub'> <InPorts = 3> <OutPorts = 1> <Sync> <CReg>
ST_1 : Operation 815 [1/1] (0.00ns) (grouped into LUT with out node add_ln840_135)   --->   "%local_temp_V_120 = bitselect i1 @_ssdm_op_BitSelect.i1.i240.i32, i240 %W_packed_V, i32 120"   --->   Operation 815 'bitselect' 'local_temp_V_120' <Predicate = (!icmp_ln249)> <Delay = 0.00>
ST_1 : Operation 816 [1/1] (0.00ns) (grouped into LUT with out node add_ln840_134)   --->   "%local_temp_V_121 = bitselect i1 @_ssdm_op_BitSelect.i1.i240.i32, i240 %W_packed_V, i32 121"   --->   Operation 816 'bitselect' 'local_temp_V_121' <Predicate = (!icmp_ln249)> <Delay = 0.00>
ST_1 : Operation 817 [1/1] (0.00ns) (grouped into LUT with out node add_ln840_137)   --->   "%local_temp_V_122 = bitselect i1 @_ssdm_op_BitSelect.i1.i240.i32, i240 %W_packed_V, i32 122"   --->   Operation 817 'bitselect' 'local_temp_V_122' <Predicate = (!icmp_ln249)> <Delay = 0.00>
ST_1 : Operation 818 [1/1] (0.00ns) (grouped into LUT with out node add_ln840_135)   --->   "%local_temp_V_123 = bitselect i1 @_ssdm_op_BitSelect.i1.i240.i32, i240 %W_packed_V, i32 123"   --->   Operation 818 'bitselect' 'local_temp_V_123' <Predicate = (!icmp_ln249)> <Delay = 0.00>
ST_1 : Operation 819 [1/1] (0.00ns) (grouped into LUT with out node add_ln840_138)   --->   "%local_temp_V_124 = bitselect i1 @_ssdm_op_BitSelect.i1.i240.i32, i240 %W_packed_V, i32 124"   --->   Operation 819 'bitselect' 'local_temp_V_124' <Predicate = (!icmp_ln249)> <Delay = 0.00>
ST_1 : Operation 820 [1/1] (0.00ns) (grouped into LUT with out node add_ln840_137)   --->   "%local_temp_V_125 = bitselect i1 @_ssdm_op_BitSelect.i1.i240.i32, i240 %W_packed_V, i32 125"   --->   Operation 820 'bitselect' 'local_temp_V_125' <Predicate = (!icmp_ln249)> <Delay = 0.00>
ST_1 : Operation 821 [1/1] (0.00ns) (grouped into LUT with out node add_ln840_141)   --->   "%local_temp_V_126 = bitselect i1 @_ssdm_op_BitSelect.i1.i240.i32, i240 %W_packed_V, i32 126"   --->   Operation 821 'bitselect' 'local_temp_V_126' <Predicate = (!icmp_ln249)> <Delay = 0.00>
ST_1 : Operation 822 [1/1] (0.00ns) (grouped into LUT with out node add_ln840_138)   --->   "%local_temp_V_127 = bitselect i1 @_ssdm_op_BitSelect.i1.i240.i32, i240 %W_packed_V, i32 127"   --->   Operation 822 'bitselect' 'local_temp_V_127' <Predicate = (!icmp_ln249)> <Delay = 0.00>
ST_1 : Operation 823 [1/1] (0.00ns) (grouped into LUT with out node add_ln840_142)   --->   "%local_temp_V_128 = bitselect i1 @_ssdm_op_BitSelect.i1.i240.i32, i240 %W_packed_V, i32 128"   --->   Operation 823 'bitselect' 'local_temp_V_128' <Predicate = (!icmp_ln249)> <Delay = 0.00>
ST_1 : Operation 824 [1/1] (0.00ns) (grouped into LUT with out node add_ln840_141)   --->   "%local_temp_V_129 = bitselect i1 @_ssdm_op_BitSelect.i1.i240.i32, i240 %W_packed_V, i32 129"   --->   Operation 824 'bitselect' 'local_temp_V_129' <Predicate = (!icmp_ln249)> <Delay = 0.00>
ST_1 : Operation 825 [1/1] (0.00ns) (grouped into LUT with out node add_ln840_144)   --->   "%local_temp_V_130 = bitselect i1 @_ssdm_op_BitSelect.i1.i240.i32, i240 %W_packed_V, i32 130"   --->   Operation 825 'bitselect' 'local_temp_V_130' <Predicate = (!icmp_ln249)> <Delay = 0.00>
ST_1 : Operation 826 [1/1] (0.00ns) (grouped into LUT with out node add_ln840_142)   --->   "%local_temp_V_131 = bitselect i1 @_ssdm_op_BitSelect.i1.i240.i32, i240 %W_packed_V, i32 131"   --->   Operation 826 'bitselect' 'local_temp_V_131' <Predicate = (!icmp_ln249)> <Delay = 0.00>
ST_1 : Operation 827 [1/1] (0.00ns) (grouped into LUT with out node add_ln840_145)   --->   "%local_temp_V_132 = bitselect i1 @_ssdm_op_BitSelect.i1.i240.i32, i240 %W_packed_V, i32 132"   --->   Operation 827 'bitselect' 'local_temp_V_132' <Predicate = (!icmp_ln249)> <Delay = 0.00>
ST_1 : Operation 828 [1/1] (0.00ns) (grouped into LUT with out node add_ln840_144)   --->   "%local_temp_V_133 = bitselect i1 @_ssdm_op_BitSelect.i1.i240.i32, i240 %W_packed_V, i32 133"   --->   Operation 828 'bitselect' 'local_temp_V_133' <Predicate = (!icmp_ln249)> <Delay = 0.00>
ST_1 : Operation 829 [1/1] (0.00ns) (grouped into LUT with out node add_ln840_127)   --->   "%local_temp_V_134 = bitselect i1 @_ssdm_op_BitSelect.i1.i240.i32, i240 %W_packed_V, i32 134"   --->   Operation 829 'bitselect' 'local_temp_V_134' <Predicate = (!icmp_ln249)> <Delay = 0.00>
ST_1 : Operation 830 [1/1] (0.00ns) (grouped into LUT with out node add_ln840_129)   --->   "%local_temp_V_135 = bitselect i1 @_ssdm_op_BitSelect.i1.i240.i32, i240 %W_packed_V, i32 135"   --->   Operation 830 'bitselect' 'local_temp_V_135' <Predicate = (!icmp_ln249)> <Delay = 0.00>
ST_1 : Operation 831 [1/1] (0.00ns) (grouped into LUT with out node add_ln840_127)   --->   "%local_temp_V_136 = bitselect i1 @_ssdm_op_BitSelect.i1.i240.i32, i240 %W_packed_V, i32 136"   --->   Operation 831 'bitselect' 'local_temp_V_136' <Predicate = (!icmp_ln249)> <Delay = 0.00>
ST_1 : Operation 832 [1/1] (0.00ns) (grouped into LUT with out node add_ln840_130)   --->   "%local_temp_V_137 = bitselect i1 @_ssdm_op_BitSelect.i1.i240.i32, i240 %W_packed_V, i32 137"   --->   Operation 832 'bitselect' 'local_temp_V_137' <Predicate = (!icmp_ln249)> <Delay = 0.00>
ST_1 : Operation 833 [1/1] (0.00ns) (grouped into LUT with out node add_ln840_129)   --->   "%local_temp_V_138 = bitselect i1 @_ssdm_op_BitSelect.i1.i240.i32, i240 %W_packed_V, i32 138"   --->   Operation 833 'bitselect' 'local_temp_V_138' <Predicate = (!icmp_ln249)> <Delay = 0.00>
ST_1 : Operation 834 [1/1] (0.00ns) (grouped into LUT with out node add_ln840_134)   --->   "%local_temp_V_139 = bitselect i1 @_ssdm_op_BitSelect.i1.i240.i32, i240 %W_packed_V, i32 139"   --->   Operation 834 'bitselect' 'local_temp_V_139' <Predicate = (!icmp_ln249)> <Delay = 0.00>
ST_1 : Operation 835 [1/1] (0.00ns) (grouped into LUT with out node add_ln840_130)   --->   "%local_temp_V_140 = bitselect i1 @_ssdm_op_BitSelect.i1.i240.i32, i240 %W_packed_V, i32 140"   --->   Operation 835 'bitselect' 'local_temp_V_140' <Predicate = (!icmp_ln249)> <Delay = 0.00>
ST_1 : Operation 836 [1/1] (0.00ns) (grouped into LUT with out node add_ln840_123)   --->   "%local_temp_V_141 = bitselect i1 @_ssdm_op_BitSelect.i1.i240.i32, i240 %W_packed_V, i32 141"   --->   Operation 836 'bitselect' 'local_temp_V_141' <Predicate = (!icmp_ln249)> <Delay = 0.00>
ST_1 : Operation 837 [1/1] (0.00ns) (grouped into LUT with out node add_ln840_123)   --->   "%local_temp_V_142 = bitselect i1 @_ssdm_op_BitSelect.i1.i240.i32, i240 %W_packed_V, i32 142"   --->   Operation 837 'bitselect' 'local_temp_V_142' <Predicate = (!icmp_ln249)> <Delay = 0.00>
ST_1 : Operation 838 [1/1] (0.00ns) (grouped into LUT with out node add_ln840_126)   --->   "%local_temp_V_143 = bitselect i1 @_ssdm_op_BitSelect.i1.i240.i32, i240 %W_packed_V, i32 143"   --->   Operation 838 'bitselect' 'local_temp_V_143' <Predicate = (!icmp_ln249)> <Delay = 0.00>
ST_1 : Operation 839 [1/1] (0.00ns) (grouped into LUT with out node add_ln840_126)   --->   "%local_temp_V_144 = bitselect i1 @_ssdm_op_BitSelect.i1.i240.i32, i240 %W_packed_V, i32 144"   --->   Operation 839 'bitselect' 'local_temp_V_144' <Predicate = (!icmp_ln249)> <Delay = 0.00>
ST_1 : Operation 840 [1/1] (0.00ns) (grouped into LUT with out node add_ln840_122)   --->   "%local_temp_V_145 = bitselect i1 @_ssdm_op_BitSelect.i1.i240.i32, i240 %W_packed_V, i32 145"   --->   Operation 840 'bitselect' 'local_temp_V_145' <Predicate = (!icmp_ln249)> <Delay = 0.00>
ST_1 : Operation 841 [1/1] (0.00ns) (grouped into LUT with out node add_ln840_122)   --->   "%local_temp_V_146 = bitselect i1 @_ssdm_op_BitSelect.i1.i240.i32, i240 %W_packed_V, i32 146"   --->   Operation 841 'bitselect' 'local_temp_V_146' <Predicate = (!icmp_ln249)> <Delay = 0.00>
ST_1 : Operation 842 [1/1] (0.00ns) (grouped into LUT with out node add_ln840_120)   --->   "%local_temp_V_147 = bitselect i1 @_ssdm_op_BitSelect.i1.i240.i32, i240 %W_packed_V, i32 147"   --->   Operation 842 'bitselect' 'local_temp_V_147' <Predicate = (!icmp_ln249)> <Delay = 0.00>
ST_1 : Operation 843 [1/1] (0.00ns) (grouped into LUT with out node add_ln840_120)   --->   "%local_temp_V_148 = bitselect i1 @_ssdm_op_BitSelect.i1.i240.i32, i240 %W_packed_V, i32 148"   --->   Operation 843 'bitselect' 'local_temp_V_148' <Predicate = (!icmp_ln249)> <Delay = 0.00>
ST_1 : Operation 844 [1/1] (0.00ns) (grouped into LUT with out node add_ln840_145)   --->   "%local_temp_V_149 = bitselect i1 @_ssdm_op_BitSelect.i1.i240.i32, i240 %W_packed_V, i32 149"   --->   Operation 844 'bitselect' 'local_temp_V_149' <Predicate = (!icmp_ln249)> <Delay = 0.00>
ST_1 : Operation 845 [1/1] (0.00ns) (grouped into LUT with out node add_ln840_135)   --->   "%xor_ln1019_240 = xor i1 1, i1 %local_temp_V_120"   --->   Operation 845 'xor' 'xor_ln1019_240' <Predicate = (!icmp_ln249)> <Delay = 0.00> <CoreInst = "LogicGate">   --->   Core 74 'LogicGate' <Latency = 0> <II = 1> <Delay = 0.28> <FuncUnit> <Opcode : 'and' 'or' 'xor'> <InPorts = 2> <OutPorts = 1>
ST_1 : Operation 846 [1/1] (0.00ns) (grouped into LUT with out node add_ln840_135)   --->   "%xor_ln1019_241 = xor i1 %xor_ln1019_240, i1 %p_Result_s"   --->   Operation 846 'xor' 'xor_ln1019_241' <Predicate = (!icmp_ln249)> <Delay = 0.00> <CoreInst = "LogicGate">   --->   Core 74 'LogicGate' <Latency = 0> <II = 1> <Delay = 0.28> <FuncUnit> <Opcode : 'and' 'or' 'xor'> <InPorts = 2> <OutPorts = 1>
ST_1 : Operation 847 [1/1] (0.00ns) (grouped into LUT with out node add_ln840_135)   --->   "%zext_ln1019_87 = zext i1 %xor_ln1019_241"   --->   Operation 847 'zext' 'zext_ln1019_87' <Predicate = (!icmp_ln249)> <Delay = 0.00>
ST_1 : Operation 848 [1/1] (0.00ns) (grouped into LUT with out node add_ln840_134)   --->   "%xor_ln1019_242 = xor i1 %p_Result_1, i1 %local_temp_V_121"   --->   Operation 848 'xor' 'xor_ln1019_242' <Predicate = (!icmp_ln249)> <Delay = 0.00> <CoreInst = "LogicGate">   --->   Core 74 'LogicGate' <Latency = 0> <II = 1> <Delay = 0.28> <FuncUnit> <Opcode : 'and' 'or' 'xor'> <InPorts = 2> <OutPorts = 1>
ST_1 : Operation 849 [1/1] (0.00ns) (grouped into LUT with out node add_ln840_134)   --->   "%xor_ln1019_243 = xor i1 %xor_ln1019_242, i1 1"   --->   Operation 849 'xor' 'xor_ln1019_243' <Predicate = (!icmp_ln249)> <Delay = 0.00> <CoreInst = "LogicGate">   --->   Core 74 'LogicGate' <Latency = 0> <II = 1> <Delay = 0.28> <FuncUnit> <Opcode : 'and' 'or' 'xor'> <InPorts = 2> <OutPorts = 1>
ST_1 : Operation 850 [1/1] (0.00ns) (grouped into LUT with out node add_ln840_134)   --->   "%zext_ln1019_88 = zext i1 %xor_ln1019_243"   --->   Operation 850 'zext' 'zext_ln1019_88' <Predicate = (!icmp_ln249)> <Delay = 0.00>
ST_1 : Operation 851 [1/1] (0.00ns) (grouped into LUT with out node add_ln840_137)   --->   "%xor_ln1019_244 = xor i1 %p_Result_2, i1 %local_temp_V_122"   --->   Operation 851 'xor' 'xor_ln1019_244' <Predicate = (!icmp_ln249)> <Delay = 0.00> <CoreInst = "LogicGate">   --->   Core 74 'LogicGate' <Latency = 0> <II = 1> <Delay = 0.28> <FuncUnit> <Opcode : 'and' 'or' 'xor'> <InPorts = 2> <OutPorts = 1>
ST_1 : Operation 852 [1/1] (0.00ns) (grouped into LUT with out node add_ln840_137)   --->   "%xor_ln1019_245 = xor i1 %xor_ln1019_244, i1 1"   --->   Operation 852 'xor' 'xor_ln1019_245' <Predicate = (!icmp_ln249)> <Delay = 0.00> <CoreInst = "LogicGate">   --->   Core 74 'LogicGate' <Latency = 0> <II = 1> <Delay = 0.28> <FuncUnit> <Opcode : 'and' 'or' 'xor'> <InPorts = 2> <OutPorts = 1>
ST_1 : Operation 853 [1/1] (0.00ns) (grouped into LUT with out node add_ln840_137)   --->   "%zext_ln1019_89 = zext i1 %xor_ln1019_245"   --->   Operation 853 'zext' 'zext_ln1019_89' <Predicate = (!icmp_ln249)> <Delay = 0.00>
ST_1 : Operation 854 [1/1] (0.00ns) (grouped into LUT with out node add_ln840_135)   --->   "%xor_ln1019_246 = xor i1 %p_Result_3, i1 %local_temp_V_123"   --->   Operation 854 'xor' 'xor_ln1019_246' <Predicate = (!icmp_ln249)> <Delay = 0.00> <CoreInst = "LogicGate">   --->   Core 74 'LogicGate' <Latency = 0> <II = 1> <Delay = 0.28> <FuncUnit> <Opcode : 'and' 'or' 'xor'> <InPorts = 2> <OutPorts = 1>
ST_1 : Operation 855 [1/1] (0.00ns) (grouped into LUT with out node add_ln840_135)   --->   "%xor_ln1019_247 = xor i1 %xor_ln1019_246, i1 1"   --->   Operation 855 'xor' 'xor_ln1019_247' <Predicate = (!icmp_ln249)> <Delay = 0.00> <CoreInst = "LogicGate">   --->   Core 74 'LogicGate' <Latency = 0> <II = 1> <Delay = 0.28> <FuncUnit> <Opcode : 'and' 'or' 'xor'> <InPorts = 2> <OutPorts = 1>
ST_1 : Operation 856 [1/1] (0.00ns) (grouped into LUT with out node add_ln840_135)   --->   "%zext_ln1019_90 = zext i1 %xor_ln1019_247"   --->   Operation 856 'zext' 'zext_ln1019_90' <Predicate = (!icmp_ln249)> <Delay = 0.00>
ST_1 : Operation 857 [1/1] (0.00ns) (grouped into LUT with out node add_ln840_138)   --->   "%xor_ln1019_248 = xor i1 %p_Result_4, i1 %local_temp_V_124"   --->   Operation 857 'xor' 'xor_ln1019_248' <Predicate = (!icmp_ln249)> <Delay = 0.00> <CoreInst = "LogicGate">   --->   Core 74 'LogicGate' <Latency = 0> <II = 1> <Delay = 0.28> <FuncUnit> <Opcode : 'and' 'or' 'xor'> <InPorts = 2> <OutPorts = 1>
ST_1 : Operation 858 [1/1] (0.00ns) (grouped into LUT with out node add_ln840_138)   --->   "%xor_ln1019_249 = xor i1 %xor_ln1019_248, i1 1"   --->   Operation 858 'xor' 'xor_ln1019_249' <Predicate = (!icmp_ln249)> <Delay = 0.00> <CoreInst = "LogicGate">   --->   Core 74 'LogicGate' <Latency = 0> <II = 1> <Delay = 0.28> <FuncUnit> <Opcode : 'and' 'or' 'xor'> <InPorts = 2> <OutPorts = 1>
ST_1 : Operation 859 [1/1] (0.00ns) (grouped into LUT with out node add_ln840_138)   --->   "%zext_ln1019_91 = zext i1 %xor_ln1019_249"   --->   Operation 859 'zext' 'zext_ln1019_91' <Predicate = (!icmp_ln249)> <Delay = 0.00>
ST_1 : Operation 860 [1/1] (0.00ns) (grouped into LUT with out node add_ln840_137)   --->   "%xor_ln1019_250 = xor i1 %p_Result_5, i1 %local_temp_V_125"   --->   Operation 860 'xor' 'xor_ln1019_250' <Predicate = (!icmp_ln249)> <Delay = 0.00> <CoreInst = "LogicGate">   --->   Core 74 'LogicGate' <Latency = 0> <II = 1> <Delay = 0.28> <FuncUnit> <Opcode : 'and' 'or' 'xor'> <InPorts = 2> <OutPorts = 1>
ST_1 : Operation 861 [1/1] (0.00ns) (grouped into LUT with out node add_ln840_137)   --->   "%xor_ln1019_251 = xor i1 %xor_ln1019_250, i1 1"   --->   Operation 861 'xor' 'xor_ln1019_251' <Predicate = (!icmp_ln249)> <Delay = 0.00> <CoreInst = "LogicGate">   --->   Core 74 'LogicGate' <Latency = 0> <II = 1> <Delay = 0.28> <FuncUnit> <Opcode : 'and' 'or' 'xor'> <InPorts = 2> <OutPorts = 1>
ST_1 : Operation 862 [1/1] (0.00ns) (grouped into LUT with out node add_ln840_137)   --->   "%zext_ln1019_92 = zext i1 %xor_ln1019_251"   --->   Operation 862 'zext' 'zext_ln1019_92' <Predicate = (!icmp_ln249)> <Delay = 0.00>
ST_1 : Operation 863 [1/1] (0.00ns) (grouped into LUT with out node add_ln840_141)   --->   "%xor_ln1019_252 = xor i1 %p_Result_6, i1 %local_temp_V_126"   --->   Operation 863 'xor' 'xor_ln1019_252' <Predicate = (!icmp_ln249)> <Delay = 0.00> <CoreInst = "LogicGate">   --->   Core 74 'LogicGate' <Latency = 0> <II = 1> <Delay = 0.28> <FuncUnit> <Opcode : 'and' 'or' 'xor'> <InPorts = 2> <OutPorts = 1>
ST_1 : Operation 864 [1/1] (0.00ns) (grouped into LUT with out node add_ln840_141)   --->   "%xor_ln1019_253 = xor i1 %xor_ln1019_252, i1 1"   --->   Operation 864 'xor' 'xor_ln1019_253' <Predicate = (!icmp_ln249)> <Delay = 0.00> <CoreInst = "LogicGate">   --->   Core 74 'LogicGate' <Latency = 0> <II = 1> <Delay = 0.28> <FuncUnit> <Opcode : 'and' 'or' 'xor'> <InPorts = 2> <OutPorts = 1>
ST_1 : Operation 865 [1/1] (0.00ns) (grouped into LUT with out node add_ln840_141)   --->   "%zext_ln1019_93 = zext i1 %xor_ln1019_253"   --->   Operation 865 'zext' 'zext_ln1019_93' <Predicate = (!icmp_ln249)> <Delay = 0.00>
ST_1 : Operation 866 [1/1] (0.00ns) (grouped into LUT with out node add_ln840_138)   --->   "%xor_ln1019_254 = xor i1 %p_Result_7, i1 %local_temp_V_127"   --->   Operation 866 'xor' 'xor_ln1019_254' <Predicate = (!icmp_ln249)> <Delay = 0.00> <CoreInst = "LogicGate">   --->   Core 74 'LogicGate' <Latency = 0> <II = 1> <Delay = 0.28> <FuncUnit> <Opcode : 'and' 'or' 'xor'> <InPorts = 2> <OutPorts = 1>
ST_1 : Operation 867 [1/1] (0.00ns) (grouped into LUT with out node add_ln840_138)   --->   "%xor_ln1019_255 = xor i1 %xor_ln1019_254, i1 1"   --->   Operation 867 'xor' 'xor_ln1019_255' <Predicate = (!icmp_ln249)> <Delay = 0.00> <CoreInst = "LogicGate">   --->   Core 74 'LogicGate' <Latency = 0> <II = 1> <Delay = 0.28> <FuncUnit> <Opcode : 'and' 'or' 'xor'> <InPorts = 2> <OutPorts = 1>
ST_1 : Operation 868 [1/1] (0.00ns) (grouped into LUT with out node add_ln840_138)   --->   "%zext_ln1019_94 = zext i1 %xor_ln1019_255"   --->   Operation 868 'zext' 'zext_ln1019_94' <Predicate = (!icmp_ln249)> <Delay = 0.00>
ST_1 : Operation 869 [1/1] (0.00ns) (grouped into LUT with out node add_ln840_142)   --->   "%xor_ln1019_256 = xor i1 %p_Result_8, i1 %local_temp_V_128"   --->   Operation 869 'xor' 'xor_ln1019_256' <Predicate = (!icmp_ln249)> <Delay = 0.00> <CoreInst = "LogicGate">   --->   Core 74 'LogicGate' <Latency = 0> <II = 1> <Delay = 0.28> <FuncUnit> <Opcode : 'and' 'or' 'xor'> <InPorts = 2> <OutPorts = 1>
ST_1 : Operation 870 [1/1] (0.00ns) (grouped into LUT with out node add_ln840_142)   --->   "%xor_ln1019_257 = xor i1 %xor_ln1019_256, i1 1"   --->   Operation 870 'xor' 'xor_ln1019_257' <Predicate = (!icmp_ln249)> <Delay = 0.00> <CoreInst = "LogicGate">   --->   Core 74 'LogicGate' <Latency = 0> <II = 1> <Delay = 0.28> <FuncUnit> <Opcode : 'and' 'or' 'xor'> <InPorts = 2> <OutPorts = 1>
ST_1 : Operation 871 [1/1] (0.00ns) (grouped into LUT with out node add_ln840_142)   --->   "%zext_ln1019_95 = zext i1 %xor_ln1019_257"   --->   Operation 871 'zext' 'zext_ln1019_95' <Predicate = (!icmp_ln249)> <Delay = 0.00>
ST_1 : Operation 872 [1/1] (0.00ns) (grouped into LUT with out node add_ln840_141)   --->   "%xor_ln1019_258 = xor i1 %p_Result_9, i1 %local_temp_V_129"   --->   Operation 872 'xor' 'xor_ln1019_258' <Predicate = (!icmp_ln249)> <Delay = 0.00> <CoreInst = "LogicGate">   --->   Core 74 'LogicGate' <Latency = 0> <II = 1> <Delay = 0.28> <FuncUnit> <Opcode : 'and' 'or' 'xor'> <InPorts = 2> <OutPorts = 1>
ST_1 : Operation 873 [1/1] (0.00ns) (grouped into LUT with out node add_ln840_141)   --->   "%xor_ln1019_259 = xor i1 %xor_ln1019_258, i1 1"   --->   Operation 873 'xor' 'xor_ln1019_259' <Predicate = (!icmp_ln249)> <Delay = 0.00> <CoreInst = "LogicGate">   --->   Core 74 'LogicGate' <Latency = 0> <II = 1> <Delay = 0.28> <FuncUnit> <Opcode : 'and' 'or' 'xor'> <InPorts = 2> <OutPorts = 1>
ST_1 : Operation 874 [1/1] (0.00ns) (grouped into LUT with out node add_ln840_141)   --->   "%zext_ln1019_96 = zext i1 %xor_ln1019_259"   --->   Operation 874 'zext' 'zext_ln1019_96' <Predicate = (!icmp_ln249)> <Delay = 0.00>
ST_1 : Operation 875 [1/1] (0.00ns) (grouped into LUT with out node add_ln840_144)   --->   "%xor_ln1019_260 = xor i1 %p_Result_10, i1 %local_temp_V_130"   --->   Operation 875 'xor' 'xor_ln1019_260' <Predicate = (!icmp_ln249)> <Delay = 0.00> <CoreInst = "LogicGate">   --->   Core 74 'LogicGate' <Latency = 0> <II = 1> <Delay = 0.28> <FuncUnit> <Opcode : 'and' 'or' 'xor'> <InPorts = 2> <OutPorts = 1>
ST_1 : Operation 876 [1/1] (0.00ns) (grouped into LUT with out node add_ln840_144)   --->   "%xor_ln1019_261 = xor i1 %xor_ln1019_260, i1 1"   --->   Operation 876 'xor' 'xor_ln1019_261' <Predicate = (!icmp_ln249)> <Delay = 0.00> <CoreInst = "LogicGate">   --->   Core 74 'LogicGate' <Latency = 0> <II = 1> <Delay = 0.28> <FuncUnit> <Opcode : 'and' 'or' 'xor'> <InPorts = 2> <OutPorts = 1>
ST_1 : Operation 877 [1/1] (0.00ns) (grouped into LUT with out node add_ln840_144)   --->   "%zext_ln1019_97 = zext i1 %xor_ln1019_261"   --->   Operation 877 'zext' 'zext_ln1019_97' <Predicate = (!icmp_ln249)> <Delay = 0.00>
ST_1 : Operation 878 [1/1] (0.00ns) (grouped into LUT with out node add_ln840_142)   --->   "%xor_ln1019_262 = xor i1 %p_Result_11, i1 %local_temp_V_131"   --->   Operation 878 'xor' 'xor_ln1019_262' <Predicate = (!icmp_ln249)> <Delay = 0.00> <CoreInst = "LogicGate">   --->   Core 74 'LogicGate' <Latency = 0> <II = 1> <Delay = 0.28> <FuncUnit> <Opcode : 'and' 'or' 'xor'> <InPorts = 2> <OutPorts = 1>
ST_1 : Operation 879 [1/1] (0.00ns) (grouped into LUT with out node add_ln840_142)   --->   "%xor_ln1019_263 = xor i1 %xor_ln1019_262, i1 1"   --->   Operation 879 'xor' 'xor_ln1019_263' <Predicate = (!icmp_ln249)> <Delay = 0.00> <CoreInst = "LogicGate">   --->   Core 74 'LogicGate' <Latency = 0> <II = 1> <Delay = 0.28> <FuncUnit> <Opcode : 'and' 'or' 'xor'> <InPorts = 2> <OutPorts = 1>
ST_1 : Operation 880 [1/1] (0.00ns) (grouped into LUT with out node add_ln840_142)   --->   "%zext_ln1019_98 = zext i1 %xor_ln1019_263"   --->   Operation 880 'zext' 'zext_ln1019_98' <Predicate = (!icmp_ln249)> <Delay = 0.00>
ST_1 : Operation 881 [1/1] (0.00ns) (grouped into LUT with out node add_ln840_145)   --->   "%xor_ln1019_264 = xor i1 %p_Result_12, i1 %local_temp_V_132"   --->   Operation 881 'xor' 'xor_ln1019_264' <Predicate = (!icmp_ln249)> <Delay = 0.00> <CoreInst = "LogicGate">   --->   Core 74 'LogicGate' <Latency = 0> <II = 1> <Delay = 0.28> <FuncUnit> <Opcode : 'and' 'or' 'xor'> <InPorts = 2> <OutPorts = 1>
ST_1 : Operation 882 [1/1] (0.00ns) (grouped into LUT with out node add_ln840_145)   --->   "%xor_ln1019_265 = xor i1 %xor_ln1019_264, i1 1"   --->   Operation 882 'xor' 'xor_ln1019_265' <Predicate = (!icmp_ln249)> <Delay = 0.00> <CoreInst = "LogicGate">   --->   Core 74 'LogicGate' <Latency = 0> <II = 1> <Delay = 0.28> <FuncUnit> <Opcode : 'and' 'or' 'xor'> <InPorts = 2> <OutPorts = 1>
ST_1 : Operation 883 [1/1] (0.00ns) (grouped into LUT with out node add_ln840_145)   --->   "%zext_ln1019_99 = zext i1 %xor_ln1019_265"   --->   Operation 883 'zext' 'zext_ln1019_99' <Predicate = (!icmp_ln249)> <Delay = 0.00>
ST_1 : Operation 884 [1/1] (0.00ns) (grouped into LUT with out node add_ln840_144)   --->   "%xor_ln1019_266 = xor i1 %p_Result_13, i1 %local_temp_V_133"   --->   Operation 884 'xor' 'xor_ln1019_266' <Predicate = (!icmp_ln249)> <Delay = 0.00> <CoreInst = "LogicGate">   --->   Core 74 'LogicGate' <Latency = 0> <II = 1> <Delay = 0.28> <FuncUnit> <Opcode : 'and' 'or' 'xor'> <InPorts = 2> <OutPorts = 1>
ST_1 : Operation 885 [1/1] (0.00ns) (grouped into LUT with out node add_ln840_144)   --->   "%xor_ln1019_267 = xor i1 %xor_ln1019_266, i1 1"   --->   Operation 885 'xor' 'xor_ln1019_267' <Predicate = (!icmp_ln249)> <Delay = 0.00> <CoreInst = "LogicGate">   --->   Core 74 'LogicGate' <Latency = 0> <II = 1> <Delay = 0.28> <FuncUnit> <Opcode : 'and' 'or' 'xor'> <InPorts = 2> <OutPorts = 1>
ST_1 : Operation 886 [1/1] (0.00ns) (grouped into LUT with out node add_ln840_144)   --->   "%zext_ln1019_100 = zext i1 %xor_ln1019_267"   --->   Operation 886 'zext' 'zext_ln1019_100' <Predicate = (!icmp_ln249)> <Delay = 0.00>
ST_1 : Operation 887 [1/1] (0.00ns) (grouped into LUT with out node add_ln840_127)   --->   "%xor_ln1019_268 = xor i1 %p_Result_14, i1 %local_temp_V_134"   --->   Operation 887 'xor' 'xor_ln1019_268' <Predicate = (!icmp_ln249)> <Delay = 0.00> <CoreInst = "LogicGate">   --->   Core 74 'LogicGate' <Latency = 0> <II = 1> <Delay = 0.28> <FuncUnit> <Opcode : 'and' 'or' 'xor'> <InPorts = 2> <OutPorts = 1>
ST_1 : Operation 888 [1/1] (0.00ns) (grouped into LUT with out node add_ln840_127)   --->   "%xor_ln1019_269 = xor i1 %xor_ln1019_268, i1 1"   --->   Operation 888 'xor' 'xor_ln1019_269' <Predicate = (!icmp_ln249)> <Delay = 0.00> <CoreInst = "LogicGate">   --->   Core 74 'LogicGate' <Latency = 0> <II = 1> <Delay = 0.28> <FuncUnit> <Opcode : 'and' 'or' 'xor'> <InPorts = 2> <OutPorts = 1>
ST_1 : Operation 889 [1/1] (0.00ns) (grouped into LUT with out node add_ln840_127)   --->   "%zext_ln1019_101 = zext i1 %xor_ln1019_269"   --->   Operation 889 'zext' 'zext_ln1019_101' <Predicate = (!icmp_ln249)> <Delay = 0.00>
ST_1 : Operation 890 [1/1] (0.00ns) (grouped into LUT with out node add_ln840_129)   --->   "%xor_ln1019_270 = xor i1 %p_Result_15, i1 %local_temp_V_135"   --->   Operation 890 'xor' 'xor_ln1019_270' <Predicate = (!icmp_ln249)> <Delay = 0.00> <CoreInst = "LogicGate">   --->   Core 74 'LogicGate' <Latency = 0> <II = 1> <Delay = 0.28> <FuncUnit> <Opcode : 'and' 'or' 'xor'> <InPorts = 2> <OutPorts = 1>
ST_1 : Operation 891 [1/1] (0.00ns) (grouped into LUT with out node add_ln840_129)   --->   "%xor_ln1019_271 = xor i1 %xor_ln1019_270, i1 1"   --->   Operation 891 'xor' 'xor_ln1019_271' <Predicate = (!icmp_ln249)> <Delay = 0.00> <CoreInst = "LogicGate">   --->   Core 74 'LogicGate' <Latency = 0> <II = 1> <Delay = 0.28> <FuncUnit> <Opcode : 'and' 'or' 'xor'> <InPorts = 2> <OutPorts = 1>
ST_1 : Operation 892 [1/1] (0.00ns) (grouped into LUT with out node add_ln840_129)   --->   "%zext_ln1019_102 = zext i1 %xor_ln1019_271"   --->   Operation 892 'zext' 'zext_ln1019_102' <Predicate = (!icmp_ln249)> <Delay = 0.00>
ST_1 : Operation 893 [1/1] (0.00ns) (grouped into LUT with out node add_ln840_127)   --->   "%xor_ln1019_272 = xor i1 %p_Result_16, i1 %local_temp_V_136"   --->   Operation 893 'xor' 'xor_ln1019_272' <Predicate = (!icmp_ln249)> <Delay = 0.00> <CoreInst = "LogicGate">   --->   Core 74 'LogicGate' <Latency = 0> <II = 1> <Delay = 0.28> <FuncUnit> <Opcode : 'and' 'or' 'xor'> <InPorts = 2> <OutPorts = 1>
ST_1 : Operation 894 [1/1] (0.00ns) (grouped into LUT with out node add_ln840_127)   --->   "%xor_ln1019_273 = xor i1 %xor_ln1019_272, i1 1"   --->   Operation 894 'xor' 'xor_ln1019_273' <Predicate = (!icmp_ln249)> <Delay = 0.00> <CoreInst = "LogicGate">   --->   Core 74 'LogicGate' <Latency = 0> <II = 1> <Delay = 0.28> <FuncUnit> <Opcode : 'and' 'or' 'xor'> <InPorts = 2> <OutPorts = 1>
ST_1 : Operation 895 [1/1] (0.00ns) (grouped into LUT with out node add_ln840_127)   --->   "%zext_ln1019_103 = zext i1 %xor_ln1019_273"   --->   Operation 895 'zext' 'zext_ln1019_103' <Predicate = (!icmp_ln249)> <Delay = 0.00>
ST_1 : Operation 896 [1/1] (0.00ns) (grouped into LUT with out node add_ln840_130)   --->   "%xor_ln1019_274 = xor i1 %p_Result_17, i1 %local_temp_V_137"   --->   Operation 896 'xor' 'xor_ln1019_274' <Predicate = (!icmp_ln249)> <Delay = 0.00> <CoreInst = "LogicGate">   --->   Core 74 'LogicGate' <Latency = 0> <II = 1> <Delay = 0.28> <FuncUnit> <Opcode : 'and' 'or' 'xor'> <InPorts = 2> <OutPorts = 1>
ST_1 : Operation 897 [1/1] (0.00ns) (grouped into LUT with out node add_ln840_130)   --->   "%xor_ln1019_275 = xor i1 %xor_ln1019_274, i1 1"   --->   Operation 897 'xor' 'xor_ln1019_275' <Predicate = (!icmp_ln249)> <Delay = 0.00> <CoreInst = "LogicGate">   --->   Core 74 'LogicGate' <Latency = 0> <II = 1> <Delay = 0.28> <FuncUnit> <Opcode : 'and' 'or' 'xor'> <InPorts = 2> <OutPorts = 1>
ST_1 : Operation 898 [1/1] (0.00ns) (grouped into LUT with out node add_ln840_130)   --->   "%zext_ln1019_104 = zext i1 %xor_ln1019_275"   --->   Operation 898 'zext' 'zext_ln1019_104' <Predicate = (!icmp_ln249)> <Delay = 0.00>
ST_1 : Operation 899 [1/1] (0.00ns) (grouped into LUT with out node add_ln840_129)   --->   "%xor_ln1019_276 = xor i1 %p_Result_18, i1 %local_temp_V_138"   --->   Operation 899 'xor' 'xor_ln1019_276' <Predicate = (!icmp_ln249)> <Delay = 0.00> <CoreInst = "LogicGate">   --->   Core 74 'LogicGate' <Latency = 0> <II = 1> <Delay = 0.28> <FuncUnit> <Opcode : 'and' 'or' 'xor'> <InPorts = 2> <OutPorts = 1>
ST_1 : Operation 900 [1/1] (0.00ns) (grouped into LUT with out node add_ln840_129)   --->   "%xor_ln1019_277 = xor i1 %xor_ln1019_276, i1 1"   --->   Operation 900 'xor' 'xor_ln1019_277' <Predicate = (!icmp_ln249)> <Delay = 0.00> <CoreInst = "LogicGate">   --->   Core 74 'LogicGate' <Latency = 0> <II = 1> <Delay = 0.28> <FuncUnit> <Opcode : 'and' 'or' 'xor'> <InPorts = 2> <OutPorts = 1>
ST_1 : Operation 901 [1/1] (0.00ns) (grouped into LUT with out node add_ln840_129)   --->   "%zext_ln1019_105 = zext i1 %xor_ln1019_277"   --->   Operation 901 'zext' 'zext_ln1019_105' <Predicate = (!icmp_ln249)> <Delay = 0.00>
ST_1 : Operation 902 [1/1] (0.00ns) (grouped into LUT with out node add_ln840_134)   --->   "%xor_ln1019_278 = xor i1 %p_Result_19, i1 %local_temp_V_139"   --->   Operation 902 'xor' 'xor_ln1019_278' <Predicate = (!icmp_ln249)> <Delay = 0.00> <CoreInst = "LogicGate">   --->   Core 74 'LogicGate' <Latency = 0> <II = 1> <Delay = 0.28> <FuncUnit> <Opcode : 'and' 'or' 'xor'> <InPorts = 2> <OutPorts = 1>
ST_1 : Operation 903 [1/1] (0.00ns) (grouped into LUT with out node add_ln840_134)   --->   "%xor_ln1019_279 = xor i1 %xor_ln1019_278, i1 1"   --->   Operation 903 'xor' 'xor_ln1019_279' <Predicate = (!icmp_ln249)> <Delay = 0.00> <CoreInst = "LogicGate">   --->   Core 74 'LogicGate' <Latency = 0> <II = 1> <Delay = 0.28> <FuncUnit> <Opcode : 'and' 'or' 'xor'> <InPorts = 2> <OutPorts = 1>
ST_1 : Operation 904 [1/1] (0.00ns) (grouped into LUT with out node add_ln840_134)   --->   "%zext_ln1019_106 = zext i1 %xor_ln1019_279"   --->   Operation 904 'zext' 'zext_ln1019_106' <Predicate = (!icmp_ln249)> <Delay = 0.00>
ST_1 : Operation 905 [1/1] (0.00ns) (grouped into LUT with out node add_ln840_130)   --->   "%xor_ln1019_280 = xor i1 %p_Result_20, i1 %local_temp_V_140"   --->   Operation 905 'xor' 'xor_ln1019_280' <Predicate = (!icmp_ln249)> <Delay = 0.00> <CoreInst = "LogicGate">   --->   Core 74 'LogicGate' <Latency = 0> <II = 1> <Delay = 0.28> <FuncUnit> <Opcode : 'and' 'or' 'xor'> <InPorts = 2> <OutPorts = 1>
ST_1 : Operation 906 [1/1] (0.00ns) (grouped into LUT with out node add_ln840_130)   --->   "%xor_ln1019_281 = xor i1 %xor_ln1019_280, i1 1"   --->   Operation 906 'xor' 'xor_ln1019_281' <Predicate = (!icmp_ln249)> <Delay = 0.00> <CoreInst = "LogicGate">   --->   Core 74 'LogicGate' <Latency = 0> <II = 1> <Delay = 0.28> <FuncUnit> <Opcode : 'and' 'or' 'xor'> <InPorts = 2> <OutPorts = 1>
ST_1 : Operation 907 [1/1] (0.00ns) (grouped into LUT with out node add_ln840_130)   --->   "%zext_ln1019_107 = zext i1 %xor_ln1019_281"   --->   Operation 907 'zext' 'zext_ln1019_107' <Predicate = (!icmp_ln249)> <Delay = 0.00>
ST_1 : Operation 908 [1/1] (0.00ns) (grouped into LUT with out node add_ln840_123)   --->   "%xor_ln1019_282 = xor i1 %p_Result_21, i1 %local_temp_V_141"   --->   Operation 908 'xor' 'xor_ln1019_282' <Predicate = (!icmp_ln249)> <Delay = 0.00> <CoreInst = "LogicGate">   --->   Core 74 'LogicGate' <Latency = 0> <II = 1> <Delay = 0.28> <FuncUnit> <Opcode : 'and' 'or' 'xor'> <InPorts = 2> <OutPorts = 1>
ST_1 : Operation 909 [1/1] (0.00ns) (grouped into LUT with out node add_ln840_123)   --->   "%xor_ln1019_283 = xor i1 %xor_ln1019_282, i1 1"   --->   Operation 909 'xor' 'xor_ln1019_283' <Predicate = (!icmp_ln249)> <Delay = 0.00> <CoreInst = "LogicGate">   --->   Core 74 'LogicGate' <Latency = 0> <II = 1> <Delay = 0.28> <FuncUnit> <Opcode : 'and' 'or' 'xor'> <InPorts = 2> <OutPorts = 1>
ST_1 : Operation 910 [1/1] (0.00ns) (grouped into LUT with out node add_ln840_123)   --->   "%zext_ln1019_108 = zext i1 %xor_ln1019_283"   --->   Operation 910 'zext' 'zext_ln1019_108' <Predicate = (!icmp_ln249)> <Delay = 0.00>
ST_1 : Operation 911 [1/1] (0.00ns) (grouped into LUT with out node add_ln840_123)   --->   "%xor_ln1019_284 = xor i1 %p_Result_22, i1 %local_temp_V_142"   --->   Operation 911 'xor' 'xor_ln1019_284' <Predicate = (!icmp_ln249)> <Delay = 0.00> <CoreInst = "LogicGate">   --->   Core 74 'LogicGate' <Latency = 0> <II = 1> <Delay = 0.28> <FuncUnit> <Opcode : 'and' 'or' 'xor'> <InPorts = 2> <OutPorts = 1>
ST_1 : Operation 912 [1/1] (0.00ns) (grouped into LUT with out node add_ln840_123)   --->   "%xor_ln1019_285 = xor i1 %xor_ln1019_284, i1 1"   --->   Operation 912 'xor' 'xor_ln1019_285' <Predicate = (!icmp_ln249)> <Delay = 0.00> <CoreInst = "LogicGate">   --->   Core 74 'LogicGate' <Latency = 0> <II = 1> <Delay = 0.28> <FuncUnit> <Opcode : 'and' 'or' 'xor'> <InPorts = 2> <OutPorts = 1>
ST_1 : Operation 913 [1/1] (0.00ns) (grouped into LUT with out node add_ln840_123)   --->   "%zext_ln1019_109 = zext i1 %xor_ln1019_285"   --->   Operation 913 'zext' 'zext_ln1019_109' <Predicate = (!icmp_ln249)> <Delay = 0.00>
ST_1 : Operation 914 [1/1] (0.00ns) (grouped into LUT with out node add_ln840_126)   --->   "%xor_ln1019_286 = xor i1 %p_Result_23, i1 %local_temp_V_143"   --->   Operation 914 'xor' 'xor_ln1019_286' <Predicate = (!icmp_ln249)> <Delay = 0.00> <CoreInst = "LogicGate">   --->   Core 74 'LogicGate' <Latency = 0> <II = 1> <Delay = 0.28> <FuncUnit> <Opcode : 'and' 'or' 'xor'> <InPorts = 2> <OutPorts = 1>
ST_1 : Operation 915 [1/1] (0.00ns) (grouped into LUT with out node add_ln840_126)   --->   "%xor_ln1019_287 = xor i1 %xor_ln1019_286, i1 1"   --->   Operation 915 'xor' 'xor_ln1019_287' <Predicate = (!icmp_ln249)> <Delay = 0.00> <CoreInst = "LogicGate">   --->   Core 74 'LogicGate' <Latency = 0> <II = 1> <Delay = 0.28> <FuncUnit> <Opcode : 'and' 'or' 'xor'> <InPorts = 2> <OutPorts = 1>
ST_1 : Operation 916 [1/1] (0.00ns) (grouped into LUT with out node add_ln840_126)   --->   "%zext_ln1019_110 = zext i1 %xor_ln1019_287"   --->   Operation 916 'zext' 'zext_ln1019_110' <Predicate = (!icmp_ln249)> <Delay = 0.00>
ST_1 : Operation 917 [1/1] (0.00ns) (grouped into LUT with out node add_ln840_126)   --->   "%xor_ln1019_288 = xor i1 %p_Result_24, i1 %local_temp_V_144"   --->   Operation 917 'xor' 'xor_ln1019_288' <Predicate = (!icmp_ln249)> <Delay = 0.00> <CoreInst = "LogicGate">   --->   Core 74 'LogicGate' <Latency = 0> <II = 1> <Delay = 0.28> <FuncUnit> <Opcode : 'and' 'or' 'xor'> <InPorts = 2> <OutPorts = 1>
ST_1 : Operation 918 [1/1] (0.00ns) (grouped into LUT with out node add_ln840_126)   --->   "%xor_ln1019_289 = xor i1 %xor_ln1019_288, i1 1"   --->   Operation 918 'xor' 'xor_ln1019_289' <Predicate = (!icmp_ln249)> <Delay = 0.00> <CoreInst = "LogicGate">   --->   Core 74 'LogicGate' <Latency = 0> <II = 1> <Delay = 0.28> <FuncUnit> <Opcode : 'and' 'or' 'xor'> <InPorts = 2> <OutPorts = 1>
ST_1 : Operation 919 [1/1] (0.00ns) (grouped into LUT with out node add_ln840_126)   --->   "%zext_ln1019_111 = zext i1 %xor_ln1019_289"   --->   Operation 919 'zext' 'zext_ln1019_111' <Predicate = (!icmp_ln249)> <Delay = 0.00>
ST_1 : Operation 920 [1/1] (0.00ns) (grouped into LUT with out node add_ln840_122)   --->   "%xor_ln1019_290 = xor i1 %p_Result_25, i1 %local_temp_V_145"   --->   Operation 920 'xor' 'xor_ln1019_290' <Predicate = (!icmp_ln249)> <Delay = 0.00> <CoreInst = "LogicGate">   --->   Core 74 'LogicGate' <Latency = 0> <II = 1> <Delay = 0.28> <FuncUnit> <Opcode : 'and' 'or' 'xor'> <InPorts = 2> <OutPorts = 1>
ST_1 : Operation 921 [1/1] (0.00ns) (grouped into LUT with out node add_ln840_122)   --->   "%xor_ln1019_291 = xor i1 %xor_ln1019_290, i1 1"   --->   Operation 921 'xor' 'xor_ln1019_291' <Predicate = (!icmp_ln249)> <Delay = 0.00> <CoreInst = "LogicGate">   --->   Core 74 'LogicGate' <Latency = 0> <II = 1> <Delay = 0.28> <FuncUnit> <Opcode : 'and' 'or' 'xor'> <InPorts = 2> <OutPorts = 1>
ST_1 : Operation 922 [1/1] (0.00ns) (grouped into LUT with out node add_ln840_122)   --->   "%zext_ln1019_112 = zext i1 %xor_ln1019_291"   --->   Operation 922 'zext' 'zext_ln1019_112' <Predicate = (!icmp_ln249)> <Delay = 0.00>
ST_1 : Operation 923 [1/1] (0.00ns) (grouped into LUT with out node add_ln840_122)   --->   "%xor_ln1019_292 = xor i1 %p_Result_26, i1 %local_temp_V_146"   --->   Operation 923 'xor' 'xor_ln1019_292' <Predicate = (!icmp_ln249)> <Delay = 0.00> <CoreInst = "LogicGate">   --->   Core 74 'LogicGate' <Latency = 0> <II = 1> <Delay = 0.28> <FuncUnit> <Opcode : 'and' 'or' 'xor'> <InPorts = 2> <OutPorts = 1>
ST_1 : Operation 924 [1/1] (0.00ns) (grouped into LUT with out node add_ln840_122)   --->   "%xor_ln1019_293 = xor i1 %xor_ln1019_292, i1 1"   --->   Operation 924 'xor' 'xor_ln1019_293' <Predicate = (!icmp_ln249)> <Delay = 0.00> <CoreInst = "LogicGate">   --->   Core 74 'LogicGate' <Latency = 0> <II = 1> <Delay = 0.28> <FuncUnit> <Opcode : 'and' 'or' 'xor'> <InPorts = 2> <OutPorts = 1>
ST_1 : Operation 925 [1/1] (0.00ns) (grouped into LUT with out node add_ln840_122)   --->   "%zext_ln1019_113 = zext i1 %xor_ln1019_293"   --->   Operation 925 'zext' 'zext_ln1019_113' <Predicate = (!icmp_ln249)> <Delay = 0.00>
ST_1 : Operation 926 [1/1] (0.00ns) (grouped into LUT with out node add_ln840_120)   --->   "%xor_ln1019_294 = xor i1 %p_Result_27, i1 %local_temp_V_147"   --->   Operation 926 'xor' 'xor_ln1019_294' <Predicate = (!icmp_ln249)> <Delay = 0.00> <CoreInst = "LogicGate">   --->   Core 74 'LogicGate' <Latency = 0> <II = 1> <Delay = 0.28> <FuncUnit> <Opcode : 'and' 'or' 'xor'> <InPorts = 2> <OutPorts = 1>
ST_1 : Operation 927 [1/1] (0.00ns) (grouped into LUT with out node add_ln840_120)   --->   "%xor_ln1019_295 = xor i1 %xor_ln1019_294, i1 1"   --->   Operation 927 'xor' 'xor_ln1019_295' <Predicate = (!icmp_ln249)> <Delay = 0.00> <CoreInst = "LogicGate">   --->   Core 74 'LogicGate' <Latency = 0> <II = 1> <Delay = 0.28> <FuncUnit> <Opcode : 'and' 'or' 'xor'> <InPorts = 2> <OutPorts = 1>
ST_1 : Operation 928 [1/1] (0.00ns) (grouped into LUT with out node add_ln840_120)   --->   "%zext_ln1019_114 = zext i1 %xor_ln1019_295"   --->   Operation 928 'zext' 'zext_ln1019_114' <Predicate = (!icmp_ln249)> <Delay = 0.00>
ST_1 : Operation 929 [1/1] (0.00ns) (grouped into LUT with out node add_ln840_120)   --->   "%xor_ln1019_296 = xor i1 %p_Result_28, i1 %local_temp_V_148"   --->   Operation 929 'xor' 'xor_ln1019_296' <Predicate = (!icmp_ln249)> <Delay = 0.00> <CoreInst = "LogicGate">   --->   Core 74 'LogicGate' <Latency = 0> <II = 1> <Delay = 0.28> <FuncUnit> <Opcode : 'and' 'or' 'xor'> <InPorts = 2> <OutPorts = 1>
ST_1 : Operation 930 [1/1] (0.00ns) (grouped into LUT with out node add_ln840_120)   --->   "%xor_ln1019_297 = xor i1 %xor_ln1019_296, i1 1"   --->   Operation 930 'xor' 'xor_ln1019_297' <Predicate = (!icmp_ln249)> <Delay = 0.00> <CoreInst = "LogicGate">   --->   Core 74 'LogicGate' <Latency = 0> <II = 1> <Delay = 0.28> <FuncUnit> <Opcode : 'and' 'or' 'xor'> <InPorts = 2> <OutPorts = 1>
ST_1 : Operation 931 [1/1] (0.00ns) (grouped into LUT with out node add_ln840_120)   --->   "%zext_ln1019_115 = zext i1 %xor_ln1019_297"   --->   Operation 931 'zext' 'zext_ln1019_115' <Predicate = (!icmp_ln249)> <Delay = 0.00>
ST_1 : Operation 932 [1/1] (0.00ns) (grouped into LUT with out node add_ln840_145)   --->   "%xor_ln1019_298 = xor i1 %p_Result_29, i1 %local_temp_V_149"   --->   Operation 932 'xor' 'xor_ln1019_298' <Predicate = (!icmp_ln249)> <Delay = 0.00> <CoreInst = "LogicGate">   --->   Core 74 'LogicGate' <Latency = 0> <II = 1> <Delay = 0.28> <FuncUnit> <Opcode : 'and' 'or' 'xor'> <InPorts = 2> <OutPorts = 1>
ST_1 : Operation 933 [1/1] (0.00ns) (grouped into LUT with out node add_ln840_145)   --->   "%xor_ln1019_299 = xor i1 %xor_ln1019_298, i1 1"   --->   Operation 933 'xor' 'xor_ln1019_299' <Predicate = (!icmp_ln249)> <Delay = 0.00> <CoreInst = "LogicGate">   --->   Core 74 'LogicGate' <Latency = 0> <II = 1> <Delay = 0.28> <FuncUnit> <Opcode : 'and' 'or' 'xor'> <InPorts = 2> <OutPorts = 1>
ST_1 : Operation 934 [1/1] (0.00ns) (grouped into LUT with out node add_ln840_145)   --->   "%zext_ln840_108 = zext i1 %xor_ln1019_299"   --->   Operation 934 'zext' 'zext_ln840_108' <Predicate = (!icmp_ln249)> <Delay = 0.00>
ST_1 : Operation 935 [1/1] (0.54ns) (out node of the LUT)   --->   "%add_ln840_120 = add i2 %zext_ln1019_114, i2 %zext_ln1019_115"   --->   Operation 935 'add' 'add_ln840_120' <Predicate = (!icmp_ln249)> <Delay = 0.54> <CoreInst = "Adder">   --->   Core 1 'Adder' <Latency = 0> <II = 1> <Delay = 0.54> <FuncUnit> <Opcode : 'add' 'sub'> <InPorts = 2> <OutPorts = 1>
ST_1 : Operation 936 [1/1] (0.00ns)   --->   "%zext_ln840_109 = zext i2 %add_ln840_120"   --->   Operation 936 'zext' 'zext_ln840_109' <Predicate = (!icmp_ln249)> <Delay = 0.00>
ST_1 : Operation 937 [1/1] (0.00ns) (grouped into TernaryAdder)   --->   "%add_ln840_121 = add i8 %zext_ln840_109, i8 %select_ln272_3"   --->   Operation 937 'add' 'add_ln840_121' <Predicate = (!icmp_ln249)> <Delay = 0.00> <CoreInst = "TAddSub">   --->   Core 10 'TAddSub' <Latency = 0> <II = 1> <Delay = 0.52> <IPBlock> <Opcode : 'add' 'sub'> <InPorts = 3> <OutPorts = 1> <Sync> <CReg>
ST_1 : Operation 938 [1/1] (0.54ns) (out node of the LUT)   --->   "%add_ln840_122 = add i2 %zext_ln1019_113, i2 %zext_ln1019_112"   --->   Operation 938 'add' 'add_ln840_122' <Predicate = (!icmp_ln249)> <Delay = 0.54> <CoreInst = "Adder">   --->   Core 1 'Adder' <Latency = 0> <II = 1> <Delay = 0.54> <FuncUnit> <Opcode : 'add' 'sub'> <InPorts = 2> <OutPorts = 1>
ST_1 : Operation 939 [1/1] (0.00ns)   --->   "%zext_ln840_110 = zext i2 %add_ln840_122"   --->   Operation 939 'zext' 'zext_ln840_110' <Predicate = (!icmp_ln249)> <Delay = 0.00>
ST_1 : Operation 940 [1/1] (0.54ns) (out node of the LUT)   --->   "%add_ln840_123 = add i2 %zext_ln1019_109, i2 %zext_ln1019_108"   --->   Operation 940 'add' 'add_ln840_123' <Predicate = (!icmp_ln249)> <Delay = 0.54> <CoreInst = "Adder">   --->   Core 1 'Adder' <Latency = 0> <II = 1> <Delay = 0.54> <FuncUnit> <Opcode : 'add' 'sub'> <InPorts = 2> <OutPorts = 1>
ST_1 : Operation 941 [1/1] (0.00ns)   --->   "%zext_ln840_111 = zext i2 %add_ln840_123"   --->   Operation 941 'zext' 'zext_ln840_111' <Predicate = (!icmp_ln249)> <Delay = 0.00>
ST_1 : Operation 942 [1/1] (0.54ns)   --->   "%add_ln840_124 = add i3 %zext_ln840_111, i3 %zext_ln840_110"   --->   Operation 942 'add' 'add_ln840_124' <Predicate = (!icmp_ln249)> <Delay = 0.54> <CoreInst = "Adder">   --->   Core 1 'Adder' <Latency = 0> <II = 1> <Delay = 0.54> <FuncUnit> <Opcode : 'add' 'sub'> <InPorts = 2> <OutPorts = 1>
ST_1 : Operation 943 [1/1] (0.00ns)   --->   "%zext_ln840_112 = zext i3 %add_ln840_124"   --->   Operation 943 'zext' 'zext_ln840_112' <Predicate = (!icmp_ln249)> <Delay = 0.00>
ST_1 : Operation 944 [1/1] (1.05ns) (root node of TernaryAdder)   --->   "%add_ln840_125 = add i8 %zext_ln840_112, i8 %add_ln840_121"   --->   Operation 944 'add' 'add_ln840_125' <Predicate = (!icmp_ln249)> <Delay = 1.05> <CoreInst = "TAddSub">   --->   Core 10 'TAddSub' <Latency = 0> <II = 1> <Delay = 0.52> <IPBlock> <Opcode : 'add' 'sub'> <InPorts = 3> <OutPorts = 1> <Sync> <CReg>
ST_1 : Operation 945 [1/1] (0.54ns) (out node of the LUT)   --->   "%add_ln840_126 = add i2 %zext_ln1019_111, i2 %zext_ln1019_110"   --->   Operation 945 'add' 'add_ln840_126' <Predicate = (!icmp_ln249)> <Delay = 0.54> <CoreInst = "Adder">   --->   Core 1 'Adder' <Latency = 0> <II = 1> <Delay = 0.54> <FuncUnit> <Opcode : 'add' 'sub'> <InPorts = 2> <OutPorts = 1>
ST_1 : Operation 946 [1/1] (0.00ns)   --->   "%zext_ln840_113 = zext i2 %add_ln840_126"   --->   Operation 946 'zext' 'zext_ln840_113' <Predicate = (!icmp_ln249)> <Delay = 0.00>
ST_1 : Operation 947 [1/1] (0.54ns) (out node of the LUT)   --->   "%add_ln840_127 = add i2 %zext_ln1019_101, i2 %zext_ln1019_103"   --->   Operation 947 'add' 'add_ln840_127' <Predicate = (!icmp_ln249)> <Delay = 0.54> <CoreInst = "Adder">   --->   Core 1 'Adder' <Latency = 0> <II = 1> <Delay = 0.54> <FuncUnit> <Opcode : 'add' 'sub'> <InPorts = 2> <OutPorts = 1>
ST_1 : Operation 948 [1/1] (0.00ns)   --->   "%zext_ln840_114 = zext i2 %add_ln840_127"   --->   Operation 948 'zext' 'zext_ln840_114' <Predicate = (!icmp_ln249)> <Delay = 0.00>
ST_1 : Operation 949 [1/1] (0.54ns)   --->   "%add_ln840_128 = add i3 %zext_ln840_114, i3 %zext_ln840_113"   --->   Operation 949 'add' 'add_ln840_128' <Predicate = (!icmp_ln249)> <Delay = 0.54> <CoreInst = "Adder">   --->   Core 1 'Adder' <Latency = 0> <II = 1> <Delay = 0.54> <FuncUnit> <Opcode : 'add' 'sub'> <InPorts = 2> <OutPorts = 1>
ST_1 : Operation 950 [1/1] (0.00ns)   --->   "%zext_ln840_115 = zext i3 %add_ln840_128"   --->   Operation 950 'zext' 'zext_ln840_115' <Predicate = (!icmp_ln249)> <Delay = 0.00>
ST_1 : Operation 951 [1/1] (0.54ns) (out node of the LUT)   --->   "%add_ln840_129 = add i2 %zext_ln1019_102, i2 %zext_ln1019_105"   --->   Operation 951 'add' 'add_ln840_129' <Predicate = (!icmp_ln249)> <Delay = 0.54> <CoreInst = "Adder">   --->   Core 1 'Adder' <Latency = 0> <II = 1> <Delay = 0.54> <FuncUnit> <Opcode : 'add' 'sub'> <InPorts = 2> <OutPorts = 1>
ST_1 : Operation 952 [1/1] (0.00ns)   --->   "%zext_ln840_116 = zext i2 %add_ln840_129"   --->   Operation 952 'zext' 'zext_ln840_116' <Predicate = (!icmp_ln249)> <Delay = 0.00>
ST_1 : Operation 953 [1/1] (0.54ns) (out node of the LUT)   --->   "%add_ln840_130 = add i2 %zext_ln1019_104, i2 %zext_ln1019_107"   --->   Operation 953 'add' 'add_ln840_130' <Predicate = (!icmp_ln249)> <Delay = 0.54> <CoreInst = "Adder">   --->   Core 1 'Adder' <Latency = 0> <II = 1> <Delay = 0.54> <FuncUnit> <Opcode : 'add' 'sub'> <InPorts = 2> <OutPorts = 1>
ST_1 : Operation 954 [1/1] (0.00ns)   --->   "%zext_ln840_117 = zext i2 %add_ln840_130"   --->   Operation 954 'zext' 'zext_ln840_117' <Predicate = (!icmp_ln249)> <Delay = 0.00>
ST_1 : Operation 955 [1/1] (0.54ns)   --->   "%add_ln840_131 = add i3 %zext_ln840_117, i3 %zext_ln840_116"   --->   Operation 955 'add' 'add_ln840_131' <Predicate = (!icmp_ln249)> <Delay = 0.54> <CoreInst = "Adder">   --->   Core 1 'Adder' <Latency = 0> <II = 1> <Delay = 0.54> <FuncUnit> <Opcode : 'add' 'sub'> <InPorts = 2> <OutPorts = 1>
ST_1 : Operation 956 [1/1] (0.00ns)   --->   "%zext_ln840_118 = zext i3 %add_ln840_131"   --->   Operation 956 'zext' 'zext_ln840_118' <Predicate = (!icmp_ln249)> <Delay = 0.00>
ST_1 : Operation 957 [1/1] (0.67ns)   --->   "%add_ln840_132 = add i4 %zext_ln840_118, i4 %zext_ln840_115"   --->   Operation 957 'add' 'add_ln840_132' <Predicate = (!icmp_ln249)> <Delay = 0.67> <CoreInst = "Adder">   --->   Core 1 'Adder' <Latency = 0> <II = 1> <Delay = 0.67> <FuncUnit> <Opcode : 'add' 'sub'> <InPorts = 2> <OutPorts = 1>
ST_1 : Operation 958 [1/1] (0.00ns)   --->   "%zext_ln840_119 = zext i4 %add_ln840_132"   --->   Operation 958 'zext' 'zext_ln840_119' <Predicate = (!icmp_ln249)> <Delay = 0.00>
ST_1 : Operation 959 [1/1] (0.00ns) (grouped into TernaryAdder)   --->   "%add_ln840_133 = add i8 %zext_ln840_119, i8 %add_ln840_125"   --->   Operation 959 'add' 'add_ln840_133' <Predicate = (!icmp_ln249)> <Delay = 0.00> <CoreInst = "TAddSub">   --->   Core 10 'TAddSub' <Latency = 0> <II = 1> <Delay = 0.52> <IPBlock> <Opcode : 'add' 'sub'> <InPorts = 3> <OutPorts = 1> <Sync> <CReg>
ST_1 : Operation 960 [1/1] (0.54ns) (out node of the LUT)   --->   "%add_ln840_134 = add i2 %zext_ln1019_106, i2 %zext_ln1019_88"   --->   Operation 960 'add' 'add_ln840_134' <Predicate = (!icmp_ln249)> <Delay = 0.54> <CoreInst = "Adder">   --->   Core 1 'Adder' <Latency = 0> <II = 1> <Delay = 0.54> <FuncUnit> <Opcode : 'add' 'sub'> <InPorts = 2> <OutPorts = 1>
ST_1 : Operation 961 [1/1] (0.00ns)   --->   "%zext_ln840_120 = zext i2 %add_ln840_134"   --->   Operation 961 'zext' 'zext_ln840_120' <Predicate = (!icmp_ln249)> <Delay = 0.00>
ST_1 : Operation 962 [1/1] (0.54ns) (out node of the LUT)   --->   "%add_ln840_135 = add i2 %zext_ln1019_87, i2 %zext_ln1019_90"   --->   Operation 962 'add' 'add_ln840_135' <Predicate = (!icmp_ln249)> <Delay = 0.54> <CoreInst = "Adder">   --->   Core 1 'Adder' <Latency = 0> <II = 1> <Delay = 0.54> <FuncUnit> <Opcode : 'add' 'sub'> <InPorts = 2> <OutPorts = 1>
ST_1 : Operation 963 [1/1] (0.00ns)   --->   "%zext_ln840_121 = zext i2 %add_ln840_135"   --->   Operation 963 'zext' 'zext_ln840_121' <Predicate = (!icmp_ln249)> <Delay = 0.00>
ST_1 : Operation 964 [1/1] (0.54ns)   --->   "%add_ln840_136 = add i3 %zext_ln840_121, i3 %zext_ln840_120"   --->   Operation 964 'add' 'add_ln840_136' <Predicate = (!icmp_ln249)> <Delay = 0.54> <CoreInst = "Adder">   --->   Core 1 'Adder' <Latency = 0> <II = 1> <Delay = 0.54> <FuncUnit> <Opcode : 'add' 'sub'> <InPorts = 2> <OutPorts = 1>
ST_1 : Operation 965 [1/1] (0.00ns)   --->   "%zext_ln840_122 = zext i3 %add_ln840_136"   --->   Operation 965 'zext' 'zext_ln840_122' <Predicate = (!icmp_ln249)> <Delay = 0.00>
ST_1 : Operation 966 [1/1] (0.54ns) (out node of the LUT)   --->   "%add_ln840_137 = add i2 %zext_ln1019_89, i2 %zext_ln1019_92"   --->   Operation 966 'add' 'add_ln840_137' <Predicate = (!icmp_ln249)> <Delay = 0.54> <CoreInst = "Adder">   --->   Core 1 'Adder' <Latency = 0> <II = 1> <Delay = 0.54> <FuncUnit> <Opcode : 'add' 'sub'> <InPorts = 2> <OutPorts = 1>
ST_1 : Operation 967 [1/1] (0.00ns)   --->   "%zext_ln840_123 = zext i2 %add_ln840_137"   --->   Operation 967 'zext' 'zext_ln840_123' <Predicate = (!icmp_ln249)> <Delay = 0.00>
ST_1 : Operation 968 [1/1] (0.54ns) (out node of the LUT)   --->   "%add_ln840_138 = add i2 %zext_ln1019_91, i2 %zext_ln1019_94"   --->   Operation 968 'add' 'add_ln840_138' <Predicate = (!icmp_ln249)> <Delay = 0.54> <CoreInst = "Adder">   --->   Core 1 'Adder' <Latency = 0> <II = 1> <Delay = 0.54> <FuncUnit> <Opcode : 'add' 'sub'> <InPorts = 2> <OutPorts = 1>
ST_1 : Operation 969 [1/1] (0.00ns)   --->   "%zext_ln840_124 = zext i2 %add_ln840_138"   --->   Operation 969 'zext' 'zext_ln840_124' <Predicate = (!icmp_ln249)> <Delay = 0.00>
ST_1 : Operation 970 [1/1] (0.54ns)   --->   "%add_ln840_139 = add i3 %zext_ln840_124, i3 %zext_ln840_123"   --->   Operation 970 'add' 'add_ln840_139' <Predicate = (!icmp_ln249)> <Delay = 0.54> <CoreInst = "Adder">   --->   Core 1 'Adder' <Latency = 0> <II = 1> <Delay = 0.54> <FuncUnit> <Opcode : 'add' 'sub'> <InPorts = 2> <OutPorts = 1>
ST_1 : Operation 971 [1/1] (0.00ns)   --->   "%zext_ln840_125 = zext i3 %add_ln840_139"   --->   Operation 971 'zext' 'zext_ln840_125' <Predicate = (!icmp_ln249)> <Delay = 0.00>
ST_1 : Operation 972 [1/1] (0.67ns)   --->   "%add_ln840_140 = add i4 %zext_ln840_125, i4 %zext_ln840_122"   --->   Operation 972 'add' 'add_ln840_140' <Predicate = (!icmp_ln249)> <Delay = 0.67> <CoreInst = "Adder">   --->   Core 1 'Adder' <Latency = 0> <II = 1> <Delay = 0.67> <FuncUnit> <Opcode : 'add' 'sub'> <InPorts = 2> <OutPorts = 1>
ST_1 : Operation 973 [1/1] (0.00ns)   --->   "%zext_ln840_126 = zext i4 %add_ln840_140"   --->   Operation 973 'zext' 'zext_ln840_126' <Predicate = (!icmp_ln249)> <Delay = 0.00>
ST_1 : Operation 974 [1/1] (0.54ns) (out node of the LUT)   --->   "%add_ln840_141 = add i2 %zext_ln1019_93, i2 %zext_ln1019_96"   --->   Operation 974 'add' 'add_ln840_141' <Predicate = (!icmp_ln249)> <Delay = 0.54> <CoreInst = "Adder">   --->   Core 1 'Adder' <Latency = 0> <II = 1> <Delay = 0.54> <FuncUnit> <Opcode : 'add' 'sub'> <InPorts = 2> <OutPorts = 1>
ST_1 : Operation 975 [1/1] (0.00ns)   --->   "%zext_ln840_127 = zext i2 %add_ln840_141"   --->   Operation 975 'zext' 'zext_ln840_127' <Predicate = (!icmp_ln249)> <Delay = 0.00>
ST_1 : Operation 976 [1/1] (0.54ns) (out node of the LUT)   --->   "%add_ln840_142 = add i2 %zext_ln1019_95, i2 %zext_ln1019_98"   --->   Operation 976 'add' 'add_ln840_142' <Predicate = (!icmp_ln249)> <Delay = 0.54> <CoreInst = "Adder">   --->   Core 1 'Adder' <Latency = 0> <II = 1> <Delay = 0.54> <FuncUnit> <Opcode : 'add' 'sub'> <InPorts = 2> <OutPorts = 1>
ST_1 : Operation 977 [1/1] (0.00ns)   --->   "%zext_ln840_128 = zext i2 %add_ln840_142"   --->   Operation 977 'zext' 'zext_ln840_128' <Predicate = (!icmp_ln249)> <Delay = 0.00>
ST_1 : Operation 978 [1/1] (0.54ns)   --->   "%add_ln840_143 = add i3 %zext_ln840_128, i3 %zext_ln840_127"   --->   Operation 978 'add' 'add_ln840_143' <Predicate = (!icmp_ln249)> <Delay = 0.54> <CoreInst = "Adder">   --->   Core 1 'Adder' <Latency = 0> <II = 1> <Delay = 0.54> <FuncUnit> <Opcode : 'add' 'sub'> <InPorts = 2> <OutPorts = 1>
ST_1 : Operation 979 [1/1] (0.00ns)   --->   "%zext_ln840_129 = zext i3 %add_ln840_143"   --->   Operation 979 'zext' 'zext_ln840_129' <Predicate = (!icmp_ln249)> <Delay = 0.00>
ST_1 : Operation 980 [1/1] (0.54ns) (out node of the LUT)   --->   "%add_ln840_144 = add i2 %zext_ln1019_97, i2 %zext_ln1019_100"   --->   Operation 980 'add' 'add_ln840_144' <Predicate = (!icmp_ln249)> <Delay = 0.54> <CoreInst = "Adder">   --->   Core 1 'Adder' <Latency = 0> <II = 1> <Delay = 0.54> <FuncUnit> <Opcode : 'add' 'sub'> <InPorts = 2> <OutPorts = 1>
ST_1 : Operation 981 [1/1] (0.00ns)   --->   "%zext_ln840_130 = zext i2 %add_ln840_144"   --->   Operation 981 'zext' 'zext_ln840_130' <Predicate = (!icmp_ln249)> <Delay = 0.00>
ST_1 : Operation 982 [1/1] (0.54ns) (out node of the LUT)   --->   "%add_ln840_145 = add i2 %zext_ln1019_99, i2 %zext_ln840_108"   --->   Operation 982 'add' 'add_ln840_145' <Predicate = (!icmp_ln249)> <Delay = 0.54> <CoreInst = "Adder">   --->   Core 1 'Adder' <Latency = 0> <II = 1> <Delay = 0.54> <FuncUnit> <Opcode : 'add' 'sub'> <InPorts = 2> <OutPorts = 1>
ST_1 : Operation 983 [1/1] (0.00ns)   --->   "%zext_ln840_131 = zext i2 %add_ln840_145"   --->   Operation 983 'zext' 'zext_ln840_131' <Predicate = (!icmp_ln249)> <Delay = 0.00>
ST_1 : Operation 984 [1/1] (0.54ns)   --->   "%add_ln840_146 = add i3 %zext_ln840_131, i3 %zext_ln840_130"   --->   Operation 984 'add' 'add_ln840_146' <Predicate = (!icmp_ln249)> <Delay = 0.54> <CoreInst = "Adder">   --->   Core 1 'Adder' <Latency = 0> <II = 1> <Delay = 0.54> <FuncUnit> <Opcode : 'add' 'sub'> <InPorts = 2> <OutPorts = 1>
ST_1 : Operation 985 [1/1] (0.00ns)   --->   "%zext_ln840_132 = zext i3 %add_ln840_146"   --->   Operation 985 'zext' 'zext_ln840_132' <Predicate = (!icmp_ln249)> <Delay = 0.00>
ST_1 : Operation 986 [1/1] (0.67ns)   --->   "%add_ln840_147 = add i4 %zext_ln840_132, i4 %zext_ln840_129"   --->   Operation 986 'add' 'add_ln840_147' <Predicate = (!icmp_ln249)> <Delay = 0.67> <CoreInst = "Adder">   --->   Core 1 'Adder' <Latency = 0> <II = 1> <Delay = 0.67> <FuncUnit> <Opcode : 'add' 'sub'> <InPorts = 2> <OutPorts = 1>
ST_1 : Operation 987 [1/1] (0.00ns)   --->   "%zext_ln840_133 = zext i4 %add_ln840_147"   --->   Operation 987 'zext' 'zext_ln840_133' <Predicate = (!icmp_ln249)> <Delay = 0.00>
ST_1 : Operation 988 [1/1] (0.79ns)   --->   "%add_ln840_148 = add i5 %zext_ln840_133, i5 %zext_ln840_126"   --->   Operation 988 'add' 'add_ln840_148' <Predicate = (!icmp_ln249)> <Delay = 0.79> <CoreInst = "Adder">   --->   Core 1 'Adder' <Latency = 0> <II = 1> <Delay = 0.79> <FuncUnit> <Opcode : 'add' 'sub'> <InPorts = 2> <OutPorts = 1>
ST_1 : Operation 989 [1/1] (0.00ns)   --->   "%zext_ln840_134 = zext i5 %add_ln840_148"   --->   Operation 989 'zext' 'zext_ln840_134' <Predicate = (!icmp_ln249)> <Delay = 0.00>
ST_1 : Operation 990 [1/1] (1.05ns) (root node of TernaryAdder)   --->   "%add_ln840_149 = add i8 %zext_ln840_134, i8 %add_ln840_133"   --->   Operation 990 'add' 'add_ln840_149' <Predicate = (!icmp_ln249)> <Delay = 1.05> <CoreInst = "TAddSub">   --->   Core 10 'TAddSub' <Latency = 0> <II = 1> <Delay = 0.52> <IPBlock> <Opcode : 'add' 'sub'> <InPorts = 3> <OutPorts = 1> <Sync> <CReg>
ST_1 : Operation 991 [1/1] (0.00ns) (grouped into LUT with out node add_ln840_165)   --->   "%local_temp_V_150 = bitselect i1 @_ssdm_op_BitSelect.i1.i240.i32, i240 %W_packed_V, i32 150"   --->   Operation 991 'bitselect' 'local_temp_V_150' <Predicate = (!icmp_ln249)> <Delay = 0.00>
ST_1 : Operation 992 [1/1] (0.00ns) (grouped into LUT with out node add_ln840_164)   --->   "%local_temp_V_151 = bitselect i1 @_ssdm_op_BitSelect.i1.i240.i32, i240 %W_packed_V, i32 151"   --->   Operation 992 'bitselect' 'local_temp_V_151' <Predicate = (!icmp_ln249)> <Delay = 0.00>
ST_1 : Operation 993 [1/1] (0.00ns) (grouped into LUT with out node add_ln840_167)   --->   "%local_temp_V_152 = bitselect i1 @_ssdm_op_BitSelect.i1.i240.i32, i240 %W_packed_V, i32 152"   --->   Operation 993 'bitselect' 'local_temp_V_152' <Predicate = (!icmp_ln249)> <Delay = 0.00>
ST_1 : Operation 994 [1/1] (0.00ns) (grouped into LUT with out node add_ln840_165)   --->   "%local_temp_V_153 = bitselect i1 @_ssdm_op_BitSelect.i1.i240.i32, i240 %W_packed_V, i32 153"   --->   Operation 994 'bitselect' 'local_temp_V_153' <Predicate = (!icmp_ln249)> <Delay = 0.00>
ST_1 : Operation 995 [1/1] (0.00ns) (grouped into LUT with out node add_ln840_168)   --->   "%local_temp_V_154 = bitselect i1 @_ssdm_op_BitSelect.i1.i240.i32, i240 %W_packed_V, i32 154"   --->   Operation 995 'bitselect' 'local_temp_V_154' <Predicate = (!icmp_ln249)> <Delay = 0.00>
ST_1 : Operation 996 [1/1] (0.00ns) (grouped into LUT with out node add_ln840_167)   --->   "%local_temp_V_155 = bitselect i1 @_ssdm_op_BitSelect.i1.i240.i32, i240 %W_packed_V, i32 155"   --->   Operation 996 'bitselect' 'local_temp_V_155' <Predicate = (!icmp_ln249)> <Delay = 0.00>
ST_1 : Operation 997 [1/1] (0.00ns) (grouped into LUT with out node add_ln840_171)   --->   "%local_temp_V_156 = bitselect i1 @_ssdm_op_BitSelect.i1.i240.i32, i240 %W_packed_V, i32 156"   --->   Operation 997 'bitselect' 'local_temp_V_156' <Predicate = (!icmp_ln249)> <Delay = 0.00>
ST_1 : Operation 998 [1/1] (0.00ns) (grouped into LUT with out node add_ln840_168)   --->   "%local_temp_V_157 = bitselect i1 @_ssdm_op_BitSelect.i1.i240.i32, i240 %W_packed_V, i32 157"   --->   Operation 998 'bitselect' 'local_temp_V_157' <Predicate = (!icmp_ln249)> <Delay = 0.00>
ST_1 : Operation 999 [1/1] (0.00ns) (grouped into LUT with out node add_ln840_172)   --->   "%local_temp_V_158 = bitselect i1 @_ssdm_op_BitSelect.i1.i240.i32, i240 %W_packed_V, i32 158"   --->   Operation 999 'bitselect' 'local_temp_V_158' <Predicate = (!icmp_ln249)> <Delay = 0.00>
ST_1 : Operation 1000 [1/1] (0.00ns) (grouped into LUT with out node add_ln840_171)   --->   "%local_temp_V_159 = bitselect i1 @_ssdm_op_BitSelect.i1.i240.i32, i240 %W_packed_V, i32 159"   --->   Operation 1000 'bitselect' 'local_temp_V_159' <Predicate = (!icmp_ln249)> <Delay = 0.00>
ST_1 : Operation 1001 [1/1] (0.00ns) (grouped into LUT with out node add_ln840_174)   --->   "%local_temp_V_160 = bitselect i1 @_ssdm_op_BitSelect.i1.i240.i32, i240 %W_packed_V, i32 160"   --->   Operation 1001 'bitselect' 'local_temp_V_160' <Predicate = (!icmp_ln249)> <Delay = 0.00>
ST_1 : Operation 1002 [1/1] (0.00ns) (grouped into LUT with out node add_ln840_172)   --->   "%local_temp_V_161 = bitselect i1 @_ssdm_op_BitSelect.i1.i240.i32, i240 %W_packed_V, i32 161"   --->   Operation 1002 'bitselect' 'local_temp_V_161' <Predicate = (!icmp_ln249)> <Delay = 0.00>
ST_1 : Operation 1003 [1/1] (0.00ns) (grouped into LUT with out node add_ln840_175)   --->   "%local_temp_V_162 = bitselect i1 @_ssdm_op_BitSelect.i1.i240.i32, i240 %W_packed_V, i32 162"   --->   Operation 1003 'bitselect' 'local_temp_V_162' <Predicate = (!icmp_ln249)> <Delay = 0.00>
ST_1 : Operation 1004 [1/1] (0.00ns) (grouped into LUT with out node add_ln840_174)   --->   "%local_temp_V_163 = bitselect i1 @_ssdm_op_BitSelect.i1.i240.i32, i240 %W_packed_V, i32 163"   --->   Operation 1004 'bitselect' 'local_temp_V_163' <Predicate = (!icmp_ln249)> <Delay = 0.00>
ST_1 : Operation 1005 [1/1] (0.00ns) (grouped into LUT with out node add_ln840_157)   --->   "%local_temp_V_164 = bitselect i1 @_ssdm_op_BitSelect.i1.i240.i32, i240 %W_packed_V, i32 164"   --->   Operation 1005 'bitselect' 'local_temp_V_164' <Predicate = (!icmp_ln249)> <Delay = 0.00>
ST_1 : Operation 1006 [1/1] (0.00ns) (grouped into LUT with out node add_ln840_159)   --->   "%local_temp_V_165 = bitselect i1 @_ssdm_op_BitSelect.i1.i240.i32, i240 %W_packed_V, i32 165"   --->   Operation 1006 'bitselect' 'local_temp_V_165' <Predicate = (!icmp_ln249)> <Delay = 0.00>
ST_1 : Operation 1007 [1/1] (0.00ns) (grouped into LUT with out node add_ln840_157)   --->   "%local_temp_V_166 = bitselect i1 @_ssdm_op_BitSelect.i1.i240.i32, i240 %W_packed_V, i32 166"   --->   Operation 1007 'bitselect' 'local_temp_V_166' <Predicate = (!icmp_ln249)> <Delay = 0.00>
ST_1 : Operation 1008 [1/1] (0.00ns) (grouped into LUT with out node add_ln840_160)   --->   "%local_temp_V_167 = bitselect i1 @_ssdm_op_BitSelect.i1.i240.i32, i240 %W_packed_V, i32 167"   --->   Operation 1008 'bitselect' 'local_temp_V_167' <Predicate = (!icmp_ln249)> <Delay = 0.00>
ST_1 : Operation 1009 [1/1] (0.00ns) (grouped into LUT with out node add_ln840_159)   --->   "%local_temp_V_168 = bitselect i1 @_ssdm_op_BitSelect.i1.i240.i32, i240 %W_packed_V, i32 168"   --->   Operation 1009 'bitselect' 'local_temp_V_168' <Predicate = (!icmp_ln249)> <Delay = 0.00>
ST_1 : Operation 1010 [1/1] (0.00ns) (grouped into LUT with out node add_ln840_164)   --->   "%local_temp_V_169 = bitselect i1 @_ssdm_op_BitSelect.i1.i240.i32, i240 %W_packed_V, i32 169"   --->   Operation 1010 'bitselect' 'local_temp_V_169' <Predicate = (!icmp_ln249)> <Delay = 0.00>
ST_1 : Operation 1011 [1/1] (0.00ns) (grouped into LUT with out node add_ln840_160)   --->   "%local_temp_V_170 = bitselect i1 @_ssdm_op_BitSelect.i1.i240.i32, i240 %W_packed_V, i32 170"   --->   Operation 1011 'bitselect' 'local_temp_V_170' <Predicate = (!icmp_ln249)> <Delay = 0.00>
ST_1 : Operation 1012 [1/1] (0.00ns) (grouped into LUT with out node add_ln840_153)   --->   "%local_temp_V_171 = bitselect i1 @_ssdm_op_BitSelect.i1.i240.i32, i240 %W_packed_V, i32 171"   --->   Operation 1012 'bitselect' 'local_temp_V_171' <Predicate = (!icmp_ln249)> <Delay = 0.00>
ST_1 : Operation 1013 [1/1] (0.00ns) (grouped into LUT with out node add_ln840_153)   --->   "%local_temp_V_172 = bitselect i1 @_ssdm_op_BitSelect.i1.i240.i32, i240 %W_packed_V, i32 172"   --->   Operation 1013 'bitselect' 'local_temp_V_172' <Predicate = (!icmp_ln249)> <Delay = 0.00>
ST_1 : Operation 1014 [1/1] (0.00ns) (grouped into LUT with out node add_ln840_156)   --->   "%local_temp_V_173 = bitselect i1 @_ssdm_op_BitSelect.i1.i240.i32, i240 %W_packed_V, i32 173"   --->   Operation 1014 'bitselect' 'local_temp_V_173' <Predicate = (!icmp_ln249)> <Delay = 0.00>
ST_1 : Operation 1015 [1/1] (0.00ns) (grouped into LUT with out node add_ln840_156)   --->   "%local_temp_V_174 = bitselect i1 @_ssdm_op_BitSelect.i1.i240.i32, i240 %W_packed_V, i32 174"   --->   Operation 1015 'bitselect' 'local_temp_V_174' <Predicate = (!icmp_ln249)> <Delay = 0.00>
ST_1 : Operation 1016 [1/1] (0.00ns) (grouped into LUT with out node add_ln840_152)   --->   "%local_temp_V_175 = bitselect i1 @_ssdm_op_BitSelect.i1.i240.i32, i240 %W_packed_V, i32 175"   --->   Operation 1016 'bitselect' 'local_temp_V_175' <Predicate = (!icmp_ln249)> <Delay = 0.00>
ST_1 : Operation 1017 [1/1] (0.00ns) (grouped into LUT with out node add_ln840_152)   --->   "%local_temp_V_176 = bitselect i1 @_ssdm_op_BitSelect.i1.i240.i32, i240 %W_packed_V, i32 176"   --->   Operation 1017 'bitselect' 'local_temp_V_176' <Predicate = (!icmp_ln249)> <Delay = 0.00>
ST_1 : Operation 1018 [1/1] (0.00ns) (grouped into LUT with out node add_ln840_150)   --->   "%local_temp_V_177 = bitselect i1 @_ssdm_op_BitSelect.i1.i240.i32, i240 %W_packed_V, i32 177"   --->   Operation 1018 'bitselect' 'local_temp_V_177' <Predicate = (!icmp_ln249)> <Delay = 0.00>
ST_1 : Operation 1019 [1/1] (0.00ns) (grouped into LUT with out node add_ln840_150)   --->   "%local_temp_V_178 = bitselect i1 @_ssdm_op_BitSelect.i1.i240.i32, i240 %W_packed_V, i32 178"   --->   Operation 1019 'bitselect' 'local_temp_V_178' <Predicate = (!icmp_ln249)> <Delay = 0.00>
ST_1 : Operation 1020 [1/1] (0.00ns) (grouped into LUT with out node add_ln840_175)   --->   "%local_temp_V_179 = bitselect i1 @_ssdm_op_BitSelect.i1.i240.i32, i240 %W_packed_V, i32 179"   --->   Operation 1020 'bitselect' 'local_temp_V_179' <Predicate = (!icmp_ln249)> <Delay = 0.00>
ST_1 : Operation 1021 [1/1] (0.00ns) (grouped into LUT with out node add_ln840_165)   --->   "%xor_ln1019_300 = xor i1 1, i1 %local_temp_V_150"   --->   Operation 1021 'xor' 'xor_ln1019_300' <Predicate = (!icmp_ln249)> <Delay = 0.00> <CoreInst = "LogicGate">   --->   Core 74 'LogicGate' <Latency = 0> <II = 1> <Delay = 0.28> <FuncUnit> <Opcode : 'and' 'or' 'xor'> <InPorts = 2> <OutPorts = 1>
ST_1 : Operation 1022 [1/1] (0.00ns) (grouped into LUT with out node add_ln840_165)   --->   "%xor_ln1019_301 = xor i1 %xor_ln1019_300, i1 %p_Result_s"   --->   Operation 1022 'xor' 'xor_ln1019_301' <Predicate = (!icmp_ln249)> <Delay = 0.00> <CoreInst = "LogicGate">   --->   Core 74 'LogicGate' <Latency = 0> <II = 1> <Delay = 0.28> <FuncUnit> <Opcode : 'and' 'or' 'xor'> <InPorts = 2> <OutPorts = 1>
ST_1 : Operation 1023 [1/1] (0.00ns) (grouped into LUT with out node add_ln840_165)   --->   "%zext_ln1019_116 = zext i1 %xor_ln1019_301"   --->   Operation 1023 'zext' 'zext_ln1019_116' <Predicate = (!icmp_ln249)> <Delay = 0.00>
ST_1 : Operation 1024 [1/1] (0.00ns) (grouped into LUT with out node add_ln840_164)   --->   "%xor_ln1019_302 = xor i1 %p_Result_1, i1 %local_temp_V_151"   --->   Operation 1024 'xor' 'xor_ln1019_302' <Predicate = (!icmp_ln249)> <Delay = 0.00> <CoreInst = "LogicGate">   --->   Core 74 'LogicGate' <Latency = 0> <II = 1> <Delay = 0.28> <FuncUnit> <Opcode : 'and' 'or' 'xor'> <InPorts = 2> <OutPorts = 1>
ST_1 : Operation 1025 [1/1] (0.00ns) (grouped into LUT with out node add_ln840_164)   --->   "%xor_ln1019_303 = xor i1 %xor_ln1019_302, i1 1"   --->   Operation 1025 'xor' 'xor_ln1019_303' <Predicate = (!icmp_ln249)> <Delay = 0.00> <CoreInst = "LogicGate">   --->   Core 74 'LogicGate' <Latency = 0> <II = 1> <Delay = 0.28> <FuncUnit> <Opcode : 'and' 'or' 'xor'> <InPorts = 2> <OutPorts = 1>
ST_1 : Operation 1026 [1/1] (0.00ns) (grouped into LUT with out node add_ln840_164)   --->   "%zext_ln1019_117 = zext i1 %xor_ln1019_303"   --->   Operation 1026 'zext' 'zext_ln1019_117' <Predicate = (!icmp_ln249)> <Delay = 0.00>
ST_1 : Operation 1027 [1/1] (0.00ns) (grouped into LUT with out node add_ln840_167)   --->   "%xor_ln1019_304 = xor i1 %p_Result_2, i1 %local_temp_V_152"   --->   Operation 1027 'xor' 'xor_ln1019_304' <Predicate = (!icmp_ln249)> <Delay = 0.00> <CoreInst = "LogicGate">   --->   Core 74 'LogicGate' <Latency = 0> <II = 1> <Delay = 0.28> <FuncUnit> <Opcode : 'and' 'or' 'xor'> <InPorts = 2> <OutPorts = 1>
ST_1 : Operation 1028 [1/1] (0.00ns) (grouped into LUT with out node add_ln840_167)   --->   "%xor_ln1019_305 = xor i1 %xor_ln1019_304, i1 1"   --->   Operation 1028 'xor' 'xor_ln1019_305' <Predicate = (!icmp_ln249)> <Delay = 0.00> <CoreInst = "LogicGate">   --->   Core 74 'LogicGate' <Latency = 0> <II = 1> <Delay = 0.28> <FuncUnit> <Opcode : 'and' 'or' 'xor'> <InPorts = 2> <OutPorts = 1>
ST_1 : Operation 1029 [1/1] (0.00ns) (grouped into LUT with out node add_ln840_167)   --->   "%zext_ln1019_118 = zext i1 %xor_ln1019_305"   --->   Operation 1029 'zext' 'zext_ln1019_118' <Predicate = (!icmp_ln249)> <Delay = 0.00>
ST_1 : Operation 1030 [1/1] (0.00ns) (grouped into LUT with out node add_ln840_165)   --->   "%xor_ln1019_306 = xor i1 %p_Result_3, i1 %local_temp_V_153"   --->   Operation 1030 'xor' 'xor_ln1019_306' <Predicate = (!icmp_ln249)> <Delay = 0.00> <CoreInst = "LogicGate">   --->   Core 74 'LogicGate' <Latency = 0> <II = 1> <Delay = 0.28> <FuncUnit> <Opcode : 'and' 'or' 'xor'> <InPorts = 2> <OutPorts = 1>
ST_1 : Operation 1031 [1/1] (0.00ns) (grouped into LUT with out node add_ln840_165)   --->   "%xor_ln1019_307 = xor i1 %xor_ln1019_306, i1 1"   --->   Operation 1031 'xor' 'xor_ln1019_307' <Predicate = (!icmp_ln249)> <Delay = 0.00> <CoreInst = "LogicGate">   --->   Core 74 'LogicGate' <Latency = 0> <II = 1> <Delay = 0.28> <FuncUnit> <Opcode : 'and' 'or' 'xor'> <InPorts = 2> <OutPorts = 1>
ST_1 : Operation 1032 [1/1] (0.00ns) (grouped into LUT with out node add_ln840_165)   --->   "%zext_ln1019_119 = zext i1 %xor_ln1019_307"   --->   Operation 1032 'zext' 'zext_ln1019_119' <Predicate = (!icmp_ln249)> <Delay = 0.00>
ST_1 : Operation 1033 [1/1] (0.00ns) (grouped into LUT with out node add_ln840_168)   --->   "%xor_ln1019_308 = xor i1 %p_Result_4, i1 %local_temp_V_154"   --->   Operation 1033 'xor' 'xor_ln1019_308' <Predicate = (!icmp_ln249)> <Delay = 0.00> <CoreInst = "LogicGate">   --->   Core 74 'LogicGate' <Latency = 0> <II = 1> <Delay = 0.28> <FuncUnit> <Opcode : 'and' 'or' 'xor'> <InPorts = 2> <OutPorts = 1>
ST_1 : Operation 1034 [1/1] (0.00ns) (grouped into LUT with out node add_ln840_168)   --->   "%xor_ln1019_309 = xor i1 %xor_ln1019_308, i1 1"   --->   Operation 1034 'xor' 'xor_ln1019_309' <Predicate = (!icmp_ln249)> <Delay = 0.00> <CoreInst = "LogicGate">   --->   Core 74 'LogicGate' <Latency = 0> <II = 1> <Delay = 0.28> <FuncUnit> <Opcode : 'and' 'or' 'xor'> <InPorts = 2> <OutPorts = 1>
ST_1 : Operation 1035 [1/1] (0.00ns) (grouped into LUT with out node add_ln840_168)   --->   "%zext_ln1019_120 = zext i1 %xor_ln1019_309"   --->   Operation 1035 'zext' 'zext_ln1019_120' <Predicate = (!icmp_ln249)> <Delay = 0.00>
ST_1 : Operation 1036 [1/1] (0.00ns) (grouped into LUT with out node add_ln840_167)   --->   "%xor_ln1019_310 = xor i1 %p_Result_5, i1 %local_temp_V_155"   --->   Operation 1036 'xor' 'xor_ln1019_310' <Predicate = (!icmp_ln249)> <Delay = 0.00> <CoreInst = "LogicGate">   --->   Core 74 'LogicGate' <Latency = 0> <II = 1> <Delay = 0.28> <FuncUnit> <Opcode : 'and' 'or' 'xor'> <InPorts = 2> <OutPorts = 1>
ST_1 : Operation 1037 [1/1] (0.00ns) (grouped into LUT with out node add_ln840_167)   --->   "%xor_ln1019_311 = xor i1 %xor_ln1019_310, i1 1"   --->   Operation 1037 'xor' 'xor_ln1019_311' <Predicate = (!icmp_ln249)> <Delay = 0.00> <CoreInst = "LogicGate">   --->   Core 74 'LogicGate' <Latency = 0> <II = 1> <Delay = 0.28> <FuncUnit> <Opcode : 'and' 'or' 'xor'> <InPorts = 2> <OutPorts = 1>
ST_1 : Operation 1038 [1/1] (0.00ns) (grouped into LUT with out node add_ln840_167)   --->   "%zext_ln1019_121 = zext i1 %xor_ln1019_311"   --->   Operation 1038 'zext' 'zext_ln1019_121' <Predicate = (!icmp_ln249)> <Delay = 0.00>
ST_1 : Operation 1039 [1/1] (0.00ns) (grouped into LUT with out node add_ln840_171)   --->   "%xor_ln1019_312 = xor i1 %p_Result_6, i1 %local_temp_V_156"   --->   Operation 1039 'xor' 'xor_ln1019_312' <Predicate = (!icmp_ln249)> <Delay = 0.00> <CoreInst = "LogicGate">   --->   Core 74 'LogicGate' <Latency = 0> <II = 1> <Delay = 0.28> <FuncUnit> <Opcode : 'and' 'or' 'xor'> <InPorts = 2> <OutPorts = 1>
ST_1 : Operation 1040 [1/1] (0.00ns) (grouped into LUT with out node add_ln840_171)   --->   "%xor_ln1019_313 = xor i1 %xor_ln1019_312, i1 1"   --->   Operation 1040 'xor' 'xor_ln1019_313' <Predicate = (!icmp_ln249)> <Delay = 0.00> <CoreInst = "LogicGate">   --->   Core 74 'LogicGate' <Latency = 0> <II = 1> <Delay = 0.28> <FuncUnit> <Opcode : 'and' 'or' 'xor'> <InPorts = 2> <OutPorts = 1>
ST_1 : Operation 1041 [1/1] (0.00ns) (grouped into LUT with out node add_ln840_171)   --->   "%zext_ln1019_122 = zext i1 %xor_ln1019_313"   --->   Operation 1041 'zext' 'zext_ln1019_122' <Predicate = (!icmp_ln249)> <Delay = 0.00>
ST_1 : Operation 1042 [1/1] (0.00ns) (grouped into LUT with out node add_ln840_168)   --->   "%xor_ln1019_314 = xor i1 %p_Result_7, i1 %local_temp_V_157"   --->   Operation 1042 'xor' 'xor_ln1019_314' <Predicate = (!icmp_ln249)> <Delay = 0.00> <CoreInst = "LogicGate">   --->   Core 74 'LogicGate' <Latency = 0> <II = 1> <Delay = 0.28> <FuncUnit> <Opcode : 'and' 'or' 'xor'> <InPorts = 2> <OutPorts = 1>
ST_1 : Operation 1043 [1/1] (0.00ns) (grouped into LUT with out node add_ln840_168)   --->   "%xor_ln1019_315 = xor i1 %xor_ln1019_314, i1 1"   --->   Operation 1043 'xor' 'xor_ln1019_315' <Predicate = (!icmp_ln249)> <Delay = 0.00> <CoreInst = "LogicGate">   --->   Core 74 'LogicGate' <Latency = 0> <II = 1> <Delay = 0.28> <FuncUnit> <Opcode : 'and' 'or' 'xor'> <InPorts = 2> <OutPorts = 1>
ST_1 : Operation 1044 [1/1] (0.00ns) (grouped into LUT with out node add_ln840_168)   --->   "%zext_ln1019_123 = zext i1 %xor_ln1019_315"   --->   Operation 1044 'zext' 'zext_ln1019_123' <Predicate = (!icmp_ln249)> <Delay = 0.00>
ST_1 : Operation 1045 [1/1] (0.00ns) (grouped into LUT with out node add_ln840_172)   --->   "%xor_ln1019_316 = xor i1 %p_Result_8, i1 %local_temp_V_158"   --->   Operation 1045 'xor' 'xor_ln1019_316' <Predicate = (!icmp_ln249)> <Delay = 0.00> <CoreInst = "LogicGate">   --->   Core 74 'LogicGate' <Latency = 0> <II = 1> <Delay = 0.28> <FuncUnit> <Opcode : 'and' 'or' 'xor'> <InPorts = 2> <OutPorts = 1>
ST_1 : Operation 1046 [1/1] (0.00ns) (grouped into LUT with out node add_ln840_172)   --->   "%xor_ln1019_317 = xor i1 %xor_ln1019_316, i1 1"   --->   Operation 1046 'xor' 'xor_ln1019_317' <Predicate = (!icmp_ln249)> <Delay = 0.00> <CoreInst = "LogicGate">   --->   Core 74 'LogicGate' <Latency = 0> <II = 1> <Delay = 0.28> <FuncUnit> <Opcode : 'and' 'or' 'xor'> <InPorts = 2> <OutPorts = 1>
ST_1 : Operation 1047 [1/1] (0.00ns) (grouped into LUT with out node add_ln840_172)   --->   "%zext_ln1019_124 = zext i1 %xor_ln1019_317"   --->   Operation 1047 'zext' 'zext_ln1019_124' <Predicate = (!icmp_ln249)> <Delay = 0.00>
ST_1 : Operation 1048 [1/1] (0.00ns) (grouped into LUT with out node add_ln840_171)   --->   "%xor_ln1019_318 = xor i1 %p_Result_9, i1 %local_temp_V_159"   --->   Operation 1048 'xor' 'xor_ln1019_318' <Predicate = (!icmp_ln249)> <Delay = 0.00> <CoreInst = "LogicGate">   --->   Core 74 'LogicGate' <Latency = 0> <II = 1> <Delay = 0.28> <FuncUnit> <Opcode : 'and' 'or' 'xor'> <InPorts = 2> <OutPorts = 1>
ST_1 : Operation 1049 [1/1] (0.00ns) (grouped into LUT with out node add_ln840_171)   --->   "%xor_ln1019_319 = xor i1 %xor_ln1019_318, i1 1"   --->   Operation 1049 'xor' 'xor_ln1019_319' <Predicate = (!icmp_ln249)> <Delay = 0.00> <CoreInst = "LogicGate">   --->   Core 74 'LogicGate' <Latency = 0> <II = 1> <Delay = 0.28> <FuncUnit> <Opcode : 'and' 'or' 'xor'> <InPorts = 2> <OutPorts = 1>
ST_1 : Operation 1050 [1/1] (0.00ns) (grouped into LUT with out node add_ln840_171)   --->   "%zext_ln1019_125 = zext i1 %xor_ln1019_319"   --->   Operation 1050 'zext' 'zext_ln1019_125' <Predicate = (!icmp_ln249)> <Delay = 0.00>
ST_1 : Operation 1051 [1/1] (0.00ns) (grouped into LUT with out node add_ln840_174)   --->   "%xor_ln1019_320 = xor i1 %p_Result_10, i1 %local_temp_V_160"   --->   Operation 1051 'xor' 'xor_ln1019_320' <Predicate = (!icmp_ln249)> <Delay = 0.00> <CoreInst = "LogicGate">   --->   Core 74 'LogicGate' <Latency = 0> <II = 1> <Delay = 0.28> <FuncUnit> <Opcode : 'and' 'or' 'xor'> <InPorts = 2> <OutPorts = 1>
ST_1 : Operation 1052 [1/1] (0.00ns) (grouped into LUT with out node add_ln840_174)   --->   "%xor_ln1019_321 = xor i1 %xor_ln1019_320, i1 1"   --->   Operation 1052 'xor' 'xor_ln1019_321' <Predicate = (!icmp_ln249)> <Delay = 0.00> <CoreInst = "LogicGate">   --->   Core 74 'LogicGate' <Latency = 0> <II = 1> <Delay = 0.28> <FuncUnit> <Opcode : 'and' 'or' 'xor'> <InPorts = 2> <OutPorts = 1>
ST_1 : Operation 1053 [1/1] (0.00ns) (grouped into LUT with out node add_ln840_174)   --->   "%zext_ln1019_126 = zext i1 %xor_ln1019_321"   --->   Operation 1053 'zext' 'zext_ln1019_126' <Predicate = (!icmp_ln249)> <Delay = 0.00>
ST_1 : Operation 1054 [1/1] (0.00ns) (grouped into LUT with out node add_ln840_172)   --->   "%xor_ln1019_322 = xor i1 %p_Result_11, i1 %local_temp_V_161"   --->   Operation 1054 'xor' 'xor_ln1019_322' <Predicate = (!icmp_ln249)> <Delay = 0.00> <CoreInst = "LogicGate">   --->   Core 74 'LogicGate' <Latency = 0> <II = 1> <Delay = 0.28> <FuncUnit> <Opcode : 'and' 'or' 'xor'> <InPorts = 2> <OutPorts = 1>
ST_1 : Operation 1055 [1/1] (0.00ns) (grouped into LUT with out node add_ln840_172)   --->   "%xor_ln1019_323 = xor i1 %xor_ln1019_322, i1 1"   --->   Operation 1055 'xor' 'xor_ln1019_323' <Predicate = (!icmp_ln249)> <Delay = 0.00> <CoreInst = "LogicGate">   --->   Core 74 'LogicGate' <Latency = 0> <II = 1> <Delay = 0.28> <FuncUnit> <Opcode : 'and' 'or' 'xor'> <InPorts = 2> <OutPorts = 1>
ST_1 : Operation 1056 [1/1] (0.00ns) (grouped into LUT with out node add_ln840_172)   --->   "%zext_ln1019_127 = zext i1 %xor_ln1019_323"   --->   Operation 1056 'zext' 'zext_ln1019_127' <Predicate = (!icmp_ln249)> <Delay = 0.00>
ST_1 : Operation 1057 [1/1] (0.00ns) (grouped into LUT with out node add_ln840_175)   --->   "%xor_ln1019_324 = xor i1 %p_Result_12, i1 %local_temp_V_162"   --->   Operation 1057 'xor' 'xor_ln1019_324' <Predicate = (!icmp_ln249)> <Delay = 0.00> <CoreInst = "LogicGate">   --->   Core 74 'LogicGate' <Latency = 0> <II = 1> <Delay = 0.28> <FuncUnit> <Opcode : 'and' 'or' 'xor'> <InPorts = 2> <OutPorts = 1>
ST_1 : Operation 1058 [1/1] (0.00ns) (grouped into LUT with out node add_ln840_175)   --->   "%xor_ln1019_325 = xor i1 %xor_ln1019_324, i1 1"   --->   Operation 1058 'xor' 'xor_ln1019_325' <Predicate = (!icmp_ln249)> <Delay = 0.00> <CoreInst = "LogicGate">   --->   Core 74 'LogicGate' <Latency = 0> <II = 1> <Delay = 0.28> <FuncUnit> <Opcode : 'and' 'or' 'xor'> <InPorts = 2> <OutPorts = 1>
ST_1 : Operation 1059 [1/1] (0.00ns) (grouped into LUT with out node add_ln840_175)   --->   "%zext_ln1019_128 = zext i1 %xor_ln1019_325"   --->   Operation 1059 'zext' 'zext_ln1019_128' <Predicate = (!icmp_ln249)> <Delay = 0.00>
ST_1 : Operation 1060 [1/1] (0.00ns) (grouped into LUT with out node add_ln840_174)   --->   "%xor_ln1019_326 = xor i1 %p_Result_13, i1 %local_temp_V_163"   --->   Operation 1060 'xor' 'xor_ln1019_326' <Predicate = (!icmp_ln249)> <Delay = 0.00> <CoreInst = "LogicGate">   --->   Core 74 'LogicGate' <Latency = 0> <II = 1> <Delay = 0.28> <FuncUnit> <Opcode : 'and' 'or' 'xor'> <InPorts = 2> <OutPorts = 1>
ST_1 : Operation 1061 [1/1] (0.00ns) (grouped into LUT with out node add_ln840_174)   --->   "%xor_ln1019_327 = xor i1 %xor_ln1019_326, i1 1"   --->   Operation 1061 'xor' 'xor_ln1019_327' <Predicate = (!icmp_ln249)> <Delay = 0.00> <CoreInst = "LogicGate">   --->   Core 74 'LogicGate' <Latency = 0> <II = 1> <Delay = 0.28> <FuncUnit> <Opcode : 'and' 'or' 'xor'> <InPorts = 2> <OutPorts = 1>
ST_1 : Operation 1062 [1/1] (0.00ns) (grouped into LUT with out node add_ln840_174)   --->   "%zext_ln1019_129 = zext i1 %xor_ln1019_327"   --->   Operation 1062 'zext' 'zext_ln1019_129' <Predicate = (!icmp_ln249)> <Delay = 0.00>
ST_1 : Operation 1063 [1/1] (0.00ns) (grouped into LUT with out node add_ln840_157)   --->   "%xor_ln1019_328 = xor i1 %p_Result_14, i1 %local_temp_V_164"   --->   Operation 1063 'xor' 'xor_ln1019_328' <Predicate = (!icmp_ln249)> <Delay = 0.00> <CoreInst = "LogicGate">   --->   Core 74 'LogicGate' <Latency = 0> <II = 1> <Delay = 0.28> <FuncUnit> <Opcode : 'and' 'or' 'xor'> <InPorts = 2> <OutPorts = 1>
ST_1 : Operation 1064 [1/1] (0.00ns) (grouped into LUT with out node add_ln840_157)   --->   "%xor_ln1019_329 = xor i1 %xor_ln1019_328, i1 1"   --->   Operation 1064 'xor' 'xor_ln1019_329' <Predicate = (!icmp_ln249)> <Delay = 0.00> <CoreInst = "LogicGate">   --->   Core 74 'LogicGate' <Latency = 0> <II = 1> <Delay = 0.28> <FuncUnit> <Opcode : 'and' 'or' 'xor'> <InPorts = 2> <OutPorts = 1>
ST_1 : Operation 1065 [1/1] (0.00ns) (grouped into LUT with out node add_ln840_157)   --->   "%zext_ln1019_130 = zext i1 %xor_ln1019_329"   --->   Operation 1065 'zext' 'zext_ln1019_130' <Predicate = (!icmp_ln249)> <Delay = 0.00>
ST_1 : Operation 1066 [1/1] (0.00ns) (grouped into LUT with out node add_ln840_159)   --->   "%xor_ln1019_330 = xor i1 %p_Result_15, i1 %local_temp_V_165"   --->   Operation 1066 'xor' 'xor_ln1019_330' <Predicate = (!icmp_ln249)> <Delay = 0.00> <CoreInst = "LogicGate">   --->   Core 74 'LogicGate' <Latency = 0> <II = 1> <Delay = 0.28> <FuncUnit> <Opcode : 'and' 'or' 'xor'> <InPorts = 2> <OutPorts = 1>
ST_1 : Operation 1067 [1/1] (0.00ns) (grouped into LUT with out node add_ln840_159)   --->   "%xor_ln1019_331 = xor i1 %xor_ln1019_330, i1 1"   --->   Operation 1067 'xor' 'xor_ln1019_331' <Predicate = (!icmp_ln249)> <Delay = 0.00> <CoreInst = "LogicGate">   --->   Core 74 'LogicGate' <Latency = 0> <II = 1> <Delay = 0.28> <FuncUnit> <Opcode : 'and' 'or' 'xor'> <InPorts = 2> <OutPorts = 1>
ST_1 : Operation 1068 [1/1] (0.00ns) (grouped into LUT with out node add_ln840_159)   --->   "%zext_ln1019_131 = zext i1 %xor_ln1019_331"   --->   Operation 1068 'zext' 'zext_ln1019_131' <Predicate = (!icmp_ln249)> <Delay = 0.00>
ST_1 : Operation 1069 [1/1] (0.00ns) (grouped into LUT with out node add_ln840_157)   --->   "%xor_ln1019_332 = xor i1 %p_Result_16, i1 %local_temp_V_166"   --->   Operation 1069 'xor' 'xor_ln1019_332' <Predicate = (!icmp_ln249)> <Delay = 0.00> <CoreInst = "LogicGate">   --->   Core 74 'LogicGate' <Latency = 0> <II = 1> <Delay = 0.28> <FuncUnit> <Opcode : 'and' 'or' 'xor'> <InPorts = 2> <OutPorts = 1>
ST_1 : Operation 1070 [1/1] (0.00ns) (grouped into LUT with out node add_ln840_157)   --->   "%xor_ln1019_333 = xor i1 %xor_ln1019_332, i1 1"   --->   Operation 1070 'xor' 'xor_ln1019_333' <Predicate = (!icmp_ln249)> <Delay = 0.00> <CoreInst = "LogicGate">   --->   Core 74 'LogicGate' <Latency = 0> <II = 1> <Delay = 0.28> <FuncUnit> <Opcode : 'and' 'or' 'xor'> <InPorts = 2> <OutPorts = 1>
ST_1 : Operation 1071 [1/1] (0.00ns) (grouped into LUT with out node add_ln840_157)   --->   "%zext_ln1019_132 = zext i1 %xor_ln1019_333"   --->   Operation 1071 'zext' 'zext_ln1019_132' <Predicate = (!icmp_ln249)> <Delay = 0.00>
ST_1 : Operation 1072 [1/1] (0.00ns) (grouped into LUT with out node add_ln840_160)   --->   "%xor_ln1019_334 = xor i1 %p_Result_17, i1 %local_temp_V_167"   --->   Operation 1072 'xor' 'xor_ln1019_334' <Predicate = (!icmp_ln249)> <Delay = 0.00> <CoreInst = "LogicGate">   --->   Core 74 'LogicGate' <Latency = 0> <II = 1> <Delay = 0.28> <FuncUnit> <Opcode : 'and' 'or' 'xor'> <InPorts = 2> <OutPorts = 1>
ST_1 : Operation 1073 [1/1] (0.00ns) (grouped into LUT with out node add_ln840_160)   --->   "%xor_ln1019_335 = xor i1 %xor_ln1019_334, i1 1"   --->   Operation 1073 'xor' 'xor_ln1019_335' <Predicate = (!icmp_ln249)> <Delay = 0.00> <CoreInst = "LogicGate">   --->   Core 74 'LogicGate' <Latency = 0> <II = 1> <Delay = 0.28> <FuncUnit> <Opcode : 'and' 'or' 'xor'> <InPorts = 2> <OutPorts = 1>
ST_1 : Operation 1074 [1/1] (0.00ns) (grouped into LUT with out node add_ln840_160)   --->   "%zext_ln1019_133 = zext i1 %xor_ln1019_335"   --->   Operation 1074 'zext' 'zext_ln1019_133' <Predicate = (!icmp_ln249)> <Delay = 0.00>
ST_1 : Operation 1075 [1/1] (0.00ns) (grouped into LUT with out node add_ln840_159)   --->   "%xor_ln1019_336 = xor i1 %p_Result_18, i1 %local_temp_V_168"   --->   Operation 1075 'xor' 'xor_ln1019_336' <Predicate = (!icmp_ln249)> <Delay = 0.00> <CoreInst = "LogicGate">   --->   Core 74 'LogicGate' <Latency = 0> <II = 1> <Delay = 0.28> <FuncUnit> <Opcode : 'and' 'or' 'xor'> <InPorts = 2> <OutPorts = 1>
ST_1 : Operation 1076 [1/1] (0.00ns) (grouped into LUT with out node add_ln840_159)   --->   "%xor_ln1019_337 = xor i1 %xor_ln1019_336, i1 1"   --->   Operation 1076 'xor' 'xor_ln1019_337' <Predicate = (!icmp_ln249)> <Delay = 0.00> <CoreInst = "LogicGate">   --->   Core 74 'LogicGate' <Latency = 0> <II = 1> <Delay = 0.28> <FuncUnit> <Opcode : 'and' 'or' 'xor'> <InPorts = 2> <OutPorts = 1>
ST_1 : Operation 1077 [1/1] (0.00ns) (grouped into LUT with out node add_ln840_159)   --->   "%zext_ln1019_134 = zext i1 %xor_ln1019_337"   --->   Operation 1077 'zext' 'zext_ln1019_134' <Predicate = (!icmp_ln249)> <Delay = 0.00>
ST_1 : Operation 1078 [1/1] (0.00ns) (grouped into LUT with out node add_ln840_164)   --->   "%xor_ln1019_338 = xor i1 %p_Result_19, i1 %local_temp_V_169"   --->   Operation 1078 'xor' 'xor_ln1019_338' <Predicate = (!icmp_ln249)> <Delay = 0.00> <CoreInst = "LogicGate">   --->   Core 74 'LogicGate' <Latency = 0> <II = 1> <Delay = 0.28> <FuncUnit> <Opcode : 'and' 'or' 'xor'> <InPorts = 2> <OutPorts = 1>
ST_1 : Operation 1079 [1/1] (0.00ns) (grouped into LUT with out node add_ln840_164)   --->   "%xor_ln1019_339 = xor i1 %xor_ln1019_338, i1 1"   --->   Operation 1079 'xor' 'xor_ln1019_339' <Predicate = (!icmp_ln249)> <Delay = 0.00> <CoreInst = "LogicGate">   --->   Core 74 'LogicGate' <Latency = 0> <II = 1> <Delay = 0.28> <FuncUnit> <Opcode : 'and' 'or' 'xor'> <InPorts = 2> <OutPorts = 1>
ST_1 : Operation 1080 [1/1] (0.00ns) (grouped into LUT with out node add_ln840_164)   --->   "%zext_ln1019_135 = zext i1 %xor_ln1019_339"   --->   Operation 1080 'zext' 'zext_ln1019_135' <Predicate = (!icmp_ln249)> <Delay = 0.00>
ST_1 : Operation 1081 [1/1] (0.00ns) (grouped into LUT with out node add_ln840_160)   --->   "%xor_ln1019_340 = xor i1 %p_Result_20, i1 %local_temp_V_170"   --->   Operation 1081 'xor' 'xor_ln1019_340' <Predicate = (!icmp_ln249)> <Delay = 0.00> <CoreInst = "LogicGate">   --->   Core 74 'LogicGate' <Latency = 0> <II = 1> <Delay = 0.28> <FuncUnit> <Opcode : 'and' 'or' 'xor'> <InPorts = 2> <OutPorts = 1>
ST_1 : Operation 1082 [1/1] (0.00ns) (grouped into LUT with out node add_ln840_160)   --->   "%xor_ln1019_341 = xor i1 %xor_ln1019_340, i1 1"   --->   Operation 1082 'xor' 'xor_ln1019_341' <Predicate = (!icmp_ln249)> <Delay = 0.00> <CoreInst = "LogicGate">   --->   Core 74 'LogicGate' <Latency = 0> <II = 1> <Delay = 0.28> <FuncUnit> <Opcode : 'and' 'or' 'xor'> <InPorts = 2> <OutPorts = 1>
ST_1 : Operation 1083 [1/1] (0.00ns) (grouped into LUT with out node add_ln840_160)   --->   "%zext_ln1019_136 = zext i1 %xor_ln1019_341"   --->   Operation 1083 'zext' 'zext_ln1019_136' <Predicate = (!icmp_ln249)> <Delay = 0.00>
ST_1 : Operation 1084 [1/1] (0.00ns) (grouped into LUT with out node add_ln840_153)   --->   "%xor_ln1019_342 = xor i1 %p_Result_21, i1 %local_temp_V_171"   --->   Operation 1084 'xor' 'xor_ln1019_342' <Predicate = (!icmp_ln249)> <Delay = 0.00> <CoreInst = "LogicGate">   --->   Core 74 'LogicGate' <Latency = 0> <II = 1> <Delay = 0.28> <FuncUnit> <Opcode : 'and' 'or' 'xor'> <InPorts = 2> <OutPorts = 1>
ST_1 : Operation 1085 [1/1] (0.00ns) (grouped into LUT with out node add_ln840_153)   --->   "%xor_ln1019_343 = xor i1 %xor_ln1019_342, i1 1"   --->   Operation 1085 'xor' 'xor_ln1019_343' <Predicate = (!icmp_ln249)> <Delay = 0.00> <CoreInst = "LogicGate">   --->   Core 74 'LogicGate' <Latency = 0> <II = 1> <Delay = 0.28> <FuncUnit> <Opcode : 'and' 'or' 'xor'> <InPorts = 2> <OutPorts = 1>
ST_1 : Operation 1086 [1/1] (0.00ns) (grouped into LUT with out node add_ln840_153)   --->   "%zext_ln1019_137 = zext i1 %xor_ln1019_343"   --->   Operation 1086 'zext' 'zext_ln1019_137' <Predicate = (!icmp_ln249)> <Delay = 0.00>
ST_1 : Operation 1087 [1/1] (0.00ns) (grouped into LUT with out node add_ln840_153)   --->   "%xor_ln1019_344 = xor i1 %p_Result_22, i1 %local_temp_V_172"   --->   Operation 1087 'xor' 'xor_ln1019_344' <Predicate = (!icmp_ln249)> <Delay = 0.00> <CoreInst = "LogicGate">   --->   Core 74 'LogicGate' <Latency = 0> <II = 1> <Delay = 0.28> <FuncUnit> <Opcode : 'and' 'or' 'xor'> <InPorts = 2> <OutPorts = 1>
ST_1 : Operation 1088 [1/1] (0.00ns) (grouped into LUT with out node add_ln840_153)   --->   "%xor_ln1019_345 = xor i1 %xor_ln1019_344, i1 1"   --->   Operation 1088 'xor' 'xor_ln1019_345' <Predicate = (!icmp_ln249)> <Delay = 0.00> <CoreInst = "LogicGate">   --->   Core 74 'LogicGate' <Latency = 0> <II = 1> <Delay = 0.28> <FuncUnit> <Opcode : 'and' 'or' 'xor'> <InPorts = 2> <OutPorts = 1>
ST_1 : Operation 1089 [1/1] (0.00ns) (grouped into LUT with out node add_ln840_153)   --->   "%zext_ln1019_138 = zext i1 %xor_ln1019_345"   --->   Operation 1089 'zext' 'zext_ln1019_138' <Predicate = (!icmp_ln249)> <Delay = 0.00>
ST_1 : Operation 1090 [1/1] (0.00ns) (grouped into LUT with out node add_ln840_156)   --->   "%xor_ln1019_346 = xor i1 %p_Result_23, i1 %local_temp_V_173"   --->   Operation 1090 'xor' 'xor_ln1019_346' <Predicate = (!icmp_ln249)> <Delay = 0.00> <CoreInst = "LogicGate">   --->   Core 74 'LogicGate' <Latency = 0> <II = 1> <Delay = 0.28> <FuncUnit> <Opcode : 'and' 'or' 'xor'> <InPorts = 2> <OutPorts = 1>
ST_1 : Operation 1091 [1/1] (0.00ns) (grouped into LUT with out node add_ln840_156)   --->   "%xor_ln1019_347 = xor i1 %xor_ln1019_346, i1 1"   --->   Operation 1091 'xor' 'xor_ln1019_347' <Predicate = (!icmp_ln249)> <Delay = 0.00> <CoreInst = "LogicGate">   --->   Core 74 'LogicGate' <Latency = 0> <II = 1> <Delay = 0.28> <FuncUnit> <Opcode : 'and' 'or' 'xor'> <InPorts = 2> <OutPorts = 1>
ST_1 : Operation 1092 [1/1] (0.00ns) (grouped into LUT with out node add_ln840_156)   --->   "%zext_ln1019_139 = zext i1 %xor_ln1019_347"   --->   Operation 1092 'zext' 'zext_ln1019_139' <Predicate = (!icmp_ln249)> <Delay = 0.00>
ST_1 : Operation 1093 [1/1] (0.00ns) (grouped into LUT with out node add_ln840_156)   --->   "%xor_ln1019_348 = xor i1 %p_Result_24, i1 %local_temp_V_174"   --->   Operation 1093 'xor' 'xor_ln1019_348' <Predicate = (!icmp_ln249)> <Delay = 0.00> <CoreInst = "LogicGate">   --->   Core 74 'LogicGate' <Latency = 0> <II = 1> <Delay = 0.28> <FuncUnit> <Opcode : 'and' 'or' 'xor'> <InPorts = 2> <OutPorts = 1>
ST_1 : Operation 1094 [1/1] (0.00ns) (grouped into LUT with out node add_ln840_156)   --->   "%xor_ln1019_349 = xor i1 %xor_ln1019_348, i1 1"   --->   Operation 1094 'xor' 'xor_ln1019_349' <Predicate = (!icmp_ln249)> <Delay = 0.00> <CoreInst = "LogicGate">   --->   Core 74 'LogicGate' <Latency = 0> <II = 1> <Delay = 0.28> <FuncUnit> <Opcode : 'and' 'or' 'xor'> <InPorts = 2> <OutPorts = 1>
ST_1 : Operation 1095 [1/1] (0.00ns) (grouped into LUT with out node add_ln840_156)   --->   "%zext_ln1019_140 = zext i1 %xor_ln1019_349"   --->   Operation 1095 'zext' 'zext_ln1019_140' <Predicate = (!icmp_ln249)> <Delay = 0.00>
ST_1 : Operation 1096 [1/1] (0.00ns) (grouped into LUT with out node add_ln840_152)   --->   "%xor_ln1019_350 = xor i1 %p_Result_25, i1 %local_temp_V_175"   --->   Operation 1096 'xor' 'xor_ln1019_350' <Predicate = (!icmp_ln249)> <Delay = 0.00> <CoreInst = "LogicGate">   --->   Core 74 'LogicGate' <Latency = 0> <II = 1> <Delay = 0.28> <FuncUnit> <Opcode : 'and' 'or' 'xor'> <InPorts = 2> <OutPorts = 1>
ST_1 : Operation 1097 [1/1] (0.00ns) (grouped into LUT with out node add_ln840_152)   --->   "%xor_ln1019_351 = xor i1 %xor_ln1019_350, i1 1"   --->   Operation 1097 'xor' 'xor_ln1019_351' <Predicate = (!icmp_ln249)> <Delay = 0.00> <CoreInst = "LogicGate">   --->   Core 74 'LogicGate' <Latency = 0> <II = 1> <Delay = 0.28> <FuncUnit> <Opcode : 'and' 'or' 'xor'> <InPorts = 2> <OutPorts = 1>
ST_1 : Operation 1098 [1/1] (0.00ns) (grouped into LUT with out node add_ln840_152)   --->   "%zext_ln1019_141 = zext i1 %xor_ln1019_351"   --->   Operation 1098 'zext' 'zext_ln1019_141' <Predicate = (!icmp_ln249)> <Delay = 0.00>
ST_1 : Operation 1099 [1/1] (0.00ns) (grouped into LUT with out node add_ln840_152)   --->   "%xor_ln1019_352 = xor i1 %p_Result_26, i1 %local_temp_V_176"   --->   Operation 1099 'xor' 'xor_ln1019_352' <Predicate = (!icmp_ln249)> <Delay = 0.00> <CoreInst = "LogicGate">   --->   Core 74 'LogicGate' <Latency = 0> <II = 1> <Delay = 0.28> <FuncUnit> <Opcode : 'and' 'or' 'xor'> <InPorts = 2> <OutPorts = 1>
ST_1 : Operation 1100 [1/1] (0.00ns) (grouped into LUT with out node add_ln840_152)   --->   "%xor_ln1019_353 = xor i1 %xor_ln1019_352, i1 1"   --->   Operation 1100 'xor' 'xor_ln1019_353' <Predicate = (!icmp_ln249)> <Delay = 0.00> <CoreInst = "LogicGate">   --->   Core 74 'LogicGate' <Latency = 0> <II = 1> <Delay = 0.28> <FuncUnit> <Opcode : 'and' 'or' 'xor'> <InPorts = 2> <OutPorts = 1>
ST_1 : Operation 1101 [1/1] (0.00ns) (grouped into LUT with out node add_ln840_152)   --->   "%zext_ln1019_142 = zext i1 %xor_ln1019_353"   --->   Operation 1101 'zext' 'zext_ln1019_142' <Predicate = (!icmp_ln249)> <Delay = 0.00>
ST_1 : Operation 1102 [1/1] (0.00ns) (grouped into LUT with out node add_ln840_150)   --->   "%xor_ln1019_354 = xor i1 %p_Result_27, i1 %local_temp_V_177"   --->   Operation 1102 'xor' 'xor_ln1019_354' <Predicate = (!icmp_ln249)> <Delay = 0.00> <CoreInst = "LogicGate">   --->   Core 74 'LogicGate' <Latency = 0> <II = 1> <Delay = 0.28> <FuncUnit> <Opcode : 'and' 'or' 'xor'> <InPorts = 2> <OutPorts = 1>
ST_1 : Operation 1103 [1/1] (0.00ns) (grouped into LUT with out node add_ln840_150)   --->   "%xor_ln1019_355 = xor i1 %xor_ln1019_354, i1 1"   --->   Operation 1103 'xor' 'xor_ln1019_355' <Predicate = (!icmp_ln249)> <Delay = 0.00> <CoreInst = "LogicGate">   --->   Core 74 'LogicGate' <Latency = 0> <II = 1> <Delay = 0.28> <FuncUnit> <Opcode : 'and' 'or' 'xor'> <InPorts = 2> <OutPorts = 1>
ST_1 : Operation 1104 [1/1] (0.00ns) (grouped into LUT with out node add_ln840_150)   --->   "%zext_ln1019_143 = zext i1 %xor_ln1019_355"   --->   Operation 1104 'zext' 'zext_ln1019_143' <Predicate = (!icmp_ln249)> <Delay = 0.00>
ST_1 : Operation 1105 [1/1] (0.00ns) (grouped into LUT with out node add_ln840_150)   --->   "%xor_ln1019_356 = xor i1 %p_Result_28, i1 %local_temp_V_178"   --->   Operation 1105 'xor' 'xor_ln1019_356' <Predicate = (!icmp_ln249)> <Delay = 0.00> <CoreInst = "LogicGate">   --->   Core 74 'LogicGate' <Latency = 0> <II = 1> <Delay = 0.28> <FuncUnit> <Opcode : 'and' 'or' 'xor'> <InPorts = 2> <OutPorts = 1>
ST_1 : Operation 1106 [1/1] (0.00ns) (grouped into LUT with out node add_ln840_150)   --->   "%xor_ln1019_357 = xor i1 %xor_ln1019_356, i1 1"   --->   Operation 1106 'xor' 'xor_ln1019_357' <Predicate = (!icmp_ln249)> <Delay = 0.00> <CoreInst = "LogicGate">   --->   Core 74 'LogicGate' <Latency = 0> <II = 1> <Delay = 0.28> <FuncUnit> <Opcode : 'and' 'or' 'xor'> <InPorts = 2> <OutPorts = 1>
ST_1 : Operation 1107 [1/1] (0.00ns) (grouped into LUT with out node add_ln840_150)   --->   "%zext_ln1019_144 = zext i1 %xor_ln1019_357"   --->   Operation 1107 'zext' 'zext_ln1019_144' <Predicate = (!icmp_ln249)> <Delay = 0.00>
ST_1 : Operation 1108 [1/1] (0.00ns) (grouped into LUT with out node add_ln840_175)   --->   "%xor_ln1019_358 = xor i1 %p_Result_29, i1 %local_temp_V_179"   --->   Operation 1108 'xor' 'xor_ln1019_358' <Predicate = (!icmp_ln249)> <Delay = 0.00> <CoreInst = "LogicGate">   --->   Core 74 'LogicGate' <Latency = 0> <II = 1> <Delay = 0.28> <FuncUnit> <Opcode : 'and' 'or' 'xor'> <InPorts = 2> <OutPorts = 1>
ST_1 : Operation 1109 [1/1] (0.00ns) (grouped into LUT with out node add_ln840_175)   --->   "%xor_ln1019_359 = xor i1 %xor_ln1019_358, i1 1"   --->   Operation 1109 'xor' 'xor_ln1019_359' <Predicate = (!icmp_ln249)> <Delay = 0.00> <CoreInst = "LogicGate">   --->   Core 74 'LogicGate' <Latency = 0> <II = 1> <Delay = 0.28> <FuncUnit> <Opcode : 'and' 'or' 'xor'> <InPorts = 2> <OutPorts = 1>
ST_1 : Operation 1110 [1/1] (0.00ns) (grouped into LUT with out node add_ln840_175)   --->   "%zext_ln840_135 = zext i1 %xor_ln1019_359"   --->   Operation 1110 'zext' 'zext_ln840_135' <Predicate = (!icmp_ln249)> <Delay = 0.00>
ST_1 : Operation 1111 [1/1] (0.54ns) (out node of the LUT)   --->   "%add_ln840_150 = add i2 %zext_ln1019_143, i2 %zext_ln1019_144"   --->   Operation 1111 'add' 'add_ln840_150' <Predicate = (!icmp_ln249)> <Delay = 0.54> <CoreInst = "Adder">   --->   Core 1 'Adder' <Latency = 0> <II = 1> <Delay = 0.54> <FuncUnit> <Opcode : 'add' 'sub'> <InPorts = 2> <OutPorts = 1>
ST_1 : Operation 1112 [1/1] (0.00ns)   --->   "%zext_ln840_136 = zext i2 %add_ln840_150"   --->   Operation 1112 'zext' 'zext_ln840_136' <Predicate = (!icmp_ln249)> <Delay = 0.00>
ST_1 : Operation 1113 [1/1] (0.00ns) (grouped into TernaryAdder)   --->   "%add_ln840_151 = add i8 %zext_ln840_136, i8 %select_ln272_2"   --->   Operation 1113 'add' 'add_ln840_151' <Predicate = (!icmp_ln249)> <Delay = 0.00> <CoreInst = "TAddSub">   --->   Core 10 'TAddSub' <Latency = 0> <II = 1> <Delay = 0.52> <IPBlock> <Opcode : 'add' 'sub'> <InPorts = 3> <OutPorts = 1> <Sync> <CReg>
ST_1 : Operation 1114 [1/1] (0.54ns) (out node of the LUT)   --->   "%add_ln840_152 = add i2 %zext_ln1019_142, i2 %zext_ln1019_141"   --->   Operation 1114 'add' 'add_ln840_152' <Predicate = (!icmp_ln249)> <Delay = 0.54> <CoreInst = "Adder">   --->   Core 1 'Adder' <Latency = 0> <II = 1> <Delay = 0.54> <FuncUnit> <Opcode : 'add' 'sub'> <InPorts = 2> <OutPorts = 1>
ST_1 : Operation 1115 [1/1] (0.00ns)   --->   "%zext_ln840_137 = zext i2 %add_ln840_152"   --->   Operation 1115 'zext' 'zext_ln840_137' <Predicate = (!icmp_ln249)> <Delay = 0.00>
ST_1 : Operation 1116 [1/1] (0.54ns) (out node of the LUT)   --->   "%add_ln840_153 = add i2 %zext_ln1019_138, i2 %zext_ln1019_137"   --->   Operation 1116 'add' 'add_ln840_153' <Predicate = (!icmp_ln249)> <Delay = 0.54> <CoreInst = "Adder">   --->   Core 1 'Adder' <Latency = 0> <II = 1> <Delay = 0.54> <FuncUnit> <Opcode : 'add' 'sub'> <InPorts = 2> <OutPorts = 1>
ST_1 : Operation 1117 [1/1] (0.00ns)   --->   "%zext_ln840_138 = zext i2 %add_ln840_153"   --->   Operation 1117 'zext' 'zext_ln840_138' <Predicate = (!icmp_ln249)> <Delay = 0.00>
ST_1 : Operation 1118 [1/1] (0.54ns)   --->   "%add_ln840_154 = add i3 %zext_ln840_138, i3 %zext_ln840_137"   --->   Operation 1118 'add' 'add_ln840_154' <Predicate = (!icmp_ln249)> <Delay = 0.54> <CoreInst = "Adder">   --->   Core 1 'Adder' <Latency = 0> <II = 1> <Delay = 0.54> <FuncUnit> <Opcode : 'add' 'sub'> <InPorts = 2> <OutPorts = 1>
ST_1 : Operation 1119 [1/1] (0.00ns)   --->   "%zext_ln840_139 = zext i3 %add_ln840_154"   --->   Operation 1119 'zext' 'zext_ln840_139' <Predicate = (!icmp_ln249)> <Delay = 0.00>
ST_1 : Operation 1120 [1/1] (1.05ns) (root node of TernaryAdder)   --->   "%add_ln840_155 = add i8 %zext_ln840_139, i8 %add_ln840_151"   --->   Operation 1120 'add' 'add_ln840_155' <Predicate = (!icmp_ln249)> <Delay = 1.05> <CoreInst = "TAddSub">   --->   Core 10 'TAddSub' <Latency = 0> <II = 1> <Delay = 0.52> <IPBlock> <Opcode : 'add' 'sub'> <InPorts = 3> <OutPorts = 1> <Sync> <CReg>
ST_1 : Operation 1121 [1/1] (0.54ns) (out node of the LUT)   --->   "%add_ln840_156 = add i2 %zext_ln1019_140, i2 %zext_ln1019_139"   --->   Operation 1121 'add' 'add_ln840_156' <Predicate = (!icmp_ln249)> <Delay = 0.54> <CoreInst = "Adder">   --->   Core 1 'Adder' <Latency = 0> <II = 1> <Delay = 0.54> <FuncUnit> <Opcode : 'add' 'sub'> <InPorts = 2> <OutPorts = 1>
ST_1 : Operation 1122 [1/1] (0.00ns)   --->   "%zext_ln840_140 = zext i2 %add_ln840_156"   --->   Operation 1122 'zext' 'zext_ln840_140' <Predicate = (!icmp_ln249)> <Delay = 0.00>
ST_1 : Operation 1123 [1/1] (0.54ns) (out node of the LUT)   --->   "%add_ln840_157 = add i2 %zext_ln1019_130, i2 %zext_ln1019_132"   --->   Operation 1123 'add' 'add_ln840_157' <Predicate = (!icmp_ln249)> <Delay = 0.54> <CoreInst = "Adder">   --->   Core 1 'Adder' <Latency = 0> <II = 1> <Delay = 0.54> <FuncUnit> <Opcode : 'add' 'sub'> <InPorts = 2> <OutPorts = 1>
ST_1 : Operation 1124 [1/1] (0.00ns)   --->   "%zext_ln840_141 = zext i2 %add_ln840_157"   --->   Operation 1124 'zext' 'zext_ln840_141' <Predicate = (!icmp_ln249)> <Delay = 0.00>
ST_1 : Operation 1125 [1/1] (0.54ns)   --->   "%add_ln840_158 = add i3 %zext_ln840_141, i3 %zext_ln840_140"   --->   Operation 1125 'add' 'add_ln840_158' <Predicate = (!icmp_ln249)> <Delay = 0.54> <CoreInst = "Adder">   --->   Core 1 'Adder' <Latency = 0> <II = 1> <Delay = 0.54> <FuncUnit> <Opcode : 'add' 'sub'> <InPorts = 2> <OutPorts = 1>
ST_1 : Operation 1126 [1/1] (0.00ns)   --->   "%zext_ln840_142 = zext i3 %add_ln840_158"   --->   Operation 1126 'zext' 'zext_ln840_142' <Predicate = (!icmp_ln249)> <Delay = 0.00>
ST_1 : Operation 1127 [1/1] (0.54ns) (out node of the LUT)   --->   "%add_ln840_159 = add i2 %zext_ln1019_131, i2 %zext_ln1019_134"   --->   Operation 1127 'add' 'add_ln840_159' <Predicate = (!icmp_ln249)> <Delay = 0.54> <CoreInst = "Adder">   --->   Core 1 'Adder' <Latency = 0> <II = 1> <Delay = 0.54> <FuncUnit> <Opcode : 'add' 'sub'> <InPorts = 2> <OutPorts = 1>
ST_1 : Operation 1128 [1/1] (0.00ns)   --->   "%zext_ln840_143 = zext i2 %add_ln840_159"   --->   Operation 1128 'zext' 'zext_ln840_143' <Predicate = (!icmp_ln249)> <Delay = 0.00>
ST_1 : Operation 1129 [1/1] (0.54ns) (out node of the LUT)   --->   "%add_ln840_160 = add i2 %zext_ln1019_133, i2 %zext_ln1019_136"   --->   Operation 1129 'add' 'add_ln840_160' <Predicate = (!icmp_ln249)> <Delay = 0.54> <CoreInst = "Adder">   --->   Core 1 'Adder' <Latency = 0> <II = 1> <Delay = 0.54> <FuncUnit> <Opcode : 'add' 'sub'> <InPorts = 2> <OutPorts = 1>
ST_1 : Operation 1130 [1/1] (0.00ns)   --->   "%zext_ln840_144 = zext i2 %add_ln840_160"   --->   Operation 1130 'zext' 'zext_ln840_144' <Predicate = (!icmp_ln249)> <Delay = 0.00>
ST_1 : Operation 1131 [1/1] (0.54ns)   --->   "%add_ln840_161 = add i3 %zext_ln840_144, i3 %zext_ln840_143"   --->   Operation 1131 'add' 'add_ln840_161' <Predicate = (!icmp_ln249)> <Delay = 0.54> <CoreInst = "Adder">   --->   Core 1 'Adder' <Latency = 0> <II = 1> <Delay = 0.54> <FuncUnit> <Opcode : 'add' 'sub'> <InPorts = 2> <OutPorts = 1>
ST_1 : Operation 1132 [1/1] (0.00ns)   --->   "%zext_ln840_145 = zext i3 %add_ln840_161"   --->   Operation 1132 'zext' 'zext_ln840_145' <Predicate = (!icmp_ln249)> <Delay = 0.00>
ST_1 : Operation 1133 [1/1] (0.67ns)   --->   "%add_ln840_162 = add i4 %zext_ln840_145, i4 %zext_ln840_142"   --->   Operation 1133 'add' 'add_ln840_162' <Predicate = (!icmp_ln249)> <Delay = 0.67> <CoreInst = "Adder">   --->   Core 1 'Adder' <Latency = 0> <II = 1> <Delay = 0.67> <FuncUnit> <Opcode : 'add' 'sub'> <InPorts = 2> <OutPorts = 1>
ST_1 : Operation 1134 [1/1] (0.00ns)   --->   "%zext_ln840_146 = zext i4 %add_ln840_162"   --->   Operation 1134 'zext' 'zext_ln840_146' <Predicate = (!icmp_ln249)> <Delay = 0.00>
ST_1 : Operation 1135 [1/1] (0.00ns) (grouped into TernaryAdder)   --->   "%add_ln840_163 = add i8 %zext_ln840_146, i8 %add_ln840_155"   --->   Operation 1135 'add' 'add_ln840_163' <Predicate = (!icmp_ln249)> <Delay = 0.00> <CoreInst = "TAddSub">   --->   Core 10 'TAddSub' <Latency = 0> <II = 1> <Delay = 0.52> <IPBlock> <Opcode : 'add' 'sub'> <InPorts = 3> <OutPorts = 1> <Sync> <CReg>
ST_1 : Operation 1136 [1/1] (0.54ns) (out node of the LUT)   --->   "%add_ln840_164 = add i2 %zext_ln1019_135, i2 %zext_ln1019_117"   --->   Operation 1136 'add' 'add_ln840_164' <Predicate = (!icmp_ln249)> <Delay = 0.54> <CoreInst = "Adder">   --->   Core 1 'Adder' <Latency = 0> <II = 1> <Delay = 0.54> <FuncUnit> <Opcode : 'add' 'sub'> <InPorts = 2> <OutPorts = 1>
ST_1 : Operation 1137 [1/1] (0.00ns)   --->   "%zext_ln840_147 = zext i2 %add_ln840_164"   --->   Operation 1137 'zext' 'zext_ln840_147' <Predicate = (!icmp_ln249)> <Delay = 0.00>
ST_1 : Operation 1138 [1/1] (0.54ns) (out node of the LUT)   --->   "%add_ln840_165 = add i2 %zext_ln1019_116, i2 %zext_ln1019_119"   --->   Operation 1138 'add' 'add_ln840_165' <Predicate = (!icmp_ln249)> <Delay = 0.54> <CoreInst = "Adder">   --->   Core 1 'Adder' <Latency = 0> <II = 1> <Delay = 0.54> <FuncUnit> <Opcode : 'add' 'sub'> <InPorts = 2> <OutPorts = 1>
ST_1 : Operation 1139 [1/1] (0.00ns)   --->   "%zext_ln840_148 = zext i2 %add_ln840_165"   --->   Operation 1139 'zext' 'zext_ln840_148' <Predicate = (!icmp_ln249)> <Delay = 0.00>
ST_1 : Operation 1140 [1/1] (0.54ns)   --->   "%add_ln840_166 = add i3 %zext_ln840_148, i3 %zext_ln840_147"   --->   Operation 1140 'add' 'add_ln840_166' <Predicate = (!icmp_ln249)> <Delay = 0.54> <CoreInst = "Adder">   --->   Core 1 'Adder' <Latency = 0> <II = 1> <Delay = 0.54> <FuncUnit> <Opcode : 'add' 'sub'> <InPorts = 2> <OutPorts = 1>
ST_1 : Operation 1141 [1/1] (0.00ns)   --->   "%zext_ln840_149 = zext i3 %add_ln840_166"   --->   Operation 1141 'zext' 'zext_ln840_149' <Predicate = (!icmp_ln249)> <Delay = 0.00>
ST_1 : Operation 1142 [1/1] (0.54ns) (out node of the LUT)   --->   "%add_ln840_167 = add i2 %zext_ln1019_118, i2 %zext_ln1019_121"   --->   Operation 1142 'add' 'add_ln840_167' <Predicate = (!icmp_ln249)> <Delay = 0.54> <CoreInst = "Adder">   --->   Core 1 'Adder' <Latency = 0> <II = 1> <Delay = 0.54> <FuncUnit> <Opcode : 'add' 'sub'> <InPorts = 2> <OutPorts = 1>
ST_1 : Operation 1143 [1/1] (0.00ns)   --->   "%zext_ln840_150 = zext i2 %add_ln840_167"   --->   Operation 1143 'zext' 'zext_ln840_150' <Predicate = (!icmp_ln249)> <Delay = 0.00>
ST_1 : Operation 1144 [1/1] (0.54ns) (out node of the LUT)   --->   "%add_ln840_168 = add i2 %zext_ln1019_120, i2 %zext_ln1019_123"   --->   Operation 1144 'add' 'add_ln840_168' <Predicate = (!icmp_ln249)> <Delay = 0.54> <CoreInst = "Adder">   --->   Core 1 'Adder' <Latency = 0> <II = 1> <Delay = 0.54> <FuncUnit> <Opcode : 'add' 'sub'> <InPorts = 2> <OutPorts = 1>
ST_1 : Operation 1145 [1/1] (0.00ns)   --->   "%zext_ln840_151 = zext i2 %add_ln840_168"   --->   Operation 1145 'zext' 'zext_ln840_151' <Predicate = (!icmp_ln249)> <Delay = 0.00>
ST_1 : Operation 1146 [1/1] (0.54ns)   --->   "%add_ln840_169 = add i3 %zext_ln840_151, i3 %zext_ln840_150"   --->   Operation 1146 'add' 'add_ln840_169' <Predicate = (!icmp_ln249)> <Delay = 0.54> <CoreInst = "Adder">   --->   Core 1 'Adder' <Latency = 0> <II = 1> <Delay = 0.54> <FuncUnit> <Opcode : 'add' 'sub'> <InPorts = 2> <OutPorts = 1>
ST_1 : Operation 1147 [1/1] (0.00ns)   --->   "%zext_ln840_152 = zext i3 %add_ln840_169"   --->   Operation 1147 'zext' 'zext_ln840_152' <Predicate = (!icmp_ln249)> <Delay = 0.00>
ST_1 : Operation 1148 [1/1] (0.67ns)   --->   "%add_ln840_170 = add i4 %zext_ln840_152, i4 %zext_ln840_149"   --->   Operation 1148 'add' 'add_ln840_170' <Predicate = (!icmp_ln249)> <Delay = 0.67> <CoreInst = "Adder">   --->   Core 1 'Adder' <Latency = 0> <II = 1> <Delay = 0.67> <FuncUnit> <Opcode : 'add' 'sub'> <InPorts = 2> <OutPorts = 1>
ST_1 : Operation 1149 [1/1] (0.00ns)   --->   "%zext_ln840_153 = zext i4 %add_ln840_170"   --->   Operation 1149 'zext' 'zext_ln840_153' <Predicate = (!icmp_ln249)> <Delay = 0.00>
ST_1 : Operation 1150 [1/1] (0.54ns) (out node of the LUT)   --->   "%add_ln840_171 = add i2 %zext_ln1019_122, i2 %zext_ln1019_125"   --->   Operation 1150 'add' 'add_ln840_171' <Predicate = (!icmp_ln249)> <Delay = 0.54> <CoreInst = "Adder">   --->   Core 1 'Adder' <Latency = 0> <II = 1> <Delay = 0.54> <FuncUnit> <Opcode : 'add' 'sub'> <InPorts = 2> <OutPorts = 1>
ST_1 : Operation 1151 [1/1] (0.00ns)   --->   "%zext_ln840_154 = zext i2 %add_ln840_171"   --->   Operation 1151 'zext' 'zext_ln840_154' <Predicate = (!icmp_ln249)> <Delay = 0.00>
ST_1 : Operation 1152 [1/1] (0.54ns) (out node of the LUT)   --->   "%add_ln840_172 = add i2 %zext_ln1019_124, i2 %zext_ln1019_127"   --->   Operation 1152 'add' 'add_ln840_172' <Predicate = (!icmp_ln249)> <Delay = 0.54> <CoreInst = "Adder">   --->   Core 1 'Adder' <Latency = 0> <II = 1> <Delay = 0.54> <FuncUnit> <Opcode : 'add' 'sub'> <InPorts = 2> <OutPorts = 1>
ST_1 : Operation 1153 [1/1] (0.00ns)   --->   "%zext_ln840_155 = zext i2 %add_ln840_172"   --->   Operation 1153 'zext' 'zext_ln840_155' <Predicate = (!icmp_ln249)> <Delay = 0.00>
ST_1 : Operation 1154 [1/1] (0.54ns)   --->   "%add_ln840_173 = add i3 %zext_ln840_155, i3 %zext_ln840_154"   --->   Operation 1154 'add' 'add_ln840_173' <Predicate = (!icmp_ln249)> <Delay = 0.54> <CoreInst = "Adder">   --->   Core 1 'Adder' <Latency = 0> <II = 1> <Delay = 0.54> <FuncUnit> <Opcode : 'add' 'sub'> <InPorts = 2> <OutPorts = 1>
ST_1 : Operation 1155 [1/1] (0.00ns)   --->   "%zext_ln840_156 = zext i3 %add_ln840_173"   --->   Operation 1155 'zext' 'zext_ln840_156' <Predicate = (!icmp_ln249)> <Delay = 0.00>
ST_1 : Operation 1156 [1/1] (0.54ns) (out node of the LUT)   --->   "%add_ln840_174 = add i2 %zext_ln1019_126, i2 %zext_ln1019_129"   --->   Operation 1156 'add' 'add_ln840_174' <Predicate = (!icmp_ln249)> <Delay = 0.54> <CoreInst = "Adder">   --->   Core 1 'Adder' <Latency = 0> <II = 1> <Delay = 0.54> <FuncUnit> <Opcode : 'add' 'sub'> <InPorts = 2> <OutPorts = 1>
ST_1 : Operation 1157 [1/1] (0.00ns)   --->   "%zext_ln840_157 = zext i2 %add_ln840_174"   --->   Operation 1157 'zext' 'zext_ln840_157' <Predicate = (!icmp_ln249)> <Delay = 0.00>
ST_1 : Operation 1158 [1/1] (0.54ns) (out node of the LUT)   --->   "%add_ln840_175 = add i2 %zext_ln1019_128, i2 %zext_ln840_135"   --->   Operation 1158 'add' 'add_ln840_175' <Predicate = (!icmp_ln249)> <Delay = 0.54> <CoreInst = "Adder">   --->   Core 1 'Adder' <Latency = 0> <II = 1> <Delay = 0.54> <FuncUnit> <Opcode : 'add' 'sub'> <InPorts = 2> <OutPorts = 1>
ST_1 : Operation 1159 [1/1] (0.00ns)   --->   "%zext_ln840_158 = zext i2 %add_ln840_175"   --->   Operation 1159 'zext' 'zext_ln840_158' <Predicate = (!icmp_ln249)> <Delay = 0.00>
ST_1 : Operation 1160 [1/1] (0.54ns)   --->   "%add_ln840_176 = add i3 %zext_ln840_158, i3 %zext_ln840_157"   --->   Operation 1160 'add' 'add_ln840_176' <Predicate = (!icmp_ln249)> <Delay = 0.54> <CoreInst = "Adder">   --->   Core 1 'Adder' <Latency = 0> <II = 1> <Delay = 0.54> <FuncUnit> <Opcode : 'add' 'sub'> <InPorts = 2> <OutPorts = 1>
ST_1 : Operation 1161 [1/1] (0.00ns)   --->   "%zext_ln840_159 = zext i3 %add_ln840_176"   --->   Operation 1161 'zext' 'zext_ln840_159' <Predicate = (!icmp_ln249)> <Delay = 0.00>
ST_1 : Operation 1162 [1/1] (0.67ns)   --->   "%add_ln840_177 = add i4 %zext_ln840_159, i4 %zext_ln840_156"   --->   Operation 1162 'add' 'add_ln840_177' <Predicate = (!icmp_ln249)> <Delay = 0.67> <CoreInst = "Adder">   --->   Core 1 'Adder' <Latency = 0> <II = 1> <Delay = 0.67> <FuncUnit> <Opcode : 'add' 'sub'> <InPorts = 2> <OutPorts = 1>
ST_1 : Operation 1163 [1/1] (0.00ns)   --->   "%zext_ln840_160 = zext i4 %add_ln840_177"   --->   Operation 1163 'zext' 'zext_ln840_160' <Predicate = (!icmp_ln249)> <Delay = 0.00>
ST_1 : Operation 1164 [1/1] (0.79ns)   --->   "%add_ln840_178 = add i5 %zext_ln840_160, i5 %zext_ln840_153"   --->   Operation 1164 'add' 'add_ln840_178' <Predicate = (!icmp_ln249)> <Delay = 0.79> <CoreInst = "Adder">   --->   Core 1 'Adder' <Latency = 0> <II = 1> <Delay = 0.79> <FuncUnit> <Opcode : 'add' 'sub'> <InPorts = 2> <OutPorts = 1>
ST_1 : Operation 1165 [1/1] (0.00ns)   --->   "%zext_ln840_161 = zext i5 %add_ln840_178"   --->   Operation 1165 'zext' 'zext_ln840_161' <Predicate = (!icmp_ln249)> <Delay = 0.00>
ST_1 : Operation 1166 [1/1] (1.05ns) (root node of TernaryAdder)   --->   "%add_ln840_179 = add i8 %zext_ln840_161, i8 %add_ln840_163"   --->   Operation 1166 'add' 'add_ln840_179' <Predicate = (!icmp_ln249)> <Delay = 1.05> <CoreInst = "TAddSub">   --->   Core 10 'TAddSub' <Latency = 0> <II = 1> <Delay = 0.52> <IPBlock> <Opcode : 'add' 'sub'> <InPorts = 3> <OutPorts = 1> <Sync> <CReg>
ST_1 : Operation 1167 [1/1] (0.00ns) (grouped into LUT with out node add_ln840_195)   --->   "%local_temp_V_180 = bitselect i1 @_ssdm_op_BitSelect.i1.i240.i32, i240 %W_packed_V, i32 180"   --->   Operation 1167 'bitselect' 'local_temp_V_180' <Predicate = (!icmp_ln249)> <Delay = 0.00>
ST_1 : Operation 1168 [1/1] (0.00ns) (grouped into LUT with out node add_ln840_194)   --->   "%local_temp_V_181 = bitselect i1 @_ssdm_op_BitSelect.i1.i240.i32, i240 %W_packed_V, i32 181"   --->   Operation 1168 'bitselect' 'local_temp_V_181' <Predicate = (!icmp_ln249)> <Delay = 0.00>
ST_1 : Operation 1169 [1/1] (0.00ns) (grouped into LUT with out node add_ln840_197)   --->   "%local_temp_V_182 = bitselect i1 @_ssdm_op_BitSelect.i1.i240.i32, i240 %W_packed_V, i32 182"   --->   Operation 1169 'bitselect' 'local_temp_V_182' <Predicate = (!icmp_ln249)> <Delay = 0.00>
ST_1 : Operation 1170 [1/1] (0.00ns) (grouped into LUT with out node add_ln840_195)   --->   "%local_temp_V_183 = bitselect i1 @_ssdm_op_BitSelect.i1.i240.i32, i240 %W_packed_V, i32 183"   --->   Operation 1170 'bitselect' 'local_temp_V_183' <Predicate = (!icmp_ln249)> <Delay = 0.00>
ST_1 : Operation 1171 [1/1] (0.00ns) (grouped into LUT with out node add_ln840_198)   --->   "%local_temp_V_184 = bitselect i1 @_ssdm_op_BitSelect.i1.i240.i32, i240 %W_packed_V, i32 184"   --->   Operation 1171 'bitselect' 'local_temp_V_184' <Predicate = (!icmp_ln249)> <Delay = 0.00>
ST_1 : Operation 1172 [1/1] (0.00ns) (grouped into LUT with out node add_ln840_197)   --->   "%local_temp_V_185 = bitselect i1 @_ssdm_op_BitSelect.i1.i240.i32, i240 %W_packed_V, i32 185"   --->   Operation 1172 'bitselect' 'local_temp_V_185' <Predicate = (!icmp_ln249)> <Delay = 0.00>
ST_1 : Operation 1173 [1/1] (0.00ns) (grouped into LUT with out node add_ln840_201)   --->   "%local_temp_V_186 = bitselect i1 @_ssdm_op_BitSelect.i1.i240.i32, i240 %W_packed_V, i32 186"   --->   Operation 1173 'bitselect' 'local_temp_V_186' <Predicate = (!icmp_ln249)> <Delay = 0.00>
ST_1 : Operation 1174 [1/1] (0.00ns) (grouped into LUT with out node add_ln840_198)   --->   "%local_temp_V_187 = bitselect i1 @_ssdm_op_BitSelect.i1.i240.i32, i240 %W_packed_V, i32 187"   --->   Operation 1174 'bitselect' 'local_temp_V_187' <Predicate = (!icmp_ln249)> <Delay = 0.00>
ST_1 : Operation 1175 [1/1] (0.00ns) (grouped into LUT with out node add_ln840_202)   --->   "%local_temp_V_188 = bitselect i1 @_ssdm_op_BitSelect.i1.i240.i32, i240 %W_packed_V, i32 188"   --->   Operation 1175 'bitselect' 'local_temp_V_188' <Predicate = (!icmp_ln249)> <Delay = 0.00>
ST_1 : Operation 1176 [1/1] (0.00ns) (grouped into LUT with out node add_ln840_201)   --->   "%local_temp_V_189 = bitselect i1 @_ssdm_op_BitSelect.i1.i240.i32, i240 %W_packed_V, i32 189"   --->   Operation 1176 'bitselect' 'local_temp_V_189' <Predicate = (!icmp_ln249)> <Delay = 0.00>
ST_1 : Operation 1177 [1/1] (0.00ns) (grouped into LUT with out node add_ln840_204)   --->   "%local_temp_V_190 = bitselect i1 @_ssdm_op_BitSelect.i1.i240.i32, i240 %W_packed_V, i32 190"   --->   Operation 1177 'bitselect' 'local_temp_V_190' <Predicate = (!icmp_ln249)> <Delay = 0.00>
ST_1 : Operation 1178 [1/1] (0.00ns) (grouped into LUT with out node add_ln840_202)   --->   "%local_temp_V_191 = bitselect i1 @_ssdm_op_BitSelect.i1.i240.i32, i240 %W_packed_V, i32 191"   --->   Operation 1178 'bitselect' 'local_temp_V_191' <Predicate = (!icmp_ln249)> <Delay = 0.00>
ST_1 : Operation 1179 [1/1] (0.00ns) (grouped into LUT with out node add_ln840_205)   --->   "%local_temp_V_192 = bitselect i1 @_ssdm_op_BitSelect.i1.i240.i32, i240 %W_packed_V, i32 192"   --->   Operation 1179 'bitselect' 'local_temp_V_192' <Predicate = (!icmp_ln249)> <Delay = 0.00>
ST_1 : Operation 1180 [1/1] (0.00ns) (grouped into LUT with out node add_ln840_204)   --->   "%local_temp_V_193 = bitselect i1 @_ssdm_op_BitSelect.i1.i240.i32, i240 %W_packed_V, i32 193"   --->   Operation 1180 'bitselect' 'local_temp_V_193' <Predicate = (!icmp_ln249)> <Delay = 0.00>
ST_1 : Operation 1181 [1/1] (0.00ns) (grouped into LUT with out node add_ln840_187)   --->   "%local_temp_V_194 = bitselect i1 @_ssdm_op_BitSelect.i1.i240.i32, i240 %W_packed_V, i32 194"   --->   Operation 1181 'bitselect' 'local_temp_V_194' <Predicate = (!icmp_ln249)> <Delay = 0.00>
ST_1 : Operation 1182 [1/1] (0.00ns) (grouped into LUT with out node add_ln840_189)   --->   "%local_temp_V_195 = bitselect i1 @_ssdm_op_BitSelect.i1.i240.i32, i240 %W_packed_V, i32 195"   --->   Operation 1182 'bitselect' 'local_temp_V_195' <Predicate = (!icmp_ln249)> <Delay = 0.00>
ST_1 : Operation 1183 [1/1] (0.00ns) (grouped into LUT with out node add_ln840_187)   --->   "%local_temp_V_196 = bitselect i1 @_ssdm_op_BitSelect.i1.i240.i32, i240 %W_packed_V, i32 196"   --->   Operation 1183 'bitselect' 'local_temp_V_196' <Predicate = (!icmp_ln249)> <Delay = 0.00>
ST_1 : Operation 1184 [1/1] (0.00ns) (grouped into LUT with out node add_ln840_190)   --->   "%local_temp_V_197 = bitselect i1 @_ssdm_op_BitSelect.i1.i240.i32, i240 %W_packed_V, i32 197"   --->   Operation 1184 'bitselect' 'local_temp_V_197' <Predicate = (!icmp_ln249)> <Delay = 0.00>
ST_1 : Operation 1185 [1/1] (0.00ns) (grouped into LUT with out node add_ln840_189)   --->   "%local_temp_V_198 = bitselect i1 @_ssdm_op_BitSelect.i1.i240.i32, i240 %W_packed_V, i32 198"   --->   Operation 1185 'bitselect' 'local_temp_V_198' <Predicate = (!icmp_ln249)> <Delay = 0.00>
ST_1 : Operation 1186 [1/1] (0.00ns) (grouped into LUT with out node add_ln840_194)   --->   "%local_temp_V_199 = bitselect i1 @_ssdm_op_BitSelect.i1.i240.i32, i240 %W_packed_V, i32 199"   --->   Operation 1186 'bitselect' 'local_temp_V_199' <Predicate = (!icmp_ln249)> <Delay = 0.00>
ST_1 : Operation 1187 [1/1] (0.00ns) (grouped into LUT with out node add_ln840_190)   --->   "%local_temp_V_200 = bitselect i1 @_ssdm_op_BitSelect.i1.i240.i32, i240 %W_packed_V, i32 200"   --->   Operation 1187 'bitselect' 'local_temp_V_200' <Predicate = (!icmp_ln249)> <Delay = 0.00>
ST_1 : Operation 1188 [1/1] (0.00ns) (grouped into LUT with out node add_ln840_183)   --->   "%local_temp_V_201 = bitselect i1 @_ssdm_op_BitSelect.i1.i240.i32, i240 %W_packed_V, i32 201"   --->   Operation 1188 'bitselect' 'local_temp_V_201' <Predicate = (!icmp_ln249)> <Delay = 0.00>
ST_1 : Operation 1189 [1/1] (0.00ns) (grouped into LUT with out node add_ln840_183)   --->   "%local_temp_V_202 = bitselect i1 @_ssdm_op_BitSelect.i1.i240.i32, i240 %W_packed_V, i32 202"   --->   Operation 1189 'bitselect' 'local_temp_V_202' <Predicate = (!icmp_ln249)> <Delay = 0.00>
ST_1 : Operation 1190 [1/1] (0.00ns) (grouped into LUT with out node add_ln840_186)   --->   "%local_temp_V_203 = bitselect i1 @_ssdm_op_BitSelect.i1.i240.i32, i240 %W_packed_V, i32 203"   --->   Operation 1190 'bitselect' 'local_temp_V_203' <Predicate = (!icmp_ln249)> <Delay = 0.00>
ST_1 : Operation 1191 [1/1] (0.00ns) (grouped into LUT with out node add_ln840_186)   --->   "%local_temp_V_204 = bitselect i1 @_ssdm_op_BitSelect.i1.i240.i32, i240 %W_packed_V, i32 204"   --->   Operation 1191 'bitselect' 'local_temp_V_204' <Predicate = (!icmp_ln249)> <Delay = 0.00>
ST_1 : Operation 1192 [1/1] (0.00ns) (grouped into LUT with out node add_ln840_182)   --->   "%local_temp_V_205 = bitselect i1 @_ssdm_op_BitSelect.i1.i240.i32, i240 %W_packed_V, i32 205"   --->   Operation 1192 'bitselect' 'local_temp_V_205' <Predicate = (!icmp_ln249)> <Delay = 0.00>
ST_1 : Operation 1193 [1/1] (0.00ns) (grouped into LUT with out node add_ln840_182)   --->   "%local_temp_V_206 = bitselect i1 @_ssdm_op_BitSelect.i1.i240.i32, i240 %W_packed_V, i32 206"   --->   Operation 1193 'bitselect' 'local_temp_V_206' <Predicate = (!icmp_ln249)> <Delay = 0.00>
ST_1 : Operation 1194 [1/1] (0.00ns) (grouped into LUT with out node add_ln840_180)   --->   "%local_temp_V_207 = bitselect i1 @_ssdm_op_BitSelect.i1.i240.i32, i240 %W_packed_V, i32 207"   --->   Operation 1194 'bitselect' 'local_temp_V_207' <Predicate = (!icmp_ln249)> <Delay = 0.00>
ST_1 : Operation 1195 [1/1] (0.00ns) (grouped into LUT with out node add_ln840_180)   --->   "%local_temp_V_208 = bitselect i1 @_ssdm_op_BitSelect.i1.i240.i32, i240 %W_packed_V, i32 208"   --->   Operation 1195 'bitselect' 'local_temp_V_208' <Predicate = (!icmp_ln249)> <Delay = 0.00>
ST_1 : Operation 1196 [1/1] (0.00ns) (grouped into LUT with out node add_ln840_205)   --->   "%local_temp_V_209 = bitselect i1 @_ssdm_op_BitSelect.i1.i240.i32, i240 %W_packed_V, i32 209"   --->   Operation 1196 'bitselect' 'local_temp_V_209' <Predicate = (!icmp_ln249)> <Delay = 0.00>
ST_1 : Operation 1197 [1/1] (0.00ns) (grouped into LUT with out node add_ln840_195)   --->   "%xor_ln1019_360 = xor i1 1, i1 %local_temp_V_180"   --->   Operation 1197 'xor' 'xor_ln1019_360' <Predicate = (!icmp_ln249)> <Delay = 0.00> <CoreInst = "LogicGate">   --->   Core 74 'LogicGate' <Latency = 0> <II = 1> <Delay = 0.28> <FuncUnit> <Opcode : 'and' 'or' 'xor'> <InPorts = 2> <OutPorts = 1>
ST_1 : Operation 1198 [1/1] (0.00ns) (grouped into LUT with out node add_ln840_195)   --->   "%xor_ln1019_361 = xor i1 %xor_ln1019_360, i1 %p_Result_s"   --->   Operation 1198 'xor' 'xor_ln1019_361' <Predicate = (!icmp_ln249)> <Delay = 0.00> <CoreInst = "LogicGate">   --->   Core 74 'LogicGate' <Latency = 0> <II = 1> <Delay = 0.28> <FuncUnit> <Opcode : 'and' 'or' 'xor'> <InPorts = 2> <OutPorts = 1>
ST_1 : Operation 1199 [1/1] (0.00ns) (grouped into LUT with out node add_ln840_195)   --->   "%zext_ln1019_145 = zext i1 %xor_ln1019_361"   --->   Operation 1199 'zext' 'zext_ln1019_145' <Predicate = (!icmp_ln249)> <Delay = 0.00>
ST_1 : Operation 1200 [1/1] (0.00ns) (grouped into LUT with out node add_ln840_194)   --->   "%xor_ln1019_362 = xor i1 %p_Result_1, i1 %local_temp_V_181"   --->   Operation 1200 'xor' 'xor_ln1019_362' <Predicate = (!icmp_ln249)> <Delay = 0.00> <CoreInst = "LogicGate">   --->   Core 74 'LogicGate' <Latency = 0> <II = 1> <Delay = 0.28> <FuncUnit> <Opcode : 'and' 'or' 'xor'> <InPorts = 2> <OutPorts = 1>
ST_1 : Operation 1201 [1/1] (0.00ns) (grouped into LUT with out node add_ln840_194)   --->   "%xor_ln1019_363 = xor i1 %xor_ln1019_362, i1 1"   --->   Operation 1201 'xor' 'xor_ln1019_363' <Predicate = (!icmp_ln249)> <Delay = 0.00> <CoreInst = "LogicGate">   --->   Core 74 'LogicGate' <Latency = 0> <II = 1> <Delay = 0.28> <FuncUnit> <Opcode : 'and' 'or' 'xor'> <InPorts = 2> <OutPorts = 1>
ST_1 : Operation 1202 [1/1] (0.00ns) (grouped into LUT with out node add_ln840_194)   --->   "%zext_ln1019_146 = zext i1 %xor_ln1019_363"   --->   Operation 1202 'zext' 'zext_ln1019_146' <Predicate = (!icmp_ln249)> <Delay = 0.00>
ST_1 : Operation 1203 [1/1] (0.00ns) (grouped into LUT with out node add_ln840_197)   --->   "%xor_ln1019_364 = xor i1 %p_Result_2, i1 %local_temp_V_182"   --->   Operation 1203 'xor' 'xor_ln1019_364' <Predicate = (!icmp_ln249)> <Delay = 0.00> <CoreInst = "LogicGate">   --->   Core 74 'LogicGate' <Latency = 0> <II = 1> <Delay = 0.28> <FuncUnit> <Opcode : 'and' 'or' 'xor'> <InPorts = 2> <OutPorts = 1>
ST_1 : Operation 1204 [1/1] (0.00ns) (grouped into LUT with out node add_ln840_197)   --->   "%xor_ln1019_365 = xor i1 %xor_ln1019_364, i1 1"   --->   Operation 1204 'xor' 'xor_ln1019_365' <Predicate = (!icmp_ln249)> <Delay = 0.00> <CoreInst = "LogicGate">   --->   Core 74 'LogicGate' <Latency = 0> <II = 1> <Delay = 0.28> <FuncUnit> <Opcode : 'and' 'or' 'xor'> <InPorts = 2> <OutPorts = 1>
ST_1 : Operation 1205 [1/1] (0.00ns) (grouped into LUT with out node add_ln840_197)   --->   "%zext_ln1019_147 = zext i1 %xor_ln1019_365"   --->   Operation 1205 'zext' 'zext_ln1019_147' <Predicate = (!icmp_ln249)> <Delay = 0.00>
ST_1 : Operation 1206 [1/1] (0.00ns) (grouped into LUT with out node add_ln840_195)   --->   "%xor_ln1019_366 = xor i1 %p_Result_3, i1 %local_temp_V_183"   --->   Operation 1206 'xor' 'xor_ln1019_366' <Predicate = (!icmp_ln249)> <Delay = 0.00> <CoreInst = "LogicGate">   --->   Core 74 'LogicGate' <Latency = 0> <II = 1> <Delay = 0.28> <FuncUnit> <Opcode : 'and' 'or' 'xor'> <InPorts = 2> <OutPorts = 1>
ST_1 : Operation 1207 [1/1] (0.00ns) (grouped into LUT with out node add_ln840_195)   --->   "%xor_ln1019_367 = xor i1 %xor_ln1019_366, i1 1"   --->   Operation 1207 'xor' 'xor_ln1019_367' <Predicate = (!icmp_ln249)> <Delay = 0.00> <CoreInst = "LogicGate">   --->   Core 74 'LogicGate' <Latency = 0> <II = 1> <Delay = 0.28> <FuncUnit> <Opcode : 'and' 'or' 'xor'> <InPorts = 2> <OutPorts = 1>
ST_1 : Operation 1208 [1/1] (0.00ns) (grouped into LUT with out node add_ln840_195)   --->   "%zext_ln1019_148 = zext i1 %xor_ln1019_367"   --->   Operation 1208 'zext' 'zext_ln1019_148' <Predicate = (!icmp_ln249)> <Delay = 0.00>
ST_1 : Operation 1209 [1/1] (0.00ns) (grouped into LUT with out node add_ln840_198)   --->   "%xor_ln1019_368 = xor i1 %p_Result_4, i1 %local_temp_V_184"   --->   Operation 1209 'xor' 'xor_ln1019_368' <Predicate = (!icmp_ln249)> <Delay = 0.00> <CoreInst = "LogicGate">   --->   Core 74 'LogicGate' <Latency = 0> <II = 1> <Delay = 0.28> <FuncUnit> <Opcode : 'and' 'or' 'xor'> <InPorts = 2> <OutPorts = 1>
ST_1 : Operation 1210 [1/1] (0.00ns) (grouped into LUT with out node add_ln840_198)   --->   "%xor_ln1019_369 = xor i1 %xor_ln1019_368, i1 1"   --->   Operation 1210 'xor' 'xor_ln1019_369' <Predicate = (!icmp_ln249)> <Delay = 0.00> <CoreInst = "LogicGate">   --->   Core 74 'LogicGate' <Latency = 0> <II = 1> <Delay = 0.28> <FuncUnit> <Opcode : 'and' 'or' 'xor'> <InPorts = 2> <OutPorts = 1>
ST_1 : Operation 1211 [1/1] (0.00ns) (grouped into LUT with out node add_ln840_198)   --->   "%zext_ln1019_149 = zext i1 %xor_ln1019_369"   --->   Operation 1211 'zext' 'zext_ln1019_149' <Predicate = (!icmp_ln249)> <Delay = 0.00>
ST_1 : Operation 1212 [1/1] (0.00ns) (grouped into LUT with out node add_ln840_197)   --->   "%xor_ln1019_370 = xor i1 %p_Result_5, i1 %local_temp_V_185"   --->   Operation 1212 'xor' 'xor_ln1019_370' <Predicate = (!icmp_ln249)> <Delay = 0.00> <CoreInst = "LogicGate">   --->   Core 74 'LogicGate' <Latency = 0> <II = 1> <Delay = 0.28> <FuncUnit> <Opcode : 'and' 'or' 'xor'> <InPorts = 2> <OutPorts = 1>
ST_1 : Operation 1213 [1/1] (0.00ns) (grouped into LUT with out node add_ln840_197)   --->   "%xor_ln1019_371 = xor i1 %xor_ln1019_370, i1 1"   --->   Operation 1213 'xor' 'xor_ln1019_371' <Predicate = (!icmp_ln249)> <Delay = 0.00> <CoreInst = "LogicGate">   --->   Core 74 'LogicGate' <Latency = 0> <II = 1> <Delay = 0.28> <FuncUnit> <Opcode : 'and' 'or' 'xor'> <InPorts = 2> <OutPorts = 1>
ST_1 : Operation 1214 [1/1] (0.00ns) (grouped into LUT with out node add_ln840_197)   --->   "%zext_ln1019_150 = zext i1 %xor_ln1019_371"   --->   Operation 1214 'zext' 'zext_ln1019_150' <Predicate = (!icmp_ln249)> <Delay = 0.00>
ST_1 : Operation 1215 [1/1] (0.00ns) (grouped into LUT with out node add_ln840_201)   --->   "%xor_ln1019_372 = xor i1 %p_Result_6, i1 %local_temp_V_186"   --->   Operation 1215 'xor' 'xor_ln1019_372' <Predicate = (!icmp_ln249)> <Delay = 0.00> <CoreInst = "LogicGate">   --->   Core 74 'LogicGate' <Latency = 0> <II = 1> <Delay = 0.28> <FuncUnit> <Opcode : 'and' 'or' 'xor'> <InPorts = 2> <OutPorts = 1>
ST_1 : Operation 1216 [1/1] (0.00ns) (grouped into LUT with out node add_ln840_201)   --->   "%xor_ln1019_373 = xor i1 %xor_ln1019_372, i1 1"   --->   Operation 1216 'xor' 'xor_ln1019_373' <Predicate = (!icmp_ln249)> <Delay = 0.00> <CoreInst = "LogicGate">   --->   Core 74 'LogicGate' <Latency = 0> <II = 1> <Delay = 0.28> <FuncUnit> <Opcode : 'and' 'or' 'xor'> <InPorts = 2> <OutPorts = 1>
ST_1 : Operation 1217 [1/1] (0.00ns) (grouped into LUT with out node add_ln840_201)   --->   "%zext_ln1019_151 = zext i1 %xor_ln1019_373"   --->   Operation 1217 'zext' 'zext_ln1019_151' <Predicate = (!icmp_ln249)> <Delay = 0.00>
ST_1 : Operation 1218 [1/1] (0.00ns) (grouped into LUT with out node add_ln840_198)   --->   "%xor_ln1019_374 = xor i1 %p_Result_7, i1 %local_temp_V_187"   --->   Operation 1218 'xor' 'xor_ln1019_374' <Predicate = (!icmp_ln249)> <Delay = 0.00> <CoreInst = "LogicGate">   --->   Core 74 'LogicGate' <Latency = 0> <II = 1> <Delay = 0.28> <FuncUnit> <Opcode : 'and' 'or' 'xor'> <InPorts = 2> <OutPorts = 1>
ST_1 : Operation 1219 [1/1] (0.00ns) (grouped into LUT with out node add_ln840_198)   --->   "%xor_ln1019_375 = xor i1 %xor_ln1019_374, i1 1"   --->   Operation 1219 'xor' 'xor_ln1019_375' <Predicate = (!icmp_ln249)> <Delay = 0.00> <CoreInst = "LogicGate">   --->   Core 74 'LogicGate' <Latency = 0> <II = 1> <Delay = 0.28> <FuncUnit> <Opcode : 'and' 'or' 'xor'> <InPorts = 2> <OutPorts = 1>
ST_1 : Operation 1220 [1/1] (0.00ns) (grouped into LUT with out node add_ln840_198)   --->   "%zext_ln1019_152 = zext i1 %xor_ln1019_375"   --->   Operation 1220 'zext' 'zext_ln1019_152' <Predicate = (!icmp_ln249)> <Delay = 0.00>
ST_1 : Operation 1221 [1/1] (0.00ns) (grouped into LUT with out node add_ln840_202)   --->   "%xor_ln1019_376 = xor i1 %p_Result_8, i1 %local_temp_V_188"   --->   Operation 1221 'xor' 'xor_ln1019_376' <Predicate = (!icmp_ln249)> <Delay = 0.00> <CoreInst = "LogicGate">   --->   Core 74 'LogicGate' <Latency = 0> <II = 1> <Delay = 0.28> <FuncUnit> <Opcode : 'and' 'or' 'xor'> <InPorts = 2> <OutPorts = 1>
ST_1 : Operation 1222 [1/1] (0.00ns) (grouped into LUT with out node add_ln840_202)   --->   "%xor_ln1019_377 = xor i1 %xor_ln1019_376, i1 1"   --->   Operation 1222 'xor' 'xor_ln1019_377' <Predicate = (!icmp_ln249)> <Delay = 0.00> <CoreInst = "LogicGate">   --->   Core 74 'LogicGate' <Latency = 0> <II = 1> <Delay = 0.28> <FuncUnit> <Opcode : 'and' 'or' 'xor'> <InPorts = 2> <OutPorts = 1>
ST_1 : Operation 1223 [1/1] (0.00ns) (grouped into LUT with out node add_ln840_202)   --->   "%zext_ln1019_153 = zext i1 %xor_ln1019_377"   --->   Operation 1223 'zext' 'zext_ln1019_153' <Predicate = (!icmp_ln249)> <Delay = 0.00>
ST_1 : Operation 1224 [1/1] (0.00ns) (grouped into LUT with out node add_ln840_201)   --->   "%xor_ln1019_378 = xor i1 %p_Result_9, i1 %local_temp_V_189"   --->   Operation 1224 'xor' 'xor_ln1019_378' <Predicate = (!icmp_ln249)> <Delay = 0.00> <CoreInst = "LogicGate">   --->   Core 74 'LogicGate' <Latency = 0> <II = 1> <Delay = 0.28> <FuncUnit> <Opcode : 'and' 'or' 'xor'> <InPorts = 2> <OutPorts = 1>
ST_1 : Operation 1225 [1/1] (0.00ns) (grouped into LUT with out node add_ln840_201)   --->   "%xor_ln1019_379 = xor i1 %xor_ln1019_378, i1 1"   --->   Operation 1225 'xor' 'xor_ln1019_379' <Predicate = (!icmp_ln249)> <Delay = 0.00> <CoreInst = "LogicGate">   --->   Core 74 'LogicGate' <Latency = 0> <II = 1> <Delay = 0.28> <FuncUnit> <Opcode : 'and' 'or' 'xor'> <InPorts = 2> <OutPorts = 1>
ST_1 : Operation 1226 [1/1] (0.00ns) (grouped into LUT with out node add_ln840_201)   --->   "%zext_ln1019_154 = zext i1 %xor_ln1019_379"   --->   Operation 1226 'zext' 'zext_ln1019_154' <Predicate = (!icmp_ln249)> <Delay = 0.00>
ST_1 : Operation 1227 [1/1] (0.00ns) (grouped into LUT with out node add_ln840_204)   --->   "%xor_ln1019_380 = xor i1 %p_Result_10, i1 %local_temp_V_190"   --->   Operation 1227 'xor' 'xor_ln1019_380' <Predicate = (!icmp_ln249)> <Delay = 0.00> <CoreInst = "LogicGate">   --->   Core 74 'LogicGate' <Latency = 0> <II = 1> <Delay = 0.28> <FuncUnit> <Opcode : 'and' 'or' 'xor'> <InPorts = 2> <OutPorts = 1>
ST_1 : Operation 1228 [1/1] (0.00ns) (grouped into LUT with out node add_ln840_204)   --->   "%xor_ln1019_381 = xor i1 %xor_ln1019_380, i1 1"   --->   Operation 1228 'xor' 'xor_ln1019_381' <Predicate = (!icmp_ln249)> <Delay = 0.00> <CoreInst = "LogicGate">   --->   Core 74 'LogicGate' <Latency = 0> <II = 1> <Delay = 0.28> <FuncUnit> <Opcode : 'and' 'or' 'xor'> <InPorts = 2> <OutPorts = 1>
ST_1 : Operation 1229 [1/1] (0.00ns) (grouped into LUT with out node add_ln840_204)   --->   "%zext_ln1019_155 = zext i1 %xor_ln1019_381"   --->   Operation 1229 'zext' 'zext_ln1019_155' <Predicate = (!icmp_ln249)> <Delay = 0.00>
ST_1 : Operation 1230 [1/1] (0.00ns) (grouped into LUT with out node add_ln840_202)   --->   "%xor_ln1019_382 = xor i1 %p_Result_11, i1 %local_temp_V_191"   --->   Operation 1230 'xor' 'xor_ln1019_382' <Predicate = (!icmp_ln249)> <Delay = 0.00> <CoreInst = "LogicGate">   --->   Core 74 'LogicGate' <Latency = 0> <II = 1> <Delay = 0.28> <FuncUnit> <Opcode : 'and' 'or' 'xor'> <InPorts = 2> <OutPorts = 1>
ST_1 : Operation 1231 [1/1] (0.00ns) (grouped into LUT with out node add_ln840_202)   --->   "%xor_ln1019_383 = xor i1 %xor_ln1019_382, i1 1"   --->   Operation 1231 'xor' 'xor_ln1019_383' <Predicate = (!icmp_ln249)> <Delay = 0.00> <CoreInst = "LogicGate">   --->   Core 74 'LogicGate' <Latency = 0> <II = 1> <Delay = 0.28> <FuncUnit> <Opcode : 'and' 'or' 'xor'> <InPorts = 2> <OutPorts = 1>
ST_1 : Operation 1232 [1/1] (0.00ns) (grouped into LUT with out node add_ln840_202)   --->   "%zext_ln1019_156 = zext i1 %xor_ln1019_383"   --->   Operation 1232 'zext' 'zext_ln1019_156' <Predicate = (!icmp_ln249)> <Delay = 0.00>
ST_1 : Operation 1233 [1/1] (0.00ns) (grouped into LUT with out node add_ln840_205)   --->   "%xor_ln1019_384 = xor i1 %p_Result_12, i1 %local_temp_V_192"   --->   Operation 1233 'xor' 'xor_ln1019_384' <Predicate = (!icmp_ln249)> <Delay = 0.00> <CoreInst = "LogicGate">   --->   Core 74 'LogicGate' <Latency = 0> <II = 1> <Delay = 0.28> <FuncUnit> <Opcode : 'and' 'or' 'xor'> <InPorts = 2> <OutPorts = 1>
ST_1 : Operation 1234 [1/1] (0.00ns) (grouped into LUT with out node add_ln840_205)   --->   "%xor_ln1019_385 = xor i1 %xor_ln1019_384, i1 1"   --->   Operation 1234 'xor' 'xor_ln1019_385' <Predicate = (!icmp_ln249)> <Delay = 0.00> <CoreInst = "LogicGate">   --->   Core 74 'LogicGate' <Latency = 0> <II = 1> <Delay = 0.28> <FuncUnit> <Opcode : 'and' 'or' 'xor'> <InPorts = 2> <OutPorts = 1>
ST_1 : Operation 1235 [1/1] (0.00ns) (grouped into LUT with out node add_ln840_205)   --->   "%zext_ln1019_157 = zext i1 %xor_ln1019_385"   --->   Operation 1235 'zext' 'zext_ln1019_157' <Predicate = (!icmp_ln249)> <Delay = 0.00>
ST_1 : Operation 1236 [1/1] (0.00ns) (grouped into LUT with out node add_ln840_204)   --->   "%xor_ln1019_386 = xor i1 %p_Result_13, i1 %local_temp_V_193"   --->   Operation 1236 'xor' 'xor_ln1019_386' <Predicate = (!icmp_ln249)> <Delay = 0.00> <CoreInst = "LogicGate">   --->   Core 74 'LogicGate' <Latency = 0> <II = 1> <Delay = 0.28> <FuncUnit> <Opcode : 'and' 'or' 'xor'> <InPorts = 2> <OutPorts = 1>
ST_1 : Operation 1237 [1/1] (0.00ns) (grouped into LUT with out node add_ln840_204)   --->   "%xor_ln1019_387 = xor i1 %xor_ln1019_386, i1 1"   --->   Operation 1237 'xor' 'xor_ln1019_387' <Predicate = (!icmp_ln249)> <Delay = 0.00> <CoreInst = "LogicGate">   --->   Core 74 'LogicGate' <Latency = 0> <II = 1> <Delay = 0.28> <FuncUnit> <Opcode : 'and' 'or' 'xor'> <InPorts = 2> <OutPorts = 1>
ST_1 : Operation 1238 [1/1] (0.00ns) (grouped into LUT with out node add_ln840_204)   --->   "%zext_ln1019_158 = zext i1 %xor_ln1019_387"   --->   Operation 1238 'zext' 'zext_ln1019_158' <Predicate = (!icmp_ln249)> <Delay = 0.00>
ST_1 : Operation 1239 [1/1] (0.00ns) (grouped into LUT with out node add_ln840_187)   --->   "%xor_ln1019_388 = xor i1 %p_Result_14, i1 %local_temp_V_194"   --->   Operation 1239 'xor' 'xor_ln1019_388' <Predicate = (!icmp_ln249)> <Delay = 0.00> <CoreInst = "LogicGate">   --->   Core 74 'LogicGate' <Latency = 0> <II = 1> <Delay = 0.28> <FuncUnit> <Opcode : 'and' 'or' 'xor'> <InPorts = 2> <OutPorts = 1>
ST_1 : Operation 1240 [1/1] (0.00ns) (grouped into LUT with out node add_ln840_187)   --->   "%xor_ln1019_389 = xor i1 %xor_ln1019_388, i1 1"   --->   Operation 1240 'xor' 'xor_ln1019_389' <Predicate = (!icmp_ln249)> <Delay = 0.00> <CoreInst = "LogicGate">   --->   Core 74 'LogicGate' <Latency = 0> <II = 1> <Delay = 0.28> <FuncUnit> <Opcode : 'and' 'or' 'xor'> <InPorts = 2> <OutPorts = 1>
ST_1 : Operation 1241 [1/1] (0.00ns) (grouped into LUT with out node add_ln840_187)   --->   "%zext_ln1019_159 = zext i1 %xor_ln1019_389"   --->   Operation 1241 'zext' 'zext_ln1019_159' <Predicate = (!icmp_ln249)> <Delay = 0.00>
ST_1 : Operation 1242 [1/1] (0.00ns) (grouped into LUT with out node add_ln840_189)   --->   "%xor_ln1019_390 = xor i1 %p_Result_15, i1 %local_temp_V_195"   --->   Operation 1242 'xor' 'xor_ln1019_390' <Predicate = (!icmp_ln249)> <Delay = 0.00> <CoreInst = "LogicGate">   --->   Core 74 'LogicGate' <Latency = 0> <II = 1> <Delay = 0.28> <FuncUnit> <Opcode : 'and' 'or' 'xor'> <InPorts = 2> <OutPorts = 1>
ST_1 : Operation 1243 [1/1] (0.00ns) (grouped into LUT with out node add_ln840_189)   --->   "%xor_ln1019_391 = xor i1 %xor_ln1019_390, i1 1"   --->   Operation 1243 'xor' 'xor_ln1019_391' <Predicate = (!icmp_ln249)> <Delay = 0.00> <CoreInst = "LogicGate">   --->   Core 74 'LogicGate' <Latency = 0> <II = 1> <Delay = 0.28> <FuncUnit> <Opcode : 'and' 'or' 'xor'> <InPorts = 2> <OutPorts = 1>
ST_1 : Operation 1244 [1/1] (0.00ns) (grouped into LUT with out node add_ln840_189)   --->   "%zext_ln1019_160 = zext i1 %xor_ln1019_391"   --->   Operation 1244 'zext' 'zext_ln1019_160' <Predicate = (!icmp_ln249)> <Delay = 0.00>
ST_1 : Operation 1245 [1/1] (0.00ns) (grouped into LUT with out node add_ln840_187)   --->   "%xor_ln1019_392 = xor i1 %p_Result_16, i1 %local_temp_V_196"   --->   Operation 1245 'xor' 'xor_ln1019_392' <Predicate = (!icmp_ln249)> <Delay = 0.00> <CoreInst = "LogicGate">   --->   Core 74 'LogicGate' <Latency = 0> <II = 1> <Delay = 0.28> <FuncUnit> <Opcode : 'and' 'or' 'xor'> <InPorts = 2> <OutPorts = 1>
ST_1 : Operation 1246 [1/1] (0.00ns) (grouped into LUT with out node add_ln840_187)   --->   "%xor_ln1019_393 = xor i1 %xor_ln1019_392, i1 1"   --->   Operation 1246 'xor' 'xor_ln1019_393' <Predicate = (!icmp_ln249)> <Delay = 0.00> <CoreInst = "LogicGate">   --->   Core 74 'LogicGate' <Latency = 0> <II = 1> <Delay = 0.28> <FuncUnit> <Opcode : 'and' 'or' 'xor'> <InPorts = 2> <OutPorts = 1>
ST_1 : Operation 1247 [1/1] (0.00ns) (grouped into LUT with out node add_ln840_187)   --->   "%zext_ln1019_161 = zext i1 %xor_ln1019_393"   --->   Operation 1247 'zext' 'zext_ln1019_161' <Predicate = (!icmp_ln249)> <Delay = 0.00>
ST_1 : Operation 1248 [1/1] (0.00ns) (grouped into LUT with out node add_ln840_190)   --->   "%xor_ln1019_394 = xor i1 %p_Result_17, i1 %local_temp_V_197"   --->   Operation 1248 'xor' 'xor_ln1019_394' <Predicate = (!icmp_ln249)> <Delay = 0.00> <CoreInst = "LogicGate">   --->   Core 74 'LogicGate' <Latency = 0> <II = 1> <Delay = 0.28> <FuncUnit> <Opcode : 'and' 'or' 'xor'> <InPorts = 2> <OutPorts = 1>
ST_1 : Operation 1249 [1/1] (0.00ns) (grouped into LUT with out node add_ln840_190)   --->   "%xor_ln1019_395 = xor i1 %xor_ln1019_394, i1 1"   --->   Operation 1249 'xor' 'xor_ln1019_395' <Predicate = (!icmp_ln249)> <Delay = 0.00> <CoreInst = "LogicGate">   --->   Core 74 'LogicGate' <Latency = 0> <II = 1> <Delay = 0.28> <FuncUnit> <Opcode : 'and' 'or' 'xor'> <InPorts = 2> <OutPorts = 1>
ST_1 : Operation 1250 [1/1] (0.00ns) (grouped into LUT with out node add_ln840_190)   --->   "%zext_ln1019_162 = zext i1 %xor_ln1019_395"   --->   Operation 1250 'zext' 'zext_ln1019_162' <Predicate = (!icmp_ln249)> <Delay = 0.00>
ST_1 : Operation 1251 [1/1] (0.00ns) (grouped into LUT with out node add_ln840_189)   --->   "%xor_ln1019_396 = xor i1 %p_Result_18, i1 %local_temp_V_198"   --->   Operation 1251 'xor' 'xor_ln1019_396' <Predicate = (!icmp_ln249)> <Delay = 0.00> <CoreInst = "LogicGate">   --->   Core 74 'LogicGate' <Latency = 0> <II = 1> <Delay = 0.28> <FuncUnit> <Opcode : 'and' 'or' 'xor'> <InPorts = 2> <OutPorts = 1>
ST_1 : Operation 1252 [1/1] (0.00ns) (grouped into LUT with out node add_ln840_189)   --->   "%xor_ln1019_397 = xor i1 %xor_ln1019_396, i1 1"   --->   Operation 1252 'xor' 'xor_ln1019_397' <Predicate = (!icmp_ln249)> <Delay = 0.00> <CoreInst = "LogicGate">   --->   Core 74 'LogicGate' <Latency = 0> <II = 1> <Delay = 0.28> <FuncUnit> <Opcode : 'and' 'or' 'xor'> <InPorts = 2> <OutPorts = 1>
ST_1 : Operation 1253 [1/1] (0.00ns) (grouped into LUT with out node add_ln840_189)   --->   "%zext_ln1019_163 = zext i1 %xor_ln1019_397"   --->   Operation 1253 'zext' 'zext_ln1019_163' <Predicate = (!icmp_ln249)> <Delay = 0.00>
ST_1 : Operation 1254 [1/1] (0.00ns) (grouped into LUT with out node add_ln840_194)   --->   "%xor_ln1019_398 = xor i1 %p_Result_19, i1 %local_temp_V_199"   --->   Operation 1254 'xor' 'xor_ln1019_398' <Predicate = (!icmp_ln249)> <Delay = 0.00> <CoreInst = "LogicGate">   --->   Core 74 'LogicGate' <Latency = 0> <II = 1> <Delay = 0.28> <FuncUnit> <Opcode : 'and' 'or' 'xor'> <InPorts = 2> <OutPorts = 1>
ST_1 : Operation 1255 [1/1] (0.00ns) (grouped into LUT with out node add_ln840_194)   --->   "%xor_ln1019_399 = xor i1 %xor_ln1019_398, i1 1"   --->   Operation 1255 'xor' 'xor_ln1019_399' <Predicate = (!icmp_ln249)> <Delay = 0.00> <CoreInst = "LogicGate">   --->   Core 74 'LogicGate' <Latency = 0> <II = 1> <Delay = 0.28> <FuncUnit> <Opcode : 'and' 'or' 'xor'> <InPorts = 2> <OutPorts = 1>
ST_1 : Operation 1256 [1/1] (0.00ns) (grouped into LUT with out node add_ln840_194)   --->   "%zext_ln1019_164 = zext i1 %xor_ln1019_399"   --->   Operation 1256 'zext' 'zext_ln1019_164' <Predicate = (!icmp_ln249)> <Delay = 0.00>
ST_1 : Operation 1257 [1/1] (0.00ns) (grouped into LUT with out node add_ln840_190)   --->   "%xor_ln1019_400 = xor i1 %p_Result_20, i1 %local_temp_V_200"   --->   Operation 1257 'xor' 'xor_ln1019_400' <Predicate = (!icmp_ln249)> <Delay = 0.00> <CoreInst = "LogicGate">   --->   Core 74 'LogicGate' <Latency = 0> <II = 1> <Delay = 0.28> <FuncUnit> <Opcode : 'and' 'or' 'xor'> <InPorts = 2> <OutPorts = 1>
ST_1 : Operation 1258 [1/1] (0.00ns) (grouped into LUT with out node add_ln840_190)   --->   "%xor_ln1019_401 = xor i1 %xor_ln1019_400, i1 1"   --->   Operation 1258 'xor' 'xor_ln1019_401' <Predicate = (!icmp_ln249)> <Delay = 0.00> <CoreInst = "LogicGate">   --->   Core 74 'LogicGate' <Latency = 0> <II = 1> <Delay = 0.28> <FuncUnit> <Opcode : 'and' 'or' 'xor'> <InPorts = 2> <OutPorts = 1>
ST_1 : Operation 1259 [1/1] (0.00ns) (grouped into LUT with out node add_ln840_190)   --->   "%zext_ln1019_165 = zext i1 %xor_ln1019_401"   --->   Operation 1259 'zext' 'zext_ln1019_165' <Predicate = (!icmp_ln249)> <Delay = 0.00>
ST_1 : Operation 1260 [1/1] (0.00ns) (grouped into LUT with out node add_ln840_183)   --->   "%xor_ln1019_402 = xor i1 %p_Result_21, i1 %local_temp_V_201"   --->   Operation 1260 'xor' 'xor_ln1019_402' <Predicate = (!icmp_ln249)> <Delay = 0.00> <CoreInst = "LogicGate">   --->   Core 74 'LogicGate' <Latency = 0> <II = 1> <Delay = 0.28> <FuncUnit> <Opcode : 'and' 'or' 'xor'> <InPorts = 2> <OutPorts = 1>
ST_1 : Operation 1261 [1/1] (0.00ns) (grouped into LUT with out node add_ln840_183)   --->   "%xor_ln1019_403 = xor i1 %xor_ln1019_402, i1 1"   --->   Operation 1261 'xor' 'xor_ln1019_403' <Predicate = (!icmp_ln249)> <Delay = 0.00> <CoreInst = "LogicGate">   --->   Core 74 'LogicGate' <Latency = 0> <II = 1> <Delay = 0.28> <FuncUnit> <Opcode : 'and' 'or' 'xor'> <InPorts = 2> <OutPorts = 1>
ST_1 : Operation 1262 [1/1] (0.00ns) (grouped into LUT with out node add_ln840_183)   --->   "%zext_ln1019_166 = zext i1 %xor_ln1019_403"   --->   Operation 1262 'zext' 'zext_ln1019_166' <Predicate = (!icmp_ln249)> <Delay = 0.00>
ST_1 : Operation 1263 [1/1] (0.00ns) (grouped into LUT with out node add_ln840_183)   --->   "%xor_ln1019_404 = xor i1 %p_Result_22, i1 %local_temp_V_202"   --->   Operation 1263 'xor' 'xor_ln1019_404' <Predicate = (!icmp_ln249)> <Delay = 0.00> <CoreInst = "LogicGate">   --->   Core 74 'LogicGate' <Latency = 0> <II = 1> <Delay = 0.28> <FuncUnit> <Opcode : 'and' 'or' 'xor'> <InPorts = 2> <OutPorts = 1>
ST_1 : Operation 1264 [1/1] (0.00ns) (grouped into LUT with out node add_ln840_183)   --->   "%xor_ln1019_405 = xor i1 %xor_ln1019_404, i1 1"   --->   Operation 1264 'xor' 'xor_ln1019_405' <Predicate = (!icmp_ln249)> <Delay = 0.00> <CoreInst = "LogicGate">   --->   Core 74 'LogicGate' <Latency = 0> <II = 1> <Delay = 0.28> <FuncUnit> <Opcode : 'and' 'or' 'xor'> <InPorts = 2> <OutPorts = 1>
ST_1 : Operation 1265 [1/1] (0.00ns) (grouped into LUT with out node add_ln840_183)   --->   "%zext_ln1019_167 = zext i1 %xor_ln1019_405"   --->   Operation 1265 'zext' 'zext_ln1019_167' <Predicate = (!icmp_ln249)> <Delay = 0.00>
ST_1 : Operation 1266 [1/1] (0.00ns) (grouped into LUT with out node add_ln840_186)   --->   "%xor_ln1019_406 = xor i1 %p_Result_23, i1 %local_temp_V_203"   --->   Operation 1266 'xor' 'xor_ln1019_406' <Predicate = (!icmp_ln249)> <Delay = 0.00> <CoreInst = "LogicGate">   --->   Core 74 'LogicGate' <Latency = 0> <II = 1> <Delay = 0.28> <FuncUnit> <Opcode : 'and' 'or' 'xor'> <InPorts = 2> <OutPorts = 1>
ST_1 : Operation 1267 [1/1] (0.00ns) (grouped into LUT with out node add_ln840_186)   --->   "%xor_ln1019_407 = xor i1 %xor_ln1019_406, i1 1"   --->   Operation 1267 'xor' 'xor_ln1019_407' <Predicate = (!icmp_ln249)> <Delay = 0.00> <CoreInst = "LogicGate">   --->   Core 74 'LogicGate' <Latency = 0> <II = 1> <Delay = 0.28> <FuncUnit> <Opcode : 'and' 'or' 'xor'> <InPorts = 2> <OutPorts = 1>
ST_1 : Operation 1268 [1/1] (0.00ns) (grouped into LUT with out node add_ln840_186)   --->   "%zext_ln1019_168 = zext i1 %xor_ln1019_407"   --->   Operation 1268 'zext' 'zext_ln1019_168' <Predicate = (!icmp_ln249)> <Delay = 0.00>
ST_1 : Operation 1269 [1/1] (0.00ns) (grouped into LUT with out node add_ln840_186)   --->   "%xor_ln1019_408 = xor i1 %p_Result_24, i1 %local_temp_V_204"   --->   Operation 1269 'xor' 'xor_ln1019_408' <Predicate = (!icmp_ln249)> <Delay = 0.00> <CoreInst = "LogicGate">   --->   Core 74 'LogicGate' <Latency = 0> <II = 1> <Delay = 0.28> <FuncUnit> <Opcode : 'and' 'or' 'xor'> <InPorts = 2> <OutPorts = 1>
ST_1 : Operation 1270 [1/1] (0.00ns) (grouped into LUT with out node add_ln840_186)   --->   "%xor_ln1019_409 = xor i1 %xor_ln1019_408, i1 1"   --->   Operation 1270 'xor' 'xor_ln1019_409' <Predicate = (!icmp_ln249)> <Delay = 0.00> <CoreInst = "LogicGate">   --->   Core 74 'LogicGate' <Latency = 0> <II = 1> <Delay = 0.28> <FuncUnit> <Opcode : 'and' 'or' 'xor'> <InPorts = 2> <OutPorts = 1>
ST_1 : Operation 1271 [1/1] (0.00ns) (grouped into LUT with out node add_ln840_186)   --->   "%zext_ln1019_169 = zext i1 %xor_ln1019_409"   --->   Operation 1271 'zext' 'zext_ln1019_169' <Predicate = (!icmp_ln249)> <Delay = 0.00>
ST_1 : Operation 1272 [1/1] (0.00ns) (grouped into LUT with out node add_ln840_182)   --->   "%xor_ln1019_410 = xor i1 %p_Result_25, i1 %local_temp_V_205"   --->   Operation 1272 'xor' 'xor_ln1019_410' <Predicate = (!icmp_ln249)> <Delay = 0.00> <CoreInst = "LogicGate">   --->   Core 74 'LogicGate' <Latency = 0> <II = 1> <Delay = 0.28> <FuncUnit> <Opcode : 'and' 'or' 'xor'> <InPorts = 2> <OutPorts = 1>
ST_1 : Operation 1273 [1/1] (0.00ns) (grouped into LUT with out node add_ln840_182)   --->   "%xor_ln1019_411 = xor i1 %xor_ln1019_410, i1 1"   --->   Operation 1273 'xor' 'xor_ln1019_411' <Predicate = (!icmp_ln249)> <Delay = 0.00> <CoreInst = "LogicGate">   --->   Core 74 'LogicGate' <Latency = 0> <II = 1> <Delay = 0.28> <FuncUnit> <Opcode : 'and' 'or' 'xor'> <InPorts = 2> <OutPorts = 1>
ST_1 : Operation 1274 [1/1] (0.00ns) (grouped into LUT with out node add_ln840_182)   --->   "%zext_ln1019_170 = zext i1 %xor_ln1019_411"   --->   Operation 1274 'zext' 'zext_ln1019_170' <Predicate = (!icmp_ln249)> <Delay = 0.00>
ST_1 : Operation 1275 [1/1] (0.00ns) (grouped into LUT with out node add_ln840_182)   --->   "%xor_ln1019_412 = xor i1 %p_Result_26, i1 %local_temp_V_206"   --->   Operation 1275 'xor' 'xor_ln1019_412' <Predicate = (!icmp_ln249)> <Delay = 0.00> <CoreInst = "LogicGate">   --->   Core 74 'LogicGate' <Latency = 0> <II = 1> <Delay = 0.28> <FuncUnit> <Opcode : 'and' 'or' 'xor'> <InPorts = 2> <OutPorts = 1>
ST_1 : Operation 1276 [1/1] (0.00ns) (grouped into LUT with out node add_ln840_182)   --->   "%xor_ln1019_413 = xor i1 %xor_ln1019_412, i1 1"   --->   Operation 1276 'xor' 'xor_ln1019_413' <Predicate = (!icmp_ln249)> <Delay = 0.00> <CoreInst = "LogicGate">   --->   Core 74 'LogicGate' <Latency = 0> <II = 1> <Delay = 0.28> <FuncUnit> <Opcode : 'and' 'or' 'xor'> <InPorts = 2> <OutPorts = 1>
ST_1 : Operation 1277 [1/1] (0.00ns) (grouped into LUT with out node add_ln840_182)   --->   "%zext_ln1019_171 = zext i1 %xor_ln1019_413"   --->   Operation 1277 'zext' 'zext_ln1019_171' <Predicate = (!icmp_ln249)> <Delay = 0.00>
ST_1 : Operation 1278 [1/1] (0.00ns) (grouped into LUT with out node add_ln840_180)   --->   "%xor_ln1019_414 = xor i1 %p_Result_27, i1 %local_temp_V_207"   --->   Operation 1278 'xor' 'xor_ln1019_414' <Predicate = (!icmp_ln249)> <Delay = 0.00> <CoreInst = "LogicGate">   --->   Core 74 'LogicGate' <Latency = 0> <II = 1> <Delay = 0.28> <FuncUnit> <Opcode : 'and' 'or' 'xor'> <InPorts = 2> <OutPorts = 1>
ST_1 : Operation 1279 [1/1] (0.00ns) (grouped into LUT with out node add_ln840_180)   --->   "%xor_ln1019_415 = xor i1 %xor_ln1019_414, i1 1"   --->   Operation 1279 'xor' 'xor_ln1019_415' <Predicate = (!icmp_ln249)> <Delay = 0.00> <CoreInst = "LogicGate">   --->   Core 74 'LogicGate' <Latency = 0> <II = 1> <Delay = 0.28> <FuncUnit> <Opcode : 'and' 'or' 'xor'> <InPorts = 2> <OutPorts = 1>
ST_1 : Operation 1280 [1/1] (0.00ns) (grouped into LUT with out node add_ln840_180)   --->   "%zext_ln1019_172 = zext i1 %xor_ln1019_415"   --->   Operation 1280 'zext' 'zext_ln1019_172' <Predicate = (!icmp_ln249)> <Delay = 0.00>
ST_1 : Operation 1281 [1/1] (0.00ns) (grouped into LUT with out node add_ln840_180)   --->   "%xor_ln1019_416 = xor i1 %p_Result_28, i1 %local_temp_V_208"   --->   Operation 1281 'xor' 'xor_ln1019_416' <Predicate = (!icmp_ln249)> <Delay = 0.00> <CoreInst = "LogicGate">   --->   Core 74 'LogicGate' <Latency = 0> <II = 1> <Delay = 0.28> <FuncUnit> <Opcode : 'and' 'or' 'xor'> <InPorts = 2> <OutPorts = 1>
ST_1 : Operation 1282 [1/1] (0.00ns) (grouped into LUT with out node add_ln840_180)   --->   "%xor_ln1019_417 = xor i1 %xor_ln1019_416, i1 1"   --->   Operation 1282 'xor' 'xor_ln1019_417' <Predicate = (!icmp_ln249)> <Delay = 0.00> <CoreInst = "LogicGate">   --->   Core 74 'LogicGate' <Latency = 0> <II = 1> <Delay = 0.28> <FuncUnit> <Opcode : 'and' 'or' 'xor'> <InPorts = 2> <OutPorts = 1>
ST_1 : Operation 1283 [1/1] (0.00ns) (grouped into LUT with out node add_ln840_180)   --->   "%zext_ln1019_173 = zext i1 %xor_ln1019_417"   --->   Operation 1283 'zext' 'zext_ln1019_173' <Predicate = (!icmp_ln249)> <Delay = 0.00>
ST_1 : Operation 1284 [1/1] (0.00ns) (grouped into LUT with out node add_ln840_205)   --->   "%xor_ln1019_418 = xor i1 %p_Result_29, i1 %local_temp_V_209"   --->   Operation 1284 'xor' 'xor_ln1019_418' <Predicate = (!icmp_ln249)> <Delay = 0.00> <CoreInst = "LogicGate">   --->   Core 74 'LogicGate' <Latency = 0> <II = 1> <Delay = 0.28> <FuncUnit> <Opcode : 'and' 'or' 'xor'> <InPorts = 2> <OutPorts = 1>
ST_1 : Operation 1285 [1/1] (0.00ns) (grouped into LUT with out node add_ln840_205)   --->   "%xor_ln1019_419 = xor i1 %xor_ln1019_418, i1 1"   --->   Operation 1285 'xor' 'xor_ln1019_419' <Predicate = (!icmp_ln249)> <Delay = 0.00> <CoreInst = "LogicGate">   --->   Core 74 'LogicGate' <Latency = 0> <II = 1> <Delay = 0.28> <FuncUnit> <Opcode : 'and' 'or' 'xor'> <InPorts = 2> <OutPorts = 1>
ST_1 : Operation 1286 [1/1] (0.00ns) (grouped into LUT with out node add_ln840_205)   --->   "%zext_ln840_162 = zext i1 %xor_ln1019_419"   --->   Operation 1286 'zext' 'zext_ln840_162' <Predicate = (!icmp_ln249)> <Delay = 0.00>
ST_1 : Operation 1287 [1/1] (0.54ns) (out node of the LUT)   --->   "%add_ln840_180 = add i2 %zext_ln1019_172, i2 %zext_ln1019_173"   --->   Operation 1287 'add' 'add_ln840_180' <Predicate = (!icmp_ln249)> <Delay = 0.54> <CoreInst = "Adder">   --->   Core 1 'Adder' <Latency = 0> <II = 1> <Delay = 0.54> <FuncUnit> <Opcode : 'add' 'sub'> <InPorts = 2> <OutPorts = 1>
ST_1 : Operation 1288 [1/1] (0.00ns)   --->   "%zext_ln840_163 = zext i2 %add_ln840_180"   --->   Operation 1288 'zext' 'zext_ln840_163' <Predicate = (!icmp_ln249)> <Delay = 0.00>
ST_1 : Operation 1289 [1/1] (0.00ns) (grouped into TernaryAdder)   --->   "%add_ln840_181 = add i8 %zext_ln840_163, i8 %select_ln272_1"   --->   Operation 1289 'add' 'add_ln840_181' <Predicate = (!icmp_ln249)> <Delay = 0.00> <CoreInst = "TAddSub">   --->   Core 10 'TAddSub' <Latency = 0> <II = 1> <Delay = 0.52> <IPBlock> <Opcode : 'add' 'sub'> <InPorts = 3> <OutPorts = 1> <Sync> <CReg>
ST_1 : Operation 1290 [1/1] (0.54ns) (out node of the LUT)   --->   "%add_ln840_182 = add i2 %zext_ln1019_171, i2 %zext_ln1019_170"   --->   Operation 1290 'add' 'add_ln840_182' <Predicate = (!icmp_ln249)> <Delay = 0.54> <CoreInst = "Adder">   --->   Core 1 'Adder' <Latency = 0> <II = 1> <Delay = 0.54> <FuncUnit> <Opcode : 'add' 'sub'> <InPorts = 2> <OutPorts = 1>
ST_1 : Operation 1291 [1/1] (0.00ns)   --->   "%zext_ln840_164 = zext i2 %add_ln840_182"   --->   Operation 1291 'zext' 'zext_ln840_164' <Predicate = (!icmp_ln249)> <Delay = 0.00>
ST_1 : Operation 1292 [1/1] (0.54ns) (out node of the LUT)   --->   "%add_ln840_183 = add i2 %zext_ln1019_167, i2 %zext_ln1019_166"   --->   Operation 1292 'add' 'add_ln840_183' <Predicate = (!icmp_ln249)> <Delay = 0.54> <CoreInst = "Adder">   --->   Core 1 'Adder' <Latency = 0> <II = 1> <Delay = 0.54> <FuncUnit> <Opcode : 'add' 'sub'> <InPorts = 2> <OutPorts = 1>
ST_1 : Operation 1293 [1/1] (0.00ns)   --->   "%zext_ln840_165 = zext i2 %add_ln840_183"   --->   Operation 1293 'zext' 'zext_ln840_165' <Predicate = (!icmp_ln249)> <Delay = 0.00>
ST_1 : Operation 1294 [1/1] (0.54ns)   --->   "%add_ln840_184 = add i3 %zext_ln840_165, i3 %zext_ln840_164"   --->   Operation 1294 'add' 'add_ln840_184' <Predicate = (!icmp_ln249)> <Delay = 0.54> <CoreInst = "Adder">   --->   Core 1 'Adder' <Latency = 0> <II = 1> <Delay = 0.54> <FuncUnit> <Opcode : 'add' 'sub'> <InPorts = 2> <OutPorts = 1>
ST_1 : Operation 1295 [1/1] (0.00ns)   --->   "%zext_ln840_166 = zext i3 %add_ln840_184"   --->   Operation 1295 'zext' 'zext_ln840_166' <Predicate = (!icmp_ln249)> <Delay = 0.00>
ST_1 : Operation 1296 [1/1] (1.05ns) (root node of TernaryAdder)   --->   "%add_ln840_185 = add i8 %zext_ln840_166, i8 %add_ln840_181"   --->   Operation 1296 'add' 'add_ln840_185' <Predicate = (!icmp_ln249)> <Delay = 1.05> <CoreInst = "TAddSub">   --->   Core 10 'TAddSub' <Latency = 0> <II = 1> <Delay = 0.52> <IPBlock> <Opcode : 'add' 'sub'> <InPorts = 3> <OutPorts = 1> <Sync> <CReg>
ST_1 : Operation 1297 [1/1] (0.54ns) (out node of the LUT)   --->   "%add_ln840_186 = add i2 %zext_ln1019_169, i2 %zext_ln1019_168"   --->   Operation 1297 'add' 'add_ln840_186' <Predicate = (!icmp_ln249)> <Delay = 0.54> <CoreInst = "Adder">   --->   Core 1 'Adder' <Latency = 0> <II = 1> <Delay = 0.54> <FuncUnit> <Opcode : 'add' 'sub'> <InPorts = 2> <OutPorts = 1>
ST_1 : Operation 1298 [1/1] (0.00ns)   --->   "%zext_ln840_167 = zext i2 %add_ln840_186"   --->   Operation 1298 'zext' 'zext_ln840_167' <Predicate = (!icmp_ln249)> <Delay = 0.00>
ST_1 : Operation 1299 [1/1] (0.54ns) (out node of the LUT)   --->   "%add_ln840_187 = add i2 %zext_ln1019_159, i2 %zext_ln1019_161"   --->   Operation 1299 'add' 'add_ln840_187' <Predicate = (!icmp_ln249)> <Delay = 0.54> <CoreInst = "Adder">   --->   Core 1 'Adder' <Latency = 0> <II = 1> <Delay = 0.54> <FuncUnit> <Opcode : 'add' 'sub'> <InPorts = 2> <OutPorts = 1>
ST_1 : Operation 1300 [1/1] (0.00ns)   --->   "%zext_ln840_168 = zext i2 %add_ln840_187"   --->   Operation 1300 'zext' 'zext_ln840_168' <Predicate = (!icmp_ln249)> <Delay = 0.00>
ST_1 : Operation 1301 [1/1] (0.54ns)   --->   "%add_ln840_188 = add i3 %zext_ln840_168, i3 %zext_ln840_167"   --->   Operation 1301 'add' 'add_ln840_188' <Predicate = (!icmp_ln249)> <Delay = 0.54> <CoreInst = "Adder">   --->   Core 1 'Adder' <Latency = 0> <II = 1> <Delay = 0.54> <FuncUnit> <Opcode : 'add' 'sub'> <InPorts = 2> <OutPorts = 1>
ST_1 : Operation 1302 [1/1] (0.00ns)   --->   "%zext_ln840_169 = zext i3 %add_ln840_188"   --->   Operation 1302 'zext' 'zext_ln840_169' <Predicate = (!icmp_ln249)> <Delay = 0.00>
ST_1 : Operation 1303 [1/1] (0.54ns) (out node of the LUT)   --->   "%add_ln840_189 = add i2 %zext_ln1019_160, i2 %zext_ln1019_163"   --->   Operation 1303 'add' 'add_ln840_189' <Predicate = (!icmp_ln249)> <Delay = 0.54> <CoreInst = "Adder">   --->   Core 1 'Adder' <Latency = 0> <II = 1> <Delay = 0.54> <FuncUnit> <Opcode : 'add' 'sub'> <InPorts = 2> <OutPorts = 1>
ST_1 : Operation 1304 [1/1] (0.00ns)   --->   "%zext_ln840_170 = zext i2 %add_ln840_189"   --->   Operation 1304 'zext' 'zext_ln840_170' <Predicate = (!icmp_ln249)> <Delay = 0.00>
ST_1 : Operation 1305 [1/1] (0.54ns) (out node of the LUT)   --->   "%add_ln840_190 = add i2 %zext_ln1019_162, i2 %zext_ln1019_165"   --->   Operation 1305 'add' 'add_ln840_190' <Predicate = (!icmp_ln249)> <Delay = 0.54> <CoreInst = "Adder">   --->   Core 1 'Adder' <Latency = 0> <II = 1> <Delay = 0.54> <FuncUnit> <Opcode : 'add' 'sub'> <InPorts = 2> <OutPorts = 1>
ST_1 : Operation 1306 [1/1] (0.00ns)   --->   "%zext_ln840_171 = zext i2 %add_ln840_190"   --->   Operation 1306 'zext' 'zext_ln840_171' <Predicate = (!icmp_ln249)> <Delay = 0.00>
ST_1 : Operation 1307 [1/1] (0.54ns)   --->   "%add_ln840_191 = add i3 %zext_ln840_171, i3 %zext_ln840_170"   --->   Operation 1307 'add' 'add_ln840_191' <Predicate = (!icmp_ln249)> <Delay = 0.54> <CoreInst = "Adder">   --->   Core 1 'Adder' <Latency = 0> <II = 1> <Delay = 0.54> <FuncUnit> <Opcode : 'add' 'sub'> <InPorts = 2> <OutPorts = 1>
ST_1 : Operation 1308 [1/1] (0.00ns)   --->   "%zext_ln840_172 = zext i3 %add_ln840_191"   --->   Operation 1308 'zext' 'zext_ln840_172' <Predicate = (!icmp_ln249)> <Delay = 0.00>
ST_1 : Operation 1309 [1/1] (0.67ns)   --->   "%add_ln840_192 = add i4 %zext_ln840_172, i4 %zext_ln840_169"   --->   Operation 1309 'add' 'add_ln840_192' <Predicate = (!icmp_ln249)> <Delay = 0.67> <CoreInst = "Adder">   --->   Core 1 'Adder' <Latency = 0> <II = 1> <Delay = 0.67> <FuncUnit> <Opcode : 'add' 'sub'> <InPorts = 2> <OutPorts = 1>
ST_1 : Operation 1310 [1/1] (0.00ns)   --->   "%zext_ln840_173 = zext i4 %add_ln840_192"   --->   Operation 1310 'zext' 'zext_ln840_173' <Predicate = (!icmp_ln249)> <Delay = 0.00>
ST_1 : Operation 1311 [1/1] (0.00ns) (grouped into TernaryAdder)   --->   "%add_ln840_193 = add i8 %zext_ln840_173, i8 %add_ln840_185"   --->   Operation 1311 'add' 'add_ln840_193' <Predicate = (!icmp_ln249)> <Delay = 0.00> <CoreInst = "TAddSub">   --->   Core 10 'TAddSub' <Latency = 0> <II = 1> <Delay = 0.52> <IPBlock> <Opcode : 'add' 'sub'> <InPorts = 3> <OutPorts = 1> <Sync> <CReg>
ST_1 : Operation 1312 [1/1] (0.54ns) (out node of the LUT)   --->   "%add_ln840_194 = add i2 %zext_ln1019_164, i2 %zext_ln1019_146"   --->   Operation 1312 'add' 'add_ln840_194' <Predicate = (!icmp_ln249)> <Delay = 0.54> <CoreInst = "Adder">   --->   Core 1 'Adder' <Latency = 0> <II = 1> <Delay = 0.54> <FuncUnit> <Opcode : 'add' 'sub'> <InPorts = 2> <OutPorts = 1>
ST_1 : Operation 1313 [1/1] (0.00ns)   --->   "%zext_ln840_174 = zext i2 %add_ln840_194"   --->   Operation 1313 'zext' 'zext_ln840_174' <Predicate = (!icmp_ln249)> <Delay = 0.00>
ST_1 : Operation 1314 [1/1] (0.54ns) (out node of the LUT)   --->   "%add_ln840_195 = add i2 %zext_ln1019_145, i2 %zext_ln1019_148"   --->   Operation 1314 'add' 'add_ln840_195' <Predicate = (!icmp_ln249)> <Delay = 0.54> <CoreInst = "Adder">   --->   Core 1 'Adder' <Latency = 0> <II = 1> <Delay = 0.54> <FuncUnit> <Opcode : 'add' 'sub'> <InPorts = 2> <OutPorts = 1>
ST_1 : Operation 1315 [1/1] (0.00ns)   --->   "%zext_ln840_175 = zext i2 %add_ln840_195"   --->   Operation 1315 'zext' 'zext_ln840_175' <Predicate = (!icmp_ln249)> <Delay = 0.00>
ST_1 : Operation 1316 [1/1] (0.54ns)   --->   "%add_ln840_196 = add i3 %zext_ln840_175, i3 %zext_ln840_174"   --->   Operation 1316 'add' 'add_ln840_196' <Predicate = (!icmp_ln249)> <Delay = 0.54> <CoreInst = "Adder">   --->   Core 1 'Adder' <Latency = 0> <II = 1> <Delay = 0.54> <FuncUnit> <Opcode : 'add' 'sub'> <InPorts = 2> <OutPorts = 1>
ST_1 : Operation 1317 [1/1] (0.00ns)   --->   "%zext_ln840_176 = zext i3 %add_ln840_196"   --->   Operation 1317 'zext' 'zext_ln840_176' <Predicate = (!icmp_ln249)> <Delay = 0.00>
ST_1 : Operation 1318 [1/1] (0.54ns) (out node of the LUT)   --->   "%add_ln840_197 = add i2 %zext_ln1019_147, i2 %zext_ln1019_150"   --->   Operation 1318 'add' 'add_ln840_197' <Predicate = (!icmp_ln249)> <Delay = 0.54> <CoreInst = "Adder">   --->   Core 1 'Adder' <Latency = 0> <II = 1> <Delay = 0.54> <FuncUnit> <Opcode : 'add' 'sub'> <InPorts = 2> <OutPorts = 1>
ST_1 : Operation 1319 [1/1] (0.00ns)   --->   "%zext_ln840_177 = zext i2 %add_ln840_197"   --->   Operation 1319 'zext' 'zext_ln840_177' <Predicate = (!icmp_ln249)> <Delay = 0.00>
ST_1 : Operation 1320 [1/1] (0.54ns) (out node of the LUT)   --->   "%add_ln840_198 = add i2 %zext_ln1019_149, i2 %zext_ln1019_152"   --->   Operation 1320 'add' 'add_ln840_198' <Predicate = (!icmp_ln249)> <Delay = 0.54> <CoreInst = "Adder">   --->   Core 1 'Adder' <Latency = 0> <II = 1> <Delay = 0.54> <FuncUnit> <Opcode : 'add' 'sub'> <InPorts = 2> <OutPorts = 1>
ST_1 : Operation 1321 [1/1] (0.00ns)   --->   "%zext_ln840_178 = zext i2 %add_ln840_198"   --->   Operation 1321 'zext' 'zext_ln840_178' <Predicate = (!icmp_ln249)> <Delay = 0.00>
ST_1 : Operation 1322 [1/1] (0.54ns)   --->   "%add_ln840_199 = add i3 %zext_ln840_178, i3 %zext_ln840_177"   --->   Operation 1322 'add' 'add_ln840_199' <Predicate = (!icmp_ln249)> <Delay = 0.54> <CoreInst = "Adder">   --->   Core 1 'Adder' <Latency = 0> <II = 1> <Delay = 0.54> <FuncUnit> <Opcode : 'add' 'sub'> <InPorts = 2> <OutPorts = 1>
ST_1 : Operation 1323 [1/1] (0.00ns)   --->   "%zext_ln840_179 = zext i3 %add_ln840_199"   --->   Operation 1323 'zext' 'zext_ln840_179' <Predicate = (!icmp_ln249)> <Delay = 0.00>
ST_1 : Operation 1324 [1/1] (0.67ns)   --->   "%add_ln840_200 = add i4 %zext_ln840_179, i4 %zext_ln840_176"   --->   Operation 1324 'add' 'add_ln840_200' <Predicate = (!icmp_ln249)> <Delay = 0.67> <CoreInst = "Adder">   --->   Core 1 'Adder' <Latency = 0> <II = 1> <Delay = 0.67> <FuncUnit> <Opcode : 'add' 'sub'> <InPorts = 2> <OutPorts = 1>
ST_1 : Operation 1325 [1/1] (0.00ns)   --->   "%zext_ln840_180 = zext i4 %add_ln840_200"   --->   Operation 1325 'zext' 'zext_ln840_180' <Predicate = (!icmp_ln249)> <Delay = 0.00>
ST_1 : Operation 1326 [1/1] (0.54ns) (out node of the LUT)   --->   "%add_ln840_201 = add i2 %zext_ln1019_151, i2 %zext_ln1019_154"   --->   Operation 1326 'add' 'add_ln840_201' <Predicate = (!icmp_ln249)> <Delay = 0.54> <CoreInst = "Adder">   --->   Core 1 'Adder' <Latency = 0> <II = 1> <Delay = 0.54> <FuncUnit> <Opcode : 'add' 'sub'> <InPorts = 2> <OutPorts = 1>
ST_1 : Operation 1327 [1/1] (0.00ns)   --->   "%zext_ln840_181 = zext i2 %add_ln840_201"   --->   Operation 1327 'zext' 'zext_ln840_181' <Predicate = (!icmp_ln249)> <Delay = 0.00>
ST_1 : Operation 1328 [1/1] (0.54ns) (out node of the LUT)   --->   "%add_ln840_202 = add i2 %zext_ln1019_153, i2 %zext_ln1019_156"   --->   Operation 1328 'add' 'add_ln840_202' <Predicate = (!icmp_ln249)> <Delay = 0.54> <CoreInst = "Adder">   --->   Core 1 'Adder' <Latency = 0> <II = 1> <Delay = 0.54> <FuncUnit> <Opcode : 'add' 'sub'> <InPorts = 2> <OutPorts = 1>
ST_1 : Operation 1329 [1/1] (0.00ns)   --->   "%zext_ln840_182 = zext i2 %add_ln840_202"   --->   Operation 1329 'zext' 'zext_ln840_182' <Predicate = (!icmp_ln249)> <Delay = 0.00>
ST_1 : Operation 1330 [1/1] (0.54ns)   --->   "%add_ln840_203 = add i3 %zext_ln840_182, i3 %zext_ln840_181"   --->   Operation 1330 'add' 'add_ln840_203' <Predicate = (!icmp_ln249)> <Delay = 0.54> <CoreInst = "Adder">   --->   Core 1 'Adder' <Latency = 0> <II = 1> <Delay = 0.54> <FuncUnit> <Opcode : 'add' 'sub'> <InPorts = 2> <OutPorts = 1>
ST_1 : Operation 1331 [1/1] (0.00ns)   --->   "%zext_ln840_183 = zext i3 %add_ln840_203"   --->   Operation 1331 'zext' 'zext_ln840_183' <Predicate = (!icmp_ln249)> <Delay = 0.00>
ST_1 : Operation 1332 [1/1] (0.54ns) (out node of the LUT)   --->   "%add_ln840_204 = add i2 %zext_ln1019_155, i2 %zext_ln1019_158"   --->   Operation 1332 'add' 'add_ln840_204' <Predicate = (!icmp_ln249)> <Delay = 0.54> <CoreInst = "Adder">   --->   Core 1 'Adder' <Latency = 0> <II = 1> <Delay = 0.54> <FuncUnit> <Opcode : 'add' 'sub'> <InPorts = 2> <OutPorts = 1>
ST_1 : Operation 1333 [1/1] (0.00ns)   --->   "%zext_ln840_184 = zext i2 %add_ln840_204"   --->   Operation 1333 'zext' 'zext_ln840_184' <Predicate = (!icmp_ln249)> <Delay = 0.00>
ST_1 : Operation 1334 [1/1] (0.54ns) (out node of the LUT)   --->   "%add_ln840_205 = add i2 %zext_ln1019_157, i2 %zext_ln840_162"   --->   Operation 1334 'add' 'add_ln840_205' <Predicate = (!icmp_ln249)> <Delay = 0.54> <CoreInst = "Adder">   --->   Core 1 'Adder' <Latency = 0> <II = 1> <Delay = 0.54> <FuncUnit> <Opcode : 'add' 'sub'> <InPorts = 2> <OutPorts = 1>
ST_1 : Operation 1335 [1/1] (0.00ns)   --->   "%zext_ln840_185 = zext i2 %add_ln840_205"   --->   Operation 1335 'zext' 'zext_ln840_185' <Predicate = (!icmp_ln249)> <Delay = 0.00>
ST_1 : Operation 1336 [1/1] (0.54ns)   --->   "%add_ln840_206 = add i3 %zext_ln840_185, i3 %zext_ln840_184"   --->   Operation 1336 'add' 'add_ln840_206' <Predicate = (!icmp_ln249)> <Delay = 0.54> <CoreInst = "Adder">   --->   Core 1 'Adder' <Latency = 0> <II = 1> <Delay = 0.54> <FuncUnit> <Opcode : 'add' 'sub'> <InPorts = 2> <OutPorts = 1>
ST_1 : Operation 1337 [1/1] (0.00ns)   --->   "%zext_ln840_186 = zext i3 %add_ln840_206"   --->   Operation 1337 'zext' 'zext_ln840_186' <Predicate = (!icmp_ln249)> <Delay = 0.00>
ST_1 : Operation 1338 [1/1] (0.67ns)   --->   "%add_ln840_207 = add i4 %zext_ln840_186, i4 %zext_ln840_183"   --->   Operation 1338 'add' 'add_ln840_207' <Predicate = (!icmp_ln249)> <Delay = 0.67> <CoreInst = "Adder">   --->   Core 1 'Adder' <Latency = 0> <II = 1> <Delay = 0.67> <FuncUnit> <Opcode : 'add' 'sub'> <InPorts = 2> <OutPorts = 1>
ST_1 : Operation 1339 [1/1] (0.00ns)   --->   "%zext_ln840_187 = zext i4 %add_ln840_207"   --->   Operation 1339 'zext' 'zext_ln840_187' <Predicate = (!icmp_ln249)> <Delay = 0.00>
ST_1 : Operation 1340 [1/1] (0.79ns)   --->   "%add_ln840_208 = add i5 %zext_ln840_187, i5 %zext_ln840_180"   --->   Operation 1340 'add' 'add_ln840_208' <Predicate = (!icmp_ln249)> <Delay = 0.79> <CoreInst = "Adder">   --->   Core 1 'Adder' <Latency = 0> <II = 1> <Delay = 0.79> <FuncUnit> <Opcode : 'add' 'sub'> <InPorts = 2> <OutPorts = 1>
ST_1 : Operation 1341 [1/1] (0.00ns)   --->   "%zext_ln840_188 = zext i5 %add_ln840_208"   --->   Operation 1341 'zext' 'zext_ln840_188' <Predicate = (!icmp_ln249)> <Delay = 0.00>
ST_1 : Operation 1342 [1/1] (1.05ns) (root node of TernaryAdder)   --->   "%add_ln840_209 = add i8 %zext_ln840_188, i8 %add_ln840_193"   --->   Operation 1342 'add' 'add_ln840_209' <Predicate = (!icmp_ln249)> <Delay = 1.05> <CoreInst = "TAddSub">   --->   Core 10 'TAddSub' <Latency = 0> <II = 1> <Delay = 0.52> <IPBlock> <Opcode : 'add' 'sub'> <InPorts = 3> <OutPorts = 1> <Sync> <CReg>
ST_1 : Operation 1343 [1/1] (0.00ns) (grouped into LUT with out node add_ln840_225)   --->   "%local_temp_V_210 = bitselect i1 @_ssdm_op_BitSelect.i1.i240.i32, i240 %W_packed_V, i32 210"   --->   Operation 1343 'bitselect' 'local_temp_V_210' <Predicate = (!icmp_ln249)> <Delay = 0.00>
ST_1 : Operation 1344 [1/1] (0.00ns) (grouped into LUT with out node add_ln840_224)   --->   "%local_temp_V_211 = bitselect i1 @_ssdm_op_BitSelect.i1.i240.i32, i240 %W_packed_V, i32 211"   --->   Operation 1344 'bitselect' 'local_temp_V_211' <Predicate = (!icmp_ln249)> <Delay = 0.00>
ST_1 : Operation 1345 [1/1] (0.00ns) (grouped into LUT with out node add_ln840_227)   --->   "%local_temp_V_212 = bitselect i1 @_ssdm_op_BitSelect.i1.i240.i32, i240 %W_packed_V, i32 212"   --->   Operation 1345 'bitselect' 'local_temp_V_212' <Predicate = (!icmp_ln249)> <Delay = 0.00>
ST_1 : Operation 1346 [1/1] (0.00ns) (grouped into LUT with out node add_ln840_225)   --->   "%local_temp_V_213 = bitselect i1 @_ssdm_op_BitSelect.i1.i240.i32, i240 %W_packed_V, i32 213"   --->   Operation 1346 'bitselect' 'local_temp_V_213' <Predicate = (!icmp_ln249)> <Delay = 0.00>
ST_1 : Operation 1347 [1/1] (0.00ns) (grouped into LUT with out node add_ln840_228)   --->   "%local_temp_V_214 = bitselect i1 @_ssdm_op_BitSelect.i1.i240.i32, i240 %W_packed_V, i32 214"   --->   Operation 1347 'bitselect' 'local_temp_V_214' <Predicate = (!icmp_ln249)> <Delay = 0.00>
ST_1 : Operation 1348 [1/1] (0.00ns) (grouped into LUT with out node add_ln840_227)   --->   "%local_temp_V_215 = bitselect i1 @_ssdm_op_BitSelect.i1.i240.i32, i240 %W_packed_V, i32 215"   --->   Operation 1348 'bitselect' 'local_temp_V_215' <Predicate = (!icmp_ln249)> <Delay = 0.00>
ST_1 : Operation 1349 [1/1] (0.00ns) (grouped into LUT with out node add_ln840_231)   --->   "%local_temp_V_216 = bitselect i1 @_ssdm_op_BitSelect.i1.i240.i32, i240 %W_packed_V, i32 216"   --->   Operation 1349 'bitselect' 'local_temp_V_216' <Predicate = (!icmp_ln249)> <Delay = 0.00>
ST_1 : Operation 1350 [1/1] (0.00ns) (grouped into LUT with out node add_ln840_228)   --->   "%local_temp_V_217 = bitselect i1 @_ssdm_op_BitSelect.i1.i240.i32, i240 %W_packed_V, i32 217"   --->   Operation 1350 'bitselect' 'local_temp_V_217' <Predicate = (!icmp_ln249)> <Delay = 0.00>
ST_1 : Operation 1351 [1/1] (0.00ns) (grouped into LUT with out node add_ln840_232)   --->   "%local_temp_V_218 = bitselect i1 @_ssdm_op_BitSelect.i1.i240.i32, i240 %W_packed_V, i32 218"   --->   Operation 1351 'bitselect' 'local_temp_V_218' <Predicate = (!icmp_ln249)> <Delay = 0.00>
ST_1 : Operation 1352 [1/1] (0.00ns) (grouped into LUT with out node add_ln840_231)   --->   "%local_temp_V_219 = bitselect i1 @_ssdm_op_BitSelect.i1.i240.i32, i240 %W_packed_V, i32 219"   --->   Operation 1352 'bitselect' 'local_temp_V_219' <Predicate = (!icmp_ln249)> <Delay = 0.00>
ST_1 : Operation 1353 [1/1] (0.00ns) (grouped into LUT with out node add_ln840_234)   --->   "%local_temp_V_220 = bitselect i1 @_ssdm_op_BitSelect.i1.i240.i32, i240 %W_packed_V, i32 220"   --->   Operation 1353 'bitselect' 'local_temp_V_220' <Predicate = (!icmp_ln249)> <Delay = 0.00>
ST_1 : Operation 1354 [1/1] (0.00ns) (grouped into LUT with out node add_ln840_232)   --->   "%local_temp_V_221 = bitselect i1 @_ssdm_op_BitSelect.i1.i240.i32, i240 %W_packed_V, i32 221"   --->   Operation 1354 'bitselect' 'local_temp_V_221' <Predicate = (!icmp_ln249)> <Delay = 0.00>
ST_1 : Operation 1355 [1/1] (0.00ns) (grouped into LUT with out node add_ln840_235)   --->   "%local_temp_V_222 = bitselect i1 @_ssdm_op_BitSelect.i1.i240.i32, i240 %W_packed_V, i32 222"   --->   Operation 1355 'bitselect' 'local_temp_V_222' <Predicate = (!icmp_ln249)> <Delay = 0.00>
ST_1 : Operation 1356 [1/1] (0.00ns) (grouped into LUT with out node add_ln840_234)   --->   "%local_temp_V_223 = bitselect i1 @_ssdm_op_BitSelect.i1.i240.i32, i240 %W_packed_V, i32 223"   --->   Operation 1356 'bitselect' 'local_temp_V_223' <Predicate = (!icmp_ln249)> <Delay = 0.00>
ST_1 : Operation 1357 [1/1] (0.00ns) (grouped into LUT with out node add_ln840_217)   --->   "%local_temp_V_224 = bitselect i1 @_ssdm_op_BitSelect.i1.i240.i32, i240 %W_packed_V, i32 224"   --->   Operation 1357 'bitselect' 'local_temp_V_224' <Predicate = (!icmp_ln249)> <Delay = 0.00>
ST_1 : Operation 1358 [1/1] (0.00ns) (grouped into LUT with out node add_ln840_219)   --->   "%local_temp_V_225 = bitselect i1 @_ssdm_op_BitSelect.i1.i240.i32, i240 %W_packed_V, i32 225"   --->   Operation 1358 'bitselect' 'local_temp_V_225' <Predicate = (!icmp_ln249)> <Delay = 0.00>
ST_1 : Operation 1359 [1/1] (0.00ns) (grouped into LUT with out node add_ln840_217)   --->   "%local_temp_V_226 = bitselect i1 @_ssdm_op_BitSelect.i1.i240.i32, i240 %W_packed_V, i32 226"   --->   Operation 1359 'bitselect' 'local_temp_V_226' <Predicate = (!icmp_ln249)> <Delay = 0.00>
ST_1 : Operation 1360 [1/1] (0.00ns) (grouped into LUT with out node add_ln840_220)   --->   "%local_temp_V_227 = bitselect i1 @_ssdm_op_BitSelect.i1.i240.i32, i240 %W_packed_V, i32 227"   --->   Operation 1360 'bitselect' 'local_temp_V_227' <Predicate = (!icmp_ln249)> <Delay = 0.00>
ST_1 : Operation 1361 [1/1] (0.00ns) (grouped into LUT with out node add_ln840_219)   --->   "%local_temp_V_228 = bitselect i1 @_ssdm_op_BitSelect.i1.i240.i32, i240 %W_packed_V, i32 228"   --->   Operation 1361 'bitselect' 'local_temp_V_228' <Predicate = (!icmp_ln249)> <Delay = 0.00>
ST_1 : Operation 1362 [1/1] (0.00ns) (grouped into LUT with out node add_ln840_224)   --->   "%local_temp_V_229 = bitselect i1 @_ssdm_op_BitSelect.i1.i240.i32, i240 %W_packed_V, i32 229"   --->   Operation 1362 'bitselect' 'local_temp_V_229' <Predicate = (!icmp_ln249)> <Delay = 0.00>
ST_1 : Operation 1363 [1/1] (0.00ns) (grouped into LUT with out node add_ln840_220)   --->   "%local_temp_V_230 = bitselect i1 @_ssdm_op_BitSelect.i1.i240.i32, i240 %W_packed_V, i32 230"   --->   Operation 1363 'bitselect' 'local_temp_V_230' <Predicate = (!icmp_ln249)> <Delay = 0.00>
ST_1 : Operation 1364 [1/1] (0.00ns) (grouped into LUT with out node add_ln840_213)   --->   "%local_temp_V_231 = bitselect i1 @_ssdm_op_BitSelect.i1.i240.i32, i240 %W_packed_V, i32 231"   --->   Operation 1364 'bitselect' 'local_temp_V_231' <Predicate = (!icmp_ln249)> <Delay = 0.00>
ST_1 : Operation 1365 [1/1] (0.00ns) (grouped into LUT with out node add_ln840_213)   --->   "%local_temp_V_232 = bitselect i1 @_ssdm_op_BitSelect.i1.i240.i32, i240 %W_packed_V, i32 232"   --->   Operation 1365 'bitselect' 'local_temp_V_232' <Predicate = (!icmp_ln249)> <Delay = 0.00>
ST_1 : Operation 1366 [1/1] (0.00ns) (grouped into LUT with out node add_ln840_216)   --->   "%local_temp_V_233 = bitselect i1 @_ssdm_op_BitSelect.i1.i240.i32, i240 %W_packed_V, i32 233"   --->   Operation 1366 'bitselect' 'local_temp_V_233' <Predicate = (!icmp_ln249)> <Delay = 0.00>
ST_1 : Operation 1367 [1/1] (0.00ns) (grouped into LUT with out node add_ln840_216)   --->   "%local_temp_V_234 = bitselect i1 @_ssdm_op_BitSelect.i1.i240.i32, i240 %W_packed_V, i32 234"   --->   Operation 1367 'bitselect' 'local_temp_V_234' <Predicate = (!icmp_ln249)> <Delay = 0.00>
ST_1 : Operation 1368 [1/1] (0.00ns) (grouped into LUT with out node add_ln840_212)   --->   "%local_temp_V_235 = bitselect i1 @_ssdm_op_BitSelect.i1.i240.i32, i240 %W_packed_V, i32 235"   --->   Operation 1368 'bitselect' 'local_temp_V_235' <Predicate = (!icmp_ln249)> <Delay = 0.00>
ST_1 : Operation 1369 [1/1] (0.00ns) (grouped into LUT with out node add_ln840_212)   --->   "%local_temp_V_236 = bitselect i1 @_ssdm_op_BitSelect.i1.i240.i32, i240 %W_packed_V, i32 236"   --->   Operation 1369 'bitselect' 'local_temp_V_236' <Predicate = (!icmp_ln249)> <Delay = 0.00>
ST_1 : Operation 1370 [1/1] (0.00ns) (grouped into LUT with out node add_ln840_210)   --->   "%local_temp_V_237 = bitselect i1 @_ssdm_op_BitSelect.i1.i240.i32, i240 %W_packed_V, i32 237"   --->   Operation 1370 'bitselect' 'local_temp_V_237' <Predicate = (!icmp_ln249)> <Delay = 0.00>
ST_1 : Operation 1371 [1/1] (0.00ns) (grouped into LUT with out node add_ln840_210)   --->   "%local_temp_V_238 = bitselect i1 @_ssdm_op_BitSelect.i1.i240.i32, i240 %W_packed_V, i32 238"   --->   Operation 1371 'bitselect' 'local_temp_V_238' <Predicate = (!icmp_ln249)> <Delay = 0.00>
ST_1 : Operation 1372 [1/1] (0.00ns) (grouped into LUT with out node add_ln840_235)   --->   "%local_temp_V_239 = bitselect i1 @_ssdm_op_BitSelect.i1.i240.i32, i240 %W_packed_V, i32 239"   --->   Operation 1372 'bitselect' 'local_temp_V_239' <Predicate = (!icmp_ln249)> <Delay = 0.00>
ST_1 : Operation 1373 [1/1] (0.00ns) (grouped into LUT with out node add_ln840_225)   --->   "%xor_ln1019_420 = xor i1 1, i1 %local_temp_V_210"   --->   Operation 1373 'xor' 'xor_ln1019_420' <Predicate = (!icmp_ln249)> <Delay = 0.00> <CoreInst = "LogicGate">   --->   Core 74 'LogicGate' <Latency = 0> <II = 1> <Delay = 0.28> <FuncUnit> <Opcode : 'and' 'or' 'xor'> <InPorts = 2> <OutPorts = 1>
ST_1 : Operation 1374 [1/1] (0.00ns) (grouped into LUT with out node add_ln840_225)   --->   "%xor_ln1019_421 = xor i1 %xor_ln1019_420, i1 %p_Result_s"   --->   Operation 1374 'xor' 'xor_ln1019_421' <Predicate = (!icmp_ln249)> <Delay = 0.00> <CoreInst = "LogicGate">   --->   Core 74 'LogicGate' <Latency = 0> <II = 1> <Delay = 0.28> <FuncUnit> <Opcode : 'and' 'or' 'xor'> <InPorts = 2> <OutPorts = 1>
ST_1 : Operation 1375 [1/1] (0.00ns) (grouped into LUT with out node add_ln840_225)   --->   "%zext_ln1019_174 = zext i1 %xor_ln1019_421"   --->   Operation 1375 'zext' 'zext_ln1019_174' <Predicate = (!icmp_ln249)> <Delay = 0.00>
ST_1 : Operation 1376 [1/1] (0.00ns) (grouped into LUT with out node add_ln840_224)   --->   "%xor_ln1019_422 = xor i1 %p_Result_1, i1 %local_temp_V_211"   --->   Operation 1376 'xor' 'xor_ln1019_422' <Predicate = (!icmp_ln249)> <Delay = 0.00> <CoreInst = "LogicGate">   --->   Core 74 'LogicGate' <Latency = 0> <II = 1> <Delay = 0.28> <FuncUnit> <Opcode : 'and' 'or' 'xor'> <InPorts = 2> <OutPorts = 1>
ST_1 : Operation 1377 [1/1] (0.00ns) (grouped into LUT with out node add_ln840_224)   --->   "%xor_ln1019_423 = xor i1 %xor_ln1019_422, i1 1"   --->   Operation 1377 'xor' 'xor_ln1019_423' <Predicate = (!icmp_ln249)> <Delay = 0.00> <CoreInst = "LogicGate">   --->   Core 74 'LogicGate' <Latency = 0> <II = 1> <Delay = 0.28> <FuncUnit> <Opcode : 'and' 'or' 'xor'> <InPorts = 2> <OutPorts = 1>
ST_1 : Operation 1378 [1/1] (0.00ns) (grouped into LUT with out node add_ln840_224)   --->   "%zext_ln1019_175 = zext i1 %xor_ln1019_423"   --->   Operation 1378 'zext' 'zext_ln1019_175' <Predicate = (!icmp_ln249)> <Delay = 0.00>
ST_1 : Operation 1379 [1/1] (0.00ns) (grouped into LUT with out node add_ln840_227)   --->   "%xor_ln1019_424 = xor i1 %p_Result_2, i1 %local_temp_V_212"   --->   Operation 1379 'xor' 'xor_ln1019_424' <Predicate = (!icmp_ln249)> <Delay = 0.00> <CoreInst = "LogicGate">   --->   Core 74 'LogicGate' <Latency = 0> <II = 1> <Delay = 0.28> <FuncUnit> <Opcode : 'and' 'or' 'xor'> <InPorts = 2> <OutPorts = 1>
ST_1 : Operation 1380 [1/1] (0.00ns) (grouped into LUT with out node add_ln840_227)   --->   "%xor_ln1019_425 = xor i1 %xor_ln1019_424, i1 1"   --->   Operation 1380 'xor' 'xor_ln1019_425' <Predicate = (!icmp_ln249)> <Delay = 0.00> <CoreInst = "LogicGate">   --->   Core 74 'LogicGate' <Latency = 0> <II = 1> <Delay = 0.28> <FuncUnit> <Opcode : 'and' 'or' 'xor'> <InPorts = 2> <OutPorts = 1>
ST_1 : Operation 1381 [1/1] (0.00ns) (grouped into LUT with out node add_ln840_227)   --->   "%zext_ln1019_176 = zext i1 %xor_ln1019_425"   --->   Operation 1381 'zext' 'zext_ln1019_176' <Predicate = (!icmp_ln249)> <Delay = 0.00>
ST_1 : Operation 1382 [1/1] (0.00ns) (grouped into LUT with out node add_ln840_225)   --->   "%xor_ln1019_426 = xor i1 %p_Result_3, i1 %local_temp_V_213"   --->   Operation 1382 'xor' 'xor_ln1019_426' <Predicate = (!icmp_ln249)> <Delay = 0.00> <CoreInst = "LogicGate">   --->   Core 74 'LogicGate' <Latency = 0> <II = 1> <Delay = 0.28> <FuncUnit> <Opcode : 'and' 'or' 'xor'> <InPorts = 2> <OutPorts = 1>
ST_1 : Operation 1383 [1/1] (0.00ns) (grouped into LUT with out node add_ln840_225)   --->   "%xor_ln1019_427 = xor i1 %xor_ln1019_426, i1 1"   --->   Operation 1383 'xor' 'xor_ln1019_427' <Predicate = (!icmp_ln249)> <Delay = 0.00> <CoreInst = "LogicGate">   --->   Core 74 'LogicGate' <Latency = 0> <II = 1> <Delay = 0.28> <FuncUnit> <Opcode : 'and' 'or' 'xor'> <InPorts = 2> <OutPorts = 1>
ST_1 : Operation 1384 [1/1] (0.00ns) (grouped into LUT with out node add_ln840_225)   --->   "%zext_ln1019_177 = zext i1 %xor_ln1019_427"   --->   Operation 1384 'zext' 'zext_ln1019_177' <Predicate = (!icmp_ln249)> <Delay = 0.00>
ST_1 : Operation 1385 [1/1] (0.00ns) (grouped into LUT with out node add_ln840_228)   --->   "%xor_ln1019_428 = xor i1 %p_Result_4, i1 %local_temp_V_214"   --->   Operation 1385 'xor' 'xor_ln1019_428' <Predicate = (!icmp_ln249)> <Delay = 0.00> <CoreInst = "LogicGate">   --->   Core 74 'LogicGate' <Latency = 0> <II = 1> <Delay = 0.28> <FuncUnit> <Opcode : 'and' 'or' 'xor'> <InPorts = 2> <OutPorts = 1>
ST_1 : Operation 1386 [1/1] (0.00ns) (grouped into LUT with out node add_ln840_228)   --->   "%xor_ln1019_429 = xor i1 %xor_ln1019_428, i1 1"   --->   Operation 1386 'xor' 'xor_ln1019_429' <Predicate = (!icmp_ln249)> <Delay = 0.00> <CoreInst = "LogicGate">   --->   Core 74 'LogicGate' <Latency = 0> <II = 1> <Delay = 0.28> <FuncUnit> <Opcode : 'and' 'or' 'xor'> <InPorts = 2> <OutPorts = 1>
ST_1 : Operation 1387 [1/1] (0.00ns) (grouped into LUT with out node add_ln840_228)   --->   "%zext_ln1019_178 = zext i1 %xor_ln1019_429"   --->   Operation 1387 'zext' 'zext_ln1019_178' <Predicate = (!icmp_ln249)> <Delay = 0.00>
ST_1 : Operation 1388 [1/1] (0.00ns) (grouped into LUT with out node add_ln840_227)   --->   "%xor_ln1019_430 = xor i1 %p_Result_5, i1 %local_temp_V_215"   --->   Operation 1388 'xor' 'xor_ln1019_430' <Predicate = (!icmp_ln249)> <Delay = 0.00> <CoreInst = "LogicGate">   --->   Core 74 'LogicGate' <Latency = 0> <II = 1> <Delay = 0.28> <FuncUnit> <Opcode : 'and' 'or' 'xor'> <InPorts = 2> <OutPorts = 1>
ST_1 : Operation 1389 [1/1] (0.00ns) (grouped into LUT with out node add_ln840_227)   --->   "%xor_ln1019_431 = xor i1 %xor_ln1019_430, i1 1"   --->   Operation 1389 'xor' 'xor_ln1019_431' <Predicate = (!icmp_ln249)> <Delay = 0.00> <CoreInst = "LogicGate">   --->   Core 74 'LogicGate' <Latency = 0> <II = 1> <Delay = 0.28> <FuncUnit> <Opcode : 'and' 'or' 'xor'> <InPorts = 2> <OutPorts = 1>
ST_1 : Operation 1390 [1/1] (0.00ns) (grouped into LUT with out node add_ln840_227)   --->   "%zext_ln1019_179 = zext i1 %xor_ln1019_431"   --->   Operation 1390 'zext' 'zext_ln1019_179' <Predicate = (!icmp_ln249)> <Delay = 0.00>
ST_1 : Operation 1391 [1/1] (0.00ns) (grouped into LUT with out node add_ln840_231)   --->   "%xor_ln1019_432 = xor i1 %p_Result_6, i1 %local_temp_V_216"   --->   Operation 1391 'xor' 'xor_ln1019_432' <Predicate = (!icmp_ln249)> <Delay = 0.00> <CoreInst = "LogicGate">   --->   Core 74 'LogicGate' <Latency = 0> <II = 1> <Delay = 0.28> <FuncUnit> <Opcode : 'and' 'or' 'xor'> <InPorts = 2> <OutPorts = 1>
ST_1 : Operation 1392 [1/1] (0.00ns) (grouped into LUT with out node add_ln840_231)   --->   "%xor_ln1019_433 = xor i1 %xor_ln1019_432, i1 1"   --->   Operation 1392 'xor' 'xor_ln1019_433' <Predicate = (!icmp_ln249)> <Delay = 0.00> <CoreInst = "LogicGate">   --->   Core 74 'LogicGate' <Latency = 0> <II = 1> <Delay = 0.28> <FuncUnit> <Opcode : 'and' 'or' 'xor'> <InPorts = 2> <OutPorts = 1>
ST_1 : Operation 1393 [1/1] (0.00ns) (grouped into LUT with out node add_ln840_231)   --->   "%zext_ln1019_180 = zext i1 %xor_ln1019_433"   --->   Operation 1393 'zext' 'zext_ln1019_180' <Predicate = (!icmp_ln249)> <Delay = 0.00>
ST_1 : Operation 1394 [1/1] (0.00ns) (grouped into LUT with out node add_ln840_228)   --->   "%xor_ln1019_434 = xor i1 %p_Result_7, i1 %local_temp_V_217"   --->   Operation 1394 'xor' 'xor_ln1019_434' <Predicate = (!icmp_ln249)> <Delay = 0.00> <CoreInst = "LogicGate">   --->   Core 74 'LogicGate' <Latency = 0> <II = 1> <Delay = 0.28> <FuncUnit> <Opcode : 'and' 'or' 'xor'> <InPorts = 2> <OutPorts = 1>
ST_1 : Operation 1395 [1/1] (0.00ns) (grouped into LUT with out node add_ln840_228)   --->   "%xor_ln1019_435 = xor i1 %xor_ln1019_434, i1 1"   --->   Operation 1395 'xor' 'xor_ln1019_435' <Predicate = (!icmp_ln249)> <Delay = 0.00> <CoreInst = "LogicGate">   --->   Core 74 'LogicGate' <Latency = 0> <II = 1> <Delay = 0.28> <FuncUnit> <Opcode : 'and' 'or' 'xor'> <InPorts = 2> <OutPorts = 1>
ST_1 : Operation 1396 [1/1] (0.00ns) (grouped into LUT with out node add_ln840_228)   --->   "%zext_ln1019_181 = zext i1 %xor_ln1019_435"   --->   Operation 1396 'zext' 'zext_ln1019_181' <Predicate = (!icmp_ln249)> <Delay = 0.00>
ST_1 : Operation 1397 [1/1] (0.00ns) (grouped into LUT with out node add_ln840_232)   --->   "%xor_ln1019_436 = xor i1 %p_Result_8, i1 %local_temp_V_218"   --->   Operation 1397 'xor' 'xor_ln1019_436' <Predicate = (!icmp_ln249)> <Delay = 0.00> <CoreInst = "LogicGate">   --->   Core 74 'LogicGate' <Latency = 0> <II = 1> <Delay = 0.28> <FuncUnit> <Opcode : 'and' 'or' 'xor'> <InPorts = 2> <OutPorts = 1>
ST_1 : Operation 1398 [1/1] (0.00ns) (grouped into LUT with out node add_ln840_232)   --->   "%xor_ln1019_437 = xor i1 %xor_ln1019_436, i1 1"   --->   Operation 1398 'xor' 'xor_ln1019_437' <Predicate = (!icmp_ln249)> <Delay = 0.00> <CoreInst = "LogicGate">   --->   Core 74 'LogicGate' <Latency = 0> <II = 1> <Delay = 0.28> <FuncUnit> <Opcode : 'and' 'or' 'xor'> <InPorts = 2> <OutPorts = 1>
ST_1 : Operation 1399 [1/1] (0.00ns) (grouped into LUT with out node add_ln840_232)   --->   "%zext_ln1019_182 = zext i1 %xor_ln1019_437"   --->   Operation 1399 'zext' 'zext_ln1019_182' <Predicate = (!icmp_ln249)> <Delay = 0.00>
ST_1 : Operation 1400 [1/1] (0.00ns) (grouped into LUT with out node add_ln840_231)   --->   "%xor_ln1019_438 = xor i1 %p_Result_9, i1 %local_temp_V_219"   --->   Operation 1400 'xor' 'xor_ln1019_438' <Predicate = (!icmp_ln249)> <Delay = 0.00> <CoreInst = "LogicGate">   --->   Core 74 'LogicGate' <Latency = 0> <II = 1> <Delay = 0.28> <FuncUnit> <Opcode : 'and' 'or' 'xor'> <InPorts = 2> <OutPorts = 1>
ST_1 : Operation 1401 [1/1] (0.00ns) (grouped into LUT with out node add_ln840_231)   --->   "%xor_ln1019_439 = xor i1 %xor_ln1019_438, i1 1"   --->   Operation 1401 'xor' 'xor_ln1019_439' <Predicate = (!icmp_ln249)> <Delay = 0.00> <CoreInst = "LogicGate">   --->   Core 74 'LogicGate' <Latency = 0> <II = 1> <Delay = 0.28> <FuncUnit> <Opcode : 'and' 'or' 'xor'> <InPorts = 2> <OutPorts = 1>
ST_1 : Operation 1402 [1/1] (0.00ns) (grouped into LUT with out node add_ln840_231)   --->   "%zext_ln1019_183 = zext i1 %xor_ln1019_439"   --->   Operation 1402 'zext' 'zext_ln1019_183' <Predicate = (!icmp_ln249)> <Delay = 0.00>
ST_1 : Operation 1403 [1/1] (0.00ns) (grouped into LUT with out node add_ln840_234)   --->   "%xor_ln1019_440 = xor i1 %p_Result_10, i1 %local_temp_V_220"   --->   Operation 1403 'xor' 'xor_ln1019_440' <Predicate = (!icmp_ln249)> <Delay = 0.00> <CoreInst = "LogicGate">   --->   Core 74 'LogicGate' <Latency = 0> <II = 1> <Delay = 0.28> <FuncUnit> <Opcode : 'and' 'or' 'xor'> <InPorts = 2> <OutPorts = 1>
ST_1 : Operation 1404 [1/1] (0.00ns) (grouped into LUT with out node add_ln840_234)   --->   "%xor_ln1019_441 = xor i1 %xor_ln1019_440, i1 1"   --->   Operation 1404 'xor' 'xor_ln1019_441' <Predicate = (!icmp_ln249)> <Delay = 0.00> <CoreInst = "LogicGate">   --->   Core 74 'LogicGate' <Latency = 0> <II = 1> <Delay = 0.28> <FuncUnit> <Opcode : 'and' 'or' 'xor'> <InPorts = 2> <OutPorts = 1>
ST_1 : Operation 1405 [1/1] (0.00ns) (grouped into LUT with out node add_ln840_234)   --->   "%zext_ln1019_184 = zext i1 %xor_ln1019_441"   --->   Operation 1405 'zext' 'zext_ln1019_184' <Predicate = (!icmp_ln249)> <Delay = 0.00>
ST_1 : Operation 1406 [1/1] (0.00ns) (grouped into LUT with out node add_ln840_232)   --->   "%xor_ln1019_442 = xor i1 %p_Result_11, i1 %local_temp_V_221"   --->   Operation 1406 'xor' 'xor_ln1019_442' <Predicate = (!icmp_ln249)> <Delay = 0.00> <CoreInst = "LogicGate">   --->   Core 74 'LogicGate' <Latency = 0> <II = 1> <Delay = 0.28> <FuncUnit> <Opcode : 'and' 'or' 'xor'> <InPorts = 2> <OutPorts = 1>
ST_1 : Operation 1407 [1/1] (0.00ns) (grouped into LUT with out node add_ln840_232)   --->   "%xor_ln1019_443 = xor i1 %xor_ln1019_442, i1 1"   --->   Operation 1407 'xor' 'xor_ln1019_443' <Predicate = (!icmp_ln249)> <Delay = 0.00> <CoreInst = "LogicGate">   --->   Core 74 'LogicGate' <Latency = 0> <II = 1> <Delay = 0.28> <FuncUnit> <Opcode : 'and' 'or' 'xor'> <InPorts = 2> <OutPorts = 1>
ST_1 : Operation 1408 [1/1] (0.00ns) (grouped into LUT with out node add_ln840_232)   --->   "%zext_ln1019_185 = zext i1 %xor_ln1019_443"   --->   Operation 1408 'zext' 'zext_ln1019_185' <Predicate = (!icmp_ln249)> <Delay = 0.00>
ST_1 : Operation 1409 [1/1] (0.00ns) (grouped into LUT with out node add_ln840_235)   --->   "%xor_ln1019_444 = xor i1 %p_Result_12, i1 %local_temp_V_222"   --->   Operation 1409 'xor' 'xor_ln1019_444' <Predicate = (!icmp_ln249)> <Delay = 0.00> <CoreInst = "LogicGate">   --->   Core 74 'LogicGate' <Latency = 0> <II = 1> <Delay = 0.28> <FuncUnit> <Opcode : 'and' 'or' 'xor'> <InPorts = 2> <OutPorts = 1>
ST_1 : Operation 1410 [1/1] (0.00ns) (grouped into LUT with out node add_ln840_235)   --->   "%xor_ln1019_445 = xor i1 %xor_ln1019_444, i1 1"   --->   Operation 1410 'xor' 'xor_ln1019_445' <Predicate = (!icmp_ln249)> <Delay = 0.00> <CoreInst = "LogicGate">   --->   Core 74 'LogicGate' <Latency = 0> <II = 1> <Delay = 0.28> <FuncUnit> <Opcode : 'and' 'or' 'xor'> <InPorts = 2> <OutPorts = 1>
ST_1 : Operation 1411 [1/1] (0.00ns) (grouped into LUT with out node add_ln840_235)   --->   "%zext_ln1019_186 = zext i1 %xor_ln1019_445"   --->   Operation 1411 'zext' 'zext_ln1019_186' <Predicate = (!icmp_ln249)> <Delay = 0.00>
ST_1 : Operation 1412 [1/1] (0.00ns) (grouped into LUT with out node add_ln840_234)   --->   "%xor_ln1019_446 = xor i1 %p_Result_13, i1 %local_temp_V_223"   --->   Operation 1412 'xor' 'xor_ln1019_446' <Predicate = (!icmp_ln249)> <Delay = 0.00> <CoreInst = "LogicGate">   --->   Core 74 'LogicGate' <Latency = 0> <II = 1> <Delay = 0.28> <FuncUnit> <Opcode : 'and' 'or' 'xor'> <InPorts = 2> <OutPorts = 1>
ST_1 : Operation 1413 [1/1] (0.00ns) (grouped into LUT with out node add_ln840_234)   --->   "%xor_ln1019_447 = xor i1 %xor_ln1019_446, i1 1"   --->   Operation 1413 'xor' 'xor_ln1019_447' <Predicate = (!icmp_ln249)> <Delay = 0.00> <CoreInst = "LogicGate">   --->   Core 74 'LogicGate' <Latency = 0> <II = 1> <Delay = 0.28> <FuncUnit> <Opcode : 'and' 'or' 'xor'> <InPorts = 2> <OutPorts = 1>
ST_1 : Operation 1414 [1/1] (0.00ns) (grouped into LUT with out node add_ln840_234)   --->   "%zext_ln1019_187 = zext i1 %xor_ln1019_447"   --->   Operation 1414 'zext' 'zext_ln1019_187' <Predicate = (!icmp_ln249)> <Delay = 0.00>
ST_1 : Operation 1415 [1/1] (0.00ns) (grouped into LUT with out node add_ln840_217)   --->   "%xor_ln1019_448 = xor i1 %p_Result_14, i1 %local_temp_V_224"   --->   Operation 1415 'xor' 'xor_ln1019_448' <Predicate = (!icmp_ln249)> <Delay = 0.00> <CoreInst = "LogicGate">   --->   Core 74 'LogicGate' <Latency = 0> <II = 1> <Delay = 0.28> <FuncUnit> <Opcode : 'and' 'or' 'xor'> <InPorts = 2> <OutPorts = 1>
ST_1 : Operation 1416 [1/1] (0.00ns) (grouped into LUT with out node add_ln840_217)   --->   "%xor_ln1019_449 = xor i1 %xor_ln1019_448, i1 1"   --->   Operation 1416 'xor' 'xor_ln1019_449' <Predicate = (!icmp_ln249)> <Delay = 0.00> <CoreInst = "LogicGate">   --->   Core 74 'LogicGate' <Latency = 0> <II = 1> <Delay = 0.28> <FuncUnit> <Opcode : 'and' 'or' 'xor'> <InPorts = 2> <OutPorts = 1>
ST_1 : Operation 1417 [1/1] (0.00ns) (grouped into LUT with out node add_ln840_217)   --->   "%zext_ln1019_188 = zext i1 %xor_ln1019_449"   --->   Operation 1417 'zext' 'zext_ln1019_188' <Predicate = (!icmp_ln249)> <Delay = 0.00>
ST_1 : Operation 1418 [1/1] (0.00ns) (grouped into LUT with out node add_ln840_219)   --->   "%xor_ln1019_450 = xor i1 %p_Result_15, i1 %local_temp_V_225"   --->   Operation 1418 'xor' 'xor_ln1019_450' <Predicate = (!icmp_ln249)> <Delay = 0.00> <CoreInst = "LogicGate">   --->   Core 74 'LogicGate' <Latency = 0> <II = 1> <Delay = 0.28> <FuncUnit> <Opcode : 'and' 'or' 'xor'> <InPorts = 2> <OutPorts = 1>
ST_1 : Operation 1419 [1/1] (0.00ns) (grouped into LUT with out node add_ln840_219)   --->   "%xor_ln1019_451 = xor i1 %xor_ln1019_450, i1 1"   --->   Operation 1419 'xor' 'xor_ln1019_451' <Predicate = (!icmp_ln249)> <Delay = 0.00> <CoreInst = "LogicGate">   --->   Core 74 'LogicGate' <Latency = 0> <II = 1> <Delay = 0.28> <FuncUnit> <Opcode : 'and' 'or' 'xor'> <InPorts = 2> <OutPorts = 1>
ST_1 : Operation 1420 [1/1] (0.00ns) (grouped into LUT with out node add_ln840_219)   --->   "%zext_ln1019_189 = zext i1 %xor_ln1019_451"   --->   Operation 1420 'zext' 'zext_ln1019_189' <Predicate = (!icmp_ln249)> <Delay = 0.00>
ST_1 : Operation 1421 [1/1] (0.00ns) (grouped into LUT with out node add_ln840_217)   --->   "%xor_ln1019_452 = xor i1 %p_Result_16, i1 %local_temp_V_226"   --->   Operation 1421 'xor' 'xor_ln1019_452' <Predicate = (!icmp_ln249)> <Delay = 0.00> <CoreInst = "LogicGate">   --->   Core 74 'LogicGate' <Latency = 0> <II = 1> <Delay = 0.28> <FuncUnit> <Opcode : 'and' 'or' 'xor'> <InPorts = 2> <OutPorts = 1>
ST_1 : Operation 1422 [1/1] (0.00ns) (grouped into LUT with out node add_ln840_217)   --->   "%xor_ln1019_453 = xor i1 %xor_ln1019_452, i1 1"   --->   Operation 1422 'xor' 'xor_ln1019_453' <Predicate = (!icmp_ln249)> <Delay = 0.00> <CoreInst = "LogicGate">   --->   Core 74 'LogicGate' <Latency = 0> <II = 1> <Delay = 0.28> <FuncUnit> <Opcode : 'and' 'or' 'xor'> <InPorts = 2> <OutPorts = 1>
ST_1 : Operation 1423 [1/1] (0.00ns) (grouped into LUT with out node add_ln840_217)   --->   "%zext_ln1019_190 = zext i1 %xor_ln1019_453"   --->   Operation 1423 'zext' 'zext_ln1019_190' <Predicate = (!icmp_ln249)> <Delay = 0.00>
ST_1 : Operation 1424 [1/1] (0.00ns) (grouped into LUT with out node add_ln840_220)   --->   "%xor_ln1019_454 = xor i1 %p_Result_17, i1 %local_temp_V_227"   --->   Operation 1424 'xor' 'xor_ln1019_454' <Predicate = (!icmp_ln249)> <Delay = 0.00> <CoreInst = "LogicGate">   --->   Core 74 'LogicGate' <Latency = 0> <II = 1> <Delay = 0.28> <FuncUnit> <Opcode : 'and' 'or' 'xor'> <InPorts = 2> <OutPorts = 1>
ST_1 : Operation 1425 [1/1] (0.00ns) (grouped into LUT with out node add_ln840_220)   --->   "%xor_ln1019_455 = xor i1 %xor_ln1019_454, i1 1"   --->   Operation 1425 'xor' 'xor_ln1019_455' <Predicate = (!icmp_ln249)> <Delay = 0.00> <CoreInst = "LogicGate">   --->   Core 74 'LogicGate' <Latency = 0> <II = 1> <Delay = 0.28> <FuncUnit> <Opcode : 'and' 'or' 'xor'> <InPorts = 2> <OutPorts = 1>
ST_1 : Operation 1426 [1/1] (0.00ns) (grouped into LUT with out node add_ln840_220)   --->   "%zext_ln1019_191 = zext i1 %xor_ln1019_455"   --->   Operation 1426 'zext' 'zext_ln1019_191' <Predicate = (!icmp_ln249)> <Delay = 0.00>
ST_1 : Operation 1427 [1/1] (0.00ns) (grouped into LUT with out node add_ln840_219)   --->   "%xor_ln1019_456 = xor i1 %p_Result_18, i1 %local_temp_V_228"   --->   Operation 1427 'xor' 'xor_ln1019_456' <Predicate = (!icmp_ln249)> <Delay = 0.00> <CoreInst = "LogicGate">   --->   Core 74 'LogicGate' <Latency = 0> <II = 1> <Delay = 0.28> <FuncUnit> <Opcode : 'and' 'or' 'xor'> <InPorts = 2> <OutPorts = 1>
ST_1 : Operation 1428 [1/1] (0.00ns) (grouped into LUT with out node add_ln840_219)   --->   "%xor_ln1019_457 = xor i1 %xor_ln1019_456, i1 1"   --->   Operation 1428 'xor' 'xor_ln1019_457' <Predicate = (!icmp_ln249)> <Delay = 0.00> <CoreInst = "LogicGate">   --->   Core 74 'LogicGate' <Latency = 0> <II = 1> <Delay = 0.28> <FuncUnit> <Opcode : 'and' 'or' 'xor'> <InPorts = 2> <OutPorts = 1>
ST_1 : Operation 1429 [1/1] (0.00ns) (grouped into LUT with out node add_ln840_219)   --->   "%zext_ln1019_192 = zext i1 %xor_ln1019_457"   --->   Operation 1429 'zext' 'zext_ln1019_192' <Predicate = (!icmp_ln249)> <Delay = 0.00>
ST_1 : Operation 1430 [1/1] (0.00ns) (grouped into LUT with out node add_ln840_224)   --->   "%xor_ln1019_458 = xor i1 %p_Result_19, i1 %local_temp_V_229"   --->   Operation 1430 'xor' 'xor_ln1019_458' <Predicate = (!icmp_ln249)> <Delay = 0.00> <CoreInst = "LogicGate">   --->   Core 74 'LogicGate' <Latency = 0> <II = 1> <Delay = 0.28> <FuncUnit> <Opcode : 'and' 'or' 'xor'> <InPorts = 2> <OutPorts = 1>
ST_1 : Operation 1431 [1/1] (0.00ns) (grouped into LUT with out node add_ln840_224)   --->   "%xor_ln1019_459 = xor i1 %xor_ln1019_458, i1 1"   --->   Operation 1431 'xor' 'xor_ln1019_459' <Predicate = (!icmp_ln249)> <Delay = 0.00> <CoreInst = "LogicGate">   --->   Core 74 'LogicGate' <Latency = 0> <II = 1> <Delay = 0.28> <FuncUnit> <Opcode : 'and' 'or' 'xor'> <InPorts = 2> <OutPorts = 1>
ST_1 : Operation 1432 [1/1] (0.00ns) (grouped into LUT with out node add_ln840_224)   --->   "%zext_ln1019_193 = zext i1 %xor_ln1019_459"   --->   Operation 1432 'zext' 'zext_ln1019_193' <Predicate = (!icmp_ln249)> <Delay = 0.00>
ST_1 : Operation 1433 [1/1] (0.00ns) (grouped into LUT with out node add_ln840_220)   --->   "%xor_ln1019_460 = xor i1 %p_Result_20, i1 %local_temp_V_230"   --->   Operation 1433 'xor' 'xor_ln1019_460' <Predicate = (!icmp_ln249)> <Delay = 0.00> <CoreInst = "LogicGate">   --->   Core 74 'LogicGate' <Latency = 0> <II = 1> <Delay = 0.28> <FuncUnit> <Opcode : 'and' 'or' 'xor'> <InPorts = 2> <OutPorts = 1>
ST_1 : Operation 1434 [1/1] (0.00ns) (grouped into LUT with out node add_ln840_220)   --->   "%xor_ln1019_461 = xor i1 %xor_ln1019_460, i1 1"   --->   Operation 1434 'xor' 'xor_ln1019_461' <Predicate = (!icmp_ln249)> <Delay = 0.00> <CoreInst = "LogicGate">   --->   Core 74 'LogicGate' <Latency = 0> <II = 1> <Delay = 0.28> <FuncUnit> <Opcode : 'and' 'or' 'xor'> <InPorts = 2> <OutPorts = 1>
ST_1 : Operation 1435 [1/1] (0.00ns) (grouped into LUT with out node add_ln840_220)   --->   "%zext_ln1019_194 = zext i1 %xor_ln1019_461"   --->   Operation 1435 'zext' 'zext_ln1019_194' <Predicate = (!icmp_ln249)> <Delay = 0.00>
ST_1 : Operation 1436 [1/1] (0.00ns) (grouped into LUT with out node add_ln840_213)   --->   "%xor_ln1019_462 = xor i1 %p_Result_21, i1 %local_temp_V_231"   --->   Operation 1436 'xor' 'xor_ln1019_462' <Predicate = (!icmp_ln249)> <Delay = 0.00> <CoreInst = "LogicGate">   --->   Core 74 'LogicGate' <Latency = 0> <II = 1> <Delay = 0.28> <FuncUnit> <Opcode : 'and' 'or' 'xor'> <InPorts = 2> <OutPorts = 1>
ST_1 : Operation 1437 [1/1] (0.00ns) (grouped into LUT with out node add_ln840_213)   --->   "%xor_ln1019_463 = xor i1 %xor_ln1019_462, i1 1"   --->   Operation 1437 'xor' 'xor_ln1019_463' <Predicate = (!icmp_ln249)> <Delay = 0.00> <CoreInst = "LogicGate">   --->   Core 74 'LogicGate' <Latency = 0> <II = 1> <Delay = 0.28> <FuncUnit> <Opcode : 'and' 'or' 'xor'> <InPorts = 2> <OutPorts = 1>
ST_1 : Operation 1438 [1/1] (0.00ns) (grouped into LUT with out node add_ln840_213)   --->   "%zext_ln1019_195 = zext i1 %xor_ln1019_463"   --->   Operation 1438 'zext' 'zext_ln1019_195' <Predicate = (!icmp_ln249)> <Delay = 0.00>
ST_1 : Operation 1439 [1/1] (0.00ns) (grouped into LUT with out node add_ln840_213)   --->   "%xor_ln1019_464 = xor i1 %p_Result_22, i1 %local_temp_V_232"   --->   Operation 1439 'xor' 'xor_ln1019_464' <Predicate = (!icmp_ln249)> <Delay = 0.00> <CoreInst = "LogicGate">   --->   Core 74 'LogicGate' <Latency = 0> <II = 1> <Delay = 0.28> <FuncUnit> <Opcode : 'and' 'or' 'xor'> <InPorts = 2> <OutPorts = 1>
ST_1 : Operation 1440 [1/1] (0.00ns) (grouped into LUT with out node add_ln840_213)   --->   "%xor_ln1019_465 = xor i1 %xor_ln1019_464, i1 1"   --->   Operation 1440 'xor' 'xor_ln1019_465' <Predicate = (!icmp_ln249)> <Delay = 0.00> <CoreInst = "LogicGate">   --->   Core 74 'LogicGate' <Latency = 0> <II = 1> <Delay = 0.28> <FuncUnit> <Opcode : 'and' 'or' 'xor'> <InPorts = 2> <OutPorts = 1>
ST_1 : Operation 1441 [1/1] (0.00ns) (grouped into LUT with out node add_ln840_213)   --->   "%zext_ln1019_196 = zext i1 %xor_ln1019_465"   --->   Operation 1441 'zext' 'zext_ln1019_196' <Predicate = (!icmp_ln249)> <Delay = 0.00>
ST_1 : Operation 1442 [1/1] (0.00ns) (grouped into LUT with out node add_ln840_216)   --->   "%xor_ln1019_466 = xor i1 %p_Result_23, i1 %local_temp_V_233"   --->   Operation 1442 'xor' 'xor_ln1019_466' <Predicate = (!icmp_ln249)> <Delay = 0.00> <CoreInst = "LogicGate">   --->   Core 74 'LogicGate' <Latency = 0> <II = 1> <Delay = 0.28> <FuncUnit> <Opcode : 'and' 'or' 'xor'> <InPorts = 2> <OutPorts = 1>
ST_1 : Operation 1443 [1/1] (0.00ns) (grouped into LUT with out node add_ln840_216)   --->   "%xor_ln1019_467 = xor i1 %xor_ln1019_466, i1 1"   --->   Operation 1443 'xor' 'xor_ln1019_467' <Predicate = (!icmp_ln249)> <Delay = 0.00> <CoreInst = "LogicGate">   --->   Core 74 'LogicGate' <Latency = 0> <II = 1> <Delay = 0.28> <FuncUnit> <Opcode : 'and' 'or' 'xor'> <InPorts = 2> <OutPorts = 1>
ST_1 : Operation 1444 [1/1] (0.00ns) (grouped into LUT with out node add_ln840_216)   --->   "%zext_ln1019_197 = zext i1 %xor_ln1019_467"   --->   Operation 1444 'zext' 'zext_ln1019_197' <Predicate = (!icmp_ln249)> <Delay = 0.00>
ST_1 : Operation 1445 [1/1] (0.00ns) (grouped into LUT with out node add_ln840_216)   --->   "%xor_ln1019_468 = xor i1 %p_Result_24, i1 %local_temp_V_234"   --->   Operation 1445 'xor' 'xor_ln1019_468' <Predicate = (!icmp_ln249)> <Delay = 0.00> <CoreInst = "LogicGate">   --->   Core 74 'LogicGate' <Latency = 0> <II = 1> <Delay = 0.28> <FuncUnit> <Opcode : 'and' 'or' 'xor'> <InPorts = 2> <OutPorts = 1>
ST_1 : Operation 1446 [1/1] (0.00ns) (grouped into LUT with out node add_ln840_216)   --->   "%xor_ln1019_469 = xor i1 %xor_ln1019_468, i1 1"   --->   Operation 1446 'xor' 'xor_ln1019_469' <Predicate = (!icmp_ln249)> <Delay = 0.00> <CoreInst = "LogicGate">   --->   Core 74 'LogicGate' <Latency = 0> <II = 1> <Delay = 0.28> <FuncUnit> <Opcode : 'and' 'or' 'xor'> <InPorts = 2> <OutPorts = 1>
ST_1 : Operation 1447 [1/1] (0.00ns) (grouped into LUT with out node add_ln840_216)   --->   "%zext_ln1019_198 = zext i1 %xor_ln1019_469"   --->   Operation 1447 'zext' 'zext_ln1019_198' <Predicate = (!icmp_ln249)> <Delay = 0.00>
ST_1 : Operation 1448 [1/1] (0.00ns) (grouped into LUT with out node add_ln840_212)   --->   "%xor_ln1019_470 = xor i1 %p_Result_25, i1 %local_temp_V_235"   --->   Operation 1448 'xor' 'xor_ln1019_470' <Predicate = (!icmp_ln249)> <Delay = 0.00> <CoreInst = "LogicGate">   --->   Core 74 'LogicGate' <Latency = 0> <II = 1> <Delay = 0.28> <FuncUnit> <Opcode : 'and' 'or' 'xor'> <InPorts = 2> <OutPorts = 1>
ST_1 : Operation 1449 [1/1] (0.00ns) (grouped into LUT with out node add_ln840_212)   --->   "%xor_ln1019_471 = xor i1 %xor_ln1019_470, i1 1"   --->   Operation 1449 'xor' 'xor_ln1019_471' <Predicate = (!icmp_ln249)> <Delay = 0.00> <CoreInst = "LogicGate">   --->   Core 74 'LogicGate' <Latency = 0> <II = 1> <Delay = 0.28> <FuncUnit> <Opcode : 'and' 'or' 'xor'> <InPorts = 2> <OutPorts = 1>
ST_1 : Operation 1450 [1/1] (0.00ns) (grouped into LUT with out node add_ln840_212)   --->   "%zext_ln1019_199 = zext i1 %xor_ln1019_471"   --->   Operation 1450 'zext' 'zext_ln1019_199' <Predicate = (!icmp_ln249)> <Delay = 0.00>
ST_1 : Operation 1451 [1/1] (0.00ns) (grouped into LUT with out node add_ln840_212)   --->   "%xor_ln1019_472 = xor i1 %p_Result_26, i1 %local_temp_V_236"   --->   Operation 1451 'xor' 'xor_ln1019_472' <Predicate = (!icmp_ln249)> <Delay = 0.00> <CoreInst = "LogicGate">   --->   Core 74 'LogicGate' <Latency = 0> <II = 1> <Delay = 0.28> <FuncUnit> <Opcode : 'and' 'or' 'xor'> <InPorts = 2> <OutPorts = 1>
ST_1 : Operation 1452 [1/1] (0.00ns) (grouped into LUT with out node add_ln840_212)   --->   "%xor_ln1019_473 = xor i1 %xor_ln1019_472, i1 1"   --->   Operation 1452 'xor' 'xor_ln1019_473' <Predicate = (!icmp_ln249)> <Delay = 0.00> <CoreInst = "LogicGate">   --->   Core 74 'LogicGate' <Latency = 0> <II = 1> <Delay = 0.28> <FuncUnit> <Opcode : 'and' 'or' 'xor'> <InPorts = 2> <OutPorts = 1>
ST_1 : Operation 1453 [1/1] (0.00ns) (grouped into LUT with out node add_ln840_212)   --->   "%zext_ln1019_200 = zext i1 %xor_ln1019_473"   --->   Operation 1453 'zext' 'zext_ln1019_200' <Predicate = (!icmp_ln249)> <Delay = 0.00>
ST_1 : Operation 1454 [1/1] (0.00ns) (grouped into LUT with out node add_ln840_210)   --->   "%xor_ln1019_474 = xor i1 %p_Result_27, i1 %local_temp_V_237"   --->   Operation 1454 'xor' 'xor_ln1019_474' <Predicate = (!icmp_ln249)> <Delay = 0.00> <CoreInst = "LogicGate">   --->   Core 74 'LogicGate' <Latency = 0> <II = 1> <Delay = 0.28> <FuncUnit> <Opcode : 'and' 'or' 'xor'> <InPorts = 2> <OutPorts = 1>
ST_1 : Operation 1455 [1/1] (0.00ns) (grouped into LUT with out node add_ln840_210)   --->   "%xor_ln1019_475 = xor i1 %xor_ln1019_474, i1 1"   --->   Operation 1455 'xor' 'xor_ln1019_475' <Predicate = (!icmp_ln249)> <Delay = 0.00> <CoreInst = "LogicGate">   --->   Core 74 'LogicGate' <Latency = 0> <II = 1> <Delay = 0.28> <FuncUnit> <Opcode : 'and' 'or' 'xor'> <InPorts = 2> <OutPorts = 1>
ST_1 : Operation 1456 [1/1] (0.00ns) (grouped into LUT with out node add_ln840_210)   --->   "%zext_ln1019_201 = zext i1 %xor_ln1019_475"   --->   Operation 1456 'zext' 'zext_ln1019_201' <Predicate = (!icmp_ln249)> <Delay = 0.00>
ST_1 : Operation 1457 [1/1] (0.00ns) (grouped into LUT with out node add_ln840_210)   --->   "%xor_ln1019_476 = xor i1 %p_Result_28, i1 %local_temp_V_238"   --->   Operation 1457 'xor' 'xor_ln1019_476' <Predicate = (!icmp_ln249)> <Delay = 0.00> <CoreInst = "LogicGate">   --->   Core 74 'LogicGate' <Latency = 0> <II = 1> <Delay = 0.28> <FuncUnit> <Opcode : 'and' 'or' 'xor'> <InPorts = 2> <OutPorts = 1>
ST_1 : Operation 1458 [1/1] (0.00ns) (grouped into LUT with out node add_ln840_210)   --->   "%xor_ln1019_477 = xor i1 %xor_ln1019_476, i1 1"   --->   Operation 1458 'xor' 'xor_ln1019_477' <Predicate = (!icmp_ln249)> <Delay = 0.00> <CoreInst = "LogicGate">   --->   Core 74 'LogicGate' <Latency = 0> <II = 1> <Delay = 0.28> <FuncUnit> <Opcode : 'and' 'or' 'xor'> <InPorts = 2> <OutPorts = 1>
ST_1 : Operation 1459 [1/1] (0.00ns) (grouped into LUT with out node add_ln840_210)   --->   "%zext_ln1019_202 = zext i1 %xor_ln1019_477"   --->   Operation 1459 'zext' 'zext_ln1019_202' <Predicate = (!icmp_ln249)> <Delay = 0.00>
ST_1 : Operation 1460 [1/1] (0.00ns) (grouped into LUT with out node add_ln840_235)   --->   "%xor_ln1019_478 = xor i1 %p_Result_29, i1 %local_temp_V_239"   --->   Operation 1460 'xor' 'xor_ln1019_478' <Predicate = (!icmp_ln249)> <Delay = 0.00> <CoreInst = "LogicGate">   --->   Core 74 'LogicGate' <Latency = 0> <II = 1> <Delay = 0.28> <FuncUnit> <Opcode : 'and' 'or' 'xor'> <InPorts = 2> <OutPorts = 1>
ST_1 : Operation 1461 [1/1] (0.00ns) (grouped into LUT with out node add_ln840_235)   --->   "%xor_ln1019_479 = xor i1 %xor_ln1019_478, i1 1"   --->   Operation 1461 'xor' 'xor_ln1019_479' <Predicate = (!icmp_ln249)> <Delay = 0.00> <CoreInst = "LogicGate">   --->   Core 74 'LogicGate' <Latency = 0> <II = 1> <Delay = 0.28> <FuncUnit> <Opcode : 'and' 'or' 'xor'> <InPorts = 2> <OutPorts = 1>
ST_1 : Operation 1462 [1/1] (0.00ns) (grouped into LUT with out node add_ln840_235)   --->   "%zext_ln840_189 = zext i1 %xor_ln1019_479"   --->   Operation 1462 'zext' 'zext_ln840_189' <Predicate = (!icmp_ln249)> <Delay = 0.00>
ST_1 : Operation 1463 [1/1] (0.54ns) (out node of the LUT)   --->   "%add_ln840_210 = add i2 %zext_ln1019_201, i2 %zext_ln1019_202"   --->   Operation 1463 'add' 'add_ln840_210' <Predicate = (!icmp_ln249)> <Delay = 0.54> <CoreInst = "Adder">   --->   Core 1 'Adder' <Latency = 0> <II = 1> <Delay = 0.54> <FuncUnit> <Opcode : 'add' 'sub'> <InPorts = 2> <OutPorts = 1>
ST_1 : Operation 1464 [1/1] (0.00ns)   --->   "%zext_ln840_190 = zext i2 %add_ln840_210"   --->   Operation 1464 'zext' 'zext_ln840_190' <Predicate = (!icmp_ln249)> <Delay = 0.00>
ST_1 : Operation 1465 [1/1] (0.00ns) (grouped into TernaryAdder)   --->   "%add_ln840_211 = add i8 %zext_ln840_190, i8 %select_ln272"   --->   Operation 1465 'add' 'add_ln840_211' <Predicate = (!icmp_ln249)> <Delay = 0.00> <CoreInst = "TAddSub">   --->   Core 10 'TAddSub' <Latency = 0> <II = 1> <Delay = 0.52> <IPBlock> <Opcode : 'add' 'sub'> <InPorts = 3> <OutPorts = 1> <Sync> <CReg>
ST_1 : Operation 1466 [1/1] (0.54ns) (out node of the LUT)   --->   "%add_ln840_212 = add i2 %zext_ln1019_200, i2 %zext_ln1019_199"   --->   Operation 1466 'add' 'add_ln840_212' <Predicate = (!icmp_ln249)> <Delay = 0.54> <CoreInst = "Adder">   --->   Core 1 'Adder' <Latency = 0> <II = 1> <Delay = 0.54> <FuncUnit> <Opcode : 'add' 'sub'> <InPorts = 2> <OutPorts = 1>
ST_1 : Operation 1467 [1/1] (0.00ns)   --->   "%zext_ln840_191 = zext i2 %add_ln840_212"   --->   Operation 1467 'zext' 'zext_ln840_191' <Predicate = (!icmp_ln249)> <Delay = 0.00>
ST_1 : Operation 1468 [1/1] (0.54ns) (out node of the LUT)   --->   "%add_ln840_213 = add i2 %zext_ln1019_196, i2 %zext_ln1019_195"   --->   Operation 1468 'add' 'add_ln840_213' <Predicate = (!icmp_ln249)> <Delay = 0.54> <CoreInst = "Adder">   --->   Core 1 'Adder' <Latency = 0> <II = 1> <Delay = 0.54> <FuncUnit> <Opcode : 'add' 'sub'> <InPorts = 2> <OutPorts = 1>
ST_1 : Operation 1469 [1/1] (0.00ns)   --->   "%zext_ln840_192 = zext i2 %add_ln840_213"   --->   Operation 1469 'zext' 'zext_ln840_192' <Predicate = (!icmp_ln249)> <Delay = 0.00>
ST_1 : Operation 1470 [1/1] (0.54ns)   --->   "%add_ln840_214 = add i3 %zext_ln840_192, i3 %zext_ln840_191"   --->   Operation 1470 'add' 'add_ln840_214' <Predicate = (!icmp_ln249)> <Delay = 0.54> <CoreInst = "Adder">   --->   Core 1 'Adder' <Latency = 0> <II = 1> <Delay = 0.54> <FuncUnit> <Opcode : 'add' 'sub'> <InPorts = 2> <OutPorts = 1>
ST_1 : Operation 1471 [1/1] (0.00ns)   --->   "%zext_ln840_193 = zext i3 %add_ln840_214"   --->   Operation 1471 'zext' 'zext_ln840_193' <Predicate = (!icmp_ln249)> <Delay = 0.00>
ST_1 : Operation 1472 [1/1] (1.05ns) (root node of TernaryAdder)   --->   "%add_ln840_215 = add i8 %zext_ln840_193, i8 %add_ln840_211"   --->   Operation 1472 'add' 'add_ln840_215' <Predicate = (!icmp_ln249)> <Delay = 1.05> <CoreInst = "TAddSub">   --->   Core 10 'TAddSub' <Latency = 0> <II = 1> <Delay = 0.52> <IPBlock> <Opcode : 'add' 'sub'> <InPorts = 3> <OutPorts = 1> <Sync> <CReg>
ST_1 : Operation 1473 [1/1] (0.54ns) (out node of the LUT)   --->   "%add_ln840_216 = add i2 %zext_ln1019_198, i2 %zext_ln1019_197"   --->   Operation 1473 'add' 'add_ln840_216' <Predicate = (!icmp_ln249)> <Delay = 0.54> <CoreInst = "Adder">   --->   Core 1 'Adder' <Latency = 0> <II = 1> <Delay = 0.54> <FuncUnit> <Opcode : 'add' 'sub'> <InPorts = 2> <OutPorts = 1>
ST_1 : Operation 1474 [1/1] (0.00ns)   --->   "%zext_ln840_194 = zext i2 %add_ln840_216"   --->   Operation 1474 'zext' 'zext_ln840_194' <Predicate = (!icmp_ln249)> <Delay = 0.00>
ST_1 : Operation 1475 [1/1] (0.54ns) (out node of the LUT)   --->   "%add_ln840_217 = add i2 %zext_ln1019_188, i2 %zext_ln1019_190"   --->   Operation 1475 'add' 'add_ln840_217' <Predicate = (!icmp_ln249)> <Delay = 0.54> <CoreInst = "Adder">   --->   Core 1 'Adder' <Latency = 0> <II = 1> <Delay = 0.54> <FuncUnit> <Opcode : 'add' 'sub'> <InPorts = 2> <OutPorts = 1>
ST_1 : Operation 1476 [1/1] (0.00ns)   --->   "%zext_ln840_195 = zext i2 %add_ln840_217"   --->   Operation 1476 'zext' 'zext_ln840_195' <Predicate = (!icmp_ln249)> <Delay = 0.00>
ST_1 : Operation 1477 [1/1] (0.54ns)   --->   "%add_ln840_218 = add i3 %zext_ln840_195, i3 %zext_ln840_194"   --->   Operation 1477 'add' 'add_ln840_218' <Predicate = (!icmp_ln249)> <Delay = 0.54> <CoreInst = "Adder">   --->   Core 1 'Adder' <Latency = 0> <II = 1> <Delay = 0.54> <FuncUnit> <Opcode : 'add' 'sub'> <InPorts = 2> <OutPorts = 1>
ST_1 : Operation 1478 [1/1] (0.00ns)   --->   "%zext_ln840_196 = zext i3 %add_ln840_218"   --->   Operation 1478 'zext' 'zext_ln840_196' <Predicate = (!icmp_ln249)> <Delay = 0.00>
ST_1 : Operation 1479 [1/1] (0.54ns) (out node of the LUT)   --->   "%add_ln840_219 = add i2 %zext_ln1019_189, i2 %zext_ln1019_192"   --->   Operation 1479 'add' 'add_ln840_219' <Predicate = (!icmp_ln249)> <Delay = 0.54> <CoreInst = "Adder">   --->   Core 1 'Adder' <Latency = 0> <II = 1> <Delay = 0.54> <FuncUnit> <Opcode : 'add' 'sub'> <InPorts = 2> <OutPorts = 1>
ST_1 : Operation 1480 [1/1] (0.00ns)   --->   "%zext_ln840_197 = zext i2 %add_ln840_219"   --->   Operation 1480 'zext' 'zext_ln840_197' <Predicate = (!icmp_ln249)> <Delay = 0.00>
ST_1 : Operation 1481 [1/1] (0.54ns) (out node of the LUT)   --->   "%add_ln840_220 = add i2 %zext_ln1019_191, i2 %zext_ln1019_194"   --->   Operation 1481 'add' 'add_ln840_220' <Predicate = (!icmp_ln249)> <Delay = 0.54> <CoreInst = "Adder">   --->   Core 1 'Adder' <Latency = 0> <II = 1> <Delay = 0.54> <FuncUnit> <Opcode : 'add' 'sub'> <InPorts = 2> <OutPorts = 1>
ST_1 : Operation 1482 [1/1] (0.00ns)   --->   "%zext_ln840_198 = zext i2 %add_ln840_220"   --->   Operation 1482 'zext' 'zext_ln840_198' <Predicate = (!icmp_ln249)> <Delay = 0.00>
ST_1 : Operation 1483 [1/1] (0.54ns)   --->   "%add_ln840_221 = add i3 %zext_ln840_198, i3 %zext_ln840_197"   --->   Operation 1483 'add' 'add_ln840_221' <Predicate = (!icmp_ln249)> <Delay = 0.54> <CoreInst = "Adder">   --->   Core 1 'Adder' <Latency = 0> <II = 1> <Delay = 0.54> <FuncUnit> <Opcode : 'add' 'sub'> <InPorts = 2> <OutPorts = 1>
ST_1 : Operation 1484 [1/1] (0.00ns)   --->   "%zext_ln840_199 = zext i3 %add_ln840_221"   --->   Operation 1484 'zext' 'zext_ln840_199' <Predicate = (!icmp_ln249)> <Delay = 0.00>
ST_1 : Operation 1485 [1/1] (0.67ns)   --->   "%add_ln840_222 = add i4 %zext_ln840_199, i4 %zext_ln840_196"   --->   Operation 1485 'add' 'add_ln840_222' <Predicate = (!icmp_ln249)> <Delay = 0.67> <CoreInst = "Adder">   --->   Core 1 'Adder' <Latency = 0> <II = 1> <Delay = 0.67> <FuncUnit> <Opcode : 'add' 'sub'> <InPorts = 2> <OutPorts = 1>
ST_1 : Operation 1486 [1/1] (0.00ns)   --->   "%zext_ln840_200 = zext i4 %add_ln840_222"   --->   Operation 1486 'zext' 'zext_ln840_200' <Predicate = (!icmp_ln249)> <Delay = 0.00>
ST_1 : Operation 1487 [1/1] (0.00ns) (grouped into TernaryAdder)   --->   "%add_ln840_223 = add i8 %zext_ln840_200, i8 %add_ln840_215"   --->   Operation 1487 'add' 'add_ln840_223' <Predicate = (!icmp_ln249)> <Delay = 0.00> <CoreInst = "TAddSub">   --->   Core 10 'TAddSub' <Latency = 0> <II = 1> <Delay = 0.52> <IPBlock> <Opcode : 'add' 'sub'> <InPorts = 3> <OutPorts = 1> <Sync> <CReg>
ST_1 : Operation 1488 [1/1] (0.54ns) (out node of the LUT)   --->   "%add_ln840_224 = add i2 %zext_ln1019_193, i2 %zext_ln1019_175"   --->   Operation 1488 'add' 'add_ln840_224' <Predicate = (!icmp_ln249)> <Delay = 0.54> <CoreInst = "Adder">   --->   Core 1 'Adder' <Latency = 0> <II = 1> <Delay = 0.54> <FuncUnit> <Opcode : 'add' 'sub'> <InPorts = 2> <OutPorts = 1>
ST_1 : Operation 1489 [1/1] (0.00ns)   --->   "%zext_ln840_201 = zext i2 %add_ln840_224"   --->   Operation 1489 'zext' 'zext_ln840_201' <Predicate = (!icmp_ln249)> <Delay = 0.00>
ST_1 : Operation 1490 [1/1] (0.54ns) (out node of the LUT)   --->   "%add_ln840_225 = add i2 %zext_ln1019_174, i2 %zext_ln1019_177"   --->   Operation 1490 'add' 'add_ln840_225' <Predicate = (!icmp_ln249)> <Delay = 0.54> <CoreInst = "Adder">   --->   Core 1 'Adder' <Latency = 0> <II = 1> <Delay = 0.54> <FuncUnit> <Opcode : 'add' 'sub'> <InPorts = 2> <OutPorts = 1>
ST_1 : Operation 1491 [1/1] (0.00ns)   --->   "%zext_ln840_202 = zext i2 %add_ln840_225"   --->   Operation 1491 'zext' 'zext_ln840_202' <Predicate = (!icmp_ln249)> <Delay = 0.00>
ST_1 : Operation 1492 [1/1] (0.54ns)   --->   "%add_ln840_226 = add i3 %zext_ln840_202, i3 %zext_ln840_201"   --->   Operation 1492 'add' 'add_ln840_226' <Predicate = (!icmp_ln249)> <Delay = 0.54> <CoreInst = "Adder">   --->   Core 1 'Adder' <Latency = 0> <II = 1> <Delay = 0.54> <FuncUnit> <Opcode : 'add' 'sub'> <InPorts = 2> <OutPorts = 1>
ST_1 : Operation 1493 [1/1] (0.00ns)   --->   "%zext_ln840_203 = zext i3 %add_ln840_226"   --->   Operation 1493 'zext' 'zext_ln840_203' <Predicate = (!icmp_ln249)> <Delay = 0.00>
ST_1 : Operation 1494 [1/1] (0.54ns) (out node of the LUT)   --->   "%add_ln840_227 = add i2 %zext_ln1019_176, i2 %zext_ln1019_179"   --->   Operation 1494 'add' 'add_ln840_227' <Predicate = (!icmp_ln249)> <Delay = 0.54> <CoreInst = "Adder">   --->   Core 1 'Adder' <Latency = 0> <II = 1> <Delay = 0.54> <FuncUnit> <Opcode : 'add' 'sub'> <InPorts = 2> <OutPorts = 1>
ST_1 : Operation 1495 [1/1] (0.00ns)   --->   "%zext_ln840_204 = zext i2 %add_ln840_227"   --->   Operation 1495 'zext' 'zext_ln840_204' <Predicate = (!icmp_ln249)> <Delay = 0.00>
ST_1 : Operation 1496 [1/1] (0.54ns) (out node of the LUT)   --->   "%add_ln840_228 = add i2 %zext_ln1019_178, i2 %zext_ln1019_181"   --->   Operation 1496 'add' 'add_ln840_228' <Predicate = (!icmp_ln249)> <Delay = 0.54> <CoreInst = "Adder">   --->   Core 1 'Adder' <Latency = 0> <II = 1> <Delay = 0.54> <FuncUnit> <Opcode : 'add' 'sub'> <InPorts = 2> <OutPorts = 1>
ST_1 : Operation 1497 [1/1] (0.00ns)   --->   "%zext_ln840_205 = zext i2 %add_ln840_228"   --->   Operation 1497 'zext' 'zext_ln840_205' <Predicate = (!icmp_ln249)> <Delay = 0.00>
ST_1 : Operation 1498 [1/1] (0.54ns)   --->   "%add_ln840_229 = add i3 %zext_ln840_205, i3 %zext_ln840_204"   --->   Operation 1498 'add' 'add_ln840_229' <Predicate = (!icmp_ln249)> <Delay = 0.54> <CoreInst = "Adder">   --->   Core 1 'Adder' <Latency = 0> <II = 1> <Delay = 0.54> <FuncUnit> <Opcode : 'add' 'sub'> <InPorts = 2> <OutPorts = 1>
ST_1 : Operation 1499 [1/1] (0.00ns)   --->   "%zext_ln840_206 = zext i3 %add_ln840_229"   --->   Operation 1499 'zext' 'zext_ln840_206' <Predicate = (!icmp_ln249)> <Delay = 0.00>
ST_1 : Operation 1500 [1/1] (0.67ns)   --->   "%add_ln840_230 = add i4 %zext_ln840_206, i4 %zext_ln840_203"   --->   Operation 1500 'add' 'add_ln840_230' <Predicate = (!icmp_ln249)> <Delay = 0.67> <CoreInst = "Adder">   --->   Core 1 'Adder' <Latency = 0> <II = 1> <Delay = 0.67> <FuncUnit> <Opcode : 'add' 'sub'> <InPorts = 2> <OutPorts = 1>
ST_1 : Operation 1501 [1/1] (0.00ns)   --->   "%zext_ln840_207 = zext i4 %add_ln840_230"   --->   Operation 1501 'zext' 'zext_ln840_207' <Predicate = (!icmp_ln249)> <Delay = 0.00>
ST_1 : Operation 1502 [1/1] (0.54ns) (out node of the LUT)   --->   "%add_ln840_231 = add i2 %zext_ln1019_180, i2 %zext_ln1019_183"   --->   Operation 1502 'add' 'add_ln840_231' <Predicate = (!icmp_ln249)> <Delay = 0.54> <CoreInst = "Adder">   --->   Core 1 'Adder' <Latency = 0> <II = 1> <Delay = 0.54> <FuncUnit> <Opcode : 'add' 'sub'> <InPorts = 2> <OutPorts = 1>
ST_1 : Operation 1503 [1/1] (0.00ns)   --->   "%zext_ln840_208 = zext i2 %add_ln840_231"   --->   Operation 1503 'zext' 'zext_ln840_208' <Predicate = (!icmp_ln249)> <Delay = 0.00>
ST_1 : Operation 1504 [1/1] (0.54ns) (out node of the LUT)   --->   "%add_ln840_232 = add i2 %zext_ln1019_182, i2 %zext_ln1019_185"   --->   Operation 1504 'add' 'add_ln840_232' <Predicate = (!icmp_ln249)> <Delay = 0.54> <CoreInst = "Adder">   --->   Core 1 'Adder' <Latency = 0> <II = 1> <Delay = 0.54> <FuncUnit> <Opcode : 'add' 'sub'> <InPorts = 2> <OutPorts = 1>
ST_1 : Operation 1505 [1/1] (0.00ns)   --->   "%zext_ln840_209 = zext i2 %add_ln840_232"   --->   Operation 1505 'zext' 'zext_ln840_209' <Predicate = (!icmp_ln249)> <Delay = 0.00>
ST_1 : Operation 1506 [1/1] (0.54ns)   --->   "%add_ln840_233 = add i3 %zext_ln840_209, i3 %zext_ln840_208"   --->   Operation 1506 'add' 'add_ln840_233' <Predicate = (!icmp_ln249)> <Delay = 0.54> <CoreInst = "Adder">   --->   Core 1 'Adder' <Latency = 0> <II = 1> <Delay = 0.54> <FuncUnit> <Opcode : 'add' 'sub'> <InPorts = 2> <OutPorts = 1>
ST_1 : Operation 1507 [1/1] (0.00ns)   --->   "%zext_ln840_210 = zext i3 %add_ln840_233"   --->   Operation 1507 'zext' 'zext_ln840_210' <Predicate = (!icmp_ln249)> <Delay = 0.00>
ST_1 : Operation 1508 [1/1] (0.54ns) (out node of the LUT)   --->   "%add_ln840_234 = add i2 %zext_ln1019_184, i2 %zext_ln1019_187"   --->   Operation 1508 'add' 'add_ln840_234' <Predicate = (!icmp_ln249)> <Delay = 0.54> <CoreInst = "Adder">   --->   Core 1 'Adder' <Latency = 0> <II = 1> <Delay = 0.54> <FuncUnit> <Opcode : 'add' 'sub'> <InPorts = 2> <OutPorts = 1>
ST_1 : Operation 1509 [1/1] (0.00ns)   --->   "%zext_ln840_211 = zext i2 %add_ln840_234"   --->   Operation 1509 'zext' 'zext_ln840_211' <Predicate = (!icmp_ln249)> <Delay = 0.00>
ST_1 : Operation 1510 [1/1] (0.54ns) (out node of the LUT)   --->   "%add_ln840_235 = add i2 %zext_ln1019_186, i2 %zext_ln840_189"   --->   Operation 1510 'add' 'add_ln840_235' <Predicate = (!icmp_ln249)> <Delay = 0.54> <CoreInst = "Adder">   --->   Core 1 'Adder' <Latency = 0> <II = 1> <Delay = 0.54> <FuncUnit> <Opcode : 'add' 'sub'> <InPorts = 2> <OutPorts = 1>
ST_1 : Operation 1511 [1/1] (0.00ns)   --->   "%zext_ln840_212 = zext i2 %add_ln840_235"   --->   Operation 1511 'zext' 'zext_ln840_212' <Predicate = (!icmp_ln249)> <Delay = 0.00>
ST_1 : Operation 1512 [1/1] (0.54ns)   --->   "%add_ln840_236 = add i3 %zext_ln840_212, i3 %zext_ln840_211"   --->   Operation 1512 'add' 'add_ln840_236' <Predicate = (!icmp_ln249)> <Delay = 0.54> <CoreInst = "Adder">   --->   Core 1 'Adder' <Latency = 0> <II = 1> <Delay = 0.54> <FuncUnit> <Opcode : 'add' 'sub'> <InPorts = 2> <OutPorts = 1>
ST_1 : Operation 1513 [1/1] (0.00ns)   --->   "%zext_ln840_213 = zext i3 %add_ln840_236"   --->   Operation 1513 'zext' 'zext_ln840_213' <Predicate = (!icmp_ln249)> <Delay = 0.00>
ST_1 : Operation 1514 [1/1] (0.67ns)   --->   "%add_ln840_237 = add i4 %zext_ln840_213, i4 %zext_ln840_210"   --->   Operation 1514 'add' 'add_ln840_237' <Predicate = (!icmp_ln249)> <Delay = 0.67> <CoreInst = "Adder">   --->   Core 1 'Adder' <Latency = 0> <II = 1> <Delay = 0.67> <FuncUnit> <Opcode : 'add' 'sub'> <InPorts = 2> <OutPorts = 1>
ST_1 : Operation 1515 [1/1] (0.00ns)   --->   "%zext_ln840_214 = zext i4 %add_ln840_237"   --->   Operation 1515 'zext' 'zext_ln840_214' <Predicate = (!icmp_ln249)> <Delay = 0.00>
ST_1 : Operation 1516 [1/1] (0.79ns)   --->   "%add_ln840_238 = add i5 %zext_ln840_214, i5 %zext_ln840_207"   --->   Operation 1516 'add' 'add_ln840_238' <Predicate = (!icmp_ln249)> <Delay = 0.79> <CoreInst = "Adder">   --->   Core 1 'Adder' <Latency = 0> <II = 1> <Delay = 0.79> <FuncUnit> <Opcode : 'add' 'sub'> <InPorts = 2> <OutPorts = 1>
ST_1 : Operation 1517 [1/1] (0.00ns)   --->   "%zext_ln840_215 = zext i5 %add_ln840_238"   --->   Operation 1517 'zext' 'zext_ln840_215' <Predicate = (!icmp_ln249)> <Delay = 0.00>
ST_1 : Operation 1518 [1/1] (1.05ns) (root node of TernaryAdder)   --->   "%add_ln840_239 = add i8 %zext_ln840_215, i8 %add_ln840_223"   --->   Operation 1518 'add' 'add_ln840_239' <Predicate = (!icmp_ln249)> <Delay = 1.05> <CoreInst = "TAddSub">   --->   Core 10 'TAddSub' <Latency = 0> <II = 1> <Delay = 0.52> <IPBlock> <Opcode : 'add' 'sub'> <InPorts = 3> <OutPorts = 1> <Sync> <CReg>
ST_1 : Operation 1519 [1/1] (1.01ns)   --->   "%sf_2 = add i32 %sf_1, i32 1" [/home/changhong/prj/finn/deps/finn-hlslib/mvau.hpp:290]   --->   Operation 1519 'add' 'sf_2' <Predicate = (!icmp_ln249)> <Delay = 1.01> <CoreInst = "Adder">   --->   Core 1 'Adder' <Latency = 0> <II = 1> <Delay = 1.01> <FuncUnit> <Opcode : 'add' 'sub'> <InPorts = 2> <OutPorts = 1>
ST_1 : Operation 1520 [1/1] (0.99ns)   --->   "%icmp_ln290 = icmp_eq  i32 %sf_2, i32 5" [/home/changhong/prj/finn/deps/finn-hlslib/mvau.hpp:290]   --->   Operation 1520 'icmp' 'icmp_ln290' <Predicate = (!icmp_ln249)> <Delay = 0.99> <CoreInst = "Cmp">   --->   Core 9 'Cmp' <Latency = 0> <II = 1> <Delay = 0.99> <FuncUnit> <Opcode : 'icmp'> <InPorts = 2> <OutPorts = 1>
ST_1 : Operation 1521 [1/1] (0.00ns)   --->   "%br_ln290 = br i1 %icmp_ln290, void %for.inc.for.inc90_crit_edge, void %for.body.i.7" [/home/changhong/prj/finn/deps/finn-hlslib/mvau.hpp:290]   --->   Operation 1521 'br' 'br_ln290' <Predicate = (!icmp_ln249)> <Delay = 0.00>
ST_1 : Operation 1522 [1/1] (0.42ns)   --->   "%store_ln290 = store i32 %sf_2, i32 %sf" [/home/changhong/prj/finn/deps/finn-hlslib/mvau.hpp:290]   --->   Operation 1522 'store' 'store_ln290' <Predicate = (!icmp_ln249 & !icmp_ln290)> <Delay = 0.42>
ST_1 : Operation 1523 [1/1] (0.00ns)   --->   "%br_ln290 = br void %for.inc90" [/home/changhong/prj/finn/deps/finn-hlslib/mvau.hpp:290]   --->   Operation 1523 'br' 'br_ln290' <Predicate = (!icmp_ln249 & !icmp_ln290)> <Delay = 0.00>
ST_1 : Operation 1524 [1/1] (1.01ns)   --->   "%nf = add i32 %nf_2, i32 1" [/home/changhong/prj/finn/deps/finn-hlslib/mvau.hpp:302]   --->   Operation 1524 'add' 'nf' <Predicate = (!icmp_ln249 & icmp_ln290)> <Delay = 1.01> <CoreInst = "Adder">   --->   Core 1 'Adder' <Latency = 0> <II = 1> <Delay = 1.01> <FuncUnit> <Opcode : 'add' 'sub'> <InPorts = 2> <OutPorts = 1>
ST_1 : Operation 1525 [1/1] (0.99ns)   --->   "%icmp_ln302 = icmp_eq  i32 %nf, i32 2" [/home/changhong/prj/finn/deps/finn-hlslib/mvau.hpp:302]   --->   Operation 1525 'icmp' 'icmp_ln302' <Predicate = (!icmp_ln249 & icmp_ln290)> <Delay = 0.99> <CoreInst = "Cmp">   --->   Core 9 'Cmp' <Latency = 0> <II = 1> <Delay = 0.99> <FuncUnit> <Opcode : 'icmp'> <InPorts = 2> <OutPorts = 1>
ST_1 : Operation 1526 [1/1] (0.44ns)   --->   "%nf_3 = select i1 %icmp_ln302, i32 0, i32 %nf" [/home/changhong/prj/finn/deps/finn-hlslib/mvau.hpp:302]   --->   Operation 1526 'select' 'nf_3' <Predicate = (!icmp_ln249 & icmp_ln290)> <Delay = 0.44> <CoreInst = "Sel">   --->   Core 73 'Sel' <Latency = 0> <II = 1> <Delay = 0.44> <FuncUnit> <Opcode : 'select'> <InPorts = 3> <OutPorts = 1>
ST_1 : Operation 1527 [1/1] (0.42ns)   --->   "%store_ln306 = store i32 %nf_3, i32 %nf_1" [/home/changhong/prj/finn/deps/finn-hlslib/mvau.hpp:306]   --->   Operation 1527 'store' 'store_ln306' <Predicate = (!icmp_ln249 & icmp_ln290)> <Delay = 0.42>
ST_1 : Operation 1528 [1/1] (0.42ns)   --->   "%store_ln306 = store i32 0, i32 %sf" [/home/changhong/prj/finn/deps/finn-hlslib/mvau.hpp:306]   --->   Operation 1528 'store' 'store_ln306' <Predicate = (!icmp_ln249 & icmp_ln290)> <Delay = 0.42>
ST_1 : Operation 1529 [1/1] (0.00ns)   --->   "%store_ln249 = store i8 %add_ln840_239, i8 %add_i_i_i3_7_29250" [/home/changhong/prj/finn/deps/finn-hlslib/mvau.hpp:249]   --->   Operation 1529 'store' 'store_ln249' <Predicate = (!icmp_ln249)> <Delay = 0.00>
ST_1 : Operation 1530 [1/1] (0.00ns)   --->   "%store_ln249 = store i8 %add_ln840_209, i8 %add_i_i_i3_6_29248" [/home/changhong/prj/finn/deps/finn-hlslib/mvau.hpp:249]   --->   Operation 1530 'store' 'store_ln249' <Predicate = (!icmp_ln249)> <Delay = 0.00>
ST_1 : Operation 1531 [1/1] (0.00ns)   --->   "%store_ln249 = store i8 %add_ln840_179, i8 %add_i_i_i3_5_29246" [/home/changhong/prj/finn/deps/finn-hlslib/mvau.hpp:249]   --->   Operation 1531 'store' 'store_ln249' <Predicate = (!icmp_ln249)> <Delay = 0.00>
ST_1 : Operation 1532 [1/1] (0.00ns)   --->   "%store_ln249 = store i8 %add_ln840_149, i8 %add_i_i_i3_4_29244" [/home/changhong/prj/finn/deps/finn-hlslib/mvau.hpp:249]   --->   Operation 1532 'store' 'store_ln249' <Predicate = (!icmp_ln249)> <Delay = 0.00>
ST_1 : Operation 1533 [1/1] (0.00ns)   --->   "%store_ln249 = store i8 %add_ln840_119, i8 %add_i_i_i3_3_29242" [/home/changhong/prj/finn/deps/finn-hlslib/mvau.hpp:249]   --->   Operation 1533 'store' 'store_ln249' <Predicate = (!icmp_ln249)> <Delay = 0.00>
ST_1 : Operation 1534 [1/1] (0.00ns)   --->   "%store_ln249 = store i8 %add_ln840_89, i8 %add_i_i_i3_2_29240" [/home/changhong/prj/finn/deps/finn-hlslib/mvau.hpp:249]   --->   Operation 1534 'store' 'store_ln249' <Predicate = (!icmp_ln249)> <Delay = 0.00>
ST_1 : Operation 1535 [1/1] (0.00ns)   --->   "%store_ln249 = store i8 %add_ln840_59, i8 %add_i_i_i3_1_29238" [/home/changhong/prj/finn/deps/finn-hlslib/mvau.hpp:249]   --->   Operation 1535 'store' 'store_ln249' <Predicate = (!icmp_ln249)> <Delay = 0.00>
ST_1 : Operation 1536 [1/1] (0.00ns)   --->   "%store_ln249 = store i8 %add_ln840_29, i8 %empty" [/home/changhong/prj/finn/deps/finn-hlslib/mvau.hpp:249]   --->   Operation 1536 'store' 'store_ln249' <Predicate = (!icmp_ln249)> <Delay = 0.00>
ST_1 : Operation 1537 [1/1] (0.42ns)   --->   "%store_ln249 = store i10 %i_2, i10 %i" [/home/changhong/prj/finn/deps/finn-hlslib/mvau.hpp:249]   --->   Operation 1537 'store' 'store_ln249' <Predicate = (!icmp_ln249)> <Delay = 0.42>
ST_1 : Operation 1538 [1/1] (0.00ns)   --->   "%br_ln249 = br void %for.body" [/home/changhong/prj/finn/deps/finn-hlslib/mvau.hpp:249]   --->   Operation 1538 'br' 'br_ln249' <Predicate = (!icmp_ln249)> <Delay = 0.00>

State 2 <SV = 1> <Delay = 0.67>
ST_2 : Operation 1539 [1/1] (0.00ns)   --->   "%idxprom2_i = zext i32 %nf_2" [/home/changhong/prj/finn/deps/finn-hlslib/mvau.hpp:302]   --->   Operation 1539 'zext' 'idxprom2_i' <Predicate = (!icmp_ln249 & icmp_ln290)> <Delay = 0.00>
ST_2 : Operation 1540 [1/1] (0.00ns)   --->   "%p_ZL7threshs_0_addr = getelementptr i7 %p_ZL7threshs_0, i64 0, i64 %idxprom2_i" [/home/changhong/prj/finn/deps/finn-hlslib/activations.hpp:218]   --->   Operation 1540 'getelementptr' 'p_ZL7threshs_0_addr' <Predicate = (!icmp_ln249 & icmp_ln290)> <Delay = 0.00>
ST_2 : Operation 1541 [2/2] (0.67ns)   --->   "%p_ZL7threshs_0_load = load i1 %p_ZL7threshs_0_addr"   --->   Operation 1541 'load' 'p_ZL7threshs_0_load' <Predicate = (!icmp_ln249 & icmp_ln290)> <Delay = 0.67> <CoreInst = "ROM">   --->   Core 101 'ROM' <Latency = 1> <II = 1> <Delay = 0.67> <Storage> <Opcode : 'load'> <Ports = 0> <Width = 7> <Depth = 2> <ROM>
ST_2 : Operation 1542 [1/1] (0.00ns)   --->   "%p_ZL7threshs_1_addr = getelementptr i7 %p_ZL7threshs_1, i64 0, i64 %idxprom2_i" [/home/changhong/prj/finn/deps/finn-hlslib/activations.hpp:218]   --->   Operation 1542 'getelementptr' 'p_ZL7threshs_1_addr' <Predicate = (!icmp_ln249 & icmp_ln290)> <Delay = 0.00>
ST_2 : Operation 1543 [2/2] (0.67ns)   --->   "%p_ZL7threshs_1_load = load i1 %p_ZL7threshs_1_addr"   --->   Operation 1543 'load' 'p_ZL7threshs_1_load' <Predicate = (!icmp_ln249 & icmp_ln290)> <Delay = 0.67> <CoreInst = "ROM">   --->   Core 101 'ROM' <Latency = 1> <II = 1> <Delay = 0.67> <Storage> <Opcode : 'load'> <Ports = 0> <Width = 7> <Depth = 2> <ROM>
ST_2 : Operation 1544 [1/1] (0.00ns)   --->   "%p_ZL7threshs_2_addr = getelementptr i7 %p_ZL7threshs_2, i64 0, i64 %idxprom2_i" [/home/changhong/prj/finn/deps/finn-hlslib/activations.hpp:218]   --->   Operation 1544 'getelementptr' 'p_ZL7threshs_2_addr' <Predicate = (!icmp_ln249 & icmp_ln290)> <Delay = 0.00>
ST_2 : Operation 1545 [2/2] (0.67ns)   --->   "%p_ZL7threshs_2_load = load i1 %p_ZL7threshs_2_addr"   --->   Operation 1545 'load' 'p_ZL7threshs_2_load' <Predicate = (!icmp_ln249 & icmp_ln290)> <Delay = 0.67> <CoreInst = "ROM">   --->   Core 101 'ROM' <Latency = 1> <II = 1> <Delay = 0.67> <Storage> <Opcode : 'load'> <Ports = 0> <Width = 7> <Depth = 2> <ROM>
ST_2 : Operation 1546 [1/1] (0.00ns)   --->   "%p_ZL7threshs_3_addr = getelementptr i7 %p_ZL7threshs_3, i64 0, i64 %idxprom2_i" [/home/changhong/prj/finn/deps/finn-hlslib/activations.hpp:218]   --->   Operation 1546 'getelementptr' 'p_ZL7threshs_3_addr' <Predicate = (!icmp_ln249 & icmp_ln290)> <Delay = 0.00>
ST_2 : Operation 1547 [2/2] (0.67ns)   --->   "%p_ZL7threshs_3_load = load i1 %p_ZL7threshs_3_addr"   --->   Operation 1547 'load' 'p_ZL7threshs_3_load' <Predicate = (!icmp_ln249 & icmp_ln290)> <Delay = 0.67> <CoreInst = "ROM">   --->   Core 101 'ROM' <Latency = 1> <II = 1> <Delay = 0.67> <Storage> <Opcode : 'load'> <Ports = 0> <Width = 7> <Depth = 2> <ROM>
ST_2 : Operation 1548 [1/1] (0.00ns)   --->   "%p_ZL7threshs_4_addr = getelementptr i7 %p_ZL7threshs_4, i64 0, i64 %idxprom2_i" [/home/changhong/prj/finn/deps/finn-hlslib/activations.hpp:218]   --->   Operation 1548 'getelementptr' 'p_ZL7threshs_4_addr' <Predicate = (!icmp_ln249 & icmp_ln290)> <Delay = 0.00>
ST_2 : Operation 1549 [2/2] (0.67ns)   --->   "%p_ZL7threshs_4_load = load i1 %p_ZL7threshs_4_addr"   --->   Operation 1549 'load' 'p_ZL7threshs_4_load' <Predicate = (!icmp_ln249 & icmp_ln290)> <Delay = 0.67> <CoreInst = "ROM">   --->   Core 101 'ROM' <Latency = 1> <II = 1> <Delay = 0.67> <Storage> <Opcode : 'load'> <Ports = 0> <Width = 7> <Depth = 2> <ROM>
ST_2 : Operation 1550 [1/1] (0.00ns)   --->   "%p_ZL7threshs_5_addr = getelementptr i7 %p_ZL7threshs_5, i64 0, i64 %idxprom2_i" [/home/changhong/prj/finn/deps/finn-hlslib/activations.hpp:218]   --->   Operation 1550 'getelementptr' 'p_ZL7threshs_5_addr' <Predicate = (!icmp_ln249 & icmp_ln290)> <Delay = 0.00>
ST_2 : Operation 1551 [2/2] (0.67ns)   --->   "%p_ZL7threshs_5_load = load i1 %p_ZL7threshs_5_addr"   --->   Operation 1551 'load' 'p_ZL7threshs_5_load' <Predicate = (!icmp_ln249 & icmp_ln290)> <Delay = 0.67> <CoreInst = "ROM">   --->   Core 101 'ROM' <Latency = 1> <II = 1> <Delay = 0.67> <Storage> <Opcode : 'load'> <Ports = 0> <Width = 7> <Depth = 2> <ROM>
ST_2 : Operation 1552 [1/1] (0.00ns)   --->   "%p_ZL7threshs_6_addr = getelementptr i7 %p_ZL7threshs_6, i64 0, i64 %idxprom2_i" [/home/changhong/prj/finn/deps/finn-hlslib/activations.hpp:218]   --->   Operation 1552 'getelementptr' 'p_ZL7threshs_6_addr' <Predicate = (!icmp_ln249 & icmp_ln290)> <Delay = 0.00>
ST_2 : Operation 1553 [2/2] (0.67ns)   --->   "%p_ZL7threshs_6_load = load i1 %p_ZL7threshs_6_addr"   --->   Operation 1553 'load' 'p_ZL7threshs_6_load' <Predicate = (!icmp_ln249 & icmp_ln290)> <Delay = 0.67> <CoreInst = "ROM">   --->   Core 101 'ROM' <Latency = 1> <II = 1> <Delay = 0.67> <Storage> <Opcode : 'load'> <Ports = 0> <Width = 7> <Depth = 2> <ROM>
ST_2 : Operation 1554 [1/1] (0.00ns)   --->   "%p_ZL7threshs_7_addr = getelementptr i7 %p_ZL7threshs_7, i64 0, i64 %idxprom2_i" [/home/changhong/prj/finn/deps/finn-hlslib/activations.hpp:218]   --->   Operation 1554 'getelementptr' 'p_ZL7threshs_7_addr' <Predicate = (!icmp_ln249 & icmp_ln290)> <Delay = 0.00>
ST_2 : Operation 1555 [2/2] (0.67ns)   --->   "%p_ZL7threshs_7_load = load i1 %p_ZL7threshs_7_addr"   --->   Operation 1555 'load' 'p_ZL7threshs_7_load' <Predicate = (!icmp_ln249 & icmp_ln290)> <Delay = 0.67> <CoreInst = "ROM">   --->   Core 101 'ROM' <Latency = 1> <II = 1> <Delay = 0.67> <Storage> <Opcode : 'load'> <Ports = 0> <Width = 7> <Depth = 2> <ROM>

State 3 <SV = 2> <Delay = 1.81>
ST_3 : Operation 1556 [1/2] (0.67ns)   --->   "%p_ZL7threshs_0_load = load i1 %p_ZL7threshs_0_addr"   --->   Operation 1556 'load' 'p_ZL7threshs_0_load' <Predicate = (!icmp_ln249 & icmp_ln290)> <Delay = 0.67> <CoreInst = "ROM">   --->   Core 101 'ROM' <Latency = 1> <II = 1> <Delay = 0.67> <Storage> <Opcode : 'load'> <Ports = 0> <Width = 7> <Depth = 2> <ROM>
ST_3 : Operation 1557 [1/1] (0.00ns)   --->   "%zext_ln1039 = zext i7 %p_ZL7threshs_0_load"   --->   Operation 1557 'zext' 'zext_ln1039' <Predicate = (!icmp_ln249 & icmp_ln290)> <Delay = 0.00>
ST_3 : Operation 1558 [1/1] (0.84ns)   --->   "%icmp_ln1039 = icmp_slt  i8 %add_ln840_29, i8 %zext_ln1039"   --->   Operation 1558 'icmp' 'icmp_ln1039' <Predicate = (!icmp_ln249 & icmp_ln290)> <Delay = 0.84> <CoreInst = "Cmp">   --->   Core 9 'Cmp' <Latency = 0> <II = 1> <Delay = 0.84> <FuncUnit> <Opcode : 'icmp'> <InPorts = 2> <OutPorts = 1>
ST_3 : Operation 1559 [1/1] (0.28ns)   --->   "%result_V = xor i1 %icmp_ln1039, i1 1"   --->   Operation 1559 'xor' 'result_V' <Predicate = (!icmp_ln249 & icmp_ln290)> <Delay = 0.28> <CoreInst = "LogicGate">   --->   Core 74 'LogicGate' <Latency = 0> <II = 1> <Delay = 0.28> <FuncUnit> <Opcode : 'and' 'or' 'xor'> <InPorts = 2> <OutPorts = 1>
ST_3 : Operation 1560 [1/2] (0.67ns)   --->   "%p_ZL7threshs_1_load = load i1 %p_ZL7threshs_1_addr"   --->   Operation 1560 'load' 'p_ZL7threshs_1_load' <Predicate = (!icmp_ln249 & icmp_ln290)> <Delay = 0.67> <CoreInst = "ROM">   --->   Core 101 'ROM' <Latency = 1> <II = 1> <Delay = 0.67> <Storage> <Opcode : 'load'> <Ports = 0> <Width = 7> <Depth = 2> <ROM>
ST_3 : Operation 1561 [1/1] (0.00ns)   --->   "%zext_ln1039_1 = zext i7 %p_ZL7threshs_1_load"   --->   Operation 1561 'zext' 'zext_ln1039_1' <Predicate = (!icmp_ln249 & icmp_ln290)> <Delay = 0.00>
ST_3 : Operation 1562 [1/1] (0.84ns)   --->   "%icmp_ln1039_1 = icmp_slt  i8 %add_ln840_59, i8 %zext_ln1039_1"   --->   Operation 1562 'icmp' 'icmp_ln1039_1' <Predicate = (!icmp_ln249 & icmp_ln290)> <Delay = 0.84> <CoreInst = "Cmp">   --->   Core 9 'Cmp' <Latency = 0> <II = 1> <Delay = 0.84> <FuncUnit> <Opcode : 'icmp'> <InPorts = 2> <OutPorts = 1>
ST_3 : Operation 1563 [1/1] (0.28ns)   --->   "%result_V_1 = xor i1 %icmp_ln1039_1, i1 1"   --->   Operation 1563 'xor' 'result_V_1' <Predicate = (!icmp_ln249 & icmp_ln290)> <Delay = 0.28> <CoreInst = "LogicGate">   --->   Core 74 'LogicGate' <Latency = 0> <II = 1> <Delay = 0.28> <FuncUnit> <Opcode : 'and' 'or' 'xor'> <InPorts = 2> <OutPorts = 1>
ST_3 : Operation 1564 [1/2] (0.67ns)   --->   "%p_ZL7threshs_2_load = load i1 %p_ZL7threshs_2_addr"   --->   Operation 1564 'load' 'p_ZL7threshs_2_load' <Predicate = (!icmp_ln249 & icmp_ln290)> <Delay = 0.67> <CoreInst = "ROM">   --->   Core 101 'ROM' <Latency = 1> <II = 1> <Delay = 0.67> <Storage> <Opcode : 'load'> <Ports = 0> <Width = 7> <Depth = 2> <ROM>
ST_3 : Operation 1565 [1/1] (0.00ns)   --->   "%zext_ln1039_2 = zext i7 %p_ZL7threshs_2_load"   --->   Operation 1565 'zext' 'zext_ln1039_2' <Predicate = (!icmp_ln249 & icmp_ln290)> <Delay = 0.00>
ST_3 : Operation 1566 [1/1] (0.84ns)   --->   "%icmp_ln1039_2 = icmp_slt  i8 %add_ln840_89, i8 %zext_ln1039_2"   --->   Operation 1566 'icmp' 'icmp_ln1039_2' <Predicate = (!icmp_ln249 & icmp_ln290)> <Delay = 0.84> <CoreInst = "Cmp">   --->   Core 9 'Cmp' <Latency = 0> <II = 1> <Delay = 0.84> <FuncUnit> <Opcode : 'icmp'> <InPorts = 2> <OutPorts = 1>
ST_3 : Operation 1567 [1/1] (0.28ns)   --->   "%result_V_2 = xor i1 %icmp_ln1039_2, i1 1"   --->   Operation 1567 'xor' 'result_V_2' <Predicate = (!icmp_ln249 & icmp_ln290)> <Delay = 0.28> <CoreInst = "LogicGate">   --->   Core 74 'LogicGate' <Latency = 0> <II = 1> <Delay = 0.28> <FuncUnit> <Opcode : 'and' 'or' 'xor'> <InPorts = 2> <OutPorts = 1>
ST_3 : Operation 1568 [1/2] (0.67ns)   --->   "%p_ZL7threshs_3_load = load i1 %p_ZL7threshs_3_addr"   --->   Operation 1568 'load' 'p_ZL7threshs_3_load' <Predicate = (!icmp_ln249 & icmp_ln290)> <Delay = 0.67> <CoreInst = "ROM">   --->   Core 101 'ROM' <Latency = 1> <II = 1> <Delay = 0.67> <Storage> <Opcode : 'load'> <Ports = 0> <Width = 7> <Depth = 2> <ROM>
ST_3 : Operation 1569 [1/1] (0.00ns)   --->   "%zext_ln1039_3 = zext i7 %p_ZL7threshs_3_load"   --->   Operation 1569 'zext' 'zext_ln1039_3' <Predicate = (!icmp_ln249 & icmp_ln290)> <Delay = 0.00>
ST_3 : Operation 1570 [1/1] (0.84ns)   --->   "%icmp_ln1039_3 = icmp_slt  i8 %add_ln840_119, i8 %zext_ln1039_3"   --->   Operation 1570 'icmp' 'icmp_ln1039_3' <Predicate = (!icmp_ln249 & icmp_ln290)> <Delay = 0.84> <CoreInst = "Cmp">   --->   Core 9 'Cmp' <Latency = 0> <II = 1> <Delay = 0.84> <FuncUnit> <Opcode : 'icmp'> <InPorts = 2> <OutPorts = 1>
ST_3 : Operation 1571 [1/1] (0.28ns)   --->   "%result_V_3 = xor i1 %icmp_ln1039_3, i1 1"   --->   Operation 1571 'xor' 'result_V_3' <Predicate = (!icmp_ln249 & icmp_ln290)> <Delay = 0.28> <CoreInst = "LogicGate">   --->   Core 74 'LogicGate' <Latency = 0> <II = 1> <Delay = 0.28> <FuncUnit> <Opcode : 'and' 'or' 'xor'> <InPorts = 2> <OutPorts = 1>
ST_3 : Operation 1572 [1/2] (0.67ns)   --->   "%p_ZL7threshs_4_load = load i1 %p_ZL7threshs_4_addr"   --->   Operation 1572 'load' 'p_ZL7threshs_4_load' <Predicate = (!icmp_ln249 & icmp_ln290)> <Delay = 0.67> <CoreInst = "ROM">   --->   Core 101 'ROM' <Latency = 1> <II = 1> <Delay = 0.67> <Storage> <Opcode : 'load'> <Ports = 0> <Width = 7> <Depth = 2> <ROM>
ST_3 : Operation 1573 [1/1] (0.00ns)   --->   "%zext_ln1039_4 = zext i7 %p_ZL7threshs_4_load"   --->   Operation 1573 'zext' 'zext_ln1039_4' <Predicate = (!icmp_ln249 & icmp_ln290)> <Delay = 0.00>
ST_3 : Operation 1574 [1/1] (0.84ns)   --->   "%icmp_ln1039_4 = icmp_slt  i8 %add_ln840_149, i8 %zext_ln1039_4"   --->   Operation 1574 'icmp' 'icmp_ln1039_4' <Predicate = (!icmp_ln249 & icmp_ln290)> <Delay = 0.84> <CoreInst = "Cmp">   --->   Core 9 'Cmp' <Latency = 0> <II = 1> <Delay = 0.84> <FuncUnit> <Opcode : 'icmp'> <InPorts = 2> <OutPorts = 1>
ST_3 : Operation 1575 [1/1] (0.28ns)   --->   "%result_V_4 = xor i1 %icmp_ln1039_4, i1 1"   --->   Operation 1575 'xor' 'result_V_4' <Predicate = (!icmp_ln249 & icmp_ln290)> <Delay = 0.28> <CoreInst = "LogicGate">   --->   Core 74 'LogicGate' <Latency = 0> <II = 1> <Delay = 0.28> <FuncUnit> <Opcode : 'and' 'or' 'xor'> <InPorts = 2> <OutPorts = 1>
ST_3 : Operation 1576 [1/2] (0.67ns)   --->   "%p_ZL7threshs_5_load = load i1 %p_ZL7threshs_5_addr"   --->   Operation 1576 'load' 'p_ZL7threshs_5_load' <Predicate = (!icmp_ln249 & icmp_ln290)> <Delay = 0.67> <CoreInst = "ROM">   --->   Core 101 'ROM' <Latency = 1> <II = 1> <Delay = 0.67> <Storage> <Opcode : 'load'> <Ports = 0> <Width = 7> <Depth = 2> <ROM>
ST_3 : Operation 1577 [1/1] (0.00ns)   --->   "%zext_ln1039_5 = zext i7 %p_ZL7threshs_5_load"   --->   Operation 1577 'zext' 'zext_ln1039_5' <Predicate = (!icmp_ln249 & icmp_ln290)> <Delay = 0.00>
ST_3 : Operation 1578 [1/1] (0.84ns)   --->   "%icmp_ln1039_5 = icmp_slt  i8 %add_ln840_179, i8 %zext_ln1039_5"   --->   Operation 1578 'icmp' 'icmp_ln1039_5' <Predicate = (!icmp_ln249 & icmp_ln290)> <Delay = 0.84> <CoreInst = "Cmp">   --->   Core 9 'Cmp' <Latency = 0> <II = 1> <Delay = 0.84> <FuncUnit> <Opcode : 'icmp'> <InPorts = 2> <OutPorts = 1>
ST_3 : Operation 1579 [1/1] (0.28ns)   --->   "%result_V_5 = xor i1 %icmp_ln1039_5, i1 1"   --->   Operation 1579 'xor' 'result_V_5' <Predicate = (!icmp_ln249 & icmp_ln290)> <Delay = 0.28> <CoreInst = "LogicGate">   --->   Core 74 'LogicGate' <Latency = 0> <II = 1> <Delay = 0.28> <FuncUnit> <Opcode : 'and' 'or' 'xor'> <InPorts = 2> <OutPorts = 1>
ST_3 : Operation 1580 [1/2] (0.67ns)   --->   "%p_ZL7threshs_6_load = load i1 %p_ZL7threshs_6_addr"   --->   Operation 1580 'load' 'p_ZL7threshs_6_load' <Predicate = (!icmp_ln249 & icmp_ln290)> <Delay = 0.67> <CoreInst = "ROM">   --->   Core 101 'ROM' <Latency = 1> <II = 1> <Delay = 0.67> <Storage> <Opcode : 'load'> <Ports = 0> <Width = 7> <Depth = 2> <ROM>
ST_3 : Operation 1581 [1/1] (0.00ns)   --->   "%zext_ln1039_6 = zext i7 %p_ZL7threshs_6_load"   --->   Operation 1581 'zext' 'zext_ln1039_6' <Predicate = (!icmp_ln249 & icmp_ln290)> <Delay = 0.00>
ST_3 : Operation 1582 [1/1] (0.84ns)   --->   "%icmp_ln1039_6 = icmp_slt  i8 %add_ln840_209, i8 %zext_ln1039_6"   --->   Operation 1582 'icmp' 'icmp_ln1039_6' <Predicate = (!icmp_ln249 & icmp_ln290)> <Delay = 0.84> <CoreInst = "Cmp">   --->   Core 9 'Cmp' <Latency = 0> <II = 1> <Delay = 0.84> <FuncUnit> <Opcode : 'icmp'> <InPorts = 2> <OutPorts = 1>
ST_3 : Operation 1583 [1/1] (0.28ns)   --->   "%result_V_6 = xor i1 %icmp_ln1039_6, i1 1"   --->   Operation 1583 'xor' 'result_V_6' <Predicate = (!icmp_ln249 & icmp_ln290)> <Delay = 0.28> <CoreInst = "LogicGate">   --->   Core 74 'LogicGate' <Latency = 0> <II = 1> <Delay = 0.28> <FuncUnit> <Opcode : 'and' 'or' 'xor'> <InPorts = 2> <OutPorts = 1>
ST_3 : Operation 1584 [1/2] (0.67ns)   --->   "%p_ZL7threshs_7_load = load i1 %p_ZL7threshs_7_addr"   --->   Operation 1584 'load' 'p_ZL7threshs_7_load' <Predicate = (!icmp_ln249 & icmp_ln290)> <Delay = 0.67> <CoreInst = "ROM">   --->   Core 101 'ROM' <Latency = 1> <II = 1> <Delay = 0.67> <Storage> <Opcode : 'load'> <Ports = 0> <Width = 7> <Depth = 2> <ROM>
ST_3 : Operation 1585 [1/1] (0.00ns)   --->   "%zext_ln1039_7 = zext i7 %p_ZL7threshs_7_load"   --->   Operation 1585 'zext' 'zext_ln1039_7' <Predicate = (!icmp_ln249 & icmp_ln290)> <Delay = 0.00>
ST_3 : Operation 1586 [1/1] (0.84ns)   --->   "%icmp_ln1039_7 = icmp_slt  i8 %add_ln840_239, i8 %zext_ln1039_7"   --->   Operation 1586 'icmp' 'icmp_ln1039_7' <Predicate = (!icmp_ln249 & icmp_ln290)> <Delay = 0.84> <CoreInst = "Cmp">   --->   Core 9 'Cmp' <Latency = 0> <II = 1> <Delay = 0.84> <FuncUnit> <Opcode : 'icmp'> <InPorts = 2> <OutPorts = 1>
ST_3 : Operation 1587 [1/1] (0.28ns)   --->   "%result_V_7 = xor i1 %icmp_ln1039_7, i1 1"   --->   Operation 1587 'xor' 'result_V_7' <Predicate = (!icmp_ln249 & icmp_ln290)> <Delay = 0.28> <CoreInst = "LogicGate">   --->   Core 74 'LogicGate' <Latency = 0> <II = 1> <Delay = 0.28> <FuncUnit> <Opcode : 'and' 'or' 'xor'> <InPorts = 2> <OutPorts = 1>
ST_3 : Operation 1588 [1/1] (0.00ns)   --->   "%p_Result_31 = bitconcatenate i8 @_ssdm_op_BitConcatenate.i8.i1.i1.i1.i1.i1.i1.i1.i1, i1 %result_V_7, i1 %result_V_6, i1 %result_V_5, i1 %result_V_4, i1 %result_V_3, i1 %result_V_2, i1 %result_V_1, i1 %result_V"   --->   Operation 1588 'bitconcatenate' 'p_Result_31' <Predicate = (!icmp_ln249 & icmp_ln290)> <Delay = 0.00>
ST_3 : Operation 1589 [1/1] (0.00ns)   --->   "%write_ln298 = write void @_ssdm_op_Write.axis.volatile.i8P128A, i8 %out0_V, i8 %p_Result_31" [/home/changhong/prj/finn/deps/finn-hlslib/mvau.hpp:298]   --->   Operation 1589 'write' 'write_ln298' <Predicate = (!icmp_ln249 & icmp_ln290)> <Delay = 0.00> <CoreInst = "axis">   --->   Core 123 'axis' <Latency = 0> <II = 1> <Delay = 1.00> <Adapter> <Opcode : >
ST_3 : Operation 1590 [1/1] (0.00ns)   --->   "%br_ln306 = br void %for.inc90" [/home/changhong/prj/finn/deps/finn-hlslib/mvau.hpp:306]   --->   Operation 1590 'br' 'br_ln306' <Predicate = (!icmp_ln249 & icmp_ln290)> <Delay = 0.00>
ST_3 : Operation 1591 [1/1] (0.00ns)   --->   "%ret_ln308 = ret" [/home/changhong/prj/finn/deps/finn-hlslib/mvau.hpp:308]   --->   Operation 1591 'ret' 'ret_ln308' <Predicate = (icmp_ln249)> <Delay = 0.00>


============================================================
+ Verbose Summary: Timing violations
============================================================
Target clock period: 10ns, clock uncertainty: 2.7ns.

 <State 1>: 4.62ns
The critical path consists of the following:
	'alloca' operation ('sf') [12]  (0 ns)
	'load' operation ('sf', /home/changhong/prj/finn/deps/finn-hlslib/mvau.hpp:261) on local variable 'sf' [36]  (0 ns)
	'mux' operation ('tmp', /home/changhong/prj/finn/deps/finn-hlslib/mvau.hpp:261) [55]  (0.574 ns)
	multiplexor before 'phi' operation ('inputBuf.V') with incoming values : ('tmp', /home/changhong/prj/finn/deps/finn-hlslib/mvau.hpp:261) ('inElem', /home/changhong/prj/finn/deps/finn-hlslib/mvau.hpp:255) [78]  (0.427 ns)
	'phi' operation ('inputBuf.V') with incoming values : ('tmp', /home/changhong/prj/finn/deps/finn-hlslib/mvau.hpp:261) ('inElem', /home/changhong/prj/finn/deps/finn-hlslib/mvau.hpp:255) [78]  (0 ns)
	'xor' operation ('xor_ln1019_422') [1392]  (0 ns)
	'xor' operation ('xor_ln1019_423') [1393]  (0 ns)
	'add' operation ('add_ln840_224') [1504]  (0.548 ns)
	'add' operation ('add_ln840_226') [1508]  (0.548 ns)
	'add' operation ('add_ln840_230') [1516]  (0.673 ns)
	'add' operation ('add_ln840_238') [1532]  (0.797 ns)
	'add' operation ('add_ln840_239') [1534]  (1.05 ns)
	'store' operation ('store_ln249', /home/changhong/prj/finn/deps/finn-hlslib/mvau.hpp:249) of variable 'add_ln840_239' on local variable 'add_i_i_i3_7_29250' [1592]  (0 ns)

 <State 2>: 0.677ns
The critical path consists of the following:
	'getelementptr' operation ('p_ZL7threshs_0_addr', /home/changhong/prj/finn/deps/finn-hlslib/activations.hpp:218) [1543]  (0 ns)
	'load' operation ('p_ZL7threshs_0_load') on array 'p_ZL7threshs_0' [1544]  (0.677 ns)

 <State 3>: 1.81ns
The critical path consists of the following:
	'load' operation ('p_ZL7threshs_0_load') on array 'p_ZL7threshs_0' [1544]  (0.677 ns)
	'icmp' operation ('icmp_ln1039') [1546]  (0.849 ns)
	'xor' operation ('result.V') [1547]  (0.287 ns)


============================================================
+ Verbose Summary: Binding
============================================================
N/A
* FSMD analyzer results:
  - Output states:
 - Input state : 
  - Chain level:
	State 1
	State 2
	State 3


============================================================
+ Verbose Summary: Datapath Resource usage 
============================================================
N/A
