

================================================================
== Vitis HLS Report for 'Matrix_Vector_Activate_Stream_Batch'
================================================================
* Date:           Sun Jun 22 17:09:10 2025

* Version:        2022.2 (Build 3670227 on Oct 13 2022)
* Project:        project_MVAU_hls_0
* Solution:       sol1 (Vivado IP Flow Target)
* Product family: zynquplus
* Target device:  xczu7ev-ffvc1156-2-e


================================================================
== Performance Estimates
================================================================
+ Timing: 
    * Summary: 
    +--------+----------+----------+------------+
    |  Clock |  Target  | Estimated| Uncertainty|
    +--------+----------+----------+------------+
    |ap_clk  |  10.00 ns|  4.154 ns|     2.70 ns|
    +--------+----------+----------+------------+

+ Latency: 
    * Summary: 
    +---------+---------+----------+----------+-----+-----+---------+
    |  Latency (cycles) |  Latency (absolute) |  Interval | Pipeline|
    |   min   |   max   |    min   |    max   | min | max |   Type  |
    +---------+---------+----------+----------+-----+-----+---------+
    |      790|      790|  7.900 us|  7.900 us|  790|  790|       no|
    +---------+---------+----------+----------+-----+-----+---------+

    + Detail: 
        * Instance: 
        N/A

        * Loop: 
        +--------------------+---------+---------+----------+-----------+-----------+------+----------+
        |                    |  Latency (cycles) | Iteration|  Initiation Interval  | Trip |          |
        |      Loop Name     |   min   |   max   |  Latency |  achieved |   target  | Count| Pipelined|
        +--------------------+---------+---------+----------+-----------+-----------+------+----------+
        |- VITIS_LOOP_249_1  |      788|      788|         6|          1|          1|   784|  yes(flp)|
        +--------------------+---------+---------+----------+-----------+-----------+------+----------+

============================================================
+ Verbose Summary: Synthesis Manager
============================================================
InlineROM: 1
ExposeGlobal: 0
============================================================
+ Verbose Summary: CDFG Model
============================================================
IsTopModel: 0
ResetActiveHigh: 1
IsCombinational: 0
IsDatapathOnly: 0
HasWiredReturn: 1
HasMFsm: 1
HasVarLatency: 1
IsPipeline: 0
IsRtlPipelined: 0
IsInstanceOverlapped: 0
IsDontTouch: 0
HasImplIP: 0
IsGatedGlobalClock: 0

+ Individual pipeline summary: 
  * Pipeline-0: initiation interval (II) = 1, depth = 6


============================================================
+ Verbose Summary: Schedule
============================================================
* Number of FSM states : 6
* Pipeline : 1
  Pipeline-0 : II = 1, D = 6, States = { 1 2 3 4 5 6 }
* Dataflow Pipeline: 0

* FSM state transitions: 
1 --> 2 
2 --> 3 
3 --> 4 
4 --> 5 
5 --> 6 
6 --> 

* FSM state operations: 

State 1 <SV = 0> <Delay = 1.33>
ST_1 : Operation 9 [1/1] (0.00ns)   --->   "%i = alloca i32 1"   --->   Operation 9 'alloca' 'i' <Predicate = true> <Delay = 0.00>
ST_1 : Operation 10 [1/1] (0.00ns)   --->   "%specinterface_ln0 = specinterface void @_ssdm_op_SpecInterface, i8 %out0_V, void @empty, i32 0, i32 0, void @empty_0, i32 0, i32 0, void @empty_1, void @empty_1, void @empty_1, i32 0, i32 0, i32 0, i32 0, void @empty_1, void @empty_1, i32 4294967295, i32 0"   --->   Operation 10 'specinterface' 'specinterface_ln0' <Predicate = true> <Delay = 0.00>
ST_1 : Operation 11 [1/1] (0.00ns)   --->   "%specinterface_ln0 = specinterface void @_ssdm_op_SpecInterface, i304 %in1_V, void @empty, i32 0, i32 0, void @empty_0, i32 0, i32 0, void @empty_1, void @empty_1, void @empty_1, i32 0, i32 0, i32 0, i32 0, void @empty_1, void @empty_1, i32 4294967295, i32 0"   --->   Operation 11 'specinterface' 'specinterface_ln0' <Predicate = true> <Delay = 0.00>
ST_1 : Operation 12 [1/1] (0.00ns)   --->   "%specinterface_ln0 = specinterface void @_ssdm_op_SpecInterface, i200 %in0_V, void @empty, i32 0, i32 0, void @empty_0, i32 0, i32 0, void @empty_1, void @empty_1, void @empty_1, i32 0, i32 0, i32 0, i32 0, void @empty_1, void @empty_1, i32 4294967295, i32 0"   --->   Operation 12 'specinterface' 'specinterface_ln0' <Predicate = true> <Delay = 0.00>
ST_1 : Operation 13 [1/1] (0.42ns)   --->   "%store_ln249 = store i10 0, i10 %i" [/home/changhong/prj/finn/deps/finn-hlslib/mvau.hpp:249]   --->   Operation 13 'store' 'store_ln249' <Predicate = true> <Delay = 0.42>
ST_1 : Operation 14 [1/1] (0.00ns)   --->   "%br_ln249 = br void %for.inc" [/home/changhong/prj/finn/deps/finn-hlslib/mvau.hpp:249]   --->   Operation 14 'br' 'br_ln249' <Predicate = true> <Delay = 0.00>
ST_1 : Operation 15 [1/1] (0.00ns)   --->   "%i_1 = load i10 %i" [/home/changhong/prj/finn/deps/finn-hlslib/mvau.hpp:249]   --->   Operation 15 'load' 'i_1' <Predicate = true> <Delay = 0.00>
ST_1 : Operation 16 [1/1] (0.91ns)   --->   "%icmp_ln249 = icmp_eq  i10 %i_1, i10 784" [/home/changhong/prj/finn/deps/finn-hlslib/mvau.hpp:249]   --->   Operation 16 'icmp' 'icmp_ln249' <Predicate = true> <Delay = 0.91> <CoreInst = "Cmp">   --->   Core 9 'Cmp' <Latency = 0> <II = 1> <Delay = 0.91> <FuncUnit> <Opcode : 'icmp'> <InPorts = 2> <OutPorts = 1>
ST_1 : Operation 17 [1/1] (0.00ns)   --->   "%empty = speclooptripcount i32 @_ssdm_op_SpecLoopTripCount, i64 784, i64 784, i64 784"   --->   Operation 17 'speclooptripcount' 'empty' <Predicate = true> <Delay = 0.00>
ST_1 : Operation 18 [1/1] (0.78ns)   --->   "%i_2 = add i10 %i_1, i10 1" [/home/changhong/prj/finn/deps/finn-hlslib/mvau.hpp:249]   --->   Operation 18 'add' 'i_2' <Predicate = true> <Delay = 0.78> <CoreInst = "Adder">   --->   Core 1 'Adder' <Latency = 0> <II = 1> <Delay = 0.78> <FuncUnit> <Opcode : 'add' 'sub'> <InPorts = 2> <OutPorts = 1>
ST_1 : Operation 19 [1/1] (0.00ns)   --->   "%br_ln249 = br i1 %icmp_ln249, void %for.inc.split, void %for.cond.cleanup" [/home/changhong/prj/finn/deps/finn-hlslib/mvau.hpp:249]   --->   Operation 19 'br' 'br_ln249' <Predicate = true> <Delay = 0.00>
ST_1 : Operation 20 [1/1] (0.00ns)   --->   "%inElem = read i200 @_ssdm_op_Read.axis.volatile.i200P128A, i200 %in0_V" [/home/changhong/prj/finn/deps/finn-hlslib/mvau.hpp:255]   --->   Operation 20 'read' 'inElem' <Predicate = (!icmp_ln249)> <Delay = 0.00> <CoreInst = "axis">   --->   Core 123 'axis' <Latency = 0> <II = 1> <Delay = 1.00> <Adapter> <Opcode : >
ST_1 : Operation 21 [1/1] (0.00ns)   --->   "%in1_V_read = read i304 @_ssdm_op_Read.axis.volatile.i304P128A, i304 %in1_V" [/home/changhong/prj/finn/deps/finn-hlslib/mvau.hpp:265]   --->   Operation 21 'read' 'in1_V_read' <Predicate = (!icmp_ln249)> <Delay = 0.00> <CoreInst = "axis">   --->   Core 123 'axis' <Latency = 0> <II = 1> <Delay = 1.00> <Adapter> <Opcode : >
ST_1 : Operation 22 [1/1] (0.00ns)   --->   "%local_temp_V_150 = trunc i304 %in1_V_read"   --->   Operation 22 'trunc' 'local_temp_V_150' <Predicate = (!icmp_ln249)> <Delay = 0.00>
ST_1 : Operation 23 [1/1] (0.00ns)   --->   "%local_temp_V_151 = partselect i2 @_ssdm_op_PartSelect.i2.i304.i32.i32, i304 %in1_V_read, i32 2, i32 3"   --->   Operation 23 'partselect' 'local_temp_V_151' <Predicate = (!icmp_ln249)> <Delay = 0.00>
ST_1 : Operation 24 [1/1] (0.00ns)   --->   "%local_temp_V_152 = partselect i2 @_ssdm_op_PartSelect.i2.i304.i32.i32, i304 %in1_V_read, i32 4, i32 5"   --->   Operation 24 'partselect' 'local_temp_V_152' <Predicate = (!icmp_ln249)> <Delay = 0.00>
ST_1 : Operation 25 [1/1] (0.00ns)   --->   "%local_temp_V_153 = partselect i2 @_ssdm_op_PartSelect.i2.i304.i32.i32, i304 %in1_V_read, i32 6, i32 7"   --->   Operation 25 'partselect' 'local_temp_V_153' <Predicate = (!icmp_ln249)> <Delay = 0.00>
ST_1 : Operation 26 [1/1] (0.00ns)   --->   "%local_temp_V_154 = partselect i2 @_ssdm_op_PartSelect.i2.i304.i32.i32, i304 %in1_V_read, i32 8, i32 9"   --->   Operation 26 'partselect' 'local_temp_V_154' <Predicate = (!icmp_ln249)> <Delay = 0.00>
ST_1 : Operation 27 [1/1] (0.00ns)   --->   "%local_temp_V_155 = partselect i2 @_ssdm_op_PartSelect.i2.i304.i32.i32, i304 %in1_V_read, i32 10, i32 11"   --->   Operation 27 'partselect' 'local_temp_V_155' <Predicate = (!icmp_ln249)> <Delay = 0.00>
ST_1 : Operation 28 [1/1] (0.00ns)   --->   "%local_temp_V_156 = partselect i2 @_ssdm_op_PartSelect.i2.i304.i32.i32, i304 %in1_V_read, i32 12, i32 13"   --->   Operation 28 'partselect' 'local_temp_V_156' <Predicate = (!icmp_ln249)> <Delay = 0.00>
ST_1 : Operation 29 [1/1] (0.00ns)   --->   "%local_temp_V_157 = partselect i2 @_ssdm_op_PartSelect.i2.i304.i32.i32, i304 %in1_V_read, i32 14, i32 15"   --->   Operation 29 'partselect' 'local_temp_V_157' <Predicate = (!icmp_ln249)> <Delay = 0.00>
ST_1 : Operation 30 [1/1] (0.00ns)   --->   "%local_temp_V_158 = partselect i2 @_ssdm_op_PartSelect.i2.i304.i32.i32, i304 %in1_V_read, i32 16, i32 17"   --->   Operation 30 'partselect' 'local_temp_V_158' <Predicate = (!icmp_ln249)> <Delay = 0.00>
ST_1 : Operation 31 [1/1] (0.00ns)   --->   "%local_temp_V_159 = partselect i2 @_ssdm_op_PartSelect.i2.i304.i32.i32, i304 %in1_V_read, i32 18, i32 19"   --->   Operation 31 'partselect' 'local_temp_V_159' <Predicate = (!icmp_ln249)> <Delay = 0.00>
ST_1 : Operation 32 [1/1] (0.00ns)   --->   "%local_temp_V_160 = partselect i2 @_ssdm_op_PartSelect.i2.i304.i32.i32, i304 %in1_V_read, i32 20, i32 21"   --->   Operation 32 'partselect' 'local_temp_V_160' <Predicate = (!icmp_ln249)> <Delay = 0.00>
ST_1 : Operation 33 [1/1] (0.00ns)   --->   "%local_temp_V_161 = partselect i2 @_ssdm_op_PartSelect.i2.i304.i32.i32, i304 %in1_V_read, i32 22, i32 23"   --->   Operation 33 'partselect' 'local_temp_V_161' <Predicate = (!icmp_ln249)> <Delay = 0.00>
ST_1 : Operation 34 [1/1] (0.00ns)   --->   "%local_temp_V_162 = partselect i2 @_ssdm_op_PartSelect.i2.i304.i32.i32, i304 %in1_V_read, i32 24, i32 25"   --->   Operation 34 'partselect' 'local_temp_V_162' <Predicate = (!icmp_ln249)> <Delay = 0.00>
ST_1 : Operation 35 [1/1] (0.00ns)   --->   "%local_temp_V_163 = partselect i2 @_ssdm_op_PartSelect.i2.i304.i32.i32, i304 %in1_V_read, i32 26, i32 27"   --->   Operation 35 'partselect' 'local_temp_V_163' <Predicate = (!icmp_ln249)> <Delay = 0.00>
ST_1 : Operation 36 [1/1] (0.00ns)   --->   "%local_temp_V_164 = partselect i2 @_ssdm_op_PartSelect.i2.i304.i32.i32, i304 %in1_V_read, i32 28, i32 29"   --->   Operation 36 'partselect' 'local_temp_V_164' <Predicate = (!icmp_ln249)> <Delay = 0.00>
ST_1 : Operation 37 [1/1] (0.00ns)   --->   "%local_temp_V_165 = partselect i2 @_ssdm_op_PartSelect.i2.i304.i32.i32, i304 %in1_V_read, i32 30, i32 31"   --->   Operation 37 'partselect' 'local_temp_V_165' <Predicate = (!icmp_ln249)> <Delay = 0.00>
ST_1 : Operation 38 [1/1] (0.00ns)   --->   "%local_temp_V_166 = partselect i2 @_ssdm_op_PartSelect.i2.i304.i32.i32, i304 %in1_V_read, i32 32, i32 33"   --->   Operation 38 'partselect' 'local_temp_V_166' <Predicate = (!icmp_ln249)> <Delay = 0.00>
ST_1 : Operation 39 [1/1] (0.00ns)   --->   "%local_temp_V_167 = partselect i2 @_ssdm_op_PartSelect.i2.i304.i32.i32, i304 %in1_V_read, i32 34, i32 35"   --->   Operation 39 'partselect' 'local_temp_V_167' <Predicate = (!icmp_ln249)> <Delay = 0.00>
ST_1 : Operation 40 [1/1] (0.00ns)   --->   "%local_temp_V_168 = partselect i2 @_ssdm_op_PartSelect.i2.i304.i32.i32, i304 %in1_V_read, i32 36, i32 37"   --->   Operation 40 'partselect' 'local_temp_V_168' <Predicate = (!icmp_ln249)> <Delay = 0.00>
ST_1 : Operation 41 [1/1] (0.00ns)   --->   "%local_temp_V_169 = partselect i2 @_ssdm_op_PartSelect.i2.i304.i32.i32, i304 %in1_V_read, i32 38, i32 39"   --->   Operation 41 'partselect' 'local_temp_V_169' <Predicate = (!icmp_ln249)> <Delay = 0.00>
ST_1 : Operation 42 [1/1] (0.00ns)   --->   "%local_temp_V_170 = partselect i2 @_ssdm_op_PartSelect.i2.i304.i32.i32, i304 %in1_V_read, i32 40, i32 41"   --->   Operation 42 'partselect' 'local_temp_V_170' <Predicate = (!icmp_ln249)> <Delay = 0.00>
ST_1 : Operation 43 [1/1] (0.00ns)   --->   "%local_temp_V_171 = partselect i2 @_ssdm_op_PartSelect.i2.i304.i32.i32, i304 %in1_V_read, i32 42, i32 43"   --->   Operation 43 'partselect' 'local_temp_V_171' <Predicate = (!icmp_ln249)> <Delay = 0.00>
ST_1 : Operation 44 [1/1] (0.00ns)   --->   "%local_temp_V_172 = partselect i2 @_ssdm_op_PartSelect.i2.i304.i32.i32, i304 %in1_V_read, i32 44, i32 45"   --->   Operation 44 'partselect' 'local_temp_V_172' <Predicate = (!icmp_ln249)> <Delay = 0.00>
ST_1 : Operation 45 [1/1] (0.00ns)   --->   "%local_temp_V_173 = partselect i2 @_ssdm_op_PartSelect.i2.i304.i32.i32, i304 %in1_V_read, i32 46, i32 47"   --->   Operation 45 'partselect' 'local_temp_V_173' <Predicate = (!icmp_ln249)> <Delay = 0.00>
ST_1 : Operation 46 [1/1] (0.00ns)   --->   "%local_temp_V_174 = partselect i2 @_ssdm_op_PartSelect.i2.i304.i32.i32, i304 %in1_V_read, i32 48, i32 49"   --->   Operation 46 'partselect' 'local_temp_V_174' <Predicate = (!icmp_ln249)> <Delay = 0.00>
ST_1 : Operation 47 [1/1] (0.00ns)   --->   "%r_V = trunc i200 %inElem"   --->   Operation 47 'trunc' 'r_V' <Predicate = (!icmp_ln249)> <Delay = 0.00>
ST_1 : Operation 48 [1/1] (0.00ns)   --->   "%r_V_1 = partselect i8 @_ssdm_op_PartSelect.i8.i200.i32.i32, i200 %inElem, i32 8, i32 15"   --->   Operation 48 'partselect' 'r_V_1' <Predicate = (!icmp_ln249)> <Delay = 0.00>
ST_1 : Operation 49 [1/1] (0.00ns)   --->   "%r_V_2 = partselect i8 @_ssdm_op_PartSelect.i8.i200.i32.i32, i200 %inElem, i32 16, i32 23"   --->   Operation 49 'partselect' 'r_V_2' <Predicate = (!icmp_ln249)> <Delay = 0.00>
ST_1 : Operation 50 [1/1] (0.00ns)   --->   "%r_V_3 = partselect i8 @_ssdm_op_PartSelect.i8.i200.i32.i32, i200 %inElem, i32 24, i32 31"   --->   Operation 50 'partselect' 'r_V_3' <Predicate = (!icmp_ln249)> <Delay = 0.00>
ST_1 : Operation 51 [1/1] (0.00ns)   --->   "%r_V_4 = partselect i8 @_ssdm_op_PartSelect.i8.i200.i32.i32, i200 %inElem, i32 32, i32 39"   --->   Operation 51 'partselect' 'r_V_4' <Predicate = (!icmp_ln249)> <Delay = 0.00>
ST_1 : Operation 52 [1/1] (0.00ns)   --->   "%r_V_5 = partselect i8 @_ssdm_op_PartSelect.i8.i200.i32.i32, i200 %inElem, i32 40, i32 47"   --->   Operation 52 'partselect' 'r_V_5' <Predicate = (!icmp_ln249)> <Delay = 0.00>
ST_1 : Operation 53 [1/1] (0.00ns)   --->   "%r_V_6 = partselect i8 @_ssdm_op_PartSelect.i8.i200.i32.i32, i200 %inElem, i32 48, i32 55"   --->   Operation 53 'partselect' 'r_V_6' <Predicate = (!icmp_ln249)> <Delay = 0.00>
ST_1 : Operation 54 [1/1] (0.00ns)   --->   "%r_V_7 = partselect i8 @_ssdm_op_PartSelect.i8.i200.i32.i32, i200 %inElem, i32 56, i32 63"   --->   Operation 54 'partselect' 'r_V_7' <Predicate = (!icmp_ln249)> <Delay = 0.00>
ST_1 : Operation 55 [1/1] (0.00ns)   --->   "%r_V_8 = partselect i8 @_ssdm_op_PartSelect.i8.i200.i32.i32, i200 %inElem, i32 64, i32 71"   --->   Operation 55 'partselect' 'r_V_8' <Predicate = (!icmp_ln249)> <Delay = 0.00>
ST_1 : Operation 56 [1/1] (0.00ns)   --->   "%r_V_9 = partselect i8 @_ssdm_op_PartSelect.i8.i200.i32.i32, i200 %inElem, i32 72, i32 79"   --->   Operation 56 'partselect' 'r_V_9' <Predicate = (!icmp_ln249)> <Delay = 0.00>
ST_1 : Operation 57 [1/1] (0.00ns)   --->   "%r_V_10 = partselect i8 @_ssdm_op_PartSelect.i8.i200.i32.i32, i200 %inElem, i32 80, i32 87"   --->   Operation 57 'partselect' 'r_V_10' <Predicate = (!icmp_ln249)> <Delay = 0.00>
ST_1 : Operation 58 [1/1] (0.00ns)   --->   "%r_V_11 = partselect i8 @_ssdm_op_PartSelect.i8.i200.i32.i32, i200 %inElem, i32 88, i32 95"   --->   Operation 58 'partselect' 'r_V_11' <Predicate = (!icmp_ln249)> <Delay = 0.00>
ST_1 : Operation 59 [1/1] (0.00ns)   --->   "%r_V_12 = partselect i8 @_ssdm_op_PartSelect.i8.i200.i32.i32, i200 %inElem, i32 96, i32 103"   --->   Operation 59 'partselect' 'r_V_12' <Predicate = (!icmp_ln249)> <Delay = 0.00>
ST_1 : Operation 60 [1/1] (0.00ns)   --->   "%r_V_13 = partselect i8 @_ssdm_op_PartSelect.i8.i200.i32.i32, i200 %inElem, i32 104, i32 111"   --->   Operation 60 'partselect' 'r_V_13' <Predicate = (!icmp_ln249)> <Delay = 0.00>
ST_1 : Operation 61 [1/1] (0.00ns)   --->   "%r_V_14 = partselect i8 @_ssdm_op_PartSelect.i8.i200.i32.i32, i200 %inElem, i32 112, i32 119"   --->   Operation 61 'partselect' 'r_V_14' <Predicate = (!icmp_ln249)> <Delay = 0.00>
ST_1 : Operation 62 [1/1] (0.00ns)   --->   "%r_V_15 = partselect i8 @_ssdm_op_PartSelect.i8.i200.i32.i32, i200 %inElem, i32 120, i32 127"   --->   Operation 62 'partselect' 'r_V_15' <Predicate = (!icmp_ln249)> <Delay = 0.00>
ST_1 : Operation 63 [1/1] (0.00ns)   --->   "%r_V_16 = partselect i8 @_ssdm_op_PartSelect.i8.i200.i32.i32, i200 %inElem, i32 128, i32 135"   --->   Operation 63 'partselect' 'r_V_16' <Predicate = (!icmp_ln249)> <Delay = 0.00>
ST_1 : Operation 64 [1/1] (0.00ns)   --->   "%r_V_17 = partselect i8 @_ssdm_op_PartSelect.i8.i200.i32.i32, i200 %inElem, i32 136, i32 143"   --->   Operation 64 'partselect' 'r_V_17' <Predicate = (!icmp_ln249)> <Delay = 0.00>
ST_1 : Operation 65 [1/1] (0.00ns)   --->   "%r_V_18 = partselect i8 @_ssdm_op_PartSelect.i8.i200.i32.i32, i200 %inElem, i32 144, i32 151"   --->   Operation 65 'partselect' 'r_V_18' <Predicate = (!icmp_ln249)> <Delay = 0.00>
ST_1 : Operation 66 [1/1] (0.00ns)   --->   "%r_V_19 = partselect i8 @_ssdm_op_PartSelect.i8.i200.i32.i32, i200 %inElem, i32 152, i32 159"   --->   Operation 66 'partselect' 'r_V_19' <Predicate = (!icmp_ln249)> <Delay = 0.00>
ST_1 : Operation 67 [1/1] (0.00ns)   --->   "%r_V_20 = partselect i8 @_ssdm_op_PartSelect.i8.i200.i32.i32, i200 %inElem, i32 160, i32 167"   --->   Operation 67 'partselect' 'r_V_20' <Predicate = (!icmp_ln249)> <Delay = 0.00>
ST_1 : Operation 68 [1/1] (0.00ns)   --->   "%r_V_21 = partselect i8 @_ssdm_op_PartSelect.i8.i200.i32.i32, i200 %inElem, i32 168, i32 175"   --->   Operation 68 'partselect' 'r_V_21' <Predicate = (!icmp_ln249)> <Delay = 0.00>
ST_1 : Operation 69 [1/1] (0.00ns)   --->   "%r_V_22 = partselect i8 @_ssdm_op_PartSelect.i8.i200.i32.i32, i200 %inElem, i32 176, i32 183"   --->   Operation 69 'partselect' 'r_V_22' <Predicate = (!icmp_ln249)> <Delay = 0.00>
ST_1 : Operation 70 [1/1] (0.00ns)   --->   "%r_V_23 = partselect i8 @_ssdm_op_PartSelect.i8.i200.i32.i32, i200 %inElem, i32 184, i32 191"   --->   Operation 70 'partselect' 'r_V_23' <Predicate = (!icmp_ln249)> <Delay = 0.00>
ST_1 : Operation 71 [1/1] (0.00ns)   --->   "%r_V_24 = partselect i8 @_ssdm_op_PartSelect.i8.i200.i32.i32, i200 %inElem, i32 192, i32 199"   --->   Operation 71 'partselect' 'r_V_24' <Predicate = (!icmp_ln249)> <Delay = 0.00>
ST_1 : Operation 72 [1/1] (0.00ns)   --->   "%local_temp_V = partselect i2 @_ssdm_op_PartSelect.i2.i304.i32.i32, i304 %in1_V_read, i32 50, i32 51"   --->   Operation 72 'partselect' 'local_temp_V' <Predicate = (!icmp_ln249)> <Delay = 0.00>
ST_1 : Operation 73 [1/1] (0.00ns)   --->   "%local_temp_V_26 = partselect i2 @_ssdm_op_PartSelect.i2.i304.i32.i32, i304 %in1_V_read, i32 52, i32 53"   --->   Operation 73 'partselect' 'local_temp_V_26' <Predicate = (!icmp_ln249)> <Delay = 0.00>
ST_1 : Operation 74 [1/1] (0.00ns)   --->   "%local_temp_V_27 = partselect i2 @_ssdm_op_PartSelect.i2.i304.i32.i32, i304 %in1_V_read, i32 54, i32 55"   --->   Operation 74 'partselect' 'local_temp_V_27' <Predicate = (!icmp_ln249)> <Delay = 0.00>
ST_1 : Operation 75 [1/1] (0.00ns)   --->   "%local_temp_V_28 = partselect i2 @_ssdm_op_PartSelect.i2.i304.i32.i32, i304 %in1_V_read, i32 56, i32 57"   --->   Operation 75 'partselect' 'local_temp_V_28' <Predicate = (!icmp_ln249)> <Delay = 0.00>
ST_1 : Operation 76 [1/1] (0.00ns)   --->   "%local_temp_V_29 = partselect i2 @_ssdm_op_PartSelect.i2.i304.i32.i32, i304 %in1_V_read, i32 58, i32 59"   --->   Operation 76 'partselect' 'local_temp_V_29' <Predicate = (!icmp_ln249)> <Delay = 0.00>
ST_1 : Operation 77 [1/1] (0.00ns)   --->   "%local_temp_V_30 = partselect i2 @_ssdm_op_PartSelect.i2.i304.i32.i32, i304 %in1_V_read, i32 60, i32 61"   --->   Operation 77 'partselect' 'local_temp_V_30' <Predicate = (!icmp_ln249)> <Delay = 0.00>
ST_1 : Operation 78 [1/1] (0.00ns)   --->   "%local_temp_V_31 = partselect i2 @_ssdm_op_PartSelect.i2.i304.i32.i32, i304 %in1_V_read, i32 62, i32 63"   --->   Operation 78 'partselect' 'local_temp_V_31' <Predicate = (!icmp_ln249)> <Delay = 0.00>
ST_1 : Operation 79 [1/1] (0.00ns)   --->   "%local_temp_V_32 = partselect i2 @_ssdm_op_PartSelect.i2.i304.i32.i32, i304 %in1_V_read, i32 64, i32 65"   --->   Operation 79 'partselect' 'local_temp_V_32' <Predicate = (!icmp_ln249)> <Delay = 0.00>
ST_1 : Operation 80 [1/1] (0.00ns)   --->   "%local_temp_V_33 = partselect i2 @_ssdm_op_PartSelect.i2.i304.i32.i32, i304 %in1_V_read, i32 66, i32 67"   --->   Operation 80 'partselect' 'local_temp_V_33' <Predicate = (!icmp_ln249)> <Delay = 0.00>
ST_1 : Operation 81 [1/1] (0.00ns)   --->   "%local_temp_V_34 = partselect i2 @_ssdm_op_PartSelect.i2.i304.i32.i32, i304 %in1_V_read, i32 68, i32 69"   --->   Operation 81 'partselect' 'local_temp_V_34' <Predicate = (!icmp_ln249)> <Delay = 0.00>
ST_1 : Operation 82 [1/1] (0.00ns)   --->   "%local_temp_V_35 = partselect i2 @_ssdm_op_PartSelect.i2.i304.i32.i32, i304 %in1_V_read, i32 70, i32 71"   --->   Operation 82 'partselect' 'local_temp_V_35' <Predicate = (!icmp_ln249)> <Delay = 0.00>
ST_1 : Operation 83 [1/1] (0.00ns)   --->   "%local_temp_V_36 = partselect i2 @_ssdm_op_PartSelect.i2.i304.i32.i32, i304 %in1_V_read, i32 72, i32 73"   --->   Operation 83 'partselect' 'local_temp_V_36' <Predicate = (!icmp_ln249)> <Delay = 0.00>
ST_1 : Operation 84 [1/1] (0.00ns)   --->   "%local_temp_V_37 = partselect i2 @_ssdm_op_PartSelect.i2.i304.i32.i32, i304 %in1_V_read, i32 74, i32 75"   --->   Operation 84 'partselect' 'local_temp_V_37' <Predicate = (!icmp_ln249)> <Delay = 0.00>
ST_1 : Operation 85 [1/1] (0.00ns)   --->   "%local_temp_V_38 = partselect i2 @_ssdm_op_PartSelect.i2.i304.i32.i32, i304 %in1_V_read, i32 76, i32 77"   --->   Operation 85 'partselect' 'local_temp_V_38' <Predicate = (!icmp_ln249)> <Delay = 0.00>
ST_1 : Operation 86 [1/1] (0.00ns)   --->   "%local_temp_V_39 = partselect i2 @_ssdm_op_PartSelect.i2.i304.i32.i32, i304 %in1_V_read, i32 78, i32 79"   --->   Operation 86 'partselect' 'local_temp_V_39' <Predicate = (!icmp_ln249)> <Delay = 0.00>
ST_1 : Operation 87 [1/1] (0.00ns)   --->   "%local_temp_V_40 = partselect i2 @_ssdm_op_PartSelect.i2.i304.i32.i32, i304 %in1_V_read, i32 80, i32 81"   --->   Operation 87 'partselect' 'local_temp_V_40' <Predicate = (!icmp_ln249)> <Delay = 0.00>
ST_1 : Operation 88 [1/1] (0.00ns)   --->   "%local_temp_V_41 = partselect i2 @_ssdm_op_PartSelect.i2.i304.i32.i32, i304 %in1_V_read, i32 82, i32 83"   --->   Operation 88 'partselect' 'local_temp_V_41' <Predicate = (!icmp_ln249)> <Delay = 0.00>
ST_1 : Operation 89 [1/1] (0.00ns)   --->   "%local_temp_V_42 = partselect i2 @_ssdm_op_PartSelect.i2.i304.i32.i32, i304 %in1_V_read, i32 84, i32 85"   --->   Operation 89 'partselect' 'local_temp_V_42' <Predicate = (!icmp_ln249)> <Delay = 0.00>
ST_1 : Operation 90 [1/1] (0.00ns)   --->   "%local_temp_V_43 = partselect i2 @_ssdm_op_PartSelect.i2.i304.i32.i32, i304 %in1_V_read, i32 86, i32 87"   --->   Operation 90 'partselect' 'local_temp_V_43' <Predicate = (!icmp_ln249)> <Delay = 0.00>
ST_1 : Operation 91 [1/1] (0.00ns)   --->   "%local_temp_V_44 = partselect i2 @_ssdm_op_PartSelect.i2.i304.i32.i32, i304 %in1_V_read, i32 88, i32 89"   --->   Operation 91 'partselect' 'local_temp_V_44' <Predicate = (!icmp_ln249)> <Delay = 0.00>
ST_1 : Operation 92 [1/1] (0.00ns)   --->   "%local_temp_V_45 = partselect i2 @_ssdm_op_PartSelect.i2.i304.i32.i32, i304 %in1_V_read, i32 90, i32 91"   --->   Operation 92 'partselect' 'local_temp_V_45' <Predicate = (!icmp_ln249)> <Delay = 0.00>
ST_1 : Operation 93 [1/1] (0.00ns)   --->   "%local_temp_V_46 = partselect i2 @_ssdm_op_PartSelect.i2.i304.i32.i32, i304 %in1_V_read, i32 92, i32 93"   --->   Operation 93 'partselect' 'local_temp_V_46' <Predicate = (!icmp_ln249)> <Delay = 0.00>
ST_1 : Operation 94 [1/1] (0.00ns)   --->   "%local_temp_V_47 = partselect i2 @_ssdm_op_PartSelect.i2.i304.i32.i32, i304 %in1_V_read, i32 94, i32 95"   --->   Operation 94 'partselect' 'local_temp_V_47' <Predicate = (!icmp_ln249)> <Delay = 0.00>
ST_1 : Operation 95 [1/1] (0.00ns)   --->   "%local_temp_V_48 = partselect i2 @_ssdm_op_PartSelect.i2.i304.i32.i32, i304 %in1_V_read, i32 96, i32 97"   --->   Operation 95 'partselect' 'local_temp_V_48' <Predicate = (!icmp_ln249)> <Delay = 0.00>
ST_1 : Operation 96 [1/1] (0.00ns)   --->   "%local_temp_V_49 = partselect i2 @_ssdm_op_PartSelect.i2.i304.i32.i32, i304 %in1_V_read, i32 98, i32 99"   --->   Operation 96 'partselect' 'local_temp_V_49' <Predicate = (!icmp_ln249)> <Delay = 0.00>
ST_1 : Operation 97 [1/1] (0.00ns)   --->   "%local_temp_V_50 = partselect i2 @_ssdm_op_PartSelect.i2.i304.i32.i32, i304 %in1_V_read, i32 100, i32 101"   --->   Operation 97 'partselect' 'local_temp_V_50' <Predicate = (!icmp_ln249)> <Delay = 0.00>
ST_1 : Operation 98 [1/1] (0.00ns)   --->   "%local_temp_V_51 = partselect i2 @_ssdm_op_PartSelect.i2.i304.i32.i32, i304 %in1_V_read, i32 102, i32 103"   --->   Operation 98 'partselect' 'local_temp_V_51' <Predicate = (!icmp_ln249)> <Delay = 0.00>
ST_1 : Operation 99 [1/1] (0.00ns)   --->   "%local_temp_V_52 = partselect i2 @_ssdm_op_PartSelect.i2.i304.i32.i32, i304 %in1_V_read, i32 104, i32 105"   --->   Operation 99 'partselect' 'local_temp_V_52' <Predicate = (!icmp_ln249)> <Delay = 0.00>
ST_1 : Operation 100 [1/1] (0.00ns)   --->   "%local_temp_V_53 = partselect i2 @_ssdm_op_PartSelect.i2.i304.i32.i32, i304 %in1_V_read, i32 106, i32 107"   --->   Operation 100 'partselect' 'local_temp_V_53' <Predicate = (!icmp_ln249)> <Delay = 0.00>
ST_1 : Operation 101 [1/1] (0.00ns)   --->   "%local_temp_V_54 = partselect i2 @_ssdm_op_PartSelect.i2.i304.i32.i32, i304 %in1_V_read, i32 108, i32 109"   --->   Operation 101 'partselect' 'local_temp_V_54' <Predicate = (!icmp_ln249)> <Delay = 0.00>
ST_1 : Operation 102 [1/1] (0.00ns)   --->   "%local_temp_V_55 = partselect i2 @_ssdm_op_PartSelect.i2.i304.i32.i32, i304 %in1_V_read, i32 110, i32 111"   --->   Operation 102 'partselect' 'local_temp_V_55' <Predicate = (!icmp_ln249)> <Delay = 0.00>
ST_1 : Operation 103 [1/1] (0.00ns)   --->   "%local_temp_V_56 = partselect i2 @_ssdm_op_PartSelect.i2.i304.i32.i32, i304 %in1_V_read, i32 112, i32 113"   --->   Operation 103 'partselect' 'local_temp_V_56' <Predicate = (!icmp_ln249)> <Delay = 0.00>
ST_1 : Operation 104 [1/1] (0.00ns)   --->   "%local_temp_V_57 = partselect i2 @_ssdm_op_PartSelect.i2.i304.i32.i32, i304 %in1_V_read, i32 114, i32 115"   --->   Operation 104 'partselect' 'local_temp_V_57' <Predicate = (!icmp_ln249)> <Delay = 0.00>
ST_1 : Operation 105 [1/1] (0.00ns)   --->   "%local_temp_V_58 = partselect i2 @_ssdm_op_PartSelect.i2.i304.i32.i32, i304 %in1_V_read, i32 116, i32 117"   --->   Operation 105 'partselect' 'local_temp_V_58' <Predicate = (!icmp_ln249)> <Delay = 0.00>
ST_1 : Operation 106 [1/1] (0.00ns)   --->   "%local_temp_V_59 = partselect i2 @_ssdm_op_PartSelect.i2.i304.i32.i32, i304 %in1_V_read, i32 118, i32 119"   --->   Operation 106 'partselect' 'local_temp_V_59' <Predicate = (!icmp_ln249)> <Delay = 0.00>
ST_1 : Operation 107 [1/1] (0.00ns)   --->   "%local_temp_V_60 = partselect i2 @_ssdm_op_PartSelect.i2.i304.i32.i32, i304 %in1_V_read, i32 120, i32 121"   --->   Operation 107 'partselect' 'local_temp_V_60' <Predicate = (!icmp_ln249)> <Delay = 0.00>
ST_1 : Operation 108 [1/1] (0.00ns)   --->   "%local_temp_V_61 = partselect i2 @_ssdm_op_PartSelect.i2.i304.i32.i32, i304 %in1_V_read, i32 122, i32 123"   --->   Operation 108 'partselect' 'local_temp_V_61' <Predicate = (!icmp_ln249)> <Delay = 0.00>
ST_1 : Operation 109 [1/1] (0.00ns)   --->   "%local_temp_V_62 = partselect i2 @_ssdm_op_PartSelect.i2.i304.i32.i32, i304 %in1_V_read, i32 124, i32 125"   --->   Operation 109 'partselect' 'local_temp_V_62' <Predicate = (!icmp_ln249)> <Delay = 0.00>
ST_1 : Operation 110 [1/1] (0.00ns)   --->   "%local_temp_V_63 = partselect i2 @_ssdm_op_PartSelect.i2.i304.i32.i32, i304 %in1_V_read, i32 126, i32 127"   --->   Operation 110 'partselect' 'local_temp_V_63' <Predicate = (!icmp_ln249)> <Delay = 0.00>
ST_1 : Operation 111 [1/1] (0.00ns)   --->   "%local_temp_V_64 = partselect i2 @_ssdm_op_PartSelect.i2.i304.i32.i32, i304 %in1_V_read, i32 128, i32 129"   --->   Operation 111 'partselect' 'local_temp_V_64' <Predicate = (!icmp_ln249)> <Delay = 0.00>
ST_1 : Operation 112 [1/1] (0.00ns)   --->   "%local_temp_V_65 = partselect i2 @_ssdm_op_PartSelect.i2.i304.i32.i32, i304 %in1_V_read, i32 130, i32 131"   --->   Operation 112 'partselect' 'local_temp_V_65' <Predicate = (!icmp_ln249)> <Delay = 0.00>
ST_1 : Operation 113 [1/1] (0.00ns)   --->   "%local_temp_V_66 = partselect i2 @_ssdm_op_PartSelect.i2.i304.i32.i32, i304 %in1_V_read, i32 132, i32 133"   --->   Operation 113 'partselect' 'local_temp_V_66' <Predicate = (!icmp_ln249)> <Delay = 0.00>
ST_1 : Operation 114 [1/1] (0.00ns)   --->   "%local_temp_V_67 = partselect i2 @_ssdm_op_PartSelect.i2.i304.i32.i32, i304 %in1_V_read, i32 134, i32 135"   --->   Operation 114 'partselect' 'local_temp_V_67' <Predicate = (!icmp_ln249)> <Delay = 0.00>
ST_1 : Operation 115 [1/1] (0.00ns)   --->   "%local_temp_V_68 = partselect i2 @_ssdm_op_PartSelect.i2.i304.i32.i32, i304 %in1_V_read, i32 136, i32 137"   --->   Operation 115 'partselect' 'local_temp_V_68' <Predicate = (!icmp_ln249)> <Delay = 0.00>
ST_1 : Operation 116 [1/1] (0.00ns)   --->   "%local_temp_V_69 = partselect i2 @_ssdm_op_PartSelect.i2.i304.i32.i32, i304 %in1_V_read, i32 138, i32 139"   --->   Operation 116 'partselect' 'local_temp_V_69' <Predicate = (!icmp_ln249)> <Delay = 0.00>
ST_1 : Operation 117 [1/1] (0.00ns)   --->   "%local_temp_V_70 = partselect i2 @_ssdm_op_PartSelect.i2.i304.i32.i32, i304 %in1_V_read, i32 140, i32 141"   --->   Operation 117 'partselect' 'local_temp_V_70' <Predicate = (!icmp_ln249)> <Delay = 0.00>
ST_1 : Operation 118 [1/1] (0.00ns)   --->   "%local_temp_V_71 = partselect i2 @_ssdm_op_PartSelect.i2.i304.i32.i32, i304 %in1_V_read, i32 142, i32 143"   --->   Operation 118 'partselect' 'local_temp_V_71' <Predicate = (!icmp_ln249)> <Delay = 0.00>
ST_1 : Operation 119 [1/1] (0.00ns)   --->   "%local_temp_V_72 = partselect i2 @_ssdm_op_PartSelect.i2.i304.i32.i32, i304 %in1_V_read, i32 144, i32 145"   --->   Operation 119 'partselect' 'local_temp_V_72' <Predicate = (!icmp_ln249)> <Delay = 0.00>
ST_1 : Operation 120 [1/1] (0.00ns)   --->   "%local_temp_V_73 = partselect i2 @_ssdm_op_PartSelect.i2.i304.i32.i32, i304 %in1_V_read, i32 146, i32 147"   --->   Operation 120 'partselect' 'local_temp_V_73' <Predicate = (!icmp_ln249)> <Delay = 0.00>
ST_1 : Operation 121 [1/1] (0.00ns)   --->   "%local_temp_V_74 = partselect i2 @_ssdm_op_PartSelect.i2.i304.i32.i32, i304 %in1_V_read, i32 148, i32 149"   --->   Operation 121 'partselect' 'local_temp_V_74' <Predicate = (!icmp_ln249)> <Delay = 0.00>
ST_1 : Operation 122 [1/1] (0.00ns)   --->   "%local_temp_V_75 = partselect i2 @_ssdm_op_PartSelect.i2.i304.i32.i32, i304 %in1_V_read, i32 150, i32 151"   --->   Operation 122 'partselect' 'local_temp_V_75' <Predicate = (!icmp_ln249)> <Delay = 0.00>
ST_1 : Operation 123 [1/1] (0.00ns)   --->   "%local_temp_V_76 = partselect i2 @_ssdm_op_PartSelect.i2.i304.i32.i32, i304 %in1_V_read, i32 152, i32 153"   --->   Operation 123 'partselect' 'local_temp_V_76' <Predicate = (!icmp_ln249)> <Delay = 0.00>
ST_1 : Operation 124 [1/1] (0.00ns)   --->   "%local_temp_V_77 = partselect i2 @_ssdm_op_PartSelect.i2.i304.i32.i32, i304 %in1_V_read, i32 154, i32 155"   --->   Operation 124 'partselect' 'local_temp_V_77' <Predicate = (!icmp_ln249)> <Delay = 0.00>
ST_1 : Operation 125 [1/1] (0.00ns)   --->   "%local_temp_V_78 = partselect i2 @_ssdm_op_PartSelect.i2.i304.i32.i32, i304 %in1_V_read, i32 156, i32 157"   --->   Operation 125 'partselect' 'local_temp_V_78' <Predicate = (!icmp_ln249)> <Delay = 0.00>
ST_1 : Operation 126 [1/1] (0.00ns)   --->   "%local_temp_V_79 = partselect i2 @_ssdm_op_PartSelect.i2.i304.i32.i32, i304 %in1_V_read, i32 158, i32 159"   --->   Operation 126 'partselect' 'local_temp_V_79' <Predicate = (!icmp_ln249)> <Delay = 0.00>
ST_1 : Operation 127 [1/1] (0.00ns)   --->   "%local_temp_V_80 = partselect i2 @_ssdm_op_PartSelect.i2.i304.i32.i32, i304 %in1_V_read, i32 160, i32 161"   --->   Operation 127 'partselect' 'local_temp_V_80' <Predicate = (!icmp_ln249)> <Delay = 0.00>
ST_1 : Operation 128 [1/1] (0.00ns)   --->   "%local_temp_V_81 = partselect i2 @_ssdm_op_PartSelect.i2.i304.i32.i32, i304 %in1_V_read, i32 162, i32 163"   --->   Operation 128 'partselect' 'local_temp_V_81' <Predicate = (!icmp_ln249)> <Delay = 0.00>
ST_1 : Operation 129 [1/1] (0.00ns)   --->   "%local_temp_V_82 = partselect i2 @_ssdm_op_PartSelect.i2.i304.i32.i32, i304 %in1_V_read, i32 164, i32 165"   --->   Operation 129 'partselect' 'local_temp_V_82' <Predicate = (!icmp_ln249)> <Delay = 0.00>
ST_1 : Operation 130 [1/1] (0.00ns)   --->   "%local_temp_V_83 = partselect i2 @_ssdm_op_PartSelect.i2.i304.i32.i32, i304 %in1_V_read, i32 166, i32 167"   --->   Operation 130 'partselect' 'local_temp_V_83' <Predicate = (!icmp_ln249)> <Delay = 0.00>
ST_1 : Operation 131 [1/1] (0.00ns)   --->   "%local_temp_V_84 = partselect i2 @_ssdm_op_PartSelect.i2.i304.i32.i32, i304 %in1_V_read, i32 168, i32 169"   --->   Operation 131 'partselect' 'local_temp_V_84' <Predicate = (!icmp_ln249)> <Delay = 0.00>
ST_1 : Operation 132 [1/1] (0.00ns)   --->   "%local_temp_V_85 = partselect i2 @_ssdm_op_PartSelect.i2.i304.i32.i32, i304 %in1_V_read, i32 170, i32 171"   --->   Operation 132 'partselect' 'local_temp_V_85' <Predicate = (!icmp_ln249)> <Delay = 0.00>
ST_1 : Operation 133 [1/1] (0.00ns)   --->   "%local_temp_V_86 = partselect i2 @_ssdm_op_PartSelect.i2.i304.i32.i32, i304 %in1_V_read, i32 172, i32 173"   --->   Operation 133 'partselect' 'local_temp_V_86' <Predicate = (!icmp_ln249)> <Delay = 0.00>
ST_1 : Operation 134 [1/1] (0.00ns)   --->   "%local_temp_V_87 = partselect i2 @_ssdm_op_PartSelect.i2.i304.i32.i32, i304 %in1_V_read, i32 174, i32 175"   --->   Operation 134 'partselect' 'local_temp_V_87' <Predicate = (!icmp_ln249)> <Delay = 0.00>
ST_1 : Operation 135 [1/1] (0.00ns)   --->   "%local_temp_V_88 = partselect i2 @_ssdm_op_PartSelect.i2.i304.i32.i32, i304 %in1_V_read, i32 176, i32 177"   --->   Operation 135 'partselect' 'local_temp_V_88' <Predicate = (!icmp_ln249)> <Delay = 0.00>
ST_1 : Operation 136 [1/1] (0.00ns)   --->   "%local_temp_V_89 = partselect i2 @_ssdm_op_PartSelect.i2.i304.i32.i32, i304 %in1_V_read, i32 178, i32 179"   --->   Operation 136 'partselect' 'local_temp_V_89' <Predicate = (!icmp_ln249)> <Delay = 0.00>
ST_1 : Operation 137 [1/1] (0.00ns)   --->   "%local_temp_V_90 = partselect i2 @_ssdm_op_PartSelect.i2.i304.i32.i32, i304 %in1_V_read, i32 180, i32 181"   --->   Operation 137 'partselect' 'local_temp_V_90' <Predicate = (!icmp_ln249)> <Delay = 0.00>
ST_1 : Operation 138 [1/1] (0.00ns)   --->   "%local_temp_V_91 = partselect i2 @_ssdm_op_PartSelect.i2.i304.i32.i32, i304 %in1_V_read, i32 182, i32 183"   --->   Operation 138 'partselect' 'local_temp_V_91' <Predicate = (!icmp_ln249)> <Delay = 0.00>
ST_1 : Operation 139 [1/1] (0.00ns)   --->   "%local_temp_V_92 = partselect i2 @_ssdm_op_PartSelect.i2.i304.i32.i32, i304 %in1_V_read, i32 184, i32 185"   --->   Operation 139 'partselect' 'local_temp_V_92' <Predicate = (!icmp_ln249)> <Delay = 0.00>
ST_1 : Operation 140 [1/1] (0.00ns)   --->   "%local_temp_V_93 = partselect i2 @_ssdm_op_PartSelect.i2.i304.i32.i32, i304 %in1_V_read, i32 186, i32 187"   --->   Operation 140 'partselect' 'local_temp_V_93' <Predicate = (!icmp_ln249)> <Delay = 0.00>
ST_1 : Operation 141 [1/1] (0.00ns)   --->   "%local_temp_V_94 = partselect i2 @_ssdm_op_PartSelect.i2.i304.i32.i32, i304 %in1_V_read, i32 188, i32 189"   --->   Operation 141 'partselect' 'local_temp_V_94' <Predicate = (!icmp_ln249)> <Delay = 0.00>
ST_1 : Operation 142 [1/1] (0.00ns)   --->   "%local_temp_V_95 = partselect i2 @_ssdm_op_PartSelect.i2.i304.i32.i32, i304 %in1_V_read, i32 190, i32 191"   --->   Operation 142 'partselect' 'local_temp_V_95' <Predicate = (!icmp_ln249)> <Delay = 0.00>
ST_1 : Operation 143 [1/1] (0.00ns)   --->   "%local_temp_V_96 = partselect i2 @_ssdm_op_PartSelect.i2.i304.i32.i32, i304 %in1_V_read, i32 192, i32 193"   --->   Operation 143 'partselect' 'local_temp_V_96' <Predicate = (!icmp_ln249)> <Delay = 0.00>
ST_1 : Operation 144 [1/1] (0.00ns)   --->   "%local_temp_V_97 = partselect i2 @_ssdm_op_PartSelect.i2.i304.i32.i32, i304 %in1_V_read, i32 194, i32 195"   --->   Operation 144 'partselect' 'local_temp_V_97' <Predicate = (!icmp_ln249)> <Delay = 0.00>
ST_1 : Operation 145 [1/1] (0.00ns)   --->   "%local_temp_V_98 = partselect i2 @_ssdm_op_PartSelect.i2.i304.i32.i32, i304 %in1_V_read, i32 196, i32 197"   --->   Operation 145 'partselect' 'local_temp_V_98' <Predicate = (!icmp_ln249)> <Delay = 0.00>
ST_1 : Operation 146 [1/1] (0.00ns)   --->   "%local_temp_V_99 = partselect i2 @_ssdm_op_PartSelect.i2.i304.i32.i32, i304 %in1_V_read, i32 198, i32 199"   --->   Operation 146 'partselect' 'local_temp_V_99' <Predicate = (!icmp_ln249)> <Delay = 0.00>
ST_1 : Operation 147 [1/1] (0.00ns)   --->   "%local_temp_V_100 = partselect i2 @_ssdm_op_PartSelect.i2.i304.i32.i32, i304 %in1_V_read, i32 200, i32 201"   --->   Operation 147 'partselect' 'local_temp_V_100' <Predicate = (!icmp_ln249)> <Delay = 0.00>
ST_1 : Operation 148 [1/1] (0.00ns)   --->   "%local_temp_V_101 = partselect i2 @_ssdm_op_PartSelect.i2.i304.i32.i32, i304 %in1_V_read, i32 202, i32 203"   --->   Operation 148 'partselect' 'local_temp_V_101' <Predicate = (!icmp_ln249)> <Delay = 0.00>
ST_1 : Operation 149 [1/1] (0.00ns)   --->   "%local_temp_V_102 = partselect i2 @_ssdm_op_PartSelect.i2.i304.i32.i32, i304 %in1_V_read, i32 204, i32 205"   --->   Operation 149 'partselect' 'local_temp_V_102' <Predicate = (!icmp_ln249)> <Delay = 0.00>
ST_1 : Operation 150 [1/1] (0.00ns)   --->   "%local_temp_V_103 = partselect i2 @_ssdm_op_PartSelect.i2.i304.i32.i32, i304 %in1_V_read, i32 206, i32 207"   --->   Operation 150 'partselect' 'local_temp_V_103' <Predicate = (!icmp_ln249)> <Delay = 0.00>
ST_1 : Operation 151 [1/1] (0.00ns)   --->   "%local_temp_V_104 = partselect i2 @_ssdm_op_PartSelect.i2.i304.i32.i32, i304 %in1_V_read, i32 208, i32 209"   --->   Operation 151 'partselect' 'local_temp_V_104' <Predicate = (!icmp_ln249)> <Delay = 0.00>
ST_1 : Operation 152 [1/1] (0.00ns)   --->   "%local_temp_V_105 = partselect i2 @_ssdm_op_PartSelect.i2.i304.i32.i32, i304 %in1_V_read, i32 210, i32 211"   --->   Operation 152 'partselect' 'local_temp_V_105' <Predicate = (!icmp_ln249)> <Delay = 0.00>
ST_1 : Operation 153 [1/1] (0.00ns)   --->   "%local_temp_V_106 = partselect i2 @_ssdm_op_PartSelect.i2.i304.i32.i32, i304 %in1_V_read, i32 212, i32 213"   --->   Operation 153 'partselect' 'local_temp_V_106' <Predicate = (!icmp_ln249)> <Delay = 0.00>
ST_1 : Operation 154 [1/1] (0.00ns)   --->   "%local_temp_V_107 = partselect i2 @_ssdm_op_PartSelect.i2.i304.i32.i32, i304 %in1_V_read, i32 214, i32 215"   --->   Operation 154 'partselect' 'local_temp_V_107' <Predicate = (!icmp_ln249)> <Delay = 0.00>
ST_1 : Operation 155 [1/1] (0.00ns)   --->   "%local_temp_V_108 = partselect i2 @_ssdm_op_PartSelect.i2.i304.i32.i32, i304 %in1_V_read, i32 216, i32 217"   --->   Operation 155 'partselect' 'local_temp_V_108' <Predicate = (!icmp_ln249)> <Delay = 0.00>
ST_1 : Operation 156 [1/1] (0.00ns)   --->   "%local_temp_V_109 = partselect i2 @_ssdm_op_PartSelect.i2.i304.i32.i32, i304 %in1_V_read, i32 218, i32 219"   --->   Operation 156 'partselect' 'local_temp_V_109' <Predicate = (!icmp_ln249)> <Delay = 0.00>
ST_1 : Operation 157 [1/1] (0.00ns)   --->   "%local_temp_V_110 = partselect i2 @_ssdm_op_PartSelect.i2.i304.i32.i32, i304 %in1_V_read, i32 220, i32 221"   --->   Operation 157 'partselect' 'local_temp_V_110' <Predicate = (!icmp_ln249)> <Delay = 0.00>
ST_1 : Operation 158 [1/1] (0.00ns)   --->   "%local_temp_V_111 = partselect i2 @_ssdm_op_PartSelect.i2.i304.i32.i32, i304 %in1_V_read, i32 222, i32 223"   --->   Operation 158 'partselect' 'local_temp_V_111' <Predicate = (!icmp_ln249)> <Delay = 0.00>
ST_1 : Operation 159 [1/1] (0.00ns)   --->   "%local_temp_V_112 = partselect i2 @_ssdm_op_PartSelect.i2.i304.i32.i32, i304 %in1_V_read, i32 224, i32 225"   --->   Operation 159 'partselect' 'local_temp_V_112' <Predicate = (!icmp_ln249)> <Delay = 0.00>
ST_1 : Operation 160 [1/1] (0.00ns)   --->   "%local_temp_V_113 = partselect i2 @_ssdm_op_PartSelect.i2.i304.i32.i32, i304 %in1_V_read, i32 226, i32 227"   --->   Operation 160 'partselect' 'local_temp_V_113' <Predicate = (!icmp_ln249)> <Delay = 0.00>
ST_1 : Operation 161 [1/1] (0.00ns)   --->   "%local_temp_V_114 = partselect i2 @_ssdm_op_PartSelect.i2.i304.i32.i32, i304 %in1_V_read, i32 228, i32 229"   --->   Operation 161 'partselect' 'local_temp_V_114' <Predicate = (!icmp_ln249)> <Delay = 0.00>
ST_1 : Operation 162 [1/1] (0.00ns)   --->   "%local_temp_V_115 = partselect i2 @_ssdm_op_PartSelect.i2.i304.i32.i32, i304 %in1_V_read, i32 230, i32 231"   --->   Operation 162 'partselect' 'local_temp_V_115' <Predicate = (!icmp_ln249)> <Delay = 0.00>
ST_1 : Operation 163 [1/1] (0.00ns)   --->   "%local_temp_V_116 = partselect i2 @_ssdm_op_PartSelect.i2.i304.i32.i32, i304 %in1_V_read, i32 232, i32 233"   --->   Operation 163 'partselect' 'local_temp_V_116' <Predicate = (!icmp_ln249)> <Delay = 0.00>
ST_1 : Operation 164 [1/1] (0.00ns)   --->   "%local_temp_V_117 = partselect i2 @_ssdm_op_PartSelect.i2.i304.i32.i32, i304 %in1_V_read, i32 234, i32 235"   --->   Operation 164 'partselect' 'local_temp_V_117' <Predicate = (!icmp_ln249)> <Delay = 0.00>
ST_1 : Operation 165 [1/1] (0.00ns)   --->   "%local_temp_V_118 = partselect i2 @_ssdm_op_PartSelect.i2.i304.i32.i32, i304 %in1_V_read, i32 236, i32 237"   --->   Operation 165 'partselect' 'local_temp_V_118' <Predicate = (!icmp_ln249)> <Delay = 0.00>
ST_1 : Operation 166 [1/1] (0.00ns)   --->   "%local_temp_V_119 = partselect i2 @_ssdm_op_PartSelect.i2.i304.i32.i32, i304 %in1_V_read, i32 238, i32 239"   --->   Operation 166 'partselect' 'local_temp_V_119' <Predicate = (!icmp_ln249)> <Delay = 0.00>
ST_1 : Operation 167 [1/1] (0.00ns)   --->   "%local_temp_V_120 = partselect i2 @_ssdm_op_PartSelect.i2.i304.i32.i32, i304 %in1_V_read, i32 240, i32 241"   --->   Operation 167 'partselect' 'local_temp_V_120' <Predicate = (!icmp_ln249)> <Delay = 0.00>
ST_1 : Operation 168 [1/1] (0.00ns)   --->   "%local_temp_V_121 = partselect i2 @_ssdm_op_PartSelect.i2.i304.i32.i32, i304 %in1_V_read, i32 242, i32 243"   --->   Operation 168 'partselect' 'local_temp_V_121' <Predicate = (!icmp_ln249)> <Delay = 0.00>
ST_1 : Operation 169 [1/1] (0.00ns)   --->   "%local_temp_V_122 = partselect i2 @_ssdm_op_PartSelect.i2.i304.i32.i32, i304 %in1_V_read, i32 244, i32 245"   --->   Operation 169 'partselect' 'local_temp_V_122' <Predicate = (!icmp_ln249)> <Delay = 0.00>
ST_1 : Operation 170 [1/1] (0.00ns)   --->   "%local_temp_V_123 = partselect i2 @_ssdm_op_PartSelect.i2.i304.i32.i32, i304 %in1_V_read, i32 246, i32 247"   --->   Operation 170 'partselect' 'local_temp_V_123' <Predicate = (!icmp_ln249)> <Delay = 0.00>
ST_1 : Operation 171 [1/1] (0.00ns)   --->   "%local_temp_V_124 = partselect i2 @_ssdm_op_PartSelect.i2.i304.i32.i32, i304 %in1_V_read, i32 248, i32 249"   --->   Operation 171 'partselect' 'local_temp_V_124' <Predicate = (!icmp_ln249)> <Delay = 0.00>
ST_1 : Operation 172 [1/1] (0.00ns)   --->   "%local_temp_V_125 = partselect i2 @_ssdm_op_PartSelect.i2.i304.i32.i32, i304 %in1_V_read, i32 250, i32 251"   --->   Operation 172 'partselect' 'local_temp_V_125' <Predicate = (!icmp_ln249)> <Delay = 0.00>
ST_1 : Operation 173 [1/1] (0.00ns)   --->   "%local_temp_V_126 = partselect i2 @_ssdm_op_PartSelect.i2.i304.i32.i32, i304 %in1_V_read, i32 252, i32 253"   --->   Operation 173 'partselect' 'local_temp_V_126' <Predicate = (!icmp_ln249)> <Delay = 0.00>
ST_1 : Operation 174 [1/1] (0.00ns)   --->   "%local_temp_V_127 = partselect i2 @_ssdm_op_PartSelect.i2.i304.i32.i32, i304 %in1_V_read, i32 254, i32 255"   --->   Operation 174 'partselect' 'local_temp_V_127' <Predicate = (!icmp_ln249)> <Delay = 0.00>
ST_1 : Operation 175 [1/1] (0.00ns)   --->   "%local_temp_V_128 = partselect i2 @_ssdm_op_PartSelect.i2.i304.i32.i32, i304 %in1_V_read, i32 256, i32 257"   --->   Operation 175 'partselect' 'local_temp_V_128' <Predicate = (!icmp_ln249)> <Delay = 0.00>
ST_1 : Operation 176 [1/1] (0.00ns)   --->   "%local_temp_V_129 = partselect i2 @_ssdm_op_PartSelect.i2.i304.i32.i32, i304 %in1_V_read, i32 258, i32 259"   --->   Operation 176 'partselect' 'local_temp_V_129' <Predicate = (!icmp_ln249)> <Delay = 0.00>
ST_1 : Operation 177 [1/1] (0.00ns)   --->   "%local_temp_V_130 = partselect i2 @_ssdm_op_PartSelect.i2.i304.i32.i32, i304 %in1_V_read, i32 260, i32 261"   --->   Operation 177 'partselect' 'local_temp_V_130' <Predicate = (!icmp_ln249)> <Delay = 0.00>
ST_1 : Operation 178 [1/1] (0.00ns)   --->   "%local_temp_V_131 = partselect i2 @_ssdm_op_PartSelect.i2.i304.i32.i32, i304 %in1_V_read, i32 262, i32 263"   --->   Operation 178 'partselect' 'local_temp_V_131' <Predicate = (!icmp_ln249)> <Delay = 0.00>
ST_1 : Operation 179 [1/1] (0.00ns)   --->   "%local_temp_V_132 = partselect i2 @_ssdm_op_PartSelect.i2.i304.i32.i32, i304 %in1_V_read, i32 264, i32 265"   --->   Operation 179 'partselect' 'local_temp_V_132' <Predicate = (!icmp_ln249)> <Delay = 0.00>
ST_1 : Operation 180 [1/1] (0.00ns)   --->   "%local_temp_V_133 = partselect i2 @_ssdm_op_PartSelect.i2.i304.i32.i32, i304 %in1_V_read, i32 266, i32 267"   --->   Operation 180 'partselect' 'local_temp_V_133' <Predicate = (!icmp_ln249)> <Delay = 0.00>
ST_1 : Operation 181 [1/1] (0.00ns)   --->   "%local_temp_V_134 = partselect i2 @_ssdm_op_PartSelect.i2.i304.i32.i32, i304 %in1_V_read, i32 268, i32 269"   --->   Operation 181 'partselect' 'local_temp_V_134' <Predicate = (!icmp_ln249)> <Delay = 0.00>
ST_1 : Operation 182 [1/1] (0.00ns)   --->   "%local_temp_V_135 = partselect i2 @_ssdm_op_PartSelect.i2.i304.i32.i32, i304 %in1_V_read, i32 270, i32 271"   --->   Operation 182 'partselect' 'local_temp_V_135' <Predicate = (!icmp_ln249)> <Delay = 0.00>
ST_1 : Operation 183 [1/1] (0.00ns)   --->   "%local_temp_V_136 = partselect i2 @_ssdm_op_PartSelect.i2.i304.i32.i32, i304 %in1_V_read, i32 272, i32 273"   --->   Operation 183 'partselect' 'local_temp_V_136' <Predicate = (!icmp_ln249)> <Delay = 0.00>
ST_1 : Operation 184 [1/1] (0.00ns)   --->   "%local_temp_V_137 = partselect i2 @_ssdm_op_PartSelect.i2.i304.i32.i32, i304 %in1_V_read, i32 274, i32 275"   --->   Operation 184 'partselect' 'local_temp_V_137' <Predicate = (!icmp_ln249)> <Delay = 0.00>
ST_1 : Operation 185 [1/1] (0.00ns)   --->   "%local_temp_V_138 = partselect i2 @_ssdm_op_PartSelect.i2.i304.i32.i32, i304 %in1_V_read, i32 276, i32 277"   --->   Operation 185 'partselect' 'local_temp_V_138' <Predicate = (!icmp_ln249)> <Delay = 0.00>
ST_1 : Operation 186 [1/1] (0.00ns)   --->   "%local_temp_V_139 = partselect i2 @_ssdm_op_PartSelect.i2.i304.i32.i32, i304 %in1_V_read, i32 278, i32 279"   --->   Operation 186 'partselect' 'local_temp_V_139' <Predicate = (!icmp_ln249)> <Delay = 0.00>
ST_1 : Operation 187 [1/1] (0.00ns)   --->   "%local_temp_V_140 = partselect i2 @_ssdm_op_PartSelect.i2.i304.i32.i32, i304 %in1_V_read, i32 280, i32 281"   --->   Operation 187 'partselect' 'local_temp_V_140' <Predicate = (!icmp_ln249)> <Delay = 0.00>
ST_1 : Operation 188 [1/1] (0.00ns)   --->   "%local_temp_V_141 = partselect i2 @_ssdm_op_PartSelect.i2.i304.i32.i32, i304 %in1_V_read, i32 282, i32 283"   --->   Operation 188 'partselect' 'local_temp_V_141' <Predicate = (!icmp_ln249)> <Delay = 0.00>
ST_1 : Operation 189 [1/1] (0.00ns)   --->   "%local_temp_V_142 = partselect i2 @_ssdm_op_PartSelect.i2.i304.i32.i32, i304 %in1_V_read, i32 284, i32 285"   --->   Operation 189 'partselect' 'local_temp_V_142' <Predicate = (!icmp_ln249)> <Delay = 0.00>
ST_1 : Operation 190 [1/1] (0.00ns)   --->   "%local_temp_V_143 = partselect i2 @_ssdm_op_PartSelect.i2.i304.i32.i32, i304 %in1_V_read, i32 286, i32 287"   --->   Operation 190 'partselect' 'local_temp_V_143' <Predicate = (!icmp_ln249)> <Delay = 0.00>
ST_1 : Operation 191 [1/1] (0.00ns)   --->   "%local_temp_V_144 = partselect i2 @_ssdm_op_PartSelect.i2.i304.i32.i32, i304 %in1_V_read, i32 288, i32 289"   --->   Operation 191 'partselect' 'local_temp_V_144' <Predicate = (!icmp_ln249)> <Delay = 0.00>
ST_1 : Operation 192 [1/1] (0.00ns)   --->   "%local_temp_V_145 = partselect i2 @_ssdm_op_PartSelect.i2.i304.i32.i32, i304 %in1_V_read, i32 290, i32 291"   --->   Operation 192 'partselect' 'local_temp_V_145' <Predicate = (!icmp_ln249)> <Delay = 0.00>
ST_1 : Operation 193 [1/1] (0.00ns)   --->   "%local_temp_V_146 = partselect i2 @_ssdm_op_PartSelect.i2.i304.i32.i32, i304 %in1_V_read, i32 292, i32 293"   --->   Operation 193 'partselect' 'local_temp_V_146' <Predicate = (!icmp_ln249)> <Delay = 0.00>
ST_1 : Operation 194 [1/1] (0.00ns)   --->   "%local_temp_V_147 = partselect i2 @_ssdm_op_PartSelect.i2.i304.i32.i32, i304 %in1_V_read, i32 294, i32 295"   --->   Operation 194 'partselect' 'local_temp_V_147' <Predicate = (!icmp_ln249)> <Delay = 0.00>
ST_1 : Operation 195 [1/1] (0.00ns)   --->   "%local_temp_V_148 = partselect i2 @_ssdm_op_PartSelect.i2.i304.i32.i32, i304 %in1_V_read, i32 296, i32 297"   --->   Operation 195 'partselect' 'local_temp_V_148' <Predicate = (!icmp_ln249)> <Delay = 0.00>
ST_1 : Operation 196 [1/1] (0.00ns)   --->   "%local_temp_V_149 = partselect i2 @_ssdm_op_PartSelect.i2.i304.i32.i32, i304 %in1_V_read, i32 298, i32 299"   --->   Operation 196 'partselect' 'local_temp_V_149' <Predicate = (!icmp_ln249)> <Delay = 0.00>
ST_1 : Operation 197 [1/1] (0.42ns)   --->   "%store_ln249 = store i10 %i_2, i10 %i" [/home/changhong/prj/finn/deps/finn-hlslib/mvau.hpp:249]   --->   Operation 197 'store' 'store_ln249' <Predicate = (!icmp_ln249)> <Delay = 0.42>

State 2 <SV = 1> <Delay = 0.99>
ST_2 : Operation 198 [1/1] (0.00ns)   --->   "%sext_ln186_2 = sext i2 %local_temp_V_152"   --->   Operation 198 'sext' 'sext_ln186_2' <Predicate = (!icmp_ln249)> <Delay = 0.00>
ST_2 : Operation 199 [1/1] (0.00ns)   --->   "%sext_ln1494_2 = sext i8 %r_V_2"   --->   Operation 199 'sext' 'sext_ln1494_2' <Predicate = (!icmp_ln249)> <Delay = 0.00>
ST_2 : Operation 200 [3/3] (0.99ns) (grouped into DSP with root node add_ln840)   --->   "%ret_V_2 = mul i10 %sext_ln1494_2, i10 %sext_ln186_2"   --->   Operation 200 'mul' 'ret_V_2' <Predicate = (!icmp_ln249)> <Delay = 0.99> <CoreInst = "DSP48">   --->   Core 127 'DSP48' <Latency = 3> <II = 1> <Delay = 0.53> <IPBlock> <Opcode : 'mul' 'add' 'sub' 'select'> <InPorts = 0> <OutPorts = 1> <Sync> <CReg>
ST_2 : Operation 201 [1/1] (0.00ns)   --->   "%sext_ln186_5 = sext i2 %local_temp_V_155"   --->   Operation 201 'sext' 'sext_ln186_5' <Predicate = (!icmp_ln249)> <Delay = 0.00>
ST_2 : Operation 202 [1/1] (0.00ns)   --->   "%sext_ln1494_5 = sext i8 %r_V_5"   --->   Operation 202 'sext' 'sext_ln1494_5' <Predicate = (!icmp_ln249)> <Delay = 0.00>
ST_2 : Operation 203 [3/3] (0.99ns) (grouped into DSP with root node add_ln840_2)   --->   "%ret_V_5 = mul i10 %sext_ln1494_5, i10 %sext_ln186_5"   --->   Operation 203 'mul' 'ret_V_5' <Predicate = (!icmp_ln249)> <Delay = 0.99> <CoreInst = "DSP48">   --->   Core 127 'DSP48' <Latency = 3> <II = 1> <Delay = 0.53> <IPBlock> <Opcode : 'mul' 'add' 'sub' 'select'> <InPorts = 0> <OutPorts = 1> <Sync> <CReg>
ST_2 : Operation 204 [1/1] (0.00ns)   --->   "%sext_ln186_8 = sext i2 %local_temp_V_158"   --->   Operation 204 'sext' 'sext_ln186_8' <Predicate = (!icmp_ln249)> <Delay = 0.00>
ST_2 : Operation 205 [1/1] (0.00ns)   --->   "%sext_ln1494_8 = sext i8 %r_V_8"   --->   Operation 205 'sext' 'sext_ln1494_8' <Predicate = (!icmp_ln249)> <Delay = 0.00>
ST_2 : Operation 206 [3/3] (0.99ns) (grouped into DSP with root node add_ln840_5)   --->   "%ret_V_8 = mul i10 %sext_ln1494_8, i10 %sext_ln186_8"   --->   Operation 206 'mul' 'ret_V_8' <Predicate = (!icmp_ln249)> <Delay = 0.99> <CoreInst = "DSP48">   --->   Core 127 'DSP48' <Latency = 3> <II = 1> <Delay = 0.53> <IPBlock> <Opcode : 'mul' 'add' 'sub' 'select'> <InPorts = 0> <OutPorts = 1> <Sync> <CReg>
ST_2 : Operation 207 [1/1] (0.00ns)   --->   "%sext_ln186_11 = sext i2 %local_temp_V_161"   --->   Operation 207 'sext' 'sext_ln186_11' <Predicate = (!icmp_ln249)> <Delay = 0.00>
ST_2 : Operation 208 [1/1] (0.00ns)   --->   "%sext_ln1494_11 = sext i8 %r_V_11"   --->   Operation 208 'sext' 'sext_ln1494_11' <Predicate = (!icmp_ln249)> <Delay = 0.00>
ST_2 : Operation 209 [3/3] (0.99ns) (grouped into DSP with root node add_ln840_7)   --->   "%ret_V_11 = mul i10 %sext_ln1494_11, i10 %sext_ln186_11"   --->   Operation 209 'mul' 'ret_V_11' <Predicate = (!icmp_ln249)> <Delay = 0.99> <CoreInst = "DSP48">   --->   Core 127 'DSP48' <Latency = 3> <II = 1> <Delay = 0.53> <IPBlock> <Opcode : 'mul' 'add' 'sub' 'select'> <InPorts = 0> <OutPorts = 1> <Sync> <CReg>
ST_2 : Operation 210 [1/1] (0.00ns)   --->   "%sext_ln186_14 = sext i2 %local_temp_V_164"   --->   Operation 210 'sext' 'sext_ln186_14' <Predicate = (!icmp_ln249)> <Delay = 0.00>
ST_2 : Operation 211 [1/1] (0.00ns)   --->   "%sext_ln1494_14 = sext i8 %r_V_14"   --->   Operation 211 'sext' 'sext_ln1494_14' <Predicate = (!icmp_ln249)> <Delay = 0.00>
ST_2 : Operation 212 [3/3] (0.99ns) (grouped into DSP with root node add_ln840_11)   --->   "%ret_V_14 = mul i10 %sext_ln1494_14, i10 %sext_ln186_14"   --->   Operation 212 'mul' 'ret_V_14' <Predicate = (!icmp_ln249)> <Delay = 0.99> <CoreInst = "DSP48">   --->   Core 127 'DSP48' <Latency = 3> <II = 1> <Delay = 0.53> <IPBlock> <Opcode : 'mul' 'add' 'sub' 'select'> <InPorts = 0> <OutPorts = 1> <Sync> <CReg>
ST_2 : Operation 213 [1/1] (0.00ns)   --->   "%sext_ln186_17 = sext i2 %local_temp_V_167"   --->   Operation 213 'sext' 'sext_ln186_17' <Predicate = (!icmp_ln249)> <Delay = 0.00>
ST_2 : Operation 214 [1/1] (0.00ns)   --->   "%sext_ln1494_17 = sext i8 %r_V_17"   --->   Operation 214 'sext' 'sext_ln1494_17' <Predicate = (!icmp_ln249)> <Delay = 0.00>
ST_2 : Operation 215 [3/3] (0.99ns) (grouped into DSP with root node add_ln840_13)   --->   "%ret_V_17 = mul i10 %sext_ln1494_17, i10 %sext_ln186_17"   --->   Operation 215 'mul' 'ret_V_17' <Predicate = (!icmp_ln249)> <Delay = 0.99> <CoreInst = "DSP48">   --->   Core 127 'DSP48' <Latency = 3> <II = 1> <Delay = 0.53> <IPBlock> <Opcode : 'mul' 'add' 'sub' 'select'> <InPorts = 0> <OutPorts = 1> <Sync> <CReg>
ST_2 : Operation 216 [1/1] (0.00ns)   --->   "%sext_ln186_20 = sext i2 %local_temp_V_170"   --->   Operation 216 'sext' 'sext_ln186_20' <Predicate = (!icmp_ln249)> <Delay = 0.00>
ST_2 : Operation 217 [1/1] (0.00ns)   --->   "%sext_ln1494_20 = sext i8 %r_V_20"   --->   Operation 217 'sext' 'sext_ln1494_20' <Predicate = (!icmp_ln249)> <Delay = 0.00>
ST_2 : Operation 218 [3/3] (0.99ns) (grouped into DSP with root node add_ln840_16)   --->   "%ret_V_20 = mul i10 %sext_ln1494_20, i10 %sext_ln186_20"   --->   Operation 218 'mul' 'ret_V_20' <Predicate = (!icmp_ln249)> <Delay = 0.99> <CoreInst = "DSP48">   --->   Core 127 'DSP48' <Latency = 3> <II = 1> <Delay = 0.53> <IPBlock> <Opcode : 'mul' 'add' 'sub' 'select'> <InPorts = 0> <OutPorts = 1> <Sync> <CReg>
ST_2 : Operation 219 [1/1] (0.00ns)   --->   "%sext_ln1494_27 = sext i2 %local_temp_V_27"   --->   Operation 219 'sext' 'sext_ln1494_27' <Predicate = (!icmp_ln249)> <Delay = 0.00>
ST_2 : Operation 220 [3/3] (0.99ns) (grouped into DSP with root node add_ln840_24)   --->   "%ret_V_27 = mul i10 %sext_ln1494_2, i10 %sext_ln1494_27"   --->   Operation 220 'mul' 'ret_V_27' <Predicate = (!icmp_ln249)> <Delay = 0.99> <CoreInst = "DSP48">   --->   Core 127 'DSP48' <Latency = 3> <II = 1> <Delay = 0.53> <IPBlock> <Opcode : 'mul' 'add' 'sub' 'select'> <InPorts = 0> <OutPorts = 1> <Sync> <CReg>
ST_2 : Operation 221 [1/1] (0.00ns)   --->   "%sext_ln1494_30 = sext i2 %local_temp_V_30"   --->   Operation 221 'sext' 'sext_ln1494_30' <Predicate = (!icmp_ln249)> <Delay = 0.00>
ST_2 : Operation 222 [3/3] (0.99ns) (grouped into DSP with root node add_ln840_26)   --->   "%ret_V_30 = mul i10 %sext_ln1494_5, i10 %sext_ln1494_30"   --->   Operation 222 'mul' 'ret_V_30' <Predicate = (!icmp_ln249)> <Delay = 0.99> <CoreInst = "DSP48">   --->   Core 127 'DSP48' <Latency = 3> <II = 1> <Delay = 0.53> <IPBlock> <Opcode : 'mul' 'add' 'sub' 'select'> <InPorts = 0> <OutPorts = 1> <Sync> <CReg>
ST_2 : Operation 223 [1/1] (0.00ns)   --->   "%sext_ln1494_33 = sext i2 %local_temp_V_33"   --->   Operation 223 'sext' 'sext_ln1494_33' <Predicate = (!icmp_ln249)> <Delay = 0.00>
ST_2 : Operation 224 [3/3] (0.99ns) (grouped into DSP with root node add_ln840_29)   --->   "%ret_V_33 = mul i10 %sext_ln1494_8, i10 %sext_ln1494_33"   --->   Operation 224 'mul' 'ret_V_33' <Predicate = (!icmp_ln249)> <Delay = 0.99> <CoreInst = "DSP48">   --->   Core 127 'DSP48' <Latency = 3> <II = 1> <Delay = 0.53> <IPBlock> <Opcode : 'mul' 'add' 'sub' 'select'> <InPorts = 0> <OutPorts = 1> <Sync> <CReg>
ST_2 : Operation 225 [1/1] (0.00ns)   --->   "%sext_ln1494_36 = sext i2 %local_temp_V_36"   --->   Operation 225 'sext' 'sext_ln1494_36' <Predicate = (!icmp_ln249)> <Delay = 0.00>
ST_2 : Operation 226 [3/3] (0.99ns) (grouped into DSP with root node add_ln840_31)   --->   "%ret_V_36 = mul i10 %sext_ln1494_11, i10 %sext_ln1494_36"   --->   Operation 226 'mul' 'ret_V_36' <Predicate = (!icmp_ln249)> <Delay = 0.99> <CoreInst = "DSP48">   --->   Core 127 'DSP48' <Latency = 3> <II = 1> <Delay = 0.53> <IPBlock> <Opcode : 'mul' 'add' 'sub' 'select'> <InPorts = 0> <OutPorts = 1> <Sync> <CReg>
ST_2 : Operation 227 [1/1] (0.00ns)   --->   "%sext_ln1494_39 = sext i2 %local_temp_V_39"   --->   Operation 227 'sext' 'sext_ln1494_39' <Predicate = (!icmp_ln249)> <Delay = 0.00>
ST_2 : Operation 228 [3/3] (0.99ns) (grouped into DSP with root node add_ln840_35)   --->   "%ret_V_39 = mul i10 %sext_ln1494_14, i10 %sext_ln1494_39"   --->   Operation 228 'mul' 'ret_V_39' <Predicate = (!icmp_ln249)> <Delay = 0.99> <CoreInst = "DSP48">   --->   Core 127 'DSP48' <Latency = 3> <II = 1> <Delay = 0.53> <IPBlock> <Opcode : 'mul' 'add' 'sub' 'select'> <InPorts = 0> <OutPorts = 1> <Sync> <CReg>
ST_2 : Operation 229 [1/1] (0.00ns)   --->   "%sext_ln1494_42 = sext i2 %local_temp_V_42"   --->   Operation 229 'sext' 'sext_ln1494_42' <Predicate = (!icmp_ln249)> <Delay = 0.00>
ST_2 : Operation 230 [3/3] (0.99ns) (grouped into DSP with root node add_ln840_37)   --->   "%ret_V_42 = mul i10 %sext_ln1494_17, i10 %sext_ln1494_42"   --->   Operation 230 'mul' 'ret_V_42' <Predicate = (!icmp_ln249)> <Delay = 0.99> <CoreInst = "DSP48">   --->   Core 127 'DSP48' <Latency = 3> <II = 1> <Delay = 0.53> <IPBlock> <Opcode : 'mul' 'add' 'sub' 'select'> <InPorts = 0> <OutPorts = 1> <Sync> <CReg>
ST_2 : Operation 231 [1/1] (0.00ns)   --->   "%sext_ln1494_45 = sext i2 %local_temp_V_45"   --->   Operation 231 'sext' 'sext_ln1494_45' <Predicate = (!icmp_ln249)> <Delay = 0.00>
ST_2 : Operation 232 [3/3] (0.99ns) (grouped into DSP with root node add_ln840_40)   --->   "%ret_V_45 = mul i10 %sext_ln1494_20, i10 %sext_ln1494_45"   --->   Operation 232 'mul' 'ret_V_45' <Predicate = (!icmp_ln249)> <Delay = 0.99> <CoreInst = "DSP48">   --->   Core 127 'DSP48' <Latency = 3> <II = 1> <Delay = 0.53> <IPBlock> <Opcode : 'mul' 'add' 'sub' 'select'> <InPorts = 0> <OutPorts = 1> <Sync> <CReg>
ST_2 : Operation 233 [1/1] (0.00ns)   --->   "%sext_ln1494_52 = sext i2 %local_temp_V_52"   --->   Operation 233 'sext' 'sext_ln1494_52' <Predicate = (!icmp_ln249)> <Delay = 0.00>
ST_2 : Operation 234 [3/3] (0.99ns) (grouped into DSP with root node add_ln840_48)   --->   "%ret_V_52 = mul i10 %sext_ln1494_2, i10 %sext_ln1494_52"   --->   Operation 234 'mul' 'ret_V_52' <Predicate = (!icmp_ln249)> <Delay = 0.99> <CoreInst = "DSP48">   --->   Core 127 'DSP48' <Latency = 3> <II = 1> <Delay = 0.53> <IPBlock> <Opcode : 'mul' 'add' 'sub' 'select'> <InPorts = 0> <OutPorts = 1> <Sync> <CReg>
ST_2 : Operation 235 [1/1] (0.00ns)   --->   "%sext_ln1494_55 = sext i2 %local_temp_V_55"   --->   Operation 235 'sext' 'sext_ln1494_55' <Predicate = (!icmp_ln249)> <Delay = 0.00>
ST_2 : Operation 236 [3/3] (0.99ns) (grouped into DSP with root node add_ln840_50)   --->   "%ret_V_55 = mul i10 %sext_ln1494_5, i10 %sext_ln1494_55"   --->   Operation 236 'mul' 'ret_V_55' <Predicate = (!icmp_ln249)> <Delay = 0.99> <CoreInst = "DSP48">   --->   Core 127 'DSP48' <Latency = 3> <II = 1> <Delay = 0.53> <IPBlock> <Opcode : 'mul' 'add' 'sub' 'select'> <InPorts = 0> <OutPorts = 1> <Sync> <CReg>
ST_2 : Operation 237 [1/1] (0.00ns)   --->   "%sext_ln1494_58 = sext i2 %local_temp_V_58"   --->   Operation 237 'sext' 'sext_ln1494_58' <Predicate = (!icmp_ln249)> <Delay = 0.00>
ST_2 : Operation 238 [3/3] (0.99ns) (grouped into DSP with root node add_ln840_53)   --->   "%ret_V_58 = mul i10 %sext_ln1494_8, i10 %sext_ln1494_58"   --->   Operation 238 'mul' 'ret_V_58' <Predicate = (!icmp_ln249)> <Delay = 0.99> <CoreInst = "DSP48">   --->   Core 127 'DSP48' <Latency = 3> <II = 1> <Delay = 0.53> <IPBlock> <Opcode : 'mul' 'add' 'sub' 'select'> <InPorts = 0> <OutPorts = 1> <Sync> <CReg>
ST_2 : Operation 239 [1/1] (0.00ns)   --->   "%sext_ln1494_61 = sext i2 %local_temp_V_61"   --->   Operation 239 'sext' 'sext_ln1494_61' <Predicate = (!icmp_ln249)> <Delay = 0.00>
ST_2 : Operation 240 [3/3] (0.99ns) (grouped into DSP with root node add_ln840_55)   --->   "%ret_V_61 = mul i10 %sext_ln1494_11, i10 %sext_ln1494_61"   --->   Operation 240 'mul' 'ret_V_61' <Predicate = (!icmp_ln249)> <Delay = 0.99> <CoreInst = "DSP48">   --->   Core 127 'DSP48' <Latency = 3> <II = 1> <Delay = 0.53> <IPBlock> <Opcode : 'mul' 'add' 'sub' 'select'> <InPorts = 0> <OutPorts = 1> <Sync> <CReg>
ST_2 : Operation 241 [1/1] (0.00ns)   --->   "%sext_ln1494_64 = sext i2 %local_temp_V_64"   --->   Operation 241 'sext' 'sext_ln1494_64' <Predicate = (!icmp_ln249)> <Delay = 0.00>
ST_2 : Operation 242 [3/3] (0.99ns) (grouped into DSP with root node add_ln840_59)   --->   "%ret_V_64 = mul i10 %sext_ln1494_14, i10 %sext_ln1494_64"   --->   Operation 242 'mul' 'ret_V_64' <Predicate = (!icmp_ln249)> <Delay = 0.99> <CoreInst = "DSP48">   --->   Core 127 'DSP48' <Latency = 3> <II = 1> <Delay = 0.53> <IPBlock> <Opcode : 'mul' 'add' 'sub' 'select'> <InPorts = 0> <OutPorts = 1> <Sync> <CReg>
ST_2 : Operation 243 [1/1] (0.00ns)   --->   "%sext_ln1494_67 = sext i2 %local_temp_V_67"   --->   Operation 243 'sext' 'sext_ln1494_67' <Predicate = (!icmp_ln249)> <Delay = 0.00>
ST_2 : Operation 244 [3/3] (0.99ns) (grouped into DSP with root node add_ln840_61)   --->   "%ret_V_67 = mul i10 %sext_ln1494_17, i10 %sext_ln1494_67"   --->   Operation 244 'mul' 'ret_V_67' <Predicate = (!icmp_ln249)> <Delay = 0.99> <CoreInst = "DSP48">   --->   Core 127 'DSP48' <Latency = 3> <II = 1> <Delay = 0.53> <IPBlock> <Opcode : 'mul' 'add' 'sub' 'select'> <InPorts = 0> <OutPorts = 1> <Sync> <CReg>
ST_2 : Operation 245 [1/1] (0.00ns)   --->   "%sext_ln1494_70 = sext i2 %local_temp_V_70"   --->   Operation 245 'sext' 'sext_ln1494_70' <Predicate = (!icmp_ln249)> <Delay = 0.00>
ST_2 : Operation 246 [3/3] (0.99ns) (grouped into DSP with root node add_ln840_64)   --->   "%ret_V_70 = mul i10 %sext_ln1494_20, i10 %sext_ln1494_70"   --->   Operation 246 'mul' 'ret_V_70' <Predicate = (!icmp_ln249)> <Delay = 0.99> <CoreInst = "DSP48">   --->   Core 127 'DSP48' <Latency = 3> <II = 1> <Delay = 0.53> <IPBlock> <Opcode : 'mul' 'add' 'sub' 'select'> <InPorts = 0> <OutPorts = 1> <Sync> <CReg>
ST_2 : Operation 247 [1/1] (0.00ns)   --->   "%sext_ln1494_77 = sext i2 %local_temp_V_77"   --->   Operation 247 'sext' 'sext_ln1494_77' <Predicate = (!icmp_ln249)> <Delay = 0.00>
ST_2 : Operation 248 [3/3] (0.99ns) (grouped into DSP with root node add_ln840_72)   --->   "%ret_V_77 = mul i10 %sext_ln1494_2, i10 %sext_ln1494_77"   --->   Operation 248 'mul' 'ret_V_77' <Predicate = (!icmp_ln249)> <Delay = 0.99> <CoreInst = "DSP48">   --->   Core 127 'DSP48' <Latency = 3> <II = 1> <Delay = 0.53> <IPBlock> <Opcode : 'mul' 'add' 'sub' 'select'> <InPorts = 0> <OutPorts = 1> <Sync> <CReg>
ST_2 : Operation 249 [1/1] (0.00ns)   --->   "%sext_ln1494_80 = sext i2 %local_temp_V_80"   --->   Operation 249 'sext' 'sext_ln1494_80' <Predicate = (!icmp_ln249)> <Delay = 0.00>
ST_2 : Operation 250 [3/3] (0.99ns) (grouped into DSP with root node add_ln840_74)   --->   "%ret_V_80 = mul i10 %sext_ln1494_5, i10 %sext_ln1494_80"   --->   Operation 250 'mul' 'ret_V_80' <Predicate = (!icmp_ln249)> <Delay = 0.99> <CoreInst = "DSP48">   --->   Core 127 'DSP48' <Latency = 3> <II = 1> <Delay = 0.53> <IPBlock> <Opcode : 'mul' 'add' 'sub' 'select'> <InPorts = 0> <OutPorts = 1> <Sync> <CReg>
ST_2 : Operation 251 [1/1] (0.00ns)   --->   "%sext_ln1494_83 = sext i2 %local_temp_V_83"   --->   Operation 251 'sext' 'sext_ln1494_83' <Predicate = (!icmp_ln249)> <Delay = 0.00>
ST_2 : Operation 252 [3/3] (0.99ns) (grouped into DSP with root node add_ln840_77)   --->   "%ret_V_83 = mul i10 %sext_ln1494_8, i10 %sext_ln1494_83"   --->   Operation 252 'mul' 'ret_V_83' <Predicate = (!icmp_ln249)> <Delay = 0.99> <CoreInst = "DSP48">   --->   Core 127 'DSP48' <Latency = 3> <II = 1> <Delay = 0.53> <IPBlock> <Opcode : 'mul' 'add' 'sub' 'select'> <InPorts = 0> <OutPorts = 1> <Sync> <CReg>
ST_2 : Operation 253 [1/1] (0.00ns)   --->   "%sext_ln1494_86 = sext i2 %local_temp_V_86"   --->   Operation 253 'sext' 'sext_ln1494_86' <Predicate = (!icmp_ln249)> <Delay = 0.00>
ST_2 : Operation 254 [3/3] (0.99ns) (grouped into DSP with root node add_ln840_79)   --->   "%ret_V_86 = mul i10 %sext_ln1494_11, i10 %sext_ln1494_86"   --->   Operation 254 'mul' 'ret_V_86' <Predicate = (!icmp_ln249)> <Delay = 0.99> <CoreInst = "DSP48">   --->   Core 127 'DSP48' <Latency = 3> <II = 1> <Delay = 0.53> <IPBlock> <Opcode : 'mul' 'add' 'sub' 'select'> <InPorts = 0> <OutPorts = 1> <Sync> <CReg>
ST_2 : Operation 255 [1/1] (0.00ns)   --->   "%sext_ln1494_89 = sext i2 %local_temp_V_89"   --->   Operation 255 'sext' 'sext_ln1494_89' <Predicate = (!icmp_ln249)> <Delay = 0.00>
ST_2 : Operation 256 [3/3] (0.99ns) (grouped into DSP with root node add_ln840_83)   --->   "%ret_V_89 = mul i10 %sext_ln1494_14, i10 %sext_ln1494_89"   --->   Operation 256 'mul' 'ret_V_89' <Predicate = (!icmp_ln249)> <Delay = 0.99> <CoreInst = "DSP48">   --->   Core 127 'DSP48' <Latency = 3> <II = 1> <Delay = 0.53> <IPBlock> <Opcode : 'mul' 'add' 'sub' 'select'> <InPorts = 0> <OutPorts = 1> <Sync> <CReg>
ST_2 : Operation 257 [1/1] (0.00ns)   --->   "%sext_ln1494_92 = sext i2 %local_temp_V_92"   --->   Operation 257 'sext' 'sext_ln1494_92' <Predicate = (!icmp_ln249)> <Delay = 0.00>
ST_2 : Operation 258 [3/3] (0.99ns) (grouped into DSP with root node add_ln840_85)   --->   "%ret_V_92 = mul i10 %sext_ln1494_17, i10 %sext_ln1494_92"   --->   Operation 258 'mul' 'ret_V_92' <Predicate = (!icmp_ln249)> <Delay = 0.99> <CoreInst = "DSP48">   --->   Core 127 'DSP48' <Latency = 3> <II = 1> <Delay = 0.53> <IPBlock> <Opcode : 'mul' 'add' 'sub' 'select'> <InPorts = 0> <OutPorts = 1> <Sync> <CReg>
ST_2 : Operation 259 [1/1] (0.00ns)   --->   "%sext_ln1494_95 = sext i2 %local_temp_V_95"   --->   Operation 259 'sext' 'sext_ln1494_95' <Predicate = (!icmp_ln249)> <Delay = 0.00>
ST_2 : Operation 260 [3/3] (0.99ns) (grouped into DSP with root node add_ln840_88)   --->   "%ret_V_95 = mul i10 %sext_ln1494_20, i10 %sext_ln1494_95"   --->   Operation 260 'mul' 'ret_V_95' <Predicate = (!icmp_ln249)> <Delay = 0.99> <CoreInst = "DSP48">   --->   Core 127 'DSP48' <Latency = 3> <II = 1> <Delay = 0.53> <IPBlock> <Opcode : 'mul' 'add' 'sub' 'select'> <InPorts = 0> <OutPorts = 1> <Sync> <CReg>
ST_2 : Operation 261 [1/1] (0.00ns)   --->   "%sext_ln1494_102 = sext i2 %local_temp_V_102"   --->   Operation 261 'sext' 'sext_ln1494_102' <Predicate = (!icmp_ln249)> <Delay = 0.00>
ST_2 : Operation 262 [3/3] (0.99ns) (grouped into DSP with root node add_ln840_96)   --->   "%ret_V_102 = mul i10 %sext_ln1494_2, i10 %sext_ln1494_102"   --->   Operation 262 'mul' 'ret_V_102' <Predicate = (!icmp_ln249)> <Delay = 0.99> <CoreInst = "DSP48">   --->   Core 127 'DSP48' <Latency = 3> <II = 1> <Delay = 0.53> <IPBlock> <Opcode : 'mul' 'add' 'sub' 'select'> <InPorts = 0> <OutPorts = 1> <Sync> <CReg>
ST_2 : Operation 263 [1/1] (0.00ns)   --->   "%sext_ln1494_105 = sext i2 %local_temp_V_105"   --->   Operation 263 'sext' 'sext_ln1494_105' <Predicate = (!icmp_ln249)> <Delay = 0.00>
ST_2 : Operation 264 [3/3] (0.99ns) (grouped into DSP with root node add_ln840_98)   --->   "%ret_V_105 = mul i10 %sext_ln1494_5, i10 %sext_ln1494_105"   --->   Operation 264 'mul' 'ret_V_105' <Predicate = (!icmp_ln249)> <Delay = 0.99> <CoreInst = "DSP48">   --->   Core 127 'DSP48' <Latency = 3> <II = 1> <Delay = 0.53> <IPBlock> <Opcode : 'mul' 'add' 'sub' 'select'> <InPorts = 0> <OutPorts = 1> <Sync> <CReg>
ST_2 : Operation 265 [1/1] (0.00ns)   --->   "%sext_ln1494_108 = sext i2 %local_temp_V_108"   --->   Operation 265 'sext' 'sext_ln1494_108' <Predicate = (!icmp_ln249)> <Delay = 0.00>
ST_2 : Operation 266 [3/3] (0.99ns) (grouped into DSP with root node add_ln840_101)   --->   "%ret_V_108 = mul i10 %sext_ln1494_8, i10 %sext_ln1494_108"   --->   Operation 266 'mul' 'ret_V_108' <Predicate = (!icmp_ln249)> <Delay = 0.99> <CoreInst = "DSP48">   --->   Core 127 'DSP48' <Latency = 3> <II = 1> <Delay = 0.53> <IPBlock> <Opcode : 'mul' 'add' 'sub' 'select'> <InPorts = 0> <OutPorts = 1> <Sync> <CReg>
ST_2 : Operation 267 [1/1] (0.00ns)   --->   "%sext_ln1494_111 = sext i2 %local_temp_V_111"   --->   Operation 267 'sext' 'sext_ln1494_111' <Predicate = (!icmp_ln249)> <Delay = 0.00>
ST_2 : Operation 268 [3/3] (0.99ns) (grouped into DSP with root node add_ln840_103)   --->   "%ret_V_111 = mul i10 %sext_ln1494_11, i10 %sext_ln1494_111"   --->   Operation 268 'mul' 'ret_V_111' <Predicate = (!icmp_ln249)> <Delay = 0.99> <CoreInst = "DSP48">   --->   Core 127 'DSP48' <Latency = 3> <II = 1> <Delay = 0.53> <IPBlock> <Opcode : 'mul' 'add' 'sub' 'select'> <InPorts = 0> <OutPorts = 1> <Sync> <CReg>
ST_2 : Operation 269 [1/1] (0.00ns)   --->   "%sext_ln1494_114 = sext i2 %local_temp_V_114"   --->   Operation 269 'sext' 'sext_ln1494_114' <Predicate = (!icmp_ln249)> <Delay = 0.00>
ST_2 : Operation 270 [3/3] (0.99ns) (grouped into DSP with root node add_ln840_107)   --->   "%ret_V_114 = mul i10 %sext_ln1494_14, i10 %sext_ln1494_114"   --->   Operation 270 'mul' 'ret_V_114' <Predicate = (!icmp_ln249)> <Delay = 0.99> <CoreInst = "DSP48">   --->   Core 127 'DSP48' <Latency = 3> <II = 1> <Delay = 0.53> <IPBlock> <Opcode : 'mul' 'add' 'sub' 'select'> <InPorts = 0> <OutPorts = 1> <Sync> <CReg>
ST_2 : Operation 271 [1/1] (0.00ns)   --->   "%sext_ln1494_117 = sext i2 %local_temp_V_117"   --->   Operation 271 'sext' 'sext_ln1494_117' <Predicate = (!icmp_ln249)> <Delay = 0.00>
ST_2 : Operation 272 [3/3] (0.99ns) (grouped into DSP with root node add_ln840_109)   --->   "%ret_V_117 = mul i10 %sext_ln1494_17, i10 %sext_ln1494_117"   --->   Operation 272 'mul' 'ret_V_117' <Predicate = (!icmp_ln249)> <Delay = 0.99> <CoreInst = "DSP48">   --->   Core 127 'DSP48' <Latency = 3> <II = 1> <Delay = 0.53> <IPBlock> <Opcode : 'mul' 'add' 'sub' 'select'> <InPorts = 0> <OutPorts = 1> <Sync> <CReg>
ST_2 : Operation 273 [1/1] (0.00ns)   --->   "%sext_ln1494_120 = sext i2 %local_temp_V_120"   --->   Operation 273 'sext' 'sext_ln1494_120' <Predicate = (!icmp_ln249)> <Delay = 0.00>
ST_2 : Operation 274 [3/3] (0.99ns) (grouped into DSP with root node add_ln840_112)   --->   "%ret_V_120 = mul i10 %sext_ln1494_20, i10 %sext_ln1494_120"   --->   Operation 274 'mul' 'ret_V_120' <Predicate = (!icmp_ln249)> <Delay = 0.99> <CoreInst = "DSP48">   --->   Core 127 'DSP48' <Latency = 3> <II = 1> <Delay = 0.53> <IPBlock> <Opcode : 'mul' 'add' 'sub' 'select'> <InPorts = 0> <OutPorts = 1> <Sync> <CReg>
ST_2 : Operation 275 [1/1] (0.00ns)   --->   "%sext_ln1494_127 = sext i2 %local_temp_V_127"   --->   Operation 275 'sext' 'sext_ln1494_127' <Predicate = (!icmp_ln249)> <Delay = 0.00>
ST_2 : Operation 276 [3/3] (0.99ns) (grouped into DSP with root node add_ln840_120)   --->   "%ret_V_127 = mul i10 %sext_ln1494_2, i10 %sext_ln1494_127"   --->   Operation 276 'mul' 'ret_V_127' <Predicate = (!icmp_ln249)> <Delay = 0.99> <CoreInst = "DSP48">   --->   Core 127 'DSP48' <Latency = 3> <II = 1> <Delay = 0.53> <IPBlock> <Opcode : 'mul' 'add' 'sub' 'select'> <InPorts = 0> <OutPorts = 1> <Sync> <CReg>
ST_2 : Operation 277 [1/1] (0.00ns)   --->   "%sext_ln1494_130 = sext i2 %local_temp_V_130"   --->   Operation 277 'sext' 'sext_ln1494_130' <Predicate = (!icmp_ln249)> <Delay = 0.00>
ST_2 : Operation 278 [3/3] (0.99ns) (grouped into DSP with root node add_ln840_122)   --->   "%ret_V_130 = mul i10 %sext_ln1494_5, i10 %sext_ln1494_130"   --->   Operation 278 'mul' 'ret_V_130' <Predicate = (!icmp_ln249)> <Delay = 0.99> <CoreInst = "DSP48">   --->   Core 127 'DSP48' <Latency = 3> <II = 1> <Delay = 0.53> <IPBlock> <Opcode : 'mul' 'add' 'sub' 'select'> <InPorts = 0> <OutPorts = 1> <Sync> <CReg>
ST_2 : Operation 279 [1/1] (0.00ns)   --->   "%sext_ln1494_133 = sext i2 %local_temp_V_133"   --->   Operation 279 'sext' 'sext_ln1494_133' <Predicate = (!icmp_ln249)> <Delay = 0.00>
ST_2 : Operation 280 [3/3] (0.99ns) (grouped into DSP with root node add_ln840_125)   --->   "%ret_V_133 = mul i10 %sext_ln1494_8, i10 %sext_ln1494_133"   --->   Operation 280 'mul' 'ret_V_133' <Predicate = (!icmp_ln249)> <Delay = 0.99> <CoreInst = "DSP48">   --->   Core 127 'DSP48' <Latency = 3> <II = 1> <Delay = 0.53> <IPBlock> <Opcode : 'mul' 'add' 'sub' 'select'> <InPorts = 0> <OutPorts = 1> <Sync> <CReg>
ST_2 : Operation 281 [1/1] (0.00ns)   --->   "%sext_ln1494_136 = sext i2 %local_temp_V_136"   --->   Operation 281 'sext' 'sext_ln1494_136' <Predicate = (!icmp_ln249)> <Delay = 0.00>
ST_2 : Operation 282 [3/3] (0.99ns) (grouped into DSP with root node add_ln840_127)   --->   "%ret_V_136 = mul i10 %sext_ln1494_11, i10 %sext_ln1494_136"   --->   Operation 282 'mul' 'ret_V_136' <Predicate = (!icmp_ln249)> <Delay = 0.99> <CoreInst = "DSP48">   --->   Core 127 'DSP48' <Latency = 3> <II = 1> <Delay = 0.53> <IPBlock> <Opcode : 'mul' 'add' 'sub' 'select'> <InPorts = 0> <OutPorts = 1> <Sync> <CReg>
ST_2 : Operation 283 [1/1] (0.00ns)   --->   "%sext_ln1494_139 = sext i2 %local_temp_V_139"   --->   Operation 283 'sext' 'sext_ln1494_139' <Predicate = (!icmp_ln249)> <Delay = 0.00>
ST_2 : Operation 284 [3/3] (0.99ns) (grouped into DSP with root node add_ln840_131)   --->   "%ret_V_139 = mul i10 %sext_ln1494_14, i10 %sext_ln1494_139"   --->   Operation 284 'mul' 'ret_V_139' <Predicate = (!icmp_ln249)> <Delay = 0.99> <CoreInst = "DSP48">   --->   Core 127 'DSP48' <Latency = 3> <II = 1> <Delay = 0.53> <IPBlock> <Opcode : 'mul' 'add' 'sub' 'select'> <InPorts = 0> <OutPorts = 1> <Sync> <CReg>
ST_2 : Operation 285 [1/1] (0.00ns)   --->   "%sext_ln1494_142 = sext i2 %local_temp_V_142"   --->   Operation 285 'sext' 'sext_ln1494_142' <Predicate = (!icmp_ln249)> <Delay = 0.00>
ST_2 : Operation 286 [3/3] (0.99ns) (grouped into DSP with root node add_ln840_133)   --->   "%ret_V_142 = mul i10 %sext_ln1494_17, i10 %sext_ln1494_142"   --->   Operation 286 'mul' 'ret_V_142' <Predicate = (!icmp_ln249)> <Delay = 0.99> <CoreInst = "DSP48">   --->   Core 127 'DSP48' <Latency = 3> <II = 1> <Delay = 0.53> <IPBlock> <Opcode : 'mul' 'add' 'sub' 'select'> <InPorts = 0> <OutPorts = 1> <Sync> <CReg>
ST_2 : Operation 287 [1/1] (0.00ns)   --->   "%sext_ln1494_145 = sext i2 %local_temp_V_145"   --->   Operation 287 'sext' 'sext_ln1494_145' <Predicate = (!icmp_ln249)> <Delay = 0.00>
ST_2 : Operation 288 [3/3] (0.99ns) (grouped into DSP with root node add_ln840_136)   --->   "%ret_V_145 = mul i10 %sext_ln1494_20, i10 %sext_ln1494_145"   --->   Operation 288 'mul' 'ret_V_145' <Predicate = (!icmp_ln249)> <Delay = 0.99> <CoreInst = "DSP48">   --->   Core 127 'DSP48' <Latency = 3> <II = 1> <Delay = 0.53> <IPBlock> <Opcode : 'mul' 'add' 'sub' 'select'> <InPorts = 0> <OutPorts = 1> <Sync> <CReg>

State 3 <SV = 2> <Delay = 0.99>
ST_3 : Operation 289 [1/1] (0.00ns)   --->   "%sext_ln186_1 = sext i2 %local_temp_V_151"   --->   Operation 289 'sext' 'sext_ln186_1' <Predicate = (!icmp_ln249)> <Delay = 0.00>
ST_3 : Operation 290 [1/1] (0.00ns)   --->   "%sext_ln1494_1 = sext i8 %r_V_1"   --->   Operation 290 'sext' 'sext_ln1494_1' <Predicate = (!icmp_ln249)> <Delay = 0.00>
ST_3 : Operation 291 [3/3] (0.99ns) (grouped into DSP with root node add_ln840_1)   --->   "%ret_V_1 = mul i10 %sext_ln1494_1, i10 %sext_ln186_1"   --->   Operation 291 'mul' 'ret_V_1' <Predicate = (!icmp_ln249)> <Delay = 0.99> <CoreInst = "DSP48">   --->   Core 127 'DSP48' <Latency = 3> <II = 1> <Delay = 0.53> <IPBlock> <Opcode : 'mul' 'add' 'sub' 'select'> <InPorts = 0> <OutPorts = 1> <Sync> <CReg>
ST_3 : Operation 292 [2/3] (0.99ns) (grouped into DSP with root node add_ln840)   --->   "%ret_V_2 = mul i10 %sext_ln1494_2, i10 %sext_ln186_2"   --->   Operation 292 'mul' 'ret_V_2' <Predicate = (!icmp_ln249)> <Delay = 0.99> <CoreInst = "DSP48">   --->   Core 127 'DSP48' <Latency = 3> <II = 1> <Delay = 0.53> <IPBlock> <Opcode : 'mul' 'add' 'sub' 'select'> <InPorts = 0> <OutPorts = 1> <Sync> <CReg>
ST_3 : Operation 293 [1/1] (0.00ns)   --->   "%sext_ln186_3 = sext i2 %local_temp_V_153"   --->   Operation 293 'sext' 'sext_ln186_3' <Predicate = (!icmp_ln249)> <Delay = 0.00>
ST_3 : Operation 294 [1/1] (0.00ns)   --->   "%sext_ln1494_3 = sext i8 %r_V_3"   --->   Operation 294 'sext' 'sext_ln1494_3' <Predicate = (!icmp_ln249)> <Delay = 0.00>
ST_3 : Operation 295 [3/3] (0.99ns) (grouped into DSP with root node add_ln840_3)   --->   "%ret_V_3 = mul i10 %sext_ln1494_3, i10 %sext_ln186_3"   --->   Operation 295 'mul' 'ret_V_3' <Predicate = (!icmp_ln249)> <Delay = 0.99> <CoreInst = "DSP48">   --->   Core 127 'DSP48' <Latency = 3> <II = 1> <Delay = 0.53> <IPBlock> <Opcode : 'mul' 'add' 'sub' 'select'> <InPorts = 0> <OutPorts = 1> <Sync> <CReg>
ST_3 : Operation 296 [2/3] (0.99ns) (grouped into DSP with root node add_ln840_2)   --->   "%ret_V_5 = mul i10 %sext_ln1494_5, i10 %sext_ln186_5"   --->   Operation 296 'mul' 'ret_V_5' <Predicate = (!icmp_ln249)> <Delay = 0.99> <CoreInst = "DSP48">   --->   Core 127 'DSP48' <Latency = 3> <II = 1> <Delay = 0.53> <IPBlock> <Opcode : 'mul' 'add' 'sub' 'select'> <InPorts = 0> <OutPorts = 1> <Sync> <CReg>
ST_3 : Operation 297 [1/1] (0.00ns)   --->   "%sext_ln186_6 = sext i2 %local_temp_V_156"   --->   Operation 297 'sext' 'sext_ln186_6' <Predicate = (!icmp_ln249)> <Delay = 0.00>
ST_3 : Operation 298 [1/1] (0.00ns)   --->   "%sext_ln1494_6 = sext i8 %r_V_6"   --->   Operation 298 'sext' 'sext_ln1494_6' <Predicate = (!icmp_ln249)> <Delay = 0.00>
ST_3 : Operation 299 [3/3] (0.99ns) (grouped into DSP with root node add_ln840_6)   --->   "%ret_V_6 = mul i10 %sext_ln1494_6, i10 %sext_ln186_6"   --->   Operation 299 'mul' 'ret_V_6' <Predicate = (!icmp_ln249)> <Delay = 0.99> <CoreInst = "DSP48">   --->   Core 127 'DSP48' <Latency = 3> <II = 1> <Delay = 0.53> <IPBlock> <Opcode : 'mul' 'add' 'sub' 'select'> <InPorts = 0> <OutPorts = 1> <Sync> <CReg>
ST_3 : Operation 300 [2/3] (0.99ns) (grouped into DSP with root node add_ln840_5)   --->   "%ret_V_8 = mul i10 %sext_ln1494_8, i10 %sext_ln186_8"   --->   Operation 300 'mul' 'ret_V_8' <Predicate = (!icmp_ln249)> <Delay = 0.99> <CoreInst = "DSP48">   --->   Core 127 'DSP48' <Latency = 3> <II = 1> <Delay = 0.53> <IPBlock> <Opcode : 'mul' 'add' 'sub' 'select'> <InPorts = 0> <OutPorts = 1> <Sync> <CReg>
ST_3 : Operation 301 [1/1] (0.00ns)   --->   "%sext_ln186_9 = sext i2 %local_temp_V_159"   --->   Operation 301 'sext' 'sext_ln186_9' <Predicate = (!icmp_ln249)> <Delay = 0.00>
ST_3 : Operation 302 [1/1] (0.00ns)   --->   "%sext_ln1494_9 = sext i8 %r_V_9"   --->   Operation 302 'sext' 'sext_ln1494_9' <Predicate = (!icmp_ln249)> <Delay = 0.00>
ST_3 : Operation 303 [3/3] (0.99ns) (grouped into DSP with root node add_ln840_8)   --->   "%ret_V_9 = mul i10 %sext_ln1494_9, i10 %sext_ln186_9"   --->   Operation 303 'mul' 'ret_V_9' <Predicate = (!icmp_ln249)> <Delay = 0.99> <CoreInst = "DSP48">   --->   Core 127 'DSP48' <Latency = 3> <II = 1> <Delay = 0.53> <IPBlock> <Opcode : 'mul' 'add' 'sub' 'select'> <InPorts = 0> <OutPorts = 1> <Sync> <CReg>
ST_3 : Operation 304 [2/3] (0.99ns) (grouped into DSP with root node add_ln840_7)   --->   "%ret_V_11 = mul i10 %sext_ln1494_11, i10 %sext_ln186_11"   --->   Operation 304 'mul' 'ret_V_11' <Predicate = (!icmp_ln249)> <Delay = 0.99> <CoreInst = "DSP48">   --->   Core 127 'DSP48' <Latency = 3> <II = 1> <Delay = 0.53> <IPBlock> <Opcode : 'mul' 'add' 'sub' 'select'> <InPorts = 0> <OutPorts = 1> <Sync> <CReg>
ST_3 : Operation 305 [1/1] (0.00ns)   --->   "%sext_ln186_12 = sext i2 %local_temp_V_162"   --->   Operation 305 'sext' 'sext_ln186_12' <Predicate = (!icmp_ln249)> <Delay = 0.00>
ST_3 : Operation 306 [1/1] (0.00ns)   --->   "%sext_ln1494_12 = sext i8 %r_V_12"   --->   Operation 306 'sext' 'sext_ln1494_12' <Predicate = (!icmp_ln249)> <Delay = 0.00>
ST_3 : Operation 307 [3/3] (0.99ns) (grouped into DSP with root node add_ln840_12)   --->   "%ret_V_12 = mul i10 %sext_ln1494_12, i10 %sext_ln186_12"   --->   Operation 307 'mul' 'ret_V_12' <Predicate = (!icmp_ln249)> <Delay = 0.99> <CoreInst = "DSP48">   --->   Core 127 'DSP48' <Latency = 3> <II = 1> <Delay = 0.53> <IPBlock> <Opcode : 'mul' 'add' 'sub' 'select'> <InPorts = 0> <OutPorts = 1> <Sync> <CReg>
ST_3 : Operation 308 [2/3] (0.99ns) (grouped into DSP with root node add_ln840_11)   --->   "%ret_V_14 = mul i10 %sext_ln1494_14, i10 %sext_ln186_14"   --->   Operation 308 'mul' 'ret_V_14' <Predicate = (!icmp_ln249)> <Delay = 0.99> <CoreInst = "DSP48">   --->   Core 127 'DSP48' <Latency = 3> <II = 1> <Delay = 0.53> <IPBlock> <Opcode : 'mul' 'add' 'sub' 'select'> <InPorts = 0> <OutPorts = 1> <Sync> <CReg>
ST_3 : Operation 309 [1/1] (0.00ns)   --->   "%sext_ln186_15 = sext i2 %local_temp_V_165"   --->   Operation 309 'sext' 'sext_ln186_15' <Predicate = (!icmp_ln249)> <Delay = 0.00>
ST_3 : Operation 310 [1/1] (0.00ns)   --->   "%sext_ln1494_15 = sext i8 %r_V_15"   --->   Operation 310 'sext' 'sext_ln1494_15' <Predicate = (!icmp_ln249)> <Delay = 0.00>
ST_3 : Operation 311 [3/3] (0.99ns) (grouped into DSP with root node add_ln840_14)   --->   "%ret_V_15 = mul i10 %sext_ln1494_15, i10 %sext_ln186_15"   --->   Operation 311 'mul' 'ret_V_15' <Predicate = (!icmp_ln249)> <Delay = 0.99> <CoreInst = "DSP48">   --->   Core 127 'DSP48' <Latency = 3> <II = 1> <Delay = 0.53> <IPBlock> <Opcode : 'mul' 'add' 'sub' 'select'> <InPorts = 0> <OutPorts = 1> <Sync> <CReg>
ST_3 : Operation 312 [2/3] (0.99ns) (grouped into DSP with root node add_ln840_13)   --->   "%ret_V_17 = mul i10 %sext_ln1494_17, i10 %sext_ln186_17"   --->   Operation 312 'mul' 'ret_V_17' <Predicate = (!icmp_ln249)> <Delay = 0.99> <CoreInst = "DSP48">   --->   Core 127 'DSP48' <Latency = 3> <II = 1> <Delay = 0.53> <IPBlock> <Opcode : 'mul' 'add' 'sub' 'select'> <InPorts = 0> <OutPorts = 1> <Sync> <CReg>
ST_3 : Operation 313 [1/1] (0.00ns)   --->   "%sext_ln186_18 = sext i2 %local_temp_V_168"   --->   Operation 313 'sext' 'sext_ln186_18' <Predicate = (!icmp_ln249)> <Delay = 0.00>
ST_3 : Operation 314 [1/1] (0.00ns)   --->   "%sext_ln1494_18 = sext i8 %r_V_18"   --->   Operation 314 'sext' 'sext_ln1494_18' <Predicate = (!icmp_ln249)> <Delay = 0.00>
ST_3 : Operation 315 [3/3] (0.99ns) (grouped into DSP with root node add_ln840_17)   --->   "%ret_V_18 = mul i10 %sext_ln1494_18, i10 %sext_ln186_18"   --->   Operation 315 'mul' 'ret_V_18' <Predicate = (!icmp_ln249)> <Delay = 0.99> <CoreInst = "DSP48">   --->   Core 127 'DSP48' <Latency = 3> <II = 1> <Delay = 0.53> <IPBlock> <Opcode : 'mul' 'add' 'sub' 'select'> <InPorts = 0> <OutPorts = 1> <Sync> <CReg>
ST_3 : Operation 316 [2/3] (0.99ns) (grouped into DSP with root node add_ln840_16)   --->   "%ret_V_20 = mul i10 %sext_ln1494_20, i10 %sext_ln186_20"   --->   Operation 316 'mul' 'ret_V_20' <Predicate = (!icmp_ln249)> <Delay = 0.99> <CoreInst = "DSP48">   --->   Core 127 'DSP48' <Latency = 3> <II = 1> <Delay = 0.53> <IPBlock> <Opcode : 'mul' 'add' 'sub' 'select'> <InPorts = 0> <OutPorts = 1> <Sync> <CReg>
ST_3 : Operation 317 [1/1] (0.00ns)   --->   "%sext_ln186_22 = sext i2 %local_temp_V_172"   --->   Operation 317 'sext' 'sext_ln186_22' <Predicate = (!icmp_ln249)> <Delay = 0.00>
ST_3 : Operation 318 [1/1] (0.00ns)   --->   "%sext_ln1494_22 = sext i8 %r_V_22"   --->   Operation 318 'sext' 'sext_ln1494_22' <Predicate = (!icmp_ln249)> <Delay = 0.00>
ST_3 : Operation 319 [3/3] (0.99ns) (grouped into DSP with root node add_ln840_18)   --->   "%ret_V_22 = mul i10 %sext_ln1494_22, i10 %sext_ln186_22"   --->   Operation 319 'mul' 'ret_V_22' <Predicate = (!icmp_ln249)> <Delay = 0.99> <CoreInst = "DSP48">   --->   Core 127 'DSP48' <Latency = 3> <II = 1> <Delay = 0.53> <IPBlock> <Opcode : 'mul' 'add' 'sub' 'select'> <InPorts = 0> <OutPorts = 1> <Sync> <CReg>
ST_3 : Operation 320 [1/1] (0.00ns)   --->   "%sext_ln186_24 = sext i2 %local_temp_V_174"   --->   Operation 320 'sext' 'sext_ln186_24' <Predicate = (!icmp_ln249)> <Delay = 0.00>
ST_3 : Operation 321 [1/1] (0.00ns)   --->   "%sext_ln1494_24 = sext i8 %r_V_24"   --->   Operation 321 'sext' 'sext_ln1494_24' <Predicate = (!icmp_ln249)> <Delay = 0.00>
ST_3 : Operation 322 [3/3] (0.99ns) (grouped into DSP with root node add_ln840_19)   --->   "%ret_V_24 = mul i10 %sext_ln1494_24, i10 %sext_ln186_24"   --->   Operation 322 'mul' 'ret_V_24' <Predicate = (!icmp_ln249)> <Delay = 0.99> <CoreInst = "DSP48">   --->   Core 127 'DSP48' <Latency = 3> <II = 1> <Delay = 0.53> <IPBlock> <Opcode : 'mul' 'add' 'sub' 'select'> <InPorts = 0> <OutPorts = 1> <Sync> <CReg>
ST_3 : Operation 323 [1/1] (0.00ns)   --->   "%sext_ln1494_26 = sext i2 %local_temp_V_26"   --->   Operation 323 'sext' 'sext_ln1494_26' <Predicate = (!icmp_ln249)> <Delay = 0.00>
ST_3 : Operation 324 [3/3] (0.99ns) (grouped into DSP with root node add_ln840_25)   --->   "%ret_V_26 = mul i10 %sext_ln1494_1, i10 %sext_ln1494_26"   --->   Operation 324 'mul' 'ret_V_26' <Predicate = (!icmp_ln249)> <Delay = 0.99> <CoreInst = "DSP48">   --->   Core 127 'DSP48' <Latency = 3> <II = 1> <Delay = 0.53> <IPBlock> <Opcode : 'mul' 'add' 'sub' 'select'> <InPorts = 0> <OutPorts = 1> <Sync> <CReg>
ST_3 : Operation 325 [2/3] (0.99ns) (grouped into DSP with root node add_ln840_24)   --->   "%ret_V_27 = mul i10 %sext_ln1494_2, i10 %sext_ln1494_27"   --->   Operation 325 'mul' 'ret_V_27' <Predicate = (!icmp_ln249)> <Delay = 0.99> <CoreInst = "DSP48">   --->   Core 127 'DSP48' <Latency = 3> <II = 1> <Delay = 0.53> <IPBlock> <Opcode : 'mul' 'add' 'sub' 'select'> <InPorts = 0> <OutPorts = 1> <Sync> <CReg>
ST_3 : Operation 326 [1/1] (0.00ns)   --->   "%sext_ln1494_28 = sext i2 %local_temp_V_28"   --->   Operation 326 'sext' 'sext_ln1494_28' <Predicate = (!icmp_ln249)> <Delay = 0.00>
ST_3 : Operation 327 [3/3] (0.99ns) (grouped into DSP with root node add_ln840_27)   --->   "%ret_V_28 = mul i10 %sext_ln1494_3, i10 %sext_ln1494_28"   --->   Operation 327 'mul' 'ret_V_28' <Predicate = (!icmp_ln249)> <Delay = 0.99> <CoreInst = "DSP48">   --->   Core 127 'DSP48' <Latency = 3> <II = 1> <Delay = 0.53> <IPBlock> <Opcode : 'mul' 'add' 'sub' 'select'> <InPorts = 0> <OutPorts = 1> <Sync> <CReg>
ST_3 : Operation 328 [2/3] (0.99ns) (grouped into DSP with root node add_ln840_26)   --->   "%ret_V_30 = mul i10 %sext_ln1494_5, i10 %sext_ln1494_30"   --->   Operation 328 'mul' 'ret_V_30' <Predicate = (!icmp_ln249)> <Delay = 0.99> <CoreInst = "DSP48">   --->   Core 127 'DSP48' <Latency = 3> <II = 1> <Delay = 0.53> <IPBlock> <Opcode : 'mul' 'add' 'sub' 'select'> <InPorts = 0> <OutPorts = 1> <Sync> <CReg>
ST_3 : Operation 329 [1/1] (0.00ns)   --->   "%sext_ln1494_31 = sext i2 %local_temp_V_31"   --->   Operation 329 'sext' 'sext_ln1494_31' <Predicate = (!icmp_ln249)> <Delay = 0.00>
ST_3 : Operation 330 [3/3] (0.99ns) (grouped into DSP with root node add_ln840_30)   --->   "%ret_V_31 = mul i10 %sext_ln1494_6, i10 %sext_ln1494_31"   --->   Operation 330 'mul' 'ret_V_31' <Predicate = (!icmp_ln249)> <Delay = 0.99> <CoreInst = "DSP48">   --->   Core 127 'DSP48' <Latency = 3> <II = 1> <Delay = 0.53> <IPBlock> <Opcode : 'mul' 'add' 'sub' 'select'> <InPorts = 0> <OutPorts = 1> <Sync> <CReg>
ST_3 : Operation 331 [2/3] (0.99ns) (grouped into DSP with root node add_ln840_29)   --->   "%ret_V_33 = mul i10 %sext_ln1494_8, i10 %sext_ln1494_33"   --->   Operation 331 'mul' 'ret_V_33' <Predicate = (!icmp_ln249)> <Delay = 0.99> <CoreInst = "DSP48">   --->   Core 127 'DSP48' <Latency = 3> <II = 1> <Delay = 0.53> <IPBlock> <Opcode : 'mul' 'add' 'sub' 'select'> <InPorts = 0> <OutPorts = 1> <Sync> <CReg>
ST_3 : Operation 332 [1/1] (0.00ns)   --->   "%sext_ln1494_34 = sext i2 %local_temp_V_34"   --->   Operation 332 'sext' 'sext_ln1494_34' <Predicate = (!icmp_ln249)> <Delay = 0.00>
ST_3 : Operation 333 [3/3] (0.99ns) (grouped into DSP with root node add_ln840_32)   --->   "%ret_V_34 = mul i10 %sext_ln1494_9, i10 %sext_ln1494_34"   --->   Operation 333 'mul' 'ret_V_34' <Predicate = (!icmp_ln249)> <Delay = 0.99> <CoreInst = "DSP48">   --->   Core 127 'DSP48' <Latency = 3> <II = 1> <Delay = 0.53> <IPBlock> <Opcode : 'mul' 'add' 'sub' 'select'> <InPorts = 0> <OutPorts = 1> <Sync> <CReg>
ST_3 : Operation 334 [2/3] (0.99ns) (grouped into DSP with root node add_ln840_31)   --->   "%ret_V_36 = mul i10 %sext_ln1494_11, i10 %sext_ln1494_36"   --->   Operation 334 'mul' 'ret_V_36' <Predicate = (!icmp_ln249)> <Delay = 0.99> <CoreInst = "DSP48">   --->   Core 127 'DSP48' <Latency = 3> <II = 1> <Delay = 0.53> <IPBlock> <Opcode : 'mul' 'add' 'sub' 'select'> <InPorts = 0> <OutPorts = 1> <Sync> <CReg>
ST_3 : Operation 335 [1/1] (0.00ns)   --->   "%sext_ln1494_37 = sext i2 %local_temp_V_37"   --->   Operation 335 'sext' 'sext_ln1494_37' <Predicate = (!icmp_ln249)> <Delay = 0.00>
ST_3 : Operation 336 [3/3] (0.99ns) (grouped into DSP with root node add_ln840_36)   --->   "%ret_V_37 = mul i10 %sext_ln1494_12, i10 %sext_ln1494_37"   --->   Operation 336 'mul' 'ret_V_37' <Predicate = (!icmp_ln249)> <Delay = 0.99> <CoreInst = "DSP48">   --->   Core 127 'DSP48' <Latency = 3> <II = 1> <Delay = 0.53> <IPBlock> <Opcode : 'mul' 'add' 'sub' 'select'> <InPorts = 0> <OutPorts = 1> <Sync> <CReg>
ST_3 : Operation 337 [2/3] (0.99ns) (grouped into DSP with root node add_ln840_35)   --->   "%ret_V_39 = mul i10 %sext_ln1494_14, i10 %sext_ln1494_39"   --->   Operation 337 'mul' 'ret_V_39' <Predicate = (!icmp_ln249)> <Delay = 0.99> <CoreInst = "DSP48">   --->   Core 127 'DSP48' <Latency = 3> <II = 1> <Delay = 0.53> <IPBlock> <Opcode : 'mul' 'add' 'sub' 'select'> <InPorts = 0> <OutPorts = 1> <Sync> <CReg>
ST_3 : Operation 338 [1/1] (0.00ns)   --->   "%sext_ln1494_40 = sext i2 %local_temp_V_40"   --->   Operation 338 'sext' 'sext_ln1494_40' <Predicate = (!icmp_ln249)> <Delay = 0.00>
ST_3 : Operation 339 [3/3] (0.99ns) (grouped into DSP with root node add_ln840_38)   --->   "%ret_V_40 = mul i10 %sext_ln1494_15, i10 %sext_ln1494_40"   --->   Operation 339 'mul' 'ret_V_40' <Predicate = (!icmp_ln249)> <Delay = 0.99> <CoreInst = "DSP48">   --->   Core 127 'DSP48' <Latency = 3> <II = 1> <Delay = 0.53> <IPBlock> <Opcode : 'mul' 'add' 'sub' 'select'> <InPorts = 0> <OutPorts = 1> <Sync> <CReg>
ST_3 : Operation 340 [2/3] (0.99ns) (grouped into DSP with root node add_ln840_37)   --->   "%ret_V_42 = mul i10 %sext_ln1494_17, i10 %sext_ln1494_42"   --->   Operation 340 'mul' 'ret_V_42' <Predicate = (!icmp_ln249)> <Delay = 0.99> <CoreInst = "DSP48">   --->   Core 127 'DSP48' <Latency = 3> <II = 1> <Delay = 0.53> <IPBlock> <Opcode : 'mul' 'add' 'sub' 'select'> <InPorts = 0> <OutPorts = 1> <Sync> <CReg>
ST_3 : Operation 341 [1/1] (0.00ns)   --->   "%sext_ln1494_43 = sext i2 %local_temp_V_43"   --->   Operation 341 'sext' 'sext_ln1494_43' <Predicate = (!icmp_ln249)> <Delay = 0.00>
ST_3 : Operation 342 [3/3] (0.99ns) (grouped into DSP with root node add_ln840_41)   --->   "%ret_V_43 = mul i10 %sext_ln1494_18, i10 %sext_ln1494_43"   --->   Operation 342 'mul' 'ret_V_43' <Predicate = (!icmp_ln249)> <Delay = 0.99> <CoreInst = "DSP48">   --->   Core 127 'DSP48' <Latency = 3> <II = 1> <Delay = 0.53> <IPBlock> <Opcode : 'mul' 'add' 'sub' 'select'> <InPorts = 0> <OutPorts = 1> <Sync> <CReg>
ST_3 : Operation 343 [2/3] (0.99ns) (grouped into DSP with root node add_ln840_40)   --->   "%ret_V_45 = mul i10 %sext_ln1494_20, i10 %sext_ln1494_45"   --->   Operation 343 'mul' 'ret_V_45' <Predicate = (!icmp_ln249)> <Delay = 0.99> <CoreInst = "DSP48">   --->   Core 127 'DSP48' <Latency = 3> <II = 1> <Delay = 0.53> <IPBlock> <Opcode : 'mul' 'add' 'sub' 'select'> <InPorts = 0> <OutPorts = 1> <Sync> <CReg>
ST_3 : Operation 344 [1/1] (0.00ns)   --->   "%sext_ln1494_47 = sext i2 %local_temp_V_47"   --->   Operation 344 'sext' 'sext_ln1494_47' <Predicate = (!icmp_ln249)> <Delay = 0.00>
ST_3 : Operation 345 [3/3] (0.99ns) (grouped into DSP with root node add_ln840_42)   --->   "%ret_V_47 = mul i10 %sext_ln1494_22, i10 %sext_ln1494_47"   --->   Operation 345 'mul' 'ret_V_47' <Predicate = (!icmp_ln249)> <Delay = 0.99> <CoreInst = "DSP48">   --->   Core 127 'DSP48' <Latency = 3> <II = 1> <Delay = 0.53> <IPBlock> <Opcode : 'mul' 'add' 'sub' 'select'> <InPorts = 0> <OutPorts = 1> <Sync> <CReg>
ST_3 : Operation 346 [1/1] (0.00ns)   --->   "%sext_ln1494_49 = sext i2 %local_temp_V_49"   --->   Operation 346 'sext' 'sext_ln1494_49' <Predicate = (!icmp_ln249)> <Delay = 0.00>
ST_3 : Operation 347 [3/3] (0.99ns) (grouped into DSP with root node add_ln840_43)   --->   "%ret_V_49 = mul i10 %sext_ln1494_24, i10 %sext_ln1494_49"   --->   Operation 347 'mul' 'ret_V_49' <Predicate = (!icmp_ln249)> <Delay = 0.99> <CoreInst = "DSP48">   --->   Core 127 'DSP48' <Latency = 3> <II = 1> <Delay = 0.53> <IPBlock> <Opcode : 'mul' 'add' 'sub' 'select'> <InPorts = 0> <OutPorts = 1> <Sync> <CReg>
ST_3 : Operation 348 [1/1] (0.00ns)   --->   "%sext_ln1494_51 = sext i2 %local_temp_V_51"   --->   Operation 348 'sext' 'sext_ln1494_51' <Predicate = (!icmp_ln249)> <Delay = 0.00>
ST_3 : Operation 349 [3/3] (0.99ns) (grouped into DSP with root node add_ln840_49)   --->   "%ret_V_51 = mul i10 %sext_ln1494_1, i10 %sext_ln1494_51"   --->   Operation 349 'mul' 'ret_V_51' <Predicate = (!icmp_ln249)> <Delay = 0.99> <CoreInst = "DSP48">   --->   Core 127 'DSP48' <Latency = 3> <II = 1> <Delay = 0.53> <IPBlock> <Opcode : 'mul' 'add' 'sub' 'select'> <InPorts = 0> <OutPorts = 1> <Sync> <CReg>
ST_3 : Operation 350 [2/3] (0.99ns) (grouped into DSP with root node add_ln840_48)   --->   "%ret_V_52 = mul i10 %sext_ln1494_2, i10 %sext_ln1494_52"   --->   Operation 350 'mul' 'ret_V_52' <Predicate = (!icmp_ln249)> <Delay = 0.99> <CoreInst = "DSP48">   --->   Core 127 'DSP48' <Latency = 3> <II = 1> <Delay = 0.53> <IPBlock> <Opcode : 'mul' 'add' 'sub' 'select'> <InPorts = 0> <OutPorts = 1> <Sync> <CReg>
ST_3 : Operation 351 [1/1] (0.00ns)   --->   "%sext_ln1494_53 = sext i2 %local_temp_V_53"   --->   Operation 351 'sext' 'sext_ln1494_53' <Predicate = (!icmp_ln249)> <Delay = 0.00>
ST_3 : Operation 352 [3/3] (0.99ns) (grouped into DSP with root node add_ln840_51)   --->   "%ret_V_53 = mul i10 %sext_ln1494_3, i10 %sext_ln1494_53"   --->   Operation 352 'mul' 'ret_V_53' <Predicate = (!icmp_ln249)> <Delay = 0.99> <CoreInst = "DSP48">   --->   Core 127 'DSP48' <Latency = 3> <II = 1> <Delay = 0.53> <IPBlock> <Opcode : 'mul' 'add' 'sub' 'select'> <InPorts = 0> <OutPorts = 1> <Sync> <CReg>
ST_3 : Operation 353 [2/3] (0.99ns) (grouped into DSP with root node add_ln840_50)   --->   "%ret_V_55 = mul i10 %sext_ln1494_5, i10 %sext_ln1494_55"   --->   Operation 353 'mul' 'ret_V_55' <Predicate = (!icmp_ln249)> <Delay = 0.99> <CoreInst = "DSP48">   --->   Core 127 'DSP48' <Latency = 3> <II = 1> <Delay = 0.53> <IPBlock> <Opcode : 'mul' 'add' 'sub' 'select'> <InPorts = 0> <OutPorts = 1> <Sync> <CReg>
ST_3 : Operation 354 [1/1] (0.00ns)   --->   "%sext_ln1494_56 = sext i2 %local_temp_V_56"   --->   Operation 354 'sext' 'sext_ln1494_56' <Predicate = (!icmp_ln249)> <Delay = 0.00>
ST_3 : Operation 355 [3/3] (0.99ns) (grouped into DSP with root node add_ln840_54)   --->   "%ret_V_56 = mul i10 %sext_ln1494_6, i10 %sext_ln1494_56"   --->   Operation 355 'mul' 'ret_V_56' <Predicate = (!icmp_ln249)> <Delay = 0.99> <CoreInst = "DSP48">   --->   Core 127 'DSP48' <Latency = 3> <II = 1> <Delay = 0.53> <IPBlock> <Opcode : 'mul' 'add' 'sub' 'select'> <InPorts = 0> <OutPorts = 1> <Sync> <CReg>
ST_3 : Operation 356 [2/3] (0.99ns) (grouped into DSP with root node add_ln840_53)   --->   "%ret_V_58 = mul i10 %sext_ln1494_8, i10 %sext_ln1494_58"   --->   Operation 356 'mul' 'ret_V_58' <Predicate = (!icmp_ln249)> <Delay = 0.99> <CoreInst = "DSP48">   --->   Core 127 'DSP48' <Latency = 3> <II = 1> <Delay = 0.53> <IPBlock> <Opcode : 'mul' 'add' 'sub' 'select'> <InPorts = 0> <OutPorts = 1> <Sync> <CReg>
ST_3 : Operation 357 [1/1] (0.00ns)   --->   "%sext_ln1494_59 = sext i2 %local_temp_V_59"   --->   Operation 357 'sext' 'sext_ln1494_59' <Predicate = (!icmp_ln249)> <Delay = 0.00>
ST_3 : Operation 358 [3/3] (0.99ns) (grouped into DSP with root node add_ln840_56)   --->   "%ret_V_59 = mul i10 %sext_ln1494_9, i10 %sext_ln1494_59"   --->   Operation 358 'mul' 'ret_V_59' <Predicate = (!icmp_ln249)> <Delay = 0.99> <CoreInst = "DSP48">   --->   Core 127 'DSP48' <Latency = 3> <II = 1> <Delay = 0.53> <IPBlock> <Opcode : 'mul' 'add' 'sub' 'select'> <InPorts = 0> <OutPorts = 1> <Sync> <CReg>
ST_3 : Operation 359 [2/3] (0.99ns) (grouped into DSP with root node add_ln840_55)   --->   "%ret_V_61 = mul i10 %sext_ln1494_11, i10 %sext_ln1494_61"   --->   Operation 359 'mul' 'ret_V_61' <Predicate = (!icmp_ln249)> <Delay = 0.99> <CoreInst = "DSP48">   --->   Core 127 'DSP48' <Latency = 3> <II = 1> <Delay = 0.53> <IPBlock> <Opcode : 'mul' 'add' 'sub' 'select'> <InPorts = 0> <OutPorts = 1> <Sync> <CReg>
ST_3 : Operation 360 [1/1] (0.00ns)   --->   "%sext_ln1494_62 = sext i2 %local_temp_V_62"   --->   Operation 360 'sext' 'sext_ln1494_62' <Predicate = (!icmp_ln249)> <Delay = 0.00>
ST_3 : Operation 361 [3/3] (0.99ns) (grouped into DSP with root node add_ln840_60)   --->   "%ret_V_62 = mul i10 %sext_ln1494_12, i10 %sext_ln1494_62"   --->   Operation 361 'mul' 'ret_V_62' <Predicate = (!icmp_ln249)> <Delay = 0.99> <CoreInst = "DSP48">   --->   Core 127 'DSP48' <Latency = 3> <II = 1> <Delay = 0.53> <IPBlock> <Opcode : 'mul' 'add' 'sub' 'select'> <InPorts = 0> <OutPorts = 1> <Sync> <CReg>
ST_3 : Operation 362 [2/3] (0.99ns) (grouped into DSP with root node add_ln840_59)   --->   "%ret_V_64 = mul i10 %sext_ln1494_14, i10 %sext_ln1494_64"   --->   Operation 362 'mul' 'ret_V_64' <Predicate = (!icmp_ln249)> <Delay = 0.99> <CoreInst = "DSP48">   --->   Core 127 'DSP48' <Latency = 3> <II = 1> <Delay = 0.53> <IPBlock> <Opcode : 'mul' 'add' 'sub' 'select'> <InPorts = 0> <OutPorts = 1> <Sync> <CReg>
ST_3 : Operation 363 [1/1] (0.00ns)   --->   "%sext_ln1494_65 = sext i2 %local_temp_V_65"   --->   Operation 363 'sext' 'sext_ln1494_65' <Predicate = (!icmp_ln249)> <Delay = 0.00>
ST_3 : Operation 364 [3/3] (0.99ns) (grouped into DSP with root node add_ln840_62)   --->   "%ret_V_65 = mul i10 %sext_ln1494_15, i10 %sext_ln1494_65"   --->   Operation 364 'mul' 'ret_V_65' <Predicate = (!icmp_ln249)> <Delay = 0.99> <CoreInst = "DSP48">   --->   Core 127 'DSP48' <Latency = 3> <II = 1> <Delay = 0.53> <IPBlock> <Opcode : 'mul' 'add' 'sub' 'select'> <InPorts = 0> <OutPorts = 1> <Sync> <CReg>
ST_3 : Operation 365 [2/3] (0.99ns) (grouped into DSP with root node add_ln840_61)   --->   "%ret_V_67 = mul i10 %sext_ln1494_17, i10 %sext_ln1494_67"   --->   Operation 365 'mul' 'ret_V_67' <Predicate = (!icmp_ln249)> <Delay = 0.99> <CoreInst = "DSP48">   --->   Core 127 'DSP48' <Latency = 3> <II = 1> <Delay = 0.53> <IPBlock> <Opcode : 'mul' 'add' 'sub' 'select'> <InPorts = 0> <OutPorts = 1> <Sync> <CReg>
ST_3 : Operation 366 [1/1] (0.00ns)   --->   "%sext_ln1494_68 = sext i2 %local_temp_V_68"   --->   Operation 366 'sext' 'sext_ln1494_68' <Predicate = (!icmp_ln249)> <Delay = 0.00>
ST_3 : Operation 367 [3/3] (0.99ns) (grouped into DSP with root node add_ln840_65)   --->   "%ret_V_68 = mul i10 %sext_ln1494_18, i10 %sext_ln1494_68"   --->   Operation 367 'mul' 'ret_V_68' <Predicate = (!icmp_ln249)> <Delay = 0.99> <CoreInst = "DSP48">   --->   Core 127 'DSP48' <Latency = 3> <II = 1> <Delay = 0.53> <IPBlock> <Opcode : 'mul' 'add' 'sub' 'select'> <InPorts = 0> <OutPorts = 1> <Sync> <CReg>
ST_3 : Operation 368 [2/3] (0.99ns) (grouped into DSP with root node add_ln840_64)   --->   "%ret_V_70 = mul i10 %sext_ln1494_20, i10 %sext_ln1494_70"   --->   Operation 368 'mul' 'ret_V_70' <Predicate = (!icmp_ln249)> <Delay = 0.99> <CoreInst = "DSP48">   --->   Core 127 'DSP48' <Latency = 3> <II = 1> <Delay = 0.53> <IPBlock> <Opcode : 'mul' 'add' 'sub' 'select'> <InPorts = 0> <OutPorts = 1> <Sync> <CReg>
ST_3 : Operation 369 [1/1] (0.00ns)   --->   "%sext_ln1494_72 = sext i2 %local_temp_V_72"   --->   Operation 369 'sext' 'sext_ln1494_72' <Predicate = (!icmp_ln249)> <Delay = 0.00>
ST_3 : Operation 370 [3/3] (0.99ns) (grouped into DSP with root node add_ln840_66)   --->   "%ret_V_72 = mul i10 %sext_ln1494_22, i10 %sext_ln1494_72"   --->   Operation 370 'mul' 'ret_V_72' <Predicate = (!icmp_ln249)> <Delay = 0.99> <CoreInst = "DSP48">   --->   Core 127 'DSP48' <Latency = 3> <II = 1> <Delay = 0.53> <IPBlock> <Opcode : 'mul' 'add' 'sub' 'select'> <InPorts = 0> <OutPorts = 1> <Sync> <CReg>
ST_3 : Operation 371 [1/1] (0.00ns)   --->   "%sext_ln1494_74 = sext i2 %local_temp_V_74"   --->   Operation 371 'sext' 'sext_ln1494_74' <Predicate = (!icmp_ln249)> <Delay = 0.00>
ST_3 : Operation 372 [3/3] (0.99ns) (grouped into DSP with root node add_ln840_67)   --->   "%ret_V_74 = mul i10 %sext_ln1494_24, i10 %sext_ln1494_74"   --->   Operation 372 'mul' 'ret_V_74' <Predicate = (!icmp_ln249)> <Delay = 0.99> <CoreInst = "DSP48">   --->   Core 127 'DSP48' <Latency = 3> <II = 1> <Delay = 0.53> <IPBlock> <Opcode : 'mul' 'add' 'sub' 'select'> <InPorts = 0> <OutPorts = 1> <Sync> <CReg>
ST_3 : Operation 373 [1/1] (0.00ns)   --->   "%sext_ln1494_76 = sext i2 %local_temp_V_76"   --->   Operation 373 'sext' 'sext_ln1494_76' <Predicate = (!icmp_ln249)> <Delay = 0.00>
ST_3 : Operation 374 [3/3] (0.99ns) (grouped into DSP with root node add_ln840_73)   --->   "%ret_V_76 = mul i10 %sext_ln1494_1, i10 %sext_ln1494_76"   --->   Operation 374 'mul' 'ret_V_76' <Predicate = (!icmp_ln249)> <Delay = 0.99> <CoreInst = "DSP48">   --->   Core 127 'DSP48' <Latency = 3> <II = 1> <Delay = 0.53> <IPBlock> <Opcode : 'mul' 'add' 'sub' 'select'> <InPorts = 0> <OutPorts = 1> <Sync> <CReg>
ST_3 : Operation 375 [2/3] (0.99ns) (grouped into DSP with root node add_ln840_72)   --->   "%ret_V_77 = mul i10 %sext_ln1494_2, i10 %sext_ln1494_77"   --->   Operation 375 'mul' 'ret_V_77' <Predicate = (!icmp_ln249)> <Delay = 0.99> <CoreInst = "DSP48">   --->   Core 127 'DSP48' <Latency = 3> <II = 1> <Delay = 0.53> <IPBlock> <Opcode : 'mul' 'add' 'sub' 'select'> <InPorts = 0> <OutPorts = 1> <Sync> <CReg>
ST_3 : Operation 376 [1/1] (0.00ns)   --->   "%sext_ln1494_78 = sext i2 %local_temp_V_78"   --->   Operation 376 'sext' 'sext_ln1494_78' <Predicate = (!icmp_ln249)> <Delay = 0.00>
ST_3 : Operation 377 [3/3] (0.99ns) (grouped into DSP with root node add_ln840_75)   --->   "%ret_V_78 = mul i10 %sext_ln1494_3, i10 %sext_ln1494_78"   --->   Operation 377 'mul' 'ret_V_78' <Predicate = (!icmp_ln249)> <Delay = 0.99> <CoreInst = "DSP48">   --->   Core 127 'DSP48' <Latency = 3> <II = 1> <Delay = 0.53> <IPBlock> <Opcode : 'mul' 'add' 'sub' 'select'> <InPorts = 0> <OutPorts = 1> <Sync> <CReg>
ST_3 : Operation 378 [2/3] (0.99ns) (grouped into DSP with root node add_ln840_74)   --->   "%ret_V_80 = mul i10 %sext_ln1494_5, i10 %sext_ln1494_80"   --->   Operation 378 'mul' 'ret_V_80' <Predicate = (!icmp_ln249)> <Delay = 0.99> <CoreInst = "DSP48">   --->   Core 127 'DSP48' <Latency = 3> <II = 1> <Delay = 0.53> <IPBlock> <Opcode : 'mul' 'add' 'sub' 'select'> <InPorts = 0> <OutPorts = 1> <Sync> <CReg>
ST_3 : Operation 379 [1/1] (0.00ns)   --->   "%sext_ln1494_81 = sext i2 %local_temp_V_81"   --->   Operation 379 'sext' 'sext_ln1494_81' <Predicate = (!icmp_ln249)> <Delay = 0.00>
ST_3 : Operation 380 [3/3] (0.99ns) (grouped into DSP with root node add_ln840_78)   --->   "%ret_V_81 = mul i10 %sext_ln1494_6, i10 %sext_ln1494_81"   --->   Operation 380 'mul' 'ret_V_81' <Predicate = (!icmp_ln249)> <Delay = 0.99> <CoreInst = "DSP48">   --->   Core 127 'DSP48' <Latency = 3> <II = 1> <Delay = 0.53> <IPBlock> <Opcode : 'mul' 'add' 'sub' 'select'> <InPorts = 0> <OutPorts = 1> <Sync> <CReg>
ST_3 : Operation 381 [2/3] (0.99ns) (grouped into DSP with root node add_ln840_77)   --->   "%ret_V_83 = mul i10 %sext_ln1494_8, i10 %sext_ln1494_83"   --->   Operation 381 'mul' 'ret_V_83' <Predicate = (!icmp_ln249)> <Delay = 0.99> <CoreInst = "DSP48">   --->   Core 127 'DSP48' <Latency = 3> <II = 1> <Delay = 0.53> <IPBlock> <Opcode : 'mul' 'add' 'sub' 'select'> <InPorts = 0> <OutPorts = 1> <Sync> <CReg>
ST_3 : Operation 382 [1/1] (0.00ns)   --->   "%sext_ln1494_84 = sext i2 %local_temp_V_84"   --->   Operation 382 'sext' 'sext_ln1494_84' <Predicate = (!icmp_ln249)> <Delay = 0.00>
ST_3 : Operation 383 [3/3] (0.99ns) (grouped into DSP with root node add_ln840_80)   --->   "%ret_V_84 = mul i10 %sext_ln1494_9, i10 %sext_ln1494_84"   --->   Operation 383 'mul' 'ret_V_84' <Predicate = (!icmp_ln249)> <Delay = 0.99> <CoreInst = "DSP48">   --->   Core 127 'DSP48' <Latency = 3> <II = 1> <Delay = 0.53> <IPBlock> <Opcode : 'mul' 'add' 'sub' 'select'> <InPorts = 0> <OutPorts = 1> <Sync> <CReg>
ST_3 : Operation 384 [2/3] (0.99ns) (grouped into DSP with root node add_ln840_79)   --->   "%ret_V_86 = mul i10 %sext_ln1494_11, i10 %sext_ln1494_86"   --->   Operation 384 'mul' 'ret_V_86' <Predicate = (!icmp_ln249)> <Delay = 0.99> <CoreInst = "DSP48">   --->   Core 127 'DSP48' <Latency = 3> <II = 1> <Delay = 0.53> <IPBlock> <Opcode : 'mul' 'add' 'sub' 'select'> <InPorts = 0> <OutPorts = 1> <Sync> <CReg>
ST_3 : Operation 385 [1/1] (0.00ns)   --->   "%sext_ln1494_87 = sext i2 %local_temp_V_87"   --->   Operation 385 'sext' 'sext_ln1494_87' <Predicate = (!icmp_ln249)> <Delay = 0.00>
ST_3 : Operation 386 [3/3] (0.99ns) (grouped into DSP with root node add_ln840_84)   --->   "%ret_V_87 = mul i10 %sext_ln1494_12, i10 %sext_ln1494_87"   --->   Operation 386 'mul' 'ret_V_87' <Predicate = (!icmp_ln249)> <Delay = 0.99> <CoreInst = "DSP48">   --->   Core 127 'DSP48' <Latency = 3> <II = 1> <Delay = 0.53> <IPBlock> <Opcode : 'mul' 'add' 'sub' 'select'> <InPorts = 0> <OutPorts = 1> <Sync> <CReg>
ST_3 : Operation 387 [2/3] (0.99ns) (grouped into DSP with root node add_ln840_83)   --->   "%ret_V_89 = mul i10 %sext_ln1494_14, i10 %sext_ln1494_89"   --->   Operation 387 'mul' 'ret_V_89' <Predicate = (!icmp_ln249)> <Delay = 0.99> <CoreInst = "DSP48">   --->   Core 127 'DSP48' <Latency = 3> <II = 1> <Delay = 0.53> <IPBlock> <Opcode : 'mul' 'add' 'sub' 'select'> <InPorts = 0> <OutPorts = 1> <Sync> <CReg>
ST_3 : Operation 388 [1/1] (0.00ns)   --->   "%sext_ln1494_90 = sext i2 %local_temp_V_90"   --->   Operation 388 'sext' 'sext_ln1494_90' <Predicate = (!icmp_ln249)> <Delay = 0.00>
ST_3 : Operation 389 [3/3] (0.99ns) (grouped into DSP with root node add_ln840_86)   --->   "%ret_V_90 = mul i10 %sext_ln1494_15, i10 %sext_ln1494_90"   --->   Operation 389 'mul' 'ret_V_90' <Predicate = (!icmp_ln249)> <Delay = 0.99> <CoreInst = "DSP48">   --->   Core 127 'DSP48' <Latency = 3> <II = 1> <Delay = 0.53> <IPBlock> <Opcode : 'mul' 'add' 'sub' 'select'> <InPorts = 0> <OutPorts = 1> <Sync> <CReg>
ST_3 : Operation 390 [2/3] (0.99ns) (grouped into DSP with root node add_ln840_85)   --->   "%ret_V_92 = mul i10 %sext_ln1494_17, i10 %sext_ln1494_92"   --->   Operation 390 'mul' 'ret_V_92' <Predicate = (!icmp_ln249)> <Delay = 0.99> <CoreInst = "DSP48">   --->   Core 127 'DSP48' <Latency = 3> <II = 1> <Delay = 0.53> <IPBlock> <Opcode : 'mul' 'add' 'sub' 'select'> <InPorts = 0> <OutPorts = 1> <Sync> <CReg>
ST_3 : Operation 391 [1/1] (0.00ns)   --->   "%sext_ln1494_93 = sext i2 %local_temp_V_93"   --->   Operation 391 'sext' 'sext_ln1494_93' <Predicate = (!icmp_ln249)> <Delay = 0.00>
ST_3 : Operation 392 [3/3] (0.99ns) (grouped into DSP with root node add_ln840_89)   --->   "%ret_V_93 = mul i10 %sext_ln1494_18, i10 %sext_ln1494_93"   --->   Operation 392 'mul' 'ret_V_93' <Predicate = (!icmp_ln249)> <Delay = 0.99> <CoreInst = "DSP48">   --->   Core 127 'DSP48' <Latency = 3> <II = 1> <Delay = 0.53> <IPBlock> <Opcode : 'mul' 'add' 'sub' 'select'> <InPorts = 0> <OutPorts = 1> <Sync> <CReg>
ST_3 : Operation 393 [2/3] (0.99ns) (grouped into DSP with root node add_ln840_88)   --->   "%ret_V_95 = mul i10 %sext_ln1494_20, i10 %sext_ln1494_95"   --->   Operation 393 'mul' 'ret_V_95' <Predicate = (!icmp_ln249)> <Delay = 0.99> <CoreInst = "DSP48">   --->   Core 127 'DSP48' <Latency = 3> <II = 1> <Delay = 0.53> <IPBlock> <Opcode : 'mul' 'add' 'sub' 'select'> <InPorts = 0> <OutPorts = 1> <Sync> <CReg>
ST_3 : Operation 394 [1/1] (0.00ns)   --->   "%sext_ln1494_97 = sext i2 %local_temp_V_97"   --->   Operation 394 'sext' 'sext_ln1494_97' <Predicate = (!icmp_ln249)> <Delay = 0.00>
ST_3 : Operation 395 [3/3] (0.99ns) (grouped into DSP with root node add_ln840_90)   --->   "%ret_V_97 = mul i10 %sext_ln1494_22, i10 %sext_ln1494_97"   --->   Operation 395 'mul' 'ret_V_97' <Predicate = (!icmp_ln249)> <Delay = 0.99> <CoreInst = "DSP48">   --->   Core 127 'DSP48' <Latency = 3> <II = 1> <Delay = 0.53> <IPBlock> <Opcode : 'mul' 'add' 'sub' 'select'> <InPorts = 0> <OutPorts = 1> <Sync> <CReg>
ST_3 : Operation 396 [1/1] (0.00ns)   --->   "%sext_ln1494_99 = sext i2 %local_temp_V_99"   --->   Operation 396 'sext' 'sext_ln1494_99' <Predicate = (!icmp_ln249)> <Delay = 0.00>
ST_3 : Operation 397 [3/3] (0.99ns) (grouped into DSP with root node add_ln840_91)   --->   "%ret_V_99 = mul i10 %sext_ln1494_24, i10 %sext_ln1494_99"   --->   Operation 397 'mul' 'ret_V_99' <Predicate = (!icmp_ln249)> <Delay = 0.99> <CoreInst = "DSP48">   --->   Core 127 'DSP48' <Latency = 3> <II = 1> <Delay = 0.53> <IPBlock> <Opcode : 'mul' 'add' 'sub' 'select'> <InPorts = 0> <OutPorts = 1> <Sync> <CReg>
ST_3 : Operation 398 [1/1] (0.00ns)   --->   "%sext_ln1494_101 = sext i2 %local_temp_V_101"   --->   Operation 398 'sext' 'sext_ln1494_101' <Predicate = (!icmp_ln249)> <Delay = 0.00>
ST_3 : Operation 399 [3/3] (0.99ns) (grouped into DSP with root node add_ln840_97)   --->   "%ret_V_101 = mul i10 %sext_ln1494_1, i10 %sext_ln1494_101"   --->   Operation 399 'mul' 'ret_V_101' <Predicate = (!icmp_ln249)> <Delay = 0.99> <CoreInst = "DSP48">   --->   Core 127 'DSP48' <Latency = 3> <II = 1> <Delay = 0.53> <IPBlock> <Opcode : 'mul' 'add' 'sub' 'select'> <InPorts = 0> <OutPorts = 1> <Sync> <CReg>
ST_3 : Operation 400 [2/3] (0.99ns) (grouped into DSP with root node add_ln840_96)   --->   "%ret_V_102 = mul i10 %sext_ln1494_2, i10 %sext_ln1494_102"   --->   Operation 400 'mul' 'ret_V_102' <Predicate = (!icmp_ln249)> <Delay = 0.99> <CoreInst = "DSP48">   --->   Core 127 'DSP48' <Latency = 3> <II = 1> <Delay = 0.53> <IPBlock> <Opcode : 'mul' 'add' 'sub' 'select'> <InPorts = 0> <OutPorts = 1> <Sync> <CReg>
ST_3 : Operation 401 [1/1] (0.00ns)   --->   "%sext_ln1494_103 = sext i2 %local_temp_V_103"   --->   Operation 401 'sext' 'sext_ln1494_103' <Predicate = (!icmp_ln249)> <Delay = 0.00>
ST_3 : Operation 402 [3/3] (0.99ns) (grouped into DSP with root node add_ln840_99)   --->   "%ret_V_103 = mul i10 %sext_ln1494_3, i10 %sext_ln1494_103"   --->   Operation 402 'mul' 'ret_V_103' <Predicate = (!icmp_ln249)> <Delay = 0.99> <CoreInst = "DSP48">   --->   Core 127 'DSP48' <Latency = 3> <II = 1> <Delay = 0.53> <IPBlock> <Opcode : 'mul' 'add' 'sub' 'select'> <InPorts = 0> <OutPorts = 1> <Sync> <CReg>
ST_3 : Operation 403 [2/3] (0.99ns) (grouped into DSP with root node add_ln840_98)   --->   "%ret_V_105 = mul i10 %sext_ln1494_5, i10 %sext_ln1494_105"   --->   Operation 403 'mul' 'ret_V_105' <Predicate = (!icmp_ln249)> <Delay = 0.99> <CoreInst = "DSP48">   --->   Core 127 'DSP48' <Latency = 3> <II = 1> <Delay = 0.53> <IPBlock> <Opcode : 'mul' 'add' 'sub' 'select'> <InPorts = 0> <OutPorts = 1> <Sync> <CReg>
ST_3 : Operation 404 [1/1] (0.00ns)   --->   "%sext_ln1494_106 = sext i2 %local_temp_V_106"   --->   Operation 404 'sext' 'sext_ln1494_106' <Predicate = (!icmp_ln249)> <Delay = 0.00>
ST_3 : Operation 405 [3/3] (0.99ns) (grouped into DSP with root node add_ln840_102)   --->   "%ret_V_106 = mul i10 %sext_ln1494_6, i10 %sext_ln1494_106"   --->   Operation 405 'mul' 'ret_V_106' <Predicate = (!icmp_ln249)> <Delay = 0.99> <CoreInst = "DSP48">   --->   Core 127 'DSP48' <Latency = 3> <II = 1> <Delay = 0.53> <IPBlock> <Opcode : 'mul' 'add' 'sub' 'select'> <InPorts = 0> <OutPorts = 1> <Sync> <CReg>
ST_3 : Operation 406 [2/3] (0.99ns) (grouped into DSP with root node add_ln840_101)   --->   "%ret_V_108 = mul i10 %sext_ln1494_8, i10 %sext_ln1494_108"   --->   Operation 406 'mul' 'ret_V_108' <Predicate = (!icmp_ln249)> <Delay = 0.99> <CoreInst = "DSP48">   --->   Core 127 'DSP48' <Latency = 3> <II = 1> <Delay = 0.53> <IPBlock> <Opcode : 'mul' 'add' 'sub' 'select'> <InPorts = 0> <OutPorts = 1> <Sync> <CReg>
ST_3 : Operation 407 [1/1] (0.00ns)   --->   "%sext_ln1494_109 = sext i2 %local_temp_V_109"   --->   Operation 407 'sext' 'sext_ln1494_109' <Predicate = (!icmp_ln249)> <Delay = 0.00>
ST_3 : Operation 408 [3/3] (0.99ns) (grouped into DSP with root node add_ln840_104)   --->   "%ret_V_109 = mul i10 %sext_ln1494_9, i10 %sext_ln1494_109"   --->   Operation 408 'mul' 'ret_V_109' <Predicate = (!icmp_ln249)> <Delay = 0.99> <CoreInst = "DSP48">   --->   Core 127 'DSP48' <Latency = 3> <II = 1> <Delay = 0.53> <IPBlock> <Opcode : 'mul' 'add' 'sub' 'select'> <InPorts = 0> <OutPorts = 1> <Sync> <CReg>
ST_3 : Operation 409 [2/3] (0.99ns) (grouped into DSP with root node add_ln840_103)   --->   "%ret_V_111 = mul i10 %sext_ln1494_11, i10 %sext_ln1494_111"   --->   Operation 409 'mul' 'ret_V_111' <Predicate = (!icmp_ln249)> <Delay = 0.99> <CoreInst = "DSP48">   --->   Core 127 'DSP48' <Latency = 3> <II = 1> <Delay = 0.53> <IPBlock> <Opcode : 'mul' 'add' 'sub' 'select'> <InPorts = 0> <OutPorts = 1> <Sync> <CReg>
ST_3 : Operation 410 [1/1] (0.00ns)   --->   "%sext_ln1494_112 = sext i2 %local_temp_V_112"   --->   Operation 410 'sext' 'sext_ln1494_112' <Predicate = (!icmp_ln249)> <Delay = 0.00>
ST_3 : Operation 411 [3/3] (0.99ns) (grouped into DSP with root node add_ln840_108)   --->   "%ret_V_112 = mul i10 %sext_ln1494_12, i10 %sext_ln1494_112"   --->   Operation 411 'mul' 'ret_V_112' <Predicate = (!icmp_ln249)> <Delay = 0.99> <CoreInst = "DSP48">   --->   Core 127 'DSP48' <Latency = 3> <II = 1> <Delay = 0.53> <IPBlock> <Opcode : 'mul' 'add' 'sub' 'select'> <InPorts = 0> <OutPorts = 1> <Sync> <CReg>
ST_3 : Operation 412 [2/3] (0.99ns) (grouped into DSP with root node add_ln840_107)   --->   "%ret_V_114 = mul i10 %sext_ln1494_14, i10 %sext_ln1494_114"   --->   Operation 412 'mul' 'ret_V_114' <Predicate = (!icmp_ln249)> <Delay = 0.99> <CoreInst = "DSP48">   --->   Core 127 'DSP48' <Latency = 3> <II = 1> <Delay = 0.53> <IPBlock> <Opcode : 'mul' 'add' 'sub' 'select'> <InPorts = 0> <OutPorts = 1> <Sync> <CReg>
ST_3 : Operation 413 [1/1] (0.00ns)   --->   "%sext_ln1494_115 = sext i2 %local_temp_V_115"   --->   Operation 413 'sext' 'sext_ln1494_115' <Predicate = (!icmp_ln249)> <Delay = 0.00>
ST_3 : Operation 414 [3/3] (0.99ns) (grouped into DSP with root node add_ln840_110)   --->   "%ret_V_115 = mul i10 %sext_ln1494_15, i10 %sext_ln1494_115"   --->   Operation 414 'mul' 'ret_V_115' <Predicate = (!icmp_ln249)> <Delay = 0.99> <CoreInst = "DSP48">   --->   Core 127 'DSP48' <Latency = 3> <II = 1> <Delay = 0.53> <IPBlock> <Opcode : 'mul' 'add' 'sub' 'select'> <InPorts = 0> <OutPorts = 1> <Sync> <CReg>
ST_3 : Operation 415 [2/3] (0.99ns) (grouped into DSP with root node add_ln840_109)   --->   "%ret_V_117 = mul i10 %sext_ln1494_17, i10 %sext_ln1494_117"   --->   Operation 415 'mul' 'ret_V_117' <Predicate = (!icmp_ln249)> <Delay = 0.99> <CoreInst = "DSP48">   --->   Core 127 'DSP48' <Latency = 3> <II = 1> <Delay = 0.53> <IPBlock> <Opcode : 'mul' 'add' 'sub' 'select'> <InPorts = 0> <OutPorts = 1> <Sync> <CReg>
ST_3 : Operation 416 [1/1] (0.00ns)   --->   "%sext_ln1494_118 = sext i2 %local_temp_V_118"   --->   Operation 416 'sext' 'sext_ln1494_118' <Predicate = (!icmp_ln249)> <Delay = 0.00>
ST_3 : Operation 417 [3/3] (0.99ns) (grouped into DSP with root node add_ln840_113)   --->   "%ret_V_118 = mul i10 %sext_ln1494_18, i10 %sext_ln1494_118"   --->   Operation 417 'mul' 'ret_V_118' <Predicate = (!icmp_ln249)> <Delay = 0.99> <CoreInst = "DSP48">   --->   Core 127 'DSP48' <Latency = 3> <II = 1> <Delay = 0.53> <IPBlock> <Opcode : 'mul' 'add' 'sub' 'select'> <InPorts = 0> <OutPorts = 1> <Sync> <CReg>
ST_3 : Operation 418 [2/3] (0.99ns) (grouped into DSP with root node add_ln840_112)   --->   "%ret_V_120 = mul i10 %sext_ln1494_20, i10 %sext_ln1494_120"   --->   Operation 418 'mul' 'ret_V_120' <Predicate = (!icmp_ln249)> <Delay = 0.99> <CoreInst = "DSP48">   --->   Core 127 'DSP48' <Latency = 3> <II = 1> <Delay = 0.53> <IPBlock> <Opcode : 'mul' 'add' 'sub' 'select'> <InPorts = 0> <OutPorts = 1> <Sync> <CReg>
ST_3 : Operation 419 [1/1] (0.00ns)   --->   "%sext_ln1494_122 = sext i2 %local_temp_V_122"   --->   Operation 419 'sext' 'sext_ln1494_122' <Predicate = (!icmp_ln249)> <Delay = 0.00>
ST_3 : Operation 420 [3/3] (0.99ns) (grouped into DSP with root node add_ln840_114)   --->   "%ret_V_122 = mul i10 %sext_ln1494_22, i10 %sext_ln1494_122"   --->   Operation 420 'mul' 'ret_V_122' <Predicate = (!icmp_ln249)> <Delay = 0.99> <CoreInst = "DSP48">   --->   Core 127 'DSP48' <Latency = 3> <II = 1> <Delay = 0.53> <IPBlock> <Opcode : 'mul' 'add' 'sub' 'select'> <InPorts = 0> <OutPorts = 1> <Sync> <CReg>
ST_3 : Operation 421 [1/1] (0.00ns)   --->   "%sext_ln1494_124 = sext i2 %local_temp_V_124"   --->   Operation 421 'sext' 'sext_ln1494_124' <Predicate = (!icmp_ln249)> <Delay = 0.00>
ST_3 : Operation 422 [3/3] (0.99ns) (grouped into DSP with root node add_ln840_115)   --->   "%ret_V_124 = mul i10 %sext_ln1494_24, i10 %sext_ln1494_124"   --->   Operation 422 'mul' 'ret_V_124' <Predicate = (!icmp_ln249)> <Delay = 0.99> <CoreInst = "DSP48">   --->   Core 127 'DSP48' <Latency = 3> <II = 1> <Delay = 0.53> <IPBlock> <Opcode : 'mul' 'add' 'sub' 'select'> <InPorts = 0> <OutPorts = 1> <Sync> <CReg>
ST_3 : Operation 423 [1/1] (0.00ns)   --->   "%sext_ln1494_126 = sext i2 %local_temp_V_126"   --->   Operation 423 'sext' 'sext_ln1494_126' <Predicate = (!icmp_ln249)> <Delay = 0.00>
ST_3 : Operation 424 [3/3] (0.99ns) (grouped into DSP with root node add_ln840_121)   --->   "%ret_V_126 = mul i10 %sext_ln1494_1, i10 %sext_ln1494_126"   --->   Operation 424 'mul' 'ret_V_126' <Predicate = (!icmp_ln249)> <Delay = 0.99> <CoreInst = "DSP48">   --->   Core 127 'DSP48' <Latency = 3> <II = 1> <Delay = 0.53> <IPBlock> <Opcode : 'mul' 'add' 'sub' 'select'> <InPorts = 0> <OutPorts = 1> <Sync> <CReg>
ST_3 : Operation 425 [2/3] (0.99ns) (grouped into DSP with root node add_ln840_120)   --->   "%ret_V_127 = mul i10 %sext_ln1494_2, i10 %sext_ln1494_127"   --->   Operation 425 'mul' 'ret_V_127' <Predicate = (!icmp_ln249)> <Delay = 0.99> <CoreInst = "DSP48">   --->   Core 127 'DSP48' <Latency = 3> <II = 1> <Delay = 0.53> <IPBlock> <Opcode : 'mul' 'add' 'sub' 'select'> <InPorts = 0> <OutPorts = 1> <Sync> <CReg>
ST_3 : Operation 426 [1/1] (0.00ns)   --->   "%sext_ln1494_128 = sext i2 %local_temp_V_128"   --->   Operation 426 'sext' 'sext_ln1494_128' <Predicate = (!icmp_ln249)> <Delay = 0.00>
ST_3 : Operation 427 [3/3] (0.99ns) (grouped into DSP with root node add_ln840_123)   --->   "%ret_V_128 = mul i10 %sext_ln1494_3, i10 %sext_ln1494_128"   --->   Operation 427 'mul' 'ret_V_128' <Predicate = (!icmp_ln249)> <Delay = 0.99> <CoreInst = "DSP48">   --->   Core 127 'DSP48' <Latency = 3> <II = 1> <Delay = 0.53> <IPBlock> <Opcode : 'mul' 'add' 'sub' 'select'> <InPorts = 0> <OutPorts = 1> <Sync> <CReg>
ST_3 : Operation 428 [2/3] (0.99ns) (grouped into DSP with root node add_ln840_122)   --->   "%ret_V_130 = mul i10 %sext_ln1494_5, i10 %sext_ln1494_130"   --->   Operation 428 'mul' 'ret_V_130' <Predicate = (!icmp_ln249)> <Delay = 0.99> <CoreInst = "DSP48">   --->   Core 127 'DSP48' <Latency = 3> <II = 1> <Delay = 0.53> <IPBlock> <Opcode : 'mul' 'add' 'sub' 'select'> <InPorts = 0> <OutPorts = 1> <Sync> <CReg>
ST_3 : Operation 429 [1/1] (0.00ns)   --->   "%sext_ln1494_131 = sext i2 %local_temp_V_131"   --->   Operation 429 'sext' 'sext_ln1494_131' <Predicate = (!icmp_ln249)> <Delay = 0.00>
ST_3 : Operation 430 [3/3] (0.99ns) (grouped into DSP with root node add_ln840_126)   --->   "%ret_V_131 = mul i10 %sext_ln1494_6, i10 %sext_ln1494_131"   --->   Operation 430 'mul' 'ret_V_131' <Predicate = (!icmp_ln249)> <Delay = 0.99> <CoreInst = "DSP48">   --->   Core 127 'DSP48' <Latency = 3> <II = 1> <Delay = 0.53> <IPBlock> <Opcode : 'mul' 'add' 'sub' 'select'> <InPorts = 0> <OutPorts = 1> <Sync> <CReg>
ST_3 : Operation 431 [2/3] (0.99ns) (grouped into DSP with root node add_ln840_125)   --->   "%ret_V_133 = mul i10 %sext_ln1494_8, i10 %sext_ln1494_133"   --->   Operation 431 'mul' 'ret_V_133' <Predicate = (!icmp_ln249)> <Delay = 0.99> <CoreInst = "DSP48">   --->   Core 127 'DSP48' <Latency = 3> <II = 1> <Delay = 0.53> <IPBlock> <Opcode : 'mul' 'add' 'sub' 'select'> <InPorts = 0> <OutPorts = 1> <Sync> <CReg>
ST_3 : Operation 432 [1/1] (0.00ns)   --->   "%sext_ln1494_134 = sext i2 %local_temp_V_134"   --->   Operation 432 'sext' 'sext_ln1494_134' <Predicate = (!icmp_ln249)> <Delay = 0.00>
ST_3 : Operation 433 [3/3] (0.99ns) (grouped into DSP with root node add_ln840_128)   --->   "%ret_V_134 = mul i10 %sext_ln1494_9, i10 %sext_ln1494_134"   --->   Operation 433 'mul' 'ret_V_134' <Predicate = (!icmp_ln249)> <Delay = 0.99> <CoreInst = "DSP48">   --->   Core 127 'DSP48' <Latency = 3> <II = 1> <Delay = 0.53> <IPBlock> <Opcode : 'mul' 'add' 'sub' 'select'> <InPorts = 0> <OutPorts = 1> <Sync> <CReg>
ST_3 : Operation 434 [2/3] (0.99ns) (grouped into DSP with root node add_ln840_127)   --->   "%ret_V_136 = mul i10 %sext_ln1494_11, i10 %sext_ln1494_136"   --->   Operation 434 'mul' 'ret_V_136' <Predicate = (!icmp_ln249)> <Delay = 0.99> <CoreInst = "DSP48">   --->   Core 127 'DSP48' <Latency = 3> <II = 1> <Delay = 0.53> <IPBlock> <Opcode : 'mul' 'add' 'sub' 'select'> <InPorts = 0> <OutPorts = 1> <Sync> <CReg>
ST_3 : Operation 435 [1/1] (0.00ns)   --->   "%sext_ln1494_137 = sext i2 %local_temp_V_137"   --->   Operation 435 'sext' 'sext_ln1494_137' <Predicate = (!icmp_ln249)> <Delay = 0.00>
ST_3 : Operation 436 [3/3] (0.99ns) (grouped into DSP with root node add_ln840_132)   --->   "%ret_V_137 = mul i10 %sext_ln1494_12, i10 %sext_ln1494_137"   --->   Operation 436 'mul' 'ret_V_137' <Predicate = (!icmp_ln249)> <Delay = 0.99> <CoreInst = "DSP48">   --->   Core 127 'DSP48' <Latency = 3> <II = 1> <Delay = 0.53> <IPBlock> <Opcode : 'mul' 'add' 'sub' 'select'> <InPorts = 0> <OutPorts = 1> <Sync> <CReg>
ST_3 : Operation 437 [2/3] (0.99ns) (grouped into DSP with root node add_ln840_131)   --->   "%ret_V_139 = mul i10 %sext_ln1494_14, i10 %sext_ln1494_139"   --->   Operation 437 'mul' 'ret_V_139' <Predicate = (!icmp_ln249)> <Delay = 0.99> <CoreInst = "DSP48">   --->   Core 127 'DSP48' <Latency = 3> <II = 1> <Delay = 0.53> <IPBlock> <Opcode : 'mul' 'add' 'sub' 'select'> <InPorts = 0> <OutPorts = 1> <Sync> <CReg>
ST_3 : Operation 438 [1/1] (0.00ns)   --->   "%sext_ln1494_140 = sext i2 %local_temp_V_140"   --->   Operation 438 'sext' 'sext_ln1494_140' <Predicate = (!icmp_ln249)> <Delay = 0.00>
ST_3 : Operation 439 [3/3] (0.99ns) (grouped into DSP with root node add_ln840_134)   --->   "%ret_V_140 = mul i10 %sext_ln1494_15, i10 %sext_ln1494_140"   --->   Operation 439 'mul' 'ret_V_140' <Predicate = (!icmp_ln249)> <Delay = 0.99> <CoreInst = "DSP48">   --->   Core 127 'DSP48' <Latency = 3> <II = 1> <Delay = 0.53> <IPBlock> <Opcode : 'mul' 'add' 'sub' 'select'> <InPorts = 0> <OutPorts = 1> <Sync> <CReg>
ST_3 : Operation 440 [2/3] (0.99ns) (grouped into DSP with root node add_ln840_133)   --->   "%ret_V_142 = mul i10 %sext_ln1494_17, i10 %sext_ln1494_142"   --->   Operation 440 'mul' 'ret_V_142' <Predicate = (!icmp_ln249)> <Delay = 0.99> <CoreInst = "DSP48">   --->   Core 127 'DSP48' <Latency = 3> <II = 1> <Delay = 0.53> <IPBlock> <Opcode : 'mul' 'add' 'sub' 'select'> <InPorts = 0> <OutPorts = 1> <Sync> <CReg>
ST_3 : Operation 441 [1/1] (0.00ns)   --->   "%sext_ln1494_143 = sext i2 %local_temp_V_143"   --->   Operation 441 'sext' 'sext_ln1494_143' <Predicate = (!icmp_ln249)> <Delay = 0.00>
ST_3 : Operation 442 [3/3] (0.99ns) (grouped into DSP with root node add_ln840_137)   --->   "%ret_V_143 = mul i10 %sext_ln1494_18, i10 %sext_ln1494_143"   --->   Operation 442 'mul' 'ret_V_143' <Predicate = (!icmp_ln249)> <Delay = 0.99> <CoreInst = "DSP48">   --->   Core 127 'DSP48' <Latency = 3> <II = 1> <Delay = 0.53> <IPBlock> <Opcode : 'mul' 'add' 'sub' 'select'> <InPorts = 0> <OutPorts = 1> <Sync> <CReg>
ST_3 : Operation 443 [2/3] (0.99ns) (grouped into DSP with root node add_ln840_136)   --->   "%ret_V_145 = mul i10 %sext_ln1494_20, i10 %sext_ln1494_145"   --->   Operation 443 'mul' 'ret_V_145' <Predicate = (!icmp_ln249)> <Delay = 0.99> <CoreInst = "DSP48">   --->   Core 127 'DSP48' <Latency = 3> <II = 1> <Delay = 0.53> <IPBlock> <Opcode : 'mul' 'add' 'sub' 'select'> <InPorts = 0> <OutPorts = 1> <Sync> <CReg>
ST_3 : Operation 444 [1/1] (0.00ns)   --->   "%sext_ln1494_147 = sext i2 %local_temp_V_147"   --->   Operation 444 'sext' 'sext_ln1494_147' <Predicate = (!icmp_ln249)> <Delay = 0.00>
ST_3 : Operation 445 [3/3] (0.99ns) (grouped into DSP with root node add_ln840_138)   --->   "%ret_V_147 = mul i10 %sext_ln1494_22, i10 %sext_ln1494_147"   --->   Operation 445 'mul' 'ret_V_147' <Predicate = (!icmp_ln249)> <Delay = 0.99> <CoreInst = "DSP48">   --->   Core 127 'DSP48' <Latency = 3> <II = 1> <Delay = 0.53> <IPBlock> <Opcode : 'mul' 'add' 'sub' 'select'> <InPorts = 0> <OutPorts = 1> <Sync> <CReg>
ST_3 : Operation 446 [1/1] (0.00ns)   --->   "%sext_ln1494_149 = sext i2 %local_temp_V_149"   --->   Operation 446 'sext' 'sext_ln1494_149' <Predicate = (!icmp_ln249)> <Delay = 0.00>
ST_3 : Operation 447 [3/3] (0.99ns) (grouped into DSP with root node add_ln840_139)   --->   "%ret_V_149 = mul i10 %sext_ln1494_24, i10 %sext_ln1494_149"   --->   Operation 447 'mul' 'ret_V_149' <Predicate = (!icmp_ln249)> <Delay = 0.99> <CoreInst = "DSP48">   --->   Core 127 'DSP48' <Latency = 3> <II = 1> <Delay = 0.53> <IPBlock> <Opcode : 'mul' 'add' 'sub' 'select'> <InPorts = 0> <OutPorts = 1> <Sync> <CReg>

State 4 <SV = 3> <Delay = 2.29>
ST_4 : Operation 448 [1/1] (0.00ns)   --->   "%sext_ln186 = sext i2 %local_temp_V_150"   --->   Operation 448 'sext' 'sext_ln186' <Predicate = (!icmp_ln249)> <Delay = 0.00>
ST_4 : Operation 449 [1/1] (0.00ns)   --->   "%sext_ln1494 = sext i8 %r_V"   --->   Operation 449 'sext' 'sext_ln1494' <Predicate = (!icmp_ln249)> <Delay = 0.00>
ST_4 : Operation 450 [1/1] (1.65ns)   --->   "%ret_V = mul i10 %sext_ln1494, i10 %sext_ln186"   --->   Operation 450 'mul' 'ret_V' <Predicate = (!icmp_ln249)> <Delay = 1.65> <CoreInst = "Multiplier">   --->   Core 3 'Multiplier' <Latency = 0> <II = 1> <Delay = 1.65> <FuncUnit> <Opcode : 'mul'> <InPorts = 2> <OutPorts = 1>
ST_4 : Operation 451 [1/1] (0.00ns)   --->   "%sext_ln628 = sext i10 %ret_V"   --->   Operation 451 'sext' 'sext_ln628' <Predicate = (!icmp_ln249)> <Delay = 0.00>
ST_4 : Operation 452 [2/3] (0.99ns) (grouped into DSP with root node add_ln840_1)   --->   "%ret_V_1 = mul i10 %sext_ln1494_1, i10 %sext_ln186_1"   --->   Operation 452 'mul' 'ret_V_1' <Predicate = (!icmp_ln249)> <Delay = 0.99> <CoreInst = "DSP48">   --->   Core 127 'DSP48' <Latency = 3> <II = 1> <Delay = 0.53> <IPBlock> <Opcode : 'mul' 'add' 'sub' 'select'> <InPorts = 0> <OutPorts = 1> <Sync> <CReg>
ST_4 : Operation 453 [1/3] (0.00ns) (grouped into DSP with root node add_ln840)   --->   "%ret_V_2 = mul i10 %sext_ln1494_2, i10 %sext_ln186_2"   --->   Operation 453 'mul' 'ret_V_2' <Predicate = (!icmp_ln249)> <Delay = 0.00> <CoreInst = "DSP48">   --->   Core 127 'DSP48' <Latency = 3> <II = 1> <Delay = 0.53> <IPBlock> <Opcode : 'mul' 'add' 'sub' 'select'> <InPorts = 0> <OutPorts = 1> <Sync> <CReg>
ST_4 : Operation 454 [1/1] (0.00ns) (grouped into DSP with root node add_ln840)   --->   "%sext_ln628_2 = sext i10 %ret_V_2"   --->   Operation 454 'sext' 'sext_ln628_2' <Predicate = (!icmp_ln249)> <Delay = 0.00>
ST_4 : Operation 455 [2/3] (0.99ns) (grouped into DSP with root node add_ln840_3)   --->   "%ret_V_3 = mul i10 %sext_ln1494_3, i10 %sext_ln186_3"   --->   Operation 455 'mul' 'ret_V_3' <Predicate = (!icmp_ln249)> <Delay = 0.99> <CoreInst = "DSP48">   --->   Core 127 'DSP48' <Latency = 3> <II = 1> <Delay = 0.53> <IPBlock> <Opcode : 'mul' 'add' 'sub' 'select'> <InPorts = 0> <OutPorts = 1> <Sync> <CReg>
ST_4 : Operation 456 [1/1] (0.00ns)   --->   "%sext_ln186_4 = sext i2 %local_temp_V_154"   --->   Operation 456 'sext' 'sext_ln186_4' <Predicate = (!icmp_ln249)> <Delay = 0.00>
ST_4 : Operation 457 [1/1] (0.00ns)   --->   "%sext_ln1494_4 = sext i8 %r_V_4"   --->   Operation 457 'sext' 'sext_ln1494_4' <Predicate = (!icmp_ln249)> <Delay = 0.00>
ST_4 : Operation 458 [1/1] (1.65ns)   --->   "%ret_V_4 = mul i10 %sext_ln1494_4, i10 %sext_ln186_4"   --->   Operation 458 'mul' 'ret_V_4' <Predicate = (!icmp_ln249)> <Delay = 1.65> <CoreInst = "Multiplier">   --->   Core 3 'Multiplier' <Latency = 0> <II = 1> <Delay = 1.65> <FuncUnit> <Opcode : 'mul'> <InPorts = 2> <OutPorts = 1>
ST_4 : Operation 459 [1/1] (0.00ns)   --->   "%sext_ln628_4 = sext i10 %ret_V_4"   --->   Operation 459 'sext' 'sext_ln628_4' <Predicate = (!icmp_ln249)> <Delay = 0.00>
ST_4 : Operation 460 [1/3] (0.00ns) (grouped into DSP with root node add_ln840_2)   --->   "%ret_V_5 = mul i10 %sext_ln1494_5, i10 %sext_ln186_5"   --->   Operation 460 'mul' 'ret_V_5' <Predicate = (!icmp_ln249)> <Delay = 0.00> <CoreInst = "DSP48">   --->   Core 127 'DSP48' <Latency = 3> <II = 1> <Delay = 0.53> <IPBlock> <Opcode : 'mul' 'add' 'sub' 'select'> <InPorts = 0> <OutPorts = 1> <Sync> <CReg>
ST_4 : Operation 461 [1/1] (0.00ns) (grouped into DSP with root node add_ln840_2)   --->   "%sext_ln628_5 = sext i10 %ret_V_5"   --->   Operation 461 'sext' 'sext_ln628_5' <Predicate = (!icmp_ln249)> <Delay = 0.00>
ST_4 : Operation 462 [2/3] (0.99ns) (grouped into DSP with root node add_ln840_6)   --->   "%ret_V_6 = mul i10 %sext_ln1494_6, i10 %sext_ln186_6"   --->   Operation 462 'mul' 'ret_V_6' <Predicate = (!icmp_ln249)> <Delay = 0.99> <CoreInst = "DSP48">   --->   Core 127 'DSP48' <Latency = 3> <II = 1> <Delay = 0.53> <IPBlock> <Opcode : 'mul' 'add' 'sub' 'select'> <InPorts = 0> <OutPorts = 1> <Sync> <CReg>
ST_4 : Operation 463 [1/1] (0.00ns)   --->   "%sext_ln186_7 = sext i2 %local_temp_V_157"   --->   Operation 463 'sext' 'sext_ln186_7' <Predicate = (!icmp_ln249)> <Delay = 0.00>
ST_4 : Operation 464 [1/1] (0.00ns)   --->   "%sext_ln1494_7 = sext i8 %r_V_7"   --->   Operation 464 'sext' 'sext_ln1494_7' <Predicate = (!icmp_ln249)> <Delay = 0.00>
ST_4 : Operation 465 [1/1] (1.65ns)   --->   "%ret_V_7 = mul i10 %sext_ln1494_7, i10 %sext_ln186_7"   --->   Operation 465 'mul' 'ret_V_7' <Predicate = (!icmp_ln249)> <Delay = 1.65> <CoreInst = "Multiplier">   --->   Core 3 'Multiplier' <Latency = 0> <II = 1> <Delay = 1.65> <FuncUnit> <Opcode : 'mul'> <InPorts = 2> <OutPorts = 1>
ST_4 : Operation 466 [1/1] (0.00ns)   --->   "%sext_ln628_7 = sext i10 %ret_V_7"   --->   Operation 466 'sext' 'sext_ln628_7' <Predicate = (!icmp_ln249)> <Delay = 0.00>
ST_4 : Operation 467 [1/3] (0.00ns) (grouped into DSP with root node add_ln840_5)   --->   "%ret_V_8 = mul i10 %sext_ln1494_8, i10 %sext_ln186_8"   --->   Operation 467 'mul' 'ret_V_8' <Predicate = (!icmp_ln249)> <Delay = 0.00> <CoreInst = "DSP48">   --->   Core 127 'DSP48' <Latency = 3> <II = 1> <Delay = 0.53> <IPBlock> <Opcode : 'mul' 'add' 'sub' 'select'> <InPorts = 0> <OutPorts = 1> <Sync> <CReg>
ST_4 : Operation 468 [1/1] (0.00ns) (grouped into DSP with root node add_ln840_5)   --->   "%sext_ln628_8 = sext i10 %ret_V_8"   --->   Operation 468 'sext' 'sext_ln628_8' <Predicate = (!icmp_ln249)> <Delay = 0.00>
ST_4 : Operation 469 [2/3] (0.99ns) (grouped into DSP with root node add_ln840_8)   --->   "%ret_V_9 = mul i10 %sext_ln1494_9, i10 %sext_ln186_9"   --->   Operation 469 'mul' 'ret_V_9' <Predicate = (!icmp_ln249)> <Delay = 0.99> <CoreInst = "DSP48">   --->   Core 127 'DSP48' <Latency = 3> <II = 1> <Delay = 0.53> <IPBlock> <Opcode : 'mul' 'add' 'sub' 'select'> <InPorts = 0> <OutPorts = 1> <Sync> <CReg>
ST_4 : Operation 470 [1/1] (0.00ns)   --->   "%sext_ln186_10 = sext i2 %local_temp_V_160"   --->   Operation 470 'sext' 'sext_ln186_10' <Predicate = (!icmp_ln249)> <Delay = 0.00>
ST_4 : Operation 471 [1/1] (0.00ns)   --->   "%sext_ln1494_10 = sext i8 %r_V_10"   --->   Operation 471 'sext' 'sext_ln1494_10' <Predicate = (!icmp_ln249)> <Delay = 0.00>
ST_4 : Operation 472 [1/1] (1.65ns)   --->   "%ret_V_10 = mul i10 %sext_ln1494_10, i10 %sext_ln186_10"   --->   Operation 472 'mul' 'ret_V_10' <Predicate = (!icmp_ln249)> <Delay = 1.65> <CoreInst = "Multiplier">   --->   Core 3 'Multiplier' <Latency = 0> <II = 1> <Delay = 1.65> <FuncUnit> <Opcode : 'mul'> <InPorts = 2> <OutPorts = 1>
ST_4 : Operation 473 [1/1] (0.00ns)   --->   "%sext_ln628_10 = sext i10 %ret_V_10"   --->   Operation 473 'sext' 'sext_ln628_10' <Predicate = (!icmp_ln249)> <Delay = 0.00>
ST_4 : Operation 474 [1/3] (0.00ns) (grouped into DSP with root node add_ln840_7)   --->   "%ret_V_11 = mul i10 %sext_ln1494_11, i10 %sext_ln186_11"   --->   Operation 474 'mul' 'ret_V_11' <Predicate = (!icmp_ln249)> <Delay = 0.00> <CoreInst = "DSP48">   --->   Core 127 'DSP48' <Latency = 3> <II = 1> <Delay = 0.53> <IPBlock> <Opcode : 'mul' 'add' 'sub' 'select'> <InPorts = 0> <OutPorts = 1> <Sync> <CReg>
ST_4 : Operation 475 [1/1] (0.00ns) (grouped into DSP with root node add_ln840_7)   --->   "%sext_ln628_11 = sext i10 %ret_V_11"   --->   Operation 475 'sext' 'sext_ln628_11' <Predicate = (!icmp_ln249)> <Delay = 0.00>
ST_4 : Operation 476 [2/3] (0.99ns) (grouped into DSP with root node add_ln840_12)   --->   "%ret_V_12 = mul i10 %sext_ln1494_12, i10 %sext_ln186_12"   --->   Operation 476 'mul' 'ret_V_12' <Predicate = (!icmp_ln249)> <Delay = 0.99> <CoreInst = "DSP48">   --->   Core 127 'DSP48' <Latency = 3> <II = 1> <Delay = 0.53> <IPBlock> <Opcode : 'mul' 'add' 'sub' 'select'> <InPorts = 0> <OutPorts = 1> <Sync> <CReg>
ST_4 : Operation 477 [1/1] (0.00ns)   --->   "%sext_ln186_13 = sext i2 %local_temp_V_163"   --->   Operation 477 'sext' 'sext_ln186_13' <Predicate = (!icmp_ln249)> <Delay = 0.00>
ST_4 : Operation 478 [1/1] (0.00ns)   --->   "%sext_ln1494_13 = sext i8 %r_V_13"   --->   Operation 478 'sext' 'sext_ln1494_13' <Predicate = (!icmp_ln249)> <Delay = 0.00>
ST_4 : Operation 479 [1/1] (1.65ns)   --->   "%ret_V_13 = mul i10 %sext_ln1494_13, i10 %sext_ln186_13"   --->   Operation 479 'mul' 'ret_V_13' <Predicate = (!icmp_ln249)> <Delay = 1.65> <CoreInst = "Multiplier">   --->   Core 3 'Multiplier' <Latency = 0> <II = 1> <Delay = 1.65> <FuncUnit> <Opcode : 'mul'> <InPorts = 2> <OutPorts = 1>
ST_4 : Operation 480 [1/1] (0.00ns)   --->   "%sext_ln628_13 = sext i10 %ret_V_13"   --->   Operation 480 'sext' 'sext_ln628_13' <Predicate = (!icmp_ln249)> <Delay = 0.00>
ST_4 : Operation 481 [1/3] (0.00ns) (grouped into DSP with root node add_ln840_11)   --->   "%ret_V_14 = mul i10 %sext_ln1494_14, i10 %sext_ln186_14"   --->   Operation 481 'mul' 'ret_V_14' <Predicate = (!icmp_ln249)> <Delay = 0.00> <CoreInst = "DSP48">   --->   Core 127 'DSP48' <Latency = 3> <II = 1> <Delay = 0.53> <IPBlock> <Opcode : 'mul' 'add' 'sub' 'select'> <InPorts = 0> <OutPorts = 1> <Sync> <CReg>
ST_4 : Operation 482 [1/1] (0.00ns) (grouped into DSP with root node add_ln840_11)   --->   "%sext_ln628_14 = sext i10 %ret_V_14"   --->   Operation 482 'sext' 'sext_ln628_14' <Predicate = (!icmp_ln249)> <Delay = 0.00>
ST_4 : Operation 483 [2/3] (0.99ns) (grouped into DSP with root node add_ln840_14)   --->   "%ret_V_15 = mul i10 %sext_ln1494_15, i10 %sext_ln186_15"   --->   Operation 483 'mul' 'ret_V_15' <Predicate = (!icmp_ln249)> <Delay = 0.99> <CoreInst = "DSP48">   --->   Core 127 'DSP48' <Latency = 3> <II = 1> <Delay = 0.53> <IPBlock> <Opcode : 'mul' 'add' 'sub' 'select'> <InPorts = 0> <OutPorts = 1> <Sync> <CReg>
ST_4 : Operation 484 [1/1] (0.00ns)   --->   "%sext_ln186_16 = sext i2 %local_temp_V_166"   --->   Operation 484 'sext' 'sext_ln186_16' <Predicate = (!icmp_ln249)> <Delay = 0.00>
ST_4 : Operation 485 [1/1] (0.00ns)   --->   "%sext_ln1494_16 = sext i8 %r_V_16"   --->   Operation 485 'sext' 'sext_ln1494_16' <Predicate = (!icmp_ln249)> <Delay = 0.00>
ST_4 : Operation 486 [1/1] (1.65ns)   --->   "%ret_V_16 = mul i10 %sext_ln1494_16, i10 %sext_ln186_16"   --->   Operation 486 'mul' 'ret_V_16' <Predicate = (!icmp_ln249)> <Delay = 1.65> <CoreInst = "Multiplier">   --->   Core 3 'Multiplier' <Latency = 0> <II = 1> <Delay = 1.65> <FuncUnit> <Opcode : 'mul'> <InPorts = 2> <OutPorts = 1>
ST_4 : Operation 487 [1/1] (0.00ns)   --->   "%sext_ln628_16 = sext i10 %ret_V_16"   --->   Operation 487 'sext' 'sext_ln628_16' <Predicate = (!icmp_ln249)> <Delay = 0.00>
ST_4 : Operation 488 [1/3] (0.00ns) (grouped into DSP with root node add_ln840_13)   --->   "%ret_V_17 = mul i10 %sext_ln1494_17, i10 %sext_ln186_17"   --->   Operation 488 'mul' 'ret_V_17' <Predicate = (!icmp_ln249)> <Delay = 0.00> <CoreInst = "DSP48">   --->   Core 127 'DSP48' <Latency = 3> <II = 1> <Delay = 0.53> <IPBlock> <Opcode : 'mul' 'add' 'sub' 'select'> <InPorts = 0> <OutPorts = 1> <Sync> <CReg>
ST_4 : Operation 489 [1/1] (0.00ns) (grouped into DSP with root node add_ln840_13)   --->   "%sext_ln628_17 = sext i10 %ret_V_17"   --->   Operation 489 'sext' 'sext_ln628_17' <Predicate = (!icmp_ln249)> <Delay = 0.00>
ST_4 : Operation 490 [2/3] (0.99ns) (grouped into DSP with root node add_ln840_17)   --->   "%ret_V_18 = mul i10 %sext_ln1494_18, i10 %sext_ln186_18"   --->   Operation 490 'mul' 'ret_V_18' <Predicate = (!icmp_ln249)> <Delay = 0.99> <CoreInst = "DSP48">   --->   Core 127 'DSP48' <Latency = 3> <II = 1> <Delay = 0.53> <IPBlock> <Opcode : 'mul' 'add' 'sub' 'select'> <InPorts = 0> <OutPorts = 1> <Sync> <CReg>
ST_4 : Operation 491 [1/1] (0.00ns)   --->   "%sext_ln186_19 = sext i2 %local_temp_V_169"   --->   Operation 491 'sext' 'sext_ln186_19' <Predicate = (!icmp_ln249)> <Delay = 0.00>
ST_4 : Operation 492 [1/1] (0.00ns)   --->   "%sext_ln1494_19 = sext i8 %r_V_19"   --->   Operation 492 'sext' 'sext_ln1494_19' <Predicate = (!icmp_ln249)> <Delay = 0.00>
ST_4 : Operation 493 [1/1] (1.65ns)   --->   "%ret_V_19 = mul i10 %sext_ln1494_19, i10 %sext_ln186_19"   --->   Operation 493 'mul' 'ret_V_19' <Predicate = (!icmp_ln249)> <Delay = 1.65> <CoreInst = "Multiplier">   --->   Core 3 'Multiplier' <Latency = 0> <II = 1> <Delay = 1.65> <FuncUnit> <Opcode : 'mul'> <InPorts = 2> <OutPorts = 1>
ST_4 : Operation 494 [1/1] (0.00ns)   --->   "%sext_ln628_19 = sext i10 %ret_V_19"   --->   Operation 494 'sext' 'sext_ln628_19' <Predicate = (!icmp_ln249)> <Delay = 0.00>
ST_4 : Operation 495 [1/3] (0.00ns) (grouped into DSP with root node add_ln840_16)   --->   "%ret_V_20 = mul i10 %sext_ln1494_20, i10 %sext_ln186_20"   --->   Operation 495 'mul' 'ret_V_20' <Predicate = (!icmp_ln249)> <Delay = 0.00> <CoreInst = "DSP48">   --->   Core 127 'DSP48' <Latency = 3> <II = 1> <Delay = 0.53> <IPBlock> <Opcode : 'mul' 'add' 'sub' 'select'> <InPorts = 0> <OutPorts = 1> <Sync> <CReg>
ST_4 : Operation 496 [1/1] (0.00ns) (grouped into DSP with root node add_ln840_16)   --->   "%sext_ln628_20 = sext i10 %ret_V_20"   --->   Operation 496 'sext' 'sext_ln628_20' <Predicate = (!icmp_ln249)> <Delay = 0.00>
ST_4 : Operation 497 [2/3] (0.99ns) (grouped into DSP with root node add_ln840_18)   --->   "%ret_V_22 = mul i10 %sext_ln1494_22, i10 %sext_ln186_22"   --->   Operation 497 'mul' 'ret_V_22' <Predicate = (!icmp_ln249)> <Delay = 0.99> <CoreInst = "DSP48">   --->   Core 127 'DSP48' <Latency = 3> <II = 1> <Delay = 0.53> <IPBlock> <Opcode : 'mul' 'add' 'sub' 'select'> <InPorts = 0> <OutPorts = 1> <Sync> <CReg>
ST_4 : Operation 498 [2/3] (0.99ns) (grouped into DSP with root node add_ln840_19)   --->   "%ret_V_24 = mul i10 %sext_ln1494_24, i10 %sext_ln186_24"   --->   Operation 498 'mul' 'ret_V_24' <Predicate = (!icmp_ln249)> <Delay = 0.99> <CoreInst = "DSP48">   --->   Core 127 'DSP48' <Latency = 3> <II = 1> <Delay = 0.53> <IPBlock> <Opcode : 'mul' 'add' 'sub' 'select'> <InPorts = 0> <OutPorts = 1> <Sync> <CReg>
ST_4 : Operation 499 [2/2] (0.64ns) (root node of the DSP)   --->   "%add_ln840 = add i11 %sext_ln628, i11 %sext_ln628_2"   --->   Operation 499 'add' 'add_ln840' <Predicate = (!icmp_ln249)> <Delay = 0.64> <CoreInst = "DSP48">   --->   Core 127 'DSP48' <Latency = 3> <II = 1> <Delay = 0.53> <IPBlock> <Opcode : 'mul' 'add' 'sub' 'select'> <InPorts = 0> <OutPorts = 1> <Sync> <CReg>
ST_4 : Operation 500 [2/2] (0.64ns) (root node of the DSP)   --->   "%add_ln840_2 = add i11 %sext_ln628_4, i11 %sext_ln628_5"   --->   Operation 500 'add' 'add_ln840_2' <Predicate = (!icmp_ln249)> <Delay = 0.64> <CoreInst = "DSP48">   --->   Core 127 'DSP48' <Latency = 3> <II = 1> <Delay = 0.53> <IPBlock> <Opcode : 'mul' 'add' 'sub' 'select'> <InPorts = 0> <OutPorts = 1> <Sync> <CReg>
ST_4 : Operation 501 [2/2] (0.64ns) (root node of the DSP)   --->   "%add_ln840_5 = add i11 %sext_ln628_7, i11 %sext_ln628_8"   --->   Operation 501 'add' 'add_ln840_5' <Predicate = (!icmp_ln249)> <Delay = 0.64> <CoreInst = "DSP48">   --->   Core 127 'DSP48' <Latency = 3> <II = 1> <Delay = 0.53> <IPBlock> <Opcode : 'mul' 'add' 'sub' 'select'> <InPorts = 0> <OutPorts = 1> <Sync> <CReg>
ST_4 : Operation 502 [2/2] (0.64ns) (root node of the DSP)   --->   "%add_ln840_7 = add i11 %sext_ln628_10, i11 %sext_ln628_11"   --->   Operation 502 'add' 'add_ln840_7' <Predicate = (!icmp_ln249)> <Delay = 0.64> <CoreInst = "DSP48">   --->   Core 127 'DSP48' <Latency = 3> <II = 1> <Delay = 0.53> <IPBlock> <Opcode : 'mul' 'add' 'sub' 'select'> <InPorts = 0> <OutPorts = 1> <Sync> <CReg>
ST_4 : Operation 503 [2/2] (0.64ns) (root node of the DSP)   --->   "%add_ln840_11 = add i11 %sext_ln628_13, i11 %sext_ln628_14"   --->   Operation 503 'add' 'add_ln840_11' <Predicate = (!icmp_ln249)> <Delay = 0.64> <CoreInst = "DSP48">   --->   Core 127 'DSP48' <Latency = 3> <II = 1> <Delay = 0.53> <IPBlock> <Opcode : 'mul' 'add' 'sub' 'select'> <InPorts = 0> <OutPorts = 1> <Sync> <CReg>
ST_4 : Operation 504 [2/2] (0.64ns) (root node of the DSP)   --->   "%add_ln840_13 = add i11 %sext_ln628_16, i11 %sext_ln628_17"   --->   Operation 504 'add' 'add_ln840_13' <Predicate = (!icmp_ln249)> <Delay = 0.64> <CoreInst = "DSP48">   --->   Core 127 'DSP48' <Latency = 3> <II = 1> <Delay = 0.53> <IPBlock> <Opcode : 'mul' 'add' 'sub' 'select'> <InPorts = 0> <OutPorts = 1> <Sync> <CReg>
ST_4 : Operation 505 [2/2] (0.64ns) (root node of the DSP)   --->   "%add_ln840_16 = add i11 %sext_ln628_19, i11 %sext_ln628_20"   --->   Operation 505 'add' 'add_ln840_16' <Predicate = (!icmp_ln249)> <Delay = 0.64> <CoreInst = "DSP48">   --->   Core 127 'DSP48' <Latency = 3> <II = 1> <Delay = 0.53> <IPBlock> <Opcode : 'mul' 'add' 'sub' 'select'> <InPorts = 0> <OutPorts = 1> <Sync> <CReg>
ST_4 : Operation 506 [1/1] (0.00ns)   --->   "%sext_ln1494_25 = sext i2 %local_temp_V"   --->   Operation 506 'sext' 'sext_ln1494_25' <Predicate = (!icmp_ln249)> <Delay = 0.00>
ST_4 : Operation 507 [1/1] (1.65ns)   --->   "%ret_V_25 = mul i10 %sext_ln1494, i10 %sext_ln1494_25"   --->   Operation 507 'mul' 'ret_V_25' <Predicate = (!icmp_ln249)> <Delay = 1.65> <CoreInst = "Multiplier">   --->   Core 3 'Multiplier' <Latency = 0> <II = 1> <Delay = 1.65> <FuncUnit> <Opcode : 'mul'> <InPorts = 2> <OutPorts = 1>
ST_4 : Operation 508 [1/1] (0.00ns)   --->   "%sext_ln1494_150 = sext i10 %ret_V_25"   --->   Operation 508 'sext' 'sext_ln1494_150' <Predicate = (!icmp_ln249)> <Delay = 0.00>
ST_4 : Operation 509 [2/3] (0.99ns) (grouped into DSP with root node add_ln840_25)   --->   "%ret_V_26 = mul i10 %sext_ln1494_1, i10 %sext_ln1494_26"   --->   Operation 509 'mul' 'ret_V_26' <Predicate = (!icmp_ln249)> <Delay = 0.99> <CoreInst = "DSP48">   --->   Core 127 'DSP48' <Latency = 3> <II = 1> <Delay = 0.53> <IPBlock> <Opcode : 'mul' 'add' 'sub' 'select'> <InPorts = 0> <OutPorts = 1> <Sync> <CReg>
ST_4 : Operation 510 [1/3] (0.00ns) (grouped into DSP with root node add_ln840_24)   --->   "%ret_V_27 = mul i10 %sext_ln1494_2, i10 %sext_ln1494_27"   --->   Operation 510 'mul' 'ret_V_27' <Predicate = (!icmp_ln249)> <Delay = 0.00> <CoreInst = "DSP48">   --->   Core 127 'DSP48' <Latency = 3> <II = 1> <Delay = 0.53> <IPBlock> <Opcode : 'mul' 'add' 'sub' 'select'> <InPorts = 0> <OutPorts = 1> <Sync> <CReg>
ST_4 : Operation 511 [1/1] (0.00ns) (grouped into DSP with root node add_ln840_24)   --->   "%sext_ln1494_152 = sext i10 %ret_V_27"   --->   Operation 511 'sext' 'sext_ln1494_152' <Predicate = (!icmp_ln249)> <Delay = 0.00>
ST_4 : Operation 512 [2/3] (0.99ns) (grouped into DSP with root node add_ln840_27)   --->   "%ret_V_28 = mul i10 %sext_ln1494_3, i10 %sext_ln1494_28"   --->   Operation 512 'mul' 'ret_V_28' <Predicate = (!icmp_ln249)> <Delay = 0.99> <CoreInst = "DSP48">   --->   Core 127 'DSP48' <Latency = 3> <II = 1> <Delay = 0.53> <IPBlock> <Opcode : 'mul' 'add' 'sub' 'select'> <InPorts = 0> <OutPorts = 1> <Sync> <CReg>
ST_4 : Operation 513 [1/1] (0.00ns)   --->   "%sext_ln1494_29 = sext i2 %local_temp_V_29"   --->   Operation 513 'sext' 'sext_ln1494_29' <Predicate = (!icmp_ln249)> <Delay = 0.00>
ST_4 : Operation 514 [1/1] (1.65ns)   --->   "%ret_V_29 = mul i10 %sext_ln1494_4, i10 %sext_ln1494_29"   --->   Operation 514 'mul' 'ret_V_29' <Predicate = (!icmp_ln249)> <Delay = 1.65> <CoreInst = "Multiplier">   --->   Core 3 'Multiplier' <Latency = 0> <II = 1> <Delay = 1.65> <FuncUnit> <Opcode : 'mul'> <InPorts = 2> <OutPorts = 1>
ST_4 : Operation 515 [1/1] (0.00ns)   --->   "%sext_ln1494_154 = sext i10 %ret_V_29"   --->   Operation 515 'sext' 'sext_ln1494_154' <Predicate = (!icmp_ln249)> <Delay = 0.00>
ST_4 : Operation 516 [1/3] (0.00ns) (grouped into DSP with root node add_ln840_26)   --->   "%ret_V_30 = mul i10 %sext_ln1494_5, i10 %sext_ln1494_30"   --->   Operation 516 'mul' 'ret_V_30' <Predicate = (!icmp_ln249)> <Delay = 0.00> <CoreInst = "DSP48">   --->   Core 127 'DSP48' <Latency = 3> <II = 1> <Delay = 0.53> <IPBlock> <Opcode : 'mul' 'add' 'sub' 'select'> <InPorts = 0> <OutPorts = 1> <Sync> <CReg>
ST_4 : Operation 517 [1/1] (0.00ns) (grouped into DSP with root node add_ln840_26)   --->   "%sext_ln1494_155 = sext i10 %ret_V_30"   --->   Operation 517 'sext' 'sext_ln1494_155' <Predicate = (!icmp_ln249)> <Delay = 0.00>
ST_4 : Operation 518 [2/3] (0.99ns) (grouped into DSP with root node add_ln840_30)   --->   "%ret_V_31 = mul i10 %sext_ln1494_6, i10 %sext_ln1494_31"   --->   Operation 518 'mul' 'ret_V_31' <Predicate = (!icmp_ln249)> <Delay = 0.99> <CoreInst = "DSP48">   --->   Core 127 'DSP48' <Latency = 3> <II = 1> <Delay = 0.53> <IPBlock> <Opcode : 'mul' 'add' 'sub' 'select'> <InPorts = 0> <OutPorts = 1> <Sync> <CReg>
ST_4 : Operation 519 [1/1] (0.00ns)   --->   "%sext_ln1494_32 = sext i2 %local_temp_V_32"   --->   Operation 519 'sext' 'sext_ln1494_32' <Predicate = (!icmp_ln249)> <Delay = 0.00>
ST_4 : Operation 520 [1/1] (1.65ns)   --->   "%ret_V_32 = mul i10 %sext_ln1494_7, i10 %sext_ln1494_32"   --->   Operation 520 'mul' 'ret_V_32' <Predicate = (!icmp_ln249)> <Delay = 1.65> <CoreInst = "Multiplier">   --->   Core 3 'Multiplier' <Latency = 0> <II = 1> <Delay = 1.65> <FuncUnit> <Opcode : 'mul'> <InPorts = 2> <OutPorts = 1>
ST_4 : Operation 521 [1/1] (0.00ns)   --->   "%sext_ln1494_157 = sext i10 %ret_V_32"   --->   Operation 521 'sext' 'sext_ln1494_157' <Predicate = (!icmp_ln249)> <Delay = 0.00>
ST_4 : Operation 522 [1/3] (0.00ns) (grouped into DSP with root node add_ln840_29)   --->   "%ret_V_33 = mul i10 %sext_ln1494_8, i10 %sext_ln1494_33"   --->   Operation 522 'mul' 'ret_V_33' <Predicate = (!icmp_ln249)> <Delay = 0.00> <CoreInst = "DSP48">   --->   Core 127 'DSP48' <Latency = 3> <II = 1> <Delay = 0.53> <IPBlock> <Opcode : 'mul' 'add' 'sub' 'select'> <InPorts = 0> <OutPorts = 1> <Sync> <CReg>
ST_4 : Operation 523 [1/1] (0.00ns) (grouped into DSP with root node add_ln840_29)   --->   "%sext_ln1494_158 = sext i10 %ret_V_33"   --->   Operation 523 'sext' 'sext_ln1494_158' <Predicate = (!icmp_ln249)> <Delay = 0.00>
ST_4 : Operation 524 [2/3] (0.99ns) (grouped into DSP with root node add_ln840_32)   --->   "%ret_V_34 = mul i10 %sext_ln1494_9, i10 %sext_ln1494_34"   --->   Operation 524 'mul' 'ret_V_34' <Predicate = (!icmp_ln249)> <Delay = 0.99> <CoreInst = "DSP48">   --->   Core 127 'DSP48' <Latency = 3> <II = 1> <Delay = 0.53> <IPBlock> <Opcode : 'mul' 'add' 'sub' 'select'> <InPorts = 0> <OutPorts = 1> <Sync> <CReg>
ST_4 : Operation 525 [1/1] (0.00ns)   --->   "%sext_ln1494_35 = sext i2 %local_temp_V_35"   --->   Operation 525 'sext' 'sext_ln1494_35' <Predicate = (!icmp_ln249)> <Delay = 0.00>
ST_4 : Operation 526 [1/1] (1.65ns)   --->   "%ret_V_35 = mul i10 %sext_ln1494_10, i10 %sext_ln1494_35"   --->   Operation 526 'mul' 'ret_V_35' <Predicate = (!icmp_ln249)> <Delay = 1.65> <CoreInst = "Multiplier">   --->   Core 3 'Multiplier' <Latency = 0> <II = 1> <Delay = 1.65> <FuncUnit> <Opcode : 'mul'> <InPorts = 2> <OutPorts = 1>
ST_4 : Operation 527 [1/1] (0.00ns)   --->   "%sext_ln1494_160 = sext i10 %ret_V_35"   --->   Operation 527 'sext' 'sext_ln1494_160' <Predicate = (!icmp_ln249)> <Delay = 0.00>
ST_4 : Operation 528 [1/3] (0.00ns) (grouped into DSP with root node add_ln840_31)   --->   "%ret_V_36 = mul i10 %sext_ln1494_11, i10 %sext_ln1494_36"   --->   Operation 528 'mul' 'ret_V_36' <Predicate = (!icmp_ln249)> <Delay = 0.00> <CoreInst = "DSP48">   --->   Core 127 'DSP48' <Latency = 3> <II = 1> <Delay = 0.53> <IPBlock> <Opcode : 'mul' 'add' 'sub' 'select'> <InPorts = 0> <OutPorts = 1> <Sync> <CReg>
ST_4 : Operation 529 [1/1] (0.00ns) (grouped into DSP with root node add_ln840_31)   --->   "%sext_ln1494_161 = sext i10 %ret_V_36"   --->   Operation 529 'sext' 'sext_ln1494_161' <Predicate = (!icmp_ln249)> <Delay = 0.00>
ST_4 : Operation 530 [2/3] (0.99ns) (grouped into DSP with root node add_ln840_36)   --->   "%ret_V_37 = mul i10 %sext_ln1494_12, i10 %sext_ln1494_37"   --->   Operation 530 'mul' 'ret_V_37' <Predicate = (!icmp_ln249)> <Delay = 0.99> <CoreInst = "DSP48">   --->   Core 127 'DSP48' <Latency = 3> <II = 1> <Delay = 0.53> <IPBlock> <Opcode : 'mul' 'add' 'sub' 'select'> <InPorts = 0> <OutPorts = 1> <Sync> <CReg>
ST_4 : Operation 531 [1/1] (0.00ns)   --->   "%sext_ln1494_38 = sext i2 %local_temp_V_38"   --->   Operation 531 'sext' 'sext_ln1494_38' <Predicate = (!icmp_ln249)> <Delay = 0.00>
ST_4 : Operation 532 [1/1] (1.65ns)   --->   "%ret_V_38 = mul i10 %sext_ln1494_13, i10 %sext_ln1494_38"   --->   Operation 532 'mul' 'ret_V_38' <Predicate = (!icmp_ln249)> <Delay = 1.65> <CoreInst = "Multiplier">   --->   Core 3 'Multiplier' <Latency = 0> <II = 1> <Delay = 1.65> <FuncUnit> <Opcode : 'mul'> <InPorts = 2> <OutPorts = 1>
ST_4 : Operation 533 [1/1] (0.00ns)   --->   "%sext_ln1494_163 = sext i10 %ret_V_38"   --->   Operation 533 'sext' 'sext_ln1494_163' <Predicate = (!icmp_ln249)> <Delay = 0.00>
ST_4 : Operation 534 [1/3] (0.00ns) (grouped into DSP with root node add_ln840_35)   --->   "%ret_V_39 = mul i10 %sext_ln1494_14, i10 %sext_ln1494_39"   --->   Operation 534 'mul' 'ret_V_39' <Predicate = (!icmp_ln249)> <Delay = 0.00> <CoreInst = "DSP48">   --->   Core 127 'DSP48' <Latency = 3> <II = 1> <Delay = 0.53> <IPBlock> <Opcode : 'mul' 'add' 'sub' 'select'> <InPorts = 0> <OutPorts = 1> <Sync> <CReg>
ST_4 : Operation 535 [1/1] (0.00ns) (grouped into DSP with root node add_ln840_35)   --->   "%sext_ln1494_164 = sext i10 %ret_V_39"   --->   Operation 535 'sext' 'sext_ln1494_164' <Predicate = (!icmp_ln249)> <Delay = 0.00>
ST_4 : Operation 536 [2/3] (0.99ns) (grouped into DSP with root node add_ln840_38)   --->   "%ret_V_40 = mul i10 %sext_ln1494_15, i10 %sext_ln1494_40"   --->   Operation 536 'mul' 'ret_V_40' <Predicate = (!icmp_ln249)> <Delay = 0.99> <CoreInst = "DSP48">   --->   Core 127 'DSP48' <Latency = 3> <II = 1> <Delay = 0.53> <IPBlock> <Opcode : 'mul' 'add' 'sub' 'select'> <InPorts = 0> <OutPorts = 1> <Sync> <CReg>
ST_4 : Operation 537 [1/1] (0.00ns)   --->   "%sext_ln1494_41 = sext i2 %local_temp_V_41"   --->   Operation 537 'sext' 'sext_ln1494_41' <Predicate = (!icmp_ln249)> <Delay = 0.00>
ST_4 : Operation 538 [1/1] (1.65ns)   --->   "%ret_V_41 = mul i10 %sext_ln1494_16, i10 %sext_ln1494_41"   --->   Operation 538 'mul' 'ret_V_41' <Predicate = (!icmp_ln249)> <Delay = 1.65> <CoreInst = "Multiplier">   --->   Core 3 'Multiplier' <Latency = 0> <II = 1> <Delay = 1.65> <FuncUnit> <Opcode : 'mul'> <InPorts = 2> <OutPorts = 1>
ST_4 : Operation 539 [1/1] (0.00ns)   --->   "%sext_ln1494_166 = sext i10 %ret_V_41"   --->   Operation 539 'sext' 'sext_ln1494_166' <Predicate = (!icmp_ln249)> <Delay = 0.00>
ST_4 : Operation 540 [1/3] (0.00ns) (grouped into DSP with root node add_ln840_37)   --->   "%ret_V_42 = mul i10 %sext_ln1494_17, i10 %sext_ln1494_42"   --->   Operation 540 'mul' 'ret_V_42' <Predicate = (!icmp_ln249)> <Delay = 0.00> <CoreInst = "DSP48">   --->   Core 127 'DSP48' <Latency = 3> <II = 1> <Delay = 0.53> <IPBlock> <Opcode : 'mul' 'add' 'sub' 'select'> <InPorts = 0> <OutPorts = 1> <Sync> <CReg>
ST_4 : Operation 541 [1/1] (0.00ns) (grouped into DSP with root node add_ln840_37)   --->   "%sext_ln1494_167 = sext i10 %ret_V_42"   --->   Operation 541 'sext' 'sext_ln1494_167' <Predicate = (!icmp_ln249)> <Delay = 0.00>
ST_4 : Operation 542 [2/3] (0.99ns) (grouped into DSP with root node add_ln840_41)   --->   "%ret_V_43 = mul i10 %sext_ln1494_18, i10 %sext_ln1494_43"   --->   Operation 542 'mul' 'ret_V_43' <Predicate = (!icmp_ln249)> <Delay = 0.99> <CoreInst = "DSP48">   --->   Core 127 'DSP48' <Latency = 3> <II = 1> <Delay = 0.53> <IPBlock> <Opcode : 'mul' 'add' 'sub' 'select'> <InPorts = 0> <OutPorts = 1> <Sync> <CReg>
ST_4 : Operation 543 [1/1] (0.00ns)   --->   "%sext_ln1494_44 = sext i2 %local_temp_V_44"   --->   Operation 543 'sext' 'sext_ln1494_44' <Predicate = (!icmp_ln249)> <Delay = 0.00>
ST_4 : Operation 544 [1/1] (1.65ns)   --->   "%ret_V_44 = mul i10 %sext_ln1494_19, i10 %sext_ln1494_44"   --->   Operation 544 'mul' 'ret_V_44' <Predicate = (!icmp_ln249)> <Delay = 1.65> <CoreInst = "Multiplier">   --->   Core 3 'Multiplier' <Latency = 0> <II = 1> <Delay = 1.65> <FuncUnit> <Opcode : 'mul'> <InPorts = 2> <OutPorts = 1>
ST_4 : Operation 545 [1/1] (0.00ns)   --->   "%sext_ln1494_169 = sext i10 %ret_V_44"   --->   Operation 545 'sext' 'sext_ln1494_169' <Predicate = (!icmp_ln249)> <Delay = 0.00>
ST_4 : Operation 546 [1/3] (0.00ns) (grouped into DSP with root node add_ln840_40)   --->   "%ret_V_45 = mul i10 %sext_ln1494_20, i10 %sext_ln1494_45"   --->   Operation 546 'mul' 'ret_V_45' <Predicate = (!icmp_ln249)> <Delay = 0.00> <CoreInst = "DSP48">   --->   Core 127 'DSP48' <Latency = 3> <II = 1> <Delay = 0.53> <IPBlock> <Opcode : 'mul' 'add' 'sub' 'select'> <InPorts = 0> <OutPorts = 1> <Sync> <CReg>
ST_4 : Operation 547 [1/1] (0.00ns) (grouped into DSP with root node add_ln840_40)   --->   "%sext_ln1494_170 = sext i10 %ret_V_45"   --->   Operation 547 'sext' 'sext_ln1494_170' <Predicate = (!icmp_ln249)> <Delay = 0.00>
ST_4 : Operation 548 [2/3] (0.99ns) (grouped into DSP with root node add_ln840_42)   --->   "%ret_V_47 = mul i10 %sext_ln1494_22, i10 %sext_ln1494_47"   --->   Operation 548 'mul' 'ret_V_47' <Predicate = (!icmp_ln249)> <Delay = 0.99> <CoreInst = "DSP48">   --->   Core 127 'DSP48' <Latency = 3> <II = 1> <Delay = 0.53> <IPBlock> <Opcode : 'mul' 'add' 'sub' 'select'> <InPorts = 0> <OutPorts = 1> <Sync> <CReg>
ST_4 : Operation 549 [2/3] (0.99ns) (grouped into DSP with root node add_ln840_43)   --->   "%ret_V_49 = mul i10 %sext_ln1494_24, i10 %sext_ln1494_49"   --->   Operation 549 'mul' 'ret_V_49' <Predicate = (!icmp_ln249)> <Delay = 0.99> <CoreInst = "DSP48">   --->   Core 127 'DSP48' <Latency = 3> <II = 1> <Delay = 0.53> <IPBlock> <Opcode : 'mul' 'add' 'sub' 'select'> <InPorts = 0> <OutPorts = 1> <Sync> <CReg>
ST_4 : Operation 550 [2/2] (0.64ns) (root node of the DSP)   --->   "%add_ln840_24 = add i11 %sext_ln1494_150, i11 %sext_ln1494_152"   --->   Operation 550 'add' 'add_ln840_24' <Predicate = (!icmp_ln249)> <Delay = 0.64> <CoreInst = "DSP48">   --->   Core 127 'DSP48' <Latency = 3> <II = 1> <Delay = 0.53> <IPBlock> <Opcode : 'mul' 'add' 'sub' 'select'> <InPorts = 0> <OutPorts = 1> <Sync> <CReg>
ST_4 : Operation 551 [2/2] (0.64ns) (root node of the DSP)   --->   "%add_ln840_26 = add i11 %sext_ln1494_154, i11 %sext_ln1494_155"   --->   Operation 551 'add' 'add_ln840_26' <Predicate = (!icmp_ln249)> <Delay = 0.64> <CoreInst = "DSP48">   --->   Core 127 'DSP48' <Latency = 3> <II = 1> <Delay = 0.53> <IPBlock> <Opcode : 'mul' 'add' 'sub' 'select'> <InPorts = 0> <OutPorts = 1> <Sync> <CReg>
ST_4 : Operation 552 [2/2] (0.64ns) (root node of the DSP)   --->   "%add_ln840_29 = add i11 %sext_ln1494_157, i11 %sext_ln1494_158"   --->   Operation 552 'add' 'add_ln840_29' <Predicate = (!icmp_ln249)> <Delay = 0.64> <CoreInst = "DSP48">   --->   Core 127 'DSP48' <Latency = 3> <II = 1> <Delay = 0.53> <IPBlock> <Opcode : 'mul' 'add' 'sub' 'select'> <InPorts = 0> <OutPorts = 1> <Sync> <CReg>
ST_4 : Operation 553 [2/2] (0.64ns) (root node of the DSP)   --->   "%add_ln840_31 = add i11 %sext_ln1494_160, i11 %sext_ln1494_161"   --->   Operation 553 'add' 'add_ln840_31' <Predicate = (!icmp_ln249)> <Delay = 0.64> <CoreInst = "DSP48">   --->   Core 127 'DSP48' <Latency = 3> <II = 1> <Delay = 0.53> <IPBlock> <Opcode : 'mul' 'add' 'sub' 'select'> <InPorts = 0> <OutPorts = 1> <Sync> <CReg>
ST_4 : Operation 554 [2/2] (0.64ns) (root node of the DSP)   --->   "%add_ln840_35 = add i11 %sext_ln1494_163, i11 %sext_ln1494_164"   --->   Operation 554 'add' 'add_ln840_35' <Predicate = (!icmp_ln249)> <Delay = 0.64> <CoreInst = "DSP48">   --->   Core 127 'DSP48' <Latency = 3> <II = 1> <Delay = 0.53> <IPBlock> <Opcode : 'mul' 'add' 'sub' 'select'> <InPorts = 0> <OutPorts = 1> <Sync> <CReg>
ST_4 : Operation 555 [2/2] (0.64ns) (root node of the DSP)   --->   "%add_ln840_37 = add i11 %sext_ln1494_166, i11 %sext_ln1494_167"   --->   Operation 555 'add' 'add_ln840_37' <Predicate = (!icmp_ln249)> <Delay = 0.64> <CoreInst = "DSP48">   --->   Core 127 'DSP48' <Latency = 3> <II = 1> <Delay = 0.53> <IPBlock> <Opcode : 'mul' 'add' 'sub' 'select'> <InPorts = 0> <OutPorts = 1> <Sync> <CReg>
ST_4 : Operation 556 [2/2] (0.64ns) (root node of the DSP)   --->   "%add_ln840_40 = add i11 %sext_ln1494_169, i11 %sext_ln1494_170"   --->   Operation 556 'add' 'add_ln840_40' <Predicate = (!icmp_ln249)> <Delay = 0.64> <CoreInst = "DSP48">   --->   Core 127 'DSP48' <Latency = 3> <II = 1> <Delay = 0.53> <IPBlock> <Opcode : 'mul' 'add' 'sub' 'select'> <InPorts = 0> <OutPorts = 1> <Sync> <CReg>
ST_4 : Operation 557 [1/1] (0.00ns)   --->   "%sext_ln1494_50 = sext i2 %local_temp_V_50"   --->   Operation 557 'sext' 'sext_ln1494_50' <Predicate = (!icmp_ln249)> <Delay = 0.00>
ST_4 : Operation 558 [1/1] (1.65ns)   --->   "%ret_V_50 = mul i10 %sext_ln1494, i10 %sext_ln1494_50"   --->   Operation 558 'mul' 'ret_V_50' <Predicate = (!icmp_ln249)> <Delay = 1.65> <CoreInst = "Multiplier">   --->   Core 3 'Multiplier' <Latency = 0> <II = 1> <Delay = 1.65> <FuncUnit> <Opcode : 'mul'> <InPorts = 2> <OutPorts = 1>
ST_4 : Operation 559 [1/1] (0.00ns)   --->   "%sext_ln1494_174 = sext i10 %ret_V_50"   --->   Operation 559 'sext' 'sext_ln1494_174' <Predicate = (!icmp_ln249)> <Delay = 0.00>
ST_4 : Operation 560 [2/3] (0.99ns) (grouped into DSP with root node add_ln840_49)   --->   "%ret_V_51 = mul i10 %sext_ln1494_1, i10 %sext_ln1494_51"   --->   Operation 560 'mul' 'ret_V_51' <Predicate = (!icmp_ln249)> <Delay = 0.99> <CoreInst = "DSP48">   --->   Core 127 'DSP48' <Latency = 3> <II = 1> <Delay = 0.53> <IPBlock> <Opcode : 'mul' 'add' 'sub' 'select'> <InPorts = 0> <OutPorts = 1> <Sync> <CReg>
ST_4 : Operation 561 [1/3] (0.00ns) (grouped into DSP with root node add_ln840_48)   --->   "%ret_V_52 = mul i10 %sext_ln1494_2, i10 %sext_ln1494_52"   --->   Operation 561 'mul' 'ret_V_52' <Predicate = (!icmp_ln249)> <Delay = 0.00> <CoreInst = "DSP48">   --->   Core 127 'DSP48' <Latency = 3> <II = 1> <Delay = 0.53> <IPBlock> <Opcode : 'mul' 'add' 'sub' 'select'> <InPorts = 0> <OutPorts = 1> <Sync> <CReg>
ST_4 : Operation 562 [1/1] (0.00ns) (grouped into DSP with root node add_ln840_48)   --->   "%sext_ln1494_176 = sext i10 %ret_V_52"   --->   Operation 562 'sext' 'sext_ln1494_176' <Predicate = (!icmp_ln249)> <Delay = 0.00>
ST_4 : Operation 563 [2/3] (0.99ns) (grouped into DSP with root node add_ln840_51)   --->   "%ret_V_53 = mul i10 %sext_ln1494_3, i10 %sext_ln1494_53"   --->   Operation 563 'mul' 'ret_V_53' <Predicate = (!icmp_ln249)> <Delay = 0.99> <CoreInst = "DSP48">   --->   Core 127 'DSP48' <Latency = 3> <II = 1> <Delay = 0.53> <IPBlock> <Opcode : 'mul' 'add' 'sub' 'select'> <InPorts = 0> <OutPorts = 1> <Sync> <CReg>
ST_4 : Operation 564 [1/1] (0.00ns)   --->   "%sext_ln1494_54 = sext i2 %local_temp_V_54"   --->   Operation 564 'sext' 'sext_ln1494_54' <Predicate = (!icmp_ln249)> <Delay = 0.00>
ST_4 : Operation 565 [1/1] (1.65ns)   --->   "%ret_V_54 = mul i10 %sext_ln1494_4, i10 %sext_ln1494_54"   --->   Operation 565 'mul' 'ret_V_54' <Predicate = (!icmp_ln249)> <Delay = 1.65> <CoreInst = "Multiplier">   --->   Core 3 'Multiplier' <Latency = 0> <II = 1> <Delay = 1.65> <FuncUnit> <Opcode : 'mul'> <InPorts = 2> <OutPorts = 1>
ST_4 : Operation 566 [1/1] (0.00ns)   --->   "%sext_ln1494_178 = sext i10 %ret_V_54"   --->   Operation 566 'sext' 'sext_ln1494_178' <Predicate = (!icmp_ln249)> <Delay = 0.00>
ST_4 : Operation 567 [1/3] (0.00ns) (grouped into DSP with root node add_ln840_50)   --->   "%ret_V_55 = mul i10 %sext_ln1494_5, i10 %sext_ln1494_55"   --->   Operation 567 'mul' 'ret_V_55' <Predicate = (!icmp_ln249)> <Delay = 0.00> <CoreInst = "DSP48">   --->   Core 127 'DSP48' <Latency = 3> <II = 1> <Delay = 0.53> <IPBlock> <Opcode : 'mul' 'add' 'sub' 'select'> <InPorts = 0> <OutPorts = 1> <Sync> <CReg>
ST_4 : Operation 568 [1/1] (0.00ns) (grouped into DSP with root node add_ln840_50)   --->   "%sext_ln1494_179 = sext i10 %ret_V_55"   --->   Operation 568 'sext' 'sext_ln1494_179' <Predicate = (!icmp_ln249)> <Delay = 0.00>
ST_4 : Operation 569 [2/3] (0.99ns) (grouped into DSP with root node add_ln840_54)   --->   "%ret_V_56 = mul i10 %sext_ln1494_6, i10 %sext_ln1494_56"   --->   Operation 569 'mul' 'ret_V_56' <Predicate = (!icmp_ln249)> <Delay = 0.99> <CoreInst = "DSP48">   --->   Core 127 'DSP48' <Latency = 3> <II = 1> <Delay = 0.53> <IPBlock> <Opcode : 'mul' 'add' 'sub' 'select'> <InPorts = 0> <OutPorts = 1> <Sync> <CReg>
ST_4 : Operation 570 [1/1] (0.00ns)   --->   "%sext_ln1494_57 = sext i2 %local_temp_V_57"   --->   Operation 570 'sext' 'sext_ln1494_57' <Predicate = (!icmp_ln249)> <Delay = 0.00>
ST_4 : Operation 571 [1/1] (1.65ns)   --->   "%ret_V_57 = mul i10 %sext_ln1494_7, i10 %sext_ln1494_57"   --->   Operation 571 'mul' 'ret_V_57' <Predicate = (!icmp_ln249)> <Delay = 1.65> <CoreInst = "Multiplier">   --->   Core 3 'Multiplier' <Latency = 0> <II = 1> <Delay = 1.65> <FuncUnit> <Opcode : 'mul'> <InPorts = 2> <OutPorts = 1>
ST_4 : Operation 572 [1/1] (0.00ns)   --->   "%sext_ln1494_181 = sext i10 %ret_V_57"   --->   Operation 572 'sext' 'sext_ln1494_181' <Predicate = (!icmp_ln249)> <Delay = 0.00>
ST_4 : Operation 573 [1/3] (0.00ns) (grouped into DSP with root node add_ln840_53)   --->   "%ret_V_58 = mul i10 %sext_ln1494_8, i10 %sext_ln1494_58"   --->   Operation 573 'mul' 'ret_V_58' <Predicate = (!icmp_ln249)> <Delay = 0.00> <CoreInst = "DSP48">   --->   Core 127 'DSP48' <Latency = 3> <II = 1> <Delay = 0.53> <IPBlock> <Opcode : 'mul' 'add' 'sub' 'select'> <InPorts = 0> <OutPorts = 1> <Sync> <CReg>
ST_4 : Operation 574 [1/1] (0.00ns) (grouped into DSP with root node add_ln840_53)   --->   "%sext_ln1494_182 = sext i10 %ret_V_58"   --->   Operation 574 'sext' 'sext_ln1494_182' <Predicate = (!icmp_ln249)> <Delay = 0.00>
ST_4 : Operation 575 [2/3] (0.99ns) (grouped into DSP with root node add_ln840_56)   --->   "%ret_V_59 = mul i10 %sext_ln1494_9, i10 %sext_ln1494_59"   --->   Operation 575 'mul' 'ret_V_59' <Predicate = (!icmp_ln249)> <Delay = 0.99> <CoreInst = "DSP48">   --->   Core 127 'DSP48' <Latency = 3> <II = 1> <Delay = 0.53> <IPBlock> <Opcode : 'mul' 'add' 'sub' 'select'> <InPorts = 0> <OutPorts = 1> <Sync> <CReg>
ST_4 : Operation 576 [1/1] (0.00ns)   --->   "%sext_ln1494_60 = sext i2 %local_temp_V_60"   --->   Operation 576 'sext' 'sext_ln1494_60' <Predicate = (!icmp_ln249)> <Delay = 0.00>
ST_4 : Operation 577 [1/1] (1.65ns)   --->   "%ret_V_60 = mul i10 %sext_ln1494_10, i10 %sext_ln1494_60"   --->   Operation 577 'mul' 'ret_V_60' <Predicate = (!icmp_ln249)> <Delay = 1.65> <CoreInst = "Multiplier">   --->   Core 3 'Multiplier' <Latency = 0> <II = 1> <Delay = 1.65> <FuncUnit> <Opcode : 'mul'> <InPorts = 2> <OutPorts = 1>
ST_4 : Operation 578 [1/1] (0.00ns)   --->   "%sext_ln1494_184 = sext i10 %ret_V_60"   --->   Operation 578 'sext' 'sext_ln1494_184' <Predicate = (!icmp_ln249)> <Delay = 0.00>
ST_4 : Operation 579 [1/3] (0.00ns) (grouped into DSP with root node add_ln840_55)   --->   "%ret_V_61 = mul i10 %sext_ln1494_11, i10 %sext_ln1494_61"   --->   Operation 579 'mul' 'ret_V_61' <Predicate = (!icmp_ln249)> <Delay = 0.00> <CoreInst = "DSP48">   --->   Core 127 'DSP48' <Latency = 3> <II = 1> <Delay = 0.53> <IPBlock> <Opcode : 'mul' 'add' 'sub' 'select'> <InPorts = 0> <OutPorts = 1> <Sync> <CReg>
ST_4 : Operation 580 [1/1] (0.00ns) (grouped into DSP with root node add_ln840_55)   --->   "%sext_ln1494_185 = sext i10 %ret_V_61"   --->   Operation 580 'sext' 'sext_ln1494_185' <Predicate = (!icmp_ln249)> <Delay = 0.00>
ST_4 : Operation 581 [2/3] (0.99ns) (grouped into DSP with root node add_ln840_60)   --->   "%ret_V_62 = mul i10 %sext_ln1494_12, i10 %sext_ln1494_62"   --->   Operation 581 'mul' 'ret_V_62' <Predicate = (!icmp_ln249)> <Delay = 0.99> <CoreInst = "DSP48">   --->   Core 127 'DSP48' <Latency = 3> <II = 1> <Delay = 0.53> <IPBlock> <Opcode : 'mul' 'add' 'sub' 'select'> <InPorts = 0> <OutPorts = 1> <Sync> <CReg>
ST_4 : Operation 582 [1/1] (0.00ns)   --->   "%sext_ln1494_63 = sext i2 %local_temp_V_63"   --->   Operation 582 'sext' 'sext_ln1494_63' <Predicate = (!icmp_ln249)> <Delay = 0.00>
ST_4 : Operation 583 [1/1] (1.65ns)   --->   "%ret_V_63 = mul i10 %sext_ln1494_13, i10 %sext_ln1494_63"   --->   Operation 583 'mul' 'ret_V_63' <Predicate = (!icmp_ln249)> <Delay = 1.65> <CoreInst = "Multiplier">   --->   Core 3 'Multiplier' <Latency = 0> <II = 1> <Delay = 1.65> <FuncUnit> <Opcode : 'mul'> <InPorts = 2> <OutPorts = 1>
ST_4 : Operation 584 [1/1] (0.00ns)   --->   "%sext_ln1494_187 = sext i10 %ret_V_63"   --->   Operation 584 'sext' 'sext_ln1494_187' <Predicate = (!icmp_ln249)> <Delay = 0.00>
ST_4 : Operation 585 [1/3] (0.00ns) (grouped into DSP with root node add_ln840_59)   --->   "%ret_V_64 = mul i10 %sext_ln1494_14, i10 %sext_ln1494_64"   --->   Operation 585 'mul' 'ret_V_64' <Predicate = (!icmp_ln249)> <Delay = 0.00> <CoreInst = "DSP48">   --->   Core 127 'DSP48' <Latency = 3> <II = 1> <Delay = 0.53> <IPBlock> <Opcode : 'mul' 'add' 'sub' 'select'> <InPorts = 0> <OutPorts = 1> <Sync> <CReg>
ST_4 : Operation 586 [1/1] (0.00ns) (grouped into DSP with root node add_ln840_59)   --->   "%sext_ln1494_188 = sext i10 %ret_V_64"   --->   Operation 586 'sext' 'sext_ln1494_188' <Predicate = (!icmp_ln249)> <Delay = 0.00>
ST_4 : Operation 587 [2/3] (0.99ns) (grouped into DSP with root node add_ln840_62)   --->   "%ret_V_65 = mul i10 %sext_ln1494_15, i10 %sext_ln1494_65"   --->   Operation 587 'mul' 'ret_V_65' <Predicate = (!icmp_ln249)> <Delay = 0.99> <CoreInst = "DSP48">   --->   Core 127 'DSP48' <Latency = 3> <II = 1> <Delay = 0.53> <IPBlock> <Opcode : 'mul' 'add' 'sub' 'select'> <InPorts = 0> <OutPorts = 1> <Sync> <CReg>
ST_4 : Operation 588 [1/1] (0.00ns)   --->   "%sext_ln1494_66 = sext i2 %local_temp_V_66"   --->   Operation 588 'sext' 'sext_ln1494_66' <Predicate = (!icmp_ln249)> <Delay = 0.00>
ST_4 : Operation 589 [1/1] (1.65ns)   --->   "%ret_V_66 = mul i10 %sext_ln1494_16, i10 %sext_ln1494_66"   --->   Operation 589 'mul' 'ret_V_66' <Predicate = (!icmp_ln249)> <Delay = 1.65> <CoreInst = "Multiplier">   --->   Core 3 'Multiplier' <Latency = 0> <II = 1> <Delay = 1.65> <FuncUnit> <Opcode : 'mul'> <InPorts = 2> <OutPorts = 1>
ST_4 : Operation 590 [1/1] (0.00ns)   --->   "%sext_ln1494_190 = sext i10 %ret_V_66"   --->   Operation 590 'sext' 'sext_ln1494_190' <Predicate = (!icmp_ln249)> <Delay = 0.00>
ST_4 : Operation 591 [1/3] (0.00ns) (grouped into DSP with root node add_ln840_61)   --->   "%ret_V_67 = mul i10 %sext_ln1494_17, i10 %sext_ln1494_67"   --->   Operation 591 'mul' 'ret_V_67' <Predicate = (!icmp_ln249)> <Delay = 0.00> <CoreInst = "DSP48">   --->   Core 127 'DSP48' <Latency = 3> <II = 1> <Delay = 0.53> <IPBlock> <Opcode : 'mul' 'add' 'sub' 'select'> <InPorts = 0> <OutPorts = 1> <Sync> <CReg>
ST_4 : Operation 592 [1/1] (0.00ns) (grouped into DSP with root node add_ln840_61)   --->   "%sext_ln1494_191 = sext i10 %ret_V_67"   --->   Operation 592 'sext' 'sext_ln1494_191' <Predicate = (!icmp_ln249)> <Delay = 0.00>
ST_4 : Operation 593 [2/3] (0.99ns) (grouped into DSP with root node add_ln840_65)   --->   "%ret_V_68 = mul i10 %sext_ln1494_18, i10 %sext_ln1494_68"   --->   Operation 593 'mul' 'ret_V_68' <Predicate = (!icmp_ln249)> <Delay = 0.99> <CoreInst = "DSP48">   --->   Core 127 'DSP48' <Latency = 3> <II = 1> <Delay = 0.53> <IPBlock> <Opcode : 'mul' 'add' 'sub' 'select'> <InPorts = 0> <OutPorts = 1> <Sync> <CReg>
ST_4 : Operation 594 [1/1] (0.00ns)   --->   "%sext_ln1494_69 = sext i2 %local_temp_V_69"   --->   Operation 594 'sext' 'sext_ln1494_69' <Predicate = (!icmp_ln249)> <Delay = 0.00>
ST_4 : Operation 595 [1/1] (1.65ns)   --->   "%ret_V_69 = mul i10 %sext_ln1494_19, i10 %sext_ln1494_69"   --->   Operation 595 'mul' 'ret_V_69' <Predicate = (!icmp_ln249)> <Delay = 1.65> <CoreInst = "Multiplier">   --->   Core 3 'Multiplier' <Latency = 0> <II = 1> <Delay = 1.65> <FuncUnit> <Opcode : 'mul'> <InPorts = 2> <OutPorts = 1>
ST_4 : Operation 596 [1/1] (0.00ns)   --->   "%sext_ln1494_193 = sext i10 %ret_V_69"   --->   Operation 596 'sext' 'sext_ln1494_193' <Predicate = (!icmp_ln249)> <Delay = 0.00>
ST_4 : Operation 597 [1/3] (0.00ns) (grouped into DSP with root node add_ln840_64)   --->   "%ret_V_70 = mul i10 %sext_ln1494_20, i10 %sext_ln1494_70"   --->   Operation 597 'mul' 'ret_V_70' <Predicate = (!icmp_ln249)> <Delay = 0.00> <CoreInst = "DSP48">   --->   Core 127 'DSP48' <Latency = 3> <II = 1> <Delay = 0.53> <IPBlock> <Opcode : 'mul' 'add' 'sub' 'select'> <InPorts = 0> <OutPorts = 1> <Sync> <CReg>
ST_4 : Operation 598 [1/1] (0.00ns) (grouped into DSP with root node add_ln840_64)   --->   "%sext_ln1494_194 = sext i10 %ret_V_70"   --->   Operation 598 'sext' 'sext_ln1494_194' <Predicate = (!icmp_ln249)> <Delay = 0.00>
ST_4 : Operation 599 [2/3] (0.99ns) (grouped into DSP with root node add_ln840_66)   --->   "%ret_V_72 = mul i10 %sext_ln1494_22, i10 %sext_ln1494_72"   --->   Operation 599 'mul' 'ret_V_72' <Predicate = (!icmp_ln249)> <Delay = 0.99> <CoreInst = "DSP48">   --->   Core 127 'DSP48' <Latency = 3> <II = 1> <Delay = 0.53> <IPBlock> <Opcode : 'mul' 'add' 'sub' 'select'> <InPorts = 0> <OutPorts = 1> <Sync> <CReg>
ST_4 : Operation 600 [2/3] (0.99ns) (grouped into DSP with root node add_ln840_67)   --->   "%ret_V_74 = mul i10 %sext_ln1494_24, i10 %sext_ln1494_74"   --->   Operation 600 'mul' 'ret_V_74' <Predicate = (!icmp_ln249)> <Delay = 0.99> <CoreInst = "DSP48">   --->   Core 127 'DSP48' <Latency = 3> <II = 1> <Delay = 0.53> <IPBlock> <Opcode : 'mul' 'add' 'sub' 'select'> <InPorts = 0> <OutPorts = 1> <Sync> <CReg>
ST_4 : Operation 601 [2/2] (0.64ns) (root node of the DSP)   --->   "%add_ln840_48 = add i11 %sext_ln1494_174, i11 %sext_ln1494_176"   --->   Operation 601 'add' 'add_ln840_48' <Predicate = (!icmp_ln249)> <Delay = 0.64> <CoreInst = "DSP48">   --->   Core 127 'DSP48' <Latency = 3> <II = 1> <Delay = 0.53> <IPBlock> <Opcode : 'mul' 'add' 'sub' 'select'> <InPorts = 0> <OutPorts = 1> <Sync> <CReg>
ST_4 : Operation 602 [2/2] (0.64ns) (root node of the DSP)   --->   "%add_ln840_50 = add i11 %sext_ln1494_178, i11 %sext_ln1494_179"   --->   Operation 602 'add' 'add_ln840_50' <Predicate = (!icmp_ln249)> <Delay = 0.64> <CoreInst = "DSP48">   --->   Core 127 'DSP48' <Latency = 3> <II = 1> <Delay = 0.53> <IPBlock> <Opcode : 'mul' 'add' 'sub' 'select'> <InPorts = 0> <OutPorts = 1> <Sync> <CReg>
ST_4 : Operation 603 [2/2] (0.64ns) (root node of the DSP)   --->   "%add_ln840_53 = add i11 %sext_ln1494_181, i11 %sext_ln1494_182"   --->   Operation 603 'add' 'add_ln840_53' <Predicate = (!icmp_ln249)> <Delay = 0.64> <CoreInst = "DSP48">   --->   Core 127 'DSP48' <Latency = 3> <II = 1> <Delay = 0.53> <IPBlock> <Opcode : 'mul' 'add' 'sub' 'select'> <InPorts = 0> <OutPorts = 1> <Sync> <CReg>
ST_4 : Operation 604 [2/2] (0.64ns) (root node of the DSP)   --->   "%add_ln840_55 = add i11 %sext_ln1494_184, i11 %sext_ln1494_185"   --->   Operation 604 'add' 'add_ln840_55' <Predicate = (!icmp_ln249)> <Delay = 0.64> <CoreInst = "DSP48">   --->   Core 127 'DSP48' <Latency = 3> <II = 1> <Delay = 0.53> <IPBlock> <Opcode : 'mul' 'add' 'sub' 'select'> <InPorts = 0> <OutPorts = 1> <Sync> <CReg>
ST_4 : Operation 605 [2/2] (0.64ns) (root node of the DSP)   --->   "%add_ln840_59 = add i11 %sext_ln1494_187, i11 %sext_ln1494_188"   --->   Operation 605 'add' 'add_ln840_59' <Predicate = (!icmp_ln249)> <Delay = 0.64> <CoreInst = "DSP48">   --->   Core 127 'DSP48' <Latency = 3> <II = 1> <Delay = 0.53> <IPBlock> <Opcode : 'mul' 'add' 'sub' 'select'> <InPorts = 0> <OutPorts = 1> <Sync> <CReg>
ST_4 : Operation 606 [2/2] (0.64ns) (root node of the DSP)   --->   "%add_ln840_61 = add i11 %sext_ln1494_190, i11 %sext_ln1494_191"   --->   Operation 606 'add' 'add_ln840_61' <Predicate = (!icmp_ln249)> <Delay = 0.64> <CoreInst = "DSP48">   --->   Core 127 'DSP48' <Latency = 3> <II = 1> <Delay = 0.53> <IPBlock> <Opcode : 'mul' 'add' 'sub' 'select'> <InPorts = 0> <OutPorts = 1> <Sync> <CReg>
ST_4 : Operation 607 [2/2] (0.64ns) (root node of the DSP)   --->   "%add_ln840_64 = add i11 %sext_ln1494_193, i11 %sext_ln1494_194"   --->   Operation 607 'add' 'add_ln840_64' <Predicate = (!icmp_ln249)> <Delay = 0.64> <CoreInst = "DSP48">   --->   Core 127 'DSP48' <Latency = 3> <II = 1> <Delay = 0.53> <IPBlock> <Opcode : 'mul' 'add' 'sub' 'select'> <InPorts = 0> <OutPorts = 1> <Sync> <CReg>
ST_4 : Operation 608 [1/1] (0.00ns)   --->   "%sext_ln1494_75 = sext i2 %local_temp_V_75"   --->   Operation 608 'sext' 'sext_ln1494_75' <Predicate = (!icmp_ln249)> <Delay = 0.00>
ST_4 : Operation 609 [1/1] (1.65ns)   --->   "%ret_V_75 = mul i10 %sext_ln1494, i10 %sext_ln1494_75"   --->   Operation 609 'mul' 'ret_V_75' <Predicate = (!icmp_ln249)> <Delay = 1.65> <CoreInst = "Multiplier">   --->   Core 3 'Multiplier' <Latency = 0> <II = 1> <Delay = 1.65> <FuncUnit> <Opcode : 'mul'> <InPorts = 2> <OutPorts = 1>
ST_4 : Operation 610 [1/1] (0.00ns)   --->   "%sext_ln1494_198 = sext i10 %ret_V_75"   --->   Operation 610 'sext' 'sext_ln1494_198' <Predicate = (!icmp_ln249)> <Delay = 0.00>
ST_4 : Operation 611 [2/3] (0.99ns) (grouped into DSP with root node add_ln840_73)   --->   "%ret_V_76 = mul i10 %sext_ln1494_1, i10 %sext_ln1494_76"   --->   Operation 611 'mul' 'ret_V_76' <Predicate = (!icmp_ln249)> <Delay = 0.99> <CoreInst = "DSP48">   --->   Core 127 'DSP48' <Latency = 3> <II = 1> <Delay = 0.53> <IPBlock> <Opcode : 'mul' 'add' 'sub' 'select'> <InPorts = 0> <OutPorts = 1> <Sync> <CReg>
ST_4 : Operation 612 [1/3] (0.00ns) (grouped into DSP with root node add_ln840_72)   --->   "%ret_V_77 = mul i10 %sext_ln1494_2, i10 %sext_ln1494_77"   --->   Operation 612 'mul' 'ret_V_77' <Predicate = (!icmp_ln249)> <Delay = 0.00> <CoreInst = "DSP48">   --->   Core 127 'DSP48' <Latency = 3> <II = 1> <Delay = 0.53> <IPBlock> <Opcode : 'mul' 'add' 'sub' 'select'> <InPorts = 0> <OutPorts = 1> <Sync> <CReg>
ST_4 : Operation 613 [1/1] (0.00ns) (grouped into DSP with root node add_ln840_72)   --->   "%sext_ln1494_200 = sext i10 %ret_V_77"   --->   Operation 613 'sext' 'sext_ln1494_200' <Predicate = (!icmp_ln249)> <Delay = 0.00>
ST_4 : Operation 614 [2/3] (0.99ns) (grouped into DSP with root node add_ln840_75)   --->   "%ret_V_78 = mul i10 %sext_ln1494_3, i10 %sext_ln1494_78"   --->   Operation 614 'mul' 'ret_V_78' <Predicate = (!icmp_ln249)> <Delay = 0.99> <CoreInst = "DSP48">   --->   Core 127 'DSP48' <Latency = 3> <II = 1> <Delay = 0.53> <IPBlock> <Opcode : 'mul' 'add' 'sub' 'select'> <InPorts = 0> <OutPorts = 1> <Sync> <CReg>
ST_4 : Operation 615 [1/1] (0.00ns)   --->   "%sext_ln1494_79 = sext i2 %local_temp_V_79"   --->   Operation 615 'sext' 'sext_ln1494_79' <Predicate = (!icmp_ln249)> <Delay = 0.00>
ST_4 : Operation 616 [1/1] (1.65ns)   --->   "%ret_V_79 = mul i10 %sext_ln1494_4, i10 %sext_ln1494_79"   --->   Operation 616 'mul' 'ret_V_79' <Predicate = (!icmp_ln249)> <Delay = 1.65> <CoreInst = "Multiplier">   --->   Core 3 'Multiplier' <Latency = 0> <II = 1> <Delay = 1.65> <FuncUnit> <Opcode : 'mul'> <InPorts = 2> <OutPorts = 1>
ST_4 : Operation 617 [1/1] (0.00ns)   --->   "%sext_ln1494_202 = sext i10 %ret_V_79"   --->   Operation 617 'sext' 'sext_ln1494_202' <Predicate = (!icmp_ln249)> <Delay = 0.00>
ST_4 : Operation 618 [1/3] (0.00ns) (grouped into DSP with root node add_ln840_74)   --->   "%ret_V_80 = mul i10 %sext_ln1494_5, i10 %sext_ln1494_80"   --->   Operation 618 'mul' 'ret_V_80' <Predicate = (!icmp_ln249)> <Delay = 0.00> <CoreInst = "DSP48">   --->   Core 127 'DSP48' <Latency = 3> <II = 1> <Delay = 0.53> <IPBlock> <Opcode : 'mul' 'add' 'sub' 'select'> <InPorts = 0> <OutPorts = 1> <Sync> <CReg>
ST_4 : Operation 619 [1/1] (0.00ns) (grouped into DSP with root node add_ln840_74)   --->   "%sext_ln1494_203 = sext i10 %ret_V_80"   --->   Operation 619 'sext' 'sext_ln1494_203' <Predicate = (!icmp_ln249)> <Delay = 0.00>
ST_4 : Operation 620 [2/3] (0.99ns) (grouped into DSP with root node add_ln840_78)   --->   "%ret_V_81 = mul i10 %sext_ln1494_6, i10 %sext_ln1494_81"   --->   Operation 620 'mul' 'ret_V_81' <Predicate = (!icmp_ln249)> <Delay = 0.99> <CoreInst = "DSP48">   --->   Core 127 'DSP48' <Latency = 3> <II = 1> <Delay = 0.53> <IPBlock> <Opcode : 'mul' 'add' 'sub' 'select'> <InPorts = 0> <OutPorts = 1> <Sync> <CReg>
ST_4 : Operation 621 [1/1] (0.00ns)   --->   "%sext_ln1494_82 = sext i2 %local_temp_V_82"   --->   Operation 621 'sext' 'sext_ln1494_82' <Predicate = (!icmp_ln249)> <Delay = 0.00>
ST_4 : Operation 622 [1/1] (1.65ns)   --->   "%ret_V_82 = mul i10 %sext_ln1494_7, i10 %sext_ln1494_82"   --->   Operation 622 'mul' 'ret_V_82' <Predicate = (!icmp_ln249)> <Delay = 1.65> <CoreInst = "Multiplier">   --->   Core 3 'Multiplier' <Latency = 0> <II = 1> <Delay = 1.65> <FuncUnit> <Opcode : 'mul'> <InPorts = 2> <OutPorts = 1>
ST_4 : Operation 623 [1/1] (0.00ns)   --->   "%sext_ln1494_205 = sext i10 %ret_V_82"   --->   Operation 623 'sext' 'sext_ln1494_205' <Predicate = (!icmp_ln249)> <Delay = 0.00>
ST_4 : Operation 624 [1/3] (0.00ns) (grouped into DSP with root node add_ln840_77)   --->   "%ret_V_83 = mul i10 %sext_ln1494_8, i10 %sext_ln1494_83"   --->   Operation 624 'mul' 'ret_V_83' <Predicate = (!icmp_ln249)> <Delay = 0.00> <CoreInst = "DSP48">   --->   Core 127 'DSP48' <Latency = 3> <II = 1> <Delay = 0.53> <IPBlock> <Opcode : 'mul' 'add' 'sub' 'select'> <InPorts = 0> <OutPorts = 1> <Sync> <CReg>
ST_4 : Operation 625 [1/1] (0.00ns) (grouped into DSP with root node add_ln840_77)   --->   "%sext_ln1494_206 = sext i10 %ret_V_83"   --->   Operation 625 'sext' 'sext_ln1494_206' <Predicate = (!icmp_ln249)> <Delay = 0.00>
ST_4 : Operation 626 [2/3] (0.99ns) (grouped into DSP with root node add_ln840_80)   --->   "%ret_V_84 = mul i10 %sext_ln1494_9, i10 %sext_ln1494_84"   --->   Operation 626 'mul' 'ret_V_84' <Predicate = (!icmp_ln249)> <Delay = 0.99> <CoreInst = "DSP48">   --->   Core 127 'DSP48' <Latency = 3> <II = 1> <Delay = 0.53> <IPBlock> <Opcode : 'mul' 'add' 'sub' 'select'> <InPorts = 0> <OutPorts = 1> <Sync> <CReg>
ST_4 : Operation 627 [1/1] (0.00ns)   --->   "%sext_ln1494_85 = sext i2 %local_temp_V_85"   --->   Operation 627 'sext' 'sext_ln1494_85' <Predicate = (!icmp_ln249)> <Delay = 0.00>
ST_4 : Operation 628 [1/1] (1.65ns)   --->   "%ret_V_85 = mul i10 %sext_ln1494_10, i10 %sext_ln1494_85"   --->   Operation 628 'mul' 'ret_V_85' <Predicate = (!icmp_ln249)> <Delay = 1.65> <CoreInst = "Multiplier">   --->   Core 3 'Multiplier' <Latency = 0> <II = 1> <Delay = 1.65> <FuncUnit> <Opcode : 'mul'> <InPorts = 2> <OutPorts = 1>
ST_4 : Operation 629 [1/1] (0.00ns)   --->   "%sext_ln1494_208 = sext i10 %ret_V_85"   --->   Operation 629 'sext' 'sext_ln1494_208' <Predicate = (!icmp_ln249)> <Delay = 0.00>
ST_4 : Operation 630 [1/3] (0.00ns) (grouped into DSP with root node add_ln840_79)   --->   "%ret_V_86 = mul i10 %sext_ln1494_11, i10 %sext_ln1494_86"   --->   Operation 630 'mul' 'ret_V_86' <Predicate = (!icmp_ln249)> <Delay = 0.00> <CoreInst = "DSP48">   --->   Core 127 'DSP48' <Latency = 3> <II = 1> <Delay = 0.53> <IPBlock> <Opcode : 'mul' 'add' 'sub' 'select'> <InPorts = 0> <OutPorts = 1> <Sync> <CReg>
ST_4 : Operation 631 [1/1] (0.00ns) (grouped into DSP with root node add_ln840_79)   --->   "%sext_ln1494_209 = sext i10 %ret_V_86"   --->   Operation 631 'sext' 'sext_ln1494_209' <Predicate = (!icmp_ln249)> <Delay = 0.00>
ST_4 : Operation 632 [2/3] (0.99ns) (grouped into DSP with root node add_ln840_84)   --->   "%ret_V_87 = mul i10 %sext_ln1494_12, i10 %sext_ln1494_87"   --->   Operation 632 'mul' 'ret_V_87' <Predicate = (!icmp_ln249)> <Delay = 0.99> <CoreInst = "DSP48">   --->   Core 127 'DSP48' <Latency = 3> <II = 1> <Delay = 0.53> <IPBlock> <Opcode : 'mul' 'add' 'sub' 'select'> <InPorts = 0> <OutPorts = 1> <Sync> <CReg>
ST_4 : Operation 633 [1/1] (0.00ns)   --->   "%sext_ln1494_88 = sext i2 %local_temp_V_88"   --->   Operation 633 'sext' 'sext_ln1494_88' <Predicate = (!icmp_ln249)> <Delay = 0.00>
ST_4 : Operation 634 [1/1] (1.65ns)   --->   "%ret_V_88 = mul i10 %sext_ln1494_13, i10 %sext_ln1494_88"   --->   Operation 634 'mul' 'ret_V_88' <Predicate = (!icmp_ln249)> <Delay = 1.65> <CoreInst = "Multiplier">   --->   Core 3 'Multiplier' <Latency = 0> <II = 1> <Delay = 1.65> <FuncUnit> <Opcode : 'mul'> <InPorts = 2> <OutPorts = 1>
ST_4 : Operation 635 [1/1] (0.00ns)   --->   "%sext_ln1494_211 = sext i10 %ret_V_88"   --->   Operation 635 'sext' 'sext_ln1494_211' <Predicate = (!icmp_ln249)> <Delay = 0.00>
ST_4 : Operation 636 [1/3] (0.00ns) (grouped into DSP with root node add_ln840_83)   --->   "%ret_V_89 = mul i10 %sext_ln1494_14, i10 %sext_ln1494_89"   --->   Operation 636 'mul' 'ret_V_89' <Predicate = (!icmp_ln249)> <Delay = 0.00> <CoreInst = "DSP48">   --->   Core 127 'DSP48' <Latency = 3> <II = 1> <Delay = 0.53> <IPBlock> <Opcode : 'mul' 'add' 'sub' 'select'> <InPorts = 0> <OutPorts = 1> <Sync> <CReg>
ST_4 : Operation 637 [1/1] (0.00ns) (grouped into DSP with root node add_ln840_83)   --->   "%sext_ln1494_212 = sext i10 %ret_V_89"   --->   Operation 637 'sext' 'sext_ln1494_212' <Predicate = (!icmp_ln249)> <Delay = 0.00>
ST_4 : Operation 638 [2/3] (0.99ns) (grouped into DSP with root node add_ln840_86)   --->   "%ret_V_90 = mul i10 %sext_ln1494_15, i10 %sext_ln1494_90"   --->   Operation 638 'mul' 'ret_V_90' <Predicate = (!icmp_ln249)> <Delay = 0.99> <CoreInst = "DSP48">   --->   Core 127 'DSP48' <Latency = 3> <II = 1> <Delay = 0.53> <IPBlock> <Opcode : 'mul' 'add' 'sub' 'select'> <InPorts = 0> <OutPorts = 1> <Sync> <CReg>
ST_4 : Operation 639 [1/1] (0.00ns)   --->   "%sext_ln1494_91 = sext i2 %local_temp_V_91"   --->   Operation 639 'sext' 'sext_ln1494_91' <Predicate = (!icmp_ln249)> <Delay = 0.00>
ST_4 : Operation 640 [1/1] (1.65ns)   --->   "%ret_V_91 = mul i10 %sext_ln1494_16, i10 %sext_ln1494_91"   --->   Operation 640 'mul' 'ret_V_91' <Predicate = (!icmp_ln249)> <Delay = 1.65> <CoreInst = "Multiplier">   --->   Core 3 'Multiplier' <Latency = 0> <II = 1> <Delay = 1.65> <FuncUnit> <Opcode : 'mul'> <InPorts = 2> <OutPorts = 1>
ST_4 : Operation 641 [1/1] (0.00ns)   --->   "%sext_ln1494_214 = sext i10 %ret_V_91"   --->   Operation 641 'sext' 'sext_ln1494_214' <Predicate = (!icmp_ln249)> <Delay = 0.00>
ST_4 : Operation 642 [1/3] (0.00ns) (grouped into DSP with root node add_ln840_85)   --->   "%ret_V_92 = mul i10 %sext_ln1494_17, i10 %sext_ln1494_92"   --->   Operation 642 'mul' 'ret_V_92' <Predicate = (!icmp_ln249)> <Delay = 0.00> <CoreInst = "DSP48">   --->   Core 127 'DSP48' <Latency = 3> <II = 1> <Delay = 0.53> <IPBlock> <Opcode : 'mul' 'add' 'sub' 'select'> <InPorts = 0> <OutPorts = 1> <Sync> <CReg>
ST_4 : Operation 643 [1/1] (0.00ns) (grouped into DSP with root node add_ln840_85)   --->   "%sext_ln1494_215 = sext i10 %ret_V_92"   --->   Operation 643 'sext' 'sext_ln1494_215' <Predicate = (!icmp_ln249)> <Delay = 0.00>
ST_4 : Operation 644 [2/3] (0.99ns) (grouped into DSP with root node add_ln840_89)   --->   "%ret_V_93 = mul i10 %sext_ln1494_18, i10 %sext_ln1494_93"   --->   Operation 644 'mul' 'ret_V_93' <Predicate = (!icmp_ln249)> <Delay = 0.99> <CoreInst = "DSP48">   --->   Core 127 'DSP48' <Latency = 3> <II = 1> <Delay = 0.53> <IPBlock> <Opcode : 'mul' 'add' 'sub' 'select'> <InPorts = 0> <OutPorts = 1> <Sync> <CReg>
ST_4 : Operation 645 [1/1] (0.00ns)   --->   "%sext_ln1494_94 = sext i2 %local_temp_V_94"   --->   Operation 645 'sext' 'sext_ln1494_94' <Predicate = (!icmp_ln249)> <Delay = 0.00>
ST_4 : Operation 646 [1/1] (1.65ns)   --->   "%ret_V_94 = mul i10 %sext_ln1494_19, i10 %sext_ln1494_94"   --->   Operation 646 'mul' 'ret_V_94' <Predicate = (!icmp_ln249)> <Delay = 1.65> <CoreInst = "Multiplier">   --->   Core 3 'Multiplier' <Latency = 0> <II = 1> <Delay = 1.65> <FuncUnit> <Opcode : 'mul'> <InPorts = 2> <OutPorts = 1>
ST_4 : Operation 647 [1/1] (0.00ns)   --->   "%sext_ln1494_217 = sext i10 %ret_V_94"   --->   Operation 647 'sext' 'sext_ln1494_217' <Predicate = (!icmp_ln249)> <Delay = 0.00>
ST_4 : Operation 648 [1/3] (0.00ns) (grouped into DSP with root node add_ln840_88)   --->   "%ret_V_95 = mul i10 %sext_ln1494_20, i10 %sext_ln1494_95"   --->   Operation 648 'mul' 'ret_V_95' <Predicate = (!icmp_ln249)> <Delay = 0.00> <CoreInst = "DSP48">   --->   Core 127 'DSP48' <Latency = 3> <II = 1> <Delay = 0.53> <IPBlock> <Opcode : 'mul' 'add' 'sub' 'select'> <InPorts = 0> <OutPorts = 1> <Sync> <CReg>
ST_4 : Operation 649 [1/1] (0.00ns) (grouped into DSP with root node add_ln840_88)   --->   "%sext_ln1494_218 = sext i10 %ret_V_95"   --->   Operation 649 'sext' 'sext_ln1494_218' <Predicate = (!icmp_ln249)> <Delay = 0.00>
ST_4 : Operation 650 [2/3] (0.99ns) (grouped into DSP with root node add_ln840_90)   --->   "%ret_V_97 = mul i10 %sext_ln1494_22, i10 %sext_ln1494_97"   --->   Operation 650 'mul' 'ret_V_97' <Predicate = (!icmp_ln249)> <Delay = 0.99> <CoreInst = "DSP48">   --->   Core 127 'DSP48' <Latency = 3> <II = 1> <Delay = 0.53> <IPBlock> <Opcode : 'mul' 'add' 'sub' 'select'> <InPorts = 0> <OutPorts = 1> <Sync> <CReg>
ST_4 : Operation 651 [2/3] (0.99ns) (grouped into DSP with root node add_ln840_91)   --->   "%ret_V_99 = mul i10 %sext_ln1494_24, i10 %sext_ln1494_99"   --->   Operation 651 'mul' 'ret_V_99' <Predicate = (!icmp_ln249)> <Delay = 0.99> <CoreInst = "DSP48">   --->   Core 127 'DSP48' <Latency = 3> <II = 1> <Delay = 0.53> <IPBlock> <Opcode : 'mul' 'add' 'sub' 'select'> <InPorts = 0> <OutPorts = 1> <Sync> <CReg>
ST_4 : Operation 652 [2/2] (0.64ns) (root node of the DSP)   --->   "%add_ln840_72 = add i11 %sext_ln1494_198, i11 %sext_ln1494_200"   --->   Operation 652 'add' 'add_ln840_72' <Predicate = (!icmp_ln249)> <Delay = 0.64> <CoreInst = "DSP48">   --->   Core 127 'DSP48' <Latency = 3> <II = 1> <Delay = 0.53> <IPBlock> <Opcode : 'mul' 'add' 'sub' 'select'> <InPorts = 0> <OutPorts = 1> <Sync> <CReg>
ST_4 : Operation 653 [2/2] (0.64ns) (root node of the DSP)   --->   "%add_ln840_74 = add i11 %sext_ln1494_202, i11 %sext_ln1494_203"   --->   Operation 653 'add' 'add_ln840_74' <Predicate = (!icmp_ln249)> <Delay = 0.64> <CoreInst = "DSP48">   --->   Core 127 'DSP48' <Latency = 3> <II = 1> <Delay = 0.53> <IPBlock> <Opcode : 'mul' 'add' 'sub' 'select'> <InPorts = 0> <OutPorts = 1> <Sync> <CReg>
ST_4 : Operation 654 [2/2] (0.64ns) (root node of the DSP)   --->   "%add_ln840_77 = add i11 %sext_ln1494_205, i11 %sext_ln1494_206"   --->   Operation 654 'add' 'add_ln840_77' <Predicate = (!icmp_ln249)> <Delay = 0.64> <CoreInst = "DSP48">   --->   Core 127 'DSP48' <Latency = 3> <II = 1> <Delay = 0.53> <IPBlock> <Opcode : 'mul' 'add' 'sub' 'select'> <InPorts = 0> <OutPorts = 1> <Sync> <CReg>
ST_4 : Operation 655 [2/2] (0.64ns) (root node of the DSP)   --->   "%add_ln840_79 = add i11 %sext_ln1494_208, i11 %sext_ln1494_209"   --->   Operation 655 'add' 'add_ln840_79' <Predicate = (!icmp_ln249)> <Delay = 0.64> <CoreInst = "DSP48">   --->   Core 127 'DSP48' <Latency = 3> <II = 1> <Delay = 0.53> <IPBlock> <Opcode : 'mul' 'add' 'sub' 'select'> <InPorts = 0> <OutPorts = 1> <Sync> <CReg>
ST_4 : Operation 656 [2/2] (0.64ns) (root node of the DSP)   --->   "%add_ln840_83 = add i11 %sext_ln1494_211, i11 %sext_ln1494_212"   --->   Operation 656 'add' 'add_ln840_83' <Predicate = (!icmp_ln249)> <Delay = 0.64> <CoreInst = "DSP48">   --->   Core 127 'DSP48' <Latency = 3> <II = 1> <Delay = 0.53> <IPBlock> <Opcode : 'mul' 'add' 'sub' 'select'> <InPorts = 0> <OutPorts = 1> <Sync> <CReg>
ST_4 : Operation 657 [2/2] (0.64ns) (root node of the DSP)   --->   "%add_ln840_85 = add i11 %sext_ln1494_214, i11 %sext_ln1494_215"   --->   Operation 657 'add' 'add_ln840_85' <Predicate = (!icmp_ln249)> <Delay = 0.64> <CoreInst = "DSP48">   --->   Core 127 'DSP48' <Latency = 3> <II = 1> <Delay = 0.53> <IPBlock> <Opcode : 'mul' 'add' 'sub' 'select'> <InPorts = 0> <OutPorts = 1> <Sync> <CReg>
ST_4 : Operation 658 [2/2] (0.64ns) (root node of the DSP)   --->   "%add_ln840_88 = add i11 %sext_ln1494_217, i11 %sext_ln1494_218"   --->   Operation 658 'add' 'add_ln840_88' <Predicate = (!icmp_ln249)> <Delay = 0.64> <CoreInst = "DSP48">   --->   Core 127 'DSP48' <Latency = 3> <II = 1> <Delay = 0.53> <IPBlock> <Opcode : 'mul' 'add' 'sub' 'select'> <InPorts = 0> <OutPorts = 1> <Sync> <CReg>
ST_4 : Operation 659 [1/1] (0.00ns)   --->   "%sext_ln1494_100 = sext i2 %local_temp_V_100"   --->   Operation 659 'sext' 'sext_ln1494_100' <Predicate = (!icmp_ln249)> <Delay = 0.00>
ST_4 : Operation 660 [1/1] (1.65ns)   --->   "%ret_V_100 = mul i10 %sext_ln1494, i10 %sext_ln1494_100"   --->   Operation 660 'mul' 'ret_V_100' <Predicate = (!icmp_ln249)> <Delay = 1.65> <CoreInst = "Multiplier">   --->   Core 3 'Multiplier' <Latency = 0> <II = 1> <Delay = 1.65> <FuncUnit> <Opcode : 'mul'> <InPorts = 2> <OutPorts = 1>
ST_4 : Operation 661 [1/1] (0.00ns)   --->   "%sext_ln1494_222 = sext i10 %ret_V_100"   --->   Operation 661 'sext' 'sext_ln1494_222' <Predicate = (!icmp_ln249)> <Delay = 0.00>
ST_4 : Operation 662 [2/3] (0.99ns) (grouped into DSP with root node add_ln840_97)   --->   "%ret_V_101 = mul i10 %sext_ln1494_1, i10 %sext_ln1494_101"   --->   Operation 662 'mul' 'ret_V_101' <Predicate = (!icmp_ln249)> <Delay = 0.99> <CoreInst = "DSP48">   --->   Core 127 'DSP48' <Latency = 3> <II = 1> <Delay = 0.53> <IPBlock> <Opcode : 'mul' 'add' 'sub' 'select'> <InPorts = 0> <OutPorts = 1> <Sync> <CReg>
ST_4 : Operation 663 [1/3] (0.00ns) (grouped into DSP with root node add_ln840_96)   --->   "%ret_V_102 = mul i10 %sext_ln1494_2, i10 %sext_ln1494_102"   --->   Operation 663 'mul' 'ret_V_102' <Predicate = (!icmp_ln249)> <Delay = 0.00> <CoreInst = "DSP48">   --->   Core 127 'DSP48' <Latency = 3> <II = 1> <Delay = 0.53> <IPBlock> <Opcode : 'mul' 'add' 'sub' 'select'> <InPorts = 0> <OutPorts = 1> <Sync> <CReg>
ST_4 : Operation 664 [1/1] (0.00ns) (grouped into DSP with root node add_ln840_96)   --->   "%sext_ln1494_224 = sext i10 %ret_V_102"   --->   Operation 664 'sext' 'sext_ln1494_224' <Predicate = (!icmp_ln249)> <Delay = 0.00>
ST_4 : Operation 665 [2/3] (0.99ns) (grouped into DSP with root node add_ln840_99)   --->   "%ret_V_103 = mul i10 %sext_ln1494_3, i10 %sext_ln1494_103"   --->   Operation 665 'mul' 'ret_V_103' <Predicate = (!icmp_ln249)> <Delay = 0.99> <CoreInst = "DSP48">   --->   Core 127 'DSP48' <Latency = 3> <II = 1> <Delay = 0.53> <IPBlock> <Opcode : 'mul' 'add' 'sub' 'select'> <InPorts = 0> <OutPorts = 1> <Sync> <CReg>
ST_4 : Operation 666 [1/1] (0.00ns)   --->   "%sext_ln1494_104 = sext i2 %local_temp_V_104"   --->   Operation 666 'sext' 'sext_ln1494_104' <Predicate = (!icmp_ln249)> <Delay = 0.00>
ST_4 : Operation 667 [1/1] (1.65ns)   --->   "%ret_V_104 = mul i10 %sext_ln1494_4, i10 %sext_ln1494_104"   --->   Operation 667 'mul' 'ret_V_104' <Predicate = (!icmp_ln249)> <Delay = 1.65> <CoreInst = "Multiplier">   --->   Core 3 'Multiplier' <Latency = 0> <II = 1> <Delay = 1.65> <FuncUnit> <Opcode : 'mul'> <InPorts = 2> <OutPorts = 1>
ST_4 : Operation 668 [1/1] (0.00ns)   --->   "%sext_ln1494_226 = sext i10 %ret_V_104"   --->   Operation 668 'sext' 'sext_ln1494_226' <Predicate = (!icmp_ln249)> <Delay = 0.00>
ST_4 : Operation 669 [1/3] (0.00ns) (grouped into DSP with root node add_ln840_98)   --->   "%ret_V_105 = mul i10 %sext_ln1494_5, i10 %sext_ln1494_105"   --->   Operation 669 'mul' 'ret_V_105' <Predicate = (!icmp_ln249)> <Delay = 0.00> <CoreInst = "DSP48">   --->   Core 127 'DSP48' <Latency = 3> <II = 1> <Delay = 0.53> <IPBlock> <Opcode : 'mul' 'add' 'sub' 'select'> <InPorts = 0> <OutPorts = 1> <Sync> <CReg>
ST_4 : Operation 670 [1/1] (0.00ns) (grouped into DSP with root node add_ln840_98)   --->   "%sext_ln1494_227 = sext i10 %ret_V_105"   --->   Operation 670 'sext' 'sext_ln1494_227' <Predicate = (!icmp_ln249)> <Delay = 0.00>
ST_4 : Operation 671 [2/3] (0.99ns) (grouped into DSP with root node add_ln840_102)   --->   "%ret_V_106 = mul i10 %sext_ln1494_6, i10 %sext_ln1494_106"   --->   Operation 671 'mul' 'ret_V_106' <Predicate = (!icmp_ln249)> <Delay = 0.99> <CoreInst = "DSP48">   --->   Core 127 'DSP48' <Latency = 3> <II = 1> <Delay = 0.53> <IPBlock> <Opcode : 'mul' 'add' 'sub' 'select'> <InPorts = 0> <OutPorts = 1> <Sync> <CReg>
ST_4 : Operation 672 [1/1] (0.00ns)   --->   "%sext_ln1494_107 = sext i2 %local_temp_V_107"   --->   Operation 672 'sext' 'sext_ln1494_107' <Predicate = (!icmp_ln249)> <Delay = 0.00>
ST_4 : Operation 673 [1/1] (1.65ns)   --->   "%ret_V_107 = mul i10 %sext_ln1494_7, i10 %sext_ln1494_107"   --->   Operation 673 'mul' 'ret_V_107' <Predicate = (!icmp_ln249)> <Delay = 1.65> <CoreInst = "Multiplier">   --->   Core 3 'Multiplier' <Latency = 0> <II = 1> <Delay = 1.65> <FuncUnit> <Opcode : 'mul'> <InPorts = 2> <OutPorts = 1>
ST_4 : Operation 674 [1/1] (0.00ns)   --->   "%sext_ln1494_229 = sext i10 %ret_V_107"   --->   Operation 674 'sext' 'sext_ln1494_229' <Predicate = (!icmp_ln249)> <Delay = 0.00>
ST_4 : Operation 675 [1/3] (0.00ns) (grouped into DSP with root node add_ln840_101)   --->   "%ret_V_108 = mul i10 %sext_ln1494_8, i10 %sext_ln1494_108"   --->   Operation 675 'mul' 'ret_V_108' <Predicate = (!icmp_ln249)> <Delay = 0.00> <CoreInst = "DSP48">   --->   Core 127 'DSP48' <Latency = 3> <II = 1> <Delay = 0.53> <IPBlock> <Opcode : 'mul' 'add' 'sub' 'select'> <InPorts = 0> <OutPorts = 1> <Sync> <CReg>
ST_4 : Operation 676 [1/1] (0.00ns) (grouped into DSP with root node add_ln840_101)   --->   "%sext_ln1494_230 = sext i10 %ret_V_108"   --->   Operation 676 'sext' 'sext_ln1494_230' <Predicate = (!icmp_ln249)> <Delay = 0.00>
ST_4 : Operation 677 [2/3] (0.99ns) (grouped into DSP with root node add_ln840_104)   --->   "%ret_V_109 = mul i10 %sext_ln1494_9, i10 %sext_ln1494_109"   --->   Operation 677 'mul' 'ret_V_109' <Predicate = (!icmp_ln249)> <Delay = 0.99> <CoreInst = "DSP48">   --->   Core 127 'DSP48' <Latency = 3> <II = 1> <Delay = 0.53> <IPBlock> <Opcode : 'mul' 'add' 'sub' 'select'> <InPorts = 0> <OutPorts = 1> <Sync> <CReg>
ST_4 : Operation 678 [1/1] (0.00ns)   --->   "%sext_ln1494_110 = sext i2 %local_temp_V_110"   --->   Operation 678 'sext' 'sext_ln1494_110' <Predicate = (!icmp_ln249)> <Delay = 0.00>
ST_4 : Operation 679 [1/1] (1.65ns)   --->   "%ret_V_110 = mul i10 %sext_ln1494_10, i10 %sext_ln1494_110"   --->   Operation 679 'mul' 'ret_V_110' <Predicate = (!icmp_ln249)> <Delay = 1.65> <CoreInst = "Multiplier">   --->   Core 3 'Multiplier' <Latency = 0> <II = 1> <Delay = 1.65> <FuncUnit> <Opcode : 'mul'> <InPorts = 2> <OutPorts = 1>
ST_4 : Operation 680 [1/1] (0.00ns)   --->   "%sext_ln1494_232 = sext i10 %ret_V_110"   --->   Operation 680 'sext' 'sext_ln1494_232' <Predicate = (!icmp_ln249)> <Delay = 0.00>
ST_4 : Operation 681 [1/3] (0.00ns) (grouped into DSP with root node add_ln840_103)   --->   "%ret_V_111 = mul i10 %sext_ln1494_11, i10 %sext_ln1494_111"   --->   Operation 681 'mul' 'ret_V_111' <Predicate = (!icmp_ln249)> <Delay = 0.00> <CoreInst = "DSP48">   --->   Core 127 'DSP48' <Latency = 3> <II = 1> <Delay = 0.53> <IPBlock> <Opcode : 'mul' 'add' 'sub' 'select'> <InPorts = 0> <OutPorts = 1> <Sync> <CReg>
ST_4 : Operation 682 [1/1] (0.00ns) (grouped into DSP with root node add_ln840_103)   --->   "%sext_ln1494_233 = sext i10 %ret_V_111"   --->   Operation 682 'sext' 'sext_ln1494_233' <Predicate = (!icmp_ln249)> <Delay = 0.00>
ST_4 : Operation 683 [2/3] (0.99ns) (grouped into DSP with root node add_ln840_108)   --->   "%ret_V_112 = mul i10 %sext_ln1494_12, i10 %sext_ln1494_112"   --->   Operation 683 'mul' 'ret_V_112' <Predicate = (!icmp_ln249)> <Delay = 0.99> <CoreInst = "DSP48">   --->   Core 127 'DSP48' <Latency = 3> <II = 1> <Delay = 0.53> <IPBlock> <Opcode : 'mul' 'add' 'sub' 'select'> <InPorts = 0> <OutPorts = 1> <Sync> <CReg>
ST_4 : Operation 684 [1/1] (0.00ns)   --->   "%sext_ln1494_113 = sext i2 %local_temp_V_113"   --->   Operation 684 'sext' 'sext_ln1494_113' <Predicate = (!icmp_ln249)> <Delay = 0.00>
ST_4 : Operation 685 [1/1] (1.65ns)   --->   "%ret_V_113 = mul i10 %sext_ln1494_13, i10 %sext_ln1494_113"   --->   Operation 685 'mul' 'ret_V_113' <Predicate = (!icmp_ln249)> <Delay = 1.65> <CoreInst = "Multiplier">   --->   Core 3 'Multiplier' <Latency = 0> <II = 1> <Delay = 1.65> <FuncUnit> <Opcode : 'mul'> <InPorts = 2> <OutPorts = 1>
ST_4 : Operation 686 [1/1] (0.00ns)   --->   "%sext_ln1494_235 = sext i10 %ret_V_113"   --->   Operation 686 'sext' 'sext_ln1494_235' <Predicate = (!icmp_ln249)> <Delay = 0.00>
ST_4 : Operation 687 [1/3] (0.00ns) (grouped into DSP with root node add_ln840_107)   --->   "%ret_V_114 = mul i10 %sext_ln1494_14, i10 %sext_ln1494_114"   --->   Operation 687 'mul' 'ret_V_114' <Predicate = (!icmp_ln249)> <Delay = 0.00> <CoreInst = "DSP48">   --->   Core 127 'DSP48' <Latency = 3> <II = 1> <Delay = 0.53> <IPBlock> <Opcode : 'mul' 'add' 'sub' 'select'> <InPorts = 0> <OutPorts = 1> <Sync> <CReg>
ST_4 : Operation 688 [1/1] (0.00ns) (grouped into DSP with root node add_ln840_107)   --->   "%sext_ln1494_236 = sext i10 %ret_V_114"   --->   Operation 688 'sext' 'sext_ln1494_236' <Predicate = (!icmp_ln249)> <Delay = 0.00>
ST_4 : Operation 689 [2/3] (0.99ns) (grouped into DSP with root node add_ln840_110)   --->   "%ret_V_115 = mul i10 %sext_ln1494_15, i10 %sext_ln1494_115"   --->   Operation 689 'mul' 'ret_V_115' <Predicate = (!icmp_ln249)> <Delay = 0.99> <CoreInst = "DSP48">   --->   Core 127 'DSP48' <Latency = 3> <II = 1> <Delay = 0.53> <IPBlock> <Opcode : 'mul' 'add' 'sub' 'select'> <InPorts = 0> <OutPorts = 1> <Sync> <CReg>
ST_4 : Operation 690 [1/1] (0.00ns)   --->   "%sext_ln1494_116 = sext i2 %local_temp_V_116"   --->   Operation 690 'sext' 'sext_ln1494_116' <Predicate = (!icmp_ln249)> <Delay = 0.00>
ST_4 : Operation 691 [1/1] (1.65ns)   --->   "%ret_V_116 = mul i10 %sext_ln1494_16, i10 %sext_ln1494_116"   --->   Operation 691 'mul' 'ret_V_116' <Predicate = (!icmp_ln249)> <Delay = 1.65> <CoreInst = "Multiplier">   --->   Core 3 'Multiplier' <Latency = 0> <II = 1> <Delay = 1.65> <FuncUnit> <Opcode : 'mul'> <InPorts = 2> <OutPorts = 1>
ST_4 : Operation 692 [1/1] (0.00ns)   --->   "%sext_ln1494_238 = sext i10 %ret_V_116"   --->   Operation 692 'sext' 'sext_ln1494_238' <Predicate = (!icmp_ln249)> <Delay = 0.00>
ST_4 : Operation 693 [1/3] (0.00ns) (grouped into DSP with root node add_ln840_109)   --->   "%ret_V_117 = mul i10 %sext_ln1494_17, i10 %sext_ln1494_117"   --->   Operation 693 'mul' 'ret_V_117' <Predicate = (!icmp_ln249)> <Delay = 0.00> <CoreInst = "DSP48">   --->   Core 127 'DSP48' <Latency = 3> <II = 1> <Delay = 0.53> <IPBlock> <Opcode : 'mul' 'add' 'sub' 'select'> <InPorts = 0> <OutPorts = 1> <Sync> <CReg>
ST_4 : Operation 694 [1/1] (0.00ns) (grouped into DSP with root node add_ln840_109)   --->   "%sext_ln1494_239 = sext i10 %ret_V_117"   --->   Operation 694 'sext' 'sext_ln1494_239' <Predicate = (!icmp_ln249)> <Delay = 0.00>
ST_4 : Operation 695 [2/3] (0.99ns) (grouped into DSP with root node add_ln840_113)   --->   "%ret_V_118 = mul i10 %sext_ln1494_18, i10 %sext_ln1494_118"   --->   Operation 695 'mul' 'ret_V_118' <Predicate = (!icmp_ln249)> <Delay = 0.99> <CoreInst = "DSP48">   --->   Core 127 'DSP48' <Latency = 3> <II = 1> <Delay = 0.53> <IPBlock> <Opcode : 'mul' 'add' 'sub' 'select'> <InPorts = 0> <OutPorts = 1> <Sync> <CReg>
ST_4 : Operation 696 [1/1] (0.00ns)   --->   "%sext_ln1494_119 = sext i2 %local_temp_V_119"   --->   Operation 696 'sext' 'sext_ln1494_119' <Predicate = (!icmp_ln249)> <Delay = 0.00>
ST_4 : Operation 697 [1/1] (1.65ns)   --->   "%ret_V_119 = mul i10 %sext_ln1494_19, i10 %sext_ln1494_119"   --->   Operation 697 'mul' 'ret_V_119' <Predicate = (!icmp_ln249)> <Delay = 1.65> <CoreInst = "Multiplier">   --->   Core 3 'Multiplier' <Latency = 0> <II = 1> <Delay = 1.65> <FuncUnit> <Opcode : 'mul'> <InPorts = 2> <OutPorts = 1>
ST_4 : Operation 698 [1/1] (0.00ns)   --->   "%sext_ln1494_241 = sext i10 %ret_V_119"   --->   Operation 698 'sext' 'sext_ln1494_241' <Predicate = (!icmp_ln249)> <Delay = 0.00>
ST_4 : Operation 699 [1/3] (0.00ns) (grouped into DSP with root node add_ln840_112)   --->   "%ret_V_120 = mul i10 %sext_ln1494_20, i10 %sext_ln1494_120"   --->   Operation 699 'mul' 'ret_V_120' <Predicate = (!icmp_ln249)> <Delay = 0.00> <CoreInst = "DSP48">   --->   Core 127 'DSP48' <Latency = 3> <II = 1> <Delay = 0.53> <IPBlock> <Opcode : 'mul' 'add' 'sub' 'select'> <InPorts = 0> <OutPorts = 1> <Sync> <CReg>
ST_4 : Operation 700 [1/1] (0.00ns) (grouped into DSP with root node add_ln840_112)   --->   "%sext_ln1494_242 = sext i10 %ret_V_120"   --->   Operation 700 'sext' 'sext_ln1494_242' <Predicate = (!icmp_ln249)> <Delay = 0.00>
ST_4 : Operation 701 [2/3] (0.99ns) (grouped into DSP with root node add_ln840_114)   --->   "%ret_V_122 = mul i10 %sext_ln1494_22, i10 %sext_ln1494_122"   --->   Operation 701 'mul' 'ret_V_122' <Predicate = (!icmp_ln249)> <Delay = 0.99> <CoreInst = "DSP48">   --->   Core 127 'DSP48' <Latency = 3> <II = 1> <Delay = 0.53> <IPBlock> <Opcode : 'mul' 'add' 'sub' 'select'> <InPorts = 0> <OutPorts = 1> <Sync> <CReg>
ST_4 : Operation 702 [2/3] (0.99ns) (grouped into DSP with root node add_ln840_115)   --->   "%ret_V_124 = mul i10 %sext_ln1494_24, i10 %sext_ln1494_124"   --->   Operation 702 'mul' 'ret_V_124' <Predicate = (!icmp_ln249)> <Delay = 0.99> <CoreInst = "DSP48">   --->   Core 127 'DSP48' <Latency = 3> <II = 1> <Delay = 0.53> <IPBlock> <Opcode : 'mul' 'add' 'sub' 'select'> <InPorts = 0> <OutPorts = 1> <Sync> <CReg>
ST_4 : Operation 703 [2/2] (0.64ns) (root node of the DSP)   --->   "%add_ln840_96 = add i11 %sext_ln1494_222, i11 %sext_ln1494_224"   --->   Operation 703 'add' 'add_ln840_96' <Predicate = (!icmp_ln249)> <Delay = 0.64> <CoreInst = "DSP48">   --->   Core 127 'DSP48' <Latency = 3> <II = 1> <Delay = 0.53> <IPBlock> <Opcode : 'mul' 'add' 'sub' 'select'> <InPorts = 0> <OutPorts = 1> <Sync> <CReg>
ST_4 : Operation 704 [2/2] (0.64ns) (root node of the DSP)   --->   "%add_ln840_98 = add i11 %sext_ln1494_226, i11 %sext_ln1494_227"   --->   Operation 704 'add' 'add_ln840_98' <Predicate = (!icmp_ln249)> <Delay = 0.64> <CoreInst = "DSP48">   --->   Core 127 'DSP48' <Latency = 3> <II = 1> <Delay = 0.53> <IPBlock> <Opcode : 'mul' 'add' 'sub' 'select'> <InPorts = 0> <OutPorts = 1> <Sync> <CReg>
ST_4 : Operation 705 [2/2] (0.64ns) (root node of the DSP)   --->   "%add_ln840_101 = add i11 %sext_ln1494_229, i11 %sext_ln1494_230"   --->   Operation 705 'add' 'add_ln840_101' <Predicate = (!icmp_ln249)> <Delay = 0.64> <CoreInst = "DSP48">   --->   Core 127 'DSP48' <Latency = 3> <II = 1> <Delay = 0.53> <IPBlock> <Opcode : 'mul' 'add' 'sub' 'select'> <InPorts = 0> <OutPorts = 1> <Sync> <CReg>
ST_4 : Operation 706 [2/2] (0.64ns) (root node of the DSP)   --->   "%add_ln840_103 = add i11 %sext_ln1494_232, i11 %sext_ln1494_233"   --->   Operation 706 'add' 'add_ln840_103' <Predicate = (!icmp_ln249)> <Delay = 0.64> <CoreInst = "DSP48">   --->   Core 127 'DSP48' <Latency = 3> <II = 1> <Delay = 0.53> <IPBlock> <Opcode : 'mul' 'add' 'sub' 'select'> <InPorts = 0> <OutPorts = 1> <Sync> <CReg>
ST_4 : Operation 707 [2/2] (0.64ns) (root node of the DSP)   --->   "%add_ln840_107 = add i11 %sext_ln1494_235, i11 %sext_ln1494_236"   --->   Operation 707 'add' 'add_ln840_107' <Predicate = (!icmp_ln249)> <Delay = 0.64> <CoreInst = "DSP48">   --->   Core 127 'DSP48' <Latency = 3> <II = 1> <Delay = 0.53> <IPBlock> <Opcode : 'mul' 'add' 'sub' 'select'> <InPorts = 0> <OutPorts = 1> <Sync> <CReg>
ST_4 : Operation 708 [2/2] (0.64ns) (root node of the DSP)   --->   "%add_ln840_109 = add i11 %sext_ln1494_238, i11 %sext_ln1494_239"   --->   Operation 708 'add' 'add_ln840_109' <Predicate = (!icmp_ln249)> <Delay = 0.64> <CoreInst = "DSP48">   --->   Core 127 'DSP48' <Latency = 3> <II = 1> <Delay = 0.53> <IPBlock> <Opcode : 'mul' 'add' 'sub' 'select'> <InPorts = 0> <OutPorts = 1> <Sync> <CReg>
ST_4 : Operation 709 [2/2] (0.64ns) (root node of the DSP)   --->   "%add_ln840_112 = add i11 %sext_ln1494_241, i11 %sext_ln1494_242"   --->   Operation 709 'add' 'add_ln840_112' <Predicate = (!icmp_ln249)> <Delay = 0.64> <CoreInst = "DSP48">   --->   Core 127 'DSP48' <Latency = 3> <II = 1> <Delay = 0.53> <IPBlock> <Opcode : 'mul' 'add' 'sub' 'select'> <InPorts = 0> <OutPorts = 1> <Sync> <CReg>
ST_4 : Operation 710 [1/1] (0.00ns)   --->   "%sext_ln1494_125 = sext i2 %local_temp_V_125"   --->   Operation 710 'sext' 'sext_ln1494_125' <Predicate = (!icmp_ln249)> <Delay = 0.00>
ST_4 : Operation 711 [1/1] (1.65ns)   --->   "%ret_V_125 = mul i10 %sext_ln1494, i10 %sext_ln1494_125"   --->   Operation 711 'mul' 'ret_V_125' <Predicate = (!icmp_ln249)> <Delay = 1.65> <CoreInst = "Multiplier">   --->   Core 3 'Multiplier' <Latency = 0> <II = 1> <Delay = 1.65> <FuncUnit> <Opcode : 'mul'> <InPorts = 2> <OutPorts = 1>
ST_4 : Operation 712 [1/1] (0.00ns)   --->   "%sext_ln1494_246 = sext i10 %ret_V_125"   --->   Operation 712 'sext' 'sext_ln1494_246' <Predicate = (!icmp_ln249)> <Delay = 0.00>
ST_4 : Operation 713 [2/3] (0.99ns) (grouped into DSP with root node add_ln840_121)   --->   "%ret_V_126 = mul i10 %sext_ln1494_1, i10 %sext_ln1494_126"   --->   Operation 713 'mul' 'ret_V_126' <Predicate = (!icmp_ln249)> <Delay = 0.99> <CoreInst = "DSP48">   --->   Core 127 'DSP48' <Latency = 3> <II = 1> <Delay = 0.53> <IPBlock> <Opcode : 'mul' 'add' 'sub' 'select'> <InPorts = 0> <OutPorts = 1> <Sync> <CReg>
ST_4 : Operation 714 [1/3] (0.00ns) (grouped into DSP with root node add_ln840_120)   --->   "%ret_V_127 = mul i10 %sext_ln1494_2, i10 %sext_ln1494_127"   --->   Operation 714 'mul' 'ret_V_127' <Predicate = (!icmp_ln249)> <Delay = 0.00> <CoreInst = "DSP48">   --->   Core 127 'DSP48' <Latency = 3> <II = 1> <Delay = 0.53> <IPBlock> <Opcode : 'mul' 'add' 'sub' 'select'> <InPorts = 0> <OutPorts = 1> <Sync> <CReg>
ST_4 : Operation 715 [1/1] (0.00ns) (grouped into DSP with root node add_ln840_120)   --->   "%sext_ln1494_248 = sext i10 %ret_V_127"   --->   Operation 715 'sext' 'sext_ln1494_248' <Predicate = (!icmp_ln249)> <Delay = 0.00>
ST_4 : Operation 716 [2/3] (0.99ns) (grouped into DSP with root node add_ln840_123)   --->   "%ret_V_128 = mul i10 %sext_ln1494_3, i10 %sext_ln1494_128"   --->   Operation 716 'mul' 'ret_V_128' <Predicate = (!icmp_ln249)> <Delay = 0.99> <CoreInst = "DSP48">   --->   Core 127 'DSP48' <Latency = 3> <II = 1> <Delay = 0.53> <IPBlock> <Opcode : 'mul' 'add' 'sub' 'select'> <InPorts = 0> <OutPorts = 1> <Sync> <CReg>
ST_4 : Operation 717 [1/1] (0.00ns)   --->   "%sext_ln1494_129 = sext i2 %local_temp_V_129"   --->   Operation 717 'sext' 'sext_ln1494_129' <Predicate = (!icmp_ln249)> <Delay = 0.00>
ST_4 : Operation 718 [1/1] (1.65ns)   --->   "%ret_V_129 = mul i10 %sext_ln1494_4, i10 %sext_ln1494_129"   --->   Operation 718 'mul' 'ret_V_129' <Predicate = (!icmp_ln249)> <Delay = 1.65> <CoreInst = "Multiplier">   --->   Core 3 'Multiplier' <Latency = 0> <II = 1> <Delay = 1.65> <FuncUnit> <Opcode : 'mul'> <InPorts = 2> <OutPorts = 1>
ST_4 : Operation 719 [1/1] (0.00ns)   --->   "%sext_ln1494_250 = sext i10 %ret_V_129"   --->   Operation 719 'sext' 'sext_ln1494_250' <Predicate = (!icmp_ln249)> <Delay = 0.00>
ST_4 : Operation 720 [1/3] (0.00ns) (grouped into DSP with root node add_ln840_122)   --->   "%ret_V_130 = mul i10 %sext_ln1494_5, i10 %sext_ln1494_130"   --->   Operation 720 'mul' 'ret_V_130' <Predicate = (!icmp_ln249)> <Delay = 0.00> <CoreInst = "DSP48">   --->   Core 127 'DSP48' <Latency = 3> <II = 1> <Delay = 0.53> <IPBlock> <Opcode : 'mul' 'add' 'sub' 'select'> <InPorts = 0> <OutPorts = 1> <Sync> <CReg>
ST_4 : Operation 721 [1/1] (0.00ns) (grouped into DSP with root node add_ln840_122)   --->   "%sext_ln1494_251 = sext i10 %ret_V_130"   --->   Operation 721 'sext' 'sext_ln1494_251' <Predicate = (!icmp_ln249)> <Delay = 0.00>
ST_4 : Operation 722 [2/3] (0.99ns) (grouped into DSP with root node add_ln840_126)   --->   "%ret_V_131 = mul i10 %sext_ln1494_6, i10 %sext_ln1494_131"   --->   Operation 722 'mul' 'ret_V_131' <Predicate = (!icmp_ln249)> <Delay = 0.99> <CoreInst = "DSP48">   --->   Core 127 'DSP48' <Latency = 3> <II = 1> <Delay = 0.53> <IPBlock> <Opcode : 'mul' 'add' 'sub' 'select'> <InPorts = 0> <OutPorts = 1> <Sync> <CReg>
ST_4 : Operation 723 [1/1] (0.00ns)   --->   "%sext_ln1494_132 = sext i2 %local_temp_V_132"   --->   Operation 723 'sext' 'sext_ln1494_132' <Predicate = (!icmp_ln249)> <Delay = 0.00>
ST_4 : Operation 724 [1/1] (1.65ns)   --->   "%ret_V_132 = mul i10 %sext_ln1494_7, i10 %sext_ln1494_132"   --->   Operation 724 'mul' 'ret_V_132' <Predicate = (!icmp_ln249)> <Delay = 1.65> <CoreInst = "Multiplier">   --->   Core 3 'Multiplier' <Latency = 0> <II = 1> <Delay = 1.65> <FuncUnit> <Opcode : 'mul'> <InPorts = 2> <OutPorts = 1>
ST_4 : Operation 725 [1/1] (0.00ns)   --->   "%sext_ln1494_253 = sext i10 %ret_V_132"   --->   Operation 725 'sext' 'sext_ln1494_253' <Predicate = (!icmp_ln249)> <Delay = 0.00>
ST_4 : Operation 726 [1/3] (0.00ns) (grouped into DSP with root node add_ln840_125)   --->   "%ret_V_133 = mul i10 %sext_ln1494_8, i10 %sext_ln1494_133"   --->   Operation 726 'mul' 'ret_V_133' <Predicate = (!icmp_ln249)> <Delay = 0.00> <CoreInst = "DSP48">   --->   Core 127 'DSP48' <Latency = 3> <II = 1> <Delay = 0.53> <IPBlock> <Opcode : 'mul' 'add' 'sub' 'select'> <InPorts = 0> <OutPorts = 1> <Sync> <CReg>
ST_4 : Operation 727 [1/1] (0.00ns) (grouped into DSP with root node add_ln840_125)   --->   "%sext_ln1494_254 = sext i10 %ret_V_133"   --->   Operation 727 'sext' 'sext_ln1494_254' <Predicate = (!icmp_ln249)> <Delay = 0.00>
ST_4 : Operation 728 [2/3] (0.99ns) (grouped into DSP with root node add_ln840_128)   --->   "%ret_V_134 = mul i10 %sext_ln1494_9, i10 %sext_ln1494_134"   --->   Operation 728 'mul' 'ret_V_134' <Predicate = (!icmp_ln249)> <Delay = 0.99> <CoreInst = "DSP48">   --->   Core 127 'DSP48' <Latency = 3> <II = 1> <Delay = 0.53> <IPBlock> <Opcode : 'mul' 'add' 'sub' 'select'> <InPorts = 0> <OutPorts = 1> <Sync> <CReg>
ST_4 : Operation 729 [1/1] (0.00ns)   --->   "%sext_ln1494_135 = sext i2 %local_temp_V_135"   --->   Operation 729 'sext' 'sext_ln1494_135' <Predicate = (!icmp_ln249)> <Delay = 0.00>
ST_4 : Operation 730 [1/1] (1.65ns)   --->   "%ret_V_135 = mul i10 %sext_ln1494_10, i10 %sext_ln1494_135"   --->   Operation 730 'mul' 'ret_V_135' <Predicate = (!icmp_ln249)> <Delay = 1.65> <CoreInst = "Multiplier">   --->   Core 3 'Multiplier' <Latency = 0> <II = 1> <Delay = 1.65> <FuncUnit> <Opcode : 'mul'> <InPorts = 2> <OutPorts = 1>
ST_4 : Operation 731 [1/1] (0.00ns)   --->   "%sext_ln1494_256 = sext i10 %ret_V_135"   --->   Operation 731 'sext' 'sext_ln1494_256' <Predicate = (!icmp_ln249)> <Delay = 0.00>
ST_4 : Operation 732 [1/3] (0.00ns) (grouped into DSP with root node add_ln840_127)   --->   "%ret_V_136 = mul i10 %sext_ln1494_11, i10 %sext_ln1494_136"   --->   Operation 732 'mul' 'ret_V_136' <Predicate = (!icmp_ln249)> <Delay = 0.00> <CoreInst = "DSP48">   --->   Core 127 'DSP48' <Latency = 3> <II = 1> <Delay = 0.53> <IPBlock> <Opcode : 'mul' 'add' 'sub' 'select'> <InPorts = 0> <OutPorts = 1> <Sync> <CReg>
ST_4 : Operation 733 [1/1] (0.00ns) (grouped into DSP with root node add_ln840_127)   --->   "%sext_ln1494_257 = sext i10 %ret_V_136"   --->   Operation 733 'sext' 'sext_ln1494_257' <Predicate = (!icmp_ln249)> <Delay = 0.00>
ST_4 : Operation 734 [2/3] (0.99ns) (grouped into DSP with root node add_ln840_132)   --->   "%ret_V_137 = mul i10 %sext_ln1494_12, i10 %sext_ln1494_137"   --->   Operation 734 'mul' 'ret_V_137' <Predicate = (!icmp_ln249)> <Delay = 0.99> <CoreInst = "DSP48">   --->   Core 127 'DSP48' <Latency = 3> <II = 1> <Delay = 0.53> <IPBlock> <Opcode : 'mul' 'add' 'sub' 'select'> <InPorts = 0> <OutPorts = 1> <Sync> <CReg>
ST_4 : Operation 735 [1/1] (0.00ns)   --->   "%sext_ln1494_138 = sext i2 %local_temp_V_138"   --->   Operation 735 'sext' 'sext_ln1494_138' <Predicate = (!icmp_ln249)> <Delay = 0.00>
ST_4 : Operation 736 [1/1] (1.65ns)   --->   "%ret_V_138 = mul i10 %sext_ln1494_13, i10 %sext_ln1494_138"   --->   Operation 736 'mul' 'ret_V_138' <Predicate = (!icmp_ln249)> <Delay = 1.65> <CoreInst = "Multiplier">   --->   Core 3 'Multiplier' <Latency = 0> <II = 1> <Delay = 1.65> <FuncUnit> <Opcode : 'mul'> <InPorts = 2> <OutPorts = 1>
ST_4 : Operation 737 [1/1] (0.00ns)   --->   "%sext_ln1494_259 = sext i10 %ret_V_138"   --->   Operation 737 'sext' 'sext_ln1494_259' <Predicate = (!icmp_ln249)> <Delay = 0.00>
ST_4 : Operation 738 [1/3] (0.00ns) (grouped into DSP with root node add_ln840_131)   --->   "%ret_V_139 = mul i10 %sext_ln1494_14, i10 %sext_ln1494_139"   --->   Operation 738 'mul' 'ret_V_139' <Predicate = (!icmp_ln249)> <Delay = 0.00> <CoreInst = "DSP48">   --->   Core 127 'DSP48' <Latency = 3> <II = 1> <Delay = 0.53> <IPBlock> <Opcode : 'mul' 'add' 'sub' 'select'> <InPorts = 0> <OutPorts = 1> <Sync> <CReg>
ST_4 : Operation 739 [1/1] (0.00ns) (grouped into DSP with root node add_ln840_131)   --->   "%sext_ln1494_260 = sext i10 %ret_V_139"   --->   Operation 739 'sext' 'sext_ln1494_260' <Predicate = (!icmp_ln249)> <Delay = 0.00>
ST_4 : Operation 740 [2/3] (0.99ns) (grouped into DSP with root node add_ln840_134)   --->   "%ret_V_140 = mul i10 %sext_ln1494_15, i10 %sext_ln1494_140"   --->   Operation 740 'mul' 'ret_V_140' <Predicate = (!icmp_ln249)> <Delay = 0.99> <CoreInst = "DSP48">   --->   Core 127 'DSP48' <Latency = 3> <II = 1> <Delay = 0.53> <IPBlock> <Opcode : 'mul' 'add' 'sub' 'select'> <InPorts = 0> <OutPorts = 1> <Sync> <CReg>
ST_4 : Operation 741 [1/1] (0.00ns)   --->   "%sext_ln1494_141 = sext i2 %local_temp_V_141"   --->   Operation 741 'sext' 'sext_ln1494_141' <Predicate = (!icmp_ln249)> <Delay = 0.00>
ST_4 : Operation 742 [1/1] (1.65ns)   --->   "%ret_V_141 = mul i10 %sext_ln1494_16, i10 %sext_ln1494_141"   --->   Operation 742 'mul' 'ret_V_141' <Predicate = (!icmp_ln249)> <Delay = 1.65> <CoreInst = "Multiplier">   --->   Core 3 'Multiplier' <Latency = 0> <II = 1> <Delay = 1.65> <FuncUnit> <Opcode : 'mul'> <InPorts = 2> <OutPorts = 1>
ST_4 : Operation 743 [1/1] (0.00ns)   --->   "%sext_ln1494_262 = sext i10 %ret_V_141"   --->   Operation 743 'sext' 'sext_ln1494_262' <Predicate = (!icmp_ln249)> <Delay = 0.00>
ST_4 : Operation 744 [1/3] (0.00ns) (grouped into DSP with root node add_ln840_133)   --->   "%ret_V_142 = mul i10 %sext_ln1494_17, i10 %sext_ln1494_142"   --->   Operation 744 'mul' 'ret_V_142' <Predicate = (!icmp_ln249)> <Delay = 0.00> <CoreInst = "DSP48">   --->   Core 127 'DSP48' <Latency = 3> <II = 1> <Delay = 0.53> <IPBlock> <Opcode : 'mul' 'add' 'sub' 'select'> <InPorts = 0> <OutPorts = 1> <Sync> <CReg>
ST_4 : Operation 745 [1/1] (0.00ns) (grouped into DSP with root node add_ln840_133)   --->   "%sext_ln1494_263 = sext i10 %ret_V_142"   --->   Operation 745 'sext' 'sext_ln1494_263' <Predicate = (!icmp_ln249)> <Delay = 0.00>
ST_4 : Operation 746 [2/3] (0.99ns) (grouped into DSP with root node add_ln840_137)   --->   "%ret_V_143 = mul i10 %sext_ln1494_18, i10 %sext_ln1494_143"   --->   Operation 746 'mul' 'ret_V_143' <Predicate = (!icmp_ln249)> <Delay = 0.99> <CoreInst = "DSP48">   --->   Core 127 'DSP48' <Latency = 3> <II = 1> <Delay = 0.53> <IPBlock> <Opcode : 'mul' 'add' 'sub' 'select'> <InPorts = 0> <OutPorts = 1> <Sync> <CReg>
ST_4 : Operation 747 [1/1] (0.00ns)   --->   "%sext_ln1494_144 = sext i2 %local_temp_V_144"   --->   Operation 747 'sext' 'sext_ln1494_144' <Predicate = (!icmp_ln249)> <Delay = 0.00>
ST_4 : Operation 748 [1/1] (1.65ns)   --->   "%ret_V_144 = mul i10 %sext_ln1494_19, i10 %sext_ln1494_144"   --->   Operation 748 'mul' 'ret_V_144' <Predicate = (!icmp_ln249)> <Delay = 1.65> <CoreInst = "Multiplier">   --->   Core 3 'Multiplier' <Latency = 0> <II = 1> <Delay = 1.65> <FuncUnit> <Opcode : 'mul'> <InPorts = 2> <OutPorts = 1>
ST_4 : Operation 749 [1/1] (0.00ns)   --->   "%sext_ln1494_265 = sext i10 %ret_V_144"   --->   Operation 749 'sext' 'sext_ln1494_265' <Predicate = (!icmp_ln249)> <Delay = 0.00>
ST_4 : Operation 750 [1/3] (0.00ns) (grouped into DSP with root node add_ln840_136)   --->   "%ret_V_145 = mul i10 %sext_ln1494_20, i10 %sext_ln1494_145"   --->   Operation 750 'mul' 'ret_V_145' <Predicate = (!icmp_ln249)> <Delay = 0.00> <CoreInst = "DSP48">   --->   Core 127 'DSP48' <Latency = 3> <II = 1> <Delay = 0.53> <IPBlock> <Opcode : 'mul' 'add' 'sub' 'select'> <InPorts = 0> <OutPorts = 1> <Sync> <CReg>
ST_4 : Operation 751 [1/1] (0.00ns) (grouped into DSP with root node add_ln840_136)   --->   "%sext_ln1494_266 = sext i10 %ret_V_145"   --->   Operation 751 'sext' 'sext_ln1494_266' <Predicate = (!icmp_ln249)> <Delay = 0.00>
ST_4 : Operation 752 [2/3] (0.99ns) (grouped into DSP with root node add_ln840_138)   --->   "%ret_V_147 = mul i10 %sext_ln1494_22, i10 %sext_ln1494_147"   --->   Operation 752 'mul' 'ret_V_147' <Predicate = (!icmp_ln249)> <Delay = 0.99> <CoreInst = "DSP48">   --->   Core 127 'DSP48' <Latency = 3> <II = 1> <Delay = 0.53> <IPBlock> <Opcode : 'mul' 'add' 'sub' 'select'> <InPorts = 0> <OutPorts = 1> <Sync> <CReg>
ST_4 : Operation 753 [2/3] (0.99ns) (grouped into DSP with root node add_ln840_139)   --->   "%ret_V_149 = mul i10 %sext_ln1494_24, i10 %sext_ln1494_149"   --->   Operation 753 'mul' 'ret_V_149' <Predicate = (!icmp_ln249)> <Delay = 0.99> <CoreInst = "DSP48">   --->   Core 127 'DSP48' <Latency = 3> <II = 1> <Delay = 0.53> <IPBlock> <Opcode : 'mul' 'add' 'sub' 'select'> <InPorts = 0> <OutPorts = 1> <Sync> <CReg>
ST_4 : Operation 754 [2/2] (0.64ns) (root node of the DSP)   --->   "%add_ln840_120 = add i11 %sext_ln1494_246, i11 %sext_ln1494_248"   --->   Operation 754 'add' 'add_ln840_120' <Predicate = (!icmp_ln249)> <Delay = 0.64> <CoreInst = "DSP48">   --->   Core 127 'DSP48' <Latency = 3> <II = 1> <Delay = 0.53> <IPBlock> <Opcode : 'mul' 'add' 'sub' 'select'> <InPorts = 0> <OutPorts = 1> <Sync> <CReg>
ST_4 : Operation 755 [2/2] (0.64ns) (root node of the DSP)   --->   "%add_ln840_122 = add i11 %sext_ln1494_250, i11 %sext_ln1494_251"   --->   Operation 755 'add' 'add_ln840_122' <Predicate = (!icmp_ln249)> <Delay = 0.64> <CoreInst = "DSP48">   --->   Core 127 'DSP48' <Latency = 3> <II = 1> <Delay = 0.53> <IPBlock> <Opcode : 'mul' 'add' 'sub' 'select'> <InPorts = 0> <OutPorts = 1> <Sync> <CReg>
ST_4 : Operation 756 [2/2] (0.64ns) (root node of the DSP)   --->   "%add_ln840_125 = add i11 %sext_ln1494_253, i11 %sext_ln1494_254"   --->   Operation 756 'add' 'add_ln840_125' <Predicate = (!icmp_ln249)> <Delay = 0.64> <CoreInst = "DSP48">   --->   Core 127 'DSP48' <Latency = 3> <II = 1> <Delay = 0.53> <IPBlock> <Opcode : 'mul' 'add' 'sub' 'select'> <InPorts = 0> <OutPorts = 1> <Sync> <CReg>
ST_4 : Operation 757 [2/2] (0.64ns) (root node of the DSP)   --->   "%add_ln840_127 = add i11 %sext_ln1494_256, i11 %sext_ln1494_257"   --->   Operation 757 'add' 'add_ln840_127' <Predicate = (!icmp_ln249)> <Delay = 0.64> <CoreInst = "DSP48">   --->   Core 127 'DSP48' <Latency = 3> <II = 1> <Delay = 0.53> <IPBlock> <Opcode : 'mul' 'add' 'sub' 'select'> <InPorts = 0> <OutPorts = 1> <Sync> <CReg>
ST_4 : Operation 758 [2/2] (0.64ns) (root node of the DSP)   --->   "%add_ln840_131 = add i11 %sext_ln1494_259, i11 %sext_ln1494_260"   --->   Operation 758 'add' 'add_ln840_131' <Predicate = (!icmp_ln249)> <Delay = 0.64> <CoreInst = "DSP48">   --->   Core 127 'DSP48' <Latency = 3> <II = 1> <Delay = 0.53> <IPBlock> <Opcode : 'mul' 'add' 'sub' 'select'> <InPorts = 0> <OutPorts = 1> <Sync> <CReg>
ST_4 : Operation 759 [2/2] (0.64ns) (root node of the DSP)   --->   "%add_ln840_133 = add i11 %sext_ln1494_262, i11 %sext_ln1494_263"   --->   Operation 759 'add' 'add_ln840_133' <Predicate = (!icmp_ln249)> <Delay = 0.64> <CoreInst = "DSP48">   --->   Core 127 'DSP48' <Latency = 3> <II = 1> <Delay = 0.53> <IPBlock> <Opcode : 'mul' 'add' 'sub' 'select'> <InPorts = 0> <OutPorts = 1> <Sync> <CReg>
ST_4 : Operation 760 [2/2] (0.64ns) (root node of the DSP)   --->   "%add_ln840_136 = add i11 %sext_ln1494_265, i11 %sext_ln1494_266"   --->   Operation 760 'add' 'add_ln840_136' <Predicate = (!icmp_ln249)> <Delay = 0.64> <CoreInst = "DSP48">   --->   Core 127 'DSP48' <Latency = 3> <II = 1> <Delay = 0.53> <IPBlock> <Opcode : 'mul' 'add' 'sub' 'select'> <InPorts = 0> <OutPorts = 1> <Sync> <CReg>

State 5 <SV = 4> <Delay = 2.29>
ST_5 : Operation 761 [1/3] (0.00ns) (grouped into DSP with root node add_ln840_1)   --->   "%ret_V_1 = mul i10 %sext_ln1494_1, i10 %sext_ln186_1"   --->   Operation 761 'mul' 'ret_V_1' <Predicate = (!icmp_ln249)> <Delay = 0.00> <CoreInst = "DSP48">   --->   Core 127 'DSP48' <Latency = 3> <II = 1> <Delay = 0.53> <IPBlock> <Opcode : 'mul' 'add' 'sub' 'select'> <InPorts = 0> <OutPorts = 1> <Sync> <CReg>
ST_5 : Operation 762 [1/1] (0.00ns) (grouped into DSP with root node add_ln840_1)   --->   "%sext_ln628_1 = sext i10 %ret_V_1"   --->   Operation 762 'sext' 'sext_ln628_1' <Predicate = (!icmp_ln249)> <Delay = 0.00>
ST_5 : Operation 763 [1/3] (0.00ns) (grouped into DSP with root node add_ln840_3)   --->   "%ret_V_3 = mul i10 %sext_ln1494_3, i10 %sext_ln186_3"   --->   Operation 763 'mul' 'ret_V_3' <Predicate = (!icmp_ln249)> <Delay = 0.00> <CoreInst = "DSP48">   --->   Core 127 'DSP48' <Latency = 3> <II = 1> <Delay = 0.53> <IPBlock> <Opcode : 'mul' 'add' 'sub' 'select'> <InPorts = 0> <OutPorts = 1> <Sync> <CReg>
ST_5 : Operation 764 [1/1] (0.00ns) (grouped into DSP with root node add_ln840_3)   --->   "%sext_ln628_3 = sext i10 %ret_V_3"   --->   Operation 764 'sext' 'sext_ln628_3' <Predicate = (!icmp_ln249)> <Delay = 0.00>
ST_5 : Operation 765 [1/3] (0.00ns) (grouped into DSP with root node add_ln840_6)   --->   "%ret_V_6 = mul i10 %sext_ln1494_6, i10 %sext_ln186_6"   --->   Operation 765 'mul' 'ret_V_6' <Predicate = (!icmp_ln249)> <Delay = 0.00> <CoreInst = "DSP48">   --->   Core 127 'DSP48' <Latency = 3> <II = 1> <Delay = 0.53> <IPBlock> <Opcode : 'mul' 'add' 'sub' 'select'> <InPorts = 0> <OutPorts = 1> <Sync> <CReg>
ST_5 : Operation 766 [1/1] (0.00ns) (grouped into DSP with root node add_ln840_6)   --->   "%sext_ln628_6 = sext i10 %ret_V_6"   --->   Operation 766 'sext' 'sext_ln628_6' <Predicate = (!icmp_ln249)> <Delay = 0.00>
ST_5 : Operation 767 [1/3] (0.00ns) (grouped into DSP with root node add_ln840_8)   --->   "%ret_V_9 = mul i10 %sext_ln1494_9, i10 %sext_ln186_9"   --->   Operation 767 'mul' 'ret_V_9' <Predicate = (!icmp_ln249)> <Delay = 0.00> <CoreInst = "DSP48">   --->   Core 127 'DSP48' <Latency = 3> <II = 1> <Delay = 0.53> <IPBlock> <Opcode : 'mul' 'add' 'sub' 'select'> <InPorts = 0> <OutPorts = 1> <Sync> <CReg>
ST_5 : Operation 768 [1/1] (0.00ns) (grouped into DSP with root node add_ln840_8)   --->   "%sext_ln628_9 = sext i10 %ret_V_9"   --->   Operation 768 'sext' 'sext_ln628_9' <Predicate = (!icmp_ln249)> <Delay = 0.00>
ST_5 : Operation 769 [1/3] (0.00ns) (grouped into DSP with root node add_ln840_12)   --->   "%ret_V_12 = mul i10 %sext_ln1494_12, i10 %sext_ln186_12"   --->   Operation 769 'mul' 'ret_V_12' <Predicate = (!icmp_ln249)> <Delay = 0.00> <CoreInst = "DSP48">   --->   Core 127 'DSP48' <Latency = 3> <II = 1> <Delay = 0.53> <IPBlock> <Opcode : 'mul' 'add' 'sub' 'select'> <InPorts = 0> <OutPorts = 1> <Sync> <CReg>
ST_5 : Operation 770 [1/1] (0.00ns) (grouped into DSP with root node add_ln840_12)   --->   "%sext_ln628_12 = sext i10 %ret_V_12"   --->   Operation 770 'sext' 'sext_ln628_12' <Predicate = (!icmp_ln249)> <Delay = 0.00>
ST_5 : Operation 771 [1/3] (0.00ns) (grouped into DSP with root node add_ln840_14)   --->   "%ret_V_15 = mul i10 %sext_ln1494_15, i10 %sext_ln186_15"   --->   Operation 771 'mul' 'ret_V_15' <Predicate = (!icmp_ln249)> <Delay = 0.00> <CoreInst = "DSP48">   --->   Core 127 'DSP48' <Latency = 3> <II = 1> <Delay = 0.53> <IPBlock> <Opcode : 'mul' 'add' 'sub' 'select'> <InPorts = 0> <OutPorts = 1> <Sync> <CReg>
ST_5 : Operation 772 [1/1] (0.00ns) (grouped into DSP with root node add_ln840_14)   --->   "%sext_ln628_15 = sext i10 %ret_V_15"   --->   Operation 772 'sext' 'sext_ln628_15' <Predicate = (!icmp_ln249)> <Delay = 0.00>
ST_5 : Operation 773 [1/3] (0.00ns) (grouped into DSP with root node add_ln840_17)   --->   "%ret_V_18 = mul i10 %sext_ln1494_18, i10 %sext_ln186_18"   --->   Operation 773 'mul' 'ret_V_18' <Predicate = (!icmp_ln249)> <Delay = 0.00> <CoreInst = "DSP48">   --->   Core 127 'DSP48' <Latency = 3> <II = 1> <Delay = 0.53> <IPBlock> <Opcode : 'mul' 'add' 'sub' 'select'> <InPorts = 0> <OutPorts = 1> <Sync> <CReg>
ST_5 : Operation 774 [1/1] (0.00ns) (grouped into DSP with root node add_ln840_17)   --->   "%sext_ln628_18 = sext i10 %ret_V_18"   --->   Operation 774 'sext' 'sext_ln628_18' <Predicate = (!icmp_ln249)> <Delay = 0.00>
ST_5 : Operation 775 [1/1] (0.00ns)   --->   "%sext_ln186_21 = sext i2 %local_temp_V_171"   --->   Operation 775 'sext' 'sext_ln186_21' <Predicate = (!icmp_ln249)> <Delay = 0.00>
ST_5 : Operation 776 [1/1] (0.00ns)   --->   "%sext_ln1494_21 = sext i8 %r_V_21"   --->   Operation 776 'sext' 'sext_ln1494_21' <Predicate = (!icmp_ln249)> <Delay = 0.00>
ST_5 : Operation 777 [1/1] (1.65ns)   --->   "%ret_V_21 = mul i10 %sext_ln1494_21, i10 %sext_ln186_21"   --->   Operation 777 'mul' 'ret_V_21' <Predicate = (!icmp_ln249)> <Delay = 1.65> <CoreInst = "Multiplier">   --->   Core 3 'Multiplier' <Latency = 0> <II = 1> <Delay = 1.65> <FuncUnit> <Opcode : 'mul'> <InPorts = 2> <OutPorts = 1>
ST_5 : Operation 778 [1/1] (0.00ns)   --->   "%sext_ln628_21 = sext i10 %ret_V_21"   --->   Operation 778 'sext' 'sext_ln628_21' <Predicate = (!icmp_ln249)> <Delay = 0.00>
ST_5 : Operation 779 [1/3] (0.00ns) (grouped into DSP with root node add_ln840_18)   --->   "%ret_V_22 = mul i10 %sext_ln1494_22, i10 %sext_ln186_22"   --->   Operation 779 'mul' 'ret_V_22' <Predicate = (!icmp_ln249)> <Delay = 0.00> <CoreInst = "DSP48">   --->   Core 127 'DSP48' <Latency = 3> <II = 1> <Delay = 0.53> <IPBlock> <Opcode : 'mul' 'add' 'sub' 'select'> <InPorts = 0> <OutPorts = 1> <Sync> <CReg>
ST_5 : Operation 780 [1/1] (0.00ns) (grouped into DSP with root node add_ln840_18)   --->   "%sext_ln628_22 = sext i10 %ret_V_22"   --->   Operation 780 'sext' 'sext_ln628_22' <Predicate = (!icmp_ln249)> <Delay = 0.00>
ST_5 : Operation 781 [1/1] (0.00ns)   --->   "%sext_ln186_23 = sext i2 %local_temp_V_173"   --->   Operation 781 'sext' 'sext_ln186_23' <Predicate = (!icmp_ln249)> <Delay = 0.00>
ST_5 : Operation 782 [1/1] (0.00ns)   --->   "%sext_ln1494_23 = sext i8 %r_V_23"   --->   Operation 782 'sext' 'sext_ln1494_23' <Predicate = (!icmp_ln249)> <Delay = 0.00>
ST_5 : Operation 783 [1/1] (1.65ns)   --->   "%ret_V_23 = mul i10 %sext_ln1494_23, i10 %sext_ln186_23"   --->   Operation 783 'mul' 'ret_V_23' <Predicate = (!icmp_ln249)> <Delay = 1.65> <CoreInst = "Multiplier">   --->   Core 3 'Multiplier' <Latency = 0> <II = 1> <Delay = 1.65> <FuncUnit> <Opcode : 'mul'> <InPorts = 2> <OutPorts = 1>
ST_5 : Operation 784 [1/1] (0.00ns)   --->   "%sext_ln628_23 = sext i10 %ret_V_23"   --->   Operation 784 'sext' 'sext_ln628_23' <Predicate = (!icmp_ln249)> <Delay = 0.00>
ST_5 : Operation 785 [1/3] (0.00ns) (grouped into DSP with root node add_ln840_19)   --->   "%ret_V_24 = mul i10 %sext_ln1494_24, i10 %sext_ln186_24"   --->   Operation 785 'mul' 'ret_V_24' <Predicate = (!icmp_ln249)> <Delay = 0.00> <CoreInst = "DSP48">   --->   Core 127 'DSP48' <Latency = 3> <II = 1> <Delay = 0.53> <IPBlock> <Opcode : 'mul' 'add' 'sub' 'select'> <InPorts = 0> <OutPorts = 1> <Sync> <CReg>
ST_5 : Operation 786 [1/1] (0.00ns) (grouped into DSP with root node add_ln840_19)   --->   "%sext_ln840 = sext i10 %ret_V_24"   --->   Operation 786 'sext' 'sext_ln840' <Predicate = (!icmp_ln249)> <Delay = 0.00>
ST_5 : Operation 787 [1/2] (0.64ns) (root node of the DSP)   --->   "%add_ln840 = add i11 %sext_ln628, i11 %sext_ln628_2"   --->   Operation 787 'add' 'add_ln840' <Predicate = (!icmp_ln249)> <Delay = 0.64> <CoreInst = "DSP48">   --->   Core 127 'DSP48' <Latency = 3> <II = 1> <Delay = 0.53> <IPBlock> <Opcode : 'mul' 'add' 'sub' 'select'> <InPorts = 0> <OutPorts = 1> <Sync> <CReg>
ST_5 : Operation 788 [2/2] (0.64ns) (root node of the DSP)   --->   "%add_ln840_1 = add i11 %add_ln840, i11 %sext_ln628_1"   --->   Operation 788 'add' 'add_ln840_1' <Predicate = (!icmp_ln249)> <Delay = 0.64> <CoreInst = "DSP48">   --->   Core 127 'DSP48' <Latency = 3> <II = 1> <Delay = 0.53> <IPBlock> <Opcode : 'mul' 'add' 'sub' 'select'> <InPorts = 0> <OutPorts = 1> <Sync> <CReg>
ST_5 : Operation 789 [1/2] (0.64ns) (root node of the DSP)   --->   "%add_ln840_2 = add i11 %sext_ln628_4, i11 %sext_ln628_5"   --->   Operation 789 'add' 'add_ln840_2' <Predicate = (!icmp_ln249)> <Delay = 0.64> <CoreInst = "DSP48">   --->   Core 127 'DSP48' <Latency = 3> <II = 1> <Delay = 0.53> <IPBlock> <Opcode : 'mul' 'add' 'sub' 'select'> <InPorts = 0> <OutPorts = 1> <Sync> <CReg>
ST_5 : Operation 790 [2/2] (0.64ns) (root node of the DSP)   --->   "%add_ln840_3 = add i11 %add_ln840_2, i11 %sext_ln628_3"   --->   Operation 790 'add' 'add_ln840_3' <Predicate = (!icmp_ln249)> <Delay = 0.64> <CoreInst = "DSP48">   --->   Core 127 'DSP48' <Latency = 3> <II = 1> <Delay = 0.53> <IPBlock> <Opcode : 'mul' 'add' 'sub' 'select'> <InPorts = 0> <OutPorts = 1> <Sync> <CReg>
ST_5 : Operation 791 [1/2] (0.64ns) (root node of the DSP)   --->   "%add_ln840_5 = add i11 %sext_ln628_7, i11 %sext_ln628_8"   --->   Operation 791 'add' 'add_ln840_5' <Predicate = (!icmp_ln249)> <Delay = 0.64> <CoreInst = "DSP48">   --->   Core 127 'DSP48' <Latency = 3> <II = 1> <Delay = 0.53> <IPBlock> <Opcode : 'mul' 'add' 'sub' 'select'> <InPorts = 0> <OutPorts = 1> <Sync> <CReg>
ST_5 : Operation 792 [2/2] (0.64ns) (root node of the DSP)   --->   "%add_ln840_6 = add i11 %add_ln840_5, i11 %sext_ln628_6"   --->   Operation 792 'add' 'add_ln840_6' <Predicate = (!icmp_ln249)> <Delay = 0.64> <CoreInst = "DSP48">   --->   Core 127 'DSP48' <Latency = 3> <II = 1> <Delay = 0.53> <IPBlock> <Opcode : 'mul' 'add' 'sub' 'select'> <InPorts = 0> <OutPorts = 1> <Sync> <CReg>
ST_5 : Operation 793 [1/2] (0.64ns) (root node of the DSP)   --->   "%add_ln840_7 = add i11 %sext_ln628_10, i11 %sext_ln628_11"   --->   Operation 793 'add' 'add_ln840_7' <Predicate = (!icmp_ln249)> <Delay = 0.64> <CoreInst = "DSP48">   --->   Core 127 'DSP48' <Latency = 3> <II = 1> <Delay = 0.53> <IPBlock> <Opcode : 'mul' 'add' 'sub' 'select'> <InPorts = 0> <OutPorts = 1> <Sync> <CReg>
ST_5 : Operation 794 [2/2] (0.64ns) (root node of the DSP)   --->   "%add_ln840_8 = add i11 %add_ln840_7, i11 %sext_ln628_9"   --->   Operation 794 'add' 'add_ln840_8' <Predicate = (!icmp_ln249)> <Delay = 0.64> <CoreInst = "DSP48">   --->   Core 127 'DSP48' <Latency = 3> <II = 1> <Delay = 0.53> <IPBlock> <Opcode : 'mul' 'add' 'sub' 'select'> <InPorts = 0> <OutPorts = 1> <Sync> <CReg>
ST_5 : Operation 795 [1/2] (0.64ns) (root node of the DSP)   --->   "%add_ln840_11 = add i11 %sext_ln628_13, i11 %sext_ln628_14"   --->   Operation 795 'add' 'add_ln840_11' <Predicate = (!icmp_ln249)> <Delay = 0.64> <CoreInst = "DSP48">   --->   Core 127 'DSP48' <Latency = 3> <II = 1> <Delay = 0.53> <IPBlock> <Opcode : 'mul' 'add' 'sub' 'select'> <InPorts = 0> <OutPorts = 1> <Sync> <CReg>
ST_5 : Operation 796 [2/2] (0.64ns) (root node of the DSP)   --->   "%add_ln840_12 = add i11 %add_ln840_11, i11 %sext_ln628_12"   --->   Operation 796 'add' 'add_ln840_12' <Predicate = (!icmp_ln249)> <Delay = 0.64> <CoreInst = "DSP48">   --->   Core 127 'DSP48' <Latency = 3> <II = 1> <Delay = 0.53> <IPBlock> <Opcode : 'mul' 'add' 'sub' 'select'> <InPorts = 0> <OutPorts = 1> <Sync> <CReg>
ST_5 : Operation 797 [1/2] (0.64ns) (root node of the DSP)   --->   "%add_ln840_13 = add i11 %sext_ln628_16, i11 %sext_ln628_17"   --->   Operation 797 'add' 'add_ln840_13' <Predicate = (!icmp_ln249)> <Delay = 0.64> <CoreInst = "DSP48">   --->   Core 127 'DSP48' <Latency = 3> <II = 1> <Delay = 0.53> <IPBlock> <Opcode : 'mul' 'add' 'sub' 'select'> <InPorts = 0> <OutPorts = 1> <Sync> <CReg>
ST_5 : Operation 798 [2/2] (0.64ns) (root node of the DSP)   --->   "%add_ln840_14 = add i11 %add_ln840_13, i11 %sext_ln628_15"   --->   Operation 798 'add' 'add_ln840_14' <Predicate = (!icmp_ln249)> <Delay = 0.64> <CoreInst = "DSP48">   --->   Core 127 'DSP48' <Latency = 3> <II = 1> <Delay = 0.53> <IPBlock> <Opcode : 'mul' 'add' 'sub' 'select'> <InPorts = 0> <OutPorts = 1> <Sync> <CReg>
ST_5 : Operation 799 [1/2] (0.64ns) (root node of the DSP)   --->   "%add_ln840_16 = add i11 %sext_ln628_19, i11 %sext_ln628_20"   --->   Operation 799 'add' 'add_ln840_16' <Predicate = (!icmp_ln249)> <Delay = 0.64> <CoreInst = "DSP48">   --->   Core 127 'DSP48' <Latency = 3> <II = 1> <Delay = 0.53> <IPBlock> <Opcode : 'mul' 'add' 'sub' 'select'> <InPorts = 0> <OutPorts = 1> <Sync> <CReg>
ST_5 : Operation 800 [2/2] (0.64ns) (root node of the DSP)   --->   "%add_ln840_17 = add i11 %add_ln840_16, i11 %sext_ln628_18"   --->   Operation 800 'add' 'add_ln840_17' <Predicate = (!icmp_ln249)> <Delay = 0.64> <CoreInst = "DSP48">   --->   Core 127 'DSP48' <Latency = 3> <II = 1> <Delay = 0.53> <IPBlock> <Opcode : 'mul' 'add' 'sub' 'select'> <InPorts = 0> <OutPorts = 1> <Sync> <CReg>
ST_5 : Operation 801 [2/2] (0.64ns) (root node of the DSP)   --->   "%add_ln840_18 = add i11 %sext_ln628_21, i11 %sext_ln628_22"   --->   Operation 801 'add' 'add_ln840_18' <Predicate = (!icmp_ln249)> <Delay = 0.64> <CoreInst = "DSP48">   --->   Core 127 'DSP48' <Latency = 3> <II = 1> <Delay = 0.53> <IPBlock> <Opcode : 'mul' 'add' 'sub' 'select'> <InPorts = 0> <OutPorts = 1> <Sync> <CReg>
ST_5 : Operation 802 [2/2] (0.64ns) (root node of the DSP)   --->   "%add_ln840_19 = add i11 %sext_ln628_23, i11 %sext_ln840"   --->   Operation 802 'add' 'add_ln840_19' <Predicate = (!icmp_ln249)> <Delay = 0.64> <CoreInst = "DSP48">   --->   Core 127 'DSP48' <Latency = 3> <II = 1> <Delay = 0.53> <IPBlock> <Opcode : 'mul' 'add' 'sub' 'select'> <InPorts = 0> <OutPorts = 1> <Sync> <CReg>
ST_5 : Operation 803 [1/3] (0.00ns) (grouped into DSP with root node add_ln840_25)   --->   "%ret_V_26 = mul i10 %sext_ln1494_1, i10 %sext_ln1494_26"   --->   Operation 803 'mul' 'ret_V_26' <Predicate = (!icmp_ln249)> <Delay = 0.00> <CoreInst = "DSP48">   --->   Core 127 'DSP48' <Latency = 3> <II = 1> <Delay = 0.53> <IPBlock> <Opcode : 'mul' 'add' 'sub' 'select'> <InPorts = 0> <OutPorts = 1> <Sync> <CReg>
ST_5 : Operation 804 [1/1] (0.00ns) (grouped into DSP with root node add_ln840_25)   --->   "%sext_ln1494_151 = sext i10 %ret_V_26"   --->   Operation 804 'sext' 'sext_ln1494_151' <Predicate = (!icmp_ln249)> <Delay = 0.00>
ST_5 : Operation 805 [1/3] (0.00ns) (grouped into DSP with root node add_ln840_27)   --->   "%ret_V_28 = mul i10 %sext_ln1494_3, i10 %sext_ln1494_28"   --->   Operation 805 'mul' 'ret_V_28' <Predicate = (!icmp_ln249)> <Delay = 0.00> <CoreInst = "DSP48">   --->   Core 127 'DSP48' <Latency = 3> <II = 1> <Delay = 0.53> <IPBlock> <Opcode : 'mul' 'add' 'sub' 'select'> <InPorts = 0> <OutPorts = 1> <Sync> <CReg>
ST_5 : Operation 806 [1/1] (0.00ns) (grouped into DSP with root node add_ln840_27)   --->   "%sext_ln1494_153 = sext i10 %ret_V_28"   --->   Operation 806 'sext' 'sext_ln1494_153' <Predicate = (!icmp_ln249)> <Delay = 0.00>
ST_5 : Operation 807 [1/3] (0.00ns) (grouped into DSP with root node add_ln840_30)   --->   "%ret_V_31 = mul i10 %sext_ln1494_6, i10 %sext_ln1494_31"   --->   Operation 807 'mul' 'ret_V_31' <Predicate = (!icmp_ln249)> <Delay = 0.00> <CoreInst = "DSP48">   --->   Core 127 'DSP48' <Latency = 3> <II = 1> <Delay = 0.53> <IPBlock> <Opcode : 'mul' 'add' 'sub' 'select'> <InPorts = 0> <OutPorts = 1> <Sync> <CReg>
ST_5 : Operation 808 [1/1] (0.00ns) (grouped into DSP with root node add_ln840_30)   --->   "%sext_ln1494_156 = sext i10 %ret_V_31"   --->   Operation 808 'sext' 'sext_ln1494_156' <Predicate = (!icmp_ln249)> <Delay = 0.00>
ST_5 : Operation 809 [1/3] (0.00ns) (grouped into DSP with root node add_ln840_32)   --->   "%ret_V_34 = mul i10 %sext_ln1494_9, i10 %sext_ln1494_34"   --->   Operation 809 'mul' 'ret_V_34' <Predicate = (!icmp_ln249)> <Delay = 0.00> <CoreInst = "DSP48">   --->   Core 127 'DSP48' <Latency = 3> <II = 1> <Delay = 0.53> <IPBlock> <Opcode : 'mul' 'add' 'sub' 'select'> <InPorts = 0> <OutPorts = 1> <Sync> <CReg>
ST_5 : Operation 810 [1/1] (0.00ns) (grouped into DSP with root node add_ln840_32)   --->   "%sext_ln1494_159 = sext i10 %ret_V_34"   --->   Operation 810 'sext' 'sext_ln1494_159' <Predicate = (!icmp_ln249)> <Delay = 0.00>
ST_5 : Operation 811 [1/3] (0.00ns) (grouped into DSP with root node add_ln840_36)   --->   "%ret_V_37 = mul i10 %sext_ln1494_12, i10 %sext_ln1494_37"   --->   Operation 811 'mul' 'ret_V_37' <Predicate = (!icmp_ln249)> <Delay = 0.00> <CoreInst = "DSP48">   --->   Core 127 'DSP48' <Latency = 3> <II = 1> <Delay = 0.53> <IPBlock> <Opcode : 'mul' 'add' 'sub' 'select'> <InPorts = 0> <OutPorts = 1> <Sync> <CReg>
ST_5 : Operation 812 [1/1] (0.00ns) (grouped into DSP with root node add_ln840_36)   --->   "%sext_ln1494_162 = sext i10 %ret_V_37"   --->   Operation 812 'sext' 'sext_ln1494_162' <Predicate = (!icmp_ln249)> <Delay = 0.00>
ST_5 : Operation 813 [1/3] (0.00ns) (grouped into DSP with root node add_ln840_38)   --->   "%ret_V_40 = mul i10 %sext_ln1494_15, i10 %sext_ln1494_40"   --->   Operation 813 'mul' 'ret_V_40' <Predicate = (!icmp_ln249)> <Delay = 0.00> <CoreInst = "DSP48">   --->   Core 127 'DSP48' <Latency = 3> <II = 1> <Delay = 0.53> <IPBlock> <Opcode : 'mul' 'add' 'sub' 'select'> <InPorts = 0> <OutPorts = 1> <Sync> <CReg>
ST_5 : Operation 814 [1/1] (0.00ns) (grouped into DSP with root node add_ln840_38)   --->   "%sext_ln1494_165 = sext i10 %ret_V_40"   --->   Operation 814 'sext' 'sext_ln1494_165' <Predicate = (!icmp_ln249)> <Delay = 0.00>
ST_5 : Operation 815 [1/3] (0.00ns) (grouped into DSP with root node add_ln840_41)   --->   "%ret_V_43 = mul i10 %sext_ln1494_18, i10 %sext_ln1494_43"   --->   Operation 815 'mul' 'ret_V_43' <Predicate = (!icmp_ln249)> <Delay = 0.00> <CoreInst = "DSP48">   --->   Core 127 'DSP48' <Latency = 3> <II = 1> <Delay = 0.53> <IPBlock> <Opcode : 'mul' 'add' 'sub' 'select'> <InPorts = 0> <OutPorts = 1> <Sync> <CReg>
ST_5 : Operation 816 [1/1] (0.00ns) (grouped into DSP with root node add_ln840_41)   --->   "%sext_ln1494_168 = sext i10 %ret_V_43"   --->   Operation 816 'sext' 'sext_ln1494_168' <Predicate = (!icmp_ln249)> <Delay = 0.00>
ST_5 : Operation 817 [1/1] (0.00ns)   --->   "%sext_ln1494_46 = sext i2 %local_temp_V_46"   --->   Operation 817 'sext' 'sext_ln1494_46' <Predicate = (!icmp_ln249)> <Delay = 0.00>
ST_5 : Operation 818 [1/1] (1.65ns)   --->   "%ret_V_46 = mul i10 %sext_ln1494_21, i10 %sext_ln1494_46"   --->   Operation 818 'mul' 'ret_V_46' <Predicate = (!icmp_ln249)> <Delay = 1.65> <CoreInst = "Multiplier">   --->   Core 3 'Multiplier' <Latency = 0> <II = 1> <Delay = 1.65> <FuncUnit> <Opcode : 'mul'> <InPorts = 2> <OutPorts = 1>
ST_5 : Operation 819 [1/1] (0.00ns)   --->   "%sext_ln1494_171 = sext i10 %ret_V_46"   --->   Operation 819 'sext' 'sext_ln1494_171' <Predicate = (!icmp_ln249)> <Delay = 0.00>
ST_5 : Operation 820 [1/3] (0.00ns) (grouped into DSP with root node add_ln840_42)   --->   "%ret_V_47 = mul i10 %sext_ln1494_22, i10 %sext_ln1494_47"   --->   Operation 820 'mul' 'ret_V_47' <Predicate = (!icmp_ln249)> <Delay = 0.00> <CoreInst = "DSP48">   --->   Core 127 'DSP48' <Latency = 3> <II = 1> <Delay = 0.53> <IPBlock> <Opcode : 'mul' 'add' 'sub' 'select'> <InPorts = 0> <OutPorts = 1> <Sync> <CReg>
ST_5 : Operation 821 [1/1] (0.00ns) (grouped into DSP with root node add_ln840_42)   --->   "%sext_ln1494_172 = sext i10 %ret_V_47"   --->   Operation 821 'sext' 'sext_ln1494_172' <Predicate = (!icmp_ln249)> <Delay = 0.00>
ST_5 : Operation 822 [1/1] (0.00ns)   --->   "%sext_ln1494_48 = sext i2 %local_temp_V_48"   --->   Operation 822 'sext' 'sext_ln1494_48' <Predicate = (!icmp_ln249)> <Delay = 0.00>
ST_5 : Operation 823 [1/1] (1.65ns)   --->   "%ret_V_48 = mul i10 %sext_ln1494_23, i10 %sext_ln1494_48"   --->   Operation 823 'mul' 'ret_V_48' <Predicate = (!icmp_ln249)> <Delay = 1.65> <CoreInst = "Multiplier">   --->   Core 3 'Multiplier' <Latency = 0> <II = 1> <Delay = 1.65> <FuncUnit> <Opcode : 'mul'> <InPorts = 2> <OutPorts = 1>
ST_5 : Operation 824 [1/1] (0.00ns)   --->   "%sext_ln1494_173 = sext i10 %ret_V_48"   --->   Operation 824 'sext' 'sext_ln1494_173' <Predicate = (!icmp_ln249)> <Delay = 0.00>
ST_5 : Operation 825 [1/3] (0.00ns) (grouped into DSP with root node add_ln840_43)   --->   "%ret_V_49 = mul i10 %sext_ln1494_24, i10 %sext_ln1494_49"   --->   Operation 825 'mul' 'ret_V_49' <Predicate = (!icmp_ln249)> <Delay = 0.00> <CoreInst = "DSP48">   --->   Core 127 'DSP48' <Latency = 3> <II = 1> <Delay = 0.53> <IPBlock> <Opcode : 'mul' 'add' 'sub' 'select'> <InPorts = 0> <OutPorts = 1> <Sync> <CReg>
ST_5 : Operation 826 [1/1] (0.00ns) (grouped into DSP with root node add_ln840_43)   --->   "%sext_ln840_14 = sext i10 %ret_V_49"   --->   Operation 826 'sext' 'sext_ln840_14' <Predicate = (!icmp_ln249)> <Delay = 0.00>
ST_5 : Operation 827 [1/2] (0.64ns) (root node of the DSP)   --->   "%add_ln840_24 = add i11 %sext_ln1494_150, i11 %sext_ln1494_152"   --->   Operation 827 'add' 'add_ln840_24' <Predicate = (!icmp_ln249)> <Delay = 0.64> <CoreInst = "DSP48">   --->   Core 127 'DSP48' <Latency = 3> <II = 1> <Delay = 0.53> <IPBlock> <Opcode : 'mul' 'add' 'sub' 'select'> <InPorts = 0> <OutPorts = 1> <Sync> <CReg>
ST_5 : Operation 828 [2/2] (0.64ns) (root node of the DSP)   --->   "%add_ln840_25 = add i11 %add_ln840_24, i11 %sext_ln1494_151"   --->   Operation 828 'add' 'add_ln840_25' <Predicate = (!icmp_ln249)> <Delay = 0.64> <CoreInst = "DSP48">   --->   Core 127 'DSP48' <Latency = 3> <II = 1> <Delay = 0.53> <IPBlock> <Opcode : 'mul' 'add' 'sub' 'select'> <InPorts = 0> <OutPorts = 1> <Sync> <CReg>
ST_5 : Operation 829 [1/2] (0.64ns) (root node of the DSP)   --->   "%add_ln840_26 = add i11 %sext_ln1494_154, i11 %sext_ln1494_155"   --->   Operation 829 'add' 'add_ln840_26' <Predicate = (!icmp_ln249)> <Delay = 0.64> <CoreInst = "DSP48">   --->   Core 127 'DSP48' <Latency = 3> <II = 1> <Delay = 0.53> <IPBlock> <Opcode : 'mul' 'add' 'sub' 'select'> <InPorts = 0> <OutPorts = 1> <Sync> <CReg>
ST_5 : Operation 830 [2/2] (0.64ns) (root node of the DSP)   --->   "%add_ln840_27 = add i11 %add_ln840_26, i11 %sext_ln1494_153"   --->   Operation 830 'add' 'add_ln840_27' <Predicate = (!icmp_ln249)> <Delay = 0.64> <CoreInst = "DSP48">   --->   Core 127 'DSP48' <Latency = 3> <II = 1> <Delay = 0.53> <IPBlock> <Opcode : 'mul' 'add' 'sub' 'select'> <InPorts = 0> <OutPorts = 1> <Sync> <CReg>
ST_5 : Operation 831 [1/2] (0.64ns) (root node of the DSP)   --->   "%add_ln840_29 = add i11 %sext_ln1494_157, i11 %sext_ln1494_158"   --->   Operation 831 'add' 'add_ln840_29' <Predicate = (!icmp_ln249)> <Delay = 0.64> <CoreInst = "DSP48">   --->   Core 127 'DSP48' <Latency = 3> <II = 1> <Delay = 0.53> <IPBlock> <Opcode : 'mul' 'add' 'sub' 'select'> <InPorts = 0> <OutPorts = 1> <Sync> <CReg>
ST_5 : Operation 832 [2/2] (0.64ns) (root node of the DSP)   --->   "%add_ln840_30 = add i11 %add_ln840_29, i11 %sext_ln1494_156"   --->   Operation 832 'add' 'add_ln840_30' <Predicate = (!icmp_ln249)> <Delay = 0.64> <CoreInst = "DSP48">   --->   Core 127 'DSP48' <Latency = 3> <II = 1> <Delay = 0.53> <IPBlock> <Opcode : 'mul' 'add' 'sub' 'select'> <InPorts = 0> <OutPorts = 1> <Sync> <CReg>
ST_5 : Operation 833 [1/2] (0.64ns) (root node of the DSP)   --->   "%add_ln840_31 = add i11 %sext_ln1494_160, i11 %sext_ln1494_161"   --->   Operation 833 'add' 'add_ln840_31' <Predicate = (!icmp_ln249)> <Delay = 0.64> <CoreInst = "DSP48">   --->   Core 127 'DSP48' <Latency = 3> <II = 1> <Delay = 0.53> <IPBlock> <Opcode : 'mul' 'add' 'sub' 'select'> <InPorts = 0> <OutPorts = 1> <Sync> <CReg>
ST_5 : Operation 834 [2/2] (0.64ns) (root node of the DSP)   --->   "%add_ln840_32 = add i11 %add_ln840_31, i11 %sext_ln1494_159"   --->   Operation 834 'add' 'add_ln840_32' <Predicate = (!icmp_ln249)> <Delay = 0.64> <CoreInst = "DSP48">   --->   Core 127 'DSP48' <Latency = 3> <II = 1> <Delay = 0.53> <IPBlock> <Opcode : 'mul' 'add' 'sub' 'select'> <InPorts = 0> <OutPorts = 1> <Sync> <CReg>
ST_5 : Operation 835 [1/2] (0.64ns) (root node of the DSP)   --->   "%add_ln840_35 = add i11 %sext_ln1494_163, i11 %sext_ln1494_164"   --->   Operation 835 'add' 'add_ln840_35' <Predicate = (!icmp_ln249)> <Delay = 0.64> <CoreInst = "DSP48">   --->   Core 127 'DSP48' <Latency = 3> <II = 1> <Delay = 0.53> <IPBlock> <Opcode : 'mul' 'add' 'sub' 'select'> <InPorts = 0> <OutPorts = 1> <Sync> <CReg>
ST_5 : Operation 836 [2/2] (0.64ns) (root node of the DSP)   --->   "%add_ln840_36 = add i11 %add_ln840_35, i11 %sext_ln1494_162"   --->   Operation 836 'add' 'add_ln840_36' <Predicate = (!icmp_ln249)> <Delay = 0.64> <CoreInst = "DSP48">   --->   Core 127 'DSP48' <Latency = 3> <II = 1> <Delay = 0.53> <IPBlock> <Opcode : 'mul' 'add' 'sub' 'select'> <InPorts = 0> <OutPorts = 1> <Sync> <CReg>
ST_5 : Operation 837 [1/2] (0.64ns) (root node of the DSP)   --->   "%add_ln840_37 = add i11 %sext_ln1494_166, i11 %sext_ln1494_167"   --->   Operation 837 'add' 'add_ln840_37' <Predicate = (!icmp_ln249)> <Delay = 0.64> <CoreInst = "DSP48">   --->   Core 127 'DSP48' <Latency = 3> <II = 1> <Delay = 0.53> <IPBlock> <Opcode : 'mul' 'add' 'sub' 'select'> <InPorts = 0> <OutPorts = 1> <Sync> <CReg>
ST_5 : Operation 838 [2/2] (0.64ns) (root node of the DSP)   --->   "%add_ln840_38 = add i11 %add_ln840_37, i11 %sext_ln1494_165"   --->   Operation 838 'add' 'add_ln840_38' <Predicate = (!icmp_ln249)> <Delay = 0.64> <CoreInst = "DSP48">   --->   Core 127 'DSP48' <Latency = 3> <II = 1> <Delay = 0.53> <IPBlock> <Opcode : 'mul' 'add' 'sub' 'select'> <InPorts = 0> <OutPorts = 1> <Sync> <CReg>
ST_5 : Operation 839 [1/2] (0.64ns) (root node of the DSP)   --->   "%add_ln840_40 = add i11 %sext_ln1494_169, i11 %sext_ln1494_170"   --->   Operation 839 'add' 'add_ln840_40' <Predicate = (!icmp_ln249)> <Delay = 0.64> <CoreInst = "DSP48">   --->   Core 127 'DSP48' <Latency = 3> <II = 1> <Delay = 0.53> <IPBlock> <Opcode : 'mul' 'add' 'sub' 'select'> <InPorts = 0> <OutPorts = 1> <Sync> <CReg>
ST_5 : Operation 840 [2/2] (0.64ns) (root node of the DSP)   --->   "%add_ln840_41 = add i11 %add_ln840_40, i11 %sext_ln1494_168"   --->   Operation 840 'add' 'add_ln840_41' <Predicate = (!icmp_ln249)> <Delay = 0.64> <CoreInst = "DSP48">   --->   Core 127 'DSP48' <Latency = 3> <II = 1> <Delay = 0.53> <IPBlock> <Opcode : 'mul' 'add' 'sub' 'select'> <InPorts = 0> <OutPorts = 1> <Sync> <CReg>
ST_5 : Operation 841 [2/2] (0.64ns) (root node of the DSP)   --->   "%add_ln840_42 = add i11 %sext_ln1494_171, i11 %sext_ln1494_172"   --->   Operation 841 'add' 'add_ln840_42' <Predicate = (!icmp_ln249)> <Delay = 0.64> <CoreInst = "DSP48">   --->   Core 127 'DSP48' <Latency = 3> <II = 1> <Delay = 0.53> <IPBlock> <Opcode : 'mul' 'add' 'sub' 'select'> <InPorts = 0> <OutPorts = 1> <Sync> <CReg>
ST_5 : Operation 842 [2/2] (0.64ns) (root node of the DSP)   --->   "%add_ln840_43 = add i11 %sext_ln1494_173, i11 %sext_ln840_14"   --->   Operation 842 'add' 'add_ln840_43' <Predicate = (!icmp_ln249)> <Delay = 0.64> <CoreInst = "DSP48">   --->   Core 127 'DSP48' <Latency = 3> <II = 1> <Delay = 0.53> <IPBlock> <Opcode : 'mul' 'add' 'sub' 'select'> <InPorts = 0> <OutPorts = 1> <Sync> <CReg>
ST_5 : Operation 843 [1/3] (0.00ns) (grouped into DSP with root node add_ln840_49)   --->   "%ret_V_51 = mul i10 %sext_ln1494_1, i10 %sext_ln1494_51"   --->   Operation 843 'mul' 'ret_V_51' <Predicate = (!icmp_ln249)> <Delay = 0.00> <CoreInst = "DSP48">   --->   Core 127 'DSP48' <Latency = 3> <II = 1> <Delay = 0.53> <IPBlock> <Opcode : 'mul' 'add' 'sub' 'select'> <InPorts = 0> <OutPorts = 1> <Sync> <CReg>
ST_5 : Operation 844 [1/1] (0.00ns) (grouped into DSP with root node add_ln840_49)   --->   "%sext_ln1494_175 = sext i10 %ret_V_51"   --->   Operation 844 'sext' 'sext_ln1494_175' <Predicate = (!icmp_ln249)> <Delay = 0.00>
ST_5 : Operation 845 [1/3] (0.00ns) (grouped into DSP with root node add_ln840_51)   --->   "%ret_V_53 = mul i10 %sext_ln1494_3, i10 %sext_ln1494_53"   --->   Operation 845 'mul' 'ret_V_53' <Predicate = (!icmp_ln249)> <Delay = 0.00> <CoreInst = "DSP48">   --->   Core 127 'DSP48' <Latency = 3> <II = 1> <Delay = 0.53> <IPBlock> <Opcode : 'mul' 'add' 'sub' 'select'> <InPorts = 0> <OutPorts = 1> <Sync> <CReg>
ST_5 : Operation 846 [1/1] (0.00ns) (grouped into DSP with root node add_ln840_51)   --->   "%sext_ln1494_177 = sext i10 %ret_V_53"   --->   Operation 846 'sext' 'sext_ln1494_177' <Predicate = (!icmp_ln249)> <Delay = 0.00>
ST_5 : Operation 847 [1/3] (0.00ns) (grouped into DSP with root node add_ln840_54)   --->   "%ret_V_56 = mul i10 %sext_ln1494_6, i10 %sext_ln1494_56"   --->   Operation 847 'mul' 'ret_V_56' <Predicate = (!icmp_ln249)> <Delay = 0.00> <CoreInst = "DSP48">   --->   Core 127 'DSP48' <Latency = 3> <II = 1> <Delay = 0.53> <IPBlock> <Opcode : 'mul' 'add' 'sub' 'select'> <InPorts = 0> <OutPorts = 1> <Sync> <CReg>
ST_5 : Operation 848 [1/1] (0.00ns) (grouped into DSP with root node add_ln840_54)   --->   "%sext_ln1494_180 = sext i10 %ret_V_56"   --->   Operation 848 'sext' 'sext_ln1494_180' <Predicate = (!icmp_ln249)> <Delay = 0.00>
ST_5 : Operation 849 [1/3] (0.00ns) (grouped into DSP with root node add_ln840_56)   --->   "%ret_V_59 = mul i10 %sext_ln1494_9, i10 %sext_ln1494_59"   --->   Operation 849 'mul' 'ret_V_59' <Predicate = (!icmp_ln249)> <Delay = 0.00> <CoreInst = "DSP48">   --->   Core 127 'DSP48' <Latency = 3> <II = 1> <Delay = 0.53> <IPBlock> <Opcode : 'mul' 'add' 'sub' 'select'> <InPorts = 0> <OutPorts = 1> <Sync> <CReg>
ST_5 : Operation 850 [1/1] (0.00ns) (grouped into DSP with root node add_ln840_56)   --->   "%sext_ln1494_183 = sext i10 %ret_V_59"   --->   Operation 850 'sext' 'sext_ln1494_183' <Predicate = (!icmp_ln249)> <Delay = 0.00>
ST_5 : Operation 851 [1/3] (0.00ns) (grouped into DSP with root node add_ln840_60)   --->   "%ret_V_62 = mul i10 %sext_ln1494_12, i10 %sext_ln1494_62"   --->   Operation 851 'mul' 'ret_V_62' <Predicate = (!icmp_ln249)> <Delay = 0.00> <CoreInst = "DSP48">   --->   Core 127 'DSP48' <Latency = 3> <II = 1> <Delay = 0.53> <IPBlock> <Opcode : 'mul' 'add' 'sub' 'select'> <InPorts = 0> <OutPorts = 1> <Sync> <CReg>
ST_5 : Operation 852 [1/1] (0.00ns) (grouped into DSP with root node add_ln840_60)   --->   "%sext_ln1494_186 = sext i10 %ret_V_62"   --->   Operation 852 'sext' 'sext_ln1494_186' <Predicate = (!icmp_ln249)> <Delay = 0.00>
ST_5 : Operation 853 [1/3] (0.00ns) (grouped into DSP with root node add_ln840_62)   --->   "%ret_V_65 = mul i10 %sext_ln1494_15, i10 %sext_ln1494_65"   --->   Operation 853 'mul' 'ret_V_65' <Predicate = (!icmp_ln249)> <Delay = 0.00> <CoreInst = "DSP48">   --->   Core 127 'DSP48' <Latency = 3> <II = 1> <Delay = 0.53> <IPBlock> <Opcode : 'mul' 'add' 'sub' 'select'> <InPorts = 0> <OutPorts = 1> <Sync> <CReg>
ST_5 : Operation 854 [1/1] (0.00ns) (grouped into DSP with root node add_ln840_62)   --->   "%sext_ln1494_189 = sext i10 %ret_V_65"   --->   Operation 854 'sext' 'sext_ln1494_189' <Predicate = (!icmp_ln249)> <Delay = 0.00>
ST_5 : Operation 855 [1/3] (0.00ns) (grouped into DSP with root node add_ln840_65)   --->   "%ret_V_68 = mul i10 %sext_ln1494_18, i10 %sext_ln1494_68"   --->   Operation 855 'mul' 'ret_V_68' <Predicate = (!icmp_ln249)> <Delay = 0.00> <CoreInst = "DSP48">   --->   Core 127 'DSP48' <Latency = 3> <II = 1> <Delay = 0.53> <IPBlock> <Opcode : 'mul' 'add' 'sub' 'select'> <InPorts = 0> <OutPorts = 1> <Sync> <CReg>
ST_5 : Operation 856 [1/1] (0.00ns) (grouped into DSP with root node add_ln840_65)   --->   "%sext_ln1494_192 = sext i10 %ret_V_68"   --->   Operation 856 'sext' 'sext_ln1494_192' <Predicate = (!icmp_ln249)> <Delay = 0.00>
ST_5 : Operation 857 [1/1] (0.00ns)   --->   "%sext_ln1494_71 = sext i2 %local_temp_V_71"   --->   Operation 857 'sext' 'sext_ln1494_71' <Predicate = (!icmp_ln249)> <Delay = 0.00>
ST_5 : Operation 858 [1/1] (1.65ns)   --->   "%ret_V_71 = mul i10 %sext_ln1494_21, i10 %sext_ln1494_71"   --->   Operation 858 'mul' 'ret_V_71' <Predicate = (!icmp_ln249)> <Delay = 1.65> <CoreInst = "Multiplier">   --->   Core 3 'Multiplier' <Latency = 0> <II = 1> <Delay = 1.65> <FuncUnit> <Opcode : 'mul'> <InPorts = 2> <OutPorts = 1>
ST_5 : Operation 859 [1/1] (0.00ns)   --->   "%sext_ln1494_195 = sext i10 %ret_V_71"   --->   Operation 859 'sext' 'sext_ln1494_195' <Predicate = (!icmp_ln249)> <Delay = 0.00>
ST_5 : Operation 860 [1/3] (0.00ns) (grouped into DSP with root node add_ln840_66)   --->   "%ret_V_72 = mul i10 %sext_ln1494_22, i10 %sext_ln1494_72"   --->   Operation 860 'mul' 'ret_V_72' <Predicate = (!icmp_ln249)> <Delay = 0.00> <CoreInst = "DSP48">   --->   Core 127 'DSP48' <Latency = 3> <II = 1> <Delay = 0.53> <IPBlock> <Opcode : 'mul' 'add' 'sub' 'select'> <InPorts = 0> <OutPorts = 1> <Sync> <CReg>
ST_5 : Operation 861 [1/1] (0.00ns) (grouped into DSP with root node add_ln840_66)   --->   "%sext_ln1494_196 = sext i10 %ret_V_72"   --->   Operation 861 'sext' 'sext_ln1494_196' <Predicate = (!icmp_ln249)> <Delay = 0.00>
ST_5 : Operation 862 [1/1] (0.00ns)   --->   "%sext_ln1494_73 = sext i2 %local_temp_V_73"   --->   Operation 862 'sext' 'sext_ln1494_73' <Predicate = (!icmp_ln249)> <Delay = 0.00>
ST_5 : Operation 863 [1/1] (1.65ns)   --->   "%ret_V_73 = mul i10 %sext_ln1494_23, i10 %sext_ln1494_73"   --->   Operation 863 'mul' 'ret_V_73' <Predicate = (!icmp_ln249)> <Delay = 1.65> <CoreInst = "Multiplier">   --->   Core 3 'Multiplier' <Latency = 0> <II = 1> <Delay = 1.65> <FuncUnit> <Opcode : 'mul'> <InPorts = 2> <OutPorts = 1>
ST_5 : Operation 864 [1/1] (0.00ns)   --->   "%sext_ln1494_197 = sext i10 %ret_V_73"   --->   Operation 864 'sext' 'sext_ln1494_197' <Predicate = (!icmp_ln249)> <Delay = 0.00>
ST_5 : Operation 865 [1/3] (0.00ns) (grouped into DSP with root node add_ln840_67)   --->   "%ret_V_74 = mul i10 %sext_ln1494_24, i10 %sext_ln1494_74"   --->   Operation 865 'mul' 'ret_V_74' <Predicate = (!icmp_ln249)> <Delay = 0.00> <CoreInst = "DSP48">   --->   Core 127 'DSP48' <Latency = 3> <II = 1> <Delay = 0.53> <IPBlock> <Opcode : 'mul' 'add' 'sub' 'select'> <InPorts = 0> <OutPorts = 1> <Sync> <CReg>
ST_5 : Operation 866 [1/1] (0.00ns) (grouped into DSP with root node add_ln840_67)   --->   "%sext_ln840_28 = sext i10 %ret_V_74"   --->   Operation 866 'sext' 'sext_ln840_28' <Predicate = (!icmp_ln249)> <Delay = 0.00>
ST_5 : Operation 867 [1/2] (0.64ns) (root node of the DSP)   --->   "%add_ln840_48 = add i11 %sext_ln1494_174, i11 %sext_ln1494_176"   --->   Operation 867 'add' 'add_ln840_48' <Predicate = (!icmp_ln249)> <Delay = 0.64> <CoreInst = "DSP48">   --->   Core 127 'DSP48' <Latency = 3> <II = 1> <Delay = 0.53> <IPBlock> <Opcode : 'mul' 'add' 'sub' 'select'> <InPorts = 0> <OutPorts = 1> <Sync> <CReg>
ST_5 : Operation 868 [2/2] (0.64ns) (root node of the DSP)   --->   "%add_ln840_49 = add i11 %add_ln840_48, i11 %sext_ln1494_175"   --->   Operation 868 'add' 'add_ln840_49' <Predicate = (!icmp_ln249)> <Delay = 0.64> <CoreInst = "DSP48">   --->   Core 127 'DSP48' <Latency = 3> <II = 1> <Delay = 0.53> <IPBlock> <Opcode : 'mul' 'add' 'sub' 'select'> <InPorts = 0> <OutPorts = 1> <Sync> <CReg>
ST_5 : Operation 869 [1/2] (0.64ns) (root node of the DSP)   --->   "%add_ln840_50 = add i11 %sext_ln1494_178, i11 %sext_ln1494_179"   --->   Operation 869 'add' 'add_ln840_50' <Predicate = (!icmp_ln249)> <Delay = 0.64> <CoreInst = "DSP48">   --->   Core 127 'DSP48' <Latency = 3> <II = 1> <Delay = 0.53> <IPBlock> <Opcode : 'mul' 'add' 'sub' 'select'> <InPorts = 0> <OutPorts = 1> <Sync> <CReg>
ST_5 : Operation 870 [2/2] (0.64ns) (root node of the DSP)   --->   "%add_ln840_51 = add i11 %add_ln840_50, i11 %sext_ln1494_177"   --->   Operation 870 'add' 'add_ln840_51' <Predicate = (!icmp_ln249)> <Delay = 0.64> <CoreInst = "DSP48">   --->   Core 127 'DSP48' <Latency = 3> <II = 1> <Delay = 0.53> <IPBlock> <Opcode : 'mul' 'add' 'sub' 'select'> <InPorts = 0> <OutPorts = 1> <Sync> <CReg>
ST_5 : Operation 871 [1/2] (0.64ns) (root node of the DSP)   --->   "%add_ln840_53 = add i11 %sext_ln1494_181, i11 %sext_ln1494_182"   --->   Operation 871 'add' 'add_ln840_53' <Predicate = (!icmp_ln249)> <Delay = 0.64> <CoreInst = "DSP48">   --->   Core 127 'DSP48' <Latency = 3> <II = 1> <Delay = 0.53> <IPBlock> <Opcode : 'mul' 'add' 'sub' 'select'> <InPorts = 0> <OutPorts = 1> <Sync> <CReg>
ST_5 : Operation 872 [2/2] (0.64ns) (root node of the DSP)   --->   "%add_ln840_54 = add i11 %add_ln840_53, i11 %sext_ln1494_180"   --->   Operation 872 'add' 'add_ln840_54' <Predicate = (!icmp_ln249)> <Delay = 0.64> <CoreInst = "DSP48">   --->   Core 127 'DSP48' <Latency = 3> <II = 1> <Delay = 0.53> <IPBlock> <Opcode : 'mul' 'add' 'sub' 'select'> <InPorts = 0> <OutPorts = 1> <Sync> <CReg>
ST_5 : Operation 873 [1/2] (0.64ns) (root node of the DSP)   --->   "%add_ln840_55 = add i11 %sext_ln1494_184, i11 %sext_ln1494_185"   --->   Operation 873 'add' 'add_ln840_55' <Predicate = (!icmp_ln249)> <Delay = 0.64> <CoreInst = "DSP48">   --->   Core 127 'DSP48' <Latency = 3> <II = 1> <Delay = 0.53> <IPBlock> <Opcode : 'mul' 'add' 'sub' 'select'> <InPorts = 0> <OutPorts = 1> <Sync> <CReg>
ST_5 : Operation 874 [2/2] (0.64ns) (root node of the DSP)   --->   "%add_ln840_56 = add i11 %add_ln840_55, i11 %sext_ln1494_183"   --->   Operation 874 'add' 'add_ln840_56' <Predicate = (!icmp_ln249)> <Delay = 0.64> <CoreInst = "DSP48">   --->   Core 127 'DSP48' <Latency = 3> <II = 1> <Delay = 0.53> <IPBlock> <Opcode : 'mul' 'add' 'sub' 'select'> <InPorts = 0> <OutPorts = 1> <Sync> <CReg>
ST_5 : Operation 875 [1/2] (0.64ns) (root node of the DSP)   --->   "%add_ln840_59 = add i11 %sext_ln1494_187, i11 %sext_ln1494_188"   --->   Operation 875 'add' 'add_ln840_59' <Predicate = (!icmp_ln249)> <Delay = 0.64> <CoreInst = "DSP48">   --->   Core 127 'DSP48' <Latency = 3> <II = 1> <Delay = 0.53> <IPBlock> <Opcode : 'mul' 'add' 'sub' 'select'> <InPorts = 0> <OutPorts = 1> <Sync> <CReg>
ST_5 : Operation 876 [2/2] (0.64ns) (root node of the DSP)   --->   "%add_ln840_60 = add i11 %add_ln840_59, i11 %sext_ln1494_186"   --->   Operation 876 'add' 'add_ln840_60' <Predicate = (!icmp_ln249)> <Delay = 0.64> <CoreInst = "DSP48">   --->   Core 127 'DSP48' <Latency = 3> <II = 1> <Delay = 0.53> <IPBlock> <Opcode : 'mul' 'add' 'sub' 'select'> <InPorts = 0> <OutPorts = 1> <Sync> <CReg>
ST_5 : Operation 877 [1/2] (0.64ns) (root node of the DSP)   --->   "%add_ln840_61 = add i11 %sext_ln1494_190, i11 %sext_ln1494_191"   --->   Operation 877 'add' 'add_ln840_61' <Predicate = (!icmp_ln249)> <Delay = 0.64> <CoreInst = "DSP48">   --->   Core 127 'DSP48' <Latency = 3> <II = 1> <Delay = 0.53> <IPBlock> <Opcode : 'mul' 'add' 'sub' 'select'> <InPorts = 0> <OutPorts = 1> <Sync> <CReg>
ST_5 : Operation 878 [2/2] (0.64ns) (root node of the DSP)   --->   "%add_ln840_62 = add i11 %add_ln840_61, i11 %sext_ln1494_189"   --->   Operation 878 'add' 'add_ln840_62' <Predicate = (!icmp_ln249)> <Delay = 0.64> <CoreInst = "DSP48">   --->   Core 127 'DSP48' <Latency = 3> <II = 1> <Delay = 0.53> <IPBlock> <Opcode : 'mul' 'add' 'sub' 'select'> <InPorts = 0> <OutPorts = 1> <Sync> <CReg>
ST_5 : Operation 879 [1/2] (0.64ns) (root node of the DSP)   --->   "%add_ln840_64 = add i11 %sext_ln1494_193, i11 %sext_ln1494_194"   --->   Operation 879 'add' 'add_ln840_64' <Predicate = (!icmp_ln249)> <Delay = 0.64> <CoreInst = "DSP48">   --->   Core 127 'DSP48' <Latency = 3> <II = 1> <Delay = 0.53> <IPBlock> <Opcode : 'mul' 'add' 'sub' 'select'> <InPorts = 0> <OutPorts = 1> <Sync> <CReg>
ST_5 : Operation 880 [2/2] (0.64ns) (root node of the DSP)   --->   "%add_ln840_65 = add i11 %add_ln840_64, i11 %sext_ln1494_192"   --->   Operation 880 'add' 'add_ln840_65' <Predicate = (!icmp_ln249)> <Delay = 0.64> <CoreInst = "DSP48">   --->   Core 127 'DSP48' <Latency = 3> <II = 1> <Delay = 0.53> <IPBlock> <Opcode : 'mul' 'add' 'sub' 'select'> <InPorts = 0> <OutPorts = 1> <Sync> <CReg>
ST_5 : Operation 881 [2/2] (0.64ns) (root node of the DSP)   --->   "%add_ln840_66 = add i11 %sext_ln1494_195, i11 %sext_ln1494_196"   --->   Operation 881 'add' 'add_ln840_66' <Predicate = (!icmp_ln249)> <Delay = 0.64> <CoreInst = "DSP48">   --->   Core 127 'DSP48' <Latency = 3> <II = 1> <Delay = 0.53> <IPBlock> <Opcode : 'mul' 'add' 'sub' 'select'> <InPorts = 0> <OutPorts = 1> <Sync> <CReg>
ST_5 : Operation 882 [2/2] (0.64ns) (root node of the DSP)   --->   "%add_ln840_67 = add i11 %sext_ln1494_197, i11 %sext_ln840_28"   --->   Operation 882 'add' 'add_ln840_67' <Predicate = (!icmp_ln249)> <Delay = 0.64> <CoreInst = "DSP48">   --->   Core 127 'DSP48' <Latency = 3> <II = 1> <Delay = 0.53> <IPBlock> <Opcode : 'mul' 'add' 'sub' 'select'> <InPorts = 0> <OutPorts = 1> <Sync> <CReg>
ST_5 : Operation 883 [1/3] (0.00ns) (grouped into DSP with root node add_ln840_73)   --->   "%ret_V_76 = mul i10 %sext_ln1494_1, i10 %sext_ln1494_76"   --->   Operation 883 'mul' 'ret_V_76' <Predicate = (!icmp_ln249)> <Delay = 0.00> <CoreInst = "DSP48">   --->   Core 127 'DSP48' <Latency = 3> <II = 1> <Delay = 0.53> <IPBlock> <Opcode : 'mul' 'add' 'sub' 'select'> <InPorts = 0> <OutPorts = 1> <Sync> <CReg>
ST_5 : Operation 884 [1/1] (0.00ns) (grouped into DSP with root node add_ln840_73)   --->   "%sext_ln1494_199 = sext i10 %ret_V_76"   --->   Operation 884 'sext' 'sext_ln1494_199' <Predicate = (!icmp_ln249)> <Delay = 0.00>
ST_5 : Operation 885 [1/3] (0.00ns) (grouped into DSP with root node add_ln840_75)   --->   "%ret_V_78 = mul i10 %sext_ln1494_3, i10 %sext_ln1494_78"   --->   Operation 885 'mul' 'ret_V_78' <Predicate = (!icmp_ln249)> <Delay = 0.00> <CoreInst = "DSP48">   --->   Core 127 'DSP48' <Latency = 3> <II = 1> <Delay = 0.53> <IPBlock> <Opcode : 'mul' 'add' 'sub' 'select'> <InPorts = 0> <OutPorts = 1> <Sync> <CReg>
ST_5 : Operation 886 [1/1] (0.00ns) (grouped into DSP with root node add_ln840_75)   --->   "%sext_ln1494_201 = sext i10 %ret_V_78"   --->   Operation 886 'sext' 'sext_ln1494_201' <Predicate = (!icmp_ln249)> <Delay = 0.00>
ST_5 : Operation 887 [1/3] (0.00ns) (grouped into DSP with root node add_ln840_78)   --->   "%ret_V_81 = mul i10 %sext_ln1494_6, i10 %sext_ln1494_81"   --->   Operation 887 'mul' 'ret_V_81' <Predicate = (!icmp_ln249)> <Delay = 0.00> <CoreInst = "DSP48">   --->   Core 127 'DSP48' <Latency = 3> <II = 1> <Delay = 0.53> <IPBlock> <Opcode : 'mul' 'add' 'sub' 'select'> <InPorts = 0> <OutPorts = 1> <Sync> <CReg>
ST_5 : Operation 888 [1/1] (0.00ns) (grouped into DSP with root node add_ln840_78)   --->   "%sext_ln1494_204 = sext i10 %ret_V_81"   --->   Operation 888 'sext' 'sext_ln1494_204' <Predicate = (!icmp_ln249)> <Delay = 0.00>
ST_5 : Operation 889 [1/3] (0.00ns) (grouped into DSP with root node add_ln840_80)   --->   "%ret_V_84 = mul i10 %sext_ln1494_9, i10 %sext_ln1494_84"   --->   Operation 889 'mul' 'ret_V_84' <Predicate = (!icmp_ln249)> <Delay = 0.00> <CoreInst = "DSP48">   --->   Core 127 'DSP48' <Latency = 3> <II = 1> <Delay = 0.53> <IPBlock> <Opcode : 'mul' 'add' 'sub' 'select'> <InPorts = 0> <OutPorts = 1> <Sync> <CReg>
ST_5 : Operation 890 [1/1] (0.00ns) (grouped into DSP with root node add_ln840_80)   --->   "%sext_ln1494_207 = sext i10 %ret_V_84"   --->   Operation 890 'sext' 'sext_ln1494_207' <Predicate = (!icmp_ln249)> <Delay = 0.00>
ST_5 : Operation 891 [1/3] (0.00ns) (grouped into DSP with root node add_ln840_84)   --->   "%ret_V_87 = mul i10 %sext_ln1494_12, i10 %sext_ln1494_87"   --->   Operation 891 'mul' 'ret_V_87' <Predicate = (!icmp_ln249)> <Delay = 0.00> <CoreInst = "DSP48">   --->   Core 127 'DSP48' <Latency = 3> <II = 1> <Delay = 0.53> <IPBlock> <Opcode : 'mul' 'add' 'sub' 'select'> <InPorts = 0> <OutPorts = 1> <Sync> <CReg>
ST_5 : Operation 892 [1/1] (0.00ns) (grouped into DSP with root node add_ln840_84)   --->   "%sext_ln1494_210 = sext i10 %ret_V_87"   --->   Operation 892 'sext' 'sext_ln1494_210' <Predicate = (!icmp_ln249)> <Delay = 0.00>
ST_5 : Operation 893 [1/3] (0.00ns) (grouped into DSP with root node add_ln840_86)   --->   "%ret_V_90 = mul i10 %sext_ln1494_15, i10 %sext_ln1494_90"   --->   Operation 893 'mul' 'ret_V_90' <Predicate = (!icmp_ln249)> <Delay = 0.00> <CoreInst = "DSP48">   --->   Core 127 'DSP48' <Latency = 3> <II = 1> <Delay = 0.53> <IPBlock> <Opcode : 'mul' 'add' 'sub' 'select'> <InPorts = 0> <OutPorts = 1> <Sync> <CReg>
ST_5 : Operation 894 [1/1] (0.00ns) (grouped into DSP with root node add_ln840_86)   --->   "%sext_ln1494_213 = sext i10 %ret_V_90"   --->   Operation 894 'sext' 'sext_ln1494_213' <Predicate = (!icmp_ln249)> <Delay = 0.00>
ST_5 : Operation 895 [1/3] (0.00ns) (grouped into DSP with root node add_ln840_89)   --->   "%ret_V_93 = mul i10 %sext_ln1494_18, i10 %sext_ln1494_93"   --->   Operation 895 'mul' 'ret_V_93' <Predicate = (!icmp_ln249)> <Delay = 0.00> <CoreInst = "DSP48">   --->   Core 127 'DSP48' <Latency = 3> <II = 1> <Delay = 0.53> <IPBlock> <Opcode : 'mul' 'add' 'sub' 'select'> <InPorts = 0> <OutPorts = 1> <Sync> <CReg>
ST_5 : Operation 896 [1/1] (0.00ns) (grouped into DSP with root node add_ln840_89)   --->   "%sext_ln1494_216 = sext i10 %ret_V_93"   --->   Operation 896 'sext' 'sext_ln1494_216' <Predicate = (!icmp_ln249)> <Delay = 0.00>
ST_5 : Operation 897 [1/1] (0.00ns)   --->   "%sext_ln1494_96 = sext i2 %local_temp_V_96"   --->   Operation 897 'sext' 'sext_ln1494_96' <Predicate = (!icmp_ln249)> <Delay = 0.00>
ST_5 : Operation 898 [1/1] (1.65ns)   --->   "%ret_V_96 = mul i10 %sext_ln1494_21, i10 %sext_ln1494_96"   --->   Operation 898 'mul' 'ret_V_96' <Predicate = (!icmp_ln249)> <Delay = 1.65> <CoreInst = "Multiplier">   --->   Core 3 'Multiplier' <Latency = 0> <II = 1> <Delay = 1.65> <FuncUnit> <Opcode : 'mul'> <InPorts = 2> <OutPorts = 1>
ST_5 : Operation 899 [1/1] (0.00ns)   --->   "%sext_ln1494_219 = sext i10 %ret_V_96"   --->   Operation 899 'sext' 'sext_ln1494_219' <Predicate = (!icmp_ln249)> <Delay = 0.00>
ST_5 : Operation 900 [1/3] (0.00ns) (grouped into DSP with root node add_ln840_90)   --->   "%ret_V_97 = mul i10 %sext_ln1494_22, i10 %sext_ln1494_97"   --->   Operation 900 'mul' 'ret_V_97' <Predicate = (!icmp_ln249)> <Delay = 0.00> <CoreInst = "DSP48">   --->   Core 127 'DSP48' <Latency = 3> <II = 1> <Delay = 0.53> <IPBlock> <Opcode : 'mul' 'add' 'sub' 'select'> <InPorts = 0> <OutPorts = 1> <Sync> <CReg>
ST_5 : Operation 901 [1/1] (0.00ns) (grouped into DSP with root node add_ln840_90)   --->   "%sext_ln1494_220 = sext i10 %ret_V_97"   --->   Operation 901 'sext' 'sext_ln1494_220' <Predicate = (!icmp_ln249)> <Delay = 0.00>
ST_5 : Operation 902 [1/1] (0.00ns)   --->   "%sext_ln1494_98 = sext i2 %local_temp_V_98"   --->   Operation 902 'sext' 'sext_ln1494_98' <Predicate = (!icmp_ln249)> <Delay = 0.00>
ST_5 : Operation 903 [1/1] (1.65ns)   --->   "%ret_V_98 = mul i10 %sext_ln1494_23, i10 %sext_ln1494_98"   --->   Operation 903 'mul' 'ret_V_98' <Predicate = (!icmp_ln249)> <Delay = 1.65> <CoreInst = "Multiplier">   --->   Core 3 'Multiplier' <Latency = 0> <II = 1> <Delay = 1.65> <FuncUnit> <Opcode : 'mul'> <InPorts = 2> <OutPorts = 1>
ST_5 : Operation 904 [1/1] (0.00ns)   --->   "%sext_ln1494_221 = sext i10 %ret_V_98"   --->   Operation 904 'sext' 'sext_ln1494_221' <Predicate = (!icmp_ln249)> <Delay = 0.00>
ST_5 : Operation 905 [1/3] (0.00ns) (grouped into DSP with root node add_ln840_91)   --->   "%ret_V_99 = mul i10 %sext_ln1494_24, i10 %sext_ln1494_99"   --->   Operation 905 'mul' 'ret_V_99' <Predicate = (!icmp_ln249)> <Delay = 0.00> <CoreInst = "DSP48">   --->   Core 127 'DSP48' <Latency = 3> <II = 1> <Delay = 0.53> <IPBlock> <Opcode : 'mul' 'add' 'sub' 'select'> <InPorts = 0> <OutPorts = 1> <Sync> <CReg>
ST_5 : Operation 906 [1/1] (0.00ns) (grouped into DSP with root node add_ln840_91)   --->   "%sext_ln840_42 = sext i10 %ret_V_99"   --->   Operation 906 'sext' 'sext_ln840_42' <Predicate = (!icmp_ln249)> <Delay = 0.00>
ST_5 : Operation 907 [1/2] (0.64ns) (root node of the DSP)   --->   "%add_ln840_72 = add i11 %sext_ln1494_198, i11 %sext_ln1494_200"   --->   Operation 907 'add' 'add_ln840_72' <Predicate = (!icmp_ln249)> <Delay = 0.64> <CoreInst = "DSP48">   --->   Core 127 'DSP48' <Latency = 3> <II = 1> <Delay = 0.53> <IPBlock> <Opcode : 'mul' 'add' 'sub' 'select'> <InPorts = 0> <OutPorts = 1> <Sync> <CReg>
ST_5 : Operation 908 [2/2] (0.64ns) (root node of the DSP)   --->   "%add_ln840_73 = add i11 %add_ln840_72, i11 %sext_ln1494_199"   --->   Operation 908 'add' 'add_ln840_73' <Predicate = (!icmp_ln249)> <Delay = 0.64> <CoreInst = "DSP48">   --->   Core 127 'DSP48' <Latency = 3> <II = 1> <Delay = 0.53> <IPBlock> <Opcode : 'mul' 'add' 'sub' 'select'> <InPorts = 0> <OutPorts = 1> <Sync> <CReg>
ST_5 : Operation 909 [1/2] (0.64ns) (root node of the DSP)   --->   "%add_ln840_74 = add i11 %sext_ln1494_202, i11 %sext_ln1494_203"   --->   Operation 909 'add' 'add_ln840_74' <Predicate = (!icmp_ln249)> <Delay = 0.64> <CoreInst = "DSP48">   --->   Core 127 'DSP48' <Latency = 3> <II = 1> <Delay = 0.53> <IPBlock> <Opcode : 'mul' 'add' 'sub' 'select'> <InPorts = 0> <OutPorts = 1> <Sync> <CReg>
ST_5 : Operation 910 [2/2] (0.64ns) (root node of the DSP)   --->   "%add_ln840_75 = add i11 %add_ln840_74, i11 %sext_ln1494_201"   --->   Operation 910 'add' 'add_ln840_75' <Predicate = (!icmp_ln249)> <Delay = 0.64> <CoreInst = "DSP48">   --->   Core 127 'DSP48' <Latency = 3> <II = 1> <Delay = 0.53> <IPBlock> <Opcode : 'mul' 'add' 'sub' 'select'> <InPorts = 0> <OutPorts = 1> <Sync> <CReg>
ST_5 : Operation 911 [1/2] (0.64ns) (root node of the DSP)   --->   "%add_ln840_77 = add i11 %sext_ln1494_205, i11 %sext_ln1494_206"   --->   Operation 911 'add' 'add_ln840_77' <Predicate = (!icmp_ln249)> <Delay = 0.64> <CoreInst = "DSP48">   --->   Core 127 'DSP48' <Latency = 3> <II = 1> <Delay = 0.53> <IPBlock> <Opcode : 'mul' 'add' 'sub' 'select'> <InPorts = 0> <OutPorts = 1> <Sync> <CReg>
ST_5 : Operation 912 [2/2] (0.64ns) (root node of the DSP)   --->   "%add_ln840_78 = add i11 %add_ln840_77, i11 %sext_ln1494_204"   --->   Operation 912 'add' 'add_ln840_78' <Predicate = (!icmp_ln249)> <Delay = 0.64> <CoreInst = "DSP48">   --->   Core 127 'DSP48' <Latency = 3> <II = 1> <Delay = 0.53> <IPBlock> <Opcode : 'mul' 'add' 'sub' 'select'> <InPorts = 0> <OutPorts = 1> <Sync> <CReg>
ST_5 : Operation 913 [1/2] (0.64ns) (root node of the DSP)   --->   "%add_ln840_79 = add i11 %sext_ln1494_208, i11 %sext_ln1494_209"   --->   Operation 913 'add' 'add_ln840_79' <Predicate = (!icmp_ln249)> <Delay = 0.64> <CoreInst = "DSP48">   --->   Core 127 'DSP48' <Latency = 3> <II = 1> <Delay = 0.53> <IPBlock> <Opcode : 'mul' 'add' 'sub' 'select'> <InPorts = 0> <OutPorts = 1> <Sync> <CReg>
ST_5 : Operation 914 [2/2] (0.64ns) (root node of the DSP)   --->   "%add_ln840_80 = add i11 %add_ln840_79, i11 %sext_ln1494_207"   --->   Operation 914 'add' 'add_ln840_80' <Predicate = (!icmp_ln249)> <Delay = 0.64> <CoreInst = "DSP48">   --->   Core 127 'DSP48' <Latency = 3> <II = 1> <Delay = 0.53> <IPBlock> <Opcode : 'mul' 'add' 'sub' 'select'> <InPorts = 0> <OutPorts = 1> <Sync> <CReg>
ST_5 : Operation 915 [1/2] (0.64ns) (root node of the DSP)   --->   "%add_ln840_83 = add i11 %sext_ln1494_211, i11 %sext_ln1494_212"   --->   Operation 915 'add' 'add_ln840_83' <Predicate = (!icmp_ln249)> <Delay = 0.64> <CoreInst = "DSP48">   --->   Core 127 'DSP48' <Latency = 3> <II = 1> <Delay = 0.53> <IPBlock> <Opcode : 'mul' 'add' 'sub' 'select'> <InPorts = 0> <OutPorts = 1> <Sync> <CReg>
ST_5 : Operation 916 [2/2] (0.64ns) (root node of the DSP)   --->   "%add_ln840_84 = add i11 %add_ln840_83, i11 %sext_ln1494_210"   --->   Operation 916 'add' 'add_ln840_84' <Predicate = (!icmp_ln249)> <Delay = 0.64> <CoreInst = "DSP48">   --->   Core 127 'DSP48' <Latency = 3> <II = 1> <Delay = 0.53> <IPBlock> <Opcode : 'mul' 'add' 'sub' 'select'> <InPorts = 0> <OutPorts = 1> <Sync> <CReg>
ST_5 : Operation 917 [1/2] (0.64ns) (root node of the DSP)   --->   "%add_ln840_85 = add i11 %sext_ln1494_214, i11 %sext_ln1494_215"   --->   Operation 917 'add' 'add_ln840_85' <Predicate = (!icmp_ln249)> <Delay = 0.64> <CoreInst = "DSP48">   --->   Core 127 'DSP48' <Latency = 3> <II = 1> <Delay = 0.53> <IPBlock> <Opcode : 'mul' 'add' 'sub' 'select'> <InPorts = 0> <OutPorts = 1> <Sync> <CReg>
ST_5 : Operation 918 [2/2] (0.64ns) (root node of the DSP)   --->   "%add_ln840_86 = add i11 %add_ln840_85, i11 %sext_ln1494_213"   --->   Operation 918 'add' 'add_ln840_86' <Predicate = (!icmp_ln249)> <Delay = 0.64> <CoreInst = "DSP48">   --->   Core 127 'DSP48' <Latency = 3> <II = 1> <Delay = 0.53> <IPBlock> <Opcode : 'mul' 'add' 'sub' 'select'> <InPorts = 0> <OutPorts = 1> <Sync> <CReg>
ST_5 : Operation 919 [1/2] (0.64ns) (root node of the DSP)   --->   "%add_ln840_88 = add i11 %sext_ln1494_217, i11 %sext_ln1494_218"   --->   Operation 919 'add' 'add_ln840_88' <Predicate = (!icmp_ln249)> <Delay = 0.64> <CoreInst = "DSP48">   --->   Core 127 'DSP48' <Latency = 3> <II = 1> <Delay = 0.53> <IPBlock> <Opcode : 'mul' 'add' 'sub' 'select'> <InPorts = 0> <OutPorts = 1> <Sync> <CReg>
ST_5 : Operation 920 [2/2] (0.64ns) (root node of the DSP)   --->   "%add_ln840_89 = add i11 %add_ln840_88, i11 %sext_ln1494_216"   --->   Operation 920 'add' 'add_ln840_89' <Predicate = (!icmp_ln249)> <Delay = 0.64> <CoreInst = "DSP48">   --->   Core 127 'DSP48' <Latency = 3> <II = 1> <Delay = 0.53> <IPBlock> <Opcode : 'mul' 'add' 'sub' 'select'> <InPorts = 0> <OutPorts = 1> <Sync> <CReg>
ST_5 : Operation 921 [2/2] (0.64ns) (root node of the DSP)   --->   "%add_ln840_90 = add i11 %sext_ln1494_219, i11 %sext_ln1494_220"   --->   Operation 921 'add' 'add_ln840_90' <Predicate = (!icmp_ln249)> <Delay = 0.64> <CoreInst = "DSP48">   --->   Core 127 'DSP48' <Latency = 3> <II = 1> <Delay = 0.53> <IPBlock> <Opcode : 'mul' 'add' 'sub' 'select'> <InPorts = 0> <OutPorts = 1> <Sync> <CReg>
ST_5 : Operation 922 [2/2] (0.64ns) (root node of the DSP)   --->   "%add_ln840_91 = add i11 %sext_ln1494_221, i11 %sext_ln840_42"   --->   Operation 922 'add' 'add_ln840_91' <Predicate = (!icmp_ln249)> <Delay = 0.64> <CoreInst = "DSP48">   --->   Core 127 'DSP48' <Latency = 3> <II = 1> <Delay = 0.53> <IPBlock> <Opcode : 'mul' 'add' 'sub' 'select'> <InPorts = 0> <OutPorts = 1> <Sync> <CReg>
ST_5 : Operation 923 [1/3] (0.00ns) (grouped into DSP with root node add_ln840_97)   --->   "%ret_V_101 = mul i10 %sext_ln1494_1, i10 %sext_ln1494_101"   --->   Operation 923 'mul' 'ret_V_101' <Predicate = (!icmp_ln249)> <Delay = 0.00> <CoreInst = "DSP48">   --->   Core 127 'DSP48' <Latency = 3> <II = 1> <Delay = 0.53> <IPBlock> <Opcode : 'mul' 'add' 'sub' 'select'> <InPorts = 0> <OutPorts = 1> <Sync> <CReg>
ST_5 : Operation 924 [1/1] (0.00ns) (grouped into DSP with root node add_ln840_97)   --->   "%sext_ln1494_223 = sext i10 %ret_V_101"   --->   Operation 924 'sext' 'sext_ln1494_223' <Predicate = (!icmp_ln249)> <Delay = 0.00>
ST_5 : Operation 925 [1/3] (0.00ns) (grouped into DSP with root node add_ln840_99)   --->   "%ret_V_103 = mul i10 %sext_ln1494_3, i10 %sext_ln1494_103"   --->   Operation 925 'mul' 'ret_V_103' <Predicate = (!icmp_ln249)> <Delay = 0.00> <CoreInst = "DSP48">   --->   Core 127 'DSP48' <Latency = 3> <II = 1> <Delay = 0.53> <IPBlock> <Opcode : 'mul' 'add' 'sub' 'select'> <InPorts = 0> <OutPorts = 1> <Sync> <CReg>
ST_5 : Operation 926 [1/1] (0.00ns) (grouped into DSP with root node add_ln840_99)   --->   "%sext_ln1494_225 = sext i10 %ret_V_103"   --->   Operation 926 'sext' 'sext_ln1494_225' <Predicate = (!icmp_ln249)> <Delay = 0.00>
ST_5 : Operation 927 [1/3] (0.00ns) (grouped into DSP with root node add_ln840_102)   --->   "%ret_V_106 = mul i10 %sext_ln1494_6, i10 %sext_ln1494_106"   --->   Operation 927 'mul' 'ret_V_106' <Predicate = (!icmp_ln249)> <Delay = 0.00> <CoreInst = "DSP48">   --->   Core 127 'DSP48' <Latency = 3> <II = 1> <Delay = 0.53> <IPBlock> <Opcode : 'mul' 'add' 'sub' 'select'> <InPorts = 0> <OutPorts = 1> <Sync> <CReg>
ST_5 : Operation 928 [1/1] (0.00ns) (grouped into DSP with root node add_ln840_102)   --->   "%sext_ln1494_228 = sext i10 %ret_V_106"   --->   Operation 928 'sext' 'sext_ln1494_228' <Predicate = (!icmp_ln249)> <Delay = 0.00>
ST_5 : Operation 929 [1/3] (0.00ns) (grouped into DSP with root node add_ln840_104)   --->   "%ret_V_109 = mul i10 %sext_ln1494_9, i10 %sext_ln1494_109"   --->   Operation 929 'mul' 'ret_V_109' <Predicate = (!icmp_ln249)> <Delay = 0.00> <CoreInst = "DSP48">   --->   Core 127 'DSP48' <Latency = 3> <II = 1> <Delay = 0.53> <IPBlock> <Opcode : 'mul' 'add' 'sub' 'select'> <InPorts = 0> <OutPorts = 1> <Sync> <CReg>
ST_5 : Operation 930 [1/1] (0.00ns) (grouped into DSP with root node add_ln840_104)   --->   "%sext_ln1494_231 = sext i10 %ret_V_109"   --->   Operation 930 'sext' 'sext_ln1494_231' <Predicate = (!icmp_ln249)> <Delay = 0.00>
ST_5 : Operation 931 [1/3] (0.00ns) (grouped into DSP with root node add_ln840_108)   --->   "%ret_V_112 = mul i10 %sext_ln1494_12, i10 %sext_ln1494_112"   --->   Operation 931 'mul' 'ret_V_112' <Predicate = (!icmp_ln249)> <Delay = 0.00> <CoreInst = "DSP48">   --->   Core 127 'DSP48' <Latency = 3> <II = 1> <Delay = 0.53> <IPBlock> <Opcode : 'mul' 'add' 'sub' 'select'> <InPorts = 0> <OutPorts = 1> <Sync> <CReg>
ST_5 : Operation 932 [1/1] (0.00ns) (grouped into DSP with root node add_ln840_108)   --->   "%sext_ln1494_234 = sext i10 %ret_V_112"   --->   Operation 932 'sext' 'sext_ln1494_234' <Predicate = (!icmp_ln249)> <Delay = 0.00>
ST_5 : Operation 933 [1/3] (0.00ns) (grouped into DSP with root node add_ln840_110)   --->   "%ret_V_115 = mul i10 %sext_ln1494_15, i10 %sext_ln1494_115"   --->   Operation 933 'mul' 'ret_V_115' <Predicate = (!icmp_ln249)> <Delay = 0.00> <CoreInst = "DSP48">   --->   Core 127 'DSP48' <Latency = 3> <II = 1> <Delay = 0.53> <IPBlock> <Opcode : 'mul' 'add' 'sub' 'select'> <InPorts = 0> <OutPorts = 1> <Sync> <CReg>
ST_5 : Operation 934 [1/1] (0.00ns) (grouped into DSP with root node add_ln840_110)   --->   "%sext_ln1494_237 = sext i10 %ret_V_115"   --->   Operation 934 'sext' 'sext_ln1494_237' <Predicate = (!icmp_ln249)> <Delay = 0.00>
ST_5 : Operation 935 [1/3] (0.00ns) (grouped into DSP with root node add_ln840_113)   --->   "%ret_V_118 = mul i10 %sext_ln1494_18, i10 %sext_ln1494_118"   --->   Operation 935 'mul' 'ret_V_118' <Predicate = (!icmp_ln249)> <Delay = 0.00> <CoreInst = "DSP48">   --->   Core 127 'DSP48' <Latency = 3> <II = 1> <Delay = 0.53> <IPBlock> <Opcode : 'mul' 'add' 'sub' 'select'> <InPorts = 0> <OutPorts = 1> <Sync> <CReg>
ST_5 : Operation 936 [1/1] (0.00ns) (grouped into DSP with root node add_ln840_113)   --->   "%sext_ln1494_240 = sext i10 %ret_V_118"   --->   Operation 936 'sext' 'sext_ln1494_240' <Predicate = (!icmp_ln249)> <Delay = 0.00>
ST_5 : Operation 937 [1/1] (0.00ns)   --->   "%sext_ln1494_121 = sext i2 %local_temp_V_121"   --->   Operation 937 'sext' 'sext_ln1494_121' <Predicate = (!icmp_ln249)> <Delay = 0.00>
ST_5 : Operation 938 [1/1] (1.65ns)   --->   "%ret_V_121 = mul i10 %sext_ln1494_21, i10 %sext_ln1494_121"   --->   Operation 938 'mul' 'ret_V_121' <Predicate = (!icmp_ln249)> <Delay = 1.65> <CoreInst = "Multiplier">   --->   Core 3 'Multiplier' <Latency = 0> <II = 1> <Delay = 1.65> <FuncUnit> <Opcode : 'mul'> <InPorts = 2> <OutPorts = 1>
ST_5 : Operation 939 [1/1] (0.00ns)   --->   "%sext_ln1494_243 = sext i10 %ret_V_121"   --->   Operation 939 'sext' 'sext_ln1494_243' <Predicate = (!icmp_ln249)> <Delay = 0.00>
ST_5 : Operation 940 [1/3] (0.00ns) (grouped into DSP with root node add_ln840_114)   --->   "%ret_V_122 = mul i10 %sext_ln1494_22, i10 %sext_ln1494_122"   --->   Operation 940 'mul' 'ret_V_122' <Predicate = (!icmp_ln249)> <Delay = 0.00> <CoreInst = "DSP48">   --->   Core 127 'DSP48' <Latency = 3> <II = 1> <Delay = 0.53> <IPBlock> <Opcode : 'mul' 'add' 'sub' 'select'> <InPorts = 0> <OutPorts = 1> <Sync> <CReg>
ST_5 : Operation 941 [1/1] (0.00ns) (grouped into DSP with root node add_ln840_114)   --->   "%sext_ln1494_244 = sext i10 %ret_V_122"   --->   Operation 941 'sext' 'sext_ln1494_244' <Predicate = (!icmp_ln249)> <Delay = 0.00>
ST_5 : Operation 942 [1/1] (0.00ns)   --->   "%sext_ln1494_123 = sext i2 %local_temp_V_123"   --->   Operation 942 'sext' 'sext_ln1494_123' <Predicate = (!icmp_ln249)> <Delay = 0.00>
ST_5 : Operation 943 [1/1] (1.65ns)   --->   "%ret_V_123 = mul i10 %sext_ln1494_23, i10 %sext_ln1494_123"   --->   Operation 943 'mul' 'ret_V_123' <Predicate = (!icmp_ln249)> <Delay = 1.65> <CoreInst = "Multiplier">   --->   Core 3 'Multiplier' <Latency = 0> <II = 1> <Delay = 1.65> <FuncUnit> <Opcode : 'mul'> <InPorts = 2> <OutPorts = 1>
ST_5 : Operation 944 [1/1] (0.00ns)   --->   "%sext_ln1494_245 = sext i10 %ret_V_123"   --->   Operation 944 'sext' 'sext_ln1494_245' <Predicate = (!icmp_ln249)> <Delay = 0.00>
ST_5 : Operation 945 [1/3] (0.00ns) (grouped into DSP with root node add_ln840_115)   --->   "%ret_V_124 = mul i10 %sext_ln1494_24, i10 %sext_ln1494_124"   --->   Operation 945 'mul' 'ret_V_124' <Predicate = (!icmp_ln249)> <Delay = 0.00> <CoreInst = "DSP48">   --->   Core 127 'DSP48' <Latency = 3> <II = 1> <Delay = 0.53> <IPBlock> <Opcode : 'mul' 'add' 'sub' 'select'> <InPorts = 0> <OutPorts = 1> <Sync> <CReg>
ST_5 : Operation 946 [1/1] (0.00ns) (grouped into DSP with root node add_ln840_115)   --->   "%sext_ln840_56 = sext i10 %ret_V_124"   --->   Operation 946 'sext' 'sext_ln840_56' <Predicate = (!icmp_ln249)> <Delay = 0.00>
ST_5 : Operation 947 [1/2] (0.64ns) (root node of the DSP)   --->   "%add_ln840_96 = add i11 %sext_ln1494_222, i11 %sext_ln1494_224"   --->   Operation 947 'add' 'add_ln840_96' <Predicate = (!icmp_ln249)> <Delay = 0.64> <CoreInst = "DSP48">   --->   Core 127 'DSP48' <Latency = 3> <II = 1> <Delay = 0.53> <IPBlock> <Opcode : 'mul' 'add' 'sub' 'select'> <InPorts = 0> <OutPorts = 1> <Sync> <CReg>
ST_5 : Operation 948 [2/2] (0.64ns) (root node of the DSP)   --->   "%add_ln840_97 = add i11 %add_ln840_96, i11 %sext_ln1494_223"   --->   Operation 948 'add' 'add_ln840_97' <Predicate = (!icmp_ln249)> <Delay = 0.64> <CoreInst = "DSP48">   --->   Core 127 'DSP48' <Latency = 3> <II = 1> <Delay = 0.53> <IPBlock> <Opcode : 'mul' 'add' 'sub' 'select'> <InPorts = 0> <OutPorts = 1> <Sync> <CReg>
ST_5 : Operation 949 [1/2] (0.64ns) (root node of the DSP)   --->   "%add_ln840_98 = add i11 %sext_ln1494_226, i11 %sext_ln1494_227"   --->   Operation 949 'add' 'add_ln840_98' <Predicate = (!icmp_ln249)> <Delay = 0.64> <CoreInst = "DSP48">   --->   Core 127 'DSP48' <Latency = 3> <II = 1> <Delay = 0.53> <IPBlock> <Opcode : 'mul' 'add' 'sub' 'select'> <InPorts = 0> <OutPorts = 1> <Sync> <CReg>
ST_5 : Operation 950 [2/2] (0.64ns) (root node of the DSP)   --->   "%add_ln840_99 = add i11 %add_ln840_98, i11 %sext_ln1494_225"   --->   Operation 950 'add' 'add_ln840_99' <Predicate = (!icmp_ln249)> <Delay = 0.64> <CoreInst = "DSP48">   --->   Core 127 'DSP48' <Latency = 3> <II = 1> <Delay = 0.53> <IPBlock> <Opcode : 'mul' 'add' 'sub' 'select'> <InPorts = 0> <OutPorts = 1> <Sync> <CReg>
ST_5 : Operation 951 [1/2] (0.64ns) (root node of the DSP)   --->   "%add_ln840_101 = add i11 %sext_ln1494_229, i11 %sext_ln1494_230"   --->   Operation 951 'add' 'add_ln840_101' <Predicate = (!icmp_ln249)> <Delay = 0.64> <CoreInst = "DSP48">   --->   Core 127 'DSP48' <Latency = 3> <II = 1> <Delay = 0.53> <IPBlock> <Opcode : 'mul' 'add' 'sub' 'select'> <InPorts = 0> <OutPorts = 1> <Sync> <CReg>
ST_5 : Operation 952 [2/2] (0.64ns) (root node of the DSP)   --->   "%add_ln840_102 = add i11 %add_ln840_101, i11 %sext_ln1494_228"   --->   Operation 952 'add' 'add_ln840_102' <Predicate = (!icmp_ln249)> <Delay = 0.64> <CoreInst = "DSP48">   --->   Core 127 'DSP48' <Latency = 3> <II = 1> <Delay = 0.53> <IPBlock> <Opcode : 'mul' 'add' 'sub' 'select'> <InPorts = 0> <OutPorts = 1> <Sync> <CReg>
ST_5 : Operation 953 [1/2] (0.64ns) (root node of the DSP)   --->   "%add_ln840_103 = add i11 %sext_ln1494_232, i11 %sext_ln1494_233"   --->   Operation 953 'add' 'add_ln840_103' <Predicate = (!icmp_ln249)> <Delay = 0.64> <CoreInst = "DSP48">   --->   Core 127 'DSP48' <Latency = 3> <II = 1> <Delay = 0.53> <IPBlock> <Opcode : 'mul' 'add' 'sub' 'select'> <InPorts = 0> <OutPorts = 1> <Sync> <CReg>
ST_5 : Operation 954 [2/2] (0.64ns) (root node of the DSP)   --->   "%add_ln840_104 = add i11 %add_ln840_103, i11 %sext_ln1494_231"   --->   Operation 954 'add' 'add_ln840_104' <Predicate = (!icmp_ln249)> <Delay = 0.64> <CoreInst = "DSP48">   --->   Core 127 'DSP48' <Latency = 3> <II = 1> <Delay = 0.53> <IPBlock> <Opcode : 'mul' 'add' 'sub' 'select'> <InPorts = 0> <OutPorts = 1> <Sync> <CReg>
ST_5 : Operation 955 [1/2] (0.64ns) (root node of the DSP)   --->   "%add_ln840_107 = add i11 %sext_ln1494_235, i11 %sext_ln1494_236"   --->   Operation 955 'add' 'add_ln840_107' <Predicate = (!icmp_ln249)> <Delay = 0.64> <CoreInst = "DSP48">   --->   Core 127 'DSP48' <Latency = 3> <II = 1> <Delay = 0.53> <IPBlock> <Opcode : 'mul' 'add' 'sub' 'select'> <InPorts = 0> <OutPorts = 1> <Sync> <CReg>
ST_5 : Operation 956 [2/2] (0.64ns) (root node of the DSP)   --->   "%add_ln840_108 = add i11 %add_ln840_107, i11 %sext_ln1494_234"   --->   Operation 956 'add' 'add_ln840_108' <Predicate = (!icmp_ln249)> <Delay = 0.64> <CoreInst = "DSP48">   --->   Core 127 'DSP48' <Latency = 3> <II = 1> <Delay = 0.53> <IPBlock> <Opcode : 'mul' 'add' 'sub' 'select'> <InPorts = 0> <OutPorts = 1> <Sync> <CReg>
ST_5 : Operation 957 [1/2] (0.64ns) (root node of the DSP)   --->   "%add_ln840_109 = add i11 %sext_ln1494_238, i11 %sext_ln1494_239"   --->   Operation 957 'add' 'add_ln840_109' <Predicate = (!icmp_ln249)> <Delay = 0.64> <CoreInst = "DSP48">   --->   Core 127 'DSP48' <Latency = 3> <II = 1> <Delay = 0.53> <IPBlock> <Opcode : 'mul' 'add' 'sub' 'select'> <InPorts = 0> <OutPorts = 1> <Sync> <CReg>
ST_5 : Operation 958 [2/2] (0.64ns) (root node of the DSP)   --->   "%add_ln840_110 = add i11 %add_ln840_109, i11 %sext_ln1494_237"   --->   Operation 958 'add' 'add_ln840_110' <Predicate = (!icmp_ln249)> <Delay = 0.64> <CoreInst = "DSP48">   --->   Core 127 'DSP48' <Latency = 3> <II = 1> <Delay = 0.53> <IPBlock> <Opcode : 'mul' 'add' 'sub' 'select'> <InPorts = 0> <OutPorts = 1> <Sync> <CReg>
ST_5 : Operation 959 [1/2] (0.64ns) (root node of the DSP)   --->   "%add_ln840_112 = add i11 %sext_ln1494_241, i11 %sext_ln1494_242"   --->   Operation 959 'add' 'add_ln840_112' <Predicate = (!icmp_ln249)> <Delay = 0.64> <CoreInst = "DSP48">   --->   Core 127 'DSP48' <Latency = 3> <II = 1> <Delay = 0.53> <IPBlock> <Opcode : 'mul' 'add' 'sub' 'select'> <InPorts = 0> <OutPorts = 1> <Sync> <CReg>
ST_5 : Operation 960 [2/2] (0.64ns) (root node of the DSP)   --->   "%add_ln840_113 = add i11 %add_ln840_112, i11 %sext_ln1494_240"   --->   Operation 960 'add' 'add_ln840_113' <Predicate = (!icmp_ln249)> <Delay = 0.64> <CoreInst = "DSP48">   --->   Core 127 'DSP48' <Latency = 3> <II = 1> <Delay = 0.53> <IPBlock> <Opcode : 'mul' 'add' 'sub' 'select'> <InPorts = 0> <OutPorts = 1> <Sync> <CReg>
ST_5 : Operation 961 [2/2] (0.64ns) (root node of the DSP)   --->   "%add_ln840_114 = add i11 %sext_ln1494_243, i11 %sext_ln1494_244"   --->   Operation 961 'add' 'add_ln840_114' <Predicate = (!icmp_ln249)> <Delay = 0.64> <CoreInst = "DSP48">   --->   Core 127 'DSP48' <Latency = 3> <II = 1> <Delay = 0.53> <IPBlock> <Opcode : 'mul' 'add' 'sub' 'select'> <InPorts = 0> <OutPorts = 1> <Sync> <CReg>
ST_5 : Operation 962 [2/2] (0.64ns) (root node of the DSP)   --->   "%add_ln840_115 = add i11 %sext_ln1494_245, i11 %sext_ln840_56"   --->   Operation 962 'add' 'add_ln840_115' <Predicate = (!icmp_ln249)> <Delay = 0.64> <CoreInst = "DSP48">   --->   Core 127 'DSP48' <Latency = 3> <II = 1> <Delay = 0.53> <IPBlock> <Opcode : 'mul' 'add' 'sub' 'select'> <InPorts = 0> <OutPorts = 1> <Sync> <CReg>
ST_5 : Operation 963 [1/3] (0.00ns) (grouped into DSP with root node add_ln840_121)   --->   "%ret_V_126 = mul i10 %sext_ln1494_1, i10 %sext_ln1494_126"   --->   Operation 963 'mul' 'ret_V_126' <Predicate = (!icmp_ln249)> <Delay = 0.00> <CoreInst = "DSP48">   --->   Core 127 'DSP48' <Latency = 3> <II = 1> <Delay = 0.53> <IPBlock> <Opcode : 'mul' 'add' 'sub' 'select'> <InPorts = 0> <OutPorts = 1> <Sync> <CReg>
ST_5 : Operation 964 [1/1] (0.00ns) (grouped into DSP with root node add_ln840_121)   --->   "%sext_ln1494_247 = sext i10 %ret_V_126"   --->   Operation 964 'sext' 'sext_ln1494_247' <Predicate = (!icmp_ln249)> <Delay = 0.00>
ST_5 : Operation 965 [1/3] (0.00ns) (grouped into DSP with root node add_ln840_123)   --->   "%ret_V_128 = mul i10 %sext_ln1494_3, i10 %sext_ln1494_128"   --->   Operation 965 'mul' 'ret_V_128' <Predicate = (!icmp_ln249)> <Delay = 0.00> <CoreInst = "DSP48">   --->   Core 127 'DSP48' <Latency = 3> <II = 1> <Delay = 0.53> <IPBlock> <Opcode : 'mul' 'add' 'sub' 'select'> <InPorts = 0> <OutPorts = 1> <Sync> <CReg>
ST_5 : Operation 966 [1/1] (0.00ns) (grouped into DSP with root node add_ln840_123)   --->   "%sext_ln1494_249 = sext i10 %ret_V_128"   --->   Operation 966 'sext' 'sext_ln1494_249' <Predicate = (!icmp_ln249)> <Delay = 0.00>
ST_5 : Operation 967 [1/3] (0.00ns) (grouped into DSP with root node add_ln840_126)   --->   "%ret_V_131 = mul i10 %sext_ln1494_6, i10 %sext_ln1494_131"   --->   Operation 967 'mul' 'ret_V_131' <Predicate = (!icmp_ln249)> <Delay = 0.00> <CoreInst = "DSP48">   --->   Core 127 'DSP48' <Latency = 3> <II = 1> <Delay = 0.53> <IPBlock> <Opcode : 'mul' 'add' 'sub' 'select'> <InPorts = 0> <OutPorts = 1> <Sync> <CReg>
ST_5 : Operation 968 [1/1] (0.00ns) (grouped into DSP with root node add_ln840_126)   --->   "%sext_ln1494_252 = sext i10 %ret_V_131"   --->   Operation 968 'sext' 'sext_ln1494_252' <Predicate = (!icmp_ln249)> <Delay = 0.00>
ST_5 : Operation 969 [1/3] (0.00ns) (grouped into DSP with root node add_ln840_128)   --->   "%ret_V_134 = mul i10 %sext_ln1494_9, i10 %sext_ln1494_134"   --->   Operation 969 'mul' 'ret_V_134' <Predicate = (!icmp_ln249)> <Delay = 0.00> <CoreInst = "DSP48">   --->   Core 127 'DSP48' <Latency = 3> <II = 1> <Delay = 0.53> <IPBlock> <Opcode : 'mul' 'add' 'sub' 'select'> <InPorts = 0> <OutPorts = 1> <Sync> <CReg>
ST_5 : Operation 970 [1/1] (0.00ns) (grouped into DSP with root node add_ln840_128)   --->   "%sext_ln1494_255 = sext i10 %ret_V_134"   --->   Operation 970 'sext' 'sext_ln1494_255' <Predicate = (!icmp_ln249)> <Delay = 0.00>
ST_5 : Operation 971 [1/3] (0.00ns) (grouped into DSP with root node add_ln840_132)   --->   "%ret_V_137 = mul i10 %sext_ln1494_12, i10 %sext_ln1494_137"   --->   Operation 971 'mul' 'ret_V_137' <Predicate = (!icmp_ln249)> <Delay = 0.00> <CoreInst = "DSP48">   --->   Core 127 'DSP48' <Latency = 3> <II = 1> <Delay = 0.53> <IPBlock> <Opcode : 'mul' 'add' 'sub' 'select'> <InPorts = 0> <OutPorts = 1> <Sync> <CReg>
ST_5 : Operation 972 [1/1] (0.00ns) (grouped into DSP with root node add_ln840_132)   --->   "%sext_ln1494_258 = sext i10 %ret_V_137"   --->   Operation 972 'sext' 'sext_ln1494_258' <Predicate = (!icmp_ln249)> <Delay = 0.00>
ST_5 : Operation 973 [1/3] (0.00ns) (grouped into DSP with root node add_ln840_134)   --->   "%ret_V_140 = mul i10 %sext_ln1494_15, i10 %sext_ln1494_140"   --->   Operation 973 'mul' 'ret_V_140' <Predicate = (!icmp_ln249)> <Delay = 0.00> <CoreInst = "DSP48">   --->   Core 127 'DSP48' <Latency = 3> <II = 1> <Delay = 0.53> <IPBlock> <Opcode : 'mul' 'add' 'sub' 'select'> <InPorts = 0> <OutPorts = 1> <Sync> <CReg>
ST_5 : Operation 974 [1/1] (0.00ns) (grouped into DSP with root node add_ln840_134)   --->   "%sext_ln1494_261 = sext i10 %ret_V_140"   --->   Operation 974 'sext' 'sext_ln1494_261' <Predicate = (!icmp_ln249)> <Delay = 0.00>
ST_5 : Operation 975 [1/3] (0.00ns) (grouped into DSP with root node add_ln840_137)   --->   "%ret_V_143 = mul i10 %sext_ln1494_18, i10 %sext_ln1494_143"   --->   Operation 975 'mul' 'ret_V_143' <Predicate = (!icmp_ln249)> <Delay = 0.00> <CoreInst = "DSP48">   --->   Core 127 'DSP48' <Latency = 3> <II = 1> <Delay = 0.53> <IPBlock> <Opcode : 'mul' 'add' 'sub' 'select'> <InPorts = 0> <OutPorts = 1> <Sync> <CReg>
ST_5 : Operation 976 [1/1] (0.00ns) (grouped into DSP with root node add_ln840_137)   --->   "%sext_ln1494_264 = sext i10 %ret_V_143"   --->   Operation 976 'sext' 'sext_ln1494_264' <Predicate = (!icmp_ln249)> <Delay = 0.00>
ST_5 : Operation 977 [1/1] (0.00ns)   --->   "%sext_ln1494_146 = sext i2 %local_temp_V_146"   --->   Operation 977 'sext' 'sext_ln1494_146' <Predicate = (!icmp_ln249)> <Delay = 0.00>
ST_5 : Operation 978 [1/1] (1.65ns)   --->   "%ret_V_146 = mul i10 %sext_ln1494_21, i10 %sext_ln1494_146"   --->   Operation 978 'mul' 'ret_V_146' <Predicate = (!icmp_ln249)> <Delay = 1.65> <CoreInst = "Multiplier">   --->   Core 3 'Multiplier' <Latency = 0> <II = 1> <Delay = 1.65> <FuncUnit> <Opcode : 'mul'> <InPorts = 2> <OutPorts = 1>
ST_5 : Operation 979 [1/1] (0.00ns)   --->   "%sext_ln1494_267 = sext i10 %ret_V_146"   --->   Operation 979 'sext' 'sext_ln1494_267' <Predicate = (!icmp_ln249)> <Delay = 0.00>
ST_5 : Operation 980 [1/3] (0.00ns) (grouped into DSP with root node add_ln840_138)   --->   "%ret_V_147 = mul i10 %sext_ln1494_22, i10 %sext_ln1494_147"   --->   Operation 980 'mul' 'ret_V_147' <Predicate = (!icmp_ln249)> <Delay = 0.00> <CoreInst = "DSP48">   --->   Core 127 'DSP48' <Latency = 3> <II = 1> <Delay = 0.53> <IPBlock> <Opcode : 'mul' 'add' 'sub' 'select'> <InPorts = 0> <OutPorts = 1> <Sync> <CReg>
ST_5 : Operation 981 [1/1] (0.00ns) (grouped into DSP with root node add_ln840_138)   --->   "%sext_ln1494_268 = sext i10 %ret_V_147"   --->   Operation 981 'sext' 'sext_ln1494_268' <Predicate = (!icmp_ln249)> <Delay = 0.00>
ST_5 : Operation 982 [1/1] (0.00ns)   --->   "%sext_ln1494_148 = sext i2 %local_temp_V_148"   --->   Operation 982 'sext' 'sext_ln1494_148' <Predicate = (!icmp_ln249)> <Delay = 0.00>
ST_5 : Operation 983 [1/1] (1.65ns)   --->   "%ret_V_148 = mul i10 %sext_ln1494_23, i10 %sext_ln1494_148"   --->   Operation 983 'mul' 'ret_V_148' <Predicate = (!icmp_ln249)> <Delay = 1.65> <CoreInst = "Multiplier">   --->   Core 3 'Multiplier' <Latency = 0> <II = 1> <Delay = 1.65> <FuncUnit> <Opcode : 'mul'> <InPorts = 2> <OutPorts = 1>
ST_5 : Operation 984 [1/1] (0.00ns)   --->   "%sext_ln1494_269 = sext i10 %ret_V_148"   --->   Operation 984 'sext' 'sext_ln1494_269' <Predicate = (!icmp_ln249)> <Delay = 0.00>
ST_5 : Operation 985 [1/3] (0.00ns) (grouped into DSP with root node add_ln840_139)   --->   "%ret_V_149 = mul i10 %sext_ln1494_24, i10 %sext_ln1494_149"   --->   Operation 985 'mul' 'ret_V_149' <Predicate = (!icmp_ln249)> <Delay = 0.00> <CoreInst = "DSP48">   --->   Core 127 'DSP48' <Latency = 3> <II = 1> <Delay = 0.53> <IPBlock> <Opcode : 'mul' 'add' 'sub' 'select'> <InPorts = 0> <OutPorts = 1> <Sync> <CReg>
ST_5 : Operation 986 [1/1] (0.00ns) (grouped into DSP with root node add_ln840_139)   --->   "%sext_ln840_70 = sext i10 %ret_V_149"   --->   Operation 986 'sext' 'sext_ln840_70' <Predicate = (!icmp_ln249)> <Delay = 0.00>
ST_5 : Operation 987 [1/2] (0.64ns) (root node of the DSP)   --->   "%add_ln840_120 = add i11 %sext_ln1494_246, i11 %sext_ln1494_248"   --->   Operation 987 'add' 'add_ln840_120' <Predicate = (!icmp_ln249)> <Delay = 0.64> <CoreInst = "DSP48">   --->   Core 127 'DSP48' <Latency = 3> <II = 1> <Delay = 0.53> <IPBlock> <Opcode : 'mul' 'add' 'sub' 'select'> <InPorts = 0> <OutPorts = 1> <Sync> <CReg>
ST_5 : Operation 988 [2/2] (0.64ns) (root node of the DSP)   --->   "%add_ln840_121 = add i11 %add_ln840_120, i11 %sext_ln1494_247"   --->   Operation 988 'add' 'add_ln840_121' <Predicate = (!icmp_ln249)> <Delay = 0.64> <CoreInst = "DSP48">   --->   Core 127 'DSP48' <Latency = 3> <II = 1> <Delay = 0.53> <IPBlock> <Opcode : 'mul' 'add' 'sub' 'select'> <InPorts = 0> <OutPorts = 1> <Sync> <CReg>
ST_5 : Operation 989 [1/2] (0.64ns) (root node of the DSP)   --->   "%add_ln840_122 = add i11 %sext_ln1494_250, i11 %sext_ln1494_251"   --->   Operation 989 'add' 'add_ln840_122' <Predicate = (!icmp_ln249)> <Delay = 0.64> <CoreInst = "DSP48">   --->   Core 127 'DSP48' <Latency = 3> <II = 1> <Delay = 0.53> <IPBlock> <Opcode : 'mul' 'add' 'sub' 'select'> <InPorts = 0> <OutPorts = 1> <Sync> <CReg>
ST_5 : Operation 990 [2/2] (0.64ns) (root node of the DSP)   --->   "%add_ln840_123 = add i11 %add_ln840_122, i11 %sext_ln1494_249"   --->   Operation 990 'add' 'add_ln840_123' <Predicate = (!icmp_ln249)> <Delay = 0.64> <CoreInst = "DSP48">   --->   Core 127 'DSP48' <Latency = 3> <II = 1> <Delay = 0.53> <IPBlock> <Opcode : 'mul' 'add' 'sub' 'select'> <InPorts = 0> <OutPorts = 1> <Sync> <CReg>
ST_5 : Operation 991 [1/2] (0.64ns) (root node of the DSP)   --->   "%add_ln840_125 = add i11 %sext_ln1494_253, i11 %sext_ln1494_254"   --->   Operation 991 'add' 'add_ln840_125' <Predicate = (!icmp_ln249)> <Delay = 0.64> <CoreInst = "DSP48">   --->   Core 127 'DSP48' <Latency = 3> <II = 1> <Delay = 0.53> <IPBlock> <Opcode : 'mul' 'add' 'sub' 'select'> <InPorts = 0> <OutPorts = 1> <Sync> <CReg>
ST_5 : Operation 992 [2/2] (0.64ns) (root node of the DSP)   --->   "%add_ln840_126 = add i11 %add_ln840_125, i11 %sext_ln1494_252"   --->   Operation 992 'add' 'add_ln840_126' <Predicate = (!icmp_ln249)> <Delay = 0.64> <CoreInst = "DSP48">   --->   Core 127 'DSP48' <Latency = 3> <II = 1> <Delay = 0.53> <IPBlock> <Opcode : 'mul' 'add' 'sub' 'select'> <InPorts = 0> <OutPorts = 1> <Sync> <CReg>
ST_5 : Operation 993 [1/2] (0.64ns) (root node of the DSP)   --->   "%add_ln840_127 = add i11 %sext_ln1494_256, i11 %sext_ln1494_257"   --->   Operation 993 'add' 'add_ln840_127' <Predicate = (!icmp_ln249)> <Delay = 0.64> <CoreInst = "DSP48">   --->   Core 127 'DSP48' <Latency = 3> <II = 1> <Delay = 0.53> <IPBlock> <Opcode : 'mul' 'add' 'sub' 'select'> <InPorts = 0> <OutPorts = 1> <Sync> <CReg>
ST_5 : Operation 994 [2/2] (0.64ns) (root node of the DSP)   --->   "%add_ln840_128 = add i11 %add_ln840_127, i11 %sext_ln1494_255"   --->   Operation 994 'add' 'add_ln840_128' <Predicate = (!icmp_ln249)> <Delay = 0.64> <CoreInst = "DSP48">   --->   Core 127 'DSP48' <Latency = 3> <II = 1> <Delay = 0.53> <IPBlock> <Opcode : 'mul' 'add' 'sub' 'select'> <InPorts = 0> <OutPorts = 1> <Sync> <CReg>
ST_5 : Operation 995 [1/2] (0.64ns) (root node of the DSP)   --->   "%add_ln840_131 = add i11 %sext_ln1494_259, i11 %sext_ln1494_260"   --->   Operation 995 'add' 'add_ln840_131' <Predicate = (!icmp_ln249)> <Delay = 0.64> <CoreInst = "DSP48">   --->   Core 127 'DSP48' <Latency = 3> <II = 1> <Delay = 0.53> <IPBlock> <Opcode : 'mul' 'add' 'sub' 'select'> <InPorts = 0> <OutPorts = 1> <Sync> <CReg>
ST_5 : Operation 996 [2/2] (0.64ns) (root node of the DSP)   --->   "%add_ln840_132 = add i11 %add_ln840_131, i11 %sext_ln1494_258"   --->   Operation 996 'add' 'add_ln840_132' <Predicate = (!icmp_ln249)> <Delay = 0.64> <CoreInst = "DSP48">   --->   Core 127 'DSP48' <Latency = 3> <II = 1> <Delay = 0.53> <IPBlock> <Opcode : 'mul' 'add' 'sub' 'select'> <InPorts = 0> <OutPorts = 1> <Sync> <CReg>
ST_5 : Operation 997 [1/2] (0.64ns) (root node of the DSP)   --->   "%add_ln840_133 = add i11 %sext_ln1494_262, i11 %sext_ln1494_263"   --->   Operation 997 'add' 'add_ln840_133' <Predicate = (!icmp_ln249)> <Delay = 0.64> <CoreInst = "DSP48">   --->   Core 127 'DSP48' <Latency = 3> <II = 1> <Delay = 0.53> <IPBlock> <Opcode : 'mul' 'add' 'sub' 'select'> <InPorts = 0> <OutPorts = 1> <Sync> <CReg>
ST_5 : Operation 998 [2/2] (0.64ns) (root node of the DSP)   --->   "%add_ln840_134 = add i11 %add_ln840_133, i11 %sext_ln1494_261"   --->   Operation 998 'add' 'add_ln840_134' <Predicate = (!icmp_ln249)> <Delay = 0.64> <CoreInst = "DSP48">   --->   Core 127 'DSP48' <Latency = 3> <II = 1> <Delay = 0.53> <IPBlock> <Opcode : 'mul' 'add' 'sub' 'select'> <InPorts = 0> <OutPorts = 1> <Sync> <CReg>
ST_5 : Operation 999 [1/2] (0.64ns) (root node of the DSP)   --->   "%add_ln840_136 = add i11 %sext_ln1494_265, i11 %sext_ln1494_266"   --->   Operation 999 'add' 'add_ln840_136' <Predicate = (!icmp_ln249)> <Delay = 0.64> <CoreInst = "DSP48">   --->   Core 127 'DSP48' <Latency = 3> <II = 1> <Delay = 0.53> <IPBlock> <Opcode : 'mul' 'add' 'sub' 'select'> <InPorts = 0> <OutPorts = 1> <Sync> <CReg>
ST_5 : Operation 1000 [2/2] (0.64ns) (root node of the DSP)   --->   "%add_ln840_137 = add i11 %add_ln840_136, i11 %sext_ln1494_264"   --->   Operation 1000 'add' 'add_ln840_137' <Predicate = (!icmp_ln249)> <Delay = 0.64> <CoreInst = "DSP48">   --->   Core 127 'DSP48' <Latency = 3> <II = 1> <Delay = 0.53> <IPBlock> <Opcode : 'mul' 'add' 'sub' 'select'> <InPorts = 0> <OutPorts = 1> <Sync> <CReg>
ST_5 : Operation 1001 [2/2] (0.64ns) (root node of the DSP)   --->   "%add_ln840_138 = add i11 %sext_ln1494_267, i11 %sext_ln1494_268"   --->   Operation 1001 'add' 'add_ln840_138' <Predicate = (!icmp_ln249)> <Delay = 0.64> <CoreInst = "DSP48">   --->   Core 127 'DSP48' <Latency = 3> <II = 1> <Delay = 0.53> <IPBlock> <Opcode : 'mul' 'add' 'sub' 'select'> <InPorts = 0> <OutPorts = 1> <Sync> <CReg>
ST_5 : Operation 1002 [2/2] (0.64ns) (root node of the DSP)   --->   "%add_ln840_139 = add i11 %sext_ln1494_269, i11 %sext_ln840_70"   --->   Operation 1002 'add' 'add_ln840_139' <Predicate = (!icmp_ln249)> <Delay = 0.64> <CoreInst = "DSP48">   --->   Core 127 'DSP48' <Latency = 3> <II = 1> <Delay = 0.53> <IPBlock> <Opcode : 'mul' 'add' 'sub' 'select'> <InPorts = 0> <OutPorts = 1> <Sync> <CReg>

State 6 <SV = 5> <Delay = 4.15>
ST_6 : Operation 1003 [1/1] (0.00ns)   --->   "%specpipeline_ln250 = specpipeline void @_ssdm_op_SpecPipeline, i32 1, i32 2, i32 0, i32 0, void @empty_1" [/home/changhong/prj/finn/deps/finn-hlslib/mvau.hpp:250]   --->   Operation 1003 'specpipeline' 'specpipeline_ln250' <Predicate = (!icmp_ln249)> <Delay = 0.00>
ST_6 : Operation 1004 [1/1] (0.00ns)   --->   "%specloopname_ln249 = specloopname void @_ssdm_op_SpecLoopName, void @empty_4" [/home/changhong/prj/finn/deps/finn-hlslib/mvau.hpp:249]   --->   Operation 1004 'specloopname' 'specloopname_ln249' <Predicate = (!icmp_ln249)> <Delay = 0.00>
ST_6 : Operation 1005 [1/2] (0.64ns) (root node of the DSP)   --->   "%add_ln840_1 = add i11 %add_ln840, i11 %sext_ln628_1"   --->   Operation 1005 'add' 'add_ln840_1' <Predicate = (!icmp_ln249)> <Delay = 0.64> <CoreInst = "DSP48">   --->   Core 127 'DSP48' <Latency = 3> <II = 1> <Delay = 0.53> <IPBlock> <Opcode : 'mul' 'add' 'sub' 'select'> <InPorts = 0> <OutPorts = 1> <Sync> <CReg>
ST_6 : Operation 1006 [1/1] (0.00ns)   --->   "%sext_ln840_1 = sext i11 %add_ln840_1"   --->   Operation 1006 'sext' 'sext_ln840_1' <Predicate = (!icmp_ln249)> <Delay = 0.00>
ST_6 : Operation 1007 [1/2] (0.64ns) (root node of the DSP)   --->   "%add_ln840_3 = add i11 %add_ln840_2, i11 %sext_ln628_3"   --->   Operation 1007 'add' 'add_ln840_3' <Predicate = (!icmp_ln249)> <Delay = 0.64> <CoreInst = "DSP48">   --->   Core 127 'DSP48' <Latency = 3> <II = 1> <Delay = 0.53> <IPBlock> <Opcode : 'mul' 'add' 'sub' 'select'> <InPorts = 0> <OutPorts = 1> <Sync> <CReg>
ST_6 : Operation 1008 [1/1] (0.00ns)   --->   "%sext_ln840_2 = sext i11 %add_ln840_3"   --->   Operation 1008 'sext' 'sext_ln840_2' <Predicate = (!icmp_ln249)> <Delay = 0.00>
ST_6 : Operation 1009 [1/1] (0.79ns)   --->   "%add_ln840_4 = add i12 %sext_ln840_2, i12 %sext_ln840_1"   --->   Operation 1009 'add' 'add_ln840_4' <Predicate = (!icmp_ln249)> <Delay = 0.79> <CoreInst = "Adder">   --->   Core 1 'Adder' <Latency = 0> <II = 1> <Delay = 0.79> <FuncUnit> <Opcode : 'add' 'sub'> <InPorts = 2> <OutPorts = 1>
ST_6 : Operation 1010 [1/1] (0.00ns)   --->   "%sext_ln840_3 = sext i12 %add_ln840_4"   --->   Operation 1010 'sext' 'sext_ln840_3' <Predicate = (!icmp_ln249)> <Delay = 0.00>
ST_6 : Operation 1011 [1/2] (0.64ns) (root node of the DSP)   --->   "%add_ln840_6 = add i11 %add_ln840_5, i11 %sext_ln628_6"   --->   Operation 1011 'add' 'add_ln840_6' <Predicate = (!icmp_ln249)> <Delay = 0.64> <CoreInst = "DSP48">   --->   Core 127 'DSP48' <Latency = 3> <II = 1> <Delay = 0.53> <IPBlock> <Opcode : 'mul' 'add' 'sub' 'select'> <InPorts = 0> <OutPorts = 1> <Sync> <CReg>
ST_6 : Operation 1012 [1/1] (0.00ns)   --->   "%sext_ln840_4 = sext i11 %add_ln840_6"   --->   Operation 1012 'sext' 'sext_ln840_4' <Predicate = (!icmp_ln249)> <Delay = 0.00>
ST_6 : Operation 1013 [1/2] (0.64ns) (root node of the DSP)   --->   "%add_ln840_8 = add i11 %add_ln840_7, i11 %sext_ln628_9"   --->   Operation 1013 'add' 'add_ln840_8' <Predicate = (!icmp_ln249)> <Delay = 0.64> <CoreInst = "DSP48">   --->   Core 127 'DSP48' <Latency = 3> <II = 1> <Delay = 0.53> <IPBlock> <Opcode : 'mul' 'add' 'sub' 'select'> <InPorts = 0> <OutPorts = 1> <Sync> <CReg>
ST_6 : Operation 1014 [1/1] (0.00ns)   --->   "%sext_ln840_5 = sext i11 %add_ln840_8"   --->   Operation 1014 'sext' 'sext_ln840_5' <Predicate = (!icmp_ln249)> <Delay = 0.00>
ST_6 : Operation 1015 [1/1] (0.79ns)   --->   "%add_ln840_9 = add i12 %sext_ln840_5, i12 %sext_ln840_4"   --->   Operation 1015 'add' 'add_ln840_9' <Predicate = (!icmp_ln249)> <Delay = 0.79> <CoreInst = "Adder">   --->   Core 1 'Adder' <Latency = 0> <II = 1> <Delay = 0.79> <FuncUnit> <Opcode : 'add' 'sub'> <InPorts = 2> <OutPorts = 1>
ST_6 : Operation 1016 [1/1] (0.00ns)   --->   "%sext_ln840_6 = sext i12 %add_ln840_9"   --->   Operation 1016 'sext' 'sext_ln840_6' <Predicate = (!icmp_ln249)> <Delay = 0.00>
ST_6 : Operation 1017 [1/1] (0.00ns) (grouped into TernaryAdder)   --->   "%add_ln840_10 = add i13 %sext_ln840_6, i13 %sext_ln840_3"   --->   Operation 1017 'add' 'add_ln840_10' <Predicate = (!icmp_ln249)> <Delay = 0.00> <CoreInst = "TAddSub">   --->   Core 10 'TAddSub' <Latency = 0> <II = 1> <Delay = 0.41> <IPBlock> <Opcode : 'add' 'sub'> <InPorts = 3> <OutPorts = 1> <Sync> <CReg>
ST_6 : Operation 1018 [1/2] (0.64ns) (root node of the DSP)   --->   "%add_ln840_12 = add i11 %add_ln840_11, i11 %sext_ln628_12"   --->   Operation 1018 'add' 'add_ln840_12' <Predicate = (!icmp_ln249)> <Delay = 0.64> <CoreInst = "DSP48">   --->   Core 127 'DSP48' <Latency = 3> <II = 1> <Delay = 0.53> <IPBlock> <Opcode : 'mul' 'add' 'sub' 'select'> <InPorts = 0> <OutPorts = 1> <Sync> <CReg>
ST_6 : Operation 1019 [1/1] (0.00ns)   --->   "%sext_ln840_7 = sext i11 %add_ln840_12"   --->   Operation 1019 'sext' 'sext_ln840_7' <Predicate = (!icmp_ln249)> <Delay = 0.00>
ST_6 : Operation 1020 [1/2] (0.64ns) (root node of the DSP)   --->   "%add_ln840_14 = add i11 %add_ln840_13, i11 %sext_ln628_15"   --->   Operation 1020 'add' 'add_ln840_14' <Predicate = (!icmp_ln249)> <Delay = 0.64> <CoreInst = "DSP48">   --->   Core 127 'DSP48' <Latency = 3> <II = 1> <Delay = 0.53> <IPBlock> <Opcode : 'mul' 'add' 'sub' 'select'> <InPorts = 0> <OutPorts = 1> <Sync> <CReg>
ST_6 : Operation 1021 [1/1] (0.00ns)   --->   "%sext_ln840_8 = sext i11 %add_ln840_14"   --->   Operation 1021 'sext' 'sext_ln840_8' <Predicate = (!icmp_ln249)> <Delay = 0.00>
ST_6 : Operation 1022 [1/1] (0.79ns)   --->   "%add_ln840_15 = add i12 %sext_ln840_8, i12 %sext_ln840_7"   --->   Operation 1022 'add' 'add_ln840_15' <Predicate = (!icmp_ln249)> <Delay = 0.79> <CoreInst = "Adder">   --->   Core 1 'Adder' <Latency = 0> <II = 1> <Delay = 0.79> <FuncUnit> <Opcode : 'add' 'sub'> <InPorts = 2> <OutPorts = 1>
ST_6 : Operation 1023 [1/1] (0.00ns)   --->   "%sext_ln840_9 = sext i12 %add_ln840_15"   --->   Operation 1023 'sext' 'sext_ln840_9' <Predicate = (!icmp_ln249)> <Delay = 0.00>
ST_6 : Operation 1024 [1/2] (0.64ns) (root node of the DSP)   --->   "%add_ln840_17 = add i11 %add_ln840_16, i11 %sext_ln628_18"   --->   Operation 1024 'add' 'add_ln840_17' <Predicate = (!icmp_ln249)> <Delay = 0.64> <CoreInst = "DSP48">   --->   Core 127 'DSP48' <Latency = 3> <II = 1> <Delay = 0.53> <IPBlock> <Opcode : 'mul' 'add' 'sub' 'select'> <InPorts = 0> <OutPorts = 1> <Sync> <CReg>
ST_6 : Operation 1025 [1/1] (0.00ns)   --->   "%sext_ln840_10 = sext i11 %add_ln840_17"   --->   Operation 1025 'sext' 'sext_ln840_10' <Predicate = (!icmp_ln249)> <Delay = 0.00>
ST_6 : Operation 1026 [1/2] (0.64ns) (root node of the DSP)   --->   "%add_ln840_18 = add i11 %sext_ln628_21, i11 %sext_ln628_22"   --->   Operation 1026 'add' 'add_ln840_18' <Predicate = (!icmp_ln249)> <Delay = 0.64> <CoreInst = "DSP48">   --->   Core 127 'DSP48' <Latency = 3> <II = 1> <Delay = 0.53> <IPBlock> <Opcode : 'mul' 'add' 'sub' 'select'> <InPorts = 0> <OutPorts = 1> <Sync> <CReg>
ST_6 : Operation 1027 [1/1] (0.00ns)   --->   "%sext_ln840_11 = sext i11 %add_ln840_18"   --->   Operation 1027 'sext' 'sext_ln840_11' <Predicate = (!icmp_ln249)> <Delay = 0.00>
ST_6 : Operation 1028 [1/2] (0.64ns) (root node of the DSP)   --->   "%add_ln840_19 = add i11 %sext_ln628_23, i11 %sext_ln840"   --->   Operation 1028 'add' 'add_ln840_19' <Predicate = (!icmp_ln249)> <Delay = 0.64> <CoreInst = "DSP48">   --->   Core 127 'DSP48' <Latency = 3> <II = 1> <Delay = 0.53> <IPBlock> <Opcode : 'mul' 'add' 'sub' 'select'> <InPorts = 0> <OutPorts = 1> <Sync> <CReg>
ST_6 : Operation 1029 [1/1] (0.00ns)   --->   "%sext_ln840_12 = sext i11 %add_ln840_19"   --->   Operation 1029 'sext' 'sext_ln840_12' <Predicate = (!icmp_ln249)> <Delay = 0.00>
ST_6 : Operation 1030 [1/1] (0.00ns) (grouped into TernaryAdder)   --->   "%add_ln840_20 = add i12 %sext_ln840_12, i12 %sext_ln840_11"   --->   Operation 1030 'add' 'add_ln840_20' <Predicate = (!icmp_ln249)> <Delay = 0.00> <CoreInst = "TAddSub">   --->   Core 10 'TAddSub' <Latency = 0> <II = 1> <Delay = 0.41> <IPBlock> <Opcode : 'add' 'sub'> <InPorts = 3> <OutPorts = 1> <Sync> <CReg>
ST_6 : Operation 1031 [1/1] (0.86ns) (root node of TernaryAdder)   --->   "%add_ln840_21 = add i12 %add_ln840_20, i12 %sext_ln840_10"   --->   Operation 1031 'add' 'add_ln840_21' <Predicate = (!icmp_ln249)> <Delay = 0.86> <CoreInst = "TAddSub">   --->   Core 10 'TAddSub' <Latency = 0> <II = 1> <Delay = 0.41> <IPBlock> <Opcode : 'add' 'sub'> <InPorts = 3> <OutPorts = 1> <Sync> <CReg>
ST_6 : Operation 1032 [1/1] (0.00ns)   --->   "%sext_ln840_13 = sext i12 %add_ln840_21"   --->   Operation 1032 'sext' 'sext_ln840_13' <Predicate = (!icmp_ln249)> <Delay = 0.00>
ST_6 : Operation 1033 [1/1] (0.80ns)   --->   "%add_ln840_22 = add i13 %sext_ln840_13, i13 %sext_ln840_9"   --->   Operation 1033 'add' 'add_ln840_22' <Predicate = (!icmp_ln249)> <Delay = 0.80> <CoreInst = "Adder">   --->   Core 1 'Adder' <Latency = 0> <II = 1> <Delay = 0.80> <FuncUnit> <Opcode : 'add' 'sub'> <InPorts = 2> <OutPorts = 1>
ST_6 : Operation 1034 [1/1] (0.82ns) (root node of TernaryAdder)   --->   "%add_ln840_23 = add i13 %add_ln840_22, i13 %add_ln840_10"   --->   Operation 1034 'add' 'add_ln840_23' <Predicate = (!icmp_ln249)> <Delay = 0.82> <CoreInst = "TAddSub">   --->   Core 10 'TAddSub' <Latency = 0> <II = 1> <Delay = 0.41> <IPBlock> <Opcode : 'add' 'sub'> <InPorts = 3> <OutPorts = 1> <Sync> <CReg>
ST_6 : Operation 1035 [1/2] (0.64ns) (root node of the DSP)   --->   "%add_ln840_25 = add i11 %add_ln840_24, i11 %sext_ln1494_151"   --->   Operation 1035 'add' 'add_ln840_25' <Predicate = (!icmp_ln249)> <Delay = 0.64> <CoreInst = "DSP48">   --->   Core 127 'DSP48' <Latency = 3> <II = 1> <Delay = 0.53> <IPBlock> <Opcode : 'mul' 'add' 'sub' 'select'> <InPorts = 0> <OutPorts = 1> <Sync> <CReg>
ST_6 : Operation 1036 [1/1] (0.00ns)   --->   "%sext_ln840_15 = sext i11 %add_ln840_25"   --->   Operation 1036 'sext' 'sext_ln840_15' <Predicate = (!icmp_ln249)> <Delay = 0.00>
ST_6 : Operation 1037 [1/2] (0.64ns) (root node of the DSP)   --->   "%add_ln840_27 = add i11 %add_ln840_26, i11 %sext_ln1494_153"   --->   Operation 1037 'add' 'add_ln840_27' <Predicate = (!icmp_ln249)> <Delay = 0.64> <CoreInst = "DSP48">   --->   Core 127 'DSP48' <Latency = 3> <II = 1> <Delay = 0.53> <IPBlock> <Opcode : 'mul' 'add' 'sub' 'select'> <InPorts = 0> <OutPorts = 1> <Sync> <CReg>
ST_6 : Operation 1038 [1/1] (0.00ns)   --->   "%sext_ln840_16 = sext i11 %add_ln840_27"   --->   Operation 1038 'sext' 'sext_ln840_16' <Predicate = (!icmp_ln249)> <Delay = 0.00>
ST_6 : Operation 1039 [1/1] (0.79ns)   --->   "%add_ln840_28 = add i12 %sext_ln840_16, i12 %sext_ln840_15"   --->   Operation 1039 'add' 'add_ln840_28' <Predicate = (!icmp_ln249)> <Delay = 0.79> <CoreInst = "Adder">   --->   Core 1 'Adder' <Latency = 0> <II = 1> <Delay = 0.79> <FuncUnit> <Opcode : 'add' 'sub'> <InPorts = 2> <OutPorts = 1>
ST_6 : Operation 1040 [1/1] (0.00ns)   --->   "%sext_ln840_17 = sext i12 %add_ln840_28"   --->   Operation 1040 'sext' 'sext_ln840_17' <Predicate = (!icmp_ln249)> <Delay = 0.00>
ST_6 : Operation 1041 [1/2] (0.64ns) (root node of the DSP)   --->   "%add_ln840_30 = add i11 %add_ln840_29, i11 %sext_ln1494_156"   --->   Operation 1041 'add' 'add_ln840_30' <Predicate = (!icmp_ln249)> <Delay = 0.64> <CoreInst = "DSP48">   --->   Core 127 'DSP48' <Latency = 3> <II = 1> <Delay = 0.53> <IPBlock> <Opcode : 'mul' 'add' 'sub' 'select'> <InPorts = 0> <OutPorts = 1> <Sync> <CReg>
ST_6 : Operation 1042 [1/1] (0.00ns)   --->   "%sext_ln840_18 = sext i11 %add_ln840_30"   --->   Operation 1042 'sext' 'sext_ln840_18' <Predicate = (!icmp_ln249)> <Delay = 0.00>
ST_6 : Operation 1043 [1/2] (0.64ns) (root node of the DSP)   --->   "%add_ln840_32 = add i11 %add_ln840_31, i11 %sext_ln1494_159"   --->   Operation 1043 'add' 'add_ln840_32' <Predicate = (!icmp_ln249)> <Delay = 0.64> <CoreInst = "DSP48">   --->   Core 127 'DSP48' <Latency = 3> <II = 1> <Delay = 0.53> <IPBlock> <Opcode : 'mul' 'add' 'sub' 'select'> <InPorts = 0> <OutPorts = 1> <Sync> <CReg>
ST_6 : Operation 1044 [1/1] (0.00ns)   --->   "%sext_ln840_19 = sext i11 %add_ln840_32"   --->   Operation 1044 'sext' 'sext_ln840_19' <Predicate = (!icmp_ln249)> <Delay = 0.00>
ST_6 : Operation 1045 [1/1] (0.79ns)   --->   "%add_ln840_33 = add i12 %sext_ln840_19, i12 %sext_ln840_18"   --->   Operation 1045 'add' 'add_ln840_33' <Predicate = (!icmp_ln249)> <Delay = 0.79> <CoreInst = "Adder">   --->   Core 1 'Adder' <Latency = 0> <II = 1> <Delay = 0.79> <FuncUnit> <Opcode : 'add' 'sub'> <InPorts = 2> <OutPorts = 1>
ST_6 : Operation 1046 [1/1] (0.00ns)   --->   "%sext_ln840_20 = sext i12 %add_ln840_33"   --->   Operation 1046 'sext' 'sext_ln840_20' <Predicate = (!icmp_ln249)> <Delay = 0.00>
ST_6 : Operation 1047 [1/1] (0.00ns) (grouped into TernaryAdder)   --->   "%add_ln840_34 = add i13 %sext_ln840_20, i13 %sext_ln840_17"   --->   Operation 1047 'add' 'add_ln840_34' <Predicate = (!icmp_ln249)> <Delay = 0.00> <CoreInst = "TAddSub">   --->   Core 10 'TAddSub' <Latency = 0> <II = 1> <Delay = 0.41> <IPBlock> <Opcode : 'add' 'sub'> <InPorts = 3> <OutPorts = 1> <Sync> <CReg>
ST_6 : Operation 1048 [1/2] (0.64ns) (root node of the DSP)   --->   "%add_ln840_36 = add i11 %add_ln840_35, i11 %sext_ln1494_162"   --->   Operation 1048 'add' 'add_ln840_36' <Predicate = (!icmp_ln249)> <Delay = 0.64> <CoreInst = "DSP48">   --->   Core 127 'DSP48' <Latency = 3> <II = 1> <Delay = 0.53> <IPBlock> <Opcode : 'mul' 'add' 'sub' 'select'> <InPorts = 0> <OutPorts = 1> <Sync> <CReg>
ST_6 : Operation 1049 [1/1] (0.00ns)   --->   "%sext_ln840_21 = sext i11 %add_ln840_36"   --->   Operation 1049 'sext' 'sext_ln840_21' <Predicate = (!icmp_ln249)> <Delay = 0.00>
ST_6 : Operation 1050 [1/2] (0.64ns) (root node of the DSP)   --->   "%add_ln840_38 = add i11 %add_ln840_37, i11 %sext_ln1494_165"   --->   Operation 1050 'add' 'add_ln840_38' <Predicate = (!icmp_ln249)> <Delay = 0.64> <CoreInst = "DSP48">   --->   Core 127 'DSP48' <Latency = 3> <II = 1> <Delay = 0.53> <IPBlock> <Opcode : 'mul' 'add' 'sub' 'select'> <InPorts = 0> <OutPorts = 1> <Sync> <CReg>
ST_6 : Operation 1051 [1/1] (0.00ns)   --->   "%sext_ln840_22 = sext i11 %add_ln840_38"   --->   Operation 1051 'sext' 'sext_ln840_22' <Predicate = (!icmp_ln249)> <Delay = 0.00>
ST_6 : Operation 1052 [1/1] (0.79ns)   --->   "%add_ln840_39 = add i12 %sext_ln840_22, i12 %sext_ln840_21"   --->   Operation 1052 'add' 'add_ln840_39' <Predicate = (!icmp_ln249)> <Delay = 0.79> <CoreInst = "Adder">   --->   Core 1 'Adder' <Latency = 0> <II = 1> <Delay = 0.79> <FuncUnit> <Opcode : 'add' 'sub'> <InPorts = 2> <OutPorts = 1>
ST_6 : Operation 1053 [1/1] (0.00ns)   --->   "%sext_ln840_23 = sext i12 %add_ln840_39"   --->   Operation 1053 'sext' 'sext_ln840_23' <Predicate = (!icmp_ln249)> <Delay = 0.00>
ST_6 : Operation 1054 [1/2] (0.64ns) (root node of the DSP)   --->   "%add_ln840_41 = add i11 %add_ln840_40, i11 %sext_ln1494_168"   --->   Operation 1054 'add' 'add_ln840_41' <Predicate = (!icmp_ln249)> <Delay = 0.64> <CoreInst = "DSP48">   --->   Core 127 'DSP48' <Latency = 3> <II = 1> <Delay = 0.53> <IPBlock> <Opcode : 'mul' 'add' 'sub' 'select'> <InPorts = 0> <OutPorts = 1> <Sync> <CReg>
ST_6 : Operation 1055 [1/1] (0.00ns)   --->   "%sext_ln840_24 = sext i11 %add_ln840_41"   --->   Operation 1055 'sext' 'sext_ln840_24' <Predicate = (!icmp_ln249)> <Delay = 0.00>
ST_6 : Operation 1056 [1/2] (0.64ns) (root node of the DSP)   --->   "%add_ln840_42 = add i11 %sext_ln1494_171, i11 %sext_ln1494_172"   --->   Operation 1056 'add' 'add_ln840_42' <Predicate = (!icmp_ln249)> <Delay = 0.64> <CoreInst = "DSP48">   --->   Core 127 'DSP48' <Latency = 3> <II = 1> <Delay = 0.53> <IPBlock> <Opcode : 'mul' 'add' 'sub' 'select'> <InPorts = 0> <OutPorts = 1> <Sync> <CReg>
ST_6 : Operation 1057 [1/1] (0.00ns)   --->   "%sext_ln840_25 = sext i11 %add_ln840_42"   --->   Operation 1057 'sext' 'sext_ln840_25' <Predicate = (!icmp_ln249)> <Delay = 0.00>
ST_6 : Operation 1058 [1/2] (0.64ns) (root node of the DSP)   --->   "%add_ln840_43 = add i11 %sext_ln1494_173, i11 %sext_ln840_14"   --->   Operation 1058 'add' 'add_ln840_43' <Predicate = (!icmp_ln249)> <Delay = 0.64> <CoreInst = "DSP48">   --->   Core 127 'DSP48' <Latency = 3> <II = 1> <Delay = 0.53> <IPBlock> <Opcode : 'mul' 'add' 'sub' 'select'> <InPorts = 0> <OutPorts = 1> <Sync> <CReg>
ST_6 : Operation 1059 [1/1] (0.00ns)   --->   "%sext_ln840_26 = sext i11 %add_ln840_43"   --->   Operation 1059 'sext' 'sext_ln840_26' <Predicate = (!icmp_ln249)> <Delay = 0.00>
ST_6 : Operation 1060 [1/1] (0.00ns) (grouped into TernaryAdder)   --->   "%add_ln840_44 = add i12 %sext_ln840_26, i12 %sext_ln840_25"   --->   Operation 1060 'add' 'add_ln840_44' <Predicate = (!icmp_ln249)> <Delay = 0.00> <CoreInst = "TAddSub">   --->   Core 10 'TAddSub' <Latency = 0> <II = 1> <Delay = 0.41> <IPBlock> <Opcode : 'add' 'sub'> <InPorts = 3> <OutPorts = 1> <Sync> <CReg>
ST_6 : Operation 1061 [1/1] (0.86ns) (root node of TernaryAdder)   --->   "%add_ln840_45 = add i12 %add_ln840_44, i12 %sext_ln840_24"   --->   Operation 1061 'add' 'add_ln840_45' <Predicate = (!icmp_ln249)> <Delay = 0.86> <CoreInst = "TAddSub">   --->   Core 10 'TAddSub' <Latency = 0> <II = 1> <Delay = 0.41> <IPBlock> <Opcode : 'add' 'sub'> <InPorts = 3> <OutPorts = 1> <Sync> <CReg>
ST_6 : Operation 1062 [1/1] (0.00ns)   --->   "%sext_ln840_27 = sext i12 %add_ln840_45"   --->   Operation 1062 'sext' 'sext_ln840_27' <Predicate = (!icmp_ln249)> <Delay = 0.00>
ST_6 : Operation 1063 [1/1] (0.80ns)   --->   "%add_ln840_46 = add i13 %sext_ln840_27, i13 %sext_ln840_23"   --->   Operation 1063 'add' 'add_ln840_46' <Predicate = (!icmp_ln249)> <Delay = 0.80> <CoreInst = "Adder">   --->   Core 1 'Adder' <Latency = 0> <II = 1> <Delay = 0.80> <FuncUnit> <Opcode : 'add' 'sub'> <InPorts = 2> <OutPorts = 1>
ST_6 : Operation 1064 [1/1] (0.82ns) (root node of TernaryAdder)   --->   "%add_ln840_47 = add i13 %add_ln840_46, i13 %add_ln840_34"   --->   Operation 1064 'add' 'add_ln840_47' <Predicate = (!icmp_ln249)> <Delay = 0.82> <CoreInst = "TAddSub">   --->   Core 10 'TAddSub' <Latency = 0> <II = 1> <Delay = 0.41> <IPBlock> <Opcode : 'add' 'sub'> <InPorts = 3> <OutPorts = 1> <Sync> <CReg>
ST_6 : Operation 1065 [1/2] (0.64ns) (root node of the DSP)   --->   "%add_ln840_49 = add i11 %add_ln840_48, i11 %sext_ln1494_175"   --->   Operation 1065 'add' 'add_ln840_49' <Predicate = (!icmp_ln249)> <Delay = 0.64> <CoreInst = "DSP48">   --->   Core 127 'DSP48' <Latency = 3> <II = 1> <Delay = 0.53> <IPBlock> <Opcode : 'mul' 'add' 'sub' 'select'> <InPorts = 0> <OutPorts = 1> <Sync> <CReg>
ST_6 : Operation 1066 [1/1] (0.00ns)   --->   "%sext_ln840_29 = sext i11 %add_ln840_49"   --->   Operation 1066 'sext' 'sext_ln840_29' <Predicate = (!icmp_ln249)> <Delay = 0.00>
ST_6 : Operation 1067 [1/2] (0.64ns) (root node of the DSP)   --->   "%add_ln840_51 = add i11 %add_ln840_50, i11 %sext_ln1494_177"   --->   Operation 1067 'add' 'add_ln840_51' <Predicate = (!icmp_ln249)> <Delay = 0.64> <CoreInst = "DSP48">   --->   Core 127 'DSP48' <Latency = 3> <II = 1> <Delay = 0.53> <IPBlock> <Opcode : 'mul' 'add' 'sub' 'select'> <InPorts = 0> <OutPorts = 1> <Sync> <CReg>
ST_6 : Operation 1068 [1/1] (0.00ns)   --->   "%sext_ln840_30 = sext i11 %add_ln840_51"   --->   Operation 1068 'sext' 'sext_ln840_30' <Predicate = (!icmp_ln249)> <Delay = 0.00>
ST_6 : Operation 1069 [1/1] (0.79ns)   --->   "%add_ln840_52 = add i12 %sext_ln840_30, i12 %sext_ln840_29"   --->   Operation 1069 'add' 'add_ln840_52' <Predicate = (!icmp_ln249)> <Delay = 0.79> <CoreInst = "Adder">   --->   Core 1 'Adder' <Latency = 0> <II = 1> <Delay = 0.79> <FuncUnit> <Opcode : 'add' 'sub'> <InPorts = 2> <OutPorts = 1>
ST_6 : Operation 1070 [1/1] (0.00ns)   --->   "%sext_ln840_31 = sext i12 %add_ln840_52"   --->   Operation 1070 'sext' 'sext_ln840_31' <Predicate = (!icmp_ln249)> <Delay = 0.00>
ST_6 : Operation 1071 [1/2] (0.64ns) (root node of the DSP)   --->   "%add_ln840_54 = add i11 %add_ln840_53, i11 %sext_ln1494_180"   --->   Operation 1071 'add' 'add_ln840_54' <Predicate = (!icmp_ln249)> <Delay = 0.64> <CoreInst = "DSP48">   --->   Core 127 'DSP48' <Latency = 3> <II = 1> <Delay = 0.53> <IPBlock> <Opcode : 'mul' 'add' 'sub' 'select'> <InPorts = 0> <OutPorts = 1> <Sync> <CReg>
ST_6 : Operation 1072 [1/1] (0.00ns)   --->   "%sext_ln840_32 = sext i11 %add_ln840_54"   --->   Operation 1072 'sext' 'sext_ln840_32' <Predicate = (!icmp_ln249)> <Delay = 0.00>
ST_6 : Operation 1073 [1/2] (0.64ns) (root node of the DSP)   --->   "%add_ln840_56 = add i11 %add_ln840_55, i11 %sext_ln1494_183"   --->   Operation 1073 'add' 'add_ln840_56' <Predicate = (!icmp_ln249)> <Delay = 0.64> <CoreInst = "DSP48">   --->   Core 127 'DSP48' <Latency = 3> <II = 1> <Delay = 0.53> <IPBlock> <Opcode : 'mul' 'add' 'sub' 'select'> <InPorts = 0> <OutPorts = 1> <Sync> <CReg>
ST_6 : Operation 1074 [1/1] (0.00ns)   --->   "%sext_ln840_33 = sext i11 %add_ln840_56"   --->   Operation 1074 'sext' 'sext_ln840_33' <Predicate = (!icmp_ln249)> <Delay = 0.00>
ST_6 : Operation 1075 [1/1] (0.79ns)   --->   "%add_ln840_57 = add i12 %sext_ln840_33, i12 %sext_ln840_32"   --->   Operation 1075 'add' 'add_ln840_57' <Predicate = (!icmp_ln249)> <Delay = 0.79> <CoreInst = "Adder">   --->   Core 1 'Adder' <Latency = 0> <II = 1> <Delay = 0.79> <FuncUnit> <Opcode : 'add' 'sub'> <InPorts = 2> <OutPorts = 1>
ST_6 : Operation 1076 [1/1] (0.00ns)   --->   "%sext_ln840_34 = sext i12 %add_ln840_57"   --->   Operation 1076 'sext' 'sext_ln840_34' <Predicate = (!icmp_ln249)> <Delay = 0.00>
ST_6 : Operation 1077 [1/1] (0.00ns) (grouped into TernaryAdder)   --->   "%add_ln840_58 = add i13 %sext_ln840_34, i13 %sext_ln840_31"   --->   Operation 1077 'add' 'add_ln840_58' <Predicate = (!icmp_ln249)> <Delay = 0.00> <CoreInst = "TAddSub">   --->   Core 10 'TAddSub' <Latency = 0> <II = 1> <Delay = 0.41> <IPBlock> <Opcode : 'add' 'sub'> <InPorts = 3> <OutPorts = 1> <Sync> <CReg>
ST_6 : Operation 1078 [1/2] (0.64ns) (root node of the DSP)   --->   "%add_ln840_60 = add i11 %add_ln840_59, i11 %sext_ln1494_186"   --->   Operation 1078 'add' 'add_ln840_60' <Predicate = (!icmp_ln249)> <Delay = 0.64> <CoreInst = "DSP48">   --->   Core 127 'DSP48' <Latency = 3> <II = 1> <Delay = 0.53> <IPBlock> <Opcode : 'mul' 'add' 'sub' 'select'> <InPorts = 0> <OutPorts = 1> <Sync> <CReg>
ST_6 : Operation 1079 [1/1] (0.00ns)   --->   "%sext_ln840_35 = sext i11 %add_ln840_60"   --->   Operation 1079 'sext' 'sext_ln840_35' <Predicate = (!icmp_ln249)> <Delay = 0.00>
ST_6 : Operation 1080 [1/2] (0.64ns) (root node of the DSP)   --->   "%add_ln840_62 = add i11 %add_ln840_61, i11 %sext_ln1494_189"   --->   Operation 1080 'add' 'add_ln840_62' <Predicate = (!icmp_ln249)> <Delay = 0.64> <CoreInst = "DSP48">   --->   Core 127 'DSP48' <Latency = 3> <II = 1> <Delay = 0.53> <IPBlock> <Opcode : 'mul' 'add' 'sub' 'select'> <InPorts = 0> <OutPorts = 1> <Sync> <CReg>
ST_6 : Operation 1081 [1/1] (0.00ns)   --->   "%sext_ln840_36 = sext i11 %add_ln840_62"   --->   Operation 1081 'sext' 'sext_ln840_36' <Predicate = (!icmp_ln249)> <Delay = 0.00>
ST_6 : Operation 1082 [1/1] (0.79ns)   --->   "%add_ln840_63 = add i12 %sext_ln840_36, i12 %sext_ln840_35"   --->   Operation 1082 'add' 'add_ln840_63' <Predicate = (!icmp_ln249)> <Delay = 0.79> <CoreInst = "Adder">   --->   Core 1 'Adder' <Latency = 0> <II = 1> <Delay = 0.79> <FuncUnit> <Opcode : 'add' 'sub'> <InPorts = 2> <OutPorts = 1>
ST_6 : Operation 1083 [1/1] (0.00ns)   --->   "%sext_ln840_37 = sext i12 %add_ln840_63"   --->   Operation 1083 'sext' 'sext_ln840_37' <Predicate = (!icmp_ln249)> <Delay = 0.00>
ST_6 : Operation 1084 [1/2] (0.64ns) (root node of the DSP)   --->   "%add_ln840_65 = add i11 %add_ln840_64, i11 %sext_ln1494_192"   --->   Operation 1084 'add' 'add_ln840_65' <Predicate = (!icmp_ln249)> <Delay = 0.64> <CoreInst = "DSP48">   --->   Core 127 'DSP48' <Latency = 3> <II = 1> <Delay = 0.53> <IPBlock> <Opcode : 'mul' 'add' 'sub' 'select'> <InPorts = 0> <OutPorts = 1> <Sync> <CReg>
ST_6 : Operation 1085 [1/1] (0.00ns)   --->   "%sext_ln840_38 = sext i11 %add_ln840_65"   --->   Operation 1085 'sext' 'sext_ln840_38' <Predicate = (!icmp_ln249)> <Delay = 0.00>
ST_6 : Operation 1086 [1/2] (0.64ns) (root node of the DSP)   --->   "%add_ln840_66 = add i11 %sext_ln1494_195, i11 %sext_ln1494_196"   --->   Operation 1086 'add' 'add_ln840_66' <Predicate = (!icmp_ln249)> <Delay = 0.64> <CoreInst = "DSP48">   --->   Core 127 'DSP48' <Latency = 3> <II = 1> <Delay = 0.53> <IPBlock> <Opcode : 'mul' 'add' 'sub' 'select'> <InPorts = 0> <OutPorts = 1> <Sync> <CReg>
ST_6 : Operation 1087 [1/1] (0.00ns)   --->   "%sext_ln840_39 = sext i11 %add_ln840_66"   --->   Operation 1087 'sext' 'sext_ln840_39' <Predicate = (!icmp_ln249)> <Delay = 0.00>
ST_6 : Operation 1088 [1/2] (0.64ns) (root node of the DSP)   --->   "%add_ln840_67 = add i11 %sext_ln1494_197, i11 %sext_ln840_28"   --->   Operation 1088 'add' 'add_ln840_67' <Predicate = (!icmp_ln249)> <Delay = 0.64> <CoreInst = "DSP48">   --->   Core 127 'DSP48' <Latency = 3> <II = 1> <Delay = 0.53> <IPBlock> <Opcode : 'mul' 'add' 'sub' 'select'> <InPorts = 0> <OutPorts = 1> <Sync> <CReg>
ST_6 : Operation 1089 [1/1] (0.00ns)   --->   "%sext_ln840_40 = sext i11 %add_ln840_67"   --->   Operation 1089 'sext' 'sext_ln840_40' <Predicate = (!icmp_ln249)> <Delay = 0.00>
ST_6 : Operation 1090 [1/1] (0.00ns) (grouped into TernaryAdder)   --->   "%add_ln840_68 = add i12 %sext_ln840_40, i12 %sext_ln840_39"   --->   Operation 1090 'add' 'add_ln840_68' <Predicate = (!icmp_ln249)> <Delay = 0.00> <CoreInst = "TAddSub">   --->   Core 10 'TAddSub' <Latency = 0> <II = 1> <Delay = 0.41> <IPBlock> <Opcode : 'add' 'sub'> <InPorts = 3> <OutPorts = 1> <Sync> <CReg>
ST_6 : Operation 1091 [1/1] (0.86ns) (root node of TernaryAdder)   --->   "%add_ln840_69 = add i12 %add_ln840_68, i12 %sext_ln840_38"   --->   Operation 1091 'add' 'add_ln840_69' <Predicate = (!icmp_ln249)> <Delay = 0.86> <CoreInst = "TAddSub">   --->   Core 10 'TAddSub' <Latency = 0> <II = 1> <Delay = 0.41> <IPBlock> <Opcode : 'add' 'sub'> <InPorts = 3> <OutPorts = 1> <Sync> <CReg>
ST_6 : Operation 1092 [1/1] (0.00ns)   --->   "%sext_ln840_41 = sext i12 %add_ln840_69"   --->   Operation 1092 'sext' 'sext_ln840_41' <Predicate = (!icmp_ln249)> <Delay = 0.00>
ST_6 : Operation 1093 [1/1] (0.80ns)   --->   "%add_ln840_70 = add i13 %sext_ln840_41, i13 %sext_ln840_37"   --->   Operation 1093 'add' 'add_ln840_70' <Predicate = (!icmp_ln249)> <Delay = 0.80> <CoreInst = "Adder">   --->   Core 1 'Adder' <Latency = 0> <II = 1> <Delay = 0.80> <FuncUnit> <Opcode : 'add' 'sub'> <InPorts = 2> <OutPorts = 1>
ST_6 : Operation 1094 [1/1] (0.82ns) (root node of TernaryAdder)   --->   "%add_ln840_71 = add i13 %add_ln840_70, i13 %add_ln840_58"   --->   Operation 1094 'add' 'add_ln840_71' <Predicate = (!icmp_ln249)> <Delay = 0.82> <CoreInst = "TAddSub">   --->   Core 10 'TAddSub' <Latency = 0> <II = 1> <Delay = 0.41> <IPBlock> <Opcode : 'add' 'sub'> <InPorts = 3> <OutPorts = 1> <Sync> <CReg>
ST_6 : Operation 1095 [1/2] (0.64ns) (root node of the DSP)   --->   "%add_ln840_73 = add i11 %add_ln840_72, i11 %sext_ln1494_199"   --->   Operation 1095 'add' 'add_ln840_73' <Predicate = (!icmp_ln249)> <Delay = 0.64> <CoreInst = "DSP48">   --->   Core 127 'DSP48' <Latency = 3> <II = 1> <Delay = 0.53> <IPBlock> <Opcode : 'mul' 'add' 'sub' 'select'> <InPorts = 0> <OutPorts = 1> <Sync> <CReg>
ST_6 : Operation 1096 [1/1] (0.00ns)   --->   "%sext_ln840_43 = sext i11 %add_ln840_73"   --->   Operation 1096 'sext' 'sext_ln840_43' <Predicate = (!icmp_ln249)> <Delay = 0.00>
ST_6 : Operation 1097 [1/2] (0.64ns) (root node of the DSP)   --->   "%add_ln840_75 = add i11 %add_ln840_74, i11 %sext_ln1494_201"   --->   Operation 1097 'add' 'add_ln840_75' <Predicate = (!icmp_ln249)> <Delay = 0.64> <CoreInst = "DSP48">   --->   Core 127 'DSP48' <Latency = 3> <II = 1> <Delay = 0.53> <IPBlock> <Opcode : 'mul' 'add' 'sub' 'select'> <InPorts = 0> <OutPorts = 1> <Sync> <CReg>
ST_6 : Operation 1098 [1/1] (0.00ns)   --->   "%sext_ln840_44 = sext i11 %add_ln840_75"   --->   Operation 1098 'sext' 'sext_ln840_44' <Predicate = (!icmp_ln249)> <Delay = 0.00>
ST_6 : Operation 1099 [1/1] (0.79ns)   --->   "%add_ln840_76 = add i12 %sext_ln840_44, i12 %sext_ln840_43"   --->   Operation 1099 'add' 'add_ln840_76' <Predicate = (!icmp_ln249)> <Delay = 0.79> <CoreInst = "Adder">   --->   Core 1 'Adder' <Latency = 0> <II = 1> <Delay = 0.79> <FuncUnit> <Opcode : 'add' 'sub'> <InPorts = 2> <OutPorts = 1>
ST_6 : Operation 1100 [1/1] (0.00ns)   --->   "%sext_ln840_45 = sext i12 %add_ln840_76"   --->   Operation 1100 'sext' 'sext_ln840_45' <Predicate = (!icmp_ln249)> <Delay = 0.00>
ST_6 : Operation 1101 [1/2] (0.64ns) (root node of the DSP)   --->   "%add_ln840_78 = add i11 %add_ln840_77, i11 %sext_ln1494_204"   --->   Operation 1101 'add' 'add_ln840_78' <Predicate = (!icmp_ln249)> <Delay = 0.64> <CoreInst = "DSP48">   --->   Core 127 'DSP48' <Latency = 3> <II = 1> <Delay = 0.53> <IPBlock> <Opcode : 'mul' 'add' 'sub' 'select'> <InPorts = 0> <OutPorts = 1> <Sync> <CReg>
ST_6 : Operation 1102 [1/1] (0.00ns)   --->   "%sext_ln840_46 = sext i11 %add_ln840_78"   --->   Operation 1102 'sext' 'sext_ln840_46' <Predicate = (!icmp_ln249)> <Delay = 0.00>
ST_6 : Operation 1103 [1/2] (0.64ns) (root node of the DSP)   --->   "%add_ln840_80 = add i11 %add_ln840_79, i11 %sext_ln1494_207"   --->   Operation 1103 'add' 'add_ln840_80' <Predicate = (!icmp_ln249)> <Delay = 0.64> <CoreInst = "DSP48">   --->   Core 127 'DSP48' <Latency = 3> <II = 1> <Delay = 0.53> <IPBlock> <Opcode : 'mul' 'add' 'sub' 'select'> <InPorts = 0> <OutPorts = 1> <Sync> <CReg>
ST_6 : Operation 1104 [1/1] (0.00ns)   --->   "%sext_ln840_47 = sext i11 %add_ln840_80"   --->   Operation 1104 'sext' 'sext_ln840_47' <Predicate = (!icmp_ln249)> <Delay = 0.00>
ST_6 : Operation 1105 [1/1] (0.79ns)   --->   "%add_ln840_81 = add i12 %sext_ln840_47, i12 %sext_ln840_46"   --->   Operation 1105 'add' 'add_ln840_81' <Predicate = (!icmp_ln249)> <Delay = 0.79> <CoreInst = "Adder">   --->   Core 1 'Adder' <Latency = 0> <II = 1> <Delay = 0.79> <FuncUnit> <Opcode : 'add' 'sub'> <InPorts = 2> <OutPorts = 1>
ST_6 : Operation 1106 [1/1] (0.00ns)   --->   "%sext_ln840_48 = sext i12 %add_ln840_81"   --->   Operation 1106 'sext' 'sext_ln840_48' <Predicate = (!icmp_ln249)> <Delay = 0.00>
ST_6 : Operation 1107 [1/1] (0.00ns) (grouped into TernaryAdder)   --->   "%add_ln840_82 = add i13 %sext_ln840_48, i13 %sext_ln840_45"   --->   Operation 1107 'add' 'add_ln840_82' <Predicate = (!icmp_ln249)> <Delay = 0.00> <CoreInst = "TAddSub">   --->   Core 10 'TAddSub' <Latency = 0> <II = 1> <Delay = 0.41> <IPBlock> <Opcode : 'add' 'sub'> <InPorts = 3> <OutPorts = 1> <Sync> <CReg>
ST_6 : Operation 1108 [1/2] (0.64ns) (root node of the DSP)   --->   "%add_ln840_84 = add i11 %add_ln840_83, i11 %sext_ln1494_210"   --->   Operation 1108 'add' 'add_ln840_84' <Predicate = (!icmp_ln249)> <Delay = 0.64> <CoreInst = "DSP48">   --->   Core 127 'DSP48' <Latency = 3> <II = 1> <Delay = 0.53> <IPBlock> <Opcode : 'mul' 'add' 'sub' 'select'> <InPorts = 0> <OutPorts = 1> <Sync> <CReg>
ST_6 : Operation 1109 [1/1] (0.00ns)   --->   "%sext_ln840_49 = sext i11 %add_ln840_84"   --->   Operation 1109 'sext' 'sext_ln840_49' <Predicate = (!icmp_ln249)> <Delay = 0.00>
ST_6 : Operation 1110 [1/2] (0.64ns) (root node of the DSP)   --->   "%add_ln840_86 = add i11 %add_ln840_85, i11 %sext_ln1494_213"   --->   Operation 1110 'add' 'add_ln840_86' <Predicate = (!icmp_ln249)> <Delay = 0.64> <CoreInst = "DSP48">   --->   Core 127 'DSP48' <Latency = 3> <II = 1> <Delay = 0.53> <IPBlock> <Opcode : 'mul' 'add' 'sub' 'select'> <InPorts = 0> <OutPorts = 1> <Sync> <CReg>
ST_6 : Operation 1111 [1/1] (0.00ns)   --->   "%sext_ln840_50 = sext i11 %add_ln840_86"   --->   Operation 1111 'sext' 'sext_ln840_50' <Predicate = (!icmp_ln249)> <Delay = 0.00>
ST_6 : Operation 1112 [1/1] (0.79ns)   --->   "%add_ln840_87 = add i12 %sext_ln840_50, i12 %sext_ln840_49"   --->   Operation 1112 'add' 'add_ln840_87' <Predicate = (!icmp_ln249)> <Delay = 0.79> <CoreInst = "Adder">   --->   Core 1 'Adder' <Latency = 0> <II = 1> <Delay = 0.79> <FuncUnit> <Opcode : 'add' 'sub'> <InPorts = 2> <OutPorts = 1>
ST_6 : Operation 1113 [1/1] (0.00ns)   --->   "%sext_ln840_51 = sext i12 %add_ln840_87"   --->   Operation 1113 'sext' 'sext_ln840_51' <Predicate = (!icmp_ln249)> <Delay = 0.00>
ST_6 : Operation 1114 [1/2] (0.64ns) (root node of the DSP)   --->   "%add_ln840_89 = add i11 %add_ln840_88, i11 %sext_ln1494_216"   --->   Operation 1114 'add' 'add_ln840_89' <Predicate = (!icmp_ln249)> <Delay = 0.64> <CoreInst = "DSP48">   --->   Core 127 'DSP48' <Latency = 3> <II = 1> <Delay = 0.53> <IPBlock> <Opcode : 'mul' 'add' 'sub' 'select'> <InPorts = 0> <OutPorts = 1> <Sync> <CReg>
ST_6 : Operation 1115 [1/1] (0.00ns)   --->   "%sext_ln840_52 = sext i11 %add_ln840_89"   --->   Operation 1115 'sext' 'sext_ln840_52' <Predicate = (!icmp_ln249)> <Delay = 0.00>
ST_6 : Operation 1116 [1/2] (0.64ns) (root node of the DSP)   --->   "%add_ln840_90 = add i11 %sext_ln1494_219, i11 %sext_ln1494_220"   --->   Operation 1116 'add' 'add_ln840_90' <Predicate = (!icmp_ln249)> <Delay = 0.64> <CoreInst = "DSP48">   --->   Core 127 'DSP48' <Latency = 3> <II = 1> <Delay = 0.53> <IPBlock> <Opcode : 'mul' 'add' 'sub' 'select'> <InPorts = 0> <OutPorts = 1> <Sync> <CReg>
ST_6 : Operation 1117 [1/1] (0.00ns)   --->   "%sext_ln840_53 = sext i11 %add_ln840_90"   --->   Operation 1117 'sext' 'sext_ln840_53' <Predicate = (!icmp_ln249)> <Delay = 0.00>
ST_6 : Operation 1118 [1/2] (0.64ns) (root node of the DSP)   --->   "%add_ln840_91 = add i11 %sext_ln1494_221, i11 %sext_ln840_42"   --->   Operation 1118 'add' 'add_ln840_91' <Predicate = (!icmp_ln249)> <Delay = 0.64> <CoreInst = "DSP48">   --->   Core 127 'DSP48' <Latency = 3> <II = 1> <Delay = 0.53> <IPBlock> <Opcode : 'mul' 'add' 'sub' 'select'> <InPorts = 0> <OutPorts = 1> <Sync> <CReg>
ST_6 : Operation 1119 [1/1] (0.00ns)   --->   "%sext_ln840_54 = sext i11 %add_ln840_91"   --->   Operation 1119 'sext' 'sext_ln840_54' <Predicate = (!icmp_ln249)> <Delay = 0.00>
ST_6 : Operation 1120 [1/1] (0.00ns) (grouped into TernaryAdder)   --->   "%add_ln840_92 = add i12 %sext_ln840_54, i12 %sext_ln840_53"   --->   Operation 1120 'add' 'add_ln840_92' <Predicate = (!icmp_ln249)> <Delay = 0.00> <CoreInst = "TAddSub">   --->   Core 10 'TAddSub' <Latency = 0> <II = 1> <Delay = 0.41> <IPBlock> <Opcode : 'add' 'sub'> <InPorts = 3> <OutPorts = 1> <Sync> <CReg>
ST_6 : Operation 1121 [1/1] (0.86ns) (root node of TernaryAdder)   --->   "%add_ln840_93 = add i12 %add_ln840_92, i12 %sext_ln840_52"   --->   Operation 1121 'add' 'add_ln840_93' <Predicate = (!icmp_ln249)> <Delay = 0.86> <CoreInst = "TAddSub">   --->   Core 10 'TAddSub' <Latency = 0> <II = 1> <Delay = 0.41> <IPBlock> <Opcode : 'add' 'sub'> <InPorts = 3> <OutPorts = 1> <Sync> <CReg>
ST_6 : Operation 1122 [1/1] (0.00ns)   --->   "%sext_ln840_55 = sext i12 %add_ln840_93"   --->   Operation 1122 'sext' 'sext_ln840_55' <Predicate = (!icmp_ln249)> <Delay = 0.00>
ST_6 : Operation 1123 [1/1] (0.80ns)   --->   "%add_ln840_94 = add i13 %sext_ln840_55, i13 %sext_ln840_51"   --->   Operation 1123 'add' 'add_ln840_94' <Predicate = (!icmp_ln249)> <Delay = 0.80> <CoreInst = "Adder">   --->   Core 1 'Adder' <Latency = 0> <II = 1> <Delay = 0.80> <FuncUnit> <Opcode : 'add' 'sub'> <InPorts = 2> <OutPorts = 1>
ST_6 : Operation 1124 [1/1] (0.82ns) (root node of TernaryAdder)   --->   "%add_ln840_95 = add i13 %add_ln840_94, i13 %add_ln840_82"   --->   Operation 1124 'add' 'add_ln840_95' <Predicate = (!icmp_ln249)> <Delay = 0.82> <CoreInst = "TAddSub">   --->   Core 10 'TAddSub' <Latency = 0> <II = 1> <Delay = 0.41> <IPBlock> <Opcode : 'add' 'sub'> <InPorts = 3> <OutPorts = 1> <Sync> <CReg>
ST_6 : Operation 1125 [1/2] (0.64ns) (root node of the DSP)   --->   "%add_ln840_97 = add i11 %add_ln840_96, i11 %sext_ln1494_223"   --->   Operation 1125 'add' 'add_ln840_97' <Predicate = (!icmp_ln249)> <Delay = 0.64> <CoreInst = "DSP48">   --->   Core 127 'DSP48' <Latency = 3> <II = 1> <Delay = 0.53> <IPBlock> <Opcode : 'mul' 'add' 'sub' 'select'> <InPorts = 0> <OutPorts = 1> <Sync> <CReg>
ST_6 : Operation 1126 [1/1] (0.00ns)   --->   "%sext_ln840_57 = sext i11 %add_ln840_97"   --->   Operation 1126 'sext' 'sext_ln840_57' <Predicate = (!icmp_ln249)> <Delay = 0.00>
ST_6 : Operation 1127 [1/2] (0.64ns) (root node of the DSP)   --->   "%add_ln840_99 = add i11 %add_ln840_98, i11 %sext_ln1494_225"   --->   Operation 1127 'add' 'add_ln840_99' <Predicate = (!icmp_ln249)> <Delay = 0.64> <CoreInst = "DSP48">   --->   Core 127 'DSP48' <Latency = 3> <II = 1> <Delay = 0.53> <IPBlock> <Opcode : 'mul' 'add' 'sub' 'select'> <InPorts = 0> <OutPorts = 1> <Sync> <CReg>
ST_6 : Operation 1128 [1/1] (0.00ns)   --->   "%sext_ln840_58 = sext i11 %add_ln840_99"   --->   Operation 1128 'sext' 'sext_ln840_58' <Predicate = (!icmp_ln249)> <Delay = 0.00>
ST_6 : Operation 1129 [1/1] (0.79ns)   --->   "%add_ln840_100 = add i12 %sext_ln840_58, i12 %sext_ln840_57"   --->   Operation 1129 'add' 'add_ln840_100' <Predicate = (!icmp_ln249)> <Delay = 0.79> <CoreInst = "Adder">   --->   Core 1 'Adder' <Latency = 0> <II = 1> <Delay = 0.79> <FuncUnit> <Opcode : 'add' 'sub'> <InPorts = 2> <OutPorts = 1>
ST_6 : Operation 1130 [1/1] (0.00ns)   --->   "%sext_ln840_59 = sext i12 %add_ln840_100"   --->   Operation 1130 'sext' 'sext_ln840_59' <Predicate = (!icmp_ln249)> <Delay = 0.00>
ST_6 : Operation 1131 [1/2] (0.64ns) (root node of the DSP)   --->   "%add_ln840_102 = add i11 %add_ln840_101, i11 %sext_ln1494_228"   --->   Operation 1131 'add' 'add_ln840_102' <Predicate = (!icmp_ln249)> <Delay = 0.64> <CoreInst = "DSP48">   --->   Core 127 'DSP48' <Latency = 3> <II = 1> <Delay = 0.53> <IPBlock> <Opcode : 'mul' 'add' 'sub' 'select'> <InPorts = 0> <OutPorts = 1> <Sync> <CReg>
ST_6 : Operation 1132 [1/1] (0.00ns)   --->   "%sext_ln840_60 = sext i11 %add_ln840_102"   --->   Operation 1132 'sext' 'sext_ln840_60' <Predicate = (!icmp_ln249)> <Delay = 0.00>
ST_6 : Operation 1133 [1/2] (0.64ns) (root node of the DSP)   --->   "%add_ln840_104 = add i11 %add_ln840_103, i11 %sext_ln1494_231"   --->   Operation 1133 'add' 'add_ln840_104' <Predicate = (!icmp_ln249)> <Delay = 0.64> <CoreInst = "DSP48">   --->   Core 127 'DSP48' <Latency = 3> <II = 1> <Delay = 0.53> <IPBlock> <Opcode : 'mul' 'add' 'sub' 'select'> <InPorts = 0> <OutPorts = 1> <Sync> <CReg>
ST_6 : Operation 1134 [1/1] (0.00ns)   --->   "%sext_ln840_61 = sext i11 %add_ln840_104"   --->   Operation 1134 'sext' 'sext_ln840_61' <Predicate = (!icmp_ln249)> <Delay = 0.00>
ST_6 : Operation 1135 [1/1] (0.79ns)   --->   "%add_ln840_105 = add i12 %sext_ln840_61, i12 %sext_ln840_60"   --->   Operation 1135 'add' 'add_ln840_105' <Predicate = (!icmp_ln249)> <Delay = 0.79> <CoreInst = "Adder">   --->   Core 1 'Adder' <Latency = 0> <II = 1> <Delay = 0.79> <FuncUnit> <Opcode : 'add' 'sub'> <InPorts = 2> <OutPorts = 1>
ST_6 : Operation 1136 [1/1] (0.00ns)   --->   "%sext_ln840_62 = sext i12 %add_ln840_105"   --->   Operation 1136 'sext' 'sext_ln840_62' <Predicate = (!icmp_ln249)> <Delay = 0.00>
ST_6 : Operation 1137 [1/1] (0.00ns) (grouped into TernaryAdder)   --->   "%add_ln840_106 = add i13 %sext_ln840_62, i13 %sext_ln840_59"   --->   Operation 1137 'add' 'add_ln840_106' <Predicate = (!icmp_ln249)> <Delay = 0.00> <CoreInst = "TAddSub">   --->   Core 10 'TAddSub' <Latency = 0> <II = 1> <Delay = 0.41> <IPBlock> <Opcode : 'add' 'sub'> <InPorts = 3> <OutPorts = 1> <Sync> <CReg>
ST_6 : Operation 1138 [1/2] (0.64ns) (root node of the DSP)   --->   "%add_ln840_108 = add i11 %add_ln840_107, i11 %sext_ln1494_234"   --->   Operation 1138 'add' 'add_ln840_108' <Predicate = (!icmp_ln249)> <Delay = 0.64> <CoreInst = "DSP48">   --->   Core 127 'DSP48' <Latency = 3> <II = 1> <Delay = 0.53> <IPBlock> <Opcode : 'mul' 'add' 'sub' 'select'> <InPorts = 0> <OutPorts = 1> <Sync> <CReg>
ST_6 : Operation 1139 [1/1] (0.00ns)   --->   "%sext_ln840_63 = sext i11 %add_ln840_108"   --->   Operation 1139 'sext' 'sext_ln840_63' <Predicate = (!icmp_ln249)> <Delay = 0.00>
ST_6 : Operation 1140 [1/2] (0.64ns) (root node of the DSP)   --->   "%add_ln840_110 = add i11 %add_ln840_109, i11 %sext_ln1494_237"   --->   Operation 1140 'add' 'add_ln840_110' <Predicate = (!icmp_ln249)> <Delay = 0.64> <CoreInst = "DSP48">   --->   Core 127 'DSP48' <Latency = 3> <II = 1> <Delay = 0.53> <IPBlock> <Opcode : 'mul' 'add' 'sub' 'select'> <InPorts = 0> <OutPorts = 1> <Sync> <CReg>
ST_6 : Operation 1141 [1/1] (0.00ns)   --->   "%sext_ln840_64 = sext i11 %add_ln840_110"   --->   Operation 1141 'sext' 'sext_ln840_64' <Predicate = (!icmp_ln249)> <Delay = 0.00>
ST_6 : Operation 1142 [1/1] (0.79ns)   --->   "%add_ln840_111 = add i12 %sext_ln840_64, i12 %sext_ln840_63"   --->   Operation 1142 'add' 'add_ln840_111' <Predicate = (!icmp_ln249)> <Delay = 0.79> <CoreInst = "Adder">   --->   Core 1 'Adder' <Latency = 0> <II = 1> <Delay = 0.79> <FuncUnit> <Opcode : 'add' 'sub'> <InPorts = 2> <OutPorts = 1>
ST_6 : Operation 1143 [1/1] (0.00ns)   --->   "%sext_ln840_65 = sext i12 %add_ln840_111"   --->   Operation 1143 'sext' 'sext_ln840_65' <Predicate = (!icmp_ln249)> <Delay = 0.00>
ST_6 : Operation 1144 [1/2] (0.64ns) (root node of the DSP)   --->   "%add_ln840_113 = add i11 %add_ln840_112, i11 %sext_ln1494_240"   --->   Operation 1144 'add' 'add_ln840_113' <Predicate = (!icmp_ln249)> <Delay = 0.64> <CoreInst = "DSP48">   --->   Core 127 'DSP48' <Latency = 3> <II = 1> <Delay = 0.53> <IPBlock> <Opcode : 'mul' 'add' 'sub' 'select'> <InPorts = 0> <OutPorts = 1> <Sync> <CReg>
ST_6 : Operation 1145 [1/1] (0.00ns)   --->   "%sext_ln840_66 = sext i11 %add_ln840_113"   --->   Operation 1145 'sext' 'sext_ln840_66' <Predicate = (!icmp_ln249)> <Delay = 0.00>
ST_6 : Operation 1146 [1/2] (0.64ns) (root node of the DSP)   --->   "%add_ln840_114 = add i11 %sext_ln1494_243, i11 %sext_ln1494_244"   --->   Operation 1146 'add' 'add_ln840_114' <Predicate = (!icmp_ln249)> <Delay = 0.64> <CoreInst = "DSP48">   --->   Core 127 'DSP48' <Latency = 3> <II = 1> <Delay = 0.53> <IPBlock> <Opcode : 'mul' 'add' 'sub' 'select'> <InPorts = 0> <OutPorts = 1> <Sync> <CReg>
ST_6 : Operation 1147 [1/1] (0.00ns)   --->   "%sext_ln840_67 = sext i11 %add_ln840_114"   --->   Operation 1147 'sext' 'sext_ln840_67' <Predicate = (!icmp_ln249)> <Delay = 0.00>
ST_6 : Operation 1148 [1/2] (0.64ns) (root node of the DSP)   --->   "%add_ln840_115 = add i11 %sext_ln1494_245, i11 %sext_ln840_56"   --->   Operation 1148 'add' 'add_ln840_115' <Predicate = (!icmp_ln249)> <Delay = 0.64> <CoreInst = "DSP48">   --->   Core 127 'DSP48' <Latency = 3> <II = 1> <Delay = 0.53> <IPBlock> <Opcode : 'mul' 'add' 'sub' 'select'> <InPorts = 0> <OutPorts = 1> <Sync> <CReg>
ST_6 : Operation 1149 [1/1] (0.00ns)   --->   "%sext_ln840_68 = sext i11 %add_ln840_115"   --->   Operation 1149 'sext' 'sext_ln840_68' <Predicate = (!icmp_ln249)> <Delay = 0.00>
ST_6 : Operation 1150 [1/1] (0.00ns) (grouped into TernaryAdder)   --->   "%add_ln840_116 = add i12 %sext_ln840_68, i12 %sext_ln840_67"   --->   Operation 1150 'add' 'add_ln840_116' <Predicate = (!icmp_ln249)> <Delay = 0.00> <CoreInst = "TAddSub">   --->   Core 10 'TAddSub' <Latency = 0> <II = 1> <Delay = 0.41> <IPBlock> <Opcode : 'add' 'sub'> <InPorts = 3> <OutPorts = 1> <Sync> <CReg>
ST_6 : Operation 1151 [1/1] (0.86ns) (root node of TernaryAdder)   --->   "%add_ln840_117 = add i12 %add_ln840_116, i12 %sext_ln840_66"   --->   Operation 1151 'add' 'add_ln840_117' <Predicate = (!icmp_ln249)> <Delay = 0.86> <CoreInst = "TAddSub">   --->   Core 10 'TAddSub' <Latency = 0> <II = 1> <Delay = 0.41> <IPBlock> <Opcode : 'add' 'sub'> <InPorts = 3> <OutPorts = 1> <Sync> <CReg>
ST_6 : Operation 1152 [1/1] (0.00ns)   --->   "%sext_ln840_69 = sext i12 %add_ln840_117"   --->   Operation 1152 'sext' 'sext_ln840_69' <Predicate = (!icmp_ln249)> <Delay = 0.00>
ST_6 : Operation 1153 [1/1] (0.80ns)   --->   "%add_ln840_118 = add i13 %sext_ln840_69, i13 %sext_ln840_65"   --->   Operation 1153 'add' 'add_ln840_118' <Predicate = (!icmp_ln249)> <Delay = 0.80> <CoreInst = "Adder">   --->   Core 1 'Adder' <Latency = 0> <II = 1> <Delay = 0.80> <FuncUnit> <Opcode : 'add' 'sub'> <InPorts = 2> <OutPorts = 1>
ST_6 : Operation 1154 [1/1] (0.82ns) (root node of TernaryAdder)   --->   "%add_ln840_119 = add i13 %add_ln840_118, i13 %add_ln840_106"   --->   Operation 1154 'add' 'add_ln840_119' <Predicate = (!icmp_ln249)> <Delay = 0.82> <CoreInst = "TAddSub">   --->   Core 10 'TAddSub' <Latency = 0> <II = 1> <Delay = 0.41> <IPBlock> <Opcode : 'add' 'sub'> <InPorts = 3> <OutPorts = 1> <Sync> <CReg>
ST_6 : Operation 1155 [1/2] (0.64ns) (root node of the DSP)   --->   "%add_ln840_121 = add i11 %add_ln840_120, i11 %sext_ln1494_247"   --->   Operation 1155 'add' 'add_ln840_121' <Predicate = (!icmp_ln249)> <Delay = 0.64> <CoreInst = "DSP48">   --->   Core 127 'DSP48' <Latency = 3> <II = 1> <Delay = 0.53> <IPBlock> <Opcode : 'mul' 'add' 'sub' 'select'> <InPorts = 0> <OutPorts = 1> <Sync> <CReg>
ST_6 : Operation 1156 [1/1] (0.00ns)   --->   "%sext_ln840_71 = sext i11 %add_ln840_121"   --->   Operation 1156 'sext' 'sext_ln840_71' <Predicate = (!icmp_ln249)> <Delay = 0.00>
ST_6 : Operation 1157 [1/2] (0.64ns) (root node of the DSP)   --->   "%add_ln840_123 = add i11 %add_ln840_122, i11 %sext_ln1494_249"   --->   Operation 1157 'add' 'add_ln840_123' <Predicate = (!icmp_ln249)> <Delay = 0.64> <CoreInst = "DSP48">   --->   Core 127 'DSP48' <Latency = 3> <II = 1> <Delay = 0.53> <IPBlock> <Opcode : 'mul' 'add' 'sub' 'select'> <InPorts = 0> <OutPorts = 1> <Sync> <CReg>
ST_6 : Operation 1158 [1/1] (0.00ns)   --->   "%sext_ln840_72 = sext i11 %add_ln840_123"   --->   Operation 1158 'sext' 'sext_ln840_72' <Predicate = (!icmp_ln249)> <Delay = 0.00>
ST_6 : Operation 1159 [1/1] (0.79ns)   --->   "%add_ln840_124 = add i12 %sext_ln840_72, i12 %sext_ln840_71"   --->   Operation 1159 'add' 'add_ln840_124' <Predicate = (!icmp_ln249)> <Delay = 0.79> <CoreInst = "Adder">   --->   Core 1 'Adder' <Latency = 0> <II = 1> <Delay = 0.79> <FuncUnit> <Opcode : 'add' 'sub'> <InPorts = 2> <OutPorts = 1>
ST_6 : Operation 1160 [1/1] (0.00ns)   --->   "%sext_ln840_73 = sext i12 %add_ln840_124"   --->   Operation 1160 'sext' 'sext_ln840_73' <Predicate = (!icmp_ln249)> <Delay = 0.00>
ST_6 : Operation 1161 [1/2] (0.64ns) (root node of the DSP)   --->   "%add_ln840_126 = add i11 %add_ln840_125, i11 %sext_ln1494_252"   --->   Operation 1161 'add' 'add_ln840_126' <Predicate = (!icmp_ln249)> <Delay = 0.64> <CoreInst = "DSP48">   --->   Core 127 'DSP48' <Latency = 3> <II = 1> <Delay = 0.53> <IPBlock> <Opcode : 'mul' 'add' 'sub' 'select'> <InPorts = 0> <OutPorts = 1> <Sync> <CReg>
ST_6 : Operation 1162 [1/1] (0.00ns)   --->   "%sext_ln840_74 = sext i11 %add_ln840_126"   --->   Operation 1162 'sext' 'sext_ln840_74' <Predicate = (!icmp_ln249)> <Delay = 0.00>
ST_6 : Operation 1163 [1/2] (0.64ns) (root node of the DSP)   --->   "%add_ln840_128 = add i11 %add_ln840_127, i11 %sext_ln1494_255"   --->   Operation 1163 'add' 'add_ln840_128' <Predicate = (!icmp_ln249)> <Delay = 0.64> <CoreInst = "DSP48">   --->   Core 127 'DSP48' <Latency = 3> <II = 1> <Delay = 0.53> <IPBlock> <Opcode : 'mul' 'add' 'sub' 'select'> <InPorts = 0> <OutPorts = 1> <Sync> <CReg>
ST_6 : Operation 1164 [1/1] (0.00ns)   --->   "%sext_ln840_75 = sext i11 %add_ln840_128"   --->   Operation 1164 'sext' 'sext_ln840_75' <Predicate = (!icmp_ln249)> <Delay = 0.00>
ST_6 : Operation 1165 [1/1] (0.79ns)   --->   "%add_ln840_129 = add i12 %sext_ln840_75, i12 %sext_ln840_74"   --->   Operation 1165 'add' 'add_ln840_129' <Predicate = (!icmp_ln249)> <Delay = 0.79> <CoreInst = "Adder">   --->   Core 1 'Adder' <Latency = 0> <II = 1> <Delay = 0.79> <FuncUnit> <Opcode : 'add' 'sub'> <InPorts = 2> <OutPorts = 1>
ST_6 : Operation 1166 [1/1] (0.00ns)   --->   "%sext_ln840_76 = sext i12 %add_ln840_129"   --->   Operation 1166 'sext' 'sext_ln840_76' <Predicate = (!icmp_ln249)> <Delay = 0.00>
ST_6 : Operation 1167 [1/1] (0.00ns) (grouped into TernaryAdder)   --->   "%add_ln840_130 = add i13 %sext_ln840_76, i13 %sext_ln840_73"   --->   Operation 1167 'add' 'add_ln840_130' <Predicate = (!icmp_ln249)> <Delay = 0.00> <CoreInst = "TAddSub">   --->   Core 10 'TAddSub' <Latency = 0> <II = 1> <Delay = 0.41> <IPBlock> <Opcode : 'add' 'sub'> <InPorts = 3> <OutPorts = 1> <Sync> <CReg>
ST_6 : Operation 1168 [1/2] (0.64ns) (root node of the DSP)   --->   "%add_ln840_132 = add i11 %add_ln840_131, i11 %sext_ln1494_258"   --->   Operation 1168 'add' 'add_ln840_132' <Predicate = (!icmp_ln249)> <Delay = 0.64> <CoreInst = "DSP48">   --->   Core 127 'DSP48' <Latency = 3> <II = 1> <Delay = 0.53> <IPBlock> <Opcode : 'mul' 'add' 'sub' 'select'> <InPorts = 0> <OutPorts = 1> <Sync> <CReg>
ST_6 : Operation 1169 [1/1] (0.00ns)   --->   "%sext_ln840_77 = sext i11 %add_ln840_132"   --->   Operation 1169 'sext' 'sext_ln840_77' <Predicate = (!icmp_ln249)> <Delay = 0.00>
ST_6 : Operation 1170 [1/2] (0.64ns) (root node of the DSP)   --->   "%add_ln840_134 = add i11 %add_ln840_133, i11 %sext_ln1494_261"   --->   Operation 1170 'add' 'add_ln840_134' <Predicate = (!icmp_ln249)> <Delay = 0.64> <CoreInst = "DSP48">   --->   Core 127 'DSP48' <Latency = 3> <II = 1> <Delay = 0.53> <IPBlock> <Opcode : 'mul' 'add' 'sub' 'select'> <InPorts = 0> <OutPorts = 1> <Sync> <CReg>
ST_6 : Operation 1171 [1/1] (0.00ns)   --->   "%sext_ln840_78 = sext i11 %add_ln840_134"   --->   Operation 1171 'sext' 'sext_ln840_78' <Predicate = (!icmp_ln249)> <Delay = 0.00>
ST_6 : Operation 1172 [1/1] (0.79ns)   --->   "%add_ln840_135 = add i12 %sext_ln840_78, i12 %sext_ln840_77"   --->   Operation 1172 'add' 'add_ln840_135' <Predicate = (!icmp_ln249)> <Delay = 0.79> <CoreInst = "Adder">   --->   Core 1 'Adder' <Latency = 0> <II = 1> <Delay = 0.79> <FuncUnit> <Opcode : 'add' 'sub'> <InPorts = 2> <OutPorts = 1>
ST_6 : Operation 1173 [1/1] (0.00ns)   --->   "%sext_ln840_79 = sext i12 %add_ln840_135"   --->   Operation 1173 'sext' 'sext_ln840_79' <Predicate = (!icmp_ln249)> <Delay = 0.00>
ST_6 : Operation 1174 [1/2] (0.64ns) (root node of the DSP)   --->   "%add_ln840_137 = add i11 %add_ln840_136, i11 %sext_ln1494_264"   --->   Operation 1174 'add' 'add_ln840_137' <Predicate = (!icmp_ln249)> <Delay = 0.64> <CoreInst = "DSP48">   --->   Core 127 'DSP48' <Latency = 3> <II = 1> <Delay = 0.53> <IPBlock> <Opcode : 'mul' 'add' 'sub' 'select'> <InPorts = 0> <OutPorts = 1> <Sync> <CReg>
ST_6 : Operation 1175 [1/1] (0.00ns)   --->   "%sext_ln840_80 = sext i11 %add_ln840_137"   --->   Operation 1175 'sext' 'sext_ln840_80' <Predicate = (!icmp_ln249)> <Delay = 0.00>
ST_6 : Operation 1176 [1/2] (0.64ns) (root node of the DSP)   --->   "%add_ln840_138 = add i11 %sext_ln1494_267, i11 %sext_ln1494_268"   --->   Operation 1176 'add' 'add_ln840_138' <Predicate = (!icmp_ln249)> <Delay = 0.64> <CoreInst = "DSP48">   --->   Core 127 'DSP48' <Latency = 3> <II = 1> <Delay = 0.53> <IPBlock> <Opcode : 'mul' 'add' 'sub' 'select'> <InPorts = 0> <OutPorts = 1> <Sync> <CReg>
ST_6 : Operation 1177 [1/1] (0.00ns)   --->   "%sext_ln840_81 = sext i11 %add_ln840_138"   --->   Operation 1177 'sext' 'sext_ln840_81' <Predicate = (!icmp_ln249)> <Delay = 0.00>
ST_6 : Operation 1178 [1/2] (0.64ns) (root node of the DSP)   --->   "%add_ln840_139 = add i11 %sext_ln1494_269, i11 %sext_ln840_70"   --->   Operation 1178 'add' 'add_ln840_139' <Predicate = (!icmp_ln249)> <Delay = 0.64> <CoreInst = "DSP48">   --->   Core 127 'DSP48' <Latency = 3> <II = 1> <Delay = 0.53> <IPBlock> <Opcode : 'mul' 'add' 'sub' 'select'> <InPorts = 0> <OutPorts = 1> <Sync> <CReg>
ST_6 : Operation 1179 [1/1] (0.00ns)   --->   "%sext_ln840_82 = sext i11 %add_ln840_139"   --->   Operation 1179 'sext' 'sext_ln840_82' <Predicate = (!icmp_ln249)> <Delay = 0.00>
ST_6 : Operation 1180 [1/1] (0.00ns) (grouped into TernaryAdder)   --->   "%add_ln840_140 = add i12 %sext_ln840_82, i12 %sext_ln840_81"   --->   Operation 1180 'add' 'add_ln840_140' <Predicate = (!icmp_ln249)> <Delay = 0.00> <CoreInst = "TAddSub">   --->   Core 10 'TAddSub' <Latency = 0> <II = 1> <Delay = 0.41> <IPBlock> <Opcode : 'add' 'sub'> <InPorts = 3> <OutPorts = 1> <Sync> <CReg>
ST_6 : Operation 1181 [1/1] (0.86ns) (root node of TernaryAdder)   --->   "%add_ln840_141 = add i12 %add_ln840_140, i12 %sext_ln840_80"   --->   Operation 1181 'add' 'add_ln840_141' <Predicate = (!icmp_ln249)> <Delay = 0.86> <CoreInst = "TAddSub">   --->   Core 10 'TAddSub' <Latency = 0> <II = 1> <Delay = 0.41> <IPBlock> <Opcode : 'add' 'sub'> <InPorts = 3> <OutPorts = 1> <Sync> <CReg>
ST_6 : Operation 1182 [1/1] (0.00ns)   --->   "%sext_ln840_83 = sext i12 %add_ln840_141"   --->   Operation 1182 'sext' 'sext_ln840_83' <Predicate = (!icmp_ln249)> <Delay = 0.00>
ST_6 : Operation 1183 [1/1] (0.80ns)   --->   "%add_ln840_142 = add i13 %sext_ln840_83, i13 %sext_ln840_79"   --->   Operation 1183 'add' 'add_ln840_142' <Predicate = (!icmp_ln249)> <Delay = 0.80> <CoreInst = "Adder">   --->   Core 1 'Adder' <Latency = 0> <II = 1> <Delay = 0.80> <FuncUnit> <Opcode : 'add' 'sub'> <InPorts = 2> <OutPorts = 1>
ST_6 : Operation 1184 [1/1] (0.82ns) (root node of TernaryAdder)   --->   "%add_ln840_143 = add i13 %add_ln840_142, i13 %add_ln840_130"   --->   Operation 1184 'add' 'add_ln840_143' <Predicate = (!icmp_ln249)> <Delay = 0.82> <CoreInst = "TAddSub">   --->   Core 10 'TAddSub' <Latency = 0> <II = 1> <Delay = 0.41> <IPBlock> <Opcode : 'add' 'sub'> <InPorts = 3> <OutPorts = 1> <Sync> <CReg>
ST_6 : Operation 1185 [1/1] (1.00ns)   --->   "%result_V = icmp_sgt  i13 %add_ln840_23, i13 8075"   --->   Operation 1185 'icmp' 'result_V' <Predicate = (!icmp_ln249)> <Delay = 1.00> <CoreInst = "Cmp">   --->   Core 9 'Cmp' <Latency = 0> <II = 1> <Delay = 1.00> <FuncUnit> <Opcode : 'icmp'> <InPorts = 2> <OutPorts = 1>
ST_6 : Operation 1186 [1/1] (1.00ns)   --->   "%result_V_1 = icmp_sgt  i13 %add_ln840_47, i13 1071"   --->   Operation 1186 'icmp' 'result_V_1' <Predicate = (!icmp_ln249)> <Delay = 1.00> <CoreInst = "Cmp">   --->   Core 9 'Cmp' <Latency = 0> <II = 1> <Delay = 1.00> <FuncUnit> <Opcode : 'icmp'> <InPorts = 2> <OutPorts = 1>
ST_6 : Operation 1187 [1/1] (1.00ns)   --->   "%result_V_2 = icmp_sgt  i13 %add_ln840_71, i13 106"   --->   Operation 1187 'icmp' 'result_V_2' <Predicate = (!icmp_ln249)> <Delay = 1.00> <CoreInst = "Cmp">   --->   Core 9 'Cmp' <Latency = 0> <II = 1> <Delay = 1.00> <FuncUnit> <Opcode : 'icmp'> <InPorts = 2> <OutPorts = 1>
ST_6 : Operation 1188 [1/1] (1.00ns)   --->   "%result_V_3 = icmp_sgt  i13 %add_ln840_95, i13 7448"   --->   Operation 1188 'icmp' 'result_V_3' <Predicate = (!icmp_ln249)> <Delay = 1.00> <CoreInst = "Cmp">   --->   Core 9 'Cmp' <Latency = 0> <II = 1> <Delay = 1.00> <FuncUnit> <Opcode : 'icmp'> <InPorts = 2> <OutPorts = 1>
ST_6 : Operation 1189 [1/1] (1.00ns)   --->   "%result_V_4 = icmp_sgt  i13 %add_ln840_119, i13 738"   --->   Operation 1189 'icmp' 'result_V_4' <Predicate = (!icmp_ln249)> <Delay = 1.00> <CoreInst = "Cmp">   --->   Core 9 'Cmp' <Latency = 0> <II = 1> <Delay = 1.00> <FuncUnit> <Opcode : 'icmp'> <InPorts = 2> <OutPorts = 1>
ST_6 : Operation 1190 [1/1] (1.00ns)   --->   "%result_V_5 = icmp_sgt  i13 %add_ln840_143, i13 2127"   --->   Operation 1190 'icmp' 'result_V_5' <Predicate = (!icmp_ln249)> <Delay = 1.00> <CoreInst = "Cmp">   --->   Core 9 'Cmp' <Latency = 0> <II = 1> <Delay = 1.00> <FuncUnit> <Opcode : 'icmp'> <InPorts = 2> <OutPorts = 1>
ST_6 : Operation 1191 [1/1] (0.00ns)   --->   "%p_Result_s = bitconcatenate i6 @_ssdm_op_BitConcatenate.i6.i1.i1.i1.i1.i1.i1, i1 %result_V_5, i1 %result_V_4, i1 %result_V_3, i1 %result_V_2, i1 %result_V_1, i1 %result_V"   --->   Operation 1191 'bitconcatenate' 'p_Result_s' <Predicate = (!icmp_ln249)> <Delay = 0.00>
ST_6 : Operation 1192 [1/1] (0.00ns)   --->   "%zext_ln298 = zext i6 %p_Result_s" [/home/changhong/prj/finn/deps/finn-hlslib/mvau.hpp:298]   --->   Operation 1192 'zext' 'zext_ln298' <Predicate = (!icmp_ln249)> <Delay = 0.00>
ST_6 : Operation 1193 [1/1] (0.00ns)   --->   "%write_ln298 = write void @_ssdm_op_Write.axis.volatile.i8P128A, i8 %out0_V, i8 %zext_ln298" [/home/changhong/prj/finn/deps/finn-hlslib/mvau.hpp:298]   --->   Operation 1193 'write' 'write_ln298' <Predicate = (!icmp_ln249)> <Delay = 0.00> <CoreInst = "axis">   --->   Core 123 'axis' <Latency = 0> <II = 1> <Delay = 1.00> <Adapter> <Opcode : >
ST_6 : Operation 1194 [1/1] (0.00ns)   --->   "%br_ln249 = br void %for.inc" [/home/changhong/prj/finn/deps/finn-hlslib/mvau.hpp:249]   --->   Operation 1194 'br' 'br_ln249' <Predicate = (!icmp_ln249)> <Delay = 0.00>
ST_6 : Operation 1195 [1/1] (0.00ns)   --->   "%ret_ln308 = ret" [/home/changhong/prj/finn/deps/finn-hlslib/mvau.hpp:308]   --->   Operation 1195 'ret' 'ret_ln308' <Predicate = (icmp_ln249)> <Delay = 0.00>


============================================================
+ Verbose Summary: Timing violations
============================================================
Target clock period: 10ns, clock uncertainty: 2.7ns.

 <State 1>: 1.34ns
The critical path consists of the following:
	'alloca' operation ('i') [4]  (0 ns)
	'load' operation ('i', /home/changhong/prj/finn/deps/finn-hlslib/mvau.hpp:249) on local variable 'i' [11]  (0 ns)
	'add' operation ('i', /home/changhong/prj/finn/deps/finn-hlslib/mvau.hpp:249) [14]  (0.787 ns)
	'store' operation ('store_ln249', /home/changhong/prj/finn/deps/finn-hlslib/mvau.hpp:249) of variable 'i', /home/changhong/prj/finn/deps/finn-hlslib/mvau.hpp:249 on local variable 'i' [902]  (0.427 ns)
	blocking operation 0.125 ns on control path)

 <State 2>: 0.996ns
The critical path consists of the following:
	'mul' operation of DSP[171] ('ret.V') [59]  (0.996 ns)

 <State 3>: 0.996ns
The critical path consists of the following:
	'mul' operation of DSP[172] ('ret.V') [54]  (0.996 ns)

 <State 4>: 2.29ns
The critical path consists of the following:
	'mul' operation ('ret.V') [49]  (1.65 ns)
	'add' operation of DSP[171] ('add_ln840') [171]  (0.645 ns)

 <State 5>: 2.29ns
The critical path consists of the following:
	'mul' operation ('ret.V') [154]  (1.65 ns)
	'add' operation of DSP[199] ('add_ln840_18') [199]  (0.645 ns)

 <State 6>: 4.15ns
The critical path consists of the following:
	'add' operation of DSP[197] ('add_ln840_17') [197]  (0.645 ns)
	'add' operation ('add_ln840_21') [204]  (0.869 ns)
	'add' operation ('add_ln840_22') [206]  (0.809 ns)
	'add' operation ('add_ln840_23') [207]  (0.824 ns)
	'icmp' operation ('result.V') [893]  (1.01 ns)


============================================================
+ Verbose Summary: Binding
============================================================
N/A
* FSMD analyzer results:
  - Output states:
 - Input state : 
  - Chain level:
	State 1
	State 2
	State 3
	State 4
	State 5
	State 6


============================================================
+ Verbose Summary: Datapath Resource usage 
============================================================
N/A
