

================================================================
== Vitis HLS Report for 'MVAU_hls_4'
================================================================
* Date:           Sun Jun 22 17:08:25 2025

* Version:        2022.2 (Build 3670227 on Oct 13 2022)
* Project:        project_MVAU_hls_4
* Solution:       sol1 (Vivado IP Flow Target)
* Product family: zynquplus
* Target device:  xczu7ev-ffvc1156-2-e


================================================================
== Performance Estimates
================================================================
+ Timing: 
    * Summary: 
    +--------+----------+----------+------------+
    |  Clock |  Target  | Estimated| Uncertainty|
    +--------+----------+----------+------------+
    |ap_clk  |  10.00 ns|  2.883 ns|     2.70 ns|
    +--------+----------+----------+------------+

+ Latency: 
    * Summary: 
    +---------+---------+----------+----------+-----+-----+---------+
    |  Latency (cycles) |  Latency (absolute) |  Interval | Pipeline|
    |   min   |   max   |    min   |    max   | min | max |   Type  |
    +---------+---------+----------+----------+-----+-----+---------+
    |      843|      843|  8.430 us|  8.430 us|  844|  844|       no|
    +---------+---------+----------+----------+-----+-----+---------+

    + Detail: 
        * Instance: 
        N/A

        * Loop: 
        +--------------------+---------+---------+----------+-----------+-----------+------+----------+
        |                    |  Latency (cycles) | Iteration|  Initiation Interval  | Trip |          |
        |      Loop Name     |   min   |   max   |  Latency |  achieved |   target  | Count| Pipelined|
        +--------------------+---------+---------+----------+-----------+-----------+------+----------+
        |- VITIS_LOOP_249_1  |      841|      841|         3|          1|          1|   840|  yes(flp)|
        +--------------------+---------+---------+----------+-----------+-----------+------+----------+

============================================================
+ Verbose Summary: Synthesis Manager
============================================================
InlineROM: 1
ExposeGlobal: 0
============================================================
+ Verbose Summary: CDFG Model
============================================================
IsTopModel: 1
ResetActiveHigh: 1
IsCombinational: 0
IsDatapathOnly: 0
HasWiredReturn: 1
HasMFsm: 1
HasVarLatency: 1
IsPipeline: 0
IsRtlPipelined: 0
IsInstanceOverlapped: 0
IsDontTouch: 0
HasImplIP: 0
IsGatedGlobalClock: 0

+ Individual pipeline summary: 
  * Pipeline-0: initiation interval (II) = 1, depth = 3


============================================================
+ Verbose Summary: Schedule
============================================================
* Number of FSM states : 3
* Pipeline : 1
  Pipeline-0 : II = 1, D = 3, States = { 1 2 3 }
* Dataflow Pipeline: 0

* FSM state transitions: 
1 --> 2 
2 --> 3 
3 --> 

* FSM state operations: 

State 1 <SV = 0> <Delay = 2.88>
ST_1 : Operation 6 [1/1] (0.00ns)   --->   "%sf = alloca i32 1"   --->   Operation 6 'alloca' 'sf' <Predicate = true> <Delay = 0.00>
ST_1 : Operation 7 [1/1] (0.00ns)   --->   "%i = alloca i32 1"   --->   Operation 7 'alloca' 'i' <Predicate = true> <Delay = 0.00>
ST_1 : Operation 8 [1/1] (0.00ns)   --->   "%outElem_m_val_V_1 = alloca i32 1"   --->   Operation 8 'alloca' 'outElem_m_val_V_1' <Predicate = true> <Delay = 0.00>
ST_1 : Operation 9 [1/1] (0.00ns)   --->   "%inputBuf_V = alloca i32 1"   --->   Operation 9 'alloca' 'inputBuf_V' <Predicate = true> <Delay = 0.00>
ST_1 : Operation 10 [1/1] (0.00ns)   --->   "%inputBuf_V_1 = alloca i32 1"   --->   Operation 10 'alloca' 'inputBuf_V_1' <Predicate = true> <Delay = 0.00>
ST_1 : Operation 11 [1/1] (0.00ns)   --->   "%inputBuf_V_2 = alloca i32 1"   --->   Operation 11 'alloca' 'inputBuf_V_2' <Predicate = true> <Delay = 0.00>
ST_1 : Operation 12 [1/1] (0.00ns)   --->   "%inputBuf_V_3 = alloca i32 1"   --->   Operation 12 'alloca' 'inputBuf_V_3' <Predicate = true> <Delay = 0.00>
ST_1 : Operation 13 [1/1] (0.00ns)   --->   "%inputBuf_V_4 = alloca i32 1"   --->   Operation 13 'alloca' 'inputBuf_V_4' <Predicate = true> <Delay = 0.00>
ST_1 : Operation 14 [1/1] (0.00ns)   --->   "%inputBuf_V_5 = alloca i32 1"   --->   Operation 14 'alloca' 'inputBuf_V_5' <Predicate = true> <Delay = 0.00>
ST_1 : Operation 15 [1/1] (0.00ns)   --->   "%inputBuf_V_6 = alloca i32 1"   --->   Operation 15 'alloca' 'inputBuf_V_6' <Predicate = true> <Delay = 0.00>
ST_1 : Operation 16 [1/1] (0.00ns)   --->   "%inputBuf_V_7 = alloca i32 1"   --->   Operation 16 'alloca' 'inputBuf_V_7' <Predicate = true> <Delay = 0.00>
ST_1 : Operation 17 [1/1] (0.00ns)   --->   "%inputBuf_V_8 = alloca i32 1"   --->   Operation 17 'alloca' 'inputBuf_V_8' <Predicate = true> <Delay = 0.00>
ST_1 : Operation 18 [1/1] (0.00ns)   --->   "%inputBuf_V_9 = alloca i32 1"   --->   Operation 18 'alloca' 'inputBuf_V_9' <Predicate = true> <Delay = 0.00>
ST_1 : Operation 19 [1/1] (0.00ns)   --->   "%inputBuf_V_10 = alloca i32 1"   --->   Operation 19 'alloca' 'inputBuf_V_10' <Predicate = true> <Delay = 0.00>
ST_1 : Operation 20 [1/1] (0.00ns)   --->   "%inputBuf_V_11 = alloca i32 1"   --->   Operation 20 'alloca' 'inputBuf_V_11' <Predicate = true> <Delay = 0.00>
ST_1 : Operation 21 [1/1] (0.00ns)   --->   "%inputBuf_V_12 = alloca i32 1"   --->   Operation 21 'alloca' 'inputBuf_V_12' <Predicate = true> <Delay = 0.00>
ST_1 : Operation 22 [1/1] (0.00ns)   --->   "%inputBuf_V_13 = alloca i32 1"   --->   Operation 22 'alloca' 'inputBuf_V_13' <Predicate = true> <Delay = 0.00>
ST_1 : Operation 23 [1/1] (0.00ns)   --->   "%inputBuf_V_14 = alloca i32 1"   --->   Operation 23 'alloca' 'inputBuf_V_14' <Predicate = true> <Delay = 0.00>
ST_1 : Operation 24 [1/1] (0.00ns)   --->   "%inputBuf_V_15 = alloca i32 1"   --->   Operation 24 'alloca' 'inputBuf_V_15' <Predicate = true> <Delay = 0.00>
ST_1 : Operation 25 [1/1] (0.00ns)   --->   "%inputBuf_V_16 = alloca i32 1"   --->   Operation 25 'alloca' 'inputBuf_V_16' <Predicate = true> <Delay = 0.00>
ST_1 : Operation 26 [1/1] (0.00ns)   --->   "%inputBuf_V_17 = alloca i32 1"   --->   Operation 26 'alloca' 'inputBuf_V_17' <Predicate = true> <Delay = 0.00>
ST_1 : Operation 27 [1/1] (0.00ns)   --->   "%inputBuf_V_18 = alloca i32 1"   --->   Operation 27 'alloca' 'inputBuf_V_18' <Predicate = true> <Delay = 0.00>
ST_1 : Operation 28 [1/1] (0.00ns)   --->   "%inputBuf_V_19 = alloca i32 1"   --->   Operation 28 'alloca' 'inputBuf_V_19' <Predicate = true> <Delay = 0.00>
ST_1 : Operation 29 [1/1] (0.00ns)   --->   "%inputBuf_V_20 = alloca i32 1"   --->   Operation 29 'alloca' 'inputBuf_V_20' <Predicate = true> <Delay = 0.00>
ST_1 : Operation 30 [1/1] (0.00ns)   --->   "%inputBuf_V_21 = alloca i32 1"   --->   Operation 30 'alloca' 'inputBuf_V_21' <Predicate = true> <Delay = 0.00>
ST_1 : Operation 31 [1/1] (0.00ns)   --->   "%inputBuf_V_22 = alloca i32 1"   --->   Operation 31 'alloca' 'inputBuf_V_22' <Predicate = true> <Delay = 0.00>
ST_1 : Operation 32 [1/1] (0.00ns)   --->   "%inputBuf_V_23 = alloca i32 1"   --->   Operation 32 'alloca' 'inputBuf_V_23' <Predicate = true> <Delay = 0.00>
ST_1 : Operation 33 [1/1] (0.00ns)   --->   "%inputBuf_V_24 = alloca i32 1"   --->   Operation 33 'alloca' 'inputBuf_V_24' <Predicate = true> <Delay = 0.00>
ST_1 : Operation 34 [1/1] (0.00ns)   --->   "%inputBuf_V_25 = alloca i32 1"   --->   Operation 34 'alloca' 'inputBuf_V_25' <Predicate = true> <Delay = 0.00>
ST_1 : Operation 35 [1/1] (0.00ns)   --->   "%inputBuf_V_26 = alloca i32 1"   --->   Operation 35 'alloca' 'inputBuf_V_26' <Predicate = true> <Delay = 0.00>
ST_1 : Operation 36 [1/1] (0.00ns)   --->   "%inputBuf_V_27 = alloca i32 1"   --->   Operation 36 'alloca' 'inputBuf_V_27' <Predicate = true> <Delay = 0.00>
ST_1 : Operation 37 [1/1] (0.00ns)   --->   "%inputBuf_V_28 = alloca i32 1"   --->   Operation 37 'alloca' 'inputBuf_V_28' <Predicate = true> <Delay = 0.00>
ST_1 : Operation 38 [1/1] (0.00ns)   --->   "%inputBuf_V_29 = alloca i32 1"   --->   Operation 38 'alloca' 'inputBuf_V_29' <Predicate = true> <Delay = 0.00>
ST_1 : Operation 39 [1/1] (0.00ns)   --->   "%inputBuf_V_30 = alloca i32 1"   --->   Operation 39 'alloca' 'inputBuf_V_30' <Predicate = true> <Delay = 0.00>
ST_1 : Operation 40 [1/1] (0.00ns)   --->   "%inputBuf_V_31 = alloca i32 1"   --->   Operation 40 'alloca' 'inputBuf_V_31' <Predicate = true> <Delay = 0.00>
ST_1 : Operation 41 [1/1] (0.00ns)   --->   "%inputBuf_V_32 = alloca i32 1"   --->   Operation 41 'alloca' 'inputBuf_V_32' <Predicate = true> <Delay = 0.00>
ST_1 : Operation 42 [1/1] (0.00ns)   --->   "%inputBuf_V_33 = alloca i32 1"   --->   Operation 42 'alloca' 'inputBuf_V_33' <Predicate = true> <Delay = 0.00>
ST_1 : Operation 43 [1/1] (0.00ns)   --->   "%inputBuf_V_34 = alloca i32 1"   --->   Operation 43 'alloca' 'inputBuf_V_34' <Predicate = true> <Delay = 0.00>
ST_1 : Operation 44 [1/1] (0.00ns)   --->   "%inputBuf_V_35 = alloca i32 1"   --->   Operation 44 'alloca' 'inputBuf_V_35' <Predicate = true> <Delay = 0.00>
ST_1 : Operation 45 [1/1] (0.00ns)   --->   "%inputBuf_V_36 = alloca i32 1"   --->   Operation 45 'alloca' 'inputBuf_V_36' <Predicate = true> <Delay = 0.00>
ST_1 : Operation 46 [1/1] (0.00ns)   --->   "%inputBuf_V_37 = alloca i32 1"   --->   Operation 46 'alloca' 'inputBuf_V_37' <Predicate = true> <Delay = 0.00>
ST_1 : Operation 47 [1/1] (0.00ns)   --->   "%inputBuf_V_38 = alloca i32 1"   --->   Operation 47 'alloca' 'inputBuf_V_38' <Predicate = true> <Delay = 0.00>
ST_1 : Operation 48 [1/1] (0.00ns)   --->   "%inputBuf_V_39 = alloca i32 1"   --->   Operation 48 'alloca' 'inputBuf_V_39' <Predicate = true> <Delay = 0.00>
ST_1 : Operation 49 [1/1] (0.00ns)   --->   "%inputBuf_V_40 = alloca i32 1"   --->   Operation 49 'alloca' 'inputBuf_V_40' <Predicate = true> <Delay = 0.00>
ST_1 : Operation 50 [1/1] (0.00ns)   --->   "%inputBuf_V_41 = alloca i32 1"   --->   Operation 50 'alloca' 'inputBuf_V_41' <Predicate = true> <Delay = 0.00>
ST_1 : Operation 51 [1/1] (0.00ns)   --->   "%inputBuf_V_42 = alloca i32 1"   --->   Operation 51 'alloca' 'inputBuf_V_42' <Predicate = true> <Delay = 0.00>
ST_1 : Operation 52 [1/1] (0.00ns)   --->   "%inputBuf_V_43 = alloca i32 1"   --->   Operation 52 'alloca' 'inputBuf_V_43' <Predicate = true> <Delay = 0.00>
ST_1 : Operation 53 [1/1] (0.00ns)   --->   "%inputBuf_V_44 = alloca i32 1"   --->   Operation 53 'alloca' 'inputBuf_V_44' <Predicate = true> <Delay = 0.00>
ST_1 : Operation 54 [1/1] (0.00ns)   --->   "%inputBuf_V_45 = alloca i32 1"   --->   Operation 54 'alloca' 'inputBuf_V_45' <Predicate = true> <Delay = 0.00>
ST_1 : Operation 55 [1/1] (0.00ns)   --->   "%inputBuf_V_46 = alloca i32 1"   --->   Operation 55 'alloca' 'inputBuf_V_46' <Predicate = true> <Delay = 0.00>
ST_1 : Operation 56 [1/1] (0.00ns)   --->   "%inputBuf_V_47 = alloca i32 1"   --->   Operation 56 'alloca' 'inputBuf_V_47' <Predicate = true> <Delay = 0.00>
ST_1 : Operation 57 [1/1] (0.00ns)   --->   "%inputBuf_V_48 = alloca i32 1"   --->   Operation 57 'alloca' 'inputBuf_V_48' <Predicate = true> <Delay = 0.00>
ST_1 : Operation 58 [1/1] (0.00ns)   --->   "%inputBuf_V_49 = alloca i32 1"   --->   Operation 58 'alloca' 'inputBuf_V_49' <Predicate = true> <Delay = 0.00>
ST_1 : Operation 59 [1/1] (0.00ns)   --->   "%inputBuf_V_50 = alloca i32 1"   --->   Operation 59 'alloca' 'inputBuf_V_50' <Predicate = true> <Delay = 0.00>
ST_1 : Operation 60 [1/1] (0.00ns)   --->   "%inputBuf_V_51 = alloca i32 1"   --->   Operation 60 'alloca' 'inputBuf_V_51' <Predicate = true> <Delay = 0.00>
ST_1 : Operation 61 [1/1] (0.00ns)   --->   "%inputBuf_V_52 = alloca i32 1"   --->   Operation 61 'alloca' 'inputBuf_V_52' <Predicate = true> <Delay = 0.00>
ST_1 : Operation 62 [1/1] (0.00ns)   --->   "%inputBuf_V_53 = alloca i32 1"   --->   Operation 62 'alloca' 'inputBuf_V_53' <Predicate = true> <Delay = 0.00>
ST_1 : Operation 63 [1/1] (0.00ns)   --->   "%inputBuf_V_54 = alloca i32 1"   --->   Operation 63 'alloca' 'inputBuf_V_54' <Predicate = true> <Delay = 0.00>
ST_1 : Operation 64 [1/1] (0.00ns)   --->   "%inputBuf_V_55 = alloca i32 1"   --->   Operation 64 'alloca' 'inputBuf_V_55' <Predicate = true> <Delay = 0.00>
ST_1 : Operation 65 [1/1] (0.00ns)   --->   "%inputBuf_V_56 = alloca i32 1"   --->   Operation 65 'alloca' 'inputBuf_V_56' <Predicate = true> <Delay = 0.00>
ST_1 : Operation 66 [1/1] (0.00ns)   --->   "%inputBuf_V_57 = alloca i32 1"   --->   Operation 66 'alloca' 'inputBuf_V_57' <Predicate = true> <Delay = 0.00>
ST_1 : Operation 67 [1/1] (0.00ns)   --->   "%inputBuf_V_58 = alloca i32 1"   --->   Operation 67 'alloca' 'inputBuf_V_58' <Predicate = true> <Delay = 0.00>
ST_1 : Operation 68 [1/1] (0.00ns)   --->   "%inputBuf_V_59 = alloca i32 1"   --->   Operation 68 'alloca' 'inputBuf_V_59' <Predicate = true> <Delay = 0.00>
ST_1 : Operation 69 [1/1] (0.00ns)   --->   "%inputBuf_V_60 = alloca i32 1"   --->   Operation 69 'alloca' 'inputBuf_V_60' <Predicate = true> <Delay = 0.00>
ST_1 : Operation 70 [1/1] (0.00ns)   --->   "%inputBuf_V_61 = alloca i32 1"   --->   Operation 70 'alloca' 'inputBuf_V_61' <Predicate = true> <Delay = 0.00>
ST_1 : Operation 71 [1/1] (0.00ns)   --->   "%inputBuf_V_62 = alloca i32 1"   --->   Operation 71 'alloca' 'inputBuf_V_62' <Predicate = true> <Delay = 0.00>
ST_1 : Operation 72 [1/1] (0.00ns)   --->   "%inputBuf_V_63 = alloca i32 1"   --->   Operation 72 'alloca' 'inputBuf_V_63' <Predicate = true> <Delay = 0.00>
ST_1 : Operation 73 [1/1] (0.00ns)   --->   "%inputBuf_V_64 = alloca i32 1"   --->   Operation 73 'alloca' 'inputBuf_V_64' <Predicate = true> <Delay = 0.00>
ST_1 : Operation 74 [1/1] (0.00ns)   --->   "%inputBuf_V_65 = alloca i32 1"   --->   Operation 74 'alloca' 'inputBuf_V_65' <Predicate = true> <Delay = 0.00>
ST_1 : Operation 75 [1/1] (0.00ns)   --->   "%inputBuf_V_66 = alloca i32 1"   --->   Operation 75 'alloca' 'inputBuf_V_66' <Predicate = true> <Delay = 0.00>
ST_1 : Operation 76 [1/1] (0.00ns)   --->   "%inputBuf_V_67 = alloca i32 1"   --->   Operation 76 'alloca' 'inputBuf_V_67' <Predicate = true> <Delay = 0.00>
ST_1 : Operation 77 [1/1] (0.00ns)   --->   "%inputBuf_V_68 = alloca i32 1"   --->   Operation 77 'alloca' 'inputBuf_V_68' <Predicate = true> <Delay = 0.00>
ST_1 : Operation 78 [1/1] (0.00ns)   --->   "%inputBuf_V_69 = alloca i32 1"   --->   Operation 78 'alloca' 'inputBuf_V_69' <Predicate = true> <Delay = 0.00>
ST_1 : Operation 79 [1/1] (0.00ns)   --->   "%inputBuf_V_70 = alloca i32 1"   --->   Operation 79 'alloca' 'inputBuf_V_70' <Predicate = true> <Delay = 0.00>
ST_1 : Operation 80 [1/1] (0.00ns)   --->   "%inputBuf_V_71 = alloca i32 1"   --->   Operation 80 'alloca' 'inputBuf_V_71' <Predicate = true> <Delay = 0.00>
ST_1 : Operation 81 [1/1] (0.00ns)   --->   "%inputBuf_V_72 = alloca i32 1"   --->   Operation 81 'alloca' 'inputBuf_V_72' <Predicate = true> <Delay = 0.00>
ST_1 : Operation 82 [1/1] (0.00ns)   --->   "%inputBuf_V_73 = alloca i32 1"   --->   Operation 82 'alloca' 'inputBuf_V_73' <Predicate = true> <Delay = 0.00>
ST_1 : Operation 83 [1/1] (0.00ns)   --->   "%inputBuf_V_74 = alloca i32 1"   --->   Operation 83 'alloca' 'inputBuf_V_74' <Predicate = true> <Delay = 0.00>
ST_1 : Operation 84 [1/1] (0.00ns)   --->   "%inputBuf_V_75 = alloca i32 1"   --->   Operation 84 'alloca' 'inputBuf_V_75' <Predicate = true> <Delay = 0.00>
ST_1 : Operation 85 [1/1] (0.00ns)   --->   "%inputBuf_V_76 = alloca i32 1"   --->   Operation 85 'alloca' 'inputBuf_V_76' <Predicate = true> <Delay = 0.00>
ST_1 : Operation 86 [1/1] (0.00ns)   --->   "%inputBuf_V_77 = alloca i32 1"   --->   Operation 86 'alloca' 'inputBuf_V_77' <Predicate = true> <Delay = 0.00>
ST_1 : Operation 87 [1/1] (0.00ns)   --->   "%inputBuf_V_78 = alloca i32 1"   --->   Operation 87 'alloca' 'inputBuf_V_78' <Predicate = true> <Delay = 0.00>
ST_1 : Operation 88 [1/1] (0.00ns)   --->   "%inputBuf_V_79 = alloca i32 1"   --->   Operation 88 'alloca' 'inputBuf_V_79' <Predicate = true> <Delay = 0.00>
ST_1 : Operation 89 [1/1] (0.00ns)   --->   "%inputBuf_V_80 = alloca i32 1"   --->   Operation 89 'alloca' 'inputBuf_V_80' <Predicate = true> <Delay = 0.00>
ST_1 : Operation 90 [1/1] (0.00ns)   --->   "%inputBuf_V_81 = alloca i32 1"   --->   Operation 90 'alloca' 'inputBuf_V_81' <Predicate = true> <Delay = 0.00>
ST_1 : Operation 91 [1/1] (0.00ns)   --->   "%inputBuf_V_82 = alloca i32 1"   --->   Operation 91 'alloca' 'inputBuf_V_82' <Predicate = true> <Delay = 0.00>
ST_1 : Operation 92 [1/1] (0.00ns)   --->   "%inputBuf_V_83 = alloca i32 1"   --->   Operation 92 'alloca' 'inputBuf_V_83' <Predicate = true> <Delay = 0.00>
ST_1 : Operation 93 [1/1] (0.00ns)   --->   "%nf = alloca i32 1"   --->   Operation 93 'alloca' 'nf' <Predicate = true> <Delay = 0.00>
ST_1 : Operation 94 [1/1] (0.00ns)   --->   "%spectopmodule_ln24 = spectopmodule void @_ssdm_op_SpecTopModule, void @empty_2" [/home/changhong/prj/finn/notebooks/EF-US-Engine-Free-Unstructured-Sparsity-Design-Alleviates-Accelerator-Bottlenecks/casestudy1/LeNet_MNIST_BNN/build/auto/home/changhong/prj/finn/notebooks/EF-US-Engine-Free-Unstructured-Sparsity-Design-Alleviates-Accelerator-Bottlenecks/casestudy1/LeNet_MNIST_BNN/tmp/auto/code_gen_ipgen_MVAU_hls_4_vwmpqfrn/top_MVAU_hls_4.cpp:24]   --->   Operation 94 'spectopmodule' 'spectopmodule_ln24' <Predicate = true> <Delay = 0.00>
ST_1 : Operation 95 [1/1] (0.00ns)   --->   "%specinterface_ln24 = specinterface void @_ssdm_op_SpecInterface, i32 0, void @empty_3, i32 0, i32 0, void @empty_1, i32 0, i32 0, void @empty_1, void @empty_1, void @empty_1, i32 0, i32 0, i32 0, i32 0, void @empty_1, void @empty_1, i32 4294967295, i32 0" [/home/changhong/prj/finn/notebooks/EF-US-Engine-Free-Unstructured-Sparsity-Design-Alleviates-Accelerator-Bottlenecks/casestudy1/LeNet_MNIST_BNN/build/auto/home/changhong/prj/finn/notebooks/EF-US-Engine-Free-Unstructured-Sparsity-Design-Alleviates-Accelerator-Bottlenecks/casestudy1/LeNet_MNIST_BNN/tmp/auto/code_gen_ipgen_MVAU_hls_4_vwmpqfrn/top_MVAU_hls_4.cpp:24]   --->   Operation 95 'specinterface' 'specinterface_ln24' <Predicate = true> <Delay = 0.00>
ST_1 : Operation 96 [1/1] (0.00ns)   --->   "%specinterface_ln0 = specinterface void @_ssdm_op_SpecInterface, i8 %in0_V, void @empty, i32 1, i32 1, void @empty_0, i32 0, i32 0, void @empty_1, void @empty_1, void @empty_1, i32 0, i32 0, i32 0, i32 0, void @empty_1, void @empty_1, i32 4294967295, i32 0"   --->   Operation 96 'specinterface' 'specinterface_ln0' <Predicate = true> <Delay = 0.00>
ST_1 : Operation 97 [1/1] (0.00ns)   --->   "%specbitsmap_ln0 = specbitsmap void @_ssdm_op_SpecBitsMap, i8 %in0_V"   --->   Operation 97 'specbitsmap' 'specbitsmap_ln0' <Predicate = true> <Delay = 0.00>
ST_1 : Operation 98 [1/1] (0.00ns)   --->   "%specinterface_ln0 = specinterface void @_ssdm_op_SpecInterface, i8 %in1_V, void @empty, i32 1, i32 1, void @empty_0, i32 0, i32 0, void @empty_1, void @empty_1, void @empty_1, i32 0, i32 0, i32 0, i32 0, void @empty_1, void @empty_1, i32 4294967295, i32 0"   --->   Operation 98 'specinterface' 'specinterface_ln0' <Predicate = true> <Delay = 0.00>
ST_1 : Operation 99 [1/1] (0.00ns)   --->   "%specbitsmap_ln0 = specbitsmap void @_ssdm_op_SpecBitsMap, i8 %in1_V"   --->   Operation 99 'specbitsmap' 'specbitsmap_ln0' <Predicate = true> <Delay = 0.00>
ST_1 : Operation 100 [1/1] (0.00ns)   --->   "%specinterface_ln0 = specinterface void @_ssdm_op_SpecInterface, i8 %out0_V, void @empty, i32 1, i32 1, void @empty_0, i32 0, i32 0, void @empty_1, void @empty_1, void @empty_1, i32 0, i32 0, i32 0, i32 0, void @empty_1, void @empty_1, i32 4294967295, i32 0"   --->   Operation 100 'specinterface' 'specinterface_ln0' <Predicate = true> <Delay = 0.00>
ST_1 : Operation 101 [1/1] (0.00ns)   --->   "%specbitsmap_ln0 = specbitsmap void @_ssdm_op_SpecBitsMap, i8 %out0_V"   --->   Operation 101 'specbitsmap' 'specbitsmap_ln0' <Predicate = true> <Delay = 0.00>
ST_1 : Operation 102 [1/1] (0.42ns)   --->   "%store_ln249 = store i32 0, i32 %nf" [/home/changhong/prj/finn/deps/finn-hlslib/mvau.hpp:249]   --->   Operation 102 'store' 'store_ln249' <Predicate = true> <Delay = 0.42>
ST_1 : Operation 103 [1/1] (0.42ns)   --->   "%store_ln249 = store i10 0, i10 %i" [/home/changhong/prj/finn/deps/finn-hlslib/mvau.hpp:249]   --->   Operation 103 'store' 'store_ln249' <Predicate = true> <Delay = 0.42>
ST_1 : Operation 104 [1/1] (0.42ns)   --->   "%store_ln249 = store i32 0, i32 %sf" [/home/changhong/prj/finn/deps/finn-hlslib/mvau.hpp:249]   --->   Operation 104 'store' 'store_ln249' <Predicate = true> <Delay = 0.42>
ST_1 : Operation 105 [1/1] (0.00ns)   --->   "%br_ln249 = br void %for.body.i" [/home/changhong/prj/finn/deps/finn-hlslib/mvau.hpp:249]   --->   Operation 105 'br' 'br_ln249' <Predicate = true> <Delay = 0.00>
ST_1 : Operation 106 [1/1] (0.00ns)   --->   "%sf_2 = load i32 %sf" [/home/changhong/prj/finn/deps/finn-hlslib/mvau.hpp:261]   --->   Operation 106 'load' 'sf_2' <Predicate = true> <Delay = 0.00>
ST_1 : Operation 107 [1/1] (0.00ns)   --->   "%i_1 = load i10 %i" [/home/changhong/prj/finn/deps/finn-hlslib/mvau.hpp:249]   --->   Operation 107 'load' 'i_1' <Predicate = true> <Delay = 0.00>
ST_1 : Operation 108 [1/1] (0.00ns)   --->   "%nf_3 = load i32 %nf" [/home/changhong/prj/finn/deps/finn-hlslib/mvau.hpp:302]   --->   Operation 108 'load' 'nf_3' <Predicate = true> <Delay = 0.00>
ST_1 : Operation 109 [1/1] (0.91ns)   --->   "%icmp_ln249 = icmp_eq  i10 %i_1, i10 840" [/home/changhong/prj/finn/deps/finn-hlslib/mvau.hpp:249]   --->   Operation 109 'icmp' 'icmp_ln249' <Predicate = true> <Delay = 0.91> <CoreInst = "Cmp">   --->   Core 9 'Cmp' <Latency = 0> <II = 1> <Delay = 0.91> <FuncUnit> <Opcode : 'icmp'> <InPorts = 2> <OutPorts = 1>
ST_1 : Operation 110 [1/1] (0.00ns)   --->   "%empty = speclooptripcount i32 @_ssdm_op_SpecLoopTripCount, i64 840, i64 840, i64 840"   --->   Operation 110 'speclooptripcount' 'empty' <Predicate = true> <Delay = 0.00>
ST_1 : Operation 111 [1/1] (0.78ns)   --->   "%i_2 = add i10 %i_1, i10 1" [/home/changhong/prj/finn/deps/finn-hlslib/mvau.hpp:249]   --->   Operation 111 'add' 'i_2' <Predicate = true> <Delay = 0.78> <CoreInst = "Adder">   --->   Core 1 'Adder' <Latency = 0> <II = 1> <Delay = 0.78> <FuncUnit> <Opcode : 'add' 'sub'> <InPorts = 2> <OutPorts = 1>
ST_1 : Operation 112 [1/1] (0.00ns)   --->   "%br_ln249 = br i1 %icmp_ln249, void %for.body.i.split, void %_Z35Matrix_Vector_Activate_Stream_BatchILj84ELj10ELj1ELj1E6RecastI7XnorMulE5SliceI6ap_intILi8EELj8EE8Identity7ap_uintILi1EES9_S8_ILi8EE21PassThroughActivationIS5_E16ap_resource_dfltEvRN3hls6streamIT7_Li0EEERNSF_IT8_Li0EEERNSF_IS8_IXmlmlT2_T1_srT6_5widthEELi0EEERKT9_iRKT10_.exit" [/home/changhong/prj/finn/deps/finn-hlslib/mvau.hpp:249]   --->   Operation 112 'br' 'br_ln249' <Predicate = true> <Delay = 0.00>
ST_1 : Operation 113 [1/1] (0.00ns)   --->   "%specpipeline_ln250 = specpipeline void @_ssdm_op_SpecPipeline, i32 1, i32 2, i32 0, i32 0, void @empty_1" [/home/changhong/prj/finn/deps/finn-hlslib/mvau.hpp:250]   --->   Operation 113 'specpipeline' 'specpipeline_ln250' <Predicate = (!icmp_ln249)> <Delay = 0.00>
ST_1 : Operation 114 [1/1] (0.00ns)   --->   "%specloopname_ln231 = specloopname void @_ssdm_op_SpecLoopName, void @empty_4" [/home/changhong/prj/finn/deps/finn-hlslib/mvau.hpp:231]   --->   Operation 114 'specloopname' 'specloopname_ln231' <Predicate = (!icmp_ln249)> <Delay = 0.00>
ST_1 : Operation 115 [1/1] (0.99ns)   --->   "%icmp_ln253 = icmp_eq  i32 %nf_3, i32 0" [/home/changhong/prj/finn/deps/finn-hlslib/mvau.hpp:253]   --->   Operation 115 'icmp' 'icmp_ln253' <Predicate = (!icmp_ln249)> <Delay = 0.99> <CoreInst = "Cmp">   --->   Core 9 'Cmp' <Latency = 0> <II = 1> <Delay = 0.99> <FuncUnit> <Opcode : 'icmp'> <InPorts = 2> <OutPorts = 1>
ST_1 : Operation 116 [1/1] (0.00ns)   --->   "%br_ln253 = br i1 %icmp_ln253, void %if.else.i, void %if.then.i" [/home/changhong/prj/finn/deps/finn-hlslib/mvau.hpp:253]   --->   Operation 116 'br' 'br_ln253' <Predicate = (!icmp_ln249)> <Delay = 0.00>
ST_1 : Operation 117 [1/1] (0.00ns)   --->   "%inputBuf_V_load = load i1 %inputBuf_V" [/home/changhong/prj/finn/deps/finn-hlslib/mvau.hpp:261]   --->   Operation 117 'load' 'inputBuf_V_load' <Predicate = (!icmp_ln249 & !icmp_ln253)> <Delay = 0.00>
ST_1 : Operation 118 [1/1] (0.00ns)   --->   "%inputBuf_V_1_load = load i1 %inputBuf_V_1" [/home/changhong/prj/finn/deps/finn-hlslib/mvau.hpp:261]   --->   Operation 118 'load' 'inputBuf_V_1_load' <Predicate = (!icmp_ln249 & !icmp_ln253)> <Delay = 0.00>
ST_1 : Operation 119 [1/1] (0.00ns)   --->   "%inputBuf_V_2_load = load i1 %inputBuf_V_2" [/home/changhong/prj/finn/deps/finn-hlslib/mvau.hpp:261]   --->   Operation 119 'load' 'inputBuf_V_2_load' <Predicate = (!icmp_ln249 & !icmp_ln253)> <Delay = 0.00>
ST_1 : Operation 120 [1/1] (0.00ns)   --->   "%inputBuf_V_3_load = load i1 %inputBuf_V_3" [/home/changhong/prj/finn/deps/finn-hlslib/mvau.hpp:261]   --->   Operation 120 'load' 'inputBuf_V_3_load' <Predicate = (!icmp_ln249 & !icmp_ln253)> <Delay = 0.00>
ST_1 : Operation 121 [1/1] (0.00ns)   --->   "%inputBuf_V_4_load = load i1 %inputBuf_V_4" [/home/changhong/prj/finn/deps/finn-hlslib/mvau.hpp:261]   --->   Operation 121 'load' 'inputBuf_V_4_load' <Predicate = (!icmp_ln249 & !icmp_ln253)> <Delay = 0.00>
ST_1 : Operation 122 [1/1] (0.00ns)   --->   "%inputBuf_V_5_load = load i1 %inputBuf_V_5" [/home/changhong/prj/finn/deps/finn-hlslib/mvau.hpp:261]   --->   Operation 122 'load' 'inputBuf_V_5_load' <Predicate = (!icmp_ln249 & !icmp_ln253)> <Delay = 0.00>
ST_1 : Operation 123 [1/1] (0.00ns)   --->   "%inputBuf_V_6_load = load i1 %inputBuf_V_6" [/home/changhong/prj/finn/deps/finn-hlslib/mvau.hpp:261]   --->   Operation 123 'load' 'inputBuf_V_6_load' <Predicate = (!icmp_ln249 & !icmp_ln253)> <Delay = 0.00>
ST_1 : Operation 124 [1/1] (0.00ns)   --->   "%inputBuf_V_7_load = load i1 %inputBuf_V_7" [/home/changhong/prj/finn/deps/finn-hlslib/mvau.hpp:261]   --->   Operation 124 'load' 'inputBuf_V_7_load' <Predicate = (!icmp_ln249 & !icmp_ln253)> <Delay = 0.00>
ST_1 : Operation 125 [1/1] (0.00ns)   --->   "%inputBuf_V_8_load = load i1 %inputBuf_V_8" [/home/changhong/prj/finn/deps/finn-hlslib/mvau.hpp:261]   --->   Operation 125 'load' 'inputBuf_V_8_load' <Predicate = (!icmp_ln249 & !icmp_ln253)> <Delay = 0.00>
ST_1 : Operation 126 [1/1] (0.00ns)   --->   "%inputBuf_V_9_load = load i1 %inputBuf_V_9" [/home/changhong/prj/finn/deps/finn-hlslib/mvau.hpp:261]   --->   Operation 126 'load' 'inputBuf_V_9_load' <Predicate = (!icmp_ln249 & !icmp_ln253)> <Delay = 0.00>
ST_1 : Operation 127 [1/1] (0.00ns)   --->   "%inputBuf_V_10_load = load i1 %inputBuf_V_10" [/home/changhong/prj/finn/deps/finn-hlslib/mvau.hpp:261]   --->   Operation 127 'load' 'inputBuf_V_10_load' <Predicate = (!icmp_ln249 & !icmp_ln253)> <Delay = 0.00>
ST_1 : Operation 128 [1/1] (0.00ns)   --->   "%inputBuf_V_11_load = load i1 %inputBuf_V_11" [/home/changhong/prj/finn/deps/finn-hlslib/mvau.hpp:261]   --->   Operation 128 'load' 'inputBuf_V_11_load' <Predicate = (!icmp_ln249 & !icmp_ln253)> <Delay = 0.00>
ST_1 : Operation 129 [1/1] (0.00ns)   --->   "%inputBuf_V_12_load = load i1 %inputBuf_V_12" [/home/changhong/prj/finn/deps/finn-hlslib/mvau.hpp:261]   --->   Operation 129 'load' 'inputBuf_V_12_load' <Predicate = (!icmp_ln249 & !icmp_ln253)> <Delay = 0.00>
ST_1 : Operation 130 [1/1] (0.00ns)   --->   "%inputBuf_V_13_load = load i1 %inputBuf_V_13" [/home/changhong/prj/finn/deps/finn-hlslib/mvau.hpp:261]   --->   Operation 130 'load' 'inputBuf_V_13_load' <Predicate = (!icmp_ln249 & !icmp_ln253)> <Delay = 0.00>
ST_1 : Operation 131 [1/1] (0.00ns)   --->   "%inputBuf_V_14_load = load i1 %inputBuf_V_14" [/home/changhong/prj/finn/deps/finn-hlslib/mvau.hpp:261]   --->   Operation 131 'load' 'inputBuf_V_14_load' <Predicate = (!icmp_ln249 & !icmp_ln253)> <Delay = 0.00>
ST_1 : Operation 132 [1/1] (0.00ns)   --->   "%inputBuf_V_15_load = load i1 %inputBuf_V_15" [/home/changhong/prj/finn/deps/finn-hlslib/mvau.hpp:261]   --->   Operation 132 'load' 'inputBuf_V_15_load' <Predicate = (!icmp_ln249 & !icmp_ln253)> <Delay = 0.00>
ST_1 : Operation 133 [1/1] (0.00ns)   --->   "%inputBuf_V_16_load = load i1 %inputBuf_V_16" [/home/changhong/prj/finn/deps/finn-hlslib/mvau.hpp:261]   --->   Operation 133 'load' 'inputBuf_V_16_load' <Predicate = (!icmp_ln249 & !icmp_ln253)> <Delay = 0.00>
ST_1 : Operation 134 [1/1] (0.00ns)   --->   "%inputBuf_V_17_load = load i1 %inputBuf_V_17" [/home/changhong/prj/finn/deps/finn-hlslib/mvau.hpp:261]   --->   Operation 134 'load' 'inputBuf_V_17_load' <Predicate = (!icmp_ln249 & !icmp_ln253)> <Delay = 0.00>
ST_1 : Operation 135 [1/1] (0.00ns)   --->   "%inputBuf_V_18_load = load i1 %inputBuf_V_18" [/home/changhong/prj/finn/deps/finn-hlslib/mvau.hpp:261]   --->   Operation 135 'load' 'inputBuf_V_18_load' <Predicate = (!icmp_ln249 & !icmp_ln253)> <Delay = 0.00>
ST_1 : Operation 136 [1/1] (0.00ns)   --->   "%inputBuf_V_19_load = load i1 %inputBuf_V_19" [/home/changhong/prj/finn/deps/finn-hlslib/mvau.hpp:261]   --->   Operation 136 'load' 'inputBuf_V_19_load' <Predicate = (!icmp_ln249 & !icmp_ln253)> <Delay = 0.00>
ST_1 : Operation 137 [1/1] (0.00ns)   --->   "%inputBuf_V_20_load = load i1 %inputBuf_V_20" [/home/changhong/prj/finn/deps/finn-hlslib/mvau.hpp:261]   --->   Operation 137 'load' 'inputBuf_V_20_load' <Predicate = (!icmp_ln249 & !icmp_ln253)> <Delay = 0.00>
ST_1 : Operation 138 [1/1] (0.00ns)   --->   "%inputBuf_V_21_load = load i1 %inputBuf_V_21" [/home/changhong/prj/finn/deps/finn-hlslib/mvau.hpp:261]   --->   Operation 138 'load' 'inputBuf_V_21_load' <Predicate = (!icmp_ln249 & !icmp_ln253)> <Delay = 0.00>
ST_1 : Operation 139 [1/1] (0.00ns)   --->   "%inputBuf_V_22_load = load i1 %inputBuf_V_22" [/home/changhong/prj/finn/deps/finn-hlslib/mvau.hpp:261]   --->   Operation 139 'load' 'inputBuf_V_22_load' <Predicate = (!icmp_ln249 & !icmp_ln253)> <Delay = 0.00>
ST_1 : Operation 140 [1/1] (0.00ns)   --->   "%inputBuf_V_23_load = load i1 %inputBuf_V_23" [/home/changhong/prj/finn/deps/finn-hlslib/mvau.hpp:261]   --->   Operation 140 'load' 'inputBuf_V_23_load' <Predicate = (!icmp_ln249 & !icmp_ln253)> <Delay = 0.00>
ST_1 : Operation 141 [1/1] (0.00ns)   --->   "%inputBuf_V_24_load = load i1 %inputBuf_V_24" [/home/changhong/prj/finn/deps/finn-hlslib/mvau.hpp:261]   --->   Operation 141 'load' 'inputBuf_V_24_load' <Predicate = (!icmp_ln249 & !icmp_ln253)> <Delay = 0.00>
ST_1 : Operation 142 [1/1] (0.00ns)   --->   "%inputBuf_V_25_load = load i1 %inputBuf_V_25" [/home/changhong/prj/finn/deps/finn-hlslib/mvau.hpp:261]   --->   Operation 142 'load' 'inputBuf_V_25_load' <Predicate = (!icmp_ln249 & !icmp_ln253)> <Delay = 0.00>
ST_1 : Operation 143 [1/1] (0.00ns)   --->   "%inputBuf_V_26_load = load i1 %inputBuf_V_26" [/home/changhong/prj/finn/deps/finn-hlslib/mvau.hpp:261]   --->   Operation 143 'load' 'inputBuf_V_26_load' <Predicate = (!icmp_ln249 & !icmp_ln253)> <Delay = 0.00>
ST_1 : Operation 144 [1/1] (0.00ns)   --->   "%inputBuf_V_27_load = load i1 %inputBuf_V_27" [/home/changhong/prj/finn/deps/finn-hlslib/mvau.hpp:261]   --->   Operation 144 'load' 'inputBuf_V_27_load' <Predicate = (!icmp_ln249 & !icmp_ln253)> <Delay = 0.00>
ST_1 : Operation 145 [1/1] (0.00ns)   --->   "%inputBuf_V_28_load = load i1 %inputBuf_V_28" [/home/changhong/prj/finn/deps/finn-hlslib/mvau.hpp:261]   --->   Operation 145 'load' 'inputBuf_V_28_load' <Predicate = (!icmp_ln249 & !icmp_ln253)> <Delay = 0.00>
ST_1 : Operation 146 [1/1] (0.00ns)   --->   "%inputBuf_V_29_load = load i1 %inputBuf_V_29" [/home/changhong/prj/finn/deps/finn-hlslib/mvau.hpp:261]   --->   Operation 146 'load' 'inputBuf_V_29_load' <Predicate = (!icmp_ln249 & !icmp_ln253)> <Delay = 0.00>
ST_1 : Operation 147 [1/1] (0.00ns)   --->   "%inputBuf_V_30_load = load i1 %inputBuf_V_30" [/home/changhong/prj/finn/deps/finn-hlslib/mvau.hpp:261]   --->   Operation 147 'load' 'inputBuf_V_30_load' <Predicate = (!icmp_ln249 & !icmp_ln253)> <Delay = 0.00>
ST_1 : Operation 148 [1/1] (0.00ns)   --->   "%inputBuf_V_31_load = load i1 %inputBuf_V_31" [/home/changhong/prj/finn/deps/finn-hlslib/mvau.hpp:261]   --->   Operation 148 'load' 'inputBuf_V_31_load' <Predicate = (!icmp_ln249 & !icmp_ln253)> <Delay = 0.00>
ST_1 : Operation 149 [1/1] (0.00ns)   --->   "%inputBuf_V_32_load = load i1 %inputBuf_V_32" [/home/changhong/prj/finn/deps/finn-hlslib/mvau.hpp:261]   --->   Operation 149 'load' 'inputBuf_V_32_load' <Predicate = (!icmp_ln249 & !icmp_ln253)> <Delay = 0.00>
ST_1 : Operation 150 [1/1] (0.00ns)   --->   "%inputBuf_V_33_load = load i1 %inputBuf_V_33" [/home/changhong/prj/finn/deps/finn-hlslib/mvau.hpp:261]   --->   Operation 150 'load' 'inputBuf_V_33_load' <Predicate = (!icmp_ln249 & !icmp_ln253)> <Delay = 0.00>
ST_1 : Operation 151 [1/1] (0.00ns)   --->   "%inputBuf_V_34_load = load i1 %inputBuf_V_34" [/home/changhong/prj/finn/deps/finn-hlslib/mvau.hpp:261]   --->   Operation 151 'load' 'inputBuf_V_34_load' <Predicate = (!icmp_ln249 & !icmp_ln253)> <Delay = 0.00>
ST_1 : Operation 152 [1/1] (0.00ns)   --->   "%inputBuf_V_35_load = load i1 %inputBuf_V_35" [/home/changhong/prj/finn/deps/finn-hlslib/mvau.hpp:261]   --->   Operation 152 'load' 'inputBuf_V_35_load' <Predicate = (!icmp_ln249 & !icmp_ln253)> <Delay = 0.00>
ST_1 : Operation 153 [1/1] (0.00ns)   --->   "%inputBuf_V_36_load = load i1 %inputBuf_V_36" [/home/changhong/prj/finn/deps/finn-hlslib/mvau.hpp:261]   --->   Operation 153 'load' 'inputBuf_V_36_load' <Predicate = (!icmp_ln249 & !icmp_ln253)> <Delay = 0.00>
ST_1 : Operation 154 [1/1] (0.00ns)   --->   "%inputBuf_V_37_load = load i1 %inputBuf_V_37" [/home/changhong/prj/finn/deps/finn-hlslib/mvau.hpp:261]   --->   Operation 154 'load' 'inputBuf_V_37_load' <Predicate = (!icmp_ln249 & !icmp_ln253)> <Delay = 0.00>
ST_1 : Operation 155 [1/1] (0.00ns)   --->   "%inputBuf_V_38_load = load i1 %inputBuf_V_38" [/home/changhong/prj/finn/deps/finn-hlslib/mvau.hpp:261]   --->   Operation 155 'load' 'inputBuf_V_38_load' <Predicate = (!icmp_ln249 & !icmp_ln253)> <Delay = 0.00>
ST_1 : Operation 156 [1/1] (0.00ns)   --->   "%inputBuf_V_39_load = load i1 %inputBuf_V_39" [/home/changhong/prj/finn/deps/finn-hlslib/mvau.hpp:261]   --->   Operation 156 'load' 'inputBuf_V_39_load' <Predicate = (!icmp_ln249 & !icmp_ln253)> <Delay = 0.00>
ST_1 : Operation 157 [1/1] (0.00ns)   --->   "%inputBuf_V_40_load = load i1 %inputBuf_V_40" [/home/changhong/prj/finn/deps/finn-hlslib/mvau.hpp:261]   --->   Operation 157 'load' 'inputBuf_V_40_load' <Predicate = (!icmp_ln249 & !icmp_ln253)> <Delay = 0.00>
ST_1 : Operation 158 [1/1] (0.00ns)   --->   "%inputBuf_V_41_load = load i1 %inputBuf_V_41" [/home/changhong/prj/finn/deps/finn-hlslib/mvau.hpp:261]   --->   Operation 158 'load' 'inputBuf_V_41_load' <Predicate = (!icmp_ln249 & !icmp_ln253)> <Delay = 0.00>
ST_1 : Operation 159 [1/1] (0.00ns)   --->   "%inputBuf_V_42_load = load i1 %inputBuf_V_42" [/home/changhong/prj/finn/deps/finn-hlslib/mvau.hpp:261]   --->   Operation 159 'load' 'inputBuf_V_42_load' <Predicate = (!icmp_ln249 & !icmp_ln253)> <Delay = 0.00>
ST_1 : Operation 160 [1/1] (0.00ns)   --->   "%inputBuf_V_43_load = load i1 %inputBuf_V_43" [/home/changhong/prj/finn/deps/finn-hlslib/mvau.hpp:261]   --->   Operation 160 'load' 'inputBuf_V_43_load' <Predicate = (!icmp_ln249 & !icmp_ln253)> <Delay = 0.00>
ST_1 : Operation 161 [1/1] (0.00ns)   --->   "%inputBuf_V_44_load = load i1 %inputBuf_V_44" [/home/changhong/prj/finn/deps/finn-hlslib/mvau.hpp:261]   --->   Operation 161 'load' 'inputBuf_V_44_load' <Predicate = (!icmp_ln249 & !icmp_ln253)> <Delay = 0.00>
ST_1 : Operation 162 [1/1] (0.00ns)   --->   "%inputBuf_V_45_load = load i1 %inputBuf_V_45" [/home/changhong/prj/finn/deps/finn-hlslib/mvau.hpp:261]   --->   Operation 162 'load' 'inputBuf_V_45_load' <Predicate = (!icmp_ln249 & !icmp_ln253)> <Delay = 0.00>
ST_1 : Operation 163 [1/1] (0.00ns)   --->   "%inputBuf_V_46_load = load i1 %inputBuf_V_46" [/home/changhong/prj/finn/deps/finn-hlslib/mvau.hpp:261]   --->   Operation 163 'load' 'inputBuf_V_46_load' <Predicate = (!icmp_ln249 & !icmp_ln253)> <Delay = 0.00>
ST_1 : Operation 164 [1/1] (0.00ns)   --->   "%inputBuf_V_47_load = load i1 %inputBuf_V_47" [/home/changhong/prj/finn/deps/finn-hlslib/mvau.hpp:261]   --->   Operation 164 'load' 'inputBuf_V_47_load' <Predicate = (!icmp_ln249 & !icmp_ln253)> <Delay = 0.00>
ST_1 : Operation 165 [1/1] (0.00ns)   --->   "%inputBuf_V_48_load = load i1 %inputBuf_V_48" [/home/changhong/prj/finn/deps/finn-hlslib/mvau.hpp:261]   --->   Operation 165 'load' 'inputBuf_V_48_load' <Predicate = (!icmp_ln249 & !icmp_ln253)> <Delay = 0.00>
ST_1 : Operation 166 [1/1] (0.00ns)   --->   "%inputBuf_V_49_load = load i1 %inputBuf_V_49" [/home/changhong/prj/finn/deps/finn-hlslib/mvau.hpp:261]   --->   Operation 166 'load' 'inputBuf_V_49_load' <Predicate = (!icmp_ln249 & !icmp_ln253)> <Delay = 0.00>
ST_1 : Operation 167 [1/1] (0.00ns)   --->   "%inputBuf_V_50_load = load i1 %inputBuf_V_50" [/home/changhong/prj/finn/deps/finn-hlslib/mvau.hpp:261]   --->   Operation 167 'load' 'inputBuf_V_50_load' <Predicate = (!icmp_ln249 & !icmp_ln253)> <Delay = 0.00>
ST_1 : Operation 168 [1/1] (0.00ns)   --->   "%inputBuf_V_51_load = load i1 %inputBuf_V_51" [/home/changhong/prj/finn/deps/finn-hlslib/mvau.hpp:261]   --->   Operation 168 'load' 'inputBuf_V_51_load' <Predicate = (!icmp_ln249 & !icmp_ln253)> <Delay = 0.00>
ST_1 : Operation 169 [1/1] (0.00ns)   --->   "%inputBuf_V_52_load = load i1 %inputBuf_V_52" [/home/changhong/prj/finn/deps/finn-hlslib/mvau.hpp:261]   --->   Operation 169 'load' 'inputBuf_V_52_load' <Predicate = (!icmp_ln249 & !icmp_ln253)> <Delay = 0.00>
ST_1 : Operation 170 [1/1] (0.00ns)   --->   "%inputBuf_V_53_load = load i1 %inputBuf_V_53" [/home/changhong/prj/finn/deps/finn-hlslib/mvau.hpp:261]   --->   Operation 170 'load' 'inputBuf_V_53_load' <Predicate = (!icmp_ln249 & !icmp_ln253)> <Delay = 0.00>
ST_1 : Operation 171 [1/1] (0.00ns)   --->   "%inputBuf_V_54_load = load i1 %inputBuf_V_54" [/home/changhong/prj/finn/deps/finn-hlslib/mvau.hpp:261]   --->   Operation 171 'load' 'inputBuf_V_54_load' <Predicate = (!icmp_ln249 & !icmp_ln253)> <Delay = 0.00>
ST_1 : Operation 172 [1/1] (0.00ns)   --->   "%inputBuf_V_55_load = load i1 %inputBuf_V_55" [/home/changhong/prj/finn/deps/finn-hlslib/mvau.hpp:261]   --->   Operation 172 'load' 'inputBuf_V_55_load' <Predicate = (!icmp_ln249 & !icmp_ln253)> <Delay = 0.00>
ST_1 : Operation 173 [1/1] (0.00ns)   --->   "%inputBuf_V_56_load = load i1 %inputBuf_V_56" [/home/changhong/prj/finn/deps/finn-hlslib/mvau.hpp:261]   --->   Operation 173 'load' 'inputBuf_V_56_load' <Predicate = (!icmp_ln249 & !icmp_ln253)> <Delay = 0.00>
ST_1 : Operation 174 [1/1] (0.00ns)   --->   "%inputBuf_V_57_load = load i1 %inputBuf_V_57" [/home/changhong/prj/finn/deps/finn-hlslib/mvau.hpp:261]   --->   Operation 174 'load' 'inputBuf_V_57_load' <Predicate = (!icmp_ln249 & !icmp_ln253)> <Delay = 0.00>
ST_1 : Operation 175 [1/1] (0.00ns)   --->   "%inputBuf_V_58_load = load i1 %inputBuf_V_58" [/home/changhong/prj/finn/deps/finn-hlslib/mvau.hpp:261]   --->   Operation 175 'load' 'inputBuf_V_58_load' <Predicate = (!icmp_ln249 & !icmp_ln253)> <Delay = 0.00>
ST_1 : Operation 176 [1/1] (0.00ns)   --->   "%inputBuf_V_59_load = load i1 %inputBuf_V_59" [/home/changhong/prj/finn/deps/finn-hlslib/mvau.hpp:261]   --->   Operation 176 'load' 'inputBuf_V_59_load' <Predicate = (!icmp_ln249 & !icmp_ln253)> <Delay = 0.00>
ST_1 : Operation 177 [1/1] (0.00ns)   --->   "%inputBuf_V_60_load = load i1 %inputBuf_V_60" [/home/changhong/prj/finn/deps/finn-hlslib/mvau.hpp:261]   --->   Operation 177 'load' 'inputBuf_V_60_load' <Predicate = (!icmp_ln249 & !icmp_ln253)> <Delay = 0.00>
ST_1 : Operation 178 [1/1] (0.00ns)   --->   "%inputBuf_V_61_load = load i1 %inputBuf_V_61" [/home/changhong/prj/finn/deps/finn-hlslib/mvau.hpp:261]   --->   Operation 178 'load' 'inputBuf_V_61_load' <Predicate = (!icmp_ln249 & !icmp_ln253)> <Delay = 0.00>
ST_1 : Operation 179 [1/1] (0.00ns)   --->   "%inputBuf_V_62_load = load i1 %inputBuf_V_62" [/home/changhong/prj/finn/deps/finn-hlslib/mvau.hpp:261]   --->   Operation 179 'load' 'inputBuf_V_62_load' <Predicate = (!icmp_ln249 & !icmp_ln253)> <Delay = 0.00>
ST_1 : Operation 180 [1/1] (0.00ns)   --->   "%inputBuf_V_63_load = load i1 %inputBuf_V_63" [/home/changhong/prj/finn/deps/finn-hlslib/mvau.hpp:261]   --->   Operation 180 'load' 'inputBuf_V_63_load' <Predicate = (!icmp_ln249 & !icmp_ln253)> <Delay = 0.00>
ST_1 : Operation 181 [1/1] (0.00ns)   --->   "%inputBuf_V_64_load = load i1 %inputBuf_V_64" [/home/changhong/prj/finn/deps/finn-hlslib/mvau.hpp:261]   --->   Operation 181 'load' 'inputBuf_V_64_load' <Predicate = (!icmp_ln249 & !icmp_ln253)> <Delay = 0.00>
ST_1 : Operation 182 [1/1] (0.00ns)   --->   "%inputBuf_V_65_load = load i1 %inputBuf_V_65" [/home/changhong/prj/finn/deps/finn-hlslib/mvau.hpp:261]   --->   Operation 182 'load' 'inputBuf_V_65_load' <Predicate = (!icmp_ln249 & !icmp_ln253)> <Delay = 0.00>
ST_1 : Operation 183 [1/1] (0.00ns)   --->   "%inputBuf_V_66_load = load i1 %inputBuf_V_66" [/home/changhong/prj/finn/deps/finn-hlslib/mvau.hpp:261]   --->   Operation 183 'load' 'inputBuf_V_66_load' <Predicate = (!icmp_ln249 & !icmp_ln253)> <Delay = 0.00>
ST_1 : Operation 184 [1/1] (0.00ns)   --->   "%inputBuf_V_67_load = load i1 %inputBuf_V_67" [/home/changhong/prj/finn/deps/finn-hlslib/mvau.hpp:261]   --->   Operation 184 'load' 'inputBuf_V_67_load' <Predicate = (!icmp_ln249 & !icmp_ln253)> <Delay = 0.00>
ST_1 : Operation 185 [1/1] (0.00ns)   --->   "%inputBuf_V_68_load = load i1 %inputBuf_V_68" [/home/changhong/prj/finn/deps/finn-hlslib/mvau.hpp:261]   --->   Operation 185 'load' 'inputBuf_V_68_load' <Predicate = (!icmp_ln249 & !icmp_ln253)> <Delay = 0.00>
ST_1 : Operation 186 [1/1] (0.00ns)   --->   "%inputBuf_V_69_load = load i1 %inputBuf_V_69" [/home/changhong/prj/finn/deps/finn-hlslib/mvau.hpp:261]   --->   Operation 186 'load' 'inputBuf_V_69_load' <Predicate = (!icmp_ln249 & !icmp_ln253)> <Delay = 0.00>
ST_1 : Operation 187 [1/1] (0.00ns)   --->   "%inputBuf_V_70_load = load i1 %inputBuf_V_70" [/home/changhong/prj/finn/deps/finn-hlslib/mvau.hpp:261]   --->   Operation 187 'load' 'inputBuf_V_70_load' <Predicate = (!icmp_ln249 & !icmp_ln253)> <Delay = 0.00>
ST_1 : Operation 188 [1/1] (0.00ns)   --->   "%inputBuf_V_71_load = load i1 %inputBuf_V_71" [/home/changhong/prj/finn/deps/finn-hlslib/mvau.hpp:261]   --->   Operation 188 'load' 'inputBuf_V_71_load' <Predicate = (!icmp_ln249 & !icmp_ln253)> <Delay = 0.00>
ST_1 : Operation 189 [1/1] (0.00ns)   --->   "%inputBuf_V_72_load = load i1 %inputBuf_V_72" [/home/changhong/prj/finn/deps/finn-hlslib/mvau.hpp:261]   --->   Operation 189 'load' 'inputBuf_V_72_load' <Predicate = (!icmp_ln249 & !icmp_ln253)> <Delay = 0.00>
ST_1 : Operation 190 [1/1] (0.00ns)   --->   "%inputBuf_V_73_load = load i1 %inputBuf_V_73" [/home/changhong/prj/finn/deps/finn-hlslib/mvau.hpp:261]   --->   Operation 190 'load' 'inputBuf_V_73_load' <Predicate = (!icmp_ln249 & !icmp_ln253)> <Delay = 0.00>
ST_1 : Operation 191 [1/1] (0.00ns)   --->   "%inputBuf_V_74_load = load i1 %inputBuf_V_74" [/home/changhong/prj/finn/deps/finn-hlslib/mvau.hpp:261]   --->   Operation 191 'load' 'inputBuf_V_74_load' <Predicate = (!icmp_ln249 & !icmp_ln253)> <Delay = 0.00>
ST_1 : Operation 192 [1/1] (0.00ns)   --->   "%inputBuf_V_75_load = load i1 %inputBuf_V_75" [/home/changhong/prj/finn/deps/finn-hlslib/mvau.hpp:261]   --->   Operation 192 'load' 'inputBuf_V_75_load' <Predicate = (!icmp_ln249 & !icmp_ln253)> <Delay = 0.00>
ST_1 : Operation 193 [1/1] (0.00ns)   --->   "%inputBuf_V_76_load = load i1 %inputBuf_V_76" [/home/changhong/prj/finn/deps/finn-hlslib/mvau.hpp:261]   --->   Operation 193 'load' 'inputBuf_V_76_load' <Predicate = (!icmp_ln249 & !icmp_ln253)> <Delay = 0.00>
ST_1 : Operation 194 [1/1] (0.00ns)   --->   "%inputBuf_V_77_load = load i1 %inputBuf_V_77" [/home/changhong/prj/finn/deps/finn-hlslib/mvau.hpp:261]   --->   Operation 194 'load' 'inputBuf_V_77_load' <Predicate = (!icmp_ln249 & !icmp_ln253)> <Delay = 0.00>
ST_1 : Operation 195 [1/1] (0.00ns)   --->   "%inputBuf_V_78_load = load i1 %inputBuf_V_78" [/home/changhong/prj/finn/deps/finn-hlslib/mvau.hpp:261]   --->   Operation 195 'load' 'inputBuf_V_78_load' <Predicate = (!icmp_ln249 & !icmp_ln253)> <Delay = 0.00>
ST_1 : Operation 196 [1/1] (0.00ns)   --->   "%inputBuf_V_79_load = load i1 %inputBuf_V_79" [/home/changhong/prj/finn/deps/finn-hlslib/mvau.hpp:261]   --->   Operation 196 'load' 'inputBuf_V_79_load' <Predicate = (!icmp_ln249 & !icmp_ln253)> <Delay = 0.00>
ST_1 : Operation 197 [1/1] (0.00ns)   --->   "%inputBuf_V_80_load = load i1 %inputBuf_V_80" [/home/changhong/prj/finn/deps/finn-hlslib/mvau.hpp:261]   --->   Operation 197 'load' 'inputBuf_V_80_load' <Predicate = (!icmp_ln249 & !icmp_ln253)> <Delay = 0.00>
ST_1 : Operation 198 [1/1] (0.00ns)   --->   "%inputBuf_V_81_load = load i1 %inputBuf_V_81" [/home/changhong/prj/finn/deps/finn-hlslib/mvau.hpp:261]   --->   Operation 198 'load' 'inputBuf_V_81_load' <Predicate = (!icmp_ln249 & !icmp_ln253)> <Delay = 0.00>
ST_1 : Operation 199 [1/1] (0.00ns)   --->   "%inputBuf_V_82_load = load i1 %inputBuf_V_82" [/home/changhong/prj/finn/deps/finn-hlslib/mvau.hpp:261]   --->   Operation 199 'load' 'inputBuf_V_82_load' <Predicate = (!icmp_ln249 & !icmp_ln253)> <Delay = 0.00>
ST_1 : Operation 200 [1/1] (0.00ns)   --->   "%inputBuf_V_83_load = load i1 %inputBuf_V_83" [/home/changhong/prj/finn/deps/finn-hlslib/mvau.hpp:261]   --->   Operation 200 'load' 'inputBuf_V_83_load' <Predicate = (!icmp_ln249 & !icmp_ln253)> <Delay = 0.00>
ST_1 : Operation 201 [1/1] (0.00ns)   --->   "%trunc_ln261 = trunc i32 %sf_2" [/home/changhong/prj/finn/deps/finn-hlslib/mvau.hpp:261]   --->   Operation 201 'trunc' 'trunc_ln261' <Predicate = (!icmp_ln249 & !icmp_ln253)> <Delay = 0.00>
ST_1 : Operation 202 [1/1] (1.32ns)   --->   "%tmp = mux i1 @_ssdm_op_Mux.ap_auto.84i1.i7, i1 %inputBuf_V_load, i1 %inputBuf_V_1_load, i1 %inputBuf_V_2_load, i1 %inputBuf_V_3_load, i1 %inputBuf_V_4_load, i1 %inputBuf_V_5_load, i1 %inputBuf_V_6_load, i1 %inputBuf_V_7_load, i1 %inputBuf_V_8_load, i1 %inputBuf_V_9_load, i1 %inputBuf_V_10_load, i1 %inputBuf_V_11_load, i1 %inputBuf_V_12_load, i1 %inputBuf_V_13_load, i1 %inputBuf_V_14_load, i1 %inputBuf_V_15_load, i1 %inputBuf_V_16_load, i1 %inputBuf_V_17_load, i1 %inputBuf_V_18_load, i1 %inputBuf_V_19_load, i1 %inputBuf_V_20_load, i1 %inputBuf_V_21_load, i1 %inputBuf_V_22_load, i1 %inputBuf_V_23_load, i1 %inputBuf_V_24_load, i1 %inputBuf_V_25_load, i1 %inputBuf_V_26_load, i1 %inputBuf_V_27_load, i1 %inputBuf_V_28_load, i1 %inputBuf_V_29_load, i1 %inputBuf_V_30_load, i1 %inputBuf_V_31_load, i1 %inputBuf_V_32_load, i1 %inputBuf_V_33_load, i1 %inputBuf_V_34_load, i1 %inputBuf_V_35_load, i1 %inputBuf_V_36_load, i1 %inputBuf_V_37_load, i1 %inputBuf_V_38_load, i1 %inputBuf_V_39_load, i1 %inputBuf_V_40_load, i1 %inputBuf_V_41_load, i1 %inputBuf_V_42_load, i1 %inputBuf_V_43_load, i1 %inputBuf_V_44_load, i1 %inputBuf_V_45_load, i1 %inputBuf_V_46_load, i1 %inputBuf_V_47_load, i1 %inputBuf_V_48_load, i1 %inputBuf_V_49_load, i1 %inputBuf_V_50_load, i1 %inputBuf_V_51_load, i1 %inputBuf_V_52_load, i1 %inputBuf_V_53_load, i1 %inputBuf_V_54_load, i1 %inputBuf_V_55_load, i1 %inputBuf_V_56_load, i1 %inputBuf_V_57_load, i1 %inputBuf_V_58_load, i1 %inputBuf_V_59_load, i1 %inputBuf_V_60_load, i1 %inputBuf_V_61_load, i1 %inputBuf_V_62_load, i1 %inputBuf_V_63_load, i1 %inputBuf_V_64_load, i1 %inputBuf_V_65_load, i1 %inputBuf_V_66_load, i1 %inputBuf_V_67_load, i1 %inputBuf_V_68_load, i1 %inputBuf_V_69_load, i1 %inputBuf_V_70_load, i1 %inputBuf_V_71_load, i1 %inputBuf_V_72_load, i1 %inputBuf_V_73_load, i1 %inputBuf_V_74_load, i1 %inputBuf_V_75_load, i1 %inputBuf_V_76_load, i1 %inputBuf_V_77_load, i1 %inputBuf_V_78_load, i1 %inputBuf_V_79_load, i1 %inputBuf_V_80_load, i1 %inputBuf_V_81_load, i1 %inputBuf_V_82_load, i1 %inputBuf_V_83_load, i7 %trunc_ln261" [/home/changhong/prj/finn/deps/finn-hlslib/mvau.hpp:261]   --->   Operation 202 'mux' 'tmp' <Predicate = (!icmp_ln249 & !icmp_ln253)> <Delay = 1.32> <CoreInst = "Multiplexer">   --->   Core 76 'Multiplexer' <Latency = 0> <II = 1> <Delay = 1.32> <FuncUnit> <Opcode : 'mux'> <InPorts = 2> <OutPorts = 1>
ST_1 : Operation 203 [1/1] (0.42ns)   --->   "%br_ln0 = br void %for.inc.i"   --->   Operation 203 'br' 'br_ln0' <Predicate = (!icmp_ln249 & !icmp_ln253)> <Delay = 0.42>
ST_1 : Operation 204 [1/1] (0.00ns)   --->   "%in0_V_read = read i8 @_ssdm_op_Read.axis.volatile.i8P128A, i8 %in0_V" [/home/changhong/prj/finn/deps/finn-hlslib/mvau.hpp:255]   --->   Operation 204 'read' 'in0_V_read' <Predicate = (!icmp_ln249 & icmp_ln253)> <Delay = 0.00> <CoreInst = "axis">   --->   Core 123 'axis' <Latency = 0> <II = 1> <Delay = 1.00> <Adapter> <Opcode : >
ST_1 : Operation 205 [1/1] (0.00ns)   --->   "%inElem = trunc i8 %in0_V_read" [/home/changhong/prj/finn/deps/finn-hlslib/mvau.hpp:255]   --->   Operation 205 'trunc' 'inElem' <Predicate = (!icmp_ln249 & icmp_ln253)> <Delay = 0.00>
ST_1 : Operation 206 [1/1] (0.00ns)   --->   "%trunc_ln257 = trunc i32 %sf_2" [/home/changhong/prj/finn/deps/finn-hlslib/mvau.hpp:257]   --->   Operation 206 'trunc' 'trunc_ln257' <Predicate = (!icmp_ln249 & icmp_ln253)> <Delay = 0.00>
ST_1 : Operation 207 [1/1] (0.44ns)   --->   "%switch_ln257 = switch i7 %trunc_ln257, void %arrayidx.i.case.83, i7 0, void %arrayidx.i.case.0, i7 1, void %arrayidx.i.case.1, i7 2, void %arrayidx.i.case.2, i7 3, void %arrayidx.i.case.3, i7 4, void %arrayidx.i.case.4, i7 5, void %arrayidx.i.case.5, i7 6, void %arrayidx.i.case.6, i7 7, void %arrayidx.i.case.7, i7 8, void %arrayidx.i.case.8, i7 9, void %arrayidx.i.case.9, i7 10, void %arrayidx.i.case.10, i7 11, void %arrayidx.i.case.11, i7 12, void %arrayidx.i.case.12, i7 13, void %arrayidx.i.case.13, i7 14, void %arrayidx.i.case.14, i7 15, void %arrayidx.i.case.15, i7 16, void %arrayidx.i.case.16, i7 17, void %arrayidx.i.case.17, i7 18, void %arrayidx.i.case.18, i7 19, void %arrayidx.i.case.19, i7 20, void %arrayidx.i.case.20, i7 21, void %arrayidx.i.case.21, i7 22, void %arrayidx.i.case.22, i7 23, void %arrayidx.i.case.23, i7 24, void %arrayidx.i.case.24, i7 25, void %arrayidx.i.case.25, i7 26, void %arrayidx.i.case.26, i7 27, void %arrayidx.i.case.27, i7 28, void %arrayidx.i.case.28, i7 29, void %arrayidx.i.case.29, i7 30, void %arrayidx.i.case.30, i7 31, void %arrayidx.i.case.31, i7 32, void %arrayidx.i.case.32, i7 33, void %arrayidx.i.case.33, i7 34, void %arrayidx.i.case.34, i7 35, void %arrayidx.i.case.35, i7 36, void %arrayidx.i.case.36, i7 37, void %arrayidx.i.case.37, i7 38, void %arrayidx.i.case.38, i7 39, void %arrayidx.i.case.39, i7 40, void %arrayidx.i.case.40, i7 41, void %arrayidx.i.case.41, i7 42, void %arrayidx.i.case.42, i7 43, void %arrayidx.i.case.43, i7 44, void %arrayidx.i.case.44, i7 45, void %arrayidx.i.case.45, i7 46, void %arrayidx.i.case.46, i7 47, void %arrayidx.i.case.47, i7 48, void %arrayidx.i.case.48, i7 49, void %arrayidx.i.case.49, i7 50, void %arrayidx.i.case.50, i7 51, void %arrayidx.i.case.51, i7 52, void %arrayidx.i.case.52, i7 53, void %arrayidx.i.case.53, i7 54, void %arrayidx.i.case.54, i7 55, void %arrayidx.i.case.55, i7 56, void %arrayidx.i.case.56, i7 57, void %arrayidx.i.case.57, i7 58, void %arrayidx.i.case.58, i7 59, void %arrayidx.i.case.59, i7 60, void %arrayidx.i.case.60, i7 61, void %arrayidx.i.case.61, i7 62, void %arrayidx.i.case.62, i7 63, void %arrayidx.i.case.63, i7 64, void %arrayidx.i.case.64, i7 65, void %arrayidx.i.case.65, i7 66, void %arrayidx.i.case.66, i7 67, void %arrayidx.i.case.67, i7 68, void %arrayidx.i.case.68, i7 69, void %arrayidx.i.case.69, i7 70, void %arrayidx.i.case.70, i7 71, void %arrayidx.i.case.71, i7 72, void %arrayidx.i.case.72, i7 73, void %arrayidx.i.case.73, i7 74, void %arrayidx.i.case.74, i7 75, void %arrayidx.i.case.75, i7 76, void %arrayidx.i.case.76, i7 77, void %arrayidx.i.case.77, i7 78, void %arrayidx.i.case.78, i7 79, void %arrayidx.i.case.79, i7 80, void %arrayidx.i.case.80, i7 81, void %arrayidx.i.case.81, i7 82, void %if.then.i.for.inc.i_crit_edge" [/home/changhong/prj/finn/deps/finn-hlslib/mvau.hpp:257]   --->   Operation 207 'switch' 'switch_ln257' <Predicate = (!icmp_ln249 & icmp_ln253)> <Delay = 0.44>
ST_1 : Operation 208 [1/1] (0.00ns)   --->   "%store_ln257 = store i1 %inElem, i1 %inputBuf_V_82" [/home/changhong/prj/finn/deps/finn-hlslib/mvau.hpp:257]   --->   Operation 208 'store' 'store_ln257' <Predicate = (!icmp_ln249 & icmp_ln253 & trunc_ln257 == 82)> <Delay = 0.00>
ST_1 : Operation 209 [1/1] (0.42ns)   --->   "%br_ln257 = br void %for.inc.i" [/home/changhong/prj/finn/deps/finn-hlslib/mvau.hpp:257]   --->   Operation 209 'br' 'br_ln257' <Predicate = (!icmp_ln249 & icmp_ln253 & trunc_ln257 == 82)> <Delay = 0.42>
ST_1 : Operation 210 [1/1] (0.00ns)   --->   "%store_ln257 = store i1 %inElem, i1 %inputBuf_V_81" [/home/changhong/prj/finn/deps/finn-hlslib/mvau.hpp:257]   --->   Operation 210 'store' 'store_ln257' <Predicate = (!icmp_ln249 & icmp_ln253 & trunc_ln257 == 81)> <Delay = 0.00>
ST_1 : Operation 211 [1/1] (0.42ns)   --->   "%br_ln257 = br void %for.inc.i" [/home/changhong/prj/finn/deps/finn-hlslib/mvau.hpp:257]   --->   Operation 211 'br' 'br_ln257' <Predicate = (!icmp_ln249 & icmp_ln253 & trunc_ln257 == 81)> <Delay = 0.42>
ST_1 : Operation 212 [1/1] (0.00ns)   --->   "%store_ln257 = store i1 %inElem, i1 %inputBuf_V_80" [/home/changhong/prj/finn/deps/finn-hlslib/mvau.hpp:257]   --->   Operation 212 'store' 'store_ln257' <Predicate = (!icmp_ln249 & icmp_ln253 & trunc_ln257 == 80)> <Delay = 0.00>
ST_1 : Operation 213 [1/1] (0.42ns)   --->   "%br_ln257 = br void %for.inc.i" [/home/changhong/prj/finn/deps/finn-hlslib/mvau.hpp:257]   --->   Operation 213 'br' 'br_ln257' <Predicate = (!icmp_ln249 & icmp_ln253 & trunc_ln257 == 80)> <Delay = 0.42>
ST_1 : Operation 214 [1/1] (0.00ns)   --->   "%store_ln257 = store i1 %inElem, i1 %inputBuf_V_79" [/home/changhong/prj/finn/deps/finn-hlslib/mvau.hpp:257]   --->   Operation 214 'store' 'store_ln257' <Predicate = (!icmp_ln249 & icmp_ln253 & trunc_ln257 == 79)> <Delay = 0.00>
ST_1 : Operation 215 [1/1] (0.42ns)   --->   "%br_ln257 = br void %for.inc.i" [/home/changhong/prj/finn/deps/finn-hlslib/mvau.hpp:257]   --->   Operation 215 'br' 'br_ln257' <Predicate = (!icmp_ln249 & icmp_ln253 & trunc_ln257 == 79)> <Delay = 0.42>
ST_1 : Operation 216 [1/1] (0.00ns)   --->   "%store_ln257 = store i1 %inElem, i1 %inputBuf_V_78" [/home/changhong/prj/finn/deps/finn-hlslib/mvau.hpp:257]   --->   Operation 216 'store' 'store_ln257' <Predicate = (!icmp_ln249 & icmp_ln253 & trunc_ln257 == 78)> <Delay = 0.00>
ST_1 : Operation 217 [1/1] (0.42ns)   --->   "%br_ln257 = br void %for.inc.i" [/home/changhong/prj/finn/deps/finn-hlslib/mvau.hpp:257]   --->   Operation 217 'br' 'br_ln257' <Predicate = (!icmp_ln249 & icmp_ln253 & trunc_ln257 == 78)> <Delay = 0.42>
ST_1 : Operation 218 [1/1] (0.00ns)   --->   "%store_ln257 = store i1 %inElem, i1 %inputBuf_V_77" [/home/changhong/prj/finn/deps/finn-hlslib/mvau.hpp:257]   --->   Operation 218 'store' 'store_ln257' <Predicate = (!icmp_ln249 & icmp_ln253 & trunc_ln257 == 77)> <Delay = 0.00>
ST_1 : Operation 219 [1/1] (0.42ns)   --->   "%br_ln257 = br void %for.inc.i" [/home/changhong/prj/finn/deps/finn-hlslib/mvau.hpp:257]   --->   Operation 219 'br' 'br_ln257' <Predicate = (!icmp_ln249 & icmp_ln253 & trunc_ln257 == 77)> <Delay = 0.42>
ST_1 : Operation 220 [1/1] (0.00ns)   --->   "%store_ln257 = store i1 %inElem, i1 %inputBuf_V_76" [/home/changhong/prj/finn/deps/finn-hlslib/mvau.hpp:257]   --->   Operation 220 'store' 'store_ln257' <Predicate = (!icmp_ln249 & icmp_ln253 & trunc_ln257 == 76)> <Delay = 0.00>
ST_1 : Operation 221 [1/1] (0.42ns)   --->   "%br_ln257 = br void %for.inc.i" [/home/changhong/prj/finn/deps/finn-hlslib/mvau.hpp:257]   --->   Operation 221 'br' 'br_ln257' <Predicate = (!icmp_ln249 & icmp_ln253 & trunc_ln257 == 76)> <Delay = 0.42>
ST_1 : Operation 222 [1/1] (0.00ns)   --->   "%store_ln257 = store i1 %inElem, i1 %inputBuf_V_75" [/home/changhong/prj/finn/deps/finn-hlslib/mvau.hpp:257]   --->   Operation 222 'store' 'store_ln257' <Predicate = (!icmp_ln249 & icmp_ln253 & trunc_ln257 == 75)> <Delay = 0.00>
ST_1 : Operation 223 [1/1] (0.42ns)   --->   "%br_ln257 = br void %for.inc.i" [/home/changhong/prj/finn/deps/finn-hlslib/mvau.hpp:257]   --->   Operation 223 'br' 'br_ln257' <Predicate = (!icmp_ln249 & icmp_ln253 & trunc_ln257 == 75)> <Delay = 0.42>
ST_1 : Operation 224 [1/1] (0.00ns)   --->   "%store_ln257 = store i1 %inElem, i1 %inputBuf_V_74" [/home/changhong/prj/finn/deps/finn-hlslib/mvau.hpp:257]   --->   Operation 224 'store' 'store_ln257' <Predicate = (!icmp_ln249 & icmp_ln253 & trunc_ln257 == 74)> <Delay = 0.00>
ST_1 : Operation 225 [1/1] (0.42ns)   --->   "%br_ln257 = br void %for.inc.i" [/home/changhong/prj/finn/deps/finn-hlslib/mvau.hpp:257]   --->   Operation 225 'br' 'br_ln257' <Predicate = (!icmp_ln249 & icmp_ln253 & trunc_ln257 == 74)> <Delay = 0.42>
ST_1 : Operation 226 [1/1] (0.00ns)   --->   "%store_ln257 = store i1 %inElem, i1 %inputBuf_V_73" [/home/changhong/prj/finn/deps/finn-hlslib/mvau.hpp:257]   --->   Operation 226 'store' 'store_ln257' <Predicate = (!icmp_ln249 & icmp_ln253 & trunc_ln257 == 73)> <Delay = 0.00>
ST_1 : Operation 227 [1/1] (0.42ns)   --->   "%br_ln257 = br void %for.inc.i" [/home/changhong/prj/finn/deps/finn-hlslib/mvau.hpp:257]   --->   Operation 227 'br' 'br_ln257' <Predicate = (!icmp_ln249 & icmp_ln253 & trunc_ln257 == 73)> <Delay = 0.42>
ST_1 : Operation 228 [1/1] (0.00ns)   --->   "%store_ln257 = store i1 %inElem, i1 %inputBuf_V_72" [/home/changhong/prj/finn/deps/finn-hlslib/mvau.hpp:257]   --->   Operation 228 'store' 'store_ln257' <Predicate = (!icmp_ln249 & icmp_ln253 & trunc_ln257 == 72)> <Delay = 0.00>
ST_1 : Operation 229 [1/1] (0.42ns)   --->   "%br_ln257 = br void %for.inc.i" [/home/changhong/prj/finn/deps/finn-hlslib/mvau.hpp:257]   --->   Operation 229 'br' 'br_ln257' <Predicate = (!icmp_ln249 & icmp_ln253 & trunc_ln257 == 72)> <Delay = 0.42>
ST_1 : Operation 230 [1/1] (0.00ns)   --->   "%store_ln257 = store i1 %inElem, i1 %inputBuf_V_71" [/home/changhong/prj/finn/deps/finn-hlslib/mvau.hpp:257]   --->   Operation 230 'store' 'store_ln257' <Predicate = (!icmp_ln249 & icmp_ln253 & trunc_ln257 == 71)> <Delay = 0.00>
ST_1 : Operation 231 [1/1] (0.42ns)   --->   "%br_ln257 = br void %for.inc.i" [/home/changhong/prj/finn/deps/finn-hlslib/mvau.hpp:257]   --->   Operation 231 'br' 'br_ln257' <Predicate = (!icmp_ln249 & icmp_ln253 & trunc_ln257 == 71)> <Delay = 0.42>
ST_1 : Operation 232 [1/1] (0.00ns)   --->   "%store_ln257 = store i1 %inElem, i1 %inputBuf_V_70" [/home/changhong/prj/finn/deps/finn-hlslib/mvau.hpp:257]   --->   Operation 232 'store' 'store_ln257' <Predicate = (!icmp_ln249 & icmp_ln253 & trunc_ln257 == 70)> <Delay = 0.00>
ST_1 : Operation 233 [1/1] (0.42ns)   --->   "%br_ln257 = br void %for.inc.i" [/home/changhong/prj/finn/deps/finn-hlslib/mvau.hpp:257]   --->   Operation 233 'br' 'br_ln257' <Predicate = (!icmp_ln249 & icmp_ln253 & trunc_ln257 == 70)> <Delay = 0.42>
ST_1 : Operation 234 [1/1] (0.00ns)   --->   "%store_ln257 = store i1 %inElem, i1 %inputBuf_V_69" [/home/changhong/prj/finn/deps/finn-hlslib/mvau.hpp:257]   --->   Operation 234 'store' 'store_ln257' <Predicate = (!icmp_ln249 & icmp_ln253 & trunc_ln257 == 69)> <Delay = 0.00>
ST_1 : Operation 235 [1/1] (0.42ns)   --->   "%br_ln257 = br void %for.inc.i" [/home/changhong/prj/finn/deps/finn-hlslib/mvau.hpp:257]   --->   Operation 235 'br' 'br_ln257' <Predicate = (!icmp_ln249 & icmp_ln253 & trunc_ln257 == 69)> <Delay = 0.42>
ST_1 : Operation 236 [1/1] (0.00ns)   --->   "%store_ln257 = store i1 %inElem, i1 %inputBuf_V_68" [/home/changhong/prj/finn/deps/finn-hlslib/mvau.hpp:257]   --->   Operation 236 'store' 'store_ln257' <Predicate = (!icmp_ln249 & icmp_ln253 & trunc_ln257 == 68)> <Delay = 0.00>
ST_1 : Operation 237 [1/1] (0.42ns)   --->   "%br_ln257 = br void %for.inc.i" [/home/changhong/prj/finn/deps/finn-hlslib/mvau.hpp:257]   --->   Operation 237 'br' 'br_ln257' <Predicate = (!icmp_ln249 & icmp_ln253 & trunc_ln257 == 68)> <Delay = 0.42>
ST_1 : Operation 238 [1/1] (0.00ns)   --->   "%store_ln257 = store i1 %inElem, i1 %inputBuf_V_67" [/home/changhong/prj/finn/deps/finn-hlslib/mvau.hpp:257]   --->   Operation 238 'store' 'store_ln257' <Predicate = (!icmp_ln249 & icmp_ln253 & trunc_ln257 == 67)> <Delay = 0.00>
ST_1 : Operation 239 [1/1] (0.42ns)   --->   "%br_ln257 = br void %for.inc.i" [/home/changhong/prj/finn/deps/finn-hlslib/mvau.hpp:257]   --->   Operation 239 'br' 'br_ln257' <Predicate = (!icmp_ln249 & icmp_ln253 & trunc_ln257 == 67)> <Delay = 0.42>
ST_1 : Operation 240 [1/1] (0.00ns)   --->   "%store_ln257 = store i1 %inElem, i1 %inputBuf_V_66" [/home/changhong/prj/finn/deps/finn-hlslib/mvau.hpp:257]   --->   Operation 240 'store' 'store_ln257' <Predicate = (!icmp_ln249 & icmp_ln253 & trunc_ln257 == 66)> <Delay = 0.00>
ST_1 : Operation 241 [1/1] (0.42ns)   --->   "%br_ln257 = br void %for.inc.i" [/home/changhong/prj/finn/deps/finn-hlslib/mvau.hpp:257]   --->   Operation 241 'br' 'br_ln257' <Predicate = (!icmp_ln249 & icmp_ln253 & trunc_ln257 == 66)> <Delay = 0.42>
ST_1 : Operation 242 [1/1] (0.00ns)   --->   "%store_ln257 = store i1 %inElem, i1 %inputBuf_V_65" [/home/changhong/prj/finn/deps/finn-hlslib/mvau.hpp:257]   --->   Operation 242 'store' 'store_ln257' <Predicate = (!icmp_ln249 & icmp_ln253 & trunc_ln257 == 65)> <Delay = 0.00>
ST_1 : Operation 243 [1/1] (0.42ns)   --->   "%br_ln257 = br void %for.inc.i" [/home/changhong/prj/finn/deps/finn-hlslib/mvau.hpp:257]   --->   Operation 243 'br' 'br_ln257' <Predicate = (!icmp_ln249 & icmp_ln253 & trunc_ln257 == 65)> <Delay = 0.42>
ST_1 : Operation 244 [1/1] (0.00ns)   --->   "%store_ln257 = store i1 %inElem, i1 %inputBuf_V_64" [/home/changhong/prj/finn/deps/finn-hlslib/mvau.hpp:257]   --->   Operation 244 'store' 'store_ln257' <Predicate = (!icmp_ln249 & icmp_ln253 & trunc_ln257 == 64)> <Delay = 0.00>
ST_1 : Operation 245 [1/1] (0.42ns)   --->   "%br_ln257 = br void %for.inc.i" [/home/changhong/prj/finn/deps/finn-hlslib/mvau.hpp:257]   --->   Operation 245 'br' 'br_ln257' <Predicate = (!icmp_ln249 & icmp_ln253 & trunc_ln257 == 64)> <Delay = 0.42>
ST_1 : Operation 246 [1/1] (0.00ns)   --->   "%store_ln257 = store i1 %inElem, i1 %inputBuf_V_63" [/home/changhong/prj/finn/deps/finn-hlslib/mvau.hpp:257]   --->   Operation 246 'store' 'store_ln257' <Predicate = (!icmp_ln249 & icmp_ln253 & trunc_ln257 == 63)> <Delay = 0.00>
ST_1 : Operation 247 [1/1] (0.42ns)   --->   "%br_ln257 = br void %for.inc.i" [/home/changhong/prj/finn/deps/finn-hlslib/mvau.hpp:257]   --->   Operation 247 'br' 'br_ln257' <Predicate = (!icmp_ln249 & icmp_ln253 & trunc_ln257 == 63)> <Delay = 0.42>
ST_1 : Operation 248 [1/1] (0.00ns)   --->   "%store_ln257 = store i1 %inElem, i1 %inputBuf_V_62" [/home/changhong/prj/finn/deps/finn-hlslib/mvau.hpp:257]   --->   Operation 248 'store' 'store_ln257' <Predicate = (!icmp_ln249 & icmp_ln253 & trunc_ln257 == 62)> <Delay = 0.00>
ST_1 : Operation 249 [1/1] (0.42ns)   --->   "%br_ln257 = br void %for.inc.i" [/home/changhong/prj/finn/deps/finn-hlslib/mvau.hpp:257]   --->   Operation 249 'br' 'br_ln257' <Predicate = (!icmp_ln249 & icmp_ln253 & trunc_ln257 == 62)> <Delay = 0.42>
ST_1 : Operation 250 [1/1] (0.00ns)   --->   "%store_ln257 = store i1 %inElem, i1 %inputBuf_V_61" [/home/changhong/prj/finn/deps/finn-hlslib/mvau.hpp:257]   --->   Operation 250 'store' 'store_ln257' <Predicate = (!icmp_ln249 & icmp_ln253 & trunc_ln257 == 61)> <Delay = 0.00>
ST_1 : Operation 251 [1/1] (0.42ns)   --->   "%br_ln257 = br void %for.inc.i" [/home/changhong/prj/finn/deps/finn-hlslib/mvau.hpp:257]   --->   Operation 251 'br' 'br_ln257' <Predicate = (!icmp_ln249 & icmp_ln253 & trunc_ln257 == 61)> <Delay = 0.42>
ST_1 : Operation 252 [1/1] (0.00ns)   --->   "%store_ln257 = store i1 %inElem, i1 %inputBuf_V_60" [/home/changhong/prj/finn/deps/finn-hlslib/mvau.hpp:257]   --->   Operation 252 'store' 'store_ln257' <Predicate = (!icmp_ln249 & icmp_ln253 & trunc_ln257 == 60)> <Delay = 0.00>
ST_1 : Operation 253 [1/1] (0.42ns)   --->   "%br_ln257 = br void %for.inc.i" [/home/changhong/prj/finn/deps/finn-hlslib/mvau.hpp:257]   --->   Operation 253 'br' 'br_ln257' <Predicate = (!icmp_ln249 & icmp_ln253 & trunc_ln257 == 60)> <Delay = 0.42>
ST_1 : Operation 254 [1/1] (0.00ns)   --->   "%store_ln257 = store i1 %inElem, i1 %inputBuf_V_59" [/home/changhong/prj/finn/deps/finn-hlslib/mvau.hpp:257]   --->   Operation 254 'store' 'store_ln257' <Predicate = (!icmp_ln249 & icmp_ln253 & trunc_ln257 == 59)> <Delay = 0.00>
ST_1 : Operation 255 [1/1] (0.42ns)   --->   "%br_ln257 = br void %for.inc.i" [/home/changhong/prj/finn/deps/finn-hlslib/mvau.hpp:257]   --->   Operation 255 'br' 'br_ln257' <Predicate = (!icmp_ln249 & icmp_ln253 & trunc_ln257 == 59)> <Delay = 0.42>
ST_1 : Operation 256 [1/1] (0.00ns)   --->   "%store_ln257 = store i1 %inElem, i1 %inputBuf_V_58" [/home/changhong/prj/finn/deps/finn-hlslib/mvau.hpp:257]   --->   Operation 256 'store' 'store_ln257' <Predicate = (!icmp_ln249 & icmp_ln253 & trunc_ln257 == 58)> <Delay = 0.00>
ST_1 : Operation 257 [1/1] (0.42ns)   --->   "%br_ln257 = br void %for.inc.i" [/home/changhong/prj/finn/deps/finn-hlslib/mvau.hpp:257]   --->   Operation 257 'br' 'br_ln257' <Predicate = (!icmp_ln249 & icmp_ln253 & trunc_ln257 == 58)> <Delay = 0.42>
ST_1 : Operation 258 [1/1] (0.00ns)   --->   "%store_ln257 = store i1 %inElem, i1 %inputBuf_V_57" [/home/changhong/prj/finn/deps/finn-hlslib/mvau.hpp:257]   --->   Operation 258 'store' 'store_ln257' <Predicate = (!icmp_ln249 & icmp_ln253 & trunc_ln257 == 57)> <Delay = 0.00>
ST_1 : Operation 259 [1/1] (0.42ns)   --->   "%br_ln257 = br void %for.inc.i" [/home/changhong/prj/finn/deps/finn-hlslib/mvau.hpp:257]   --->   Operation 259 'br' 'br_ln257' <Predicate = (!icmp_ln249 & icmp_ln253 & trunc_ln257 == 57)> <Delay = 0.42>
ST_1 : Operation 260 [1/1] (0.00ns)   --->   "%store_ln257 = store i1 %inElem, i1 %inputBuf_V_56" [/home/changhong/prj/finn/deps/finn-hlslib/mvau.hpp:257]   --->   Operation 260 'store' 'store_ln257' <Predicate = (!icmp_ln249 & icmp_ln253 & trunc_ln257 == 56)> <Delay = 0.00>
ST_1 : Operation 261 [1/1] (0.42ns)   --->   "%br_ln257 = br void %for.inc.i" [/home/changhong/prj/finn/deps/finn-hlslib/mvau.hpp:257]   --->   Operation 261 'br' 'br_ln257' <Predicate = (!icmp_ln249 & icmp_ln253 & trunc_ln257 == 56)> <Delay = 0.42>
ST_1 : Operation 262 [1/1] (0.00ns)   --->   "%store_ln257 = store i1 %inElem, i1 %inputBuf_V_55" [/home/changhong/prj/finn/deps/finn-hlslib/mvau.hpp:257]   --->   Operation 262 'store' 'store_ln257' <Predicate = (!icmp_ln249 & icmp_ln253 & trunc_ln257 == 55)> <Delay = 0.00>
ST_1 : Operation 263 [1/1] (0.42ns)   --->   "%br_ln257 = br void %for.inc.i" [/home/changhong/prj/finn/deps/finn-hlslib/mvau.hpp:257]   --->   Operation 263 'br' 'br_ln257' <Predicate = (!icmp_ln249 & icmp_ln253 & trunc_ln257 == 55)> <Delay = 0.42>
ST_1 : Operation 264 [1/1] (0.00ns)   --->   "%store_ln257 = store i1 %inElem, i1 %inputBuf_V_54" [/home/changhong/prj/finn/deps/finn-hlslib/mvau.hpp:257]   --->   Operation 264 'store' 'store_ln257' <Predicate = (!icmp_ln249 & icmp_ln253 & trunc_ln257 == 54)> <Delay = 0.00>
ST_1 : Operation 265 [1/1] (0.42ns)   --->   "%br_ln257 = br void %for.inc.i" [/home/changhong/prj/finn/deps/finn-hlslib/mvau.hpp:257]   --->   Operation 265 'br' 'br_ln257' <Predicate = (!icmp_ln249 & icmp_ln253 & trunc_ln257 == 54)> <Delay = 0.42>
ST_1 : Operation 266 [1/1] (0.00ns)   --->   "%store_ln257 = store i1 %inElem, i1 %inputBuf_V_53" [/home/changhong/prj/finn/deps/finn-hlslib/mvau.hpp:257]   --->   Operation 266 'store' 'store_ln257' <Predicate = (!icmp_ln249 & icmp_ln253 & trunc_ln257 == 53)> <Delay = 0.00>
ST_1 : Operation 267 [1/1] (0.42ns)   --->   "%br_ln257 = br void %for.inc.i" [/home/changhong/prj/finn/deps/finn-hlslib/mvau.hpp:257]   --->   Operation 267 'br' 'br_ln257' <Predicate = (!icmp_ln249 & icmp_ln253 & trunc_ln257 == 53)> <Delay = 0.42>
ST_1 : Operation 268 [1/1] (0.00ns)   --->   "%store_ln257 = store i1 %inElem, i1 %inputBuf_V_52" [/home/changhong/prj/finn/deps/finn-hlslib/mvau.hpp:257]   --->   Operation 268 'store' 'store_ln257' <Predicate = (!icmp_ln249 & icmp_ln253 & trunc_ln257 == 52)> <Delay = 0.00>
ST_1 : Operation 269 [1/1] (0.42ns)   --->   "%br_ln257 = br void %for.inc.i" [/home/changhong/prj/finn/deps/finn-hlslib/mvau.hpp:257]   --->   Operation 269 'br' 'br_ln257' <Predicate = (!icmp_ln249 & icmp_ln253 & trunc_ln257 == 52)> <Delay = 0.42>
ST_1 : Operation 270 [1/1] (0.00ns)   --->   "%store_ln257 = store i1 %inElem, i1 %inputBuf_V_51" [/home/changhong/prj/finn/deps/finn-hlslib/mvau.hpp:257]   --->   Operation 270 'store' 'store_ln257' <Predicate = (!icmp_ln249 & icmp_ln253 & trunc_ln257 == 51)> <Delay = 0.00>
ST_1 : Operation 271 [1/1] (0.42ns)   --->   "%br_ln257 = br void %for.inc.i" [/home/changhong/prj/finn/deps/finn-hlslib/mvau.hpp:257]   --->   Operation 271 'br' 'br_ln257' <Predicate = (!icmp_ln249 & icmp_ln253 & trunc_ln257 == 51)> <Delay = 0.42>
ST_1 : Operation 272 [1/1] (0.00ns)   --->   "%store_ln257 = store i1 %inElem, i1 %inputBuf_V_50" [/home/changhong/prj/finn/deps/finn-hlslib/mvau.hpp:257]   --->   Operation 272 'store' 'store_ln257' <Predicate = (!icmp_ln249 & icmp_ln253 & trunc_ln257 == 50)> <Delay = 0.00>
ST_1 : Operation 273 [1/1] (0.42ns)   --->   "%br_ln257 = br void %for.inc.i" [/home/changhong/prj/finn/deps/finn-hlslib/mvau.hpp:257]   --->   Operation 273 'br' 'br_ln257' <Predicate = (!icmp_ln249 & icmp_ln253 & trunc_ln257 == 50)> <Delay = 0.42>
ST_1 : Operation 274 [1/1] (0.00ns)   --->   "%store_ln257 = store i1 %inElem, i1 %inputBuf_V_49" [/home/changhong/prj/finn/deps/finn-hlslib/mvau.hpp:257]   --->   Operation 274 'store' 'store_ln257' <Predicate = (!icmp_ln249 & icmp_ln253 & trunc_ln257 == 49)> <Delay = 0.00>
ST_1 : Operation 275 [1/1] (0.42ns)   --->   "%br_ln257 = br void %for.inc.i" [/home/changhong/prj/finn/deps/finn-hlslib/mvau.hpp:257]   --->   Operation 275 'br' 'br_ln257' <Predicate = (!icmp_ln249 & icmp_ln253 & trunc_ln257 == 49)> <Delay = 0.42>
ST_1 : Operation 276 [1/1] (0.00ns)   --->   "%store_ln257 = store i1 %inElem, i1 %inputBuf_V_48" [/home/changhong/prj/finn/deps/finn-hlslib/mvau.hpp:257]   --->   Operation 276 'store' 'store_ln257' <Predicate = (!icmp_ln249 & icmp_ln253 & trunc_ln257 == 48)> <Delay = 0.00>
ST_1 : Operation 277 [1/1] (0.42ns)   --->   "%br_ln257 = br void %for.inc.i" [/home/changhong/prj/finn/deps/finn-hlslib/mvau.hpp:257]   --->   Operation 277 'br' 'br_ln257' <Predicate = (!icmp_ln249 & icmp_ln253 & trunc_ln257 == 48)> <Delay = 0.42>
ST_1 : Operation 278 [1/1] (0.00ns)   --->   "%store_ln257 = store i1 %inElem, i1 %inputBuf_V_47" [/home/changhong/prj/finn/deps/finn-hlslib/mvau.hpp:257]   --->   Operation 278 'store' 'store_ln257' <Predicate = (!icmp_ln249 & icmp_ln253 & trunc_ln257 == 47)> <Delay = 0.00>
ST_1 : Operation 279 [1/1] (0.42ns)   --->   "%br_ln257 = br void %for.inc.i" [/home/changhong/prj/finn/deps/finn-hlslib/mvau.hpp:257]   --->   Operation 279 'br' 'br_ln257' <Predicate = (!icmp_ln249 & icmp_ln253 & trunc_ln257 == 47)> <Delay = 0.42>
ST_1 : Operation 280 [1/1] (0.00ns)   --->   "%store_ln257 = store i1 %inElem, i1 %inputBuf_V_46" [/home/changhong/prj/finn/deps/finn-hlslib/mvau.hpp:257]   --->   Operation 280 'store' 'store_ln257' <Predicate = (!icmp_ln249 & icmp_ln253 & trunc_ln257 == 46)> <Delay = 0.00>
ST_1 : Operation 281 [1/1] (0.42ns)   --->   "%br_ln257 = br void %for.inc.i" [/home/changhong/prj/finn/deps/finn-hlslib/mvau.hpp:257]   --->   Operation 281 'br' 'br_ln257' <Predicate = (!icmp_ln249 & icmp_ln253 & trunc_ln257 == 46)> <Delay = 0.42>
ST_1 : Operation 282 [1/1] (0.00ns)   --->   "%store_ln257 = store i1 %inElem, i1 %inputBuf_V_45" [/home/changhong/prj/finn/deps/finn-hlslib/mvau.hpp:257]   --->   Operation 282 'store' 'store_ln257' <Predicate = (!icmp_ln249 & icmp_ln253 & trunc_ln257 == 45)> <Delay = 0.00>
ST_1 : Operation 283 [1/1] (0.42ns)   --->   "%br_ln257 = br void %for.inc.i" [/home/changhong/prj/finn/deps/finn-hlslib/mvau.hpp:257]   --->   Operation 283 'br' 'br_ln257' <Predicate = (!icmp_ln249 & icmp_ln253 & trunc_ln257 == 45)> <Delay = 0.42>
ST_1 : Operation 284 [1/1] (0.00ns)   --->   "%store_ln257 = store i1 %inElem, i1 %inputBuf_V_44" [/home/changhong/prj/finn/deps/finn-hlslib/mvau.hpp:257]   --->   Operation 284 'store' 'store_ln257' <Predicate = (!icmp_ln249 & icmp_ln253 & trunc_ln257 == 44)> <Delay = 0.00>
ST_1 : Operation 285 [1/1] (0.42ns)   --->   "%br_ln257 = br void %for.inc.i" [/home/changhong/prj/finn/deps/finn-hlslib/mvau.hpp:257]   --->   Operation 285 'br' 'br_ln257' <Predicate = (!icmp_ln249 & icmp_ln253 & trunc_ln257 == 44)> <Delay = 0.42>
ST_1 : Operation 286 [1/1] (0.00ns)   --->   "%store_ln257 = store i1 %inElem, i1 %inputBuf_V_43" [/home/changhong/prj/finn/deps/finn-hlslib/mvau.hpp:257]   --->   Operation 286 'store' 'store_ln257' <Predicate = (!icmp_ln249 & icmp_ln253 & trunc_ln257 == 43)> <Delay = 0.00>
ST_1 : Operation 287 [1/1] (0.42ns)   --->   "%br_ln257 = br void %for.inc.i" [/home/changhong/prj/finn/deps/finn-hlslib/mvau.hpp:257]   --->   Operation 287 'br' 'br_ln257' <Predicate = (!icmp_ln249 & icmp_ln253 & trunc_ln257 == 43)> <Delay = 0.42>
ST_1 : Operation 288 [1/1] (0.00ns)   --->   "%store_ln257 = store i1 %inElem, i1 %inputBuf_V_42" [/home/changhong/prj/finn/deps/finn-hlslib/mvau.hpp:257]   --->   Operation 288 'store' 'store_ln257' <Predicate = (!icmp_ln249 & icmp_ln253 & trunc_ln257 == 42)> <Delay = 0.00>
ST_1 : Operation 289 [1/1] (0.42ns)   --->   "%br_ln257 = br void %for.inc.i" [/home/changhong/prj/finn/deps/finn-hlslib/mvau.hpp:257]   --->   Operation 289 'br' 'br_ln257' <Predicate = (!icmp_ln249 & icmp_ln253 & trunc_ln257 == 42)> <Delay = 0.42>
ST_1 : Operation 290 [1/1] (0.00ns)   --->   "%store_ln257 = store i1 %inElem, i1 %inputBuf_V_41" [/home/changhong/prj/finn/deps/finn-hlslib/mvau.hpp:257]   --->   Operation 290 'store' 'store_ln257' <Predicate = (!icmp_ln249 & icmp_ln253 & trunc_ln257 == 41)> <Delay = 0.00>
ST_1 : Operation 291 [1/1] (0.42ns)   --->   "%br_ln257 = br void %for.inc.i" [/home/changhong/prj/finn/deps/finn-hlslib/mvau.hpp:257]   --->   Operation 291 'br' 'br_ln257' <Predicate = (!icmp_ln249 & icmp_ln253 & trunc_ln257 == 41)> <Delay = 0.42>
ST_1 : Operation 292 [1/1] (0.00ns)   --->   "%store_ln257 = store i1 %inElem, i1 %inputBuf_V_40" [/home/changhong/prj/finn/deps/finn-hlslib/mvau.hpp:257]   --->   Operation 292 'store' 'store_ln257' <Predicate = (!icmp_ln249 & icmp_ln253 & trunc_ln257 == 40)> <Delay = 0.00>
ST_1 : Operation 293 [1/1] (0.42ns)   --->   "%br_ln257 = br void %for.inc.i" [/home/changhong/prj/finn/deps/finn-hlslib/mvau.hpp:257]   --->   Operation 293 'br' 'br_ln257' <Predicate = (!icmp_ln249 & icmp_ln253 & trunc_ln257 == 40)> <Delay = 0.42>
ST_1 : Operation 294 [1/1] (0.00ns)   --->   "%store_ln257 = store i1 %inElem, i1 %inputBuf_V_39" [/home/changhong/prj/finn/deps/finn-hlslib/mvau.hpp:257]   --->   Operation 294 'store' 'store_ln257' <Predicate = (!icmp_ln249 & icmp_ln253 & trunc_ln257 == 39)> <Delay = 0.00>
ST_1 : Operation 295 [1/1] (0.42ns)   --->   "%br_ln257 = br void %for.inc.i" [/home/changhong/prj/finn/deps/finn-hlslib/mvau.hpp:257]   --->   Operation 295 'br' 'br_ln257' <Predicate = (!icmp_ln249 & icmp_ln253 & trunc_ln257 == 39)> <Delay = 0.42>
ST_1 : Operation 296 [1/1] (0.00ns)   --->   "%store_ln257 = store i1 %inElem, i1 %inputBuf_V_38" [/home/changhong/prj/finn/deps/finn-hlslib/mvau.hpp:257]   --->   Operation 296 'store' 'store_ln257' <Predicate = (!icmp_ln249 & icmp_ln253 & trunc_ln257 == 38)> <Delay = 0.00>
ST_1 : Operation 297 [1/1] (0.42ns)   --->   "%br_ln257 = br void %for.inc.i" [/home/changhong/prj/finn/deps/finn-hlslib/mvau.hpp:257]   --->   Operation 297 'br' 'br_ln257' <Predicate = (!icmp_ln249 & icmp_ln253 & trunc_ln257 == 38)> <Delay = 0.42>
ST_1 : Operation 298 [1/1] (0.00ns)   --->   "%store_ln257 = store i1 %inElem, i1 %inputBuf_V_37" [/home/changhong/prj/finn/deps/finn-hlslib/mvau.hpp:257]   --->   Operation 298 'store' 'store_ln257' <Predicate = (!icmp_ln249 & icmp_ln253 & trunc_ln257 == 37)> <Delay = 0.00>
ST_1 : Operation 299 [1/1] (0.42ns)   --->   "%br_ln257 = br void %for.inc.i" [/home/changhong/prj/finn/deps/finn-hlslib/mvau.hpp:257]   --->   Operation 299 'br' 'br_ln257' <Predicate = (!icmp_ln249 & icmp_ln253 & trunc_ln257 == 37)> <Delay = 0.42>
ST_1 : Operation 300 [1/1] (0.00ns)   --->   "%store_ln257 = store i1 %inElem, i1 %inputBuf_V_36" [/home/changhong/prj/finn/deps/finn-hlslib/mvau.hpp:257]   --->   Operation 300 'store' 'store_ln257' <Predicate = (!icmp_ln249 & icmp_ln253 & trunc_ln257 == 36)> <Delay = 0.00>
ST_1 : Operation 301 [1/1] (0.42ns)   --->   "%br_ln257 = br void %for.inc.i" [/home/changhong/prj/finn/deps/finn-hlslib/mvau.hpp:257]   --->   Operation 301 'br' 'br_ln257' <Predicate = (!icmp_ln249 & icmp_ln253 & trunc_ln257 == 36)> <Delay = 0.42>
ST_1 : Operation 302 [1/1] (0.00ns)   --->   "%store_ln257 = store i1 %inElem, i1 %inputBuf_V_35" [/home/changhong/prj/finn/deps/finn-hlslib/mvau.hpp:257]   --->   Operation 302 'store' 'store_ln257' <Predicate = (!icmp_ln249 & icmp_ln253 & trunc_ln257 == 35)> <Delay = 0.00>
ST_1 : Operation 303 [1/1] (0.42ns)   --->   "%br_ln257 = br void %for.inc.i" [/home/changhong/prj/finn/deps/finn-hlslib/mvau.hpp:257]   --->   Operation 303 'br' 'br_ln257' <Predicate = (!icmp_ln249 & icmp_ln253 & trunc_ln257 == 35)> <Delay = 0.42>
ST_1 : Operation 304 [1/1] (0.00ns)   --->   "%store_ln257 = store i1 %inElem, i1 %inputBuf_V_34" [/home/changhong/prj/finn/deps/finn-hlslib/mvau.hpp:257]   --->   Operation 304 'store' 'store_ln257' <Predicate = (!icmp_ln249 & icmp_ln253 & trunc_ln257 == 34)> <Delay = 0.00>
ST_1 : Operation 305 [1/1] (0.42ns)   --->   "%br_ln257 = br void %for.inc.i" [/home/changhong/prj/finn/deps/finn-hlslib/mvau.hpp:257]   --->   Operation 305 'br' 'br_ln257' <Predicate = (!icmp_ln249 & icmp_ln253 & trunc_ln257 == 34)> <Delay = 0.42>
ST_1 : Operation 306 [1/1] (0.00ns)   --->   "%store_ln257 = store i1 %inElem, i1 %inputBuf_V_33" [/home/changhong/prj/finn/deps/finn-hlslib/mvau.hpp:257]   --->   Operation 306 'store' 'store_ln257' <Predicate = (!icmp_ln249 & icmp_ln253 & trunc_ln257 == 33)> <Delay = 0.00>
ST_1 : Operation 307 [1/1] (0.42ns)   --->   "%br_ln257 = br void %for.inc.i" [/home/changhong/prj/finn/deps/finn-hlslib/mvau.hpp:257]   --->   Operation 307 'br' 'br_ln257' <Predicate = (!icmp_ln249 & icmp_ln253 & trunc_ln257 == 33)> <Delay = 0.42>
ST_1 : Operation 308 [1/1] (0.00ns)   --->   "%store_ln257 = store i1 %inElem, i1 %inputBuf_V_32" [/home/changhong/prj/finn/deps/finn-hlslib/mvau.hpp:257]   --->   Operation 308 'store' 'store_ln257' <Predicate = (!icmp_ln249 & icmp_ln253 & trunc_ln257 == 32)> <Delay = 0.00>
ST_1 : Operation 309 [1/1] (0.42ns)   --->   "%br_ln257 = br void %for.inc.i" [/home/changhong/prj/finn/deps/finn-hlslib/mvau.hpp:257]   --->   Operation 309 'br' 'br_ln257' <Predicate = (!icmp_ln249 & icmp_ln253 & trunc_ln257 == 32)> <Delay = 0.42>
ST_1 : Operation 310 [1/1] (0.00ns)   --->   "%store_ln257 = store i1 %inElem, i1 %inputBuf_V_31" [/home/changhong/prj/finn/deps/finn-hlslib/mvau.hpp:257]   --->   Operation 310 'store' 'store_ln257' <Predicate = (!icmp_ln249 & icmp_ln253 & trunc_ln257 == 31)> <Delay = 0.00>
ST_1 : Operation 311 [1/1] (0.42ns)   --->   "%br_ln257 = br void %for.inc.i" [/home/changhong/prj/finn/deps/finn-hlslib/mvau.hpp:257]   --->   Operation 311 'br' 'br_ln257' <Predicate = (!icmp_ln249 & icmp_ln253 & trunc_ln257 == 31)> <Delay = 0.42>
ST_1 : Operation 312 [1/1] (0.00ns)   --->   "%store_ln257 = store i1 %inElem, i1 %inputBuf_V_30" [/home/changhong/prj/finn/deps/finn-hlslib/mvau.hpp:257]   --->   Operation 312 'store' 'store_ln257' <Predicate = (!icmp_ln249 & icmp_ln253 & trunc_ln257 == 30)> <Delay = 0.00>
ST_1 : Operation 313 [1/1] (0.42ns)   --->   "%br_ln257 = br void %for.inc.i" [/home/changhong/prj/finn/deps/finn-hlslib/mvau.hpp:257]   --->   Operation 313 'br' 'br_ln257' <Predicate = (!icmp_ln249 & icmp_ln253 & trunc_ln257 == 30)> <Delay = 0.42>
ST_1 : Operation 314 [1/1] (0.00ns)   --->   "%store_ln257 = store i1 %inElem, i1 %inputBuf_V_29" [/home/changhong/prj/finn/deps/finn-hlslib/mvau.hpp:257]   --->   Operation 314 'store' 'store_ln257' <Predicate = (!icmp_ln249 & icmp_ln253 & trunc_ln257 == 29)> <Delay = 0.00>
ST_1 : Operation 315 [1/1] (0.42ns)   --->   "%br_ln257 = br void %for.inc.i" [/home/changhong/prj/finn/deps/finn-hlslib/mvau.hpp:257]   --->   Operation 315 'br' 'br_ln257' <Predicate = (!icmp_ln249 & icmp_ln253 & trunc_ln257 == 29)> <Delay = 0.42>
ST_1 : Operation 316 [1/1] (0.00ns)   --->   "%store_ln257 = store i1 %inElem, i1 %inputBuf_V_28" [/home/changhong/prj/finn/deps/finn-hlslib/mvau.hpp:257]   --->   Operation 316 'store' 'store_ln257' <Predicate = (!icmp_ln249 & icmp_ln253 & trunc_ln257 == 28)> <Delay = 0.00>
ST_1 : Operation 317 [1/1] (0.42ns)   --->   "%br_ln257 = br void %for.inc.i" [/home/changhong/prj/finn/deps/finn-hlslib/mvau.hpp:257]   --->   Operation 317 'br' 'br_ln257' <Predicate = (!icmp_ln249 & icmp_ln253 & trunc_ln257 == 28)> <Delay = 0.42>
ST_1 : Operation 318 [1/1] (0.00ns)   --->   "%store_ln257 = store i1 %inElem, i1 %inputBuf_V_27" [/home/changhong/prj/finn/deps/finn-hlslib/mvau.hpp:257]   --->   Operation 318 'store' 'store_ln257' <Predicate = (!icmp_ln249 & icmp_ln253 & trunc_ln257 == 27)> <Delay = 0.00>
ST_1 : Operation 319 [1/1] (0.42ns)   --->   "%br_ln257 = br void %for.inc.i" [/home/changhong/prj/finn/deps/finn-hlslib/mvau.hpp:257]   --->   Operation 319 'br' 'br_ln257' <Predicate = (!icmp_ln249 & icmp_ln253 & trunc_ln257 == 27)> <Delay = 0.42>
ST_1 : Operation 320 [1/1] (0.00ns)   --->   "%store_ln257 = store i1 %inElem, i1 %inputBuf_V_26" [/home/changhong/prj/finn/deps/finn-hlslib/mvau.hpp:257]   --->   Operation 320 'store' 'store_ln257' <Predicate = (!icmp_ln249 & icmp_ln253 & trunc_ln257 == 26)> <Delay = 0.00>
ST_1 : Operation 321 [1/1] (0.42ns)   --->   "%br_ln257 = br void %for.inc.i" [/home/changhong/prj/finn/deps/finn-hlslib/mvau.hpp:257]   --->   Operation 321 'br' 'br_ln257' <Predicate = (!icmp_ln249 & icmp_ln253 & trunc_ln257 == 26)> <Delay = 0.42>
ST_1 : Operation 322 [1/1] (0.00ns)   --->   "%store_ln257 = store i1 %inElem, i1 %inputBuf_V_25" [/home/changhong/prj/finn/deps/finn-hlslib/mvau.hpp:257]   --->   Operation 322 'store' 'store_ln257' <Predicate = (!icmp_ln249 & icmp_ln253 & trunc_ln257 == 25)> <Delay = 0.00>
ST_1 : Operation 323 [1/1] (0.42ns)   --->   "%br_ln257 = br void %for.inc.i" [/home/changhong/prj/finn/deps/finn-hlslib/mvau.hpp:257]   --->   Operation 323 'br' 'br_ln257' <Predicate = (!icmp_ln249 & icmp_ln253 & trunc_ln257 == 25)> <Delay = 0.42>
ST_1 : Operation 324 [1/1] (0.00ns)   --->   "%store_ln257 = store i1 %inElem, i1 %inputBuf_V_24" [/home/changhong/prj/finn/deps/finn-hlslib/mvau.hpp:257]   --->   Operation 324 'store' 'store_ln257' <Predicate = (!icmp_ln249 & icmp_ln253 & trunc_ln257 == 24)> <Delay = 0.00>
ST_1 : Operation 325 [1/1] (0.42ns)   --->   "%br_ln257 = br void %for.inc.i" [/home/changhong/prj/finn/deps/finn-hlslib/mvau.hpp:257]   --->   Operation 325 'br' 'br_ln257' <Predicate = (!icmp_ln249 & icmp_ln253 & trunc_ln257 == 24)> <Delay = 0.42>
ST_1 : Operation 326 [1/1] (0.00ns)   --->   "%store_ln257 = store i1 %inElem, i1 %inputBuf_V_23" [/home/changhong/prj/finn/deps/finn-hlslib/mvau.hpp:257]   --->   Operation 326 'store' 'store_ln257' <Predicate = (!icmp_ln249 & icmp_ln253 & trunc_ln257 == 23)> <Delay = 0.00>
ST_1 : Operation 327 [1/1] (0.42ns)   --->   "%br_ln257 = br void %for.inc.i" [/home/changhong/prj/finn/deps/finn-hlslib/mvau.hpp:257]   --->   Operation 327 'br' 'br_ln257' <Predicate = (!icmp_ln249 & icmp_ln253 & trunc_ln257 == 23)> <Delay = 0.42>
ST_1 : Operation 328 [1/1] (0.00ns)   --->   "%store_ln257 = store i1 %inElem, i1 %inputBuf_V_22" [/home/changhong/prj/finn/deps/finn-hlslib/mvau.hpp:257]   --->   Operation 328 'store' 'store_ln257' <Predicate = (!icmp_ln249 & icmp_ln253 & trunc_ln257 == 22)> <Delay = 0.00>
ST_1 : Operation 329 [1/1] (0.42ns)   --->   "%br_ln257 = br void %for.inc.i" [/home/changhong/prj/finn/deps/finn-hlslib/mvau.hpp:257]   --->   Operation 329 'br' 'br_ln257' <Predicate = (!icmp_ln249 & icmp_ln253 & trunc_ln257 == 22)> <Delay = 0.42>
ST_1 : Operation 330 [1/1] (0.00ns)   --->   "%store_ln257 = store i1 %inElem, i1 %inputBuf_V_21" [/home/changhong/prj/finn/deps/finn-hlslib/mvau.hpp:257]   --->   Operation 330 'store' 'store_ln257' <Predicate = (!icmp_ln249 & icmp_ln253 & trunc_ln257 == 21)> <Delay = 0.00>
ST_1 : Operation 331 [1/1] (0.42ns)   --->   "%br_ln257 = br void %for.inc.i" [/home/changhong/prj/finn/deps/finn-hlslib/mvau.hpp:257]   --->   Operation 331 'br' 'br_ln257' <Predicate = (!icmp_ln249 & icmp_ln253 & trunc_ln257 == 21)> <Delay = 0.42>
ST_1 : Operation 332 [1/1] (0.00ns)   --->   "%store_ln257 = store i1 %inElem, i1 %inputBuf_V_20" [/home/changhong/prj/finn/deps/finn-hlslib/mvau.hpp:257]   --->   Operation 332 'store' 'store_ln257' <Predicate = (!icmp_ln249 & icmp_ln253 & trunc_ln257 == 20)> <Delay = 0.00>
ST_1 : Operation 333 [1/1] (0.42ns)   --->   "%br_ln257 = br void %for.inc.i" [/home/changhong/prj/finn/deps/finn-hlslib/mvau.hpp:257]   --->   Operation 333 'br' 'br_ln257' <Predicate = (!icmp_ln249 & icmp_ln253 & trunc_ln257 == 20)> <Delay = 0.42>
ST_1 : Operation 334 [1/1] (0.00ns)   --->   "%store_ln257 = store i1 %inElem, i1 %inputBuf_V_19" [/home/changhong/prj/finn/deps/finn-hlslib/mvau.hpp:257]   --->   Operation 334 'store' 'store_ln257' <Predicate = (!icmp_ln249 & icmp_ln253 & trunc_ln257 == 19)> <Delay = 0.00>
ST_1 : Operation 335 [1/1] (0.42ns)   --->   "%br_ln257 = br void %for.inc.i" [/home/changhong/prj/finn/deps/finn-hlslib/mvau.hpp:257]   --->   Operation 335 'br' 'br_ln257' <Predicate = (!icmp_ln249 & icmp_ln253 & trunc_ln257 == 19)> <Delay = 0.42>
ST_1 : Operation 336 [1/1] (0.00ns)   --->   "%store_ln257 = store i1 %inElem, i1 %inputBuf_V_18" [/home/changhong/prj/finn/deps/finn-hlslib/mvau.hpp:257]   --->   Operation 336 'store' 'store_ln257' <Predicate = (!icmp_ln249 & icmp_ln253 & trunc_ln257 == 18)> <Delay = 0.00>
ST_1 : Operation 337 [1/1] (0.42ns)   --->   "%br_ln257 = br void %for.inc.i" [/home/changhong/prj/finn/deps/finn-hlslib/mvau.hpp:257]   --->   Operation 337 'br' 'br_ln257' <Predicate = (!icmp_ln249 & icmp_ln253 & trunc_ln257 == 18)> <Delay = 0.42>
ST_1 : Operation 338 [1/1] (0.00ns)   --->   "%store_ln257 = store i1 %inElem, i1 %inputBuf_V_17" [/home/changhong/prj/finn/deps/finn-hlslib/mvau.hpp:257]   --->   Operation 338 'store' 'store_ln257' <Predicate = (!icmp_ln249 & icmp_ln253 & trunc_ln257 == 17)> <Delay = 0.00>
ST_1 : Operation 339 [1/1] (0.42ns)   --->   "%br_ln257 = br void %for.inc.i" [/home/changhong/prj/finn/deps/finn-hlslib/mvau.hpp:257]   --->   Operation 339 'br' 'br_ln257' <Predicate = (!icmp_ln249 & icmp_ln253 & trunc_ln257 == 17)> <Delay = 0.42>
ST_1 : Operation 340 [1/1] (0.00ns)   --->   "%store_ln257 = store i1 %inElem, i1 %inputBuf_V_16" [/home/changhong/prj/finn/deps/finn-hlslib/mvau.hpp:257]   --->   Operation 340 'store' 'store_ln257' <Predicate = (!icmp_ln249 & icmp_ln253 & trunc_ln257 == 16)> <Delay = 0.00>
ST_1 : Operation 341 [1/1] (0.42ns)   --->   "%br_ln257 = br void %for.inc.i" [/home/changhong/prj/finn/deps/finn-hlslib/mvau.hpp:257]   --->   Operation 341 'br' 'br_ln257' <Predicate = (!icmp_ln249 & icmp_ln253 & trunc_ln257 == 16)> <Delay = 0.42>
ST_1 : Operation 342 [1/1] (0.00ns)   --->   "%store_ln257 = store i1 %inElem, i1 %inputBuf_V_15" [/home/changhong/prj/finn/deps/finn-hlslib/mvau.hpp:257]   --->   Operation 342 'store' 'store_ln257' <Predicate = (!icmp_ln249 & icmp_ln253 & trunc_ln257 == 15)> <Delay = 0.00>
ST_1 : Operation 343 [1/1] (0.42ns)   --->   "%br_ln257 = br void %for.inc.i" [/home/changhong/prj/finn/deps/finn-hlslib/mvau.hpp:257]   --->   Operation 343 'br' 'br_ln257' <Predicate = (!icmp_ln249 & icmp_ln253 & trunc_ln257 == 15)> <Delay = 0.42>
ST_1 : Operation 344 [1/1] (0.00ns)   --->   "%store_ln257 = store i1 %inElem, i1 %inputBuf_V_14" [/home/changhong/prj/finn/deps/finn-hlslib/mvau.hpp:257]   --->   Operation 344 'store' 'store_ln257' <Predicate = (!icmp_ln249 & icmp_ln253 & trunc_ln257 == 14)> <Delay = 0.00>
ST_1 : Operation 345 [1/1] (0.42ns)   --->   "%br_ln257 = br void %for.inc.i" [/home/changhong/prj/finn/deps/finn-hlslib/mvau.hpp:257]   --->   Operation 345 'br' 'br_ln257' <Predicate = (!icmp_ln249 & icmp_ln253 & trunc_ln257 == 14)> <Delay = 0.42>
ST_1 : Operation 346 [1/1] (0.00ns)   --->   "%store_ln257 = store i1 %inElem, i1 %inputBuf_V_13" [/home/changhong/prj/finn/deps/finn-hlslib/mvau.hpp:257]   --->   Operation 346 'store' 'store_ln257' <Predicate = (!icmp_ln249 & icmp_ln253 & trunc_ln257 == 13)> <Delay = 0.00>
ST_1 : Operation 347 [1/1] (0.42ns)   --->   "%br_ln257 = br void %for.inc.i" [/home/changhong/prj/finn/deps/finn-hlslib/mvau.hpp:257]   --->   Operation 347 'br' 'br_ln257' <Predicate = (!icmp_ln249 & icmp_ln253 & trunc_ln257 == 13)> <Delay = 0.42>
ST_1 : Operation 348 [1/1] (0.00ns)   --->   "%store_ln257 = store i1 %inElem, i1 %inputBuf_V_12" [/home/changhong/prj/finn/deps/finn-hlslib/mvau.hpp:257]   --->   Operation 348 'store' 'store_ln257' <Predicate = (!icmp_ln249 & icmp_ln253 & trunc_ln257 == 12)> <Delay = 0.00>
ST_1 : Operation 349 [1/1] (0.42ns)   --->   "%br_ln257 = br void %for.inc.i" [/home/changhong/prj/finn/deps/finn-hlslib/mvau.hpp:257]   --->   Operation 349 'br' 'br_ln257' <Predicate = (!icmp_ln249 & icmp_ln253 & trunc_ln257 == 12)> <Delay = 0.42>
ST_1 : Operation 350 [1/1] (0.00ns)   --->   "%store_ln257 = store i1 %inElem, i1 %inputBuf_V_11" [/home/changhong/prj/finn/deps/finn-hlslib/mvau.hpp:257]   --->   Operation 350 'store' 'store_ln257' <Predicate = (!icmp_ln249 & icmp_ln253 & trunc_ln257 == 11)> <Delay = 0.00>
ST_1 : Operation 351 [1/1] (0.42ns)   --->   "%br_ln257 = br void %for.inc.i" [/home/changhong/prj/finn/deps/finn-hlslib/mvau.hpp:257]   --->   Operation 351 'br' 'br_ln257' <Predicate = (!icmp_ln249 & icmp_ln253 & trunc_ln257 == 11)> <Delay = 0.42>
ST_1 : Operation 352 [1/1] (0.00ns)   --->   "%store_ln257 = store i1 %inElem, i1 %inputBuf_V_10" [/home/changhong/prj/finn/deps/finn-hlslib/mvau.hpp:257]   --->   Operation 352 'store' 'store_ln257' <Predicate = (!icmp_ln249 & icmp_ln253 & trunc_ln257 == 10)> <Delay = 0.00>
ST_1 : Operation 353 [1/1] (0.42ns)   --->   "%br_ln257 = br void %for.inc.i" [/home/changhong/prj/finn/deps/finn-hlslib/mvau.hpp:257]   --->   Operation 353 'br' 'br_ln257' <Predicate = (!icmp_ln249 & icmp_ln253 & trunc_ln257 == 10)> <Delay = 0.42>
ST_1 : Operation 354 [1/1] (0.00ns)   --->   "%store_ln257 = store i1 %inElem, i1 %inputBuf_V_9" [/home/changhong/prj/finn/deps/finn-hlslib/mvau.hpp:257]   --->   Operation 354 'store' 'store_ln257' <Predicate = (!icmp_ln249 & icmp_ln253 & trunc_ln257 == 9)> <Delay = 0.00>
ST_1 : Operation 355 [1/1] (0.42ns)   --->   "%br_ln257 = br void %for.inc.i" [/home/changhong/prj/finn/deps/finn-hlslib/mvau.hpp:257]   --->   Operation 355 'br' 'br_ln257' <Predicate = (!icmp_ln249 & icmp_ln253 & trunc_ln257 == 9)> <Delay = 0.42>
ST_1 : Operation 356 [1/1] (0.00ns)   --->   "%store_ln257 = store i1 %inElem, i1 %inputBuf_V_8" [/home/changhong/prj/finn/deps/finn-hlslib/mvau.hpp:257]   --->   Operation 356 'store' 'store_ln257' <Predicate = (!icmp_ln249 & icmp_ln253 & trunc_ln257 == 8)> <Delay = 0.00>
ST_1 : Operation 357 [1/1] (0.42ns)   --->   "%br_ln257 = br void %for.inc.i" [/home/changhong/prj/finn/deps/finn-hlslib/mvau.hpp:257]   --->   Operation 357 'br' 'br_ln257' <Predicate = (!icmp_ln249 & icmp_ln253 & trunc_ln257 == 8)> <Delay = 0.42>
ST_1 : Operation 358 [1/1] (0.00ns)   --->   "%store_ln257 = store i1 %inElem, i1 %inputBuf_V_7" [/home/changhong/prj/finn/deps/finn-hlslib/mvau.hpp:257]   --->   Operation 358 'store' 'store_ln257' <Predicate = (!icmp_ln249 & icmp_ln253 & trunc_ln257 == 7)> <Delay = 0.00>
ST_1 : Operation 359 [1/1] (0.42ns)   --->   "%br_ln257 = br void %for.inc.i" [/home/changhong/prj/finn/deps/finn-hlslib/mvau.hpp:257]   --->   Operation 359 'br' 'br_ln257' <Predicate = (!icmp_ln249 & icmp_ln253 & trunc_ln257 == 7)> <Delay = 0.42>
ST_1 : Operation 360 [1/1] (0.00ns)   --->   "%store_ln257 = store i1 %inElem, i1 %inputBuf_V_6" [/home/changhong/prj/finn/deps/finn-hlslib/mvau.hpp:257]   --->   Operation 360 'store' 'store_ln257' <Predicate = (!icmp_ln249 & icmp_ln253 & trunc_ln257 == 6)> <Delay = 0.00>
ST_1 : Operation 361 [1/1] (0.42ns)   --->   "%br_ln257 = br void %for.inc.i" [/home/changhong/prj/finn/deps/finn-hlslib/mvau.hpp:257]   --->   Operation 361 'br' 'br_ln257' <Predicate = (!icmp_ln249 & icmp_ln253 & trunc_ln257 == 6)> <Delay = 0.42>
ST_1 : Operation 362 [1/1] (0.00ns)   --->   "%store_ln257 = store i1 %inElem, i1 %inputBuf_V_5" [/home/changhong/prj/finn/deps/finn-hlslib/mvau.hpp:257]   --->   Operation 362 'store' 'store_ln257' <Predicate = (!icmp_ln249 & icmp_ln253 & trunc_ln257 == 5)> <Delay = 0.00>
ST_1 : Operation 363 [1/1] (0.42ns)   --->   "%br_ln257 = br void %for.inc.i" [/home/changhong/prj/finn/deps/finn-hlslib/mvau.hpp:257]   --->   Operation 363 'br' 'br_ln257' <Predicate = (!icmp_ln249 & icmp_ln253 & trunc_ln257 == 5)> <Delay = 0.42>
ST_1 : Operation 364 [1/1] (0.00ns)   --->   "%store_ln257 = store i1 %inElem, i1 %inputBuf_V_4" [/home/changhong/prj/finn/deps/finn-hlslib/mvau.hpp:257]   --->   Operation 364 'store' 'store_ln257' <Predicate = (!icmp_ln249 & icmp_ln253 & trunc_ln257 == 4)> <Delay = 0.00>
ST_1 : Operation 365 [1/1] (0.42ns)   --->   "%br_ln257 = br void %for.inc.i" [/home/changhong/prj/finn/deps/finn-hlslib/mvau.hpp:257]   --->   Operation 365 'br' 'br_ln257' <Predicate = (!icmp_ln249 & icmp_ln253 & trunc_ln257 == 4)> <Delay = 0.42>
ST_1 : Operation 366 [1/1] (0.00ns)   --->   "%store_ln257 = store i1 %inElem, i1 %inputBuf_V_3" [/home/changhong/prj/finn/deps/finn-hlslib/mvau.hpp:257]   --->   Operation 366 'store' 'store_ln257' <Predicate = (!icmp_ln249 & icmp_ln253 & trunc_ln257 == 3)> <Delay = 0.00>
ST_1 : Operation 367 [1/1] (0.42ns)   --->   "%br_ln257 = br void %for.inc.i" [/home/changhong/prj/finn/deps/finn-hlslib/mvau.hpp:257]   --->   Operation 367 'br' 'br_ln257' <Predicate = (!icmp_ln249 & icmp_ln253 & trunc_ln257 == 3)> <Delay = 0.42>
ST_1 : Operation 368 [1/1] (0.00ns)   --->   "%store_ln257 = store i1 %inElem, i1 %inputBuf_V_2" [/home/changhong/prj/finn/deps/finn-hlslib/mvau.hpp:257]   --->   Operation 368 'store' 'store_ln257' <Predicate = (!icmp_ln249 & icmp_ln253 & trunc_ln257 == 2)> <Delay = 0.00>
ST_1 : Operation 369 [1/1] (0.42ns)   --->   "%br_ln257 = br void %for.inc.i" [/home/changhong/prj/finn/deps/finn-hlslib/mvau.hpp:257]   --->   Operation 369 'br' 'br_ln257' <Predicate = (!icmp_ln249 & icmp_ln253 & trunc_ln257 == 2)> <Delay = 0.42>
ST_1 : Operation 370 [1/1] (0.00ns)   --->   "%store_ln257 = store i1 %inElem, i1 %inputBuf_V_1" [/home/changhong/prj/finn/deps/finn-hlslib/mvau.hpp:257]   --->   Operation 370 'store' 'store_ln257' <Predicate = (!icmp_ln249 & icmp_ln253 & trunc_ln257 == 1)> <Delay = 0.00>
ST_1 : Operation 371 [1/1] (0.42ns)   --->   "%br_ln257 = br void %for.inc.i" [/home/changhong/prj/finn/deps/finn-hlslib/mvau.hpp:257]   --->   Operation 371 'br' 'br_ln257' <Predicate = (!icmp_ln249 & icmp_ln253 & trunc_ln257 == 1)> <Delay = 0.42>
ST_1 : Operation 372 [1/1] (0.00ns)   --->   "%store_ln257 = store i1 %inElem, i1 %inputBuf_V" [/home/changhong/prj/finn/deps/finn-hlslib/mvau.hpp:257]   --->   Operation 372 'store' 'store_ln257' <Predicate = (!icmp_ln249 & icmp_ln253 & trunc_ln257 == 0)> <Delay = 0.00>
ST_1 : Operation 373 [1/1] (0.42ns)   --->   "%br_ln257 = br void %for.inc.i" [/home/changhong/prj/finn/deps/finn-hlslib/mvau.hpp:257]   --->   Operation 373 'br' 'br_ln257' <Predicate = (!icmp_ln249 & icmp_ln253 & trunc_ln257 == 0)> <Delay = 0.42>
ST_1 : Operation 374 [1/1] (0.00ns)   --->   "%store_ln257 = store i1 %inElem, i1 %inputBuf_V_83" [/home/changhong/prj/finn/deps/finn-hlslib/mvau.hpp:257]   --->   Operation 374 'store' 'store_ln257' <Predicate = (!icmp_ln249 & icmp_ln253 & trunc_ln257 != 0 & trunc_ln257 != 1 & trunc_ln257 != 2 & trunc_ln257 != 3 & trunc_ln257 != 4 & trunc_ln257 != 5 & trunc_ln257 != 6 & trunc_ln257 != 7 & trunc_ln257 != 8 & trunc_ln257 != 9 & trunc_ln257 != 10 & trunc_ln257 != 11 & trunc_ln257 != 12 & trunc_ln257 != 13 & trunc_ln257 != 14 & trunc_ln257 != 15 & trunc_ln257 != 16 & trunc_ln257 != 17 & trunc_ln257 != 18 & trunc_ln257 != 19 & trunc_ln257 != 20 & trunc_ln257 != 21 & trunc_ln257 != 22 & trunc_ln257 != 23 & trunc_ln257 != 24 & trunc_ln257 != 25 & trunc_ln257 != 26 & trunc_ln257 != 27 & trunc_ln257 != 28 & trunc_ln257 != 29 & trunc_ln257 != 30 & trunc_ln257 != 31 & trunc_ln257 != 32 & trunc_ln257 != 33 & trunc_ln257 != 34 & trunc_ln257 != 35 & trunc_ln257 != 36 & trunc_ln257 != 37 & trunc_ln257 != 38 & trunc_ln257 != 39 & trunc_ln257 != 40 & trunc_ln257 != 41 & trunc_ln257 != 42 & trunc_ln257 != 43 & trunc_ln257 != 44 & trunc_ln257 != 45 & trunc_ln257 != 46 & trunc_ln257 != 47 & trunc_ln257 != 48 & trunc_ln257 != 49 & trunc_ln257 != 50 & trunc_ln257 != 51 & trunc_ln257 != 52 & trunc_ln257 != 53 & trunc_ln257 != 54 & trunc_ln257 != 55 & trunc_ln257 != 56 & trunc_ln257 != 57 & trunc_ln257 != 58 & trunc_ln257 != 59 & trunc_ln257 != 60 & trunc_ln257 != 61 & trunc_ln257 != 62 & trunc_ln257 != 63 & trunc_ln257 != 64 & trunc_ln257 != 65 & trunc_ln257 != 66 & trunc_ln257 != 67 & trunc_ln257 != 68 & trunc_ln257 != 69 & trunc_ln257 != 70 & trunc_ln257 != 71 & trunc_ln257 != 72 & trunc_ln257 != 73 & trunc_ln257 != 74 & trunc_ln257 != 75 & trunc_ln257 != 76 & trunc_ln257 != 77 & trunc_ln257 != 78 & trunc_ln257 != 79 & trunc_ln257 != 80 & trunc_ln257 != 81 & trunc_ln257 != 82)> <Delay = 0.00>
ST_1 : Operation 375 [1/1] (0.42ns)   --->   "%br_ln257 = br void %for.inc.i" [/home/changhong/prj/finn/deps/finn-hlslib/mvau.hpp:257]   --->   Operation 375 'br' 'br_ln257' <Predicate = (!icmp_ln249 & icmp_ln253 & trunc_ln257 != 0 & trunc_ln257 != 1 & trunc_ln257 != 2 & trunc_ln257 != 3 & trunc_ln257 != 4 & trunc_ln257 != 5 & trunc_ln257 != 6 & trunc_ln257 != 7 & trunc_ln257 != 8 & trunc_ln257 != 9 & trunc_ln257 != 10 & trunc_ln257 != 11 & trunc_ln257 != 12 & trunc_ln257 != 13 & trunc_ln257 != 14 & trunc_ln257 != 15 & trunc_ln257 != 16 & trunc_ln257 != 17 & trunc_ln257 != 18 & trunc_ln257 != 19 & trunc_ln257 != 20 & trunc_ln257 != 21 & trunc_ln257 != 22 & trunc_ln257 != 23 & trunc_ln257 != 24 & trunc_ln257 != 25 & trunc_ln257 != 26 & trunc_ln257 != 27 & trunc_ln257 != 28 & trunc_ln257 != 29 & trunc_ln257 != 30 & trunc_ln257 != 31 & trunc_ln257 != 32 & trunc_ln257 != 33 & trunc_ln257 != 34 & trunc_ln257 != 35 & trunc_ln257 != 36 & trunc_ln257 != 37 & trunc_ln257 != 38 & trunc_ln257 != 39 & trunc_ln257 != 40 & trunc_ln257 != 41 & trunc_ln257 != 42 & trunc_ln257 != 43 & trunc_ln257 != 44 & trunc_ln257 != 45 & trunc_ln257 != 46 & trunc_ln257 != 47 & trunc_ln257 != 48 & trunc_ln257 != 49 & trunc_ln257 != 50 & trunc_ln257 != 51 & trunc_ln257 != 52 & trunc_ln257 != 53 & trunc_ln257 != 54 & trunc_ln257 != 55 & trunc_ln257 != 56 & trunc_ln257 != 57 & trunc_ln257 != 58 & trunc_ln257 != 59 & trunc_ln257 != 60 & trunc_ln257 != 61 & trunc_ln257 != 62 & trunc_ln257 != 63 & trunc_ln257 != 64 & trunc_ln257 != 65 & trunc_ln257 != 66 & trunc_ln257 != 67 & trunc_ln257 != 68 & trunc_ln257 != 69 & trunc_ln257 != 70 & trunc_ln257 != 71 & trunc_ln257 != 72 & trunc_ln257 != 73 & trunc_ln257 != 74 & trunc_ln257 != 75 & trunc_ln257 != 76 & trunc_ln257 != 77 & trunc_ln257 != 78 & trunc_ln257 != 79 & trunc_ln257 != 80 & trunc_ln257 != 81 & trunc_ln257 != 82)> <Delay = 0.42>
ST_1 : Operation 376 [1/1] (0.00ns)   --->   "%inElem_1 = phi i1 %tmp, void %if.else.i, i1 %inElem, void %arrayidx.i.case.81, i1 %inElem, void %arrayidx.i.case.80, i1 %inElem, void %arrayidx.i.case.79, i1 %inElem, void %arrayidx.i.case.78, i1 %inElem, void %arrayidx.i.case.77, i1 %inElem, void %arrayidx.i.case.76, i1 %inElem, void %arrayidx.i.case.75, i1 %inElem, void %arrayidx.i.case.74, i1 %inElem, void %arrayidx.i.case.73, i1 %inElem, void %arrayidx.i.case.72, i1 %inElem, void %arrayidx.i.case.71, i1 %inElem, void %arrayidx.i.case.70, i1 %inElem, void %arrayidx.i.case.69, i1 %inElem, void %arrayidx.i.case.68, i1 %inElem, void %arrayidx.i.case.67, i1 %inElem, void %arrayidx.i.case.66, i1 %inElem, void %arrayidx.i.case.65, i1 %inElem, void %arrayidx.i.case.64, i1 %inElem, void %arrayidx.i.case.63, i1 %inElem, void %arrayidx.i.case.62, i1 %inElem, void %arrayidx.i.case.61, i1 %inElem, void %arrayidx.i.case.60, i1 %inElem, void %arrayidx.i.case.59, i1 %inElem, void %arrayidx.i.case.58, i1 %inElem, void %arrayidx.i.case.57, i1 %inElem, void %arrayidx.i.case.56, i1 %inElem, void %arrayidx.i.case.55, i1 %inElem, void %arrayidx.i.case.54, i1 %inElem, void %arrayidx.i.case.53, i1 %inElem, void %arrayidx.i.case.52, i1 %inElem, void %arrayidx.i.case.51, i1 %inElem, void %arrayidx.i.case.50, i1 %inElem, void %arrayidx.i.case.49, i1 %inElem, void %arrayidx.i.case.48, i1 %inElem, void %arrayidx.i.case.47, i1 %inElem, void %arrayidx.i.case.46, i1 %inElem, void %arrayidx.i.case.45, i1 %inElem, void %arrayidx.i.case.44, i1 %inElem, void %arrayidx.i.case.43, i1 %inElem, void %arrayidx.i.case.42, i1 %inElem, void %arrayidx.i.case.41, i1 %inElem, void %arrayidx.i.case.40, i1 %inElem, void %arrayidx.i.case.39, i1 %inElem, void %arrayidx.i.case.38, i1 %inElem, void %arrayidx.i.case.37, i1 %inElem, void %arrayidx.i.case.36, i1 %inElem, void %arrayidx.i.case.35, i1 %inElem, void %arrayidx.i.case.34, i1 %inElem, void %arrayidx.i.case.33, i1 %inElem, void %arrayidx.i.case.32, i1 %inElem, void %arrayidx.i.case.31, i1 %inElem, void %arrayidx.i.case.30, i1 %inElem, void %arrayidx.i.case.29, i1 %inElem, void %arrayidx.i.case.28, i1 %inElem, void %arrayidx.i.case.27, i1 %inElem, void %arrayidx.i.case.26, i1 %inElem, void %arrayidx.i.case.25, i1 %inElem, void %arrayidx.i.case.24, i1 %inElem, void %arrayidx.i.case.23, i1 %inElem, void %arrayidx.i.case.22, i1 %inElem, void %arrayidx.i.case.21, i1 %inElem, void %arrayidx.i.case.20, i1 %inElem, void %arrayidx.i.case.19, i1 %inElem, void %arrayidx.i.case.18, i1 %inElem, void %arrayidx.i.case.17, i1 %inElem, void %arrayidx.i.case.16, i1 %inElem, void %arrayidx.i.case.15, i1 %inElem, void %arrayidx.i.case.14, i1 %inElem, void %arrayidx.i.case.13, i1 %inElem, void %arrayidx.i.case.12, i1 %inElem, void %arrayidx.i.case.11, i1 %inElem, void %arrayidx.i.case.10, i1 %inElem, void %arrayidx.i.case.9, i1 %inElem, void %arrayidx.i.case.8, i1 %inElem, void %arrayidx.i.case.7, i1 %inElem, void %arrayidx.i.case.6, i1 %inElem, void %arrayidx.i.case.5, i1 %inElem, void %arrayidx.i.case.4, i1 %inElem, void %arrayidx.i.case.3, i1 %inElem, void %arrayidx.i.case.2, i1 %inElem, void %arrayidx.i.case.1, i1 %inElem, void %arrayidx.i.case.0, i1 %inElem, void %if.then.i.for.inc.i_crit_edge, i1 %inElem, void %arrayidx.i.case.83"   --->   Operation 376 'phi' 'inElem_1' <Predicate = (!icmp_ln249)> <Delay = 0.00>
ST_1 : Operation 377 [1/1] (0.00ns)   --->   "%outElem_m_val_V_1_load = load i8 %outElem_m_val_V_1" [/home/changhong/prj/finn/deps/finn-hlslib/mvau.hpp:272]   --->   Operation 377 'load' 'outElem_m_val_V_1_load' <Predicate = (!icmp_ln249)> <Delay = 0.00>
ST_1 : Operation 378 [1/1] (0.00ns)   --->   "%in1_V_read = read i8 @_ssdm_op_Read.axis.volatile.i8P128A, i8 %in1_V" [/home/changhong/prj/finn/deps/finn-hlslib/mvau.hpp:265]   --->   Operation 378 'read' 'in1_V_read' <Predicate = (!icmp_ln249)> <Delay = 0.00> <CoreInst = "axis">   --->   Core 123 'axis' <Latency = 0> <II = 1> <Delay = 1.00> <Adapter> <Opcode : >
ST_1 : Operation 379 [1/1] (0.00ns) (grouped into LUT with out node outElem_m_val_V)   --->   "%W_packed_V = trunc i8 %in1_V_read" [/home/changhong/prj/finn/deps/finn-hlslib/mvau.hpp:265]   --->   Operation 379 'trunc' 'W_packed_V' <Predicate = (!icmp_ln249)> <Delay = 0.00>
ST_1 : Operation 380 [1/1] (0.99ns)   --->   "%icmp_ln272 = icmp_eq  i32 %sf_2, i32 0" [/home/changhong/prj/finn/deps/finn-hlslib/mvau.hpp:272]   --->   Operation 380 'icmp' 'icmp_ln272' <Predicate = (!icmp_ln249)> <Delay = 0.99> <CoreInst = "Cmp">   --->   Core 9 'Cmp' <Latency = 0> <II = 1> <Delay = 0.99> <FuncUnit> <Opcode : 'icmp'> <InPorts = 2> <OutPorts = 1>
ST_1 : Operation 381 [1/1] (0.00ns) (grouped into LUT with out node outElem_m_val_V)   --->   "%select_ln272 = select i1 %icmp_ln272, i8 0, i8 %outElem_m_val_V_1_load" [/home/changhong/prj/finn/deps/finn-hlslib/mvau.hpp:272]   --->   Operation 381 'select' 'select_ln272' <Predicate = (!icmp_ln249)> <Delay = 0.00> <CoreInst = "Sel">   --->   Core 73 'Sel' <Latency = 0> <II = 1> <Delay = 0.39> <FuncUnit> <Opcode : 'select'> <InPorts = 3> <OutPorts = 1>
ST_1 : Operation 382 [1/1] (0.00ns) (grouped into LUT with out node outElem_m_val_V)   --->   "%xor_ln1019 = xor i1 1, i1 %W_packed_V"   --->   Operation 382 'xor' 'xor_ln1019' <Predicate = (!icmp_ln249)> <Delay = 0.00> <CoreInst = "LogicGate">   --->   Core 74 'LogicGate' <Latency = 0> <II = 1> <Delay = 0.28> <FuncUnit> <Opcode : 'and' 'or' 'xor'> <InPorts = 2> <OutPorts = 1>
ST_1 : Operation 383 [1/1] (0.00ns) (grouped into LUT with out node outElem_m_val_V)   --->   "%xor_ln1019_1 = xor i1 %xor_ln1019, i1 %inElem_1"   --->   Operation 383 'xor' 'xor_ln1019_1' <Predicate = (!icmp_ln249)> <Delay = 0.00> <CoreInst = "LogicGate">   --->   Core 74 'LogicGate' <Latency = 0> <II = 1> <Delay = 0.28> <FuncUnit> <Opcode : 'and' 'or' 'xor'> <InPorts = 2> <OutPorts = 1>
ST_1 : Operation 384 [1/1] (0.00ns) (grouped into LUT with out node outElem_m_val_V)   --->   "%zext_ln840 = zext i1 %xor_ln1019_1"   --->   Operation 384 'zext' 'zext_ln840' <Predicate = (!icmp_ln249)> <Delay = 0.00>
ST_1 : Operation 385 [1/1] (0.76ns) (out node of the LUT)   --->   "%outElem_m_val_V = add i8 %select_ln272, i8 %zext_ln840"   --->   Operation 385 'add' 'outElem_m_val_V' <Predicate = (!icmp_ln249)> <Delay = 0.76> <CoreInst = "Adder">   --->   Core 1 'Adder' <Latency = 0> <II = 1> <Delay = 0.76> <FuncUnit> <Opcode : 'add' 'sub'> <InPorts = 2> <OutPorts = 1>
ST_1 : Operation 386 [1/1] (1.01ns)   --->   "%sf_3 = add i32 %sf_2, i32 1" [/home/changhong/prj/finn/deps/finn-hlslib/mvau.hpp:290]   --->   Operation 386 'add' 'sf_3' <Predicate = (!icmp_ln249)> <Delay = 1.01> <CoreInst = "Adder">   --->   Core 1 'Adder' <Latency = 0> <II = 1> <Delay = 1.01> <FuncUnit> <Opcode : 'add' 'sub'> <InPorts = 2> <OutPorts = 1>
ST_1 : Operation 387 [1/1] (0.99ns)   --->   "%icmp_ln290 = icmp_eq  i32 %sf_3, i32 84" [/home/changhong/prj/finn/deps/finn-hlslib/mvau.hpp:290]   --->   Operation 387 'icmp' 'icmp_ln290' <Predicate = (!icmp_ln249)> <Delay = 0.99> <CoreInst = "Cmp">   --->   Core 9 'Cmp' <Latency = 0> <II = 1> <Delay = 0.99> <FuncUnit> <Opcode : 'icmp'> <InPorts = 2> <OutPorts = 1>
ST_1 : Operation 388 [1/1] (0.00ns)   --->   "%br_ln290 = br i1 %icmp_ln290, void %for.inc.i.for.inc90.i_crit_edge, void %for.inc81.i" [/home/changhong/prj/finn/deps/finn-hlslib/mvau.hpp:290]   --->   Operation 388 'br' 'br_ln290' <Predicate = (!icmp_ln249)> <Delay = 0.00>
ST_1 : Operation 389 [1/1] (0.42ns)   --->   "%store_ln290 = store i32 %sf_3, i32 %sf" [/home/changhong/prj/finn/deps/finn-hlslib/mvau.hpp:290]   --->   Operation 389 'store' 'store_ln290' <Predicate = (!icmp_ln249 & !icmp_ln290)> <Delay = 0.42>
ST_1 : Operation 390 [1/1] (0.00ns)   --->   "%br_ln290 = br void %for.inc90.i" [/home/changhong/prj/finn/deps/finn-hlslib/mvau.hpp:290]   --->   Operation 390 'br' 'br_ln290' <Predicate = (!icmp_ln249 & !icmp_ln290)> <Delay = 0.00>
ST_1 : Operation 391 [1/1] (1.01ns)   --->   "%nf_4 = add i32 %nf_3, i32 1" [/home/changhong/prj/finn/deps/finn-hlslib/mvau.hpp:302]   --->   Operation 391 'add' 'nf_4' <Predicate = (!icmp_ln249 & icmp_ln290)> <Delay = 1.01> <CoreInst = "Adder">   --->   Core 1 'Adder' <Latency = 0> <II = 1> <Delay = 1.01> <FuncUnit> <Opcode : 'add' 'sub'> <InPorts = 2> <OutPorts = 1>
ST_1 : Operation 392 [1/1] (0.99ns)   --->   "%icmp_ln302 = icmp_eq  i32 %nf_4, i32 10" [/home/changhong/prj/finn/deps/finn-hlslib/mvau.hpp:302]   --->   Operation 392 'icmp' 'icmp_ln302' <Predicate = (!icmp_ln249 & icmp_ln290)> <Delay = 0.99> <CoreInst = "Cmp">   --->   Core 9 'Cmp' <Latency = 0> <II = 1> <Delay = 0.99> <FuncUnit> <Opcode : 'icmp'> <InPorts = 2> <OutPorts = 1>
ST_1 : Operation 393 [1/1] (0.44ns)   --->   "%nf_5 = select i1 %icmp_ln302, i32 0, i32 %nf_4" [/home/changhong/prj/finn/deps/finn-hlslib/mvau.hpp:302]   --->   Operation 393 'select' 'nf_5' <Predicate = (!icmp_ln249 & icmp_ln290)> <Delay = 0.44> <CoreInst = "Sel">   --->   Core 73 'Sel' <Latency = 0> <II = 1> <Delay = 0.44> <FuncUnit> <Opcode : 'select'> <InPorts = 3> <OutPorts = 1>
ST_1 : Operation 394 [1/1] (0.42ns)   --->   "%store_ln306 = store i32 %nf_5, i32 %nf" [/home/changhong/prj/finn/deps/finn-hlslib/mvau.hpp:306]   --->   Operation 394 'store' 'store_ln306' <Predicate = (!icmp_ln249 & icmp_ln290)> <Delay = 0.42>
ST_1 : Operation 395 [1/1] (0.42ns)   --->   "%store_ln306 = store i32 0, i32 %sf" [/home/changhong/prj/finn/deps/finn-hlslib/mvau.hpp:306]   --->   Operation 395 'store' 'store_ln306' <Predicate = (!icmp_ln249 & icmp_ln290)> <Delay = 0.42>
ST_1 : Operation 396 [1/1] (0.00ns)   --->   "%store_ln249 = store i8 %outElem_m_val_V, i8 %outElem_m_val_V_1" [/home/changhong/prj/finn/deps/finn-hlslib/mvau.hpp:249]   --->   Operation 396 'store' 'store_ln249' <Predicate = (!icmp_ln249)> <Delay = 0.00>
ST_1 : Operation 397 [1/1] (0.42ns)   --->   "%store_ln249 = store i10 %i_2, i10 %i" [/home/changhong/prj/finn/deps/finn-hlslib/mvau.hpp:249]   --->   Operation 397 'store' 'store_ln249' <Predicate = (!icmp_ln249)> <Delay = 0.42>
ST_1 : Operation 398 [1/1] (0.00ns)   --->   "%br_ln249 = br void %for.body.i" [/home/changhong/prj/finn/deps/finn-hlslib/mvau.hpp:249]   --->   Operation 398 'br' 'br_ln249' <Predicate = (!icmp_ln249)> <Delay = 0.00>

State 2 <SV = 1> <Delay = 0.00>
ST_2 : Operation 399 [2/2] (0.00ns)   --->   "%write_ln298 = write void @_ssdm_op_Write.axis.volatile.i8P128A, i8 %out0_V, i8 %outElem_m_val_V" [/home/changhong/prj/finn/deps/finn-hlslib/mvau.hpp:298]   --->   Operation 399 'write' 'write_ln298' <Predicate = (!icmp_ln249 & icmp_ln290)> <Delay = 0.00> <CoreInst = "axis">   --->   Core 123 'axis' <Latency = 0> <II = 1> <Delay = 1.00> <Adapter> <Opcode : >

State 3 <SV = 2> <Delay = 0.00>
ST_3 : Operation 400 [1/2] (0.00ns)   --->   "%write_ln298 = write void @_ssdm_op_Write.axis.volatile.i8P128A, i8 %out0_V, i8 %outElem_m_val_V" [/home/changhong/prj/finn/deps/finn-hlslib/mvau.hpp:298]   --->   Operation 400 'write' 'write_ln298' <Predicate = (!icmp_ln249 & icmp_ln290)> <Delay = 0.00> <CoreInst = "axis">   --->   Core 123 'axis' <Latency = 0> <II = 1> <Delay = 1.00> <Adapter> <Opcode : >
ST_3 : Operation 401 [1/1] (0.00ns)   --->   "%br_ln306 = br void %for.inc90.i" [/home/changhong/prj/finn/deps/finn-hlslib/mvau.hpp:306]   --->   Operation 401 'br' 'br_ln306' <Predicate = (!icmp_ln249 & icmp_ln290)> <Delay = 0.00>
ST_3 : Operation 402 [1/1] (0.00ns)   --->   "%ret_ln36 = ret" [/home/changhong/prj/finn/notebooks/EF-US-Engine-Free-Unstructured-Sparsity-Design-Alleviates-Accelerator-Bottlenecks/casestudy1/LeNet_MNIST_BNN/build/auto/home/changhong/prj/finn/notebooks/EF-US-Engine-Free-Unstructured-Sparsity-Design-Alleviates-Accelerator-Bottlenecks/casestudy1/LeNet_MNIST_BNN/tmp/auto/code_gen_ipgen_MVAU_hls_4_vwmpqfrn/top_MVAU_hls_4.cpp:36]   --->   Operation 402 'ret' 'ret_ln36' <Predicate = (icmp_ln249)> <Delay = 0.00>


============================================================
+ Verbose Summary: Timing violations
============================================================
Target clock period: 10ns, clock uncertainty: 2.7ns.

 <State 1>: 2.88ns
The critical path consists of the following:
	'alloca' operation ('nf') [91]  (0 ns)
	'load' operation ('nf', /home/changhong/prj/finn/deps/finn-hlslib/mvau.hpp:302) on local variable 'nf' [107]  (0 ns)
	'add' operation ('nf', /home/changhong/prj/finn/deps/finn-hlslib/mvau.hpp:302) [481]  (1.02 ns)
	'icmp' operation ('icmp_ln302', /home/changhong/prj/finn/deps/finn-hlslib/mvau.hpp:302) [482]  (0.991 ns)
	'select' operation ('nf', /home/changhong/prj/finn/deps/finn-hlslib/mvau.hpp:302) [483]  (0.449 ns)
	'store' operation ('store_ln306', /home/changhong/prj/finn/deps/finn-hlslib/mvau.hpp:306) of variable 'nf', /home/changhong/prj/finn/deps/finn-hlslib/mvau.hpp:302 on local variable 'nf' [484]  (0.427 ns)

 <State 2>: 0ns
The critical path consists of the following:

 <State 3>: 0ns
The critical path consists of the following:


============================================================
+ Verbose Summary: Binding
============================================================
N/A
* FSMD analyzer results:
  - Output states:
 - Input state : 
  - Chain level:
	State 1
	State 2
	State 3


============================================================
+ Verbose Summary: Datapath Resource usage 
============================================================
N/A
