#-----------------------------------------------------------
# Vivado v2022.2 (64-bit)
# SW Build 3671981 on Fri Oct 14 04:59:54 MDT 2022
# IP Build 3669848 on Fri Oct 14 08:30:02 MDT 2022
# Start of session at: Sun Jun 22 18:56:30 2025
# Process ID: 215579
# Current directory: /home/changhong/prj/finn/notebooks/EF-US-Engine-Free-Unstructured-Sparsity-Design-Alleviates-Accelerator-Bottlenecks/casestudy1/LeNet_MNIST_BNN/tmp/unfold/vivado_stitch_proj_j_qu0100
# Command line: vivado -mode batch -source make_project.tcl
# Log file: /home/changhong/prj/finn/notebooks/EF-US-Engine-Free-Unstructured-Sparsity-Design-Alleviates-Accelerator-Bottlenecks/casestudy1/LeNet_MNIST_BNN/tmp/unfold/vivado_stitch_proj_j_qu0100/vivado.log
# Journal file: /home/changhong/prj/finn/notebooks/EF-US-Engine-Free-Unstructured-Sparsity-Design-Alleviates-Accelerator-Bottlenecks/casestudy1/LeNet_MNIST_BNN/tmp/unfold/vivado_stitch_proj_j_qu0100/vivado.jou
# Running On: finn_dev_root, OS: Linux, CPU Frequency: 3107.975 MHz, CPU Physical cores: 16, Host memory: 33137 MB
#-----------------------------------------------------------
INFO: [Common 17-1239] XILINX_LOCAL_USER_DATA is set to 'no'.
source make_project.tcl
# create_project finn_vivado_stitch_proj /home/changhong/prj/finn/notebooks/EF-US-Engine-Free-Unstructured-Sparsity-Design-Alleviates-Accelerator-Bottlenecks/casestudy1/LeNet_MNIST_BNN/tmp/unfold/vivado_stitch_proj_j_qu0100 -part xczu7ev-ffvc1156-2-e
# set_msg_config -id {[BD 41-1753]} -suppress
# set_property ip_repo_paths [list $::env(FINN_ROOT)/finn-rtllib/memstream /home/changhong/prj/finn/notebooks/EF-US-Engine-Free-Unstructured-Sparsity-Design-Alleviates-Accelerator-Bottlenecks/casestudy1/LeNet_MNIST_BNN/tmp/unfold/code_gen_ipgen_StreamingFIFO_rtl_0_1ixurobd /home/changhong/prj/finn/notebooks/EF-US-Engine-Free-Unstructured-Sparsity-Design-Alleviates-Accelerator-Bottlenecks/casestudy1/LeNet_MNIST_BNN/tmp/unfold/code_gen_ipgen_ConvolutionInputGenerator_rtl_0_hf_js1hg /home/changhong/prj/finn/notebooks/EF-US-Engine-Free-Unstructured-Sparsity-Design-Alleviates-Accelerator-Bottlenecks/casestudy1/LeNet_MNIST_BNN/tmp/unfold/code_gen_ipgen_StreamingFIFO_rtl_1_fb4l_wzg /home/changhong/prj/finn/notebooks/EF-US-Engine-Free-Unstructured-Sparsity-Design-Alleviates-Accelerator-Bottlenecks/casestudy1/LeNet_MNIST_BNN/tmp/unfold/code_gen_ipgen_MVAU_hls_0_viqcdo6f/project_MVAU_hls_0/sol1/impl/ip /home/changhong/prj/finn/notebooks/EF-US-Engine-Free-Unstructured-Sparsity-Design-Alleviates-Accelerator-Bottlenecks/casestudy1/LeNet_MNIST_BNN/tmp/unfold/code_gen_ipgen_StreamingFIFO_rtl_2_m0eum0g8 /home/changhong/prj/finn/notebooks/EF-US-Engine-Free-Unstructured-Sparsity-Design-Alleviates-Accelerator-Bottlenecks/casestudy1/LeNet_MNIST_BNN/tmp/unfold/code_gen_ipgen_StreamingMaxPool_hls_0_nh67h6v0/project_StreamingMaxPool_hls_0/sol1/impl/ip /home/changhong/prj/finn/notebooks/EF-US-Engine-Free-Unstructured-Sparsity-Design-Alleviates-Accelerator-Bottlenecks/casestudy1/LeNet_MNIST_BNN/tmp/unfold/code_gen_ipgen_StreamingFIFO_rtl_3_k61hxk08 /home/changhong/prj/finn/notebooks/EF-US-Engine-Free-Unstructured-Sparsity-Design-Alleviates-Accelerator-Bottlenecks/casestudy1/LeNet_MNIST_BNN/tmp/unfold/code_gen_ipgen_ConvolutionInputGenerator_rtl_1_3kx8a4om /home/changhong/prj/finn/notebooks/EF-US-Engine-Free-Unstructured-Sparsity-Design-Alleviates-Accelerator-Bottlenecks/casestudy1/LeNet_MNIST_BNN/tmp/unfold/code_gen_ipgen_StreamingFIFO_rtl_4_yl3s_69e /home/changhong/prj/finn/notebooks/EF-US-Engine-Free-Unstructured-Sparsity-Design-Alleviates-Accelerator-Bottlenecks/casestudy1/LeNet_MNIST_BNN/tmp/unfold/code_gen_ipgen_MVAU_hls_1_jpdinwdu/project_MVAU_hls_1/sol1/impl/ip /home/changhong/prj/finn/notebooks/EF-US-Engine-Free-Unstructured-Sparsity-Design-Alleviates-Accelerator-Bottlenecks/casestudy1/LeNet_MNIST_BNN/tmp/unfold/code_gen_ipgen_StreamingFIFO_rtl_5_i6lfkpt4 /home/changhong/prj/finn/notebooks/EF-US-Engine-Free-Unstructured-Sparsity-Design-Alleviates-Accelerator-Bottlenecks/casestudy1/LeNet_MNIST_BNN/tmp/unfold/code_gen_ipgen_StreamingMaxPool_hls_1_jqsajou9/project_StreamingMaxPool_hls_1/sol1/impl/ip /home/changhong/prj/finn/notebooks/EF-US-Engine-Free-Unstructured-Sparsity-Design-Alleviates-Accelerator-Bottlenecks/casestudy1/LeNet_MNIST_BNN/tmp/unfold/code_gen_ipgen_StreamingFIFO_rtl_6_y7zevmo1 /home/changhong/prj/finn/notebooks/EF-US-Engine-Free-Unstructured-Sparsity-Design-Alleviates-Accelerator-Bottlenecks/casestudy1/LeNet_MNIST_BNN/tmp/unfold/code_gen_ipgen_StreamingDataWidthConverter_rtl_0_rf7pilz2 /home/changhong/prj/finn/notebooks/EF-US-Engine-Free-Unstructured-Sparsity-Design-Alleviates-Accelerator-Bottlenecks/casestudy1/LeNet_MNIST_BNN/tmp/unfold/code_gen_ipgen_StreamingFIFO_rtl_7_b060y_rk /home/changhong/prj/finn/notebooks/EF-US-Engine-Free-Unstructured-Sparsity-Design-Alleviates-Accelerator-Bottlenecks/casestudy1/LeNet_MNIST_BNN/tmp/unfold/code_gen_ipgen_ConvolutionInputGenerator_rtl_2_vb1tag1m /home/changhong/prj/finn/notebooks/EF-US-Engine-Free-Unstructured-Sparsity-Design-Alleviates-Accelerator-Bottlenecks/casestudy1/LeNet_MNIST_BNN/tmp/unfold/code_gen_ipgen_StreamingFIFO_rtl_8__bb9znh9 /home/changhong/prj/finn/notebooks/EF-US-Engine-Free-Unstructured-Sparsity-Design-Alleviates-Accelerator-Bottlenecks/casestudy1/LeNet_MNIST_BNN/tmp/unfold/code_gen_ipgen_StreamingDataWidthConverter_rtl_1_7y9_ezl0 /home/changhong/prj/finn/notebooks/EF-US-Engine-Free-Unstructured-Sparsity-Design-Alleviates-Accelerator-Bottlenecks/casestudy1/LeNet_MNIST_BNN/tmp/unfold/code_gen_ipgen_StreamingFIFO_rtl_9_k18pxc3m /home/changhong/prj/finn/notebooks/EF-US-Engine-Free-Unstructured-Sparsity-Design-Alleviates-Accelerator-Bottlenecks/casestudy1/LeNet_MNIST_BNN/tmp/unfold/code_gen_ipgen_MVAU_hls_2_u4m1vqer/project_MVAU_hls_2/sol1/impl/ip /home/changhong/prj/finn/notebooks/EF-US-Engine-Free-Unstructured-Sparsity-Design-Alleviates-Accelerator-Bottlenecks/casestudy1/LeNet_MNIST_BNN/tmp/unfold/code_gen_ipgen_StreamingFIFO_rtl_10_vvvj4k2b /home/changhong/prj/finn/notebooks/EF-US-Engine-Free-Unstructured-Sparsity-Design-Alleviates-Accelerator-Bottlenecks/casestudy1/LeNet_MNIST_BNN/tmp/unfold/code_gen_ipgen_MVAU_hls_3_xlwckhtm/project_MVAU_hls_3/sol1/impl/ip /home/changhong/prj/finn/notebooks/EF-US-Engine-Free-Unstructured-Sparsity-Design-Alleviates-Accelerator-Bottlenecks/casestudy1/LeNet_MNIST_BNN/tmp/unfold/code_gen_ipgen_StreamingFIFO_rtl_11_p37_05g4 /home/changhong/prj/finn/notebooks/EF-US-Engine-Free-Unstructured-Sparsity-Design-Alleviates-Accelerator-Bottlenecks/casestudy1/LeNet_MNIST_BNN/tmp/unfold/code_gen_ipgen_MVAU_hls_4_7zz0ni5a/project_MVAU_hls_4/sol1/impl/ip /home/changhong/prj/finn/notebooks/EF-US-Engine-Free-Unstructured-Sparsity-Design-Alleviates-Accelerator-Bottlenecks/casestudy1/LeNet_MNIST_BNN/tmp/unfold/code_gen_ipgen_StreamingFIFO_rtl_12_dspkhcrc] [current_project]
# update_ip_catalog
INFO: [IP_Flow 19-234] Refreshing IP repositories
INFO: [IP_Flow 19-1700] Loaded user IP repository '/home/changhong/prj/finn/finn-rtllib/memstream'.
INFO: [IP_Flow 19-1700] Loaded user IP repository '/home/changhong/prj/finn/notebooks/EF-US-Engine-Free-Unstructured-Sparsity-Design-Alleviates-Accelerator-Bottlenecks/casestudy1/LeNet_MNIST_BNN/tmp/unfold/code_gen_ipgen_StreamingFIFO_rtl_0_1ixurobd'.
INFO: [IP_Flow 19-1700] Loaded user IP repository '/home/changhong/prj/finn/notebooks/EF-US-Engine-Free-Unstructured-Sparsity-Design-Alleviates-Accelerator-Bottlenecks/casestudy1/LeNet_MNIST_BNN/tmp/unfold/code_gen_ipgen_ConvolutionInputGenerator_rtl_0_hf_js1hg'.
INFO: [IP_Flow 19-1700] Loaded user IP repository '/home/changhong/prj/finn/notebooks/EF-US-Engine-Free-Unstructured-Sparsity-Design-Alleviates-Accelerator-Bottlenecks/casestudy1/LeNet_MNIST_BNN/tmp/unfold/code_gen_ipgen_StreamingFIFO_rtl_1_fb4l_wzg'.
INFO: [IP_Flow 19-1700] Loaded user IP repository '/home/changhong/prj/finn/notebooks/EF-US-Engine-Free-Unstructured-Sparsity-Design-Alleviates-Accelerator-Bottlenecks/casestudy1/LeNet_MNIST_BNN/tmp/unfold/code_gen_ipgen_MVAU_hls_0_viqcdo6f/project_MVAU_hls_0/sol1/impl/ip'.
INFO: [IP_Flow 19-1700] Loaded user IP repository '/home/changhong/prj/finn/notebooks/EF-US-Engine-Free-Unstructured-Sparsity-Design-Alleviates-Accelerator-Bottlenecks/casestudy1/LeNet_MNIST_BNN/tmp/unfold/code_gen_ipgen_StreamingFIFO_rtl_2_m0eum0g8'.
INFO: [IP_Flow 19-1700] Loaded user IP repository '/home/changhong/prj/finn/notebooks/EF-US-Engine-Free-Unstructured-Sparsity-Design-Alleviates-Accelerator-Bottlenecks/casestudy1/LeNet_MNIST_BNN/tmp/unfold/code_gen_ipgen_StreamingMaxPool_hls_0_nh67h6v0/project_StreamingMaxPool_hls_0/sol1/impl/ip'.
INFO: [IP_Flow 19-1700] Loaded user IP repository '/home/changhong/prj/finn/notebooks/EF-US-Engine-Free-Unstructured-Sparsity-Design-Alleviates-Accelerator-Bottlenecks/casestudy1/LeNet_MNIST_BNN/tmp/unfold/code_gen_ipgen_StreamingFIFO_rtl_3_k61hxk08'.
INFO: [IP_Flow 19-1700] Loaded user IP repository '/home/changhong/prj/finn/notebooks/EF-US-Engine-Free-Unstructured-Sparsity-Design-Alleviates-Accelerator-Bottlenecks/casestudy1/LeNet_MNIST_BNN/tmp/unfold/code_gen_ipgen_ConvolutionInputGenerator_rtl_1_3kx8a4om'.
INFO: [IP_Flow 19-1700] Loaded user IP repository '/home/changhong/prj/finn/notebooks/EF-US-Engine-Free-Unstructured-Sparsity-Design-Alleviates-Accelerator-Bottlenecks/casestudy1/LeNet_MNIST_BNN/tmp/unfold/code_gen_ipgen_StreamingFIFO_rtl_4_yl3s_69e'.
INFO: [IP_Flow 19-1700] Loaded user IP repository '/home/changhong/prj/finn/notebooks/EF-US-Engine-Free-Unstructured-Sparsity-Design-Alleviates-Accelerator-Bottlenecks/casestudy1/LeNet_MNIST_BNN/tmp/unfold/code_gen_ipgen_MVAU_hls_1_jpdinwdu/project_MVAU_hls_1/sol1/impl/ip'.
INFO: [IP_Flow 19-1700] Loaded user IP repository '/home/changhong/prj/finn/notebooks/EF-US-Engine-Free-Unstructured-Sparsity-Design-Alleviates-Accelerator-Bottlenecks/casestudy1/LeNet_MNIST_BNN/tmp/unfold/code_gen_ipgen_StreamingFIFO_rtl_5_i6lfkpt4'.
INFO: [IP_Flow 19-1700] Loaded user IP repository '/home/changhong/prj/finn/notebooks/EF-US-Engine-Free-Unstructured-Sparsity-Design-Alleviates-Accelerator-Bottlenecks/casestudy1/LeNet_MNIST_BNN/tmp/unfold/code_gen_ipgen_StreamingMaxPool_hls_1_jqsajou9/project_StreamingMaxPool_hls_1/sol1/impl/ip'.
INFO: [IP_Flow 19-1700] Loaded user IP repository '/home/changhong/prj/finn/notebooks/EF-US-Engine-Free-Unstructured-Sparsity-Design-Alleviates-Accelerator-Bottlenecks/casestudy1/LeNet_MNIST_BNN/tmp/unfold/code_gen_ipgen_StreamingFIFO_rtl_6_y7zevmo1'.
INFO: [IP_Flow 19-1700] Loaded user IP repository '/home/changhong/prj/finn/notebooks/EF-US-Engine-Free-Unstructured-Sparsity-Design-Alleviates-Accelerator-Bottlenecks/casestudy1/LeNet_MNIST_BNN/tmp/unfold/code_gen_ipgen_StreamingDataWidthConverter_rtl_0_rf7pilz2'.
INFO: [IP_Flow 19-1700] Loaded user IP repository '/home/changhong/prj/finn/notebooks/EF-US-Engine-Free-Unstructured-Sparsity-Design-Alleviates-Accelerator-Bottlenecks/casestudy1/LeNet_MNIST_BNN/tmp/unfold/code_gen_ipgen_StreamingFIFO_rtl_7_b060y_rk'.
INFO: [IP_Flow 19-1700] Loaded user IP repository '/home/changhong/prj/finn/notebooks/EF-US-Engine-Free-Unstructured-Sparsity-Design-Alleviates-Accelerator-Bottlenecks/casestudy1/LeNet_MNIST_BNN/tmp/unfold/code_gen_ipgen_ConvolutionInputGenerator_rtl_2_vb1tag1m'.
INFO: [IP_Flow 19-1700] Loaded user IP repository '/home/changhong/prj/finn/notebooks/EF-US-Engine-Free-Unstructured-Sparsity-Design-Alleviates-Accelerator-Bottlenecks/casestudy1/LeNet_MNIST_BNN/tmp/unfold/code_gen_ipgen_StreamingFIFO_rtl_8__bb9znh9'.
INFO: [IP_Flow 19-1700] Loaded user IP repository '/home/changhong/prj/finn/notebooks/EF-US-Engine-Free-Unstructured-Sparsity-Design-Alleviates-Accelerator-Bottlenecks/casestudy1/LeNet_MNIST_BNN/tmp/unfold/code_gen_ipgen_StreamingDataWidthConverter_rtl_1_7y9_ezl0'.
INFO: [IP_Flow 19-1700] Loaded user IP repository '/home/changhong/prj/finn/notebooks/EF-US-Engine-Free-Unstructured-Sparsity-Design-Alleviates-Accelerator-Bottlenecks/casestudy1/LeNet_MNIST_BNN/tmp/unfold/code_gen_ipgen_StreamingFIFO_rtl_9_k18pxc3m'.
INFO: [IP_Flow 19-1700] Loaded user IP repository '/home/changhong/prj/finn/notebooks/EF-US-Engine-Free-Unstructured-Sparsity-Design-Alleviates-Accelerator-Bottlenecks/casestudy1/LeNet_MNIST_BNN/tmp/unfold/code_gen_ipgen_MVAU_hls_2_u4m1vqer/project_MVAU_hls_2/sol1/impl/ip'.
INFO: [IP_Flow 19-1700] Loaded user IP repository '/home/changhong/prj/finn/notebooks/EF-US-Engine-Free-Unstructured-Sparsity-Design-Alleviates-Accelerator-Bottlenecks/casestudy1/LeNet_MNIST_BNN/tmp/unfold/code_gen_ipgen_StreamingFIFO_rtl_10_vvvj4k2b'.
INFO: [IP_Flow 19-1700] Loaded user IP repository '/home/changhong/prj/finn/notebooks/EF-US-Engine-Free-Unstructured-Sparsity-Design-Alleviates-Accelerator-Bottlenecks/casestudy1/LeNet_MNIST_BNN/tmp/unfold/code_gen_ipgen_MVAU_hls_3_xlwckhtm/project_MVAU_hls_3/sol1/impl/ip'.
INFO: [IP_Flow 19-1700] Loaded user IP repository '/home/changhong/prj/finn/notebooks/EF-US-Engine-Free-Unstructured-Sparsity-Design-Alleviates-Accelerator-Bottlenecks/casestudy1/LeNet_MNIST_BNN/tmp/unfold/code_gen_ipgen_StreamingFIFO_rtl_11_p37_05g4'.
INFO: [IP_Flow 19-1700] Loaded user IP repository '/home/changhong/prj/finn/notebooks/EF-US-Engine-Free-Unstructured-Sparsity-Design-Alleviates-Accelerator-Bottlenecks/casestudy1/LeNet_MNIST_BNN/tmp/unfold/code_gen_ipgen_MVAU_hls_4_7zz0ni5a/project_MVAU_hls_4/sol1/impl/ip'.
INFO: [IP_Flow 19-1700] Loaded user IP repository '/home/changhong/prj/finn/notebooks/EF-US-Engine-Free-Unstructured-Sparsity-Design-Alleviates-Accelerator-Bottlenecks/casestudy1/LeNet_MNIST_BNN/tmp/unfold/code_gen_ipgen_StreamingFIFO_rtl_12_dspkhcrc'.
INFO: [IP_Flow 19-2313] Loaded Vivado IP repository '/tools/Xilinx/Vivado/2022.2/data/ip'.
# create_bd_design "finn_design"
Wrote  : </home/changhong/prj/finn/notebooks/EF-US-Engine-Free-Unstructured-Sparsity-Design-Alleviates-Accelerator-Bottlenecks/casestudy1/LeNet_MNIST_BNN/tmp/unfold/vivado_stitch_proj_j_qu0100/finn_vivado_stitch_proj.srcs/sources_1/bd/finn_design/finn_design.bd> 
# add_files -norecurse /home/changhong/prj/finn/notebooks/EF-US-Engine-Free-Unstructured-Sparsity-Design-Alleviates-Accelerator-Bottlenecks/casestudy1/LeNet_MNIST_BNN/tmp/unfold/code_gen_ipgen_StreamingFIFO_rtl_0_1ixurobd/Q_srl.v
# add_files -norecurse /home/changhong/prj/finn/notebooks/EF-US-Engine-Free-Unstructured-Sparsity-Design-Alleviates-Accelerator-Bottlenecks/casestudy1/LeNet_MNIST_BNN/tmp/unfold/code_gen_ipgen_StreamingFIFO_rtl_0_1ixurobd/StreamingFIFO_rtl_0.v
# create_bd_cell -type module -reference StreamingFIFO_rtl_0 StreamingFIFO_rtl_0
INFO: [IP_Flow 19-5107] Inferred bus interface 'ap_clk' of definition 'xilinx.com:signal:clock:1.0' (from X_INTERFACE_INFO parameter from HDL file).
INFO: [IP_Flow 19-5107] Inferred bus interface 'ap_clk' of definition 'xilinx.com:signal:clock:1.0' (from 'X_INTERFACE_INFO' attribute).
INFO: [IP_Flow 19-5107] Inferred bus interface 'in0_V' of definition 'xilinx.com:interface:axis:1.0' (from Xilinx Repository).
INFO: [IP_Flow 19-5107] Inferred bus interface 'out0_V' of definition 'xilinx.com:interface:axis:1.0' (from Xilinx Repository).
INFO: [IP_Flow 19-5107] Inferred bus interface 'ap_rst_n' of definition 'xilinx.com:signal:reset:1.0' (from Xilinx Repository).
INFO: [IP_Flow 19-4728] Bus Interface 'ap_rst_n': Added interface parameter 'POLARITY' with value 'ACTIVE_LOW'.
INFO: [IP_Flow 19-4728] Bus Interface 'ap_clk': Added interface parameter 'ASSOCIATED_RESET' with value 'ap_rst_n'.
INFO: [IP_Flow 19-4728] Bus Interface 'ap_clk': Added interface parameter 'ASSOCIATED_BUSIF' with value 'in0_V'.
WARNING: [IP_Flow 19-3157] Bus Interface 'ap_rst_n': Bus parameter POLARITY is ACTIVE_LOW but port 'ap_rst_n' is not *resetn - please double check the POLARITY setting.
INFO: [IP_Flow 19-234] Refreshing IP repositories
INFO: [IP_Flow 19-1700] Loaded user IP repository '/home/changhong/prj/finn/finn-rtllib/memstream'.
INFO: [IP_Flow 19-1700] Loaded user IP repository '/home/changhong/prj/finn/notebooks/EF-US-Engine-Free-Unstructured-Sparsity-Design-Alleviates-Accelerator-Bottlenecks/casestudy1/LeNet_MNIST_BNN/tmp/unfold/code_gen_ipgen_StreamingFIFO_rtl_0_1ixurobd'.
INFO: [IP_Flow 19-1700] Loaded user IP repository '/home/changhong/prj/finn/notebooks/EF-US-Engine-Free-Unstructured-Sparsity-Design-Alleviates-Accelerator-Bottlenecks/casestudy1/LeNet_MNIST_BNN/tmp/unfold/code_gen_ipgen_ConvolutionInputGenerator_rtl_0_hf_js1hg'.
INFO: [IP_Flow 19-1700] Loaded user IP repository '/home/changhong/prj/finn/notebooks/EF-US-Engine-Free-Unstructured-Sparsity-Design-Alleviates-Accelerator-Bottlenecks/casestudy1/LeNet_MNIST_BNN/tmp/unfold/code_gen_ipgen_StreamingFIFO_rtl_1_fb4l_wzg'.
INFO: [IP_Flow 19-1700] Loaded user IP repository '/home/changhong/prj/finn/notebooks/EF-US-Engine-Free-Unstructured-Sparsity-Design-Alleviates-Accelerator-Bottlenecks/casestudy1/LeNet_MNIST_BNN/tmp/unfold/code_gen_ipgen_MVAU_hls_0_viqcdo6f/project_MVAU_hls_0/sol1/impl/ip'.
INFO: [IP_Flow 19-1700] Loaded user IP repository '/home/changhong/prj/finn/notebooks/EF-US-Engine-Free-Unstructured-Sparsity-Design-Alleviates-Accelerator-Bottlenecks/casestudy1/LeNet_MNIST_BNN/tmp/unfold/code_gen_ipgen_StreamingFIFO_rtl_2_m0eum0g8'.
INFO: [IP_Flow 19-1700] Loaded user IP repository '/home/changhong/prj/finn/notebooks/EF-US-Engine-Free-Unstructured-Sparsity-Design-Alleviates-Accelerator-Bottlenecks/casestudy1/LeNet_MNIST_BNN/tmp/unfold/code_gen_ipgen_StreamingMaxPool_hls_0_nh67h6v0/project_StreamingMaxPool_hls_0/sol1/impl/ip'.
INFO: [IP_Flow 19-1700] Loaded user IP repository '/home/changhong/prj/finn/notebooks/EF-US-Engine-Free-Unstructured-Sparsity-Design-Alleviates-Accelerator-Bottlenecks/casestudy1/LeNet_MNIST_BNN/tmp/unfold/code_gen_ipgen_StreamingFIFO_rtl_3_k61hxk08'.
INFO: [IP_Flow 19-1700] Loaded user IP repository '/home/changhong/prj/finn/notebooks/EF-US-Engine-Free-Unstructured-Sparsity-Design-Alleviates-Accelerator-Bottlenecks/casestudy1/LeNet_MNIST_BNN/tmp/unfold/code_gen_ipgen_ConvolutionInputGenerator_rtl_1_3kx8a4om'.
INFO: [IP_Flow 19-1700] Loaded user IP repository '/home/changhong/prj/finn/notebooks/EF-US-Engine-Free-Unstructured-Sparsity-Design-Alleviates-Accelerator-Bottlenecks/casestudy1/LeNet_MNIST_BNN/tmp/unfold/code_gen_ipgen_StreamingFIFO_rtl_4_yl3s_69e'.
INFO: [IP_Flow 19-1700] Loaded user IP repository '/home/changhong/prj/finn/notebooks/EF-US-Engine-Free-Unstructured-Sparsity-Design-Alleviates-Accelerator-Bottlenecks/casestudy1/LeNet_MNIST_BNN/tmp/unfold/code_gen_ipgen_MVAU_hls_1_jpdinwdu/project_MVAU_hls_1/sol1/impl/ip'.
INFO: [IP_Flow 19-1700] Loaded user IP repository '/home/changhong/prj/finn/notebooks/EF-US-Engine-Free-Unstructured-Sparsity-Design-Alleviates-Accelerator-Bottlenecks/casestudy1/LeNet_MNIST_BNN/tmp/unfold/code_gen_ipgen_StreamingFIFO_rtl_5_i6lfkpt4'.
INFO: [IP_Flow 19-1700] Loaded user IP repository '/home/changhong/prj/finn/notebooks/EF-US-Engine-Free-Unstructured-Sparsity-Design-Alleviates-Accelerator-Bottlenecks/casestudy1/LeNet_MNIST_BNN/tmp/unfold/code_gen_ipgen_StreamingMaxPool_hls_1_jqsajou9/project_StreamingMaxPool_hls_1/sol1/impl/ip'.
INFO: [IP_Flow 19-1700] Loaded user IP repository '/home/changhong/prj/finn/notebooks/EF-US-Engine-Free-Unstructured-Sparsity-Design-Alleviates-Accelerator-Bottlenecks/casestudy1/LeNet_MNIST_BNN/tmp/unfold/code_gen_ipgen_StreamingFIFO_rtl_6_y7zevmo1'.
INFO: [IP_Flow 19-1700] Loaded user IP repository '/home/changhong/prj/finn/notebooks/EF-US-Engine-Free-Unstructured-Sparsity-Design-Alleviates-Accelerator-Bottlenecks/casestudy1/LeNet_MNIST_BNN/tmp/unfold/code_gen_ipgen_StreamingDataWidthConverter_rtl_0_rf7pilz2'.
INFO: [IP_Flow 19-1700] Loaded user IP repository '/home/changhong/prj/finn/notebooks/EF-US-Engine-Free-Unstructured-Sparsity-Design-Alleviates-Accelerator-Bottlenecks/casestudy1/LeNet_MNIST_BNN/tmp/unfold/code_gen_ipgen_StreamingFIFO_rtl_7_b060y_rk'.
INFO: [IP_Flow 19-1700] Loaded user IP repository '/home/changhong/prj/finn/notebooks/EF-US-Engine-Free-Unstructured-Sparsity-Design-Alleviates-Accelerator-Bottlenecks/casestudy1/LeNet_MNIST_BNN/tmp/unfold/code_gen_ipgen_ConvolutionInputGenerator_rtl_2_vb1tag1m'.
INFO: [IP_Flow 19-1700] Loaded user IP repository '/home/changhong/prj/finn/notebooks/EF-US-Engine-Free-Unstructured-Sparsity-Design-Alleviates-Accelerator-Bottlenecks/casestudy1/LeNet_MNIST_BNN/tmp/unfold/code_gen_ipgen_StreamingFIFO_rtl_8__bb9znh9'.
INFO: [IP_Flow 19-1700] Loaded user IP repository '/home/changhong/prj/finn/notebooks/EF-US-Engine-Free-Unstructured-Sparsity-Design-Alleviates-Accelerator-Bottlenecks/casestudy1/LeNet_MNIST_BNN/tmp/unfold/code_gen_ipgen_StreamingDataWidthConverter_rtl_1_7y9_ezl0'.
INFO: [IP_Flow 19-1700] Loaded user IP repository '/home/changhong/prj/finn/notebooks/EF-US-Engine-Free-Unstructured-Sparsity-Design-Alleviates-Accelerator-Bottlenecks/casestudy1/LeNet_MNIST_BNN/tmp/unfold/code_gen_ipgen_StreamingFIFO_rtl_9_k18pxc3m'.
INFO: [IP_Flow 19-1700] Loaded user IP repository '/home/changhong/prj/finn/notebooks/EF-US-Engine-Free-Unstructured-Sparsity-Design-Alleviates-Accelerator-Bottlenecks/casestudy1/LeNet_MNIST_BNN/tmp/unfold/code_gen_ipgen_MVAU_hls_2_u4m1vqer/project_MVAU_hls_2/sol1/impl/ip'.
INFO: [IP_Flow 19-1700] Loaded user IP repository '/home/changhong/prj/finn/notebooks/EF-US-Engine-Free-Unstructured-Sparsity-Design-Alleviates-Accelerator-Bottlenecks/casestudy1/LeNet_MNIST_BNN/tmp/unfold/code_gen_ipgen_StreamingFIFO_rtl_10_vvvj4k2b'.
INFO: [IP_Flow 19-1700] Loaded user IP repository '/home/changhong/prj/finn/notebooks/EF-US-Engine-Free-Unstructured-Sparsity-Design-Alleviates-Accelerator-Bottlenecks/casestudy1/LeNet_MNIST_BNN/tmp/unfold/code_gen_ipgen_MVAU_hls_3_xlwckhtm/project_MVAU_hls_3/sol1/impl/ip'.
INFO: [IP_Flow 19-1700] Loaded user IP repository '/home/changhong/prj/finn/notebooks/EF-US-Engine-Free-Unstructured-Sparsity-Design-Alleviates-Accelerator-Bottlenecks/casestudy1/LeNet_MNIST_BNN/tmp/unfold/code_gen_ipgen_StreamingFIFO_rtl_11_p37_05g4'.
INFO: [IP_Flow 19-1700] Loaded user IP repository '/home/changhong/prj/finn/notebooks/EF-US-Engine-Free-Unstructured-Sparsity-Design-Alleviates-Accelerator-Bottlenecks/casestudy1/LeNet_MNIST_BNN/tmp/unfold/code_gen_ipgen_MVAU_hls_4_7zz0ni5a/project_MVAU_hls_4/sol1/impl/ip'.
INFO: [IP_Flow 19-1700] Loaded user IP repository '/home/changhong/prj/finn/notebooks/EF-US-Engine-Free-Unstructured-Sparsity-Design-Alleviates-Accelerator-Bottlenecks/casestudy1/LeNet_MNIST_BNN/tmp/unfold/code_gen_ipgen_StreamingFIFO_rtl_12_dspkhcrc'.
# add_files -norecurse /home/changhong/prj/finn/notebooks/EF-US-Engine-Free-Unstructured-Sparsity-Design-Alleviates-Accelerator-Bottlenecks/casestudy1/LeNet_MNIST_BNN/tmp/unfold/code_gen_ipgen_ConvolutionInputGenerator_rtl_0_hf_js1hg/swg_pkg.sv
# add_files -norecurse /home/changhong/prj/finn/notebooks/EF-US-Engine-Free-Unstructured-Sparsity-Design-Alleviates-Accelerator-Bottlenecks/casestudy1/LeNet_MNIST_BNN/tmp/unfold/code_gen_ipgen_ConvolutionInputGenerator_rtl_0_hf_js1hg/ConvolutionInputGenerator_rtl_0_wrapper.v
# add_files -norecurse /home/changhong/prj/finn/notebooks/EF-US-Engine-Free-Unstructured-Sparsity-Design-Alleviates-Accelerator-Bottlenecks/casestudy1/LeNet_MNIST_BNN/tmp/unfold/code_gen_ipgen_ConvolutionInputGenerator_rtl_0_hf_js1hg/ConvolutionInputGenerator_rtl_0_impl.sv
# add_files -norecurse /home/changhong/prj/finn/notebooks/EF-US-Engine-Free-Unstructured-Sparsity-Design-Alleviates-Accelerator-Bottlenecks/casestudy1/LeNet_MNIST_BNN/tmp/unfold/code_gen_ipgen_ConvolutionInputGenerator_rtl_0_hf_js1hg/swg_common.sv
# create_bd_cell -type module -reference ConvolutionInputGenerator_rtl_0 ConvolutionInputGenerator_rtl_0
INFO: [IP_Flow 19-5107] Inferred bus interface 'ap_clk' of definition 'xilinx.com:signal:clock:1.0' (from X_INTERFACE_INFO parameter from HDL file).
INFO: [IP_Flow 19-5107] Inferred bus interface 'ap_clk' of definition 'xilinx.com:signal:clock:1.0' (from 'X_INTERFACE_INFO' attribute).
INFO: [IP_Flow 19-5107] Inferred bus interface 'in0_V' of definition 'xilinx.com:interface:axis:1.0' (from Xilinx Repository).
INFO: [IP_Flow 19-5107] Inferred bus interface 'out0_V' of definition 'xilinx.com:interface:axis:1.0' (from Xilinx Repository).
INFO: [IP_Flow 19-5107] Inferred bus interface 'ap_rst_n' of definition 'xilinx.com:signal:reset:1.0' (from Xilinx Repository).
INFO: [IP_Flow 19-4728] Bus Interface 'ap_rst_n': Added interface parameter 'POLARITY' with value 'ACTIVE_LOW'.
INFO: [IP_Flow 19-4728] Bus Interface 'ap_clk': Added interface parameter 'ASSOCIATED_RESET' with value 'ap_rst_n'.
INFO: [IP_Flow 19-4728] Bus Interface 'ap_clk': Added interface parameter 'ASSOCIATED_BUSIF' with value 'in0_V'.
INFO: [IP_Flow 19-818] Not transferring value dependency attribute "((spirit:decode(id('MODELPARAM_VALUE.BIT_WIDTH')) * spirit:decode(id('MODELPARAM_VALUE.SIMD'))) * spirit:decode(id('MODELPARAM_VALUE.MMV_IN')))" into user parameter "BUF_IN_WIDTH".
INFO: [IP_Flow 19-818] Not transferring value dependency attribute "((spirit:decode(id('MODELPARAM_VALUE.BIT_WIDTH')) * spirit:decode(id('MODELPARAM_VALUE.SIMD'))) * spirit:decode(id('MODELPARAM_VALUE.MMV_OUT')))" into user parameter "BUF_OUT_WIDTH".
WARNING: [IP_Flow 19-3157] Bus Interface 'ap_rst_n': Bus parameter POLARITY is ACTIVE_LOW but port 'ap_rst_n' is not *resetn - please double check the POLARITY setting.
INFO: [IP_Flow 19-234] Refreshing IP repositories
INFO: [IP_Flow 19-1700] Loaded user IP repository '/home/changhong/prj/finn/finn-rtllib/memstream'.
INFO: [IP_Flow 19-1700] Loaded user IP repository '/home/changhong/prj/finn/notebooks/EF-US-Engine-Free-Unstructured-Sparsity-Design-Alleviates-Accelerator-Bottlenecks/casestudy1/LeNet_MNIST_BNN/tmp/unfold/code_gen_ipgen_StreamingFIFO_rtl_0_1ixurobd'.
INFO: [IP_Flow 19-1700] Loaded user IP repository '/home/changhong/prj/finn/notebooks/EF-US-Engine-Free-Unstructured-Sparsity-Design-Alleviates-Accelerator-Bottlenecks/casestudy1/LeNet_MNIST_BNN/tmp/unfold/code_gen_ipgen_ConvolutionInputGenerator_rtl_0_hf_js1hg'.
INFO: [IP_Flow 19-1700] Loaded user IP repository '/home/changhong/prj/finn/notebooks/EF-US-Engine-Free-Unstructured-Sparsity-Design-Alleviates-Accelerator-Bottlenecks/casestudy1/LeNet_MNIST_BNN/tmp/unfold/code_gen_ipgen_StreamingFIFO_rtl_1_fb4l_wzg'.
INFO: [IP_Flow 19-1700] Loaded user IP repository '/home/changhong/prj/finn/notebooks/EF-US-Engine-Free-Unstructured-Sparsity-Design-Alleviates-Accelerator-Bottlenecks/casestudy1/LeNet_MNIST_BNN/tmp/unfold/code_gen_ipgen_MVAU_hls_0_viqcdo6f/project_MVAU_hls_0/sol1/impl/ip'.
INFO: [IP_Flow 19-1700] Loaded user IP repository '/home/changhong/prj/finn/notebooks/EF-US-Engine-Free-Unstructured-Sparsity-Design-Alleviates-Accelerator-Bottlenecks/casestudy1/LeNet_MNIST_BNN/tmp/unfold/code_gen_ipgen_StreamingFIFO_rtl_2_m0eum0g8'.
INFO: [IP_Flow 19-1700] Loaded user IP repository '/home/changhong/prj/finn/notebooks/EF-US-Engine-Free-Unstructured-Sparsity-Design-Alleviates-Accelerator-Bottlenecks/casestudy1/LeNet_MNIST_BNN/tmp/unfold/code_gen_ipgen_StreamingMaxPool_hls_0_nh67h6v0/project_StreamingMaxPool_hls_0/sol1/impl/ip'.
INFO: [IP_Flow 19-1700] Loaded user IP repository '/home/changhong/prj/finn/notebooks/EF-US-Engine-Free-Unstructured-Sparsity-Design-Alleviates-Accelerator-Bottlenecks/casestudy1/LeNet_MNIST_BNN/tmp/unfold/code_gen_ipgen_StreamingFIFO_rtl_3_k61hxk08'.
INFO: [IP_Flow 19-1700] Loaded user IP repository '/home/changhong/prj/finn/notebooks/EF-US-Engine-Free-Unstructured-Sparsity-Design-Alleviates-Accelerator-Bottlenecks/casestudy1/LeNet_MNIST_BNN/tmp/unfold/code_gen_ipgen_ConvolutionInputGenerator_rtl_1_3kx8a4om'.
INFO: [IP_Flow 19-1700] Loaded user IP repository '/home/changhong/prj/finn/notebooks/EF-US-Engine-Free-Unstructured-Sparsity-Design-Alleviates-Accelerator-Bottlenecks/casestudy1/LeNet_MNIST_BNN/tmp/unfold/code_gen_ipgen_StreamingFIFO_rtl_4_yl3s_69e'.
INFO: [IP_Flow 19-1700] Loaded user IP repository '/home/changhong/prj/finn/notebooks/EF-US-Engine-Free-Unstructured-Sparsity-Design-Alleviates-Accelerator-Bottlenecks/casestudy1/LeNet_MNIST_BNN/tmp/unfold/code_gen_ipgen_MVAU_hls_1_jpdinwdu/project_MVAU_hls_1/sol1/impl/ip'.
INFO: [IP_Flow 19-1700] Loaded user IP repository '/home/changhong/prj/finn/notebooks/EF-US-Engine-Free-Unstructured-Sparsity-Design-Alleviates-Accelerator-Bottlenecks/casestudy1/LeNet_MNIST_BNN/tmp/unfold/code_gen_ipgen_StreamingFIFO_rtl_5_i6lfkpt4'.
INFO: [IP_Flow 19-1700] Loaded user IP repository '/home/changhong/prj/finn/notebooks/EF-US-Engine-Free-Unstructured-Sparsity-Design-Alleviates-Accelerator-Bottlenecks/casestudy1/LeNet_MNIST_BNN/tmp/unfold/code_gen_ipgen_StreamingMaxPool_hls_1_jqsajou9/project_StreamingMaxPool_hls_1/sol1/impl/ip'.
INFO: [IP_Flow 19-1700] Loaded user IP repository '/home/changhong/prj/finn/notebooks/EF-US-Engine-Free-Unstructured-Sparsity-Design-Alleviates-Accelerator-Bottlenecks/casestudy1/LeNet_MNIST_BNN/tmp/unfold/code_gen_ipgen_StreamingFIFO_rtl_6_y7zevmo1'.
INFO: [IP_Flow 19-1700] Loaded user IP repository '/home/changhong/prj/finn/notebooks/EF-US-Engine-Free-Unstructured-Sparsity-Design-Alleviates-Accelerator-Bottlenecks/casestudy1/LeNet_MNIST_BNN/tmp/unfold/code_gen_ipgen_StreamingDataWidthConverter_rtl_0_rf7pilz2'.
INFO: [IP_Flow 19-1700] Loaded user IP repository '/home/changhong/prj/finn/notebooks/EF-US-Engine-Free-Unstructured-Sparsity-Design-Alleviates-Accelerator-Bottlenecks/casestudy1/LeNet_MNIST_BNN/tmp/unfold/code_gen_ipgen_StreamingFIFO_rtl_7_b060y_rk'.
INFO: [IP_Flow 19-1700] Loaded user IP repository '/home/changhong/prj/finn/notebooks/EF-US-Engine-Free-Unstructured-Sparsity-Design-Alleviates-Accelerator-Bottlenecks/casestudy1/LeNet_MNIST_BNN/tmp/unfold/code_gen_ipgen_ConvolutionInputGenerator_rtl_2_vb1tag1m'.
INFO: [IP_Flow 19-1700] Loaded user IP repository '/home/changhong/prj/finn/notebooks/EF-US-Engine-Free-Unstructured-Sparsity-Design-Alleviates-Accelerator-Bottlenecks/casestudy1/LeNet_MNIST_BNN/tmp/unfold/code_gen_ipgen_StreamingFIFO_rtl_8__bb9znh9'.
INFO: [IP_Flow 19-1700] Loaded user IP repository '/home/changhong/prj/finn/notebooks/EF-US-Engine-Free-Unstructured-Sparsity-Design-Alleviates-Accelerator-Bottlenecks/casestudy1/LeNet_MNIST_BNN/tmp/unfold/code_gen_ipgen_StreamingDataWidthConverter_rtl_1_7y9_ezl0'.
INFO: [IP_Flow 19-1700] Loaded user IP repository '/home/changhong/prj/finn/notebooks/EF-US-Engine-Free-Unstructured-Sparsity-Design-Alleviates-Accelerator-Bottlenecks/casestudy1/LeNet_MNIST_BNN/tmp/unfold/code_gen_ipgen_StreamingFIFO_rtl_9_k18pxc3m'.
INFO: [IP_Flow 19-1700] Loaded user IP repository '/home/changhong/prj/finn/notebooks/EF-US-Engine-Free-Unstructured-Sparsity-Design-Alleviates-Accelerator-Bottlenecks/casestudy1/LeNet_MNIST_BNN/tmp/unfold/code_gen_ipgen_MVAU_hls_2_u4m1vqer/project_MVAU_hls_2/sol1/impl/ip'.
INFO: [IP_Flow 19-1700] Loaded user IP repository '/home/changhong/prj/finn/notebooks/EF-US-Engine-Free-Unstructured-Sparsity-Design-Alleviates-Accelerator-Bottlenecks/casestudy1/LeNet_MNIST_BNN/tmp/unfold/code_gen_ipgen_StreamingFIFO_rtl_10_vvvj4k2b'.
INFO: [IP_Flow 19-1700] Loaded user IP repository '/home/changhong/prj/finn/notebooks/EF-US-Engine-Free-Unstructured-Sparsity-Design-Alleviates-Accelerator-Bottlenecks/casestudy1/LeNet_MNIST_BNN/tmp/unfold/code_gen_ipgen_MVAU_hls_3_xlwckhtm/project_MVAU_hls_3/sol1/impl/ip'.
INFO: [IP_Flow 19-1700] Loaded user IP repository '/home/changhong/prj/finn/notebooks/EF-US-Engine-Free-Unstructured-Sparsity-Design-Alleviates-Accelerator-Bottlenecks/casestudy1/LeNet_MNIST_BNN/tmp/unfold/code_gen_ipgen_StreamingFIFO_rtl_11_p37_05g4'.
INFO: [IP_Flow 19-1700] Loaded user IP repository '/home/changhong/prj/finn/notebooks/EF-US-Engine-Free-Unstructured-Sparsity-Design-Alleviates-Accelerator-Bottlenecks/casestudy1/LeNet_MNIST_BNN/tmp/unfold/code_gen_ipgen_MVAU_hls_4_7zz0ni5a/project_MVAU_hls_4/sol1/impl/ip'.
INFO: [IP_Flow 19-1700] Loaded user IP repository '/home/changhong/prj/finn/notebooks/EF-US-Engine-Free-Unstructured-Sparsity-Design-Alleviates-Accelerator-Bottlenecks/casestudy1/LeNet_MNIST_BNN/tmp/unfold/code_gen_ipgen_StreamingFIFO_rtl_12_dspkhcrc'.
# add_files -norecurse /home/changhong/prj/finn/notebooks/EF-US-Engine-Free-Unstructured-Sparsity-Design-Alleviates-Accelerator-Bottlenecks/casestudy1/LeNet_MNIST_BNN/tmp/unfold/code_gen_ipgen_StreamingFIFO_rtl_1_fb4l_wzg/Q_srl.v
# add_files -norecurse /home/changhong/prj/finn/notebooks/EF-US-Engine-Free-Unstructured-Sparsity-Design-Alleviates-Accelerator-Bottlenecks/casestudy1/LeNet_MNIST_BNN/tmp/unfold/code_gen_ipgen_StreamingFIFO_rtl_1_fb4l_wzg/StreamingFIFO_rtl_1.v
# create_bd_cell -type module -reference StreamingFIFO_rtl_1 StreamingFIFO_rtl_1
INFO: [IP_Flow 19-5107] Inferred bus interface 'ap_clk' of definition 'xilinx.com:signal:clock:1.0' (from X_INTERFACE_INFO parameter from HDL file).
INFO: [IP_Flow 19-5107] Inferred bus interface 'ap_clk' of definition 'xilinx.com:signal:clock:1.0' (from 'X_INTERFACE_INFO' attribute).
INFO: [IP_Flow 19-5107] Inferred bus interface 'in0_V' of definition 'xilinx.com:interface:axis:1.0' (from Xilinx Repository).
INFO: [IP_Flow 19-5107] Inferred bus interface 'out0_V' of definition 'xilinx.com:interface:axis:1.0' (from Xilinx Repository).
INFO: [IP_Flow 19-5107] Inferred bus interface 'ap_rst_n' of definition 'xilinx.com:signal:reset:1.0' (from Xilinx Repository).
INFO: [IP_Flow 19-4728] Bus Interface 'ap_rst_n': Added interface parameter 'POLARITY' with value 'ACTIVE_LOW'.
INFO: [IP_Flow 19-4728] Bus Interface 'ap_clk': Added interface parameter 'ASSOCIATED_RESET' with value 'ap_rst_n'.
INFO: [IP_Flow 19-4728] Bus Interface 'ap_clk': Added interface parameter 'ASSOCIATED_BUSIF' with value 'in0_V'.
WARNING: [IP_Flow 19-3157] Bus Interface 'ap_rst_n': Bus parameter POLARITY is ACTIVE_LOW but port 'ap_rst_n' is not *resetn - please double check the POLARITY setting.
INFO: [IP_Flow 19-234] Refreshing IP repositories
INFO: [IP_Flow 19-1700] Loaded user IP repository '/home/changhong/prj/finn/finn-rtllib/memstream'.
INFO: [IP_Flow 19-1700] Loaded user IP repository '/home/changhong/prj/finn/notebooks/EF-US-Engine-Free-Unstructured-Sparsity-Design-Alleviates-Accelerator-Bottlenecks/casestudy1/LeNet_MNIST_BNN/tmp/unfold/code_gen_ipgen_StreamingFIFO_rtl_0_1ixurobd'.
INFO: [IP_Flow 19-1700] Loaded user IP repository '/home/changhong/prj/finn/notebooks/EF-US-Engine-Free-Unstructured-Sparsity-Design-Alleviates-Accelerator-Bottlenecks/casestudy1/LeNet_MNIST_BNN/tmp/unfold/code_gen_ipgen_ConvolutionInputGenerator_rtl_0_hf_js1hg'.
INFO: [IP_Flow 19-1700] Loaded user IP repository '/home/changhong/prj/finn/notebooks/EF-US-Engine-Free-Unstructured-Sparsity-Design-Alleviates-Accelerator-Bottlenecks/casestudy1/LeNet_MNIST_BNN/tmp/unfold/code_gen_ipgen_StreamingFIFO_rtl_1_fb4l_wzg'.
INFO: [IP_Flow 19-1700] Loaded user IP repository '/home/changhong/prj/finn/notebooks/EF-US-Engine-Free-Unstructured-Sparsity-Design-Alleviates-Accelerator-Bottlenecks/casestudy1/LeNet_MNIST_BNN/tmp/unfold/code_gen_ipgen_MVAU_hls_0_viqcdo6f/project_MVAU_hls_0/sol1/impl/ip'.
INFO: [IP_Flow 19-1700] Loaded user IP repository '/home/changhong/prj/finn/notebooks/EF-US-Engine-Free-Unstructured-Sparsity-Design-Alleviates-Accelerator-Bottlenecks/casestudy1/LeNet_MNIST_BNN/tmp/unfold/code_gen_ipgen_StreamingFIFO_rtl_2_m0eum0g8'.
INFO: [IP_Flow 19-1700] Loaded user IP repository '/home/changhong/prj/finn/notebooks/EF-US-Engine-Free-Unstructured-Sparsity-Design-Alleviates-Accelerator-Bottlenecks/casestudy1/LeNet_MNIST_BNN/tmp/unfold/code_gen_ipgen_StreamingMaxPool_hls_0_nh67h6v0/project_StreamingMaxPool_hls_0/sol1/impl/ip'.
INFO: [IP_Flow 19-1700] Loaded user IP repository '/home/changhong/prj/finn/notebooks/EF-US-Engine-Free-Unstructured-Sparsity-Design-Alleviates-Accelerator-Bottlenecks/casestudy1/LeNet_MNIST_BNN/tmp/unfold/code_gen_ipgen_StreamingFIFO_rtl_3_k61hxk08'.
INFO: [IP_Flow 19-1700] Loaded user IP repository '/home/changhong/prj/finn/notebooks/EF-US-Engine-Free-Unstructured-Sparsity-Design-Alleviates-Accelerator-Bottlenecks/casestudy1/LeNet_MNIST_BNN/tmp/unfold/code_gen_ipgen_ConvolutionInputGenerator_rtl_1_3kx8a4om'.
INFO: [IP_Flow 19-1700] Loaded user IP repository '/home/changhong/prj/finn/notebooks/EF-US-Engine-Free-Unstructured-Sparsity-Design-Alleviates-Accelerator-Bottlenecks/casestudy1/LeNet_MNIST_BNN/tmp/unfold/code_gen_ipgen_StreamingFIFO_rtl_4_yl3s_69e'.
INFO: [IP_Flow 19-1700] Loaded user IP repository '/home/changhong/prj/finn/notebooks/EF-US-Engine-Free-Unstructured-Sparsity-Design-Alleviates-Accelerator-Bottlenecks/casestudy1/LeNet_MNIST_BNN/tmp/unfold/code_gen_ipgen_MVAU_hls_1_jpdinwdu/project_MVAU_hls_1/sol1/impl/ip'.
INFO: [IP_Flow 19-1700] Loaded user IP repository '/home/changhong/prj/finn/notebooks/EF-US-Engine-Free-Unstructured-Sparsity-Design-Alleviates-Accelerator-Bottlenecks/casestudy1/LeNet_MNIST_BNN/tmp/unfold/code_gen_ipgen_StreamingFIFO_rtl_5_i6lfkpt4'.
INFO: [IP_Flow 19-1700] Loaded user IP repository '/home/changhong/prj/finn/notebooks/EF-US-Engine-Free-Unstructured-Sparsity-Design-Alleviates-Accelerator-Bottlenecks/casestudy1/LeNet_MNIST_BNN/tmp/unfold/code_gen_ipgen_StreamingMaxPool_hls_1_jqsajou9/project_StreamingMaxPool_hls_1/sol1/impl/ip'.
INFO: [IP_Flow 19-1700] Loaded user IP repository '/home/changhong/prj/finn/notebooks/EF-US-Engine-Free-Unstructured-Sparsity-Design-Alleviates-Accelerator-Bottlenecks/casestudy1/LeNet_MNIST_BNN/tmp/unfold/code_gen_ipgen_StreamingFIFO_rtl_6_y7zevmo1'.
INFO: [IP_Flow 19-1700] Loaded user IP repository '/home/changhong/prj/finn/notebooks/EF-US-Engine-Free-Unstructured-Sparsity-Design-Alleviates-Accelerator-Bottlenecks/casestudy1/LeNet_MNIST_BNN/tmp/unfold/code_gen_ipgen_StreamingDataWidthConverter_rtl_0_rf7pilz2'.
INFO: [IP_Flow 19-1700] Loaded user IP repository '/home/changhong/prj/finn/notebooks/EF-US-Engine-Free-Unstructured-Sparsity-Design-Alleviates-Accelerator-Bottlenecks/casestudy1/LeNet_MNIST_BNN/tmp/unfold/code_gen_ipgen_StreamingFIFO_rtl_7_b060y_rk'.
INFO: [IP_Flow 19-1700] Loaded user IP repository '/home/changhong/prj/finn/notebooks/EF-US-Engine-Free-Unstructured-Sparsity-Design-Alleviates-Accelerator-Bottlenecks/casestudy1/LeNet_MNIST_BNN/tmp/unfold/code_gen_ipgen_ConvolutionInputGenerator_rtl_2_vb1tag1m'.
INFO: [IP_Flow 19-1700] Loaded user IP repository '/home/changhong/prj/finn/notebooks/EF-US-Engine-Free-Unstructured-Sparsity-Design-Alleviates-Accelerator-Bottlenecks/casestudy1/LeNet_MNIST_BNN/tmp/unfold/code_gen_ipgen_StreamingFIFO_rtl_8__bb9znh9'.
INFO: [IP_Flow 19-1700] Loaded user IP repository '/home/changhong/prj/finn/notebooks/EF-US-Engine-Free-Unstructured-Sparsity-Design-Alleviates-Accelerator-Bottlenecks/casestudy1/LeNet_MNIST_BNN/tmp/unfold/code_gen_ipgen_StreamingDataWidthConverter_rtl_1_7y9_ezl0'.
INFO: [IP_Flow 19-1700] Loaded user IP repository '/home/changhong/prj/finn/notebooks/EF-US-Engine-Free-Unstructured-Sparsity-Design-Alleviates-Accelerator-Bottlenecks/casestudy1/LeNet_MNIST_BNN/tmp/unfold/code_gen_ipgen_StreamingFIFO_rtl_9_k18pxc3m'.
INFO: [IP_Flow 19-1700] Loaded user IP repository '/home/changhong/prj/finn/notebooks/EF-US-Engine-Free-Unstructured-Sparsity-Design-Alleviates-Accelerator-Bottlenecks/casestudy1/LeNet_MNIST_BNN/tmp/unfold/code_gen_ipgen_MVAU_hls_2_u4m1vqer/project_MVAU_hls_2/sol1/impl/ip'.
INFO: [IP_Flow 19-1700] Loaded user IP repository '/home/changhong/prj/finn/notebooks/EF-US-Engine-Free-Unstructured-Sparsity-Design-Alleviates-Accelerator-Bottlenecks/casestudy1/LeNet_MNIST_BNN/tmp/unfold/code_gen_ipgen_StreamingFIFO_rtl_10_vvvj4k2b'.
INFO: [IP_Flow 19-1700] Loaded user IP repository '/home/changhong/prj/finn/notebooks/EF-US-Engine-Free-Unstructured-Sparsity-Design-Alleviates-Accelerator-Bottlenecks/casestudy1/LeNet_MNIST_BNN/tmp/unfold/code_gen_ipgen_MVAU_hls_3_xlwckhtm/project_MVAU_hls_3/sol1/impl/ip'.
INFO: [IP_Flow 19-1700] Loaded user IP repository '/home/changhong/prj/finn/notebooks/EF-US-Engine-Free-Unstructured-Sparsity-Design-Alleviates-Accelerator-Bottlenecks/casestudy1/LeNet_MNIST_BNN/tmp/unfold/code_gen_ipgen_StreamingFIFO_rtl_11_p37_05g4'.
INFO: [IP_Flow 19-1700] Loaded user IP repository '/home/changhong/prj/finn/notebooks/EF-US-Engine-Free-Unstructured-Sparsity-Design-Alleviates-Accelerator-Bottlenecks/casestudy1/LeNet_MNIST_BNN/tmp/unfold/code_gen_ipgen_MVAU_hls_4_7zz0ni5a/project_MVAU_hls_4/sol1/impl/ip'.
INFO: [IP_Flow 19-1700] Loaded user IP repository '/home/changhong/prj/finn/notebooks/EF-US-Engine-Free-Unstructured-Sparsity-Design-Alleviates-Accelerator-Bottlenecks/casestudy1/LeNet_MNIST_BNN/tmp/unfold/code_gen_ipgen_StreamingFIFO_rtl_12_dspkhcrc'.
# file mkdir ./ip/verilog/rtl_ops/MVAU_hls_0
# create_bd_cell -type ip -vlnv xilinx.com:hls:MVAU_hls_0:1.0 MVAU_hls_0
# add_files -norecurse /home/changhong/prj/finn/notebooks/EF-US-Engine-Free-Unstructured-Sparsity-Design-Alleviates-Accelerator-Bottlenecks/casestudy1/LeNet_MNIST_BNN/tmp/unfold/code_gen_ipgen_StreamingFIFO_rtl_2_m0eum0g8/Q_srl.v
# add_files -norecurse /home/changhong/prj/finn/notebooks/EF-US-Engine-Free-Unstructured-Sparsity-Design-Alleviates-Accelerator-Bottlenecks/casestudy1/LeNet_MNIST_BNN/tmp/unfold/code_gen_ipgen_StreamingFIFO_rtl_2_m0eum0g8/StreamingFIFO_rtl_2.v
# create_bd_cell -type module -reference StreamingFIFO_rtl_2 StreamingFIFO_rtl_2
INFO: [IP_Flow 19-5107] Inferred bus interface 'ap_clk' of definition 'xilinx.com:signal:clock:1.0' (from X_INTERFACE_INFO parameter from HDL file).
INFO: [IP_Flow 19-5107] Inferred bus interface 'ap_clk' of definition 'xilinx.com:signal:clock:1.0' (from 'X_INTERFACE_INFO' attribute).
INFO: [IP_Flow 19-5107] Inferred bus interface 'in0_V' of definition 'xilinx.com:interface:axis:1.0' (from Xilinx Repository).
INFO: [IP_Flow 19-5107] Inferred bus interface 'out0_V' of definition 'xilinx.com:interface:axis:1.0' (from Xilinx Repository).
INFO: [IP_Flow 19-5107] Inferred bus interface 'ap_rst_n' of definition 'xilinx.com:signal:reset:1.0' (from Xilinx Repository).
INFO: [IP_Flow 19-4728] Bus Interface 'ap_rst_n': Added interface parameter 'POLARITY' with value 'ACTIVE_LOW'.
INFO: [IP_Flow 19-4728] Bus Interface 'ap_clk': Added interface parameter 'ASSOCIATED_RESET' with value 'ap_rst_n'.
INFO: [IP_Flow 19-4728] Bus Interface 'ap_clk': Added interface parameter 'ASSOCIATED_BUSIF' with value 'in0_V'.
WARNING: [IP_Flow 19-3157] Bus Interface 'ap_rst_n': Bus parameter POLARITY is ACTIVE_LOW but port 'ap_rst_n' is not *resetn - please double check the POLARITY setting.
INFO: [IP_Flow 19-234] Refreshing IP repositories
INFO: [IP_Flow 19-1700] Loaded user IP repository '/home/changhong/prj/finn/finn-rtllib/memstream'.
INFO: [IP_Flow 19-1700] Loaded user IP repository '/home/changhong/prj/finn/notebooks/EF-US-Engine-Free-Unstructured-Sparsity-Design-Alleviates-Accelerator-Bottlenecks/casestudy1/LeNet_MNIST_BNN/tmp/unfold/code_gen_ipgen_StreamingFIFO_rtl_0_1ixurobd'.
INFO: [IP_Flow 19-1700] Loaded user IP repository '/home/changhong/prj/finn/notebooks/EF-US-Engine-Free-Unstructured-Sparsity-Design-Alleviates-Accelerator-Bottlenecks/casestudy1/LeNet_MNIST_BNN/tmp/unfold/code_gen_ipgen_ConvolutionInputGenerator_rtl_0_hf_js1hg'.
INFO: [IP_Flow 19-1700] Loaded user IP repository '/home/changhong/prj/finn/notebooks/EF-US-Engine-Free-Unstructured-Sparsity-Design-Alleviates-Accelerator-Bottlenecks/casestudy1/LeNet_MNIST_BNN/tmp/unfold/code_gen_ipgen_StreamingFIFO_rtl_1_fb4l_wzg'.
INFO: [IP_Flow 19-1700] Loaded user IP repository '/home/changhong/prj/finn/notebooks/EF-US-Engine-Free-Unstructured-Sparsity-Design-Alleviates-Accelerator-Bottlenecks/casestudy1/LeNet_MNIST_BNN/tmp/unfold/code_gen_ipgen_MVAU_hls_0_viqcdo6f/project_MVAU_hls_0/sol1/impl/ip'.
INFO: [IP_Flow 19-1700] Loaded user IP repository '/home/changhong/prj/finn/notebooks/EF-US-Engine-Free-Unstructured-Sparsity-Design-Alleviates-Accelerator-Bottlenecks/casestudy1/LeNet_MNIST_BNN/tmp/unfold/code_gen_ipgen_StreamingFIFO_rtl_2_m0eum0g8'.
INFO: [IP_Flow 19-1700] Loaded user IP repository '/home/changhong/prj/finn/notebooks/EF-US-Engine-Free-Unstructured-Sparsity-Design-Alleviates-Accelerator-Bottlenecks/casestudy1/LeNet_MNIST_BNN/tmp/unfold/code_gen_ipgen_StreamingMaxPool_hls_0_nh67h6v0/project_StreamingMaxPool_hls_0/sol1/impl/ip'.
INFO: [IP_Flow 19-1700] Loaded user IP repository '/home/changhong/prj/finn/notebooks/EF-US-Engine-Free-Unstructured-Sparsity-Design-Alleviates-Accelerator-Bottlenecks/casestudy1/LeNet_MNIST_BNN/tmp/unfold/code_gen_ipgen_StreamingFIFO_rtl_3_k61hxk08'.
INFO: [IP_Flow 19-1700] Loaded user IP repository '/home/changhong/prj/finn/notebooks/EF-US-Engine-Free-Unstructured-Sparsity-Design-Alleviates-Accelerator-Bottlenecks/casestudy1/LeNet_MNIST_BNN/tmp/unfold/code_gen_ipgen_ConvolutionInputGenerator_rtl_1_3kx8a4om'.
INFO: [IP_Flow 19-1700] Loaded user IP repository '/home/changhong/prj/finn/notebooks/EF-US-Engine-Free-Unstructured-Sparsity-Design-Alleviates-Accelerator-Bottlenecks/casestudy1/LeNet_MNIST_BNN/tmp/unfold/code_gen_ipgen_StreamingFIFO_rtl_4_yl3s_69e'.
INFO: [IP_Flow 19-1700] Loaded user IP repository '/home/changhong/prj/finn/notebooks/EF-US-Engine-Free-Unstructured-Sparsity-Design-Alleviates-Accelerator-Bottlenecks/casestudy1/LeNet_MNIST_BNN/tmp/unfold/code_gen_ipgen_MVAU_hls_1_jpdinwdu/project_MVAU_hls_1/sol1/impl/ip'.
INFO: [IP_Flow 19-1700] Loaded user IP repository '/home/changhong/prj/finn/notebooks/EF-US-Engine-Free-Unstructured-Sparsity-Design-Alleviates-Accelerator-Bottlenecks/casestudy1/LeNet_MNIST_BNN/tmp/unfold/code_gen_ipgen_StreamingFIFO_rtl_5_i6lfkpt4'.
INFO: [IP_Flow 19-1700] Loaded user IP repository '/home/changhong/prj/finn/notebooks/EF-US-Engine-Free-Unstructured-Sparsity-Design-Alleviates-Accelerator-Bottlenecks/casestudy1/LeNet_MNIST_BNN/tmp/unfold/code_gen_ipgen_StreamingMaxPool_hls_1_jqsajou9/project_StreamingMaxPool_hls_1/sol1/impl/ip'.
INFO: [IP_Flow 19-1700] Loaded user IP repository '/home/changhong/prj/finn/notebooks/EF-US-Engine-Free-Unstructured-Sparsity-Design-Alleviates-Accelerator-Bottlenecks/casestudy1/LeNet_MNIST_BNN/tmp/unfold/code_gen_ipgen_StreamingFIFO_rtl_6_y7zevmo1'.
INFO: [IP_Flow 19-1700] Loaded user IP repository '/home/changhong/prj/finn/notebooks/EF-US-Engine-Free-Unstructured-Sparsity-Design-Alleviates-Accelerator-Bottlenecks/casestudy1/LeNet_MNIST_BNN/tmp/unfold/code_gen_ipgen_StreamingDataWidthConverter_rtl_0_rf7pilz2'.
INFO: [IP_Flow 19-1700] Loaded user IP repository '/home/changhong/prj/finn/notebooks/EF-US-Engine-Free-Unstructured-Sparsity-Design-Alleviates-Accelerator-Bottlenecks/casestudy1/LeNet_MNIST_BNN/tmp/unfold/code_gen_ipgen_StreamingFIFO_rtl_7_b060y_rk'.
INFO: [IP_Flow 19-1700] Loaded user IP repository '/home/changhong/prj/finn/notebooks/EF-US-Engine-Free-Unstructured-Sparsity-Design-Alleviates-Accelerator-Bottlenecks/casestudy1/LeNet_MNIST_BNN/tmp/unfold/code_gen_ipgen_ConvolutionInputGenerator_rtl_2_vb1tag1m'.
INFO: [IP_Flow 19-1700] Loaded user IP repository '/home/changhong/prj/finn/notebooks/EF-US-Engine-Free-Unstructured-Sparsity-Design-Alleviates-Accelerator-Bottlenecks/casestudy1/LeNet_MNIST_BNN/tmp/unfold/code_gen_ipgen_StreamingFIFO_rtl_8__bb9znh9'.
INFO: [IP_Flow 19-1700] Loaded user IP repository '/home/changhong/prj/finn/notebooks/EF-US-Engine-Free-Unstructured-Sparsity-Design-Alleviates-Accelerator-Bottlenecks/casestudy1/LeNet_MNIST_BNN/tmp/unfold/code_gen_ipgen_StreamingDataWidthConverter_rtl_1_7y9_ezl0'.
INFO: [IP_Flow 19-1700] Loaded user IP repository '/home/changhong/prj/finn/notebooks/EF-US-Engine-Free-Unstructured-Sparsity-Design-Alleviates-Accelerator-Bottlenecks/casestudy1/LeNet_MNIST_BNN/tmp/unfold/code_gen_ipgen_StreamingFIFO_rtl_9_k18pxc3m'.
INFO: [IP_Flow 19-1700] Loaded user IP repository '/home/changhong/prj/finn/notebooks/EF-US-Engine-Free-Unstructured-Sparsity-Design-Alleviates-Accelerator-Bottlenecks/casestudy1/LeNet_MNIST_BNN/tmp/unfold/code_gen_ipgen_MVAU_hls_2_u4m1vqer/project_MVAU_hls_2/sol1/impl/ip'.
INFO: [IP_Flow 19-1700] Loaded user IP repository '/home/changhong/prj/finn/notebooks/EF-US-Engine-Free-Unstructured-Sparsity-Design-Alleviates-Accelerator-Bottlenecks/casestudy1/LeNet_MNIST_BNN/tmp/unfold/code_gen_ipgen_StreamingFIFO_rtl_10_vvvj4k2b'.
INFO: [IP_Flow 19-1700] Loaded user IP repository '/home/changhong/prj/finn/notebooks/EF-US-Engine-Free-Unstructured-Sparsity-Design-Alleviates-Accelerator-Bottlenecks/casestudy1/LeNet_MNIST_BNN/tmp/unfold/code_gen_ipgen_MVAU_hls_3_xlwckhtm/project_MVAU_hls_3/sol1/impl/ip'.
INFO: [IP_Flow 19-1700] Loaded user IP repository '/home/changhong/prj/finn/notebooks/EF-US-Engine-Free-Unstructured-Sparsity-Design-Alleviates-Accelerator-Bottlenecks/casestudy1/LeNet_MNIST_BNN/tmp/unfold/code_gen_ipgen_StreamingFIFO_rtl_11_p37_05g4'.
INFO: [IP_Flow 19-1700] Loaded user IP repository '/home/changhong/prj/finn/notebooks/EF-US-Engine-Free-Unstructured-Sparsity-Design-Alleviates-Accelerator-Bottlenecks/casestudy1/LeNet_MNIST_BNN/tmp/unfold/code_gen_ipgen_MVAU_hls_4_7zz0ni5a/project_MVAU_hls_4/sol1/impl/ip'.
INFO: [IP_Flow 19-1700] Loaded user IP repository '/home/changhong/prj/finn/notebooks/EF-US-Engine-Free-Unstructured-Sparsity-Design-Alleviates-Accelerator-Bottlenecks/casestudy1/LeNet_MNIST_BNN/tmp/unfold/code_gen_ipgen_StreamingFIFO_rtl_12_dspkhcrc'.
# create_bd_cell -type ip -vlnv xilinx.com:hls:StreamingMaxPool_hls_0:1.0 StreamingMaxPool_hls_0
# add_files -norecurse /home/changhong/prj/finn/notebooks/EF-US-Engine-Free-Unstructured-Sparsity-Design-Alleviates-Accelerator-Bottlenecks/casestudy1/LeNet_MNIST_BNN/tmp/unfold/code_gen_ipgen_StreamingFIFO_rtl_3_k61hxk08/Q_srl.v
# add_files -norecurse /home/changhong/prj/finn/notebooks/EF-US-Engine-Free-Unstructured-Sparsity-Design-Alleviates-Accelerator-Bottlenecks/casestudy1/LeNet_MNIST_BNN/tmp/unfold/code_gen_ipgen_StreamingFIFO_rtl_3_k61hxk08/StreamingFIFO_rtl_3.v
# create_bd_cell -type module -reference StreamingFIFO_rtl_3 StreamingFIFO_rtl_3
INFO: [IP_Flow 19-5107] Inferred bus interface 'ap_clk' of definition 'xilinx.com:signal:clock:1.0' (from X_INTERFACE_INFO parameter from HDL file).
INFO: [IP_Flow 19-5107] Inferred bus interface 'ap_clk' of definition 'xilinx.com:signal:clock:1.0' (from 'X_INTERFACE_INFO' attribute).
INFO: [IP_Flow 19-5107] Inferred bus interface 'in0_V' of definition 'xilinx.com:interface:axis:1.0' (from Xilinx Repository).
INFO: [IP_Flow 19-5107] Inferred bus interface 'out0_V' of definition 'xilinx.com:interface:axis:1.0' (from Xilinx Repository).
INFO: [IP_Flow 19-5107] Inferred bus interface 'ap_rst_n' of definition 'xilinx.com:signal:reset:1.0' (from Xilinx Repository).
INFO: [IP_Flow 19-4728] Bus Interface 'ap_rst_n': Added interface parameter 'POLARITY' with value 'ACTIVE_LOW'.
INFO: [IP_Flow 19-4728] Bus Interface 'ap_clk': Added interface parameter 'ASSOCIATED_RESET' with value 'ap_rst_n'.
INFO: [IP_Flow 19-4728] Bus Interface 'ap_clk': Added interface parameter 'ASSOCIATED_BUSIF' with value 'in0_V'.
WARNING: [IP_Flow 19-3157] Bus Interface 'ap_rst_n': Bus parameter POLARITY is ACTIVE_LOW but port 'ap_rst_n' is not *resetn - please double check the POLARITY setting.
INFO: [IP_Flow 19-234] Refreshing IP repositories
INFO: [IP_Flow 19-1700] Loaded user IP repository '/home/changhong/prj/finn/finn-rtllib/memstream'.
INFO: [IP_Flow 19-1700] Loaded user IP repository '/home/changhong/prj/finn/notebooks/EF-US-Engine-Free-Unstructured-Sparsity-Design-Alleviates-Accelerator-Bottlenecks/casestudy1/LeNet_MNIST_BNN/tmp/unfold/code_gen_ipgen_StreamingFIFO_rtl_0_1ixurobd'.
INFO: [IP_Flow 19-1700] Loaded user IP repository '/home/changhong/prj/finn/notebooks/EF-US-Engine-Free-Unstructured-Sparsity-Design-Alleviates-Accelerator-Bottlenecks/casestudy1/LeNet_MNIST_BNN/tmp/unfold/code_gen_ipgen_ConvolutionInputGenerator_rtl_0_hf_js1hg'.
INFO: [IP_Flow 19-1700] Loaded user IP repository '/home/changhong/prj/finn/notebooks/EF-US-Engine-Free-Unstructured-Sparsity-Design-Alleviates-Accelerator-Bottlenecks/casestudy1/LeNet_MNIST_BNN/tmp/unfold/code_gen_ipgen_StreamingFIFO_rtl_1_fb4l_wzg'.
INFO: [IP_Flow 19-1700] Loaded user IP repository '/home/changhong/prj/finn/notebooks/EF-US-Engine-Free-Unstructured-Sparsity-Design-Alleviates-Accelerator-Bottlenecks/casestudy1/LeNet_MNIST_BNN/tmp/unfold/code_gen_ipgen_MVAU_hls_0_viqcdo6f/project_MVAU_hls_0/sol1/impl/ip'.
INFO: [IP_Flow 19-1700] Loaded user IP repository '/home/changhong/prj/finn/notebooks/EF-US-Engine-Free-Unstructured-Sparsity-Design-Alleviates-Accelerator-Bottlenecks/casestudy1/LeNet_MNIST_BNN/tmp/unfold/code_gen_ipgen_StreamingFIFO_rtl_2_m0eum0g8'.
INFO: [IP_Flow 19-1700] Loaded user IP repository '/home/changhong/prj/finn/notebooks/EF-US-Engine-Free-Unstructured-Sparsity-Design-Alleviates-Accelerator-Bottlenecks/casestudy1/LeNet_MNIST_BNN/tmp/unfold/code_gen_ipgen_StreamingMaxPool_hls_0_nh67h6v0/project_StreamingMaxPool_hls_0/sol1/impl/ip'.
INFO: [IP_Flow 19-1700] Loaded user IP repository '/home/changhong/prj/finn/notebooks/EF-US-Engine-Free-Unstructured-Sparsity-Design-Alleviates-Accelerator-Bottlenecks/casestudy1/LeNet_MNIST_BNN/tmp/unfold/code_gen_ipgen_StreamingFIFO_rtl_3_k61hxk08'.
INFO: [IP_Flow 19-1700] Loaded user IP repository '/home/changhong/prj/finn/notebooks/EF-US-Engine-Free-Unstructured-Sparsity-Design-Alleviates-Accelerator-Bottlenecks/casestudy1/LeNet_MNIST_BNN/tmp/unfold/code_gen_ipgen_ConvolutionInputGenerator_rtl_1_3kx8a4om'.
INFO: [IP_Flow 19-1700] Loaded user IP repository '/home/changhong/prj/finn/notebooks/EF-US-Engine-Free-Unstructured-Sparsity-Design-Alleviates-Accelerator-Bottlenecks/casestudy1/LeNet_MNIST_BNN/tmp/unfold/code_gen_ipgen_StreamingFIFO_rtl_4_yl3s_69e'.
INFO: [IP_Flow 19-1700] Loaded user IP repository '/home/changhong/prj/finn/notebooks/EF-US-Engine-Free-Unstructured-Sparsity-Design-Alleviates-Accelerator-Bottlenecks/casestudy1/LeNet_MNIST_BNN/tmp/unfold/code_gen_ipgen_MVAU_hls_1_jpdinwdu/project_MVAU_hls_1/sol1/impl/ip'.
INFO: [IP_Flow 19-1700] Loaded user IP repository '/home/changhong/prj/finn/notebooks/EF-US-Engine-Free-Unstructured-Sparsity-Design-Alleviates-Accelerator-Bottlenecks/casestudy1/LeNet_MNIST_BNN/tmp/unfold/code_gen_ipgen_StreamingFIFO_rtl_5_i6lfkpt4'.
INFO: [IP_Flow 19-1700] Loaded user IP repository '/home/changhong/prj/finn/notebooks/EF-US-Engine-Free-Unstructured-Sparsity-Design-Alleviates-Accelerator-Bottlenecks/casestudy1/LeNet_MNIST_BNN/tmp/unfold/code_gen_ipgen_StreamingMaxPool_hls_1_jqsajou9/project_StreamingMaxPool_hls_1/sol1/impl/ip'.
INFO: [IP_Flow 19-1700] Loaded user IP repository '/home/changhong/prj/finn/notebooks/EF-US-Engine-Free-Unstructured-Sparsity-Design-Alleviates-Accelerator-Bottlenecks/casestudy1/LeNet_MNIST_BNN/tmp/unfold/code_gen_ipgen_StreamingFIFO_rtl_6_y7zevmo1'.
INFO: [IP_Flow 19-1700] Loaded user IP repository '/home/changhong/prj/finn/notebooks/EF-US-Engine-Free-Unstructured-Sparsity-Design-Alleviates-Accelerator-Bottlenecks/casestudy1/LeNet_MNIST_BNN/tmp/unfold/code_gen_ipgen_StreamingDataWidthConverter_rtl_0_rf7pilz2'.
INFO: [IP_Flow 19-1700] Loaded user IP repository '/home/changhong/prj/finn/notebooks/EF-US-Engine-Free-Unstructured-Sparsity-Design-Alleviates-Accelerator-Bottlenecks/casestudy1/LeNet_MNIST_BNN/tmp/unfold/code_gen_ipgen_StreamingFIFO_rtl_7_b060y_rk'.
INFO: [IP_Flow 19-1700] Loaded user IP repository '/home/changhong/prj/finn/notebooks/EF-US-Engine-Free-Unstructured-Sparsity-Design-Alleviates-Accelerator-Bottlenecks/casestudy1/LeNet_MNIST_BNN/tmp/unfold/code_gen_ipgen_ConvolutionInputGenerator_rtl_2_vb1tag1m'.
INFO: [IP_Flow 19-1700] Loaded user IP repository '/home/changhong/prj/finn/notebooks/EF-US-Engine-Free-Unstructured-Sparsity-Design-Alleviates-Accelerator-Bottlenecks/casestudy1/LeNet_MNIST_BNN/tmp/unfold/code_gen_ipgen_StreamingFIFO_rtl_8__bb9znh9'.
INFO: [IP_Flow 19-1700] Loaded user IP repository '/home/changhong/prj/finn/notebooks/EF-US-Engine-Free-Unstructured-Sparsity-Design-Alleviates-Accelerator-Bottlenecks/casestudy1/LeNet_MNIST_BNN/tmp/unfold/code_gen_ipgen_StreamingDataWidthConverter_rtl_1_7y9_ezl0'.
INFO: [IP_Flow 19-1700] Loaded user IP repository '/home/changhong/prj/finn/notebooks/EF-US-Engine-Free-Unstructured-Sparsity-Design-Alleviates-Accelerator-Bottlenecks/casestudy1/LeNet_MNIST_BNN/tmp/unfold/code_gen_ipgen_StreamingFIFO_rtl_9_k18pxc3m'.
INFO: [IP_Flow 19-1700] Loaded user IP repository '/home/changhong/prj/finn/notebooks/EF-US-Engine-Free-Unstructured-Sparsity-Design-Alleviates-Accelerator-Bottlenecks/casestudy1/LeNet_MNIST_BNN/tmp/unfold/code_gen_ipgen_MVAU_hls_2_u4m1vqer/project_MVAU_hls_2/sol1/impl/ip'.
INFO: [IP_Flow 19-1700] Loaded user IP repository '/home/changhong/prj/finn/notebooks/EF-US-Engine-Free-Unstructured-Sparsity-Design-Alleviates-Accelerator-Bottlenecks/casestudy1/LeNet_MNIST_BNN/tmp/unfold/code_gen_ipgen_StreamingFIFO_rtl_10_vvvj4k2b'.
INFO: [IP_Flow 19-1700] Loaded user IP repository '/home/changhong/prj/finn/notebooks/EF-US-Engine-Free-Unstructured-Sparsity-Design-Alleviates-Accelerator-Bottlenecks/casestudy1/LeNet_MNIST_BNN/tmp/unfold/code_gen_ipgen_MVAU_hls_3_xlwckhtm/project_MVAU_hls_3/sol1/impl/ip'.
INFO: [IP_Flow 19-1700] Loaded user IP repository '/home/changhong/prj/finn/notebooks/EF-US-Engine-Free-Unstructured-Sparsity-Design-Alleviates-Accelerator-Bottlenecks/casestudy1/LeNet_MNIST_BNN/tmp/unfold/code_gen_ipgen_StreamingFIFO_rtl_11_p37_05g4'.
INFO: [IP_Flow 19-1700] Loaded user IP repository '/home/changhong/prj/finn/notebooks/EF-US-Engine-Free-Unstructured-Sparsity-Design-Alleviates-Accelerator-Bottlenecks/casestudy1/LeNet_MNIST_BNN/tmp/unfold/code_gen_ipgen_MVAU_hls_4_7zz0ni5a/project_MVAU_hls_4/sol1/impl/ip'.
INFO: [IP_Flow 19-1700] Loaded user IP repository '/home/changhong/prj/finn/notebooks/EF-US-Engine-Free-Unstructured-Sparsity-Design-Alleviates-Accelerator-Bottlenecks/casestudy1/LeNet_MNIST_BNN/tmp/unfold/code_gen_ipgen_StreamingFIFO_rtl_12_dspkhcrc'.
# add_files -norecurse /home/changhong/prj/finn/notebooks/EF-US-Engine-Free-Unstructured-Sparsity-Design-Alleviates-Accelerator-Bottlenecks/casestudy1/LeNet_MNIST_BNN/tmp/unfold/code_gen_ipgen_ConvolutionInputGenerator_rtl_1_3kx8a4om/swg_pkg.sv
# add_files -norecurse /home/changhong/prj/finn/notebooks/EF-US-Engine-Free-Unstructured-Sparsity-Design-Alleviates-Accelerator-Bottlenecks/casestudy1/LeNet_MNIST_BNN/tmp/unfold/code_gen_ipgen_ConvolutionInputGenerator_rtl_1_3kx8a4om/ConvolutionInputGenerator_rtl_1_wrapper.v
# add_files -norecurse /home/changhong/prj/finn/notebooks/EF-US-Engine-Free-Unstructured-Sparsity-Design-Alleviates-Accelerator-Bottlenecks/casestudy1/LeNet_MNIST_BNN/tmp/unfold/code_gen_ipgen_ConvolutionInputGenerator_rtl_1_3kx8a4om/ConvolutionInputGenerator_rtl_1_impl.sv
# add_files -norecurse /home/changhong/prj/finn/notebooks/EF-US-Engine-Free-Unstructured-Sparsity-Design-Alleviates-Accelerator-Bottlenecks/casestudy1/LeNet_MNIST_BNN/tmp/unfold/code_gen_ipgen_ConvolutionInputGenerator_rtl_1_3kx8a4om/swg_common.sv
# create_bd_cell -type module -reference ConvolutionInputGenerator_rtl_1 ConvolutionInputGenerator_rtl_1
INFO: [IP_Flow 19-5107] Inferred bus interface 'ap_clk' of definition 'xilinx.com:signal:clock:1.0' (from X_INTERFACE_INFO parameter from HDL file).
INFO: [IP_Flow 19-5107] Inferred bus interface 'ap_clk' of definition 'xilinx.com:signal:clock:1.0' (from 'X_INTERFACE_INFO' attribute).
INFO: [IP_Flow 19-5107] Inferred bus interface 'in0_V' of definition 'xilinx.com:interface:axis:1.0' (from Xilinx Repository).
INFO: [IP_Flow 19-5107] Inferred bus interface 'out0_V' of definition 'xilinx.com:interface:axis:1.0' (from Xilinx Repository).
INFO: [IP_Flow 19-5107] Inferred bus interface 'ap_rst_n' of definition 'xilinx.com:signal:reset:1.0' (from Xilinx Repository).
INFO: [IP_Flow 19-4728] Bus Interface 'ap_rst_n': Added interface parameter 'POLARITY' with value 'ACTIVE_LOW'.
INFO: [IP_Flow 19-4728] Bus Interface 'ap_clk': Added interface parameter 'ASSOCIATED_RESET' with value 'ap_rst_n'.
INFO: [IP_Flow 19-4728] Bus Interface 'ap_clk': Added interface parameter 'ASSOCIATED_BUSIF' with value 'in0_V'.
INFO: [IP_Flow 19-818] Not transferring value dependency attribute "((spirit:decode(id('MODELPARAM_VALUE.BIT_WIDTH')) * spirit:decode(id('MODELPARAM_VALUE.SIMD'))) * spirit:decode(id('MODELPARAM_VALUE.MMV_IN')))" into user parameter "BUF_IN_WIDTH".
INFO: [IP_Flow 19-818] Not transferring value dependency attribute "((spirit:decode(id('MODELPARAM_VALUE.BIT_WIDTH')) * spirit:decode(id('MODELPARAM_VALUE.SIMD'))) * spirit:decode(id('MODELPARAM_VALUE.MMV_OUT')))" into user parameter "BUF_OUT_WIDTH".
WARNING: [IP_Flow 19-3157] Bus Interface 'ap_rst_n': Bus parameter POLARITY is ACTIVE_LOW but port 'ap_rst_n' is not *resetn - please double check the POLARITY setting.
INFO: [IP_Flow 19-234] Refreshing IP repositories
INFO: [IP_Flow 19-1700] Loaded user IP repository '/home/changhong/prj/finn/finn-rtllib/memstream'.
INFO: [IP_Flow 19-1700] Loaded user IP repository '/home/changhong/prj/finn/notebooks/EF-US-Engine-Free-Unstructured-Sparsity-Design-Alleviates-Accelerator-Bottlenecks/casestudy1/LeNet_MNIST_BNN/tmp/unfold/code_gen_ipgen_StreamingFIFO_rtl_0_1ixurobd'.
INFO: [IP_Flow 19-1700] Loaded user IP repository '/home/changhong/prj/finn/notebooks/EF-US-Engine-Free-Unstructured-Sparsity-Design-Alleviates-Accelerator-Bottlenecks/casestudy1/LeNet_MNIST_BNN/tmp/unfold/code_gen_ipgen_ConvolutionInputGenerator_rtl_0_hf_js1hg'.
INFO: [IP_Flow 19-1700] Loaded user IP repository '/home/changhong/prj/finn/notebooks/EF-US-Engine-Free-Unstructured-Sparsity-Design-Alleviates-Accelerator-Bottlenecks/casestudy1/LeNet_MNIST_BNN/tmp/unfold/code_gen_ipgen_StreamingFIFO_rtl_1_fb4l_wzg'.
INFO: [IP_Flow 19-1700] Loaded user IP repository '/home/changhong/prj/finn/notebooks/EF-US-Engine-Free-Unstructured-Sparsity-Design-Alleviates-Accelerator-Bottlenecks/casestudy1/LeNet_MNIST_BNN/tmp/unfold/code_gen_ipgen_MVAU_hls_0_viqcdo6f/project_MVAU_hls_0/sol1/impl/ip'.
INFO: [IP_Flow 19-1700] Loaded user IP repository '/home/changhong/prj/finn/notebooks/EF-US-Engine-Free-Unstructured-Sparsity-Design-Alleviates-Accelerator-Bottlenecks/casestudy1/LeNet_MNIST_BNN/tmp/unfold/code_gen_ipgen_StreamingFIFO_rtl_2_m0eum0g8'.
INFO: [IP_Flow 19-1700] Loaded user IP repository '/home/changhong/prj/finn/notebooks/EF-US-Engine-Free-Unstructured-Sparsity-Design-Alleviates-Accelerator-Bottlenecks/casestudy1/LeNet_MNIST_BNN/tmp/unfold/code_gen_ipgen_StreamingMaxPool_hls_0_nh67h6v0/project_StreamingMaxPool_hls_0/sol1/impl/ip'.
INFO: [IP_Flow 19-1700] Loaded user IP repository '/home/changhong/prj/finn/notebooks/EF-US-Engine-Free-Unstructured-Sparsity-Design-Alleviates-Accelerator-Bottlenecks/casestudy1/LeNet_MNIST_BNN/tmp/unfold/code_gen_ipgen_StreamingFIFO_rtl_3_k61hxk08'.
INFO: [IP_Flow 19-1700] Loaded user IP repository '/home/changhong/prj/finn/notebooks/EF-US-Engine-Free-Unstructured-Sparsity-Design-Alleviates-Accelerator-Bottlenecks/casestudy1/LeNet_MNIST_BNN/tmp/unfold/code_gen_ipgen_ConvolutionInputGenerator_rtl_1_3kx8a4om'.
INFO: [IP_Flow 19-1700] Loaded user IP repository '/home/changhong/prj/finn/notebooks/EF-US-Engine-Free-Unstructured-Sparsity-Design-Alleviates-Accelerator-Bottlenecks/casestudy1/LeNet_MNIST_BNN/tmp/unfold/code_gen_ipgen_StreamingFIFO_rtl_4_yl3s_69e'.
INFO: [IP_Flow 19-1700] Loaded user IP repository '/home/changhong/prj/finn/notebooks/EF-US-Engine-Free-Unstructured-Sparsity-Design-Alleviates-Accelerator-Bottlenecks/casestudy1/LeNet_MNIST_BNN/tmp/unfold/code_gen_ipgen_MVAU_hls_1_jpdinwdu/project_MVAU_hls_1/sol1/impl/ip'.
INFO: [IP_Flow 19-1700] Loaded user IP repository '/home/changhong/prj/finn/notebooks/EF-US-Engine-Free-Unstructured-Sparsity-Design-Alleviates-Accelerator-Bottlenecks/casestudy1/LeNet_MNIST_BNN/tmp/unfold/code_gen_ipgen_StreamingFIFO_rtl_5_i6lfkpt4'.
INFO: [IP_Flow 19-1700] Loaded user IP repository '/home/changhong/prj/finn/notebooks/EF-US-Engine-Free-Unstructured-Sparsity-Design-Alleviates-Accelerator-Bottlenecks/casestudy1/LeNet_MNIST_BNN/tmp/unfold/code_gen_ipgen_StreamingMaxPool_hls_1_jqsajou9/project_StreamingMaxPool_hls_1/sol1/impl/ip'.
INFO: [IP_Flow 19-1700] Loaded user IP repository '/home/changhong/prj/finn/notebooks/EF-US-Engine-Free-Unstructured-Sparsity-Design-Alleviates-Accelerator-Bottlenecks/casestudy1/LeNet_MNIST_BNN/tmp/unfold/code_gen_ipgen_StreamingFIFO_rtl_6_y7zevmo1'.
INFO: [IP_Flow 19-1700] Loaded user IP repository '/home/changhong/prj/finn/notebooks/EF-US-Engine-Free-Unstructured-Sparsity-Design-Alleviates-Accelerator-Bottlenecks/casestudy1/LeNet_MNIST_BNN/tmp/unfold/code_gen_ipgen_StreamingDataWidthConverter_rtl_0_rf7pilz2'.
INFO: [IP_Flow 19-1700] Loaded user IP repository '/home/changhong/prj/finn/notebooks/EF-US-Engine-Free-Unstructured-Sparsity-Design-Alleviates-Accelerator-Bottlenecks/casestudy1/LeNet_MNIST_BNN/tmp/unfold/code_gen_ipgen_StreamingFIFO_rtl_7_b060y_rk'.
INFO: [IP_Flow 19-1700] Loaded user IP repository '/home/changhong/prj/finn/notebooks/EF-US-Engine-Free-Unstructured-Sparsity-Design-Alleviates-Accelerator-Bottlenecks/casestudy1/LeNet_MNIST_BNN/tmp/unfold/code_gen_ipgen_ConvolutionInputGenerator_rtl_2_vb1tag1m'.
INFO: [IP_Flow 19-1700] Loaded user IP repository '/home/changhong/prj/finn/notebooks/EF-US-Engine-Free-Unstructured-Sparsity-Design-Alleviates-Accelerator-Bottlenecks/casestudy1/LeNet_MNIST_BNN/tmp/unfold/code_gen_ipgen_StreamingFIFO_rtl_8__bb9znh9'.
INFO: [IP_Flow 19-1700] Loaded user IP repository '/home/changhong/prj/finn/notebooks/EF-US-Engine-Free-Unstructured-Sparsity-Design-Alleviates-Accelerator-Bottlenecks/casestudy1/LeNet_MNIST_BNN/tmp/unfold/code_gen_ipgen_StreamingDataWidthConverter_rtl_1_7y9_ezl0'.
INFO: [IP_Flow 19-1700] Loaded user IP repository '/home/changhong/prj/finn/notebooks/EF-US-Engine-Free-Unstructured-Sparsity-Design-Alleviates-Accelerator-Bottlenecks/casestudy1/LeNet_MNIST_BNN/tmp/unfold/code_gen_ipgen_StreamingFIFO_rtl_9_k18pxc3m'.
INFO: [IP_Flow 19-1700] Loaded user IP repository '/home/changhong/prj/finn/notebooks/EF-US-Engine-Free-Unstructured-Sparsity-Design-Alleviates-Accelerator-Bottlenecks/casestudy1/LeNet_MNIST_BNN/tmp/unfold/code_gen_ipgen_MVAU_hls_2_u4m1vqer/project_MVAU_hls_2/sol1/impl/ip'.
INFO: [IP_Flow 19-1700] Loaded user IP repository '/home/changhong/prj/finn/notebooks/EF-US-Engine-Free-Unstructured-Sparsity-Design-Alleviates-Accelerator-Bottlenecks/casestudy1/LeNet_MNIST_BNN/tmp/unfold/code_gen_ipgen_StreamingFIFO_rtl_10_vvvj4k2b'.
INFO: [IP_Flow 19-1700] Loaded user IP repository '/home/changhong/prj/finn/notebooks/EF-US-Engine-Free-Unstructured-Sparsity-Design-Alleviates-Accelerator-Bottlenecks/casestudy1/LeNet_MNIST_BNN/tmp/unfold/code_gen_ipgen_MVAU_hls_3_xlwckhtm/project_MVAU_hls_3/sol1/impl/ip'.
INFO: [IP_Flow 19-1700] Loaded user IP repository '/home/changhong/prj/finn/notebooks/EF-US-Engine-Free-Unstructured-Sparsity-Design-Alleviates-Accelerator-Bottlenecks/casestudy1/LeNet_MNIST_BNN/tmp/unfold/code_gen_ipgen_StreamingFIFO_rtl_11_p37_05g4'.
INFO: [IP_Flow 19-1700] Loaded user IP repository '/home/changhong/prj/finn/notebooks/EF-US-Engine-Free-Unstructured-Sparsity-Design-Alleviates-Accelerator-Bottlenecks/casestudy1/LeNet_MNIST_BNN/tmp/unfold/code_gen_ipgen_MVAU_hls_4_7zz0ni5a/project_MVAU_hls_4/sol1/impl/ip'.
INFO: [IP_Flow 19-1700] Loaded user IP repository '/home/changhong/prj/finn/notebooks/EF-US-Engine-Free-Unstructured-Sparsity-Design-Alleviates-Accelerator-Bottlenecks/casestudy1/LeNet_MNIST_BNN/tmp/unfold/code_gen_ipgen_StreamingFIFO_rtl_12_dspkhcrc'.
WARNING: [IP_Flow 19-3571] IP 'finn_design_ConvolutionInputGenerator_rtl_1_0' is restricted:
* Detected changes to module reference file(s).
# add_files -norecurse /home/changhong/prj/finn/notebooks/EF-US-Engine-Free-Unstructured-Sparsity-Design-Alleviates-Accelerator-Bottlenecks/casestudy1/LeNet_MNIST_BNN/tmp/unfold/code_gen_ipgen_StreamingFIFO_rtl_4_yl3s_69e/Q_srl.v
# add_files -norecurse /home/changhong/prj/finn/notebooks/EF-US-Engine-Free-Unstructured-Sparsity-Design-Alleviates-Accelerator-Bottlenecks/casestudy1/LeNet_MNIST_BNN/tmp/unfold/code_gen_ipgen_StreamingFIFO_rtl_4_yl3s_69e/StreamingFIFO_rtl_4.v
# create_bd_cell -type module -reference StreamingFIFO_rtl_4 StreamingFIFO_rtl_4
INFO: [IP_Flow 19-5107] Inferred bus interface 'ap_clk' of definition 'xilinx.com:signal:clock:1.0' (from X_INTERFACE_INFO parameter from HDL file).
INFO: [IP_Flow 19-5107] Inferred bus interface 'ap_clk' of definition 'xilinx.com:signal:clock:1.0' (from 'X_INTERFACE_INFO' attribute).
INFO: [IP_Flow 19-5107] Inferred bus interface 'in0_V' of definition 'xilinx.com:interface:axis:1.0' (from Xilinx Repository).
INFO: [IP_Flow 19-5107] Inferred bus interface 'out0_V' of definition 'xilinx.com:interface:axis:1.0' (from Xilinx Repository).
INFO: [IP_Flow 19-5107] Inferred bus interface 'ap_rst_n' of definition 'xilinx.com:signal:reset:1.0' (from Xilinx Repository).
INFO: [IP_Flow 19-4728] Bus Interface 'ap_rst_n': Added interface parameter 'POLARITY' with value 'ACTIVE_LOW'.
INFO: [IP_Flow 19-4728] Bus Interface 'ap_clk': Added interface parameter 'ASSOCIATED_RESET' with value 'ap_rst_n'.
INFO: [IP_Flow 19-4728] Bus Interface 'ap_clk': Added interface parameter 'ASSOCIATED_BUSIF' with value 'in0_V'.
WARNING: [IP_Flow 19-3157] Bus Interface 'ap_rst_n': Bus parameter POLARITY is ACTIVE_LOW but port 'ap_rst_n' is not *resetn - please double check the POLARITY setting.
INFO: [IP_Flow 19-234] Refreshing IP repositories
INFO: [IP_Flow 19-1700] Loaded user IP repository '/home/changhong/prj/finn/finn-rtllib/memstream'.
INFO: [IP_Flow 19-1700] Loaded user IP repository '/home/changhong/prj/finn/notebooks/EF-US-Engine-Free-Unstructured-Sparsity-Design-Alleviates-Accelerator-Bottlenecks/casestudy1/LeNet_MNIST_BNN/tmp/unfold/code_gen_ipgen_StreamingFIFO_rtl_0_1ixurobd'.
INFO: [IP_Flow 19-1700] Loaded user IP repository '/home/changhong/prj/finn/notebooks/EF-US-Engine-Free-Unstructured-Sparsity-Design-Alleviates-Accelerator-Bottlenecks/casestudy1/LeNet_MNIST_BNN/tmp/unfold/code_gen_ipgen_ConvolutionInputGenerator_rtl_0_hf_js1hg'.
INFO: [IP_Flow 19-1700] Loaded user IP repository '/home/changhong/prj/finn/notebooks/EF-US-Engine-Free-Unstructured-Sparsity-Design-Alleviates-Accelerator-Bottlenecks/casestudy1/LeNet_MNIST_BNN/tmp/unfold/code_gen_ipgen_StreamingFIFO_rtl_1_fb4l_wzg'.
INFO: [IP_Flow 19-1700] Loaded user IP repository '/home/changhong/prj/finn/notebooks/EF-US-Engine-Free-Unstructured-Sparsity-Design-Alleviates-Accelerator-Bottlenecks/casestudy1/LeNet_MNIST_BNN/tmp/unfold/code_gen_ipgen_MVAU_hls_0_viqcdo6f/project_MVAU_hls_0/sol1/impl/ip'.
INFO: [IP_Flow 19-1700] Loaded user IP repository '/home/changhong/prj/finn/notebooks/EF-US-Engine-Free-Unstructured-Sparsity-Design-Alleviates-Accelerator-Bottlenecks/casestudy1/LeNet_MNIST_BNN/tmp/unfold/code_gen_ipgen_StreamingFIFO_rtl_2_m0eum0g8'.
INFO: [IP_Flow 19-1700] Loaded user IP repository '/home/changhong/prj/finn/notebooks/EF-US-Engine-Free-Unstructured-Sparsity-Design-Alleviates-Accelerator-Bottlenecks/casestudy1/LeNet_MNIST_BNN/tmp/unfold/code_gen_ipgen_StreamingMaxPool_hls_0_nh67h6v0/project_StreamingMaxPool_hls_0/sol1/impl/ip'.
INFO: [IP_Flow 19-1700] Loaded user IP repository '/home/changhong/prj/finn/notebooks/EF-US-Engine-Free-Unstructured-Sparsity-Design-Alleviates-Accelerator-Bottlenecks/casestudy1/LeNet_MNIST_BNN/tmp/unfold/code_gen_ipgen_StreamingFIFO_rtl_3_k61hxk08'.
INFO: [IP_Flow 19-1700] Loaded user IP repository '/home/changhong/prj/finn/notebooks/EF-US-Engine-Free-Unstructured-Sparsity-Design-Alleviates-Accelerator-Bottlenecks/casestudy1/LeNet_MNIST_BNN/tmp/unfold/code_gen_ipgen_ConvolutionInputGenerator_rtl_1_3kx8a4om'.
INFO: [IP_Flow 19-1700] Loaded user IP repository '/home/changhong/prj/finn/notebooks/EF-US-Engine-Free-Unstructured-Sparsity-Design-Alleviates-Accelerator-Bottlenecks/casestudy1/LeNet_MNIST_BNN/tmp/unfold/code_gen_ipgen_StreamingFIFO_rtl_4_yl3s_69e'.
INFO: [IP_Flow 19-1700] Loaded user IP repository '/home/changhong/prj/finn/notebooks/EF-US-Engine-Free-Unstructured-Sparsity-Design-Alleviates-Accelerator-Bottlenecks/casestudy1/LeNet_MNIST_BNN/tmp/unfold/code_gen_ipgen_MVAU_hls_1_jpdinwdu/project_MVAU_hls_1/sol1/impl/ip'.
INFO: [IP_Flow 19-1700] Loaded user IP repository '/home/changhong/prj/finn/notebooks/EF-US-Engine-Free-Unstructured-Sparsity-Design-Alleviates-Accelerator-Bottlenecks/casestudy1/LeNet_MNIST_BNN/tmp/unfold/code_gen_ipgen_StreamingFIFO_rtl_5_i6lfkpt4'.
INFO: [IP_Flow 19-1700] Loaded user IP repository '/home/changhong/prj/finn/notebooks/EF-US-Engine-Free-Unstructured-Sparsity-Design-Alleviates-Accelerator-Bottlenecks/casestudy1/LeNet_MNIST_BNN/tmp/unfold/code_gen_ipgen_StreamingMaxPool_hls_1_jqsajou9/project_StreamingMaxPool_hls_1/sol1/impl/ip'.
INFO: [IP_Flow 19-1700] Loaded user IP repository '/home/changhong/prj/finn/notebooks/EF-US-Engine-Free-Unstructured-Sparsity-Design-Alleviates-Accelerator-Bottlenecks/casestudy1/LeNet_MNIST_BNN/tmp/unfold/code_gen_ipgen_StreamingFIFO_rtl_6_y7zevmo1'.
INFO: [IP_Flow 19-1700] Loaded user IP repository '/home/changhong/prj/finn/notebooks/EF-US-Engine-Free-Unstructured-Sparsity-Design-Alleviates-Accelerator-Bottlenecks/casestudy1/LeNet_MNIST_BNN/tmp/unfold/code_gen_ipgen_StreamingDataWidthConverter_rtl_0_rf7pilz2'.
INFO: [IP_Flow 19-1700] Loaded user IP repository '/home/changhong/prj/finn/notebooks/EF-US-Engine-Free-Unstructured-Sparsity-Design-Alleviates-Accelerator-Bottlenecks/casestudy1/LeNet_MNIST_BNN/tmp/unfold/code_gen_ipgen_StreamingFIFO_rtl_7_b060y_rk'.
INFO: [IP_Flow 19-1700] Loaded user IP repository '/home/changhong/prj/finn/notebooks/EF-US-Engine-Free-Unstructured-Sparsity-Design-Alleviates-Accelerator-Bottlenecks/casestudy1/LeNet_MNIST_BNN/tmp/unfold/code_gen_ipgen_ConvolutionInputGenerator_rtl_2_vb1tag1m'.
INFO: [IP_Flow 19-1700] Loaded user IP repository '/home/changhong/prj/finn/notebooks/EF-US-Engine-Free-Unstructured-Sparsity-Design-Alleviates-Accelerator-Bottlenecks/casestudy1/LeNet_MNIST_BNN/tmp/unfold/code_gen_ipgen_StreamingFIFO_rtl_8__bb9znh9'.
INFO: [IP_Flow 19-1700] Loaded user IP repository '/home/changhong/prj/finn/notebooks/EF-US-Engine-Free-Unstructured-Sparsity-Design-Alleviates-Accelerator-Bottlenecks/casestudy1/LeNet_MNIST_BNN/tmp/unfold/code_gen_ipgen_StreamingDataWidthConverter_rtl_1_7y9_ezl0'.
INFO: [IP_Flow 19-1700] Loaded user IP repository '/home/changhong/prj/finn/notebooks/EF-US-Engine-Free-Unstructured-Sparsity-Design-Alleviates-Accelerator-Bottlenecks/casestudy1/LeNet_MNIST_BNN/tmp/unfold/code_gen_ipgen_StreamingFIFO_rtl_9_k18pxc3m'.
INFO: [IP_Flow 19-1700] Loaded user IP repository '/home/changhong/prj/finn/notebooks/EF-US-Engine-Free-Unstructured-Sparsity-Design-Alleviates-Accelerator-Bottlenecks/casestudy1/LeNet_MNIST_BNN/tmp/unfold/code_gen_ipgen_MVAU_hls_2_u4m1vqer/project_MVAU_hls_2/sol1/impl/ip'.
INFO: [IP_Flow 19-1700] Loaded user IP repository '/home/changhong/prj/finn/notebooks/EF-US-Engine-Free-Unstructured-Sparsity-Design-Alleviates-Accelerator-Bottlenecks/casestudy1/LeNet_MNIST_BNN/tmp/unfold/code_gen_ipgen_StreamingFIFO_rtl_10_vvvj4k2b'.
INFO: [IP_Flow 19-1700] Loaded user IP repository '/home/changhong/prj/finn/notebooks/EF-US-Engine-Free-Unstructured-Sparsity-Design-Alleviates-Accelerator-Bottlenecks/casestudy1/LeNet_MNIST_BNN/tmp/unfold/code_gen_ipgen_MVAU_hls_3_xlwckhtm/project_MVAU_hls_3/sol1/impl/ip'.
INFO: [IP_Flow 19-1700] Loaded user IP repository '/home/changhong/prj/finn/notebooks/EF-US-Engine-Free-Unstructured-Sparsity-Design-Alleviates-Accelerator-Bottlenecks/casestudy1/LeNet_MNIST_BNN/tmp/unfold/code_gen_ipgen_StreamingFIFO_rtl_11_p37_05g4'.
INFO: [IP_Flow 19-1700] Loaded user IP repository '/home/changhong/prj/finn/notebooks/EF-US-Engine-Free-Unstructured-Sparsity-Design-Alleviates-Accelerator-Bottlenecks/casestudy1/LeNet_MNIST_BNN/tmp/unfold/code_gen_ipgen_MVAU_hls_4_7zz0ni5a/project_MVAU_hls_4/sol1/impl/ip'.
INFO: [IP_Flow 19-1700] Loaded user IP repository '/home/changhong/prj/finn/notebooks/EF-US-Engine-Free-Unstructured-Sparsity-Design-Alleviates-Accelerator-Bottlenecks/casestudy1/LeNet_MNIST_BNN/tmp/unfold/code_gen_ipgen_StreamingFIFO_rtl_12_dspkhcrc'.
WARNING: [IP_Flow 19-3571] IP 'finn_design_StreamingFIFO_rtl_4_0' is restricted:
* Detected changes to module reference file(s).
# file mkdir ./ip/verilog/rtl_ops/MVAU_hls_1
# create_bd_cell -type ip -vlnv xilinx.com:hls:MVAU_hls_1:1.0 MVAU_hls_1
# add_files -norecurse /home/changhong/prj/finn/notebooks/EF-US-Engine-Free-Unstructured-Sparsity-Design-Alleviates-Accelerator-Bottlenecks/casestudy1/LeNet_MNIST_BNN/tmp/unfold/code_gen_ipgen_StreamingFIFO_rtl_5_i6lfkpt4/Q_srl.v
# add_files -norecurse /home/changhong/prj/finn/notebooks/EF-US-Engine-Free-Unstructured-Sparsity-Design-Alleviates-Accelerator-Bottlenecks/casestudy1/LeNet_MNIST_BNN/tmp/unfold/code_gen_ipgen_StreamingFIFO_rtl_5_i6lfkpt4/StreamingFIFO_rtl_5.v
# create_bd_cell -type module -reference StreamingFIFO_rtl_5 StreamingFIFO_rtl_5
INFO: [IP_Flow 19-5107] Inferred bus interface 'ap_clk' of definition 'xilinx.com:signal:clock:1.0' (from X_INTERFACE_INFO parameter from HDL file).
INFO: [IP_Flow 19-5107] Inferred bus interface 'ap_clk' of definition 'xilinx.com:signal:clock:1.0' (from 'X_INTERFACE_INFO' attribute).
INFO: [IP_Flow 19-5107] Inferred bus interface 'in0_V' of definition 'xilinx.com:interface:axis:1.0' (from Xilinx Repository).
INFO: [IP_Flow 19-5107] Inferred bus interface 'out0_V' of definition 'xilinx.com:interface:axis:1.0' (from Xilinx Repository).
INFO: [IP_Flow 19-5107] Inferred bus interface 'ap_rst_n' of definition 'xilinx.com:signal:reset:1.0' (from Xilinx Repository).
INFO: [IP_Flow 19-4728] Bus Interface 'ap_rst_n': Added interface parameter 'POLARITY' with value 'ACTIVE_LOW'.
INFO: [IP_Flow 19-4728] Bus Interface 'ap_clk': Added interface parameter 'ASSOCIATED_RESET' with value 'ap_rst_n'.
INFO: [IP_Flow 19-4728] Bus Interface 'ap_clk': Added interface parameter 'ASSOCIATED_BUSIF' with value 'in0_V'.
WARNING: [IP_Flow 19-3157] Bus Interface 'ap_rst_n': Bus parameter POLARITY is ACTIVE_LOW but port 'ap_rst_n' is not *resetn - please double check the POLARITY setting.
INFO: [IP_Flow 19-234] Refreshing IP repositories
INFO: [IP_Flow 19-1700] Loaded user IP repository '/home/changhong/prj/finn/finn-rtllib/memstream'.
INFO: [IP_Flow 19-1700] Loaded user IP repository '/home/changhong/prj/finn/notebooks/EF-US-Engine-Free-Unstructured-Sparsity-Design-Alleviates-Accelerator-Bottlenecks/casestudy1/LeNet_MNIST_BNN/tmp/unfold/code_gen_ipgen_StreamingFIFO_rtl_0_1ixurobd'.
INFO: [IP_Flow 19-1700] Loaded user IP repository '/home/changhong/prj/finn/notebooks/EF-US-Engine-Free-Unstructured-Sparsity-Design-Alleviates-Accelerator-Bottlenecks/casestudy1/LeNet_MNIST_BNN/tmp/unfold/code_gen_ipgen_ConvolutionInputGenerator_rtl_0_hf_js1hg'.
INFO: [IP_Flow 19-1700] Loaded user IP repository '/home/changhong/prj/finn/notebooks/EF-US-Engine-Free-Unstructured-Sparsity-Design-Alleviates-Accelerator-Bottlenecks/casestudy1/LeNet_MNIST_BNN/tmp/unfold/code_gen_ipgen_StreamingFIFO_rtl_1_fb4l_wzg'.
INFO: [IP_Flow 19-1700] Loaded user IP repository '/home/changhong/prj/finn/notebooks/EF-US-Engine-Free-Unstructured-Sparsity-Design-Alleviates-Accelerator-Bottlenecks/casestudy1/LeNet_MNIST_BNN/tmp/unfold/code_gen_ipgen_MVAU_hls_0_viqcdo6f/project_MVAU_hls_0/sol1/impl/ip'.
INFO: [IP_Flow 19-1700] Loaded user IP repository '/home/changhong/prj/finn/notebooks/EF-US-Engine-Free-Unstructured-Sparsity-Design-Alleviates-Accelerator-Bottlenecks/casestudy1/LeNet_MNIST_BNN/tmp/unfold/code_gen_ipgen_StreamingFIFO_rtl_2_m0eum0g8'.
INFO: [IP_Flow 19-1700] Loaded user IP repository '/home/changhong/prj/finn/notebooks/EF-US-Engine-Free-Unstructured-Sparsity-Design-Alleviates-Accelerator-Bottlenecks/casestudy1/LeNet_MNIST_BNN/tmp/unfold/code_gen_ipgen_StreamingMaxPool_hls_0_nh67h6v0/project_StreamingMaxPool_hls_0/sol1/impl/ip'.
INFO: [IP_Flow 19-1700] Loaded user IP repository '/home/changhong/prj/finn/notebooks/EF-US-Engine-Free-Unstructured-Sparsity-Design-Alleviates-Accelerator-Bottlenecks/casestudy1/LeNet_MNIST_BNN/tmp/unfold/code_gen_ipgen_StreamingFIFO_rtl_3_k61hxk08'.
INFO: [IP_Flow 19-1700] Loaded user IP repository '/home/changhong/prj/finn/notebooks/EF-US-Engine-Free-Unstructured-Sparsity-Design-Alleviates-Accelerator-Bottlenecks/casestudy1/LeNet_MNIST_BNN/tmp/unfold/code_gen_ipgen_ConvolutionInputGenerator_rtl_1_3kx8a4om'.
INFO: [IP_Flow 19-1700] Loaded user IP repository '/home/changhong/prj/finn/notebooks/EF-US-Engine-Free-Unstructured-Sparsity-Design-Alleviates-Accelerator-Bottlenecks/casestudy1/LeNet_MNIST_BNN/tmp/unfold/code_gen_ipgen_StreamingFIFO_rtl_4_yl3s_69e'.
INFO: [IP_Flow 19-1700] Loaded user IP repository '/home/changhong/prj/finn/notebooks/EF-US-Engine-Free-Unstructured-Sparsity-Design-Alleviates-Accelerator-Bottlenecks/casestudy1/LeNet_MNIST_BNN/tmp/unfold/code_gen_ipgen_MVAU_hls_1_jpdinwdu/project_MVAU_hls_1/sol1/impl/ip'.
INFO: [IP_Flow 19-1700] Loaded user IP repository '/home/changhong/prj/finn/notebooks/EF-US-Engine-Free-Unstructured-Sparsity-Design-Alleviates-Accelerator-Bottlenecks/casestudy1/LeNet_MNIST_BNN/tmp/unfold/code_gen_ipgen_StreamingFIFO_rtl_5_i6lfkpt4'.
INFO: [IP_Flow 19-1700] Loaded user IP repository '/home/changhong/prj/finn/notebooks/EF-US-Engine-Free-Unstructured-Sparsity-Design-Alleviates-Accelerator-Bottlenecks/casestudy1/LeNet_MNIST_BNN/tmp/unfold/code_gen_ipgen_StreamingMaxPool_hls_1_jqsajou9/project_StreamingMaxPool_hls_1/sol1/impl/ip'.
INFO: [IP_Flow 19-1700] Loaded user IP repository '/home/changhong/prj/finn/notebooks/EF-US-Engine-Free-Unstructured-Sparsity-Design-Alleviates-Accelerator-Bottlenecks/casestudy1/LeNet_MNIST_BNN/tmp/unfold/code_gen_ipgen_StreamingFIFO_rtl_6_y7zevmo1'.
INFO: [IP_Flow 19-1700] Loaded user IP repository '/home/changhong/prj/finn/notebooks/EF-US-Engine-Free-Unstructured-Sparsity-Design-Alleviates-Accelerator-Bottlenecks/casestudy1/LeNet_MNIST_BNN/tmp/unfold/code_gen_ipgen_StreamingDataWidthConverter_rtl_0_rf7pilz2'.
INFO: [IP_Flow 19-1700] Loaded user IP repository '/home/changhong/prj/finn/notebooks/EF-US-Engine-Free-Unstructured-Sparsity-Design-Alleviates-Accelerator-Bottlenecks/casestudy1/LeNet_MNIST_BNN/tmp/unfold/code_gen_ipgen_StreamingFIFO_rtl_7_b060y_rk'.
INFO: [IP_Flow 19-1700] Loaded user IP repository '/home/changhong/prj/finn/notebooks/EF-US-Engine-Free-Unstructured-Sparsity-Design-Alleviates-Accelerator-Bottlenecks/casestudy1/LeNet_MNIST_BNN/tmp/unfold/code_gen_ipgen_ConvolutionInputGenerator_rtl_2_vb1tag1m'.
INFO: [IP_Flow 19-1700] Loaded user IP repository '/home/changhong/prj/finn/notebooks/EF-US-Engine-Free-Unstructured-Sparsity-Design-Alleviates-Accelerator-Bottlenecks/casestudy1/LeNet_MNIST_BNN/tmp/unfold/code_gen_ipgen_StreamingFIFO_rtl_8__bb9znh9'.
INFO: [IP_Flow 19-1700] Loaded user IP repository '/home/changhong/prj/finn/notebooks/EF-US-Engine-Free-Unstructured-Sparsity-Design-Alleviates-Accelerator-Bottlenecks/casestudy1/LeNet_MNIST_BNN/tmp/unfold/code_gen_ipgen_StreamingDataWidthConverter_rtl_1_7y9_ezl0'.
INFO: [IP_Flow 19-1700] Loaded user IP repository '/home/changhong/prj/finn/notebooks/EF-US-Engine-Free-Unstructured-Sparsity-Design-Alleviates-Accelerator-Bottlenecks/casestudy1/LeNet_MNIST_BNN/tmp/unfold/code_gen_ipgen_StreamingFIFO_rtl_9_k18pxc3m'.
INFO: [IP_Flow 19-1700] Loaded user IP repository '/home/changhong/prj/finn/notebooks/EF-US-Engine-Free-Unstructured-Sparsity-Design-Alleviates-Accelerator-Bottlenecks/casestudy1/LeNet_MNIST_BNN/tmp/unfold/code_gen_ipgen_MVAU_hls_2_u4m1vqer/project_MVAU_hls_2/sol1/impl/ip'.
INFO: [IP_Flow 19-1700] Loaded user IP repository '/home/changhong/prj/finn/notebooks/EF-US-Engine-Free-Unstructured-Sparsity-Design-Alleviates-Accelerator-Bottlenecks/casestudy1/LeNet_MNIST_BNN/tmp/unfold/code_gen_ipgen_StreamingFIFO_rtl_10_vvvj4k2b'.
INFO: [IP_Flow 19-1700] Loaded user IP repository '/home/changhong/prj/finn/notebooks/EF-US-Engine-Free-Unstructured-Sparsity-Design-Alleviates-Accelerator-Bottlenecks/casestudy1/LeNet_MNIST_BNN/tmp/unfold/code_gen_ipgen_MVAU_hls_3_xlwckhtm/project_MVAU_hls_3/sol1/impl/ip'.
INFO: [IP_Flow 19-1700] Loaded user IP repository '/home/changhong/prj/finn/notebooks/EF-US-Engine-Free-Unstructured-Sparsity-Design-Alleviates-Accelerator-Bottlenecks/casestudy1/LeNet_MNIST_BNN/tmp/unfold/code_gen_ipgen_StreamingFIFO_rtl_11_p37_05g4'.
INFO: [IP_Flow 19-1700] Loaded user IP repository '/home/changhong/prj/finn/notebooks/EF-US-Engine-Free-Unstructured-Sparsity-Design-Alleviates-Accelerator-Bottlenecks/casestudy1/LeNet_MNIST_BNN/tmp/unfold/code_gen_ipgen_MVAU_hls_4_7zz0ni5a/project_MVAU_hls_4/sol1/impl/ip'.
INFO: [IP_Flow 19-1700] Loaded user IP repository '/home/changhong/prj/finn/notebooks/EF-US-Engine-Free-Unstructured-Sparsity-Design-Alleviates-Accelerator-Bottlenecks/casestudy1/LeNet_MNIST_BNN/tmp/unfold/code_gen_ipgen_StreamingFIFO_rtl_12_dspkhcrc'.
WARNING: [IP_Flow 19-3571] IP 'finn_design_StreamingFIFO_rtl_5_0' is restricted:
* Detected changes to module reference file(s).
# create_bd_cell -type ip -vlnv xilinx.com:hls:StreamingMaxPool_hls_1:1.0 StreamingMaxPool_hls_1
# add_files -norecurse /home/changhong/prj/finn/notebooks/EF-US-Engine-Free-Unstructured-Sparsity-Design-Alleviates-Accelerator-Bottlenecks/casestudy1/LeNet_MNIST_BNN/tmp/unfold/code_gen_ipgen_StreamingFIFO_rtl_6_y7zevmo1/Q_srl.v
# add_files -norecurse /home/changhong/prj/finn/notebooks/EF-US-Engine-Free-Unstructured-Sparsity-Design-Alleviates-Accelerator-Bottlenecks/casestudy1/LeNet_MNIST_BNN/tmp/unfold/code_gen_ipgen_StreamingFIFO_rtl_6_y7zevmo1/StreamingFIFO_rtl_6.v
# create_bd_cell -type module -reference StreamingFIFO_rtl_6 StreamingFIFO_rtl_6
INFO: [IP_Flow 19-5107] Inferred bus interface 'ap_clk' of definition 'xilinx.com:signal:clock:1.0' (from X_INTERFACE_INFO parameter from HDL file).
INFO: [IP_Flow 19-5107] Inferred bus interface 'ap_clk' of definition 'xilinx.com:signal:clock:1.0' (from 'X_INTERFACE_INFO' attribute).
INFO: [IP_Flow 19-5107] Inferred bus interface 'in0_V' of definition 'xilinx.com:interface:axis:1.0' (from Xilinx Repository).
INFO: [IP_Flow 19-5107] Inferred bus interface 'out0_V' of definition 'xilinx.com:interface:axis:1.0' (from Xilinx Repository).
INFO: [IP_Flow 19-5107] Inferred bus interface 'ap_rst_n' of definition 'xilinx.com:signal:reset:1.0' (from Xilinx Repository).
INFO: [IP_Flow 19-4728] Bus Interface 'ap_rst_n': Added interface parameter 'POLARITY' with value 'ACTIVE_LOW'.
INFO: [IP_Flow 19-4728] Bus Interface 'ap_clk': Added interface parameter 'ASSOCIATED_RESET' with value 'ap_rst_n'.
INFO: [IP_Flow 19-4728] Bus Interface 'ap_clk': Added interface parameter 'ASSOCIATED_BUSIF' with value 'in0_V'.
WARNING: [IP_Flow 19-3157] Bus Interface 'ap_rst_n': Bus parameter POLARITY is ACTIVE_LOW but port 'ap_rst_n' is not *resetn - please double check the POLARITY setting.
INFO: [IP_Flow 19-234] Refreshing IP repositories
INFO: [IP_Flow 19-1700] Loaded user IP repository '/home/changhong/prj/finn/finn-rtllib/memstream'.
INFO: [IP_Flow 19-1700] Loaded user IP repository '/home/changhong/prj/finn/notebooks/EF-US-Engine-Free-Unstructured-Sparsity-Design-Alleviates-Accelerator-Bottlenecks/casestudy1/LeNet_MNIST_BNN/tmp/unfold/code_gen_ipgen_StreamingFIFO_rtl_0_1ixurobd'.
INFO: [IP_Flow 19-1700] Loaded user IP repository '/home/changhong/prj/finn/notebooks/EF-US-Engine-Free-Unstructured-Sparsity-Design-Alleviates-Accelerator-Bottlenecks/casestudy1/LeNet_MNIST_BNN/tmp/unfold/code_gen_ipgen_ConvolutionInputGenerator_rtl_0_hf_js1hg'.
INFO: [IP_Flow 19-1700] Loaded user IP repository '/home/changhong/prj/finn/notebooks/EF-US-Engine-Free-Unstructured-Sparsity-Design-Alleviates-Accelerator-Bottlenecks/casestudy1/LeNet_MNIST_BNN/tmp/unfold/code_gen_ipgen_StreamingFIFO_rtl_1_fb4l_wzg'.
INFO: [IP_Flow 19-1700] Loaded user IP repository '/home/changhong/prj/finn/notebooks/EF-US-Engine-Free-Unstructured-Sparsity-Design-Alleviates-Accelerator-Bottlenecks/casestudy1/LeNet_MNIST_BNN/tmp/unfold/code_gen_ipgen_MVAU_hls_0_viqcdo6f/project_MVAU_hls_0/sol1/impl/ip'.
INFO: [IP_Flow 19-1700] Loaded user IP repository '/home/changhong/prj/finn/notebooks/EF-US-Engine-Free-Unstructured-Sparsity-Design-Alleviates-Accelerator-Bottlenecks/casestudy1/LeNet_MNIST_BNN/tmp/unfold/code_gen_ipgen_StreamingFIFO_rtl_2_m0eum0g8'.
INFO: [IP_Flow 19-1700] Loaded user IP repository '/home/changhong/prj/finn/notebooks/EF-US-Engine-Free-Unstructured-Sparsity-Design-Alleviates-Accelerator-Bottlenecks/casestudy1/LeNet_MNIST_BNN/tmp/unfold/code_gen_ipgen_StreamingMaxPool_hls_0_nh67h6v0/project_StreamingMaxPool_hls_0/sol1/impl/ip'.
INFO: [IP_Flow 19-1700] Loaded user IP repository '/home/changhong/prj/finn/notebooks/EF-US-Engine-Free-Unstructured-Sparsity-Design-Alleviates-Accelerator-Bottlenecks/casestudy1/LeNet_MNIST_BNN/tmp/unfold/code_gen_ipgen_StreamingFIFO_rtl_3_k61hxk08'.
INFO: [IP_Flow 19-1700] Loaded user IP repository '/home/changhong/prj/finn/notebooks/EF-US-Engine-Free-Unstructured-Sparsity-Design-Alleviates-Accelerator-Bottlenecks/casestudy1/LeNet_MNIST_BNN/tmp/unfold/code_gen_ipgen_ConvolutionInputGenerator_rtl_1_3kx8a4om'.
INFO: [IP_Flow 19-1700] Loaded user IP repository '/home/changhong/prj/finn/notebooks/EF-US-Engine-Free-Unstructured-Sparsity-Design-Alleviates-Accelerator-Bottlenecks/casestudy1/LeNet_MNIST_BNN/tmp/unfold/code_gen_ipgen_StreamingFIFO_rtl_4_yl3s_69e'.
INFO: [IP_Flow 19-1700] Loaded user IP repository '/home/changhong/prj/finn/notebooks/EF-US-Engine-Free-Unstructured-Sparsity-Design-Alleviates-Accelerator-Bottlenecks/casestudy1/LeNet_MNIST_BNN/tmp/unfold/code_gen_ipgen_MVAU_hls_1_jpdinwdu/project_MVAU_hls_1/sol1/impl/ip'.
INFO: [IP_Flow 19-1700] Loaded user IP repository '/home/changhong/prj/finn/notebooks/EF-US-Engine-Free-Unstructured-Sparsity-Design-Alleviates-Accelerator-Bottlenecks/casestudy1/LeNet_MNIST_BNN/tmp/unfold/code_gen_ipgen_StreamingFIFO_rtl_5_i6lfkpt4'.
INFO: [IP_Flow 19-1700] Loaded user IP repository '/home/changhong/prj/finn/notebooks/EF-US-Engine-Free-Unstructured-Sparsity-Design-Alleviates-Accelerator-Bottlenecks/casestudy1/LeNet_MNIST_BNN/tmp/unfold/code_gen_ipgen_StreamingMaxPool_hls_1_jqsajou9/project_StreamingMaxPool_hls_1/sol1/impl/ip'.
INFO: [IP_Flow 19-1700] Loaded user IP repository '/home/changhong/prj/finn/notebooks/EF-US-Engine-Free-Unstructured-Sparsity-Design-Alleviates-Accelerator-Bottlenecks/casestudy1/LeNet_MNIST_BNN/tmp/unfold/code_gen_ipgen_StreamingFIFO_rtl_6_y7zevmo1'.
INFO: [IP_Flow 19-1700] Loaded user IP repository '/home/changhong/prj/finn/notebooks/EF-US-Engine-Free-Unstructured-Sparsity-Design-Alleviates-Accelerator-Bottlenecks/casestudy1/LeNet_MNIST_BNN/tmp/unfold/code_gen_ipgen_StreamingDataWidthConverter_rtl_0_rf7pilz2'.
INFO: [IP_Flow 19-1700] Loaded user IP repository '/home/changhong/prj/finn/notebooks/EF-US-Engine-Free-Unstructured-Sparsity-Design-Alleviates-Accelerator-Bottlenecks/casestudy1/LeNet_MNIST_BNN/tmp/unfold/code_gen_ipgen_StreamingFIFO_rtl_7_b060y_rk'.
INFO: [IP_Flow 19-1700] Loaded user IP repository '/home/changhong/prj/finn/notebooks/EF-US-Engine-Free-Unstructured-Sparsity-Design-Alleviates-Accelerator-Bottlenecks/casestudy1/LeNet_MNIST_BNN/tmp/unfold/code_gen_ipgen_ConvolutionInputGenerator_rtl_2_vb1tag1m'.
INFO: [IP_Flow 19-1700] Loaded user IP repository '/home/changhong/prj/finn/notebooks/EF-US-Engine-Free-Unstructured-Sparsity-Design-Alleviates-Accelerator-Bottlenecks/casestudy1/LeNet_MNIST_BNN/tmp/unfold/code_gen_ipgen_StreamingFIFO_rtl_8__bb9znh9'.
INFO: [IP_Flow 19-1700] Loaded user IP repository '/home/changhong/prj/finn/notebooks/EF-US-Engine-Free-Unstructured-Sparsity-Design-Alleviates-Accelerator-Bottlenecks/casestudy1/LeNet_MNIST_BNN/tmp/unfold/code_gen_ipgen_StreamingDataWidthConverter_rtl_1_7y9_ezl0'.
INFO: [IP_Flow 19-1700] Loaded user IP repository '/home/changhong/prj/finn/notebooks/EF-US-Engine-Free-Unstructured-Sparsity-Design-Alleviates-Accelerator-Bottlenecks/casestudy1/LeNet_MNIST_BNN/tmp/unfold/code_gen_ipgen_StreamingFIFO_rtl_9_k18pxc3m'.
INFO: [IP_Flow 19-1700] Loaded user IP repository '/home/changhong/prj/finn/notebooks/EF-US-Engine-Free-Unstructured-Sparsity-Design-Alleviates-Accelerator-Bottlenecks/casestudy1/LeNet_MNIST_BNN/tmp/unfold/code_gen_ipgen_MVAU_hls_2_u4m1vqer/project_MVAU_hls_2/sol1/impl/ip'.
INFO: [IP_Flow 19-1700] Loaded user IP repository '/home/changhong/prj/finn/notebooks/EF-US-Engine-Free-Unstructured-Sparsity-Design-Alleviates-Accelerator-Bottlenecks/casestudy1/LeNet_MNIST_BNN/tmp/unfold/code_gen_ipgen_StreamingFIFO_rtl_10_vvvj4k2b'.
INFO: [IP_Flow 19-1700] Loaded user IP repository '/home/changhong/prj/finn/notebooks/EF-US-Engine-Free-Unstructured-Sparsity-Design-Alleviates-Accelerator-Bottlenecks/casestudy1/LeNet_MNIST_BNN/tmp/unfold/code_gen_ipgen_MVAU_hls_3_xlwckhtm/project_MVAU_hls_3/sol1/impl/ip'.
INFO: [IP_Flow 19-1700] Loaded user IP repository '/home/changhong/prj/finn/notebooks/EF-US-Engine-Free-Unstructured-Sparsity-Design-Alleviates-Accelerator-Bottlenecks/casestudy1/LeNet_MNIST_BNN/tmp/unfold/code_gen_ipgen_StreamingFIFO_rtl_11_p37_05g4'.
INFO: [IP_Flow 19-1700] Loaded user IP repository '/home/changhong/prj/finn/notebooks/EF-US-Engine-Free-Unstructured-Sparsity-Design-Alleviates-Accelerator-Bottlenecks/casestudy1/LeNet_MNIST_BNN/tmp/unfold/code_gen_ipgen_MVAU_hls_4_7zz0ni5a/project_MVAU_hls_4/sol1/impl/ip'.
INFO: [IP_Flow 19-1700] Loaded user IP repository '/home/changhong/prj/finn/notebooks/EF-US-Engine-Free-Unstructured-Sparsity-Design-Alleviates-Accelerator-Bottlenecks/casestudy1/LeNet_MNIST_BNN/tmp/unfold/code_gen_ipgen_StreamingFIFO_rtl_12_dspkhcrc'.
WARNING: [IP_Flow 19-3571] IP 'finn_design_StreamingFIFO_rtl_6_0' is restricted:
* Detected changes to module reference file(s).
# add_files -norecurse /home/changhong/prj/finn/notebooks/EF-US-Engine-Free-Unstructured-Sparsity-Design-Alleviates-Accelerator-Bottlenecks/casestudy1/LeNet_MNIST_BNN/tmp/unfold/code_gen_ipgen_StreamingDataWidthConverter_rtl_0_rf7pilz2/dwc_axi.sv
# add_files -norecurse /home/changhong/prj/finn/notebooks/EF-US-Engine-Free-Unstructured-Sparsity-Design-Alleviates-Accelerator-Bottlenecks/casestudy1/LeNet_MNIST_BNN/tmp/unfold/code_gen_ipgen_StreamingDataWidthConverter_rtl_0_rf7pilz2/dwc.sv
# add_files -norecurse /home/changhong/prj/finn/notebooks/EF-US-Engine-Free-Unstructured-Sparsity-Design-Alleviates-Accelerator-Bottlenecks/casestudy1/LeNet_MNIST_BNN/tmp/unfold/code_gen_ipgen_StreamingDataWidthConverter_rtl_0_rf7pilz2/StreamingDataWidthConverter_rtl_0.v
# create_bd_cell -type module -reference StreamingDataWidthConverter_rtl_0 StreamingDataWidthConverter_rtl_0
INFO: [IP_Flow 19-5107] Inferred bus interface 'ap_clk' of definition 'xilinx.com:signal:clock:1.0' (from X_INTERFACE_INFO parameter from HDL file).
INFO: [IP_Flow 19-5107] Inferred bus interface 'ap_clk' of definition 'xilinx.com:signal:clock:1.0' (from 'X_INTERFACE_INFO' attribute).
INFO: [IP_Flow 19-5107] Inferred bus interface 'in0_V' of definition 'xilinx.com:interface:axis:1.0' (from Xilinx Repository).
INFO: [IP_Flow 19-5107] Inferred bus interface 'out0_V' of definition 'xilinx.com:interface:axis:1.0' (from Xilinx Repository).
INFO: [IP_Flow 19-5107] Inferred bus interface 'ap_rst_n' of definition 'xilinx.com:signal:reset:1.0' (from Xilinx Repository).
INFO: [IP_Flow 19-4728] Bus Interface 'ap_rst_n': Added interface parameter 'POLARITY' with value 'ACTIVE_LOW'.
INFO: [IP_Flow 19-4728] Bus Interface 'ap_clk': Added interface parameter 'ASSOCIATED_RESET' with value 'ap_rst_n'.
INFO: [IP_Flow 19-4728] Bus Interface 'ap_clk': Added interface parameter 'ASSOCIATED_BUSIF' with value 'in0_V'.
INFO: [IP_Flow 19-818] Not transferring value dependency attribute "(((spirit:decode(id('MODELPARAM_VALUE.IBITS')) + 7) / 8) * 8)" into user parameter "AXI_IBITS".
INFO: [IP_Flow 19-818] Not transferring value dependency attribute "(((spirit:decode(id('MODELPARAM_VALUE.OBITS')) + 7) / 8) * 8)" into user parameter "AXI_OBITS".
WARNING: [IP_Flow 19-3157] Bus Interface 'ap_rst_n': Bus parameter POLARITY is ACTIVE_LOW but port 'ap_rst_n' is not *resetn - please double check the POLARITY setting.
INFO: [IP_Flow 19-234] Refreshing IP repositories
INFO: [IP_Flow 19-1700] Loaded user IP repository '/home/changhong/prj/finn/finn-rtllib/memstream'.
INFO: [IP_Flow 19-1700] Loaded user IP repository '/home/changhong/prj/finn/notebooks/EF-US-Engine-Free-Unstructured-Sparsity-Design-Alleviates-Accelerator-Bottlenecks/casestudy1/LeNet_MNIST_BNN/tmp/unfold/code_gen_ipgen_StreamingFIFO_rtl_0_1ixurobd'.
INFO: [IP_Flow 19-1700] Loaded user IP repository '/home/changhong/prj/finn/notebooks/EF-US-Engine-Free-Unstructured-Sparsity-Design-Alleviates-Accelerator-Bottlenecks/casestudy1/LeNet_MNIST_BNN/tmp/unfold/code_gen_ipgen_ConvolutionInputGenerator_rtl_0_hf_js1hg'.
INFO: [IP_Flow 19-1700] Loaded user IP repository '/home/changhong/prj/finn/notebooks/EF-US-Engine-Free-Unstructured-Sparsity-Design-Alleviates-Accelerator-Bottlenecks/casestudy1/LeNet_MNIST_BNN/tmp/unfold/code_gen_ipgen_StreamingFIFO_rtl_1_fb4l_wzg'.
INFO: [IP_Flow 19-1700] Loaded user IP repository '/home/changhong/prj/finn/notebooks/EF-US-Engine-Free-Unstructured-Sparsity-Design-Alleviates-Accelerator-Bottlenecks/casestudy1/LeNet_MNIST_BNN/tmp/unfold/code_gen_ipgen_MVAU_hls_0_viqcdo6f/project_MVAU_hls_0/sol1/impl/ip'.
INFO: [IP_Flow 19-1700] Loaded user IP repository '/home/changhong/prj/finn/notebooks/EF-US-Engine-Free-Unstructured-Sparsity-Design-Alleviates-Accelerator-Bottlenecks/casestudy1/LeNet_MNIST_BNN/tmp/unfold/code_gen_ipgen_StreamingFIFO_rtl_2_m0eum0g8'.
INFO: [IP_Flow 19-1700] Loaded user IP repository '/home/changhong/prj/finn/notebooks/EF-US-Engine-Free-Unstructured-Sparsity-Design-Alleviates-Accelerator-Bottlenecks/casestudy1/LeNet_MNIST_BNN/tmp/unfold/code_gen_ipgen_StreamingMaxPool_hls_0_nh67h6v0/project_StreamingMaxPool_hls_0/sol1/impl/ip'.
INFO: [IP_Flow 19-1700] Loaded user IP repository '/home/changhong/prj/finn/notebooks/EF-US-Engine-Free-Unstructured-Sparsity-Design-Alleviates-Accelerator-Bottlenecks/casestudy1/LeNet_MNIST_BNN/tmp/unfold/code_gen_ipgen_StreamingFIFO_rtl_3_k61hxk08'.
INFO: [IP_Flow 19-1700] Loaded user IP repository '/home/changhong/prj/finn/notebooks/EF-US-Engine-Free-Unstructured-Sparsity-Design-Alleviates-Accelerator-Bottlenecks/casestudy1/LeNet_MNIST_BNN/tmp/unfold/code_gen_ipgen_ConvolutionInputGenerator_rtl_1_3kx8a4om'.
INFO: [IP_Flow 19-1700] Loaded user IP repository '/home/changhong/prj/finn/notebooks/EF-US-Engine-Free-Unstructured-Sparsity-Design-Alleviates-Accelerator-Bottlenecks/casestudy1/LeNet_MNIST_BNN/tmp/unfold/code_gen_ipgen_StreamingFIFO_rtl_4_yl3s_69e'.
INFO: [IP_Flow 19-1700] Loaded user IP repository '/home/changhong/prj/finn/notebooks/EF-US-Engine-Free-Unstructured-Sparsity-Design-Alleviates-Accelerator-Bottlenecks/casestudy1/LeNet_MNIST_BNN/tmp/unfold/code_gen_ipgen_MVAU_hls_1_jpdinwdu/project_MVAU_hls_1/sol1/impl/ip'.
INFO: [IP_Flow 19-1700] Loaded user IP repository '/home/changhong/prj/finn/notebooks/EF-US-Engine-Free-Unstructured-Sparsity-Design-Alleviates-Accelerator-Bottlenecks/casestudy1/LeNet_MNIST_BNN/tmp/unfold/code_gen_ipgen_StreamingFIFO_rtl_5_i6lfkpt4'.
INFO: [IP_Flow 19-1700] Loaded user IP repository '/home/changhong/prj/finn/notebooks/EF-US-Engine-Free-Unstructured-Sparsity-Design-Alleviates-Accelerator-Bottlenecks/casestudy1/LeNet_MNIST_BNN/tmp/unfold/code_gen_ipgen_StreamingMaxPool_hls_1_jqsajou9/project_StreamingMaxPool_hls_1/sol1/impl/ip'.
INFO: [IP_Flow 19-1700] Loaded user IP repository '/home/changhong/prj/finn/notebooks/EF-US-Engine-Free-Unstructured-Sparsity-Design-Alleviates-Accelerator-Bottlenecks/casestudy1/LeNet_MNIST_BNN/tmp/unfold/code_gen_ipgen_StreamingFIFO_rtl_6_y7zevmo1'.
INFO: [IP_Flow 19-1700] Loaded user IP repository '/home/changhong/prj/finn/notebooks/EF-US-Engine-Free-Unstructured-Sparsity-Design-Alleviates-Accelerator-Bottlenecks/casestudy1/LeNet_MNIST_BNN/tmp/unfold/code_gen_ipgen_StreamingDataWidthConverter_rtl_0_rf7pilz2'.
INFO: [IP_Flow 19-1700] Loaded user IP repository '/home/changhong/prj/finn/notebooks/EF-US-Engine-Free-Unstructured-Sparsity-Design-Alleviates-Accelerator-Bottlenecks/casestudy1/LeNet_MNIST_BNN/tmp/unfold/code_gen_ipgen_StreamingFIFO_rtl_7_b060y_rk'.
INFO: [IP_Flow 19-1700] Loaded user IP repository '/home/changhong/prj/finn/notebooks/EF-US-Engine-Free-Unstructured-Sparsity-Design-Alleviates-Accelerator-Bottlenecks/casestudy1/LeNet_MNIST_BNN/tmp/unfold/code_gen_ipgen_ConvolutionInputGenerator_rtl_2_vb1tag1m'.
INFO: [IP_Flow 19-1700] Loaded user IP repository '/home/changhong/prj/finn/notebooks/EF-US-Engine-Free-Unstructured-Sparsity-Design-Alleviates-Accelerator-Bottlenecks/casestudy1/LeNet_MNIST_BNN/tmp/unfold/code_gen_ipgen_StreamingFIFO_rtl_8__bb9znh9'.
INFO: [IP_Flow 19-1700] Loaded user IP repository '/home/changhong/prj/finn/notebooks/EF-US-Engine-Free-Unstructured-Sparsity-Design-Alleviates-Accelerator-Bottlenecks/casestudy1/LeNet_MNIST_BNN/tmp/unfold/code_gen_ipgen_StreamingDataWidthConverter_rtl_1_7y9_ezl0'.
INFO: [IP_Flow 19-1700] Loaded user IP repository '/home/changhong/prj/finn/notebooks/EF-US-Engine-Free-Unstructured-Sparsity-Design-Alleviates-Accelerator-Bottlenecks/casestudy1/LeNet_MNIST_BNN/tmp/unfold/code_gen_ipgen_StreamingFIFO_rtl_9_k18pxc3m'.
INFO: [IP_Flow 19-1700] Loaded user IP repository '/home/changhong/prj/finn/notebooks/EF-US-Engine-Free-Unstructured-Sparsity-Design-Alleviates-Accelerator-Bottlenecks/casestudy1/LeNet_MNIST_BNN/tmp/unfold/code_gen_ipgen_MVAU_hls_2_u4m1vqer/project_MVAU_hls_2/sol1/impl/ip'.
INFO: [IP_Flow 19-1700] Loaded user IP repository '/home/changhong/prj/finn/notebooks/EF-US-Engine-Free-Unstructured-Sparsity-Design-Alleviates-Accelerator-Bottlenecks/casestudy1/LeNet_MNIST_BNN/tmp/unfold/code_gen_ipgen_StreamingFIFO_rtl_10_vvvj4k2b'.
INFO: [IP_Flow 19-1700] Loaded user IP repository '/home/changhong/prj/finn/notebooks/EF-US-Engine-Free-Unstructured-Sparsity-Design-Alleviates-Accelerator-Bottlenecks/casestudy1/LeNet_MNIST_BNN/tmp/unfold/code_gen_ipgen_MVAU_hls_3_xlwckhtm/project_MVAU_hls_3/sol1/impl/ip'.
INFO: [IP_Flow 19-1700] Loaded user IP repository '/home/changhong/prj/finn/notebooks/EF-US-Engine-Free-Unstructured-Sparsity-Design-Alleviates-Accelerator-Bottlenecks/casestudy1/LeNet_MNIST_BNN/tmp/unfold/code_gen_ipgen_StreamingFIFO_rtl_11_p37_05g4'.
INFO: [IP_Flow 19-1700] Loaded user IP repository '/home/changhong/prj/finn/notebooks/EF-US-Engine-Free-Unstructured-Sparsity-Design-Alleviates-Accelerator-Bottlenecks/casestudy1/LeNet_MNIST_BNN/tmp/unfold/code_gen_ipgen_MVAU_hls_4_7zz0ni5a/project_MVAU_hls_4/sol1/impl/ip'.
INFO: [IP_Flow 19-1700] Loaded user IP repository '/home/changhong/prj/finn/notebooks/EF-US-Engine-Free-Unstructured-Sparsity-Design-Alleviates-Accelerator-Bottlenecks/casestudy1/LeNet_MNIST_BNN/tmp/unfold/code_gen_ipgen_StreamingFIFO_rtl_12_dspkhcrc'.
WARNING: [IP_Flow 19-3571] IP 'finn_design_StreamingDataWidthConverter_rtl_0_0' is restricted:
* Detected changes to module reference file(s).
# add_files -norecurse /home/changhong/prj/finn/notebooks/EF-US-Engine-Free-Unstructured-Sparsity-Design-Alleviates-Accelerator-Bottlenecks/casestudy1/LeNet_MNIST_BNN/tmp/unfold/code_gen_ipgen_StreamingFIFO_rtl_7_b060y_rk/Q_srl.v
# add_files -norecurse /home/changhong/prj/finn/notebooks/EF-US-Engine-Free-Unstructured-Sparsity-Design-Alleviates-Accelerator-Bottlenecks/casestudy1/LeNet_MNIST_BNN/tmp/unfold/code_gen_ipgen_StreamingFIFO_rtl_7_b060y_rk/StreamingFIFO_rtl_7.v
# create_bd_cell -type module -reference StreamingFIFO_rtl_7 StreamingFIFO_rtl_7
INFO: [IP_Flow 19-5107] Inferred bus interface 'ap_clk' of definition 'xilinx.com:signal:clock:1.0' (from X_INTERFACE_INFO parameter from HDL file).
INFO: [IP_Flow 19-5107] Inferred bus interface 'ap_clk' of definition 'xilinx.com:signal:clock:1.0' (from 'X_INTERFACE_INFO' attribute).
INFO: [IP_Flow 19-5107] Inferred bus interface 'in0_V' of definition 'xilinx.com:interface:axis:1.0' (from Xilinx Repository).
INFO: [IP_Flow 19-5107] Inferred bus interface 'out0_V' of definition 'xilinx.com:interface:axis:1.0' (from Xilinx Repository).
INFO: [IP_Flow 19-5107] Inferred bus interface 'ap_rst_n' of definition 'xilinx.com:signal:reset:1.0' (from Xilinx Repository).
INFO: [IP_Flow 19-4728] Bus Interface 'ap_rst_n': Added interface parameter 'POLARITY' with value 'ACTIVE_LOW'.
INFO: [IP_Flow 19-4728] Bus Interface 'ap_clk': Added interface parameter 'ASSOCIATED_RESET' with value 'ap_rst_n'.
INFO: [IP_Flow 19-4728] Bus Interface 'ap_clk': Added interface parameter 'ASSOCIATED_BUSIF' with value 'in0_V'.
WARNING: [IP_Flow 19-3157] Bus Interface 'ap_rst_n': Bus parameter POLARITY is ACTIVE_LOW but port 'ap_rst_n' is not *resetn - please double check the POLARITY setting.
INFO: [IP_Flow 19-234] Refreshing IP repositories
INFO: [IP_Flow 19-1700] Loaded user IP repository '/home/changhong/prj/finn/finn-rtllib/memstream'.
INFO: [IP_Flow 19-1700] Loaded user IP repository '/home/changhong/prj/finn/notebooks/EF-US-Engine-Free-Unstructured-Sparsity-Design-Alleviates-Accelerator-Bottlenecks/casestudy1/LeNet_MNIST_BNN/tmp/unfold/code_gen_ipgen_StreamingFIFO_rtl_0_1ixurobd'.
INFO: [IP_Flow 19-1700] Loaded user IP repository '/home/changhong/prj/finn/notebooks/EF-US-Engine-Free-Unstructured-Sparsity-Design-Alleviates-Accelerator-Bottlenecks/casestudy1/LeNet_MNIST_BNN/tmp/unfold/code_gen_ipgen_ConvolutionInputGenerator_rtl_0_hf_js1hg'.
INFO: [IP_Flow 19-1700] Loaded user IP repository '/home/changhong/prj/finn/notebooks/EF-US-Engine-Free-Unstructured-Sparsity-Design-Alleviates-Accelerator-Bottlenecks/casestudy1/LeNet_MNIST_BNN/tmp/unfold/code_gen_ipgen_StreamingFIFO_rtl_1_fb4l_wzg'.
INFO: [IP_Flow 19-1700] Loaded user IP repository '/home/changhong/prj/finn/notebooks/EF-US-Engine-Free-Unstructured-Sparsity-Design-Alleviates-Accelerator-Bottlenecks/casestudy1/LeNet_MNIST_BNN/tmp/unfold/code_gen_ipgen_MVAU_hls_0_viqcdo6f/project_MVAU_hls_0/sol1/impl/ip'.
INFO: [IP_Flow 19-1700] Loaded user IP repository '/home/changhong/prj/finn/notebooks/EF-US-Engine-Free-Unstructured-Sparsity-Design-Alleviates-Accelerator-Bottlenecks/casestudy1/LeNet_MNIST_BNN/tmp/unfold/code_gen_ipgen_StreamingFIFO_rtl_2_m0eum0g8'.
INFO: [IP_Flow 19-1700] Loaded user IP repository '/home/changhong/prj/finn/notebooks/EF-US-Engine-Free-Unstructured-Sparsity-Design-Alleviates-Accelerator-Bottlenecks/casestudy1/LeNet_MNIST_BNN/tmp/unfold/code_gen_ipgen_StreamingMaxPool_hls_0_nh67h6v0/project_StreamingMaxPool_hls_0/sol1/impl/ip'.
INFO: [IP_Flow 19-1700] Loaded user IP repository '/home/changhong/prj/finn/notebooks/EF-US-Engine-Free-Unstructured-Sparsity-Design-Alleviates-Accelerator-Bottlenecks/casestudy1/LeNet_MNIST_BNN/tmp/unfold/code_gen_ipgen_StreamingFIFO_rtl_3_k61hxk08'.
INFO: [IP_Flow 19-1700] Loaded user IP repository '/home/changhong/prj/finn/notebooks/EF-US-Engine-Free-Unstructured-Sparsity-Design-Alleviates-Accelerator-Bottlenecks/casestudy1/LeNet_MNIST_BNN/tmp/unfold/code_gen_ipgen_ConvolutionInputGenerator_rtl_1_3kx8a4om'.
INFO: [IP_Flow 19-1700] Loaded user IP repository '/home/changhong/prj/finn/notebooks/EF-US-Engine-Free-Unstructured-Sparsity-Design-Alleviates-Accelerator-Bottlenecks/casestudy1/LeNet_MNIST_BNN/tmp/unfold/code_gen_ipgen_StreamingFIFO_rtl_4_yl3s_69e'.
INFO: [IP_Flow 19-1700] Loaded user IP repository '/home/changhong/prj/finn/notebooks/EF-US-Engine-Free-Unstructured-Sparsity-Design-Alleviates-Accelerator-Bottlenecks/casestudy1/LeNet_MNIST_BNN/tmp/unfold/code_gen_ipgen_MVAU_hls_1_jpdinwdu/project_MVAU_hls_1/sol1/impl/ip'.
INFO: [IP_Flow 19-1700] Loaded user IP repository '/home/changhong/prj/finn/notebooks/EF-US-Engine-Free-Unstructured-Sparsity-Design-Alleviates-Accelerator-Bottlenecks/casestudy1/LeNet_MNIST_BNN/tmp/unfold/code_gen_ipgen_StreamingFIFO_rtl_5_i6lfkpt4'.
INFO: [IP_Flow 19-1700] Loaded user IP repository '/home/changhong/prj/finn/notebooks/EF-US-Engine-Free-Unstructured-Sparsity-Design-Alleviates-Accelerator-Bottlenecks/casestudy1/LeNet_MNIST_BNN/tmp/unfold/code_gen_ipgen_StreamingMaxPool_hls_1_jqsajou9/project_StreamingMaxPool_hls_1/sol1/impl/ip'.
INFO: [IP_Flow 19-1700] Loaded user IP repository '/home/changhong/prj/finn/notebooks/EF-US-Engine-Free-Unstructured-Sparsity-Design-Alleviates-Accelerator-Bottlenecks/casestudy1/LeNet_MNIST_BNN/tmp/unfold/code_gen_ipgen_StreamingFIFO_rtl_6_y7zevmo1'.
INFO: [IP_Flow 19-1700] Loaded user IP repository '/home/changhong/prj/finn/notebooks/EF-US-Engine-Free-Unstructured-Sparsity-Design-Alleviates-Accelerator-Bottlenecks/casestudy1/LeNet_MNIST_BNN/tmp/unfold/code_gen_ipgen_StreamingDataWidthConverter_rtl_0_rf7pilz2'.
INFO: [IP_Flow 19-1700] Loaded user IP repository '/home/changhong/prj/finn/notebooks/EF-US-Engine-Free-Unstructured-Sparsity-Design-Alleviates-Accelerator-Bottlenecks/casestudy1/LeNet_MNIST_BNN/tmp/unfold/code_gen_ipgen_StreamingFIFO_rtl_7_b060y_rk'.
INFO: [IP_Flow 19-1700] Loaded user IP repository '/home/changhong/prj/finn/notebooks/EF-US-Engine-Free-Unstructured-Sparsity-Design-Alleviates-Accelerator-Bottlenecks/casestudy1/LeNet_MNIST_BNN/tmp/unfold/code_gen_ipgen_ConvolutionInputGenerator_rtl_2_vb1tag1m'.
INFO: [IP_Flow 19-1700] Loaded user IP repository '/home/changhong/prj/finn/notebooks/EF-US-Engine-Free-Unstructured-Sparsity-Design-Alleviates-Accelerator-Bottlenecks/casestudy1/LeNet_MNIST_BNN/tmp/unfold/code_gen_ipgen_StreamingFIFO_rtl_8__bb9znh9'.
INFO: [IP_Flow 19-1700] Loaded user IP repository '/home/changhong/prj/finn/notebooks/EF-US-Engine-Free-Unstructured-Sparsity-Design-Alleviates-Accelerator-Bottlenecks/casestudy1/LeNet_MNIST_BNN/tmp/unfold/code_gen_ipgen_StreamingDataWidthConverter_rtl_1_7y9_ezl0'.
INFO: [IP_Flow 19-1700] Loaded user IP repository '/home/changhong/prj/finn/notebooks/EF-US-Engine-Free-Unstructured-Sparsity-Design-Alleviates-Accelerator-Bottlenecks/casestudy1/LeNet_MNIST_BNN/tmp/unfold/code_gen_ipgen_StreamingFIFO_rtl_9_k18pxc3m'.
INFO: [IP_Flow 19-1700] Loaded user IP repository '/home/changhong/prj/finn/notebooks/EF-US-Engine-Free-Unstructured-Sparsity-Design-Alleviates-Accelerator-Bottlenecks/casestudy1/LeNet_MNIST_BNN/tmp/unfold/code_gen_ipgen_MVAU_hls_2_u4m1vqer/project_MVAU_hls_2/sol1/impl/ip'.
INFO: [IP_Flow 19-1700] Loaded user IP repository '/home/changhong/prj/finn/notebooks/EF-US-Engine-Free-Unstructured-Sparsity-Design-Alleviates-Accelerator-Bottlenecks/casestudy1/LeNet_MNIST_BNN/tmp/unfold/code_gen_ipgen_StreamingFIFO_rtl_10_vvvj4k2b'.
INFO: [IP_Flow 19-1700] Loaded user IP repository '/home/changhong/prj/finn/notebooks/EF-US-Engine-Free-Unstructured-Sparsity-Design-Alleviates-Accelerator-Bottlenecks/casestudy1/LeNet_MNIST_BNN/tmp/unfold/code_gen_ipgen_MVAU_hls_3_xlwckhtm/project_MVAU_hls_3/sol1/impl/ip'.
INFO: [IP_Flow 19-1700] Loaded user IP repository '/home/changhong/prj/finn/notebooks/EF-US-Engine-Free-Unstructured-Sparsity-Design-Alleviates-Accelerator-Bottlenecks/casestudy1/LeNet_MNIST_BNN/tmp/unfold/code_gen_ipgen_StreamingFIFO_rtl_11_p37_05g4'.
INFO: [IP_Flow 19-1700] Loaded user IP repository '/home/changhong/prj/finn/notebooks/EF-US-Engine-Free-Unstructured-Sparsity-Design-Alleviates-Accelerator-Bottlenecks/casestudy1/LeNet_MNIST_BNN/tmp/unfold/code_gen_ipgen_MVAU_hls_4_7zz0ni5a/project_MVAU_hls_4/sol1/impl/ip'.
INFO: [IP_Flow 19-1700] Loaded user IP repository '/home/changhong/prj/finn/notebooks/EF-US-Engine-Free-Unstructured-Sparsity-Design-Alleviates-Accelerator-Bottlenecks/casestudy1/LeNet_MNIST_BNN/tmp/unfold/code_gen_ipgen_StreamingFIFO_rtl_12_dspkhcrc'.
WARNING: [IP_Flow 19-3571] IP 'finn_design_StreamingFIFO_rtl_7_0' is restricted:
* Detected changes to module reference file(s).
# add_files -norecurse /home/changhong/prj/finn/notebooks/EF-US-Engine-Free-Unstructured-Sparsity-Design-Alleviates-Accelerator-Bottlenecks/casestudy1/LeNet_MNIST_BNN/tmp/unfold/code_gen_ipgen_ConvolutionInputGenerator_rtl_2_vb1tag1m/swg_pkg.sv
# add_files -norecurse /home/changhong/prj/finn/notebooks/EF-US-Engine-Free-Unstructured-Sparsity-Design-Alleviates-Accelerator-Bottlenecks/casestudy1/LeNet_MNIST_BNN/tmp/unfold/code_gen_ipgen_ConvolutionInputGenerator_rtl_2_vb1tag1m/ConvolutionInputGenerator_rtl_2_wrapper.v
# add_files -norecurse /home/changhong/prj/finn/notebooks/EF-US-Engine-Free-Unstructured-Sparsity-Design-Alleviates-Accelerator-Bottlenecks/casestudy1/LeNet_MNIST_BNN/tmp/unfold/code_gen_ipgen_ConvolutionInputGenerator_rtl_2_vb1tag1m/ConvolutionInputGenerator_rtl_2_impl.sv
# add_files -norecurse /home/changhong/prj/finn/notebooks/EF-US-Engine-Free-Unstructured-Sparsity-Design-Alleviates-Accelerator-Bottlenecks/casestudy1/LeNet_MNIST_BNN/tmp/unfold/code_gen_ipgen_ConvolutionInputGenerator_rtl_2_vb1tag1m/swg_common.sv
# create_bd_cell -type module -reference ConvolutionInputGenerator_rtl_2 ConvolutionInputGenerator_rtl_2
INFO: [IP_Flow 19-5107] Inferred bus interface 'ap_clk' of definition 'xilinx.com:signal:clock:1.0' (from X_INTERFACE_INFO parameter from HDL file).
INFO: [IP_Flow 19-5107] Inferred bus interface 'ap_clk' of definition 'xilinx.com:signal:clock:1.0' (from 'X_INTERFACE_INFO' attribute).
INFO: [IP_Flow 19-5107] Inferred bus interface 'in0_V' of definition 'xilinx.com:interface:axis:1.0' (from Xilinx Repository).
INFO: [IP_Flow 19-5107] Inferred bus interface 'out0_V' of definition 'xilinx.com:interface:axis:1.0' (from Xilinx Repository).
INFO: [IP_Flow 19-5107] Inferred bus interface 'ap_rst_n' of definition 'xilinx.com:signal:reset:1.0' (from Xilinx Repository).
INFO: [IP_Flow 19-4728] Bus Interface 'ap_rst_n': Added interface parameter 'POLARITY' with value 'ACTIVE_LOW'.
INFO: [IP_Flow 19-4728] Bus Interface 'ap_clk': Added interface parameter 'ASSOCIATED_RESET' with value 'ap_rst_n'.
INFO: [IP_Flow 19-4728] Bus Interface 'ap_clk': Added interface parameter 'ASSOCIATED_BUSIF' with value 'in0_V'.
INFO: [IP_Flow 19-818] Not transferring value dependency attribute "((spirit:decode(id('MODELPARAM_VALUE.BIT_WIDTH')) * spirit:decode(id('MODELPARAM_VALUE.SIMD'))) * spirit:decode(id('MODELPARAM_VALUE.MMV_IN')))" into user parameter "BUF_IN_WIDTH".
INFO: [IP_Flow 19-818] Not transferring value dependency attribute "((spirit:decode(id('MODELPARAM_VALUE.BIT_WIDTH')) * spirit:decode(id('MODELPARAM_VALUE.SIMD'))) * spirit:decode(id('MODELPARAM_VALUE.MMV_OUT')))" into user parameter "BUF_OUT_WIDTH".
WARNING: [IP_Flow 19-3157] Bus Interface 'ap_rst_n': Bus parameter POLARITY is ACTIVE_LOW but port 'ap_rst_n' is not *resetn - please double check the POLARITY setting.
INFO: [IP_Flow 19-234] Refreshing IP repositories
INFO: [IP_Flow 19-1700] Loaded user IP repository '/home/changhong/prj/finn/finn-rtllib/memstream'.
INFO: [IP_Flow 19-1700] Loaded user IP repository '/home/changhong/prj/finn/notebooks/EF-US-Engine-Free-Unstructured-Sparsity-Design-Alleviates-Accelerator-Bottlenecks/casestudy1/LeNet_MNIST_BNN/tmp/unfold/code_gen_ipgen_StreamingFIFO_rtl_0_1ixurobd'.
INFO: [IP_Flow 19-1700] Loaded user IP repository '/home/changhong/prj/finn/notebooks/EF-US-Engine-Free-Unstructured-Sparsity-Design-Alleviates-Accelerator-Bottlenecks/casestudy1/LeNet_MNIST_BNN/tmp/unfold/code_gen_ipgen_ConvolutionInputGenerator_rtl_0_hf_js1hg'.
INFO: [IP_Flow 19-1700] Loaded user IP repository '/home/changhong/prj/finn/notebooks/EF-US-Engine-Free-Unstructured-Sparsity-Design-Alleviates-Accelerator-Bottlenecks/casestudy1/LeNet_MNIST_BNN/tmp/unfold/code_gen_ipgen_StreamingFIFO_rtl_1_fb4l_wzg'.
INFO: [IP_Flow 19-1700] Loaded user IP repository '/home/changhong/prj/finn/notebooks/EF-US-Engine-Free-Unstructured-Sparsity-Design-Alleviates-Accelerator-Bottlenecks/casestudy1/LeNet_MNIST_BNN/tmp/unfold/code_gen_ipgen_MVAU_hls_0_viqcdo6f/project_MVAU_hls_0/sol1/impl/ip'.
INFO: [IP_Flow 19-1700] Loaded user IP repository '/home/changhong/prj/finn/notebooks/EF-US-Engine-Free-Unstructured-Sparsity-Design-Alleviates-Accelerator-Bottlenecks/casestudy1/LeNet_MNIST_BNN/tmp/unfold/code_gen_ipgen_StreamingFIFO_rtl_2_m0eum0g8'.
INFO: [IP_Flow 19-1700] Loaded user IP repository '/home/changhong/prj/finn/notebooks/EF-US-Engine-Free-Unstructured-Sparsity-Design-Alleviates-Accelerator-Bottlenecks/casestudy1/LeNet_MNIST_BNN/tmp/unfold/code_gen_ipgen_StreamingMaxPool_hls_0_nh67h6v0/project_StreamingMaxPool_hls_0/sol1/impl/ip'.
INFO: [IP_Flow 19-1700] Loaded user IP repository '/home/changhong/prj/finn/notebooks/EF-US-Engine-Free-Unstructured-Sparsity-Design-Alleviates-Accelerator-Bottlenecks/casestudy1/LeNet_MNIST_BNN/tmp/unfold/code_gen_ipgen_StreamingFIFO_rtl_3_k61hxk08'.
INFO: [IP_Flow 19-1700] Loaded user IP repository '/home/changhong/prj/finn/notebooks/EF-US-Engine-Free-Unstructured-Sparsity-Design-Alleviates-Accelerator-Bottlenecks/casestudy1/LeNet_MNIST_BNN/tmp/unfold/code_gen_ipgen_ConvolutionInputGenerator_rtl_1_3kx8a4om'.
INFO: [IP_Flow 19-1700] Loaded user IP repository '/home/changhong/prj/finn/notebooks/EF-US-Engine-Free-Unstructured-Sparsity-Design-Alleviates-Accelerator-Bottlenecks/casestudy1/LeNet_MNIST_BNN/tmp/unfold/code_gen_ipgen_StreamingFIFO_rtl_4_yl3s_69e'.
INFO: [IP_Flow 19-1700] Loaded user IP repository '/home/changhong/prj/finn/notebooks/EF-US-Engine-Free-Unstructured-Sparsity-Design-Alleviates-Accelerator-Bottlenecks/casestudy1/LeNet_MNIST_BNN/tmp/unfold/code_gen_ipgen_MVAU_hls_1_jpdinwdu/project_MVAU_hls_1/sol1/impl/ip'.
INFO: [IP_Flow 19-1700] Loaded user IP repository '/home/changhong/prj/finn/notebooks/EF-US-Engine-Free-Unstructured-Sparsity-Design-Alleviates-Accelerator-Bottlenecks/casestudy1/LeNet_MNIST_BNN/tmp/unfold/code_gen_ipgen_StreamingFIFO_rtl_5_i6lfkpt4'.
INFO: [IP_Flow 19-1700] Loaded user IP repository '/home/changhong/prj/finn/notebooks/EF-US-Engine-Free-Unstructured-Sparsity-Design-Alleviates-Accelerator-Bottlenecks/casestudy1/LeNet_MNIST_BNN/tmp/unfold/code_gen_ipgen_StreamingMaxPool_hls_1_jqsajou9/project_StreamingMaxPool_hls_1/sol1/impl/ip'.
INFO: [IP_Flow 19-1700] Loaded user IP repository '/home/changhong/prj/finn/notebooks/EF-US-Engine-Free-Unstructured-Sparsity-Design-Alleviates-Accelerator-Bottlenecks/casestudy1/LeNet_MNIST_BNN/tmp/unfold/code_gen_ipgen_StreamingFIFO_rtl_6_y7zevmo1'.
INFO: [IP_Flow 19-1700] Loaded user IP repository '/home/changhong/prj/finn/notebooks/EF-US-Engine-Free-Unstructured-Sparsity-Design-Alleviates-Accelerator-Bottlenecks/casestudy1/LeNet_MNIST_BNN/tmp/unfold/code_gen_ipgen_StreamingDataWidthConverter_rtl_0_rf7pilz2'.
INFO: [IP_Flow 19-1700] Loaded user IP repository '/home/changhong/prj/finn/notebooks/EF-US-Engine-Free-Unstructured-Sparsity-Design-Alleviates-Accelerator-Bottlenecks/casestudy1/LeNet_MNIST_BNN/tmp/unfold/code_gen_ipgen_StreamingFIFO_rtl_7_b060y_rk'.
INFO: [IP_Flow 19-1700] Loaded user IP repository '/home/changhong/prj/finn/notebooks/EF-US-Engine-Free-Unstructured-Sparsity-Design-Alleviates-Accelerator-Bottlenecks/casestudy1/LeNet_MNIST_BNN/tmp/unfold/code_gen_ipgen_ConvolutionInputGenerator_rtl_2_vb1tag1m'.
INFO: [IP_Flow 19-1700] Loaded user IP repository '/home/changhong/prj/finn/notebooks/EF-US-Engine-Free-Unstructured-Sparsity-Design-Alleviates-Accelerator-Bottlenecks/casestudy1/LeNet_MNIST_BNN/tmp/unfold/code_gen_ipgen_StreamingFIFO_rtl_8__bb9znh9'.
INFO: [IP_Flow 19-1700] Loaded user IP repository '/home/changhong/prj/finn/notebooks/EF-US-Engine-Free-Unstructured-Sparsity-Design-Alleviates-Accelerator-Bottlenecks/casestudy1/LeNet_MNIST_BNN/tmp/unfold/code_gen_ipgen_StreamingDataWidthConverter_rtl_1_7y9_ezl0'.
INFO: [IP_Flow 19-1700] Loaded user IP repository '/home/changhong/prj/finn/notebooks/EF-US-Engine-Free-Unstructured-Sparsity-Design-Alleviates-Accelerator-Bottlenecks/casestudy1/LeNet_MNIST_BNN/tmp/unfold/code_gen_ipgen_StreamingFIFO_rtl_9_k18pxc3m'.
INFO: [IP_Flow 19-1700] Loaded user IP repository '/home/changhong/prj/finn/notebooks/EF-US-Engine-Free-Unstructured-Sparsity-Design-Alleviates-Accelerator-Bottlenecks/casestudy1/LeNet_MNIST_BNN/tmp/unfold/code_gen_ipgen_MVAU_hls_2_u4m1vqer/project_MVAU_hls_2/sol1/impl/ip'.
INFO: [IP_Flow 19-1700] Loaded user IP repository '/home/changhong/prj/finn/notebooks/EF-US-Engine-Free-Unstructured-Sparsity-Design-Alleviates-Accelerator-Bottlenecks/casestudy1/LeNet_MNIST_BNN/tmp/unfold/code_gen_ipgen_StreamingFIFO_rtl_10_vvvj4k2b'.
INFO: [IP_Flow 19-1700] Loaded user IP repository '/home/changhong/prj/finn/notebooks/EF-US-Engine-Free-Unstructured-Sparsity-Design-Alleviates-Accelerator-Bottlenecks/casestudy1/LeNet_MNIST_BNN/tmp/unfold/code_gen_ipgen_MVAU_hls_3_xlwckhtm/project_MVAU_hls_3/sol1/impl/ip'.
INFO: [IP_Flow 19-1700] Loaded user IP repository '/home/changhong/prj/finn/notebooks/EF-US-Engine-Free-Unstructured-Sparsity-Design-Alleviates-Accelerator-Bottlenecks/casestudy1/LeNet_MNIST_BNN/tmp/unfold/code_gen_ipgen_StreamingFIFO_rtl_11_p37_05g4'.
INFO: [IP_Flow 19-1700] Loaded user IP repository '/home/changhong/prj/finn/notebooks/EF-US-Engine-Free-Unstructured-Sparsity-Design-Alleviates-Accelerator-Bottlenecks/casestudy1/LeNet_MNIST_BNN/tmp/unfold/code_gen_ipgen_MVAU_hls_4_7zz0ni5a/project_MVAU_hls_4/sol1/impl/ip'.
INFO: [IP_Flow 19-1700] Loaded user IP repository '/home/changhong/prj/finn/notebooks/EF-US-Engine-Free-Unstructured-Sparsity-Design-Alleviates-Accelerator-Bottlenecks/casestudy1/LeNet_MNIST_BNN/tmp/unfold/code_gen_ipgen_StreamingFIFO_rtl_12_dspkhcrc'.
WARNING: [IP_Flow 19-3571] IP 'finn_design_ConvolutionInputGenerator_rtl_2_0' is restricted:
* Detected changes to module reference file(s).
# add_files -norecurse /home/changhong/prj/finn/notebooks/EF-US-Engine-Free-Unstructured-Sparsity-Design-Alleviates-Accelerator-Bottlenecks/casestudy1/LeNet_MNIST_BNN/tmp/unfold/code_gen_ipgen_StreamingFIFO_rtl_8__bb9znh9/Q_srl.v
# add_files -norecurse /home/changhong/prj/finn/notebooks/EF-US-Engine-Free-Unstructured-Sparsity-Design-Alleviates-Accelerator-Bottlenecks/casestudy1/LeNet_MNIST_BNN/tmp/unfold/code_gen_ipgen_StreamingFIFO_rtl_8__bb9znh9/StreamingFIFO_rtl_8.v
# create_bd_cell -type module -reference StreamingFIFO_rtl_8 StreamingFIFO_rtl_8
INFO: [IP_Flow 19-5107] Inferred bus interface 'ap_clk' of definition 'xilinx.com:signal:clock:1.0' (from X_INTERFACE_INFO parameter from HDL file).
INFO: [IP_Flow 19-5107] Inferred bus interface 'ap_clk' of definition 'xilinx.com:signal:clock:1.0' (from 'X_INTERFACE_INFO' attribute).
INFO: [IP_Flow 19-5107] Inferred bus interface 'in0_V' of definition 'xilinx.com:interface:axis:1.0' (from Xilinx Repository).
INFO: [IP_Flow 19-5107] Inferred bus interface 'out0_V' of definition 'xilinx.com:interface:axis:1.0' (from Xilinx Repository).
INFO: [IP_Flow 19-5107] Inferred bus interface 'ap_rst_n' of definition 'xilinx.com:signal:reset:1.0' (from Xilinx Repository).
INFO: [IP_Flow 19-4728] Bus Interface 'ap_rst_n': Added interface parameter 'POLARITY' with value 'ACTIVE_LOW'.
INFO: [IP_Flow 19-4728] Bus Interface 'ap_clk': Added interface parameter 'ASSOCIATED_RESET' with value 'ap_rst_n'.
INFO: [IP_Flow 19-4728] Bus Interface 'ap_clk': Added interface parameter 'ASSOCIATED_BUSIF' with value 'in0_V'.
WARNING: [IP_Flow 19-3157] Bus Interface 'ap_rst_n': Bus parameter POLARITY is ACTIVE_LOW but port 'ap_rst_n' is not *resetn - please double check the POLARITY setting.
INFO: [IP_Flow 19-234] Refreshing IP repositories
INFO: [IP_Flow 19-1700] Loaded user IP repository '/home/changhong/prj/finn/finn-rtllib/memstream'.
INFO: [IP_Flow 19-1700] Loaded user IP repository '/home/changhong/prj/finn/notebooks/EF-US-Engine-Free-Unstructured-Sparsity-Design-Alleviates-Accelerator-Bottlenecks/casestudy1/LeNet_MNIST_BNN/tmp/unfold/code_gen_ipgen_StreamingFIFO_rtl_0_1ixurobd'.
INFO: [IP_Flow 19-1700] Loaded user IP repository '/home/changhong/prj/finn/notebooks/EF-US-Engine-Free-Unstructured-Sparsity-Design-Alleviates-Accelerator-Bottlenecks/casestudy1/LeNet_MNIST_BNN/tmp/unfold/code_gen_ipgen_ConvolutionInputGenerator_rtl_0_hf_js1hg'.
INFO: [IP_Flow 19-1700] Loaded user IP repository '/home/changhong/prj/finn/notebooks/EF-US-Engine-Free-Unstructured-Sparsity-Design-Alleviates-Accelerator-Bottlenecks/casestudy1/LeNet_MNIST_BNN/tmp/unfold/code_gen_ipgen_StreamingFIFO_rtl_1_fb4l_wzg'.
INFO: [IP_Flow 19-1700] Loaded user IP repository '/home/changhong/prj/finn/notebooks/EF-US-Engine-Free-Unstructured-Sparsity-Design-Alleviates-Accelerator-Bottlenecks/casestudy1/LeNet_MNIST_BNN/tmp/unfold/code_gen_ipgen_MVAU_hls_0_viqcdo6f/project_MVAU_hls_0/sol1/impl/ip'.
INFO: [IP_Flow 19-1700] Loaded user IP repository '/home/changhong/prj/finn/notebooks/EF-US-Engine-Free-Unstructured-Sparsity-Design-Alleviates-Accelerator-Bottlenecks/casestudy1/LeNet_MNIST_BNN/tmp/unfold/code_gen_ipgen_StreamingFIFO_rtl_2_m0eum0g8'.
INFO: [IP_Flow 19-1700] Loaded user IP repository '/home/changhong/prj/finn/notebooks/EF-US-Engine-Free-Unstructured-Sparsity-Design-Alleviates-Accelerator-Bottlenecks/casestudy1/LeNet_MNIST_BNN/tmp/unfold/code_gen_ipgen_StreamingMaxPool_hls_0_nh67h6v0/project_StreamingMaxPool_hls_0/sol1/impl/ip'.
INFO: [IP_Flow 19-1700] Loaded user IP repository '/home/changhong/prj/finn/notebooks/EF-US-Engine-Free-Unstructured-Sparsity-Design-Alleviates-Accelerator-Bottlenecks/casestudy1/LeNet_MNIST_BNN/tmp/unfold/code_gen_ipgen_StreamingFIFO_rtl_3_k61hxk08'.
INFO: [IP_Flow 19-1700] Loaded user IP repository '/home/changhong/prj/finn/notebooks/EF-US-Engine-Free-Unstructured-Sparsity-Design-Alleviates-Accelerator-Bottlenecks/casestudy1/LeNet_MNIST_BNN/tmp/unfold/code_gen_ipgen_ConvolutionInputGenerator_rtl_1_3kx8a4om'.
INFO: [IP_Flow 19-1700] Loaded user IP repository '/home/changhong/prj/finn/notebooks/EF-US-Engine-Free-Unstructured-Sparsity-Design-Alleviates-Accelerator-Bottlenecks/casestudy1/LeNet_MNIST_BNN/tmp/unfold/code_gen_ipgen_StreamingFIFO_rtl_4_yl3s_69e'.
INFO: [IP_Flow 19-1700] Loaded user IP repository '/home/changhong/prj/finn/notebooks/EF-US-Engine-Free-Unstructured-Sparsity-Design-Alleviates-Accelerator-Bottlenecks/casestudy1/LeNet_MNIST_BNN/tmp/unfold/code_gen_ipgen_MVAU_hls_1_jpdinwdu/project_MVAU_hls_1/sol1/impl/ip'.
INFO: [IP_Flow 19-1700] Loaded user IP repository '/home/changhong/prj/finn/notebooks/EF-US-Engine-Free-Unstructured-Sparsity-Design-Alleviates-Accelerator-Bottlenecks/casestudy1/LeNet_MNIST_BNN/tmp/unfold/code_gen_ipgen_StreamingFIFO_rtl_5_i6lfkpt4'.
INFO: [IP_Flow 19-1700] Loaded user IP repository '/home/changhong/prj/finn/notebooks/EF-US-Engine-Free-Unstructured-Sparsity-Design-Alleviates-Accelerator-Bottlenecks/casestudy1/LeNet_MNIST_BNN/tmp/unfold/code_gen_ipgen_StreamingMaxPool_hls_1_jqsajou9/project_StreamingMaxPool_hls_1/sol1/impl/ip'.
INFO: [IP_Flow 19-1700] Loaded user IP repository '/home/changhong/prj/finn/notebooks/EF-US-Engine-Free-Unstructured-Sparsity-Design-Alleviates-Accelerator-Bottlenecks/casestudy1/LeNet_MNIST_BNN/tmp/unfold/code_gen_ipgen_StreamingFIFO_rtl_6_y7zevmo1'.
INFO: [IP_Flow 19-1700] Loaded user IP repository '/home/changhong/prj/finn/notebooks/EF-US-Engine-Free-Unstructured-Sparsity-Design-Alleviates-Accelerator-Bottlenecks/casestudy1/LeNet_MNIST_BNN/tmp/unfold/code_gen_ipgen_StreamingDataWidthConverter_rtl_0_rf7pilz2'.
INFO: [IP_Flow 19-1700] Loaded user IP repository '/home/changhong/prj/finn/notebooks/EF-US-Engine-Free-Unstructured-Sparsity-Design-Alleviates-Accelerator-Bottlenecks/casestudy1/LeNet_MNIST_BNN/tmp/unfold/code_gen_ipgen_StreamingFIFO_rtl_7_b060y_rk'.
INFO: [IP_Flow 19-1700] Loaded user IP repository '/home/changhong/prj/finn/notebooks/EF-US-Engine-Free-Unstructured-Sparsity-Design-Alleviates-Accelerator-Bottlenecks/casestudy1/LeNet_MNIST_BNN/tmp/unfold/code_gen_ipgen_ConvolutionInputGenerator_rtl_2_vb1tag1m'.
INFO: [IP_Flow 19-1700] Loaded user IP repository '/home/changhong/prj/finn/notebooks/EF-US-Engine-Free-Unstructured-Sparsity-Design-Alleviates-Accelerator-Bottlenecks/casestudy1/LeNet_MNIST_BNN/tmp/unfold/code_gen_ipgen_StreamingFIFO_rtl_8__bb9znh9'.
INFO: [IP_Flow 19-1700] Loaded user IP repository '/home/changhong/prj/finn/notebooks/EF-US-Engine-Free-Unstructured-Sparsity-Design-Alleviates-Accelerator-Bottlenecks/casestudy1/LeNet_MNIST_BNN/tmp/unfold/code_gen_ipgen_StreamingDataWidthConverter_rtl_1_7y9_ezl0'.
INFO: [IP_Flow 19-1700] Loaded user IP repository '/home/changhong/prj/finn/notebooks/EF-US-Engine-Free-Unstructured-Sparsity-Design-Alleviates-Accelerator-Bottlenecks/casestudy1/LeNet_MNIST_BNN/tmp/unfold/code_gen_ipgen_StreamingFIFO_rtl_9_k18pxc3m'.
INFO: [IP_Flow 19-1700] Loaded user IP repository '/home/changhong/prj/finn/notebooks/EF-US-Engine-Free-Unstructured-Sparsity-Design-Alleviates-Accelerator-Bottlenecks/casestudy1/LeNet_MNIST_BNN/tmp/unfold/code_gen_ipgen_MVAU_hls_2_u4m1vqer/project_MVAU_hls_2/sol1/impl/ip'.
INFO: [IP_Flow 19-1700] Loaded user IP repository '/home/changhong/prj/finn/notebooks/EF-US-Engine-Free-Unstructured-Sparsity-Design-Alleviates-Accelerator-Bottlenecks/casestudy1/LeNet_MNIST_BNN/tmp/unfold/code_gen_ipgen_StreamingFIFO_rtl_10_vvvj4k2b'.
INFO: [IP_Flow 19-1700] Loaded user IP repository '/home/changhong/prj/finn/notebooks/EF-US-Engine-Free-Unstructured-Sparsity-Design-Alleviates-Accelerator-Bottlenecks/casestudy1/LeNet_MNIST_BNN/tmp/unfold/code_gen_ipgen_MVAU_hls_3_xlwckhtm/project_MVAU_hls_3/sol1/impl/ip'.
INFO: [IP_Flow 19-1700] Loaded user IP repository '/home/changhong/prj/finn/notebooks/EF-US-Engine-Free-Unstructured-Sparsity-Design-Alleviates-Accelerator-Bottlenecks/casestudy1/LeNet_MNIST_BNN/tmp/unfold/code_gen_ipgen_StreamingFIFO_rtl_11_p37_05g4'.
INFO: [IP_Flow 19-1700] Loaded user IP repository '/home/changhong/prj/finn/notebooks/EF-US-Engine-Free-Unstructured-Sparsity-Design-Alleviates-Accelerator-Bottlenecks/casestudy1/LeNet_MNIST_BNN/tmp/unfold/code_gen_ipgen_MVAU_hls_4_7zz0ni5a/project_MVAU_hls_4/sol1/impl/ip'.
INFO: [IP_Flow 19-1700] Loaded user IP repository '/home/changhong/prj/finn/notebooks/EF-US-Engine-Free-Unstructured-Sparsity-Design-Alleviates-Accelerator-Bottlenecks/casestudy1/LeNet_MNIST_BNN/tmp/unfold/code_gen_ipgen_StreamingFIFO_rtl_12_dspkhcrc'.
WARNING: [IP_Flow 19-3571] IP 'finn_design_StreamingFIFO_rtl_8_0' is restricted:
* Detected changes to module reference file(s).
# add_files -norecurse /home/changhong/prj/finn/notebooks/EF-US-Engine-Free-Unstructured-Sparsity-Design-Alleviates-Accelerator-Bottlenecks/casestudy1/LeNet_MNIST_BNN/tmp/unfold/code_gen_ipgen_StreamingDataWidthConverter_rtl_1_7y9_ezl0/dwc_axi.sv
# add_files -norecurse /home/changhong/prj/finn/notebooks/EF-US-Engine-Free-Unstructured-Sparsity-Design-Alleviates-Accelerator-Bottlenecks/casestudy1/LeNet_MNIST_BNN/tmp/unfold/code_gen_ipgen_StreamingDataWidthConverter_rtl_1_7y9_ezl0/dwc.sv
# add_files -norecurse /home/changhong/prj/finn/notebooks/EF-US-Engine-Free-Unstructured-Sparsity-Design-Alleviates-Accelerator-Bottlenecks/casestudy1/LeNet_MNIST_BNN/tmp/unfold/code_gen_ipgen_StreamingDataWidthConverter_rtl_1_7y9_ezl0/StreamingDataWidthConverter_rtl_1.v
# create_bd_cell -type module -reference StreamingDataWidthConverter_rtl_1 StreamingDataWidthConverter_rtl_1
INFO: [IP_Flow 19-5107] Inferred bus interface 'ap_clk' of definition 'xilinx.com:signal:clock:1.0' (from X_INTERFACE_INFO parameter from HDL file).
INFO: [IP_Flow 19-5107] Inferred bus interface 'ap_clk' of definition 'xilinx.com:signal:clock:1.0' (from 'X_INTERFACE_INFO' attribute).
INFO: [IP_Flow 19-5107] Inferred bus interface 'in0_V' of definition 'xilinx.com:interface:axis:1.0' (from Xilinx Repository).
INFO: [IP_Flow 19-5107] Inferred bus interface 'out0_V' of definition 'xilinx.com:interface:axis:1.0' (from Xilinx Repository).
INFO: [IP_Flow 19-5107] Inferred bus interface 'ap_rst_n' of definition 'xilinx.com:signal:reset:1.0' (from Xilinx Repository).
INFO: [IP_Flow 19-4728] Bus Interface 'ap_rst_n': Added interface parameter 'POLARITY' with value 'ACTIVE_LOW'.
INFO: [IP_Flow 19-4728] Bus Interface 'ap_clk': Added interface parameter 'ASSOCIATED_RESET' with value 'ap_rst_n'.
INFO: [IP_Flow 19-4728] Bus Interface 'ap_clk': Added interface parameter 'ASSOCIATED_BUSIF' with value 'in0_V'.
INFO: [IP_Flow 19-818] Not transferring value dependency attribute "(((spirit:decode(id('MODELPARAM_VALUE.IBITS')) + 7) / 8) * 8)" into user parameter "AXI_IBITS".
INFO: [IP_Flow 19-818] Not transferring value dependency attribute "(((spirit:decode(id('MODELPARAM_VALUE.OBITS')) + 7) / 8) * 8)" into user parameter "AXI_OBITS".
WARNING: [IP_Flow 19-3157] Bus Interface 'ap_rst_n': Bus parameter POLARITY is ACTIVE_LOW but port 'ap_rst_n' is not *resetn - please double check the POLARITY setting.
INFO: [IP_Flow 19-234] Refreshing IP repositories
INFO: [IP_Flow 19-1700] Loaded user IP repository '/home/changhong/prj/finn/finn-rtllib/memstream'.
INFO: [IP_Flow 19-1700] Loaded user IP repository '/home/changhong/prj/finn/notebooks/EF-US-Engine-Free-Unstructured-Sparsity-Design-Alleviates-Accelerator-Bottlenecks/casestudy1/LeNet_MNIST_BNN/tmp/unfold/code_gen_ipgen_StreamingFIFO_rtl_0_1ixurobd'.
INFO: [IP_Flow 19-1700] Loaded user IP repository '/home/changhong/prj/finn/notebooks/EF-US-Engine-Free-Unstructured-Sparsity-Design-Alleviates-Accelerator-Bottlenecks/casestudy1/LeNet_MNIST_BNN/tmp/unfold/code_gen_ipgen_ConvolutionInputGenerator_rtl_0_hf_js1hg'.
INFO: [IP_Flow 19-1700] Loaded user IP repository '/home/changhong/prj/finn/notebooks/EF-US-Engine-Free-Unstructured-Sparsity-Design-Alleviates-Accelerator-Bottlenecks/casestudy1/LeNet_MNIST_BNN/tmp/unfold/code_gen_ipgen_StreamingFIFO_rtl_1_fb4l_wzg'.
INFO: [IP_Flow 19-1700] Loaded user IP repository '/home/changhong/prj/finn/notebooks/EF-US-Engine-Free-Unstructured-Sparsity-Design-Alleviates-Accelerator-Bottlenecks/casestudy1/LeNet_MNIST_BNN/tmp/unfold/code_gen_ipgen_MVAU_hls_0_viqcdo6f/project_MVAU_hls_0/sol1/impl/ip'.
INFO: [IP_Flow 19-1700] Loaded user IP repository '/home/changhong/prj/finn/notebooks/EF-US-Engine-Free-Unstructured-Sparsity-Design-Alleviates-Accelerator-Bottlenecks/casestudy1/LeNet_MNIST_BNN/tmp/unfold/code_gen_ipgen_StreamingFIFO_rtl_2_m0eum0g8'.
INFO: [IP_Flow 19-1700] Loaded user IP repository '/home/changhong/prj/finn/notebooks/EF-US-Engine-Free-Unstructured-Sparsity-Design-Alleviates-Accelerator-Bottlenecks/casestudy1/LeNet_MNIST_BNN/tmp/unfold/code_gen_ipgen_StreamingMaxPool_hls_0_nh67h6v0/project_StreamingMaxPool_hls_0/sol1/impl/ip'.
INFO: [IP_Flow 19-1700] Loaded user IP repository '/home/changhong/prj/finn/notebooks/EF-US-Engine-Free-Unstructured-Sparsity-Design-Alleviates-Accelerator-Bottlenecks/casestudy1/LeNet_MNIST_BNN/tmp/unfold/code_gen_ipgen_StreamingFIFO_rtl_3_k61hxk08'.
INFO: [IP_Flow 19-1700] Loaded user IP repository '/home/changhong/prj/finn/notebooks/EF-US-Engine-Free-Unstructured-Sparsity-Design-Alleviates-Accelerator-Bottlenecks/casestudy1/LeNet_MNIST_BNN/tmp/unfold/code_gen_ipgen_ConvolutionInputGenerator_rtl_1_3kx8a4om'.
INFO: [IP_Flow 19-1700] Loaded user IP repository '/home/changhong/prj/finn/notebooks/EF-US-Engine-Free-Unstructured-Sparsity-Design-Alleviates-Accelerator-Bottlenecks/casestudy1/LeNet_MNIST_BNN/tmp/unfold/code_gen_ipgen_StreamingFIFO_rtl_4_yl3s_69e'.
INFO: [IP_Flow 19-1700] Loaded user IP repository '/home/changhong/prj/finn/notebooks/EF-US-Engine-Free-Unstructured-Sparsity-Design-Alleviates-Accelerator-Bottlenecks/casestudy1/LeNet_MNIST_BNN/tmp/unfold/code_gen_ipgen_MVAU_hls_1_jpdinwdu/project_MVAU_hls_1/sol1/impl/ip'.
INFO: [IP_Flow 19-1700] Loaded user IP repository '/home/changhong/prj/finn/notebooks/EF-US-Engine-Free-Unstructured-Sparsity-Design-Alleviates-Accelerator-Bottlenecks/casestudy1/LeNet_MNIST_BNN/tmp/unfold/code_gen_ipgen_StreamingFIFO_rtl_5_i6lfkpt4'.
INFO: [IP_Flow 19-1700] Loaded user IP repository '/home/changhong/prj/finn/notebooks/EF-US-Engine-Free-Unstructured-Sparsity-Design-Alleviates-Accelerator-Bottlenecks/casestudy1/LeNet_MNIST_BNN/tmp/unfold/code_gen_ipgen_StreamingMaxPool_hls_1_jqsajou9/project_StreamingMaxPool_hls_1/sol1/impl/ip'.
INFO: [IP_Flow 19-1700] Loaded user IP repository '/home/changhong/prj/finn/notebooks/EF-US-Engine-Free-Unstructured-Sparsity-Design-Alleviates-Accelerator-Bottlenecks/casestudy1/LeNet_MNIST_BNN/tmp/unfold/code_gen_ipgen_StreamingFIFO_rtl_6_y7zevmo1'.
INFO: [IP_Flow 19-1700] Loaded user IP repository '/home/changhong/prj/finn/notebooks/EF-US-Engine-Free-Unstructured-Sparsity-Design-Alleviates-Accelerator-Bottlenecks/casestudy1/LeNet_MNIST_BNN/tmp/unfold/code_gen_ipgen_StreamingDataWidthConverter_rtl_0_rf7pilz2'.
INFO: [IP_Flow 19-1700] Loaded user IP repository '/home/changhong/prj/finn/notebooks/EF-US-Engine-Free-Unstructured-Sparsity-Design-Alleviates-Accelerator-Bottlenecks/casestudy1/LeNet_MNIST_BNN/tmp/unfold/code_gen_ipgen_StreamingFIFO_rtl_7_b060y_rk'.
INFO: [IP_Flow 19-1700] Loaded user IP repository '/home/changhong/prj/finn/notebooks/EF-US-Engine-Free-Unstructured-Sparsity-Design-Alleviates-Accelerator-Bottlenecks/casestudy1/LeNet_MNIST_BNN/tmp/unfold/code_gen_ipgen_ConvolutionInputGenerator_rtl_2_vb1tag1m'.
INFO: [IP_Flow 19-1700] Loaded user IP repository '/home/changhong/prj/finn/notebooks/EF-US-Engine-Free-Unstructured-Sparsity-Design-Alleviates-Accelerator-Bottlenecks/casestudy1/LeNet_MNIST_BNN/tmp/unfold/code_gen_ipgen_StreamingFIFO_rtl_8__bb9znh9'.
INFO: [IP_Flow 19-1700] Loaded user IP repository '/home/changhong/prj/finn/notebooks/EF-US-Engine-Free-Unstructured-Sparsity-Design-Alleviates-Accelerator-Bottlenecks/casestudy1/LeNet_MNIST_BNN/tmp/unfold/code_gen_ipgen_StreamingDataWidthConverter_rtl_1_7y9_ezl0'.
INFO: [IP_Flow 19-1700] Loaded user IP repository '/home/changhong/prj/finn/notebooks/EF-US-Engine-Free-Unstructured-Sparsity-Design-Alleviates-Accelerator-Bottlenecks/casestudy1/LeNet_MNIST_BNN/tmp/unfold/code_gen_ipgen_StreamingFIFO_rtl_9_k18pxc3m'.
INFO: [IP_Flow 19-1700] Loaded user IP repository '/home/changhong/prj/finn/notebooks/EF-US-Engine-Free-Unstructured-Sparsity-Design-Alleviates-Accelerator-Bottlenecks/casestudy1/LeNet_MNIST_BNN/tmp/unfold/code_gen_ipgen_MVAU_hls_2_u4m1vqer/project_MVAU_hls_2/sol1/impl/ip'.
INFO: [IP_Flow 19-1700] Loaded user IP repository '/home/changhong/prj/finn/notebooks/EF-US-Engine-Free-Unstructured-Sparsity-Design-Alleviates-Accelerator-Bottlenecks/casestudy1/LeNet_MNIST_BNN/tmp/unfold/code_gen_ipgen_StreamingFIFO_rtl_10_vvvj4k2b'.
INFO: [IP_Flow 19-1700] Loaded user IP repository '/home/changhong/prj/finn/notebooks/EF-US-Engine-Free-Unstructured-Sparsity-Design-Alleviates-Accelerator-Bottlenecks/casestudy1/LeNet_MNIST_BNN/tmp/unfold/code_gen_ipgen_MVAU_hls_3_xlwckhtm/project_MVAU_hls_3/sol1/impl/ip'.
INFO: [IP_Flow 19-1700] Loaded user IP repository '/home/changhong/prj/finn/notebooks/EF-US-Engine-Free-Unstructured-Sparsity-Design-Alleviates-Accelerator-Bottlenecks/casestudy1/LeNet_MNIST_BNN/tmp/unfold/code_gen_ipgen_StreamingFIFO_rtl_11_p37_05g4'.
INFO: [IP_Flow 19-1700] Loaded user IP repository '/home/changhong/prj/finn/notebooks/EF-US-Engine-Free-Unstructured-Sparsity-Design-Alleviates-Accelerator-Bottlenecks/casestudy1/LeNet_MNIST_BNN/tmp/unfold/code_gen_ipgen_MVAU_hls_4_7zz0ni5a/project_MVAU_hls_4/sol1/impl/ip'.
INFO: [IP_Flow 19-1700] Loaded user IP repository '/home/changhong/prj/finn/notebooks/EF-US-Engine-Free-Unstructured-Sparsity-Design-Alleviates-Accelerator-Bottlenecks/casestudy1/LeNet_MNIST_BNN/tmp/unfold/code_gen_ipgen_StreamingFIFO_rtl_12_dspkhcrc'.
WARNING: [IP_Flow 19-3571] IP 'finn_design_StreamingDataWidthConverter_rtl_1_0' is restricted:
* Detected changes to module reference file(s).
# add_files -norecurse /home/changhong/prj/finn/notebooks/EF-US-Engine-Free-Unstructured-Sparsity-Design-Alleviates-Accelerator-Bottlenecks/casestudy1/LeNet_MNIST_BNN/tmp/unfold/code_gen_ipgen_StreamingFIFO_rtl_9_k18pxc3m/Q_srl.v
# add_files -norecurse /home/changhong/prj/finn/notebooks/EF-US-Engine-Free-Unstructured-Sparsity-Design-Alleviates-Accelerator-Bottlenecks/casestudy1/LeNet_MNIST_BNN/tmp/unfold/code_gen_ipgen_StreamingFIFO_rtl_9_k18pxc3m/StreamingFIFO_rtl_9.v
# create_bd_cell -type module -reference StreamingFIFO_rtl_9 StreamingFIFO_rtl_9
INFO: [IP_Flow 19-5107] Inferred bus interface 'ap_clk' of definition 'xilinx.com:signal:clock:1.0' (from X_INTERFACE_INFO parameter from HDL file).
INFO: [IP_Flow 19-5107] Inferred bus interface 'ap_clk' of definition 'xilinx.com:signal:clock:1.0' (from 'X_INTERFACE_INFO' attribute).
INFO: [IP_Flow 19-5107] Inferred bus interface 'in0_V' of definition 'xilinx.com:interface:axis:1.0' (from Xilinx Repository).
INFO: [IP_Flow 19-5107] Inferred bus interface 'out0_V' of definition 'xilinx.com:interface:axis:1.0' (from Xilinx Repository).
INFO: [IP_Flow 19-5107] Inferred bus interface 'ap_rst_n' of definition 'xilinx.com:signal:reset:1.0' (from Xilinx Repository).
INFO: [IP_Flow 19-4728] Bus Interface 'ap_rst_n': Added interface parameter 'POLARITY' with value 'ACTIVE_LOW'.
INFO: [IP_Flow 19-4728] Bus Interface 'ap_clk': Added interface parameter 'ASSOCIATED_RESET' with value 'ap_rst_n'.
INFO: [IP_Flow 19-4728] Bus Interface 'ap_clk': Added interface parameter 'ASSOCIATED_BUSIF' with value 'in0_V'.
WARNING: [IP_Flow 19-3157] Bus Interface 'ap_rst_n': Bus parameter POLARITY is ACTIVE_LOW but port 'ap_rst_n' is not *resetn - please double check the POLARITY setting.
INFO: [IP_Flow 19-234] Refreshing IP repositories
INFO: [IP_Flow 19-1700] Loaded user IP repository '/home/changhong/prj/finn/finn-rtllib/memstream'.
INFO: [IP_Flow 19-1700] Loaded user IP repository '/home/changhong/prj/finn/notebooks/EF-US-Engine-Free-Unstructured-Sparsity-Design-Alleviates-Accelerator-Bottlenecks/casestudy1/LeNet_MNIST_BNN/tmp/unfold/code_gen_ipgen_StreamingFIFO_rtl_0_1ixurobd'.
INFO: [IP_Flow 19-1700] Loaded user IP repository '/home/changhong/prj/finn/notebooks/EF-US-Engine-Free-Unstructured-Sparsity-Design-Alleviates-Accelerator-Bottlenecks/casestudy1/LeNet_MNIST_BNN/tmp/unfold/code_gen_ipgen_ConvolutionInputGenerator_rtl_0_hf_js1hg'.
INFO: [IP_Flow 19-1700] Loaded user IP repository '/home/changhong/prj/finn/notebooks/EF-US-Engine-Free-Unstructured-Sparsity-Design-Alleviates-Accelerator-Bottlenecks/casestudy1/LeNet_MNIST_BNN/tmp/unfold/code_gen_ipgen_StreamingFIFO_rtl_1_fb4l_wzg'.
INFO: [IP_Flow 19-1700] Loaded user IP repository '/home/changhong/prj/finn/notebooks/EF-US-Engine-Free-Unstructured-Sparsity-Design-Alleviates-Accelerator-Bottlenecks/casestudy1/LeNet_MNIST_BNN/tmp/unfold/code_gen_ipgen_MVAU_hls_0_viqcdo6f/project_MVAU_hls_0/sol1/impl/ip'.
INFO: [IP_Flow 19-1700] Loaded user IP repository '/home/changhong/prj/finn/notebooks/EF-US-Engine-Free-Unstructured-Sparsity-Design-Alleviates-Accelerator-Bottlenecks/casestudy1/LeNet_MNIST_BNN/tmp/unfold/code_gen_ipgen_StreamingFIFO_rtl_2_m0eum0g8'.
INFO: [IP_Flow 19-1700] Loaded user IP repository '/home/changhong/prj/finn/notebooks/EF-US-Engine-Free-Unstructured-Sparsity-Design-Alleviates-Accelerator-Bottlenecks/casestudy1/LeNet_MNIST_BNN/tmp/unfold/code_gen_ipgen_StreamingMaxPool_hls_0_nh67h6v0/project_StreamingMaxPool_hls_0/sol1/impl/ip'.
INFO: [IP_Flow 19-1700] Loaded user IP repository '/home/changhong/prj/finn/notebooks/EF-US-Engine-Free-Unstructured-Sparsity-Design-Alleviates-Accelerator-Bottlenecks/casestudy1/LeNet_MNIST_BNN/tmp/unfold/code_gen_ipgen_StreamingFIFO_rtl_3_k61hxk08'.
INFO: [IP_Flow 19-1700] Loaded user IP repository '/home/changhong/prj/finn/notebooks/EF-US-Engine-Free-Unstructured-Sparsity-Design-Alleviates-Accelerator-Bottlenecks/casestudy1/LeNet_MNIST_BNN/tmp/unfold/code_gen_ipgen_ConvolutionInputGenerator_rtl_1_3kx8a4om'.
INFO: [IP_Flow 19-1700] Loaded user IP repository '/home/changhong/prj/finn/notebooks/EF-US-Engine-Free-Unstructured-Sparsity-Design-Alleviates-Accelerator-Bottlenecks/casestudy1/LeNet_MNIST_BNN/tmp/unfold/code_gen_ipgen_StreamingFIFO_rtl_4_yl3s_69e'.
INFO: [IP_Flow 19-1700] Loaded user IP repository '/home/changhong/prj/finn/notebooks/EF-US-Engine-Free-Unstructured-Sparsity-Design-Alleviates-Accelerator-Bottlenecks/casestudy1/LeNet_MNIST_BNN/tmp/unfold/code_gen_ipgen_MVAU_hls_1_jpdinwdu/project_MVAU_hls_1/sol1/impl/ip'.
INFO: [IP_Flow 19-1700] Loaded user IP repository '/home/changhong/prj/finn/notebooks/EF-US-Engine-Free-Unstructured-Sparsity-Design-Alleviates-Accelerator-Bottlenecks/casestudy1/LeNet_MNIST_BNN/tmp/unfold/code_gen_ipgen_StreamingFIFO_rtl_5_i6lfkpt4'.
INFO: [IP_Flow 19-1700] Loaded user IP repository '/home/changhong/prj/finn/notebooks/EF-US-Engine-Free-Unstructured-Sparsity-Design-Alleviates-Accelerator-Bottlenecks/casestudy1/LeNet_MNIST_BNN/tmp/unfold/code_gen_ipgen_StreamingMaxPool_hls_1_jqsajou9/project_StreamingMaxPool_hls_1/sol1/impl/ip'.
INFO: [IP_Flow 19-1700] Loaded user IP repository '/home/changhong/prj/finn/notebooks/EF-US-Engine-Free-Unstructured-Sparsity-Design-Alleviates-Accelerator-Bottlenecks/casestudy1/LeNet_MNIST_BNN/tmp/unfold/code_gen_ipgen_StreamingFIFO_rtl_6_y7zevmo1'.
INFO: [IP_Flow 19-1700] Loaded user IP repository '/home/changhong/prj/finn/notebooks/EF-US-Engine-Free-Unstructured-Sparsity-Design-Alleviates-Accelerator-Bottlenecks/casestudy1/LeNet_MNIST_BNN/tmp/unfold/code_gen_ipgen_StreamingDataWidthConverter_rtl_0_rf7pilz2'.
INFO: [IP_Flow 19-1700] Loaded user IP repository '/home/changhong/prj/finn/notebooks/EF-US-Engine-Free-Unstructured-Sparsity-Design-Alleviates-Accelerator-Bottlenecks/casestudy1/LeNet_MNIST_BNN/tmp/unfold/code_gen_ipgen_StreamingFIFO_rtl_7_b060y_rk'.
INFO: [IP_Flow 19-1700] Loaded user IP repository '/home/changhong/prj/finn/notebooks/EF-US-Engine-Free-Unstructured-Sparsity-Design-Alleviates-Accelerator-Bottlenecks/casestudy1/LeNet_MNIST_BNN/tmp/unfold/code_gen_ipgen_ConvolutionInputGenerator_rtl_2_vb1tag1m'.
INFO: [IP_Flow 19-1700] Loaded user IP repository '/home/changhong/prj/finn/notebooks/EF-US-Engine-Free-Unstructured-Sparsity-Design-Alleviates-Accelerator-Bottlenecks/casestudy1/LeNet_MNIST_BNN/tmp/unfold/code_gen_ipgen_StreamingFIFO_rtl_8__bb9znh9'.
INFO: [IP_Flow 19-1700] Loaded user IP repository '/home/changhong/prj/finn/notebooks/EF-US-Engine-Free-Unstructured-Sparsity-Design-Alleviates-Accelerator-Bottlenecks/casestudy1/LeNet_MNIST_BNN/tmp/unfold/code_gen_ipgen_StreamingDataWidthConverter_rtl_1_7y9_ezl0'.
INFO: [IP_Flow 19-1700] Loaded user IP repository '/home/changhong/prj/finn/notebooks/EF-US-Engine-Free-Unstructured-Sparsity-Design-Alleviates-Accelerator-Bottlenecks/casestudy1/LeNet_MNIST_BNN/tmp/unfold/code_gen_ipgen_StreamingFIFO_rtl_9_k18pxc3m'.
INFO: [IP_Flow 19-1700] Loaded user IP repository '/home/changhong/prj/finn/notebooks/EF-US-Engine-Free-Unstructured-Sparsity-Design-Alleviates-Accelerator-Bottlenecks/casestudy1/LeNet_MNIST_BNN/tmp/unfold/code_gen_ipgen_MVAU_hls_2_u4m1vqer/project_MVAU_hls_2/sol1/impl/ip'.
INFO: [IP_Flow 19-1700] Loaded user IP repository '/home/changhong/prj/finn/notebooks/EF-US-Engine-Free-Unstructured-Sparsity-Design-Alleviates-Accelerator-Bottlenecks/casestudy1/LeNet_MNIST_BNN/tmp/unfold/code_gen_ipgen_StreamingFIFO_rtl_10_vvvj4k2b'.
INFO: [IP_Flow 19-1700] Loaded user IP repository '/home/changhong/prj/finn/notebooks/EF-US-Engine-Free-Unstructured-Sparsity-Design-Alleviates-Accelerator-Bottlenecks/casestudy1/LeNet_MNIST_BNN/tmp/unfold/code_gen_ipgen_MVAU_hls_3_xlwckhtm/project_MVAU_hls_3/sol1/impl/ip'.
INFO: [IP_Flow 19-1700] Loaded user IP repository '/home/changhong/prj/finn/notebooks/EF-US-Engine-Free-Unstructured-Sparsity-Design-Alleviates-Accelerator-Bottlenecks/casestudy1/LeNet_MNIST_BNN/tmp/unfold/code_gen_ipgen_StreamingFIFO_rtl_11_p37_05g4'.
INFO: [IP_Flow 19-1700] Loaded user IP repository '/home/changhong/prj/finn/notebooks/EF-US-Engine-Free-Unstructured-Sparsity-Design-Alleviates-Accelerator-Bottlenecks/casestudy1/LeNet_MNIST_BNN/tmp/unfold/code_gen_ipgen_MVAU_hls_4_7zz0ni5a/project_MVAU_hls_4/sol1/impl/ip'.
INFO: [IP_Flow 19-1700] Loaded user IP repository '/home/changhong/prj/finn/notebooks/EF-US-Engine-Free-Unstructured-Sparsity-Design-Alleviates-Accelerator-Bottlenecks/casestudy1/LeNet_MNIST_BNN/tmp/unfold/code_gen_ipgen_StreamingFIFO_rtl_12_dspkhcrc'.
WARNING: [IP_Flow 19-3571] IP 'finn_design_StreamingFIFO_rtl_9_0' is restricted:
* Detected changes to module reference file(s).
# file mkdir ./ip/verilog/rtl_ops/MVAU_hls_2
# create_bd_cell -type ip -vlnv xilinx.com:hls:MVAU_hls_2:1.0 MVAU_hls_2
# add_files -norecurse /home/changhong/prj/finn/notebooks/EF-US-Engine-Free-Unstructured-Sparsity-Design-Alleviates-Accelerator-Bottlenecks/casestudy1/LeNet_MNIST_BNN/tmp/unfold/code_gen_ipgen_StreamingFIFO_rtl_10_vvvj4k2b/Q_srl.v
# add_files -norecurse /home/changhong/prj/finn/notebooks/EF-US-Engine-Free-Unstructured-Sparsity-Design-Alleviates-Accelerator-Bottlenecks/casestudy1/LeNet_MNIST_BNN/tmp/unfold/code_gen_ipgen_StreamingFIFO_rtl_10_vvvj4k2b/StreamingFIFO_rtl_10.v
# create_bd_cell -type module -reference StreamingFIFO_rtl_10 StreamingFIFO_rtl_10
INFO: [IP_Flow 19-5107] Inferred bus interface 'ap_clk' of definition 'xilinx.com:signal:clock:1.0' (from X_INTERFACE_INFO parameter from HDL file).
INFO: [IP_Flow 19-5107] Inferred bus interface 'ap_clk' of definition 'xilinx.com:signal:clock:1.0' (from 'X_INTERFACE_INFO' attribute).
INFO: [IP_Flow 19-5107] Inferred bus interface 'in0_V' of definition 'xilinx.com:interface:axis:1.0' (from Xilinx Repository).
INFO: [IP_Flow 19-5107] Inferred bus interface 'out0_V' of definition 'xilinx.com:interface:axis:1.0' (from Xilinx Repository).
INFO: [IP_Flow 19-5107] Inferred bus interface 'ap_rst_n' of definition 'xilinx.com:signal:reset:1.0' (from Xilinx Repository).
INFO: [IP_Flow 19-4728] Bus Interface 'ap_rst_n': Added interface parameter 'POLARITY' with value 'ACTIVE_LOW'.
INFO: [IP_Flow 19-4728] Bus Interface 'ap_clk': Added interface parameter 'ASSOCIATED_RESET' with value 'ap_rst_n'.
INFO: [IP_Flow 19-4728] Bus Interface 'ap_clk': Added interface parameter 'ASSOCIATED_BUSIF' with value 'in0_V'.
WARNING: [IP_Flow 19-3157] Bus Interface 'ap_rst_n': Bus parameter POLARITY is ACTIVE_LOW but port 'ap_rst_n' is not *resetn - please double check the POLARITY setting.
INFO: [IP_Flow 19-234] Refreshing IP repositories
INFO: [IP_Flow 19-1700] Loaded user IP repository '/home/changhong/prj/finn/finn-rtllib/memstream'.
INFO: [IP_Flow 19-1700] Loaded user IP repository '/home/changhong/prj/finn/notebooks/EF-US-Engine-Free-Unstructured-Sparsity-Design-Alleviates-Accelerator-Bottlenecks/casestudy1/LeNet_MNIST_BNN/tmp/unfold/code_gen_ipgen_StreamingFIFO_rtl_0_1ixurobd'.
INFO: [IP_Flow 19-1700] Loaded user IP repository '/home/changhong/prj/finn/notebooks/EF-US-Engine-Free-Unstructured-Sparsity-Design-Alleviates-Accelerator-Bottlenecks/casestudy1/LeNet_MNIST_BNN/tmp/unfold/code_gen_ipgen_ConvolutionInputGenerator_rtl_0_hf_js1hg'.
INFO: [IP_Flow 19-1700] Loaded user IP repository '/home/changhong/prj/finn/notebooks/EF-US-Engine-Free-Unstructured-Sparsity-Design-Alleviates-Accelerator-Bottlenecks/casestudy1/LeNet_MNIST_BNN/tmp/unfold/code_gen_ipgen_StreamingFIFO_rtl_1_fb4l_wzg'.
INFO: [IP_Flow 19-1700] Loaded user IP repository '/home/changhong/prj/finn/notebooks/EF-US-Engine-Free-Unstructured-Sparsity-Design-Alleviates-Accelerator-Bottlenecks/casestudy1/LeNet_MNIST_BNN/tmp/unfold/code_gen_ipgen_MVAU_hls_0_viqcdo6f/project_MVAU_hls_0/sol1/impl/ip'.
INFO: [IP_Flow 19-1700] Loaded user IP repository '/home/changhong/prj/finn/notebooks/EF-US-Engine-Free-Unstructured-Sparsity-Design-Alleviates-Accelerator-Bottlenecks/casestudy1/LeNet_MNIST_BNN/tmp/unfold/code_gen_ipgen_StreamingFIFO_rtl_2_m0eum0g8'.
INFO: [IP_Flow 19-1700] Loaded user IP repository '/home/changhong/prj/finn/notebooks/EF-US-Engine-Free-Unstructured-Sparsity-Design-Alleviates-Accelerator-Bottlenecks/casestudy1/LeNet_MNIST_BNN/tmp/unfold/code_gen_ipgen_StreamingMaxPool_hls_0_nh67h6v0/project_StreamingMaxPool_hls_0/sol1/impl/ip'.
INFO: [IP_Flow 19-1700] Loaded user IP repository '/home/changhong/prj/finn/notebooks/EF-US-Engine-Free-Unstructured-Sparsity-Design-Alleviates-Accelerator-Bottlenecks/casestudy1/LeNet_MNIST_BNN/tmp/unfold/code_gen_ipgen_StreamingFIFO_rtl_3_k61hxk08'.
INFO: [IP_Flow 19-1700] Loaded user IP repository '/home/changhong/prj/finn/notebooks/EF-US-Engine-Free-Unstructured-Sparsity-Design-Alleviates-Accelerator-Bottlenecks/casestudy1/LeNet_MNIST_BNN/tmp/unfold/code_gen_ipgen_ConvolutionInputGenerator_rtl_1_3kx8a4om'.
INFO: [IP_Flow 19-1700] Loaded user IP repository '/home/changhong/prj/finn/notebooks/EF-US-Engine-Free-Unstructured-Sparsity-Design-Alleviates-Accelerator-Bottlenecks/casestudy1/LeNet_MNIST_BNN/tmp/unfold/code_gen_ipgen_StreamingFIFO_rtl_4_yl3s_69e'.
INFO: [IP_Flow 19-1700] Loaded user IP repository '/home/changhong/prj/finn/notebooks/EF-US-Engine-Free-Unstructured-Sparsity-Design-Alleviates-Accelerator-Bottlenecks/casestudy1/LeNet_MNIST_BNN/tmp/unfold/code_gen_ipgen_MVAU_hls_1_jpdinwdu/project_MVAU_hls_1/sol1/impl/ip'.
INFO: [IP_Flow 19-1700] Loaded user IP repository '/home/changhong/prj/finn/notebooks/EF-US-Engine-Free-Unstructured-Sparsity-Design-Alleviates-Accelerator-Bottlenecks/casestudy1/LeNet_MNIST_BNN/tmp/unfold/code_gen_ipgen_StreamingFIFO_rtl_5_i6lfkpt4'.
INFO: [IP_Flow 19-1700] Loaded user IP repository '/home/changhong/prj/finn/notebooks/EF-US-Engine-Free-Unstructured-Sparsity-Design-Alleviates-Accelerator-Bottlenecks/casestudy1/LeNet_MNIST_BNN/tmp/unfold/code_gen_ipgen_StreamingMaxPool_hls_1_jqsajou9/project_StreamingMaxPool_hls_1/sol1/impl/ip'.
INFO: [IP_Flow 19-1700] Loaded user IP repository '/home/changhong/prj/finn/notebooks/EF-US-Engine-Free-Unstructured-Sparsity-Design-Alleviates-Accelerator-Bottlenecks/casestudy1/LeNet_MNIST_BNN/tmp/unfold/code_gen_ipgen_StreamingFIFO_rtl_6_y7zevmo1'.
INFO: [IP_Flow 19-1700] Loaded user IP repository '/home/changhong/prj/finn/notebooks/EF-US-Engine-Free-Unstructured-Sparsity-Design-Alleviates-Accelerator-Bottlenecks/casestudy1/LeNet_MNIST_BNN/tmp/unfold/code_gen_ipgen_StreamingDataWidthConverter_rtl_0_rf7pilz2'.
INFO: [IP_Flow 19-1700] Loaded user IP repository '/home/changhong/prj/finn/notebooks/EF-US-Engine-Free-Unstructured-Sparsity-Design-Alleviates-Accelerator-Bottlenecks/casestudy1/LeNet_MNIST_BNN/tmp/unfold/code_gen_ipgen_StreamingFIFO_rtl_7_b060y_rk'.
INFO: [IP_Flow 19-1700] Loaded user IP repository '/home/changhong/prj/finn/notebooks/EF-US-Engine-Free-Unstructured-Sparsity-Design-Alleviates-Accelerator-Bottlenecks/casestudy1/LeNet_MNIST_BNN/tmp/unfold/code_gen_ipgen_ConvolutionInputGenerator_rtl_2_vb1tag1m'.
INFO: [IP_Flow 19-1700] Loaded user IP repository '/home/changhong/prj/finn/notebooks/EF-US-Engine-Free-Unstructured-Sparsity-Design-Alleviates-Accelerator-Bottlenecks/casestudy1/LeNet_MNIST_BNN/tmp/unfold/code_gen_ipgen_StreamingFIFO_rtl_8__bb9znh9'.
INFO: [IP_Flow 19-1700] Loaded user IP repository '/home/changhong/prj/finn/notebooks/EF-US-Engine-Free-Unstructured-Sparsity-Design-Alleviates-Accelerator-Bottlenecks/casestudy1/LeNet_MNIST_BNN/tmp/unfold/code_gen_ipgen_StreamingDataWidthConverter_rtl_1_7y9_ezl0'.
INFO: [IP_Flow 19-1700] Loaded user IP repository '/home/changhong/prj/finn/notebooks/EF-US-Engine-Free-Unstructured-Sparsity-Design-Alleviates-Accelerator-Bottlenecks/casestudy1/LeNet_MNIST_BNN/tmp/unfold/code_gen_ipgen_StreamingFIFO_rtl_9_k18pxc3m'.
INFO: [IP_Flow 19-1700] Loaded user IP repository '/home/changhong/prj/finn/notebooks/EF-US-Engine-Free-Unstructured-Sparsity-Design-Alleviates-Accelerator-Bottlenecks/casestudy1/LeNet_MNIST_BNN/tmp/unfold/code_gen_ipgen_MVAU_hls_2_u4m1vqer/project_MVAU_hls_2/sol1/impl/ip'.
INFO: [IP_Flow 19-1700] Loaded user IP repository '/home/changhong/prj/finn/notebooks/EF-US-Engine-Free-Unstructured-Sparsity-Design-Alleviates-Accelerator-Bottlenecks/casestudy1/LeNet_MNIST_BNN/tmp/unfold/code_gen_ipgen_StreamingFIFO_rtl_10_vvvj4k2b'.
INFO: [IP_Flow 19-1700] Loaded user IP repository '/home/changhong/prj/finn/notebooks/EF-US-Engine-Free-Unstructured-Sparsity-Design-Alleviates-Accelerator-Bottlenecks/casestudy1/LeNet_MNIST_BNN/tmp/unfold/code_gen_ipgen_MVAU_hls_3_xlwckhtm/project_MVAU_hls_3/sol1/impl/ip'.
INFO: [IP_Flow 19-1700] Loaded user IP repository '/home/changhong/prj/finn/notebooks/EF-US-Engine-Free-Unstructured-Sparsity-Design-Alleviates-Accelerator-Bottlenecks/casestudy1/LeNet_MNIST_BNN/tmp/unfold/code_gen_ipgen_StreamingFIFO_rtl_11_p37_05g4'.
INFO: [IP_Flow 19-1700] Loaded user IP repository '/home/changhong/prj/finn/notebooks/EF-US-Engine-Free-Unstructured-Sparsity-Design-Alleviates-Accelerator-Bottlenecks/casestudy1/LeNet_MNIST_BNN/tmp/unfold/code_gen_ipgen_MVAU_hls_4_7zz0ni5a/project_MVAU_hls_4/sol1/impl/ip'.
INFO: [IP_Flow 19-1700] Loaded user IP repository '/home/changhong/prj/finn/notebooks/EF-US-Engine-Free-Unstructured-Sparsity-Design-Alleviates-Accelerator-Bottlenecks/casestudy1/LeNet_MNIST_BNN/tmp/unfold/code_gen_ipgen_StreamingFIFO_rtl_12_dspkhcrc'.
WARNING: [IP_Flow 19-3571] IP 'finn_design_StreamingFIFO_rtl_10_0' is restricted:
* Detected changes to module reference file(s).
# file mkdir ./ip/verilog/rtl_ops/MVAU_hls_3
# create_bd_cell -type ip -vlnv xilinx.com:hls:MVAU_hls_3:1.0 MVAU_hls_3
# add_files -norecurse /home/changhong/prj/finn/notebooks/EF-US-Engine-Free-Unstructured-Sparsity-Design-Alleviates-Accelerator-Bottlenecks/casestudy1/LeNet_MNIST_BNN/tmp/unfold/code_gen_ipgen_StreamingFIFO_rtl_11_p37_05g4/Q_srl.v
# add_files -norecurse /home/changhong/prj/finn/notebooks/EF-US-Engine-Free-Unstructured-Sparsity-Design-Alleviates-Accelerator-Bottlenecks/casestudy1/LeNet_MNIST_BNN/tmp/unfold/code_gen_ipgen_StreamingFIFO_rtl_11_p37_05g4/StreamingFIFO_rtl_11.v
# create_bd_cell -type module -reference StreamingFIFO_rtl_11 StreamingFIFO_rtl_11
INFO: [IP_Flow 19-5107] Inferred bus interface 'ap_clk' of definition 'xilinx.com:signal:clock:1.0' (from X_INTERFACE_INFO parameter from HDL file).
INFO: [IP_Flow 19-5107] Inferred bus interface 'ap_clk' of definition 'xilinx.com:signal:clock:1.0' (from 'X_INTERFACE_INFO' attribute).
INFO: [IP_Flow 19-5107] Inferred bus interface 'in0_V' of definition 'xilinx.com:interface:axis:1.0' (from Xilinx Repository).
INFO: [IP_Flow 19-5107] Inferred bus interface 'out0_V' of definition 'xilinx.com:interface:axis:1.0' (from Xilinx Repository).
INFO: [IP_Flow 19-5107] Inferred bus interface 'ap_rst_n' of definition 'xilinx.com:signal:reset:1.0' (from Xilinx Repository).
INFO: [IP_Flow 19-4728] Bus Interface 'ap_rst_n': Added interface parameter 'POLARITY' with value 'ACTIVE_LOW'.
INFO: [IP_Flow 19-4728] Bus Interface 'ap_clk': Added interface parameter 'ASSOCIATED_RESET' with value 'ap_rst_n'.
INFO: [IP_Flow 19-4728] Bus Interface 'ap_clk': Added interface parameter 'ASSOCIATED_BUSIF' with value 'in0_V'.
WARNING: [IP_Flow 19-3157] Bus Interface 'ap_rst_n': Bus parameter POLARITY is ACTIVE_LOW but port 'ap_rst_n' is not *resetn - please double check the POLARITY setting.
INFO: [IP_Flow 19-234] Refreshing IP repositories
INFO: [IP_Flow 19-1700] Loaded user IP repository '/home/changhong/prj/finn/finn-rtllib/memstream'.
INFO: [IP_Flow 19-1700] Loaded user IP repository '/home/changhong/prj/finn/notebooks/EF-US-Engine-Free-Unstructured-Sparsity-Design-Alleviates-Accelerator-Bottlenecks/casestudy1/LeNet_MNIST_BNN/tmp/unfold/code_gen_ipgen_StreamingFIFO_rtl_0_1ixurobd'.
INFO: [IP_Flow 19-1700] Loaded user IP repository '/home/changhong/prj/finn/notebooks/EF-US-Engine-Free-Unstructured-Sparsity-Design-Alleviates-Accelerator-Bottlenecks/casestudy1/LeNet_MNIST_BNN/tmp/unfold/code_gen_ipgen_ConvolutionInputGenerator_rtl_0_hf_js1hg'.
INFO: [IP_Flow 19-1700] Loaded user IP repository '/home/changhong/prj/finn/notebooks/EF-US-Engine-Free-Unstructured-Sparsity-Design-Alleviates-Accelerator-Bottlenecks/casestudy1/LeNet_MNIST_BNN/tmp/unfold/code_gen_ipgen_StreamingFIFO_rtl_1_fb4l_wzg'.
INFO: [IP_Flow 19-1700] Loaded user IP repository '/home/changhong/prj/finn/notebooks/EF-US-Engine-Free-Unstructured-Sparsity-Design-Alleviates-Accelerator-Bottlenecks/casestudy1/LeNet_MNIST_BNN/tmp/unfold/code_gen_ipgen_MVAU_hls_0_viqcdo6f/project_MVAU_hls_0/sol1/impl/ip'.
INFO: [IP_Flow 19-1700] Loaded user IP repository '/home/changhong/prj/finn/notebooks/EF-US-Engine-Free-Unstructured-Sparsity-Design-Alleviates-Accelerator-Bottlenecks/casestudy1/LeNet_MNIST_BNN/tmp/unfold/code_gen_ipgen_StreamingFIFO_rtl_2_m0eum0g8'.
INFO: [IP_Flow 19-1700] Loaded user IP repository '/home/changhong/prj/finn/notebooks/EF-US-Engine-Free-Unstructured-Sparsity-Design-Alleviates-Accelerator-Bottlenecks/casestudy1/LeNet_MNIST_BNN/tmp/unfold/code_gen_ipgen_StreamingMaxPool_hls_0_nh67h6v0/project_StreamingMaxPool_hls_0/sol1/impl/ip'.
INFO: [IP_Flow 19-1700] Loaded user IP repository '/home/changhong/prj/finn/notebooks/EF-US-Engine-Free-Unstructured-Sparsity-Design-Alleviates-Accelerator-Bottlenecks/casestudy1/LeNet_MNIST_BNN/tmp/unfold/code_gen_ipgen_StreamingFIFO_rtl_3_k61hxk08'.
INFO: [IP_Flow 19-1700] Loaded user IP repository '/home/changhong/prj/finn/notebooks/EF-US-Engine-Free-Unstructured-Sparsity-Design-Alleviates-Accelerator-Bottlenecks/casestudy1/LeNet_MNIST_BNN/tmp/unfold/code_gen_ipgen_ConvolutionInputGenerator_rtl_1_3kx8a4om'.
INFO: [IP_Flow 19-1700] Loaded user IP repository '/home/changhong/prj/finn/notebooks/EF-US-Engine-Free-Unstructured-Sparsity-Design-Alleviates-Accelerator-Bottlenecks/casestudy1/LeNet_MNIST_BNN/tmp/unfold/code_gen_ipgen_StreamingFIFO_rtl_4_yl3s_69e'.
INFO: [IP_Flow 19-1700] Loaded user IP repository '/home/changhong/prj/finn/notebooks/EF-US-Engine-Free-Unstructured-Sparsity-Design-Alleviates-Accelerator-Bottlenecks/casestudy1/LeNet_MNIST_BNN/tmp/unfold/code_gen_ipgen_MVAU_hls_1_jpdinwdu/project_MVAU_hls_1/sol1/impl/ip'.
INFO: [IP_Flow 19-1700] Loaded user IP repository '/home/changhong/prj/finn/notebooks/EF-US-Engine-Free-Unstructured-Sparsity-Design-Alleviates-Accelerator-Bottlenecks/casestudy1/LeNet_MNIST_BNN/tmp/unfold/code_gen_ipgen_StreamingFIFO_rtl_5_i6lfkpt4'.
INFO: [IP_Flow 19-1700] Loaded user IP repository '/home/changhong/prj/finn/notebooks/EF-US-Engine-Free-Unstructured-Sparsity-Design-Alleviates-Accelerator-Bottlenecks/casestudy1/LeNet_MNIST_BNN/tmp/unfold/code_gen_ipgen_StreamingMaxPool_hls_1_jqsajou9/project_StreamingMaxPool_hls_1/sol1/impl/ip'.
INFO: [IP_Flow 19-1700] Loaded user IP repository '/home/changhong/prj/finn/notebooks/EF-US-Engine-Free-Unstructured-Sparsity-Design-Alleviates-Accelerator-Bottlenecks/casestudy1/LeNet_MNIST_BNN/tmp/unfold/code_gen_ipgen_StreamingFIFO_rtl_6_y7zevmo1'.
INFO: [IP_Flow 19-1700] Loaded user IP repository '/home/changhong/prj/finn/notebooks/EF-US-Engine-Free-Unstructured-Sparsity-Design-Alleviates-Accelerator-Bottlenecks/casestudy1/LeNet_MNIST_BNN/tmp/unfold/code_gen_ipgen_StreamingDataWidthConverter_rtl_0_rf7pilz2'.
INFO: [IP_Flow 19-1700] Loaded user IP repository '/home/changhong/prj/finn/notebooks/EF-US-Engine-Free-Unstructured-Sparsity-Design-Alleviates-Accelerator-Bottlenecks/casestudy1/LeNet_MNIST_BNN/tmp/unfold/code_gen_ipgen_StreamingFIFO_rtl_7_b060y_rk'.
INFO: [IP_Flow 19-1700] Loaded user IP repository '/home/changhong/prj/finn/notebooks/EF-US-Engine-Free-Unstructured-Sparsity-Design-Alleviates-Accelerator-Bottlenecks/casestudy1/LeNet_MNIST_BNN/tmp/unfold/code_gen_ipgen_ConvolutionInputGenerator_rtl_2_vb1tag1m'.
INFO: [IP_Flow 19-1700] Loaded user IP repository '/home/changhong/prj/finn/notebooks/EF-US-Engine-Free-Unstructured-Sparsity-Design-Alleviates-Accelerator-Bottlenecks/casestudy1/LeNet_MNIST_BNN/tmp/unfold/code_gen_ipgen_StreamingFIFO_rtl_8__bb9znh9'.
INFO: [IP_Flow 19-1700] Loaded user IP repository '/home/changhong/prj/finn/notebooks/EF-US-Engine-Free-Unstructured-Sparsity-Design-Alleviates-Accelerator-Bottlenecks/casestudy1/LeNet_MNIST_BNN/tmp/unfold/code_gen_ipgen_StreamingDataWidthConverter_rtl_1_7y9_ezl0'.
INFO: [IP_Flow 19-1700] Loaded user IP repository '/home/changhong/prj/finn/notebooks/EF-US-Engine-Free-Unstructured-Sparsity-Design-Alleviates-Accelerator-Bottlenecks/casestudy1/LeNet_MNIST_BNN/tmp/unfold/code_gen_ipgen_StreamingFIFO_rtl_9_k18pxc3m'.
INFO: [IP_Flow 19-1700] Loaded user IP repository '/home/changhong/prj/finn/notebooks/EF-US-Engine-Free-Unstructured-Sparsity-Design-Alleviates-Accelerator-Bottlenecks/casestudy1/LeNet_MNIST_BNN/tmp/unfold/code_gen_ipgen_MVAU_hls_2_u4m1vqer/project_MVAU_hls_2/sol1/impl/ip'.
INFO: [IP_Flow 19-1700] Loaded user IP repository '/home/changhong/prj/finn/notebooks/EF-US-Engine-Free-Unstructured-Sparsity-Design-Alleviates-Accelerator-Bottlenecks/casestudy1/LeNet_MNIST_BNN/tmp/unfold/code_gen_ipgen_StreamingFIFO_rtl_10_vvvj4k2b'.
INFO: [IP_Flow 19-1700] Loaded user IP repository '/home/changhong/prj/finn/notebooks/EF-US-Engine-Free-Unstructured-Sparsity-Design-Alleviates-Accelerator-Bottlenecks/casestudy1/LeNet_MNIST_BNN/tmp/unfold/code_gen_ipgen_MVAU_hls_3_xlwckhtm/project_MVAU_hls_3/sol1/impl/ip'.
INFO: [IP_Flow 19-1700] Loaded user IP repository '/home/changhong/prj/finn/notebooks/EF-US-Engine-Free-Unstructured-Sparsity-Design-Alleviates-Accelerator-Bottlenecks/casestudy1/LeNet_MNIST_BNN/tmp/unfold/code_gen_ipgen_StreamingFIFO_rtl_11_p37_05g4'.
INFO: [IP_Flow 19-1700] Loaded user IP repository '/home/changhong/prj/finn/notebooks/EF-US-Engine-Free-Unstructured-Sparsity-Design-Alleviates-Accelerator-Bottlenecks/casestudy1/LeNet_MNIST_BNN/tmp/unfold/code_gen_ipgen_MVAU_hls_4_7zz0ni5a/project_MVAU_hls_4/sol1/impl/ip'.
INFO: [IP_Flow 19-1700] Loaded user IP repository '/home/changhong/prj/finn/notebooks/EF-US-Engine-Free-Unstructured-Sparsity-Design-Alleviates-Accelerator-Bottlenecks/casestudy1/LeNet_MNIST_BNN/tmp/unfold/code_gen_ipgen_StreamingFIFO_rtl_12_dspkhcrc'.
WARNING: [IP_Flow 19-3571] IP 'finn_design_StreamingFIFO_rtl_11_0' is restricted:
* Detected changes to module reference file(s).
# file mkdir ./ip/verilog/rtl_ops/MVAU_hls_4
# create_bd_cell -type ip -vlnv xilinx.com:hls:MVAU_hls_4:1.0 MVAU_hls_4
# add_files -norecurse /home/changhong/prj/finn/notebooks/EF-US-Engine-Free-Unstructured-Sparsity-Design-Alleviates-Accelerator-Bottlenecks/casestudy1/LeNet_MNIST_BNN/tmp/unfold/code_gen_ipgen_StreamingFIFO_rtl_12_dspkhcrc/Q_srl.v
# add_files -norecurse /home/changhong/prj/finn/notebooks/EF-US-Engine-Free-Unstructured-Sparsity-Design-Alleviates-Accelerator-Bottlenecks/casestudy1/LeNet_MNIST_BNN/tmp/unfold/code_gen_ipgen_StreamingFIFO_rtl_12_dspkhcrc/StreamingFIFO_rtl_12.v
# create_bd_cell -type module -reference StreamingFIFO_rtl_12 StreamingFIFO_rtl_12
INFO: [IP_Flow 19-5107] Inferred bus interface 'ap_clk' of definition 'xilinx.com:signal:clock:1.0' (from X_INTERFACE_INFO parameter from HDL file).
INFO: [IP_Flow 19-5107] Inferred bus interface 'ap_clk' of definition 'xilinx.com:signal:clock:1.0' (from 'X_INTERFACE_INFO' attribute).
INFO: [IP_Flow 19-5107] Inferred bus interface 'in0_V' of definition 'xilinx.com:interface:axis:1.0' (from Xilinx Repository).
INFO: [IP_Flow 19-5107] Inferred bus interface 'out0_V' of definition 'xilinx.com:interface:axis:1.0' (from Xilinx Repository).
INFO: [IP_Flow 19-5107] Inferred bus interface 'ap_rst_n' of definition 'xilinx.com:signal:reset:1.0' (from Xilinx Repository).
INFO: [IP_Flow 19-4728] Bus Interface 'ap_rst_n': Added interface parameter 'POLARITY' with value 'ACTIVE_LOW'.
INFO: [IP_Flow 19-4728] Bus Interface 'ap_clk': Added interface parameter 'ASSOCIATED_RESET' with value 'ap_rst_n'.
INFO: [IP_Flow 19-4728] Bus Interface 'ap_clk': Added interface parameter 'ASSOCIATED_BUSIF' with value 'in0_V'.
WARNING: [IP_Flow 19-3157] Bus Interface 'ap_rst_n': Bus parameter POLARITY is ACTIVE_LOW but port 'ap_rst_n' is not *resetn - please double check the POLARITY setting.
INFO: [IP_Flow 19-234] Refreshing IP repositories
INFO: [IP_Flow 19-1700] Loaded user IP repository '/home/changhong/prj/finn/finn-rtllib/memstream'.
INFO: [IP_Flow 19-1700] Loaded user IP repository '/home/changhong/prj/finn/notebooks/EF-US-Engine-Free-Unstructured-Sparsity-Design-Alleviates-Accelerator-Bottlenecks/casestudy1/LeNet_MNIST_BNN/tmp/unfold/code_gen_ipgen_StreamingFIFO_rtl_0_1ixurobd'.
INFO: [IP_Flow 19-1700] Loaded user IP repository '/home/changhong/prj/finn/notebooks/EF-US-Engine-Free-Unstructured-Sparsity-Design-Alleviates-Accelerator-Bottlenecks/casestudy1/LeNet_MNIST_BNN/tmp/unfold/code_gen_ipgen_ConvolutionInputGenerator_rtl_0_hf_js1hg'.
INFO: [IP_Flow 19-1700] Loaded user IP repository '/home/changhong/prj/finn/notebooks/EF-US-Engine-Free-Unstructured-Sparsity-Design-Alleviates-Accelerator-Bottlenecks/casestudy1/LeNet_MNIST_BNN/tmp/unfold/code_gen_ipgen_StreamingFIFO_rtl_1_fb4l_wzg'.
INFO: [IP_Flow 19-1700] Loaded user IP repository '/home/changhong/prj/finn/notebooks/EF-US-Engine-Free-Unstructured-Sparsity-Design-Alleviates-Accelerator-Bottlenecks/casestudy1/LeNet_MNIST_BNN/tmp/unfold/code_gen_ipgen_MVAU_hls_0_viqcdo6f/project_MVAU_hls_0/sol1/impl/ip'.
INFO: [IP_Flow 19-1700] Loaded user IP repository '/home/changhong/prj/finn/notebooks/EF-US-Engine-Free-Unstructured-Sparsity-Design-Alleviates-Accelerator-Bottlenecks/casestudy1/LeNet_MNIST_BNN/tmp/unfold/code_gen_ipgen_StreamingFIFO_rtl_2_m0eum0g8'.
INFO: [IP_Flow 19-1700] Loaded user IP repository '/home/changhong/prj/finn/notebooks/EF-US-Engine-Free-Unstructured-Sparsity-Design-Alleviates-Accelerator-Bottlenecks/casestudy1/LeNet_MNIST_BNN/tmp/unfold/code_gen_ipgen_StreamingMaxPool_hls_0_nh67h6v0/project_StreamingMaxPool_hls_0/sol1/impl/ip'.
INFO: [IP_Flow 19-1700] Loaded user IP repository '/home/changhong/prj/finn/notebooks/EF-US-Engine-Free-Unstructured-Sparsity-Design-Alleviates-Accelerator-Bottlenecks/casestudy1/LeNet_MNIST_BNN/tmp/unfold/code_gen_ipgen_StreamingFIFO_rtl_3_k61hxk08'.
INFO: [IP_Flow 19-1700] Loaded user IP repository '/home/changhong/prj/finn/notebooks/EF-US-Engine-Free-Unstructured-Sparsity-Design-Alleviates-Accelerator-Bottlenecks/casestudy1/LeNet_MNIST_BNN/tmp/unfold/code_gen_ipgen_ConvolutionInputGenerator_rtl_1_3kx8a4om'.
INFO: [IP_Flow 19-1700] Loaded user IP repository '/home/changhong/prj/finn/notebooks/EF-US-Engine-Free-Unstructured-Sparsity-Design-Alleviates-Accelerator-Bottlenecks/casestudy1/LeNet_MNIST_BNN/tmp/unfold/code_gen_ipgen_StreamingFIFO_rtl_4_yl3s_69e'.
INFO: [IP_Flow 19-1700] Loaded user IP repository '/home/changhong/prj/finn/notebooks/EF-US-Engine-Free-Unstructured-Sparsity-Design-Alleviates-Accelerator-Bottlenecks/casestudy1/LeNet_MNIST_BNN/tmp/unfold/code_gen_ipgen_MVAU_hls_1_jpdinwdu/project_MVAU_hls_1/sol1/impl/ip'.
INFO: [IP_Flow 19-1700] Loaded user IP repository '/home/changhong/prj/finn/notebooks/EF-US-Engine-Free-Unstructured-Sparsity-Design-Alleviates-Accelerator-Bottlenecks/casestudy1/LeNet_MNIST_BNN/tmp/unfold/code_gen_ipgen_StreamingFIFO_rtl_5_i6lfkpt4'.
INFO: [IP_Flow 19-1700] Loaded user IP repository '/home/changhong/prj/finn/notebooks/EF-US-Engine-Free-Unstructured-Sparsity-Design-Alleviates-Accelerator-Bottlenecks/casestudy1/LeNet_MNIST_BNN/tmp/unfold/code_gen_ipgen_StreamingMaxPool_hls_1_jqsajou9/project_StreamingMaxPool_hls_1/sol1/impl/ip'.
INFO: [IP_Flow 19-1700] Loaded user IP repository '/home/changhong/prj/finn/notebooks/EF-US-Engine-Free-Unstructured-Sparsity-Design-Alleviates-Accelerator-Bottlenecks/casestudy1/LeNet_MNIST_BNN/tmp/unfold/code_gen_ipgen_StreamingFIFO_rtl_6_y7zevmo1'.
INFO: [IP_Flow 19-1700] Loaded user IP repository '/home/changhong/prj/finn/notebooks/EF-US-Engine-Free-Unstructured-Sparsity-Design-Alleviates-Accelerator-Bottlenecks/casestudy1/LeNet_MNIST_BNN/tmp/unfold/code_gen_ipgen_StreamingDataWidthConverter_rtl_0_rf7pilz2'.
INFO: [IP_Flow 19-1700] Loaded user IP repository '/home/changhong/prj/finn/notebooks/EF-US-Engine-Free-Unstructured-Sparsity-Design-Alleviates-Accelerator-Bottlenecks/casestudy1/LeNet_MNIST_BNN/tmp/unfold/code_gen_ipgen_StreamingFIFO_rtl_7_b060y_rk'.
INFO: [IP_Flow 19-1700] Loaded user IP repository '/home/changhong/prj/finn/notebooks/EF-US-Engine-Free-Unstructured-Sparsity-Design-Alleviates-Accelerator-Bottlenecks/casestudy1/LeNet_MNIST_BNN/tmp/unfold/code_gen_ipgen_ConvolutionInputGenerator_rtl_2_vb1tag1m'.
INFO: [IP_Flow 19-1700] Loaded user IP repository '/home/changhong/prj/finn/notebooks/EF-US-Engine-Free-Unstructured-Sparsity-Design-Alleviates-Accelerator-Bottlenecks/casestudy1/LeNet_MNIST_BNN/tmp/unfold/code_gen_ipgen_StreamingFIFO_rtl_8__bb9znh9'.
INFO: [IP_Flow 19-1700] Loaded user IP repository '/home/changhong/prj/finn/notebooks/EF-US-Engine-Free-Unstructured-Sparsity-Design-Alleviates-Accelerator-Bottlenecks/casestudy1/LeNet_MNIST_BNN/tmp/unfold/code_gen_ipgen_StreamingDataWidthConverter_rtl_1_7y9_ezl0'.
INFO: [IP_Flow 19-1700] Loaded user IP repository '/home/changhong/prj/finn/notebooks/EF-US-Engine-Free-Unstructured-Sparsity-Design-Alleviates-Accelerator-Bottlenecks/casestudy1/LeNet_MNIST_BNN/tmp/unfold/code_gen_ipgen_StreamingFIFO_rtl_9_k18pxc3m'.
INFO: [IP_Flow 19-1700] Loaded user IP repository '/home/changhong/prj/finn/notebooks/EF-US-Engine-Free-Unstructured-Sparsity-Design-Alleviates-Accelerator-Bottlenecks/casestudy1/LeNet_MNIST_BNN/tmp/unfold/code_gen_ipgen_MVAU_hls_2_u4m1vqer/project_MVAU_hls_2/sol1/impl/ip'.
INFO: [IP_Flow 19-1700] Loaded user IP repository '/home/changhong/prj/finn/notebooks/EF-US-Engine-Free-Unstructured-Sparsity-Design-Alleviates-Accelerator-Bottlenecks/casestudy1/LeNet_MNIST_BNN/tmp/unfold/code_gen_ipgen_StreamingFIFO_rtl_10_vvvj4k2b'.
INFO: [IP_Flow 19-1700] Loaded user IP repository '/home/changhong/prj/finn/notebooks/EF-US-Engine-Free-Unstructured-Sparsity-Design-Alleviates-Accelerator-Bottlenecks/casestudy1/LeNet_MNIST_BNN/tmp/unfold/code_gen_ipgen_MVAU_hls_3_xlwckhtm/project_MVAU_hls_3/sol1/impl/ip'.
INFO: [IP_Flow 19-1700] Loaded user IP repository '/home/changhong/prj/finn/notebooks/EF-US-Engine-Free-Unstructured-Sparsity-Design-Alleviates-Accelerator-Bottlenecks/casestudy1/LeNet_MNIST_BNN/tmp/unfold/code_gen_ipgen_StreamingFIFO_rtl_11_p37_05g4'.
INFO: [IP_Flow 19-1700] Loaded user IP repository '/home/changhong/prj/finn/notebooks/EF-US-Engine-Free-Unstructured-Sparsity-Design-Alleviates-Accelerator-Bottlenecks/casestudy1/LeNet_MNIST_BNN/tmp/unfold/code_gen_ipgen_MVAU_hls_4_7zz0ni5a/project_MVAU_hls_4/sol1/impl/ip'.
INFO: [IP_Flow 19-1700] Loaded user IP repository '/home/changhong/prj/finn/notebooks/EF-US-Engine-Free-Unstructured-Sparsity-Design-Alleviates-Accelerator-Bottlenecks/casestudy1/LeNet_MNIST_BNN/tmp/unfold/code_gen_ipgen_StreamingFIFO_rtl_12_dspkhcrc'.
WARNING: [IP_Flow 19-3571] IP 'finn_design_StreamingFIFO_rtl_12_0' is restricted:
* Detected changes to module reference file(s).
# make_bd_pins_external [get_bd_pins StreamingFIFO_rtl_0/ap_clk]
# set_property name ap_clk [get_bd_ports ap_clk_0]
# make_bd_pins_external [get_bd_pins StreamingFIFO_rtl_0/ap_rst_n]
# set_property name ap_rst_n [get_bd_ports ap_rst_n_0]
# connect_bd_net [get_bd_ports ap_rst_n] [get_bd_pins ConvolutionInputGenerator_rtl_0/ap_rst_n]
# connect_bd_net [get_bd_ports ap_clk] [get_bd_pins ConvolutionInputGenerator_rtl_0/ap_clk]
# connect_bd_intf_net [get_bd_intf_pins StreamingFIFO_rtl_0/out0_V] [get_bd_intf_pins ConvolutionInputGenerator_rtl_0/in0_V]
# connect_bd_net [get_bd_ports ap_rst_n] [get_bd_pins StreamingFIFO_rtl_1/ap_rst_n]
# connect_bd_net [get_bd_ports ap_clk] [get_bd_pins StreamingFIFO_rtl_1/ap_clk]
# connect_bd_intf_net [get_bd_intf_pins ConvolutionInputGenerator_rtl_0/out0_V] [get_bd_intf_pins StreamingFIFO_rtl_1/in0_V]
# connect_bd_net [get_bd_ports ap_rst_n] [get_bd_pins MVAU_hls_0/ap_rst_n]
# connect_bd_net [get_bd_ports ap_clk] [get_bd_pins MVAU_hls_0/ap_clk]
# connect_bd_intf_net [get_bd_intf_pins StreamingFIFO_rtl_1/out0_V] [get_bd_intf_pins MVAU_hls_0/in0_V]
# connect_bd_net [get_bd_ports ap_rst_n] [get_bd_pins StreamingFIFO_rtl_2/ap_rst_n]
# connect_bd_net [get_bd_ports ap_clk] [get_bd_pins StreamingFIFO_rtl_2/ap_clk]
# connect_bd_intf_net [get_bd_intf_pins MVAU_hls_0/out0_V] [get_bd_intf_pins StreamingFIFO_rtl_2/in0_V]
# connect_bd_net [get_bd_ports ap_rst_n] [get_bd_pins StreamingMaxPool_hls_0/ap_rst_n]
# connect_bd_net [get_bd_ports ap_clk] [get_bd_pins StreamingMaxPool_hls_0/ap_clk]
# connect_bd_intf_net [get_bd_intf_pins StreamingFIFO_rtl_2/out0_V] [get_bd_intf_pins StreamingMaxPool_hls_0/in0_V]
# connect_bd_net [get_bd_ports ap_rst_n] [get_bd_pins StreamingFIFO_rtl_3/ap_rst_n]
# connect_bd_net [get_bd_ports ap_clk] [get_bd_pins StreamingFIFO_rtl_3/ap_clk]
# connect_bd_intf_net [get_bd_intf_pins StreamingMaxPool_hls_0/out0_V] [get_bd_intf_pins StreamingFIFO_rtl_3/in0_V]
# connect_bd_net [get_bd_ports ap_rst_n] [get_bd_pins ConvolutionInputGenerator_rtl_1/ap_rst_n]
# connect_bd_net [get_bd_ports ap_clk] [get_bd_pins ConvolutionInputGenerator_rtl_1/ap_clk]
# connect_bd_intf_net [get_bd_intf_pins StreamingFIFO_rtl_3/out0_V] [get_bd_intf_pins ConvolutionInputGenerator_rtl_1/in0_V]
# connect_bd_net [get_bd_ports ap_rst_n] [get_bd_pins StreamingFIFO_rtl_4/ap_rst_n]
# connect_bd_net [get_bd_ports ap_clk] [get_bd_pins StreamingFIFO_rtl_4/ap_clk]
# connect_bd_intf_net [get_bd_intf_pins ConvolutionInputGenerator_rtl_1/out0_V] [get_bd_intf_pins StreamingFIFO_rtl_4/in0_V]
# connect_bd_net [get_bd_ports ap_rst_n] [get_bd_pins MVAU_hls_1/ap_rst_n]
# connect_bd_net [get_bd_ports ap_clk] [get_bd_pins MVAU_hls_1/ap_clk]
# connect_bd_intf_net [get_bd_intf_pins StreamingFIFO_rtl_4/out0_V] [get_bd_intf_pins MVAU_hls_1/in0_V]
# connect_bd_net [get_bd_ports ap_rst_n] [get_bd_pins StreamingFIFO_rtl_5/ap_rst_n]
# connect_bd_net [get_bd_ports ap_clk] [get_bd_pins StreamingFIFO_rtl_5/ap_clk]
# connect_bd_intf_net [get_bd_intf_pins MVAU_hls_1/out0_V] [get_bd_intf_pins StreamingFIFO_rtl_5/in0_V]
# connect_bd_net [get_bd_ports ap_rst_n] [get_bd_pins StreamingMaxPool_hls_1/ap_rst_n]
# connect_bd_net [get_bd_ports ap_clk] [get_bd_pins StreamingMaxPool_hls_1/ap_clk]
# connect_bd_intf_net [get_bd_intf_pins StreamingFIFO_rtl_5/out0_V] [get_bd_intf_pins StreamingMaxPool_hls_1/in0_V]
# connect_bd_net [get_bd_ports ap_rst_n] [get_bd_pins StreamingFIFO_rtl_6/ap_rst_n]
# connect_bd_net [get_bd_ports ap_clk] [get_bd_pins StreamingFIFO_rtl_6/ap_clk]
# connect_bd_intf_net [get_bd_intf_pins StreamingMaxPool_hls_1/out0_V] [get_bd_intf_pins StreamingFIFO_rtl_6/in0_V]
# connect_bd_net [get_bd_ports ap_rst_n] [get_bd_pins StreamingDataWidthConverter_rtl_0/ap_rst_n]
# connect_bd_net [get_bd_ports ap_clk] [get_bd_pins StreamingDataWidthConverter_rtl_0/ap_clk]
# connect_bd_intf_net [get_bd_intf_pins StreamingFIFO_rtl_6/out0_V] [get_bd_intf_pins StreamingDataWidthConverter_rtl_0/in0_V]
# connect_bd_net [get_bd_ports ap_rst_n] [get_bd_pins StreamingFIFO_rtl_7/ap_rst_n]
# connect_bd_net [get_bd_ports ap_clk] [get_bd_pins StreamingFIFO_rtl_7/ap_clk]
# connect_bd_intf_net [get_bd_intf_pins StreamingDataWidthConverter_rtl_0/out0_V] [get_bd_intf_pins StreamingFIFO_rtl_7/in0_V]
# connect_bd_net [get_bd_ports ap_rst_n] [get_bd_pins ConvolutionInputGenerator_rtl_2/ap_rst_n]
# connect_bd_net [get_bd_ports ap_clk] [get_bd_pins ConvolutionInputGenerator_rtl_2/ap_clk]
# connect_bd_intf_net [get_bd_intf_pins StreamingFIFO_rtl_7/out0_V] [get_bd_intf_pins ConvolutionInputGenerator_rtl_2/in0_V]
# connect_bd_net [get_bd_ports ap_rst_n] [get_bd_pins StreamingFIFO_rtl_8/ap_rst_n]
# connect_bd_net [get_bd_ports ap_clk] [get_bd_pins StreamingFIFO_rtl_8/ap_clk]
# connect_bd_intf_net [get_bd_intf_pins ConvolutionInputGenerator_rtl_2/out0_V] [get_bd_intf_pins StreamingFIFO_rtl_8/in0_V]
# connect_bd_net [get_bd_ports ap_rst_n] [get_bd_pins StreamingDataWidthConverter_rtl_1/ap_rst_n]
# connect_bd_net [get_bd_ports ap_clk] [get_bd_pins StreamingDataWidthConverter_rtl_1/ap_clk]
# connect_bd_intf_net [get_bd_intf_pins StreamingFIFO_rtl_8/out0_V] [get_bd_intf_pins StreamingDataWidthConverter_rtl_1/in0_V]
# connect_bd_net [get_bd_ports ap_rst_n] [get_bd_pins StreamingFIFO_rtl_9/ap_rst_n]
# connect_bd_net [get_bd_ports ap_clk] [get_bd_pins StreamingFIFO_rtl_9/ap_clk]
# connect_bd_intf_net [get_bd_intf_pins StreamingDataWidthConverter_rtl_1/out0_V] [get_bd_intf_pins StreamingFIFO_rtl_9/in0_V]
# connect_bd_net [get_bd_ports ap_rst_n] [get_bd_pins MVAU_hls_2/ap_rst_n]
# connect_bd_net [get_bd_ports ap_clk] [get_bd_pins MVAU_hls_2/ap_clk]
# connect_bd_intf_net [get_bd_intf_pins StreamingFIFO_rtl_9/out0_V] [get_bd_intf_pins MVAU_hls_2/in0_V]
# connect_bd_net [get_bd_ports ap_rst_n] [get_bd_pins StreamingFIFO_rtl_10/ap_rst_n]
# connect_bd_net [get_bd_ports ap_clk] [get_bd_pins StreamingFIFO_rtl_10/ap_clk]
# connect_bd_intf_net [get_bd_intf_pins MVAU_hls_2/out0_V] [get_bd_intf_pins StreamingFIFO_rtl_10/in0_V]
# connect_bd_net [get_bd_ports ap_rst_n] [get_bd_pins MVAU_hls_3/ap_rst_n]
# connect_bd_net [get_bd_ports ap_clk] [get_bd_pins MVAU_hls_3/ap_clk]
# connect_bd_intf_net [get_bd_intf_pins StreamingFIFO_rtl_10/out0_V] [get_bd_intf_pins MVAU_hls_3/in0_V]
# connect_bd_net [get_bd_ports ap_rst_n] [get_bd_pins StreamingFIFO_rtl_11/ap_rst_n]
# connect_bd_net [get_bd_ports ap_clk] [get_bd_pins StreamingFIFO_rtl_11/ap_clk]
# connect_bd_intf_net [get_bd_intf_pins MVAU_hls_3/out0_V] [get_bd_intf_pins StreamingFIFO_rtl_11/in0_V]
# connect_bd_net [get_bd_ports ap_rst_n] [get_bd_pins MVAU_hls_4/ap_rst_n]
# connect_bd_net [get_bd_ports ap_clk] [get_bd_pins MVAU_hls_4/ap_clk]
# connect_bd_intf_net [get_bd_intf_pins StreamingFIFO_rtl_11/out0_V] [get_bd_intf_pins MVAU_hls_4/in0_V]
# connect_bd_net [get_bd_ports ap_rst_n] [get_bd_pins StreamingFIFO_rtl_12/ap_rst_n]
# connect_bd_net [get_bd_ports ap_clk] [get_bd_pins StreamingFIFO_rtl_12/ap_clk]
# connect_bd_intf_net [get_bd_intf_pins MVAU_hls_4/out0_V] [get_bd_intf_pins StreamingFIFO_rtl_12/in0_V]
# make_bd_intf_pins_external [get_bd_intf_pins StreamingFIFO_rtl_0/in0_V]
# set_property name s_axis_0 [get_bd_intf_ports in0_V_0]
# make_bd_intf_pins_external [get_bd_intf_pins StreamingFIFO_rtl_12/out0_V]
# set_property name m_axis_0 [get_bd_intf_ports out0_V_0]
# set_property CONFIG.FREQ_HZ 100000000 [get_bd_ports /ap_clk]
# validate_bd_design
# save_bd_design
Wrote  : </home/changhong/prj/finn/notebooks/EF-US-Engine-Free-Unstructured-Sparsity-Design-Alleviates-Accelerator-Bottlenecks/casestudy1/LeNet_MNIST_BNN/tmp/unfold/vivado_stitch_proj_j_qu0100/finn_vivado_stitch_proj.srcs/sources_1/bd/finn_design/finn_design.bd> 
# make_wrapper -files [get_files /home/changhong/prj/finn/notebooks/EF-US-Engine-Free-Unstructured-Sparsity-Design-Alleviates-Accelerator-Bottlenecks/casestudy1/LeNet_MNIST_BNN/tmp/unfold/vivado_stitch_proj_j_qu0100/finn_vivado_stitch_proj.srcs/sources_1/bd/finn_design/finn_design.bd] -top
INFO: [BD 41-1662] The design 'finn_design.bd' is already validated. Therefore parameter propagation will not be re-run.
Verilog Output written to : /home/changhong/prj/finn/notebooks/EF-US-Engine-Free-Unstructured-Sparsity-Design-Alleviates-Accelerator-Bottlenecks/casestudy1/LeNet_MNIST_BNN/tmp/unfold/vivado_stitch_proj_j_qu0100/finn_vivado_stitch_proj.gen/sources_1/bd/finn_design/synth/finn_design.v
Verilog Output written to : /home/changhong/prj/finn/notebooks/EF-US-Engine-Free-Unstructured-Sparsity-Design-Alleviates-Accelerator-Bottlenecks/casestudy1/LeNet_MNIST_BNN/tmp/unfold/vivado_stitch_proj_j_qu0100/finn_vivado_stitch_proj.gen/sources_1/bd/finn_design/sim/finn_design.v
Verilog Output written to : /home/changhong/prj/finn/notebooks/EF-US-Engine-Free-Unstructured-Sparsity-Design-Alleviates-Accelerator-Bottlenecks/casestudy1/LeNet_MNIST_BNN/tmp/unfold/vivado_stitch_proj_j_qu0100/finn_vivado_stitch_proj.gen/sources_1/bd/finn_design/hdl/finn_design_wrapper.v
# add_files -norecurse /home/changhong/prj/finn/notebooks/EF-US-Engine-Free-Unstructured-Sparsity-Design-Alleviates-Accelerator-Bottlenecks/casestudy1/LeNet_MNIST_BNN/tmp/unfold/vivado_stitch_proj_j_qu0100/finn_vivado_stitch_proj.srcs/sources_1/bd/finn_design/hdl/finn_design_wrapper.v
INFO: [Project 1-1716] Could not find the wrapper file /home/changhong/prj/finn/notebooks/EF-US-Engine-Free-Unstructured-Sparsity-Design-Alleviates-Accelerator-Bottlenecks/casestudy1/LeNet_MNIST_BNN/tmp/unfold/vivado_stitch_proj_j_qu0100/finn_vivado_stitch_proj.srcs/sources_1/bd/finn_design/hdl/finn_design_wrapper.v, checking in project .gen location instead.
INFO: [Vivado 12-12390] Found file /home/changhong/prj/finn/notebooks/EF-US-Engine-Free-Unstructured-Sparsity-Design-Alleviates-Accelerator-Bottlenecks/casestudy1/LeNet_MNIST_BNN/tmp/unfold/vivado_stitch_proj_j_qu0100/finn_vivado_stitch_proj.gen/sources_1/bd/finn_design/hdl/finn_design_wrapper.v, adding it to Project
# set_property top finn_design_wrapper [current_fileset]
# ipx::package_project -root_dir /home/changhong/prj/finn/notebooks/EF-US-Engine-Free-Unstructured-Sparsity-Design-Alleviates-Accelerator-Bottlenecks/casestudy1/LeNet_MNIST_BNN/tmp/unfold/vivado_stitch_proj_j_qu0100/ip -vendor xilinx_finn -library finn -taxonomy /UserIP -module finn_design -import_files
INFO: [BD 41-1662] The design 'finn_design.bd' is already validated. Therefore parameter propagation will not be re-run.
Verilog Output written to : /home/changhong/prj/finn/notebooks/EF-US-Engine-Free-Unstructured-Sparsity-Design-Alleviates-Accelerator-Bottlenecks/casestudy1/LeNet_MNIST_BNN/tmp/unfold/vivado_stitch_proj_j_qu0100/finn_vivado_stitch_proj.gen/sources_1/bd/finn_design/synth/finn_design.v
Verilog Output written to : /home/changhong/prj/finn/notebooks/EF-US-Engine-Free-Unstructured-Sparsity-Design-Alleviates-Accelerator-Bottlenecks/casestudy1/LeNet_MNIST_BNN/tmp/unfold/vivado_stitch_proj_j_qu0100/finn_vivado_stitch_proj.gen/sources_1/bd/finn_design/sim/finn_design.v
Verilog Output written to : /home/changhong/prj/finn/notebooks/EF-US-Engine-Free-Unstructured-Sparsity-Design-Alleviates-Accelerator-Bottlenecks/casestudy1/LeNet_MNIST_BNN/tmp/unfold/vivado_stitch_proj_j_qu0100/finn_vivado_stitch_proj.gen/sources_1/bd/finn_design/hdl/finn_design_wrapper.v
INFO: [BD 41-1029] Generation completed for the IP Integrator block StreamingFIFO_rtl_0 .
INFO: [BD 41-1029] Generation completed for the IP Integrator block ConvolutionInputGenerator_rtl_0 .
INFO: [BD 41-1029] Generation completed for the IP Integrator block StreamingFIFO_rtl_1 .
INFO: [BD 41-1029] Generation completed for the IP Integrator block MVAU_hls_0 .
INFO: [BD 41-1029] Generation completed for the IP Integrator block StreamingFIFO_rtl_2 .
INFO: [BD 41-1029] Generation completed for the IP Integrator block StreamingMaxPool_hls_0 .
INFO: [BD 41-1029] Generation completed for the IP Integrator block StreamingFIFO_rtl_3 .
INFO: [BD 41-1029] Generation completed for the IP Integrator block ConvolutionInputGenerator_rtl_1 .
INFO: [BD 41-1029] Generation completed for the IP Integrator block StreamingFIFO_rtl_4 .
INFO: [BD 41-1029] Generation completed for the IP Integrator block MVAU_hls_1 .
INFO: [BD 41-1029] Generation completed for the IP Integrator block StreamingFIFO_rtl_5 .
INFO: [BD 41-1029] Generation completed for the IP Integrator block StreamingMaxPool_hls_1 .
INFO: [BD 41-1029] Generation completed for the IP Integrator block StreamingFIFO_rtl_6 .
INFO: [BD 41-1029] Generation completed for the IP Integrator block StreamingDataWidthConverter_rtl_0 .
INFO: [BD 41-1029] Generation completed for the IP Integrator block StreamingFIFO_rtl_7 .
INFO: [BD 41-1029] Generation completed for the IP Integrator block ConvolutionInputGenerator_rtl_2 .
INFO: [BD 41-1029] Generation completed for the IP Integrator block StreamingFIFO_rtl_8 .
INFO: [BD 41-1029] Generation completed for the IP Integrator block StreamingDataWidthConverter_rtl_1 .
INFO: [BD 41-1029] Generation completed for the IP Integrator block StreamingFIFO_rtl_9 .
INFO: [BD 41-1029] Generation completed for the IP Integrator block MVAU_hls_2 .
INFO: [BD 41-1029] Generation completed for the IP Integrator block StreamingFIFO_rtl_10 .
INFO: [BD 41-1029] Generation completed for the IP Integrator block MVAU_hls_3 .
INFO: [BD 41-1029] Generation completed for the IP Integrator block StreamingFIFO_rtl_11 .
INFO: [BD 41-1029] Generation completed for the IP Integrator block MVAU_hls_4 .
INFO: [BD 41-1029] Generation completed for the IP Integrator block StreamingFIFO_rtl_12 .
Exporting to file /home/changhong/prj/finn/notebooks/EF-US-Engine-Free-Unstructured-Sparsity-Design-Alleviates-Accelerator-Bottlenecks/casestudy1/LeNet_MNIST_BNN/tmp/unfold/vivado_stitch_proj_j_qu0100/finn_vivado_stitch_proj.gen/sources_1/bd/finn_design/hw_handoff/finn_design.hwh
Generated Hardware Definition File /home/changhong/prj/finn/notebooks/EF-US-Engine-Free-Unstructured-Sparsity-Design-Alleviates-Accelerator-Bottlenecks/casestudy1/LeNet_MNIST_BNN/tmp/unfold/vivado_stitch_proj_j_qu0100/finn_vivado_stitch_proj.gen/sources_1/bd/finn_design/synth/finn_design.hwdef
INFO: [IP_Flow 19-5654] Module 'finn_design' uses SystemVerilog sources with a Verilog top file. These SystemVerilog files will not be analysed by the packager.
CRITICAL WARNING: [IP_Flow 19-5234] Found an invalid attribute: 'Misformed interface info attr: xilinx.com:interface:axis:1.0 m_axis_0'
CRITICAL WARNING: [IP_Flow 19-5234] Found an invalid attribute: 'Misformed interface info attr: xilinx.com:interface:axis:1.0 m_axis_0'
CRITICAL WARNING: [IP_Flow 19-5234] Found an invalid attribute: 'Misformed interface info attr: xilinx.com:interface:axis:1.0 m_axis_0'
CRITICAL WARNING: [IP_Flow 19-5234] Found an invalid attribute: 'Misformed interface info attr: xilinx.com:interface:axis:1.0 s_axis_0'
CRITICAL WARNING: [IP_Flow 19-5234] Found an invalid attribute: 'Misformed interface info attr: xilinx.com:interface:axis:1.0 s_axis_0'
CRITICAL WARNING: [IP_Flow 19-5234] Found an invalid attribute: 'Misformed interface info attr: xilinx.com:interface:axis:1.0 s_axis_0'
INFO: [IP_Flow 19-7067] Note that bus interface 's_axis_0' has a fixed FREQ_HZ of '100000000'. This value will be respected whenever this IP is instantiated in IP Integrator.
INFO: [IP_Flow 19-7067] Note that bus interface 'm_axis_0' has a fixed FREQ_HZ of '100000000'. This value will be respected whenever this IP is instantiated in IP Integrator.
INFO: [IP_Flow 19-7067] Note that bus interface 'CLK.AP_CLK' has a fixed FREQ_HZ of '100000000'. This value will be respected whenever this IP is instantiated in IP Integrator.
WARNING: [IP_Flow 19-3157] Bus Interface 'RST.AP_RST_N': Bus parameter POLARITY is ACTIVE_LOW but port 'ap_rst_n' is not *resetn - please double check the POLARITY setting.
INFO: [IP_Flow 19-2181] Payment Required is not set for this core.
INFO: [IP_Flow 19-2187] The Product Guide file is missing.
# set_property ipi_drc {ignore_freq_hz true} [ipx::current_core]
# ipx::remove_segment -quiet m_axi_gmem0:APERTURE_0 [ipx::get_address_spaces m_axi_gmem0 -of_objects [ipx::current_core]]
# set_property core_revision 2 [ipx::find_open_core xilinx_finn:finn:finn_design:1.0]
# ipx::create_xgui_files [ipx::find_open_core xilinx_finn:finn:finn_design:1.0]
# set_property value_resolve_type user [ipx::get_bus_parameters -of [ipx::get_bus_interfaces -of [ipx::current_core ]]]
# set core [ipx::current_core]
# file copy -force data ip/
# set file_group [ipx::add_file_group -type software_driver {} $core]
# set_property type mdd       [ipx::add_file data/finn_design.mdd $file_group]
# set_property type tclSource [ipx::add_file data/finn_design.tcl $file_group]
# set impl_files [ipx::get_file_groups xilinx_implementation -of $core]
# foreach xci [ipx::get_files -of $impl_files {*.xci}] {
#     ipx::remove_file [get_property NAME $xci] $impl_files
# }
WARNING: [BD 5-233] No interface ports matched 'get_bd_intf_ports -filter CONFIG.PROTOCOL==AXI4LITE'
# foreach port [get_bd_intf_ports -filter {CONFIG.PROTOCOL==AXI4LITE}] {
#     set pin $port
#     set awidth ""
#     while { $awidth == "" } {
#         set pins [get_bd_intf_pins -of [get_bd_intf_nets -boundary_type lower -of $pin]]
#         set kill [lsearch $pins $pin]
#         if { $kill >= 0 } { set pins [lreplace $pins $kill $kill] }
#         if { [llength $pins] != 1 } { break }
#         set pin [lindex $pins 0]
#         set awidth [get_property CONFIG.ADDR_WIDTH $pin]
#     }
#     if { $awidth == "" } {
#        puts "CRITICAL WARNING: Unable to construct address map for $port."
#     } {
#        set range [expr 2**$awidth]
#        set range [expr $range < 4096 ? 4096 : $range]
#        puts "INFO: Building address map for $port: 0+:$range"
#        set name [get_property NAME $port]
#        set addr_block [ipx::add_address_block Reg0 [ipx::add_memory_map $name $core]]
#        set_property range $range $addr_block
#        set_property slave_memory_map_ref $name [ipx::get_bus_interfaces $name -of $core]
#     }
# }
# ipx::update_checksums $core
# ipx::save_core $core
# file rename -force ip/component.xml ip/component.bak
# set ifile [open ip/component.bak r]
# set ofile [open ip/component.xml w]
# set buf [list]
# set kill 0
# while { [eof $ifile] != 1 } {
#     gets $ifile line
#     if { [string match {*<spirit:fileSet>*} $line] == 1 } {
#         foreach l $buf { puts $ofile $l }
#         set buf [list $line]
#     } elseif { [llength $buf] > 0 } {
#         lappend buf $line
# 
#         if { [string match {*</spirit:fileSet>*} $line] == 1 } {
#             if { $kill == 0 } { foreach l $buf { puts $ofile $l } }
#             set buf [list]
#             set kill 0
#         } elseif { [string match {*<xilinx:subCoreRef>*} $line] == 1 } {
#             set kill 1
#         }
#     } else {
#         puts $ofile $line
#     }
# }
# close $ifile
# close $ofile
# set all_v_files [get_files -filter {USED_IN_SYNTHESIS == 1 && (FILE_TYPE == Verilog || FILE_TYPE == SystemVerilog || FILE_TYPE =="Verilog Header")}]
# set fp [open /home/changhong/prj/finn/notebooks/EF-US-Engine-Free-Unstructured-Sparsity-Design-Alleviates-Accelerator-Bottlenecks/casestudy1/LeNet_MNIST_BNN/tmp/unfold/vivado_stitch_proj_j_qu0100/all_verilog_srcs.txt w]
# foreach vf $all_v_files {puts $fp $vf}
# close $fp
INFO: [Common 17-206] Exiting Vivado at Sun Jun 22 18:56:56 2025...
