

================================================================
== Synthesis Summary Report of 'MVAU_hls_1'
================================================================
+ General Information: 
    * Date:           Sun Jun 22 17:19:28 2025
    * Version:        2022.2 (Build 3670227 on Oct 13 2022)
    * Project:        project_MVAU_hls_1
    * Solution:       sol1 (Vivado IP Flow Target)
    * Product family: zynquplus
    * Target device:  xczu7ev-ffvc1156-2-e
    

+ Performance & Resource Estimates: 
    
    PS: '+' for module; 'o' for loop; '*' for dataflow
    +---------------------------------+------+------+---------+-----------+----------+---------+------+----------+------+----+-----------+------------+-----+
    |             Modules             | Issue|      | Latency |  Latency  | Iteration|         | Trip |          |      |    |           |            |     |
    |             & Loops             | Type | Slack| (cycles)|    (ns)   |  Latency | Interval| Count| Pipelined| BRAM | DSP|     FF    |     LUT    | URAM|
    +---------------------------------+------+------+---------+-----------+----------+---------+------+----------+------+----+-----------+------------+-----+
    |+ MVAU_hls_1                     |     -|  0.94|      105|  1.050e+03|         -|      106|     -|        no|     -|   -|  182 (~0%)|  18553 (8%)|    -|
    | + Matrix_Vector_Activate_Batch  |     -|  0.94|      102|  1.020e+03|         -|      102|     -|        no|     -|   -|  177 (~0%)|  18516 (8%)|    -|
    |  o VITIS_LOOP_123_1             |     -|  7.30|      100|  1.000e+03|         2|        1|   100|  yes(flp)|     -|   -|          -|           -|    -|
    +---------------------------------+------+------+---------+-----------+----------+---------+------+----------+------+----+-----------+------------+-----+


================================================================
== HW Interfaces
================================================================
* AXIS
+-----------+---------------+-------+--------+--------+
| Interface | Register Mode | TDATA | TREADY | TVALID |
+-----------+---------------+-------+--------+--------+
| in0_V     | both          | 152   | 1      | 1      |
| out0_V    | both          | 16    | 1      | 1      |
+-----------+---------------+-------+--------+--------+

* TOP LEVEL CONTROL
+-----------+--------------+----------+
| Interface | Type         | Ports    |
+-----------+--------------+----------+
| ap_clk    | clock        | ap_clk   |
| ap_rst_n  | reset        | ap_rst_n |
| ap_ctrl   | ap_ctrl_none |          |
+-----------+--------------+----------+


================================================================
== SW I/O Information
================================================================
* Top Function Arguments
+----------+-----------+--------------------------+
| Argument | Direction | Datatype                 |
+----------+-----------+--------------------------+
| in0_V    | in        | stream<ap_uint<150>, 0>& |
| out0_V   | out       | stream<ap_uint<16>, 0>&  |
+----------+-----------+--------------------------+

* SW-to-HW Mapping
+----------+--------------+-----------+
| Argument | HW Interface | HW Type   |
+----------+--------------+-----------+
| in0_V    | in0_V        | interface |
| out0_V   | out0_V       | interface |
+----------+--------------+-----------+


================================================================
== Bind Op Report
================================================================
+---------------------------------+-----+--------+----------------+-----+--------+---------+
| Name                            | DSP | Pragma | Variable       | Op  | Impl   | Latency |
+---------------------------------+-----+--------+----------------+-----+--------+---------+
| + MVAU_hls_1                    | 0   |        |                |     |        |         |
|  + Matrix_Vector_Activate_Batch | 0   |        |                |     |        |         |
|    i_2_fu_397_p2                | -   |        | i_2            | add | fabric | 0       |
|    add_ln840_fu_443_p2          | -   |        | add_ln840      | add | fabric | 0       |
|    add_ln840_1_fu_503_p2        | -   |        | add_ln840_1    | add | fabric | 0       |
|    add_ln840_2_fu_513_p2        | -   |        | add_ln840_2    | add | fabric | 0       |
|    add_ln840_3_fu_523_p2        | -   |        | add_ln840_3    | add | fabric | 0       |
|    add_ln840_4_fu_545_p2        | -   |        | add_ln840_4    | add | fabric | 0       |
|    add_ln840_5_fu_2917_p2       | -   |        | add_ln840_5    | add | fabric | 0       |
|    add_ln840_6_fu_2923_p2       | -   |        | add_ln840_6    | add | fabric | 0       |
|    add_ln840_7_fu_2933_p2       | -   |        | add_ln840_7    | add | fabric | 0       |
|    add_ln840_8_fu_2943_p2       | -   |        | add_ln840_8    | add | fabric | 0       |
|    add_ln840_9_fu_2953_p2       | -   |        | add_ln840_9    | add | fabric | 0       |
|    add_ln840_10_fu_2963_p2      | -   |        | add_ln840_10   | add | fabric | 0       |
|    add_ln840_11_fu_2973_p2      | -   |        | add_ln840_11   | add | fabric | 0       |
|    add_ln840_12_fu_2983_p2      | -   |        | add_ln840_12   | add | fabric | 0       |
|    add_ln840_13_fu_2993_p2      | -   |        | add_ln840_13   | add | fabric | 0       |
|    add_ln840_14_fu_3003_p2      | -   |        | add_ln840_14   | add | fabric | 0       |
|    add_ln840_15_fu_3013_p2      | -   |        | add_ln840_15   | add | fabric | 0       |
|    add_ln840_16_fu_3023_p2      | -   |        | add_ln840_16   | add | fabric | 0       |
|    add_ln840_17_fu_3033_p2      | -   |        | add_ln840_17   | add | fabric | 0       |
|    add_ln840_18_fu_3043_p2      | -   |        | add_ln840_18   | add | fabric | 0       |
|    add_ln840_19_fu_3053_p2      | -   |        | add_ln840_19   | add | fabric | 0       |
|    add_ln840_20_fu_3059_p2      | -   |        | add_ln840_20   | add | fabric | 0       |
|    add_ln840_21_fu_3069_p2      | -   |        | add_ln840_21   | add | fabric | 0       |
|    add_ln840_22_fu_3079_p2      | -   |        | add_ln840_22   | add | fabric | 0       |
|    add_ln840_23_fu_3089_p2      | -   |        | add_ln840_23   | add | fabric | 0       |
|    add_ln840_24_fu_3099_p2      | -   |        | add_ln840_24   | add | fabric | 0       |
|    add_ln840_25_fu_3109_p2      | -   |        | add_ln840_25   | add | fabric | 0       |
|    add_ln840_26_fu_3119_p2      | -   |        | add_ln840_26   | add | fabric | 0       |
|    add_ln840_27_fu_3129_p2      | -   |        | add_ln840_27   | add | fabric | 0       |
|    add_ln840_28_fu_3139_p2      | -   |        | add_ln840_28   | add | fabric | 0       |
|    add_ln840_29_fu_3145_p2      | -   |        | add_ln840_29   | add | fabric | 0       |
|    add_ln840_30_fu_3155_p2      | -   |        | add_ln840_30   | add | fabric | 0       |
|    add_ln840_31_fu_3165_p2      | -   |        | add_ln840_31   | add | fabric | 0       |
|    add_ln840_32_fu_3175_p2      | -   |        | add_ln840_32   | add | fabric | 0       |
|    add_ln840_33_fu_3185_p2      | -   |        | add_ln840_33   | add | fabric | 0       |
|    add_ln840_34_fu_3195_p2      | -   |        | add_ln840_34   | add | fabric | 0       |
|    add_ln840_35_fu_3205_p2      | -   |        | add_ln840_35   | add | fabric | 0       |
|    add_ln840_38_fu_3231_p2      | -   |        | add_ln840_38   | add | fabric | 0       |
|    add_ln840_39_fu_3241_p2      | -   |        | add_ln840_39   | add | fabric | 0       |
|    add_ln840_40_fu_3251_p2      | -   |        | add_ln840_40   | add | fabric | 0       |
|    add_ln840_41_fu_3261_p2      | -   |        | add_ln840_41   | add | fabric | 0       |
|    add_ln840_42_fu_3271_p2      | -   |        | add_ln840_42   | add | fabric | 0       |
|    add_ln840_43_fu_3281_p2      | -   |        | add_ln840_43   | add | fabric | 0       |
|    add_ln840_44_fu_3291_p2      | -   |        | add_ln840_44   | add | fabric | 0       |
|    add_ln840_45_fu_3301_p2      | -   |        | add_ln840_45   | add | fabric | 0       |
|    add_ln840_46_fu_3311_p2      | -   |        | add_ln840_46   | add | fabric | 0       |
|    add_ln840_47_fu_3317_p2      | -   |        | add_ln840_47   | add | fabric | 0       |
|    add_ln840_48_fu_3327_p2      | -   |        | add_ln840_48   | add | fabric | 0       |
|    add_ln840_49_fu_3337_p2      | -   |        | add_ln840_49   | add | fabric | 0       |
|    add_ln840_50_fu_3347_p2      | -   |        | add_ln840_50   | add | fabric | 0       |
|    add_ln840_51_fu_3357_p2      | -   |        | add_ln840_51   | add | fabric | 0       |
|    add_ln840_52_fu_3367_p2      | -   |        | add_ln840_52   | add | fabric | 0       |
|    add_ln840_53_fu_3377_p2      | -   |        | add_ln840_53   | add | fabric | 0       |
|    add_ln840_54_fu_3387_p2      | -   |        | add_ln840_54   | add | fabric | 0       |
|    add_ln840_55_fu_3393_p2      | -   |        | add_ln840_55   | add | fabric | 0       |
|    add_ln840_56_fu_3403_p2      | -   |        | add_ln840_56   | add | fabric | 0       |
|    add_ln840_57_fu_3413_p2      | -   |        | add_ln840_57   | add | fabric | 0       |
|    add_ln840_58_fu_3423_p2      | -   |        | add_ln840_58   | add | fabric | 0       |
|    add_ln840_59_fu_3433_p2      | -   |        | add_ln840_59   | add | fabric | 0       |
|    add_ln840_60_fu_3443_p2      | -   |        | add_ln840_60   | add | fabric | 0       |
|    add_ln840_61_fu_3453_p2      | -   |        | add_ln840_61   | add | fabric | 0       |
|    add_ln840_62_fu_3463_p2      | -   |        | add_ln840_62   | add | fabric | 0       |
|    add_ln840_63_fu_3473_p2      | -   |        | add_ln840_63   | add | fabric | 0       |
|    add_ln840_64_fu_3479_p2      | -   |        | add_ln840_64   | add | fabric | 0       |
|    add_ln840_65_fu_3489_p2      | -   |        | add_ln840_65   | add | fabric | 0       |
|    add_ln840_66_fu_3499_p2      | -   |        | add_ln840_66   | add | fabric | 0       |
|    add_ln840_67_fu_3509_p2      | -   |        | add_ln840_67   | add | fabric | 0       |
|    add_ln840_68_fu_3519_p2      | -   |        | add_ln840_68   | add | fabric | 0       |
|    add_ln840_69_fu_3529_p2      | -   |        | add_ln840_69   | add | fabric | 0       |
|    add_ln840_70_fu_3539_p2      | -   |        | add_ln840_70   | add | fabric | 0       |
|    add_ln840_71_fu_3549_p2      | -   |        | add_ln840_71   | add | fabric | 0       |
|    add_ln840_72_fu_3555_p2      | -   |        | add_ln840_72   | add | fabric | 0       |
|    add_ln840_73_fu_3565_p2      | -   |        | add_ln840_73   | add | fabric | 0       |
|    add_ln840_74_fu_3575_p2      | -   |        | add_ln840_74   | add | fabric | 0       |
|    add_ln840_75_fu_3585_p2      | -   |        | add_ln840_75   | add | fabric | 0       |
|    add_ln840_76_fu_3595_p2      | -   |        | add_ln840_76   | add | fabric | 0       |
|    add_ln840_77_fu_3605_p2      | -   |        | add_ln840_77   | add | fabric | 0       |
|    add_ln840_78_fu_3611_p2      | -   |        | add_ln840_78   | add | fabric | 0       |
|    add_ln840_79_fu_3621_p2      | -   |        | add_ln840_79   | add | fabric | 0       |
|    add_ln840_80_fu_3631_p2      | -   |        | add_ln840_80   | add | fabric | 0       |
|    add_ln840_81_fu_3641_p2      | -   |        | add_ln840_81   | add | fabric | 0       |
|    add_ln840_82_fu_3651_p2      | -   |        | add_ln840_82   | add | fabric | 0       |
|    add_ln840_83_fu_3661_p2      | -   |        | add_ln840_83   | add | fabric | 0       |
|    add_ln840_84_fu_3671_p2      | -   |        | add_ln840_84   | add | fabric | 0       |
|    add_ln840_85_fu_3681_p2      | -   |        | add_ln840_85   | add | fabric | 0       |
|    add_ln840_86_fu_3691_p2      | -   |        | add_ln840_86   | add | fabric | 0       |
|    add_ln840_87_fu_3701_p2      | -   |        | add_ln840_87   | add | fabric | 0       |
|    add_ln840_88_fu_3711_p2      | -   |        | add_ln840_88   | add | fabric | 0       |
|    add_ln840_91_fu_3737_p2      | -   |        | add_ln840_91   | add | fabric | 0       |
|    add_ln840_92_fu_3747_p2      | -   |        | add_ln840_92   | add | fabric | 0       |
|    add_ln840_93_fu_3757_p2      | -   |        | add_ln840_93   | add | fabric | 0       |
|    add_ln840_94_fu_3767_p2      | -   |        | add_ln840_94   | add | fabric | 0       |
|    add_ln840_95_fu_3777_p2      | -   |        | add_ln840_95   | add | fabric | 0       |
|    add_ln840_96_fu_3787_p2      | -   |        | add_ln840_96   | add | fabric | 0       |
|    add_ln840_97_fu_3797_p2      | -   |        | add_ln840_97   | add | fabric | 0       |
|    add_ln840_98_fu_3807_p2      | -   |        | add_ln840_98   | add | fabric | 0       |
|    add_ln840_99_fu_3813_p2      | -   |        | add_ln840_99   | add | fabric | 0       |
|    add_ln840_100_fu_3823_p2     | -   |        | add_ln840_100  | add | fabric | 0       |
|    add_ln840_101_fu_3833_p2     | -   |        | add_ln840_101  | add | fabric | 0       |
|    add_ln840_102_fu_3843_p2     | -   |        | add_ln840_102  | add | fabric | 0       |
|    add_ln840_103_fu_3853_p2     | -   |        | add_ln840_103  | add | fabric | 0       |
|    add_ln840_104_fu_3863_p2     | -   |        | add_ln840_104  | add | fabric | 0       |
|    add_ln840_105_fu_3873_p2     | -   |        | add_ln840_105  | add | fabric | 0       |
|    add_ln840_106_fu_3883_p2     | -   |        | add_ln840_106  | add | fabric | 0       |
|    add_ln840_107_fu_3889_p2     | -   |        | add_ln840_107  | add | fabric | 0       |
|    add_ln840_108_fu_3899_p2     | -   |        | add_ln840_108  | add | fabric | 0       |
|    add_ln840_109_fu_3909_p2     | -   |        | add_ln840_109  | add | fabric | 0       |
|    add_ln840_110_fu_3919_p2     | -   |        | add_ln840_110  | add | fabric | 0       |
|    add_ln840_111_fu_3929_p2     | -   |        | add_ln840_111  | add | fabric | 0       |
|    add_ln840_112_fu_3939_p2     | -   |        | add_ln840_112  | add | fabric | 0       |
|    add_ln840_113_fu_3949_p2     | -   |        | add_ln840_113  | add | fabric | 0       |
|    add_ln840_114_fu_3959_p2     | -   |        | add_ln840_114  | add | fabric | 0       |
|    add_ln840_115_fu_3969_p2     | -   |        | add_ln840_115  | add | fabric | 0       |
|    add_ln840_116_fu_3979_p2     | -   |        | add_ln840_116  | add | fabric | 0       |
|    add_ln840_117_fu_3985_p2     | -   |        | add_ln840_117  | add | fabric | 0       |
|    add_ln840_118_fu_3995_p2     | -   |        | add_ln840_118  | add | fabric | 0       |
|    add_ln840_119_fu_4005_p2     | -   |        | add_ln840_119  | add | fabric | 0       |
|    add_ln840_120_fu_4015_p2     | -   |        | add_ln840_120  | add | fabric | 0       |
|    add_ln840_121_fu_4025_p2     | -   |        | add_ln840_121  | add | fabric | 0       |
|    add_ln840_122_fu_4035_p2     | -   |        | add_ln840_122  | add | fabric | 0       |
|    add_ln840_123_fu_4045_p2     | -   |        | add_ln840_123  | add | fabric | 0       |
|    add_ln840_124_fu_4055_p2     | -   |        | add_ln840_124  | add | fabric | 0       |
|    add_ln840_125_fu_4061_p2     | -   |        | add_ln840_125  | add | fabric | 0       |
|    add_ln840_126_fu_4071_p2     | -   |        | add_ln840_126  | add | fabric | 0       |
|    add_ln840_127_fu_4081_p2     | -   |        | add_ln840_127  | add | fabric | 0       |
|    add_ln840_128_fu_4091_p2     | -   |        | add_ln840_128  | add | fabric | 0       |
|    add_ln840_129_fu_4101_p2     | -   |        | add_ln840_129  | add | fabric | 0       |
|    add_ln840_130_fu_4111_p2     | -   |        | add_ln840_130  | add | fabric | 0       |
|    add_ln840_131_fu_4121_p2     | -   |        | add_ln840_131  | add | fabric | 0       |
|    add_ln840_132_fu_4131_p2     | -   |        | add_ln840_132  | add | fabric | 0       |
|    add_ln840_133_fu_4141_p2     | -   |        | add_ln840_133  | add | fabric | 0       |
|    add_ln840_134_fu_4147_p2     | -   |        | add_ln840_134  | add | fabric | 0       |
|    add_ln840_135_fu_4157_p2     | -   |        | add_ln840_135  | add | fabric | 0       |
|    add_ln840_136_fu_4167_p2     | -   |        | add_ln840_136  | add | fabric | 0       |
|    add_ln840_137_fu_4177_p2     | -   |        | add_ln840_137  | add | fabric | 0       |
|    add_ln840_138_fu_4187_p2     | -   |        | add_ln840_138  | add | fabric | 0       |
|    add_ln840_139_fu_4197_p2     | -   |        | add_ln840_139  | add | fabric | 0       |
|    add_ln840_140_fu_4207_p2     | -   |        | add_ln840_140  | add | fabric | 0       |
|    add_ln840_141_fu_4217_p2     | -   |        | add_ln840_141  | add | fabric | 0       |
|    add_ln840_146_fu_4255_p2     | -   |        | add_ln840_146  | add | fabric | 0       |
|    add_ln840_147_fu_4265_p2     | -   |        | add_ln840_147  | add | fabric | 0       |
|    add_ln840_148_fu_22262_p2    | -   |        | add_ln840_148  | add | fabric | 0       |
|    add_ln840_149_fu_4271_p2     | -   |        | add_ln840_149  | add | fabric | 0       |
|    add_ln840_150_fu_4769_p2     | -   |        | add_ln840_150  | add | fabric | 0       |
|    add_ln840_151_fu_4775_p2     | -   |        | add_ln840_151  | add | fabric | 0       |
|    add_ln840_152_fu_4789_p2     | -   |        | add_ln840_152  | add | fabric | 0       |
|    add_ln840_153_fu_4795_p2     | -   |        | add_ln840_153  | add | fabric | 0       |
|    add_ln840_154_fu_4805_p2     | -   |        | add_ln840_154  | add | fabric | 0       |
|    add_ln840_155_fu_4815_p2     | -   |        | add_ln840_155  | add | fabric | 0       |
|    add_ln840_156_fu_4825_p2     | -   |        | add_ln840_156  | add | fabric | 0       |
|    add_ln840_157_fu_4835_p2     | -   |        | add_ln840_157  | add | fabric | 0       |
|    add_ln840_158_fu_4841_p2     | -   |        | add_ln840_158  | add | fabric | 0       |
|    add_ln840_159_fu_4851_p2     | -   |        | add_ln840_159  | add | fabric | 0       |
|    add_ln840_160_fu_4861_p2     | -   |        | add_ln840_160  | add | fabric | 0       |
|    add_ln840_161_fu_4871_p2     | -   |        | add_ln840_161  | add | fabric | 0       |
|    add_ln840_162_fu_4881_p2     | -   |        | add_ln840_162  | add | fabric | 0       |
|    add_ln840_163_fu_4891_p2     | -   |        | add_ln840_163  | add | fabric | 0       |
|    add_ln840_164_fu_4901_p2     | -   |        | add_ln840_164  | add | fabric | 0       |
|    add_ln840_165_fu_4907_p2     | -   |        | add_ln840_165  | add | fabric | 0       |
|    add_ln840_166_fu_4917_p2     | -   |        | add_ln840_166  | add | fabric | 0       |
|    add_ln840_167_fu_4927_p2     | -   |        | add_ln840_167  | add | fabric | 0       |
|    add_ln840_168_fu_4937_p2     | -   |        | add_ln840_168  | add | fabric | 0       |
|    add_ln840_169_fu_4947_p2     | -   |        | add_ln840_169  | add | fabric | 0       |
|    add_ln840_170_fu_4957_p2     | -   |        | add_ln840_170  | add | fabric | 0       |
|    add_ln840_171_fu_4967_p2     | -   |        | add_ln840_171  | add | fabric | 0       |
|    add_ln840_172_fu_4977_p2     | -   |        | add_ln840_172  | add | fabric | 0       |
|    add_ln840_173_fu_4987_p2     | -   |        | add_ln840_173  | add | fabric | 0       |
|    add_ln840_174_fu_4993_p2     | -   |        | add_ln840_174  | add | fabric | 0       |
|    add_ln840_175_fu_5003_p2     | -   |        | add_ln840_175  | add | fabric | 0       |
|    add_ln840_176_fu_5013_p2     | -   |        | add_ln840_176  | add | fabric | 0       |
|    add_ln840_177_fu_5023_p2     | -   |        | add_ln840_177  | add | fabric | 0       |
|    add_ln840_178_fu_5033_p2     | -   |        | add_ln840_178  | add | fabric | 0       |
|    add_ln840_179_fu_5043_p2     | -   |        | add_ln840_179  | add | fabric | 0       |
|    add_ln840_180_fu_5053_p2     | -   |        | add_ln840_180  | add | fabric | 0       |
|    add_ln840_183_fu_5079_p2     | -   |        | add_ln840_183  | add | fabric | 0       |
|    add_ln840_184_fu_5089_p2     | -   |        | add_ln840_184  | add | fabric | 0       |
|    add_ln840_185_fu_5099_p2     | -   |        | add_ln840_185  | add | fabric | 0       |
|    add_ln840_186_fu_5109_p2     | -   |        | add_ln840_186  | add | fabric | 0       |
|    add_ln840_187_fu_5119_p2     | -   |        | add_ln840_187  | add | fabric | 0       |
|    add_ln840_188_fu_5129_p2     | -   |        | add_ln840_188  | add | fabric | 0       |
|    add_ln840_189_fu_5139_p2     | -   |        | add_ln840_189  | add | fabric | 0       |
|    add_ln840_190_fu_5149_p2     | -   |        | add_ln840_190  | add | fabric | 0       |
|    add_ln840_191_fu_5159_p2     | -   |        | add_ln840_191  | add | fabric | 0       |
|    add_ln840_192_fu_5165_p2     | -   |        | add_ln840_192  | add | fabric | 0       |
|    add_ln840_193_fu_5175_p2     | -   |        | add_ln840_193  | add | fabric | 0       |
|    add_ln840_194_fu_5185_p2     | -   |        | add_ln840_194  | add | fabric | 0       |
|    add_ln840_195_fu_5195_p2     | -   |        | add_ln840_195  | add | fabric | 0       |
|    add_ln840_196_fu_5205_p2     | -   |        | add_ln840_196  | add | fabric | 0       |
|    add_ln840_197_fu_5215_p2     | -   |        | add_ln840_197  | add | fabric | 0       |
|    add_ln840_198_fu_5225_p2     | -   |        | add_ln840_198  | add | fabric | 0       |
|    add_ln840_199_fu_5235_p2     | -   |        | add_ln840_199  | add | fabric | 0       |
|    add_ln840_200_fu_5241_p2     | -   |        | add_ln840_200  | add | fabric | 0       |
|    add_ln840_201_fu_5251_p2     | -   |        | add_ln840_201  | add | fabric | 0       |
|    add_ln840_202_fu_5261_p2     | -   |        | add_ln840_202  | add | fabric | 0       |
|    add_ln840_203_fu_5271_p2     | -   |        | add_ln840_203  | add | fabric | 0       |
|    add_ln840_204_fu_5281_p2     | -   |        | add_ln840_204  | add | fabric | 0       |
|    add_ln840_205_fu_5291_p2     | -   |        | add_ln840_205  | add | fabric | 0       |
|    add_ln840_206_fu_5301_p2     | -   |        | add_ln840_206  | add | fabric | 0       |
|    add_ln840_207_fu_5311_p2     | -   |        | add_ln840_207  | add | fabric | 0       |
|    add_ln840_208_fu_5317_p2     | -   |        | add_ln840_208  | add | fabric | 0       |
|    add_ln840_209_fu_5327_p2     | -   |        | add_ln840_209  | add | fabric | 0       |
|    add_ln840_210_fu_5337_p2     | -   |        | add_ln840_210  | add | fabric | 0       |
|    add_ln840_211_fu_5347_p2     | -   |        | add_ln840_211  | add | fabric | 0       |
|    add_ln840_212_fu_5357_p2     | -   |        | add_ln840_212  | add | fabric | 0       |
|    add_ln840_213_fu_5363_p2     | -   |        | add_ln840_213  | add | fabric | 0       |
|    add_ln840_214_fu_5373_p2     | -   |        | add_ln840_214  | add | fabric | 0       |
|    add_ln840_215_fu_5383_p2     | -   |        | add_ln840_215  | add | fabric | 0       |
|    add_ln840_218_fu_5409_p2     | -   |        | add_ln840_218  | add | fabric | 0       |
|    add_ln840_219_fu_5419_p2     | -   |        | add_ln840_219  | add | fabric | 0       |
|    add_ln840_220_fu_5429_p2     | -   |        | add_ln840_220  | add | fabric | 0       |
|    add_ln840_221_fu_5439_p2     | -   |        | add_ln840_221  | add | fabric | 0       |
|    add_ln840_222_fu_5449_p2     | -   |        | add_ln840_222  | add | fabric | 0       |
|    add_ln840_223_fu_5459_p2     | -   |        | add_ln840_223  | add | fabric | 0       |
|    add_ln840_224_fu_5469_p2     | -   |        | add_ln840_224  | add | fabric | 0       |
|    add_ln840_225_fu_5479_p2     | -   |        | add_ln840_225  | add | fabric | 0       |
|    add_ln840_226_fu_5489_p2     | -   |        | add_ln840_226  | add | fabric | 0       |
|    add_ln840_229_fu_5515_p2     | -   |        | add_ln840_229  | add | fabric | 0       |
|    add_ln840_230_fu_5525_p2     | -   |        | add_ln840_230  | add | fabric | 0       |
|    add_ln840_231_fu_5535_p2     | -   |        | add_ln840_231  | add | fabric | 0       |
|    add_ln840_232_fu_5545_p2     | -   |        | add_ln840_232  | add | fabric | 0       |
|    add_ln840_233_fu_5555_p2     | -   |        | add_ln840_233  | add | fabric | 0       |
|    add_ln840_234_fu_5565_p2     | -   |        | add_ln840_234  | add | fabric | 0       |
|    add_ln840_235_fu_5575_p2     | -   |        | add_ln840_235  | add | fabric | 0       |
|    add_ln840_236_fu_5581_p2     | -   |        | add_ln840_236  | add | fabric | 0       |
|    add_ln840_237_fu_5591_p2     | -   |        | add_ln840_237  | add | fabric | 0       |
|    add_ln840_238_fu_5601_p2     | -   |        | add_ln840_238  | add | fabric | 0       |
|    add_ln840_239_fu_5611_p2     | -   |        | add_ln840_239  | add | fabric | 0       |
|    add_ln840_240_fu_5621_p2     | -   |        | add_ln840_240  | add | fabric | 0       |
|    add_ln840_241_fu_5631_p2     | -   |        | add_ln840_241  | add | fabric | 0       |
|    add_ln840_242_fu_5641_p2     | -   |        | add_ln840_242  | add | fabric | 0       |
|    add_ln840_243_fu_5651_p2     | -   |        | add_ln840_243  | add | fabric | 0       |
|    add_ln840_244_fu_5657_p2     | -   |        | add_ln840_244  | add | fabric | 0       |
|    add_ln840_245_fu_5667_p2     | -   |        | add_ln840_245  | add | fabric | 0       |
|    add_ln840_246_fu_5677_p2     | -   |        | add_ln840_246  | add | fabric | 0       |
|    add_ln840_247_fu_5687_p2     | -   |        | add_ln840_247  | add | fabric | 0       |
|    add_ln840_248_fu_5697_p2     | -   |        | add_ln840_248  | add | fabric | 0       |
|    add_ln840_249_fu_5707_p2     | -   |        | add_ln840_249  | add | fabric | 0       |
|    add_ln840_250_fu_5717_p2     | -   |        | add_ln840_250  | add | fabric | 0       |
|    add_ln840_253_fu_5743_p2     | -   |        | add_ln840_253  | add | fabric | 0       |
|    add_ln840_254_fu_5753_p2     | -   |        | add_ln840_254  | add | fabric | 0       |
|    add_ln840_255_fu_5763_p2     | -   |        | add_ln840_255  | add | fabric | 0       |
|    add_ln840_256_fu_5773_p2     | -   |        | add_ln840_256  | add | fabric | 0       |
|    add_ln840_257_fu_5783_p2     | -   |        | add_ln840_257  | add | fabric | 0       |
|    add_ln840_258_fu_5793_p2     | -   |        | add_ln840_258  | add | fabric | 0       |
|    add_ln840_259_fu_5803_p2     | -   |        | add_ln840_259  | add | fabric | 0       |
|    add_ln840_260_fu_5813_p2     | -   |        | add_ln840_260  | add | fabric | 0       |
|    add_ln840_261_fu_5823_p2     | -   |        | add_ln840_261  | add | fabric | 0       |
|    add_ln840_262_fu_5833_p2     | -   |        | add_ln840_262  | add | fabric | 0       |
|    add_ln840_263_fu_5843_p2     | -   |        | add_ln840_263  | add | fabric | 0       |
|    add_ln840_264_fu_5853_p2     | -   |        | add_ln840_264  | add | fabric | 0       |
|    add_ln840_265_fu_5863_p2     | -   |        | add_ln840_265  | add | fabric | 0       |
|    add_ln840_266_fu_5873_p2     | -   |        | add_ln840_266  | add | fabric | 0       |
|    add_ln840_267_fu_5883_p2     | -   |        | add_ln840_267  | add | fabric | 0       |
|    add_ln840_270_fu_5909_p2     | -   |        | add_ln840_270  | add | fabric | 0       |
|    add_ln840_271_fu_5919_p2     | -   |        | add_ln840_271  | add | fabric | 0       |
|    add_ln840_272_fu_5929_p2     | -   |        | add_ln840_272  | add | fabric | 0       |
|    add_ln840_273_fu_5939_p2     | -   |        | add_ln840_273  | add | fabric | 0       |
|    add_ln840_274_fu_5949_p2     | -   |        | add_ln840_274  | add | fabric | 0       |
|    add_ln840_275_fu_5959_p2     | -   |        | add_ln840_275  | add | fabric | 0       |
|    add_ln840_276_fu_5969_p2     | -   |        | add_ln840_276  | add | fabric | 0       |
|    add_ln840_279_fu_5995_p2     | -   |        | add_ln840_279  | add | fabric | 0       |
|    add_ln840_280_fu_6005_p2     | -   |        | add_ln840_280  | add | fabric | 0       |
|    add_ln840_281_fu_6015_p2     | -   |        | add_ln840_281  | add | fabric | 0       |
|    add_ln840_282_fu_6025_p2     | -   |        | add_ln840_282  | add | fabric | 0       |
|    add_ln840_283_fu_6031_p2     | -   |        | add_ln840_283  | add | fabric | 0       |
|    add_ln840_284_fu_6041_p2     | -   |        | add_ln840_284  | add | fabric | 0       |
|    add_ln840_285_fu_6051_p2     | -   |        | add_ln840_285  | add | fabric | 0       |
|    add_ln840_286_fu_6061_p2     | -   |        | add_ln840_286  | add | fabric | 0       |
|    add_ln840_289_fu_6083_p2     | -   |        | add_ln840_289  | add | fabric | 0       |
|    add_ln840_290_fu_6093_p2     | -   |        | add_ln840_290  | add | fabric | 0       |
|    add_ln840_291_fu_6103_p2     | -   |        | add_ln840_291  | add | fabric | 0       |
|    add_ln840_292_fu_6113_p2     | -   |        | add_ln840_292  | add | fabric | 0       |
|    add_ln840_293_fu_6123_p2     | -   |        | add_ln840_293  | add | fabric | 0       |
|    add_ln840_294_fu_6129_p2     | -   |        | add_ln840_294  | add | fabric | 0       |
|    add_ln840_295_fu_6139_p2     | -   |        | add_ln840_295  | add | fabric | 0       |
|    add_ln840_298_fu_6381_p2     | -   |        | add_ln840_298  | add | fabric | 0       |
|    add_ln840_299_fu_6391_p2     | -   |        | add_ln840_299  | add | fabric | 0       |
|    add_ln840_300_fu_6401_p2     | -   |        | add_ln840_300  | add | fabric | 0       |
|    add_ln840_301_fu_6411_p2     | -   |        | add_ln840_301  | add | fabric | 0       |
|    add_ln840_302_fu_6421_p2     | -   |        | add_ln840_302  | add | fabric | 0       |
|    add_ln840_303_fu_6427_p2     | -   |        | add_ln840_303  | add | fabric | 0       |
|    add_ln840_304_fu_6437_p2     | -   |        | add_ln840_304  | add | fabric | 0       |
|    add_ln840_305_fu_6447_p2     | -   |        | add_ln840_305  | add | fabric | 0       |
|    add_ln840_306_fu_6457_p2     | -   |        | add_ln840_306  | add | fabric | 0       |
|    add_ln840_307_fu_6467_p2     | -   |        | add_ln840_307  | add | fabric | 0       |
|    add_ln840_308_fu_6477_p2     | -   |        | add_ln840_308  | add | fabric | 0       |
|    add_ln840_311_fu_6503_p2     | -   |        | add_ln840_311  | add | fabric | 0       |
|    add_ln840_312_fu_6513_p2     | -   |        | add_ln840_312  | add | fabric | 0       |
|    add_ln840_313_fu_6523_p2     | -   |        | add_ln840_313  | add | fabric | 0       |
|    add_ln840_314_fu_6533_p2     | -   |        | add_ln840_314  | add | fabric | 0       |
|    add_ln840_315_fu_6543_p2     | -   |        | add_ln840_315  | add | fabric | 0       |
|    add_ln840_316_fu_6553_p2     | -   |        | add_ln840_316  | add | fabric | 0       |
|    add_ln840_317_fu_6563_p2     | -   |        | add_ln840_317  | add | fabric | 0       |
|    add_ln840_318_fu_6573_p2     | -   |        | add_ln840_318  | add | fabric | 0       |
|    add_ln840_319_fu_6579_p2     | -   |        | add_ln840_319  | add | fabric | 0       |
|    add_ln840_320_fu_6589_p2     | -   |        | add_ln840_320  | add | fabric | 0       |
|    add_ln840_321_fu_6599_p2     | -   |        | add_ln840_321  | add | fabric | 0       |
|    add_ln840_322_fu_6609_p2     | -   |        | add_ln840_322  | add | fabric | 0       |
|    add_ln840_323_fu_6619_p2     | -   |        | add_ln840_323  | add | fabric | 0       |
|    add_ln840_324_fu_6629_p2     | -   |        | add_ln840_324  | add | fabric | 0       |
|    add_ln840_325_fu_6635_p2     | -   |        | add_ln840_325  | add | fabric | 0       |
|    add_ln840_326_fu_6645_p2     | -   |        | add_ln840_326  | add | fabric | 0       |
|    add_ln840_327_fu_6655_p2     | -   |        | add_ln840_327  | add | fabric | 0       |
|    add_ln840_328_fu_6665_p2     | -   |        | add_ln840_328  | add | fabric | 0       |
|    add_ln840_329_fu_6675_p2     | -   |        | add_ln840_329  | add | fabric | 0       |
|    add_ln840_330_fu_6685_p2     | -   |        | add_ln840_330  | add | fabric | 0       |
|    add_ln840_331_fu_6695_p2     | -   |        | add_ln840_331  | add | fabric | 0       |
|    add_ln840_332_fu_6705_p2     | -   |        | add_ln840_332  | add | fabric | 0       |
|    add_ln840_333_fu_6715_p2     | -   |        | add_ln840_333  | add | fabric | 0       |
|    add_ln840_334_fu_6725_p2     | -   |        | add_ln840_334  | add | fabric | 0       |
|    add_ln840_335_fu_6731_p2     | -   |        | add_ln840_335  | add | fabric | 0       |
|    add_ln840_336_fu_6741_p2     | -   |        | add_ln840_336  | add | fabric | 0       |
|    add_ln840_337_fu_6751_p2     | -   |        | add_ln840_337  | add | fabric | 0       |
|    add_ln840_338_fu_6761_p2     | -   |        | add_ln840_338  | add | fabric | 0       |
|    add_ln840_339_fu_6771_p2     | -   |        | add_ln840_339  | add | fabric | 0       |
|    add_ln840_340_fu_6781_p2     | -   |        | add_ln840_340  | add | fabric | 0       |
|    add_ln840_341_fu_6791_p2     | -   |        | add_ln840_341  | add | fabric | 0       |
|    add_ln840_342_fu_6801_p2     | -   |        | add_ln840_342  | add | fabric | 0       |
|    add_ln840_343_fu_6811_p2     | -   |        | add_ln840_343  | add | fabric | 0       |
|    add_ln840_344_fu_6821_p2     | -   |        | add_ln840_344  | add | fabric | 0       |
|    add_ln840_345_fu_6831_p2     | -   |        | add_ln840_345  | add | fabric | 0       |
|    add_ln840_346_fu_6841_p2     | -   |        | add_ln840_346  | add | fabric | 0       |
|    add_ln840_347_fu_6851_p2     | -   |        | add_ln840_347  | add | fabric | 0       |
|    add_ln840_350_fu_6877_p2     | -   |        | add_ln840_350  | add | fabric | 0       |
|    add_ln840_351_fu_6887_p2     | -   |        | add_ln840_351  | add | fabric | 0       |
|    add_ln840_352_fu_6897_p2     | -   |        | add_ln840_352  | add | fabric | 0       |
|    add_ln840_353_fu_6907_p2     | -   |        | add_ln840_353  | add | fabric | 0       |
|    add_ln840_354_fu_6917_p2     | -   |        | add_ln840_354  | add | fabric | 0       |
|    add_ln840_355_fu_6927_p2     | -   |        | add_ln840_355  | add | fabric | 0       |
|    add_ln840_356_fu_6937_p2     | -   |        | add_ln840_356  | add | fabric | 0       |
|    add_ln840_357_fu_6943_p2     | -   |        | add_ln840_357  | add | fabric | 0       |
|    add_ln840_358_fu_6953_p2     | -   |        | add_ln840_358  | add | fabric | 0       |
|    add_ln840_359_fu_6963_p2     | -   |        | add_ln840_359  | add | fabric | 0       |
|    add_ln840_360_fu_6973_p2     | -   |        | add_ln840_360  | add | fabric | 0       |
|    add_ln840_361_fu_6983_p2     | -   |        | add_ln840_361  | add | fabric | 0       |
|    add_ln840_362_fu_6993_p2     | -   |        | add_ln840_362  | add | fabric | 0       |
|    add_ln840_363_fu_7003_p2     | -   |        | add_ln840_363  | add | fabric | 0       |
|    add_ln840_364_fu_7013_p2     | -   |        | add_ln840_364  | add | fabric | 0       |
|    add_ln840_365_fu_7023_p2     | -   |        | add_ln840_365  | add | fabric | 0       |
|    add_ln840_366_fu_7033_p2     | -   |        | add_ln840_366  | add | fabric | 0       |
|    add_ln840_369_fu_7059_p2     | -   |        | add_ln840_369  | add | fabric | 0       |
|    add_ln840_370_fu_7069_p2     | -   |        | add_ln840_370  | add | fabric | 0       |
|    add_ln840_371_fu_7079_p2     | -   |        | add_ln840_371  | add | fabric | 0       |
|    add_ln840_372_fu_7089_p2     | -   |        | add_ln840_372  | add | fabric | 0       |
|    add_ln840_373_fu_7099_p2     | -   |        | add_ln840_373  | add | fabric | 0       |
|    add_ln840_374_fu_7109_p2     | -   |        | add_ln840_374  | add | fabric | 0       |
|    add_ln840_377_fu_7135_p2     | -   |        | add_ln840_377  | add | fabric | 0       |
|    add_ln840_378_fu_7145_p2     | -   |        | add_ln840_378  | add | fabric | 0       |
|    add_ln840_379_fu_7155_p2     | -   |        | add_ln840_379  | add | fabric | 0       |
|    add_ln840_380_fu_7165_p2     | -   |        | add_ln840_380  | add | fabric | 0       |
|    add_ln840_381_fu_7175_p2     | -   |        | add_ln840_381  | add | fabric | 0       |
|    add_ln840_382_fu_7185_p2     | -   |        | add_ln840_382  | add | fabric | 0       |
|    add_ln840_383_fu_7195_p2     | -   |        | add_ln840_383  | add | fabric | 0       |
|    add_ln840_384_fu_7201_p2     | -   |        | add_ln840_384  | add | fabric | 0       |
|    add_ln840_385_fu_7211_p2     | -   |        | add_ln840_385  | add | fabric | 0       |
|    add_ln840_386_fu_7221_p2     | -   |        | add_ln840_386  | add | fabric | 0       |
|    add_ln840_387_fu_7231_p2     | -   |        | add_ln840_387  | add | fabric | 0       |
|    add_ln840_388_fu_7241_p2     | -   |        | add_ln840_388  | add | fabric | 0       |
|    add_ln840_389_fu_7251_p2     | -   |        | add_ln840_389  | add | fabric | 0       |
|    add_ln840_390_fu_7261_p2     | -   |        | add_ln840_390  | add | fabric | 0       |
|    add_ln840_393_fu_7287_p2     | -   |        | add_ln840_393  | add | fabric | 0       |
|    add_ln840_394_fu_7297_p2     | -   |        | add_ln840_394  | add | fabric | 0       |
|    add_ln840_395_fu_7307_p2     | -   |        | add_ln840_395  | add | fabric | 0       |
|    add_ln840_396_fu_7317_p2     | -   |        | add_ln840_396  | add | fabric | 0       |
|    add_ln840_397_fu_7327_p2     | -   |        | add_ln840_397  | add | fabric | 0       |
|    add_ln840_398_fu_7337_p2     | -   |        | add_ln840_398  | add | fabric | 0       |
|    add_ln840_399_fu_7347_p2     | -   |        | add_ln840_399  | add | fabric | 0       |
|    add_ln840_400_fu_7357_p2     | -   |        | add_ln840_400  | add | fabric | 0       |
|    add_ln840_401_fu_7363_p2     | -   |        | add_ln840_401  | add | fabric | 0       |
|    add_ln840_402_fu_7373_p2     | -   |        | add_ln840_402  | add | fabric | 0       |
|    add_ln840_403_fu_7383_p2     | -   |        | add_ln840_403  | add | fabric | 0       |
|    add_ln840_404_fu_7393_p2     | -   |        | add_ln840_404  | add | fabric | 0       |
|    add_ln840_405_fu_7403_p2     | -   |        | add_ln840_405  | add | fabric | 0       |
|    add_ln840_406_fu_7413_p2     | -   |        | add_ln840_406  | add | fabric | 0       |
|    add_ln840_407_fu_7423_p2     | -   |        | add_ln840_407  | add | fabric | 0       |
|    add_ln840_408_fu_7433_p2     | -   |        | add_ln840_408  | add | fabric | 0       |
|    add_ln840_409_fu_7439_p2     | -   |        | add_ln840_409  | add | fabric | 0       |
|    add_ln840_410_fu_7449_p2     | -   |        | add_ln840_410  | add | fabric | 0       |
|    add_ln840_411_fu_7459_p2     | -   |        | add_ln840_411  | add | fabric | 0       |
|    add_ln840_412_fu_7469_p2     | -   |        | add_ln840_412  | add | fabric | 0       |
|    add_ln840_413_fu_7479_p2     | -   |        | add_ln840_413  | add | fabric | 0       |
|    add_ln840_414_fu_7489_p2     | -   |        | add_ln840_414  | add | fabric | 0       |
|    add_ln840_415_fu_7499_p2     | -   |        | add_ln840_415  | add | fabric | 0       |
|    add_ln840_416_fu_7509_p2     | -   |        | add_ln840_416  | add | fabric | 0       |
|    add_ln840_419_fu_7535_p2     | -   |        | add_ln840_419  | add | fabric | 0       |
|    add_ln840_420_fu_7545_p2     | -   |        | add_ln840_420  | add | fabric | 0       |
|    add_ln840_421_fu_7555_p2     | -   |        | add_ln840_421  | add | fabric | 0       |
|    add_ln840_422_fu_7565_p2     | -   |        | add_ln840_422  | add | fabric | 0       |
|    add_ln840_423_fu_7575_p2     | -   |        | add_ln840_423  | add | fabric | 0       |
|    add_ln840_424_fu_7585_p2     | -   |        | add_ln840_424  | add | fabric | 0       |
|    add_ln840_429_fu_7623_p2     | -   |        | add_ln840_429  | add | fabric | 0       |
|    add_ln840_430_fu_7633_p2     | -   |        | add_ln840_430  | add | fabric | 0       |
|    add_ln840_431_fu_7643_p2     | -   |        | add_ln840_431  | add | fabric | 0       |
|    add_ln840_432_fu_7653_p2     | -   |        | add_ln840_432  | add | fabric | 0       |
|    add_ln840_433_fu_7777_p2     | -   |        | add_ln840_433  | add | fabric | 0       |
|    add_ln840_434_fu_7791_p2     | -   |        | add_ln840_434  | add | fabric | 0       |
|    add_ln840_435_fu_7801_p2     | -   |        | add_ln840_435  | add | fabric | 0       |
|    add_ln840_436_fu_7811_p2     | -   |        | add_ln840_436  | add | fabric | 0       |
|    add_ln840_437_fu_7821_p2     | -   |        | add_ln840_437  | add | fabric | 0       |
|    add_ln840_438_fu_7831_p2     | -   |        | add_ln840_438  | add | fabric | 0       |
|    add_ln840_439_fu_7841_p2     | -   |        | add_ln840_439  | add | fabric | 0       |
|    add_ln840_440_fu_7851_p2     | -   |        | add_ln840_440  | add | fabric | 0       |
|    add_ln840_441_fu_7865_p2     | -   |        | add_ln840_441  | add | fabric | 0       |
|    add_ln840_442_fu_7875_p2     | -   |        | add_ln840_442  | add | fabric | 0       |
|    add_ln840_443_fu_7885_p2     | -   |        | add_ln840_443  | add | fabric | 0       |
|    add_ln840_444_fu_7895_p2     | -   |        | add_ln840_444  | add | fabric | 0       |
|    add_ln840_445_fu_7905_p2     | -   |        | add_ln840_445  | add | fabric | 0       |
|    add_ln840_446_fu_7915_p2     | -   |        | add_ln840_446  | add | fabric | 0       |
|    add_ln840_447_fu_7925_p2     | -   |        | add_ln840_447  | add | fabric | 0       |
|    add_ln840_448_fu_7935_p2     | -   |        | add_ln840_448  | add | fabric | 0       |
|    add_ln840_449_fu_7945_p2     | -   |        | add_ln840_449  | add | fabric | 0       |
|    add_ln840_452_fu_7971_p2     | -   |        | add_ln840_452  | add | fabric | 0       |
|    add_ln840_453_fu_7981_p2     | -   |        | add_ln840_453  | add | fabric | 0       |
|    add_ln840_454_fu_7991_p2     | -   |        | add_ln840_454  | add | fabric | 0       |
|    add_ln840_455_fu_8001_p2     | -   |        | add_ln840_455  | add | fabric | 0       |
|    add_ln840_456_fu_8007_p2     | -   |        | add_ln840_456  | add | fabric | 0       |
|    add_ln840_457_fu_8017_p2     | -   |        | add_ln840_457  | add | fabric | 0       |
|    add_ln840_458_fu_8027_p2     | -   |        | add_ln840_458  | add | fabric | 0       |
|    add_ln840_459_fu_8037_p2     | -   |        | add_ln840_459  | add | fabric | 0       |
|    add_ln840_460_fu_8043_p2     | -   |        | add_ln840_460  | add | fabric | 0       |
|    add_ln840_461_fu_8053_p2     | -   |        | add_ln840_461  | add | fabric | 0       |
|    add_ln840_462_fu_8063_p2     | -   |        | add_ln840_462  | add | fabric | 0       |
|    add_ln840_463_fu_8073_p2     | -   |        | add_ln840_463  | add | fabric | 0       |
|    add_ln840_464_fu_8083_p2     | -   |        | add_ln840_464  | add | fabric | 0       |
|    add_ln840_465_fu_8097_p2     | -   |        | add_ln840_465  | add | fabric | 0       |
|    add_ln840_466_fu_8107_p2     | -   |        | add_ln840_466  | add | fabric | 0       |
|    add_ln840_467_fu_8117_p2     | -   |        | add_ln840_467  | add | fabric | 0       |
|    add_ln840_468_fu_8123_p2     | -   |        | add_ln840_468  | add | fabric | 0       |
|    add_ln840_469_fu_8133_p2     | -   |        | add_ln840_469  | add | fabric | 0       |
|    add_ln840_470_fu_8143_p2     | -   |        | add_ln840_470  | add | fabric | 0       |
|    add_ln840_471_fu_8153_p2     | -   |        | add_ln840_471  | add | fabric | 0       |
|    add_ln840_472_fu_8163_p2     | -   |        | add_ln840_472  | add | fabric | 0       |
|    add_ln840_473_fu_8173_p2     | -   |        | add_ln840_473  | add | fabric | 0       |
|    add_ln840_474_fu_8183_p2     | -   |        | add_ln840_474  | add | fabric | 0       |
|    add_ln840_477_fu_8209_p2     | -   |        | add_ln840_477  | add | fabric | 0       |
|    add_ln840_478_fu_8219_p2     | -   |        | add_ln840_478  | add | fabric | 0       |
|    add_ln840_479_fu_8229_p2     | -   |        | add_ln840_479  | add | fabric | 0       |
|    add_ln840_480_fu_8239_p2     | -   |        | add_ln840_480  | add | fabric | 0       |
|    add_ln840_481_fu_8249_p2     | -   |        | add_ln840_481  | add | fabric | 0       |
|    add_ln840_482_fu_8259_p2     | -   |        | add_ln840_482  | add | fabric | 0       |
|    add_ln840_483_fu_8269_p2     | -   |        | add_ln840_483  | add | fabric | 0       |
|    add_ln840_486_fu_8295_p2     | -   |        | add_ln840_486  | add | fabric | 0       |
|    add_ln840_487_fu_8305_p2     | -   |        | add_ln840_487  | add | fabric | 0       |
|    add_ln840_488_fu_8315_p2     | -   |        | add_ln840_488  | add | fabric | 0       |
|    add_ln840_489_fu_8325_p2     | -   |        | add_ln840_489  | add | fabric | 0       |
|    add_ln840_490_fu_8335_p2     | -   |        | add_ln840_490  | add | fabric | 0       |
|    add_ln840_493_fu_8361_p2     | -   |        | add_ln840_493  | add | fabric | 0       |
|    add_ln840_494_fu_8371_p2     | -   |        | add_ln840_494  | add | fabric | 0       |
|    add_ln840_495_fu_8381_p2     | -   |        | add_ln840_495  | add | fabric | 0       |
|    add_ln840_496_fu_8391_p2     | -   |        | add_ln840_496  | add | fabric | 0       |
|    add_ln840_497_fu_8401_p2     | -   |        | add_ln840_497  | add | fabric | 0       |
|    add_ln840_498_fu_8415_p2     | -   |        | add_ln840_498  | add | fabric | 0       |
|    add_ln840_499_fu_8425_p2     | -   |        | add_ln840_499  | add | fabric | 0       |
|    add_ln840_500_fu_8435_p2     | -   |        | add_ln840_500  | add | fabric | 0       |
|    add_ln840_501_fu_8445_p2     | -   |        | add_ln840_501  | add | fabric | 0       |
|    add_ln840_502_fu_8455_p2     | -   |        | add_ln840_502  | add | fabric | 0       |
|    add_ln840_503_fu_8465_p2     | -   |        | add_ln840_503  | add | fabric | 0       |
|    add_ln840_504_fu_8475_p2     | -   |        | add_ln840_504  | add | fabric | 0       |
|    add_ln840_505_fu_8485_p2     | -   |        | add_ln840_505  | add | fabric | 0       |
|    add_ln840_506_fu_8499_p2     | -   |        | add_ln840_506  | add | fabric | 0       |
|    add_ln840_507_fu_8505_p2     | -   |        | add_ln840_507  | add | fabric | 0       |
|    add_ln840_508_fu_8515_p2     | -   |        | add_ln840_508  | add | fabric | 0       |
|    add_ln840_509_fu_8525_p2     | -   |        | add_ln840_509  | add | fabric | 0       |
|    add_ln840_510_fu_8535_p2     | -   |        | add_ln840_510  | add | fabric | 0       |
|    add_ln840_511_fu_8545_p2     | -   |        | add_ln840_511  | add | fabric | 0       |
|    add_ln840_512_fu_8555_p2     | -   |        | add_ln840_512  | add | fabric | 0       |
|    add_ln840_513_fu_8565_p2     | -   |        | add_ln840_513  | add | fabric | 0       |
|    add_ln840_514_fu_8575_p2     | -   |        | add_ln840_514  | add | fabric | 0       |
|    add_ln840_515_fu_8581_p2     | -   |        | add_ln840_515  | add | fabric | 0       |
|    add_ln840_516_fu_8591_p2     | -   |        | add_ln840_516  | add | fabric | 0       |
|    add_ln840_517_fu_8601_p2     | -   |        | add_ln840_517  | add | fabric | 0       |
|    add_ln840_520_fu_8627_p2     | -   |        | add_ln840_520  | add | fabric | 0       |
|    add_ln840_521_fu_8637_p2     | -   |        | add_ln840_521  | add | fabric | 0       |
|    add_ln840_522_fu_8647_p2     | -   |        | add_ln840_522  | add | fabric | 0       |
|    add_ln840_523_fu_8657_p2     | -   |        | add_ln840_523  | add | fabric | 0       |
|    add_ln840_524_fu_8667_p2     | -   |        | add_ln840_524  | add | fabric | 0       |
|    add_ln840_525_fu_8677_p2     | -   |        | add_ln840_525  | add | fabric | 0       |
|    add_ln840_526_fu_8687_p2     | -   |        | add_ln840_526  | add | fabric | 0       |
|    add_ln840_527_fu_8697_p2     | -   |        | add_ln840_527  | add | fabric | 0       |
|    add_ln840_528_fu_8707_p2     | -   |        | add_ln840_528  | add | fabric | 0       |
|    add_ln840_529_fu_8717_p2     | -   |        | add_ln840_529  | add | fabric | 0       |
|    add_ln840_530_fu_8727_p2     | -   |        | add_ln840_530  | add | fabric | 0       |
|    add_ln840_533_fu_8753_p2     | -   |        | add_ln840_533  | add | fabric | 0       |
|    add_ln840_534_fu_8763_p2     | -   |        | add_ln840_534  | add | fabric | 0       |
|    add_ln840_535_fu_8773_p2     | -   |        | add_ln840_535  | add | fabric | 0       |
|    add_ln840_536_fu_8783_p2     | -   |        | add_ln840_536  | add | fabric | 0       |
|    add_ln840_537_fu_8793_p2     | -   |        | add_ln840_537  | add | fabric | 0       |
|    add_ln840_538_fu_8803_p2     | -   |        | add_ln840_538  | add | fabric | 0       |
|    add_ln840_541_fu_8829_p2     | -   |        | add_ln840_541  | add | fabric | 0       |
|    add_ln840_542_fu_8839_p2     | -   |        | add_ln840_542  | add | fabric | 0       |
|    add_ln840_543_fu_8849_p2     | -   |        | add_ln840_543  | add | fabric | 0       |
|    add_ln840_544_fu_8859_p2     | -   |        | add_ln840_544  | add | fabric | 0       |
|    add_ln840_545_fu_8869_p2     | -   |        | add_ln840_545  | add | fabric | 0       |
|    add_ln840_546_fu_8879_p2     | -   |        | add_ln840_546  | add | fabric | 0       |
|    add_ln840_547_fu_8889_p2     | -   |        | add_ln840_547  | add | fabric | 0       |
|    add_ln840_548_fu_8899_p2     | -   |        | add_ln840_548  | add | fabric | 0       |
|    add_ln840_549_fu_8909_p2     | -   |        | add_ln840_549  | add | fabric | 0       |
|    add_ln840_550_fu_8919_p2     | -   |        | add_ln840_550  | add | fabric | 0       |
|    add_ln840_551_fu_8929_p2     | -   |        | add_ln840_551  | add | fabric | 0       |
|    add_ln840_552_fu_8939_p2     | -   |        | add_ln840_552  | add | fabric | 0       |
|    add_ln840_553_fu_8949_p2     | -   |        | add_ln840_553  | add | fabric | 0       |
|    add_ln840_556_fu_8971_p2     | -   |        | add_ln840_556  | add | fabric | 0       |
|    add_ln840_557_fu_8981_p2     | -   |        | add_ln840_557  | add | fabric | 0       |
|    add_ln840_558_fu_8991_p2     | -   |        | add_ln840_558  | add | fabric | 0       |
|    add_ln840_559_fu_9001_p2     | -   |        | add_ln840_559  | add | fabric | 0       |
|    add_ln840_560_fu_9011_p2     | -   |        | add_ln840_560  | add | fabric | 0       |
|    add_ln840_561_fu_9017_p2     | -   |        | add_ln840_561  | add | fabric | 0       |
|    add_ln840_562_fu_9027_p2     | -   |        | add_ln840_562  | add | fabric | 0       |
|    add_ln840_563_fu_9073_p2     | -   |        | add_ln840_563  | add | fabric | 0       |
|    add_ln840_564_fu_9079_p2     | -   |        | add_ln840_564  | add | fabric | 0       |
|    add_ln840_565_fu_9089_p2     | -   |        | add_ln840_565  | add | fabric | 0       |
|    add_ln840_566_fu_9099_p2     | -   |        | add_ln840_566  | add | fabric | 0       |
|    add_ln840_567_fu_9109_p2     | -   |        | add_ln840_567  | add | fabric | 0       |
|    add_ln840_568_fu_9119_p2     | -   |        | add_ln840_568  | add | fabric | 0       |
|    add_ln840_569_fu_9129_p2     | -   |        | add_ln840_569  | add | fabric | 0       |
|    add_ln840_570_fu_9139_p2     | -   |        | add_ln840_570  | add | fabric | 0       |
|    add_ln840_571_fu_9149_p2     | -   |        | add_ln840_571  | add | fabric | 0       |
|    add_ln840_572_fu_9159_p2     | -   |        | add_ln840_572  | add | fabric | 0       |
|    add_ln840_573_fu_9169_p2     | -   |        | add_ln840_573  | add | fabric | 0       |
|    add_ln840_574_fu_9179_p2     | -   |        | add_ln840_574  | add | fabric | 0       |
|    add_ln840_575_fu_9189_p2     | -   |        | add_ln840_575  | add | fabric | 0       |
|    add_ln840_576_fu_9199_p2     | -   |        | add_ln840_576  | add | fabric | 0       |
|    add_ln840_577_fu_9213_p2     | -   |        | add_ln840_577  | add | fabric | 0       |
|    add_ln840_580_fu_9239_p2     | -   |        | add_ln840_580  | add | fabric | 0       |
|    add_ln840_581_fu_9249_p2     | -   |        | add_ln840_581  | add | fabric | 0       |
|    add_ln840_582_fu_9259_p2     | -   |        | add_ln840_582  | add | fabric | 0       |
|    add_ln840_583_fu_9269_p2     | -   |        | add_ln840_583  | add | fabric | 0       |
|    add_ln840_584_fu_9279_p2     | -   |        | add_ln840_584  | add | fabric | 0       |
|    add_ln840_585_fu_9289_p2     | -   |        | add_ln840_585  | add | fabric | 0       |
|    add_ln840_586_fu_9295_p2     | -   |        | add_ln840_586  | add | fabric | 0       |
|    add_ln840_587_fu_9305_p2     | -   |        | add_ln840_587  | add | fabric | 0       |
|    add_ln840_588_fu_9315_p2     | -   |        | add_ln840_588  | add | fabric | 0       |
|    add_ln840_589_fu_9325_p2     | -   |        | add_ln840_589  | add | fabric | 0       |
|    add_ln840_590_fu_9335_p2     | -   |        | add_ln840_590  | add | fabric | 0       |
|    add_ln840_591_fu_9349_p2     | -   |        | add_ln840_591  | add | fabric | 0       |
|    add_ln840_592_fu_9359_p2     | -   |        | add_ln840_592  | add | fabric | 0       |
|    add_ln840_593_fu_9369_p2     | -   |        | add_ln840_593  | add | fabric | 0       |
|    add_ln840_596_fu_9395_p2     | -   |        | add_ln840_596  | add | fabric | 0       |
|    add_ln840_597_fu_9405_p2     | -   |        | add_ln840_597  | add | fabric | 0       |
|    add_ln840_598_fu_9415_p2     | -   |        | add_ln840_598  | add | fabric | 0       |
|    add_ln840_599_fu_9425_p2     | -   |        | add_ln840_599  | add | fabric | 0       |
|    add_ln840_600_fu_9435_p2     | -   |        | add_ln840_600  | add | fabric | 0       |
|    add_ln840_601_fu_9445_p2     | -   |        | add_ln840_601  | add | fabric | 0       |
|    add_ln840_604_fu_9471_p2     | -   |        | add_ln840_604  | add | fabric | 0       |
|    add_ln840_605_fu_9481_p2     | -   |        | add_ln840_605  | add | fabric | 0       |
|    add_ln840_606_fu_9491_p2     | -   |        | add_ln840_606  | add | fabric | 0       |
|    add_ln840_607_fu_9505_p2     | -   |        | add_ln840_607  | add | fabric | 0       |
|    add_ln840_608_fu_9515_p2     | -   |        | add_ln840_608  | add | fabric | 0       |
|    add_ln840_609_fu_9521_p2     | -   |        | add_ln840_609  | add | fabric | 0       |
|    add_ln840_610_fu_9531_p2     | -   |        | add_ln840_610  | add | fabric | 0       |
|    add_ln840_611_fu_9541_p2     | -   |        | add_ln840_611  | add | fabric | 0       |
|    add_ln840_612_fu_9551_p2     | -   |        | add_ln840_612  | add | fabric | 0       |
|    add_ln840_613_fu_9557_p2     | -   |        | add_ln840_613  | add | fabric | 0       |
|    add_ln840_614_fu_9567_p2     | -   |        | add_ln840_614  | add | fabric | 0       |
|    add_ln840_617_fu_9593_p2     | -   |        | add_ln840_617  | add | fabric | 0       |
|    add_ln840_618_fu_9603_p2     | -   |        | add_ln840_618  | add | fabric | 0       |
|    add_ln840_619_fu_9613_p2     | -   |        | add_ln840_619  | add | fabric | 0       |
|    add_ln840_620_fu_9623_p2     | -   |        | add_ln840_620  | add | fabric | 0       |
|    add_ln840_621_fu_9633_p2     | -   |        | add_ln840_621  | add | fabric | 0       |
|    add_ln840_622_fu_9643_p2     | -   |        | add_ln840_622  | add | fabric | 0       |
|    add_ln840_623_fu_9653_p2     | -   |        | add_ln840_623  | add | fabric | 0       |
|    add_ln840_624_fu_9663_p2     | -   |        | add_ln840_624  | add | fabric | 0       |
|    add_ln840_625_fu_9673_p2     | -   |        | add_ln840_625  | add | fabric | 0       |
|    add_ln840_626_fu_9683_p2     | -   |        | add_ln840_626  | add | fabric | 0       |
|    add_ln840_627_fu_9689_p2     | -   |        | add_ln840_627  | add | fabric | 0       |
|    add_ln840_628_fu_9699_p2     | -   |        | add_ln840_628  | add | fabric | 0       |
|    add_ln840_629_fu_9709_p2     | -   |        | add_ln840_629  | add | fabric | 0       |
|    add_ln840_630_fu_9719_p2     | -   |        | add_ln840_630  | add | fabric | 0       |
|    add_ln840_631_fu_9729_p2     | -   |        | add_ln840_631  | add | fabric | 0       |
|    add_ln840_632_fu_9739_p2     | -   |        | add_ln840_632  | add | fabric | 0       |
|    add_ln840_633_fu_9749_p2     | -   |        | add_ln840_633  | add | fabric | 0       |
|    add_ln840_634_fu_9759_p2     | -   |        | add_ln840_634  | add | fabric | 0       |
|    add_ln840_635_fu_9769_p2     | -   |        | add_ln840_635  | add | fabric | 0       |
|    add_ln840_636_fu_9779_p2     | -   |        | add_ln840_636  | add | fabric | 0       |
|    add_ln840_637_fu_9789_p2     | -   |        | add_ln840_637  | add | fabric | 0       |
|    add_ln840_638_fu_9799_p2     | -   |        | add_ln840_638  | add | fabric | 0       |
|    add_ln840_639_fu_9805_p2     | -   |        | add_ln840_639  | add | fabric | 0       |
|    add_ln840_640_fu_9815_p2     | -   |        | add_ln840_640  | add | fabric | 0       |
|    add_ln840_641_fu_9825_p2     | -   |        | add_ln840_641  | add | fabric | 0       |
|    add_ln840_642_fu_9835_p2     | -   |        | add_ln840_642  | add | fabric | 0       |
|    add_ln840_643_fu_9845_p2     | -   |        | add_ln840_643  | add | fabric | 0       |
|    add_ln840_644_fu_9855_p2     | -   |        | add_ln840_644  | add | fabric | 0       |
|    add_ln840_645_fu_9865_p2     | -   |        | add_ln840_645  | add | fabric | 0       |
|    add_ln840_648_fu_9891_p2     | -   |        | add_ln840_648  | add | fabric | 0       |
|    add_ln840_649_fu_9901_p2     | -   |        | add_ln840_649  | add | fabric | 0       |
|    add_ln840_650_fu_9911_p2     | -   |        | add_ln840_650  | add | fabric | 0       |
|    add_ln840_651_fu_9921_p2     | -   |        | add_ln840_651  | add | fabric | 0       |
|    add_ln840_652_fu_9931_p2     | -   |        | add_ln840_652  | add | fabric | 0       |
|    add_ln840_653_fu_9941_p2     | -   |        | add_ln840_653  | add | fabric | 0       |
|    add_ln840_654_fu_9951_p2     | -   |        | add_ln840_654  | add | fabric | 0       |
|    add_ln840_655_fu_9961_p2     | -   |        | add_ln840_655  | add | fabric | 0       |
|    add_ln840_658_fu_9987_p2     | -   |        | add_ln840_658  | add | fabric | 0       |
|    add_ln840_659_fu_9997_p2     | -   |        | add_ln840_659  | add | fabric | 0       |
|    add_ln840_660_fu_10007_p2    | -   |        | add_ln840_660  | add | fabric | 0       |
|    add_ln840_661_fu_10017_p2    | -   |        | add_ln840_661  | add | fabric | 0       |
|    add_ln840_662_fu_10027_p2    | -   |        | add_ln840_662  | add | fabric | 0       |
|    add_ln840_663_fu_10037_p2    | -   |        | add_ln840_663  | add | fabric | 0       |
|    add_ln840_664_fu_10047_p2    | -   |        | add_ln840_664  | add | fabric | 0       |
|    add_ln840_665_fu_10057_p2    | -   |        | add_ln840_665  | add | fabric | 0       |
|    add_ln840_666_fu_10067_p2    | -   |        | add_ln840_666  | add | fabric | 0       |
|    add_ln840_667_fu_10077_p2    | -   |        | add_ln840_667  | add | fabric | 0       |
|    add_ln840_668_fu_10087_p2    | -   |        | add_ln840_668  | add | fabric | 0       |
|    add_ln840_669_fu_10097_p2    | -   |        | add_ln840_669  | add | fabric | 0       |
|    add_ln840_670_fu_10107_p2    | -   |        | add_ln840_670  | add | fabric | 0       |
|    add_ln840_673_fu_10133_p2    | -   |        | add_ln840_673  | add | fabric | 0       |
|    add_ln840_674_fu_10143_p2    | -   |        | add_ln840_674  | add | fabric | 0       |
|    add_ln840_675_fu_10153_p2    | -   |        | add_ln840_675  | add | fabric | 0       |
|    add_ln840_678_fu_10179_p2    | -   |        | add_ln840_678  | add | fabric | 0       |
|    add_ln840_679_fu_10189_p2    | -   |        | add_ln840_679  | add | fabric | 0       |
|    add_ln840_684_fu_10231_p2    | -   |        | add_ln840_684  | add | fabric | 0       |
|    add_ln840_685_fu_10241_p2    | -   |        | add_ln840_685  | add | fabric | 0       |
|    add_ln840_686_fu_10251_p2    | -   |        | add_ln840_686  | add | fabric | 0       |
|    add_ln840_687_fu_10261_p2    | -   |        | add_ln840_687  | add | fabric | 0       |
|    add_ln840_688_fu_10277_p2    | -   |        | add_ln840_688  | add | fabric | 0       |
|    add_ln840_689_fu_10287_p2    | -   |        | add_ln840_689  | add | fabric | 0       |
|    add_ln840_690_fu_10297_p2    | -   |        | add_ln840_690  | add | fabric | 0       |
|    add_ln840_691_fu_10307_p2    | -   |        | add_ln840_691  | add | fabric | 0       |
|    add_ln840_694_fu_10333_p2    | -   |        | add_ln840_694  | add | fabric | 0       |
|    add_ln840_695_fu_10343_p2    | -   |        | add_ln840_695  | add | fabric | 0       |
|    add_ln840_696_fu_10353_p2    | -   |        | add_ln840_696  | add | fabric | 0       |
|    add_ln840_697_fu_10363_p2    | -   |        | add_ln840_697  | add | fabric | 0       |
|    add_ln840_698_fu_10373_p2    | -   |        | add_ln840_698  | add | fabric | 0       |
|    add_ln840_699_fu_10383_p2    | -   |        | add_ln840_699  | add | fabric | 0       |
|    add_ln840_700_fu_10393_p2    | -   |        | add_ln840_700  | add | fabric | 0       |
|    add_ln840_701_fu_10403_p2    | -   |        | add_ln840_701  | add | fabric | 0       |
|    add_ln840_702_fu_10413_p2    | -   |        | add_ln840_702  | add | fabric | 0       |
|    add_ln840_705_fu_10443_p2    | -   |        | add_ln840_705  | add | fabric | 0       |
|    add_ln840_706_fu_10453_p2    | -   |        | add_ln840_706  | add | fabric | 0       |
|    add_ln840_707_fu_10463_p2    | -   |        | add_ln840_707  | add | fabric | 0       |
|    add_ln840_708_fu_10473_p2    | -   |        | add_ln840_708  | add | fabric | 0       |
|    add_ln840_709_fu_10483_p2    | -   |        | add_ln840_709  | add | fabric | 0       |
|    add_ln840_710_fu_10493_p2    | -   |        | add_ln840_710  | add | fabric | 0       |
|    add_ln840_711_fu_10499_p2    | -   |        | add_ln840_711  | add | fabric | 0       |
|    add_ln840_712_fu_10509_p2    | -   |        | add_ln840_712  | add | fabric | 0       |
|    add_ln840_713_fu_10519_p2    | -   |        | add_ln840_713  | add | fabric | 0       |
|    add_ln840_714_fu_10529_p2    | -   |        | add_ln840_714  | add | fabric | 0       |
|    add_ln840_715_fu_10539_p2    | -   |        | add_ln840_715  | add | fabric | 0       |
|    add_ln840_716_fu_10553_p2    | -   |        | add_ln840_716  | add | fabric | 0       |
|    add_ln840_717_fu_10563_p2    | -   |        | add_ln840_717  | add | fabric | 0       |
|    add_ln840_718_fu_10573_p2    | -   |        | add_ln840_718  | add | fabric | 0       |
|    add_ln840_719_fu_10579_p2    | -   |        | add_ln840_719  | add | fabric | 0       |
|    add_ln840_720_fu_10589_p2    | -   |        | add_ln840_720  | add | fabric | 0       |
|    add_ln840_721_fu_10599_p2    | -   |        | add_ln840_721  | add | fabric | 0       |
|    add_ln840_722_fu_10609_p2    | -   |        | add_ln840_722  | add | fabric | 0       |
|    add_ln840_723_fu_10619_p2    | -   |        | add_ln840_723  | add | fabric | 0       |
|    add_ln840_726_fu_10645_p2    | -   |        | add_ln840_726  | add | fabric | 0       |
|    add_ln840_727_fu_10655_p2    | -   |        | add_ln840_727  | add | fabric | 0       |
|    add_ln840_728_fu_10665_p2    | -   |        | add_ln840_728  | add | fabric | 0       |
|    add_ln840_729_fu_10675_p2    | -   |        | add_ln840_729  | add | fabric | 0       |
|    add_ln840_730_fu_10685_p2    | -   |        | add_ln840_730  | add | fabric | 0       |
|    add_ln840_731_fu_10695_p2    | -   |        | add_ln840_731  | add | fabric | 0       |
|    add_ln840_732_fu_10705_p2    | -   |        | add_ln840_732  | add | fabric | 0       |
|    add_ln840_733_fu_10715_p2    | -   |        | add_ln840_733  | add | fabric | 0       |
|    add_ln840_734_fu_10725_p2    | -   |        | add_ln840_734  | add | fabric | 0       |
|    add_ln840_735_fu_10735_p2    | -   |        | add_ln840_735  | add | fabric | 0       |
|    add_ln840_736_fu_10741_p2    | -   |        | add_ln840_736  | add | fabric | 0       |
|    add_ln840_737_fu_10751_p2    | -   |        | add_ln840_737  | add | fabric | 0       |
|    add_ln840_738_fu_10761_p2    | -   |        | add_ln840_738  | add | fabric | 0       |
|    add_ln840_739_fu_10771_p2    | -   |        | add_ln840_739  | add | fabric | 0       |
|    add_ln840_740_fu_10781_p2    | -   |        | add_ln840_740  | add | fabric | 0       |
|    add_ln840_743_fu_10807_p2    | -   |        | add_ln840_743  | add | fabric | 0       |
|    add_ln840_744_fu_10817_p2    | -   |        | add_ln840_744  | add | fabric | 0       |
|    add_ln840_745_fu_10827_p2    | -   |        | add_ln840_745  | add | fabric | 0       |
|    add_ln840_746_fu_10837_p2    | -   |        | add_ln840_746  | add | fabric | 0       |
|    add_ln840_747_fu_10847_p2    | -   |        | add_ln840_747  | add | fabric | 0       |
|    add_ln840_748_fu_10857_p2    | -   |        | add_ln840_748  | add | fabric | 0       |
|    add_ln840_749_fu_10867_p2    | -   |        | add_ln840_749  | add | fabric | 0       |
|    add_ln840_750_fu_10873_p2    | -   |        | add_ln840_750  | add | fabric | 0       |
|    add_ln840_751_fu_10883_p2    | -   |        | add_ln840_751  | add | fabric | 0       |
|    add_ln840_752_fu_10893_p2    | -   |        | add_ln840_752  | add | fabric | 0       |
|    add_ln840_753_fu_10903_p2    | -   |        | add_ln840_753  | add | fabric | 0       |
|    add_ln840_754_fu_10913_p2    | -   |        | add_ln840_754  | add | fabric | 0       |
|    add_ln840_755_fu_10923_p2    | -   |        | add_ln840_755  | add | fabric | 0       |
|    add_ln840_756_fu_10933_p2    | -   |        | add_ln840_756  | add | fabric | 0       |
|    add_ln840_757_fu_10943_p2    | -   |        | add_ln840_757  | add | fabric | 0       |
|    add_ln840_758_fu_10949_p2    | -   |        | add_ln840_758  | add | fabric | 0       |
|    add_ln840_759_fu_10959_p2    | -   |        | add_ln840_759  | add | fabric | 0       |
|    add_ln840_760_fu_10969_p2    | -   |        | add_ln840_760  | add | fabric | 0       |
|    add_ln840_761_fu_10979_p2    | -   |        | add_ln840_761  | add | fabric | 0       |
|    add_ln840_762_fu_10993_p2    | -   |        | add_ln840_762  | add | fabric | 0       |
|    add_ln840_765_fu_11023_p2    | -   |        | add_ln840_765  | add | fabric | 0       |
|    add_ln840_766_fu_11033_p2    | -   |        | add_ln840_766  | add | fabric | 0       |
|    add_ln840_767_fu_11043_p2    | -   |        | add_ln840_767  | add | fabric | 0       |
|    add_ln840_768_fu_11053_p2    | -   |        | add_ln840_768  | add | fabric | 0       |
|    add_ln840_769_fu_11063_p2    | -   |        | add_ln840_769  | add | fabric | 0       |
|    add_ln840_770_fu_11073_p2    | -   |        | add_ln840_770  | add | fabric | 0       |
|    add_ln840_771_fu_11079_p2    | -   |        | add_ln840_771  | add | fabric | 0       |
|    add_ln840_772_fu_11089_p2    | -   |        | add_ln840_772  | add | fabric | 0       |
|    add_ln840_773_fu_11099_p2    | -   |        | add_ln840_773  | add | fabric | 0       |
|    add_ln840_774_fu_11109_p2    | -   |        | add_ln840_774  | add | fabric | 0       |
|    add_ln840_775_fu_11119_p2    | -   |        | add_ln840_775  | add | fabric | 0       |
|    add_ln840_776_fu_11129_p2    | -   |        | add_ln840_776  | add | fabric | 0       |
|    add_ln840_777_fu_11139_p2    | -   |        | add_ln840_777  | add | fabric | 0       |
|    add_ln840_778_fu_11149_p2    | -   |        | add_ln840_778  | add | fabric | 0       |
|    add_ln840_779_fu_11159_p2    | -   |        | add_ln840_779  | add | fabric | 0       |
|    add_ln840_780_fu_11169_p2    | -   |        | add_ln840_780  | add | fabric | 0       |
|    add_ln840_781_fu_11179_p2    | -   |        | add_ln840_781  | add | fabric | 0       |
|    add_ln840_782_fu_11189_p2    | -   |        | add_ln840_782  | add | fabric | 0       |
|    add_ln840_783_fu_11199_p2    | -   |        | add_ln840_783  | add | fabric | 0       |
|    add_ln840_784_fu_11209_p2    | -   |        | add_ln840_784  | add | fabric | 0       |
|    add_ln840_785_fu_11219_p2    | -   |        | add_ln840_785  | add | fabric | 0       |
|    add_ln840_788_fu_11249_p2    | -   |        | add_ln840_788  | add | fabric | 0       |
|    add_ln840_789_fu_11259_p2    | -   |        | add_ln840_789  | add | fabric | 0       |
|    add_ln840_790_fu_11269_p2    | -   |        | add_ln840_790  | add | fabric | 0       |
|    add_ln840_791_fu_11279_p2    | -   |        | add_ln840_791  | add | fabric | 0       |
|    add_ln840_792_fu_11285_p2    | -   |        | add_ln840_792  | add | fabric | 0       |
|    add_ln840_793_fu_11295_p2    | -   |        | add_ln840_793  | add | fabric | 0       |
|    add_ln840_794_fu_11305_p2    | -   |        | add_ln840_794  | add | fabric | 0       |
|    add_ln840_797_fu_11331_p2    | -   |        | add_ln840_797  | add | fabric | 0       |
|    add_ln840_798_fu_11341_p2    | -   |        | add_ln840_798  | add | fabric | 0       |
|    add_ln840_799_fu_11351_p2    | -   |        | add_ln840_799  | add | fabric | 0       |
|    add_ln840_800_fu_11361_p2    | -   |        | add_ln840_800  | add | fabric | 0       |
|    add_ln840_801_fu_11371_p2    | -   |        | add_ln840_801  | add | fabric | 0       |
|    add_ln840_802_fu_11381_p2    | -   |        | add_ln840_802  | add | fabric | 0       |
|    add_ln840_803_fu_11397_p2    | -   |        | add_ln840_803  | add | fabric | 0       |
|    add_ln840_804_fu_11407_p2    | -   |        | add_ln840_804  | add | fabric | 0       |
|    add_ln840_805_fu_11417_p2    | -   |        | add_ln840_805  | add | fabric | 0       |
|    add_ln840_806_fu_11427_p2    | -   |        | add_ln840_806  | add | fabric | 0       |
|    add_ln840_809_fu_11453_p2    | -   |        | add_ln840_809  | add | fabric | 0       |
|    add_ln840_810_fu_11463_p2    | -   |        | add_ln840_810  | add | fabric | 0       |
|    add_ln840_811_fu_11473_p2    | -   |        | add_ln840_811  | add | fabric | 0       |
|    add_ln840_812_fu_11483_p2    | -   |        | add_ln840_812  | add | fabric | 0       |
|    add_ln840_813_fu_11497_p2    | -   |        | add_ln840_813  | add | fabric | 0       |
|    add_ln840_814_fu_11503_p2    | -   |        | add_ln840_814  | add | fabric | 0       |
|    add_ln840_815_fu_11513_p2    | -   |        | add_ln840_815  | add | fabric | 0       |
|    add_ln840_816_fu_11523_p2    | -   |        | add_ln840_816  | add | fabric | 0       |
|    add_ln840_817_fu_11533_p2    | -   |        | add_ln840_817  | add | fabric | 0       |
|    add_ln840_818_fu_11543_p2    | -   |        | add_ln840_818  | add | fabric | 0       |
|    add_ln840_819_fu_11557_p2    | -   |        | add_ln840_819  | add | fabric | 0       |
|    add_ln840_820_fu_11567_p2    | -   |        | add_ln840_820  | add | fabric | 0       |
|    add_ln840_823_fu_11593_p2    | -   |        | add_ln840_823  | add | fabric | 0       |
|    add_ln840_824_fu_11603_p2    | -   |        | add_ln840_824  | add | fabric | 0       |
|    add_ln840_825_fu_11613_p2    | -   |        | add_ln840_825  | add | fabric | 0       |
|    add_ln840_826_fu_11623_p2    | -   |        | add_ln840_826  | add | fabric | 0       |
|    add_ln840_827_fu_11633_p2    | -   |        | add_ln840_827  | add | fabric | 0       |
|    add_ln840_828_fu_11643_p2    | -   |        | add_ln840_828  | add | fabric | 0       |
|    add_ln840_829_fu_11653_p2    | -   |        | add_ln840_829  | add | fabric | 0       |
|    add_ln840_830_fu_11663_p2    | -   |        | add_ln840_830  | add | fabric | 0       |
|    add_ln840_831_fu_11673_p2    | -   |        | add_ln840_831  | add | fabric | 0       |
|    add_ln840_832_fu_11683_p2    | -   |        | add_ln840_832  | add | fabric | 0       |
|    add_ln840_833_fu_11693_p2    | -   |        | add_ln840_833  | add | fabric | 0       |
|    add_ln840_834_fu_11703_p2    | -   |        | add_ln840_834  | add | fabric | 0       |
|    add_ln840_835_fu_11713_p2    | -   |        | add_ln840_835  | add | fabric | 0       |
|    add_ln840_836_fu_11723_p2    | -   |        | add_ln840_836  | add | fabric | 0       |
|    add_ln840_837_fu_11733_p2    | -   |        | add_ln840_837  | add | fabric | 0       |
|    add_ln840_838_fu_11743_p2    | -   |        | add_ln840_838  | add | fabric | 0       |
|    add_ln840_841_fu_11769_p2    | -   |        | add_ln840_841  | add | fabric | 0       |
|    add_ln840_842_fu_11779_p2    | -   |        | add_ln840_842  | add | fabric | 0       |
|    add_ln840_843_fu_11789_p2    | -   |        | add_ln840_843  | add | fabric | 0       |
|    add_ln840_844_fu_11799_p2    | -   |        | add_ln840_844  | add | fabric | 0       |
|    add_ln840_845_fu_11809_p2    | -   |        | add_ln840_845  | add | fabric | 0       |
|    add_ln840_846_fu_11819_p2    | -   |        | add_ln840_846  | add | fabric | 0       |
|    add_ln840_847_fu_11829_p2    | -   |        | add_ln840_847  | add | fabric | 0       |
|    add_ln840_848_fu_11839_p2    | -   |        | add_ln840_848  | add | fabric | 0       |
|    add_ln840_849_fu_11849_p2    | -   |        | add_ln840_849  | add | fabric | 0       |
|    add_ln840_850_fu_11859_p2    | -   |        | add_ln840_850  | add | fabric | 0       |
|    add_ln840_851_fu_11869_p2    | -   |        | add_ln840_851  | add | fabric | 0       |
|    add_ln840_852_fu_11879_p2    | -   |        | add_ln840_852  | add | fabric | 0       |
|    add_ln840_853_fu_11889_p2    | -   |        | add_ln840_853  | add | fabric | 0       |
|    add_ln840_854_fu_11899_p2    | -   |        | add_ln840_854  | add | fabric | 0       |
|    add_ln840_855_fu_11909_p2    | -   |        | add_ln840_855  | add | fabric | 0       |
|    add_ln840_856_fu_11919_p2    | -   |        | add_ln840_856  | add | fabric | 0       |
|    add_ln840_857_fu_11929_p2    | -   |        | add_ln840_857  | add | fabric | 0       |
|    add_ln840_858_fu_11939_p2    | -   |        | add_ln840_858  | add | fabric | 0       |
|    add_ln840_859_fu_11949_p2    | -   |        | add_ln840_859  | add | fabric | 0       |
|    add_ln840_860_fu_11959_p2    | -   |        | add_ln840_860  | add | fabric | 0       |
|    add_ln840_861_fu_11973_p2    | -   |        | add_ln840_861  | add | fabric | 0       |
|    add_ln840_864_fu_11999_p2    | -   |        | add_ln840_864  | add | fabric | 0       |
|    add_ln840_865_fu_12009_p2    | -   |        | add_ln840_865  | add | fabric | 0       |
|    add_ln840_866_fu_12019_p2    | -   |        | add_ln840_866  | add | fabric | 0       |
|    add_ln840_867_fu_12029_p2    | -   |        | add_ln840_867  | add | fabric | 0       |
|    add_ln840_868_fu_12035_p2    | -   |        | add_ln840_868  | add | fabric | 0       |
|    add_ln840_869_fu_12045_p2    | -   |        | add_ln840_869  | add | fabric | 0       |
|    add_ln840_870_fu_12055_p2    | -   |        | add_ln840_870  | add | fabric | 0       |
|    add_ln840_871_fu_12065_p2    | -   |        | add_ln840_871  | add | fabric | 0       |
|    add_ln840_872_fu_12075_p2    | -   |        | add_ln840_872  | add | fabric | 0       |
|    add_ln840_873_fu_12085_p2    | -   |        | add_ln840_873  | add | fabric | 0       |
|    add_ln840_874_fu_12095_p2    | -   |        | add_ln840_874  | add | fabric | 0       |
|    add_ln840_875_fu_12105_p2    | -   |        | add_ln840_875  | add | fabric | 0       |
|    add_ln840_876_fu_12111_p2    | -   |        | add_ln840_876  | add | fabric | 0       |
|    add_ln840_877_fu_12121_p2    | -   |        | add_ln840_877  | add | fabric | 0       |
|    add_ln840_878_fu_12131_p2    | -   |        | add_ln840_878  | add | fabric | 0       |
|    add_ln840_879_fu_12145_p2    | -   |        | add_ln840_879  | add | fabric | 0       |
|    add_ln840_880_fu_12155_p2    | -   |        | add_ln840_880  | add | fabric | 0       |
|    add_ln840_881_fu_12165_p2    | -   |        | add_ln840_881  | add | fabric | 0       |
|    add_ln840_882_fu_12175_p2    | -   |        | add_ln840_882  | add | fabric | 0       |
|    add_ln840_883_fu_12185_p2    | -   |        | add_ln840_883  | add | fabric | 0       |
|    add_ln840_884_fu_12195_p2    | -   |        | add_ln840_884  | add | fabric | 0       |
|    add_ln840_885_fu_12205_p2    | -   |        | add_ln840_885  | add | fabric | 0       |
|    add_ln840_886_fu_12215_p2    | -   |        | add_ln840_886  | add | fabric | 0       |
|    add_ln840_887_fu_12225_p2    | -   |        | add_ln840_887  | add | fabric | 0       |
|    add_ln840_888_fu_12239_p2    | -   |        | add_ln840_888  | add | fabric | 0       |
|    add_ln840_889_fu_12249_p2    | -   |        | add_ln840_889  | add | fabric | 0       |
|    add_ln840_890_fu_12259_p2    | -   |        | add_ln840_890  | add | fabric | 0       |
|    add_ln840_891_fu_12269_p2    | -   |        | add_ln840_891  | add | fabric | 0       |
|    add_ln840_892_fu_12279_p2    | -   |        | add_ln840_892  | add | fabric | 0       |
|    add_ln840_893_fu_12289_p2    | -   |        | add_ln840_893  | add | fabric | 0       |
|    add_ln840_894_fu_12299_p2    | -   |        | add_ln840_894  | add | fabric | 0       |
|    add_ln840_895_fu_12309_p2    | -   |        | add_ln840_895  | add | fabric | 0       |
|    add_ln840_896_fu_12319_p2    | -   |        | add_ln840_896  | add | fabric | 0       |
|    add_ln840_897_fu_12329_p2    | -   |        | add_ln840_897  | add | fabric | 0       |
|    add_ln840_898_fu_12339_p2    | -   |        | add_ln840_898  | add | fabric | 0       |
|    add_ln840_899_fu_12349_p2    | -   |        | add_ln840_899  | add | fabric | 0       |
|    add_ln840_900_fu_12359_p2    | -   |        | add_ln840_900  | add | fabric | 0       |
|    add_ln840_901_fu_12369_p2    | -   |        | add_ln840_901  | add | fabric | 0       |
|    add_ln840_904_fu_12395_p2    | -   |        | add_ln840_904  | add | fabric | 0       |
|    add_ln840_905_fu_12405_p2    | -   |        | add_ln840_905  | add | fabric | 0       |
|    add_ln840_908_fu_12431_p2    | -   |        | add_ln840_908  | add | fabric | 0       |
|    add_ln840_913_fu_12477_p2    | -   |        | add_ln840_913  | add | fabric | 0       |
|    add_ln840_914_fu_12487_p2    | -   |        | add_ln840_914  | add | fabric | 0       |
|    add_ln840_915_fu_12497_p2    | -   |        | add_ln840_915  | add | fabric | 0       |
|    add_ln840_916_fu_12507_p2    | -   |        | add_ln840_916  | add | fabric | 0       |
|    add_ln840_917_fu_12513_p2    | -   |        | add_ln840_917  | add | fabric | 0       |
|    add_ln840_920_fu_12539_p2    | -   |        | add_ln840_920  | add | fabric | 0       |
|    add_ln840_921_fu_12549_p2    | -   |        | add_ln840_921  | add | fabric | 0       |
|    add_ln840_922_fu_12565_p2    | -   |        | add_ln840_922  | add | fabric | 0       |
|    add_ln840_923_fu_12575_p2    | -   |        | add_ln840_923  | add | fabric | 0       |
|    add_ln840_924_fu_12585_p2    | -   |        | add_ln840_924  | add | fabric | 0       |
|    add_ln840_925_fu_12595_p2    | -   |        | add_ln840_925  | add | fabric | 0       |
|    add_ln840_926_fu_12605_p2    | -   |        | add_ln840_926  | add | fabric | 0       |
|    add_ln840_927_fu_12615_p2    | -   |        | add_ln840_927  | add | fabric | 0       |
|    add_ln840_928_fu_12625_p2    | -   |        | add_ln840_928  | add | fabric | 0       |
|    add_ln840_929_fu_12635_p2    | -   |        | add_ln840_929  | add | fabric | 0       |
|    add_ln840_932_fu_12661_p2    | -   |        | add_ln840_932  | add | fabric | 0       |
|    add_ln840_933_fu_12671_p2    | -   |        | add_ln840_933  | add | fabric | 0       |
|    add_ln840_934_fu_12681_p2    | -   |        | add_ln840_934  | add | fabric | 0       |
|    add_ln840_935_fu_12691_p2    | -   |        | add_ln840_935  | add | fabric | 0       |
|    add_ln840_936_fu_12701_p2    | -   |        | add_ln840_936  | add | fabric | 0       |
|    add_ln840_937_fu_12711_p2    | -   |        | add_ln840_937  | add | fabric | 0       |
|    add_ln840_938_fu_12721_p2    | -   |        | add_ln840_938  | add | fabric | 0       |
|    add_ln840_939_fu_12731_p2    | -   |        | add_ln840_939  | add | fabric | 0       |
|    add_ln840_940_fu_12741_p2    | -   |        | add_ln840_940  | add | fabric | 0       |
|    add_ln840_941_fu_12751_p2    | -   |        | add_ln840_941  | add | fabric | 0       |
|    add_ln840_942_fu_12765_p2    | -   |        | add_ln840_942  | add | fabric | 0       |
|    add_ln840_943_fu_12771_p2    | -   |        | add_ln840_943  | add | fabric | 0       |
|    add_ln840_944_fu_12781_p2    | -   |        | add_ln840_944  | add | fabric | 0       |
|    add_ln840_945_fu_12791_p2    | -   |        | add_ln840_945  | add | fabric | 0       |
|    add_ln840_946_fu_12801_p2    | -   |        | add_ln840_946  | add | fabric | 0       |
|    add_ln840_947_fu_12811_p2    | -   |        | add_ln840_947  | add | fabric | 0       |
|    add_ln840_948_fu_12821_p2    | -   |        | add_ln840_948  | add | fabric | 0       |
|    add_ln840_949_fu_12831_p2    | -   |        | add_ln840_949  | add | fabric | 0       |
|    add_ln840_950_fu_12841_p2    | -   |        | add_ln840_950  | add | fabric | 0       |
|    add_ln840_951_fu_12851_p2    | -   |        | add_ln840_951  | add | fabric | 0       |
|    add_ln840_954_fu_12877_p2    | -   |        | add_ln840_954  | add | fabric | 0       |
|    add_ln840_955_fu_12887_p2    | -   |        | add_ln840_955  | add | fabric | 0       |
|    add_ln840_956_fu_12897_p2    | -   |        | add_ln840_956  | add | fabric | 0       |
|    add_ln840_957_fu_12907_p2    | -   |        | add_ln840_957  | add | fabric | 0       |
|    add_ln840_958_fu_12917_p2    | -   |        | add_ln840_958  | add | fabric | 0       |
|    add_ln840_959_fu_12927_p2    | -   |        | add_ln840_959  | add | fabric | 0       |
|    add_ln840_962_fu_12953_p2    | -   |        | add_ln840_962  | add | fabric | 0       |
|    add_ln840_963_fu_12963_p2    | -   |        | add_ln840_963  | add | fabric | 0       |
|    add_ln840_964_fu_12973_p2    | -   |        | add_ln840_964  | add | fabric | 0       |
|    add_ln840_965_fu_12983_p2    | -   |        | add_ln840_965  | add | fabric | 0       |
|    add_ln840_966_fu_12993_p2    | -   |        | add_ln840_966  | add | fabric | 0       |
|    add_ln840_967_fu_13003_p2    | -   |        | add_ln840_967  | add | fabric | 0       |
|    add_ln840_968_fu_13013_p2    | -   |        | add_ln840_968  | add | fabric | 0       |
|    add_ln840_969_fu_13023_p2    | -   |        | add_ln840_969  | add | fabric | 0       |
|    add_ln840_970_fu_13033_p2    | -   |        | add_ln840_970  | add | fabric | 0       |
|    add_ln840_971_fu_13043_p2    | -   |        | add_ln840_971  | add | fabric | 0       |
|    add_ln840_972_fu_13053_p2    | -   |        | add_ln840_972  | add | fabric | 0       |
|    add_ln840_973_fu_13063_p2    | -   |        | add_ln840_973  | add | fabric | 0       |
|    add_ln840_974_fu_13073_p2    | -   |        | add_ln840_974  | add | fabric | 0       |
|    add_ln840_975_fu_13083_p2    | -   |        | add_ln840_975  | add | fabric | 0       |
|    add_ln840_976_fu_13093_p2    | -   |        | add_ln840_976  | add | fabric | 0       |
|    add_ln840_977_fu_13103_p2    | -   |        | add_ln840_977  | add | fabric | 0       |
|    add_ln840_978_fu_13113_p2    | -   |        | add_ln840_978  | add | fabric | 0       |
|    add_ln840_979_fu_13123_p2    | -   |        | add_ln840_979  | add | fabric | 0       |
|    add_ln840_980_fu_13133_p2    | -   |        | add_ln840_980  | add | fabric | 0       |
|    add_ln840_981_fu_13139_p2    | -   |        | add_ln840_981  | add | fabric | 0       |
|    add_ln840_982_fu_13149_p2    | -   |        | add_ln840_982  | add | fabric | 0       |
|    add_ln840_983_fu_13159_p2    | -   |        | add_ln840_983  | add | fabric | 0       |
|    add_ln840_984_fu_13169_p2    | -   |        | add_ln840_984  | add | fabric | 0       |
|    add_ln840_987_fu_13195_p2    | -   |        | add_ln840_987  | add | fabric | 0       |
|    add_ln840_988_fu_13205_p2    | -   |        | add_ln840_988  | add | fabric | 0       |
|    add_ln840_989_fu_13215_p2    | -   |        | add_ln840_989  | add | fabric | 0       |
|    add_ln840_990_fu_13225_p2    | -   |        | add_ln840_990  | add | fabric | 0       |
|    add_ln840_991_fu_13235_p2    | -   |        | add_ln840_991  | add | fabric | 0       |
|    add_ln840_994_fu_13261_p2    | -   |        | add_ln840_994  | add | fabric | 0       |
|    add_ln840_995_fu_13271_p2    | -   |        | add_ln840_995  | add | fabric | 0       |
|    add_ln840_996_fu_13281_p2    | -   |        | add_ln840_996  | add | fabric | 0       |
|    add_ln840_997_fu_13291_p2    | -   |        | add_ln840_997  | add | fabric | 0       |
|    add_ln840_998_fu_13301_p2    | -   |        | add_ln840_998  | add | fabric | 0       |
|    add_ln840_999_fu_13311_p2    | -   |        | add_ln840_999  | add | fabric | 0       |
|    add_ln840_1002_fu_13337_p2   | -   |        | add_ln840_1002 | add | fabric | 0       |
|    add_ln840_1003_fu_13347_p2   | -   |        | add_ln840_1003 | add | fabric | 0       |
|    add_ln840_1004_fu_13357_p2   | -   |        | add_ln840_1004 | add | fabric | 0       |
|    add_ln840_1005_fu_13367_p2   | -   |        | add_ln840_1005 | add | fabric | 0       |
|    add_ln840_1006_fu_13377_p2   | -   |        | add_ln840_1006 | add | fabric | 0       |
|    add_ln840_1007_fu_13387_p2   | -   |        | add_ln840_1007 | add | fabric | 0       |
|    add_ln840_1010_fu_13413_p2   | -   |        | add_ln840_1010 | add | fabric | 0       |
|    add_ln840_1011_fu_13423_p2   | -   |        | add_ln840_1011 | add | fabric | 0       |
|    add_ln840_1012_fu_13433_p2   | -   |        | add_ln840_1012 | add | fabric | 0       |
|    add_ln840_1013_fu_13443_p2   | -   |        | add_ln840_1013 | add | fabric | 0       |
|    add_ln840_1014_fu_13453_p2   | -   |        | add_ln840_1014 | add | fabric | 0       |
|    add_ln840_1015_fu_13463_p2   | -   |        | add_ln840_1015 | add | fabric | 0       |
|    add_ln840_1016_fu_13473_p2   | -   |        | add_ln840_1016 | add | fabric | 0       |
|    add_ln840_1017_fu_13483_p2   | -   |        | add_ln840_1017 | add | fabric | 0       |
|    add_ln840_1020_fu_13509_p2   | -   |        | add_ln840_1020 | add | fabric | 0       |
|    add_ln840_1021_fu_13519_p2   | -   |        | add_ln840_1021 | add | fabric | 0       |
|    add_ln840_1022_fu_13529_p2   | -   |        | add_ln840_1022 | add | fabric | 0       |
|    add_ln840_1023_fu_13539_p2   | -   |        | add_ln840_1023 | add | fabric | 0       |
|    add_ln840_1024_fu_13549_p2   | -   |        | add_ln840_1024 | add | fabric | 0       |
|    add_ln840_1025_fu_13559_p2   | -   |        | add_ln840_1025 | add | fabric | 0       |
|    add_ln840_1028_fu_13585_p2   | -   |        | add_ln840_1028 | add | fabric | 0       |
|    add_ln840_1029_fu_13595_p2   | -   |        | add_ln840_1029 | add | fabric | 0       |
|    add_ln840_1030_fu_13605_p2   | -   |        | add_ln840_1030 | add | fabric | 0       |
|    add_ln840_1031_fu_13615_p2   | -   |        | add_ln840_1031 | add | fabric | 0       |
|    add_ln840_1032_fu_13625_p2   | -   |        | add_ln840_1032 | add | fabric | 0       |
|    add_ln840_1033_fu_13635_p2   | -   |        | add_ln840_1033 | add | fabric | 0       |
|    add_ln840_1036_fu_13661_p2   | -   |        | add_ln840_1036 | add | fabric | 0       |
|    add_ln840_1037_fu_13671_p2   | -   |        | add_ln840_1037 | add | fabric | 0       |
|    add_ln840_1038_fu_13681_p2   | -   |        | add_ln840_1038 | add | fabric | 0       |
|    add_ln840_1039_fu_13691_p2   | -   |        | add_ln840_1039 | add | fabric | 0       |
|    add_ln840_1040_fu_13701_p2   | -   |        | add_ln840_1040 | add | fabric | 0       |
|    add_ln840_1041_fu_13711_p2   | -   |        | add_ln840_1041 | add | fabric | 0       |
|    add_ln840_1042_fu_13721_p2   | -   |        | add_ln840_1042 | add | fabric | 0       |
|    add_ln840_1047_fu_13759_p2   | -   |        | add_ln840_1047 | add | fabric | 0       |
|    add_ln840_1048_fu_13769_p2   | -   |        | add_ln840_1048 | add | fabric | 0       |
|    add_ln840_1049_fu_22274_p2   | -   |        | add_ln840_1049 | add | fabric | 0       |
|    add_ln840_1050_fu_13775_p2   | -   |        | add_ln840_1050 | add | fabric | 0       |
|    add_ln840_1051_fu_13785_p2   | -   |        | add_ln840_1051 | add | fabric | 0       |
|    add_ln840_1052_fu_13791_p2   | -   |        | add_ln840_1052 | add | fabric | 0       |
|    add_ln840_1057_fu_13833_p2   | -   |        | add_ln840_1057 | add | fabric | 0       |
|    add_ln840_1058_fu_13843_p2   | -   |        | add_ln840_1058 | add | fabric | 0       |
|    add_ln840_1059_fu_13853_p2   | -   |        | add_ln840_1059 | add | fabric | 0       |
|    add_ln840_1060_fu_13863_p2   | -   |        | add_ln840_1060 | add | fabric | 0       |
|    add_ln840_1061_fu_13873_p2   | -   |        | add_ln840_1061 | add | fabric | 0       |
|    add_ln840_1062_fu_13883_p2   | -   |        | add_ln840_1062 | add | fabric | 0       |
|    add_ln840_1063_fu_13893_p2   | -   |        | add_ln840_1063 | add | fabric | 0       |
|    add_ln840_1064_fu_13903_p2   | -   |        | add_ln840_1064 | add | fabric | 0       |
|    add_ln840_1065_fu_13913_p2   | -   |        | add_ln840_1065 | add | fabric | 0       |
|    add_ln840_1066_fu_13923_p2   | -   |        | add_ln840_1066 | add | fabric | 0       |
|    add_ln840_1067_fu_13933_p2   | -   |        | add_ln840_1067 | add | fabric | 0       |
|    add_ln840_1068_fu_13943_p2   | -   |        | add_ln840_1068 | add | fabric | 0       |
|    add_ln840_1069_fu_13953_p2   | -   |        | add_ln840_1069 | add | fabric | 0       |
|    add_ln840_1070_fu_13963_p2   | -   |        | add_ln840_1070 | add | fabric | 0       |
|    add_ln840_1073_fu_13989_p2   | -   |        | add_ln840_1073 | add | fabric | 0       |
|    add_ln840_1074_fu_13999_p2   | -   |        | add_ln840_1074 | add | fabric | 0       |
|    add_ln840_1075_fu_14009_p2   | -   |        | add_ln840_1075 | add | fabric | 0       |
|    add_ln840_1076_fu_14019_p2   | -   |        | add_ln840_1076 | add | fabric | 0       |
|    add_ln840_1077_fu_14029_p2   | -   |        | add_ln840_1077 | add | fabric | 0       |
|    add_ln840_1078_fu_14039_p2   | -   |        | add_ln840_1078 | add | fabric | 0       |
|    add_ln840_1079_fu_14049_p2   | -   |        | add_ln840_1079 | add | fabric | 0       |
|    add_ln840_1080_fu_14059_p2   | -   |        | add_ln840_1080 | add | fabric | 0       |
|    add_ln840_1081_fu_14069_p2   | -   |        | add_ln840_1081 | add | fabric | 0       |
|    add_ln840_1082_fu_14079_p2   | -   |        | add_ln840_1082 | add | fabric | 0       |
|    add_ln840_1083_fu_14089_p2   | -   |        | add_ln840_1083 | add | fabric | 0       |
|    add_ln840_1084_fu_14099_p2   | -   |        | add_ln840_1084 | add | fabric | 0       |
|    add_ln840_1085_fu_14109_p2   | -   |        | add_ln840_1085 | add | fabric | 0       |
|    add_ln840_1086_fu_14115_p2   | -   |        | add_ln840_1086 | add | fabric | 0       |
|    add_ln840_1087_fu_14125_p2   | -   |        | add_ln840_1087 | add | fabric | 0       |
|    add_ln840_1088_fu_14135_p2   | -   |        | add_ln840_1088 | add | fabric | 0       |
|    add_ln840_1089_fu_14149_p2   | -   |        | add_ln840_1089 | add | fabric | 0       |
|    add_ln840_1092_fu_14175_p2   | -   |        | add_ln840_1092 | add | fabric | 0       |
|    add_ln840_1093_fu_14185_p2   | -   |        | add_ln840_1093 | add | fabric | 0       |
|    add_ln840_1094_fu_14195_p2   | -   |        | add_ln840_1094 | add | fabric | 0       |
|    add_ln840_1095_fu_14205_p2   | -   |        | add_ln840_1095 | add | fabric | 0       |
|    add_ln840_1096_fu_14215_p2   | -   |        | add_ln840_1096 | add | fabric | 0       |
|    add_ln840_1097_fu_14225_p2   | -   |        | add_ln840_1097 | add | fabric | 0       |
|    add_ln840_1098_fu_14235_p2   | -   |        | add_ln840_1098 | add | fabric | 0       |
|    add_ln840_1099_fu_14245_p2   | -   |        | add_ln840_1099 | add | fabric | 0       |
|    add_ln840_1100_fu_14255_p2   | -   |        | add_ln840_1100 | add | fabric | 0       |
|    add_ln840_1101_fu_14265_p2   | -   |        | add_ln840_1101 | add | fabric | 0       |
|    add_ln840_1102_fu_14275_p2   | -   |        | add_ln840_1102 | add | fabric | 0       |
|    add_ln840_1103_fu_14285_p2   | -   |        | add_ln840_1103 | add | fabric | 0       |
|    add_ln840_1104_fu_14295_p2   | -   |        | add_ln840_1104 | add | fabric | 0       |
|    add_ln840_1105_fu_14305_p2   | -   |        | add_ln840_1105 | add | fabric | 0       |
|    add_ln840_1106_fu_14315_p2   | -   |        | add_ln840_1106 | add | fabric | 0       |
|    add_ln840_1107_fu_14325_p2   | -   |        | add_ln840_1107 | add | fabric | 0       |
|    add_ln840_1108_fu_14335_p2   | -   |        | add_ln840_1108 | add | fabric | 0       |
|    add_ln840_1109_fu_14341_p2   | -   |        | add_ln840_1109 | add | fabric | 0       |
|    add_ln840_1110_fu_14351_p2   | -   |        | add_ln840_1110 | add | fabric | 0       |
|    add_ln840_1111_fu_14361_p2   | -   |        | add_ln840_1111 | add | fabric | 0       |
|    add_ln840_1112_fu_14371_p2   | -   |        | add_ln840_1112 | add | fabric | 0       |
|    add_ln840_1113_fu_14381_p2   | -   |        | add_ln840_1113 | add | fabric | 0       |
|    add_ln840_1114_fu_14391_p2   | -   |        | add_ln840_1114 | add | fabric | 0       |
|    add_ln840_1115_fu_14401_p2   | -   |        | add_ln840_1115 | add | fabric | 0       |
|    add_ln840_1116_fu_14411_p2   | -   |        | add_ln840_1116 | add | fabric | 0       |
|    add_ln840_1119_fu_14437_p2   | -   |        | add_ln840_1119 | add | fabric | 0       |
|    add_ln840_1120_fu_14447_p2   | -   |        | add_ln840_1120 | add | fabric | 0       |
|    add_ln840_1121_fu_14457_p2   | -   |        | add_ln840_1121 | add | fabric | 0       |
|    add_ln840_1122_fu_14467_p2   | -   |        | add_ln840_1122 | add | fabric | 0       |
|    add_ln840_1123_fu_14477_p2   | -   |        | add_ln840_1123 | add | fabric | 0       |
|    add_ln840_1124_fu_14487_p2   | -   |        | add_ln840_1124 | add | fabric | 0       |
|    add_ln840_1125_fu_14497_p2   | -   |        | add_ln840_1125 | add | fabric | 0       |
|    add_ln840_1126_fu_14507_p2   | -   |        | add_ln840_1126 | add | fabric | 0       |
|    add_ln840_1127_fu_14521_p2   | -   |        | add_ln840_1127 | add | fabric | 0       |
|    add_ln840_1128_fu_14531_p2   | -   |        | add_ln840_1128 | add | fabric | 0       |
|    add_ln840_1129_fu_14541_p2   | -   |        | add_ln840_1129 | add | fabric | 0       |
|    add_ln840_1130_fu_14551_p2   | -   |        | add_ln840_1130 | add | fabric | 0       |
|    add_ln840_1131_fu_14561_p2   | -   |        | add_ln840_1131 | add | fabric | 0       |
|    add_ln840_1132_fu_14571_p2   | -   |        | add_ln840_1132 | add | fabric | 0       |
|    add_ln840_1133_fu_14581_p2   | -   |        | add_ln840_1133 | add | fabric | 0       |
|    add_ln840_1134_fu_14595_p2   | -   |        | add_ln840_1134 | add | fabric | 0       |
|    add_ln840_1135_fu_14605_p2   | -   |        | add_ln840_1135 | add | fabric | 0       |
|    add_ln840_1138_fu_14631_p2   | -   |        | add_ln840_1138 | add | fabric | 0       |
|    add_ln840_1139_fu_14641_p2   | -   |        | add_ln840_1139 | add | fabric | 0       |
|    add_ln840_1140_fu_14651_p2   | -   |        | add_ln840_1140 | add | fabric | 0       |
|    add_ln840_1141_fu_14661_p2   | -   |        | add_ln840_1141 | add | fabric | 0       |
|    add_ln840_1142_fu_14671_p2   | -   |        | add_ln840_1142 | add | fabric | 0       |
|    add_ln840_1143_fu_14681_p2   | -   |        | add_ln840_1143 | add | fabric | 0       |
|    add_ln840_1144_fu_14691_p2   | -   |        | add_ln840_1144 | add | fabric | 0       |
|    add_ln840_1145_fu_14701_p2   | -   |        | add_ln840_1145 | add | fabric | 0       |
|    add_ln840_1146_fu_14711_p2   | -   |        | add_ln840_1146 | add | fabric | 0       |
|    add_ln840_1147_fu_14721_p2   | -   |        | add_ln840_1147 | add | fabric | 0       |
|    add_ln840_1148_fu_14731_p2   | -   |        | add_ln840_1148 | add | fabric | 0       |
|    add_ln840_1149_fu_14741_p2   | -   |        | add_ln840_1149 | add | fabric | 0       |
|    add_ln840_1150_fu_14751_p2   | -   |        | add_ln840_1150 | add | fabric | 0       |
|    add_ln840_1151_fu_14761_p2   | -   |        | add_ln840_1151 | add | fabric | 0       |
|    add_ln840_1152_fu_14771_p2   | -   |        | add_ln840_1152 | add | fabric | 0       |
|    add_ln840_1153_fu_14781_p2   | -   |        | add_ln840_1153 | add | fabric | 0       |
|    add_ln840_1154_fu_14791_p2   | -   |        | add_ln840_1154 | add | fabric | 0       |
|    add_ln840_1155_fu_14805_p2   | -   |        | add_ln840_1155 | add | fabric | 0       |
|    add_ln840_1156_fu_14815_p2   | -   |        | add_ln840_1156 | add | fabric | 0       |
|    add_ln840_1157_fu_14825_p2   | -   |        | add_ln840_1157 | add | fabric | 0       |
|    add_ln840_1158_fu_14835_p2   | -   |        | add_ln840_1158 | add | fabric | 0       |
|    add_ln840_1159_fu_14841_p2   | -   |        | add_ln840_1159 | add | fabric | 0       |
|    add_ln840_1162_fu_14863_p2   | -   |        | add_ln840_1162 | add | fabric | 0       |
|    add_ln840_1163_fu_14873_p2   | -   |        | add_ln840_1163 | add | fabric | 0       |
|    add_ln840_1164_fu_14883_p2   | -   |        | add_ln840_1164 | add | fabric | 0       |
|    add_ln840_1165_fu_22286_p2   | -   |        | add_ln840_1165 | add | fabric | 0       |
|    add_ln840_1168_fu_14905_p2   | -   |        | add_ln840_1168 | add | fabric | 0       |
|    add_ln840_1169_fu_14915_p2   | -   |        | add_ln840_1169 | add | fabric | 0       |
|    add_ln840_1170_fu_14925_p2   | -   |        | add_ln840_1170 | add | fabric | 0       |
|    add_ln840_1171_fu_14935_p2   | -   |        | add_ln840_1171 | add | fabric | 0       |
|    add_ln840_1172_fu_14945_p2   | -   |        | add_ln840_1172 | add | fabric | 0       |
|    add_ln840_1173_fu_14955_p2   | -   |        | add_ln840_1173 | add | fabric | 0       |
|    add_ln840_1174_fu_14965_p2   | -   |        | add_ln840_1174 | add | fabric | 0       |
|    add_ln840_1175_fu_14975_p2   | -   |        | add_ln840_1175 | add | fabric | 0       |
|    add_ln840_1176_fu_14985_p2   | -   |        | add_ln840_1176 | add | fabric | 0       |
|    add_ln840_1177_fu_14995_p2   | -   |        | add_ln840_1177 | add | fabric | 0       |
|    add_ln840_1180_fu_15021_p2   | -   |        | add_ln840_1180 | add | fabric | 0       |
|    add_ln840_1181_fu_15031_p2   | -   |        | add_ln840_1181 | add | fabric | 0       |
|    add_ln840_1182_fu_15041_p2   | -   |        | add_ln840_1182 | add | fabric | 0       |
|    add_ln840_1183_fu_15051_p2   | -   |        | add_ln840_1183 | add | fabric | 0       |
|    add_ln840_1184_fu_15061_p2   | -   |        | add_ln840_1184 | add | fabric | 0       |
|    add_ln840_1185_fu_15071_p2   | -   |        | add_ln840_1185 | add | fabric | 0       |
|    add_ln840_1186_fu_15081_p2   | -   |        | add_ln840_1186 | add | fabric | 0       |
|    add_ln840_1189_fu_15107_p2   | -   |        | add_ln840_1189 | add | fabric | 0       |
|    add_ln840_1190_fu_15117_p2   | -   |        | add_ln840_1190 | add | fabric | 0       |
|    add_ln840_1191_fu_15127_p2   | -   |        | add_ln840_1191 | add | fabric | 0       |
|    add_ln840_1192_fu_15137_p2   | -   |        | add_ln840_1192 | add | fabric | 0       |
|    add_ln840_1193_fu_15147_p2   | -   |        | add_ln840_1193 | add | fabric | 0       |
|    add_ln840_1194_fu_15153_p2   | -   |        | add_ln840_1194 | add | fabric | 0       |
|    add_ln840_1195_fu_15163_p2   | -   |        | add_ln840_1195 | add | fabric | 0       |
|    add_ln840_1196_fu_15173_p2   | -   |        | add_ln840_1196 | add | fabric | 0       |
|    add_ln840_1197_fu_15183_p2   | -   |        | add_ln840_1197 | add | fabric | 0       |
|    add_ln840_1198_fu_15193_p2   | -   |        | add_ln840_1198 | add | fabric | 0       |
|    add_ln840_1199_fu_15203_p2   | -   |        | add_ln840_1199 | add | fabric | 0       |
|    add_ln840_1200_fu_15217_p2   | -   |        | add_ln840_1200 | add | fabric | 0       |
|    add_ln840_1201_fu_15227_p2   | -   |        | add_ln840_1201 | add | fabric | 0       |
|    add_ln840_1202_fu_15237_p2   | -   |        | add_ln840_1202 | add | fabric | 0       |
|    add_ln840_1203_fu_15247_p2   | -   |        | add_ln840_1203 | add | fabric | 0       |
|    add_ln840_1204_fu_15261_p2   | -   |        | add_ln840_1204 | add | fabric | 0       |
|    add_ln840_1205_fu_15275_p2   | -   |        | add_ln840_1205 | add | fabric | 0       |
|    add_ln840_1206_fu_15285_p2   | -   |        | add_ln840_1206 | add | fabric | 0       |
|    add_ln840_1207_fu_15295_p2   | -   |        | add_ln840_1207 | add | fabric | 0       |
|    add_ln840_1208_fu_15305_p2   | -   |        | add_ln840_1208 | add | fabric | 0       |
|    add_ln840_1209_fu_15315_p2   | -   |        | add_ln840_1209 | add | fabric | 0       |
|    add_ln840_1210_fu_15325_p2   | -   |        | add_ln840_1210 | add | fabric | 0       |
|    add_ln840_1211_fu_15335_p2   | -   |        | add_ln840_1211 | add | fabric | 0       |
|    add_ln840_1212_fu_15345_p2   | -   |        | add_ln840_1212 | add | fabric | 0       |
|    add_ln840_1213_fu_15355_p2   | -   |        | add_ln840_1213 | add | fabric | 0       |
|    add_ln840_1214_fu_15365_p2   | -   |        | add_ln840_1214 | add | fabric | 0       |
|    add_ln840_1215_fu_15375_p2   | -   |        | add_ln840_1215 | add | fabric | 0       |
|    add_ln840_1216_fu_15385_p2   | -   |        | add_ln840_1216 | add | fabric | 0       |
|    add_ln840_1217_fu_15395_p2   | -   |        | add_ln840_1217 | add | fabric | 0       |
|    add_ln840_1218_fu_15405_p2   | -   |        | add_ln840_1218 | add | fabric | 0       |
|    add_ln840_1219_fu_15415_p2   | -   |        | add_ln840_1219 | add | fabric | 0       |
|    add_ln840_1220_fu_15425_p2   | -   |        | add_ln840_1220 | add | fabric | 0       |
|    add_ln840_1221_fu_15435_p2   | -   |        | add_ln840_1221 | add | fabric | 0       |
|    add_ln840_1222_fu_15445_p2   | -   |        | add_ln840_1222 | add | fabric | 0       |
|    add_ln840_1223_fu_15455_p2   | -   |        | add_ln840_1223 | add | fabric | 0       |
|    add_ln840_1224_fu_15465_p2   | -   |        | add_ln840_1224 | add | fabric | 0       |
|    add_ln840_1225_fu_15475_p2   | -   |        | add_ln840_1225 | add | fabric | 0       |
|    add_ln840_1226_fu_15485_p2   | -   |        | add_ln840_1226 | add | fabric | 0       |
|    add_ln840_1227_fu_15495_p2   | -   |        | add_ln840_1227 | add | fabric | 0       |
|    add_ln840_1228_fu_15505_p2   | -   |        | add_ln840_1228 | add | fabric | 0       |
|    add_ln840_1229_fu_15515_p2   | -   |        | add_ln840_1229 | add | fabric | 0       |
|    add_ln840_1230_fu_15525_p2   | -   |        | add_ln840_1230 | add | fabric | 0       |
|    add_ln840_1231_fu_15539_p2   | -   |        | add_ln840_1231 | add | fabric | 0       |
|    add_ln840_1232_fu_15549_p2   | -   |        | add_ln840_1232 | add | fabric | 0       |
|    add_ln840_1233_fu_15559_p2   | -   |        | add_ln840_1233 | add | fabric | 0       |
|    add_ln840_1234_fu_15569_p2   | -   |        | add_ln840_1234 | add | fabric | 0       |
|    add_ln840_1235_fu_15579_p2   | -   |        | add_ln840_1235 | add | fabric | 0       |
|    add_ln840_1236_fu_15589_p2   | -   |        | add_ln840_1236 | add | fabric | 0       |
|    add_ln840_1237_fu_15599_p2   | -   |        | add_ln840_1237 | add | fabric | 0       |
|    add_ln840_1238_fu_15609_p2   | -   |        | add_ln840_1238 | add | fabric | 0       |
|    add_ln840_1239_fu_15619_p2   | -   |        | add_ln840_1239 | add | fabric | 0       |
|    add_ln840_1240_fu_15629_p2   | -   |        | add_ln840_1240 | add | fabric | 0       |
|    add_ln840_1243_fu_15655_p2   | -   |        | add_ln840_1243 | add | fabric | 0       |
|    add_ln840_1244_fu_15665_p2   | -   |        | add_ln840_1244 | add | fabric | 0       |
|    add_ln840_1245_fu_15675_p2   | -   |        | add_ln840_1245 | add | fabric | 0       |
|    add_ln840_1246_fu_15685_p2   | -   |        | add_ln840_1246 | add | fabric | 0       |
|    add_ln840_1247_fu_15695_p2   | -   |        | add_ln840_1247 | add | fabric | 0       |
|    add_ln840_1248_fu_15705_p2   | -   |        | add_ln840_1248 | add | fabric | 0       |
|    add_ln840_1249_fu_15715_p2   | -   |        | add_ln840_1249 | add | fabric | 0       |
|    add_ln840_1250_fu_15725_p2   | -   |        | add_ln840_1250 | add | fabric | 0       |
|    add_ln840_1253_fu_15751_p2   | -   |        | add_ln840_1253 | add | fabric | 0       |
|    add_ln840_1254_fu_15761_p2   | -   |        | add_ln840_1254 | add | fabric | 0       |
|    add_ln840_1255_fu_15771_p2   | -   |        | add_ln840_1255 | add | fabric | 0       |
|    add_ln840_1256_fu_15781_p2   | -   |        | add_ln840_1256 | add | fabric | 0       |
|    add_ln840_1259_fu_15807_p2   | -   |        | add_ln840_1259 | add | fabric | 0       |
|    add_ln840_1260_fu_15817_p2   | -   |        | add_ln840_1260 | add | fabric | 0       |
|    add_ln840_1261_fu_15827_p2   | -   |        | add_ln840_1261 | add | fabric | 0       |
|    add_ln840_1262_fu_15837_p2   | -   |        | add_ln840_1262 | add | fabric | 0       |
|    add_ln840_1263_fu_15847_p2   | -   |        | add_ln840_1263 | add | fabric | 0       |
|    add_ln840_1264_fu_15857_p2   | -   |        | add_ln840_1264 | add | fabric | 0       |
|    add_ln840_1265_fu_15863_p2   | -   |        | add_ln840_1265 | add | fabric | 0       |
|    add_ln840_1266_fu_15873_p2   | -   |        | add_ln840_1266 | add | fabric | 0       |
|    add_ln840_1267_fu_15883_p2   | -   |        | add_ln840_1267 | add | fabric | 0       |
|    add_ln840_1268_fu_15893_p2   | -   |        | add_ln840_1268 | add | fabric | 0       |
|    add_ln840_1269_fu_15903_p2   | -   |        | add_ln840_1269 | add | fabric | 0       |
|    add_ln840_1270_fu_15913_p2   | -   |        | add_ln840_1270 | add | fabric | 0       |
|    add_ln840_1271_fu_15923_p2   | -   |        | add_ln840_1271 | add | fabric | 0       |
|    add_ln840_1276_fu_15961_p2   | -   |        | add_ln840_1276 | add | fabric | 0       |
|    add_ln840_1277_fu_15971_p2   | -   |        | add_ln840_1277 | add | fabric | 0       |
|    add_ln840_1278_fu_15981_p2   | -   |        | add_ln840_1278 | add | fabric | 0       |
|    add_ln840_1279_fu_15997_p2   | -   |        | add_ln840_1279 | add | fabric | 0       |
|    add_ln840_1280_fu_16007_p2   | -   |        | add_ln840_1280 | add | fabric | 0       |
|    add_ln840_1281_fu_16017_p2   | -   |        | add_ln840_1281 | add | fabric | 0       |
|    add_ln840_1282_fu_16027_p2   | -   |        | add_ln840_1282 | add | fabric | 0       |
|    add_ln840_1283_fu_16037_p2   | -   |        | add_ln840_1283 | add | fabric | 0       |
|    add_ln840_1284_fu_16047_p2   | -   |        | add_ln840_1284 | add | fabric | 0       |
|    add_ln840_1285_fu_16057_p2   | -   |        | add_ln840_1285 | add | fabric | 0       |
|    add_ln840_1286_fu_16067_p2   | -   |        | add_ln840_1286 | add | fabric | 0       |
|    add_ln840_1287_fu_16077_p2   | -   |        | add_ln840_1287 | add | fabric | 0       |
|    add_ln840_1288_fu_16087_p2   | -   |        | add_ln840_1288 | add | fabric | 0       |
|    add_ln840_1291_fu_16113_p2   | -   |        | add_ln840_1291 | add | fabric | 0       |
|    add_ln840_1292_fu_16123_p2   | -   |        | add_ln840_1292 | add | fabric | 0       |
|    add_ln840_1293_fu_16133_p2   | -   |        | add_ln840_1293 | add | fabric | 0       |
|    add_ln840_1294_fu_16143_p2   | -   |        | add_ln840_1294 | add | fabric | 0       |
|    add_ln840_1295_fu_16153_p2   | -   |        | add_ln840_1295 | add | fabric | 0       |
|    add_ln840_1296_fu_16163_p2   | -   |        | add_ln840_1296 | add | fabric | 0       |
|    add_ln840_1297_fu_16173_p2   | -   |        | add_ln840_1297 | add | fabric | 0       |
|    add_ln840_1298_fu_16183_p2   | -   |        | add_ln840_1298 | add | fabric | 0       |
|    add_ln840_1299_fu_16193_p2   | -   |        | add_ln840_1299 | add | fabric | 0       |
|    add_ln840_1300_fu_16203_p2   | -   |        | add_ln840_1300 | add | fabric | 0       |
|    add_ln840_1301_fu_16213_p2   | -   |        | add_ln840_1301 | add | fabric | 0       |
|    add_ln840_1302_fu_16223_p2   | -   |        | add_ln840_1302 | add | fabric | 0       |
|    add_ln840_1305_fu_16249_p2   | -   |        | add_ln840_1305 | add | fabric | 0       |
|    add_ln840_1306_fu_16259_p2   | -   |        | add_ln840_1306 | add | fabric | 0       |
|    add_ln840_1307_fu_16269_p2   | -   |        | add_ln840_1307 | add | fabric | 0       |
|    add_ln840_1308_fu_16279_p2   | -   |        | add_ln840_1308 | add | fabric | 0       |
|    add_ln840_1309_fu_16289_p2   | -   |        | add_ln840_1309 | add | fabric | 0       |
|    add_ln840_1310_fu_16299_p2   | -   |        | add_ln840_1310 | add | fabric | 0       |
|    add_ln840_1311_fu_16309_p2   | -   |        | add_ln840_1311 | add | fabric | 0       |
|    add_ln840_1312_fu_16319_p2   | -   |        | add_ln840_1312 | add | fabric | 0       |
|    add_ln840_1315_fu_16345_p2   | -   |        | add_ln840_1315 | add | fabric | 0       |
|    add_ln840_1316_fu_16355_p2   | -   |        | add_ln840_1316 | add | fabric | 0       |
|    add_ln840_1317_fu_16365_p2   | -   |        | add_ln840_1317 | add | fabric | 0       |
|    add_ln840_1318_fu_16375_p2   | -   |        | add_ln840_1318 | add | fabric | 0       |
|    add_ln840_1321_fu_16401_p2   | -   |        | add_ln840_1321 | add | fabric | 0       |
|    add_ln840_1322_fu_16411_p2   | -   |        | add_ln840_1322 | add | fabric | 0       |
|    add_ln840_1323_fu_16421_p2   | -   |        | add_ln840_1323 | add | fabric | 0       |
|    add_ln840_1324_fu_16431_p2   | -   |        | add_ln840_1324 | add | fabric | 0       |
|    add_ln840_1325_fu_16445_p2   | -   |        | add_ln840_1325 | add | fabric | 0       |
|    add_ln840_1326_fu_16455_p2   | -   |        | add_ln840_1326 | add | fabric | 0       |
|    add_ln840_1329_fu_16481_p2   | -   |        | add_ln840_1329 | add | fabric | 0       |
|    add_ln840_1330_fu_16491_p2   | -   |        | add_ln840_1330 | add | fabric | 0       |
|    add_ln840_1331_fu_16501_p2   | -   |        | add_ln840_1331 | add | fabric | 0       |
|    add_ln840_1332_fu_16511_p2   | -   |        | add_ln840_1332 | add | fabric | 0       |
|    add_ln840_1333_fu_16521_p2   | -   |        | add_ln840_1333 | add | fabric | 0       |
|    add_ln840_1336_fu_16547_p2   | -   |        | add_ln840_1336 | add | fabric | 0       |
|    add_ln840_1337_fu_16557_p2   | -   |        | add_ln840_1337 | add | fabric | 0       |
|    add_ln840_1338_fu_16567_p2   | -   |        | add_ln840_1338 | add | fabric | 0       |
|    add_ln840_1339_fu_16577_p2   | -   |        | add_ln840_1339 | add | fabric | 0       |
|    add_ln840_1340_fu_16587_p2   | -   |        | add_ln840_1340 | add | fabric | 0       |
|    add_ln840_1341_fu_16593_p2   | -   |        | add_ln840_1341 | add | fabric | 0       |
|    add_ln840_1342_fu_16603_p2   | -   |        | add_ln840_1342 | add | fabric | 0       |
|    add_ln840_1343_fu_16613_p2   | -   |        | add_ln840_1343 | add | fabric | 0       |
|    add_ln840_1344_fu_16623_p2   | -   |        | add_ln840_1344 | add | fabric | 0       |
|    add_ln840_1345_fu_16629_p2   | -   |        | add_ln840_1345 | add | fabric | 0       |
|    add_ln840_1346_fu_16639_p2   | -   |        | add_ln840_1346 | add | fabric | 0       |
|    add_ln840_1347_fu_16649_p2   | -   |        | add_ln840_1347 | add | fabric | 0       |
|    add_ln840_1348_fu_16659_p2   | -   |        | add_ln840_1348 | add | fabric | 0       |
|    add_ln840_1349_fu_16673_p2   | -   |        | add_ln840_1349 | add | fabric | 0       |
|    add_ln840_1350_fu_16683_p2   | -   |        | add_ln840_1350 | add | fabric | 0       |
|    add_ln840_1353_fu_16709_p2   | -   |        | add_ln840_1353 | add | fabric | 0       |
|    add_ln840_1354_fu_16719_p2   | -   |        | add_ln840_1354 | add | fabric | 0       |
|    add_ln840_1355_fu_16729_p2   | -   |        | add_ln840_1355 | add | fabric | 0       |
|    add_ln840_1356_fu_16739_p2   | -   |        | add_ln840_1356 | add | fabric | 0       |
|    add_ln840_1357_fu_16749_p2   | -   |        | add_ln840_1357 | add | fabric | 0       |
|    add_ln840_1358_fu_16759_p2   | -   |        | add_ln840_1358 | add | fabric | 0       |
|    add_ln840_1361_fu_16785_p2   | -   |        | add_ln840_1361 | add | fabric | 0       |
|    add_ln840_1362_fu_16795_p2   | -   |        | add_ln840_1362 | add | fabric | 0       |
|    add_ln840_1363_fu_16805_p2   | -   |        | add_ln840_1363 | add | fabric | 0       |
|    add_ln840_1364_fu_16815_p2   | -   |        | add_ln840_1364 | add | fabric | 0       |
|    add_ln840_1365_fu_16825_p2   | -   |        | add_ln840_1365 | add | fabric | 0       |
|    add_ln840_1366_fu_16835_p2   | -   |        | add_ln840_1366 | add | fabric | 0       |
|    add_ln840_1367_fu_16845_p2   | -   |        | add_ln840_1367 | add | fabric | 0       |
|    add_ln840_1368_fu_16855_p2   | -   |        | add_ln840_1368 | add | fabric | 0       |
|    add_ln840_1369_fu_16865_p2   | -   |        | add_ln840_1369 | add | fabric | 0       |
|    add_ln840_1370_fu_16875_p2   | -   |        | add_ln840_1370 | add | fabric | 0       |
|    add_ln840_1371_fu_16885_p2   | -   |        | add_ln840_1371 | add | fabric | 0       |
|    add_ln840_1372_fu_16895_p2   | -   |        | add_ln840_1372 | add | fabric | 0       |
|    add_ln840_1373_fu_16905_p2   | -   |        | add_ln840_1373 | add | fabric | 0       |
|    add_ln840_1374_fu_16915_p2   | -   |        | add_ln840_1374 | add | fabric | 0       |
|    add_ln840_1375_fu_16921_p2   | -   |        | add_ln840_1375 | add | fabric | 0       |
|    add_ln840_1376_fu_16931_p2   | -   |        | add_ln840_1376 | add | fabric | 0       |
|    add_ln840_1377_fu_16941_p2   | -   |        | add_ln840_1377 | add | fabric | 0       |
|    add_ln840_1378_fu_16951_p2   | -   |        | add_ln840_1378 | add | fabric | 0       |
|    add_ln840_1379_fu_16961_p2   | -   |        | add_ln840_1379 | add | fabric | 0       |
|    add_ln840_1380_fu_16971_p2   | -   |        | add_ln840_1380 | add | fabric | 0       |
|    add_ln840_1381_fu_16981_p2   | -   |        | add_ln840_1381 | add | fabric | 0       |
|    add_ln840_1382_fu_16991_p2   | -   |        | add_ln840_1382 | add | fabric | 0       |
|    add_ln840_1383_fu_17001_p2   | -   |        | add_ln840_1383 | add | fabric | 0       |
|    add_ln840_1384_fu_17015_p2   | -   |        | add_ln840_1384 | add | fabric | 0       |
|    add_ln840_1385_fu_17025_p2   | -   |        | add_ln840_1385 | add | fabric | 0       |
|    add_ln840_1388_fu_17051_p2   | -   |        | add_ln840_1388 | add | fabric | 0       |
|    add_ln840_1389_fu_17061_p2   | -   |        | add_ln840_1389 | add | fabric | 0       |
|    add_ln840_1390_fu_17071_p2   | -   |        | add_ln840_1390 | add | fabric | 0       |
|    add_ln840_1391_fu_17081_p2   | -   |        | add_ln840_1391 | add | fabric | 0       |
|    add_ln840_1392_fu_17091_p2   | -   |        | add_ln840_1392 | add | fabric | 0       |
|    add_ln840_1393_fu_17101_p2   | -   |        | add_ln840_1393 | add | fabric | 0       |
|    add_ln840_1396_fu_17123_p2   | -   |        | add_ln840_1396 | add | fabric | 0       |
|    add_ln840_1397_fu_17133_p2   | -   |        | add_ln840_1397 | add | fabric | 0       |
|    add_ln840_1398_fu_17143_p2   | -   |        | add_ln840_1398 | add | fabric | 0       |
|    add_ln840_1399_fu_22298_p2   | -   |        | add_ln840_1399 | add | fabric | 0       |
|    add_ln840_1400_fu_17159_p2   | -   |        | add_ln840_1400 | add | fabric | 0       |
|    add_ln840_1401_fu_17169_p2   | -   |        | add_ln840_1401 | add | fabric | 0       |
|    add_ln840_1402_fu_17179_p2   | -   |        | add_ln840_1402 | add | fabric | 0       |
|    add_ln840_1403_fu_17189_p2   | -   |        | add_ln840_1403 | add | fabric | 0       |
|    add_ln840_1404_fu_17199_p2   | -   |        | add_ln840_1404 | add | fabric | 0       |
|    add_ln840_1405_fu_17209_p2   | -   |        | add_ln840_1405 | add | fabric | 0       |
|    add_ln840_1406_fu_17219_p2   | -   |        | add_ln840_1406 | add | fabric | 0       |
|    add_ln840_1407_fu_17229_p2   | -   |        | add_ln840_1407 | add | fabric | 0       |
|    add_ln840_1408_fu_17239_p2   | -   |        | add_ln840_1408 | add | fabric | 0       |
|    add_ln840_1409_fu_17249_p2   | -   |        | add_ln840_1409 | add | fabric | 0       |
|    add_ln840_1410_fu_17259_p2   | -   |        | add_ln840_1410 | add | fabric | 0       |
|    add_ln840_1411_fu_17269_p2   | -   |        | add_ln840_1411 | add | fabric | 0       |
|    add_ln840_1412_fu_17279_p2   | -   |        | add_ln840_1412 | add | fabric | 0       |
|    add_ln840_1413_fu_17289_p2   | -   |        | add_ln840_1413 | add | fabric | 0       |
|    add_ln840_1414_fu_17299_p2   | -   |        | add_ln840_1414 | add | fabric | 0       |
|    add_ln840_1415_fu_17309_p2   | -   |        | add_ln840_1415 | add | fabric | 0       |
|    add_ln840_1416_fu_17319_p2   | -   |        | add_ln840_1416 | add | fabric | 0       |
|    add_ln840_1417_fu_17329_p2   | -   |        | add_ln840_1417 | add | fabric | 0       |
|    add_ln840_1418_fu_17339_p2   | -   |        | add_ln840_1418 | add | fabric | 0       |
|    add_ln840_1419_fu_17349_p2   | -   |        | add_ln840_1419 | add | fabric | 0       |
|    add_ln840_1420_fu_17359_p2   | -   |        | add_ln840_1420 | add | fabric | 0       |
|    add_ln840_1421_fu_17369_p2   | -   |        | add_ln840_1421 | add | fabric | 0       |
|    add_ln840_1422_fu_17379_p2   | -   |        | add_ln840_1422 | add | fabric | 0       |
|    add_ln840_1423_fu_17389_p2   | -   |        | add_ln840_1423 | add | fabric | 0       |
|    add_ln840_1424_fu_17399_p2   | -   |        | add_ln840_1424 | add | fabric | 0       |
|    add_ln840_1425_fu_17409_p2   | -   |        | add_ln840_1425 | add | fabric | 0       |
|    add_ln840_1428_fu_17439_p2   | -   |        | add_ln840_1428 | add | fabric | 0       |
|    add_ln840_1429_fu_17449_p2   | -   |        | add_ln840_1429 | add | fabric | 0       |
|    add_ln840_1430_fu_17459_p2   | -   |        | add_ln840_1430 | add | fabric | 0       |
|    add_ln840_1431_fu_17469_p2   | -   |        | add_ln840_1431 | add | fabric | 0       |
|    add_ln840_1432_fu_17479_p2   | -   |        | add_ln840_1432 | add | fabric | 0       |
|    add_ln840_1433_fu_17489_p2   | -   |        | add_ln840_1433 | add | fabric | 0       |
|    add_ln840_1434_fu_17499_p2   | -   |        | add_ln840_1434 | add | fabric | 0       |
|    add_ln840_1435_fu_17509_p2   | -   |        | add_ln840_1435 | add | fabric | 0       |
|    add_ln840_1436_fu_17519_p2   | -   |        | add_ln840_1436 | add | fabric | 0       |
|    add_ln840_1437_fu_17529_p2   | -   |        | add_ln840_1437 | add | fabric | 0       |
|    add_ln840_1438_fu_17539_p2   | -   |        | add_ln840_1438 | add | fabric | 0       |
|    add_ln840_1439_fu_17549_p2   | -   |        | add_ln840_1439 | add | fabric | 0       |
|    add_ln840_1440_fu_17559_p2   | -   |        | add_ln840_1440 | add | fabric | 0       |
|    add_ln840_1441_fu_17569_p2   | -   |        | add_ln840_1441 | add | fabric | 0       |
|    add_ln840_1442_fu_17583_p2   | -   |        | add_ln840_1442 | add | fabric | 0       |
|    add_ln840_1443_fu_17593_p2   | -   |        | add_ln840_1443 | add | fabric | 0       |
|    add_ln840_1444_fu_17603_p2   | -   |        | add_ln840_1444 | add | fabric | 0       |
|    add_ln840_1445_fu_17613_p2   | -   |        | add_ln840_1445 | add | fabric | 0       |
|    add_ln840_1446_fu_17623_p2   | -   |        | add_ln840_1446 | add | fabric | 0       |
|    add_ln840_1447_fu_17633_p2   | -   |        | add_ln840_1447 | add | fabric | 0       |
|    add_ln840_1448_fu_17643_p2   | -   |        | add_ln840_1448 | add | fabric | 0       |
|    add_ln840_1449_fu_17653_p2   | -   |        | add_ln840_1449 | add | fabric | 0       |
|    add_ln840_1450_fu_17663_p2   | -   |        | add_ln840_1450 | add | fabric | 0       |
|    add_ln840_1451_fu_17673_p2   | -   |        | add_ln840_1451 | add | fabric | 0       |
|    add_ln840_1452_fu_17683_p2   | -   |        | add_ln840_1452 | add | fabric | 0       |
|    add_ln840_1453_fu_17693_p2   | -   |        | add_ln840_1453 | add | fabric | 0       |
|    add_ln840_1454_fu_17703_p2   | -   |        | add_ln840_1454 | add | fabric | 0       |
|    add_ln840_1455_fu_17713_p2   | -   |        | add_ln840_1455 | add | fabric | 0       |
|    add_ln840_1456_fu_17723_p2   | -   |        | add_ln840_1456 | add | fabric | 0       |
|    add_ln840_1457_fu_17733_p2   | -   |        | add_ln840_1457 | add | fabric | 0       |
|    add_ln840_1458_fu_17743_p2   | -   |        | add_ln840_1458 | add | fabric | 0       |
|    add_ln840_1459_fu_17753_p2   | -   |        | add_ln840_1459 | add | fabric | 0       |
|    add_ln840_1460_fu_17763_p2   | -   |        | add_ln840_1460 | add | fabric | 0       |
|    add_ln840_1461_fu_17777_p2   | -   |        | add_ln840_1461 | add | fabric | 0       |
|    add_ln840_1462_fu_17787_p2   | -   |        | add_ln840_1462 | add | fabric | 0       |
|    add_ln840_1463_fu_17793_p2   | -   |        | add_ln840_1463 | add | fabric | 0       |
|    add_ln840_1464_fu_17803_p2   | -   |        | add_ln840_1464 | add | fabric | 0       |
|    add_ln840_1465_fu_17813_p2   | -   |        | add_ln840_1465 | add | fabric | 0       |
|    add_ln840_1466_fu_17823_p2   | -   |        | add_ln840_1466 | add | fabric | 0       |
|    add_ln840_1467_fu_17833_p2   | -   |        | add_ln840_1467 | add | fabric | 0       |
|    add_ln840_1468_fu_17843_p2   | -   |        | add_ln840_1468 | add | fabric | 0       |
|    add_ln840_1469_fu_17853_p2   | -   |        | add_ln840_1469 | add | fabric | 0       |
|    add_ln840_1470_fu_17863_p2   | -   |        | add_ln840_1470 | add | fabric | 0       |
|    add_ln840_1471_fu_17873_p2   | -   |        | add_ln840_1471 | add | fabric | 0       |
|    add_ln840_1472_fu_17883_p2   | -   |        | add_ln840_1472 | add | fabric | 0       |
|    add_ln840_1473_fu_17893_p2   | -   |        | add_ln840_1473 | add | fabric | 0       |
|    add_ln840_1474_fu_17903_p2   | -   |        | add_ln840_1474 | add | fabric | 0       |
|    add_ln840_1475_fu_17913_p2   | -   |        | add_ln840_1475 | add | fabric | 0       |
|    add_ln840_1476_fu_17923_p2   | -   |        | add_ln840_1476 | add | fabric | 0       |
|    add_ln840_1477_fu_17933_p2   | -   |        | add_ln840_1477 | add | fabric | 0       |
|    add_ln840_1478_fu_17943_p2   | -   |        | add_ln840_1478 | add | fabric | 0       |
|    add_ln840_1479_fu_17953_p2   | -   |        | add_ln840_1479 | add | fabric | 0       |
|    add_ln840_1480_fu_17963_p2   | -   |        | add_ln840_1480 | add | fabric | 0       |
|    add_ln840_1481_fu_17973_p2   | -   |        | add_ln840_1481 | add | fabric | 0       |
|    add_ln840_1482_fu_17983_p2   | -   |        | add_ln840_1482 | add | fabric | 0       |
|    add_ln840_1483_fu_17997_p2   | -   |        | add_ln840_1483 | add | fabric | 0       |
|    add_ln840_1484_fu_18007_p2   | -   |        | add_ln840_1484 | add | fabric | 0       |
|    add_ln840_1485_fu_18017_p2   | -   |        | add_ln840_1485 | add | fabric | 0       |
|    add_ln840_1486_fu_18023_p2   | -   |        | add_ln840_1486 | add | fabric | 0       |
|    add_ln840_1487_fu_18033_p2   | -   |        | add_ln840_1487 | add | fabric | 0       |
|    add_ln840_1488_fu_18043_p2   | -   |        | add_ln840_1488 | add | fabric | 0       |
|    add_ln840_1489_fu_18053_p2   | -   |        | add_ln840_1489 | add | fabric | 0       |
|    add_ln840_1490_fu_18063_p2   | -   |        | add_ln840_1490 | add | fabric | 0       |
|    add_ln840_1493_fu_18089_p2   | -   |        | add_ln840_1493 | add | fabric | 0       |
|    add_ln840_1494_fu_18099_p2   | -   |        | add_ln840_1494 | add | fabric | 0       |
|    add_ln840_1495_fu_18109_p2   | -   |        | add_ln840_1495 | add | fabric | 0       |
|    add_ln840_1496_fu_18119_p2   | -   |        | add_ln840_1496 | add | fabric | 0       |
|    add_ln840_1497_fu_18129_p2   | -   |        | add_ln840_1497 | add | fabric | 0       |
|    add_ln840_1498_fu_18139_p2   | -   |        | add_ln840_1498 | add | fabric | 0       |
|    add_ln840_1503_fu_18177_p2   | -   |        | add_ln840_1503 | add | fabric | 0       |
|    add_ln840_1504_fu_18187_p2   | -   |        | add_ln840_1504 | add | fabric | 0       |
|    add_ln840_1505_fu_18197_p2   | -   |        | add_ln840_1505 | add | fabric | 0       |
|    add_ln840_1506_fu_18203_p2   | -   |        | add_ln840_1506 | add | fabric | 0       |
|    add_ln840_1507_fu_18213_p2   | -   |        | add_ln840_1507 | add | fabric | 0       |
|    add_ln840_1508_fu_18223_p2   | -   |        | add_ln840_1508 | add | fabric | 0       |
|    add_ln840_1509_fu_18233_p2   | -   |        | add_ln840_1509 | add | fabric | 0       |
|    add_ln840_1510_fu_18243_p2   | -   |        | add_ln840_1510 | add | fabric | 0       |
|    add_ln840_1511_fu_18253_p2   | -   |        | add_ln840_1511 | add | fabric | 0       |
|    add_ln840_1512_fu_18263_p2   | -   |        | add_ln840_1512 | add | fabric | 0       |
|    add_ln840_1513_fu_18277_p2   | -   |        | add_ln840_1513 | add | fabric | 0       |
|    add_ln840_1514_fu_18287_p2   | -   |        | add_ln840_1514 | add | fabric | 0       |
|    add_ln840_1515_fu_18297_p2   | -   |        | add_ln840_1515 | add | fabric | 0       |
|    add_ln840_1516_fu_18307_p2   | -   |        | add_ln840_1516 | add | fabric | 0       |
|    add_ln840_1517_fu_18317_p2   | -   |        | add_ln840_1517 | add | fabric | 0       |
|    add_ln840_1518_fu_18327_p2   | -   |        | add_ln840_1518 | add | fabric | 0       |
|    add_ln840_1519_fu_18337_p2   | -   |        | add_ln840_1519 | add | fabric | 0       |
|    add_ln840_1520_fu_18347_p2   | -   |        | add_ln840_1520 | add | fabric | 0       |
|    add_ln840_1521_fu_18357_p2   | -   |        | add_ln840_1521 | add | fabric | 0       |
|    add_ln840_1522_fu_18367_p2   | -   |        | add_ln840_1522 | add | fabric | 0       |
|    add_ln840_1523_fu_18377_p2   | -   |        | add_ln840_1523 | add | fabric | 0       |
|    add_ln840_1524_fu_18387_p2   | -   |        | add_ln840_1524 | add | fabric | 0       |
|    add_ln840_1525_fu_18397_p2   | -   |        | add_ln840_1525 | add | fabric | 0       |
|    add_ln840_1526_fu_18407_p2   | -   |        | add_ln840_1526 | add | fabric | 0       |
|    add_ln840_1527_fu_18417_p2   | -   |        | add_ln840_1527 | add | fabric | 0       |
|    add_ln840_1528_fu_18427_p2   | -   |        | add_ln840_1528 | add | fabric | 0       |
|    add_ln840_1529_fu_18437_p2   | -   |        | add_ln840_1529 | add | fabric | 0       |
|    add_ln840_1530_fu_18447_p2   | -   |        | add_ln840_1530 | add | fabric | 0       |
|    add_ln840_1531_fu_18457_p2   | -   |        | add_ln840_1531 | add | fabric | 0       |
|    add_ln840_1532_fu_18467_p2   | -   |        | add_ln840_1532 | add | fabric | 0       |
|    add_ln840_1533_fu_18477_p2   | -   |        | add_ln840_1533 | add | fabric | 0       |
|    add_ln840_1534_fu_18491_p2   | -   |        | add_ln840_1534 | add | fabric | 0       |
|    add_ln840_1535_fu_18501_p2   | -   |        | add_ln840_1535 | add | fabric | 0       |
|    add_ln840_1536_fu_18511_p2   | -   |        | add_ln840_1536 | add | fabric | 0       |
|    add_ln840_1537_fu_18521_p2   | -   |        | add_ln840_1537 | add | fabric | 0       |
|    add_ln840_1538_fu_18531_p2   | -   |        | add_ln840_1538 | add | fabric | 0       |
|    add_ln840_1539_fu_18541_p2   | -   |        | add_ln840_1539 | add | fabric | 0       |
|    add_ln840_1540_fu_18551_p2   | -   |        | add_ln840_1540 | add | fabric | 0       |
|    add_ln840_1541_fu_18561_p2   | -   |        | add_ln840_1541 | add | fabric | 0       |
|    add_ln840_1542_fu_18571_p2   | -   |        | add_ln840_1542 | add | fabric | 0       |
|    add_ln840_1543_fu_18581_p2   | -   |        | add_ln840_1543 | add | fabric | 0       |
|    add_ln840_1544_fu_18591_p2   | -   |        | add_ln840_1544 | add | fabric | 0       |
|    add_ln840_1545_fu_18601_p2   | -   |        | add_ln840_1545 | add | fabric | 0       |
|    add_ln840_1546_fu_18611_p2   | -   |        | add_ln840_1546 | add | fabric | 0       |
|    add_ln840_1547_fu_18621_p2   | -   |        | add_ln840_1547 | add | fabric | 0       |
|    add_ln840_1548_fu_18631_p2   | -   |        | add_ln840_1548 | add | fabric | 0       |
|    add_ln840_1549_fu_18641_p2   | -   |        | add_ln840_1549 | add | fabric | 0       |
|    add_ln840_1550_fu_18651_p2   | -   |        | add_ln840_1550 | add | fabric | 0       |
|    add_ln840_1551_fu_18661_p2   | -   |        | add_ln840_1551 | add | fabric | 0       |
|    add_ln840_1552_fu_18671_p2   | -   |        | add_ln840_1552 | add | fabric | 0       |
|    add_ln840_1553_fu_18681_p2   | -   |        | add_ln840_1553 | add | fabric | 0       |
|    add_ln840_1554_fu_18691_p2   | -   |        | add_ln840_1554 | add | fabric | 0       |
|    add_ln840_1555_fu_18701_p2   | -   |        | add_ln840_1555 | add | fabric | 0       |
|    add_ln840_1556_fu_18711_p2   | -   |        | add_ln840_1556 | add | fabric | 0       |
|    add_ln840_1557_fu_18721_p2   | -   |        | add_ln840_1557 | add | fabric | 0       |
|    add_ln840_1558_fu_18731_p2   | -   |        | add_ln840_1558 | add | fabric | 0       |
|    add_ln840_1559_fu_18741_p2   | -   |        | add_ln840_1559 | add | fabric | 0       |
|    add_ln840_1560_fu_18755_p2   | -   |        | add_ln840_1560 | add | fabric | 0       |
|    add_ln840_1561_fu_18765_p2   | -   |        | add_ln840_1561 | add | fabric | 0       |
|    add_ln840_1562_fu_18771_p2   | -   |        | add_ln840_1562 | add | fabric | 0       |
|    add_ln840_1563_fu_18781_p2   | -   |        | add_ln840_1563 | add | fabric | 0       |
|    add_ln840_1564_fu_18791_p2   | -   |        | add_ln840_1564 | add | fabric | 0       |
|    add_ln840_1565_fu_18801_p2   | -   |        | add_ln840_1565 | add | fabric | 0       |
|    add_ln840_1566_fu_18811_p2   | -   |        | add_ln840_1566 | add | fabric | 0       |
|    add_ln840_1567_fu_18825_p2   | -   |        | add_ln840_1567 | add | fabric | 0       |
|    add_ln840_1568_fu_18835_p2   | -   |        | add_ln840_1568 | add | fabric | 0       |
|    add_ln840_1569_fu_18845_p2   | -   |        | add_ln840_1569 | add | fabric | 0       |
|    add_ln840_1570_fu_18855_p2   | -   |        | add_ln840_1570 | add | fabric | 0       |
|    add_ln840_1571_fu_18865_p2   | -   |        | add_ln840_1571 | add | fabric | 0       |
|    add_ln840_1572_fu_18875_p2   | -   |        | add_ln840_1572 | add | fabric | 0       |
|    add_ln840_1573_fu_18885_p2   | -   |        | add_ln840_1573 | add | fabric | 0       |
|    add_ln840_1576_fu_18911_p2   | -   |        | add_ln840_1576 | add | fabric | 0       |
|    add_ln840_1577_fu_18921_p2   | -   |        | add_ln840_1577 | add | fabric | 0       |
|    add_ln840_1578_fu_18931_p2   | -   |        | add_ln840_1578 | add | fabric | 0       |
|    add_ln840_1579_fu_18941_p2   | -   |        | add_ln840_1579 | add | fabric | 0       |
|    add_ln840_1580_fu_18951_p2   | -   |        | add_ln840_1580 | add | fabric | 0       |
|    add_ln840_1581_fu_18961_p2   | -   |        | add_ln840_1581 | add | fabric | 0       |
|    add_ln840_1582_fu_18971_p2   | -   |        | add_ln840_1582 | add | fabric | 0       |
|    add_ln840_1585_fu_19001_p2   | -   |        | add_ln840_1585 | add | fabric | 0       |
|    add_ln840_1586_fu_19011_p2   | -   |        | add_ln840_1586 | add | fabric | 0       |
|    add_ln840_1587_fu_19021_p2   | -   |        | add_ln840_1587 | add | fabric | 0       |
|    add_ln840_1588_fu_19031_p2   | -   |        | add_ln840_1588 | add | fabric | 0       |
|    add_ln840_1589_fu_19041_p2   | -   |        | add_ln840_1589 | add | fabric | 0       |
|    add_ln840_1590_fu_19051_p2   | -   |        | add_ln840_1590 | add | fabric | 0       |
|    add_ln840_1591_fu_19061_p2   | -   |        | add_ln840_1591 | add | fabric | 0       |
|    add_ln840_1592_fu_19071_p2   | -   |        | add_ln840_1592 | add | fabric | 0       |
|    add_ln840_1593_fu_19081_p2   | -   |        | add_ln840_1593 | add | fabric | 0       |
|    add_ln840_1594_fu_19091_p2   | -   |        | add_ln840_1594 | add | fabric | 0       |
|    add_ln840_1595_fu_19101_p2   | -   |        | add_ln840_1595 | add | fabric | 0       |
|    add_ln840_1596_fu_19111_p2   | -   |        | add_ln840_1596 | add | fabric | 0       |
|    add_ln840_1597_fu_19121_p2   | -   |        | add_ln840_1597 | add | fabric | 0       |
|    add_ln840_1600_fu_19147_p2   | -   |        | add_ln840_1600 | add | fabric | 0       |
|    add_ln840_1601_fu_19157_p2   | -   |        | add_ln840_1601 | add | fabric | 0       |
|    add_ln840_1602_fu_19167_p2   | -   |        | add_ln840_1602 | add | fabric | 0       |
|    add_ln840_1603_fu_19177_p2   | -   |        | add_ln840_1603 | add | fabric | 0       |
|    add_ln840_1604_fu_19191_p2   | -   |        | add_ln840_1604 | add | fabric | 0       |
|    add_ln840_1609_fu_19229_p2   | -   |        | add_ln840_1609 | add | fabric | 0       |
|    add_ln840_1610_fu_19239_p2   | -   |        | add_ln840_1610 | add | fabric | 0       |
|    add_ln840_1611_fu_19249_p2   | -   |        | add_ln840_1611 | add | fabric | 0       |
|    add_ln840_1612_fu_19255_p2   | -   |        | add_ln840_1612 | add | fabric | 0       |
|    add_ln840_1613_fu_19265_p2   | -   |        | add_ln840_1613 | add | fabric | 0       |
|    add_ln840_1614_fu_19275_p2   | -   |        | add_ln840_1614 | add | fabric | 0       |
|    add_ln840_1615_fu_19285_p2   | -   |        | add_ln840_1615 | add | fabric | 0       |
|    add_ln840_1616_fu_19295_p2   | -   |        | add_ln840_1616 | add | fabric | 0       |
|    add_ln840_1619_fu_19321_p2   | -   |        | add_ln840_1619 | add | fabric | 0       |
|    add_ln840_1620_fu_19331_p2   | -   |        | add_ln840_1620 | add | fabric | 0       |
|    add_ln840_1621_fu_19341_p2   | -   |        | add_ln840_1621 | add | fabric | 0       |
|    add_ln840_1622_fu_19355_p2   | -   |        | add_ln840_1622 | add | fabric | 0       |
|    add_ln840_1623_fu_19365_p2   | -   |        | add_ln840_1623 | add | fabric | 0       |
|    add_ln840_1624_fu_19375_p2   | -   |        | add_ln840_1624 | add | fabric | 0       |
|    add_ln840_1625_fu_19385_p2   | -   |        | add_ln840_1625 | add | fabric | 0       |
|    add_ln840_1626_fu_19395_p2   | -   |        | add_ln840_1626 | add | fabric | 0       |
|    add_ln840_1629_fu_19421_p2   | -   |        | add_ln840_1629 | add | fabric | 0       |
|    add_ln840_1630_fu_19431_p2   | -   |        | add_ln840_1630 | add | fabric | 0       |
|    add_ln840_1631_fu_19441_p2   | -   |        | add_ln840_1631 | add | fabric | 0       |
|    add_ln840_1632_fu_19451_p2   | -   |        | add_ln840_1632 | add | fabric | 0       |
|    add_ln840_1633_fu_19461_p2   | -   |        | add_ln840_1633 | add | fabric | 0       |
|    add_ln840_1634_fu_19471_p2   | -   |        | add_ln840_1634 | add | fabric | 0       |
|    add_ln840_1637_fu_19497_p2   | -   |        | add_ln840_1637 | add | fabric | 0       |
|    add_ln840_1638_fu_19507_p2   | -   |        | add_ln840_1638 | add | fabric | 0       |
|    add_ln840_1639_fu_19517_p2   | -   |        | add_ln840_1639 | add | fabric | 0       |
|    add_ln840_1640_fu_19527_p2   | -   |        | add_ln840_1640 | add | fabric | 0       |
|    add_ln840_1641_fu_19537_p2   | -   |        | add_ln840_1641 | add | fabric | 0       |
|    add_ln840_1644_fu_19563_p2   | -   |        | add_ln840_1644 | add | fabric | 0       |
|    add_ln840_1645_fu_19573_p2   | -   |        | add_ln840_1645 | add | fabric | 0       |
|    add_ln840_1646_fu_19583_p2   | -   |        | add_ln840_1646 | add | fabric | 0       |
|    add_ln840_1647_fu_19593_p2   | -   |        | add_ln840_1647 | add | fabric | 0       |
|    add_ln840_1650_fu_19619_p2   | -   |        | add_ln840_1650 | add | fabric | 0       |
|    add_ln840_1651_fu_19629_p2   | -   |        | add_ln840_1651 | add | fabric | 0       |
|    add_ln840_1652_fu_19639_p2   | -   |        | add_ln840_1652 | add | fabric | 0       |
|    add_ln840_1653_fu_19649_p2   | -   |        | add_ln840_1653 | add | fabric | 0       |
|    add_ln840_1654_fu_19659_p2   | -   |        | add_ln840_1654 | add | fabric | 0       |
|    add_ln840_1655_fu_19669_p2   | -   |        | add_ln840_1655 | add | fabric | 0       |
|    add_ln840_1658_fu_19695_p2   | -   |        | add_ln840_1658 | add | fabric | 0       |
|    add_ln840_1659_fu_19705_p2   | -   |        | add_ln840_1659 | add | fabric | 0       |
|    add_ln840_1660_fu_19715_p2   | -   |        | add_ln840_1660 | add | fabric | 0       |
|    add_ln840_1661_fu_19725_p2   | -   |        | add_ln840_1661 | add | fabric | 0       |
|    add_ln840_1662_fu_19735_p2   | -   |        | add_ln840_1662 | add | fabric | 0       |
|    add_ln840_1663_fu_19745_p2   | -   |        | add_ln840_1663 | add | fabric | 0       |
|    add_ln840_1664_fu_19755_p2   | -   |        | add_ln840_1664 | add | fabric | 0       |
|    add_ln840_1667_fu_19781_p2   | -   |        | add_ln840_1667 | add | fabric | 0       |
|    add_ln840_1668_fu_19791_p2   | -   |        | add_ln840_1668 | add | fabric | 0       |
|    add_ln840_1669_fu_19801_p2   | -   |        | add_ln840_1669 | add | fabric | 0       |
|    add_ln840_1670_fu_19811_p2   | -   |        | add_ln840_1670 | add | fabric | 0       |
|    add_ln840_1671_fu_19821_p2   | -   |        | add_ln840_1671 | add | fabric | 0       |
|    add_ln840_1672_fu_19831_p2   | -   |        | add_ln840_1672 | add | fabric | 0       |
|    add_ln840_1673_fu_19841_p2   | -   |        | add_ln840_1673 | add | fabric | 0       |
|    add_ln840_1674_fu_19851_p2   | -   |        | add_ln840_1674 | add | fabric | 0       |
|    add_ln840_1675_fu_19861_p2   | -   |        | add_ln840_1675 | add | fabric | 0       |
|    add_ln840_1676_fu_19875_p2   | -   |        | add_ln840_1676 | add | fabric | 0       |
|    add_ln840_1677_fu_19885_p2   | -   |        | add_ln840_1677 | add | fabric | 0       |
|    add_ln840_1680_fu_19911_p2   | -   |        | add_ln840_1680 | add | fabric | 0       |
|    add_ln840_1681_fu_19921_p2   | -   |        | add_ln840_1681 | add | fabric | 0       |
|    add_ln840_1682_fu_19931_p2   | -   |        | add_ln840_1682 | add | fabric | 0       |
|    add_ln840_1683_fu_19941_p2   | -   |        | add_ln840_1683 | add | fabric | 0       |
|    add_ln840_1684_fu_19951_p2   | -   |        | add_ln840_1684 | add | fabric | 0       |
|    add_ln840_1687_fu_19977_p2   | -   |        | add_ln840_1687 | add | fabric | 0       |
|    add_ln840_1688_fu_19987_p2   | -   |        | add_ln840_1688 | add | fabric | 0       |
|    add_ln840_1689_fu_19997_p2   | -   |        | add_ln840_1689 | add | fabric | 0       |
|    add_ln840_1690_fu_20007_p2   | -   |        | add_ln840_1690 | add | fabric | 0       |
|    add_ln840_1691_fu_20017_p2   | -   |        | add_ln840_1691 | add | fabric | 0       |
|    add_ln840_1692_fu_20027_p2   | -   |        | add_ln840_1692 | add | fabric | 0       |
|    add_ln840_1693_fu_20037_p2   | -   |        | add_ln840_1693 | add | fabric | 0       |
|    add_ln840_1694_fu_20047_p2   | -   |        | add_ln840_1694 | add | fabric | 0       |
|    add_ln840_1695_fu_20057_p2   | -   |        | add_ln840_1695 | add | fabric | 0       |
|    add_ln840_1696_fu_20067_p2   | -   |        | add_ln840_1696 | add | fabric | 0       |
|    add_ln840_1697_fu_20077_p2   | -   |        | add_ln840_1697 | add | fabric | 0       |
|    add_ln840_1698_fu_20091_p2   | -   |        | add_ln840_1698 | add | fabric | 0       |
|    add_ln840_1699_fu_20101_p2   | -   |        | add_ln840_1699 | add | fabric | 0       |
|    add_ln840_1700_fu_20111_p2   | -   |        | add_ln840_1700 | add | fabric | 0       |
|    add_ln840_1701_fu_20121_p2   | -   |        | add_ln840_1701 | add | fabric | 0       |
|    add_ln840_1702_fu_20131_p2   | -   |        | add_ln840_1702 | add | fabric | 0       |
|    add_ln840_1703_fu_20141_p2   | -   |        | add_ln840_1703 | add | fabric | 0       |
|    add_ln840_1704_fu_20151_p2   | -   |        | add_ln840_1704 | add | fabric | 0       |
|    add_ln840_1705_fu_20161_p2   | -   |        | add_ln840_1705 | add | fabric | 0       |
|    add_ln840_1706_fu_20171_p2   | -   |        | add_ln840_1706 | add | fabric | 0       |
|    add_ln840_1707_fu_20177_p2   | -   |        | add_ln840_1707 | add | fabric | 0       |
|    add_ln840_1708_fu_20187_p2   | -   |        | add_ln840_1708 | add | fabric | 0       |
|    add_ln840_1709_fu_20197_p2   | -   |        | add_ln840_1709 | add | fabric | 0       |
|    add_ln840_1710_fu_20211_p2   | -   |        | add_ln840_1710 | add | fabric | 0       |
|    add_ln840_1711_fu_20221_p2   | -   |        | add_ln840_1711 | add | fabric | 0       |
|    add_ln840_1712_fu_20235_p2   | -   |        | add_ln840_1712 | add | fabric | 0       |
|    add_ln840_1717_fu_20273_p2   | -   |        | add_ln840_1717 | add | fabric | 0       |
|    add_ln840_1718_fu_20283_p2   | -   |        | add_ln840_1718 | add | fabric | 0       |
|    add_ln840_1719_fu_22310_p2   | -   |        | add_ln840_1719 | add | fabric | 0       |
|    add_ln840_1721_fu_20295_p2   | -   |        | add_ln840_1721 | add | fabric | 0       |
|    add_ln840_1723_fu_20315_p2   | -   |        | add_ln840_1723 | add | fabric | 0       |
|    add_ln840_1724_fu_20325_p2   | -   |        | add_ln840_1724 | add | fabric | 0       |
|    add_ln840_1725_fu_20335_p2   | -   |        | add_ln840_1725 | add | fabric | 0       |
|    add_ln840_1726_fu_20345_p2   | -   |        | add_ln840_1726 | add | fabric | 0       |
|    add_ln840_1727_fu_20355_p2   | -   |        | add_ln840_1727 | add | fabric | 0       |
|    add_ln840_1730_fu_20381_p2   | -   |        | add_ln840_1730 | add | fabric | 0       |
|    add_ln840_1731_fu_20391_p2   | -   |        | add_ln840_1731 | add | fabric | 0       |
|    add_ln840_1732_fu_20401_p2   | -   |        | add_ln840_1732 | add | fabric | 0       |
|    add_ln840_1733_fu_20411_p2   | -   |        | add_ln840_1733 | add | fabric | 0       |
|    add_ln840_1734_fu_20425_p2   | -   |        | add_ln840_1734 | add | fabric | 0       |
|    add_ln840_1735_fu_20435_p2   | -   |        | add_ln840_1735 | add | fabric | 0       |
|    add_ln840_1736_fu_20445_p2   | -   |        | add_ln840_1736 | add | fabric | 0       |
|    add_ln840_1737_fu_20455_p2   | -   |        | add_ln840_1737 | add | fabric | 0       |
|    add_ln840_1738_fu_20469_p2   | -   |        | add_ln840_1738 | add | fabric | 0       |
|    add_ln840_1739_fu_20479_p2   | -   |        | add_ln840_1739 | add | fabric | 0       |
|    add_ln840_1740_fu_20489_p2   | -   |        | add_ln840_1740 | add | fabric | 0       |
|    add_ln840_1741_fu_20499_p2   | -   |        | add_ln840_1741 | add | fabric | 0       |
|    add_ln840_1742_fu_20509_p2   | -   |        | add_ln840_1742 | add | fabric | 0       |
|    add_ln840_1743_fu_20519_p2   | -   |        | add_ln840_1743 | add | fabric | 0       |
|    add_ln840_1744_fu_20529_p2   | -   |        | add_ln840_1744 | add | fabric | 0       |
|    add_ln840_1745_fu_20539_p2   | -   |        | add_ln840_1745 | add | fabric | 0       |
|    add_ln840_1748_fu_20565_p2   | -   |        | add_ln840_1748 | add | fabric | 0       |
|    add_ln840_1749_fu_20575_p2   | -   |        | add_ln840_1749 | add | fabric | 0       |
|    add_ln840_1750_fu_20585_p2   | -   |        | add_ln840_1750 | add | fabric | 0       |
|    add_ln840_1751_fu_20595_p2   | -   |        | add_ln840_1751 | add | fabric | 0       |
|    add_ln840_1754_fu_20621_p2   | -   |        | add_ln840_1754 | add | fabric | 0       |
|    add_ln840_1755_fu_20631_p2   | -   |        | add_ln840_1755 | add | fabric | 0       |
|    add_ln840_1756_fu_20641_p2   | -   |        | add_ln840_1756 | add | fabric | 0       |
|    add_ln840_1757_fu_20651_p2   | -   |        | add_ln840_1757 | add | fabric | 0       |
|    add_ln840_1758_fu_20661_p2   | -   |        | add_ln840_1758 | add | fabric | 0       |
|    add_ln840_1759_fu_20671_p2   | -   |        | add_ln840_1759 | add | fabric | 0       |
|    add_ln840_1762_fu_20697_p2   | -   |        | add_ln840_1762 | add | fabric | 0       |
|    add_ln840_1763_fu_20707_p2   | -   |        | add_ln840_1763 | add | fabric | 0       |
|    add_ln840_1764_fu_20721_p2   | -   |        | add_ln840_1764 | add | fabric | 0       |
|    add_ln840_1765_fu_20731_p2   | -   |        | add_ln840_1765 | add | fabric | 0       |
|    add_ln840_1766_fu_20741_p2   | -   |        | add_ln840_1766 | add | fabric | 0       |
|    add_ln840_1767_fu_20751_p2   | -   |        | add_ln840_1767 | add | fabric | 0       |
|    add_ln840_1768_fu_20761_p2   | -   |        | add_ln840_1768 | add | fabric | 0       |
|    add_ln840_1769_fu_20771_p2   | -   |        | add_ln840_1769 | add | fabric | 0       |
|    add_ln840_1770_fu_20781_p2   | -   |        | add_ln840_1770 | add | fabric | 0       |
|    add_ln840_1771_fu_20795_p2   | -   |        | add_ln840_1771 | add | fabric | 0       |
|    add_ln840_1772_fu_20805_p2   | -   |        | add_ln840_1772 | add | fabric | 0       |
|    add_ln840_1773_fu_20815_p2   | -   |        | add_ln840_1773 | add | fabric | 0       |
|    add_ln840_1774_fu_20825_p2   | -   |        | add_ln840_1774 | add | fabric | 0       |
|    add_ln840_1775_fu_20835_p2   | -   |        | add_ln840_1775 | add | fabric | 0       |
|    add_ln840_1776_fu_20845_p2   | -   |        | add_ln840_1776 | add | fabric | 0       |
|    add_ln840_1777_fu_20855_p2   | -   |        | add_ln840_1777 | add | fabric | 0       |
|    add_ln840_1778_fu_20865_p2   | -   |        | add_ln840_1778 | add | fabric | 0       |
|    add_ln840_1779_fu_20875_p2   | -   |        | add_ln840_1779 | add | fabric | 0       |
|    add_ln840_1780_fu_20885_p2   | -   |        | add_ln840_1780 | add | fabric | 0       |
|    add_ln840_1781_fu_20895_p2   | -   |        | add_ln840_1781 | add | fabric | 0       |
|    add_ln840_1782_fu_20905_p2   | -   |        | add_ln840_1782 | add | fabric | 0       |
|    add_ln840_1785_fu_20931_p2   | -   |        | add_ln840_1785 | add | fabric | 0       |
|    add_ln840_1786_fu_20941_p2   | -   |        | add_ln840_1786 | add | fabric | 0       |
|    add_ln840_1787_fu_20951_p2   | -   |        | add_ln840_1787 | add | fabric | 0       |
|    add_ln840_1788_fu_20961_p2   | -   |        | add_ln840_1788 | add | fabric | 0       |
|    add_ln840_1789_fu_20971_p2   | -   |        | add_ln840_1789 | add | fabric | 0       |
|    add_ln840_1790_fu_20981_p2   | -   |        | add_ln840_1790 | add | fabric | 0       |
|    add_ln840_1791_fu_20991_p2   | -   |        | add_ln840_1791 | add | fabric | 0       |
|    add_ln840_1792_fu_21001_p2   | -   |        | add_ln840_1792 | add | fabric | 0       |
|    add_ln840_1793_fu_21011_p2   | -   |        | add_ln840_1793 | add | fabric | 0       |
|    add_ln840_1794_fu_21021_p2   | -   |        | add_ln840_1794 | add | fabric | 0       |
|    add_ln840_1797_fu_21047_p2   | -   |        | add_ln840_1797 | add | fabric | 0       |
|    add_ln840_1798_fu_21057_p2   | -   |        | add_ln840_1798 | add | fabric | 0       |
|    add_ln840_1799_fu_21067_p2   | -   |        | add_ln840_1799 | add | fabric | 0       |
|    add_ln840_1800_fu_21077_p2   | -   |        | add_ln840_1800 | add | fabric | 0       |
|    add_ln840_1801_fu_21087_p2   | -   |        | add_ln840_1801 | add | fabric | 0       |
|    add_ln840_1802_fu_21097_p2   | -   |        | add_ln840_1802 | add | fabric | 0       |
|    add_ln840_1803_fu_21107_p2   | -   |        | add_ln840_1803 | add | fabric | 0       |
|    add_ln840_1804_fu_21117_p2   | -   |        | add_ln840_1804 | add | fabric | 0       |
|    add_ln840_1805_fu_21131_p2   | -   |        | add_ln840_1805 | add | fabric | 0       |
|    add_ln840_1806_fu_21141_p2   | -   |        | add_ln840_1806 | add | fabric | 0       |
|    add_ln840_1809_fu_21167_p2   | -   |        | add_ln840_1809 | add | fabric | 0       |
|    add_ln840_1810_fu_21177_p2   | -   |        | add_ln840_1810 | add | fabric | 0       |
|    add_ln840_1811_fu_21187_p2   | -   |        | add_ln840_1811 | add | fabric | 0       |
|    add_ln840_1812_fu_21197_p2   | -   |        | add_ln840_1812 | add | fabric | 0       |
|    add_ln840_1817_fu_21235_p2   | -   |        | add_ln840_1817 | add | fabric | 0       |
|    add_ln840_1818_fu_21245_p2   | -   |        | add_ln840_1818 | add | fabric | 0       |
|    add_ln840_1819_fu_21255_p2   | -   |        | add_ln840_1819 | add | fabric | 0       |
|    add_ln840_1820_fu_21265_p2   | -   |        | add_ln840_1820 | add | fabric | 0       |
|    add_ln840_1821_fu_21271_p2   | -   |        | add_ln840_1821 | add | fabric | 0       |
|    add_ln840_1822_fu_21281_p2   | -   |        | add_ln840_1822 | add | fabric | 0       |
|    add_ln840_1823_fu_21291_p2   | -   |        | add_ln840_1823 | add | fabric | 0       |
|    add_ln840_1824_fu_21301_p2   | -   |        | add_ln840_1824 | add | fabric | 0       |
|    add_ln840_1825_fu_21311_p2   | -   |        | add_ln840_1825 | add | fabric | 0       |
|    add_ln840_1826_fu_21321_p2   | -   |        | add_ln840_1826 | add | fabric | 0       |
|    add_ln840_1827_fu_21331_p2   | -   |        | add_ln840_1827 | add | fabric | 0       |
|    add_ln840_1828_fu_21341_p2   | -   |        | add_ln840_1828 | add | fabric | 0       |
|    add_ln840_1829_fu_21351_p2   | -   |        | add_ln840_1829 | add | fabric | 0       |
|    add_ln840_1830_fu_21361_p2   | -   |        | add_ln840_1830 | add | fabric | 0       |
|    add_ln840_1831_fu_21371_p2   | -   |        | add_ln840_1831 | add | fabric | 0       |
|    add_ln840_1832_fu_21381_p2   | -   |        | add_ln840_1832 | add | fabric | 0       |
|    add_ln840_1833_fu_21391_p2   | -   |        | add_ln840_1833 | add | fabric | 0       |
|    add_ln840_1834_fu_21401_p2   | -   |        | add_ln840_1834 | add | fabric | 0       |
|    add_ln840_1835_fu_21411_p2   | -   |        | add_ln840_1835 | add | fabric | 0       |
|    add_ln840_1836_fu_21421_p2   | -   |        | add_ln840_1836 | add | fabric | 0       |
|    add_ln840_1837_fu_21431_p2   | -   |        | add_ln840_1837 | add | fabric | 0       |
|    add_ln840_1838_fu_21441_p2   | -   |        | add_ln840_1838 | add | fabric | 0       |
|    add_ln840_1839_fu_21451_p2   | -   |        | add_ln840_1839 | add | fabric | 0       |
|    add_ln840_1842_fu_21477_p2   | -   |        | add_ln840_1842 | add | fabric | 0       |
|    add_ln840_1843_fu_21487_p2   | -   |        | add_ln840_1843 | add | fabric | 0       |
|    add_ln840_1844_fu_21497_p2   | -   |        | add_ln840_1844 | add | fabric | 0       |
|    add_ln840_1845_fu_21507_p2   | -   |        | add_ln840_1845 | add | fabric | 0       |
|    add_ln840_1846_fu_21517_p2   | -   |        | add_ln840_1846 | add | fabric | 0       |
|    add_ln840_1847_fu_21527_p2   | -   |        | add_ln840_1847 | add | fabric | 0       |
|    add_ln840_1848_fu_21537_p2   | -   |        | add_ln840_1848 | add | fabric | 0       |
|    add_ln840_1849_fu_21547_p2   | -   |        | add_ln840_1849 | add | fabric | 0       |
|    add_ln840_1850_fu_21557_p2   | -   |        | add_ln840_1850 | add | fabric | 0       |
|    add_ln840_1851_fu_21567_p2   | -   |        | add_ln840_1851 | add | fabric | 0       |
|    add_ln840_1852_fu_21577_p2   | -   |        | add_ln840_1852 | add | fabric | 0       |
|    add_ln840_1853_fu_21587_p2   | -   |        | add_ln840_1853 | add | fabric | 0       |
|    add_ln840_1856_fu_21613_p2   | -   |        | add_ln840_1856 | add | fabric | 0       |
|    add_ln840_1857_fu_21623_p2   | -   |        | add_ln840_1857 | add | fabric | 0       |
|    add_ln840_1858_fu_21633_p2   | -   |        | add_ln840_1858 | add | fabric | 0       |
|    add_ln840_1859_fu_21651_p2   | -   |        | add_ln840_1859 | add | fabric | 0       |
|    add_ln840_1860_fu_21661_p2   | -   |        | add_ln840_1860 | add | fabric | 0       |
|    add_ln840_1861_fu_21671_p2   | -   |        | add_ln840_1861 | add | fabric | 0       |
|    add_ln840_1862_fu_21681_p2   | -   |        | add_ln840_1862 | add | fabric | 0       |
|    add_ln840_1863_fu_21691_p2   | -   |        | add_ln840_1863 | add | fabric | 0       |
|    add_ln840_1864_fu_21701_p2   | -   |        | add_ln840_1864 | add | fabric | 0       |
|    add_ln840_1865_fu_21711_p2   | -   |        | add_ln840_1865 | add | fabric | 0       |
|    add_ln840_1868_fu_21737_p2   | -   |        | add_ln840_1868 | add | fabric | 0       |
|    add_ln840_1869_fu_21747_p2   | -   |        | add_ln840_1869 | add | fabric | 0       |
|    add_ln840_1870_fu_21757_p2   | -   |        | add_ln840_1870 | add | fabric | 0       |
|    add_ln840_1871_fu_21767_p2   | -   |        | add_ln840_1871 | add | fabric | 0       |
|    add_ln840_1872_fu_21777_p2   | -   |        | add_ln840_1872 | add | fabric | 0       |
|    add_ln840_1873_fu_21783_p2   | -   |        | add_ln840_1873 | add | fabric | 0       |
|    add_ln840_1874_fu_21793_p2   | -   |        | add_ln840_1874 | add | fabric | 0       |
|    add_ln840_1875_fu_21803_p2   | -   |        | add_ln840_1875 | add | fabric | 0       |
|    add_ln840_1878_fu_21829_p2   | -   |        | add_ln840_1878 | add | fabric | 0       |
|    add_ln840_1879_fu_21839_p2   | -   |        | add_ln840_1879 | add | fabric | 0       |
|    add_ln840_1880_fu_21849_p2   | -   |        | add_ln840_1880 | add | fabric | 0       |
|    add_ln840_1881_fu_21859_p2   | -   |        | add_ln840_1881 | add | fabric | 0       |
|    add_ln840_1882_fu_21869_p2   | -   |        | add_ln840_1882 | add | fabric | 0       |
|    add_ln840_1883_fu_21879_p2   | -   |        | add_ln840_1883 | add | fabric | 0       |
|    add_ln840_1884_fu_21889_p2   | -   |        | add_ln840_1884 | add | fabric | 0       |
|    add_ln840_1885_fu_21899_p2   | -   |        | add_ln840_1885 | add | fabric | 0       |
|    add_ln840_1886_fu_21913_p2   | -   |        | add_ln840_1886 | add | fabric | 0       |
|    add_ln840_1887_fu_21923_p2   | -   |        | add_ln840_1887 | add | fabric | 0       |
|    add_ln840_1888_fu_21933_p2   | -   |        | add_ln840_1888 | add | fabric | 0       |
|    add_ln840_1889_fu_21943_p2   | -   |        | add_ln840_1889 | add | fabric | 0       |
|    add_ln840_1890_fu_21953_p2   | -   |        | add_ln840_1890 | add | fabric | 0       |
|    add_ln840_1891_fu_21963_p2   | -   |        | add_ln840_1891 | add | fabric | 0       |
|    add_ln840_1892_fu_21973_p2   | -   |        | add_ln840_1892 | add | fabric | 0       |
|    add_ln840_1893_fu_21983_p2   | -   |        | add_ln840_1893 | add | fabric | 0       |
|    add_ln840_1894_fu_21993_p2   | -   |        | add_ln840_1894 | add | fabric | 0       |
|    add_ln840_1895_fu_22003_p2   | -   |        | add_ln840_1895 | add | fabric | 0       |
|    add_ln840_1896_fu_22013_p2   | -   |        | add_ln840_1896 | add | fabric | 0       |
|    add_ln840_1899_fu_22039_p2   | -   |        | add_ln840_1899 | add | fabric | 0       |
|    add_ln840_1900_fu_22049_p2   | -   |        | add_ln840_1900 | add | fabric | 0       |
|    add_ln840_1901_fu_22063_p2   | -   |        | add_ln840_1901 | add | fabric | 0       |
|    add_ln840_1902_fu_22073_p2   | -   |        | add_ln840_1902 | add | fabric | 0       |
|    add_ln840_1903_fu_22083_p2   | -   |        | add_ln840_1903 | add | fabric | 0       |
|    add_ln840_1904_fu_22093_p2   | -   |        | add_ln840_1904 | add | fabric | 0       |
|    add_ln840_1905_fu_22103_p2   | -   |        | add_ln840_1905 | add | fabric | 0       |
|    add_ln840_1906_fu_22113_p2   | -   |        | add_ln840_1906 | add | fabric | 0       |
|    add_ln840_1907_fu_22123_p2   | -   |        | add_ln840_1907 | add | fabric | 0       |
|    add_ln840_1908_fu_22137_p2   | -   |        | add_ln840_1908 | add | fabric | 0       |
|    add_ln840_1909_fu_22147_p2   | -   |        | add_ln840_1909 | add | fabric | 0       |
|    add_ln840_1910_fu_22157_p2   | -   |        | add_ln840_1910 | add | fabric | 0       |
|    add_ln840_1911_fu_22167_p2   | -   |        | add_ln840_1911 | add | fabric | 0       |
|    add_ln840_1912_fu_22177_p2   | -   |        | add_ln840_1912 | add | fabric | 0       |
|    add_ln840_1913_fu_22187_p2   | -   |        | add_ln840_1913 | add | fabric | 0       |
|    add_ln840_1914_fu_22197_p2   | -   |        | add_ln840_1914 | add | fabric | 0       |
|    add_ln840_1919_fu_22235_p2   | -   |        | add_ln840_1919 | add | fabric | 0       |
|    add_ln840_1920_fu_22245_p2   | -   |        | add_ln840_1920 | add | fabric | 0       |
|    add_ln840_1921_fu_22322_p2   | -   |        | add_ln840_1921 | add | fabric | 0       |
+---------------------------------+-----+--------+----------------+-----+--------+---------+


================================================================
== Bind Storage Report
================================================================
  No bind storage info in design

================================================================
== Pragma Report
================================================================
* Valid Pragma Syntax
+-----------------+---------------------------------------------------+--------------------------------------------------------------------------------------------------------------------------------+
| Type            | Options                                           | Location                                                                                                                       |
+-----------------+---------------------------------------------------+--------------------------------------------------------------------------------------------------------------------------------+
| inline          |                                                   | ../../../../../../../deps/finn-hlslib/activations.hpp:145 in init                                                              |
| inline          |                                                   | ../../../../../../../deps/finn-hlslib/activations.hpp:163 in activate                                                          |
| inline          |                                                   | ../../../../../../../deps/finn-hlslib/activations.hpp:180 in thresholdactivation<ta, compare>                                  |
| inline          |                                                   | ../../../../../../../deps/finn-hlslib/activations.hpp:185 in activate                                                          |
| inline          |                                                   | ../../../../../../../deps/finn-hlslib/activations.hpp:208 in init                                                              |
| inline          |                                                   | ../../../../../../../deps/finn-hlslib/activations.hpp:214 in activate                                                          |
| unroll          |                                                   | ../../../../../../../deps/finn-hlslib/activations.hpp:217 in activate                                                          |
| inline          |                                                   | ../../../../../../../deps/finn-hlslib/activations.hpp:247 in init                                                              |
| inline          |                                                   | ../../../../../../../deps/finn-hlslib/activations.hpp:252 in activate                                                          |
| pipeline        | style=flp II=1                                    | ../../../../../../../deps/finn-hlslib/activations.hpp:296 in thresholding_batch                                                |
| unroll          |                                                   | ../../../../../../../deps/finn-hlslib/activations.hpp:302 in thresholding_batch                                                |
| array_partition | variable=internal_thr.m_thresholds complete dim=0 | ../../../../../../../deps/finn-hlslib/activations.hpp:352 in thresholding_stream_batch, internal_thr.m_thresholds              |
| pipeline        | style=flp II=1                                    | ../../../../../../../deps/finn-hlslib/activations.hpp:358 in thresholding_stream_batch                                         |
| unroll          |                                                   | ../../../../../../../deps/finn-hlslib/activations.hpp:371 in thresholding_stream_batch                                         |
| unroll          |                                                   | ../../../../../../../deps/finn-hlslib/activations.hpp:376 in thresholding_stream_batch                                         |
| inline          |                                                   | ../../../../../../../deps/finn-hlslib/convlayer.h:113 in convlayer_batch                                                       |
| inline          |                                                   | ../../../../../../../deps/finn-hlslib/convlayer.h:198 in convlayer_batch_tmr                                                   |
| inline          |                                                   | ../../../../../../../deps/finn-hlslib/convlayer.h:284 in convlayer_batch_mmv                                                   |
| pipeline        | style=flp II=1                                    | ../../../../../../../deps/finn-hlslib/dma.h:141 in mem2stream                                                                  |
| pipeline        | style=flp II=1                                    | ../../../../../../../deps/finn-hlslib/dma.h:154 in stream2mem                                                                  |
| pipeline        | style=flp II=1                                    | ../../../../../../../deps/finn-hlslib/dma.h:224 in genparamstream                                                              |
| inline          |                                                   | ../../../../../../../deps/finn-hlslib/interpret.hpp:62 in xnormul                                                              |
| inline          |                                                   | ../../../../../../../deps/finn-hlslib/interpret.hpp:67 in operator*                                                            |
| inline          |                                                   | ../../../../../../../deps/finn-hlslib/interpret.hpp:72 in operator*                                                            |
| inline          |                                                   | ../../../../../../../deps/finn-hlslib/interpret.hpp:80 in binary                                                               |
| inline          |                                                   | ../../../../../../../deps/finn-hlslib/interpret.hpp:89 in operator*                                                            |
| inline          |                                                   | ../../../../../../../deps/finn-hlslib/interpret.hpp:97 in operator*                                                            |
| inline          |                                                   | ../../../../../../../deps/finn-hlslib/interpret.hpp:102 in operator*                                                           |
| inline          |                                                   | ../../../../../../../deps/finn-hlslib/interpret.hpp:116 in operator()                                                          |
| inline          |                                                   | ../../../../../../../deps/finn-hlslib/interpret.hpp:122 in operator()                                                          |
| inline          |                                                   | ../../../../../../../deps/finn-hlslib/interpret.hpp:138 in container<tv>                                                       |
| inline          |                                                   | ../../../../../../../deps/finn-hlslib/interpret.hpp:143 in operator[]                                                          |
| inline          |                                                   | ../../../../../../../deps/finn-hlslib/interpret.hpp:147 in operator[]                                                          |
| inline          |                                                   | ../../../../../../../deps/finn-hlslib/interpret.hpp:151 in operator()                                                          |
| inline          |                                                   | ../../../../../../../deps/finn-hlslib/interpret.hpp:155 in operator const type-parameter-1-0 &                                 |
| inline          |                                                   | ../../../../../../../deps/finn-hlslib/interpret.hpp:163 in operator()                                                          |
| inline          |                                                   | ../../../../../../../deps/finn-hlslib/interpret.hpp:168 in operator()                                                          |
| inline          |                                                   | ../../../../../../../deps/finn-hlslib/interpret.hpp:173 in operator()                                                          |
| inline          |                                                   | ../../../../../../../deps/finn-hlslib/interpret.hpp:204 in container<tv>                                                       |
| inline          |                                                   | ../../../../../../../deps/finn-hlslib/interpret.hpp:207 in container<tv>                                                       |
| inline          |                                                   | ../../../../../../../deps/finn-hlslib/interpret.hpp:211 in operator()                                                          |
| inline          |                                                   | ../../../../../../../deps/finn-hlslib/interpret.hpp:215 in operator()                                                          |
| inline          |                                                   | ../../../../../../../deps/finn-hlslib/interpret.hpp:220 in operator[]                                                          |
| inline          |                                                   | ../../../../../../../deps/finn-hlslib/interpret.hpp:224 in operator const type-parameter-1-0 &                                 |
| inline          |                                                   | ../../../../../../../deps/finn-hlslib/interpret.hpp:232 in operator()                                                          |
| inline          |                                                   | ../../../../../../../deps/finn-hlslib/interpret.hpp:237 in operator()                                                          |
| inline          |                                                   | ../../../../../../../deps/finn-hlslib/interpret.hpp:242 in operator()                                                          |
| inline          |                                                   | ../../../../../../../deps/finn-hlslib/interpret.hpp:261 in container<tv>                                                       |
| inline          |                                                   | ../../../../../../../deps/finn-hlslib/interpret.hpp:264 in container<tv>                                                       |
| inline          |                                                   | ../../../../../../../deps/finn-hlslib/interpret.hpp:267 in container<tv>                                                       |
| inline          |                                                   | ../../../../../../../deps/finn-hlslib/interpret.hpp:271 in operator const type-parameter-1-0 &                                 |
| inline          |                                                   | ../../../../../../../deps/finn-hlslib/interpret.hpp:275 in operator()                                                          |
| inline          |                                                   | ../../../../../../../deps/finn-hlslib/interpret.hpp:279 in operator()                                                          |
| inline          |                                                   | ../../../../../../../deps/finn-hlslib/interpret.hpp:284 in operator[]                                                          |
| inline          |                                                   | ../../../../../../../deps/finn-hlslib/interpret.hpp:292 in operator()                                                          |
| inline          |                                                   | ../../../../../../../deps/finn-hlslib/interpret.hpp:297 in operator()                                                          |
| inline          |                                                   | ../../../../../../../deps/finn-hlslib/interpret.hpp:302 in operator()                                                          |
| inline          |                                                   | ../../../../../../../deps/finn-hlslib/mac.hpp:89 in mul                                                                        |
| inline          |                                                   | ../../../../../../../deps/finn-hlslib/mac.hpp:114 in mul                                                                       |
| bind_op         | variable=res op=mul impl=fabric                   | ../../../../../../../deps/finn-hlslib/mac.hpp:116 in mul, res                                                                  |
| inline          |                                                   | ../../../../../../../deps/finn-hlslib/mac.hpp:140 in mul                                                                       |
| bind_op         | variable=res op=mul impl=dsp                      | ../../../../../../../deps/finn-hlslib/mac.hpp:142 in mul, res                                                                  |
| inline          |                                                   | ../../../../../../../deps/finn-hlslib/mac.hpp:165 in mac                                                                       |
| unroll          |                                                   | ../../../../../../../deps/finn-hlslib/mac.hpp:168 in mac                                                                       |
| inline          |                                                   | ../../../../../../../deps/finn-hlslib/mac.hpp:192 in mac                                                                       |
| unroll          |                                                   | ../../../../../../../deps/finn-hlslib/mac.hpp:195 in mac                                                                       |
| inline          |                                                   | ../../../../../../../deps/finn-hlslib/mac.hpp:202 in mac                                                                       |
| unroll          |                                                   | ../../../../../../../deps/finn-hlslib/maxpool.h:74 in streamingmaxpool                                                         |
| pipeline        | style=flp II=1                                    | ../../../../../../../deps/finn-hlslib/maxpool.h:83 in streamingmaxpool                                                         |
| pipeline        | style=flp II=1                                    | ../../../../../../../deps/finn-hlslib/maxpool.h:91 in streamingmaxpool                                                         |
| array_partition | variable=buf complete dim=2                       | ../../../../../../../deps/finn-hlslib/maxpool.h:146 in streamingmaxpool_precision, buf                                         |
| unroll          |                                                   | ../../../../../../../deps/finn-hlslib/maxpool.h:149 in streamingmaxpool_precision                                              |
| pipeline        | style=flp II=1                                    | ../../../../../../../deps/finn-hlslib/maxpool.h:159 in streamingmaxpool_precision                                              |
| unroll          |                                                   | ../../../../../../../deps/finn-hlslib/maxpool.h:162 in streamingmaxpool_precision                                              |
| unroll          |                                                   | ../../../../../../../deps/finn-hlslib/maxpool.h:176 in streamingmaxpool_precision                                              |
| inline          |                                                   | ../../../../../../../deps/finn-hlslib/maxpool.h:210 in streamingmaxpool_precision_batch                                        |
| array_partition | variable=buf complete dim=2                       | ../../../../../../../deps/finn-hlslib/maxpool.h:255 in streamingmaxpool_precision_1d, buf                                      |
| pipeline        | style=flp II=1                                    | ../../../../../../../deps/finn-hlslib/maxpool.h:258 in streamingmaxpool_precision_1d                                           |
| unroll          |                                                   | ../../../../../../../deps/finn-hlslib/maxpool.h:260 in streamingmaxpool_precision_1d                                           |
| pipeline        | style=flp II=1                                    | ../../../../../../../deps/finn-hlslib/maxpool.h:272 in streamingmaxpool_precision_1d                                           |
| unroll          |                                                   | ../../../../../../../deps/finn-hlslib/maxpool.h:275 in streamingmaxpool_precision_1d                                           |
| pipeline        | style=flp II=1                                    | ../../../../../../../deps/finn-hlslib/maxpool.h:288 in streamingmaxpool_precision_1d                                           |
| unroll          |                                                   | ../../../../../../../deps/finn-hlslib/maxpool.h:290 in streamingmaxpool_precision_1d                                           |
| pipeline        | style=flp II=1                                    | ../../../../../../../deps/finn-hlslib/maxpool.h:302 in streamingmaxpool_precision_1d                                           |
| inline          |                                                   | ../../../../../../../deps/finn-hlslib/maxpool.h:331 in streamingmaxpool_precision_batch_1d                                     |
| pipeline        | style=flp II=1                                    | ../../../../../../../deps/finn-hlslib/maxpool.h:370 in relu_batch                                                              |
| unroll          |                                                   | ../../../../../../../deps/finn-hlslib/maxpool.h:373 in relu_batch                                                              |
| bind_storage    | variable=accumulators type=RAM_2P impl=LUTRAM     | ../../../../../../../deps/finn-hlslib/maxpool.h:415 in accpool_batch, accumulators                                             |
| pipeline        | style=flp II=1                                    | ../../../../../../../deps/finn-hlslib/maxpool.h:421 in accpool_batch                                                           |
| unroll          |                                                   | ../../../../../../../deps/finn-hlslib/maxpool.h:425 in accpool_batch                                                           |
| array_partition | variable=topval complete dim=1                    | ../../../../../../../deps/finn-hlslib/maxpool.h:477 in labelselect_batch, topval                                               |
| array_partition | variable=toplabels complete dim=1                 | ../../../../../../../deps/finn-hlslib/maxpool.h:479 in labelselect_batch, toplabels                                            |
| unroll          |                                                   | ../../../../../../../deps/finn-hlslib/maxpool.h:484 in labelselect_batch                                                       |
| pipeline        | style=flp II=1                                    | ../../../../../../../deps/finn-hlslib/maxpool.h:489 in labelselect_batch                                                       |
| unroll          |                                                   | ../../../../../../../deps/finn-hlslib/maxpool.h:492 in labelselect_batch                                                       |
| unroll          |                                                   | ../../../../../../../deps/finn-hlslib/maxpool.h:501 in labelselect_batch                                                       |
| unroll          |                                                   | ../../../../../../../deps/finn-hlslib/maxpool.h:508 in labelselect_batch                                                       |
| array_partition | variable=accu complete dim=0                      | ../../../../../../../deps/finn-hlslib/maxpool.h:570 in pool_batch, accu                                                        |
| pipeline        | style=flp II=1                                    | ../../../../../../../deps/finn-hlslib/maxpool.h:576 in pool_batch                                                              |
| unroll          |                                                   | ../../../../../../../deps/finn-hlslib/maxpool.h:583 in pool_batch                                                              |
| unroll          |                                                   | ../../../../../../../deps/finn-hlslib/maxpool.h:590 in pool_batch                                                              |
| unroll          |                                                   | ../../../../../../../deps/finn-hlslib/maxpool.h:599 in pool_batch                                                              |
| inline          |                                                   | ../../../../../../../deps/finn-hlslib/mmv.hpp:53 in operator[]                                                                 |
| array_partition | variable=inputBuf complete dim=0                  | ../../../../../../../deps/finn-hlslib/mvau.hpp:110 in matrix_vector_activate_batch, inputBuf                                   |
| array_partition | variable=accu complete dim=0                      | ../../../../../../../deps/finn-hlslib/mvau.hpp:114 in matrix_vector_activate_batch, accu                                       |
| pipeline        | style=flp II=1                                    | ../../../../../../../deps/finn-hlslib/mvau.hpp:124 in matrix_vector_activate_batch                                             |
| unroll          |                                                   | ../../../../../../../deps/finn-hlslib/mvau.hpp:140 in matrix_vector_activate_batch                                             |
| unroll          |                                                   | ../../../../../../../deps/finn-hlslib/mvau.hpp:142 in matrix_vector_activate_batch                                             |
| unroll          |                                                   | ../../../../../../../deps/finn-hlslib/mvau.hpp:151 in matrix_vector_activate_batch                                             |
| unroll          |                                                   | ../../../../../../../deps/finn-hlslib/mvau.hpp:165 in matrix_vector_activate_batch                                             |
| unroll          |                                                   | ../../../../../../../deps/finn-hlslib/mvau.hpp:167 in matrix_vector_activate_batch                                             |
| array_partition | variable=inputBuf complete dim=1                  | ../../../../../../../deps/finn-hlslib/mvau.hpp:232 in matrix_vector_activate_stream_batch, inputBuf                            |
| array_partition | variable=accu complete dim=0                      | ../../../../../../../deps/finn-hlslib/mvau.hpp:235 in matrix_vector_activate_stream_batch, accu                                |
| array_partition | variable=w.m_weights complete dim=0               | ../../../../../../../deps/finn-hlslib/mvau.hpp:238 in matrix_vector_activate_stream_batch, w.m_weights                         |
| pipeline        | style=flp II=1                                    | ../../../../../../../deps/finn-hlslib/mvau.hpp:250 in matrix_vector_activate_stream_batch                                      |
| unroll          |                                                   | ../../../../../../../deps/finn-hlslib/mvau.hpp:267 in matrix_vector_activate_stream_batch                                      |
| unroll          |                                                   | ../../../../../../../deps/finn-hlslib/mvau.hpp:274 in matrix_vector_activate_stream_batch                                      |
| unroll          |                                                   | ../../../../../../../deps/finn-hlslib/mvau.hpp:281 in matrix_vector_activate_stream_batch                                      |
| unroll          |                                                   | ../../../../../../../deps/finn-hlslib/mvau.hpp:294 in matrix_vector_activate_stream_batch                                      |
| bind_storage    | variable=inputBuf type=RAM_2P                     | ../../../../../../../deps/finn-hlslib/slidingwindow.h:74 in memory_resource, inputBuf                                          |
| bind_storage    | variable=inputBuf type=RAM_S2P impl=BRAM          | ../../../../../../../deps/finn-hlslib/slidingwindow.h:95 in memory_resource, inputBuf                                          |
| bind_storage    | variable=inputBuf type=RAM_S2P impl=URAM          | ../../../../../../../deps/finn-hlslib/slidingwindow.h:116 in memory_resource, inputBuf                                         |
| bind_storage    | variable=inputBuf type=RAM_S2P impl=LUTRAM        | ../../../../../../../deps/finn-hlslib/slidingwindow.h:137 in memory_resource, inputBuf                                         |
| array_partition | variable=inputBuf complete dim=1                  | ../../../../../../../deps/finn-hlslib/slidingwindow.h:177 in convolutioninputgenerator, inputBuf                               |
| pipeline        | style=flp II=1                                    | ../../../../../../../deps/finn-hlslib/slidingwindow.h:192 in convolutioninputgenerator                                         |
| dependence      | variable=inputBuf intra false                     | ../../../../../../../deps/finn-hlslib/slidingwindow.h:243 in convolutioninputgenerator, inputBuf                               |
| dependence      | variable=inputBuf inter false                     | ../../../../../../../deps/finn-hlslib/slidingwindow.h:244 in convolutioninputgenerator, inputBuf                               |
| dependence      | variable=current_block_write intra false          | ../../../../../../../deps/finn-hlslib/slidingwindow.h:254 in convolutioninputgenerator, current_block_write                    |
| dependence      | variable=inputBuf inter false                     | ../../../../../../../deps/finn-hlslib/slidingwindow.h:308 in convolutioninputgenerator_mmv, inputBuf                           |
| dependence      | variable=inputBuf intra false                     | ../../../../../../../deps/finn-hlslib/slidingwindow.h:309 in convolutioninputgenerator_mmv, inputBuf                           |
| array_partition | variable=inputBuf complete dim=1                  | ../../../../../../../deps/finn-hlslib/slidingwindow.h:310 in convolutioninputgenerator_mmv, inputBuf                           |
| array_partition | variable=inputBuf complete dim=2                  | ../../../../../../../deps/finn-hlslib/slidingwindow.h:311 in convolutioninputgenerator_mmv, inputBuf                           |
| pipeline        | style=flp II=1                                    | ../../../../../../../deps/finn-hlslib/slidingwindow.h:326 in convolutioninputgenerator_mmv                                     |
| unroll          |                                                   | ../../../../../../../deps/finn-hlslib/slidingwindow.h:333 in convolutioninputgenerator_mmv                                     |
| unroll          |                                                   | ../../../../../../../deps/finn-hlslib/slidingwindow.h:359 in convolutioninputgenerator_mmv                                     |
| unroll          |                                                   | ../../../../../../../deps/finn-hlslib/slidingwindow.h:392 in convolutioninputgenerator_mmv                                     |
| dependence      | variable=inputBuf intra false                     | ../../../../../../../deps/finn-hlslib/slidingwindow.h:394 in convolutioninputgenerator_mmv, inputBuf                           |
| dependence      | variable=inputBuf inter false                     | ../../../../../../../deps/finn-hlslib/slidingwindow.h:395 in convolutioninputgenerator_mmv, inputBuf                           |
| dependence      | variable=current_block_write intra false          | ../../../../../../../deps/finn-hlslib/slidingwindow.h:406 in convolutioninputgenerator_mmv, current_block_write                |
| array_partition | variable=inputBuf complete dim=1                  | ../../../../../../../deps/finn-hlslib/slidingwindow.h:466 in convolutioninputgenerator_kernel_stride, inputBuf                 |
| dependence      | variable=inputBuf inter false                     | ../../../../../../../deps/finn-hlslib/slidingwindow.h:467 in convolutioninputgenerator_kernel_stride, inputBuf                 |
| dependence      | variable=inputBuf intra false                     | ../../../../../../../deps/finn-hlslib/slidingwindow.h:468 in convolutioninputgenerator_kernel_stride, inputBuf                 |
| dependence      | variable=current_block_write intra false          | ../../../../../../../deps/finn-hlslib/slidingwindow.h:476 in convolutioninputgenerator_kernel_stride, current_block_write      |
| pipeline        | style=flp II=1                                    | ../../../../../../../deps/finn-hlslib/slidingwindow.h:479 in convolutioninputgenerator_kernel_stride                           |
| dependence      | variable=inputBuf inter false                     | ../../../../../../../deps/finn-hlslib/slidingwindow.h:544 in convolutioninputgenerator_kernel_stride, inputBuf                 |
| dependence      | variable=inputBuf intra false                     | ../../../../../../../deps/finn-hlslib/slidingwindow.h:545 in convolutioninputgenerator_kernel_stride, inputBuf                 |
| dependence      | variable=current_block_write intra false          | ../../../../../../../deps/finn-hlslib/slidingwindow.h:554 in convolutioninputgenerator_kernel_stride, current_block_write      |
| dependence      | variable=inputBuf inter false                     | ../../../../../../../deps/finn-hlslib/slidingwindow.h:610 in convolutioninputgenerator_kernel_stride_mmv, inputBuf             |
| dependence      | variable=inputBuf intra false                     | ../../../../../../../deps/finn-hlslib/slidingwindow.h:611 in convolutioninputgenerator_kernel_stride_mmv, inputBuf             |
| array_partition | variable=inputBuf complete dim=1                  | ../../../../../../../deps/finn-hlslib/slidingwindow.h:612 in convolutioninputgenerator_kernel_stride_mmv, inputBuf             |
| array_partition | variable=inputBuf complete dim=2                  | ../../../../../../../deps/finn-hlslib/slidingwindow.h:613 in convolutioninputgenerator_kernel_stride_mmv, inputBuf             |
| dependence      | variable=current_block_write intra false          | ../../../../../../../deps/finn-hlslib/slidingwindow.h:628 in convolutioninputgenerator_kernel_stride_mmv, current_block_write  |
| pipeline        | style=flp II=1                                    | ../../../../../../../deps/finn-hlslib/slidingwindow.h:631 in convolutioninputgenerator_kernel_stride_mmv                       |
| unroll          |                                                   | ../../../../../../../deps/finn-hlslib/slidingwindow.h:638 in convolutioninputgenerator_kernel_stride_mmv                       |
| unroll          |                                                   | ../../../../../../../deps/finn-hlslib/slidingwindow.h:672 in convolutioninputgenerator_kernel_stride_mmv                       |
| unroll          |                                                   | ../../../../../../../deps/finn-hlslib/slidingwindow.h:705 in convolutioninputgenerator_kernel_stride_mmv                       |
| dependence      | variable=current_block_write intra false          | ../../../../../../../deps/finn-hlslib/slidingwindow.h:716 in convolutioninputgenerator_kernel_stride_mmv, current_block_write  |
| array_partition | variable=inputBuf complete dim=1                  | ../../../../../../../deps/finn-hlslib/slidingwindow.h:767 in convolutioninputgenerator_dws, inputBuf                           |
| pipeline        | style=flp II=1                                    | ../../../../../../../deps/finn-hlslib/slidingwindow.h:782 in convolutioninputgenerator_dws                                     |
| dependence      | variable=inputBuf intra false                     | ../../../../../../../deps/finn-hlslib/slidingwindow.h:833 in convolutioninputgenerator_dws, inputBuf                           |
| dependence      | variable=inputBuf inter false                     | ../../../../../../../deps/finn-hlslib/slidingwindow.h:834 in convolutioninputgenerator_dws, inputBuf                           |
| dependence      | variable=current_block_write intra false          | ../../../../../../../deps/finn-hlslib/slidingwindow.h:844 in convolutioninputgenerator_dws, current_block_write                |
| array_partition | variable=inputBuf complete dim=1                  | ../../../../../../../deps/finn-hlslib/slidingwindow.h:903 in convolutioninputgenerator_kernel_stride_dws, inputBuf             |
| dependence      | variable=inputBuf inter false                     | ../../../../../../../deps/finn-hlslib/slidingwindow.h:904 in convolutioninputgenerator_kernel_stride_dws, inputBuf             |
| dependence      | variable=inputBuf intra false                     | ../../../../../../../deps/finn-hlslib/slidingwindow.h:905 in convolutioninputgenerator_kernel_stride_dws, inputBuf             |
| pipeline        | style=flp II=1                                    | ../../../../../../../deps/finn-hlslib/slidingwindow.h:915 in convolutioninputgenerator_kernel_stride_dws                       |
| dependence      | variable=current_block_write intra false          | ../../../../../../../deps/finn-hlslib/slidingwindow.h:917 in convolutioninputgenerator_kernel_stride_dws, current_block_write  |
| dependence      | variable=inputBuf inter false                     | ../../../../../../../deps/finn-hlslib/slidingwindow.h:983 in convolutioninputgenerator_kernel_stride_dws, inputBuf             |
| dependence      | variable=inputBuf intra false                     | ../../../../../../../deps/finn-hlslib/slidingwindow.h:984 in convolutioninputgenerator_kernel_stride_dws, inputBuf             |
| dependence      | variable=current_block_write intra false          | ../../../../../../../deps/finn-hlslib/slidingwindow.h:993 in convolutioninputgenerator_kernel_stride_dws, current_block_write  |
| dependence      | variable=inputBuf inter false                     | ../../../../../../../deps/finn-hlslib/slidingwindow.h:1048 in convolutioninputgenerator_dws_mmv, inputBuf                      |
| dependence      | variable=inputBuf intra false                     | ../../../../../../../deps/finn-hlslib/slidingwindow.h:1049 in convolutioninputgenerator_dws_mmv, inputBuf                      |
| array_partition | variable=inputBuf complete dim=1                  | ../../../../../../../deps/finn-hlslib/slidingwindow.h:1050 in convolutioninputgenerator_dws_mmv, inputBuf                      |
| array_partition | variable=inputBuf complete dim=2                  | ../../../../../../../deps/finn-hlslib/slidingwindow.h:1051 in convolutioninputgenerator_dws_mmv, inputBuf                      |
| pipeline        | style=flp II=1                                    | ../../../../../../../deps/finn-hlslib/slidingwindow.h:1066 in convolutioninputgenerator_dws_mmv                                |
| unroll          |                                                   | ../../../../../../../deps/finn-hlslib/slidingwindow.h:1073 in convolutioninputgenerator_dws_mmv                                |
| unroll          |                                                   | ../../../../../../../deps/finn-hlslib/slidingwindow.h:1099 in convolutioninputgenerator_dws_mmv                                |
| unroll          |                                                   | ../../../../../../../deps/finn-hlslib/slidingwindow.h:1132 in convolutioninputgenerator_dws_mmv                                |
| dependence      | variable=inputBuf intra false                     | ../../../../../../../deps/finn-hlslib/slidingwindow.h:1134 in convolutioninputgenerator_dws_mmv, inputBuf                      |
| dependence      | variable=inputBuf inter false                     | ../../../../../../../deps/finn-hlslib/slidingwindow.h:1135 in convolutioninputgenerator_dws_mmv, inputBuf                      |
| dependence      | variable=current_block_write intra false          | ../../../../../../../deps/finn-hlslib/slidingwindow.h:1146 in convolutioninputgenerator_dws_mmv, current_block_write           |
| performance     | target_ti=IFMDim*IFMDim*IFMChannels/SIMD          | ../../../../../../../deps/finn-hlslib/slidingwindow.h:1191 in convolutioninputgenerator_2d_kernel1                             |
| pipeline        | style=flp II=IFMChannels/SIMD                     | ../../../../../../../deps/finn-hlslib/slidingwindow.h:1198 in convolutioninputgenerator_2d_kernel1                             |
| pipeline        | style=flp II=1                                    | ../../../../../../../deps/finn-hlslib/slidingwindow.h:1245 in convolutioninputgenerator_1d_kernel1                             |
| array_partition | variable=inputBuf complete dim=1                  | ../../../../../../../deps/finn-hlslib/slidingwindow.h:1300 in convolutioninputgenerator_nonsquare, inputBuf                    |
| pipeline        | style=flp II=1                                    | ../../../../../../../deps/finn-hlslib/slidingwindow.h:1315 in convolutioninputgenerator_nonsquare                              |
| dependence      | variable=inputBuf intra false                     | ../../../../../../../deps/finn-hlslib/slidingwindow.h:1366 in convolutioninputgenerator_nonsquare, inputBuf                    |
| dependence      | variable=inputBuf inter false                     | ../../../../../../../deps/finn-hlslib/slidingwindow.h:1367 in convolutioninputgenerator_nonsquare, inputBuf                    |
| dependence      | variable=current_block_write intra false          | ../../../../../../../deps/finn-hlslib/slidingwindow.h:1377 in convolutioninputgenerator_nonsquare, current_block_write         |
| array_partition | variable=inputBuf complete dim=1                  | ../../../../../../../deps/finn-hlslib/slidingwindow.h:1434 in convolutioninputgenerator_nonsquare_dws, inputBuf                |
| pipeline        | style=flp II=1                                    | ../../../../../../../deps/finn-hlslib/slidingwindow.h:1449 in convolutioninputgenerator_nonsquare_dws                          |
| dependence      | variable=inputBuf intra false                     | ../../../../../../../deps/finn-hlslib/slidingwindow.h:1500 in convolutioninputgenerator_nonsquare_dws, inputBuf                |
| dependence      | variable=inputBuf inter false                     | ../../../../../../../deps/finn-hlslib/slidingwindow.h:1501 in convolutioninputgenerator_nonsquare_dws, inputBuf                |
| dependence      | variable=current_block_write intra false          | ../../../../../../../deps/finn-hlslib/slidingwindow.h:1511 in convolutioninputgenerator_nonsquare_dws, current_block_write     |
| array_partition | variable=inputBuf complete dim=1                  | ../../../../../../../deps/finn-hlslib/slidingwindow.h:1575 in convolutioninputgenerator_nonsquare_dilated, inputBuf            |
| pipeline        | style=flp II=1                                    | ../../../../../../../deps/finn-hlslib/slidingwindow.h:1590 in convolutioninputgenerator_nonsquare_dilated                      |
| dependence      | variable=inputBuf intra false                     | ../../../../../../../deps/finn-hlslib/slidingwindow.h:1642 in convolutioninputgenerator_nonsquare_dilated, inputBuf            |
| dependence      | variable=inputBuf inter false                     | ../../../../../../../deps/finn-hlslib/slidingwindow.h:1643 in convolutioninputgenerator_nonsquare_dilated, inputBuf            |
| dependence      | variable=current_block_write intra false          | ../../../../../../../deps/finn-hlslib/slidingwindow.h:1653 in convolutioninputgenerator_nonsquare_dilated, current_block_write |
| array_partition | variable=inputBuf complete                        | ../../../../../../../deps/finn-hlslib/slidingwindow.h:1710 in convolutioninputgenerator_1d_parallel, inputBuf                  |
| pipeline        | style=flp II=1                                    | ../../../../../../../deps/finn-hlslib/slidingwindow.h:1718 in convolutioninputgenerator_1d_parallel                            |
| unroll          |                                                   | ../../../../../../../deps/finn-hlslib/slidingwindow.h:1739 in convolutioninputgenerator_1d_parallel                            |
| dependence      | variable=inputBuf intra false                     | ../../../../../../../deps/finn-hlslib/slidingwindow.h:1760 in convolutioninputgenerator_1d_parallel, inputBuf                  |
| dependence      | variable=inputBuf inter false                     | ../../../../../../../deps/finn-hlslib/slidingwindow.h:1761 in convolutioninputgenerator_1d_parallel, inputBuf                  |
| dependence      | variable=current_block_write intra false          | ../../../../../../../deps/finn-hlslib/slidingwindow.h:1768 in convolutioninputgenerator_1d_parallel, current_block_write       |
| pipeline        | style=flp II=1                                    | ../../../../../../../deps/finn-hlslib/slidingwindow.h:1824 in convolutioninputgenerator_1d_dws_naive                           |
| pipeline        | style=flp II=1                                    | ../../../../../../../deps/finn-hlslib/slidingwindow.h:1908 in convolutioninputgenerator_1d                                     |
| pipeline        | style=flp II=1                                    | ../../../../../../../deps/finn-hlslib/slidingwindow.h:1984 in convolutioninputgenerator_1d_dws                                 |
| pipeline        | style=flp II=1                                    | ../../../../../../../deps/finn-hlslib/slidingwindow.h:2063 in convolutioninputgenerator_1d_dws_stride                          |
| pipeline        | style=flp II=1                                    | ../../../../../../../deps/finn-hlslib/streamtools.h:77 in streamlimiter                                                        |
| pipeline        | style=flp II=1                                    | ../../../../../../../deps/finn-hlslib/streamtools.h:160 in sameresize                                                          |
| pipeline        | style=flp II=1                                    | ../../../../../../../deps/finn-hlslib/streamtools.h:234 in streamingcast                                                       |
| pipeline        | style=flp II=1                                    | ../../../../../../../deps/finn-hlslib/streamtools.h:280 in fmpadding_nonsquare                                                 |
| inline          |                                                   | ../../../../../../../deps/finn-hlslib/streamtools.h:374 in fmpadding                                                           |
| pipeline        | II=1 style=flp                                    | ../../../../../../../deps/finn-hlslib/streamtools.h:457 in fmpadding_pixel_nonsquare                                           |
| pipeline        | style=flp II=1                                    | ../../../../../../../deps/finn-hlslib/streamtools.h:527 in streamingdatawidthconverter_batch                                   |
| pipeline        | style=flp II=1                                    | ../../../../../../../deps/finn-hlslib/streamtools.h:547 in streamingdatawidthconverter_batch                                   |
| pipeline        | style=flp II=1                                    | ../../../../../../../deps/finn-hlslib/streamtools.h:558 in streamingdatawidthconverter_batch                                   |
| pipeline        | style=flp II=1                                    | ../../../../../../../deps/finn-hlslib/streamtools.h:667 in duplicatestreams                                                    |
| pipeline        | style=flp II=1                                    | ../../../../../../../deps/finn-hlslib/streamtools.h:725 in addstreams                                                          |
| unroll          |                                                   | ../../../../../../../deps/finn-hlslib/streamtools.h:730 in addstreams                                                          |
| inline          |                                                   | ../../../../../../../deps/finn-hlslib/streamtools.h:799 in addstreamslayer_batch                                               |
| pipeline        | style=flp II=1                                    | ../../../../../../../deps/finn-hlslib/streamtools.h:846 in multichandatawidthconverter_batch                                   |
| unroll          |                                                   | ../../../../../../../deps/finn-hlslib/streamtools.h:853 in multichandatawidthconverter_batch                                   |
| pipeline        | style=flp II=1                                    | ../../../../../../../deps/finn-hlslib/streamtools.h:869 in multichandatawidthconverter_batch                                   |
| unroll          |                                                   | ../../../../../../../deps/finn-hlslib/streamtools.h:875 in multichandatawidthconverter_batch                                   |
| pipeline        | style=flp II=1                                    | ../../../../../../../deps/finn-hlslib/streamtools.h:887 in multichandatawidthconverter_batch                                   |
| unroll          |                                                   | ../../../../../../../deps/finn-hlslib/streamtools.h:891 in multichandatawidthconverter_batch                                   |
| pipeline        | style=flp II=1                                    | ../../../../../../../deps/finn-hlslib/streamtools.h:927 in flattenmultichandata                                                |
| unroll          |                                                   | ../../../../../../../deps/finn-hlslib/streamtools.h:931 in flattenmultichandata                                                |
| pipeline        | style=flp II=1                                    | ../../../../../../../deps/finn-hlslib/streamtools.h:958 in packmultichandata                                                   |
| unroll          |                                                   | ../../../../../../../deps/finn-hlslib/streamtools.h:962 in packmultichandata                                                   |
| pipeline        | style=flp II=1                                    | ../../../../../../../deps/finn-hlslib/streamtools.h:1051 in qdma2stream_batch                                                  |
| pipeline        | style=flp II=1                                    | ../../../../../../../deps/finn-hlslib/streamtools.h:1074 in stream2qdma_batch                                                  |
| array_partition | variable=red_ch_index complete dim=0              | ../../../../../../../deps/finn-hlslib/tmrcheck.hpp:82 in tmrcheck, red_ch_index                                                |
| pipeline        | style=flp II=1                                    | ../../../../../../../deps/finn-hlslib/tmrcheck.hpp:91 in tmrcheck                                                              |
| array_partition | variable=numerrors complete dim=0                 | ../../../../../../../deps/finn-hlslib/tmrcheck.hpp:99 in tmrcheck, numerrors                                                   |
| unroll          |                                                   | ../../../../../../../deps/finn-hlslib/tmrcheck.hpp:103 in tmrcheck                                                             |
| array_partition | variable=compute complete dim=0                   | ../../../../../../../deps/finn-hlslib/tmrcheck.hpp:129 in tmrcheck, compute                                                    |
| unroll          |                                                   | ../../../../../../../deps/finn-hlslib/tmrcheck.hpp:132 in tmrcheck                                                             |
| pipeline        | style=flp II=1                                    | ../../../../../../../deps/finn-hlslib/upsample.hpp:86 in upsamplenearestneighbour                                              |
| pipeline        | II=1 style=flp                                    | ../../../../../../../deps/finn-hlslib/upsample.hpp:175 in upsamplenearestneighbour_1d                                          |
| array_partition | variable=accu complete dim=0                      | ../../../../../../../deps/finn-hlslib/vvau.hpp:101 in vector_vector_activate_batch, accu                                       |
| pipeline        | style=flp II=1                                    | ../../../../../../../deps/finn-hlslib/vvau.hpp:110 in vector_vector_activate_batch                                             |
| unroll          |                                                   | ../../../../../../../deps/finn-hlslib/vvau.hpp:117 in vector_vector_activate_batch                                             |
| unroll          |                                                   | ../../../../../../../deps/finn-hlslib/vvau.hpp:126 in vector_vector_activate_batch                                             |
| unroll          |                                                   | ../../../../../../../deps/finn-hlslib/vvau.hpp:147 in vector_vector_activate_batch                                             |
| unroll          |                                                   | ../../../../../../../deps/finn-hlslib/vvau.hpp:149 in vector_vector_activate_batch                                             |
| array_partition | variable=accu complete dim=0                      | ../../../../../../../deps/finn-hlslib/vvau.hpp:216 in vector_vector_activate_stream_batch, accu                                |
| pipeline        | style=flp II=1                                    | ../../../../../../../deps/finn-hlslib/vvau.hpp:226 in vector_vector_activate_stream_batch                                      |
| unroll          |                                                   | ../../../../../../../deps/finn-hlslib/vvau.hpp:233 in vector_vector_activate_stream_batch                                      |
| array_partition | variable=w.m_weights complete dim=0               | ../../../../../../../deps/finn-hlslib/vvau.hpp:242 in vector_vector_activate_stream_batch, w.m_weights                         |
| unroll          |                                                   | ../../../../../../../deps/finn-hlslib/vvau.hpp:244 in vector_vector_activate_stream_batch                                      |
| unroll          |                                                   | ../../../../../../../deps/finn-hlslib/vvau.hpp:249 in vector_vector_activate_stream_batch                                      |
| unroll          |                                                   | ../../../../../../../deps/finn-hlslib/vvau.hpp:270 in vector_vector_activate_stream_batch                                      |
| unroll          |                                                   | ../../../../../../../deps/finn-hlslib/vvau.hpp:272 in vector_vector_activate_stream_batch                                      |
| inline          |                                                   | ../../../../../../../deps/finn-hlslib/weights.hpp:83 in tileindex                                                              |
| inline          |                                                   | ../../../../../../../deps/finn-hlslib/weights.hpp:88 in operator[]                                                             |
| inline          |                                                   | ../../../../../../../deps/finn-hlslib/weights.hpp:95 in weights                                                                |
| inline          |                                                   | ../../../../../../../deps/finn-hlslib/weights.hpp:127 in tileindex                                                             |
| inline          |                                                   | ../../../../../../../deps/finn-hlslib/weights.hpp:132 in operator[]                                                            |
| unroll          |                                                   | ../../../../../../../deps/finn-hlslib/weights.hpp:135 in operator[]                                                            |
| inline          |                                                   | ../../../../../../../deps/finn-hlslib/weights.hpp:145 in weights                                                               |
| inline          |                                                   | ../../../../../../../deps/finn-hlslib/weights.hpp:157 in operator[]                                                            |
| unroll          |                                                   | ../../../../../../../deps/finn-hlslib/weights.hpp:160 in operator[]                                                            |
| interface       | axis port=in0_V                                   | top_MVAU_hls_1.cpp:27 in mvau_hls_1, in0_V                                                                                     |
| interface       | axis port=out0_V                                  | top_MVAU_hls_1.cpp:28 in mvau_hls_1, out0_V                                                                                    |
| interface       | ap_ctrl_none port=return                          | top_MVAU_hls_1.cpp:29 in mvau_hls_1, return                                                                                    |
| array_partition | variable=weights.m_weights complete dim=1         | top_MVAU_hls_1.cpp:31 in mvau_hls_1, weights.m_weights                                                                         |
| array_partition | variable=threshs.m_thresholds complete dim=1      | top_MVAU_hls_1.cpp:32 in mvau_hls_1, threshs.m_thresholds                                                                      |
| array_partition | variable=threshs.m_thresholds complete dim=3      | top_MVAU_hls_1.cpp:33 in mvau_hls_1, threshs.m_thresholds                                                                      |
+-----------------+---------------------------------------------------+--------------------------------------------------------------------------------------------------------------------------------+


