

================================================================
== Vitis HLS Report for 'Matrix_Vector_Activate_Batch'
================================================================
* Date:           Sun Jun 22 17:19:38 2025

* Version:        2022.2 (Build 3670227 on Oct 13 2022)
* Project:        project_MVAU_hls_0
* Solution:       sol1 (Vivado IP Flow Target)
* Product family: zynquplus
* Target device:  xczu7ev-ffvc1156-2-e


================================================================
== Performance Estimates
================================================================
+ Timing: 
    * Summary: 
    +--------+----------+----------+------------+
    |  Clock |  Target  | Estimated| Uncertainty|
    +--------+----------+----------+------------+
    |ap_clk  |  10.00 ns|  5.254 ns|     2.70 ns|
    +--------+----------+----------+------------+

+ Latency: 
    * Summary: 
    +---------+---------+----------+----------+-----+-----+---------+
    |  Latency (cycles) |  Latency (absolute) |  Interval | Pipeline|
    |   min   |   max   |    min   |    max   | min | max |   Type  |
    +---------+---------+----------+----------+-----+-----+---------+
    |      786|      786|  7.860 us|  7.860 us|  786|  786|       no|
    +---------+---------+----------+----------+-----+-----+---------+

    + Detail: 
        * Instance: 
        N/A

        * Loop: 
        +--------------------+---------+---------+----------+-----------+-----------+------+----------+
        |                    |  Latency (cycles) | Iteration|  Initiation Interval  | Trip |          |
        |      Loop Name     |   min   |   max   |  Latency |  achieved |   target  | Count| Pipelined|
        +--------------------+---------+---------+----------+-----------+-----------+------+----------+
        |- VITIS_LOOP_123_1  |      784|      784|         2|          1|          1|   784|  yes(flp)|
        +--------------------+---------+---------+----------+-----------+-----------+------+----------+

============================================================
+ Verbose Summary: Synthesis Manager
============================================================
InlineROM: 1
ExposeGlobal: 0
============================================================
+ Verbose Summary: CDFG Model
============================================================
IsTopModel: 0
ResetActiveHigh: 1
IsCombinational: 0
IsDatapathOnly: 0
HasWiredReturn: 1
HasMFsm: 1
HasVarLatency: 1
IsPipeline: 0
IsRtlPipelined: 0
IsInstanceOverlapped: 0
IsDontTouch: 0
HasImplIP: 0
IsGatedGlobalClock: 0

+ Individual pipeline summary: 
  * Pipeline-0: initiation interval (II) = 1, depth = 2


============================================================
+ Verbose Summary: Schedule
============================================================
* Number of FSM states : 2
* Pipeline : 1
  Pipeline-0 : II = 1, D = 2, States = { 1 2 }
* Dataflow Pipeline: 0

* FSM state transitions: 
1 --> 2 
2 --> 

* FSM state operations: 

State 1 <SV = 0> <Delay = 5.25>
ST_1 : Operation 5 [1/1] (0.00ns)   --->   "%i = alloca i32 1"   --->   Operation 5 'alloca' 'i' <Predicate = true> <Delay = 0.00>
ST_1 : Operation 6 [1/1] (0.00ns)   --->   "%specinterface_ln0 = specinterface void @_ssdm_op_SpecInterface, i8 %out0_V, void @empty, i32 0, i32 0, void @empty_0, i32 0, i32 0, void @empty_1, void @empty_1, void @empty_1, i32 0, i32 0, i32 0, i32 0, void @empty_1, void @empty_1, i32 4294967295, i32 0"   --->   Operation 6 'specinterface' 'specinterface_ln0' <Predicate = true> <Delay = 0.00>
ST_1 : Operation 7 [1/1] (0.00ns)   --->   "%specinterface_ln0 = specinterface void @_ssdm_op_SpecInterface, i200 %in0_V, void @empty, i32 0, i32 0, void @empty_0, i32 0, i32 0, void @empty_1, void @empty_1, void @empty_1, i32 0, i32 0, i32 0, i32 0, void @empty_1, void @empty_1, i32 4294967295, i32 0"   --->   Operation 7 'specinterface' 'specinterface_ln0' <Predicate = true> <Delay = 0.00>
ST_1 : Operation 8 [1/1] (0.42ns)   --->   "%store_ln123 = store i10 0, i10 %i" [/home/changhong/prj/finn/deps/finn-hlslib/mvau.hpp:123]   --->   Operation 8 'store' 'store_ln123' <Predicate = true> <Delay = 0.42>
ST_1 : Operation 9 [1/1] (0.00ns)   --->   "%br_ln123 = br void %if.end" [/home/changhong/prj/finn/deps/finn-hlslib/mvau.hpp:123]   --->   Operation 9 'br' 'br_ln123' <Predicate = true> <Delay = 0.00>
ST_1 : Operation 10 [1/1] (0.00ns)   --->   "%i_1 = load i10 %i" [/home/changhong/prj/finn/deps/finn-hlslib/mvau.hpp:123]   --->   Operation 10 'load' 'i_1' <Predicate = true> <Delay = 0.00>
ST_1 : Operation 11 [1/1] (0.91ns)   --->   "%icmp_ln123 = icmp_eq  i10 %i_1, i10 784" [/home/changhong/prj/finn/deps/finn-hlslib/mvau.hpp:123]   --->   Operation 11 'icmp' 'icmp_ln123' <Predicate = true> <Delay = 0.91> <CoreInst = "Cmp">   --->   Core 9 'Cmp' <Latency = 0> <II = 1> <Delay = 0.91> <FuncUnit> <Opcode : 'icmp'> <InPorts = 2> <OutPorts = 1>
ST_1 : Operation 12 [1/1] (0.00ns)   --->   "%empty = speclooptripcount i32 @_ssdm_op_SpecLoopTripCount, i64 784, i64 784, i64 784"   --->   Operation 12 'speclooptripcount' 'empty' <Predicate = true> <Delay = 0.00>
ST_1 : Operation 13 [1/1] (0.78ns)   --->   "%i_2 = add i10 %i_1, i10 1" [/home/changhong/prj/finn/deps/finn-hlslib/mvau.hpp:123]   --->   Operation 13 'add' 'i_2' <Predicate = true> <Delay = 0.78> <CoreInst = "Adder">   --->   Core 1 'Adder' <Latency = 0> <II = 1> <Delay = 0.78> <FuncUnit> <Opcode : 'add' 'sub'> <InPorts = 2> <OutPorts = 1>
ST_1 : Operation 14 [1/1] (0.00ns)   --->   "%br_ln123 = br i1 %icmp_ln123, void %if.end.split, void %for.cond.cleanup" [/home/changhong/prj/finn/deps/finn-hlslib/mvau.hpp:123]   --->   Operation 14 'br' 'br_ln123' <Predicate = true> <Delay = 0.00>
ST_1 : Operation 15 [1/1] (0.00ns)   --->   "%inElem = read i200 @_ssdm_op_Read.axis.volatile.i200P128A, i200 %in0_V" [/home/changhong/prj/finn/deps/finn-hlslib/mvau.hpp:128]   --->   Operation 15 'read' 'inElem' <Predicate = (!icmp_ln123)> <Delay = 0.00> <CoreInst = "axis">   --->   Core 123 'axis' <Latency = 0> <II = 1> <Delay = 1.00> <Adapter> <Opcode : >
ST_1 : Operation 16 [1/1] (0.00ns)   --->   "%r_V = trunc i200 %inElem"   --->   Operation 16 'trunc' 'r_V' <Predicate = (!icmp_ln123)> <Delay = 0.00>
ST_1 : Operation 17 [1/1] (0.00ns)   --->   "%sext_ln1494 = sext i8 %r_V"   --->   Operation 17 'sext' 'sext_ln1494' <Predicate = (!icmp_ln123)> <Delay = 0.00>
ST_1 : Operation 18 [1/1] (0.76ns)   --->   "%ret_V = sub i9 0, i9 %sext_ln1494"   --->   Operation 18 'sub' 'ret_V' <Predicate = (!icmp_ln123)> <Delay = 0.76> <CoreInst = "Adder">   --->   Core 1 'Adder' <Latency = 0> <II = 1> <Delay = 0.76> <FuncUnit> <Opcode : 'add' 'sub'> <InPorts = 2> <OutPorts = 1>
ST_1 : Operation 19 [1/1] (0.00ns)   --->   "%r_V_1 = partselect i8 @_ssdm_op_PartSelect.i8.i200.i32.i32, i200 %inElem, i32 8, i32 15"   --->   Operation 19 'partselect' 'r_V_1' <Predicate = (!icmp_ln123)> <Delay = 0.00>
ST_1 : Operation 20 [1/1] (0.00ns)   --->   "%sext_ln628 = sext i8 %r_V_1"   --->   Operation 20 'sext' 'sext_ln628' <Predicate = (!icmp_ln123)> <Delay = 0.00>
ST_1 : Operation 21 [1/1] (0.00ns)   --->   "%sext_ln628_1 = sext i8 %r_V_1"   --->   Operation 21 'sext' 'sext_ln628_1' <Predicate = (!icmp_ln123)> <Delay = 0.00>
ST_1 : Operation 22 [1/1] (0.00ns)   --->   "%r_V_2 = partselect i8 @_ssdm_op_PartSelect.i8.i200.i32.i32, i200 %inElem, i32 16, i32 23"   --->   Operation 22 'partselect' 'r_V_2' <Predicate = (!icmp_ln123)> <Delay = 0.00>
ST_1 : Operation 23 [1/1] (0.00ns)   --->   "%sext_ln840 = sext i8 %r_V_2"   --->   Operation 23 'sext' 'sext_ln840' <Predicate = (!icmp_ln123)> <Delay = 0.00>
ST_1 : Operation 24 [1/1] (0.00ns)   --->   "%sext_ln628_2 = sext i8 %r_V_2"   --->   Operation 24 'sext' 'sext_ln628_2' <Predicate = (!icmp_ln123)> <Delay = 0.00>
ST_1 : Operation 25 [1/1] (0.00ns)   --->   "%r_V_3 = partselect i8 @_ssdm_op_PartSelect.i8.i200.i32.i32, i200 %inElem, i32 24, i32 31"   --->   Operation 25 'partselect' 'r_V_3' <Predicate = (!icmp_ln123)> <Delay = 0.00>
ST_1 : Operation 26 [1/1] (0.00ns)   --->   "%sext_ln840_1 = sext i8 %r_V_3"   --->   Operation 26 'sext' 'sext_ln840_1' <Predicate = (!icmp_ln123)> <Delay = 0.00>
ST_1 : Operation 27 [1/1] (0.00ns)   --->   "%r_V_4 = partselect i8 @_ssdm_op_PartSelect.i8.i200.i32.i32, i200 %inElem, i32 32, i32 39"   --->   Operation 27 'partselect' 'r_V_4' <Predicate = (!icmp_ln123)> <Delay = 0.00>
ST_1 : Operation 28 [1/1] (0.00ns)   --->   "%sext_ln1494_1 = sext i8 %r_V_4"   --->   Operation 28 'sext' 'sext_ln1494_1' <Predicate = (!icmp_ln123)> <Delay = 0.00>
ST_1 : Operation 29 [1/1] (0.76ns)   --->   "%ret_V_1 = sub i9 0, i9 %sext_ln1494_1"   --->   Operation 29 'sub' 'ret_V_1' <Predicate = (!icmp_ln123)> <Delay = 0.76> <CoreInst = "Adder">   --->   Core 1 'Adder' <Latency = 0> <II = 1> <Delay = 0.76> <FuncUnit> <Opcode : 'add' 'sub'> <InPorts = 2> <OutPorts = 1>
ST_1 : Operation 30 [1/1] (0.00ns)   --->   "%sext_ln628_3 = sext i9 %ret_V_1"   --->   Operation 30 'sext' 'sext_ln628_3' <Predicate = (!icmp_ln123)> <Delay = 0.00>
ST_1 : Operation 31 [1/1] (0.00ns)   --->   "%r_V_5 = partselect i8 @_ssdm_op_PartSelect.i8.i200.i32.i32, i200 %inElem, i32 40, i32 47"   --->   Operation 31 'partselect' 'r_V_5' <Predicate = (!icmp_ln123)> <Delay = 0.00>
ST_1 : Operation 32 [1/1] (0.00ns)   --->   "%sext_ln1494_2 = sext i8 %r_V_5"   --->   Operation 32 'sext' 'sext_ln1494_2' <Predicate = (!icmp_ln123)> <Delay = 0.00>
ST_1 : Operation 33 [1/1] (0.76ns)   --->   "%ret_V_2 = sub i9 0, i9 %sext_ln1494_2"   --->   Operation 33 'sub' 'ret_V_2' <Predicate = (!icmp_ln123)> <Delay = 0.76> <CoreInst = "Adder">   --->   Core 1 'Adder' <Latency = 0> <II = 1> <Delay = 0.76> <FuncUnit> <Opcode : 'add' 'sub'> <InPorts = 2> <OutPorts = 1>
ST_1 : Operation 34 [1/1] (0.00ns)   --->   "%r_V_6 = partselect i8 @_ssdm_op_PartSelect.i8.i200.i32.i32, i200 %inElem, i32 48, i32 55"   --->   Operation 34 'partselect' 'r_V_6' <Predicate = (!icmp_ln123)> <Delay = 0.00>
ST_1 : Operation 35 [1/1] (0.00ns)   --->   "%sext_ln1494_3 = sext i8 %r_V_6"   --->   Operation 35 'sext' 'sext_ln1494_3' <Predicate = (!icmp_ln123)> <Delay = 0.00>
ST_1 : Operation 36 [1/1] (0.76ns)   --->   "%ret_V_3 = sub i9 0, i9 %sext_ln1494_3"   --->   Operation 36 'sub' 'ret_V_3' <Predicate = (!icmp_ln123)> <Delay = 0.76> <CoreInst = "Adder">   --->   Core 1 'Adder' <Latency = 0> <II = 1> <Delay = 0.76> <FuncUnit> <Opcode : 'add' 'sub'> <InPorts = 2> <OutPorts = 1>
ST_1 : Operation 37 [1/1] (0.00ns)   --->   "%sext_ln628_4 = sext i9 %ret_V_3"   --->   Operation 37 'sext' 'sext_ln628_4' <Predicate = (!icmp_ln123)> <Delay = 0.00>
ST_1 : Operation 38 [1/1] (0.00ns)   --->   "%r_V_7 = partselect i8 @_ssdm_op_PartSelect.i8.i200.i32.i32, i200 %inElem, i32 56, i32 63"   --->   Operation 38 'partselect' 'r_V_7' <Predicate = (!icmp_ln123)> <Delay = 0.00>
ST_1 : Operation 39 [1/1] (0.00ns)   --->   "%sext_ln1494_4 = sext i8 %r_V_7"   --->   Operation 39 'sext' 'sext_ln1494_4' <Predicate = (!icmp_ln123)> <Delay = 0.00>
ST_1 : Operation 40 [1/1] (0.76ns)   --->   "%ret_V_4 = sub i9 0, i9 %sext_ln1494_4"   --->   Operation 40 'sub' 'ret_V_4' <Predicate = (!icmp_ln123)> <Delay = 0.76> <CoreInst = "Adder">   --->   Core 1 'Adder' <Latency = 0> <II = 1> <Delay = 0.76> <FuncUnit> <Opcode : 'add' 'sub'> <InPorts = 2> <OutPorts = 1>
ST_1 : Operation 41 [1/1] (0.00ns)   --->   "%sext_ln628_5 = sext i9 %ret_V_4"   --->   Operation 41 'sext' 'sext_ln628_5' <Predicate = (!icmp_ln123)> <Delay = 0.00>
ST_1 : Operation 42 [1/1] (0.00ns)   --->   "%r_V_8 = partselect i8 @_ssdm_op_PartSelect.i8.i200.i32.i32, i200 %inElem, i32 64, i32 71"   --->   Operation 42 'partselect' 'r_V_8' <Predicate = (!icmp_ln123)> <Delay = 0.00>
ST_1 : Operation 43 [1/1] (0.00ns)   --->   "%sext_ln1494_5 = sext i8 %r_V_8"   --->   Operation 43 'sext' 'sext_ln1494_5' <Predicate = (!icmp_ln123)> <Delay = 0.00>
ST_1 : Operation 44 [1/1] (0.76ns)   --->   "%ret_V_5 = sub i9 0, i9 %sext_ln1494_5"   --->   Operation 44 'sub' 'ret_V_5' <Predicate = (!icmp_ln123)> <Delay = 0.76> <CoreInst = "Adder">   --->   Core 1 'Adder' <Latency = 0> <II = 1> <Delay = 0.76> <FuncUnit> <Opcode : 'add' 'sub'> <InPorts = 2> <OutPorts = 1>
ST_1 : Operation 45 [1/1] (0.00ns)   --->   "%sext_ln628_6 = sext i9 %ret_V_5"   --->   Operation 45 'sext' 'sext_ln628_6' <Predicate = (!icmp_ln123)> <Delay = 0.00>
ST_1 : Operation 46 [1/1] (0.00ns)   --->   "%r_V_9 = partselect i8 @_ssdm_op_PartSelect.i8.i200.i32.i32, i200 %inElem, i32 72, i32 79"   --->   Operation 46 'partselect' 'r_V_9' <Predicate = (!icmp_ln123)> <Delay = 0.00>
ST_1 : Operation 47 [1/1] (0.00ns)   --->   "%sext_ln1494_6 = sext i8 %r_V_9"   --->   Operation 47 'sext' 'sext_ln1494_6' <Predicate = (!icmp_ln123)> <Delay = 0.00>
ST_1 : Operation 48 [1/1] (0.76ns)   --->   "%ret_V_6 = sub i9 0, i9 %sext_ln1494_6"   --->   Operation 48 'sub' 'ret_V_6' <Predicate = (!icmp_ln123)> <Delay = 0.76> <CoreInst = "Adder">   --->   Core 1 'Adder' <Latency = 0> <II = 1> <Delay = 0.76> <FuncUnit> <Opcode : 'add' 'sub'> <InPorts = 2> <OutPorts = 1>
ST_1 : Operation 49 [1/1] (0.00ns)   --->   "%sext_ln628_7 = sext i9 %ret_V_6"   --->   Operation 49 'sext' 'sext_ln628_7' <Predicate = (!icmp_ln123)> <Delay = 0.00>
ST_1 : Operation 50 [1/1] (0.00ns)   --->   "%r_V_10 = partselect i8 @_ssdm_op_PartSelect.i8.i200.i32.i32, i200 %inElem, i32 80, i32 87"   --->   Operation 50 'partselect' 'r_V_10' <Predicate = (!icmp_ln123)> <Delay = 0.00>
ST_1 : Operation 51 [1/1] (0.00ns)   --->   "%sext_ln1494_7 = sext i8 %r_V_10"   --->   Operation 51 'sext' 'sext_ln1494_7' <Predicate = (!icmp_ln123)> <Delay = 0.00>
ST_1 : Operation 52 [1/1] (0.76ns)   --->   "%ret_V_7 = sub i9 0, i9 %sext_ln1494_7"   --->   Operation 52 'sub' 'ret_V_7' <Predicate = (!icmp_ln123)> <Delay = 0.76> <CoreInst = "Adder">   --->   Core 1 'Adder' <Latency = 0> <II = 1> <Delay = 0.76> <FuncUnit> <Opcode : 'add' 'sub'> <InPorts = 2> <OutPorts = 1>
ST_1 : Operation 53 [1/1] (0.00ns)   --->   "%sext_ln628_8 = sext i9 %ret_V_7"   --->   Operation 53 'sext' 'sext_ln628_8' <Predicate = (!icmp_ln123)> <Delay = 0.00>
ST_1 : Operation 54 [1/1] (0.00ns)   --->   "%r_V_11 = partselect i8 @_ssdm_op_PartSelect.i8.i200.i32.i32, i200 %inElem, i32 88, i32 95"   --->   Operation 54 'partselect' 'r_V_11' <Predicate = (!icmp_ln123)> <Delay = 0.00>
ST_1 : Operation 55 [1/1] (0.00ns)   --->   "%sext_ln1494_8 = sext i8 %r_V_11"   --->   Operation 55 'sext' 'sext_ln1494_8' <Predicate = (!icmp_ln123)> <Delay = 0.00>
ST_1 : Operation 56 [1/1] (0.76ns)   --->   "%ret_V_8 = sub i9 0, i9 %sext_ln1494_8"   --->   Operation 56 'sub' 'ret_V_8' <Predicate = (!icmp_ln123)> <Delay = 0.76> <CoreInst = "Adder">   --->   Core 1 'Adder' <Latency = 0> <II = 1> <Delay = 0.76> <FuncUnit> <Opcode : 'add' 'sub'> <InPorts = 2> <OutPorts = 1>
ST_1 : Operation 57 [1/1] (0.00ns)   --->   "%sext_ln628_9 = sext i9 %ret_V_8"   --->   Operation 57 'sext' 'sext_ln628_9' <Predicate = (!icmp_ln123)> <Delay = 0.00>
ST_1 : Operation 58 [1/1] (0.00ns)   --->   "%r_V_12 = partselect i8 @_ssdm_op_PartSelect.i8.i200.i32.i32, i200 %inElem, i32 96, i32 103"   --->   Operation 58 'partselect' 'r_V_12' <Predicate = (!icmp_ln123)> <Delay = 0.00>
ST_1 : Operation 59 [1/1] (0.00ns)   --->   "%sext_ln1494_9 = sext i8 %r_V_12"   --->   Operation 59 'sext' 'sext_ln1494_9' <Predicate = (!icmp_ln123)> <Delay = 0.00>
ST_1 : Operation 60 [1/1] (0.76ns)   --->   "%ret_V_9 = sub i9 0, i9 %sext_ln1494_9"   --->   Operation 60 'sub' 'ret_V_9' <Predicate = (!icmp_ln123)> <Delay = 0.76> <CoreInst = "Adder">   --->   Core 1 'Adder' <Latency = 0> <II = 1> <Delay = 0.76> <FuncUnit> <Opcode : 'add' 'sub'> <InPorts = 2> <OutPorts = 1>
ST_1 : Operation 61 [1/1] (0.00ns)   --->   "%sext_ln628_10 = sext i9 %ret_V_9"   --->   Operation 61 'sext' 'sext_ln628_10' <Predicate = (!icmp_ln123)> <Delay = 0.00>
ST_1 : Operation 62 [1/1] (0.00ns)   --->   "%r_V_13 = partselect i8 @_ssdm_op_PartSelect.i8.i200.i32.i32, i200 %inElem, i32 104, i32 111"   --->   Operation 62 'partselect' 'r_V_13' <Predicate = (!icmp_ln123)> <Delay = 0.00>
ST_1 : Operation 63 [1/1] (0.00ns)   --->   "%sext_ln1494_10 = sext i8 %r_V_13"   --->   Operation 63 'sext' 'sext_ln1494_10' <Predicate = (!icmp_ln123)> <Delay = 0.00>
ST_1 : Operation 64 [1/1] (0.76ns)   --->   "%ret_V_10 = sub i9 0, i9 %sext_ln1494_10"   --->   Operation 64 'sub' 'ret_V_10' <Predicate = (!icmp_ln123)> <Delay = 0.76> <CoreInst = "Adder">   --->   Core 1 'Adder' <Latency = 0> <II = 1> <Delay = 0.76> <FuncUnit> <Opcode : 'add' 'sub'> <InPorts = 2> <OutPorts = 1>
ST_1 : Operation 65 [1/1] (0.00ns)   --->   "%sext_ln628_11 = sext i9 %ret_V_10"   --->   Operation 65 'sext' 'sext_ln628_11' <Predicate = (!icmp_ln123)> <Delay = 0.00>
ST_1 : Operation 66 [1/1] (0.00ns)   --->   "%r_V_14 = partselect i8 @_ssdm_op_PartSelect.i8.i200.i32.i32, i200 %inElem, i32 112, i32 119"   --->   Operation 66 'partselect' 'r_V_14' <Predicate = (!icmp_ln123)> <Delay = 0.00>
ST_1 : Operation 67 [1/1] (0.00ns)   --->   "%sext_ln1494_11 = sext i8 %r_V_14"   --->   Operation 67 'sext' 'sext_ln1494_11' <Predicate = (!icmp_ln123)> <Delay = 0.00>
ST_1 : Operation 68 [1/1] (0.76ns)   --->   "%ret_V_11 = sub i9 0, i9 %sext_ln1494_11"   --->   Operation 68 'sub' 'ret_V_11' <Predicate = (!icmp_ln123)> <Delay = 0.76> <CoreInst = "Adder">   --->   Core 1 'Adder' <Latency = 0> <II = 1> <Delay = 0.76> <FuncUnit> <Opcode : 'add' 'sub'> <InPorts = 2> <OutPorts = 1>
ST_1 : Operation 69 [1/1] (0.00ns)   --->   "%sext_ln628_12 = sext i9 %ret_V_11"   --->   Operation 69 'sext' 'sext_ln628_12' <Predicate = (!icmp_ln123)> <Delay = 0.00>
ST_1 : Operation 70 [1/1] (0.00ns)   --->   "%r_V_15 = partselect i8 @_ssdm_op_PartSelect.i8.i200.i32.i32, i200 %inElem, i32 120, i32 127"   --->   Operation 70 'partselect' 'r_V_15' <Predicate = (!icmp_ln123)> <Delay = 0.00>
ST_1 : Operation 71 [1/1] (0.00ns)   --->   "%sext_ln1494_12 = sext i8 %r_V_15"   --->   Operation 71 'sext' 'sext_ln1494_12' <Predicate = (!icmp_ln123)> <Delay = 0.00>
ST_1 : Operation 72 [1/1] (0.76ns)   --->   "%ret_V_12 = sub i9 0, i9 %sext_ln1494_12"   --->   Operation 72 'sub' 'ret_V_12' <Predicate = (!icmp_ln123)> <Delay = 0.76> <CoreInst = "Adder">   --->   Core 1 'Adder' <Latency = 0> <II = 1> <Delay = 0.76> <FuncUnit> <Opcode : 'add' 'sub'> <InPorts = 2> <OutPorts = 1>
ST_1 : Operation 73 [1/1] (0.00ns)   --->   "%sext_ln628_13 = sext i9 %ret_V_12"   --->   Operation 73 'sext' 'sext_ln628_13' <Predicate = (!icmp_ln123)> <Delay = 0.00>
ST_1 : Operation 74 [1/1] (0.00ns)   --->   "%r_V_16 = partselect i8 @_ssdm_op_PartSelect.i8.i200.i32.i32, i200 %inElem, i32 128, i32 135"   --->   Operation 74 'partselect' 'r_V_16' <Predicate = (!icmp_ln123)> <Delay = 0.00>
ST_1 : Operation 75 [1/1] (0.00ns)   --->   "%sext_ln1494_13 = sext i8 %r_V_16"   --->   Operation 75 'sext' 'sext_ln1494_13' <Predicate = (!icmp_ln123)> <Delay = 0.00>
ST_1 : Operation 76 [1/1] (0.76ns)   --->   "%ret_V_13 = sub i9 0, i9 %sext_ln1494_13"   --->   Operation 76 'sub' 'ret_V_13' <Predicate = (!icmp_ln123)> <Delay = 0.76> <CoreInst = "Adder">   --->   Core 1 'Adder' <Latency = 0> <II = 1> <Delay = 0.76> <FuncUnit> <Opcode : 'add' 'sub'> <InPorts = 2> <OutPorts = 1>
ST_1 : Operation 77 [1/1] (0.00ns)   --->   "%sext_ln628_14 = sext i9 %ret_V_13"   --->   Operation 77 'sext' 'sext_ln628_14' <Predicate = (!icmp_ln123)> <Delay = 0.00>
ST_1 : Operation 78 [1/1] (0.00ns)   --->   "%r_V_17 = partselect i8 @_ssdm_op_PartSelect.i8.i200.i32.i32, i200 %inElem, i32 136, i32 143"   --->   Operation 78 'partselect' 'r_V_17' <Predicate = (!icmp_ln123)> <Delay = 0.00>
ST_1 : Operation 79 [1/1] (0.00ns)   --->   "%sext_ln1494_14 = sext i8 %r_V_17"   --->   Operation 79 'sext' 'sext_ln1494_14' <Predicate = (!icmp_ln123)> <Delay = 0.00>
ST_1 : Operation 80 [1/1] (0.76ns)   --->   "%ret_V_14 = sub i9 0, i9 %sext_ln1494_14"   --->   Operation 80 'sub' 'ret_V_14' <Predicate = (!icmp_ln123)> <Delay = 0.76> <CoreInst = "Adder">   --->   Core 1 'Adder' <Latency = 0> <II = 1> <Delay = 0.76> <FuncUnit> <Opcode : 'add' 'sub'> <InPorts = 2> <OutPorts = 1>
ST_1 : Operation 81 [1/1] (0.00ns)   --->   "%sext_ln628_15 = sext i9 %ret_V_14"   --->   Operation 81 'sext' 'sext_ln628_15' <Predicate = (!icmp_ln123)> <Delay = 0.00>
ST_1 : Operation 82 [1/1] (0.00ns)   --->   "%r_V_18 = partselect i8 @_ssdm_op_PartSelect.i8.i200.i32.i32, i200 %inElem, i32 144, i32 151"   --->   Operation 82 'partselect' 'r_V_18' <Predicate = (!icmp_ln123)> <Delay = 0.00>
ST_1 : Operation 83 [1/1] (0.00ns)   --->   "%sext_ln1494_15 = sext i8 %r_V_18"   --->   Operation 83 'sext' 'sext_ln1494_15' <Predicate = (!icmp_ln123)> <Delay = 0.00>
ST_1 : Operation 84 [1/1] (0.76ns)   --->   "%ret_V_15 = sub i9 0, i9 %sext_ln1494_15"   --->   Operation 84 'sub' 'ret_V_15' <Predicate = (!icmp_ln123)> <Delay = 0.76> <CoreInst = "Adder">   --->   Core 1 'Adder' <Latency = 0> <II = 1> <Delay = 0.76> <FuncUnit> <Opcode : 'add' 'sub'> <InPorts = 2> <OutPorts = 1>
ST_1 : Operation 85 [1/1] (0.00ns)   --->   "%sext_ln628_16 = sext i9 %ret_V_15"   --->   Operation 85 'sext' 'sext_ln628_16' <Predicate = (!icmp_ln123)> <Delay = 0.00>
ST_1 : Operation 86 [1/1] (0.00ns)   --->   "%r_V_19 = partselect i8 @_ssdm_op_PartSelect.i8.i200.i32.i32, i200 %inElem, i32 152, i32 159"   --->   Operation 86 'partselect' 'r_V_19' <Predicate = (!icmp_ln123)> <Delay = 0.00>
ST_1 : Operation 87 [1/1] (0.00ns)   --->   "%sext_ln1494_16 = sext i8 %r_V_19"   --->   Operation 87 'sext' 'sext_ln1494_16' <Predicate = (!icmp_ln123)> <Delay = 0.00>
ST_1 : Operation 88 [1/1] (0.76ns)   --->   "%ret_V_16 = sub i9 0, i9 %sext_ln1494_16"   --->   Operation 88 'sub' 'ret_V_16' <Predicate = (!icmp_ln123)> <Delay = 0.76> <CoreInst = "Adder">   --->   Core 1 'Adder' <Latency = 0> <II = 1> <Delay = 0.76> <FuncUnit> <Opcode : 'add' 'sub'> <InPorts = 2> <OutPorts = 1>
ST_1 : Operation 89 [1/1] (0.00ns)   --->   "%r_V_20 = partselect i8 @_ssdm_op_PartSelect.i8.i200.i32.i32, i200 %inElem, i32 160, i32 167"   --->   Operation 89 'partselect' 'r_V_20' <Predicate = (!icmp_ln123)> <Delay = 0.00>
ST_1 : Operation 90 [1/1] (0.00ns)   --->   "%sext_ln840_2 = sext i8 %r_V_20"   --->   Operation 90 'sext' 'sext_ln840_2' <Predicate = (!icmp_ln123)> <Delay = 0.00>
ST_1 : Operation 91 [1/1] (0.00ns)   --->   "%r_V_21 = partselect i8 @_ssdm_op_PartSelect.i8.i200.i32.i32, i200 %inElem, i32 168, i32 175"   --->   Operation 91 'partselect' 'r_V_21' <Predicate = (!icmp_ln123)> <Delay = 0.00>
ST_1 : Operation 92 [1/1] (0.00ns)   --->   "%sext_ln840_3 = sext i8 %r_V_21"   --->   Operation 92 'sext' 'sext_ln840_3' <Predicate = (!icmp_ln123)> <Delay = 0.00>
ST_1 : Operation 93 [1/1] (0.00ns)   --->   "%sext_ln628_17 = sext i8 %r_V_21"   --->   Operation 93 'sext' 'sext_ln628_17' <Predicate = (!icmp_ln123)> <Delay = 0.00>
ST_1 : Operation 94 [1/1] (0.00ns)   --->   "%r_V_22 = partselect i8 @_ssdm_op_PartSelect.i8.i200.i32.i32, i200 %inElem, i32 176, i32 183"   --->   Operation 94 'partselect' 'r_V_22' <Predicate = (!icmp_ln123)> <Delay = 0.00>
ST_1 : Operation 95 [1/1] (0.00ns)   --->   "%sext_ln840_4 = sext i8 %r_V_22"   --->   Operation 95 'sext' 'sext_ln840_4' <Predicate = (!icmp_ln123)> <Delay = 0.00>
ST_1 : Operation 96 [1/1] (0.00ns)   --->   "%sext_ln628_18 = sext i8 %r_V_22"   --->   Operation 96 'sext' 'sext_ln628_18' <Predicate = (!icmp_ln123)> <Delay = 0.00>
ST_1 : Operation 97 [1/1] (0.00ns)   --->   "%r_V_23 = partselect i8 @_ssdm_op_PartSelect.i8.i200.i32.i32, i200 %inElem, i32 184, i32 191"   --->   Operation 97 'partselect' 'r_V_23' <Predicate = (!icmp_ln123)> <Delay = 0.00>
ST_1 : Operation 98 [1/1] (0.00ns)   --->   "%sext_ln840_5 = sext i8 %r_V_23"   --->   Operation 98 'sext' 'sext_ln840_5' <Predicate = (!icmp_ln123)> <Delay = 0.00>
ST_1 : Operation 99 [1/1] (0.00ns)   --->   "%r_V_24 = partselect i8 @_ssdm_op_PartSelect.i8.i200.i32.i32, i200 %inElem, i32 192, i32 199"   --->   Operation 99 'partselect' 'r_V_24' <Predicate = (!icmp_ln123)> <Delay = 0.00>
ST_1 : Operation 100 [1/1] (0.00ns)   --->   "%sext_ln1494_17 = sext i8 %r_V_24"   --->   Operation 100 'sext' 'sext_ln1494_17' <Predicate = (!icmp_ln123)> <Delay = 0.00>
ST_1 : Operation 101 [1/1] (0.76ns)   --->   "%ret_V_17 = sub i9 0, i9 %sext_ln1494_17"   --->   Operation 101 'sub' 'ret_V_17' <Predicate = (!icmp_ln123)> <Delay = 0.76> <CoreInst = "Adder">   --->   Core 1 'Adder' <Latency = 0> <II = 1> <Delay = 0.76> <FuncUnit> <Opcode : 'add' 'sub'> <InPorts = 2> <OutPorts = 1>
ST_1 : Operation 102 [1/1] (0.76ns)   --->   "%sub_ln840 = sub i9 %sext_ln628_1, i9 %sext_ln1494"   --->   Operation 102 'sub' 'sub_ln840' <Predicate = (!icmp_ln123)> <Delay = 0.76> <CoreInst = "Adder">   --->   Core 1 'Adder' <Latency = 0> <II = 1> <Delay = 0.76> <FuncUnit> <Opcode : 'add' 'sub'> <InPorts = 2> <OutPorts = 1>
ST_1 : Operation 103 [1/1] (0.00ns)   --->   "%sext_ln840_6 = sext i9 %sub_ln840"   --->   Operation 103 'sext' 'sext_ln840_6' <Predicate = (!icmp_ln123)> <Delay = 0.00>
ST_1 : Operation 104 [1/1] (0.00ns)   --->   "%sext_ln840_7 = sext i8 %r_V_4"   --->   Operation 104 'sext' 'sext_ln840_7' <Predicate = (!icmp_ln123)> <Delay = 0.00>
ST_1 : Operation 105 [1/1] (0.00ns)   --->   "%sext_ln840_8 = sext i9 %ret_V_2"   --->   Operation 105 'sext' 'sext_ln840_8' <Predicate = (!icmp_ln123)> <Delay = 0.00>
ST_1 : Operation 106 [1/1] (0.00ns) (grouped into TernaryAdder)   --->   "%sub_ln840_3 = sub i10 %sext_ln840_8, i10 %sext_ln840_7"   --->   Operation 106 'sub' 'sub_ln840_3' <Predicate = (!icmp_ln123)> <Delay = 0.00> <CoreInst = "TAddSub">   --->   Core 10 'TAddSub' <Latency = 0> <II = 1> <Delay = 0.48> <IPBlock> <Opcode : 'add' 'sub'> <InPorts = 3> <OutPorts = 1> <Sync> <CReg>
ST_1 : Operation 107 [1/1] (0.96ns) (root node of TernaryAdder)   --->   "%add_ln840 = add i10 %sub_ln840_3, i10 %sext_ln840_6"   --->   Operation 107 'add' 'add_ln840' <Predicate = (!icmp_ln123)> <Delay = 0.96> <CoreInst = "TAddSub">   --->   Core 10 'TAddSub' <Latency = 0> <II = 1> <Delay = 0.48> <IPBlock> <Opcode : 'add' 'sub'> <InPorts = 3> <OutPorts = 1> <Sync> <CReg>
ST_1 : Operation 108 [1/1] (0.00ns)   --->   "%sext_ln840_9 = sext i10 %add_ln840"   --->   Operation 108 'sext' 'sext_ln840_9' <Predicate = (!icmp_ln123)> <Delay = 0.00>
ST_1 : Operation 109 [1/1] (0.00ns)   --->   "%sext_ln840_10 = sext i8 %r_V_7"   --->   Operation 109 'sext' 'sext_ln840_10' <Predicate = (!icmp_ln123)> <Delay = 0.00>
ST_1 : Operation 110 [1/1] (0.00ns) (grouped into TernaryAdder)   --->   "%sub_ln840_4 = sub i10 %sext_ln628_6, i10 %sext_ln840_10"   --->   Operation 110 'sub' 'sub_ln840_4' <Predicate = (!icmp_ln123)> <Delay = 0.00> <CoreInst = "TAddSub">   --->   Core 10 'TAddSub' <Latency = 0> <II = 1> <Delay = 0.48> <IPBlock> <Opcode : 'add' 'sub'> <InPorts = 3> <OutPorts = 1> <Sync> <CReg>
ST_1 : Operation 111 [1/1] (0.96ns) (root node of TernaryAdder)   --->   "%add_ln840_1 = add i10 %sub_ln840_4, i10 %sext_ln628_4"   --->   Operation 111 'add' 'add_ln840_1' <Predicate = (!icmp_ln123)> <Delay = 0.96> <CoreInst = "TAddSub">   --->   Core 10 'TAddSub' <Latency = 0> <II = 1> <Delay = 0.48> <IPBlock> <Opcode : 'add' 'sub'> <InPorts = 3> <OutPorts = 1> <Sync> <CReg>
ST_1 : Operation 112 [1/1] (0.00ns)   --->   "%sext_ln840_11 = sext i10 %add_ln840_1"   --->   Operation 112 'sext' 'sext_ln840_11' <Predicate = (!icmp_ln123)> <Delay = 0.00>
ST_1 : Operation 113 [1/1] (0.78ns)   --->   "%add_ln840_2 = add i11 %sext_ln840_11, i11 %sext_ln840_9"   --->   Operation 113 'add' 'add_ln840_2' <Predicate = (!icmp_ln123)> <Delay = 0.78> <CoreInst = "Adder">   --->   Core 1 'Adder' <Latency = 0> <II = 1> <Delay = 0.78> <FuncUnit> <Opcode : 'add' 'sub'> <InPorts = 2> <OutPorts = 1>
ST_1 : Operation 114 [1/1] (0.00ns)   --->   "%sext_ln840_12 = sext i11 %add_ln840_2"   --->   Operation 114 'sext' 'sext_ln840_12' <Predicate = (!icmp_ln123)> <Delay = 0.00>
ST_1 : Operation 115 [1/1] (0.00ns)   --->   "%sext_ln840_13 = sext i8 %r_V_10"   --->   Operation 115 'sext' 'sext_ln840_13' <Predicate = (!icmp_ln123)> <Delay = 0.00>
ST_1 : Operation 116 [1/1] (0.00ns) (grouped into TernaryAdder)   --->   "%sub_ln840_5 = sub i10 %sext_ln628_9, i10 %sext_ln840_13"   --->   Operation 116 'sub' 'sub_ln840_5' <Predicate = (!icmp_ln123)> <Delay = 0.00> <CoreInst = "TAddSub">   --->   Core 10 'TAddSub' <Latency = 0> <II = 1> <Delay = 0.48> <IPBlock> <Opcode : 'add' 'sub'> <InPorts = 3> <OutPorts = 1> <Sync> <CReg>
ST_1 : Operation 117 [1/1] (0.96ns) (root node of TernaryAdder)   --->   "%add_ln840_3 = add i10 %sub_ln840_5, i10 %sext_ln628_7"   --->   Operation 117 'add' 'add_ln840_3' <Predicate = (!icmp_ln123)> <Delay = 0.96> <CoreInst = "TAddSub">   --->   Core 10 'TAddSub' <Latency = 0> <II = 1> <Delay = 0.48> <IPBlock> <Opcode : 'add' 'sub'> <InPorts = 3> <OutPorts = 1> <Sync> <CReg>
ST_1 : Operation 118 [1/1] (0.00ns)   --->   "%sext_ln840_14 = sext i10 %add_ln840_3"   --->   Operation 118 'sext' 'sext_ln840_14' <Predicate = (!icmp_ln123)> <Delay = 0.00>
ST_1 : Operation 119 [1/1] (0.00ns)   --->   "%sext_ln840_15 = sext i8 %r_V_13"   --->   Operation 119 'sext' 'sext_ln840_15' <Predicate = (!icmp_ln123)> <Delay = 0.00>
ST_1 : Operation 120 [1/1] (0.00ns) (grouped into TernaryAdder)   --->   "%sub_ln840_6 = sub i10 %sext_ln628_12, i10 %sext_ln840_15"   --->   Operation 120 'sub' 'sub_ln840_6' <Predicate = (!icmp_ln123)> <Delay = 0.00> <CoreInst = "TAddSub">   --->   Core 10 'TAddSub' <Latency = 0> <II = 1> <Delay = 0.48> <IPBlock> <Opcode : 'add' 'sub'> <InPorts = 3> <OutPorts = 1> <Sync> <CReg>
ST_1 : Operation 121 [1/1] (0.96ns) (root node of TernaryAdder)   --->   "%add_ln840_4 = add i10 %sub_ln840_6, i10 %sext_ln628_10"   --->   Operation 121 'add' 'add_ln840_4' <Predicate = (!icmp_ln123)> <Delay = 0.96> <CoreInst = "TAddSub">   --->   Core 10 'TAddSub' <Latency = 0> <II = 1> <Delay = 0.48> <IPBlock> <Opcode : 'add' 'sub'> <InPorts = 3> <OutPorts = 1> <Sync> <CReg>
ST_1 : Operation 122 [1/1] (0.00ns)   --->   "%sext_ln840_16 = sext i10 %add_ln840_4"   --->   Operation 122 'sext' 'sext_ln840_16' <Predicate = (!icmp_ln123)> <Delay = 0.00>
ST_1 : Operation 123 [1/1] (0.78ns)   --->   "%add_ln840_5 = add i11 %sext_ln840_16, i11 %sext_ln840_14"   --->   Operation 123 'add' 'add_ln840_5' <Predicate = (!icmp_ln123)> <Delay = 0.78> <CoreInst = "Adder">   --->   Core 1 'Adder' <Latency = 0> <II = 1> <Delay = 0.78> <FuncUnit> <Opcode : 'add' 'sub'> <InPorts = 2> <OutPorts = 1>
ST_1 : Operation 124 [1/1] (0.00ns)   --->   "%sext_ln840_17 = sext i11 %add_ln840_5"   --->   Operation 124 'sext' 'sext_ln840_17' <Predicate = (!icmp_ln123)> <Delay = 0.00>
ST_1 : Operation 125 [1/1] (0.79ns)   --->   "%add_ln840_6 = add i12 %sext_ln840_17, i12 %sext_ln840_12"   --->   Operation 125 'add' 'add_ln840_6' <Predicate = (!icmp_ln123)> <Delay = 0.79> <CoreInst = "Adder">   --->   Core 1 'Adder' <Latency = 0> <II = 1> <Delay = 0.79> <FuncUnit> <Opcode : 'add' 'sub'> <InPorts = 2> <OutPorts = 1>
ST_1 : Operation 126 [1/1] (0.00ns)   --->   "%sext_ln840_18 = sext i12 %add_ln840_6"   --->   Operation 126 'sext' 'sext_ln840_18' <Predicate = (!icmp_ln123)> <Delay = 0.00>
ST_1 : Operation 127 [1/1] (0.00ns)   --->   "%sext_ln840_19 = sext i8 %r_V_16"   --->   Operation 127 'sext' 'sext_ln840_19' <Predicate = (!icmp_ln123)> <Delay = 0.00>
ST_1 : Operation 128 [1/1] (0.00ns) (grouped into TernaryAdder)   --->   "%sub_ln840_7 = sub i10 %sext_ln628_15, i10 %sext_ln840_19"   --->   Operation 128 'sub' 'sub_ln840_7' <Predicate = (!icmp_ln123)> <Delay = 0.00> <CoreInst = "TAddSub">   --->   Core 10 'TAddSub' <Latency = 0> <II = 1> <Delay = 0.48> <IPBlock> <Opcode : 'add' 'sub'> <InPorts = 3> <OutPorts = 1> <Sync> <CReg>
ST_1 : Operation 129 [1/1] (0.96ns) (root node of TernaryAdder)   --->   "%add_ln840_7 = add i10 %sub_ln840_7, i10 %sext_ln628_13"   --->   Operation 129 'add' 'add_ln840_7' <Predicate = (!icmp_ln123)> <Delay = 0.96> <CoreInst = "TAddSub">   --->   Core 10 'TAddSub' <Latency = 0> <II = 1> <Delay = 0.48> <IPBlock> <Opcode : 'add' 'sub'> <InPorts = 3> <OutPorts = 1> <Sync> <CReg>
ST_1 : Operation 130 [1/1] (0.00ns)   --->   "%sext_ln840_20 = sext i10 %add_ln840_7"   --->   Operation 130 'sext' 'sext_ln840_20' <Predicate = (!icmp_ln123)> <Delay = 0.00>
ST_1 : Operation 131 [1/1] (0.00ns)   --->   "%sext_ln840_21 = sext i8 %r_V_19"   --->   Operation 131 'sext' 'sext_ln840_21' <Predicate = (!icmp_ln123)> <Delay = 0.00>
ST_1 : Operation 132 [1/1] (0.00ns)   --->   "%sext_ln840_22 = sext i9 %ret_V_17"   --->   Operation 132 'sext' 'sext_ln840_22' <Predicate = (!icmp_ln123)> <Delay = 0.00>
ST_1 : Operation 133 [1/1] (0.00ns) (grouped into TernaryAdder)   --->   "%sub_ln840_8 = sub i10 %sext_ln840_22, i10 %sext_ln840_21"   --->   Operation 133 'sub' 'sub_ln840_8' <Predicate = (!icmp_ln123)> <Delay = 0.00> <CoreInst = "TAddSub">   --->   Core 10 'TAddSub' <Latency = 0> <II = 1> <Delay = 0.48> <IPBlock> <Opcode : 'add' 'sub'> <InPorts = 3> <OutPorts = 1> <Sync> <CReg>
ST_1 : Operation 134 [1/1] (0.96ns) (root node of TernaryAdder)   --->   "%add_ln840_8 = add i10 %sub_ln840_8, i10 %sext_ln628_16"   --->   Operation 134 'add' 'add_ln840_8' <Predicate = (!icmp_ln123)> <Delay = 0.96> <CoreInst = "TAddSub">   --->   Core 10 'TAddSub' <Latency = 0> <II = 1> <Delay = 0.48> <IPBlock> <Opcode : 'add' 'sub'> <InPorts = 3> <OutPorts = 1> <Sync> <CReg>
ST_1 : Operation 135 [1/1] (0.00ns)   --->   "%sext_ln840_23 = sext i10 %add_ln840_8"   --->   Operation 135 'sext' 'sext_ln840_23' <Predicate = (!icmp_ln123)> <Delay = 0.00>
ST_1 : Operation 136 [1/1] (0.78ns)   --->   "%add_ln840_9 = add i11 %sext_ln840_23, i11 %sext_ln840_20"   --->   Operation 136 'add' 'add_ln840_9' <Predicate = (!icmp_ln123)> <Delay = 0.78> <CoreInst = "Adder">   --->   Core 1 'Adder' <Latency = 0> <II = 1> <Delay = 0.78> <FuncUnit> <Opcode : 'add' 'sub'> <InPorts = 2> <OutPorts = 1>
ST_1 : Operation 137 [1/1] (0.00ns)   --->   "%sext_ln840_24 = sext i11 %add_ln840_9"   --->   Operation 137 'sext' 'sext_ln840_24' <Predicate = (!icmp_ln123)> <Delay = 0.00>
ST_1 : Operation 138 [1/1] (0.76ns)   --->   "%add_ln840_10 = add i9 %sext_ln840_1, i9 %sext_ln840_2"   --->   Operation 138 'add' 'add_ln840_10' <Predicate = (!icmp_ln123)> <Delay = 0.76> <CoreInst = "Adder">   --->   Core 1 'Adder' <Latency = 0> <II = 1> <Delay = 0.76> <FuncUnit> <Opcode : 'add' 'sub'> <InPorts = 2> <OutPorts = 1>
ST_1 : Operation 139 [1/1] (0.00ns)   --->   "%sext_ln840_25 = sext i9 %add_ln840_10"   --->   Operation 139 'sext' 'sext_ln840_25' <Predicate = (!icmp_ln123)> <Delay = 0.00>
ST_1 : Operation 140 [1/1] (0.77ns)   --->   "%add_ln840_11 = add i10 %sext_ln840_25, i10 %sext_ln628_2"   --->   Operation 140 'add' 'add_ln840_11' <Predicate = (!icmp_ln123)> <Delay = 0.77> <CoreInst = "Adder">   --->   Core 1 'Adder' <Latency = 0> <II = 1> <Delay = 0.77> <FuncUnit> <Opcode : 'add' 'sub'> <InPorts = 2> <OutPorts = 1>
ST_1 : Operation 141 [1/1] (0.00ns)   --->   "%sext_ln840_26 = sext i10 %add_ln840_11"   --->   Operation 141 'sext' 'sext_ln840_26' <Predicate = (!icmp_ln123)> <Delay = 0.00>
ST_1 : Operation 142 [1/1] (0.76ns)   --->   "%add_ln840_12 = add i9 %sext_ln840_4, i9 %sext_ln840_5"   --->   Operation 142 'add' 'add_ln840_12' <Predicate = (!icmp_ln123)> <Delay = 0.76> <CoreInst = "Adder">   --->   Core 1 'Adder' <Latency = 0> <II = 1> <Delay = 0.76> <FuncUnit> <Opcode : 'add' 'sub'> <InPorts = 2> <OutPorts = 1>
ST_1 : Operation 143 [1/1] (0.00ns)   --->   "%sext_ln840_27 = sext i9 %add_ln840_12"   --->   Operation 143 'sext' 'sext_ln840_27' <Predicate = (!icmp_ln123)> <Delay = 0.00>
ST_1 : Operation 144 [1/1] (0.77ns)   --->   "%add_ln840_13 = add i10 %sext_ln840_27, i10 %sext_ln628_17"   --->   Operation 144 'add' 'add_ln840_13' <Predicate = (!icmp_ln123)> <Delay = 0.77> <CoreInst = "Adder">   --->   Core 1 'Adder' <Latency = 0> <II = 1> <Delay = 0.77> <FuncUnit> <Opcode : 'add' 'sub'> <InPorts = 2> <OutPorts = 1>
ST_1 : Operation 145 [1/1] (0.00ns)   --->   "%sext_ln840_28 = sext i10 %add_ln840_13"   --->   Operation 145 'sext' 'sext_ln840_28' <Predicate = (!icmp_ln123)> <Delay = 0.00>
ST_1 : Operation 146 [1/1] (0.78ns)   --->   "%add_ln840_14 = add i11 %sext_ln840_28, i11 %sext_ln840_26"   --->   Operation 146 'add' 'add_ln840_14' <Predicate = (!icmp_ln123)> <Delay = 0.78> <CoreInst = "Adder">   --->   Core 1 'Adder' <Latency = 0> <II = 1> <Delay = 0.78> <FuncUnit> <Opcode : 'add' 'sub'> <InPorts = 2> <OutPorts = 1>
ST_1 : Operation 147 [1/1] (0.00ns)   --->   "%sext_ln840_29 = sext i11 %add_ln840_14"   --->   Operation 147 'sext' 'sext_ln840_29' <Predicate = (!icmp_ln123)> <Delay = 0.00>
ST_1 : Operation 148 [1/1] (0.79ns)   --->   "%add_ln840_15 = add i12 %sext_ln840_29, i12 %sext_ln840_24"   --->   Operation 148 'add' 'add_ln840_15' <Predicate = (!icmp_ln123)> <Delay = 0.79> <CoreInst = "Adder">   --->   Core 1 'Adder' <Latency = 0> <II = 1> <Delay = 0.79> <FuncUnit> <Opcode : 'add' 'sub'> <InPorts = 2> <OutPorts = 1>
ST_1 : Operation 149 [1/1] (0.00ns)   --->   "%sext_ln840_30 = sext i12 %add_ln840_15"   --->   Operation 149 'sext' 'sext_ln840_30' <Predicate = (!icmp_ln123)> <Delay = 0.00>
ST_1 : Operation 150 [1/1] (0.80ns)   --->   "%add_ln840_16 = add i13 %sext_ln840_30, i13 %sext_ln840_18"   --->   Operation 150 'add' 'add_ln840_16' <Predicate = (!icmp_ln123)> <Delay = 0.80> <CoreInst = "Adder">   --->   Core 1 'Adder' <Latency = 0> <II = 1> <Delay = 0.80> <FuncUnit> <Opcode : 'add' 'sub'> <InPorts = 2> <OutPorts = 1>
ST_1 : Operation 151 [1/1] (0.76ns)   --->   "%ret_V_18 = sub i9 0, i9 %sext_ln840"   --->   Operation 151 'sub' 'ret_V_18' <Predicate = (!icmp_ln123)> <Delay = 0.76> <CoreInst = "Adder">   --->   Core 1 'Adder' <Latency = 0> <II = 1> <Delay = 0.76> <FuncUnit> <Opcode : 'add' 'sub'> <InPorts = 2> <OutPorts = 1>
ST_1 : Operation 152 [1/1] (0.00ns)   --->   "%sext_ln840_31 = sext i9 %ret_V_18"   --->   Operation 152 'sext' 'sext_ln840_31' <Predicate = (!icmp_ln123)> <Delay = 0.00>
ST_1 : Operation 153 [1/1] (0.00ns)   --->   "%sext_ln840_32 = sext i9 %ret_V"   --->   Operation 153 'sext' 'sext_ln840_32' <Predicate = (!icmp_ln123)> <Delay = 0.00>
ST_1 : Operation 154 [1/1] (0.00ns) (grouped into TernaryAdder)   --->   "%sub_ln840_1 = sub i10 %sext_ln840_32, i10 %sext_ln628"   --->   Operation 154 'sub' 'sub_ln840_1' <Predicate = (!icmp_ln123)> <Delay = 0.00> <CoreInst = "TAddSub">   --->   Core 10 'TAddSub' <Latency = 0> <II = 1> <Delay = 0.48> <IPBlock> <Opcode : 'add' 'sub'> <InPorts = 3> <OutPorts = 1> <Sync> <CReg>
ST_1 : Operation 155 [1/1] (0.96ns) (root node of TernaryAdder)   --->   "%add_ln840_17 = add i10 %sub_ln840_1, i10 %sext_ln840_31"   --->   Operation 155 'add' 'add_ln840_17' <Predicate = (!icmp_ln123)> <Delay = 0.96> <CoreInst = "TAddSub">   --->   Core 10 'TAddSub' <Latency = 0> <II = 1> <Delay = 0.48> <IPBlock> <Opcode : 'add' 'sub'> <InPorts = 3> <OutPorts = 1> <Sync> <CReg>
ST_1 : Operation 156 [1/1] (0.00ns)   --->   "%sext_ln840_33 = sext i8 %r_V_8"   --->   Operation 156 'sext' 'sext_ln840_33' <Predicate = (!icmp_ln123)> <Delay = 0.00>
ST_1 : Operation 157 [1/1] (0.76ns)   --->   "%ret_V_19 = sub i9 0, i9 %sext_ln840_2"   --->   Operation 157 'sub' 'ret_V_19' <Predicate = (!icmp_ln123)> <Delay = 0.76> <CoreInst = "Adder">   --->   Core 1 'Adder' <Latency = 0> <II = 1> <Delay = 0.76> <FuncUnit> <Opcode : 'add' 'sub'> <InPorts = 2> <OutPorts = 1>
ST_1 : Operation 158 [1/1] (0.00ns)   --->   "%sext_ln1494_18 = sext i9 %ret_V_19"   --->   Operation 158 'sext' 'sext_ln1494_18' <Predicate = (!icmp_ln123)> <Delay = 0.00>
ST_1 : Operation 159 [1/1] (0.76ns)   --->   "%ret_V_20 = sub i9 0, i9 %sext_ln840_3"   --->   Operation 159 'sub' 'ret_V_20' <Predicate = (!icmp_ln123)> <Delay = 0.76> <CoreInst = "Adder">   --->   Core 1 'Adder' <Latency = 0> <II = 1> <Delay = 0.76> <FuncUnit> <Opcode : 'add' 'sub'> <InPorts = 2> <OutPorts = 1>
ST_1 : Operation 160 [1/1] (0.00ns)   --->   "%sext_ln1494_19 = sext i9 %ret_V_20"   --->   Operation 160 'sext' 'sext_ln1494_19' <Predicate = (!icmp_ln123)> <Delay = 0.00>
ST_1 : Operation 161 [1/1] (0.76ns)   --->   "%ret_V_21 = sub i9 0, i9 %sext_ln840_4"   --->   Operation 161 'sub' 'ret_V_21' <Predicate = (!icmp_ln123)> <Delay = 0.76> <CoreInst = "Adder">   --->   Core 1 'Adder' <Latency = 0> <II = 1> <Delay = 0.76> <FuncUnit> <Opcode : 'add' 'sub'> <InPorts = 2> <OutPorts = 1>
ST_1 : Operation 162 [1/1] (0.00ns)   --->   "%sext_ln840_34 = sext i8 %r_V_5"   --->   Operation 162 'sext' 'sext_ln840_34' <Predicate = (!icmp_ln123)> <Delay = 0.00>
ST_1 : Operation 163 [1/1] (0.00ns)   --->   "%sext_ln840_35 = sext i10 %add_ln840_17"   --->   Operation 163 'sext' 'sext_ln840_35' <Predicate = (!icmp_ln123)> <Delay = 0.00>
ST_1 : Operation 164 [1/1] (0.00ns) (grouped into TernaryAdder)   --->   "%sub_ln840_9 = sub i11 %sext_ln840_35, i11 %sext_ln840_34"   --->   Operation 164 'sub' 'sub_ln840_9' <Predicate = (!icmp_ln123)> <Delay = 0.00> <CoreInst = "TAddSub">   --->   Core 10 'TAddSub' <Latency = 0> <II = 1> <Delay = 0.48> <IPBlock> <Opcode : 'add' 'sub'> <InPorts = 3> <OutPorts = 1> <Sync> <CReg>
ST_1 : Operation 165 [1/1] (0.00ns) (grouped into TernaryAdder)   --->   "%sub_ln840_10 = sub i10 %sext_ln628_8, i10 %sext_ln840_10"   --->   Operation 165 'sub' 'sub_ln840_10' <Predicate = (!icmp_ln123)> <Delay = 0.00> <CoreInst = "TAddSub">   --->   Core 10 'TAddSub' <Latency = 0> <II = 1> <Delay = 0.48> <IPBlock> <Opcode : 'add' 'sub'> <InPorts = 3> <OutPorts = 1> <Sync> <CReg>
ST_1 : Operation 166 [1/1] (0.96ns) (root node of TernaryAdder)   --->   "%add_ln840_18 = add i10 %sub_ln840_10, i10 %sext_ln628_4"   --->   Operation 166 'add' 'add_ln840_18' <Predicate = (!icmp_ln123)> <Delay = 0.96> <CoreInst = "TAddSub">   --->   Core 10 'TAddSub' <Latency = 0> <II = 1> <Delay = 0.48> <IPBlock> <Opcode : 'add' 'sub'> <InPorts = 3> <OutPorts = 1> <Sync> <CReg>
ST_1 : Operation 167 [1/1] (0.00ns)   --->   "%sext_ln840_36 = sext i10 %add_ln840_18"   --->   Operation 167 'sext' 'sext_ln840_36' <Predicate = (!icmp_ln123)> <Delay = 0.00>
ST_1 : Operation 168 [1/1] (0.91ns) (root node of TernaryAdder)   --->   "%add_ln840_19 = add i11 %sext_ln840_36, i11 %sub_ln840_9"   --->   Operation 168 'add' 'add_ln840_19' <Predicate = (!icmp_ln123)> <Delay = 0.91> <CoreInst = "TAddSub">   --->   Core 10 'TAddSub' <Latency = 0> <II = 1> <Delay = 0.48> <IPBlock> <Opcode : 'add' 'sub'> <InPorts = 3> <OutPorts = 1> <Sync> <CReg>
ST_1 : Operation 169 [1/1] (0.00ns)   --->   "%sext_ln840_37 = sext i11 %add_ln840_19"   --->   Operation 169 'sext' 'sext_ln840_37' <Predicate = (!icmp_ln123)> <Delay = 0.00>
ST_1 : Operation 170 [1/1] (0.00ns)   --->   "%sext_ln840_38 = sext i8 %r_V_12"   --->   Operation 170 'sext' 'sext_ln840_38' <Predicate = (!icmp_ln123)> <Delay = 0.00>
ST_1 : Operation 171 [1/1] (0.00ns) (grouped into TernaryAdder)   --->   "%sub_ln840_11 = sub i10 %sext_ln628_13, i10 %sext_ln840_38"   --->   Operation 171 'sub' 'sub_ln840_11' <Predicate = (!icmp_ln123)> <Delay = 0.00> <CoreInst = "TAddSub">   --->   Core 10 'TAddSub' <Latency = 0> <II = 1> <Delay = 0.48> <IPBlock> <Opcode : 'add' 'sub'> <InPorts = 3> <OutPorts = 1> <Sync> <CReg>
ST_1 : Operation 172 [1/1] (0.96ns) (root node of TernaryAdder)   --->   "%add_ln840_20 = add i10 %sub_ln840_11, i10 %sext_ln628_9"   --->   Operation 172 'add' 'add_ln840_20' <Predicate = (!icmp_ln123)> <Delay = 0.96> <CoreInst = "TAddSub">   --->   Core 10 'TAddSub' <Latency = 0> <II = 1> <Delay = 0.48> <IPBlock> <Opcode : 'add' 'sub'> <InPorts = 3> <OutPorts = 1> <Sync> <CReg>
ST_1 : Operation 173 [1/1] (0.00ns)   --->   "%sext_ln840_39 = sext i10 %add_ln840_20"   --->   Operation 173 'sext' 'sext_ln840_39' <Predicate = (!icmp_ln123)> <Delay = 0.00>
ST_1 : Operation 174 [1/1] (0.00ns)   --->   "%sext_ln840_40 = sext i8 %r_V_17"   --->   Operation 174 'sext' 'sext_ln840_40' <Predicate = (!icmp_ln123)> <Delay = 0.00>
ST_1 : Operation 175 [1/1] (0.00ns) (grouped into TernaryAdder)   --->   "%sub_ln840_12 = sub i10 %sext_ln1494_18, i10 %sext_ln840_40"   --->   Operation 175 'sub' 'sub_ln840_12' <Predicate = (!icmp_ln123)> <Delay = 0.00> <CoreInst = "TAddSub">   --->   Core 10 'TAddSub' <Latency = 0> <II = 1> <Delay = 0.48> <IPBlock> <Opcode : 'add' 'sub'> <InPorts = 3> <OutPorts = 1> <Sync> <CReg>
ST_1 : Operation 176 [1/1] (0.96ns) (root node of TernaryAdder)   --->   "%add_ln840_21 = add i10 %sub_ln840_12, i10 %sext_ln628_14"   --->   Operation 176 'add' 'add_ln840_21' <Predicate = (!icmp_ln123)> <Delay = 0.96> <CoreInst = "TAddSub">   --->   Core 10 'TAddSub' <Latency = 0> <II = 1> <Delay = 0.48> <IPBlock> <Opcode : 'add' 'sub'> <InPorts = 3> <OutPorts = 1> <Sync> <CReg>
ST_1 : Operation 177 [1/1] (0.00ns)   --->   "%sext_ln840_41 = sext i10 %add_ln840_21"   --->   Operation 177 'sext' 'sext_ln840_41' <Predicate = (!icmp_ln123)> <Delay = 0.00>
ST_1 : Operation 178 [1/1] (0.78ns)   --->   "%add_ln840_22 = add i11 %sext_ln840_41, i11 %sext_ln840_39"   --->   Operation 178 'add' 'add_ln840_22' <Predicate = (!icmp_ln123)> <Delay = 0.78> <CoreInst = "Adder">   --->   Core 1 'Adder' <Latency = 0> <II = 1> <Delay = 0.78> <FuncUnit> <Opcode : 'add' 'sub'> <InPorts = 2> <OutPorts = 1>
ST_1 : Operation 179 [1/1] (0.00ns)   --->   "%sext_ln840_42 = sext i11 %add_ln840_22"   --->   Operation 179 'sext' 'sext_ln840_42' <Predicate = (!icmp_ln123)> <Delay = 0.00>
ST_1 : Operation 180 [1/1] (0.79ns)   --->   "%add_ln840_23 = add i12 %sext_ln840_42, i12 %sext_ln840_37"   --->   Operation 180 'add' 'add_ln840_23' <Predicate = (!icmp_ln123)> <Delay = 0.79> <CoreInst = "Adder">   --->   Core 1 'Adder' <Latency = 0> <II = 1> <Delay = 0.79> <FuncUnit> <Opcode : 'add' 'sub'> <InPorts = 2> <OutPorts = 1>
ST_1 : Operation 181 [1/1] (0.00ns)   --->   "%sext_ln840_43 = sext i12 %add_ln840_23"   --->   Operation 181 'sext' 'sext_ln840_43' <Predicate = (!icmp_ln123)> <Delay = 0.00>
ST_1 : Operation 182 [1/1] (0.76ns)   --->   "%sub_ln840_13 = sub i9 %sext_ln840_1, i9 %sext_ln840_4"   --->   Operation 182 'sub' 'sub_ln840_13' <Predicate = (!icmp_ln123)> <Delay = 0.76> <CoreInst = "Adder">   --->   Core 1 'Adder' <Latency = 0> <II = 1> <Delay = 0.76> <FuncUnit> <Opcode : 'add' 'sub'> <InPorts = 2> <OutPorts = 1>
ST_1 : Operation 183 [1/1] (0.00ns)   --->   "%sext_ln840_44 = sext i9 %sub_ln840_13"   --->   Operation 183 'sext' 'sext_ln840_44' <Predicate = (!icmp_ln123)> <Delay = 0.00>
ST_1 : Operation 184 [1/1] (0.77ns)   --->   "%sub_ln840_14 = sub i10 %sext_ln840_44, i10 %sext_ln628_17"   --->   Operation 184 'sub' 'sub_ln840_14' <Predicate = (!icmp_ln123)> <Delay = 0.77> <CoreInst = "Adder">   --->   Core 1 'Adder' <Latency = 0> <II = 1> <Delay = 0.77> <FuncUnit> <Opcode : 'add' 'sub'> <InPorts = 2> <OutPorts = 1>
ST_1 : Operation 185 [1/1] (0.00ns)   --->   "%sext_ln840_45 = sext i10 %sub_ln840_14"   --->   Operation 185 'sext' 'sext_ln840_45' <Predicate = (!icmp_ln123)> <Delay = 0.00>
ST_1 : Operation 186 [1/1] (0.76ns)   --->   "%add_ln840_24 = add i9 %sext_ln1494_5, i9 %sext_ln1494_6"   --->   Operation 186 'add' 'add_ln840_24' <Predicate = (!icmp_ln123)> <Delay = 0.76> <CoreInst = "Adder">   --->   Core 1 'Adder' <Latency = 0> <II = 1> <Delay = 0.76> <FuncUnit> <Opcode : 'add' 'sub'> <InPorts = 2> <OutPorts = 1>
ST_1 : Operation 187 [1/1] (0.00ns)   --->   "%sext_ln840_46 = sext i9 %add_ln840_24"   --->   Operation 187 'sext' 'sext_ln840_46' <Predicate = (!icmp_ln123)> <Delay = 0.00>
ST_1 : Operation 188 [1/1] (0.77ns)   --->   "%add_ln840_25 = add i10 %sext_ln840_46, i10 %sext_ln840_7"   --->   Operation 188 'add' 'add_ln840_25' <Predicate = (!icmp_ln123)> <Delay = 0.77> <CoreInst = "Adder">   --->   Core 1 'Adder' <Latency = 0> <II = 1> <Delay = 0.77> <FuncUnit> <Opcode : 'add' 'sub'> <InPorts = 2> <OutPorts = 1>
ST_1 : Operation 189 [1/1] (0.00ns)   --->   "%sext_ln840_47 = sext i10 %add_ln840_25"   --->   Operation 189 'sext' 'sext_ln840_47' <Predicate = (!icmp_ln123)> <Delay = 0.00>
ST_1 : Operation 190 [1/1] (0.78ns)   --->   "%add_ln840_26 = add i11 %sext_ln840_47, i11 %sext_ln840_45"   --->   Operation 190 'add' 'add_ln840_26' <Predicate = (!icmp_ln123)> <Delay = 0.78> <CoreInst = "Adder">   --->   Core 1 'Adder' <Latency = 0> <II = 1> <Delay = 0.78> <FuncUnit> <Opcode : 'add' 'sub'> <InPorts = 2> <OutPorts = 1>
ST_1 : Operation 191 [1/1] (0.00ns)   --->   "%sext_ln840_48 = sext i11 %add_ln840_26"   --->   Operation 191 'sext' 'sext_ln840_48' <Predicate = (!icmp_ln123)> <Delay = 0.00>
ST_1 : Operation 192 [1/1] (0.76ns)   --->   "%add_ln840_27 = add i9 %sext_ln1494_11, i9 %sext_ln1494_15"   --->   Operation 192 'add' 'add_ln840_27' <Predicate = (!icmp_ln123)> <Delay = 0.76> <CoreInst = "Adder">   --->   Core 1 'Adder' <Latency = 0> <II = 1> <Delay = 0.76> <FuncUnit> <Opcode : 'add' 'sub'> <InPorts = 2> <OutPorts = 1>
ST_1 : Operation 193 [1/1] (0.00ns)   --->   "%sext_ln840_49 = sext i9 %add_ln840_27"   --->   Operation 193 'sext' 'sext_ln840_49' <Predicate = (!icmp_ln123)> <Delay = 0.00>
ST_1 : Operation 194 [1/1] (0.77ns)   --->   "%add_ln840_28 = add i10 %sext_ln840_49, i10 %sext_ln840_15"   --->   Operation 194 'add' 'add_ln840_28' <Predicate = (!icmp_ln123)> <Delay = 0.77> <CoreInst = "Adder">   --->   Core 1 'Adder' <Latency = 0> <II = 1> <Delay = 0.77> <FuncUnit> <Opcode : 'add' 'sub'> <InPorts = 2> <OutPorts = 1>
ST_1 : Operation 195 [1/1] (0.00ns)   --->   "%sext_ln840_50 = sext i10 %add_ln840_28"   --->   Operation 195 'sext' 'sext_ln840_50' <Predicate = (!icmp_ln123)> <Delay = 0.00>
ST_1 : Operation 196 [1/1] (0.76ns)   --->   "%add_ln840_29 = add i9 %sext_ln840_5, i9 %sext_ln1494_17"   --->   Operation 196 'add' 'add_ln840_29' <Predicate = (!icmp_ln123)> <Delay = 0.76> <CoreInst = "Adder">   --->   Core 1 'Adder' <Latency = 0> <II = 1> <Delay = 0.76> <FuncUnit> <Opcode : 'add' 'sub'> <InPorts = 2> <OutPorts = 1>
ST_1 : Operation 197 [1/1] (0.00ns)   --->   "%sext_ln840_51 = sext i9 %add_ln840_29"   --->   Operation 197 'sext' 'sext_ln840_51' <Predicate = (!icmp_ln123)> <Delay = 0.00>
ST_1 : Operation 198 [1/1] (0.77ns)   --->   "%add_ln840_30 = add i10 %sext_ln840_51, i10 %sext_ln840_21"   --->   Operation 198 'add' 'add_ln840_30' <Predicate = (!icmp_ln123)> <Delay = 0.77> <CoreInst = "Adder">   --->   Core 1 'Adder' <Latency = 0> <II = 1> <Delay = 0.77> <FuncUnit> <Opcode : 'add' 'sub'> <InPorts = 2> <OutPorts = 1>
ST_1 : Operation 199 [1/1] (0.00ns)   --->   "%sext_ln840_52 = sext i10 %add_ln840_30"   --->   Operation 199 'sext' 'sext_ln840_52' <Predicate = (!icmp_ln123)> <Delay = 0.00>
ST_1 : Operation 200 [1/1] (0.78ns)   --->   "%add_ln840_31 = add i11 %sext_ln840_52, i11 %sext_ln840_50"   --->   Operation 200 'add' 'add_ln840_31' <Predicate = (!icmp_ln123)> <Delay = 0.78> <CoreInst = "Adder">   --->   Core 1 'Adder' <Latency = 0> <II = 1> <Delay = 0.78> <FuncUnit> <Opcode : 'add' 'sub'> <InPorts = 2> <OutPorts = 1>
ST_1 : Operation 201 [1/1] (0.00ns)   --->   "%sext_ln840_53 = sext i11 %add_ln840_31"   --->   Operation 201 'sext' 'sext_ln840_53' <Predicate = (!icmp_ln123)> <Delay = 0.00>
ST_1 : Operation 202 [1/1] (0.79ns)   --->   "%add_ln840_32 = add i12 %sext_ln840_53, i12 %sext_ln840_48"   --->   Operation 202 'add' 'add_ln840_32' <Predicate = (!icmp_ln123)> <Delay = 0.79> <CoreInst = "Adder">   --->   Core 1 'Adder' <Latency = 0> <II = 1> <Delay = 0.79> <FuncUnit> <Opcode : 'add' 'sub'> <InPorts = 2> <OutPorts = 1>
ST_1 : Operation 203 [1/1] (0.00ns)   --->   "%sext_ln840_54 = sext i12 %add_ln840_32"   --->   Operation 203 'sext' 'sext_ln840_54' <Predicate = (!icmp_ln123)> <Delay = 0.00>
ST_1 : Operation 204 [1/1] (0.80ns)   --->   "%add_ln840_33 = add i13 %sext_ln840_54, i13 %sext_ln840_43"   --->   Operation 204 'add' 'add_ln840_33' <Predicate = (!icmp_ln123)> <Delay = 0.80> <CoreInst = "Adder">   --->   Core 1 'Adder' <Latency = 0> <II = 1> <Delay = 0.80> <FuncUnit> <Opcode : 'add' 'sub'> <InPorts = 2> <OutPorts = 1>
ST_1 : Operation 205 [1/1] (0.76ns)   --->   "%ret_V_22 = sub i9 0, i9 %sext_ln840_1"   --->   Operation 205 'sub' 'ret_V_22' <Predicate = (!icmp_ln123)> <Delay = 0.76> <CoreInst = "Adder">   --->   Core 1 'Adder' <Latency = 0> <II = 1> <Delay = 0.76> <FuncUnit> <Opcode : 'add' 'sub'> <InPorts = 2> <OutPorts = 1>
ST_1 : Operation 206 [1/1] (0.00ns)   --->   "%sext_ln840_55 = sext i8 %r_V_15"   --->   Operation 206 'sext' 'sext_ln840_55' <Predicate = (!icmp_ln123)> <Delay = 0.00>
ST_1 : Operation 207 [1/1] (0.00ns)   --->   "%sext_ln840_56 = sext i8 %r_V_3"   --->   Operation 207 'sext' 'sext_ln840_56' <Predicate = (!icmp_ln123)> <Delay = 0.00>
ST_1 : Operation 208 [1/1] (0.00ns) (grouped into TernaryAdder)   --->   "%sub_ln840_15 = sub i11 %sext_ln840_35, i11 %sext_ln840_56"   --->   Operation 208 'sub' 'sub_ln840_15' <Predicate = (!icmp_ln123)> <Delay = 0.00> <CoreInst = "TAddSub">   --->   Core 10 'TAddSub' <Latency = 0> <II = 1> <Delay = 0.48> <IPBlock> <Opcode : 'add' 'sub'> <InPorts = 3> <OutPorts = 1> <Sync> <CReg>
ST_1 : Operation 209 [1/1] (0.00ns)   --->   "%sext_ln840_57 = sext i8 %r_V_5"   --->   Operation 209 'sext' 'sext_ln840_57' <Predicate = (!icmp_ln123)> <Delay = 0.00>
ST_1 : Operation 210 [1/1] (0.00ns) (grouped into TernaryAdder)   --->   "%sub_ln840_16 = sub i10 %sext_ln628_4, i10 %sext_ln840_57"   --->   Operation 210 'sub' 'sub_ln840_16' <Predicate = (!icmp_ln123)> <Delay = 0.00> <CoreInst = "TAddSub">   --->   Core 10 'TAddSub' <Latency = 0> <II = 1> <Delay = 0.48> <IPBlock> <Opcode : 'add' 'sub'> <InPorts = 3> <OutPorts = 1> <Sync> <CReg>
ST_1 : Operation 211 [1/1] (0.96ns) (root node of TernaryAdder)   --->   "%add_ln840_34 = add i10 %sub_ln840_16, i10 %sext_ln628_3"   --->   Operation 211 'add' 'add_ln840_34' <Predicate = (!icmp_ln123)> <Delay = 0.96> <CoreInst = "TAddSub">   --->   Core 10 'TAddSub' <Latency = 0> <II = 1> <Delay = 0.48> <IPBlock> <Opcode : 'add' 'sub'> <InPorts = 3> <OutPorts = 1> <Sync> <CReg>
ST_1 : Operation 212 [1/1] (0.00ns)   --->   "%sext_ln840_58 = sext i10 %add_ln840_34"   --->   Operation 212 'sext' 'sext_ln840_58' <Predicate = (!icmp_ln123)> <Delay = 0.00>
ST_1 : Operation 213 [1/1] (0.91ns) (root node of TernaryAdder)   --->   "%add_ln840_35 = add i11 %sext_ln840_58, i11 %sub_ln840_15"   --->   Operation 213 'add' 'add_ln840_35' <Predicate = (!icmp_ln123)> <Delay = 0.91> <CoreInst = "TAddSub">   --->   Core 10 'TAddSub' <Latency = 0> <II = 1> <Delay = 0.48> <IPBlock> <Opcode : 'add' 'sub'> <InPorts = 3> <OutPorts = 1> <Sync> <CReg>
ST_1 : Operation 214 [1/1] (0.00ns)   --->   "%sext_ln840_59 = sext i11 %add_ln840_35"   --->   Operation 214 'sext' 'sext_ln840_59' <Predicate = (!icmp_ln123)> <Delay = 0.00>
ST_1 : Operation 215 [1/1] (0.00ns) (grouped into TernaryAdder)   --->   "%sub_ln840_17 = sub i10 %sext_ln628_7, i10 %sext_ln840_33"   --->   Operation 215 'sub' 'sub_ln840_17' <Predicate = (!icmp_ln123)> <Delay = 0.00> <CoreInst = "TAddSub">   --->   Core 10 'TAddSub' <Latency = 0> <II = 1> <Delay = 0.48> <IPBlock> <Opcode : 'add' 'sub'> <InPorts = 3> <OutPorts = 1> <Sync> <CReg>
ST_1 : Operation 216 [1/1] (0.96ns) (root node of TernaryAdder)   --->   "%add_ln840_36 = add i10 %sub_ln840_17, i10 %sext_ln628_5"   --->   Operation 216 'add' 'add_ln840_36' <Predicate = (!icmp_ln123)> <Delay = 0.96> <CoreInst = "TAddSub">   --->   Core 10 'TAddSub' <Latency = 0> <II = 1> <Delay = 0.48> <IPBlock> <Opcode : 'add' 'sub'> <InPorts = 3> <OutPorts = 1> <Sync> <CReg>
ST_1 : Operation 217 [1/1] (0.00ns)   --->   "%sext_ln840_60 = sext i10 %add_ln840_36"   --->   Operation 217 'sext' 'sext_ln840_60' <Predicate = (!icmp_ln123)> <Delay = 0.00>
ST_1 : Operation 218 [1/1] (0.00ns)   --->   "%sext_ln840_61 = sext i8 %r_V_11"   --->   Operation 218 'sext' 'sext_ln840_61' <Predicate = (!icmp_ln123)> <Delay = 0.00>
ST_1 : Operation 219 [1/1] (0.00ns) (grouped into TernaryAdder)   --->   "%sub_ln840_18 = sub i10 %sext_ln628_11, i10 %sext_ln840_61"   --->   Operation 219 'sub' 'sub_ln840_18' <Predicate = (!icmp_ln123)> <Delay = 0.00> <CoreInst = "TAddSub">   --->   Core 10 'TAddSub' <Latency = 0> <II = 1> <Delay = 0.48> <IPBlock> <Opcode : 'add' 'sub'> <InPorts = 3> <OutPorts = 1> <Sync> <CReg>
ST_1 : Operation 220 [1/1] (0.96ns) (root node of TernaryAdder)   --->   "%add_ln840_37 = add i10 %sub_ln840_18, i10 %sext_ln628_8"   --->   Operation 220 'add' 'add_ln840_37' <Predicate = (!icmp_ln123)> <Delay = 0.96> <CoreInst = "TAddSub">   --->   Core 10 'TAddSub' <Latency = 0> <II = 1> <Delay = 0.48> <IPBlock> <Opcode : 'add' 'sub'> <InPorts = 3> <OutPorts = 1> <Sync> <CReg>
ST_1 : Operation 221 [1/1] (0.00ns)   --->   "%sext_ln840_62 = sext i10 %add_ln840_37"   --->   Operation 221 'sext' 'sext_ln840_62' <Predicate = (!icmp_ln123)> <Delay = 0.00>
ST_1 : Operation 222 [1/1] (0.78ns)   --->   "%add_ln840_38 = add i11 %sext_ln840_62, i11 %sext_ln840_60"   --->   Operation 222 'add' 'add_ln840_38' <Predicate = (!icmp_ln123)> <Delay = 0.78> <CoreInst = "Adder">   --->   Core 1 'Adder' <Latency = 0> <II = 1> <Delay = 0.78> <FuncUnit> <Opcode : 'add' 'sub'> <InPorts = 2> <OutPorts = 1>
ST_1 : Operation 223 [1/1] (0.00ns)   --->   "%sext_ln840_63 = sext i11 %add_ln840_38"   --->   Operation 223 'sext' 'sext_ln840_63' <Predicate = (!icmp_ln123)> <Delay = 0.00>
ST_1 : Operation 224 [1/1] (0.79ns)   --->   "%add_ln840_39 = add i12 %sext_ln840_63, i12 %sext_ln840_59"   --->   Operation 224 'add' 'add_ln840_39' <Predicate = (!icmp_ln123)> <Delay = 0.79> <CoreInst = "Adder">   --->   Core 1 'Adder' <Latency = 0> <II = 1> <Delay = 0.79> <FuncUnit> <Opcode : 'add' 'sub'> <InPorts = 2> <OutPorts = 1>
ST_1 : Operation 225 [1/1] (0.00ns)   --->   "%sext_ln840_64 = sext i12 %add_ln840_39"   --->   Operation 225 'sext' 'sext_ln840_64' <Predicate = (!icmp_ln123)> <Delay = 0.00>
ST_1 : Operation 226 [1/1] (0.76ns)   --->   "%add_ln840_40 = add i9 %sext_ln1494_9, i9 %sext_ln1494_12"   --->   Operation 226 'add' 'add_ln840_40' <Predicate = (!icmp_ln123)> <Delay = 0.76> <CoreInst = "Adder">   --->   Core 1 'Adder' <Latency = 0> <II = 1> <Delay = 0.76> <FuncUnit> <Opcode : 'add' 'sub'> <InPorts = 2> <OutPorts = 1>
ST_1 : Operation 227 [1/1] (0.00ns)   --->   "%sext_ln840_65 = sext i8 %r_V_14"   --->   Operation 227 'sext' 'sext_ln840_65' <Predicate = (!icmp_ln123)> <Delay = 0.00>
ST_1 : Operation 228 [1/1] (0.00ns)   --->   "%sext_ln840_66 = sext i9 %add_ln840_40"   --->   Operation 228 'sext' 'sext_ln840_66' <Predicate = (!icmp_ln123)> <Delay = 0.00>
ST_1 : Operation 229 [1/1] (0.77ns)   --->   "%sub_ln840_19 = sub i10 %sext_ln840_66, i10 %sext_ln840_65"   --->   Operation 229 'sub' 'sub_ln840_19' <Predicate = (!icmp_ln123)> <Delay = 0.77> <CoreInst = "Adder">   --->   Core 1 'Adder' <Latency = 0> <II = 1> <Delay = 0.77> <FuncUnit> <Opcode : 'add' 'sub'> <InPorts = 2> <OutPorts = 1>
ST_1 : Operation 230 [1/1] (0.00ns)   --->   "%sext_ln840_67 = sext i10 %sub_ln840_19"   --->   Operation 230 'sext' 'sext_ln840_67' <Predicate = (!icmp_ln123)> <Delay = 0.00>
ST_1 : Operation 231 [1/1] (0.76ns)   --->   "%add_ln840_41 = add i9 %sext_ln1494_14, i9 %sext_ln1494_15"   --->   Operation 231 'add' 'add_ln840_41' <Predicate = (!icmp_ln123)> <Delay = 0.76> <CoreInst = "Adder">   --->   Core 1 'Adder' <Latency = 0> <II = 1> <Delay = 0.76> <FuncUnit> <Opcode : 'add' 'sub'> <InPorts = 2> <OutPorts = 1>
ST_1 : Operation 232 [1/1] (0.00ns)   --->   "%sext_ln840_68 = sext i9 %add_ln840_41"   --->   Operation 232 'sext' 'sext_ln840_68' <Predicate = (!icmp_ln123)> <Delay = 0.00>
ST_1 : Operation 233 [1/1] (0.77ns)   --->   "%add_ln840_42 = add i10 %sext_ln840_68, i10 %sext_ln840_19"   --->   Operation 233 'add' 'add_ln840_42' <Predicate = (!icmp_ln123)> <Delay = 0.77> <CoreInst = "Adder">   --->   Core 1 'Adder' <Latency = 0> <II = 1> <Delay = 0.77> <FuncUnit> <Opcode : 'add' 'sub'> <InPorts = 2> <OutPorts = 1>
ST_1 : Operation 234 [1/1] (0.00ns)   --->   "%sext_ln840_69 = sext i10 %add_ln840_42"   --->   Operation 234 'sext' 'sext_ln840_69' <Predicate = (!icmp_ln123)> <Delay = 0.00>
ST_1 : Operation 235 [1/1] (0.78ns)   --->   "%add_ln840_43 = add i11 %sext_ln840_69, i11 %sext_ln840_67"   --->   Operation 235 'add' 'add_ln840_43' <Predicate = (!icmp_ln123)> <Delay = 0.78> <CoreInst = "Adder">   --->   Core 1 'Adder' <Latency = 0> <II = 1> <Delay = 0.78> <FuncUnit> <Opcode : 'add' 'sub'> <InPorts = 2> <OutPorts = 1>
ST_1 : Operation 236 [1/1] (0.00ns)   --->   "%sext_ln840_70 = sext i11 %add_ln840_43"   --->   Operation 236 'sext' 'sext_ln840_70' <Predicate = (!icmp_ln123)> <Delay = 0.00>
ST_1 : Operation 237 [1/1] (0.76ns)   --->   "%add_ln840_44 = add i9 %sext_ln840_2, i9 %sext_ln840_3"   --->   Operation 237 'add' 'add_ln840_44' <Predicate = (!icmp_ln123)> <Delay = 0.76> <CoreInst = "Adder">   --->   Core 1 'Adder' <Latency = 0> <II = 1> <Delay = 0.76> <FuncUnit> <Opcode : 'add' 'sub'> <InPorts = 2> <OutPorts = 1>
ST_1 : Operation 238 [1/1] (0.00ns)   --->   "%sext_ln840_71 = sext i9 %add_ln840_44"   --->   Operation 238 'sext' 'sext_ln840_71' <Predicate = (!icmp_ln123)> <Delay = 0.00>
ST_1 : Operation 239 [1/1] (0.77ns)   --->   "%add_ln840_45 = add i10 %sext_ln840_71, i10 %sext_ln840_21"   --->   Operation 239 'add' 'add_ln840_45' <Predicate = (!icmp_ln123)> <Delay = 0.77> <CoreInst = "Adder">   --->   Core 1 'Adder' <Latency = 0> <II = 1> <Delay = 0.77> <FuncUnit> <Opcode : 'add' 'sub'> <InPorts = 2> <OutPorts = 1>
ST_1 : Operation 240 [1/1] (0.00ns)   --->   "%sext_ln840_72 = sext i10 %add_ln840_45"   --->   Operation 240 'sext' 'sext_ln840_72' <Predicate = (!icmp_ln123)> <Delay = 0.00>
ST_1 : Operation 241 [1/1] (0.77ns)   --->   "%add_ln840_46 = add i10 %sext_ln840_51, i10 %sext_ln628_18"   --->   Operation 241 'add' 'add_ln840_46' <Predicate = (!icmp_ln123)> <Delay = 0.77> <CoreInst = "Adder">   --->   Core 1 'Adder' <Latency = 0> <II = 1> <Delay = 0.77> <FuncUnit> <Opcode : 'add' 'sub'> <InPorts = 2> <OutPorts = 1>
ST_1 : Operation 242 [1/1] (0.00ns)   --->   "%sext_ln840_73 = sext i10 %add_ln840_46"   --->   Operation 242 'sext' 'sext_ln840_73' <Predicate = (!icmp_ln123)> <Delay = 0.00>
ST_1 : Operation 243 [1/1] (0.78ns)   --->   "%add_ln840_47 = add i11 %sext_ln840_73, i11 %sext_ln840_72"   --->   Operation 243 'add' 'add_ln840_47' <Predicate = (!icmp_ln123)> <Delay = 0.78> <CoreInst = "Adder">   --->   Core 1 'Adder' <Latency = 0> <II = 1> <Delay = 0.78> <FuncUnit> <Opcode : 'add' 'sub'> <InPorts = 2> <OutPorts = 1>
ST_1 : Operation 244 [1/1] (0.00ns)   --->   "%sext_ln840_74 = sext i11 %add_ln840_47"   --->   Operation 244 'sext' 'sext_ln840_74' <Predicate = (!icmp_ln123)> <Delay = 0.00>
ST_1 : Operation 245 [1/1] (0.79ns)   --->   "%add_ln840_48 = add i12 %sext_ln840_74, i12 %sext_ln840_70"   --->   Operation 245 'add' 'add_ln840_48' <Predicate = (!icmp_ln123)> <Delay = 0.79> <CoreInst = "Adder">   --->   Core 1 'Adder' <Latency = 0> <II = 1> <Delay = 0.79> <FuncUnit> <Opcode : 'add' 'sub'> <InPorts = 2> <OutPorts = 1>
ST_1 : Operation 246 [1/1] (0.00ns)   --->   "%sext_ln840_75 = sext i12 %add_ln840_48"   --->   Operation 246 'sext' 'sext_ln840_75' <Predicate = (!icmp_ln123)> <Delay = 0.00>
ST_1 : Operation 247 [1/1] (0.80ns)   --->   "%add_ln840_49 = add i13 %sext_ln840_75, i13 %sext_ln840_64"   --->   Operation 247 'add' 'add_ln840_49' <Predicate = (!icmp_ln123)> <Delay = 0.80> <CoreInst = "Adder">   --->   Core 1 'Adder' <Latency = 0> <II = 1> <Delay = 0.80> <FuncUnit> <Opcode : 'add' 'sub'> <InPorts = 2> <OutPorts = 1>
ST_1 : Operation 248 [1/1] (0.76ns)   --->   "%add_ln840_50 = add i9 %sext_ln628_1, i9 %sext_ln1494"   --->   Operation 248 'add' 'add_ln840_50' <Predicate = (!icmp_ln123)> <Delay = 0.76> <CoreInst = "Adder">   --->   Core 1 'Adder' <Latency = 0> <II = 1> <Delay = 0.76> <FuncUnit> <Opcode : 'add' 'sub'> <InPorts = 2> <OutPorts = 1>
ST_1 : Operation 249 [1/1] (0.00ns)   --->   "%sext_ln840_76 = sext i9 %add_ln840_50"   --->   Operation 249 'sext' 'sext_ln840_76' <Predicate = (!icmp_ln123)> <Delay = 0.00>
ST_1 : Operation 250 [1/1] (0.76ns)   --->   "%ret_V_23 = sub i9 0, i9 %sext_ln840_5"   --->   Operation 250 'sub' 'ret_V_23' <Predicate = (!icmp_ln123)> <Delay = 0.76> <CoreInst = "Adder">   --->   Core 1 'Adder' <Latency = 0> <II = 1> <Delay = 0.76> <FuncUnit> <Opcode : 'add' 'sub'> <InPorts = 2> <OutPorts = 1>
ST_1 : Operation 251 [1/1] (0.00ns)   --->   "%sext_ln840_77 = sext i8 %r_V_3"   --->   Operation 251 'sext' 'sext_ln840_77' <Predicate = (!icmp_ln123)> <Delay = 0.00>
ST_1 : Operation 252 [1/1] (0.00ns) (grouped into TernaryAdder)   --->   "%sub_ln840_20 = sub i10 %sext_ln628_3, i10 %sext_ln840_77"   --->   Operation 252 'sub' 'sub_ln840_20' <Predicate = (!icmp_ln123)> <Delay = 0.00> <CoreInst = "TAddSub">   --->   Core 10 'TAddSub' <Latency = 0> <II = 1> <Delay = 0.48> <IPBlock> <Opcode : 'add' 'sub'> <InPorts = 3> <OutPorts = 1> <Sync> <CReg>
ST_1 : Operation 253 [1/1] (0.96ns) (root node of TernaryAdder)   --->   "%add_ln840_51 = add i10 %sub_ln840_20, i10 %sext_ln840_76"   --->   Operation 253 'add' 'add_ln840_51' <Predicate = (!icmp_ln123)> <Delay = 0.96> <CoreInst = "TAddSub">   --->   Core 10 'TAddSub' <Latency = 0> <II = 1> <Delay = 0.48> <IPBlock> <Opcode : 'add' 'sub'> <InPorts = 3> <OutPorts = 1> <Sync> <CReg>
ST_1 : Operation 254 [1/1] (0.00ns)   --->   "%sext_ln840_78 = sext i10 %add_ln840_51"   --->   Operation 254 'sext' 'sext_ln840_78' <Predicate = (!icmp_ln123)> <Delay = 0.00>
ST_1 : Operation 255 [1/1] (0.00ns)   --->   "%sext_ln840_79 = sext i8 %r_V_9"   --->   Operation 255 'sext' 'sext_ln840_79' <Predicate = (!icmp_ln123)> <Delay = 0.00>
ST_1 : Operation 256 [1/1] (0.00ns) (grouped into TernaryAdder)   --->   "%sub_ln840_21 = sub i10 %sext_ln628_10, i10 %sext_ln840_79"   --->   Operation 256 'sub' 'sub_ln840_21' <Predicate = (!icmp_ln123)> <Delay = 0.00> <CoreInst = "TAddSub">   --->   Core 10 'TAddSub' <Latency = 0> <II = 1> <Delay = 0.48> <IPBlock> <Opcode : 'add' 'sub'> <InPorts = 3> <OutPorts = 1> <Sync> <CReg>
ST_1 : Operation 257 [1/1] (0.96ns) (root node of TernaryAdder)   --->   "%add_ln840_52 = add i10 %sub_ln840_21, i10 %sext_ln628_6"   --->   Operation 257 'add' 'add_ln840_52' <Predicate = (!icmp_ln123)> <Delay = 0.96> <CoreInst = "TAddSub">   --->   Core 10 'TAddSub' <Latency = 0> <II = 1> <Delay = 0.48> <IPBlock> <Opcode : 'add' 'sub'> <InPorts = 3> <OutPorts = 1> <Sync> <CReg>
ST_1 : Operation 258 [1/1] (0.00ns)   --->   "%sext_ln840_80 = sext i10 %add_ln840_52"   --->   Operation 258 'sext' 'sext_ln840_80' <Predicate = (!icmp_ln123)> <Delay = 0.00>
ST_1 : Operation 259 [1/1] (0.78ns)   --->   "%add_ln840_53 = add i11 %sext_ln840_80, i11 %sext_ln840_78"   --->   Operation 259 'add' 'add_ln840_53' <Predicate = (!icmp_ln123)> <Delay = 0.78> <CoreInst = "Adder">   --->   Core 1 'Adder' <Latency = 0> <II = 1> <Delay = 0.78> <FuncUnit> <Opcode : 'add' 'sub'> <InPorts = 2> <OutPorts = 1>
ST_1 : Operation 260 [1/1] (0.00ns)   --->   "%sext_ln840_81 = sext i11 %add_ln840_53"   --->   Operation 260 'sext' 'sext_ln840_81' <Predicate = (!icmp_ln123)> <Delay = 0.00>
ST_1 : Operation 261 [1/1] (0.00ns) (grouped into TernaryAdder)   --->   "%sub_ln840_22 = sub i10 %sext_ln628_16, i10 %sext_ln840_40"   --->   Operation 261 'sub' 'sub_ln840_22' <Predicate = (!icmp_ln123)> <Delay = 0.00> <CoreInst = "TAddSub">   --->   Core 10 'TAddSub' <Latency = 0> <II = 1> <Delay = 0.48> <IPBlock> <Opcode : 'add' 'sub'> <InPorts = 3> <OutPorts = 1> <Sync> <CReg>
ST_1 : Operation 262 [1/1] (0.96ns) (root node of TernaryAdder)   --->   "%add_ln840_54 = add i10 %sub_ln840_22, i10 %sext_ln628_11"   --->   Operation 262 'add' 'add_ln840_54' <Predicate = (!icmp_ln123)> <Delay = 0.96> <CoreInst = "TAddSub">   --->   Core 10 'TAddSub' <Latency = 0> <II = 1> <Delay = 0.48> <IPBlock> <Opcode : 'add' 'sub'> <InPorts = 3> <OutPorts = 1> <Sync> <CReg>
ST_1 : Operation 263 [1/1] (0.00ns)   --->   "%sext_ln840_82 = sext i10 %add_ln840_54"   --->   Operation 263 'sext' 'sext_ln840_82' <Predicate = (!icmp_ln123)> <Delay = 0.00>
ST_1 : Operation 264 [1/1] (0.76ns)   --->   "%sub_ln840_23 = sub i9 %sext_ln840, i9 %sext_ln840_5"   --->   Operation 264 'sub' 'sub_ln840_23' <Predicate = (!icmp_ln123)> <Delay = 0.76> <CoreInst = "Adder">   --->   Core 1 'Adder' <Latency = 0> <II = 1> <Delay = 0.76> <FuncUnit> <Opcode : 'add' 'sub'> <InPorts = 2> <OutPorts = 1>
ST_1 : Operation 265 [1/1] (0.00ns)   --->   "%sext_ln840_83 = sext i9 %sub_ln840_23"   --->   Operation 265 'sext' 'sext_ln840_83' <Predicate = (!icmp_ln123)> <Delay = 0.00>
ST_1 : Operation 266 [1/1] (0.77ns)   --->   "%sub_ln840_24 = sub i10 %sext_ln840_83, i10 %sext_ln840_21"   --->   Operation 266 'sub' 'sub_ln840_24' <Predicate = (!icmp_ln123)> <Delay = 0.77> <CoreInst = "Adder">   --->   Core 1 'Adder' <Latency = 0> <II = 1> <Delay = 0.77> <FuncUnit> <Opcode : 'add' 'sub'> <InPorts = 2> <OutPorts = 1>
ST_1 : Operation 267 [1/1] (0.00ns)   --->   "%sext_ln840_84 = sext i10 %sub_ln840_24"   --->   Operation 267 'sext' 'sext_ln840_84' <Predicate = (!icmp_ln123)> <Delay = 0.00>
ST_1 : Operation 268 [1/1] (0.78ns)   --->   "%add_ln840_55 = add i11 %sext_ln840_84, i11 %sext_ln840_82"   --->   Operation 268 'add' 'add_ln840_55' <Predicate = (!icmp_ln123)> <Delay = 0.78> <CoreInst = "Adder">   --->   Core 1 'Adder' <Latency = 0> <II = 1> <Delay = 0.78> <FuncUnit> <Opcode : 'add' 'sub'> <InPorts = 2> <OutPorts = 1>
ST_1 : Operation 269 [1/1] (0.00ns)   --->   "%sext_ln840_85 = sext i11 %add_ln840_55"   --->   Operation 269 'sext' 'sext_ln840_85' <Predicate = (!icmp_ln123)> <Delay = 0.00>
ST_1 : Operation 270 [1/1] (0.79ns)   --->   "%add_ln840_56 = add i12 %sext_ln840_85, i12 %sext_ln840_81"   --->   Operation 270 'add' 'add_ln840_56' <Predicate = (!icmp_ln123)> <Delay = 0.79> <CoreInst = "Adder">   --->   Core 1 'Adder' <Latency = 0> <II = 1> <Delay = 0.79> <FuncUnit> <Opcode : 'add' 'sub'> <InPorts = 2> <OutPorts = 1>
ST_1 : Operation 271 [1/1] (0.00ns)   --->   "%sext_ln840_86 = sext i12 %add_ln840_56"   --->   Operation 271 'sext' 'sext_ln840_86' <Predicate = (!icmp_ln123)> <Delay = 0.00>
ST_1 : Operation 272 [1/1] (0.76ns)   --->   "%add_ln840_57 = add i9 %sext_ln1494_3, i9 %sext_ln1494_4"   --->   Operation 272 'add' 'add_ln840_57' <Predicate = (!icmp_ln123)> <Delay = 0.76> <CoreInst = "Adder">   --->   Core 1 'Adder' <Latency = 0> <II = 1> <Delay = 0.76> <FuncUnit> <Opcode : 'add' 'sub'> <InPorts = 2> <OutPorts = 1>
ST_1 : Operation 273 [1/1] (0.00ns)   --->   "%sext_ln840_87 = sext i9 %add_ln840_57"   --->   Operation 273 'sext' 'sext_ln840_87' <Predicate = (!icmp_ln123)> <Delay = 0.00>
ST_1 : Operation 274 [1/1] (0.77ns)   --->   "%add_ln840_58 = add i10 %sext_ln840_87, i10 %sext_ln840_57"   --->   Operation 274 'add' 'add_ln840_58' <Predicate = (!icmp_ln123)> <Delay = 0.77> <CoreInst = "Adder">   --->   Core 1 'Adder' <Latency = 0> <II = 1> <Delay = 0.77> <FuncUnit> <Opcode : 'add' 'sub'> <InPorts = 2> <OutPorts = 1>
ST_1 : Operation 275 [1/1] (0.00ns)   --->   "%sext_ln840_88 = sext i10 %add_ln840_58"   --->   Operation 275 'sext' 'sext_ln840_88' <Predicate = (!icmp_ln123)> <Delay = 0.00>
ST_1 : Operation 276 [1/1] (0.76ns)   --->   "%add_ln840_59 = add i9 %sext_ln1494_8, i9 %sext_ln1494_11"   --->   Operation 276 'add' 'add_ln840_59' <Predicate = (!icmp_ln123)> <Delay = 0.76> <CoreInst = "Adder">   --->   Core 1 'Adder' <Latency = 0> <II = 1> <Delay = 0.76> <FuncUnit> <Opcode : 'add' 'sub'> <InPorts = 2> <OutPorts = 1>
ST_1 : Operation 277 [1/1] (0.00ns)   --->   "%sext_ln840_89 = sext i9 %add_ln840_59"   --->   Operation 277 'sext' 'sext_ln840_89' <Predicate = (!icmp_ln123)> <Delay = 0.00>
ST_1 : Operation 278 [1/1] (0.77ns)   --->   "%add_ln840_60 = add i10 %sext_ln840_89, i10 %sext_ln840_13"   --->   Operation 278 'add' 'add_ln840_60' <Predicate = (!icmp_ln123)> <Delay = 0.77> <CoreInst = "Adder">   --->   Core 1 'Adder' <Latency = 0> <II = 1> <Delay = 0.77> <FuncUnit> <Opcode : 'add' 'sub'> <InPorts = 2> <OutPorts = 1>
ST_1 : Operation 279 [1/1] (0.00ns)   --->   "%sext_ln840_90 = sext i10 %add_ln840_60"   --->   Operation 279 'sext' 'sext_ln840_90' <Predicate = (!icmp_ln123)> <Delay = 0.00>
ST_1 : Operation 280 [1/1] (0.78ns)   --->   "%add_ln840_61 = add i11 %sext_ln840_90, i11 %sext_ln840_88"   --->   Operation 280 'add' 'add_ln840_61' <Predicate = (!icmp_ln123)> <Delay = 0.78> <CoreInst = "Adder">   --->   Core 1 'Adder' <Latency = 0> <II = 1> <Delay = 0.78> <FuncUnit> <Opcode : 'add' 'sub'> <InPorts = 2> <OutPorts = 1>
ST_1 : Operation 281 [1/1] (0.00ns)   --->   "%sext_ln840_91 = sext i11 %add_ln840_61"   --->   Operation 281 'sext' 'sext_ln840_91' <Predicate = (!icmp_ln123)> <Delay = 0.00>
ST_1 : Operation 282 [1/1] (0.76ns)   --->   "%add_ln840_62 = add i9 %sext_ln1494_13, i9 %sext_ln840_2"   --->   Operation 282 'add' 'add_ln840_62' <Predicate = (!icmp_ln123)> <Delay = 0.76> <CoreInst = "Adder">   --->   Core 1 'Adder' <Latency = 0> <II = 1> <Delay = 0.76> <FuncUnit> <Opcode : 'add' 'sub'> <InPorts = 2> <OutPorts = 1>
ST_1 : Operation 283 [1/1] (0.00ns)   --->   "%sext_ln840_92 = sext i9 %add_ln840_62"   --->   Operation 283 'sext' 'sext_ln840_92' <Predicate = (!icmp_ln123)> <Delay = 0.00>
ST_1 : Operation 284 [1/1] (0.77ns)   --->   "%add_ln840_63 = add i10 %sext_ln840_92, i10 %sext_ln840_55"   --->   Operation 284 'add' 'add_ln840_63' <Predicate = (!icmp_ln123)> <Delay = 0.77> <CoreInst = "Adder">   --->   Core 1 'Adder' <Latency = 0> <II = 1> <Delay = 0.77> <FuncUnit> <Opcode : 'add' 'sub'> <InPorts = 2> <OutPorts = 1>
ST_1 : Operation 285 [1/1] (0.00ns)   --->   "%sext_ln840_93 = sext i10 %add_ln840_63"   --->   Operation 285 'sext' 'sext_ln840_93' <Predicate = (!icmp_ln123)> <Delay = 0.00>
ST_1 : Operation 286 [1/1] (0.76ns)   --->   "%add_ln840_64 = add i9 %sext_ln840_4, i9 %sext_ln1494_17"   --->   Operation 286 'add' 'add_ln840_64' <Predicate = (!icmp_ln123)> <Delay = 0.76> <CoreInst = "Adder">   --->   Core 1 'Adder' <Latency = 0> <II = 1> <Delay = 0.76> <FuncUnit> <Opcode : 'add' 'sub'> <InPorts = 2> <OutPorts = 1>
ST_1 : Operation 287 [1/1] (0.00ns)   --->   "%sext_ln840_94 = sext i9 %add_ln840_64"   --->   Operation 287 'sext' 'sext_ln840_94' <Predicate = (!icmp_ln123)> <Delay = 0.00>
ST_1 : Operation 288 [1/1] (0.77ns)   --->   "%add_ln840_65 = add i10 %sext_ln840_94, i10 %sext_ln628_17"   --->   Operation 288 'add' 'add_ln840_65' <Predicate = (!icmp_ln123)> <Delay = 0.77> <CoreInst = "Adder">   --->   Core 1 'Adder' <Latency = 0> <II = 1> <Delay = 0.77> <FuncUnit> <Opcode : 'add' 'sub'> <InPorts = 2> <OutPorts = 1>
ST_1 : Operation 289 [1/1] (0.00ns)   --->   "%sext_ln840_95 = sext i10 %add_ln840_65"   --->   Operation 289 'sext' 'sext_ln840_95' <Predicate = (!icmp_ln123)> <Delay = 0.00>
ST_1 : Operation 290 [1/1] (0.78ns)   --->   "%add_ln840_66 = add i11 %sext_ln840_95, i11 %sext_ln840_93"   --->   Operation 290 'add' 'add_ln840_66' <Predicate = (!icmp_ln123)> <Delay = 0.78> <CoreInst = "Adder">   --->   Core 1 'Adder' <Latency = 0> <II = 1> <Delay = 0.78> <FuncUnit> <Opcode : 'add' 'sub'> <InPorts = 2> <OutPorts = 1>
ST_1 : Operation 291 [1/1] (0.00ns)   --->   "%sext_ln840_96 = sext i11 %add_ln840_66"   --->   Operation 291 'sext' 'sext_ln840_96' <Predicate = (!icmp_ln123)> <Delay = 0.00>
ST_1 : Operation 292 [1/1] (0.79ns)   --->   "%add_ln840_67 = add i12 %sext_ln840_96, i12 %sext_ln840_91"   --->   Operation 292 'add' 'add_ln840_67' <Predicate = (!icmp_ln123)> <Delay = 0.79> <CoreInst = "Adder">   --->   Core 1 'Adder' <Latency = 0> <II = 1> <Delay = 0.79> <FuncUnit> <Opcode : 'add' 'sub'> <InPorts = 2> <OutPorts = 1>
ST_1 : Operation 293 [1/1] (0.00ns)   --->   "%sext_ln840_97 = sext i12 %add_ln840_67"   --->   Operation 293 'sext' 'sext_ln840_97' <Predicate = (!icmp_ln123)> <Delay = 0.00>
ST_1 : Operation 294 [1/1] (0.80ns)   --->   "%add_ln840_68 = add i13 %sext_ln840_97, i13 %sext_ln840_86"   --->   Operation 294 'add' 'add_ln840_68' <Predicate = (!icmp_ln123)> <Delay = 0.80> <CoreInst = "Adder">   --->   Core 1 'Adder' <Latency = 0> <II = 1> <Delay = 0.80> <FuncUnit> <Opcode : 'add' 'sub'> <InPorts = 2> <OutPorts = 1>
ST_1 : Operation 295 [1/1] (0.00ns) (grouped into TernaryAdder)   --->   "%sub_ln840_25 = sub i10 %sext_ln628_9, i10 %sext_ln628_2"   --->   Operation 295 'sub' 'sub_ln840_25' <Predicate = (!icmp_ln123)> <Delay = 0.00> <CoreInst = "TAddSub">   --->   Core 10 'TAddSub' <Latency = 0> <II = 1> <Delay = 0.48> <IPBlock> <Opcode : 'add' 'sub'> <InPorts = 3> <OutPorts = 1> <Sync> <CReg>
ST_1 : Operation 296 [1/1] (0.96ns) (root node of TernaryAdder)   --->   "%add_ln840_69 = add i10 %sub_ln840_25, i10 %sext_ln840_76"   --->   Operation 296 'add' 'add_ln840_69' <Predicate = (!icmp_ln123)> <Delay = 0.96> <CoreInst = "TAddSub">   --->   Core 10 'TAddSub' <Latency = 0> <II = 1> <Delay = 0.48> <IPBlock> <Opcode : 'add' 'sub'> <InPorts = 3> <OutPorts = 1> <Sync> <CReg>
ST_1 : Operation 297 [1/1] (0.00ns)   --->   "%sext_ln840_98 = sext i10 %add_ln840_69"   --->   Operation 297 'sext' 'sext_ln840_98' <Predicate = (!icmp_ln123)> <Delay = 0.00>
ST_1 : Operation 298 [1/1] (0.78ns)   --->   "%add_ln840_70 = add i11 %sext_ln840_20, i11 %sext_ln840_98"   --->   Operation 298 'add' 'add_ln840_70' <Predicate = (!icmp_ln123)> <Delay = 0.78> <CoreInst = "Adder">   --->   Core 1 'Adder' <Latency = 0> <II = 1> <Delay = 0.78> <FuncUnit> <Opcode : 'add' 'sub'> <InPorts = 2> <OutPorts = 1>
ST_1 : Operation 299 [1/1] (0.00ns)   --->   "%sext_ln840_99 = sext i11 %add_ln840_70"   --->   Operation 299 'sext' 'sext_ln840_99' <Predicate = (!icmp_ln123)> <Delay = 0.00>
ST_1 : Operation 300 [1/1] (0.00ns) (grouped into TernaryAdder)   --->   "%sub_ln840_26 = sub i10 %sext_ln1494_18, i10 %sext_ln840_21"   --->   Operation 300 'sub' 'sub_ln840_26' <Predicate = (!icmp_ln123)> <Delay = 0.00> <CoreInst = "TAddSub">   --->   Core 10 'TAddSub' <Latency = 0> <II = 1> <Delay = 0.48> <IPBlock> <Opcode : 'add' 'sub'> <InPorts = 3> <OutPorts = 1> <Sync> <CReg>
ST_1 : Operation 301 [1/1] (0.96ns) (root node of TernaryAdder)   --->   "%add_ln840_71 = add i10 %sub_ln840_26, i10 %sext_ln628_16"   --->   Operation 301 'add' 'add_ln840_71' <Predicate = (!icmp_ln123)> <Delay = 0.96> <CoreInst = "TAddSub">   --->   Core 10 'TAddSub' <Latency = 0> <II = 1> <Delay = 0.48> <IPBlock> <Opcode : 'add' 'sub'> <InPorts = 3> <OutPorts = 1> <Sync> <CReg>
ST_1 : Operation 302 [1/1] (0.00ns)   --->   "%sext_ln840_100 = sext i10 %add_ln840_71"   --->   Operation 302 'sext' 'sext_ln840_100' <Predicate = (!icmp_ln123)> <Delay = 0.00>
ST_1 : Operation 303 [1/1] (0.00ns)   --->   "%sext_ln840_101 = sext i9 %ret_V_23"   --->   Operation 303 'sext' 'sext_ln840_101' <Predicate = (!icmp_ln123)> <Delay = 0.00>
ST_1 : Operation 304 [1/1] (0.00ns) (grouped into TernaryAdder)   --->   "%sub_ln840_27 = sub i10 %sext_ln840_101, i10 %sext_ln628_18"   --->   Operation 304 'sub' 'sub_ln840_27' <Predicate = (!icmp_ln123)> <Delay = 0.00> <CoreInst = "TAddSub">   --->   Core 10 'TAddSub' <Latency = 0> <II = 1> <Delay = 0.48> <IPBlock> <Opcode : 'add' 'sub'> <InPorts = 3> <OutPorts = 1> <Sync> <CReg>
ST_1 : Operation 305 [1/1] (0.96ns) (root node of TernaryAdder)   --->   "%add_ln840_72 = add i10 %sub_ln840_27, i10 %sext_ln1494_19"   --->   Operation 305 'add' 'add_ln840_72' <Predicate = (!icmp_ln123)> <Delay = 0.96> <CoreInst = "TAddSub">   --->   Core 10 'TAddSub' <Latency = 0> <II = 1> <Delay = 0.48> <IPBlock> <Opcode : 'add' 'sub'> <InPorts = 3> <OutPorts = 1> <Sync> <CReg>
ST_1 : Operation 306 [1/1] (0.00ns)   --->   "%sext_ln840_102 = sext i10 %add_ln840_72"   --->   Operation 306 'sext' 'sext_ln840_102' <Predicate = (!icmp_ln123)> <Delay = 0.00>
ST_1 : Operation 307 [1/1] (0.78ns)   --->   "%add_ln840_73 = add i11 %sext_ln840_102, i11 %sext_ln840_100"   --->   Operation 307 'add' 'add_ln840_73' <Predicate = (!icmp_ln123)> <Delay = 0.78> <CoreInst = "Adder">   --->   Core 1 'Adder' <Latency = 0> <II = 1> <Delay = 0.78> <FuncUnit> <Opcode : 'add' 'sub'> <InPorts = 2> <OutPorts = 1>
ST_1 : Operation 308 [1/1] (0.00ns)   --->   "%sext_ln840_103 = sext i11 %add_ln840_73"   --->   Operation 308 'sext' 'sext_ln840_103' <Predicate = (!icmp_ln123)> <Delay = 0.00>
ST_1 : Operation 309 [1/1] (0.79ns)   --->   "%add_ln840_74 = add i12 %sext_ln840_103, i12 %sext_ln840_99"   --->   Operation 309 'add' 'add_ln840_74' <Predicate = (!icmp_ln123)> <Delay = 0.79> <CoreInst = "Adder">   --->   Core 1 'Adder' <Latency = 0> <II = 1> <Delay = 0.79> <FuncUnit> <Opcode : 'add' 'sub'> <InPorts = 2> <OutPorts = 1>
ST_1 : Operation 310 [1/1] (0.00ns)   --->   "%sext_ln840_104 = sext i12 %add_ln840_74"   --->   Operation 310 'sext' 'sext_ln840_104' <Predicate = (!icmp_ln123)> <Delay = 0.00>
ST_1 : Operation 311 [1/1] (0.76ns)   --->   "%add_ln840_75 = add i9 %sext_ln840_1, i9 %sext_ln1494_1"   --->   Operation 311 'add' 'add_ln840_75' <Predicate = (!icmp_ln123)> <Delay = 0.76> <CoreInst = "Adder">   --->   Core 1 'Adder' <Latency = 0> <II = 1> <Delay = 0.76> <FuncUnit> <Opcode : 'add' 'sub'> <InPorts = 2> <OutPorts = 1>
ST_1 : Operation 312 [1/1] (0.00ns)   --->   "%sext_ln840_105 = sext i8 %r_V_24"   --->   Operation 312 'sext' 'sext_ln840_105' <Predicate = (!icmp_ln123)> <Delay = 0.00>
ST_1 : Operation 313 [1/1] (0.00ns)   --->   "%sext_ln840_106 = sext i9 %add_ln840_75"   --->   Operation 313 'sext' 'sext_ln840_106' <Predicate = (!icmp_ln123)> <Delay = 0.00>
ST_1 : Operation 314 [1/1] (0.77ns)   --->   "%sub_ln840_28 = sub i10 %sext_ln840_106, i10 %sext_ln840_105"   --->   Operation 314 'sub' 'sub_ln840_28' <Predicate = (!icmp_ln123)> <Delay = 0.77> <CoreInst = "Adder">   --->   Core 1 'Adder' <Latency = 0> <II = 1> <Delay = 0.77> <FuncUnit> <Opcode : 'add' 'sub'> <InPorts = 2> <OutPorts = 1>
ST_1 : Operation 315 [1/1] (0.00ns)   --->   "%sext_ln840_107 = sext i10 %sub_ln840_28"   --->   Operation 315 'sext' 'sext_ln840_107' <Predicate = (!icmp_ln123)> <Delay = 0.00>
ST_1 : Operation 316 [1/1] (0.78ns)   --->   "%add_ln840_76 = add i11 %sext_ln840_88, i11 %sext_ln840_107"   --->   Operation 316 'add' 'add_ln840_76' <Predicate = (!icmp_ln123)> <Delay = 0.78> <CoreInst = "Adder">   --->   Core 1 'Adder' <Latency = 0> <II = 1> <Delay = 0.78> <FuncUnit> <Opcode : 'add' 'sub'> <InPorts = 2> <OutPorts = 1>
ST_1 : Operation 317 [1/1] (0.00ns)   --->   "%sext_ln840_108 = sext i11 %add_ln840_76"   --->   Operation 317 'sext' 'sext_ln840_108' <Predicate = (!icmp_ln123)> <Delay = 0.00>
ST_1 : Operation 318 [1/1] (0.76ns)   --->   "%add_ln840_77 = add i9 %sext_ln1494_6, i9 %sext_ln1494_7"   --->   Operation 318 'add' 'add_ln840_77' <Predicate = (!icmp_ln123)> <Delay = 0.76> <CoreInst = "Adder">   --->   Core 1 'Adder' <Latency = 0> <II = 1> <Delay = 0.76> <FuncUnit> <Opcode : 'add' 'sub'> <InPorts = 2> <OutPorts = 1>
ST_1 : Operation 319 [1/1] (0.00ns)   --->   "%sext_ln840_109 = sext i9 %add_ln840_77"   --->   Operation 319 'sext' 'sext_ln840_109' <Predicate = (!icmp_ln123)> <Delay = 0.00>
ST_1 : Operation 320 [1/1] (0.77ns)   --->   "%add_ln840_78 = add i10 %sext_ln840_109, i10 %sext_ln840_33"   --->   Operation 320 'add' 'add_ln840_78' <Predicate = (!icmp_ln123)> <Delay = 0.77> <CoreInst = "Adder">   --->   Core 1 'Adder' <Latency = 0> <II = 1> <Delay = 0.77> <FuncUnit> <Opcode : 'add' 'sub'> <InPorts = 2> <OutPorts = 1>
ST_1 : Operation 321 [1/1] (0.00ns)   --->   "%sext_ln840_110 = sext i10 %add_ln840_78"   --->   Operation 321 'sext' 'sext_ln840_110' <Predicate = (!icmp_ln123)> <Delay = 0.00>
ST_1 : Operation 322 [1/1] (0.76ns)   --->   "%add_ln840_79 = add i9 %sext_ln1494_10, i9 %sext_ln1494_11"   --->   Operation 322 'add' 'add_ln840_79' <Predicate = (!icmp_ln123)> <Delay = 0.76> <CoreInst = "Adder">   --->   Core 1 'Adder' <Latency = 0> <II = 1> <Delay = 0.76> <FuncUnit> <Opcode : 'add' 'sub'> <InPorts = 2> <OutPorts = 1>
ST_1 : Operation 323 [1/1] (0.00ns)   --->   "%sext_ln840_111 = sext i9 %add_ln840_79"   --->   Operation 323 'sext' 'sext_ln840_111' <Predicate = (!icmp_ln123)> <Delay = 0.00>
ST_1 : Operation 324 [1/1] (0.77ns)   --->   "%add_ln840_80 = add i10 %sext_ln840_111, i10 %sext_ln840_38"   --->   Operation 324 'add' 'add_ln840_80' <Predicate = (!icmp_ln123)> <Delay = 0.77> <CoreInst = "Adder">   --->   Core 1 'Adder' <Latency = 0> <II = 1> <Delay = 0.77> <FuncUnit> <Opcode : 'add' 'sub'> <InPorts = 2> <OutPorts = 1>
ST_1 : Operation 325 [1/1] (0.00ns)   --->   "%sext_ln840_112 = sext i10 %add_ln840_80"   --->   Operation 325 'sext' 'sext_ln840_112' <Predicate = (!icmp_ln123)> <Delay = 0.00>
ST_1 : Operation 326 [1/1] (0.78ns)   --->   "%add_ln840_81 = add i11 %sext_ln840_112, i11 %sext_ln840_110"   --->   Operation 326 'add' 'add_ln840_81' <Predicate = (!icmp_ln123)> <Delay = 0.78> <CoreInst = "Adder">   --->   Core 1 'Adder' <Latency = 0> <II = 1> <Delay = 0.78> <FuncUnit> <Opcode : 'add' 'sub'> <InPorts = 2> <OutPorts = 1>
ST_1 : Operation 327 [1/1] (0.00ns)   --->   "%sext_ln840_113 = sext i11 %add_ln840_81"   --->   Operation 327 'sext' 'sext_ln840_113' <Predicate = (!icmp_ln123)> <Delay = 0.00>
ST_1 : Operation 328 [1/1] (0.79ns)   --->   "%add_ln840_82 = add i12 %sext_ln840_113, i12 %sext_ln840_108"   --->   Operation 328 'add' 'add_ln840_82' <Predicate = (!icmp_ln123)> <Delay = 0.79> <CoreInst = "Adder">   --->   Core 1 'Adder' <Latency = 0> <II = 1> <Delay = 0.79> <FuncUnit> <Opcode : 'add' 'sub'> <InPorts = 2> <OutPorts = 1>
ST_1 : Operation 329 [1/1] (0.00ns)   --->   "%sext_ln840_114 = sext i12 %add_ln840_82"   --->   Operation 329 'sext' 'sext_ln840_114' <Predicate = (!icmp_ln123)> <Delay = 0.00>
ST_1 : Operation 330 [1/1] (0.80ns)   --->   "%add_ln840_83 = add i13 %sext_ln840_114, i13 %sext_ln840_104"   --->   Operation 330 'add' 'add_ln840_83' <Predicate = (!icmp_ln123)> <Delay = 0.80> <CoreInst = "Adder">   --->   Core 1 'Adder' <Latency = 0> <II = 1> <Delay = 0.80> <FuncUnit> <Opcode : 'add' 'sub'> <InPorts = 2> <OutPorts = 1>
ST_1 : Operation 331 [1/1] (0.76ns)   --->   "%sub_ln840_2 = sub i9 %sext_ln1494, i9 %sext_ln628_1"   --->   Operation 331 'sub' 'sub_ln840_2' <Predicate = (!icmp_ln123)> <Delay = 0.76> <CoreInst = "Adder">   --->   Core 1 'Adder' <Latency = 0> <II = 1> <Delay = 0.76> <FuncUnit> <Opcode : 'add' 'sub'> <InPorts = 2> <OutPorts = 1>
ST_1 : Operation 332 [1/1] (0.00ns)   --->   "%sext_ln840_115 = sext i9 %sub_ln840_2"   --->   Operation 332 'sext' 'sext_ln840_115' <Predicate = (!icmp_ln123)> <Delay = 0.00>
ST_1 : Operation 333 [1/1] (0.00ns)   --->   "%sext_ln840_116 = sext i9 %ret_V_22"   --->   Operation 333 'sext' 'sext_ln840_116' <Predicate = (!icmp_ln123)> <Delay = 0.00>
ST_1 : Operation 334 [1/1] (0.00ns) (grouped into TernaryAdder)   --->   "%sub_ln840_29 = sub i10 %sext_ln840_116, i10 %sext_ln628_2"   --->   Operation 334 'sub' 'sub_ln840_29' <Predicate = (!icmp_ln123)> <Delay = 0.00> <CoreInst = "TAddSub">   --->   Core 10 'TAddSub' <Latency = 0> <II = 1> <Delay = 0.48> <IPBlock> <Opcode : 'add' 'sub'> <InPorts = 3> <OutPorts = 1> <Sync> <CReg>
ST_1 : Operation 335 [1/1] (0.96ns) (root node of TernaryAdder)   --->   "%add_ln840_84 = add i10 %sub_ln840_29, i10 %sext_ln840_115"   --->   Operation 335 'add' 'add_ln840_84' <Predicate = (!icmp_ln123)> <Delay = 0.96> <CoreInst = "TAddSub">   --->   Core 10 'TAddSub' <Latency = 0> <II = 1> <Delay = 0.48> <IPBlock> <Opcode : 'add' 'sub'> <InPorts = 3> <OutPorts = 1> <Sync> <CReg>
ST_1 : Operation 336 [1/1] (0.00ns)   --->   "%sext_ln840_117 = sext i10 %add_ln840_84"   --->   Operation 336 'sext' 'sext_ln840_117' <Predicate = (!icmp_ln123)> <Delay = 0.00>
ST_1 : Operation 337 [1/1] (0.00ns)   --->   "%sext_ln840_118 = sext i8 %r_V_6"   --->   Operation 337 'sext' 'sext_ln840_118' <Predicate = (!icmp_ln123)> <Delay = 0.00>
ST_1 : Operation 338 [1/1] (0.00ns) (grouped into TernaryAdder)   --->   "%sub_ln840_30 = sub i10 %sext_ln628_5, i10 %sext_ln840_118"   --->   Operation 338 'sub' 'sub_ln840_30' <Predicate = (!icmp_ln123)> <Delay = 0.00> <CoreInst = "TAddSub">   --->   Core 10 'TAddSub' <Latency = 0> <II = 1> <Delay = 0.48> <IPBlock> <Opcode : 'add' 'sub'> <InPorts = 3> <OutPorts = 1> <Sync> <CReg>
ST_1 : Operation 339 [1/1] (0.96ns) (root node of TernaryAdder)   --->   "%add_ln840_85 = add i10 %sub_ln840_30, i10 %sext_ln628_3"   --->   Operation 339 'add' 'add_ln840_85' <Predicate = (!icmp_ln123)> <Delay = 0.96> <CoreInst = "TAddSub">   --->   Core 10 'TAddSub' <Latency = 0> <II = 1> <Delay = 0.48> <IPBlock> <Opcode : 'add' 'sub'> <InPorts = 3> <OutPorts = 1> <Sync> <CReg>
ST_1 : Operation 340 [1/1] (0.00ns)   --->   "%sext_ln840_119 = sext i10 %add_ln840_85"   --->   Operation 340 'sext' 'sext_ln840_119' <Predicate = (!icmp_ln123)> <Delay = 0.00>
ST_1 : Operation 341 [1/1] (0.78ns)   --->   "%add_ln840_86 = add i11 %sext_ln840_119, i11 %sext_ln840_117"   --->   Operation 341 'add' 'add_ln840_86' <Predicate = (!icmp_ln123)> <Delay = 0.78> <CoreInst = "Adder">   --->   Core 1 'Adder' <Latency = 0> <II = 1> <Delay = 0.78> <FuncUnit> <Opcode : 'add' 'sub'> <InPorts = 2> <OutPorts = 1>
ST_1 : Operation 342 [1/1] (0.00ns)   --->   "%sext_ln840_120 = sext i11 %add_ln840_86"   --->   Operation 342 'sext' 'sext_ln840_120' <Predicate = (!icmp_ln123)> <Delay = 0.00>
ST_1 : Operation 343 [1/1] (0.00ns) (grouped into TernaryAdder)   --->   "%sub_ln840_31 = sub i10 %sext_ln628_8, i10 %sext_ln840_79"   --->   Operation 343 'sub' 'sub_ln840_31' <Predicate = (!icmp_ln123)> <Delay = 0.00> <CoreInst = "TAddSub">   --->   Core 10 'TAddSub' <Latency = 0> <II = 1> <Delay = 0.48> <IPBlock> <Opcode : 'add' 'sub'> <InPorts = 3> <OutPorts = 1> <Sync> <CReg>
ST_1 : Operation 344 [1/1] (0.96ns) (root node of TernaryAdder)   --->   "%add_ln840_87 = add i10 %sub_ln840_31, i10 %sext_ln628_6"   --->   Operation 344 'add' 'add_ln840_87' <Predicate = (!icmp_ln123)> <Delay = 0.96> <CoreInst = "TAddSub">   --->   Core 10 'TAddSub' <Latency = 0> <II = 1> <Delay = 0.48> <IPBlock> <Opcode : 'add' 'sub'> <InPorts = 3> <OutPorts = 1> <Sync> <CReg>
ST_1 : Operation 345 [1/1] (0.00ns)   --->   "%sext_ln840_121 = sext i10 %add_ln840_87"   --->   Operation 345 'sext' 'sext_ln840_121' <Predicate = (!icmp_ln123)> <Delay = 0.00>
ST_1 : Operation 346 [1/1] (0.00ns) (grouped into TernaryAdder)   --->   "%sub_ln840_32 = sub i10 %sext_ln628_11, i10 %sext_ln840_38"   --->   Operation 346 'sub' 'sub_ln840_32' <Predicate = (!icmp_ln123)> <Delay = 0.00> <CoreInst = "TAddSub">   --->   Core 10 'TAddSub' <Latency = 0> <II = 1> <Delay = 0.48> <IPBlock> <Opcode : 'add' 'sub'> <InPorts = 3> <OutPorts = 1> <Sync> <CReg>
ST_1 : Operation 347 [1/1] (0.96ns) (root node of TernaryAdder)   --->   "%add_ln840_88 = add i10 %sub_ln840_32, i10 %sext_ln628_9"   --->   Operation 347 'add' 'add_ln840_88' <Predicate = (!icmp_ln123)> <Delay = 0.96> <CoreInst = "TAddSub">   --->   Core 10 'TAddSub' <Latency = 0> <II = 1> <Delay = 0.48> <IPBlock> <Opcode : 'add' 'sub'> <InPorts = 3> <OutPorts = 1> <Sync> <CReg>
ST_1 : Operation 348 [1/1] (0.00ns)   --->   "%sext_ln840_122 = sext i10 %add_ln840_88"   --->   Operation 348 'sext' 'sext_ln840_122' <Predicate = (!icmp_ln123)> <Delay = 0.00>
ST_1 : Operation 349 [1/1] (0.78ns)   --->   "%add_ln840_89 = add i11 %sext_ln840_122, i11 %sext_ln840_121"   --->   Operation 349 'add' 'add_ln840_89' <Predicate = (!icmp_ln123)> <Delay = 0.78> <CoreInst = "Adder">   --->   Core 1 'Adder' <Latency = 0> <II = 1> <Delay = 0.78> <FuncUnit> <Opcode : 'add' 'sub'> <InPorts = 2> <OutPorts = 1>
ST_1 : Operation 350 [1/1] (0.00ns)   --->   "%sext_ln840_123 = sext i11 %add_ln840_89"   --->   Operation 350 'sext' 'sext_ln840_123' <Predicate = (!icmp_ln123)> <Delay = 0.00>
ST_1 : Operation 351 [1/1] (0.79ns)   --->   "%add_ln840_90 = add i12 %sext_ln840_123, i12 %sext_ln840_120"   --->   Operation 351 'add' 'add_ln840_90' <Predicate = (!icmp_ln123)> <Delay = 0.79> <CoreInst = "Adder">   --->   Core 1 'Adder' <Latency = 0> <II = 1> <Delay = 0.79> <FuncUnit> <Opcode : 'add' 'sub'> <InPorts = 2> <OutPorts = 1>
ST_1 : Operation 352 [1/1] (0.00ns)   --->   "%sext_ln840_124 = sext i12 %add_ln840_90"   --->   Operation 352 'sext' 'sext_ln840_124' <Predicate = (!icmp_ln123)> <Delay = 0.00>
ST_1 : Operation 353 [1/1] (0.00ns) (grouped into TernaryAdder)   --->   "%sub_ln840_33 = sub i10 %sext_ln628_14, i10 %sext_ln840_55"   --->   Operation 353 'sub' 'sub_ln840_33' <Predicate = (!icmp_ln123)> <Delay = 0.00> <CoreInst = "TAddSub">   --->   Core 10 'TAddSub' <Latency = 0> <II = 1> <Delay = 0.48> <IPBlock> <Opcode : 'add' 'sub'> <InPorts = 3> <OutPorts = 1> <Sync> <CReg>
ST_1 : Operation 354 [1/1] (0.96ns) (root node of TernaryAdder)   --->   "%add_ln840_91 = add i10 %sub_ln840_33, i10 %sext_ln628_12"   --->   Operation 354 'add' 'add_ln840_91' <Predicate = (!icmp_ln123)> <Delay = 0.96> <CoreInst = "TAddSub">   --->   Core 10 'TAddSub' <Latency = 0> <II = 1> <Delay = 0.48> <IPBlock> <Opcode : 'add' 'sub'> <InPorts = 3> <OutPorts = 1> <Sync> <CReg>
ST_1 : Operation 355 [1/1] (0.00ns)   --->   "%sext_ln840_125 = sext i10 %add_ln840_91"   --->   Operation 355 'sext' 'sext_ln840_125' <Predicate = (!icmp_ln123)> <Delay = 0.00>
ST_1 : Operation 356 [1/1] (0.00ns)   --->   "%sext_ln840_126 = sext i8 %r_V_18"   --->   Operation 356 'sext' 'sext_ln840_126' <Predicate = (!icmp_ln123)> <Delay = 0.00>
ST_1 : Operation 357 [1/1] (0.00ns)   --->   "%sext_ln840_127 = sext i9 %ret_V_16"   --->   Operation 357 'sext' 'sext_ln840_127' <Predicate = (!icmp_ln123)> <Delay = 0.00>
ST_1 : Operation 358 [1/1] (0.00ns) (grouped into TernaryAdder)   --->   "%sub_ln840_34 = sub i10 %sext_ln840_127, i10 %sext_ln840_126"   --->   Operation 358 'sub' 'sub_ln840_34' <Predicate = (!icmp_ln123)> <Delay = 0.00> <CoreInst = "TAddSub">   --->   Core 10 'TAddSub' <Latency = 0> <II = 1> <Delay = 0.48> <IPBlock> <Opcode : 'add' 'sub'> <InPorts = 3> <OutPorts = 1> <Sync> <CReg>
ST_1 : Operation 359 [1/1] (0.96ns) (root node of TernaryAdder)   --->   "%add_ln840_92 = add i10 %sub_ln840_34, i10 %sext_ln628_15"   --->   Operation 359 'add' 'add_ln840_92' <Predicate = (!icmp_ln123)> <Delay = 0.96> <CoreInst = "TAddSub">   --->   Core 10 'TAddSub' <Latency = 0> <II = 1> <Delay = 0.48> <IPBlock> <Opcode : 'add' 'sub'> <InPorts = 3> <OutPorts = 1> <Sync> <CReg>
ST_1 : Operation 360 [1/1] (0.00ns)   --->   "%sext_ln840_128 = sext i10 %add_ln840_92"   --->   Operation 360 'sext' 'sext_ln840_128' <Predicate = (!icmp_ln123)> <Delay = 0.00>
ST_1 : Operation 361 [1/1] (0.78ns)   --->   "%add_ln840_93 = add i11 %sext_ln840_128, i11 %sext_ln840_125"   --->   Operation 361 'add' 'add_ln840_93' <Predicate = (!icmp_ln123)> <Delay = 0.78> <CoreInst = "Adder">   --->   Core 1 'Adder' <Latency = 0> <II = 1> <Delay = 0.78> <FuncUnit> <Opcode : 'add' 'sub'> <InPorts = 2> <OutPorts = 1>
ST_1 : Operation 362 [1/1] (0.00ns)   --->   "%sext_ln840_129 = sext i11 %add_ln840_93"   --->   Operation 362 'sext' 'sext_ln840_129' <Predicate = (!icmp_ln123)> <Delay = 0.00>
ST_1 : Operation 363 [1/1] (0.00ns)   --->   "%sext_ln840_130 = sext i9 %ret_V_21"   --->   Operation 363 'sext' 'sext_ln840_130' <Predicate = (!icmp_ln123)> <Delay = 0.00>
ST_1 : Operation 364 [1/1] (0.00ns) (grouped into TernaryAdder)   --->   "%sub_ln840_35 = sub i10 %sext_ln840_130, i10 %sext_ln628_17"   --->   Operation 364 'sub' 'sub_ln840_35' <Predicate = (!icmp_ln123)> <Delay = 0.00> <CoreInst = "TAddSub">   --->   Core 10 'TAddSub' <Latency = 0> <II = 1> <Delay = 0.48> <IPBlock> <Opcode : 'add' 'sub'> <InPorts = 3> <OutPorts = 1> <Sync> <CReg>
ST_1 : Operation 365 [1/1] (0.96ns) (root node of TernaryAdder)   --->   "%add_ln840_94 = add i10 %sub_ln840_35, i10 %sext_ln1494_18"   --->   Operation 365 'add' 'add_ln840_94' <Predicate = (!icmp_ln123)> <Delay = 0.96> <CoreInst = "TAddSub">   --->   Core 10 'TAddSub' <Latency = 0> <II = 1> <Delay = 0.48> <IPBlock> <Opcode : 'add' 'sub'> <InPorts = 3> <OutPorts = 1> <Sync> <CReg>
ST_1 : Operation 366 [1/1] (0.00ns)   --->   "%sext_ln840_131 = sext i10 %add_ln840_94"   --->   Operation 366 'sext' 'sext_ln840_131' <Predicate = (!icmp_ln123)> <Delay = 0.00>
ST_1 : Operation 367 [1/1] (0.76ns)   --->   "%sub_ln840_36 = sub i9 %sext_ln1494_2, i9 %sext_ln1494_17"   --->   Operation 367 'sub' 'sub_ln840_36' <Predicate = (!icmp_ln123)> <Delay = 0.76> <CoreInst = "Adder">   --->   Core 1 'Adder' <Latency = 0> <II = 1> <Delay = 0.76> <FuncUnit> <Opcode : 'add' 'sub'> <InPorts = 2> <OutPorts = 1>
ST_1 : Operation 368 [1/1] (0.00ns)   --->   "%sext_ln840_132 = sext i8 %r_V_23"   --->   Operation 368 'sext' 'sext_ln840_132' <Predicate = (!icmp_ln123)> <Delay = 0.00>
ST_1 : Operation 369 [1/1] (0.00ns)   --->   "%sext_ln840_133 = sext i9 %sub_ln840_36"   --->   Operation 369 'sext' 'sext_ln840_133' <Predicate = (!icmp_ln123)> <Delay = 0.00>
ST_1 : Operation 370 [1/1] (0.77ns)   --->   "%sub_ln840_37 = sub i10 %sext_ln840_133, i10 %sext_ln840_132"   --->   Operation 370 'sub' 'sub_ln840_37' <Predicate = (!icmp_ln123)> <Delay = 0.77> <CoreInst = "Adder">   --->   Core 1 'Adder' <Latency = 0> <II = 1> <Delay = 0.77> <FuncUnit> <Opcode : 'add' 'sub'> <InPorts = 2> <OutPorts = 1>
ST_1 : Operation 371 [1/1] (0.00ns)   --->   "%sext_ln840_134 = sext i10 %sub_ln840_37"   --->   Operation 371 'sext' 'sext_ln840_134' <Predicate = (!icmp_ln123)> <Delay = 0.00>
ST_1 : Operation 372 [1/1] (0.78ns)   --->   "%add_ln840_95 = add i11 %sext_ln840_134, i11 %sext_ln840_131"   --->   Operation 372 'add' 'add_ln840_95' <Predicate = (!icmp_ln123)> <Delay = 0.78> <CoreInst = "Adder">   --->   Core 1 'Adder' <Latency = 0> <II = 1> <Delay = 0.78> <FuncUnit> <Opcode : 'add' 'sub'> <InPorts = 2> <OutPorts = 1>
ST_1 : Operation 373 [1/1] (0.00ns)   --->   "%sext_ln840_135 = sext i11 %add_ln840_95"   --->   Operation 373 'sext' 'sext_ln840_135' <Predicate = (!icmp_ln123)> <Delay = 0.00>
ST_1 : Operation 374 [1/1] (0.79ns)   --->   "%add_ln840_96 = add i12 %sext_ln840_135, i12 %sext_ln840_129"   --->   Operation 374 'add' 'add_ln840_96' <Predicate = (!icmp_ln123)> <Delay = 0.79> <CoreInst = "Adder">   --->   Core 1 'Adder' <Latency = 0> <II = 1> <Delay = 0.79> <FuncUnit> <Opcode : 'add' 'sub'> <InPorts = 2> <OutPorts = 1>
ST_1 : Operation 375 [1/1] (0.00ns)   --->   "%sext_ln840_136 = sext i12 %add_ln840_96"   --->   Operation 375 'sext' 'sext_ln840_136' <Predicate = (!icmp_ln123)> <Delay = 0.00>
ST_1 : Operation 376 [1/1] (0.80ns)   --->   "%add_ln840_97 = add i13 %sext_ln840_136, i13 %sext_ln840_124"   --->   Operation 376 'add' 'add_ln840_97' <Predicate = (!icmp_ln123)> <Delay = 0.80> <CoreInst = "Adder">   --->   Core 1 'Adder' <Latency = 0> <II = 1> <Delay = 0.80> <FuncUnit> <Opcode : 'add' 'sub'> <InPorts = 2> <OutPorts = 1>
ST_1 : Operation 377 [1/1] (1.00ns)   --->   "%result_V = icmp_sgt  i13 %add_ln840_16, i13 8075"   --->   Operation 377 'icmp' 'result_V' <Predicate = (!icmp_ln123)> <Delay = 1.00> <CoreInst = "Cmp">   --->   Core 9 'Cmp' <Latency = 0> <II = 1> <Delay = 1.00> <FuncUnit> <Opcode : 'icmp'> <InPorts = 2> <OutPorts = 1>
ST_1 : Operation 378 [1/1] (1.00ns)   --->   "%result_V_1 = icmp_sgt  i13 %add_ln840_33, i13 1071"   --->   Operation 378 'icmp' 'result_V_1' <Predicate = (!icmp_ln123)> <Delay = 1.00> <CoreInst = "Cmp">   --->   Core 9 'Cmp' <Latency = 0> <II = 1> <Delay = 1.00> <FuncUnit> <Opcode : 'icmp'> <InPorts = 2> <OutPorts = 1>
ST_1 : Operation 379 [1/1] (1.00ns)   --->   "%result_V_2 = icmp_sgt  i13 %add_ln840_49, i13 106"   --->   Operation 379 'icmp' 'result_V_2' <Predicate = (!icmp_ln123)> <Delay = 1.00> <CoreInst = "Cmp">   --->   Core 9 'Cmp' <Latency = 0> <II = 1> <Delay = 1.00> <FuncUnit> <Opcode : 'icmp'> <InPorts = 2> <OutPorts = 1>
ST_1 : Operation 380 [1/1] (1.00ns)   --->   "%result_V_3 = icmp_sgt  i13 %add_ln840_68, i13 7448"   --->   Operation 380 'icmp' 'result_V_3' <Predicate = (!icmp_ln123)> <Delay = 1.00> <CoreInst = "Cmp">   --->   Core 9 'Cmp' <Latency = 0> <II = 1> <Delay = 1.00> <FuncUnit> <Opcode : 'icmp'> <InPorts = 2> <OutPorts = 1>
ST_1 : Operation 381 [1/1] (1.00ns)   --->   "%result_V_4 = icmp_sgt  i13 %add_ln840_83, i13 738"   --->   Operation 381 'icmp' 'result_V_4' <Predicate = (!icmp_ln123)> <Delay = 1.00> <CoreInst = "Cmp">   --->   Core 9 'Cmp' <Latency = 0> <II = 1> <Delay = 1.00> <FuncUnit> <Opcode : 'icmp'> <InPorts = 2> <OutPorts = 1>
ST_1 : Operation 382 [1/1] (1.00ns)   --->   "%result_V_5 = icmp_sgt  i13 %add_ln840_97, i13 2127"   --->   Operation 382 'icmp' 'result_V_5' <Predicate = (!icmp_ln123)> <Delay = 1.00> <CoreInst = "Cmp">   --->   Core 9 'Cmp' <Latency = 0> <II = 1> <Delay = 1.00> <FuncUnit> <Opcode : 'icmp'> <InPorts = 2> <OutPorts = 1>
ST_1 : Operation 383 [1/1] (0.42ns)   --->   "%store_ln123 = store i10 %i_2, i10 %i" [/home/changhong/prj/finn/deps/finn-hlslib/mvau.hpp:123]   --->   Operation 383 'store' 'store_ln123' <Predicate = (!icmp_ln123)> <Delay = 0.42>

State 2 <SV = 1> <Delay = 0.00>
ST_2 : Operation 384 [1/1] (0.00ns)   --->   "%specpipeline_ln124 = specpipeline void @_ssdm_op_SpecPipeline, i32 1, i32 2, i32 0, i32 0, void @empty_1" [/home/changhong/prj/finn/deps/finn-hlslib/mvau.hpp:124]   --->   Operation 384 'specpipeline' 'specpipeline_ln124' <Predicate = (!icmp_ln123)> <Delay = 0.00>
ST_2 : Operation 385 [1/1] (0.00ns)   --->   "%specloopname_ln123 = specloopname void @_ssdm_op_SpecLoopName, void @empty_4" [/home/changhong/prj/finn/deps/finn-hlslib/mvau.hpp:123]   --->   Operation 385 'specloopname' 'specloopname_ln123' <Predicate = (!icmp_ln123)> <Delay = 0.00>
ST_2 : Operation 386 [1/1] (0.00ns)   --->   "%p_Result_s = bitconcatenate i6 @_ssdm_op_BitConcatenate.i6.i1.i1.i1.i1.i1.i1, i1 %result_V_5, i1 %result_V_4, i1 %result_V_3, i1 %result_V_2, i1 %result_V_1, i1 %result_V"   --->   Operation 386 'bitconcatenate' 'p_Result_s' <Predicate = (!icmp_ln123)> <Delay = 0.00>
ST_2 : Operation 387 [1/1] (0.00ns)   --->   "%zext_ln171 = zext i6 %p_Result_s" [/home/changhong/prj/finn/deps/finn-hlslib/mvau.hpp:171]   --->   Operation 387 'zext' 'zext_ln171' <Predicate = (!icmp_ln123)> <Delay = 0.00>
ST_2 : Operation 388 [1/1] (0.00ns)   --->   "%write_ln171 = write void @_ssdm_op_Write.axis.volatile.i8P128A, i8 %out0_V, i8 %zext_ln171" [/home/changhong/prj/finn/deps/finn-hlslib/mvau.hpp:171]   --->   Operation 388 'write' 'write_ln171' <Predicate = (!icmp_ln123)> <Delay = 0.00> <CoreInst = "axis">   --->   Core 123 'axis' <Latency = 0> <II = 1> <Delay = 1.00> <Adapter> <Opcode : >
ST_2 : Operation 389 [1/1] (0.00ns)   --->   "%br_ln123 = br void %if.end" [/home/changhong/prj/finn/deps/finn-hlslib/mvau.hpp:123]   --->   Operation 389 'br' 'br_ln123' <Predicate = (!icmp_ln123)> <Delay = 0.00>
ST_2 : Operation 390 [1/1] (0.00ns)   --->   "%ret_ln180 = ret" [/home/changhong/prj/finn/deps/finn-hlslib/mvau.hpp:180]   --->   Operation 390 'ret' 'ret_ln180' <Predicate = (icmp_ln123)> <Delay = 0.00>


============================================================
+ Verbose Summary: Timing violations
============================================================
Target clock period: 10ns, clock uncertainty: 2.7ns.

 <State 1>: 5.25ns
The critical path consists of the following:
	axis read operation ('inElem', /home/changhong/prj/finn/deps/finn-hlslib/mvau.hpp:128) on port 'in0_V' (/home/changhong/prj/finn/deps/finn-hlslib/mvau.hpp:128) [17]  (0 ns)
	'sub' operation ('ret.V') [54]  (0.765 ns)
	'sub' operation ('sub_ln840_10') [167]  (0 ns)
	'add' operation ('add_ln840_18') [168]  (0.96 ns)
	'add' operation ('add_ln840_19') [170]  (0.914 ns)
	'add' operation ('add_ln840_23') [182]  (0.798 ns)
	'add' operation ('add_ln840_33') [206]  (0.809 ns)
	'icmp' operation ('result.V') [380]  (1.01 ns)

 <State 2>: 0ns
The critical path consists of the following:


============================================================
+ Verbose Summary: Binding
============================================================
N/A
* FSMD analyzer results:
  - Output states:
 - Input state : 
  - Chain level:
	State 1
	State 2


============================================================
+ Verbose Summary: Datapath Resource usage 
============================================================
N/A
