

================================================================
== Vitis HLS Report for 'Matrix_Vector_Activate_Batch'
================================================================
* Date:           Sun Jun 22 17:19:38 2025

* Version:        2022.2 (Build 3670227 on Oct 13 2022)
* Project:        project_MVAU_hls_0
* Solution:       sol1 (Vivado IP Flow Target)
* Product family: zynquplus
* Target device:  xczu7ev-ffvc1156-2-e


================================================================
== Performance Estimates
================================================================
+ Timing: 
    * Summary: 
    +--------+----------+----------+------------+
    |  Clock |  Target  | Estimated| Uncertainty|
    +--------+----------+----------+------------+
    |ap_clk  |  10.00 ns|  5.254 ns|     2.70 ns|
    +--------+----------+----------+------------+

+ Latency: 
    * Summary: 
    +---------+---------+----------+----------+-----+-----+---------+
    |  Latency (cycles) |  Latency (absolute) |  Interval | Pipeline|
    |   min   |   max   |    min   |    max   | min | max |   Type  |
    +---------+---------+----------+----------+-----+-----+---------+
    |      786|      786|  7.860 us|  7.860 us|  786|  786|       no|
    +---------+---------+----------+----------+-----+-----+---------+

    + Detail: 
        * Instance: 
        N/A

        * Loop: 
        +--------------------+---------+---------+----------+-----------+-----------+------+----------+
        |                    |  Latency (cycles) | Iteration|  Initiation Interval  | Trip |          |
        |      Loop Name     |   min   |   max   |  Latency |  achieved |   target  | Count| Pipelined|
        +--------------------+---------+---------+----------+-----------+-----------+------+----------+
        |- VITIS_LOOP_123_1  |      784|      784|         2|          1|          1|   784|  yes(flp)|
        +--------------------+---------+---------+----------+-----------+-----------+------+----------+

============================================================
+ Verbose Summary: Synthesis Manager
============================================================
InlineROM: 1
ExposeGlobal: 0
============================================================
+ Verbose Summary: CDFG Model
============================================================
IsTopModel: 0
ResetActiveHigh: 1
IsCombinational: 0
IsDatapathOnly: 0
HasWiredReturn: 1
HasMFsm: 1
HasVarLatency: 1
IsPipeline: 0
IsRtlPipelined: 0
IsInstanceOverlapped: 0
IsDontTouch: 0
HasImplIP: 0
IsGatedGlobalClock: 0

+ Individual pipeline summary: 
  * Pipeline-0: initiation interval (II) = 1, depth = 2


============================================================
+ Verbose Summary: Schedule
============================================================
* Number of FSM states : 2
* Pipeline : 1
  Pipeline-0 : II = 1, D = 2, States = { 1 2 }
* Dataflow Pipeline: 0

* FSM state transitions: 
1 --> 2 
2 --> 

* FSM state operations: 

State 1 <SV = 0> <Delay = 5.25>
ST_1 : Operation 5 [1/1] (0.00ns)   --->   "%i = alloca i32 1"   --->   Operation 5 'alloca' 'i' <Predicate = true> <Delay = 0.00>
ST_1 : Operation 6 [1/1] (0.00ns)   --->   "%specinterface_ln0 = specinterface void @_ssdm_op_SpecInterface, i8 %out0_V, void @empty, i32 0, i32 0, void @empty_0, i32 0, i32 0, void @empty_1, void @empty_1, void @empty_1, i32 0, i32 0, i32 0, i32 0, void @empty_1, void @empty_1, i32 4294967295, i32 0"   --->   Operation 6 'specinterface' 'specinterface_ln0' <Predicate = true> <Delay = 0.00>
ST_1 : Operation 7 [1/1] (0.00ns)   --->   "%specinterface_ln0 = specinterface void @_ssdm_op_SpecInterface, i200 %in0_V, void @empty, i32 0, i32 0, void @empty_0, i32 0, i32 0, void @empty_1, void @empty_1, void @empty_1, i32 0, i32 0, i32 0, i32 0, void @empty_1, void @empty_1, i32 4294967295, i32 0"   --->   Operation 7 'specinterface' 'specinterface_ln0' <Predicate = true> <Delay = 0.00>
ST_1 : Operation 8 [1/1] (0.42ns)   --->   "%store_ln123 = store i10 0, i10 %i" [/home/changhong/prj/finn/deps/finn-hlslib/mvau.hpp:123]   --->   Operation 8 'store' 'store_ln123' <Predicate = true> <Delay = 0.42>
ST_1 : Operation 9 [1/1] (0.00ns)   --->   "%br_ln123 = br void %if.end" [/home/changhong/prj/finn/deps/finn-hlslib/mvau.hpp:123]   --->   Operation 9 'br' 'br_ln123' <Predicate = true> <Delay = 0.00>
ST_1 : Operation 10 [1/1] (0.00ns)   --->   "%i_1 = load i10 %i" [/home/changhong/prj/finn/deps/finn-hlslib/mvau.hpp:123]   --->   Operation 10 'load' 'i_1' <Predicate = true> <Delay = 0.00>
ST_1 : Operation 11 [1/1] (0.91ns)   --->   "%icmp_ln123 = icmp_eq  i10 %i_1, i10 784" [/home/changhong/prj/finn/deps/finn-hlslib/mvau.hpp:123]   --->   Operation 11 'icmp' 'icmp_ln123' <Predicate = true> <Delay = 0.91> <CoreInst = "Cmp">   --->   Core 9 'Cmp' <Latency = 0> <II = 1> <Delay = 0.91> <FuncUnit> <Opcode : 'icmp'> <InPorts = 2> <OutPorts = 1>
ST_1 : Operation 12 [1/1] (0.00ns)   --->   "%empty = speclooptripcount i32 @_ssdm_op_SpecLoopTripCount, i64 784, i64 784, i64 784"   --->   Operation 12 'speclooptripcount' 'empty' <Predicate = true> <Delay = 0.00>
ST_1 : Operation 13 [1/1] (0.78ns)   --->   "%i_2 = add i10 %i_1, i10 1" [/home/changhong/prj/finn/deps/finn-hlslib/mvau.hpp:123]   --->   Operation 13 'add' 'i_2' <Predicate = true> <Delay = 0.78> <CoreInst = "Adder">   --->   Core 1 'Adder' <Latency = 0> <II = 1> <Delay = 0.78> <FuncUnit> <Opcode : 'add' 'sub'> <InPorts = 2> <OutPorts = 1>
ST_1 : Operation 14 [1/1] (0.00ns)   --->   "%br_ln123 = br i1 %icmp_ln123, void %if.end.split, void %for.cond.cleanup" [/home/changhong/prj/finn/deps/finn-hlslib/mvau.hpp:123]   --->   Operation 14 'br' 'br_ln123' <Predicate = true> <Delay = 0.00>
ST_1 : Operation 15 [1/1] (0.00ns)   --->   "%inElem = read i200 @_ssdm_op_Read.axis.volatile.i200P128A, i200 %in0_V" [/home/changhong/prj/finn/deps/finn-hlslib/mvau.hpp:128]   --->   Operation 15 'read' 'inElem' <Predicate = (!icmp_ln123)> <Delay = 0.00> <CoreInst = "axis">   --->   Core 123 'axis' <Latency = 0> <II = 1> <Delay = 1.00> <Adapter> <Opcode : >
ST_1 : Operation 16 [1/1] (0.00ns)   --->   "%r_V = trunc i200 %inElem"   --->   Operation 16 'trunc' 'r_V' <Predicate = (!icmp_ln123)> <Delay = 0.00>
ST_1 : Operation 17 [1/1] (0.00ns)   --->   "%sext_ln1494 = sext i8 %r_V"   --->   Operation 17 'sext' 'sext_ln1494' <Predicate = (!icmp_ln123)> <Delay = 0.00>
ST_1 : Operation 18 [1/1] (0.76ns)   --->   "%ret_V = sub i9 0, i9 %sext_ln1494"   --->   Operation 18 'sub' 'ret_V' <Predicate = (!icmp_ln123)> <Delay = 0.76> <CoreInst = "Adder">   --->   Core 1 'Adder' <Latency = 0> <II = 1> <Delay = 0.76> <FuncUnit> <Opcode : 'add' 'sub'> <InPorts = 2> <OutPorts = 1>
ST_1 : Operation 19 [1/1] (0.00ns)   --->   "%r_V_1 = partselect i8 @_ssdm_op_PartSelect.i8.i200.i32.i32, i200 %inElem, i32 8, i32 15"   --->   Operation 19 'partselect' 'r_V_1' <Predicate = (!icmp_ln123)> <Delay = 0.00>
ST_1 : Operation 20 [1/1] (0.00ns)   --->   "%sext_ln628 = sext i8 %r_V_1"   --->   Operation 20 'sext' 'sext_ln628' <Predicate = (!icmp_ln123)> <Delay = 0.00>
ST_1 : Operation 21 [1/1] (0.00ns)   --->   "%sext_ln628_1 = sext i8 %r_V_1"   --->   Operation 21 'sext' 'sext_ln628_1' <Predicate = (!icmp_ln123)> <Delay = 0.00>
ST_1 : Operation 22 [1/1] (0.00ns)   --->   "%r_V_2 = partselect i8 @_ssdm_op_PartSelect.i8.i200.i32.i32, i200 %inElem, i32 16, i32 23"   --->   Operation 22 'partselect' 'r_V_2' <Predicate = (!icmp_ln123)> <Delay = 0.00>
ST_1 : Operation 23 [1/1] (0.00ns)   --->   "%sext_ln840 = sext i8 %r_V_2"   --->   Operation 23 'sext' 'sext_ln840' <Predicate = (!icmp_ln123)> <Delay = 0.00>
ST_1 : Operation 24 [1/1] (0.00ns)   --->   "%sext_ln628_2 = sext i8 %r_V_2"   --->   Operation 24 'sext' 'sext_ln628_2' <Predicate = (!icmp_ln123)> <Delay = 0.00>
ST_1 : Operation 25 [1/1] (0.00ns)   --->   "%r_V_3 = partselect i8 @_ssdm_op_PartSelect.i8.i200.i32.i32, i200 %inElem, i32 24, i32 31"   --->   Operation 25 'partselect' 'r_V_3' <Predicate = (!icmp_ln123)> <Delay = 0.00>
ST_1 : Operation 26 [1/1] (0.00ns)   --->   "%sext_ln840_1 = sext i8 %r_V_3"   --->   Operation 26 'sext' 'sext_ln840_1' <Predicate = (!icmp_ln123)> <Delay = 0.00>
ST_1 : Operation 27 [1/1] (0.00ns)   --->   "%r_V_4 = partselect i8 @_ssdm_op_PartSelect.i8.i200.i32.i32, i200 %inElem, i32 32, i32 39"   --->   Operation 27 'partselect' 'r_V_4' <Predicate = (!icmp_ln123)> <Delay = 0.00>
ST_1 : Operation 28 [1/1] (0.00ns)   --->   "%sext_ln1494_1 = sext i8 %r_V_4"   --->   Operation 28 'sext' 'sext_ln1494_1' <Predicate = (!icmp_ln123)> <Delay = 0.00>
ST_1 : Operation 29 [1/1] (0.76ns)   --->   "%ret_V_1 = sub i9 0, i9 %sext_ln1494_1"   --->   Operation 29 'sub' 'ret_V_1' <Predicate = (!icmp_ln123)> <Delay = 0.76> <CoreInst = "Adder">   --->   Core 1 'Adder' <Latency = 0> <II = 1> <Delay = 0.76> <FuncUnit> <Opcode : 'add' 'sub'> <InPorts = 2> <OutPorts = 1>
ST_1 : Operation 30 [1/1] (0.00ns)   --->   "%sext_ln628_3 = sext i9 %ret_V_1"   --->   Operation 30 'sext' 'sext_ln628_3' <Predicate = (!icmp_ln123)> <Delay = 0.00>
ST_1 : Operation 31 [1/1] (0.00ns)   --->   "%r_V_5 = partselect i8 @_ssdm_op_PartSelect.i8.i200.i32.i32, i200 %inElem, i32 40, i32 47"   --->   Operation 31 'partselect' 'r_V_5' <Predicate = (!icmp_ln123)> <Delay = 0.00>
ST_1 : Operation 32 [1/1] (0.00ns)   --->   "%sext_ln1494_2 = sext i8 %r_V_5"   --->   Operation 32 'sext' 'sext_ln1494_2' <Predicate = (!icmp_ln123)> <Delay = 0.00>
ST_1 : Operation 33 [1/1] (0.76ns)   --->   "%ret_V_2 = sub i9 0, i9 %sext_ln1494_2"   --->   Operation 33 'sub' 'ret_V_2' <Predicate = (!icmp_ln123)> <Delay = 0.76> <CoreInst = "Adder">   --->   Core 1 'Adder' <Latency = 0> <II = 1> <Delay = 0.76> <FuncUnit> <Opcode : 'add' 'sub'> <InPorts = 2> <OutPorts = 1>
ST_1 : Operation 34 [1/1] (0.00ns)   --->   "%r_V_6 = partselect i8 @_ssdm_op_PartSelect.i8.i200.i32.i32, i200 %inElem, i32 48, i32 55"   --->   Operation 34 'partselect' 'r_V_6' <Predicate = (!icmp_ln123)> <Delay = 0.00>
ST_1 : Operation 35 [1/1] (0.00ns)   --->   "%sext_ln1494_3 = sext i8 %r_V_6"   --->   Operation 35 'sext' 'sext_ln1494_3' <Predicate = (!icmp_ln123)> <Delay = 0.00>
ST_1 : Operation 36 [1/1] (0.76ns)   --->   "%ret_V_3 = sub i9 0, i9 %sext_ln1494_3"   --->   Operation 36 'sub' 'ret_V_3' <Predicate = (!icmp_ln123)> <Delay = 0.76> <CoreInst = "Adder">   --->   Core 1 'Adder' <Latency = 0> <II = 1> <Delay = 0.76> <FuncUnit> <Opcode : 'add' 'sub'> <InPorts = 2> <OutPorts = 1>
ST_1 : Operation 37 [1/1] (0.00ns)   --->   "%sext_ln628_4 = sext i9 %ret_V_3"   --->   Operation 37 'sext' 'sext_ln628_4' <Predicate = (!icmp_ln123)> <Delay = 0.00>
ST_1 : Operation 38 [1/1] (0.00ns)   --->   "%r_V_7 = partselect i8 @_ssdm_op_PartSelect.i8.i200.i32.i32, i200 %inElem, i32 56, i32 63"   --->   Operation 38 'partselect' 'r_V_7' <Predicate = (!icmp_ln123)> <Delay = 0.00>
ST_1 : Operation 39 [1/1] (0.00ns)   --->   "%sext_ln1494_4 = sext i8 %r_V_7"   --->   Operation 39 'sext' 'sext_ln1494_4' <Predicate = (!icmp_ln123)> <Delay = 0.00>
ST_1 : Operation 40 [1/1] (0.76ns)   --->   "%ret_V_4 = sub i9 0, i9 %sext_ln1494_4"   --->   Operation 40 'sub' 'ret_V_4' <Predicate = (!icmp_ln123)> <Delay = 0.76> <CoreInst = "Adder">   --->   Core 1 'Adder' <Latency = 0> <II = 1> <Delay = 0.76> <FuncUnit> <Opcode : 'add' 'sub'> <InPorts = 2> <OutPorts = 1>
ST_1 : Operation 41 [1/1] (0.00ns)   --->   "%sext_ln628_5 = sext i9 %ret_V_4"   --->   Operation 41 'sext' 'sext_ln628_5' <Predicate = (!icmp_ln123)> <Delay = 0.00>
ST_1 : Operation 42 [1/1] (0.00ns)   --->   "%r_V_8 = partselect i8 @_ssdm_op_PartSelect.i8.i200.i32.i32, i200 %inElem, i32 64, i32 71"   --->   Operation 42 'partselect' 'r_V_8' <Predicate = (!icmp_ln123)> <Delay = 0.00>
ST_1 : Operation 43 [1/1] (0.00ns)   --->   "%sext_ln1494_5 = sext i8 %r_V_8"   --->   Operation 43 'sext' 'sext_ln1494_5' <Predicate = (!icmp_ln123)> <Delay = 0.00>
ST_1 : Operation 44 [1/1] (0.76ns)   --->   "%ret_V_5 = sub i9 0, i9 %sext_ln1494_5"   --->   Operation 44 'sub' 'ret_V_5' <Predicate = (!icmp_ln123)> <Delay = 0.76> <CoreInst = "Adder">   --->   Core 1 'Adder' <Latency = 0> <II = 1> <Delay = 0.76> <FuncUnit> <Opcode : 'add' 'sub'> <InPorts = 2> <OutPorts = 1>
ST_1 : Operation 45 [1/1] (0.00ns)   --->   "%sext_ln628_6 = sext i9 %ret_V_5"   --->   Operation 45 'sext' 'sext_ln628_6' <Predicate = (!icmp_ln123)> <Delay = 0.00>
ST_1 : Operation 46 [1/1] (0.00ns)   --->   "%r_V_9 = partselect i8 @_ssdm_op_PartSelect.i8.i200.i32.i32, i200 %inElem, i32 72, i32 79"   --->   Operation 46 'partselect' 'r_V_9' <Predicate = (!icmp_ln123)> <Delay = 0.00>
ST_1 : Operation 47 [1/1] (0.00ns)   --->   "%sext_ln1494_6 = sext i8 %r_V_9"   --->   Operation 47 'sext' 'sext_ln1494_6' <Predicate = (!icmp_ln123)> <Delay = 0.00>
ST_1 : Operation 48 [1/1] (0.76ns)   --->   "%ret_V_6 = sub i9 0, i9 %sext_ln1494_6"   --->   Operation 48 'sub' 'ret_V_6' <Predicate = (!icmp_ln123)> <Delay = 0.76> <CoreInst = "Adder">   --->   Core 1 'Adder' <Latency = 0> <II = 1> <Delay = 0.76> <FuncUnit> <Opcode : 'add' 'sub'> <InPorts = 2> <OutPorts = 1>
ST_1 : Operation 49 [1/1] (0.00ns)   --->   "%sext_ln628_7 = sext i9 %ret_V_6"   --->   Operation 49 'sext' 'sext_ln628_7' <Predicate = (!icmp_ln123)> <Delay = 0.00>
ST_1 : Operation 50 [1/1] (0.00ns)   --->   "%r_V_10 = partselect i8 @_ssdm_op_PartSelect.i8.i200.i32.i32, i200 %inElem, i32 80, i32 87"   --->   Operation 50 'partselect' 'r_V_10' <Predicate = (!icmp_ln123)> <Delay = 0.00>
ST_1 : Operation 51 [1/1] (0.00ns)   --->   "%sext_ln1494_7 = sext i8 %r_V_10"   --->   Operation 51 'sext' 'sext_ln1494_7' <Predicate = (!icmp_ln123)> <Delay = 0.00>
ST_1 : Operation 52 [1/1] (0.76ns)   --->   "%ret_V_7 = sub i9 0, i9 %sext_ln1494_7"   --->   Operation 52 'sub' 'ret_V_7' <Predicate = (!icmp_ln123)> <Delay = 0.76> <CoreInst = "Adder">   --->   Core 1 'Adder' <Latency = 0> <II = 1> <Delay = 0.76> <FuncUnit> <Opcode : 'add' 'sub'> <InPorts = 2> <OutPorts = 1>
ST_1 : Operation 53 [1/1] (0.00ns)   --->   "%sext_ln628_8 = sext i9 %ret_V_7"   --->   Operation 53 'sext' 'sext_ln628_8' <Predicate = (!icmp_ln123)> <Delay = 0.00>
ST_1 : Operation 54 [1/1] (0.00ns)   --->   "%r_V_11 = partselect i8 @_ssdm_op_PartSelect.i8.i200.i32.i32, i200 %inElem, i32 88, i32 95"   --->   Operation 54 'partselect' 'r_V_11' <Predicate = (!icmp_ln123)> <Delay = 0.00>
ST_1 : Operation 55 [1/1] (0.00ns)   --->   "%sext_ln1494_8 = sext i8 %r_V_11"   --->   Operation 55 'sext' 'sext_ln1494_8' <Predicate = (!icmp_ln123)> <Delay = 0.00>
ST_1 : Operation 56 [1/1] (0.76ns)   --->   "%ret_V_8 = sub i9 0, i9 %sext_ln1494_8"   --->   Operation 56 'sub' 'ret_V_8' <Predicate = (!icmp_ln123)> <Delay = 0.76> <CoreInst = "Adder">   --->   Core 1 'Adder' <Latency = 0> <II = 1> <Delay = 0.76> <FuncUnit> <Opcode : 'add' 'sub'> <InPorts = 2> <OutPorts = 1>
ST_1 : Operation 57 [1/1] (0.00ns)   --->   "%sext_ln628_9 = sext i9 %ret_V_8"   --->   Operation 57 'sext' 'sext_ln628_9' <Predicate = (!icmp_ln123)> <Delay = 0.00>
ST_1 : Operation 58 [1/1] (0.00ns)   --->   "%r_V_12 = partselect i8 @_ssdm_op_PartSelect.i8.i200.i32.i32, i200 %inElem, i32 96, i32 103"   --->   Operation 58 'partselect' 'r_V_12' <Predicate = (!icmp_ln123)> <Delay = 0.00>
ST_1 : Operation 59 [1/1] (0.00ns)   --->   "%sext_ln1494_9 = sext i8 %r_V_12"   --->   Operation 59 'sext' 'sext_ln1494_9' <Predicate = (!icmp_ln123)> <Delay = 0.00>
ST_1 : Operation 60 [1/1] (0.76ns)   --->   "%ret_V_9 = sub i9 0, i9 %sext_ln1494_9"   --->   Operation 60 'sub' 'ret_V_9' <Predicate = (!icmp_ln123)> <Delay = 0.76> <CoreInst = "Adder">   --->   Core 1 'Adder' <Latency = 0> <II = 1> <Delay = 0.76> <FuncUnit> <Opcode : 'add' 'sub'> <InPorts = 2> <OutPorts = 1>
ST_1 : Operation 61 [1/1] (0.00ns)   --->   "%sext_ln628_10 = sext i9 %ret_V_9"   --->   Operation 61 'sext' 'sext_ln628_10' <Predicate = (!icmp_ln123)> <Delay = 0.00>
ST_1 : Operation 62 [1/1] (0.00ns)   --->   "%r_V_13 = partselect i8 @_ssdm_op_PartSelect.i8.i200.i32.i32, i200 %inElem, i32 104, i32 111"   --->   Operation 62 'partselect' 'r_V_13' <Predicate = (!icmp_ln123)> <Delay = 0.00>
ST_1 : Operation 63 [1/1] (0.00ns)   --->   "%sext_ln1494_10 = sext i8 %r_V_13"   --->   Operation 63 'sext' 'sext_ln1494_10' <Predicate = (!icmp_ln123)> <Delay = 0.00>
ST_1 : Operation 64 [1/1] (0.76ns)   --->   "%ret_V_10 = sub i9 0, i9 %sext_ln1494_10"   --->   Operation 64 'sub' 'ret_V_10' <Predicate = (!icmp_ln123)> <Delay = 0.76> <CoreInst = "Adder">   --->   Core 1 'Adder' <Latency = 0> <II = 1> <Delay = 0.76> <FuncUnit> <Opcode : 'add' 'sub'> <InPorts = 2> <OutPorts = 1>
ST_1 : Operation 65 [1/1] (0.00ns)   --->   "%sext_ln628_11 = sext i9 %ret_V_10"   --->   Operation 65 'sext' 'sext_ln628_11' <Predicate = (!icmp_ln123)> <Delay = 0.00>
ST_1 : Operation 66 [1/1] (0.00ns)   --->   "%r_V_14 = partselect i8 @_ssdm_op_PartSelect.i8.i200.i32.i32, i200 %inElem, i32 112, i32 119"   --->   Operation 66 'partselect' 'r_V_14' <Predicate = (!icmp_ln123)> <Delay = 0.00>
ST_1 : Operation 67 [1/1] (0.00ns)   --->   "%sext_ln1494_11 = sext i8 %r_V_14"   --->   Operation 67 'sext' 'sext_ln1494_11' <Predicate = (!icmp_ln123)> <Delay = 0.00>
ST_1 : Operation 68 [1/1] (0.76ns)   --->   "%ret_V_11 = sub i9 0, i9 %sext_ln1494_11"   --->   Operation 68 'sub' 'ret_V_11' <Predicate = (!icmp_ln123)> <Delay = 0.76> <CoreInst = "Adder">   --->   Core 1 'Adder' <Latency = 0> <II = 1> <Delay = 0.76> <FuncUnit> <Opcode : 'add' 'sub'> <InPorts = 2> <OutPorts = 1>
ST_1 : Operation 69 [1/1] (0.00ns)   --->   "%sext_ln628_12 = sext i9 %ret_V_11"   --->   Operation 69 'sext' 'sext_ln628_12' <Predicate = (!icmp_ln123)> <Delay = 0.00>
ST_1 : Operation 70 [1/1] (0.00ns)   --->   "%r_V_15 = partselect i8 @_ssdm_op_PartSelect.i8.i200.i32.i32, i200 %inElem, i32 120, i32 127"   --->   Operation 70 'partselect' 'r_V_15' <Predicate = (!icmp_ln123)> <Delay = 0.00>
ST_1 : Operation 71 [1/1] (0.00ns)   --->   "%sext_ln1494_12 = sext i8 %r_V_15"   --->   Operation 71 'sext' 'sext_ln1494_12' <Predicate = (!icmp_ln123)> <Delay = 0.00>
ST_1 : Operation 72 [1/1] (0.76ns)   --->   "%ret_V_12 = sub i9 0, i9 %sext_ln1494_12"   --->   Operation 72 'sub' 'ret_V_12' <Predicate = (!icmp_ln123)> <Delay = 0.76> <CoreInst = "Adder">   --->   Core 1 'Adder' <Latency = 0> <II = 1> <Delay = 0.76> <FuncUnit> <Opcode : 'add' 'sub'> <InPorts = 2> <OutPorts = 1>
ST_1 : Operation 73 [1/1] (0.00ns)   --->   "%sext_ln628_13 = sext i9 %ret_V_12"   --->   Operation 73 'sext' 'sext_ln628_13' <Predicate = (!icmp_ln123)> <Delay = 0.00>
ST_1 : Operation 74 [1/1] (0.00ns)   --->   "%r_V_16 = partselect i8 @_ssdm_op_PartSelect.i8.i200.i32.i32, i200 %inElem, i32 128, i32 135"   --->   Operation 74 'partselect' 'r_V_16' <Predicate = (!icmp_ln123)> <Delay = 0.00>
ST_1 : Operation 75 [1/1] (0.00ns)   --->   "%sext_ln1494_13 = sext i8 %r_V_16"   --->   Operation 75 'sext' 'sext_ln1494_13' <Predicate = (!icmp_ln123)> <Delay = 0.00>
ST_1 : Operation 76 [1/1] (0.76ns)   --->   "%ret_V_13 = sub i9 0, i9 %sext_ln1494_13"   --->   Operation 76 'sub' 'ret_V_13' <Predicate = (!icmp_ln123)> <Delay = 0.76> <CoreInst = "Adder">   --->   Core 1 'Adder' <Latency = 0> <II = 1> <Delay = 0.76> <FuncUnit> <Opcode : 'add' 'sub'> <InPorts = 2> <OutPorts = 1>
ST_1 : Operation 77 [1/1] (0.00ns)   --->   "%sext_ln628_14 = sext i9 %ret_V_13"   --->   Operation 77 'sext' 'sext_ln628_14' <Predicate = (!icmp_ln123)> <Delay = 0.00>
ST_1 : Operation 78 [1/1] (0.00ns)   --->   "%r_V_17 = partselect i8 @_ssdm_op_PartSelect.i8.i200.i32.i32, i200 %inElem, i32 136, i32 143"   --->   Operation 78 'partselect' 'r_V_17' <Predicate = (!icmp_ln123)> <Delay = 0.00>
ST_1 : Operation 79 [1/1] (0.00ns)   --->   "%sext_ln1494_14 = sext i8 %r_V_17"   --->   Operation 79 'sext' 'sext_ln1494_14' <Predicate = (!icmp_ln123)> <Delay = 0.00>
ST_1 : Operation 80 [1/1] (0.76ns)   --->   "%ret_V_14 = sub i9 0, i9 %sext_ln1494_14"   --->   Operation 80 'sub' 'ret_V_14' <Predicate = (!icmp_ln123)> <Delay = 0.76> <CoreInst = "Adder">   --->   Core 1 'Adder' <Latency = 0> <II = 1> <Delay = 0.76> <FuncUnit> <Opcode : 'add' 'sub'> <InPorts = 2> <OutPorts = 1>
ST_1 : Operation 81 [1/1] (0.00ns)   --->   "%sext_ln628_15 = sext i9 %ret_V_14"   --->   Operation 81 'sext' 'sext_ln628_15' <Predicate = (!icmp_ln123)> <Delay = 0.00>
ST_1 : Operation 82 [1/1] (0.00ns)   --->   "%r_V_18 = partselect i8 @_ssdm_op_PartSelect.i8.i200.i32.i32, i200 %inElem, i32 144, i32 151"   --->   Operation 82 'partselect' 'r_V_18' <Predicate = (!icmp_ln123)> <Delay = 0.00>
ST_1 : Operation 83 [1/1] (0.00ns)   --->   "%sext_ln1494_15 = sext i8 %r_V_18"   --->   Operation 83 'sext' 'sext_ln1494_15' <Predicate = (!icmp_ln123)> <Delay = 0.00>
ST_1 : Operation 84 [1/1] (0.76ns)   --->   "%ret_V_15 = sub i9 0, i9 %sext_ln1494_15"   --->   Operation 84 'sub' 'ret_V_15' <Predicate = (!icmp_ln123)> <Delay = 0.76> <CoreInst = "Adder">   --->   Core 1 'Adder' <Latency = 0> <II = 1> <Delay = 0.76> <FuncUnit> <Opcode : 'add' 'sub'> <InPorts = 2> <OutPorts = 1>
ST_1 : Operation 85 [1/1] (0.00ns)   --->   "%sext_ln628_16 = sext i9 %ret_V_15"   --->   Operation 85 'sext' 'sext_ln628_16' <Predicate = (!icmp_ln123)> <Delay = 0.00>
ST_1 : Operation 86 [1/1] (0.00ns)   --->   "%r_V_19 = partselect i8 @_ssdm_op_PartSelect.i8.i200.i32.i32, i200 %inElem, i32 152, i32 159"   --->   Operation 86 'partselect' 'r_V_19' <Predicate = (!icmp_ln123)> <Delay = 0.00>
ST_1 : Operation 87 [1/1] (0.00ns)   --->   "%sext_ln1494_16 = sext i8 %r_V_19"   --->   Operation 87 'sext' 'sext_ln1494_16' <Predicate = (!icmp_ln123)> <Delay = 0.00>
ST_1 : Operation 88 [1/1] (0.76ns)   --->   "%ret_V_16 = sub i9 0, i9 %sext_ln1494_16"   --->   Operation 88 'sub' 'ret_V_16' <Predicate = (!icmp_ln123)> <Delay = 0.76> <CoreInst = "Adder">   --->   Core 1 'Adder' <Latency = 0> <II = 1> <Delay = 0.76> <FuncUnit> <Opcode : 'add' 'sub'> <InPorts = 2> <OutPorts = 1>
ST_1 : Operation 89 [1/1] (0.00ns)   --->   "%r_V_20 = partselect i8 @_ssdm_op_PartSelect.i8.i200.i32.i32, i200 %inElem, i32 160, i32 167"   --->   Operation 89 'partselect' 'r_V_20' <Predicate = (!icmp_ln123)> <Delay = 0.00>
ST_1 : Operation 90 [1/1] (0.00ns)   --->   "%sext_ln840_2 = sext i8 %r_V_20"   --->   Operation 90 'sext' 'sext_ln840_2' <Predicate = (!icmp_ln123)> <Delay = 0.00>
ST_1 : Operation 91 [1/1] (0.00ns)   --->   "%r_V_21 = partselect i8 @_ssdm_op_PartSelect.i8.i200.i32.i32, i200 %inElem, i32 168, i32 175"   --->   Operation 91 'partselect' 'r_V_21' <Predicate = (!icmp_ln123)> <Delay = 0.00>
ST_1 : Operation 92 [1/1] (0.00ns)   --->   "%sext_ln840_3 = sext i8 %r_V_21"   --->   Operation 92 'sext' 'sext_ln840_3' <Predicate = (!icmp_ln123)> <Delay = 0.00>
ST_1 : Operation 93 [1/1] (0.00ns)   --->   "%sext_ln628_17 = sext i8 %r_V_21"   --->   Operation 93 'sext' 'sext_ln628_17' <Predicate = (!icmp_ln123)> <Delay = 0.00>
ST_1 : Operation 94 [1/1] (0.00ns)   --->   "%r_V_22 = partselect i8 @_ssdm_op_PartSelect.i8.i200.i32.i32, i200 %inElem, i32 176, i32 183"   --->   Operation 94 'partselect' 'r_V_22' <Predicate = (!icmp_ln123)> <Delay = 0.00>
ST_1 : Operation 95 [1/1] (0.00ns)   --->   "%sext_ln840_4 = sext i8 %r_V_22"   --->   Operation 95 'sext' 'sext_ln840_4' <Predicate = (!icmp_ln123)> <Delay = 0.00>
ST_1 : Operation 96 [1/1] (0.00ns)   --->   "%sext_ln628_18 = sext i8 %r_V_22"   --->   Operation 96 'sext' 'sext_ln628_18' <Predicate = (!icmp_ln123)> <Delay = 0.00>
ST_1 : Operation 97 [1/1] (0.00ns)   --->   "%r_V_23 = partselect i8 @_ssdm_op_PartSelect.i8.i200.i32.i32, i200 %inElem, i32 184, i32 191"   --->   Operation 97 'partselect' 'r_V_23' <Predicate = (!icmp_ln123)> <Delay = 0.00>
ST_1 : Operation 98 [1/1] (0.00ns)   --->   "%sext_ln840_5 = sext i8 %r_V_23"   --->   Operation 98 'sext' 'sext_ln840_5' <Predicate = (!icmp_ln123)> <Delay = 0.00>
ST_1 : Operation 99 [1/1] (0.00ns)   --->   "%r_V_24 = partselect i8 @_ssdm_op_PartSelect.i8.i200.i32.i32, i200 %inElem, i32 192, i32 199"   --->   Operation 99 'partselect' 'r_V_24' <Predicate = (!icmp_ln123)> <Delay = 0.00>
ST_1 : Operation 100 [1/1] (0.00ns)   --->   "%sext_ln1494_17 = sext i8 %r_V_24"   --->   Operation 100 'sext' 'sext_ln1494_17' <Predicate = (!icmp_ln123)> <Delay = 0.00>
ST_1 : Operation 101 [1/1] (0.76ns)   --->   "%ret_V_17 = sub i9 0, i9 %sext_ln1494_17"   --->   Operation 101 'sub' 'ret_V_17' <Predicate = (!icmp_ln123)> <Delay = 0.76> <CoreInst = "Adder">   --->   Core 1 'Adder' <Latency = 0> <II = 1> <Delay = 0.76> <FuncUnit> <Opcode : 'add' 'sub'> <InPorts = 2> <OutPorts = 1>
ST_1 : Operation 102 [1/1] (0.76ns)   --->   "%sub_ln840 = sub i9 %sext_ln628_1, i9 %sext_ln1494"   --->   Operation 102 'sub' 'sub_ln840' <Predicate = (!icmp_ln123)> <Delay = 0.76> <CoreInst = "Adder">   --->   Core 1 'Adder' <Latency = 0> <II = 1> <Delay = 0.76> <FuncUnit> <Opcode : 'add' 'sub'> <InPorts = 2> <OutPorts = 1>
ST_1 : Operation 103 [1/1] (0.00ns)   --->   "%sext_ln840_6 = sext i9 %sub_ln840"   --->   Operation 103 'sext' 'sext_ln840_6' <Predicate = (!icmp_ln123)> <Delay = 0.00>
ST_1 : Operation 104 [1/1] (0.00ns)   --->   "%sext_ln840_7 = sext i8 %r_V_4"   --->   Operation 104 'sext' 'sext_ln840_7' <Predicate = (!icmp_ln123)> <Delay = 0.00>
ST_1 : Operation 105 [1/1] (0.00ns)   --->   "%sext_ln840_8 = sext i9 %ret_V_2"   --->   Operation 105 'sext' 'sext_ln840_8' <Predicate = (!icmp_ln123)> <Delay = 0.00>
ST_1 : Operation 106 [1/1] (0.00ns) (grouped into TernaryAdder)   --->   "%sub_ln840_3 = sub i10 %sext_ln840_8, i10 %sext_ln840_7"   --->   Operation 106 'sub' 'sub_ln840_3' <Predicate = (!icmp_ln123)> <Delay = 0.00> <CoreInst = "TAddSub">   --->   Core 10 'TAddSub' <Latency = 0> <II = 1> <Delay = 0.48> <IPBlock> <Opcode : 'add' 'sub'> <InPorts = 3> <OutPorts = 1> <Sync> <CReg>
ST_1 : Operation 107 [1/1] (0.96ns) (root node of TernaryAdder)   --->   "%add_ln840 = add i10 %sub_ln840_3, i10 %sext_ln840_6"   --->   Operation 107 'add' 'add_ln840' <Predicate = (!icmp_ln123)> <Delay = 0.96> <CoreInst = "TAddSub">   --->   Core 10 'TAddSub' <Latency = 0> <II = 1> <Delay = 0.48> <IPBlock> <Opcode : 'add' 'sub'> <InPorts = 3> <OutPorts = 1> <Sync> <CReg>
ST_1 : Operation 108 [1/1] (0.00ns)   --->   "%sext_ln840_9 = sext i10 %add_ln840"   --->   Operation 108 'sext' 'sext_ln840_9' <Predicate = (!icmp_ln123)> <Delay = 0.00>
ST_1 : Operation 109 [1/1] (0.00ns)   --->   "%sext_ln840_10 = sext i8 %r_V_7"   --->   Operation 109 'sext' 'sext_ln840_10' <Predicate = (!icmp_ln123)> <Delay = 0.00>
ST_1 : Operation 110 [1/1] (0.00ns) (grouped into TernaryAdder)   --->   "%sub_ln840_4 = sub i10 %sext_ln628_6, i10 %sext_ln840_10"   --->   Operation 110 'sub' 'sub_ln840_4' <Predicate = (!icmp_ln123)> <Delay = 0.00> <CoreInst = "TAddSub">   --->   Core 10 'TAddSub' <Latency = 0> <II = 1> <Delay = 0.48> <IPBlock> <Opcode : 'add' 'sub'> <InPorts = 3> <OutPorts = 1> <Sync> <CReg>
ST_1 : Operation 111 [1/1] (0.96ns) (root node of TernaryAdder)   --->   "%add_ln840_1 = add i10 %sub_ln840_4, i10 %sext_ln628_4"   --->   Operation 111 'add' 'add_ln840_1' <Predicate = (!icmp_ln123)> <Delay = 0.96> <CoreInst = "TAddSub">   --->   Core 10 'TAddSub' <Latency = 0> <II = 1> <Delay = 0.48> <IPBlock> <Opcode : 'add' 'sub'> <InPorts = 3> <OutPorts = 1> <Sync> <CReg>
ST_1 : Operation 112 [1/1] (0.00ns)   --->   "%sext_ln840_11 = sext i10 %add_ln840_1"   --->   Operation 112 'sext' 'sext_ln840_11' <Predicate = (!icmp_ln123)> <Delay = 0.00>
ST_1 : Operation 113 [1/1] (0.78ns)   --->   "%add_ln840_2 = add i11 %sext_ln840_11, i11 %sext_ln840_9"   --->   Operation 113 'add' 'add_ln840_2' <Predicate = (!icmp_ln123)> <Delay = 0.78> <CoreInst = "Adder">   --->   Core 1 'Adder' <Latency = 0> <II = 1> <Delay = 0.78> <FuncUnit> <Opcode : 'add' 'sub'> <InPorts = 2> <OutPorts = 1>
ST_1 : Operation 114 [1/1] (0.00ns)   --->   "%sext_ln840_12 = sext i11 %add_ln840_2"   --->   Operation 114 'sext' 'sext_ln840_12' <Predicate = (!icmp_ln123)> <Delay = 0.00>
ST_1 : Operation 115 [1/1] (0.00ns)   --->   "%sext_ln840_13 = sext i8 %r_V_10"   --->   Operation 115 'sext' 'sext_ln840_13' <Predicate = (!icmp_ln123)> <Delay = 0.00>
ST_1 : Operation 116 [1/1] (0.00ns) (grouped into TernaryAdder)   --->   "%sub_ln840_5 = sub i10 %sext_ln628_9, i10 %sext_ln840_13"   --->   Operation 116 'sub' 'sub_ln840_5' <Predicate = (!icmp_ln123)> <Delay = 0.00> <CoreInst = "TAddSub">   --->   Core 10 'TAddSub' <Latency = 0> <II = 1> <Delay = 0.48> <IPBlock> <Opcode : 'add' 'sub'> <InPorts = 3> <OutPorts = 1> <Sync> <CReg>
ST_1 : Operation 117 [1/1] (0.96ns) (root node of TernaryAdder)   --->   "%add_ln840_3 = add i10 %sub_ln840_5, i10 %sext_ln628_7"   --->   Operation 117 'add' 'add_ln840_3' <Predicate = (!icmp_ln123)> <Delay = 0.96> <CoreInst = "TAddSub">   --->   Core 10 'TAddSub' <Latency = 0> <II = 1> <Delay = 0.48> <IPBlock> <Opcode : 'add' 'sub'> <InPorts = 3> <OutPorts = 1> <Sync> <CReg>
ST_1 : Operation 118 [1/1] (0.00ns)   --->   "%sext_ln840_14 = sext i10 %add_ln840_3"   --->   Operation 118 'sext' 'sext_ln840_14' <Predicate = (!icmp_ln123)> <Delay = 0.00>
ST_1 : Operation 119 [1/1] (0.00ns)   --->   "%sext_ln840_15 = sext i8 %r_V_13"   --->   Operation 119 'sext' 'sext_ln840_15' <Predicate = (!icmp_ln123)> <Delay = 0.00>
ST_1 : Operation 120 [1/1] (0.00ns) (grouped into TernaryAdder)   --->   "%sub_ln840_6 = sub i10 %sext_ln628_12, i10 %sext_ln840_15"   --->   Operation 120 'sub' 'sub_ln840_6' <Predicate = (!icmp_ln123)> <Delay = 0.00> <CoreInst = "TAddSub">   --->   Core 10 'TAddSub' <Latency = 0> <II = 1> <Delay = 0.48> <IPBlock> <Opcode : 'add' 'sub'> <InPorts = 3> <OutPorts = 1> <Sync> <CReg>
ST_1 : Operation 121 [1/1] (0.96ns) (root node of TernaryAdder)   --->   "%add_ln840_4 = add i10 %sub_ln840_6, i10 %sext_ln628_10"   --->   Operation 121 'add' 'add_ln840_4' <Predicate = (!icmp_ln123)> <Delay = 0.96> <CoreInst = "TAddSub">   --->   Core 10 'TAddSub' <Latency = 0> <II = 1> <Delay = 0.48> <IPBlock> <Opcode : 'add' 'sub'> <InPorts = 3> <OutPorts = 1> <Sync> <CReg>
ST_1 : Operation 122 [1/1] (0.00ns)   --->   "%sext_ln840_16 = sext i10 %add_ln840_4"   --->   Operation 122 'sext' 'sext_ln840_16' <Predicate = (!icmp_ln123)> <Delay = 0.00>
ST_1 : Operation 123 [1/1] (0.78ns)   --->   "%add_ln840_5 = add i11 %sext_ln840_16, i11 %sext_ln840_14"   --->   Operation 123 'add' 'add_ln840_5' <Predicate = (!icmp_ln123)> <Delay = 0.78> <CoreInst = "Adder">   --->   Core 1 'Adder' <Latency = 0> <II = 1> <Delay = 0.78> <FuncUnit> <Opcode : 'add' 'sub'> <InPorts = 2> <OutPorts = 1>
ST_1 : Operation 124 [1/1] (0.00ns)   --->   "%sext_ln840_17 = sext i11 %add_ln840_5"   --->   Operation 124 'sext' 'sext_ln840_17' <Predicate = (!icmp_ln123)> <Delay = 0.00>
ST_1 : Operation 125 [1/1] (0.79ns)   --->   "%add_ln840_6 = add i12 %sext_ln840_17, i12 %sext_ln840_12"   --->   Operation 125 'add' 'add_ln840_6' <Predicate = (!icmp_ln123)> <Delay = 0.79> <CoreInst = "Adder">   --->   Core 1 'Adder' <Latency = 0> <II = 1> <Delay = 0.79> <FuncUnit> <Opcode : 'add' 'sub'> <InPorts = 2> <OutPorts = 1>
ST_1 : Operation 126 [1/1] (0.00ns)   --->   "%sext_ln840_18 = sext i12 %add_ln840_6"   --->   Operation 126 'sext' 'sext_ln840_18' <Predicate = (!icmp_ln123)> <Delay = 0.00>
ST_1 : Operation 127 [1/1] (0.00ns)   --->   "%sext_ln840_19 = sext i8 %r_V_16"   --->   Operation 127 'sext' 'sext_ln840_19' <Predicate = (!icmp_ln123)> <Delay = 0.00>
ST_1 : Operation 128 [1/1] (0.00ns) (grouped into TernaryAdder)   --->   "%sub_ln840_7 = sub i10 %sext_ln628_15, i10 %sext_ln840_19"   --->   Operation 128 'sub' 'sub_ln840_7' <Predicate = (!icmp_ln123)> <Delay = 0.00> <CoreInst = "TAddSub">   --->   Core 10 'TAddSub' <Latency = 0> <II = 1> <Delay = 0.48> <IPBlock> <Opcode : 'add' 'sub'> <InPorts = 3> <OutPorts = 1> <Sync> <CReg>
ST_1 : Operation 129 [1/1] (0.96ns) (root node of TernaryAdder)   --->   "%add_ln840_7 = add i10 %sub_ln840_7, i10 %sext_ln628_13"   --->   Operation 129 'add' 'add_ln840_7' <Predicate = (!icmp_ln123)> <Delay = 0.96> <CoreInst = "TAddSub">   --->   Core 10 'TAddSub' <Latency = 0> <II = 1> <Delay = 0.48> <IPBlock> <Opcode : 'add' 'sub'> <InPorts = 3> <OutPorts = 1> <Sync> <CReg>
ST_1 : Operation 130 [1/1] (0.00ns)   --->   "%sext_ln840_20 = sext i10 %add_ln840_7"   --->   Operation 130 'sext' 'sext_ln840_20' <Predicate = (!icmp_ln123)> <Delay = 0.00>
ST_1 : Operation 131 [1/1] (0.00ns)   --->   "%sext_ln840_21 = sext i8 %r_V_19"   --->   Operation 131 'sext' 'sext_ln840_21' <Predicate = (!icmp_ln123)> <Delay = 0.00>
ST_1 : Operation 132 [1/1] (0.00ns)   --->   "%sext_ln840_22 = sext i9 %ret_V_17"   --->   Operation 132 'sext' 'sext_ln840_22' <Predicate = (!icmp_ln123)> <Delay = 0.00>
ST_1 : Operation 133 [1/1] (0.00ns) (grouped into TernaryAdder)   --->   "%sub_ln840_8 = sub i10 %sext_ln840_22, i10 %sext_ln840_21"   --->   Operation 133 'sub' 'sub_ln840_8' <Predicate = (!icmp_ln123)> <Delay = 0.00> <CoreInst = "TAddSub">   --->   Core 10 'TAddSub' <Latency = 0> <II = 1> <Delay = 0.48> <IPBlock> <Opcode : 'add' 'sub'> <InPorts = 3> <OutPorts = 1> <Sync> <CReg>
ST_1 : Operation 134 [1/1] (0.96ns) (root node of TernaryAdder)   --->   "%add_ln840_8 = add i10 %sub_ln840_8, i10 %sext_ln628_16"   --->   Operation 134 'add' 'add_ln840_8' <Predicate = (!icmp_ln123)> <Delay = 0.96> <CoreInst = "TAddSub">   --->   Core 10 'TAddSub' <Latency = 0> <II = 1> <Delay = 0.48> <IPBlock> <Opcode : 'add' 'sub'> <InPorts = 3> <OutPorts = 1> <Sync> <CReg>
ST_1 : Operation 135 [1/1] (0.00ns)   --->   "%sext_ln840_23 = sext i10 %add_ln840_8"   --->   Operation 135 'sext' 'sext_ln840_23' <Predicate = (!icmp_ln123)> <Delay = 0.00>
ST_1 : Operation 136 [1/1] (0.78ns)   --->   "%add_ln840_9 = add i11 %sext_ln840_23, i11 %sext_ln840_20"   --->   Operation 136 'add' 'add_ln840_9' <Predicate = (!icmp_ln123)> <Delay = 0.78> <CoreInst = "Adder">   --->   Core 1 'Adder' <Latency = 0> <II = 1> <Delay = 0.78> <FuncUnit> <Opcode : 'add' 'sub'> <InPorts = 2> <OutPorts = 1>
ST_1 : Operation 137 [1/1] (0.00ns)   --->   "%sext_ln840_24 = sext i11 %add_ln840_9"   --->   Operation 137 'sext' 'sext_ln840_24' <Predicate = (!icmp_ln123)> <Delay = 0.00>
ST_1 : Operation 138 [1/1] (0.76ns)   --->   "%add_ln840_10 = add i9 %sext_ln840_1, i9 %sext_ln840_2"   --->   Operation 138 'add' 'add_ln840_10' <Predicate = (!icmp_ln123)> <Delay = 0.76> <CoreInst = "Adder">   --->   Core 1 'Adder' <Latency = 0> <II = 1> <Delay = 0.76> <FuncUnit> <Opcode : 'add' 'sub'> <InPorts = 2> <OutPorts = 1>
ST_1 : Operation 139 [1/1] (0.00ns)   --->   "%sext_ln840_25 = sext i9 %add_ln840_10"   --->   Operation 139 'sext' 'sext_ln840_25' <Predicate = (!icmp_ln123)> <Delay = 0.00>
ST_1 : Operation 140 [1/1] (0.77ns)   --->   "%add_ln840_11 = add i10 %sext_ln840_25, i10 %sext_ln628_2"   --->   Operation 140 'add' 'add_ln840_11' <Predicate = (!icmp_ln123)> <Delay = 0.77> <CoreInst = "Adder">   --->   Core 1 'Adder' <Latency = 0> <II = 1> <Delay = 0.77> <FuncUnit> <Opcode : 'add' 'sub'> <InPorts = 2> <OutPorts = 1>
ST_1 : Operation 141 [1/1] (0.00ns)   --->   "%sext_ln840_26 = sext i10 %add_ln840_11"   --->   Operation 141 'sext' 'sext_ln840_26' <Predicate = (!icmp_ln123)> <Delay = 0.00>
ST_1 : Operation 142 [1/1] (0.76ns)   --->   "%add_ln840_12 = add i9 %sext_ln840_4, i9 %sext_ln840_5"   --->   Operation 142 'add' 'add_ln840_12' <Predicate = (!icmp_ln123)> <Delay = 0.76> <CoreInst = "Adder">   --->   Core 1 'Adder' <Latency = 0> <II = 1> <Delay = 0.76> <FuncUnit> <Opcode : 'add' 'sub'> <InPorts = 2> <OutPorts = 1>
ST_1 : Operation 143 [1/1] (0.00ns)   --->   "%sext_ln840_27 = sext i9 %add_ln840_12"   --->   Operation 143 'sext' 'sext_ln840_27' <Predicate = (!icmp_ln123)> <Delay = 0.00>
ST_1 : Operation 144 [1/1] (0.77ns)   --->   "%add_ln840_13 = add i10 %sext_ln840_27, i10 %sext_ln628_17"   --->   Operation 144 'add' 'add_ln840_13' <Predicate = (!icmp_ln123)> <Delay = 0.77> <CoreInst = "Adder">   --->   Core 1 'Adder' <Latency = 0> <II = 1> <Delay = 0.77> <FuncUnit> <Opcode : 'add' 'sub'> <InPorts = 2> <OutPorts = 1>
ST_1 : Operation 145 [1/1] (0.00ns)   --->   "%sext_ln840_28 = sext i10 %add_ln840_13"   --->   Operation 145 'sext' 'sext_ln840_28' <Predicate = (!icmp_ln123)> <Delay = 0.00>
ST_1 : Operation 146 [1/1] (0.78ns)   --->   "%add_ln840_14 = add i11 %sext_ln840_28, i11 %sext_ln840_26"   --->   Operation 146 'add' 'add_ln840_14' <Predicate = (!icmp_ln123)> <Delay = 0.78> <CoreInst = "Adder">   --->   Core 1 'Adder' <Latency = 0> <II = 1> <Delay = 0.78> <FuncUnit> <Opcode : 'add' 'sub'> <InPorts = 2> <OutPorts = 1>
ST_1 : Operation 147 [1/1] (0.00ns)   --->   "%sext_ln840_29 = sext i11 %add_ln840_14"   --->   Operation 147 'sext' 'sext_ln840_29' <Predicate = (!icmp_ln123)> <Delay = 0.00>
ST_1 : Operation 148 [1/1] (0.79ns)   --->   "%add_ln840_15 = add i12 %sext_ln840_29, i12 %sext_ln840_24"   --->   Operation 148 'add' 'add_ln840_15' <Predicate = (!icmp_ln123)> <Delay = 0.79> <CoreInst = "Adder">   --->   Core 1 'Adder' <Latency = 0> <II = 1> <Delay = 0.79> <FuncUnit> <Opcode : 'add' 'sub'> <InPorts = 2> <OutPorts = 1>
ST_1 : Operation 149 [1/1] (0.00ns)   --->   "%sext_ln840_30 = sext i12 %add_ln840_15"   --->   Operation 149 'sext' 'sext_ln840_30' <Predicate = (!icmp_ln123)> <Delay = 0.00>
ST_1 : Operation 150 [1/1] (0.80ns)   --->   "%add_ln840_16 = add i13 %sext_ln840_30, i13 %sext_ln840_18"   --->   Operation 150 'add' 'add_ln840_16' <Predicate = (!icmp_ln123)> <Delay = 0.80> <CoreInst = "Adder">   --->   Core 1 'Adder' <Latency = 0> <II = 1> <Delay = 0.80> <FuncUnit> <Opcode : 'add' 'sub'> <InPorts = 2> <OutPorts = 1>
ST_1 : Operation 151 [1/1] (0.76ns)   --->   "%ret_V_18 = sub i9 0, i9 %sext_ln840"   --->   Operation 151 'sub' 'ret_V_18' <Predicate = (!icmp_ln123)> <Delay = 0.76> <CoreInst = "Adder">   --->   Core 1 'Adder' <Latency = 0> <II = 1> <Delay = 0.76> <FuncUnit> <Opcode : 'add' 'sub'> <InPorts = 2> <OutPorts = 1>
ST_1 : Operation 152 [1/1] (0.00ns)   --->   "%sext_ln840_31 = sext i9 %ret_V_18"   --->   Operation 152 'sext' 'sext_ln840_31' <Predicate = (!icmp_ln123)> <Delay = 0.00>
ST_1 : Operation 153 [1/1] (0.00ns)   --->   "%sext_ln840_32 = sext i9 %ret_V"   --->   Operation 153 'sext' 'sext_ln840_32' <Predicate = (!icmp_ln123)> <Delay = 0.00>
ST_1 : Operation 154 [1/1] (0.00ns) (grouped into TernaryAdder)   --->   "%sub_ln840_1 = sub i10 %sext_ln840_32, i10 %sext_ln628"   --->   Operation 154 'sub' 'sub_ln840_1' <Predicate = (!icmp_ln123)> <Delay = 0.00> <CoreInst = "TAddSub">   --->   Core 10 'TAddSub' <Latency = 0> <II = 1> <Delay = 0.48> <IPBlock> <Opcode : 'add' 'sub'> <InPorts = 3> <OutPorts = 1> <Sync> <CReg>
ST_1 : Operation 155 [1/1] (0.96ns) (root node of TernaryAdder)   --->   "%add_ln840_17 = add i10 %sub_ln840_1, i10 %sext_ln840_31"   --->   Operation 155 'add' 'add_ln840_17' <Predicate = (!icmp_ln123)> <Delay = 0.96> <CoreInst = "TAddSub">   --->   Core 10 'TAddSub' <Latency = 0> <II = 1> <Delay = 0.48> <IPBlock> <Opcode : 'add' 'sub'> <InPorts = 3> <OutPorts = 1> <Sync> <CReg>
ST_1 : Operation 156 [1/1] (0.00ns)   --->   "%sext_ln840_33 = sext i8 %r_V_8"   --->   Operation 156 'sext' 'sext_ln840_33' <Predicate = (!icmp_ln123)> <Delay = 0.00>
ST_1 : Operation 157 [1/1] (0.76ns)   --->   "%ret_V_19 = sub i9 0, i9 %sext_ln840_2"   --->   Operation 157 'sub' 'ret_V_19' <Predicate = (!icmp_ln123)> <Delay = 0.76> <CoreInst = "Adder">   --->   Core 1 'Adder' <Latency = 0> <II = 1> <Delay = 0.76> <FuncUnit> <Opcode : 'add' 'sub'> <InPorts = 2> <OutPorts = 1>
ST_1 : Operation 158 [1/1] (0.00ns)   --->   "%sext_ln1494_18 = sext i9 %ret_V_19"   --->   Operation 158 'sext' 'sext_ln1494_18' <Predicate = (!icmp_ln123)> <Delay = 0.00>
ST_1 : Operation 159 [1/1] (0.76ns)   --->   "%ret_V_20 = sub i9 0, i9 %sext_ln840_3"   --->   Operation 159 'sub' 'ret_V_20' <Predicate = (!icmp_ln123)> <Delay = 0.76> <CoreInst = "Adder">   --->   Core 1 'Adder' <Latency = 0> <II = 1> <Delay = 0.76> <FuncUnit> <Opcode : 'add' 'sub'> <InPorts = 2> <OutPorts = 1>
ST_1 : Operation 160 [1/1] (0.00ns)   --->   "%sext_ln1494_19 = sext i9 %ret_V_20"   --->   Operation 160 'sext' 'sext_ln1494_19' <Predicate = (!icmp_ln123)> <Delay = 0.00>
ST_1 : Operation 161 [1/1] (0.76ns)   --->   "%ret_V_21 = sub i9 0, i9 %sext_ln840_4"   --->   Operation 161 'sub' 'ret_V_21' <Predicate = (!icmp_ln123)> <Delay = 0.76> <CoreInst = "Adder">   --->   Core 1 'Adder' <Latency = 0> <II = 1> <Delay = 0.76> <FuncUnit> <Opcode : 'add' 'sub'> <InPorts = 2> <OutPorts = 1>
ST_1 : Operation 162 [1/1] (0.00ns)   --->   "%sext_ln840_34 = sext i8 %r_V_5"   --->   Operation 162 'sext' 'sext_ln840_34' <Predicate = (!icmp_ln123)> <Delay = 0.00>
ST_1 : Operation 163 [1/1] (0.00ns)   --->   "%sext_ln840_35 = sext i10 %add_ln840_17"   --->   Operation 163 'sext' 'sext_ln840_35' <Predicate = (!icmp_ln123)> <Delay = 0.00>
ST_1 : Operation 164 [1/1] (0.00ns) (grouped into TernaryAdder)   --->   "%sub_ln840_9 = sub i11 %sext_ln840_35, i11 %sext_ln840_34"   --->   Operation 164 'sub' 'sub_ln840_9' <Predicate = (!icmp_ln123)> <Delay = 0.00> <CoreInst = "TAddSub">   --->   Core 10 'TAddSub' <Latency = 0> <II = 1> <Delay = 0.48> <IPBlock> <Opcode : 'add' 'sub'> <InPorts = 3> <OutPorts = 1> <Sync> <CReg>
ST_1 : Operation 165 [1/1] (0.00ns) (grouped into TernaryAdder)   --->   "%sub_ln840_10 = sub i10 %sext_ln628_8, i10 %sext_ln840_10"   --->   Operation 165 'sub' 'sub_ln840_10' <Predicate = (!icmp_ln123)> <Delay = 0.00> <CoreInst = "TAddSub">   --->   Core 10 'TAddSub' <Latency = 0> <II = 1> <Delay = 0.48> <IPBlock> <Opcode : 'add' 'sub'> <InPorts = 3> <OutPorts = 1> <Sync> <CReg>
ST_1 : Operation 166 [1/1] (0.96ns) (root node of TernaryAdder)   --->   "%add_ln840_18 = add i10 %sub_ln840_10, i10 %sext_ln628_4"   --->   Operation 166 'add' 'add_ln840_18' <Predicate = (!icmp_ln123)> <Delay = 0.96> <CoreInst = "TAddSub">   --->   Core 10 'TAddSub' <Latency = 0> <II = 1> <Delay = 0.48> <IPBlock> <Opcode : 'add' 'sub'> <InPorts = 3> <OutPorts = 1> <Sync> <CReg>
ST_1 : Operation 167 [1/1] (0.00ns)   --->   "%sext_ln840_36 = sext i10 %add_ln840_18"   --->   Operation 167 'sext' 'sext_ln840_36' <Predicate = (!icmp_ln123)> <Delay = 0.00>
ST_1 : Operation 168 [1/1] (0.91ns) (root node of TernaryAdder)   --->   "%add_ln840_19 = add i11 %sext_ln840_36, i11 %sub_ln840_9"   --->   Operation 168 'add' 'add_ln840_19' <Predicate = (!icmp_ln123)> <Delay = 0.91> <CoreInst = "TAddSub">   --->   Core 10 'TAddSub' <Latency = 0> <II = 1> <Delay = 0.48> <IPBlock> <Opcode : 'add' 'sub'> <InPorts = 3> <OutPorts = 1> <Sync> <CReg>
ST_1 : Operation 169 [1/1] (0.00ns)   --->   "%sext_ln840_37 = sext i11 %add_ln840_19"   --->   Operation 169 'sext' 'sext_ln840_37' <Predicate = (!icmp_ln123)> <Delay = 0.00>
ST_1 : Operation 170 [1/1] (0.00ns)   --->   "%sext_ln840_38 = sext i8 %r_V_12"   --->   Operation 170 'sext' 'sext_ln840_38' <Predicate = (!icmp_ln123)> <Delay = 0.00>
ST_1 : Operation 171 [1/1] (0.00ns) (grouped into TernaryAdder)   --->   "%sub_ln840_11 = sub i10 %sext_ln628_13, i10 %sext_ln840_38"   --->   Operation 171 'sub' 'sub_ln840_11' <Predicate = (!icmp_ln123)> <Delay = 0.00> <CoreInst = "TAddSub">   --->   Core 10 'TAddSub' <Latency = 0> <II = 1> <Delay = 0.48> <IPBlock> <Opcode : 'add' 'sub'> <InPorts = 3> <OutPorts = 1> <Sync> <CReg>
ST_1 : Operation 172 [1/1] (0.96ns) (root node of TernaryAdder)   --->   "%add_ln840_20 = add i10 %sub_ln840_11, i10 %sext_ln628_9"   --->   Operation 172 'add' 'add_ln840_20' <Predicate = (!icmp_ln123)> <Delay = 0.96> <CoreInst = "TAddSub">   --->   Core 10 'TAddSub' <Latency = 0> <II = 1> <Delay = 0.48> <IPBlock> <Opcode : 'add' 'sub'> <InPorts = 3> <OutPorts = 1> <Sync> <CReg>
ST_1 : Operation 173 [1/1] (0.00ns)   --->   "%sext_ln840_39 = sext i10 %add_ln840_20"   --->   Operation 173 'sext' 'sext_ln840_39' <Predicate = (!icmp_ln123)> <Delay = 0.00>
ST_1 : Operation 174 [1/1] (0.00ns)   --->   "%sext_ln840_40 = sext i8 %r_V_17"   --->   Operation 174 'sext' 'sext_ln840_40' <Predicate = (!icmp_ln123)> <Delay = 0.00>
ST_1 : Operation 175 [1/1] (0.00ns) (grouped into TernaryAdder)   --->   "%sub_ln840_12 = sub i10 %sext_ln1494_18, i10 %sext_ln840_40"   --->   Operation 175 'sub' 'sub_ln840_12' <Predicate = (!icmp_ln123)> <Delay = 0.00> <CoreInst = "TAddSub">   --->   Core 10 'TAddSub' <Latency = 0> <II = 1> <Delay = 0.48> <IPBlock> <Opcode : 'add' 'sub'> <InPorts = 3> <OutPorts = 1> <Sync> <CReg>
ST_1 : Operation 176 [1/1] (0.96ns) (root node of TernaryAdder)   --->   "%add_ln840_21 = add i10 %sub_ln840_12, i10 %sext_ln628_14"   --->   Operation 176 'add' 'add_ln840_21' <Predicate = (!icmp_ln123)> <Delay = 0.96> <CoreInst = "TAddSub">   --->   Core 10 'TAddSub' <Latency = 0> <II = 1> <Delay = 0.48> <IPBlock> <Opcode : 'add' 'sub'> <InPorts = 3> <OutPorts = 1> <Sync> <CReg>
ST_1 : Operation 177 [1/1] (0.00ns)   --->   "%sext_ln840_41 = sext i10 %add_ln840_21"   --->   Operation 177 'sext' 'sext_ln840_41' <Predicate = (!icmp_ln123)> <Delay = 0.00>
ST_1 : Operation 178 [1/1] (0.78ns)   --->   "%add_ln840_22 = add i11 %sext_ln840_41, i11 %sext_ln840_39"   --->   Operation 178 'add' 'add_ln840_22' <Predicate = (!icmp_ln123)> <Delay = 0.78> <CoreInst = "Adder">   --->   Core 1 'Adder' <Latency = 0> <II = 1> <Delay = 0.78> <FuncUnit> <Opcode : 'add' 'sub'> <InPorts = 2> <OutPorts = 1>
ST_1 : Operation 179 [1/1] (0.00ns)   --->   "%sext_ln840_42 = sext i11 %add_ln840_22"   --->   Operation 179 'sext' 'sext_ln840_42' <Predicate = (!icmp_ln123)> <Delay = 0.00>
ST_1 : Operation 180 [1/1] (0.79ns)   --->   "%add_ln840_23 = add i12 %sext_ln840_42, i12 %sext_ln840_37"   --->   Operation 180 'add' 'add_ln840_23' <Predicate = (!icmp_ln123)> <Delay = 0.79> <CoreInst = "Adder">   --->   Core 1 'Adder' <Latency = 0> <II = 1> <Delay = 0.79> <FuncUnit> <Opcode : 'add' 'sub'> <InPorts = 2> <OutPorts = 1>
ST_1 : Operation 181 [1/1] (0.00ns)   --->   "%sext_ln840_43 = sext i12 %add_ln840_23"   --->   Operation 181 'sext' 'sext_ln840_43' <Predicate = (!icmp_ln123)> <Delay = 0.00>
ST_1 : Operation 182 [1/1] (0.76ns)   --->   "%sub_ln840_13 = sub i9 %sext_ln840_1, i9 %sext_ln840_4"   --->   Operation 182 'sub' 'sub_ln840_13' <Predicate = (!icmp_ln123)> <Delay = 0.76> <CoreInst = "Adder">   --->   Core 1 'Adder' <Latency = 0> <II = 1> <Delay = 0.76> <FuncUnit> <Opcode : 'add' 'sub'> <InPorts = 2> <OutPorts = 1>
ST_1 : Operation 183 [1/1] (0.00ns)   --->   "%sext_ln840_44 = sext i9 %sub_ln840_13"   --->   Operation 183 'sext' 'sext_ln840_44' <Predicate = (!icmp_ln123)> <Delay = 0.00>
ST_1 : Operation 184 [1/1] (0.77ns)   --->   "%sub_ln840_14 = sub i10 %sext_ln840_44, i10 %sext_ln628_17"   --->   Operation 184 'sub' 'sub_ln840_14' <Predicate = (!icmp_ln123)> <Delay = 0.77> <CoreInst = "Adder">   --->   Core 1 'Adder' <Latency = 0> <II = 1> <Delay = 0.77> <FuncUnit> <Opcode : 'add' 'sub'> <InPorts = 2> <OutPorts = 1>
ST_1 : Operation 185 [1/1] (0.00ns)   --->   "%sext_ln840_45 = sext i10 %sub_ln840_14"   --->   Operation 185 'sext' 'sext_ln840_45' <Predicate = (!icmp_ln123)> <Delay = 0.00>
ST_1 : Operation 186 [1/1] (0.76ns)   --->   "%add_ln840_24 = add i9 %sext_ln1494_5, i9 %sext_ln1494_6"   --->   Operation 186 'add' 'add_ln840_24' <Predicate = (!icmp_ln123)> <Delay = 0.76> <CoreInst = "Adder">   --->   Core 1 'Adder' <Latency = 0> <II = 1> <Delay = 0.76> <FuncUnit> <Opcode : 'add' 'sub'> <InPorts = 2> <OutPorts = 1>
ST_1 : Operation 187 [1/1] (0.00ns)   --->   "%sext_ln840_46 = sext i9 %add_ln840_24"   --->   Operation 187 'sext' 'sext_ln840_46' <Predicate = (!icmp_ln123)> <Delay = 0.00>
ST_1 : Operation 188 [1/1] (0.77ns)   --->   "%add_ln840_25 = add i10 %sext_ln840_46, i10 %sext_ln840_7"   --->   Operation 188 'add' 'add_ln840_25' <Predicate = (!icmp_ln123)> <Delay = 0.77> <CoreInst = "Adder">   --->   Core 1 'Adder' <Latency = 0> <II = 1> <Delay = 0.77> <FuncUnit> <Opcode : 'add' 'sub'> <InPorts = 2> <OutPorts = 1>
ST_1 : Operation 189 [1/1] (0.00ns)   --->   "%sext_ln840_47 = sext i10 %add_ln840_25"   --->   Operation 189 'sext' 'sext_ln840_47' <Predicate = (!icmp_ln123)> <Delay = 0.00>
ST_1 : Operation 190 [1/1] (0.78ns)   --->   "%add_ln840_26 = add i11 %sext_ln840_47, i11 %sext_ln840_45"   --->   Operation 190 'add' 'add_ln840_26' <Predicate = (!icmp_ln123)> <Delay = 0.78> <CoreInst = "Adder">   --->   Core 1 'Adder' <Latency = 0> <II = 1> <Delay = 0.78> <FuncUnit> <Opcode : 'add' 'sub'> <InPorts = 2> <OutPorts = 1>
ST_1 : Operation 191 [1/1] (0.00ns)   --->   "%sext_ln840_48 = sext i11 %add_ln840_26"   --->   Operation 191 'sext' 'sext_ln840_48' <Predicate = (!icmp_ln123)> <Delay = 0.00>
ST_1 : Operation 192 [1/1] (0.76ns)   --->   "%add_ln840_27 = add i9 %sext_ln1494_11, i9 %sext_ln1494_15"   --->   Operation 192 'add' 'add_ln840_27' <Predicate = (!icmp_ln123)> <Delay = 0.76> <CoreInst = "Adder">   --->   Core 1 'Adder' <Latency = 0> <II = 1> <Delay = 0.76> <FuncUnit> <Opcode : 'add' 'sub'> <InPorts = 2> <OutPorts = 1>
ST_1 : Operation 193 [1/1] (0.00ns)   --->   "%sext_ln840_49 = sext i9 %add_ln840_27"   --->   Operation 193 'sext' 'sext_ln840_49' <Predicate = (!icmp_ln123)> <Delay = 0.00>
ST_1 : Operation 194 [1/1] (0.77ns)   --->   "%add_ln840_28 = add i10 %sext_ln840_49, i10 %sext_ln840_15"   --->   Operation 194 'add' 'add_ln840_28' <Predicate = (!icmp_ln123)> <Delay = 0.77> <CoreInst = "Adder">   --->   Core 1 'Adder' <Latency = 0> <II = 1> <Delay = 0.77> <FuncUnit> <Opcode : 'add' 'sub'> <InPorts = 2> <OutPorts = 1>
ST_1 : Operation 195 [1/1] (0.00ns)   --->   "%sext_ln840_50 = sext i10 %add_ln840_28"   --->   Operation 195 'sext' 'sext_ln840_50' <Predicate = (!icmp_ln123)> <Delay = 0.00>
ST_1 : Operation 196 [1/1] (0.76ns)   --->   "%add_ln840_29 = add i9 %sext_ln840_5, i9 %sext_ln1494_17"   --->   Operation 196 'add' 'add_ln840_29' <Predicate = (!icmp_ln123)> <Delay = 0.76> <CoreInst = "Adder">   --->   Core 1 'Adder' <Latency = 0> <II = 1> <Delay = 0.76> <FuncUnit> <Opcode : 'add' 'sub'> <InPorts = 2> <OutPorts = 1>
ST_1 : Operation 197 [1/1] (0.00ns)   --->   "%sext_ln840_51 = sext i9 %add_ln840_29"   --->   Operation 197 'sext' 'sext_ln840_51' <Predicate = (!icmp_ln123)> <Delay = 0.00>
ST_1 : Operation 198 [1/1] (0.77ns)   --->   "%add_ln840_30 = add i10 %sext_ln840_51, i10 %sext_ln840_21"   --->   Operation 198 'add' 'add_ln840_30' <Predicate = (!icmp_ln123)> <Delay = 0.77> <CoreInst = "Adder">   --->   Core 1 'Adder' <Latency = 0> <II = 1> <Delay = 0.77> <FuncUnit> <Opcode : 'add' 'sub'> <InPorts = 2> <OutPorts = 1>
ST_1 : Operation 199 [1/1] (0.00ns)   --->   "%sext_ln840_52 = sext i10 %add_ln840_30"   --->   Operation 199 'sext' 'sext_ln840_52' <Predicate = (!icmp_ln123)> <Delay = 0.00>
ST_1 : Operation 200 [1/1] (0.78ns)   --->   "%add_ln840_31 = add i11 %sext_ln840_52, i11 %sext_ln840_50"   --->   Operation 200 'add' 'add_ln840_31' <Predicate = (!icmp_ln123)> <Delay = 0.78> <CoreInst = "Adder">   --->   Core 1 'Adder' <Latency = 0> <II = 1> <Delay = 0.78> <FuncUnit> <Opcode : 'add' 'sub'> <InPorts = 2> <OutPorts = 1>
ST_1 : Operation 201 [1/1] (0.00ns)   --->   "%sext_ln840_53 = sext i11 %add_ln840_31"   --->   Operation 201 'sext' 'sext_ln840_53' <Predicate = (!icmp_ln123)> <Delay = 0.00>
ST_1 : Operation 202 [1/1] (0.79ns)   --->   "%add_ln840_32 = add i12 %sext_ln840_53, i12 %sext_ln840_48"   --->   Operation 202 'add' 'add_ln840_32' <Predicate = (!icmp_ln123)> <Delay = 0.79> <CoreInst = "Adder">   --->   Core 1 'Adder' <Latency = 0> <II = 1> <Delay = 0.79> <FuncUnit> <Opcode : 'add' 'sub'> <InPorts = 2> <OutPorts = 1>
ST_1 : Operation 203 [1/1] (0.00ns)   --->   "%sext_ln840_54 = sext i12 %add_ln840_32"   --->   Operation 203 'sext' 'sext_ln840_54' <Predicate = (!icmp_ln123)> <Delay = 0.00>
ST_1 : Operation 204 [1/1] (0.80ns)   --->   "%add_ln840_33 = add i13 %sext_ln840_54, i13 %sext_ln840_43"   --->   Operation 204 'add' 'add_ln840_33' <Predicate = (!icmp_ln123)> <Delay = 0.80> <CoreInst = "Adder">   --->   Core 1 'Adder' <Latency = 0> <II = 1> <Delay = 0.80> <FuncUnit> <Opcode : 'add' 'sub'> <InPorts = 2> <OutPorts = 1>
ST_1 : Operation 205 [1/1] (0.76ns)   --->   "%ret_V_22 = sub i9 0, i9 %sext_ln840_1"   --->   Operation 205 'sub' 'ret_V_22' <Predicate = (!icmp_ln123)> <Delay = 0.76> <CoreInst = "Adder">   --->   Core 1 'Adder' <Latency = 0> <II = 1> <Delay = 0.76> <FuncUnit> <Opcode : 'add' 'sub'> <InPorts = 2> <OutPorts = 1>
ST_1 : Operation 206 [1/1] (0.00ns)   --->   "%sext_ln840_55 = sext i8 %r_V_15"   --->   Operation 206 'sext' 'sext_ln840_55' <Predicate = (!icmp_ln123)> <Delay = 0.00>
ST_1 : Operation 207 [1/1] (0.00ns)   --->   "%sext_ln840_56 = sext i8 %r_V_3"   --->   Operation 207 'sext' 'sext_ln840_56' <Predicate = (!icmp_ln123)> <Delay = 0.00>
ST_1 : Operation 208 [1/1] (0.00ns) (grouped into TernaryAdder)   --->   "%sub_ln840_15 = sub i11 %sext_ln840_35, i11 %sext_ln840_56"   --->   Operation 208 'sub' 'sub_ln840_15' <Predicate = (!icmp_ln123)> <Delay = 0.00> <CoreInst = "TAddSub">   --->   Core 10 'TAddSub' <Latency = 0> <II = 1> <Delay = 0.48> <IPBlock> <Opcode : 'add' 'sub'> <InPorts = 3> <OutPorts = 1> <Sync> <CReg>
ST_1 : Operation 209 [1/1] (0.00ns)   --->   "%sext_ln840_57 = sext i8 %r_V_5"   --->   Operation 209 'sext' 'sext_ln840_57' <Predicate = (!icmp_ln123)> <Delay = 0.00>
ST_1 : Operation 210 [1/1] (0.00ns) (grouped into TernaryAdder)   --->   "%sub_ln840_16 = sub i10 %sext_ln628_4, i10 %sext_ln840_57"   --->   Operation 210 'sub' 'sub_ln840_16' <Predicate = (!icmp_ln123)> <Delay = 0.00> <CoreInst = "TAddSub">   --->   Core 10 'TAddSub' <Latency = 0> <II = 1> <Delay = 0.48> <IPBlock> <Opcode : 'add' 'sub'> <InPorts = 3> <OutPorts = 1> <Sync> <CReg>
ST_1 : Operation 211 [1/1] (0.96ns) (root node of TernaryAdder)   --->   "%add_ln840_34 = add i10 %sub_ln840_16, i10 %sext_ln628_3"   --->   Operation 211 'add' 'add_ln840_34' <Predicate = (!icmp_ln123)> <Delay = 0.96> <CoreInst = "TAddSub">   --->   Core 10 'TAddSub' <Latency = 0> <II = 1> <Delay = 0.48> <IPBlock> <Opcode : 'add' 'sub'> <InPorts = 3> <OutPorts = 1> <Sync> <CReg>
ST_1 : Operation 212 [1/1] (0.00ns)   --->   "%sext_ln840_58 = sext i10 %add_ln840_34"   --->   Operation 212 'sext' 'sext_ln840_58' <Predicate = (!icmp_ln123)> <Delay = 0.00>
ST_1 : Operation 213 [1/1] (0.91ns) (root node of TernaryAdder)   --->   "%add_ln840_35 = add i11 %sext_ln840_58, i11 %sub_ln840_15"   --->   Operation 213 'add' 'add_ln840_35' <Predicate = (!icmp_ln123)> <Delay = 0.91> <CoreInst = "TAddSub">   --->   Core 10 'TAddSub' <Latency = 0> <II = 1> <Delay = 0.48> <IPBlock> <Opcode : 'add' 'sub'> <InPorts = 3> <OutPorts = 1> <Sync> <CReg>
ST_1 : Operation 214 [1/1] (0.00ns)   --->   "%sext_ln840_59 = sext i11 %add_ln840_35"   --->   Operation 214 'sext' 'sext_ln840_59' <Predicate = (!icmp_ln123)> <Delay = 0.00>
ST_1 : Operation 215 [1/1] (0.00ns) (grouped into TernaryAdder)   --->   "%sub_ln840_17 = sub i10 %sext_ln628_7, i10 %sext_ln840_33"   --->   Operation 215 'sub' 'sub_ln840_17' <Predicate = (!icmp_ln123)> <Delay = 0.00> <CoreInst = "TAddSub">   --->   Core 10 'TAddSub' <Latency = 0> <II = 1> <Delay = 0.48> <IPBlock> <Opcode : 'add' 'sub'> <InPorts = 3> <OutPorts = 1> <Sync> <CReg>
ST_1 : Operation 216 [1/1] (0.96ns) (root node of TernaryAdder)   --->   "%add_ln840_36 = add i10 %sub_ln840_17, i10 %sext_ln628_5"   --->   Operation 216 'add' 'add_ln840_36' <Predicate = (!icmp_ln123)> <Delay = 0.96> <CoreInst = "TAddSub">   --->   Core 10 'TAddSub' <Latency = 0> <II = 1> <Delay = 0.48> <IPBlock> <Opcode : 'add' 'sub'> <InPorts = 3> <OutPorts = 1> <Sync> <CReg>
ST_1 : Operation 217 [1/1] (0.00ns)   --->   "%sext_ln840_60 = sext i10 %add_ln840_36"   --->   Operation 217 'sext' 'sext_ln840_60' <Predicate = (!icmp_ln123)> <Delay = 0.00>
ST_1 : Operation 218 [1/1] (0.00ns)   --->   "%sext_ln840_61 = sext i8 %r_V_11"   --->   Operation 218 'sext' 'sext_ln840_61' <Predicate = (!icmp_ln123)> <Delay = 0.00>
ST_1 : Operation 219 [1/1] (0.00ns) (grouped into TernaryAdder)   --->   "%sub_ln840_18 = sub i10 %sext_ln628_11, i10 %sext_ln840_61"   --->   Operation 219 'sub' 'sub_ln840_18' <Predicate = (!icmp_ln123)> <Delay = 0.00> <CoreInst = "TAddSub">   --->   Core 10 'TAddSub' <Latency = 0> <II = 1> <Delay = 0.48> <IPBlock> <Opcode : 'add' 'sub'> <InPorts = 3> <OutPorts = 1> <Sync> <CReg>
ST_1 : Operation 220 [1/1] (0.96ns) (root node of TernaryAdder)   --->   "%add_ln840_37 = add i10 %sub_ln840_18, i10 %sext_ln628_8"   --->   Operation 220 'add' 'add_ln840_37' <Predicate = (!icmp_ln123)> <Delay = 0.96> <CoreInst = "TAddSub">   --->   Core 10 'TAddSub' <Latency = 0> <II = 1> <Delay = 0.48> <IPBlock> <Opcode : 'add' 'sub'> <InPorts = 3> <OutPorts = 1> <Sync> <CReg>
ST_1 : Operation 221 [1/1] (0.00ns)   --->   "%sext_ln840_62 = sext i10 %add_ln840_37"   --->   Operation 221 'sext' 'sext_ln840_62' <Predicate = (!icmp_ln123)> <Delay = 0.00>
ST_1 : Operation 222 [1/1] (0.78ns)   --->   "%add_ln840_38 = add i11 %sext_ln840_62, i11 %sext_ln840_60"   --->   Operation 222 'add' 'add_ln840_38' <Predicate = (!icmp_ln123)> <Delay = 0.78> <CoreInst = "Adder">   --->   Core 1 'Adder' <Latency = 0> <II = 1> <Delay = 0.78> <FuncUnit> <Opcode : 'add' 'sub'> <InPorts = 2> <OutPorts = 1>
ST_1 : Operation 223 [1/1] (0.00ns)   --->   "%sext_ln840_63 = sext i11 %add_ln840_38"   --->   Operation 223 'sext' 'sext_ln840_63' <Predicate = (!icmp_ln123)> <Delay = 0.00>
ST_1 : Operation 224 [1/1] (0.79ns)   --->   "%add_ln840_39 = add i12 %sext_ln840_63, i12 %sext_ln840_59"   --->   Operation 224 'add' 'add_ln840_39' <Predicate = (!icmp_ln123)> <Delay = 0.79> <CoreInst = "Adder">   --->   Core 1 'Adder' <Latency = 0> <II = 1> <Delay = 0.79> <FuncUnit> <Opcode : 'add' 'sub'> <InPorts = 2> <OutPorts = 1>
ST_1 : Operation 225 [1/1] (0.00ns)   --->   "%sext_ln840_64 = sext i12 %add_ln840_39"   --->   Operation 225 'sext' 'sext_ln840_64' <Predicate = (!icmp_ln123)> <Delay = 0.00>
ST_1 : Operation 226 [1/1] (0.76ns)   --->   "%add_ln840_40 = add i9 %sext_ln1494_9, i9 %sext_ln1494_12"   --->   Operation 226 'add' 'add_ln840_40' <Predicate = (!icmp_ln123)> <Delay = 0.76> <CoreInst = "Adder">   --->   Core 1 'Adder' <Latency = 0> <II = 1> <Delay = 0.76> <FuncUnit> <Opcode : 'add' 'sub'> <InPorts = 2> <OutPorts = 1>
ST_1 : Operation 227 [1/1] (0.00ns)   --->   "%sext_ln840_65 = sext i8 %r_V_14"   --->   Operation 227 'sext' 'sext_ln840_65' <Predicate = (!icmp_ln123)> <Delay = 0.00>
ST_1 : Operation 228 [1/1] (0.00ns)   --->   "%sext_ln840_66 = sext i9 %add_ln840_40"   --->   Operation 228 'sext' 'sext_ln840_66' <Predicate = (!icmp_ln123)> <Delay = 0.00>
ST_1 : Operation 229 [1/1] (0.77ns)   --->   "%sub_ln840_19 = sub i10 %sext_ln840_66, i10 %sext_ln840_65"   --->   Operation 229 'sub' 'sub_ln840_19' <Predicate = (!icmp_ln123)> <Delay = 0.77> <CoreInst = "Adder">   --->   Core 1 'Adder' <Latency = 0> <II = 1> <Delay = 0.77> <FuncUnit> <Opcode : 'add' 'sub'> <InPorts = 2> <OutPorts = 1>
ST_1 : Operation 230 [1/1] (0.00ns)   --->   "%sext_ln840_67 = sext i10 %sub_ln840_19"   --->   Operation 230 'sext' 'sext_ln840_67' <Predicate = (!icmp_ln123)> <Delay = 0.00>
ST_1 : Operation 231 [1/1] (0.76ns)   --->   "%add_ln840_41 = add i9 %sext_ln1494_14, i9 %sext_ln1494_15"   --->   Operation 231 'add' 'add_ln840_41' <Predicate = (!icmp_ln123)> <Delay = 0.76> <CoreInst = "Adder">   --->   Core 1 'Adder' <Latency = 0> <II = 1> <Delay = 0.76> <FuncUnit> <Opcode : 'add' 'sub'> <InPorts = 2> <OutPorts = 1>
ST_1 : Operation 232 [1/1] (0.00ns)   --->   "%sext_ln840_68 = sext i9 %add_ln840_41"   --->   Operation 232 'sext' 'sext_ln840_68' <Predicate = (!icmp_ln123)> <Delay = 0.00>
ST_1 : Operation 233 [1/1] (0.77ns)   --->   "%add_ln840_42 = add i10 %sext_ln840_68, i10 %sext_ln840_19"   --->   Operation 233 'add' 'add_ln840_42' <Predicate = (!icmp_ln123)> <Delay = 0.77> <CoreInst = "Adder">   --->   Core 1 'Adder' <Latency = 0> <II = 1> <Delay = 0.77> <FuncUnit> <Opcode : 'add' 'sub'> <InPorts = 2> <OutPorts = 1>
ST_1 : Operation 234 [1/1] (0.00ns)   --->   "%sext_ln840_69 = sext i10 %add_ln840_42"   --->   Operation 234 'sext' 'sext_ln840_69' <Predicate = (!icmp_ln123)> <Delay = 0.00>
ST_1 : Operation 235 [1/1] (0.78ns)   --->   "%add_ln840_43 = add i11 %sext_ln840_69, i11 %sext_ln840_67"   --->   Operation 235 'add' 'add_ln840_43' <Predicate = (!icmp_ln123)> <Delay = 0.78> <CoreInst = "Adder">   --->   Core 1 'Adder' <Latency = 0> <II = 1> <Delay = 0.78> <FuncUnit> <Opcode : 'add' 'sub'> <InPorts = 2> <OutPorts = 1>
ST_1 : Operation 236 [1/1] (0.00ns)   --->   "%sext_ln840_70 = sext i11 %add_ln840_43"   --->   Operation 236 'sext' 'sext_ln840_70' <Predicate = (!icmp_ln123)> <Delay = 0.00>
ST_1 : Operation 237 [1/1] (0.76ns)   --->   "%add_ln840_44 = add i9 %sext_ln840_2, i9 %sext_ln840_3"   --->   Operation 237 'add' 'add_ln840_44' <Predicate = (!icmp_ln123)> <Delay = 0.76> <CoreInst = "Adder">   --->   Core 1 'Adder' <Latency = 0> <II = 1> <Delay = 0.76> <FuncUnit> <Opcode : 'add' 'sub'> <InPorts = 2> <OutPorts = 1>
ST_1 : Operation 238 [1/1] (0.00ns)   --->   "%sext_ln840_71 = sext i9 %add_ln840_44"   --->   Operation 238 'sext' 'sext_ln840_71' <Predicate = (!icmp_ln123)> <Delay = 0.00>
ST_1 : Operation 239 [1/1] (0.77ns)   --->   "%add_ln840_45 = add i10 %sext_ln840_71, i10 %sext_ln840_21"   --->   Operation 239 'add' 'add_ln840_45' <Predicate = (!icmp_ln123)> <Delay = 0.77> <CoreInst = "Adder">   --->   Core 1 'Adder' <Latency = 0> <II = 1> <Delay = 0.77> <FuncUnit> <Opcode : 'add' 'sub'> <InPorts = 2> <OutPorts = 1>
ST_1 : Operation 240 [1/1] (0.00ns)   --->   "%sext_ln840_72 = sext i10 %add_ln840_45"   --->   Operation 240 'sext' 'sext_ln840_72' <Predicate = (!icmp_ln123)> <Delay = 0.00>
ST_1 : Operation 241 [1/1] (0.77ns)   --->   "%add_ln840_46 = add i10 %sext_ln840_51, i10 %sext_ln628_18"   --->   Operation 241 'add' 'add_ln840_46' <Predicate = (!icmp_ln123)> <Delay = 0.77> <CoreInst = "Adder">   --->   Core 1 'Adder' <Latency = 0> <II = 1> <Delay = 0.77> <FuncUnit> <Opcode : 'add' 'sub'> <InPorts = 2> <OutPorts = 1>
ST_1 : Operation 242 [1/1] (0.00ns)   --->   "%sext_ln840_73 = sext i10 %add_ln840_46"   --->   Operation 242 'sext' 'sext_ln840_73' <Predicate = (!icmp_ln123)> <Delay = 0.00>
ST_1 : Operation 243 [1/1] (0.78ns)   --->   "%add_ln840_47 = add i11 %sext_ln840_73, i11 %sext_ln840_72"   --->   Operation 243 'add' 'add_ln840_47' <Predicate = (!icmp_ln123)> <Delay = 0.78> <CoreInst = "Adder">   --->   Core 1 'Adder' <Latency = 0> <II = 1> <Delay = 0.78> <FuncUnit> <Opcode : 'add' 'sub'> <InPorts = 2> <OutPorts = 1>
ST_1 : Operation 244 [1/1] (0.00ns)   --->   "%sext_ln840_74 = sext i11 %add_ln840_47"   --->   Operation 244 'sext' 'sext_ln840_74' <Predicate = (!icmp_ln123)> <Delay = 0.00>
ST_1 : Operation 245 [1/1] (0.79ns)   --->   "%add_ln840_48 = add i12 %sext_ln840_74, i12 %sext_ln840_70"   --->   Operation 245 'add' 'add_ln840_48' <Predicate = (!icmp_ln123)> <Delay = 0.79> <CoreInst = "Adder">   --->   Core 1 'Adder' <Latency = 0> <II = 1> <Delay = 0.79> <FuncUnit> <Opcode : 'add' 'sub'> <InPorts = 2> <OutPorts = 1>
ST_1 : Operation 246 [1/1] (0.00ns)   --->   "%sext_ln840_75 = sext i12 %add_ln840_48"   --->   Operation 246 'sext' 'sext_ln840_75' <Predicate = (!icmp_ln123)> <Delay = 0.00>
ST_1 : Operation 247 [1/1] (0.80ns)   --->   "%add_ln840_49 = add i13 %sext_ln840_75, i13 %sext_ln840_64"   --->   Operation 247 'add' 'add_ln840_49' <Predicate = (!icmp_ln123)> <Delay = 0.80> <CoreInst = "Adder">   --->   Core 1 'Adder' <Latency = 0> <II = 1> <Delay = 0.80> <FuncUnit> <Opcode : 'add' 'sub'> <InPorts = 2> <OutPorts = 1>
ST_1 : Operation 248 [1/1] (0.76ns)   --->   "%add_ln840_50 = add i9 %sext_ln628_1, i9 %sext_ln1494"   --->   Operation 248 'add' 'add_ln840_50' <Predicate = (!icmp_ln123)> <Delay = 0.76> <CoreInst = "Adder">   --->   Core 1 'Adder' <Latency = 0> <II = 1> <Delay = 0.76> <FuncUnit> <Opcode : 'add' 'sub'> <InPorts = 2> <OutPorts = 1>
ST_1 : Operation 249 [1/1] (0.00ns)   --->   "%sext_ln840_76 = sext i9 %add_ln840_50"   --->   Operation 249 'sext' 'sext_ln840_76' <Predicate = (!icmp_ln123)> <Delay = 0.00>
ST_1 : Operation 250 [1/1] (0.76ns)   --->   "%ret_V_23 = sub i9 0, i9 %sext_ln840_5"   --->   Operation 250 'sub' 'ret_V_23' <Predicate = (!icmp_ln123)> <Delay = 0.76> <CoreInst = "Adder">   --->   Core 1 'Adder' <Latency = 0> <II = 1> <Delay = 0.76> <FuncUnit> <Opcode : 'add' 'sub'> <InPorts = 2> <OutPorts = 1>
ST_1 : Operation 251 [1/1] (0.00ns)   --->   "%sext_ln840_77 = sext i8 %r_V_3"   --->   Operation 251 'sext' 'sext_ln840_77' <Predicate = (!icmp_ln123)> <Delay = 0.00>
ST_1 : Operation 252 [1/1] (0.00ns) (grouped into TernaryAdder)   --->   "%sub_ln840_20 = sub i10 %sext_ln628_3, i10 %sext_ln840_77"   --->   Operation 252 'sub' 'sub_ln840_20' <Predicate = (!icmp_ln123)> <Delay = 0.00> <CoreInst = "TAddSub">   --->   Core 10 'TAddSub' <Latency = 0> <II = 1> <Delay = 0.48> <IPBlock> <Opcode : 'add' 'sub'> <InPorts = 3> <OutPorts = 1> <Sync> <CReg>
ST_1 : Operation 253 [1/1] (0.96ns) (root node of TernaryAdder)   --->   "%add_ln840_51 = add i10 %sub_ln840_20, i10 %sext_ln840_76"   --->   Operation 253 'add' 'add_ln840_51' <Predicate = (!icmp_ln123)> <Delay = 0.96> <CoreInst = "TAddSub">   --->   Core 10 'TAddSub' <Latency = 0> <II = 1> <Delay = 0.48> <IPBlock> <Opcode : 'add' 'sub'> <InPorts = 3> <OutPorts = 1> <Sync> <CReg>
ST_1 : Operation 254 [1/1] (0.00ns)   --->   "%sext_ln840_78 = sext i10 %add_ln840_51"   --->   Operation 254 'sext' 'sext_ln840_78' <Predicate = (!icmp_ln123)> <Delay = 0.00>
ST_1 : Operation 255 [1/1] (0.00ns)   --->   "%sext_ln840_79 = sext i8 %r_V_9"   --->   Operation 255 'sext' 'sext_ln840_79' <Predicate = (!icmp_ln123)> <Delay = 0.00>
ST_1 : Operation 256 [1/1] (0.00ns) (grouped into TernaryAdder)   --->   "%sub_ln840_21 = sub i10 %sext_ln628_10, i10 %sext_ln840_79"   --->   Operation 256 'sub' 'sub_ln840_21' <Predicate = (!icmp_ln123)> <Delay = 0.00> <CoreInst = "TAddSub">   --->   Core 10 'TAddSub' <Latency = 0> <II = 1> <Delay = 0.48> <IPBlock> <Opcode : 'add' 'sub'> <InPorts = 3> <OutPorts = 1> <Sync> <CReg>
ST_1 : Operation 257 [1/1] (0.96ns) (root node of TernaryAdder)   --->   "%add_ln840_52 = add i10 %sub_ln840_21, i10 %sext_ln628_6"   --->   Operation 257 'add' 'add_ln840_52' <Predicate = (!icmp_ln123)> <Delay = 0.96> <CoreInst = "TAddSub">   --->   Core 10 'TAddSub' <Latency = 0> <II = 1> <Delay = 0.48> <IPBlock> <Opcode : 'add' 'sub'> <InPorts = 3> <OutPorts = 1> <Sync> <CReg>
ST_1 : Operation 258 [1/1] (0.00ns)   --->   "%sext_ln840_80 = sext i10 %add_ln840_52"   --->   Operation 258 'sext' 'sext_ln840_80' <Predicate = (!icmp_ln123)> <Delay = 0.00>
ST_1 : Operation 259 [1/1] (0.78ns)   --->   "%add_ln840_53 = add i11 %sext_ln840_80, i11 %sext_ln840_78"   --->   Operation 259 'add' 'add_ln840_53' <Predicate = (!icmp_ln123)> <Delay = 0.78> <CoreInst = "Adder">   --->   Core 1 'Adder' <Latency = 0> <II = 1> <Delay = 0.78> <FuncUnit> <Opcode : 'add' 'sub'> <InPorts = 2> <OutPorts = 1>
ST_1 : Operation 260 [1/1] (0.00ns)   --->   "%sext_ln840_81 = sext i11 %add_ln840_53"   --->   Operation 260 'sext' 'sext_ln840_81' <Predicate = (!icmp_ln123)> <Delay = 0.00>
ST_1 : Operation 261 [1/1] (0.00ns) (grouped into TernaryAdder)   --->   "%sub_ln840_22 = sub i10 %sext_ln628_16, i10 %sext_ln840_40"   --->   Operation 261 'sub' 'sub_ln840_22' <Predicate = (!icmp_ln123)> <Delay = 0.00> <CoreInst = "TAddSub">   --->   Core 10 'TAddSub' <Latency = 0> <II = 1> <Delay = 0.48> <IPBlock> <Opcode : 'add' 'sub'> <InPorts = 3> <OutPorts = 1> <Sync> <CReg>
ST_1 : Operation 262 [1/1] (0.96ns) (root node of TernaryAdder)   --->   "%add_ln840_54 = add i10 %sub_ln840_22, i10 %sext_ln628_11"   --->   Operation 262 'add' 'add_ln840_54' <Predicate = (!icmp_ln123)> <Delay = 0.96> <CoreInst = "TAddSub">   --->   Core 10 'TAddSub' <Latency = 0> <II = 1> <Delay = 0.48> <IPBlock> <Opcode : 'add' 'sub'> <InPorts = 3> <OutPorts = 1> <Sync> <CReg>
ST_1 : Operation 263 [1/1] (0.00ns)   --->   "%sext_ln840_82 = sext i10 %add_ln840_54"   --->   Operation 263 'sext' 'sext_ln840_82' <Predicate = (!icmp_ln123)> <Delay = 0.00>
ST_1 : Operation 264 [1/1] (0.76ns)   --->   "%sub_ln840_23 = sub i9 %sext_ln840, i9 %sext_ln840_5"   --->   Operation 264 'sub' 'sub_ln840_23' <Predicate = (!icmp_ln123)> <Delay = 0.76> <CoreInst = "Adder">   --->   Core 1 'Adder' <Latency = 0> <II = 1> <Delay = 0.76> <FuncUnit> <Opcode : 'add' 'sub'> <InPorts = 2> <OutPorts = 1>
ST_1 : Operation 265 [1/1] (0.00ns)   --->   "%sext_ln840_83 = sext i9 %sub_ln840_23"   --->   Operation 265 'sext' 'sext_ln840_83' <Predicate = (!icmp_ln123)> <Delay = 0.00>
ST_1 : Operation 266 [1/1] (0.77ns)   --->   "%sub_ln840_24 = sub i10 %sext_ln840_83, i10 %sext_ln840_21"   --->   Operation 266 'sub' 'sub_ln840_24' <Predicate = (!icmp_ln123)> <Delay = 0.77> <CoreInst = "Adder">   --->   Core 1 'Adder' <Latency = 0> <II = 1> <Delay = 0.77> <FuncUnit> <Opcode : 'add' 'sub'> <InPorts = 2> <OutPorts = 1>
ST_1 : Operation 267 [1/1] (0.00ns)   --->   "%sext_ln840_84 = sext i10 %sub_ln840_24"   --->   Operation 267 'sext' 'sext_ln840_84' <Predicate = (!icmp_ln123)> <Delay = 0.00>
ST_1 : Operation 268 [1/1] (0.78ns)   --->   "%add_ln840_55 = add i11 %sext_ln840_84, i11 %sext_ln840_82"   --->   Operation 268 'add' 'add_ln840_55' <Predicate = (!icmp_ln123)> <Delay = 0.78> <CoreInst = "Adder">   --->   Core 1 'Adder' <Latency = 0> <II = 1> <Delay = 0.78> <FuncUnit> <Opcode : 'add' 'sub'> <InPorts = 2> <OutPorts = 1>
ST_1 : Operation 269 [1/1] (0.00ns)   --->   "%sext_ln840_85 = sext i11 %add_ln840_55"   --->   Operation 269 'sext' 'sext_ln840_85' <Predicate = (!icmp_ln123)> <Delay = 0.00>
ST_1 : Operation 270 [1/1] (0.79ns)   --->   "%add_ln840_56 = add i12 %sext_ln840_85, i12 %sext_ln840_81"   --->   Operation 270 'add' 'add_ln840_56' <Predicate = (!icmp_ln123)> <Delay = 0.79> <CoreInst = "Adder">   --->   Core 1 'Adder' <Latency = 0> <II = 1> <Delay = 0.79> <FuncUnit> <Opcode : 'add' 'sub'> <InPorts = 2> <OutPorts = 1>
ST_1 : Operation 271 [1/1] (0.00ns)   --->   "%sext_ln840_86 = sext i12 %add_ln840_56"   --->   Operation 271 'sext' 'sext_ln840_86' <Predicate = (!icmp_ln123)> <Delay = 0.00>
ST_1 : Operation 272 [1/1] (0.76ns)   --->   "%add_ln840_57 = add i9 %sext_ln1494_3, i9 %sext_ln1494_4"   --->   Operation 272 'add' 'add_ln840_57' <Predicate = (!icmp_ln123)> <Delay = 0.76> <CoreInst = "Adder">   --->   Core 1 'Adder' <Latency = 0> <II = 1> <Delay = 0.76> <FuncUnit> <Opcode : 'add' 'sub'> <InPorts = 2> <OutPorts = 1>
ST_1 : Operation 273 [1/1] (0.00ns)   --->   "%sext_ln840_87 = sext i9 %add_ln840_57"   --->   Operation 273 'sext' 'sext_ln840_87' <Predicate = (!icmp_ln123)> <Delay = 0.00>
ST_1 : Operation 274 [1/1] (0.77ns)   --->   "%add_ln840_58 = add i10 %sext_ln840_87, i10 %sext_ln840_57"   --->   Operation 274 'add' 'add_ln840_58' <Predicate = (!icmp_ln123)> <Delay = 0.77> <CoreInst = "Adder">   --->   Core 1 'Adder' <Latency = 0> <II = 1> <Delay = 0.77> <FuncUnit> <Opcode : 'add' 'sub'> <InPorts = 2> <OutPorts = 1>
ST_1 : Operation 275 [1/1] (0.00ns)   --->   "%sext_ln840_88 = sext i10 %add_ln840_58"   --->   Operation 275 'sext' 'sext_ln840_88' <Predicate = (!icmp_ln123)> <Delay = 0.00>
ST_1 : Operation 276 [1/1] (0.76ns)   --->   "%add_ln840_59 = add i9 %sext_ln1494_8, i9 %sext_ln1494_11"   --->   Operation 276 'add' 'add_ln840_59' <Predicate = (!icmp_ln123)> <Delay = 0.76> <CoreInst = "Adder">   --->   Core 1 'Adder' <Latency = 0> <II = 1> <Delay = 0.76> <FuncUnit> <Opcode : 'add' 'sub'> <InPorts = 2> <OutPorts = 1>
ST_1 : Operation 277 [1/1] (0.00ns)   --->   "%sext_ln840_89 = sext i9 %add_ln840_59"   --->   Operation 277 'sext' 'sext_ln840_89' <Predicate = (!icmp_ln123)> <Delay = 0.00>
ST_1 : Operation 278 [1/1] (0.77ns)   --->   "%add_ln840_60 = add i10 %sext_ln840_89, i10 %sext_ln840_13"   --->   Operation 278 'add' 'add_ln840_60' <Predicate = (!icmp_ln123)> <Delay = 0.77> <CoreInst = "Adder">   --->   Core 1 'Adder' <Latency = 0> <II = 1> <Delay = 0.77> <FuncUnit> <Opcode : 'add' 'sub'> <InPorts = 2> <OutPorts = 1>
ST_1 : Operation 279 [1/1] (0.00ns)   --->   "%sext_ln840_90 = sext i10 %add_ln840_60"   --->   Operation 279 'sext' 'sext_ln840_90' <Predicate = (!icmp_ln123)> <Delay = 0.00>
ST_1 : Operation 280 [1/1] (0.78ns)   --->   "%add_ln840_61 = add i11 %sext_ln840_90, i11 %sext_ln840_88"   --->   Operation 280 'add' 'add_ln840_61' <Predicate = (!icmp_ln123)> <Delay = 0.78> <CoreInst = "Adder">   --->   Core 1 'Adder' <Latency = 0> <II = 1> <Delay = 0.78> <FuncUnit> <Opcode : 'add' 'sub'> <InPorts = 2> <OutPorts = 1>
ST_1 : Operation 281 [1/1] (0.00ns)   --->   "%sext_ln840_91 = sext i11 %add_ln840_61"   --->   Operation 281 'sext' 'sext_ln840_91' <Predicate = (!icmp_ln123)> <Delay = 0.00>
ST_1 : Operation 282 [1/1] (0.76ns)   --->   "%add_ln840_62 = add i9 %sext_ln1494_13, i9 %sext_ln840_2"   --->   Operation 282 'add' 'add_ln840_62' <Predicate = (!icmp_ln123)> <Delay = 0.76> <CoreInst = "Adder">   --->   Core 1 'Adder' <Latency = 0> <II = 1> <Delay = 0.76> <FuncUnit> <Opcode : 'add' 'sub'> <InPorts = 2> <OutPorts = 1>
ST_1 : Operation 283 [1/1] (0.00ns)   --->   "%sext_ln840_92 = sext i9 %add_ln840_62"   --->   Operation 283 'sext' 'sext_ln840_92' <Predicate = (!icmp_ln123)> <Delay = 0.00>
ST_1 : Operation 284 [1/1] (0.77ns)   --->   "%add_ln840_63 = add i10 %sext_ln840_92, i10 %sext_ln840_55"   --->   Operation 284 'add' 'add_ln840_63' <Predicate = (!icmp_ln123)> <Delay = 0.77> <CoreInst = "Adder">   --->   Core 1 'Adder' <Latency = 0> <II = 1> <Delay = 0.77> <FuncUnit> <Opcode : 'add' 'sub'> <InPorts = 2> <OutPorts = 1>
ST_1 : Operation 285 [1/1] (0.00ns)   --->   "%sext_ln840_93 = sext i10 %add_ln840_63"   --->   Operation 285 'sext' 'sext_ln840_93' <Predicate = (!icmp_ln123)> <Delay = 0.00>
ST_1 : Operation 286 [1/1] (0.76ns)   --->   "%add_ln840_64 = add i9 %sext_ln840_4, i9 %sext_ln1494_17"   --->   Operation 286 'add' 'add_ln840_64' <Predicate = (!icmp_ln123)> <Delay = 0.76> <CoreInst = "Adder">   --->   Core 1 'Adder' <Latency = 0> <II = 1> <Delay = 0.76> <FuncUnit> <Opcode : 'add' 'sub'> <InPorts = 2> <OutPorts = 1>
ST_1 : Operation 287 [1/1] (0.00ns)   --->   "%sext_ln840_94 = sext i9 %add_ln840_64"   --->   Operation 287 'sext' 'sext_ln840_94' <Predicate = (!icmp_ln123)> <Delay = 0.00>
ST_1 : Operation 288 [1/1] (0.77ns)   --->   "%add_ln840_65 = add i10 %sext_ln840_94, i10 %sext_ln628_17"   --->   Operation 288 'add' 'add_ln840_65' <Predicate = (!icmp_ln123)> <Delay = 0.77> <CoreInst = "Adder">   --->   Core 1 'Adder' <Latency = 0> <II = 1> <Delay = 0.77> <FuncUnit> <Opcode : 'add' 'sub'> <InPorts = 2> <OutPorts = 1>
ST_1 : Operation 289 [1/1] (0.00ns)   --->   "%sext_ln840_95 = sext i10 %add_ln840_65"   --->   Operation 289 'sext' 'sext_ln840_95' <Predicate = (!icmp_ln123)> <Delay = 0.00>
ST_1 : Operation 290 [1/1] (0.78ns)   --->   "%add_ln840_66 = add i11 %sext_ln840_95, i11 %sext_ln840_93"   --->   Operation 290 'add' 'add_ln840_66' <Predicate = (!icmp_ln123)> <Delay = 0.78> <CoreInst = "Adder">   --->   Core 1 'Adder' <Latency = 0> <II = 1> <Delay = 0.78> <FuncUnit> <Opcode : 'add' 'sub'> <InPorts = 2> <OutPorts = 1>
ST_1 : Operation 291 [1/1] (0.00ns)   --->   "%sext_ln840_96 = sext i11 %add_ln840_66"   --->   Operation 291 'sext' 'sext_ln840_96' <Predicate = (!icmp_ln123)> <Delay = 0.00>
ST_1 : Operation 292 [1/1] (0.79ns)   --->   "%add_ln840_67 = add i12 %sext_ln840_96, i12 %sext_ln840_91"   --->   Operation 292 'add' 'add_ln840_67' <Predicate = (!icmp_ln123)> <Delay = 0.79> <CoreInst = "Adder">   --->   Core 1 'Adder' <Latency = 0> <II = 1> <Delay = 0.79> <FuncUnit> <Opcode : 'add' 'sub'> <InPorts = 2> <OutPorts = 1>
ST_1 : Operation 293 [1/1] (0.00ns)   --->   "%sext_ln840_97 = sext i12 %add_ln840_67"   --->   Operation 293 'sext' 'sext_ln840_97' <Predicate = (!icmp_ln123)> <Delay = 0.00>
ST_1 : Operation 294 [1/1] (0.80ns)   --->   "%add_ln840_68 = add i13 %sext_ln840_97, i13 %sext_ln840_86"   --->   Operation 294 'add' 'add_ln840_68' <Predicate = (!icmp_ln123)> <Delay = 0.80> <CoreInst = "Adder">   --->   Core 1 'Adder' <Latency = 0> <II = 1> <Delay = 0.80> <FuncUnit> <Opcode : 'add' 'sub'> <InPorts = 2> <OutPorts = 1>
ST_1 : Operation 295 [1/1] (0.00ns) (grouped into TernaryAdder)   --->   "%sub_ln840_25 = sub i10 %sext_ln628_9, i10 %sext_ln628_2"   --->   Operation 295 'sub' 'sub_ln840_25' <Predicate = (!icmp_ln123)> <Delay = 0.00> <CoreInst = "TAddSub">   --->   Core 10 'TAddSub' <Latency = 0> <II = 1> <Delay = 0.48> <IPBlock> <Opcode : 'add' 'sub'> <InPorts = 3> <OutPorts = 1> <Sync> <CReg>
ST_1 : Operation 296 [1/1] (0.96ns) (root node of TernaryAdder)   --->   "%add_ln840_69 = add i10 %sub_ln840_25, i10 %sext_ln840_76"   --->   Operation 296 'add' 'add_ln840_69' <Predicate = (!icmp_ln123)> <Delay = 0.96> <CoreInst = "TAddSub">   --->   Core 10 'TAddSub' <Latency = 0> <II = 1> <Delay = 0.48> <IPBlock> <Opcode : 'add' 'sub'> <InPorts = 3> <OutPorts = 1> <Sync> <CReg>
ST_1 : Operation 297 [1/1] (0.00ns)   --->   "%sext_ln840_98 = sext i10 %add_ln840_69"   --->   Operation 297 'sext' 'sext_ln840_98' <Predicate = (!icmp_ln123)> <Delay = 0.00>
ST_1 : Operation 298 [1/1] (0.78ns)   --->   "%add_ln840_70 = add i11 %sext_ln840_20, i11 %sext_ln840_98"   --->   Operation 298 'add' 'add_ln840_70' <Predicate = (!icmp_ln123)> <Delay = 0.78> <CoreInst = "Adder">   --->   Core 1 'Adder' <Latency = 0> <II = 1> <Delay = 0.78> <FuncUnit> <Opcode : 'add' 'sub'> <InPorts = 2> <OutPorts = 1>
ST_1 : Operation 299 [1/1] (0.00ns)   --->   "%sext_ln840_99 = sext i11 %add_ln840_70"   --->   Operation 299 'sext' 'sext_ln840_99' <Predicate = (!icmp_ln123)> <Delay = 0.00>
ST_1 : Operation 300 [1/1] (0.00ns) (grouped into TernaryAdder)   --->   "%sub_ln840_26 = sub i10 %sext_ln1494_18, i10 %sext_ln840_21"   --->   Operation 300 'sub' 'sub_ln840_26' <Predicate = (!icmp_ln123)> <Delay = 0.00> <CoreInst = "TAddSub">   --->   Core 10 'TAddSub' <Latency = 0> <II = 1> <Delay = 0.48> <IPBlock> <Opcode : 'add' 'sub'> <InPorts = 3> <OutPorts = 1> <Sync> <CReg>
ST_1 : Operation 301 [1/1] (0.96ns) (root node of TernaryAdder)   --->   "%add_ln840_71 = add i10 %sub_ln840_26, i10 %sext_ln628_16"   --->   Operation 301 'add' 'add_ln840_71' <Predicate = (!icmp_ln123)> <Delay = 0.96> <CoreInst = "TAddSub">   --->   Core 10 'TAddSub' <Latency = 0> <II = 1> <Delay = 0.48> <IPBlock> <Opcode : 'add' 'sub'> <InPorts = 3> <OutPorts = 1> <Sync> <CReg>
ST_1 : Operation 302 [1/1] (0.00ns)   --->   "%sext_ln840_100 = sext i10 %add_ln840_71"   --->   Operation 302 'sext' 'sext_ln840_100' <Predicate = (!icmp_ln123)> <Delay = 0.00>
ST_1 : Operation 303 [1/1] (0.00ns)   --->   "%sext_ln840_101 = sext i9 %ret_V_23"   --->   Operation 303 'sext' 'sext_ln840_101' <Predicate = (!icmp_ln123)> <Delay = 0.00>
ST_1 : Operation 304 [1/1] (0.00ns) (grouped into TernaryAdder)   --->   "%sub_ln840_27 = sub i10 %sext_ln840_101, i10 %sext_ln628_18"   --->   Operation 304 'sub' 'sub_ln840_27' <Predicate = (!icmp_ln123)> <Delay = 0.00> <CoreInst = "TAddSub">   --->   Core 10 'TAddSub' <Latency = 0> <II = 1> <Delay = 0.48> <IPBlock> <Opcode : 'add' 'sub'> <InPorts = 3> <OutPorts = 1> <Sync> <CReg>
ST_1 : Operation 305 [1/1] (0.96ns) (root node of TernaryAdder)   --->   "%add_ln840_72 = add i10 %sub_ln840_27, i10 %sext_ln1494_19"   --->   Operation 305 'add' 'add_ln840_72' <Predicate = (!icmp_ln123)> <Delay = 0.96> <CoreInst = "TAddSub">   --->   Core 10 'TAddSub' <Latency = 0> <II = 1> <Delay = 0.48> <IPBlock> <Opcode : 'add' 'sub'> <InPorts = 3> <OutPorts = 1> <Sync> <CReg>
ST_1 : Operation 306 [1/1] (0.00ns)   --->   "%sext_ln840_102 = sext i10 %add_ln840_72"   --->   Operation 306 'sext' 'sext_ln840_102' <Predicate = (!icmp_ln123)> <Delay = 0.00>
ST_1 : Operation 307 [1/1] (0.78ns)   --->   "%add_ln840_73 = add i11 %sext_ln840_102, i11 %sext_ln840_100"   --->   Operation 307 'add' 'add_ln840_73' <Predicate = (!icmp_ln123)> <Delay = 0.78> <CoreInst = "Adder">   --->   Core 1 'Adder' <Latency = 0> <II = 1> <Delay = 0.78> <FuncUnit> <Opcode : 'add' 'sub'> <InPorts = 2> <OutPorts = 1>
ST_1 : Operation 308 [1/1] (0.00ns)   --->   "%sext_ln840_103 = sext i11 %add_ln840_73"   --->   Operation 308 'sext' 'sext_ln840_103' <Predicate = (!icmp_ln123)> <Delay = 0.00>
ST_1 : Operation 309 [1/1] (0.79ns)   --->   "%add_ln840_74 = add i12 %sext_ln840_103, i12 %sext_ln840_99"   --->   Operation 309 'add' 'add_ln840_74' <Predicate = (!icmp_ln123)> <Delay = 0.79> <CoreInst = "Adder">   --->   Core 1 'Adder' <Latency = 0> <II = 1> <Delay = 0.79> <FuncUnit> <Opcode : 'add' 'sub'> <InPorts = 2> <OutPorts = 1>
ST_1 : Operation 310 [1/1] (0.00ns)   --->   "%sext_ln840_104 = sext i12 %add_ln840_74"   --->   Operation 310 'sext' 'sext_ln840_104' <Predicate = (!icmp_ln123)> <Delay = 0.00>
ST_1 : Operation 311 [1/1] (0.76ns)   --->   "%add_ln840_75 = add i9 %sext_ln840_1, i9 %sext_ln1494_1"   --->   Operation 311 'add' 'add_ln840_75' <Predicate = (!icmp_ln123)> <Delay = 0.76> <CoreInst = "Adder">   --->   Core 1 'Adder' <Latency = 0> <II = 1> <Delay = 0.76> <FuncUnit> <Opcode : 'add' 'sub'> <InPorts = 2> <OutPorts = 1>
ST_1 : Operation 312 [1/1] (0.00ns)   --->   "%sext_ln840_105 = sext i8 %r_V_24"   --->   Operation 312 'sext' 'sext_ln840_105' <Predicate = (!icmp_ln123)> <Delay = 0.00>
ST_1 : Operation 313 [1/1] (0.00ns)   --->   "%sext_ln840_106 = sext i9 %add_ln840_75"   --->   Operation 313 'sext' 'sext_ln840_106' <Predicate = (!icmp_ln123)> <Delay = 0.00>
ST_1 : Operation 314 [1/1] (0.77ns)   --->   "%sub_ln840_28 = sub i10 %sext_ln840_106, i10 %sext_ln840_105"   --->   Operation 314 'sub' 'sub_ln840_28' <Predicate = (!icmp_ln123)> <Delay = 0.77> <CoreInst = "Adder">   --->   Core 1 'Adder' <Latency = 0> <II = 1> <Delay = 0.77> <FuncUnit> <Opcode : 'add' 'sub'> <InPorts = 2> <OutPorts = 1>
ST_1 : Operation 315 [1/1] (0.00ns)   --->   "%sext_ln840_107 = sext i10 %sub_ln840_28"   --->   Operation 315 'sext' 'sext_ln840_107' <Predicate = (!icmp_ln123)> <Delay = 0.00>
ST_1 : Operation 316 [1/1] (0.78ns)   --->   "%add_ln840_76 = add i11 %sext_ln840_88, i11 %sext_ln840_107"   --->   Operation 316 'add' 'add_ln840_76' <Predicate = (!icmp_ln123)> <Delay = 0.78> <CoreInst = "Adder">   --->   Core 1 'Adder' <Latency = 0> <II = 1> <Delay = 0.78> <FuncUnit> <Opcode : 'add' 'sub'> <InPorts = 2> <OutPorts = 1>
ST_1 : Operation 317 [1/1] (0.00ns)   --->   "%sext_ln840_108 = sext i11 %add_ln840_76"   --->   Operation 317 'sext' 'sext_ln840_108' <Predicate = (!icmp_ln123)> <Delay = 0.00>
ST_1 : Operation 318 [1/1] (0.76ns)   --->   "%add_ln840_77 = add i9 %sext_ln1494_6, i9 %sext_ln1494_7"   --->   Operation 318 'add' 'add_ln840_77' <Predicate = (!icmp_ln123)> <Delay = 0.76> <CoreInst = "Adder">   --->   Core 1 'Adder' <Latency = 0> <II = 1> <Delay = 0.76> <FuncUnit> <Opcode : 'add' 'sub'> <InPorts = 2> <OutPorts = 1>
ST_1 : Operation 319 [1/1] (0.00ns)   --->   "%sext_ln840_109 = sext i9 %add_ln840_77"   --->   Operation 319 'sext' 'sext_ln840_109' <Predicate = (!icmp_ln123)> <Delay = 0.00>
ST_1 : Operation 320 [1/1] (0.77ns)   --->   "%add_ln840_78 = add i10 %sext_ln840_109, i10 %sext_ln840_33"   --->   Operation 320 'add' 'add_ln840_78' <Predicate = (!icmp_ln123)> <Delay = 0.77> <CoreInst = "Adder">   --->   Core 1 'Adder' <Latency = 0> <II = 1> <Delay = 0.77> <FuncUnit> <Opcode : 'add' 'sub'> <InPorts = 2> <OutPorts = 1>
ST_1 : Operation 321 [1/1] (0.00ns)   --->   "%sext_ln840_110 = sext i10 %add_ln840_78"   --->   Operation 321 'sext' 'sext_ln840_110' <Predicate = (!icmp_ln123)> <Delay = 0.00>
ST_1 : Operation 322 [1/1] (0.76ns)   --->   "%add_ln840_79 = add i9 %sext_ln1494_10, i9 %sext_ln1494_11"   --->   Operation 322 'add' 'add_ln840_79' <Predicate = (!icmp_ln123)> <Delay = 0.76> <CoreInst = "Adder">   --->   Core 1 'Adder' <Latency = 0> <II = 1> <Delay = 0.76> <FuncUnit> <Opcode : 'add' 'sub'> <InPorts = 2> <OutPorts = 1>
ST_1 : Operation 323 [1/1] (0.00ns)   --->   "%sext_ln840_111 = sext i9 %add_ln840_79"   --->   Operation 323 'sext' 'sext_ln840_111' <Predicate = (!icmp_ln123)> <Delay = 0.00>
ST_1 : Operation 324 [1/1] (0.77ns)   --->   "%add_ln840_80 = add i10 %sext_ln840_111, i10 %sext_ln840_38"   --->   Operation 324 'add' 'add_ln840_80' <Predicate = (!icmp_ln123)> <Delay = 0.77> <CoreInst = "Adder">   --->   Core 1 'Adder' <Latency = 0> <II = 1> <Delay = 0.77> <FuncUnit> <Opcode : 'add' 'sub'> <InPorts = 2> <OutPorts = 1>
ST_1 : Operation 325 [1/1] (0.00ns)   --->   "%sext_ln840_112 = sext i10 %add_ln840_80"   --->   Operation 325 'sext' 'sext_ln840_112' <Predicate = (!icmp_ln123)> <Delay = 0.00>
ST_1 : Operation 326 [1/1] (0.78ns)   --->   "%add_ln840_81 = add i11 %sext_ln840_112, i11 %sext_ln840_110"   --->   Operation 326 'add' 'add_ln840_81' <Predicate = (!icmp_ln123)> <Delay = 0.78> <CoreInst = "Adder">   --->   Core 1 'Adder' <Latency = 0> <II = 1> <Delay = 0.78> <FuncUnit> <Opcode : 'add' 'sub'> <InPorts = 2> <OutPorts = 1>
ST_1 : Operation 327 [1/1] (0.00ns)   --->   "%sext_ln840_113 = sext i11 %add_ln840_81"   --->   Operation 327 'sext' 'sext_ln840_113' <Predicate = (!icmp_ln123)> <Delay = 0.00>
ST_1 : Operation 328 [1/1] (0.79ns)   --->   "%add_ln840_82 = add i12 %sext_ln840_113, i12 %sext_ln840_108"   --->   Operation 328 'add' 'add_ln840_82' <Predicate = (!icmp_ln123)> <Delay = 0.79> <CoreInst = "Adder">   --->   Core 1 'Adder' <Latency = 0> <II = 1> <Delay = 0.79> <FuncUnit> <Opcode : 'add' 'sub'> <InPorts = 2> <OutPorts = 1>
ST_1 : Operation 329 [1/1] (0.00ns)   --->   "%sext_ln840_114 = sext i12 %add_ln840_82"   --->   Operation 329 'sext' 'sext_ln840_114' <Predicate = (!icmp_ln123)> <Delay = 0.00>
ST_1 : Operation 330 [1/1] (0.80ns)   --->   "%add_ln840_83 = add i13 %sext_ln840_114, i13 %sext_ln840_104"   --->   Operation 330 'add' 'add_ln840_83' <Predicate = (!icmp_ln123)> <Delay = 0.80> <CoreInst = "Adder">   --->   Core 1 'Adder' <Latency = 0> <II = 1> <Delay = 0.80> <FuncUnit> <Opcode : 'add' 'sub'> <InPorts = 2> <OutPorts = 1>
ST_1 : Operation 331 [1/1] (0.76ns)   --->   "%sub_ln840_2 = sub i9 %sext_ln1494, i9 %sext_ln628_1"   --->   Operation 331 'sub' 'sub_ln840_2' <Predicate = (!icmp_ln123)> <Delay = 0.76> <CoreInst = "Adder">   --->   Core 1 'Adder' <Latency = 0> <II = 1> <Delay = 0.76> <FuncUnit> <Opcode : 'add' 'sub'> <InPorts = 2> <OutPorts = 1>
ST_1 : Operation 332 [1/1] (0.00ns)   --->   "%sext_ln840_115 = sext i9 %sub_ln840_2"   --->   Operation 332 'sext' 'sext_ln840_115' <Predicate = (!icmp_ln123)> <Delay = 0.00>
ST_1 : Operation 333 [1/1] (0.00ns)   --->   "%sext_ln840_116 = sext i9 %ret_V_22"   --->   Operation 333 'sext' 'sext_ln840_116' <Predicate = (!icmp_ln123)> <Delay = 0.00>
ST_1 : Operation 334 [1/1] (0.00ns) (grouped into TernaryAdder)   --->   "%sub_ln840_29 = sub i10 %sext_ln840_116, i10 %sext_ln628_2"   --->   Operation 334 'sub' 'sub_ln840_29' <Predicate = (!icmp_ln123)> <Delay = 0.00> <CoreInst = "TAddSub">   --->   Core 10 'TAddSub' <Latency = 0> <II = 1> <Delay = 0.48> <IPBlock> <Opcode : 'add' 'sub'> <InPorts = 3> <OutPorts = 1> <Sync> <CReg>
ST_1 : Operation 335 [1/1] (0.96ns) (root node of TernaryAdder)   --->   "%add_ln840_84 = add i10 %sub_ln840_29, i10 %sext_ln840_115"   --->   Operation 335 'add' 'add_ln840_84' <Predicate = (!icmp_ln123)> <Delay = 0.96> <CoreInst = "TAddSub">   --->   Core 10 'TAddSub' <Latency = 0> <II = 1> <Delay = 0.48> <IPBlock> <Opcode : 'add' 'sub'> <InPorts = 3> <OutPorts = 1> <Sync> <CReg>
ST_1 : Operation 336 [1/1] (0.00ns)   --->   "%sext_ln840_117 = sext i10 %add_ln840_84"   --->   Operation 336 'sext' 'sext_ln840_117' <Predicate = (!icmp_ln123)> <Delay = 0.00>
ST_1 : Operation 337 [1/1] (0.00ns)   --->   "%sext_ln840_118 = sext i8 %r_V_6"   --->   Operation 337 'sext' 'sext_ln840_118' <Predicate = (!icmp_ln123)> <Delay = 0.00>
ST_1 : Operation 338 [1/1] (0.00ns) (grouped into TernaryAdder)   --->   "%sub_ln840_30 = sub i10 %sext_ln628_5, i10 %sext_ln840_118"   --->   Operation 338 'sub' 'sub_ln840_30' <Predicate = (!icmp_ln123)> <Delay = 0.00> <CoreInst = "TAddSub">   --->   Core 10 'TAddSub' <Latency = 0> <II = 1> <Delay = 0.48> <IPBlock> <Opcode : 'add' 'sub'> <InPorts = 3> <OutPorts = 1> <Sync> <CReg>
ST_1 : Operation 339 [1/1] (0.96ns) (root node of TernaryAdder)   --->   "%add_ln840_85 = add i10 %sub_ln840_30, i10 %sext_ln628_3"   --->   Operation 339 'add' 'add_ln840_85' <Predicate = (!icmp_ln123)> <Delay = 0.96> <CoreInst = "TAddSub">   --->   Core 10 'TAddSub' <Latency = 0> <II = 1> <Delay = 0.48> <IPBlock> <Opcode : 'add' 'sub'> <InPorts = 3> <OutPorts = 1> <Sync> <CReg>
ST_1 : Operation 340 [1/1] (0.00ns)   --->   "%sext_ln840_119 = sext i10 %add_ln840_85"   --->   Operation 340 'sext' 'sext_ln840_119' <Predicate = (!icmp_ln123)> <Delay = 0.00>
ST_1 : Operation 341 [1/1] (0.78ns)   --->   "%add_ln840_86 = add i11 %sext_ln840_119, i11 %sext_ln840_117"   --->   Operation 341 'add' 'add_ln840_86' <Predicate = (!icmp_ln123)> <Delay = 0.78> <CoreInst = "Adder">   --->   Core 1 'Adder' <Latency = 0> <II = 1> <Delay = 0.78> <FuncUnit> <Opcode : 'add' 'sub'> <InPorts = 2> <OutPorts = 1>
ST_1 : Operation 342 [1/1] (0.00ns)   --->   "%sext_ln840_120 = sext i11 %add_ln840_86"   --->   Operation 342 'sext' 'sext_ln840_120' <Predicate = (!icmp_ln123)> <Delay = 0.00>
ST_1 : Operation 343 [1/1] (0.00ns) (grouped into TernaryAdder)   --->   "%sub_ln840_31 = sub i10 %sext_ln628_8, i10 %sext_ln840_79"   --->   Operation 343 'sub' 'sub_ln840_31' <Predicate = (!icmp_ln123)> <Delay = 0.00> <CoreInst = "TAddSub">   --->   Core 10 'TAddSub' <Latency = 0> <II = 1> <Delay = 0.48> <IPBlock> <Opcode : 'add' 'sub'> <InPorts = 3> <OutPorts = 1> <Sync> <CReg>
ST_1 : Operation 344 [1/1] (0.96ns) (root node of TernaryAdder)   --->   "%add_ln840_87 = add i10 %sub_ln840_31, i10 %sext_ln628_6"   --->   Operation 344 'add' 'add_ln840_87' <Predicate = (!icmp_ln123)> <Delay = 0.96> <CoreInst = "TAddSub">   --->   Core 10 'TAddSub' <Latency = 0> <II = 1> <Delay = 0.48> <IPBlock> <Opcode : 'add' 'sub'> <InPorts = 3> <OutPorts = 1> <Sync> <CReg>
ST_1 : Operation 345 [1/1] (0.00ns)   --->   "%sext_ln840_121 = sext i10 %add_ln840_87"   --->   Operation 345 'sext' 'sext_ln840_121' <Predicate = (!icmp_ln123)> <Delay = 0.00>
ST_1 : Operation 346 [1/1] (0.00ns) (grouped into TernaryAdder)   --->   "%sub_ln840_32 = sub i10 %sext_ln628_11, i10 %sext_ln840_38"   --->   Operation 346 'sub' 'sub_ln840_32' <Predicate = (!icmp_ln123)> <Delay = 0.00> <CoreInst = "TAddSub">   --->   Core 10 'TAddSub' <Latency = 0> <II = 1> <Delay = 0.48> <IPBlock> <Opcode : 'add' 'sub'> <InPorts = 3> <OutPorts = 1> <Sync> <CReg>
ST_1 : Operation 347 [1/1] (0.96ns) (root node of TernaryAdder)   --->   "%add_ln840_88 = add i10 %sub_ln840_32, i10 %sext_ln628_9"   --->   Operation 347 'add' 'add_ln840_88' <Predicate = (!icmp_ln123)> <Delay = 0.96> <CoreInst = "TAddSub">   --->   Core 10 'TAddSub' <Latency = 0> <II = 1> <Delay = 0.48> <IPBlock> <Opcode : 'add' 'sub'> <InPorts = 3> <OutPorts = 1> <Sync> <CReg>
ST_1 : Operation 348 [1/1] (0.00ns)   --->   "%sext_ln840_122 = sext i10 %add_ln840_88"   --->   Operation 348 'sext' 'sext_ln840_122' <Predicate = (!icmp_ln123)> <Delay = 0.00>
ST_1 : Operation 349 [1/1] (0.78ns)   --->   "%add_ln840_89 = add i11 %sext_ln840_122, i11 %sext_ln840_121"   --->   Operation 349 'add' 'add_ln840_89' <Predicate = (!icmp_ln123)> <Delay = 0.78> <CoreInst = "Adder">   --->   Core 1 'Adder' <Latency = 0> <II = 1> <Delay = 0.78> <FuncUnit> <Opcode : 'add' 'sub'> <InPorts = 2> <OutPorts = 1>
ST_1 : Operation 350 [1/1] (0.00ns)   --->   "%sext_ln840_123 = sext i11 %add_ln840_89"   --->   Operation 350 'sext' 'sext_ln840_123' <Predicate = (!icmp_ln123)> <Delay = 0.00>
ST_1 : Operation 351 [1/1] (0.79ns)   --->   "%add_ln840_90 = add i12 %sext_ln840_123, i12 %sext_ln840_120"   --->   Operation 351 'add' 'add_ln840_90' <Predicate = (!icmp_ln123)> <Delay = 0.79> <CoreInst = "Adder">   --->   Core 1 'Adder' <Latency = 0> <II = 1> <Delay = 0.79> <FuncUnit> <Opcode : 'add' 'sub'> <InPorts = 2> <OutPorts = 1>
ST_1 : Operation 352 [1/1] (0.00ns)   --->   "%sext_ln840_124 = sext i12 %add_ln840_90"   --->   Operation 352 'sext' 'sext_ln840_124' <Predicate = (!icmp_ln123)> <Delay = 0.00>
ST_1 : Operation 353 [1/1] (0.00ns) (grouped into TernaryAdder)   --->   "%sub_ln840_33 = sub i10 %sext_ln628_14, i10 %sext_ln840_55"   --->   Operation 353 'sub' 'sub_ln840_33' <Predicate = (!icmp_ln123)> <Delay = 0.00> <CoreInst = "TAddSub">   --->   Core 10 'TAddSub' <Latency = 0> <II = 1> <Delay = 0.48> <IPBlock> <Opcode : 'add' 'sub'> <InPorts = 3> <OutPorts = 1> <Sync> <CReg>
ST_1 : Operation 354 [1/1] (0.96ns) (root node of TernaryAdder)   --->   "%add_ln840_91 = add i10 %sub_ln840_33, i10 %sext_ln628_12"   --->   Operation 354 'add' 'add_ln840_91' <Predicate = (!icmp_ln123)> <Delay = 0.96> <CoreInst = "TAddSub">   --->   Core 10 'TAddSub' <Latency = 0> <II = 1> <Delay = 0.48> <IPBlock> <Opcode : 'add' 'sub'> <InPorts = 3> <OutPorts = 1> <Sync> <CReg>
ST_1 : Operation 355 [1/1] (0.00ns)   --->   "%sext_ln840_125 = sext i10 %add_ln840_91"   --->   Operation 355 'sext' 'sext_ln840_125' <Predicate = (!icmp_ln123)> <Delay = 0.00>
ST_1 : Operation 356 [1/1] (0.00ns)   --->   "%sext_ln840_126 = sext i8 %r_V_18"   --->   Operation 356 'sext' 'sext_ln840_126' <Predicate = (!icmp_ln123)> <Delay = 0.00>
ST_1 : Operation 357 [1/1] (0.00ns)   --->   "%sext_ln840_127 = sext i9 %ret_V_16"   --->   Operation 357 'sext' 'sext_ln840_127' <Predicate = (!icmp_ln123)> <Delay = 0.00>
ST_1 : Operation 358 [1/1] (0.00ns) (grouped into TernaryAdder)   --->   "%sub_ln840_34 = sub i10 %sext_ln840_127, i10 %sext_ln840_126"   --->   Operation 358 'sub' 'sub_ln840_34' <Predicate = (!icmp_ln123)> <Delay = 0.00> <CoreInst = "TAddSub">   --->   Core 10 'TAddSub' <Latency = 0> <II = 1> <Delay = 0.48> <IPBlock> <Opcode : 'add' 'sub'> <InPorts = 3> <OutPorts = 1> <Sync> <CReg>
ST_1 : Operation 359 [1/1] (0.96ns) (root node of TernaryAdder)   --->   "%add_ln840_92 = add i10 %sub_ln840_34, i10 %sext_ln628_15"   --->   Operation 359 'add' 'add_ln840_92' <Predicate = (!icmp_ln123)> <Delay = 0.96> <CoreInst = "TAddSub">   --->   Core 10 'TAddSub' <Latency = 0> <II = 1> <Delay = 0.48> <IPBlock> <Opcode : 'add' 'sub'> <InPorts = 3> <OutPorts = 1> <Sync> <CReg>
ST_1 : Operation 360 [1/1] (0.00ns)   --->   "%sext_ln840_128 = sext i10 %add_ln840_92"   --->   Operation 360 'sext' 'sext_ln840_128' <Predicate = (!icmp_ln123)> <Delay = 0.00>
ST_1 : Operation 361 [1/1] (0.78ns)   --->   "%add_ln840_93 = add i11 %sext_ln840_128, i11 %sext_ln840_125"   --->   Operation 361 'add' 'add_ln840_93' <Predicate = (!icmp_ln123)> <Delay = 0.78> <CoreInst = "Adder">   --->   Core 1 'Adder' <Latency = 0> <II = 1> <Delay = 0.78> <FuncUnit> <Opcode : 'add' 'sub'> <InPorts = 2> <OutPorts = 1>
ST_1 : Operation 362 [1/1] (0.00ns)   --->   "%sext_ln840_129 = sext i11 %add_ln840_93"   --->   Operation 362 'sext' 'sext_ln840_129' <Predicate = (!icmp_ln123)> <Delay = 0.00>
ST_1 : Operation 363 [1/1] (0.00ns)   --->   "%sext_ln840_130 = sext i9 %ret_V_21"   --->   Operation 363 'sext' 'sext_ln840_130' <Predicate = (!icmp_ln123)> <Delay = 0.00>
ST_1 : Operation 364 [1/1] (0.00ns) (grouped into TernaryAdder)   --->   "%sub_ln840_35 = sub i10 %sext_ln840_130, i10 %sext_ln628_17"   --->   Operation 364 'sub' 'sub_ln840_35' <Predicate = (!icmp_ln123)> <Delay = 0.00> <CoreInst = "TAddSub">   --->   Core 10 'TAddSub' <Latency = 0> <II = 1> <Delay = 0.48> <IPBlock> <Opcode : 'add' 'sub'> <InPorts = 3> <OutPorts = 1> <Sync> <CReg>
ST_1 : Operation 365 [1/1] (0.96ns) (root node of TernaryAdder)   --->   "%add_ln840_94 = add i10 %sub_ln840_35, i10 %sext_ln1494_18"   --->   Operation 365 'add' 'add_ln840_94' <Predicate = (!icmp_ln123)> <Delay = 0.96> <CoreInst = "TAddSub">   --->   Core 10 'TAddSub' <Latency = 0> <II = 1> <Delay = 0.48> <IPBlock> <Opcode : 'add' 'sub'> <InPorts = 3> <OutPorts = 1> <Sync> <CReg>
ST_1 : Operation 366 [1/1] (0.00ns)   --->   "%sext_ln840_131 = sext i10 %add_ln840_94"   --->   Operation 366 'sext' 'sext_ln840_131' <Predicate = (!icmp_ln123)> <Delay = 0.00>
ST_1 : Operation 367 [1/1] (0.76ns)   --->   "%sub_ln840_36 = sub i9 %sext_ln1494_2, i9 %sext_ln1494_17"   --->   Operation 367 'sub' 'sub_ln840_36' <Predicate = (!icmp_ln123)> <Delay = 0.76> <CoreInst = "Adder">   --->   Core 1 'Adder' <Latency = 0> <II = 1> <Delay = 0.76> <FuncUnit> <Opcode : 'add' 'sub'> <InPorts = 2> <OutPorts = 1>
ST_1 : Operation 368 [1/1] (0.00ns)   --->   "%sext_ln840_132 = sext i8 %r_V_23"   --->   Operation 368 'sext' 'sext_ln840_132' <Predicate = (!icmp_ln123)> <Delay = 0.00>
ST_1 : Operation 369 [1/1] (0.00ns)   --->   "%sext_ln840_133 = sext i9 %sub_ln840_36"   --->   Operation 369 'sext' 'sext_ln840_133' <Predicate = (!icmp_ln123)> <Delay = 0.00>
ST_1 : Operation 370 [1/1] (0.77ns)   --->   "%sub_ln840_37 = sub i10 %sext_ln840_133, i10 %sext_ln840_132"   --->   Operation 370 'sub' 'sub_ln840_37' <Predicate = (!icmp_ln123)> <Delay = 0.77> <CoreInst = "Adder">   --->   Core 1 'Adder' <Latency = 0> <II = 1> <Delay = 0.77> <FuncUnit> <Opcode : 'add' 'sub'> <InPorts = 2> <OutPorts = 1>
ST_1 : Operation 371 [1/1] (0.00ns)   --->   "%sext_ln840_134 = sext i10 %sub_ln840_37"   --->   Operation 371 'sext' 'sext_ln840_134' <Predicate = (!icmp_ln123)> <Delay = 0.00>
ST_1 : Operation 372 [1/1] (0.78ns)   --->   "%add_ln840_95 = add i11 %sext_ln840_134, i11 %sext_ln840_131"   --->   Operation 372 'add' 'add_ln840_95' <Predicate = (!icmp_ln123)> <Delay = 0.78> <CoreInst = "Adder">   --->   Core 1 'Adder' <Latency = 0> <II = 1> <Delay = 0.78> <FuncUnit> <Opcode : 'add' 'sub'> <InPorts = 2> <OutPorts = 1>
ST_1 : Operation 373 [1/1] (0.00ns)   --->   "%sext_ln840_135 = sext i11 %add_ln840_95"   --->   Operation 373 'sext' 'sext_ln840_135' <Predicate = (!icmp_ln123)> <Delay = 0.00>
ST_1 : Operation 374 [1/1] (0.79ns)   --->   "%add_ln840_96 = add i12 %sext_ln840_135, i12 %sext_ln840_129"   --->   Operation 374 'add' 'add_ln840_96' <Predicate = (!icmp_ln123)> <Delay = 0.79> <CoreInst = "Adder">   --->   Core 1 'Adder' <Latency = 0> <II = 1> <Delay = 0.79> <FuncUnit> <Opcode : 'add' 'sub'> <InPorts = 2> <OutPorts = 1>
ST_1 : Operation 375 [1/1] (0.00ns)   --->   "%sext_ln840_136 = sext i12 %add_ln840_96"   --->   Operation 375 'sext' 'sext_ln840_136' <Predicate = (!icmp_ln123)> <Delay = 0.00>
ST_1 : Operation 376 [1/1] (0.80ns)   --->   "%add_ln840_97 = add i13 %sext_ln840_136, i13 %sext_ln840_124"   --->   Operation 376 'add' 'add_ln840_97' <Predicate = (!icmp_ln123)> <Delay = 0.80> <CoreInst = "Adder">   --->   Core 1 'Adder' <Latency = 0> <II = 1> <Delay = 0.80> <FuncUnit> <Opcode : 'add' 'sub'> <InPorts = 2> <OutPorts = 1>
ST_1 : Operation 377 [1/1] (1.00ns)   --->   "%result_V = icmp_sgt  i13 %add_ln840_16, i13 8075"   --->   Operation 377 'icmp' 'result_V' <Predicate = (!icmp_ln123)> <Delay = 1.00> <CoreInst = "Cmp">   --->   Core 9 'Cmp' <Latency = 0> <II = 1> <Delay = 1.00> <FuncUnit> <Opcode : 'icmp'> <InPorts = 2> <OutPorts = 1>
ST_1 : Operation 378 [1/1] (1.00ns)   --->   "%result_V_1 = icmp_sgt  i13 %add_ln840_33, i13 1071"   --->   Operation 378 'icmp' 'result_V_1' <Predicate = (!icmp_ln123)> <Delay = 1.00> <CoreInst = "Cmp">   --->   Core 9 'Cmp' <Latency = 0> <II = 1> <Delay = 1.00> <FuncUnit> <Opcode : 'icmp'> <InPorts = 2> <OutPorts = 1>
ST_1 : Operation 379 [1/1] (1.00ns)   --->   "%result_V_2 = icmp_sgt  i13 %add_ln840_49, i13 106"   --->   Operation 379 'icmp' 'result_V_2' <Predicate = (!icmp_ln123)> <Delay = 1.00> <CoreInst = "Cmp">   --->   Core 9 'Cmp' <Latency = 0> <II = 1> <Delay = 1.00> <FuncUnit> <Opcode : 'icmp'> <InPorts = 2> <OutPorts = 1>
ST_1 : Operation 380 [1/1] (1.00ns)   --->   "%result_V_3 = icmp_sgt  i13 %add_ln840_68, i13 7448"   --->   Operation 380 'icmp' 'result_V_3' <Predicate = (!icmp_ln123)> <Delay = 1.00> <CoreInst = "Cmp">   --->   Core 9 'Cmp' <Latency = 0> <II = 1> <Delay = 1.00> <FuncUnit> <Opcode : 'icmp'> <InPorts = 2> <OutPorts = 1>
ST_1 : Operation 381 [1/1] (1.00ns)   --->   "%result_V_4 = icmp_sgt  i13 %add_ln840_83, i13 738"   --->   Operation 381 'icmp' 'result_V_4' <Predicate = (!icmp_ln123)> <Delay = 1.00> <CoreInst = "Cmp">   --->   Core 9 'Cmp' <Latency = 0> <II = 1> <Delay = 1.00> <FuncUnit> <Opcode : 'icmp'> <InPorts = 2> <OutPorts = 1>
ST_1 : Operation 382 [1/1] (1.00ns)   --->   "%result_V_5 = icmp_sgt  i13 %add_ln840_97, i13 2127"   --->   Operation 382 'icmp' 'result_V_5' <Predicate = (!icmp_ln123)> <Delay = 1.00> <CoreInst = "Cmp">   --->   Core 9 'Cmp' <Latency = 0> <II = 1> <Delay = 1.00> <FuncUnit> <Opcode : 'icmp'> <InPorts = 2> <OutPorts = 1>
ST_1 : Operation 383 [1/1] (0.42ns)   --->   "%store_ln123 = store i10 %i_2, i10 %i" [/home/changhong/prj/finn/deps/finn-hlslib/mvau.hpp:123]   --->   Operation 383 'store' 'store_ln123' <Predicate = (!icmp_ln123)> <Delay = 0.42>

State 2 <SV = 1> <Delay = 0.00>
ST_2 : Operation 384 [1/1] (0.00ns)   --->   "%specpipeline_ln124 = specpipeline void @_ssdm_op_SpecPipeline, i32 1, i32 2, i32 0, i32 0, void @empty_1" [/home/changhong/prj/finn/deps/finn-hlslib/mvau.hpp:124]   --->   Operation 384 'specpipeline' 'specpipeline_ln124' <Predicate = (!icmp_ln123)> <Delay = 0.00>
ST_2 : Operation 385 [1/1] (0.00ns)   --->   "%specloopname_ln123 = specloopname void @_ssdm_op_SpecLoopName, void @empty_4" [/home/changhong/prj/finn/deps/finn-hlslib/mvau.hpp:123]   --->   Operation 385 'specloopname' 'specloopname_ln123' <Predicate = (!icmp_ln123)> <Delay = 0.00>
ST_2 : Operation 386 [1/1] (0.00ns)   --->   "%p_Result_s = bitconcatenate i6 @_ssdm_op_BitConcatenate.i6.i1.i1.i1.i1.i1.i1, i1 %result_V_5, i1 %result_V_4, i1 %result_V_3, i1 %result_V_2, i1 %result_V_1, i1 %result_V"   --->   Operation 386 'bitconcatenate' 'p_Result_s' <Predicate = (!icmp_ln123)> <Delay = 0.00>
ST_2 : Operation 387 [1/1] (0.00ns)   --->   "%zext_ln171 = zext i6 %p_Result_s" [/home/changhong/prj/finn/deps/finn-hlslib/mvau.hpp:171]   --->   Operation 387 'zext' 'zext_ln171' <Predicate = (!icmp_ln123)> <Delay = 0.00>
ST_2 : Operation 388 [1/1] (0.00ns)   --->   "%write_ln171 = write void @_ssdm_op_Write.axis.volatile.i8P128A, i8 %out0_V, i8 %zext_ln171" [/home/changhong/prj/finn/deps/finn-hlslib/mvau.hpp:171]   --->   Operation 388 'write' 'write_ln171' <Predicate = (!icmp_ln123)> <Delay = 0.00> <CoreInst = "axis">   --->   Core 123 'axis' <Latency = 0> <II = 1> <Delay = 1.00> <Adapter> <Opcode : >
ST_2 : Operation 389 [1/1] (0.00ns)   --->   "%br_ln123 = br void %if.end" [/home/changhong/prj/finn/deps/finn-hlslib/mvau.hpp:123]   --->   Operation 389 'br' 'br_ln123' <Predicate = (!icmp_ln123)> <Delay = 0.00>
ST_2 : Operation 390 [1/1] (0.00ns)   --->   "%ret_ln180 = ret" [/home/changhong/prj/finn/deps/finn-hlslib/mvau.hpp:180]   --->   Operation 390 'ret' 'ret_ln180' <Predicate = (icmp_ln123)> <Delay = 0.00>


============================================================
+ Verbose Summary: Binding
============================================================
STG Binding: 
---------------- STG Properties BEGIN ----------------
- Is combinational: 0
- Is one-state seq: 0
- Is datapath-only: 0
- Is pipelined: 0
- Is top level: 0
Port [ Return ] is wired: 1; IO mode=ap_ctrl_hs:ce=0
Port [ in0_V]:  wired=1; compound=1; hidden=0; nouse=0; global=0; static=0; extern=0; dir=0; type=0; pingpong=0; private_global=0; IO mode=axis:ce=0
Port [ out0_V]:  wired=1; compound=1; hidden=0; nouse=0; global=0; static=0; extern=0; dir=1; type=0; pingpong=0; private_global=0; IO mode=axis:ce=0
---------------- STG Properties END ------------------

---------------- Datapath Model BEGIN ----------------

<LifeTime>
<method=bitvector/>
i                  (alloca           ) [ 010]
specinterface_ln0  (specinterface    ) [ 000]
specinterface_ln0  (specinterface    ) [ 000]
store_ln123        (store            ) [ 000]
br_ln123           (br               ) [ 000]
i_1                (load             ) [ 000]
icmp_ln123         (icmp             ) [ 011]
empty              (speclooptripcount) [ 000]
i_2                (add              ) [ 000]
br_ln123           (br               ) [ 000]
inElem             (read             ) [ 000]
r_V                (trunc            ) [ 000]
sext_ln1494        (sext             ) [ 000]
ret_V              (sub              ) [ 000]
r_V_1              (partselect       ) [ 000]
sext_ln628         (sext             ) [ 000]
sext_ln628_1       (sext             ) [ 000]
r_V_2              (partselect       ) [ 000]
sext_ln840         (sext             ) [ 000]
sext_ln628_2       (sext             ) [ 000]
r_V_3              (partselect       ) [ 000]
sext_ln840_1       (sext             ) [ 000]
r_V_4              (partselect       ) [ 000]
sext_ln1494_1      (sext             ) [ 000]
ret_V_1            (sub              ) [ 000]
sext_ln628_3       (sext             ) [ 000]
r_V_5              (partselect       ) [ 000]
sext_ln1494_2      (sext             ) [ 000]
ret_V_2            (sub              ) [ 000]
r_V_6              (partselect       ) [ 000]
sext_ln1494_3      (sext             ) [ 000]
ret_V_3            (sub              ) [ 000]
sext_ln628_4       (sext             ) [ 000]
r_V_7              (partselect       ) [ 000]
sext_ln1494_4      (sext             ) [ 000]
ret_V_4            (sub              ) [ 000]
sext_ln628_5       (sext             ) [ 000]
r_V_8              (partselect       ) [ 000]
sext_ln1494_5      (sext             ) [ 000]
ret_V_5            (sub              ) [ 000]
sext_ln628_6       (sext             ) [ 000]
r_V_9              (partselect       ) [ 000]
sext_ln1494_6      (sext             ) [ 000]
ret_V_6            (sub              ) [ 000]
sext_ln628_7       (sext             ) [ 000]
r_V_10             (partselect       ) [ 000]
sext_ln1494_7      (sext             ) [ 000]
ret_V_7            (sub              ) [ 000]
sext_ln628_8       (sext             ) [ 000]
r_V_11             (partselect       ) [ 000]
sext_ln1494_8      (sext             ) [ 000]
ret_V_8            (sub              ) [ 000]
sext_ln628_9       (sext             ) [ 000]
r_V_12             (partselect       ) [ 000]
sext_ln1494_9      (sext             ) [ 000]
ret_V_9            (sub              ) [ 000]
sext_ln628_10      (sext             ) [ 000]
r_V_13             (partselect       ) [ 000]
sext_ln1494_10     (sext             ) [ 000]
ret_V_10           (sub              ) [ 000]
sext_ln628_11      (sext             ) [ 000]
r_V_14             (partselect       ) [ 000]
sext_ln1494_11     (sext             ) [ 000]
ret_V_11           (sub              ) [ 000]
sext_ln628_12      (sext             ) [ 000]
r_V_15             (partselect       ) [ 000]
sext_ln1494_12     (sext             ) [ 000]
ret_V_12           (sub              ) [ 000]
sext_ln628_13      (sext             ) [ 000]
r_V_16             (partselect       ) [ 000]
sext_ln1494_13     (sext             ) [ 000]
ret_V_13           (sub              ) [ 000]
sext_ln628_14      (sext             ) [ 000]
r_V_17             (partselect       ) [ 000]
sext_ln1494_14     (sext             ) [ 000]
ret_V_14           (sub              ) [ 000]
sext_ln628_15      (sext             ) [ 000]
r_V_18             (partselect       ) [ 000]
sext_ln1494_15     (sext             ) [ 000]
ret_V_15           (sub              ) [ 000]
sext_ln628_16      (sext             ) [ 000]
r_V_19             (partselect       ) [ 000]
sext_ln1494_16     (sext             ) [ 000]
ret_V_16           (sub              ) [ 000]
r_V_20             (partselect       ) [ 000]
sext_ln840_2       (sext             ) [ 000]
r_V_21             (partselect       ) [ 000]
sext_ln840_3       (sext             ) [ 000]
sext_ln628_17      (sext             ) [ 000]
r_V_22             (partselect       ) [ 000]
sext_ln840_4       (sext             ) [ 000]
sext_ln628_18      (sext             ) [ 000]
r_V_23             (partselect       ) [ 000]
sext_ln840_5       (sext             ) [ 000]
r_V_24             (partselect       ) [ 000]
sext_ln1494_17     (sext             ) [ 000]
ret_V_17           (sub              ) [ 000]
sub_ln840          (sub              ) [ 000]
sext_ln840_6       (sext             ) [ 000]
sext_ln840_7       (sext             ) [ 000]
sext_ln840_8       (sext             ) [ 000]
sub_ln840_3        (sub              ) [ 000]
add_ln840          (add              ) [ 000]
sext_ln840_9       (sext             ) [ 000]
sext_ln840_10      (sext             ) [ 000]
sub_ln840_4        (sub              ) [ 000]
add_ln840_1        (add              ) [ 000]
sext_ln840_11      (sext             ) [ 000]
add_ln840_2        (add              ) [ 000]
sext_ln840_12      (sext             ) [ 000]
sext_ln840_13      (sext             ) [ 000]
sub_ln840_5        (sub              ) [ 000]
add_ln840_3        (add              ) [ 000]
sext_ln840_14      (sext             ) [ 000]
sext_ln840_15      (sext             ) [ 000]
sub_ln840_6        (sub              ) [ 000]
add_ln840_4        (add              ) [ 000]
sext_ln840_16      (sext             ) [ 000]
add_ln840_5        (add              ) [ 000]
sext_ln840_17      (sext             ) [ 000]
add_ln840_6        (add              ) [ 000]
sext_ln840_18      (sext             ) [ 000]
sext_ln840_19      (sext             ) [ 000]
sub_ln840_7        (sub              ) [ 000]
add_ln840_7        (add              ) [ 000]
sext_ln840_20      (sext             ) [ 000]
sext_ln840_21      (sext             ) [ 000]
sext_ln840_22      (sext             ) [ 000]
sub_ln840_8        (sub              ) [ 000]
add_ln840_8        (add              ) [ 000]
sext_ln840_23      (sext             ) [ 000]
add_ln840_9        (add              ) [ 000]
sext_ln840_24      (sext             ) [ 000]
add_ln840_10       (add              ) [ 000]
sext_ln840_25      (sext             ) [ 000]
add_ln840_11       (add              ) [ 000]
sext_ln840_26      (sext             ) [ 000]
add_ln840_12       (add              ) [ 000]
sext_ln840_27      (sext             ) [ 000]
add_ln840_13       (add              ) [ 000]
sext_ln840_28      (sext             ) [ 000]
add_ln840_14       (add              ) [ 000]
sext_ln840_29      (sext             ) [ 000]
add_ln840_15       (add              ) [ 000]
sext_ln840_30      (sext             ) [ 000]
add_ln840_16       (add              ) [ 000]
ret_V_18           (sub              ) [ 000]
sext_ln840_31      (sext             ) [ 000]
sext_ln840_32      (sext             ) [ 000]
sub_ln840_1        (sub              ) [ 000]
add_ln840_17       (add              ) [ 000]
sext_ln840_33      (sext             ) [ 000]
ret_V_19           (sub              ) [ 000]
sext_ln1494_18     (sext             ) [ 000]
ret_V_20           (sub              ) [ 000]
sext_ln1494_19     (sext             ) [ 000]
ret_V_21           (sub              ) [ 000]
sext_ln840_34      (sext             ) [ 000]
sext_ln840_35      (sext             ) [ 000]
sub_ln840_9        (sub              ) [ 000]
sub_ln840_10       (sub              ) [ 000]
add_ln840_18       (add              ) [ 000]
sext_ln840_36      (sext             ) [ 000]
add_ln840_19       (add              ) [ 000]
sext_ln840_37      (sext             ) [ 000]
sext_ln840_38      (sext             ) [ 000]
sub_ln840_11       (sub              ) [ 000]
add_ln840_20       (add              ) [ 000]
sext_ln840_39      (sext             ) [ 000]
sext_ln840_40      (sext             ) [ 000]
sub_ln840_12       (sub              ) [ 000]
add_ln840_21       (add              ) [ 000]
sext_ln840_41      (sext             ) [ 000]
add_ln840_22       (add              ) [ 000]
sext_ln840_42      (sext             ) [ 000]
add_ln840_23       (add              ) [ 000]
sext_ln840_43      (sext             ) [ 000]
sub_ln840_13       (sub              ) [ 000]
sext_ln840_44      (sext             ) [ 000]
sub_ln840_14       (sub              ) [ 000]
sext_ln840_45      (sext             ) [ 000]
add_ln840_24       (add              ) [ 000]
sext_ln840_46      (sext             ) [ 000]
add_ln840_25       (add              ) [ 000]
sext_ln840_47      (sext             ) [ 000]
add_ln840_26       (add              ) [ 000]
sext_ln840_48      (sext             ) [ 000]
add_ln840_27       (add              ) [ 000]
sext_ln840_49      (sext             ) [ 000]
add_ln840_28       (add              ) [ 000]
sext_ln840_50      (sext             ) [ 000]
add_ln840_29       (add              ) [ 000]
sext_ln840_51      (sext             ) [ 000]
add_ln840_30       (add              ) [ 000]
sext_ln840_52      (sext             ) [ 000]
add_ln840_31       (add              ) [ 000]
sext_ln840_53      (sext             ) [ 000]
add_ln840_32       (add              ) [ 000]
sext_ln840_54      (sext             ) [ 000]
add_ln840_33       (add              ) [ 000]
ret_V_22           (sub              ) [ 000]
sext_ln840_55      (sext             ) [ 000]
sext_ln840_56      (sext             ) [ 000]
sub_ln840_15       (sub              ) [ 000]
sext_ln840_57      (sext             ) [ 000]
sub_ln840_16       (sub              ) [ 000]
add_ln840_34       (add              ) [ 000]
sext_ln840_58      (sext             ) [ 000]
add_ln840_35       (add              ) [ 000]
sext_ln840_59      (sext             ) [ 000]
sub_ln840_17       (sub              ) [ 000]
add_ln840_36       (add              ) [ 000]
sext_ln840_60      (sext             ) [ 000]
sext_ln840_61      (sext             ) [ 000]
sub_ln840_18       (sub              ) [ 000]
add_ln840_37       (add              ) [ 000]
sext_ln840_62      (sext             ) [ 000]
add_ln840_38       (add              ) [ 000]
sext_ln840_63      (sext             ) [ 000]
add_ln840_39       (add              ) [ 000]
sext_ln840_64      (sext             ) [ 000]
add_ln840_40       (add              ) [ 000]
sext_ln840_65      (sext             ) [ 000]
sext_ln840_66      (sext             ) [ 000]
sub_ln840_19       (sub              ) [ 000]
sext_ln840_67      (sext             ) [ 000]
add_ln840_41       (add              ) [ 000]
sext_ln840_68      (sext             ) [ 000]
add_ln840_42       (add              ) [ 000]
sext_ln840_69      (sext             ) [ 000]
add_ln840_43       (add              ) [ 000]
sext_ln840_70      (sext             ) [ 000]
add_ln840_44       (add              ) [ 000]
sext_ln840_71      (sext             ) [ 000]
add_ln840_45       (add              ) [ 000]
sext_ln840_72      (sext             ) [ 000]
add_ln840_46       (add              ) [ 000]
sext_ln840_73      (sext             ) [ 000]
add_ln840_47       (add              ) [ 000]
sext_ln840_74      (sext             ) [ 000]
add_ln840_48       (add              ) [ 000]
sext_ln840_75      (sext             ) [ 000]
add_ln840_49       (add              ) [ 000]
add_ln840_50       (add              ) [ 000]
sext_ln840_76      (sext             ) [ 000]
ret_V_23           (sub              ) [ 000]
sext_ln840_77      (sext             ) [ 000]
sub_ln840_20       (sub              ) [ 000]
add_ln840_51       (add              ) [ 000]
sext_ln840_78      (sext             ) [ 000]
sext_ln840_79      (sext             ) [ 000]
sub_ln840_21       (sub              ) [ 000]
add_ln840_52       (add              ) [ 000]
sext_ln840_80      (sext             ) [ 000]
add_ln840_53       (add              ) [ 000]
sext_ln840_81      (sext             ) [ 000]
sub_ln840_22       (sub              ) [ 000]
add_ln840_54       (add              ) [ 000]
sext_ln840_82      (sext             ) [ 000]
sub_ln840_23       (sub              ) [ 000]
sext_ln840_83      (sext             ) [ 000]
sub_ln840_24       (sub              ) [ 000]
sext_ln840_84      (sext             ) [ 000]
add_ln840_55       (add              ) [ 000]
sext_ln840_85      (sext             ) [ 000]
add_ln840_56       (add              ) [ 000]
sext_ln840_86      (sext             ) [ 000]
add_ln840_57       (add              ) [ 000]
sext_ln840_87      (sext             ) [ 000]
add_ln840_58       (add              ) [ 000]
sext_ln840_88      (sext             ) [ 000]
add_ln840_59       (add              ) [ 000]
sext_ln840_89      (sext             ) [ 000]
add_ln840_60       (add              ) [ 000]
sext_ln840_90      (sext             ) [ 000]
add_ln840_61       (add              ) [ 000]
sext_ln840_91      (sext             ) [ 000]
add_ln840_62       (add              ) [ 000]
sext_ln840_92      (sext             ) [ 000]
add_ln840_63       (add              ) [ 000]
sext_ln840_93      (sext             ) [ 000]
add_ln840_64       (add              ) [ 000]
sext_ln840_94      (sext             ) [ 000]
add_ln840_65       (add              ) [ 000]
sext_ln840_95      (sext             ) [ 000]
add_ln840_66       (add              ) [ 000]
sext_ln840_96      (sext             ) [ 000]
add_ln840_67       (add              ) [ 000]
sext_ln840_97      (sext             ) [ 000]
add_ln840_68       (add              ) [ 000]
sub_ln840_25       (sub              ) [ 000]
add_ln840_69       (add              ) [ 000]
sext_ln840_98      (sext             ) [ 000]
add_ln840_70       (add              ) [ 000]
sext_ln840_99      (sext             ) [ 000]
sub_ln840_26       (sub              ) [ 000]
add_ln840_71       (add              ) [ 000]
sext_ln840_100     (sext             ) [ 000]
sext_ln840_101     (sext             ) [ 000]
sub_ln840_27       (sub              ) [ 000]
add_ln840_72       (add              ) [ 000]
sext_ln840_102     (sext             ) [ 000]
add_ln840_73       (add              ) [ 000]
sext_ln840_103     (sext             ) [ 000]
add_ln840_74       (add              ) [ 000]
sext_ln840_104     (sext             ) [ 000]
add_ln840_75       (add              ) [ 000]
sext_ln840_105     (sext             ) [ 000]
sext_ln840_106     (sext             ) [ 000]
sub_ln840_28       (sub              ) [ 000]
sext_ln840_107     (sext             ) [ 000]
add_ln840_76       (add              ) [ 000]
sext_ln840_108     (sext             ) [ 000]
add_ln840_77       (add              ) [ 000]
sext_ln840_109     (sext             ) [ 000]
add_ln840_78       (add              ) [ 000]
sext_ln840_110     (sext             ) [ 000]
add_ln840_79       (add              ) [ 000]
sext_ln840_111     (sext             ) [ 000]
add_ln840_80       (add              ) [ 000]
sext_ln840_112     (sext             ) [ 000]
add_ln840_81       (add              ) [ 000]
sext_ln840_113     (sext             ) [ 000]
add_ln840_82       (add              ) [ 000]
sext_ln840_114     (sext             ) [ 000]
add_ln840_83       (add              ) [ 000]
sub_ln840_2        (sub              ) [ 000]
sext_ln840_115     (sext             ) [ 000]
sext_ln840_116     (sext             ) [ 000]
sub_ln840_29       (sub              ) [ 000]
add_ln840_84       (add              ) [ 000]
sext_ln840_117     (sext             ) [ 000]
sext_ln840_118     (sext             ) [ 000]
sub_ln840_30       (sub              ) [ 000]
add_ln840_85       (add              ) [ 000]
sext_ln840_119     (sext             ) [ 000]
add_ln840_86       (add              ) [ 000]
sext_ln840_120     (sext             ) [ 000]
sub_ln840_31       (sub              ) [ 000]
add_ln840_87       (add              ) [ 000]
sext_ln840_121     (sext             ) [ 000]
sub_ln840_32       (sub              ) [ 000]
add_ln840_88       (add              ) [ 000]
sext_ln840_122     (sext             ) [ 000]
add_ln840_89       (add              ) [ 000]
sext_ln840_123     (sext             ) [ 000]
add_ln840_90       (add              ) [ 000]
sext_ln840_124     (sext             ) [ 000]
sub_ln840_33       (sub              ) [ 000]
add_ln840_91       (add              ) [ 000]
sext_ln840_125     (sext             ) [ 000]
sext_ln840_126     (sext             ) [ 000]
sext_ln840_127     (sext             ) [ 000]
sub_ln840_34       (sub              ) [ 000]
add_ln840_92       (add              ) [ 000]
sext_ln840_128     (sext             ) [ 000]
add_ln840_93       (add              ) [ 000]
sext_ln840_129     (sext             ) [ 000]
sext_ln840_130     (sext             ) [ 000]
sub_ln840_35       (sub              ) [ 000]
add_ln840_94       (add              ) [ 000]
sext_ln840_131     (sext             ) [ 000]
sub_ln840_36       (sub              ) [ 000]
sext_ln840_132     (sext             ) [ 000]
sext_ln840_133     (sext             ) [ 000]
sub_ln840_37       (sub              ) [ 000]
sext_ln840_134     (sext             ) [ 000]
add_ln840_95       (add              ) [ 000]
sext_ln840_135     (sext             ) [ 000]
add_ln840_96       (add              ) [ 000]
sext_ln840_136     (sext             ) [ 000]
add_ln840_97       (add              ) [ 000]
result_V           (icmp             ) [ 011]
result_V_1         (icmp             ) [ 011]
result_V_2         (icmp             ) [ 011]
result_V_3         (icmp             ) [ 011]
result_V_4         (icmp             ) [ 011]
result_V_5         (icmp             ) [ 011]
store_ln123        (store            ) [ 000]
specpipeline_ln124 (specpipeline     ) [ 000]
specloopname_ln123 (specloopname     ) [ 000]
p_Result_s         (bitconcatenate   ) [ 000]
zext_ln171         (zext             ) [ 000]
write_ln171        (write            ) [ 000]
br_ln123           (br               ) [ 000]
ret_ln180          (ret              ) [ 000]
</LifeTime>

<model>

<comp_list>
<comp id="0" class="1000" name="in0_V">
<pin_list>
<pin id="1" dir="1" index="0" bw="1" slack="0"/>
</pin_list>
<bind>
<StgValue><ssdm name="in0_V"/></StgValue>
</bind>
</comp>

<comp id="2" class="1000" name="out0_V">
<pin_list>
<pin id="3" dir="1" index="0" bw="1" slack="0"/>
</pin_list>
<bind>
<StgValue><ssdm name="out0_V"/></StgValue>
</bind>
</comp>

<comp id="4" class="1001" name="const_4">
<pin_list>
<pin id="5" dir="1" index="0" bw="1" slack="0"/>
</pin_list>
<bind>
<StgValue><ssdm name=""/></StgValue>
</bind>
</comp>

<comp id="6" class="1001" name="const_6">
<pin_list>
<pin id="7" dir="1" index="0" bw="1" slack="2147483647"/>
</pin_list>
<bind>
<StgValue><ssdm name="_ssdm_op_SpecInterface"/></StgValue>
</bind>
</comp>

<comp id="8" class="1001" name="const_8">
<pin_list>
<pin id="9" dir="1" index="0" bw="1" slack="2147483647"/>
</pin_list>
<bind>
<StgValue><ssdm name="empty"/></StgValue>
</bind>
</comp>

<comp id="10" class="1001" name="const_10">
<pin_list>
<pin id="11" dir="1" index="0" bw="1" slack="2147483647"/>
</pin_list>
<bind>
<StgValue><ssdm name=""/></StgValue>
</bind>
</comp>

<comp id="12" class="1001" name="const_12">
<pin_list>
<pin id="13" dir="1" index="0" bw="1" slack="2147483647"/>
</pin_list>
<bind>
<StgValue><ssdm name="empty_0"/></StgValue>
</bind>
</comp>

<comp id="14" class="1001" name="const_14">
<pin_list>
<pin id="15" dir="1" index="0" bw="1" slack="2147483647"/>
</pin_list>
<bind>
<StgValue><ssdm name="empty_1"/></StgValue>
</bind>
</comp>

<comp id="16" class="1001" name="const_16">
<pin_list>
<pin id="17" dir="1" index="0" bw="1" slack="2147483647"/>
</pin_list>
<bind>
<StgValue><ssdm name=""/></StgValue>
</bind>
</comp>

<comp id="18" class="1001" name="const_18">
<pin_list>
<pin id="19" dir="1" index="0" bw="1" slack="0"/>
</pin_list>
<bind>
<StgValue><ssdm name=""/></StgValue>
</bind>
</comp>

<comp id="20" class="1001" name="const_20">
<pin_list>
<pin id="21" dir="1" index="0" bw="1" slack="0"/>
</pin_list>
<bind>
<StgValue><ssdm name=""/></StgValue>
</bind>
</comp>

<comp id="22" class="1001" name="const_22">
<pin_list>
<pin id="23" dir="1" index="0" bw="1" slack="2147483647"/>
</pin_list>
<bind>
<StgValue><ssdm name="_ssdm_op_SpecLoopTripCount"/></StgValue>
</bind>
</comp>

<comp id="24" class="1001" name="const_24">
<pin_list>
<pin id="25" dir="1" index="0" bw="1" slack="2147483647"/>
</pin_list>
<bind>
<StgValue><ssdm name=""/></StgValue>
</bind>
</comp>

<comp id="26" class="1001" name="const_26">
<pin_list>
<pin id="27" dir="1" index="0" bw="1" slack="0"/>
</pin_list>
<bind>
<StgValue><ssdm name=""/></StgValue>
</bind>
</comp>

<comp id="28" class="1001" name="const_28">
<pin_list>
<pin id="29" dir="1" index="0" bw="1" slack="0"/>
</pin_list>
<bind>
<StgValue><ssdm name="_ssdm_op_Read.axis.volatile.i200P128A"/></StgValue>
</bind>
</comp>

<comp id="30" class="1001" name="const_30">
<pin_list>
<pin id="31" dir="1" index="0" bw="1" slack="0"/>
</pin_list>
<bind>
<StgValue><ssdm name=""/></StgValue>
</bind>
</comp>

<comp id="32" class="1001" name="const_32">
<pin_list>
<pin id="33" dir="1" index="0" bw="1" slack="0"/>
</pin_list>
<bind>
<StgValue><ssdm name="_ssdm_op_PartSelect.i8.i200.i32.i32"/></StgValue>
</bind>
</comp>

<comp id="34" class="1001" name="const_34">
<pin_list>
<pin id="35" dir="1" index="0" bw="1" slack="0"/>
</pin_list>
<bind>
<StgValue><ssdm name=""/></StgValue>
</bind>
</comp>

<comp id="36" class="1001" name="const_36">
<pin_list>
<pin id="37" dir="1" index="0" bw="1" slack="0"/>
</pin_list>
<bind>
<StgValue><ssdm name=""/></StgValue>
</bind>
</comp>

<comp id="38" class="1001" name="const_38">
<pin_list>
<pin id="39" dir="1" index="0" bw="1" slack="0"/>
</pin_list>
<bind>
<StgValue><ssdm name=""/></StgValue>
</bind>
</comp>

<comp id="40" class="1001" name="const_40">
<pin_list>
<pin id="41" dir="1" index="0" bw="1" slack="0"/>
</pin_list>
<bind>
<StgValue><ssdm name=""/></StgValue>
</bind>
</comp>

<comp id="42" class="1001" name="const_42">
<pin_list>
<pin id="43" dir="1" index="0" bw="1" slack="0"/>
</pin_list>
<bind>
<StgValue><ssdm name=""/></StgValue>
</bind>
</comp>

<comp id="44" class="1001" name="const_44">
<pin_list>
<pin id="45" dir="1" index="0" bw="1" slack="0"/>
</pin_list>
<bind>
<StgValue><ssdm name=""/></StgValue>
</bind>
</comp>

<comp id="46" class="1001" name="const_46">
<pin_list>
<pin id="47" dir="1" index="0" bw="1" slack="0"/>
</pin_list>
<bind>
<StgValue><ssdm name=""/></StgValue>
</bind>
</comp>

<comp id="48" class="1001" name="const_48">
<pin_list>
<pin id="49" dir="1" index="0" bw="1" slack="0"/>
</pin_list>
<bind>
<StgValue><ssdm name=""/></StgValue>
</bind>
</comp>

<comp id="50" class="1001" name="const_50">
<pin_list>
<pin id="51" dir="1" index="0" bw="1" slack="0"/>
</pin_list>
<bind>
<StgValue><ssdm name=""/></StgValue>
</bind>
</comp>

<comp id="52" class="1001" name="const_52">
<pin_list>
<pin id="53" dir="1" index="0" bw="1" slack="0"/>
</pin_list>
<bind>
<StgValue><ssdm name=""/></StgValue>
</bind>
</comp>

<comp id="54" class="1001" name="const_54">
<pin_list>
<pin id="55" dir="1" index="0" bw="1" slack="0"/>
</pin_list>
<bind>
<StgValue><ssdm name=""/></StgValue>
</bind>
</comp>

<comp id="56" class="1001" name="const_56">
<pin_list>
<pin id="57" dir="1" index="0" bw="1" slack="0"/>
</pin_list>
<bind>
<StgValue><ssdm name=""/></StgValue>
</bind>
</comp>

<comp id="58" class="1001" name="const_58">
<pin_list>
<pin id="59" dir="1" index="0" bw="1" slack="0"/>
</pin_list>
<bind>
<StgValue><ssdm name=""/></StgValue>
</bind>
</comp>

<comp id="60" class="1001" name="const_60">
<pin_list>
<pin id="61" dir="1" index="0" bw="1" slack="0"/>
</pin_list>
<bind>
<StgValue><ssdm name=""/></StgValue>
</bind>
</comp>

<comp id="62" class="1001" name="const_62">
<pin_list>
<pin id="63" dir="1" index="0" bw="1" slack="0"/>
</pin_list>
<bind>
<StgValue><ssdm name=""/></StgValue>
</bind>
</comp>

<comp id="64" class="1001" name="const_64">
<pin_list>
<pin id="65" dir="1" index="0" bw="1" slack="0"/>
</pin_list>
<bind>
<StgValue><ssdm name=""/></StgValue>
</bind>
</comp>

<comp id="66" class="1001" name="const_66">
<pin_list>
<pin id="67" dir="1" index="0" bw="1" slack="0"/>
</pin_list>
<bind>
<StgValue><ssdm name=""/></StgValue>
</bind>
</comp>

<comp id="68" class="1001" name="const_68">
<pin_list>
<pin id="69" dir="1" index="0" bw="1" slack="0"/>
</pin_list>
<bind>
<StgValue><ssdm name=""/></StgValue>
</bind>
</comp>

<comp id="70" class="1001" name="const_70">
<pin_list>
<pin id="71" dir="1" index="0" bw="1" slack="0"/>
</pin_list>
<bind>
<StgValue><ssdm name=""/></StgValue>
</bind>
</comp>

<comp id="72" class="1001" name="const_72">
<pin_list>
<pin id="73" dir="1" index="0" bw="1" slack="0"/>
</pin_list>
<bind>
<StgValue><ssdm name=""/></StgValue>
</bind>
</comp>

<comp id="74" class="1001" name="const_74">
<pin_list>
<pin id="75" dir="1" index="0" bw="1" slack="0"/>
</pin_list>
<bind>
<StgValue><ssdm name=""/></StgValue>
</bind>
</comp>

<comp id="76" class="1001" name="const_76">
<pin_list>
<pin id="77" dir="1" index="0" bw="1" slack="0"/>
</pin_list>
<bind>
<StgValue><ssdm name=""/></StgValue>
</bind>
</comp>

<comp id="78" class="1001" name="const_78">
<pin_list>
<pin id="79" dir="1" index="0" bw="1" slack="0"/>
</pin_list>
<bind>
<StgValue><ssdm name=""/></StgValue>
</bind>
</comp>

<comp id="80" class="1001" name="const_80">
<pin_list>
<pin id="81" dir="1" index="0" bw="1" slack="0"/>
</pin_list>
<bind>
<StgValue><ssdm name=""/></StgValue>
</bind>
</comp>

<comp id="82" class="1001" name="const_82">
<pin_list>
<pin id="83" dir="1" index="0" bw="1" slack="0"/>
</pin_list>
<bind>
<StgValue><ssdm name=""/></StgValue>
</bind>
</comp>

<comp id="84" class="1001" name="const_84">
<pin_list>
<pin id="85" dir="1" index="0" bw="1" slack="0"/>
</pin_list>
<bind>
<StgValue><ssdm name=""/></StgValue>
</bind>
</comp>

<comp id="86" class="1001" name="const_86">
<pin_list>
<pin id="87" dir="1" index="0" bw="1" slack="0"/>
</pin_list>
<bind>
<StgValue><ssdm name=""/></StgValue>
</bind>
</comp>

<comp id="88" class="1001" name="const_88">
<pin_list>
<pin id="89" dir="1" index="0" bw="1" slack="0"/>
</pin_list>
<bind>
<StgValue><ssdm name=""/></StgValue>
</bind>
</comp>

<comp id="90" class="1001" name="const_90">
<pin_list>
<pin id="91" dir="1" index="0" bw="1" slack="0"/>
</pin_list>
<bind>
<StgValue><ssdm name=""/></StgValue>
</bind>
</comp>

<comp id="92" class="1001" name="const_92">
<pin_list>
<pin id="93" dir="1" index="0" bw="1" slack="0"/>
</pin_list>
<bind>
<StgValue><ssdm name=""/></StgValue>
</bind>
</comp>

<comp id="94" class="1001" name="const_94">
<pin_list>
<pin id="95" dir="1" index="0" bw="1" slack="0"/>
</pin_list>
<bind>
<StgValue><ssdm name=""/></StgValue>
</bind>
</comp>

<comp id="96" class="1001" name="const_96">
<pin_list>
<pin id="97" dir="1" index="0" bw="1" slack="0"/>
</pin_list>
<bind>
<StgValue><ssdm name=""/></StgValue>
</bind>
</comp>

<comp id="98" class="1001" name="const_98">
<pin_list>
<pin id="99" dir="1" index="0" bw="1" slack="0"/>
</pin_list>
<bind>
<StgValue><ssdm name=""/></StgValue>
</bind>
</comp>

<comp id="100" class="1001" name="const_100">
<pin_list>
<pin id="101" dir="1" index="0" bw="1" slack="0"/>
</pin_list>
<bind>
<StgValue><ssdm name=""/></StgValue>
</bind>
</comp>

<comp id="102" class="1001" name="const_102">
<pin_list>
<pin id="103" dir="1" index="0" bw="1" slack="0"/>
</pin_list>
<bind>
<StgValue><ssdm name=""/></StgValue>
</bind>
</comp>

<comp id="104" class="1001" name="const_104">
<pin_list>
<pin id="105" dir="1" index="0" bw="1" slack="0"/>
</pin_list>
<bind>
<StgValue><ssdm name=""/></StgValue>
</bind>
</comp>

<comp id="106" class="1001" name="const_106">
<pin_list>
<pin id="107" dir="1" index="0" bw="1" slack="0"/>
</pin_list>
<bind>
<StgValue><ssdm name=""/></StgValue>
</bind>
</comp>

<comp id="108" class="1001" name="const_108">
<pin_list>
<pin id="109" dir="1" index="0" bw="1" slack="0"/>
</pin_list>
<bind>
<StgValue><ssdm name=""/></StgValue>
</bind>
</comp>

<comp id="110" class="1001" name="const_110">
<pin_list>
<pin id="111" dir="1" index="0" bw="1" slack="0"/>
</pin_list>
<bind>
<StgValue><ssdm name=""/></StgValue>
</bind>
</comp>

<comp id="112" class="1001" name="const_112">
<pin_list>
<pin id="113" dir="1" index="0" bw="1" slack="0"/>
</pin_list>
<bind>
<StgValue><ssdm name=""/></StgValue>
</bind>
</comp>

<comp id="114" class="1001" name="const_114">
<pin_list>
<pin id="115" dir="1" index="0" bw="1" slack="0"/>
</pin_list>
<bind>
<StgValue><ssdm name=""/></StgValue>
</bind>
</comp>

<comp id="116" class="1001" name="const_116">
<pin_list>
<pin id="117" dir="1" index="0" bw="1" slack="0"/>
</pin_list>
<bind>
<StgValue><ssdm name=""/></StgValue>
</bind>
</comp>

<comp id="118" class="1001" name="const_118">
<pin_list>
<pin id="119" dir="1" index="0" bw="1" slack="0"/>
</pin_list>
<bind>
<StgValue><ssdm name=""/></StgValue>
</bind>
</comp>

<comp id="120" class="1001" name="const_120">
<pin_list>
<pin id="121" dir="1" index="0" bw="1" slack="0"/>
</pin_list>
<bind>
<StgValue><ssdm name=""/></StgValue>
</bind>
</comp>

<comp id="122" class="1001" name="const_122">
<pin_list>
<pin id="123" dir="1" index="0" bw="1" slack="0"/>
</pin_list>
<bind>
<StgValue><ssdm name=""/></StgValue>
</bind>
</comp>

<comp id="124" class="1001" name="const_124">
<pin_list>
<pin id="125" dir="1" index="0" bw="1" slack="0"/>
</pin_list>
<bind>
<StgValue><ssdm name=""/></StgValue>
</bind>
</comp>

<comp id="126" class="1001" name="const_126">
<pin_list>
<pin id="127" dir="1" index="0" bw="1" slack="0"/>
</pin_list>
<bind>
<StgValue><ssdm name=""/></StgValue>
</bind>
</comp>

<comp id="128" class="1001" name="const_128">
<pin_list>
<pin id="129" dir="1" index="0" bw="1" slack="0"/>
</pin_list>
<bind>
<StgValue><ssdm name=""/></StgValue>
</bind>
</comp>

<comp id="130" class="1001" name="const_130">
<pin_list>
<pin id="131" dir="1" index="0" bw="1" slack="0"/>
</pin_list>
<bind>
<StgValue><ssdm name=""/></StgValue>
</bind>
</comp>

<comp id="132" class="1001" name="const_132">
<pin_list>
<pin id="133" dir="1" index="0" bw="1" slack="0"/>
</pin_list>
<bind>
<StgValue><ssdm name=""/></StgValue>
</bind>
</comp>

<comp id="134" class="1001" name="const_134">
<pin_list>
<pin id="135" dir="1" index="0" bw="1" slack="0"/>
</pin_list>
<bind>
<StgValue><ssdm name=""/></StgValue>
</bind>
</comp>

<comp id="136" class="1001" name="const_136">
<pin_list>
<pin id="137" dir="1" index="0" bw="1" slack="0"/>
</pin_list>
<bind>
<StgValue><ssdm name=""/></StgValue>
</bind>
</comp>

<comp id="138" class="1001" name="const_138">
<pin_list>
<pin id="139" dir="1" index="0" bw="1" slack="0"/>
</pin_list>
<bind>
<StgValue><ssdm name=""/></StgValue>
</bind>
</comp>

<comp id="140" class="1001" name="const_140">
<pin_list>
<pin id="141" dir="1" index="0" bw="1" slack="0"/>
</pin_list>
<bind>
<StgValue><ssdm name=""/></StgValue>
</bind>
</comp>

<comp id="142" class="1001" name="const_142">
<pin_list>
<pin id="143" dir="1" index="0" bw="1" slack="2147483647"/>
</pin_list>
<bind>
<StgValue><ssdm name="_ssdm_op_SpecPipeline"/></StgValue>
</bind>
</comp>

<comp id="144" class="1001" name="const_144">
<pin_list>
<pin id="145" dir="1" index="0" bw="1" slack="2147483647"/>
</pin_list>
<bind>
<StgValue><ssdm name=""/></StgValue>
</bind>
</comp>

<comp id="146" class="1001" name="const_146">
<pin_list>
<pin id="147" dir="1" index="0" bw="1" slack="2147483647"/>
</pin_list>
<bind>
<StgValue><ssdm name="_ssdm_op_SpecLoopName"/></StgValue>
</bind>
</comp>

<comp id="148" class="1001" name="const_148">
<pin_list>
<pin id="149" dir="1" index="0" bw="1" slack="2147483647"/>
</pin_list>
<bind>
<StgValue><ssdm name="empty_4"/></StgValue>
</bind>
</comp>

<comp id="150" class="1001" name="const_150">
<pin_list>
<pin id="151" dir="1" index="0" bw="1" slack="0"/>
</pin_list>
<bind>
<StgValue><ssdm name="_ssdm_op_BitConcatenate.i6.i1.i1.i1.i1.i1.i1"/></StgValue>
</bind>
</comp>

<comp id="152" class="1001" name="const_152">
<pin_list>
<pin id="153" dir="1" index="0" bw="1" slack="0"/>
</pin_list>
<bind>
<StgValue><ssdm name="_ssdm_op_Write.axis.volatile.i8P128A"/></StgValue>
</bind>
</comp>

<comp id="154" class="1004" name="i_fu_154">
<pin_list>
<pin id="155" dir="0" index="0" bw="1" slack="0"/>
<pin id="156" dir="1" index="1" bw="10" slack="0"/>
</pin_list>
<bind>
<opcode="alloca(26) " fcode="alloca"/>
<opset="i/1 "/>
</bind>
</comp>

<comp id="158" class="1004" name="inElem_read_fu_158">
<pin_list>
<pin id="159" dir="0" index="0" bw="200" slack="0"/>
<pin id="160" dir="0" index="1" bw="200" slack="0"/>
<pin id="161" dir="1" index="2" bw="200" slack="0"/>
</pin_list>
<bind>
<opcode="read(1150) " fcode="read"/>
<opset="inElem/1 "/>
</bind>
</comp>

<comp id="164" class="1004" name="write_ln171_write_fu_164">
<pin_list>
<pin id="165" dir="0" index="0" bw="0" slack="0"/>
<pin id="166" dir="0" index="1" bw="8" slack="0"/>
<pin id="167" dir="0" index="2" bw="6" slack="0"/>
<pin id="168" dir="1" index="3" bw="0" slack="2147483647"/>
</pin_list>
<bind>
<opcode="write(1151) " fcode="write"/>
<opset="write_ln171/2 "/>
</bind>
</comp>

<comp id="171" class="1004" name="store_ln123_store_fu_171">
<pin_list>
<pin id="172" dir="0" index="0" bw="1" slack="0"/>
<pin id="173" dir="0" index="1" bw="10" slack="0"/>
<pin id="174" dir="1" index="2" bw="0" slack="2147483647"/>
</pin_list>
<bind>
<opcode="store(28) " fcode="store"/>
<opset="store_ln123/1 "/>
</bind>
</comp>

<comp id="176" class="1004" name="i_1_load_fu_176">
<pin_list>
<pin id="177" dir="0" index="0" bw="10" slack="0"/>
<pin id="178" dir="1" index="1" bw="10" slack="0"/>
</pin_list>
<bind>
<opcode="load(27) " fcode="load"/>
<opset="i_1/1 "/>
</bind>
</comp>

<comp id="179" class="1004" name="icmp_ln123_fu_179">
<pin_list>
<pin id="180" dir="0" index="0" bw="10" slack="0"/>
<pin id="181" dir="0" index="1" bw="9" slack="0"/>
<pin id="182" dir="1" index="2" bw="1" slack="1"/>
</pin_list>
<bind>
<opcode="icmp(45) " fcode="icmp"/>
<opset="icmp_ln123/1 "/>
</bind>
</comp>

<comp id="185" class="1004" name="i_2_fu_185">
<pin_list>
<pin id="186" dir="0" index="0" bw="10" slack="0"/>
<pin id="187" dir="0" index="1" bw="1" slack="0"/>
<pin id="188" dir="1" index="2" bw="10" slack="0"/>
</pin_list>
<bind>
<opcode="add(8) " fcode="add"/>
<opset="i_2/1 "/>
</bind>
</comp>

<comp id="191" class="1004" name="r_V_fu_191">
<pin_list>
<pin id="192" dir="0" index="0" bw="200" slack="0"/>
<pin id="193" dir="1" index="1" bw="8" slack="0"/>
</pin_list>
<bind>
<opcode="trunc(33) " fcode="trunc"/>
<opset="r_V/1 "/>
</bind>
</comp>

<comp id="195" class="1004" name="sext_ln1494_fu_195">
<pin_list>
<pin id="196" dir="0" index="0" bw="8" slack="0"/>
<pin id="197" dir="1" index="1" bw="9" slack="0"/>
</pin_list>
<bind>
<opcode="sext(35) " fcode="sext"/>
<opset="sext_ln1494/1 "/>
</bind>
</comp>

<comp id="199" class="1004" name="ret_V_fu_199">
<pin_list>
<pin id="200" dir="0" index="0" bw="1" slack="0"/>
<pin id="201" dir="0" index="1" bw="8" slack="0"/>
<pin id="202" dir="1" index="2" bw="9" slack="0"/>
</pin_list>
<bind>
<opcode="sub(10) " fcode="sub"/>
<opset="ret_V/1 "/>
</bind>
</comp>

<comp id="205" class="1004" name="r_V_1_fu_205">
<pin_list>
<pin id="206" dir="0" index="0" bw="8" slack="0"/>
<pin id="207" dir="0" index="1" bw="200" slack="0"/>
<pin id="208" dir="0" index="2" bw="5" slack="0"/>
<pin id="209" dir="0" index="3" bw="5" slack="0"/>
<pin id="210" dir="1" index="4" bw="8" slack="0"/>
</pin_list>
<bind>
<opcode="partselect(1002) " fcode="partselect"/>
<opset="r_V_1/1 "/>
</bind>
</comp>

<comp id="215" class="1004" name="sext_ln628_fu_215">
<pin_list>
<pin id="216" dir="0" index="0" bw="8" slack="0"/>
<pin id="217" dir="1" index="1" bw="10" slack="0"/>
</pin_list>
<bind>
<opcode="sext(35) " fcode="sext"/>
<opset="sext_ln628/1 "/>
</bind>
</comp>

<comp id="219" class="1004" name="sext_ln628_1_fu_219">
<pin_list>
<pin id="220" dir="0" index="0" bw="8" slack="0"/>
<pin id="221" dir="1" index="1" bw="9" slack="0"/>
</pin_list>
<bind>
<opcode="sext(35) " fcode="sext"/>
<opset="sext_ln628_1/1 "/>
</bind>
</comp>

<comp id="223" class="1004" name="r_V_2_fu_223">
<pin_list>
<pin id="224" dir="0" index="0" bw="8" slack="0"/>
<pin id="225" dir="0" index="1" bw="200" slack="0"/>
<pin id="226" dir="0" index="2" bw="6" slack="0"/>
<pin id="227" dir="0" index="3" bw="6" slack="0"/>
<pin id="228" dir="1" index="4" bw="8" slack="0"/>
</pin_list>
<bind>
<opcode="partselect(1002) " fcode="partselect"/>
<opset="r_V_2/1 "/>
</bind>
</comp>

<comp id="233" class="1004" name="sext_ln840_fu_233">
<pin_list>
<pin id="234" dir="0" index="0" bw="8" slack="0"/>
<pin id="235" dir="1" index="1" bw="9" slack="0"/>
</pin_list>
<bind>
<opcode="sext(35) " fcode="sext"/>
<opset="sext_ln840/1 "/>
</bind>
</comp>

<comp id="237" class="1004" name="sext_ln628_2_fu_237">
<pin_list>
<pin id="238" dir="0" index="0" bw="8" slack="0"/>
<pin id="239" dir="1" index="1" bw="10" slack="0"/>
</pin_list>
<bind>
<opcode="sext(35) " fcode="sext"/>
<opset="sext_ln628_2/1 "/>
</bind>
</comp>

<comp id="241" class="1004" name="r_V_3_fu_241">
<pin_list>
<pin id="242" dir="0" index="0" bw="8" slack="0"/>
<pin id="243" dir="0" index="1" bw="200" slack="0"/>
<pin id="244" dir="0" index="2" bw="6" slack="0"/>
<pin id="245" dir="0" index="3" bw="6" slack="0"/>
<pin id="246" dir="1" index="4" bw="8" slack="0"/>
</pin_list>
<bind>
<opcode="partselect(1002) " fcode="partselect"/>
<opset="r_V_3/1 "/>
</bind>
</comp>

<comp id="251" class="1004" name="sext_ln840_1_fu_251">
<pin_list>
<pin id="252" dir="0" index="0" bw="8" slack="0"/>
<pin id="253" dir="1" index="1" bw="9" slack="0"/>
</pin_list>
<bind>
<opcode="sext(35) " fcode="sext"/>
<opset="sext_ln840_1/1 "/>
</bind>
</comp>

<comp id="255" class="1004" name="r_V_4_fu_255">
<pin_list>
<pin id="256" dir="0" index="0" bw="8" slack="0"/>
<pin id="257" dir="0" index="1" bw="200" slack="0"/>
<pin id="258" dir="0" index="2" bw="7" slack="0"/>
<pin id="259" dir="0" index="3" bw="7" slack="0"/>
<pin id="260" dir="1" index="4" bw="8" slack="0"/>
</pin_list>
<bind>
<opcode="partselect(1002) " fcode="partselect"/>
<opset="r_V_4/1 "/>
</bind>
</comp>

<comp id="265" class="1004" name="sext_ln1494_1_fu_265">
<pin_list>
<pin id="266" dir="0" index="0" bw="8" slack="0"/>
<pin id="267" dir="1" index="1" bw="9" slack="0"/>
</pin_list>
<bind>
<opcode="sext(35) " fcode="sext"/>
<opset="sext_ln1494_1/1 "/>
</bind>
</comp>

<comp id="269" class="1004" name="ret_V_1_fu_269">
<pin_list>
<pin id="270" dir="0" index="0" bw="1" slack="0"/>
<pin id="271" dir="0" index="1" bw="8" slack="0"/>
<pin id="272" dir="1" index="2" bw="9" slack="0"/>
</pin_list>
<bind>
<opcode="sub(10) " fcode="sub"/>
<opset="ret_V_1/1 "/>
</bind>
</comp>

<comp id="275" class="1004" name="sext_ln628_3_fu_275">
<pin_list>
<pin id="276" dir="0" index="0" bw="9" slack="0"/>
<pin id="277" dir="1" index="1" bw="10" slack="0"/>
</pin_list>
<bind>
<opcode="sext(35) " fcode="sext"/>
<opset="sext_ln628_3/1 "/>
</bind>
</comp>

<comp id="279" class="1004" name="r_V_5_fu_279">
<pin_list>
<pin id="280" dir="0" index="0" bw="8" slack="0"/>
<pin id="281" dir="0" index="1" bw="200" slack="0"/>
<pin id="282" dir="0" index="2" bw="7" slack="0"/>
<pin id="283" dir="0" index="3" bw="7" slack="0"/>
<pin id="284" dir="1" index="4" bw="8" slack="0"/>
</pin_list>
<bind>
<opcode="partselect(1002) " fcode="partselect"/>
<opset="r_V_5/1 "/>
</bind>
</comp>

<comp id="289" class="1004" name="sext_ln1494_2_fu_289">
<pin_list>
<pin id="290" dir="0" index="0" bw="8" slack="0"/>
<pin id="291" dir="1" index="1" bw="9" slack="0"/>
</pin_list>
<bind>
<opcode="sext(35) " fcode="sext"/>
<opset="sext_ln1494_2/1 "/>
</bind>
</comp>

<comp id="293" class="1004" name="ret_V_2_fu_293">
<pin_list>
<pin id="294" dir="0" index="0" bw="1" slack="0"/>
<pin id="295" dir="0" index="1" bw="8" slack="0"/>
<pin id="296" dir="1" index="2" bw="9" slack="0"/>
</pin_list>
<bind>
<opcode="sub(10) " fcode="sub"/>
<opset="ret_V_2/1 "/>
</bind>
</comp>

<comp id="299" class="1004" name="r_V_6_fu_299">
<pin_list>
<pin id="300" dir="0" index="0" bw="8" slack="0"/>
<pin id="301" dir="0" index="1" bw="200" slack="0"/>
<pin id="302" dir="0" index="2" bw="7" slack="0"/>
<pin id="303" dir="0" index="3" bw="7" slack="0"/>
<pin id="304" dir="1" index="4" bw="8" slack="0"/>
</pin_list>
<bind>
<opcode="partselect(1002) " fcode="partselect"/>
<opset="r_V_6/1 "/>
</bind>
</comp>

<comp id="309" class="1004" name="sext_ln1494_3_fu_309">
<pin_list>
<pin id="310" dir="0" index="0" bw="8" slack="0"/>
<pin id="311" dir="1" index="1" bw="9" slack="0"/>
</pin_list>
<bind>
<opcode="sext(35) " fcode="sext"/>
<opset="sext_ln1494_3/1 "/>
</bind>
</comp>

<comp id="313" class="1004" name="ret_V_3_fu_313">
<pin_list>
<pin id="314" dir="0" index="0" bw="1" slack="0"/>
<pin id="315" dir="0" index="1" bw="8" slack="0"/>
<pin id="316" dir="1" index="2" bw="9" slack="0"/>
</pin_list>
<bind>
<opcode="sub(10) " fcode="sub"/>
<opset="ret_V_3/1 "/>
</bind>
</comp>

<comp id="319" class="1004" name="sext_ln628_4_fu_319">
<pin_list>
<pin id="320" dir="0" index="0" bw="9" slack="0"/>
<pin id="321" dir="1" index="1" bw="10" slack="0"/>
</pin_list>
<bind>
<opcode="sext(35) " fcode="sext"/>
<opset="sext_ln628_4/1 "/>
</bind>
</comp>

<comp id="323" class="1004" name="r_V_7_fu_323">
<pin_list>
<pin id="324" dir="0" index="0" bw="8" slack="0"/>
<pin id="325" dir="0" index="1" bw="200" slack="0"/>
<pin id="326" dir="0" index="2" bw="7" slack="0"/>
<pin id="327" dir="0" index="3" bw="7" slack="0"/>
<pin id="328" dir="1" index="4" bw="8" slack="0"/>
</pin_list>
<bind>
<opcode="partselect(1002) " fcode="partselect"/>
<opset="r_V_7/1 "/>
</bind>
</comp>

<comp id="333" class="1004" name="sext_ln1494_4_fu_333">
<pin_list>
<pin id="334" dir="0" index="0" bw="8" slack="0"/>
<pin id="335" dir="1" index="1" bw="9" slack="0"/>
</pin_list>
<bind>
<opcode="sext(35) " fcode="sext"/>
<opset="sext_ln1494_4/1 "/>
</bind>
</comp>

<comp id="337" class="1004" name="ret_V_4_fu_337">
<pin_list>
<pin id="338" dir="0" index="0" bw="1" slack="0"/>
<pin id="339" dir="0" index="1" bw="8" slack="0"/>
<pin id="340" dir="1" index="2" bw="9" slack="0"/>
</pin_list>
<bind>
<opcode="sub(10) " fcode="sub"/>
<opset="ret_V_4/1 "/>
</bind>
</comp>

<comp id="343" class="1004" name="sext_ln628_5_fu_343">
<pin_list>
<pin id="344" dir="0" index="0" bw="9" slack="0"/>
<pin id="345" dir="1" index="1" bw="10" slack="0"/>
</pin_list>
<bind>
<opcode="sext(35) " fcode="sext"/>
<opset="sext_ln628_5/1 "/>
</bind>
</comp>

<comp id="347" class="1004" name="r_V_8_fu_347">
<pin_list>
<pin id="348" dir="0" index="0" bw="8" slack="0"/>
<pin id="349" dir="0" index="1" bw="200" slack="0"/>
<pin id="350" dir="0" index="2" bw="8" slack="0"/>
<pin id="351" dir="0" index="3" bw="8" slack="0"/>
<pin id="352" dir="1" index="4" bw="8" slack="0"/>
</pin_list>
<bind>
<opcode="partselect(1002) " fcode="partselect"/>
<opset="r_V_8/1 "/>
</bind>
</comp>

<comp id="357" class="1004" name="sext_ln1494_5_fu_357">
<pin_list>
<pin id="358" dir="0" index="0" bw="8" slack="0"/>
<pin id="359" dir="1" index="1" bw="9" slack="0"/>
</pin_list>
<bind>
<opcode="sext(35) " fcode="sext"/>
<opset="sext_ln1494_5/1 "/>
</bind>
</comp>

<comp id="361" class="1004" name="ret_V_5_fu_361">
<pin_list>
<pin id="362" dir="0" index="0" bw="1" slack="0"/>
<pin id="363" dir="0" index="1" bw="8" slack="0"/>
<pin id="364" dir="1" index="2" bw="9" slack="0"/>
</pin_list>
<bind>
<opcode="sub(10) " fcode="sub"/>
<opset="ret_V_5/1 "/>
</bind>
</comp>

<comp id="367" class="1004" name="sext_ln628_6_fu_367">
<pin_list>
<pin id="368" dir="0" index="0" bw="9" slack="0"/>
<pin id="369" dir="1" index="1" bw="10" slack="0"/>
</pin_list>
<bind>
<opcode="sext(35) " fcode="sext"/>
<opset="sext_ln628_6/1 "/>
</bind>
</comp>

<comp id="371" class="1004" name="r_V_9_fu_371">
<pin_list>
<pin id="372" dir="0" index="0" bw="8" slack="0"/>
<pin id="373" dir="0" index="1" bw="200" slack="0"/>
<pin id="374" dir="0" index="2" bw="8" slack="0"/>
<pin id="375" dir="0" index="3" bw="8" slack="0"/>
<pin id="376" dir="1" index="4" bw="8" slack="0"/>
</pin_list>
<bind>
<opcode="partselect(1002) " fcode="partselect"/>
<opset="r_V_9/1 "/>
</bind>
</comp>

<comp id="381" class="1004" name="sext_ln1494_6_fu_381">
<pin_list>
<pin id="382" dir="0" index="0" bw="8" slack="0"/>
<pin id="383" dir="1" index="1" bw="9" slack="0"/>
</pin_list>
<bind>
<opcode="sext(35) " fcode="sext"/>
<opset="sext_ln1494_6/1 "/>
</bind>
</comp>

<comp id="385" class="1004" name="ret_V_6_fu_385">
<pin_list>
<pin id="386" dir="0" index="0" bw="1" slack="0"/>
<pin id="387" dir="0" index="1" bw="8" slack="0"/>
<pin id="388" dir="1" index="2" bw="9" slack="0"/>
</pin_list>
<bind>
<opcode="sub(10) " fcode="sub"/>
<opset="ret_V_6/1 "/>
</bind>
</comp>

<comp id="391" class="1004" name="sext_ln628_7_fu_391">
<pin_list>
<pin id="392" dir="0" index="0" bw="9" slack="0"/>
<pin id="393" dir="1" index="1" bw="10" slack="0"/>
</pin_list>
<bind>
<opcode="sext(35) " fcode="sext"/>
<opset="sext_ln628_7/1 "/>
</bind>
</comp>

<comp id="395" class="1004" name="r_V_10_fu_395">
<pin_list>
<pin id="396" dir="0" index="0" bw="8" slack="0"/>
<pin id="397" dir="0" index="1" bw="200" slack="0"/>
<pin id="398" dir="0" index="2" bw="8" slack="0"/>
<pin id="399" dir="0" index="3" bw="8" slack="0"/>
<pin id="400" dir="1" index="4" bw="8" slack="0"/>
</pin_list>
<bind>
<opcode="partselect(1002) " fcode="partselect"/>
<opset="r_V_10/1 "/>
</bind>
</comp>

<comp id="405" class="1004" name="sext_ln1494_7_fu_405">
<pin_list>
<pin id="406" dir="0" index="0" bw="8" slack="0"/>
<pin id="407" dir="1" index="1" bw="9" slack="0"/>
</pin_list>
<bind>
<opcode="sext(35) " fcode="sext"/>
<opset="sext_ln1494_7/1 "/>
</bind>
</comp>

<comp id="409" class="1004" name="ret_V_7_fu_409">
<pin_list>
<pin id="410" dir="0" index="0" bw="1" slack="0"/>
<pin id="411" dir="0" index="1" bw="8" slack="0"/>
<pin id="412" dir="1" index="2" bw="9" slack="0"/>
</pin_list>
<bind>
<opcode="sub(10) " fcode="sub"/>
<opset="ret_V_7/1 "/>
</bind>
</comp>

<comp id="415" class="1004" name="sext_ln628_8_fu_415">
<pin_list>
<pin id="416" dir="0" index="0" bw="9" slack="0"/>
<pin id="417" dir="1" index="1" bw="10" slack="0"/>
</pin_list>
<bind>
<opcode="sext(35) " fcode="sext"/>
<opset="sext_ln628_8/1 "/>
</bind>
</comp>

<comp id="419" class="1004" name="r_V_11_fu_419">
<pin_list>
<pin id="420" dir="0" index="0" bw="8" slack="0"/>
<pin id="421" dir="0" index="1" bw="200" slack="0"/>
<pin id="422" dir="0" index="2" bw="8" slack="0"/>
<pin id="423" dir="0" index="3" bw="8" slack="0"/>
<pin id="424" dir="1" index="4" bw="8" slack="0"/>
</pin_list>
<bind>
<opcode="partselect(1002) " fcode="partselect"/>
<opset="r_V_11/1 "/>
</bind>
</comp>

<comp id="429" class="1004" name="sext_ln1494_8_fu_429">
<pin_list>
<pin id="430" dir="0" index="0" bw="8" slack="0"/>
<pin id="431" dir="1" index="1" bw="9" slack="0"/>
</pin_list>
<bind>
<opcode="sext(35) " fcode="sext"/>
<opset="sext_ln1494_8/1 "/>
</bind>
</comp>

<comp id="433" class="1004" name="ret_V_8_fu_433">
<pin_list>
<pin id="434" dir="0" index="0" bw="1" slack="0"/>
<pin id="435" dir="0" index="1" bw="8" slack="0"/>
<pin id="436" dir="1" index="2" bw="9" slack="0"/>
</pin_list>
<bind>
<opcode="sub(10) " fcode="sub"/>
<opset="ret_V_8/1 "/>
</bind>
</comp>

<comp id="439" class="1004" name="sext_ln628_9_fu_439">
<pin_list>
<pin id="440" dir="0" index="0" bw="9" slack="0"/>
<pin id="441" dir="1" index="1" bw="10" slack="0"/>
</pin_list>
<bind>
<opcode="sext(35) " fcode="sext"/>
<opset="sext_ln628_9/1 "/>
</bind>
</comp>

<comp id="443" class="1004" name="r_V_12_fu_443">
<pin_list>
<pin id="444" dir="0" index="0" bw="8" slack="0"/>
<pin id="445" dir="0" index="1" bw="200" slack="0"/>
<pin id="446" dir="0" index="2" bw="8" slack="0"/>
<pin id="447" dir="0" index="3" bw="8" slack="0"/>
<pin id="448" dir="1" index="4" bw="8" slack="0"/>
</pin_list>
<bind>
<opcode="partselect(1002) " fcode="partselect"/>
<opset="r_V_12/1 "/>
</bind>
</comp>

<comp id="453" class="1004" name="sext_ln1494_9_fu_453">
<pin_list>
<pin id="454" dir="0" index="0" bw="8" slack="0"/>
<pin id="455" dir="1" index="1" bw="9" slack="0"/>
</pin_list>
<bind>
<opcode="sext(35) " fcode="sext"/>
<opset="sext_ln1494_9/1 "/>
</bind>
</comp>

<comp id="457" class="1004" name="ret_V_9_fu_457">
<pin_list>
<pin id="458" dir="0" index="0" bw="1" slack="0"/>
<pin id="459" dir="0" index="1" bw="8" slack="0"/>
<pin id="460" dir="1" index="2" bw="9" slack="0"/>
</pin_list>
<bind>
<opcode="sub(10) " fcode="sub"/>
<opset="ret_V_9/1 "/>
</bind>
</comp>

<comp id="463" class="1004" name="sext_ln628_10_fu_463">
<pin_list>
<pin id="464" dir="0" index="0" bw="9" slack="0"/>
<pin id="465" dir="1" index="1" bw="10" slack="0"/>
</pin_list>
<bind>
<opcode="sext(35) " fcode="sext"/>
<opset="sext_ln628_10/1 "/>
</bind>
</comp>

<comp id="467" class="1004" name="r_V_13_fu_467">
<pin_list>
<pin id="468" dir="0" index="0" bw="8" slack="0"/>
<pin id="469" dir="0" index="1" bw="200" slack="0"/>
<pin id="470" dir="0" index="2" bw="8" slack="0"/>
<pin id="471" dir="0" index="3" bw="8" slack="0"/>
<pin id="472" dir="1" index="4" bw="8" slack="0"/>
</pin_list>
<bind>
<opcode="partselect(1002) " fcode="partselect"/>
<opset="r_V_13/1 "/>
</bind>
</comp>

<comp id="477" class="1004" name="sext_ln1494_10_fu_477">
<pin_list>
<pin id="478" dir="0" index="0" bw="8" slack="0"/>
<pin id="479" dir="1" index="1" bw="9" slack="0"/>
</pin_list>
<bind>
<opcode="sext(35) " fcode="sext"/>
<opset="sext_ln1494_10/1 "/>
</bind>
</comp>

<comp id="481" class="1004" name="ret_V_10_fu_481">
<pin_list>
<pin id="482" dir="0" index="0" bw="1" slack="0"/>
<pin id="483" dir="0" index="1" bw="8" slack="0"/>
<pin id="484" dir="1" index="2" bw="9" slack="0"/>
</pin_list>
<bind>
<opcode="sub(10) " fcode="sub"/>
<opset="ret_V_10/1 "/>
</bind>
</comp>

<comp id="487" class="1004" name="sext_ln628_11_fu_487">
<pin_list>
<pin id="488" dir="0" index="0" bw="9" slack="0"/>
<pin id="489" dir="1" index="1" bw="10" slack="0"/>
</pin_list>
<bind>
<opcode="sext(35) " fcode="sext"/>
<opset="sext_ln628_11/1 "/>
</bind>
</comp>

<comp id="491" class="1004" name="r_V_14_fu_491">
<pin_list>
<pin id="492" dir="0" index="0" bw="8" slack="0"/>
<pin id="493" dir="0" index="1" bw="200" slack="0"/>
<pin id="494" dir="0" index="2" bw="8" slack="0"/>
<pin id="495" dir="0" index="3" bw="8" slack="0"/>
<pin id="496" dir="1" index="4" bw="8" slack="0"/>
</pin_list>
<bind>
<opcode="partselect(1002) " fcode="partselect"/>
<opset="r_V_14/1 "/>
</bind>
</comp>

<comp id="501" class="1004" name="sext_ln1494_11_fu_501">
<pin_list>
<pin id="502" dir="0" index="0" bw="8" slack="0"/>
<pin id="503" dir="1" index="1" bw="9" slack="0"/>
</pin_list>
<bind>
<opcode="sext(35) " fcode="sext"/>
<opset="sext_ln1494_11/1 "/>
</bind>
</comp>

<comp id="505" class="1004" name="ret_V_11_fu_505">
<pin_list>
<pin id="506" dir="0" index="0" bw="1" slack="0"/>
<pin id="507" dir="0" index="1" bw="8" slack="0"/>
<pin id="508" dir="1" index="2" bw="9" slack="0"/>
</pin_list>
<bind>
<opcode="sub(10) " fcode="sub"/>
<opset="ret_V_11/1 "/>
</bind>
</comp>

<comp id="511" class="1004" name="sext_ln628_12_fu_511">
<pin_list>
<pin id="512" dir="0" index="0" bw="9" slack="0"/>
<pin id="513" dir="1" index="1" bw="10" slack="0"/>
</pin_list>
<bind>
<opcode="sext(35) " fcode="sext"/>
<opset="sext_ln628_12/1 "/>
</bind>
</comp>

<comp id="515" class="1004" name="r_V_15_fu_515">
<pin_list>
<pin id="516" dir="0" index="0" bw="8" slack="0"/>
<pin id="517" dir="0" index="1" bw="200" slack="0"/>
<pin id="518" dir="0" index="2" bw="8" slack="0"/>
<pin id="519" dir="0" index="3" bw="8" slack="0"/>
<pin id="520" dir="1" index="4" bw="8" slack="0"/>
</pin_list>
<bind>
<opcode="partselect(1002) " fcode="partselect"/>
<opset="r_V_15/1 "/>
</bind>
</comp>

<comp id="525" class="1004" name="sext_ln1494_12_fu_525">
<pin_list>
<pin id="526" dir="0" index="0" bw="8" slack="0"/>
<pin id="527" dir="1" index="1" bw="9" slack="0"/>
</pin_list>
<bind>
<opcode="sext(35) " fcode="sext"/>
<opset="sext_ln1494_12/1 "/>
</bind>
</comp>

<comp id="529" class="1004" name="ret_V_12_fu_529">
<pin_list>
<pin id="530" dir="0" index="0" bw="1" slack="0"/>
<pin id="531" dir="0" index="1" bw="8" slack="0"/>
<pin id="532" dir="1" index="2" bw="9" slack="0"/>
</pin_list>
<bind>
<opcode="sub(10) " fcode="sub"/>
<opset="ret_V_12/1 "/>
</bind>
</comp>

<comp id="535" class="1004" name="sext_ln628_13_fu_535">
<pin_list>
<pin id="536" dir="0" index="0" bw="9" slack="0"/>
<pin id="537" dir="1" index="1" bw="10" slack="0"/>
</pin_list>
<bind>
<opcode="sext(35) " fcode="sext"/>
<opset="sext_ln628_13/1 "/>
</bind>
</comp>

<comp id="539" class="1004" name="r_V_16_fu_539">
<pin_list>
<pin id="540" dir="0" index="0" bw="8" slack="0"/>
<pin id="541" dir="0" index="1" bw="200" slack="0"/>
<pin id="542" dir="0" index="2" bw="9" slack="0"/>
<pin id="543" dir="0" index="3" bw="9" slack="0"/>
<pin id="544" dir="1" index="4" bw="8" slack="0"/>
</pin_list>
<bind>
<opcode="partselect(1002) " fcode="partselect"/>
<opset="r_V_16/1 "/>
</bind>
</comp>

<comp id="549" class="1004" name="sext_ln1494_13_fu_549">
<pin_list>
<pin id="550" dir="0" index="0" bw="8" slack="0"/>
<pin id="551" dir="1" index="1" bw="9" slack="0"/>
</pin_list>
<bind>
<opcode="sext(35) " fcode="sext"/>
<opset="sext_ln1494_13/1 "/>
</bind>
</comp>

<comp id="553" class="1004" name="ret_V_13_fu_553">
<pin_list>
<pin id="554" dir="0" index="0" bw="1" slack="0"/>
<pin id="555" dir="0" index="1" bw="8" slack="0"/>
<pin id="556" dir="1" index="2" bw="9" slack="0"/>
</pin_list>
<bind>
<opcode="sub(10) " fcode="sub"/>
<opset="ret_V_13/1 "/>
</bind>
</comp>

<comp id="559" class="1004" name="sext_ln628_14_fu_559">
<pin_list>
<pin id="560" dir="0" index="0" bw="9" slack="0"/>
<pin id="561" dir="1" index="1" bw="10" slack="0"/>
</pin_list>
<bind>
<opcode="sext(35) " fcode="sext"/>
<opset="sext_ln628_14/1 "/>
</bind>
</comp>

<comp id="563" class="1004" name="r_V_17_fu_563">
<pin_list>
<pin id="564" dir="0" index="0" bw="8" slack="0"/>
<pin id="565" dir="0" index="1" bw="200" slack="0"/>
<pin id="566" dir="0" index="2" bw="9" slack="0"/>
<pin id="567" dir="0" index="3" bw="9" slack="0"/>
<pin id="568" dir="1" index="4" bw="8" slack="0"/>
</pin_list>
<bind>
<opcode="partselect(1002) " fcode="partselect"/>
<opset="r_V_17/1 "/>
</bind>
</comp>

<comp id="573" class="1004" name="sext_ln1494_14_fu_573">
<pin_list>
<pin id="574" dir="0" index="0" bw="8" slack="0"/>
<pin id="575" dir="1" index="1" bw="9" slack="0"/>
</pin_list>
<bind>
<opcode="sext(35) " fcode="sext"/>
<opset="sext_ln1494_14/1 "/>
</bind>
</comp>

<comp id="577" class="1004" name="ret_V_14_fu_577">
<pin_list>
<pin id="578" dir="0" index="0" bw="1" slack="0"/>
<pin id="579" dir="0" index="1" bw="8" slack="0"/>
<pin id="580" dir="1" index="2" bw="9" slack="0"/>
</pin_list>
<bind>
<opcode="sub(10) " fcode="sub"/>
<opset="ret_V_14/1 "/>
</bind>
</comp>

<comp id="583" class="1004" name="sext_ln628_15_fu_583">
<pin_list>
<pin id="584" dir="0" index="0" bw="9" slack="0"/>
<pin id="585" dir="1" index="1" bw="10" slack="0"/>
</pin_list>
<bind>
<opcode="sext(35) " fcode="sext"/>
<opset="sext_ln628_15/1 "/>
</bind>
</comp>

<comp id="587" class="1004" name="r_V_18_fu_587">
<pin_list>
<pin id="588" dir="0" index="0" bw="8" slack="0"/>
<pin id="589" dir="0" index="1" bw="200" slack="0"/>
<pin id="590" dir="0" index="2" bw="9" slack="0"/>
<pin id="591" dir="0" index="3" bw="9" slack="0"/>
<pin id="592" dir="1" index="4" bw="8" slack="0"/>
</pin_list>
<bind>
<opcode="partselect(1002) " fcode="partselect"/>
<opset="r_V_18/1 "/>
</bind>
</comp>

<comp id="597" class="1004" name="sext_ln1494_15_fu_597">
<pin_list>
<pin id="598" dir="0" index="0" bw="8" slack="0"/>
<pin id="599" dir="1" index="1" bw="9" slack="0"/>
</pin_list>
<bind>
<opcode="sext(35) " fcode="sext"/>
<opset="sext_ln1494_15/1 "/>
</bind>
</comp>

<comp id="601" class="1004" name="ret_V_15_fu_601">
<pin_list>
<pin id="602" dir="0" index="0" bw="1" slack="0"/>
<pin id="603" dir="0" index="1" bw="8" slack="0"/>
<pin id="604" dir="1" index="2" bw="9" slack="0"/>
</pin_list>
<bind>
<opcode="sub(10) " fcode="sub"/>
<opset="ret_V_15/1 "/>
</bind>
</comp>

<comp id="607" class="1004" name="sext_ln628_16_fu_607">
<pin_list>
<pin id="608" dir="0" index="0" bw="9" slack="0"/>
<pin id="609" dir="1" index="1" bw="10" slack="0"/>
</pin_list>
<bind>
<opcode="sext(35) " fcode="sext"/>
<opset="sext_ln628_16/1 "/>
</bind>
</comp>

<comp id="611" class="1004" name="r_V_19_fu_611">
<pin_list>
<pin id="612" dir="0" index="0" bw="8" slack="0"/>
<pin id="613" dir="0" index="1" bw="200" slack="0"/>
<pin id="614" dir="0" index="2" bw="9" slack="0"/>
<pin id="615" dir="0" index="3" bw="9" slack="0"/>
<pin id="616" dir="1" index="4" bw="8" slack="0"/>
</pin_list>
<bind>
<opcode="partselect(1002) " fcode="partselect"/>
<opset="r_V_19/1 "/>
</bind>
</comp>

<comp id="621" class="1004" name="sext_ln1494_16_fu_621">
<pin_list>
<pin id="622" dir="0" index="0" bw="8" slack="0"/>
<pin id="623" dir="1" index="1" bw="9" slack="0"/>
</pin_list>
<bind>
<opcode="sext(35) " fcode="sext"/>
<opset="sext_ln1494_16/1 "/>
</bind>
</comp>

<comp id="625" class="1004" name="ret_V_16_fu_625">
<pin_list>
<pin id="626" dir="0" index="0" bw="1" slack="0"/>
<pin id="627" dir="0" index="1" bw="8" slack="0"/>
<pin id="628" dir="1" index="2" bw="9" slack="0"/>
</pin_list>
<bind>
<opcode="sub(10) " fcode="sub"/>
<opset="ret_V_16/1 "/>
</bind>
</comp>

<comp id="631" class="1004" name="r_V_20_fu_631">
<pin_list>
<pin id="632" dir="0" index="0" bw="8" slack="0"/>
<pin id="633" dir="0" index="1" bw="200" slack="0"/>
<pin id="634" dir="0" index="2" bw="9" slack="0"/>
<pin id="635" dir="0" index="3" bw="9" slack="0"/>
<pin id="636" dir="1" index="4" bw="8" slack="0"/>
</pin_list>
<bind>
<opcode="partselect(1002) " fcode="partselect"/>
<opset="r_V_20/1 "/>
</bind>
</comp>

<comp id="641" class="1004" name="sext_ln840_2_fu_641">
<pin_list>
<pin id="642" dir="0" index="0" bw="8" slack="0"/>
<pin id="643" dir="1" index="1" bw="9" slack="0"/>
</pin_list>
<bind>
<opcode="sext(35) " fcode="sext"/>
<opset="sext_ln840_2/1 "/>
</bind>
</comp>

<comp id="645" class="1004" name="r_V_21_fu_645">
<pin_list>
<pin id="646" dir="0" index="0" bw="8" slack="0"/>
<pin id="647" dir="0" index="1" bw="200" slack="0"/>
<pin id="648" dir="0" index="2" bw="9" slack="0"/>
<pin id="649" dir="0" index="3" bw="9" slack="0"/>
<pin id="650" dir="1" index="4" bw="8" slack="0"/>
</pin_list>
<bind>
<opcode="partselect(1002) " fcode="partselect"/>
<opset="r_V_21/1 "/>
</bind>
</comp>

<comp id="655" class="1004" name="sext_ln840_3_fu_655">
<pin_list>
<pin id="656" dir="0" index="0" bw="8" slack="0"/>
<pin id="657" dir="1" index="1" bw="9" slack="0"/>
</pin_list>
<bind>
<opcode="sext(35) " fcode="sext"/>
<opset="sext_ln840_3/1 "/>
</bind>
</comp>

<comp id="659" class="1004" name="sext_ln628_17_fu_659">
<pin_list>
<pin id="660" dir="0" index="0" bw="8" slack="0"/>
<pin id="661" dir="1" index="1" bw="10" slack="0"/>
</pin_list>
<bind>
<opcode="sext(35) " fcode="sext"/>
<opset="sext_ln628_17/1 "/>
</bind>
</comp>

<comp id="663" class="1004" name="r_V_22_fu_663">
<pin_list>
<pin id="664" dir="0" index="0" bw="8" slack="0"/>
<pin id="665" dir="0" index="1" bw="200" slack="0"/>
<pin id="666" dir="0" index="2" bw="9" slack="0"/>
<pin id="667" dir="0" index="3" bw="9" slack="0"/>
<pin id="668" dir="1" index="4" bw="8" slack="0"/>
</pin_list>
<bind>
<opcode="partselect(1002) " fcode="partselect"/>
<opset="r_V_22/1 "/>
</bind>
</comp>

<comp id="673" class="1004" name="sext_ln840_4_fu_673">
<pin_list>
<pin id="674" dir="0" index="0" bw="8" slack="0"/>
<pin id="675" dir="1" index="1" bw="9" slack="0"/>
</pin_list>
<bind>
<opcode="sext(35) " fcode="sext"/>
<opset="sext_ln840_4/1 "/>
</bind>
</comp>

<comp id="677" class="1004" name="sext_ln628_18_fu_677">
<pin_list>
<pin id="678" dir="0" index="0" bw="8" slack="0"/>
<pin id="679" dir="1" index="1" bw="10" slack="0"/>
</pin_list>
<bind>
<opcode="sext(35) " fcode="sext"/>
<opset="sext_ln628_18/1 "/>
</bind>
</comp>

<comp id="681" class="1004" name="r_V_23_fu_681">
<pin_list>
<pin id="682" dir="0" index="0" bw="8" slack="0"/>
<pin id="683" dir="0" index="1" bw="200" slack="0"/>
<pin id="684" dir="0" index="2" bw="9" slack="0"/>
<pin id="685" dir="0" index="3" bw="9" slack="0"/>
<pin id="686" dir="1" index="4" bw="8" slack="0"/>
</pin_list>
<bind>
<opcode="partselect(1002) " fcode="partselect"/>
<opset="r_V_23/1 "/>
</bind>
</comp>

<comp id="691" class="1004" name="sext_ln840_5_fu_691">
<pin_list>
<pin id="692" dir="0" index="0" bw="8" slack="0"/>
<pin id="693" dir="1" index="1" bw="9" slack="0"/>
</pin_list>
<bind>
<opcode="sext(35) " fcode="sext"/>
<opset="sext_ln840_5/1 "/>
</bind>
</comp>

<comp id="695" class="1004" name="r_V_24_fu_695">
<pin_list>
<pin id="696" dir="0" index="0" bw="8" slack="0"/>
<pin id="697" dir="0" index="1" bw="200" slack="0"/>
<pin id="698" dir="0" index="2" bw="9" slack="0"/>
<pin id="699" dir="0" index="3" bw="9" slack="0"/>
<pin id="700" dir="1" index="4" bw="8" slack="0"/>
</pin_list>
<bind>
<opcode="partselect(1002) " fcode="partselect"/>
<opset="r_V_24/1 "/>
</bind>
</comp>

<comp id="705" class="1004" name="sext_ln1494_17_fu_705">
<pin_list>
<pin id="706" dir="0" index="0" bw="8" slack="0"/>
<pin id="707" dir="1" index="1" bw="9" slack="0"/>
</pin_list>
<bind>
<opcode="sext(35) " fcode="sext"/>
<opset="sext_ln1494_17/1 "/>
</bind>
</comp>

<comp id="709" class="1004" name="ret_V_17_fu_709">
<pin_list>
<pin id="710" dir="0" index="0" bw="1" slack="0"/>
<pin id="711" dir="0" index="1" bw="8" slack="0"/>
<pin id="712" dir="1" index="2" bw="9" slack="0"/>
</pin_list>
<bind>
<opcode="sub(10) " fcode="sub"/>
<opset="ret_V_17/1 "/>
</bind>
</comp>

<comp id="715" class="1004" name="sub_ln840_fu_715">
<pin_list>
<pin id="716" dir="0" index="0" bw="8" slack="0"/>
<pin id="717" dir="0" index="1" bw="8" slack="0"/>
<pin id="718" dir="1" index="2" bw="9" slack="0"/>
</pin_list>
<bind>
<opcode="sub(10) " fcode="sub"/>
<opset="sub_ln840/1 "/>
</bind>
</comp>

<comp id="721" class="1004" name="sext_ln840_6_fu_721">
<pin_list>
<pin id="722" dir="0" index="0" bw="9" slack="0"/>
<pin id="723" dir="1" index="1" bw="10" slack="0"/>
</pin_list>
<bind>
<opcode="sext(35) " fcode="sext"/>
<opset="sext_ln840_6/1 "/>
</bind>
</comp>

<comp id="725" class="1004" name="sext_ln840_7_fu_725">
<pin_list>
<pin id="726" dir="0" index="0" bw="8" slack="0"/>
<pin id="727" dir="1" index="1" bw="10" slack="0"/>
</pin_list>
<bind>
<opcode="sext(35) " fcode="sext"/>
<opset="sext_ln840_7/1 "/>
</bind>
</comp>

<comp id="729" class="1004" name="sext_ln840_8_fu_729">
<pin_list>
<pin id="730" dir="0" index="0" bw="9" slack="0"/>
<pin id="731" dir="1" index="1" bw="10" slack="0"/>
</pin_list>
<bind>
<opcode="sext(35) " fcode="sext"/>
<opset="sext_ln840_8/1 "/>
</bind>
</comp>

<comp id="733" class="1004" name="sub_ln840_3_fu_733">
<pin_list>
<pin id="734" dir="0" index="0" bw="9" slack="0"/>
<pin id="735" dir="0" index="1" bw="8" slack="0"/>
<pin id="736" dir="1" index="2" bw="10" slack="0"/>
</pin_list>
<bind>
<opcode="sub(10) " fcode="sub"/>
<opset="sub_ln840_3/1 "/>
</bind>
</comp>

<comp id="739" class="1004" name="add_ln840_fu_739">
<pin_list>
<pin id="740" dir="0" index="0" bw="10" slack="0"/>
<pin id="741" dir="0" index="1" bw="9" slack="0"/>
<pin id="742" dir="1" index="2" bw="10" slack="0"/>
</pin_list>
<bind>
<opcode="add(8) " fcode="add"/>
<opset="add_ln840/1 "/>
</bind>
</comp>

<comp id="745" class="1004" name="sext_ln840_9_fu_745">
<pin_list>
<pin id="746" dir="0" index="0" bw="10" slack="0"/>
<pin id="747" dir="1" index="1" bw="11" slack="0"/>
</pin_list>
<bind>
<opcode="sext(35) " fcode="sext"/>
<opset="sext_ln840_9/1 "/>
</bind>
</comp>

<comp id="749" class="1004" name="sext_ln840_10_fu_749">
<pin_list>
<pin id="750" dir="0" index="0" bw="8" slack="0"/>
<pin id="751" dir="1" index="1" bw="10" slack="0"/>
</pin_list>
<bind>
<opcode="sext(35) " fcode="sext"/>
<opset="sext_ln840_10/1 "/>
</bind>
</comp>

<comp id="753" class="1004" name="sub_ln840_4_fu_753">
<pin_list>
<pin id="754" dir="0" index="0" bw="9" slack="0"/>
<pin id="755" dir="0" index="1" bw="8" slack="0"/>
<pin id="756" dir="1" index="2" bw="10" slack="0"/>
</pin_list>
<bind>
<opcode="sub(10) " fcode="sub"/>
<opset="sub_ln840_4/1 "/>
</bind>
</comp>

<comp id="759" class="1004" name="add_ln840_1_fu_759">
<pin_list>
<pin id="760" dir="0" index="0" bw="10" slack="0"/>
<pin id="761" dir="0" index="1" bw="9" slack="0"/>
<pin id="762" dir="1" index="2" bw="10" slack="0"/>
</pin_list>
<bind>
<opcode="add(8) " fcode="add"/>
<opset="add_ln840_1/1 "/>
</bind>
</comp>

<comp id="765" class="1004" name="sext_ln840_11_fu_765">
<pin_list>
<pin id="766" dir="0" index="0" bw="10" slack="0"/>
<pin id="767" dir="1" index="1" bw="11" slack="0"/>
</pin_list>
<bind>
<opcode="sext(35) " fcode="sext"/>
<opset="sext_ln840_11/1 "/>
</bind>
</comp>

<comp id="769" class="1004" name="add_ln840_2_fu_769">
<pin_list>
<pin id="770" dir="0" index="0" bw="10" slack="0"/>
<pin id="771" dir="0" index="1" bw="10" slack="0"/>
<pin id="772" dir="1" index="2" bw="11" slack="0"/>
</pin_list>
<bind>
<opcode="add(8) " fcode="add"/>
<opset="add_ln840_2/1 "/>
</bind>
</comp>

<comp id="775" class="1004" name="sext_ln840_12_fu_775">
<pin_list>
<pin id="776" dir="0" index="0" bw="11" slack="0"/>
<pin id="777" dir="1" index="1" bw="12" slack="0"/>
</pin_list>
<bind>
<opcode="sext(35) " fcode="sext"/>
<opset="sext_ln840_12/1 "/>
</bind>
</comp>

<comp id="779" class="1004" name="sext_ln840_13_fu_779">
<pin_list>
<pin id="780" dir="0" index="0" bw="8" slack="0"/>
<pin id="781" dir="1" index="1" bw="10" slack="0"/>
</pin_list>
<bind>
<opcode="sext(35) " fcode="sext"/>
<opset="sext_ln840_13/1 "/>
</bind>
</comp>

<comp id="783" class="1004" name="sub_ln840_5_fu_783">
<pin_list>
<pin id="784" dir="0" index="0" bw="9" slack="0"/>
<pin id="785" dir="0" index="1" bw="8" slack="0"/>
<pin id="786" dir="1" index="2" bw="10" slack="0"/>
</pin_list>
<bind>
<opcode="sub(10) " fcode="sub"/>
<opset="sub_ln840_5/1 "/>
</bind>
</comp>

<comp id="789" class="1004" name="add_ln840_3_fu_789">
<pin_list>
<pin id="790" dir="0" index="0" bw="10" slack="0"/>
<pin id="791" dir="0" index="1" bw="9" slack="0"/>
<pin id="792" dir="1" index="2" bw="10" slack="0"/>
</pin_list>
<bind>
<opcode="add(8) " fcode="add"/>
<opset="add_ln840_3/1 "/>
</bind>
</comp>

<comp id="795" class="1004" name="sext_ln840_14_fu_795">
<pin_list>
<pin id="796" dir="0" index="0" bw="10" slack="0"/>
<pin id="797" dir="1" index="1" bw="11" slack="0"/>
</pin_list>
<bind>
<opcode="sext(35) " fcode="sext"/>
<opset="sext_ln840_14/1 "/>
</bind>
</comp>

<comp id="799" class="1004" name="sext_ln840_15_fu_799">
<pin_list>
<pin id="800" dir="0" index="0" bw="8" slack="0"/>
<pin id="801" dir="1" index="1" bw="10" slack="0"/>
</pin_list>
<bind>
<opcode="sext(35) " fcode="sext"/>
<opset="sext_ln840_15/1 "/>
</bind>
</comp>

<comp id="803" class="1004" name="sub_ln840_6_fu_803">
<pin_list>
<pin id="804" dir="0" index="0" bw="9" slack="0"/>
<pin id="805" dir="0" index="1" bw="8" slack="0"/>
<pin id="806" dir="1" index="2" bw="10" slack="0"/>
</pin_list>
<bind>
<opcode="sub(10) " fcode="sub"/>
<opset="sub_ln840_6/1 "/>
</bind>
</comp>

<comp id="809" class="1004" name="add_ln840_4_fu_809">
<pin_list>
<pin id="810" dir="0" index="0" bw="10" slack="0"/>
<pin id="811" dir="0" index="1" bw="9" slack="0"/>
<pin id="812" dir="1" index="2" bw="10" slack="0"/>
</pin_list>
<bind>
<opcode="add(8) " fcode="add"/>
<opset="add_ln840_4/1 "/>
</bind>
</comp>

<comp id="815" class="1004" name="sext_ln840_16_fu_815">
<pin_list>
<pin id="816" dir="0" index="0" bw="10" slack="0"/>
<pin id="817" dir="1" index="1" bw="11" slack="0"/>
</pin_list>
<bind>
<opcode="sext(35) " fcode="sext"/>
<opset="sext_ln840_16/1 "/>
</bind>
</comp>

<comp id="819" class="1004" name="add_ln840_5_fu_819">
<pin_list>
<pin id="820" dir="0" index="0" bw="10" slack="0"/>
<pin id="821" dir="0" index="1" bw="10" slack="0"/>
<pin id="822" dir="1" index="2" bw="11" slack="0"/>
</pin_list>
<bind>
<opcode="add(8) " fcode="add"/>
<opset="add_ln840_5/1 "/>
</bind>
</comp>

<comp id="825" class="1004" name="sext_ln840_17_fu_825">
<pin_list>
<pin id="826" dir="0" index="0" bw="11" slack="0"/>
<pin id="827" dir="1" index="1" bw="12" slack="0"/>
</pin_list>
<bind>
<opcode="sext(35) " fcode="sext"/>
<opset="sext_ln840_17/1 "/>
</bind>
</comp>

<comp id="829" class="1004" name="add_ln840_6_fu_829">
<pin_list>
<pin id="830" dir="0" index="0" bw="11" slack="0"/>
<pin id="831" dir="0" index="1" bw="11" slack="0"/>
<pin id="832" dir="1" index="2" bw="12" slack="0"/>
</pin_list>
<bind>
<opcode="add(8) " fcode="add"/>
<opset="add_ln840_6/1 "/>
</bind>
</comp>

<comp id="835" class="1004" name="sext_ln840_18_fu_835">
<pin_list>
<pin id="836" dir="0" index="0" bw="12" slack="0"/>
<pin id="837" dir="1" index="1" bw="13" slack="0"/>
</pin_list>
<bind>
<opcode="sext(35) " fcode="sext"/>
<opset="sext_ln840_18/1 "/>
</bind>
</comp>

<comp id="839" class="1004" name="sext_ln840_19_fu_839">
<pin_list>
<pin id="840" dir="0" index="0" bw="8" slack="0"/>
<pin id="841" dir="1" index="1" bw="10" slack="0"/>
</pin_list>
<bind>
<opcode="sext(35) " fcode="sext"/>
<opset="sext_ln840_19/1 "/>
</bind>
</comp>

<comp id="843" class="1004" name="sub_ln840_7_fu_843">
<pin_list>
<pin id="844" dir="0" index="0" bw="9" slack="0"/>
<pin id="845" dir="0" index="1" bw="8" slack="0"/>
<pin id="846" dir="1" index="2" bw="10" slack="0"/>
</pin_list>
<bind>
<opcode="sub(10) " fcode="sub"/>
<opset="sub_ln840_7/1 "/>
</bind>
</comp>

<comp id="849" class="1004" name="add_ln840_7_fu_849">
<pin_list>
<pin id="850" dir="0" index="0" bw="10" slack="0"/>
<pin id="851" dir="0" index="1" bw="9" slack="0"/>
<pin id="852" dir="1" index="2" bw="10" slack="0"/>
</pin_list>
<bind>
<opcode="add(8) " fcode="add"/>
<opset="add_ln840_7/1 "/>
</bind>
</comp>

<comp id="855" class="1004" name="sext_ln840_20_fu_855">
<pin_list>
<pin id="856" dir="0" index="0" bw="10" slack="0"/>
<pin id="857" dir="1" index="1" bw="11" slack="0"/>
</pin_list>
<bind>
<opcode="sext(35) " fcode="sext"/>
<opset="sext_ln840_20/1 "/>
</bind>
</comp>

<comp id="859" class="1004" name="sext_ln840_21_fu_859">
<pin_list>
<pin id="860" dir="0" index="0" bw="8" slack="0"/>
<pin id="861" dir="1" index="1" bw="10" slack="0"/>
</pin_list>
<bind>
<opcode="sext(35) " fcode="sext"/>
<opset="sext_ln840_21/1 "/>
</bind>
</comp>

<comp id="863" class="1004" name="sext_ln840_22_fu_863">
<pin_list>
<pin id="864" dir="0" index="0" bw="9" slack="0"/>
<pin id="865" dir="1" index="1" bw="10" slack="0"/>
</pin_list>
<bind>
<opcode="sext(35) " fcode="sext"/>
<opset="sext_ln840_22/1 "/>
</bind>
</comp>

<comp id="867" class="1004" name="sub_ln840_8_fu_867">
<pin_list>
<pin id="868" dir="0" index="0" bw="9" slack="0"/>
<pin id="869" dir="0" index="1" bw="8" slack="0"/>
<pin id="870" dir="1" index="2" bw="10" slack="0"/>
</pin_list>
<bind>
<opcode="sub(10) " fcode="sub"/>
<opset="sub_ln840_8/1 "/>
</bind>
</comp>

<comp id="873" class="1004" name="add_ln840_8_fu_873">
<pin_list>
<pin id="874" dir="0" index="0" bw="10" slack="0"/>
<pin id="875" dir="0" index="1" bw="9" slack="0"/>
<pin id="876" dir="1" index="2" bw="10" slack="0"/>
</pin_list>
<bind>
<opcode="add(8) " fcode="add"/>
<opset="add_ln840_8/1 "/>
</bind>
</comp>

<comp id="879" class="1004" name="sext_ln840_23_fu_879">
<pin_list>
<pin id="880" dir="0" index="0" bw="10" slack="0"/>
<pin id="881" dir="1" index="1" bw="11" slack="0"/>
</pin_list>
<bind>
<opcode="sext(35) " fcode="sext"/>
<opset="sext_ln840_23/1 "/>
</bind>
</comp>

<comp id="883" class="1004" name="add_ln840_9_fu_883">
<pin_list>
<pin id="884" dir="0" index="0" bw="10" slack="0"/>
<pin id="885" dir="0" index="1" bw="10" slack="0"/>
<pin id="886" dir="1" index="2" bw="11" slack="0"/>
</pin_list>
<bind>
<opcode="add(8) " fcode="add"/>
<opset="add_ln840_9/1 "/>
</bind>
</comp>

<comp id="889" class="1004" name="sext_ln840_24_fu_889">
<pin_list>
<pin id="890" dir="0" index="0" bw="11" slack="0"/>
<pin id="891" dir="1" index="1" bw="12" slack="0"/>
</pin_list>
<bind>
<opcode="sext(35) " fcode="sext"/>
<opset="sext_ln840_24/1 "/>
</bind>
</comp>

<comp id="893" class="1004" name="add_ln840_10_fu_893">
<pin_list>
<pin id="894" dir="0" index="0" bw="8" slack="0"/>
<pin id="895" dir="0" index="1" bw="8" slack="0"/>
<pin id="896" dir="1" index="2" bw="9" slack="0"/>
</pin_list>
<bind>
<opcode="add(8) " fcode="add"/>
<opset="add_ln840_10/1 "/>
</bind>
</comp>

<comp id="899" class="1004" name="sext_ln840_25_fu_899">
<pin_list>
<pin id="900" dir="0" index="0" bw="9" slack="0"/>
<pin id="901" dir="1" index="1" bw="10" slack="0"/>
</pin_list>
<bind>
<opcode="sext(35) " fcode="sext"/>
<opset="sext_ln840_25/1 "/>
</bind>
</comp>

<comp id="903" class="1004" name="add_ln840_11_fu_903">
<pin_list>
<pin id="904" dir="0" index="0" bw="9" slack="0"/>
<pin id="905" dir="0" index="1" bw="8" slack="0"/>
<pin id="906" dir="1" index="2" bw="10" slack="0"/>
</pin_list>
<bind>
<opcode="add(8) " fcode="add"/>
<opset="add_ln840_11/1 "/>
</bind>
</comp>

<comp id="909" class="1004" name="sext_ln840_26_fu_909">
<pin_list>
<pin id="910" dir="0" index="0" bw="10" slack="0"/>
<pin id="911" dir="1" index="1" bw="11" slack="0"/>
</pin_list>
<bind>
<opcode="sext(35) " fcode="sext"/>
<opset="sext_ln840_26/1 "/>
</bind>
</comp>

<comp id="913" class="1004" name="add_ln840_12_fu_913">
<pin_list>
<pin id="914" dir="0" index="0" bw="8" slack="0"/>
<pin id="915" dir="0" index="1" bw="8" slack="0"/>
<pin id="916" dir="1" index="2" bw="9" slack="0"/>
</pin_list>
<bind>
<opcode="add(8) " fcode="add"/>
<opset="add_ln840_12/1 "/>
</bind>
</comp>

<comp id="919" class="1004" name="sext_ln840_27_fu_919">
<pin_list>
<pin id="920" dir="0" index="0" bw="9" slack="0"/>
<pin id="921" dir="1" index="1" bw="10" slack="0"/>
</pin_list>
<bind>
<opcode="sext(35) " fcode="sext"/>
<opset="sext_ln840_27/1 "/>
</bind>
</comp>

<comp id="923" class="1004" name="add_ln840_13_fu_923">
<pin_list>
<pin id="924" dir="0" index="0" bw="9" slack="0"/>
<pin id="925" dir="0" index="1" bw="8" slack="0"/>
<pin id="926" dir="1" index="2" bw="10" slack="0"/>
</pin_list>
<bind>
<opcode="add(8) " fcode="add"/>
<opset="add_ln840_13/1 "/>
</bind>
</comp>

<comp id="929" class="1004" name="sext_ln840_28_fu_929">
<pin_list>
<pin id="930" dir="0" index="0" bw="10" slack="0"/>
<pin id="931" dir="1" index="1" bw="11" slack="0"/>
</pin_list>
<bind>
<opcode="sext(35) " fcode="sext"/>
<opset="sext_ln840_28/1 "/>
</bind>
</comp>

<comp id="933" class="1004" name="add_ln840_14_fu_933">
<pin_list>
<pin id="934" dir="0" index="0" bw="10" slack="0"/>
<pin id="935" dir="0" index="1" bw="10" slack="0"/>
<pin id="936" dir="1" index="2" bw="11" slack="0"/>
</pin_list>
<bind>
<opcode="add(8) " fcode="add"/>
<opset="add_ln840_14/1 "/>
</bind>
</comp>

<comp id="939" class="1004" name="sext_ln840_29_fu_939">
<pin_list>
<pin id="940" dir="0" index="0" bw="11" slack="0"/>
<pin id="941" dir="1" index="1" bw="12" slack="0"/>
</pin_list>
<bind>
<opcode="sext(35) " fcode="sext"/>
<opset="sext_ln840_29/1 "/>
</bind>
</comp>

<comp id="943" class="1004" name="add_ln840_15_fu_943">
<pin_list>
<pin id="944" dir="0" index="0" bw="11" slack="0"/>
<pin id="945" dir="0" index="1" bw="11" slack="0"/>
<pin id="946" dir="1" index="2" bw="12" slack="0"/>
</pin_list>
<bind>
<opcode="add(8) " fcode="add"/>
<opset="add_ln840_15/1 "/>
</bind>
</comp>

<comp id="949" class="1004" name="sext_ln840_30_fu_949">
<pin_list>
<pin id="950" dir="0" index="0" bw="12" slack="0"/>
<pin id="951" dir="1" index="1" bw="13" slack="0"/>
</pin_list>
<bind>
<opcode="sext(35) " fcode="sext"/>
<opset="sext_ln840_30/1 "/>
</bind>
</comp>

<comp id="953" class="1004" name="add_ln840_16_fu_953">
<pin_list>
<pin id="954" dir="0" index="0" bw="12" slack="0"/>
<pin id="955" dir="0" index="1" bw="12" slack="0"/>
<pin id="956" dir="1" index="2" bw="13" slack="0"/>
</pin_list>
<bind>
<opcode="add(8) " fcode="add"/>
<opset="add_ln840_16/1 "/>
</bind>
</comp>

<comp id="959" class="1004" name="ret_V_18_fu_959">
<pin_list>
<pin id="960" dir="0" index="0" bw="1" slack="0"/>
<pin id="961" dir="0" index="1" bw="8" slack="0"/>
<pin id="962" dir="1" index="2" bw="9" slack="0"/>
</pin_list>
<bind>
<opcode="sub(10) " fcode="sub"/>
<opset="ret_V_18/1 "/>
</bind>
</comp>

<comp id="965" class="1004" name="sext_ln840_31_fu_965">
<pin_list>
<pin id="966" dir="0" index="0" bw="9" slack="0"/>
<pin id="967" dir="1" index="1" bw="10" slack="0"/>
</pin_list>
<bind>
<opcode="sext(35) " fcode="sext"/>
<opset="sext_ln840_31/1 "/>
</bind>
</comp>

<comp id="969" class="1004" name="sext_ln840_32_fu_969">
<pin_list>
<pin id="970" dir="0" index="0" bw="9" slack="0"/>
<pin id="971" dir="1" index="1" bw="10" slack="0"/>
</pin_list>
<bind>
<opcode="sext(35) " fcode="sext"/>
<opset="sext_ln840_32/1 "/>
</bind>
</comp>

<comp id="973" class="1004" name="sub_ln840_1_fu_973">
<pin_list>
<pin id="974" dir="0" index="0" bw="9" slack="0"/>
<pin id="975" dir="0" index="1" bw="8" slack="0"/>
<pin id="976" dir="1" index="2" bw="10" slack="0"/>
</pin_list>
<bind>
<opcode="sub(10) " fcode="sub"/>
<opset="sub_ln840_1/1 "/>
</bind>
</comp>

<comp id="979" class="1004" name="add_ln840_17_fu_979">
<pin_list>
<pin id="980" dir="0" index="0" bw="10" slack="0"/>
<pin id="981" dir="0" index="1" bw="9" slack="0"/>
<pin id="982" dir="1" index="2" bw="10" slack="0"/>
</pin_list>
<bind>
<opcode="add(8) " fcode="add"/>
<opset="add_ln840_17/1 "/>
</bind>
</comp>

<comp id="985" class="1004" name="sext_ln840_33_fu_985">
<pin_list>
<pin id="986" dir="0" index="0" bw="8" slack="0"/>
<pin id="987" dir="1" index="1" bw="10" slack="0"/>
</pin_list>
<bind>
<opcode="sext(35) " fcode="sext"/>
<opset="sext_ln840_33/1 "/>
</bind>
</comp>

<comp id="989" class="1004" name="ret_V_19_fu_989">
<pin_list>
<pin id="990" dir="0" index="0" bw="1" slack="0"/>
<pin id="991" dir="0" index="1" bw="8" slack="0"/>
<pin id="992" dir="1" index="2" bw="9" slack="0"/>
</pin_list>
<bind>
<opcode="sub(10) " fcode="sub"/>
<opset="ret_V_19/1 "/>
</bind>
</comp>

<comp id="995" class="1004" name="sext_ln1494_18_fu_995">
<pin_list>
<pin id="996" dir="0" index="0" bw="9" slack="0"/>
<pin id="997" dir="1" index="1" bw="10" slack="0"/>
</pin_list>
<bind>
<opcode="sext(35) " fcode="sext"/>
<opset="sext_ln1494_18/1 "/>
</bind>
</comp>

<comp id="999" class="1004" name="ret_V_20_fu_999">
<pin_list>
<pin id="1000" dir="0" index="0" bw="1" slack="0"/>
<pin id="1001" dir="0" index="1" bw="8" slack="0"/>
<pin id="1002" dir="1" index="2" bw="9" slack="0"/>
</pin_list>
<bind>
<opcode="sub(10) " fcode="sub"/>
<opset="ret_V_20/1 "/>
</bind>
</comp>

<comp id="1005" class="1004" name="sext_ln1494_19_fu_1005">
<pin_list>
<pin id="1006" dir="0" index="0" bw="9" slack="0"/>
<pin id="1007" dir="1" index="1" bw="10" slack="0"/>
</pin_list>
<bind>
<opcode="sext(35) " fcode="sext"/>
<opset="sext_ln1494_19/1 "/>
</bind>
</comp>

<comp id="1009" class="1004" name="ret_V_21_fu_1009">
<pin_list>
<pin id="1010" dir="0" index="0" bw="1" slack="0"/>
<pin id="1011" dir="0" index="1" bw="8" slack="0"/>
<pin id="1012" dir="1" index="2" bw="9" slack="0"/>
</pin_list>
<bind>
<opcode="sub(10) " fcode="sub"/>
<opset="ret_V_21/1 "/>
</bind>
</comp>

<comp id="1015" class="1004" name="sext_ln840_34_fu_1015">
<pin_list>
<pin id="1016" dir="0" index="0" bw="8" slack="0"/>
<pin id="1017" dir="1" index="1" bw="11" slack="0"/>
</pin_list>
<bind>
<opcode="sext(35) " fcode="sext"/>
<opset="sext_ln840_34/1 "/>
</bind>
</comp>

<comp id="1019" class="1004" name="sext_ln840_35_fu_1019">
<pin_list>
<pin id="1020" dir="0" index="0" bw="10" slack="0"/>
<pin id="1021" dir="1" index="1" bw="11" slack="0"/>
</pin_list>
<bind>
<opcode="sext(35) " fcode="sext"/>
<opset="sext_ln840_35/1 "/>
</bind>
</comp>

<comp id="1023" class="1004" name="sub_ln840_9_fu_1023">
<pin_list>
<pin id="1024" dir="0" index="0" bw="10" slack="0"/>
<pin id="1025" dir="0" index="1" bw="8" slack="0"/>
<pin id="1026" dir="1" index="2" bw="11" slack="0"/>
</pin_list>
<bind>
<opcode="sub(10) " fcode="sub"/>
<opset="sub_ln840_9/1 "/>
</bind>
</comp>

<comp id="1029" class="1004" name="sub_ln840_10_fu_1029">
<pin_list>
<pin id="1030" dir="0" index="0" bw="9" slack="0"/>
<pin id="1031" dir="0" index="1" bw="8" slack="0"/>
<pin id="1032" dir="1" index="2" bw="10" slack="0"/>
</pin_list>
<bind>
<opcode="sub(10) " fcode="sub"/>
<opset="sub_ln840_10/1 "/>
</bind>
</comp>

<comp id="1035" class="1004" name="add_ln840_18_fu_1035">
<pin_list>
<pin id="1036" dir="0" index="0" bw="10" slack="0"/>
<pin id="1037" dir="0" index="1" bw="9" slack="0"/>
<pin id="1038" dir="1" index="2" bw="10" slack="0"/>
</pin_list>
<bind>
<opcode="add(8) " fcode="add"/>
<opset="add_ln840_18/1 "/>
</bind>
</comp>

<comp id="1041" class="1004" name="sext_ln840_36_fu_1041">
<pin_list>
<pin id="1042" dir="0" index="0" bw="10" slack="0"/>
<pin id="1043" dir="1" index="1" bw="11" slack="0"/>
</pin_list>
<bind>
<opcode="sext(35) " fcode="sext"/>
<opset="sext_ln840_36/1 "/>
</bind>
</comp>

<comp id="1045" class="1004" name="add_ln840_19_fu_1045">
<pin_list>
<pin id="1046" dir="0" index="0" bw="10" slack="0"/>
<pin id="1047" dir="0" index="1" bw="11" slack="0"/>
<pin id="1048" dir="1" index="2" bw="11" slack="0"/>
</pin_list>
<bind>
<opcode="add(8) " fcode="add"/>
<opset="add_ln840_19/1 "/>
</bind>
</comp>

<comp id="1051" class="1004" name="sext_ln840_37_fu_1051">
<pin_list>
<pin id="1052" dir="0" index="0" bw="11" slack="0"/>
<pin id="1053" dir="1" index="1" bw="12" slack="0"/>
</pin_list>
<bind>
<opcode="sext(35) " fcode="sext"/>
<opset="sext_ln840_37/1 "/>
</bind>
</comp>

<comp id="1055" class="1004" name="sext_ln840_38_fu_1055">
<pin_list>
<pin id="1056" dir="0" index="0" bw="8" slack="0"/>
<pin id="1057" dir="1" index="1" bw="10" slack="0"/>
</pin_list>
<bind>
<opcode="sext(35) " fcode="sext"/>
<opset="sext_ln840_38/1 "/>
</bind>
</comp>

<comp id="1059" class="1004" name="sub_ln840_11_fu_1059">
<pin_list>
<pin id="1060" dir="0" index="0" bw="9" slack="0"/>
<pin id="1061" dir="0" index="1" bw="8" slack="0"/>
<pin id="1062" dir="1" index="2" bw="10" slack="0"/>
</pin_list>
<bind>
<opcode="sub(10) " fcode="sub"/>
<opset="sub_ln840_11/1 "/>
</bind>
</comp>

<comp id="1065" class="1004" name="add_ln840_20_fu_1065">
<pin_list>
<pin id="1066" dir="0" index="0" bw="10" slack="0"/>
<pin id="1067" dir="0" index="1" bw="9" slack="0"/>
<pin id="1068" dir="1" index="2" bw="10" slack="0"/>
</pin_list>
<bind>
<opcode="add(8) " fcode="add"/>
<opset="add_ln840_20/1 "/>
</bind>
</comp>

<comp id="1071" class="1004" name="sext_ln840_39_fu_1071">
<pin_list>
<pin id="1072" dir="0" index="0" bw="10" slack="0"/>
<pin id="1073" dir="1" index="1" bw="11" slack="0"/>
</pin_list>
<bind>
<opcode="sext(35) " fcode="sext"/>
<opset="sext_ln840_39/1 "/>
</bind>
</comp>

<comp id="1075" class="1004" name="sext_ln840_40_fu_1075">
<pin_list>
<pin id="1076" dir="0" index="0" bw="8" slack="0"/>
<pin id="1077" dir="1" index="1" bw="10" slack="0"/>
</pin_list>
<bind>
<opcode="sext(35) " fcode="sext"/>
<opset="sext_ln840_40/1 "/>
</bind>
</comp>

<comp id="1079" class="1004" name="sub_ln840_12_fu_1079">
<pin_list>
<pin id="1080" dir="0" index="0" bw="9" slack="0"/>
<pin id="1081" dir="0" index="1" bw="8" slack="0"/>
<pin id="1082" dir="1" index="2" bw="10" slack="0"/>
</pin_list>
<bind>
<opcode="sub(10) " fcode="sub"/>
<opset="sub_ln840_12/1 "/>
</bind>
</comp>

<comp id="1085" class="1004" name="add_ln840_21_fu_1085">
<pin_list>
<pin id="1086" dir="0" index="0" bw="10" slack="0"/>
<pin id="1087" dir="0" index="1" bw="9" slack="0"/>
<pin id="1088" dir="1" index="2" bw="10" slack="0"/>
</pin_list>
<bind>
<opcode="add(8) " fcode="add"/>
<opset="add_ln840_21/1 "/>
</bind>
</comp>

<comp id="1091" class="1004" name="sext_ln840_41_fu_1091">
<pin_list>
<pin id="1092" dir="0" index="0" bw="10" slack="0"/>
<pin id="1093" dir="1" index="1" bw="11" slack="0"/>
</pin_list>
<bind>
<opcode="sext(35) " fcode="sext"/>
<opset="sext_ln840_41/1 "/>
</bind>
</comp>

<comp id="1095" class="1004" name="add_ln840_22_fu_1095">
<pin_list>
<pin id="1096" dir="0" index="0" bw="10" slack="0"/>
<pin id="1097" dir="0" index="1" bw="10" slack="0"/>
<pin id="1098" dir="1" index="2" bw="11" slack="0"/>
</pin_list>
<bind>
<opcode="add(8) " fcode="add"/>
<opset="add_ln840_22/1 "/>
</bind>
</comp>

<comp id="1101" class="1004" name="sext_ln840_42_fu_1101">
<pin_list>
<pin id="1102" dir="0" index="0" bw="11" slack="0"/>
<pin id="1103" dir="1" index="1" bw="12" slack="0"/>
</pin_list>
<bind>
<opcode="sext(35) " fcode="sext"/>
<opset="sext_ln840_42/1 "/>
</bind>
</comp>

<comp id="1105" class="1004" name="add_ln840_23_fu_1105">
<pin_list>
<pin id="1106" dir="0" index="0" bw="11" slack="0"/>
<pin id="1107" dir="0" index="1" bw="11" slack="0"/>
<pin id="1108" dir="1" index="2" bw="12" slack="0"/>
</pin_list>
<bind>
<opcode="add(8) " fcode="add"/>
<opset="add_ln840_23/1 "/>
</bind>
</comp>

<comp id="1111" class="1004" name="sext_ln840_43_fu_1111">
<pin_list>
<pin id="1112" dir="0" index="0" bw="12" slack="0"/>
<pin id="1113" dir="1" index="1" bw="13" slack="0"/>
</pin_list>
<bind>
<opcode="sext(35) " fcode="sext"/>
<opset="sext_ln840_43/1 "/>
</bind>
</comp>

<comp id="1115" class="1004" name="sub_ln840_13_fu_1115">
<pin_list>
<pin id="1116" dir="0" index="0" bw="8" slack="0"/>
<pin id="1117" dir="0" index="1" bw="8" slack="0"/>
<pin id="1118" dir="1" index="2" bw="9" slack="0"/>
</pin_list>
<bind>
<opcode="sub(10) " fcode="sub"/>
<opset="sub_ln840_13/1 "/>
</bind>
</comp>

<comp id="1121" class="1004" name="sext_ln840_44_fu_1121">
<pin_list>
<pin id="1122" dir="0" index="0" bw="9" slack="0"/>
<pin id="1123" dir="1" index="1" bw="10" slack="0"/>
</pin_list>
<bind>
<opcode="sext(35) " fcode="sext"/>
<opset="sext_ln840_44/1 "/>
</bind>
</comp>

<comp id="1125" class="1004" name="sub_ln840_14_fu_1125">
<pin_list>
<pin id="1126" dir="0" index="0" bw="9" slack="0"/>
<pin id="1127" dir="0" index="1" bw="8" slack="0"/>
<pin id="1128" dir="1" index="2" bw="10" slack="0"/>
</pin_list>
<bind>
<opcode="sub(10) " fcode="sub"/>
<opset="sub_ln840_14/1 "/>
</bind>
</comp>

<comp id="1131" class="1004" name="sext_ln840_45_fu_1131">
<pin_list>
<pin id="1132" dir="0" index="0" bw="10" slack="0"/>
<pin id="1133" dir="1" index="1" bw="11" slack="0"/>
</pin_list>
<bind>
<opcode="sext(35) " fcode="sext"/>
<opset="sext_ln840_45/1 "/>
</bind>
</comp>

<comp id="1135" class="1004" name="add_ln840_24_fu_1135">
<pin_list>
<pin id="1136" dir="0" index="0" bw="8" slack="0"/>
<pin id="1137" dir="0" index="1" bw="8" slack="0"/>
<pin id="1138" dir="1" index="2" bw="9" slack="0"/>
</pin_list>
<bind>
<opcode="add(8) " fcode="add"/>
<opset="add_ln840_24/1 "/>
</bind>
</comp>

<comp id="1141" class="1004" name="sext_ln840_46_fu_1141">
<pin_list>
<pin id="1142" dir="0" index="0" bw="9" slack="0"/>
<pin id="1143" dir="1" index="1" bw="10" slack="0"/>
</pin_list>
<bind>
<opcode="sext(35) " fcode="sext"/>
<opset="sext_ln840_46/1 "/>
</bind>
</comp>

<comp id="1145" class="1004" name="add_ln840_25_fu_1145">
<pin_list>
<pin id="1146" dir="0" index="0" bw="9" slack="0"/>
<pin id="1147" dir="0" index="1" bw="8" slack="0"/>
<pin id="1148" dir="1" index="2" bw="10" slack="0"/>
</pin_list>
<bind>
<opcode="add(8) " fcode="add"/>
<opset="add_ln840_25/1 "/>
</bind>
</comp>

<comp id="1151" class="1004" name="sext_ln840_47_fu_1151">
<pin_list>
<pin id="1152" dir="0" index="0" bw="10" slack="0"/>
<pin id="1153" dir="1" index="1" bw="11" slack="0"/>
</pin_list>
<bind>
<opcode="sext(35) " fcode="sext"/>
<opset="sext_ln840_47/1 "/>
</bind>
</comp>

<comp id="1155" class="1004" name="add_ln840_26_fu_1155">
<pin_list>
<pin id="1156" dir="0" index="0" bw="10" slack="0"/>
<pin id="1157" dir="0" index="1" bw="10" slack="0"/>
<pin id="1158" dir="1" index="2" bw="11" slack="0"/>
</pin_list>
<bind>
<opcode="add(8) " fcode="add"/>
<opset="add_ln840_26/1 "/>
</bind>
</comp>

<comp id="1161" class="1004" name="sext_ln840_48_fu_1161">
<pin_list>
<pin id="1162" dir="0" index="0" bw="11" slack="0"/>
<pin id="1163" dir="1" index="1" bw="12" slack="0"/>
</pin_list>
<bind>
<opcode="sext(35) " fcode="sext"/>
<opset="sext_ln840_48/1 "/>
</bind>
</comp>

<comp id="1165" class="1004" name="add_ln840_27_fu_1165">
<pin_list>
<pin id="1166" dir="0" index="0" bw="8" slack="0"/>
<pin id="1167" dir="0" index="1" bw="8" slack="0"/>
<pin id="1168" dir="1" index="2" bw="9" slack="0"/>
</pin_list>
<bind>
<opcode="add(8) " fcode="add"/>
<opset="add_ln840_27/1 "/>
</bind>
</comp>

<comp id="1171" class="1004" name="sext_ln840_49_fu_1171">
<pin_list>
<pin id="1172" dir="0" index="0" bw="9" slack="0"/>
<pin id="1173" dir="1" index="1" bw="10" slack="0"/>
</pin_list>
<bind>
<opcode="sext(35) " fcode="sext"/>
<opset="sext_ln840_49/1 "/>
</bind>
</comp>

<comp id="1175" class="1004" name="add_ln840_28_fu_1175">
<pin_list>
<pin id="1176" dir="0" index="0" bw="9" slack="0"/>
<pin id="1177" dir="0" index="1" bw="8" slack="0"/>
<pin id="1178" dir="1" index="2" bw="10" slack="0"/>
</pin_list>
<bind>
<opcode="add(8) " fcode="add"/>
<opset="add_ln840_28/1 "/>
</bind>
</comp>

<comp id="1181" class="1004" name="sext_ln840_50_fu_1181">
<pin_list>
<pin id="1182" dir="0" index="0" bw="10" slack="0"/>
<pin id="1183" dir="1" index="1" bw="11" slack="0"/>
</pin_list>
<bind>
<opcode="sext(35) " fcode="sext"/>
<opset="sext_ln840_50/1 "/>
</bind>
</comp>

<comp id="1185" class="1004" name="add_ln840_29_fu_1185">
<pin_list>
<pin id="1186" dir="0" index="0" bw="8" slack="0"/>
<pin id="1187" dir="0" index="1" bw="8" slack="0"/>
<pin id="1188" dir="1" index="2" bw="9" slack="0"/>
</pin_list>
<bind>
<opcode="add(8) " fcode="add"/>
<opset="add_ln840_29/1 "/>
</bind>
</comp>

<comp id="1191" class="1004" name="sext_ln840_51_fu_1191">
<pin_list>
<pin id="1192" dir="0" index="0" bw="9" slack="0"/>
<pin id="1193" dir="1" index="1" bw="10" slack="0"/>
</pin_list>
<bind>
<opcode="sext(35) " fcode="sext"/>
<opset="sext_ln840_51/1 "/>
</bind>
</comp>

<comp id="1195" class="1004" name="add_ln840_30_fu_1195">
<pin_list>
<pin id="1196" dir="0" index="0" bw="9" slack="0"/>
<pin id="1197" dir="0" index="1" bw="8" slack="0"/>
<pin id="1198" dir="1" index="2" bw="10" slack="0"/>
</pin_list>
<bind>
<opcode="add(8) " fcode="add"/>
<opset="add_ln840_30/1 "/>
</bind>
</comp>

<comp id="1201" class="1004" name="sext_ln840_52_fu_1201">
<pin_list>
<pin id="1202" dir="0" index="0" bw="10" slack="0"/>
<pin id="1203" dir="1" index="1" bw="11" slack="0"/>
</pin_list>
<bind>
<opcode="sext(35) " fcode="sext"/>
<opset="sext_ln840_52/1 "/>
</bind>
</comp>

<comp id="1205" class="1004" name="add_ln840_31_fu_1205">
<pin_list>
<pin id="1206" dir="0" index="0" bw="10" slack="0"/>
<pin id="1207" dir="0" index="1" bw="10" slack="0"/>
<pin id="1208" dir="1" index="2" bw="11" slack="0"/>
</pin_list>
<bind>
<opcode="add(8) " fcode="add"/>
<opset="add_ln840_31/1 "/>
</bind>
</comp>

<comp id="1211" class="1004" name="sext_ln840_53_fu_1211">
<pin_list>
<pin id="1212" dir="0" index="0" bw="11" slack="0"/>
<pin id="1213" dir="1" index="1" bw="12" slack="0"/>
</pin_list>
<bind>
<opcode="sext(35) " fcode="sext"/>
<opset="sext_ln840_53/1 "/>
</bind>
</comp>

<comp id="1215" class="1004" name="add_ln840_32_fu_1215">
<pin_list>
<pin id="1216" dir="0" index="0" bw="11" slack="0"/>
<pin id="1217" dir="0" index="1" bw="11" slack="0"/>
<pin id="1218" dir="1" index="2" bw="12" slack="0"/>
</pin_list>
<bind>
<opcode="add(8) " fcode="add"/>
<opset="add_ln840_32/1 "/>
</bind>
</comp>

<comp id="1221" class="1004" name="sext_ln840_54_fu_1221">
<pin_list>
<pin id="1222" dir="0" index="0" bw="12" slack="0"/>
<pin id="1223" dir="1" index="1" bw="13" slack="0"/>
</pin_list>
<bind>
<opcode="sext(35) " fcode="sext"/>
<opset="sext_ln840_54/1 "/>
</bind>
</comp>

<comp id="1225" class="1004" name="add_ln840_33_fu_1225">
<pin_list>
<pin id="1226" dir="0" index="0" bw="12" slack="0"/>
<pin id="1227" dir="0" index="1" bw="12" slack="0"/>
<pin id="1228" dir="1" index="2" bw="13" slack="0"/>
</pin_list>
<bind>
<opcode="add(8) " fcode="add"/>
<opset="add_ln840_33/1 "/>
</bind>
</comp>

<comp id="1231" class="1004" name="ret_V_22_fu_1231">
<pin_list>
<pin id="1232" dir="0" index="0" bw="1" slack="0"/>
<pin id="1233" dir="0" index="1" bw="8" slack="0"/>
<pin id="1234" dir="1" index="2" bw="9" slack="0"/>
</pin_list>
<bind>
<opcode="sub(10) " fcode="sub"/>
<opset="ret_V_22/1 "/>
</bind>
</comp>

<comp id="1237" class="1004" name="sext_ln840_55_fu_1237">
<pin_list>
<pin id="1238" dir="0" index="0" bw="8" slack="0"/>
<pin id="1239" dir="1" index="1" bw="10" slack="0"/>
</pin_list>
<bind>
<opcode="sext(35) " fcode="sext"/>
<opset="sext_ln840_55/1 "/>
</bind>
</comp>

<comp id="1241" class="1004" name="sext_ln840_56_fu_1241">
<pin_list>
<pin id="1242" dir="0" index="0" bw="8" slack="0"/>
<pin id="1243" dir="1" index="1" bw="11" slack="0"/>
</pin_list>
<bind>
<opcode="sext(35) " fcode="sext"/>
<opset="sext_ln840_56/1 "/>
</bind>
</comp>

<comp id="1245" class="1004" name="sub_ln840_15_fu_1245">
<pin_list>
<pin id="1246" dir="0" index="0" bw="10" slack="0"/>
<pin id="1247" dir="0" index="1" bw="8" slack="0"/>
<pin id="1248" dir="1" index="2" bw="11" slack="0"/>
</pin_list>
<bind>
<opcode="sub(10) " fcode="sub"/>
<opset="sub_ln840_15/1 "/>
</bind>
</comp>

<comp id="1251" class="1004" name="sext_ln840_57_fu_1251">
<pin_list>
<pin id="1252" dir="0" index="0" bw="8" slack="0"/>
<pin id="1253" dir="1" index="1" bw="10" slack="0"/>
</pin_list>
<bind>
<opcode="sext(35) " fcode="sext"/>
<opset="sext_ln840_57/1 "/>
</bind>
</comp>

<comp id="1255" class="1004" name="sub_ln840_16_fu_1255">
<pin_list>
<pin id="1256" dir="0" index="0" bw="9" slack="0"/>
<pin id="1257" dir="0" index="1" bw="8" slack="0"/>
<pin id="1258" dir="1" index="2" bw="10" slack="0"/>
</pin_list>
<bind>
<opcode="sub(10) " fcode="sub"/>
<opset="sub_ln840_16/1 "/>
</bind>
</comp>

<comp id="1261" class="1004" name="add_ln840_34_fu_1261">
<pin_list>
<pin id="1262" dir="0" index="0" bw="10" slack="0"/>
<pin id="1263" dir="0" index="1" bw="9" slack="0"/>
<pin id="1264" dir="1" index="2" bw="10" slack="0"/>
</pin_list>
<bind>
<opcode="add(8) " fcode="add"/>
<opset="add_ln840_34/1 "/>
</bind>
</comp>

<comp id="1267" class="1004" name="sext_ln840_58_fu_1267">
<pin_list>
<pin id="1268" dir="0" index="0" bw="10" slack="0"/>
<pin id="1269" dir="1" index="1" bw="11" slack="0"/>
</pin_list>
<bind>
<opcode="sext(35) " fcode="sext"/>
<opset="sext_ln840_58/1 "/>
</bind>
</comp>

<comp id="1271" class="1004" name="add_ln840_35_fu_1271">
<pin_list>
<pin id="1272" dir="0" index="0" bw="10" slack="0"/>
<pin id="1273" dir="0" index="1" bw="11" slack="0"/>
<pin id="1274" dir="1" index="2" bw="11" slack="0"/>
</pin_list>
<bind>
<opcode="add(8) " fcode="add"/>
<opset="add_ln840_35/1 "/>
</bind>
</comp>

<comp id="1277" class="1004" name="sext_ln840_59_fu_1277">
<pin_list>
<pin id="1278" dir="0" index="0" bw="11" slack="0"/>
<pin id="1279" dir="1" index="1" bw="12" slack="0"/>
</pin_list>
<bind>
<opcode="sext(35) " fcode="sext"/>
<opset="sext_ln840_59/1 "/>
</bind>
</comp>

<comp id="1281" class="1004" name="sub_ln840_17_fu_1281">
<pin_list>
<pin id="1282" dir="0" index="0" bw="9" slack="0"/>
<pin id="1283" dir="0" index="1" bw="8" slack="0"/>
<pin id="1284" dir="1" index="2" bw="10" slack="0"/>
</pin_list>
<bind>
<opcode="sub(10) " fcode="sub"/>
<opset="sub_ln840_17/1 "/>
</bind>
</comp>

<comp id="1287" class="1004" name="add_ln840_36_fu_1287">
<pin_list>
<pin id="1288" dir="0" index="0" bw="10" slack="0"/>
<pin id="1289" dir="0" index="1" bw="9" slack="0"/>
<pin id="1290" dir="1" index="2" bw="10" slack="0"/>
</pin_list>
<bind>
<opcode="add(8) " fcode="add"/>
<opset="add_ln840_36/1 "/>
</bind>
</comp>

<comp id="1293" class="1004" name="sext_ln840_60_fu_1293">
<pin_list>
<pin id="1294" dir="0" index="0" bw="10" slack="0"/>
<pin id="1295" dir="1" index="1" bw="11" slack="0"/>
</pin_list>
<bind>
<opcode="sext(35) " fcode="sext"/>
<opset="sext_ln840_60/1 "/>
</bind>
</comp>

<comp id="1297" class="1004" name="sext_ln840_61_fu_1297">
<pin_list>
<pin id="1298" dir="0" index="0" bw="8" slack="0"/>
<pin id="1299" dir="1" index="1" bw="10" slack="0"/>
</pin_list>
<bind>
<opcode="sext(35) " fcode="sext"/>
<opset="sext_ln840_61/1 "/>
</bind>
</comp>

<comp id="1301" class="1004" name="sub_ln840_18_fu_1301">
<pin_list>
<pin id="1302" dir="0" index="0" bw="9" slack="0"/>
<pin id="1303" dir="0" index="1" bw="8" slack="0"/>
<pin id="1304" dir="1" index="2" bw="10" slack="0"/>
</pin_list>
<bind>
<opcode="sub(10) " fcode="sub"/>
<opset="sub_ln840_18/1 "/>
</bind>
</comp>

<comp id="1307" class="1004" name="add_ln840_37_fu_1307">
<pin_list>
<pin id="1308" dir="0" index="0" bw="10" slack="0"/>
<pin id="1309" dir="0" index="1" bw="9" slack="0"/>
<pin id="1310" dir="1" index="2" bw="10" slack="0"/>
</pin_list>
<bind>
<opcode="add(8) " fcode="add"/>
<opset="add_ln840_37/1 "/>
</bind>
</comp>

<comp id="1313" class="1004" name="sext_ln840_62_fu_1313">
<pin_list>
<pin id="1314" dir="0" index="0" bw="10" slack="0"/>
<pin id="1315" dir="1" index="1" bw="11" slack="0"/>
</pin_list>
<bind>
<opcode="sext(35) " fcode="sext"/>
<opset="sext_ln840_62/1 "/>
</bind>
</comp>

<comp id="1317" class="1004" name="add_ln840_38_fu_1317">
<pin_list>
<pin id="1318" dir="0" index="0" bw="10" slack="0"/>
<pin id="1319" dir="0" index="1" bw="10" slack="0"/>
<pin id="1320" dir="1" index="2" bw="11" slack="0"/>
</pin_list>
<bind>
<opcode="add(8) " fcode="add"/>
<opset="add_ln840_38/1 "/>
</bind>
</comp>

<comp id="1323" class="1004" name="sext_ln840_63_fu_1323">
<pin_list>
<pin id="1324" dir="0" index="0" bw="11" slack="0"/>
<pin id="1325" dir="1" index="1" bw="12" slack="0"/>
</pin_list>
<bind>
<opcode="sext(35) " fcode="sext"/>
<opset="sext_ln840_63/1 "/>
</bind>
</comp>

<comp id="1327" class="1004" name="add_ln840_39_fu_1327">
<pin_list>
<pin id="1328" dir="0" index="0" bw="11" slack="0"/>
<pin id="1329" dir="0" index="1" bw="11" slack="0"/>
<pin id="1330" dir="1" index="2" bw="12" slack="0"/>
</pin_list>
<bind>
<opcode="add(8) " fcode="add"/>
<opset="add_ln840_39/1 "/>
</bind>
</comp>

<comp id="1333" class="1004" name="sext_ln840_64_fu_1333">
<pin_list>
<pin id="1334" dir="0" index="0" bw="12" slack="0"/>
<pin id="1335" dir="1" index="1" bw="13" slack="0"/>
</pin_list>
<bind>
<opcode="sext(35) " fcode="sext"/>
<opset="sext_ln840_64/1 "/>
</bind>
</comp>

<comp id="1337" class="1004" name="add_ln840_40_fu_1337">
<pin_list>
<pin id="1338" dir="0" index="0" bw="8" slack="0"/>
<pin id="1339" dir="0" index="1" bw="8" slack="0"/>
<pin id="1340" dir="1" index="2" bw="9" slack="0"/>
</pin_list>
<bind>
<opcode="add(8) " fcode="add"/>
<opset="add_ln840_40/1 "/>
</bind>
</comp>

<comp id="1343" class="1004" name="sext_ln840_65_fu_1343">
<pin_list>
<pin id="1344" dir="0" index="0" bw="8" slack="0"/>
<pin id="1345" dir="1" index="1" bw="10" slack="0"/>
</pin_list>
<bind>
<opcode="sext(35) " fcode="sext"/>
<opset="sext_ln840_65/1 "/>
</bind>
</comp>

<comp id="1347" class="1004" name="sext_ln840_66_fu_1347">
<pin_list>
<pin id="1348" dir="0" index="0" bw="9" slack="0"/>
<pin id="1349" dir="1" index="1" bw="10" slack="0"/>
</pin_list>
<bind>
<opcode="sext(35) " fcode="sext"/>
<opset="sext_ln840_66/1 "/>
</bind>
</comp>

<comp id="1351" class="1004" name="sub_ln840_19_fu_1351">
<pin_list>
<pin id="1352" dir="0" index="0" bw="9" slack="0"/>
<pin id="1353" dir="0" index="1" bw="8" slack="0"/>
<pin id="1354" dir="1" index="2" bw="10" slack="0"/>
</pin_list>
<bind>
<opcode="sub(10) " fcode="sub"/>
<opset="sub_ln840_19/1 "/>
</bind>
</comp>

<comp id="1357" class="1004" name="sext_ln840_67_fu_1357">
<pin_list>
<pin id="1358" dir="0" index="0" bw="10" slack="0"/>
<pin id="1359" dir="1" index="1" bw="11" slack="0"/>
</pin_list>
<bind>
<opcode="sext(35) " fcode="sext"/>
<opset="sext_ln840_67/1 "/>
</bind>
</comp>

<comp id="1361" class="1004" name="add_ln840_41_fu_1361">
<pin_list>
<pin id="1362" dir="0" index="0" bw="8" slack="0"/>
<pin id="1363" dir="0" index="1" bw="8" slack="0"/>
<pin id="1364" dir="1" index="2" bw="9" slack="0"/>
</pin_list>
<bind>
<opcode="add(8) " fcode="add"/>
<opset="add_ln840_41/1 "/>
</bind>
</comp>

<comp id="1367" class="1004" name="sext_ln840_68_fu_1367">
<pin_list>
<pin id="1368" dir="0" index="0" bw="9" slack="0"/>
<pin id="1369" dir="1" index="1" bw="10" slack="0"/>
</pin_list>
<bind>
<opcode="sext(35) " fcode="sext"/>
<opset="sext_ln840_68/1 "/>
</bind>
</comp>

<comp id="1371" class="1004" name="add_ln840_42_fu_1371">
<pin_list>
<pin id="1372" dir="0" index="0" bw="9" slack="0"/>
<pin id="1373" dir="0" index="1" bw="8" slack="0"/>
<pin id="1374" dir="1" index="2" bw="10" slack="0"/>
</pin_list>
<bind>
<opcode="add(8) " fcode="add"/>
<opset="add_ln840_42/1 "/>
</bind>
</comp>

<comp id="1377" class="1004" name="sext_ln840_69_fu_1377">
<pin_list>
<pin id="1378" dir="0" index="0" bw="10" slack="0"/>
<pin id="1379" dir="1" index="1" bw="11" slack="0"/>
</pin_list>
<bind>
<opcode="sext(35) " fcode="sext"/>
<opset="sext_ln840_69/1 "/>
</bind>
</comp>

<comp id="1381" class="1004" name="add_ln840_43_fu_1381">
<pin_list>
<pin id="1382" dir="0" index="0" bw="10" slack="0"/>
<pin id="1383" dir="0" index="1" bw="10" slack="0"/>
<pin id="1384" dir="1" index="2" bw="11" slack="0"/>
</pin_list>
<bind>
<opcode="add(8) " fcode="add"/>
<opset="add_ln840_43/1 "/>
</bind>
</comp>

<comp id="1387" class="1004" name="sext_ln840_70_fu_1387">
<pin_list>
<pin id="1388" dir="0" index="0" bw="11" slack="0"/>
<pin id="1389" dir="1" index="1" bw="12" slack="0"/>
</pin_list>
<bind>
<opcode="sext(35) " fcode="sext"/>
<opset="sext_ln840_70/1 "/>
</bind>
</comp>

<comp id="1391" class="1004" name="add_ln840_44_fu_1391">
<pin_list>
<pin id="1392" dir="0" index="0" bw="8" slack="0"/>
<pin id="1393" dir="0" index="1" bw="8" slack="0"/>
<pin id="1394" dir="1" index="2" bw="9" slack="0"/>
</pin_list>
<bind>
<opcode="add(8) " fcode="add"/>
<opset="add_ln840_44/1 "/>
</bind>
</comp>

<comp id="1397" class="1004" name="sext_ln840_71_fu_1397">
<pin_list>
<pin id="1398" dir="0" index="0" bw="9" slack="0"/>
<pin id="1399" dir="1" index="1" bw="10" slack="0"/>
</pin_list>
<bind>
<opcode="sext(35) " fcode="sext"/>
<opset="sext_ln840_71/1 "/>
</bind>
</comp>

<comp id="1401" class="1004" name="add_ln840_45_fu_1401">
<pin_list>
<pin id="1402" dir="0" index="0" bw="9" slack="0"/>
<pin id="1403" dir="0" index="1" bw="8" slack="0"/>
<pin id="1404" dir="1" index="2" bw="10" slack="0"/>
</pin_list>
<bind>
<opcode="add(8) " fcode="add"/>
<opset="add_ln840_45/1 "/>
</bind>
</comp>

<comp id="1407" class="1004" name="sext_ln840_72_fu_1407">
<pin_list>
<pin id="1408" dir="0" index="0" bw="10" slack="0"/>
<pin id="1409" dir="1" index="1" bw="11" slack="0"/>
</pin_list>
<bind>
<opcode="sext(35) " fcode="sext"/>
<opset="sext_ln840_72/1 "/>
</bind>
</comp>

<comp id="1411" class="1004" name="add_ln840_46_fu_1411">
<pin_list>
<pin id="1412" dir="0" index="0" bw="9" slack="0"/>
<pin id="1413" dir="0" index="1" bw="8" slack="0"/>
<pin id="1414" dir="1" index="2" bw="10" slack="0"/>
</pin_list>
<bind>
<opcode="add(8) " fcode="add"/>
<opset="add_ln840_46/1 "/>
</bind>
</comp>

<comp id="1417" class="1004" name="sext_ln840_73_fu_1417">
<pin_list>
<pin id="1418" dir="0" index="0" bw="10" slack="0"/>
<pin id="1419" dir="1" index="1" bw="11" slack="0"/>
</pin_list>
<bind>
<opcode="sext(35) " fcode="sext"/>
<opset="sext_ln840_73/1 "/>
</bind>
</comp>

<comp id="1421" class="1004" name="add_ln840_47_fu_1421">
<pin_list>
<pin id="1422" dir="0" index="0" bw="10" slack="0"/>
<pin id="1423" dir="0" index="1" bw="10" slack="0"/>
<pin id="1424" dir="1" index="2" bw="11" slack="0"/>
</pin_list>
<bind>
<opcode="add(8) " fcode="add"/>
<opset="add_ln840_47/1 "/>
</bind>
</comp>

<comp id="1427" class="1004" name="sext_ln840_74_fu_1427">
<pin_list>
<pin id="1428" dir="0" index="0" bw="11" slack="0"/>
<pin id="1429" dir="1" index="1" bw="12" slack="0"/>
</pin_list>
<bind>
<opcode="sext(35) " fcode="sext"/>
<opset="sext_ln840_74/1 "/>
</bind>
</comp>

<comp id="1431" class="1004" name="add_ln840_48_fu_1431">
<pin_list>
<pin id="1432" dir="0" index="0" bw="11" slack="0"/>
<pin id="1433" dir="0" index="1" bw="11" slack="0"/>
<pin id="1434" dir="1" index="2" bw="12" slack="0"/>
</pin_list>
<bind>
<opcode="add(8) " fcode="add"/>
<opset="add_ln840_48/1 "/>
</bind>
</comp>

<comp id="1437" class="1004" name="sext_ln840_75_fu_1437">
<pin_list>
<pin id="1438" dir="0" index="0" bw="12" slack="0"/>
<pin id="1439" dir="1" index="1" bw="13" slack="0"/>
</pin_list>
<bind>
<opcode="sext(35) " fcode="sext"/>
<opset="sext_ln840_75/1 "/>
</bind>
</comp>

<comp id="1441" class="1004" name="add_ln840_49_fu_1441">
<pin_list>
<pin id="1442" dir="0" index="0" bw="12" slack="0"/>
<pin id="1443" dir="0" index="1" bw="12" slack="0"/>
<pin id="1444" dir="1" index="2" bw="13" slack="0"/>
</pin_list>
<bind>
<opcode="add(8) " fcode="add"/>
<opset="add_ln840_49/1 "/>
</bind>
</comp>

<comp id="1447" class="1004" name="add_ln840_50_fu_1447">
<pin_list>
<pin id="1448" dir="0" index="0" bw="8" slack="0"/>
<pin id="1449" dir="0" index="1" bw="8" slack="0"/>
<pin id="1450" dir="1" index="2" bw="9" slack="0"/>
</pin_list>
<bind>
<opcode="add(8) " fcode="add"/>
<opset="add_ln840_50/1 "/>
</bind>
</comp>

<comp id="1453" class="1004" name="sext_ln840_76_fu_1453">
<pin_list>
<pin id="1454" dir="0" index="0" bw="9" slack="0"/>
<pin id="1455" dir="1" index="1" bw="10" slack="0"/>
</pin_list>
<bind>
<opcode="sext(35) " fcode="sext"/>
<opset="sext_ln840_76/1 "/>
</bind>
</comp>

<comp id="1457" class="1004" name="ret_V_23_fu_1457">
<pin_list>
<pin id="1458" dir="0" index="0" bw="1" slack="0"/>
<pin id="1459" dir="0" index="1" bw="8" slack="0"/>
<pin id="1460" dir="1" index="2" bw="9" slack="0"/>
</pin_list>
<bind>
<opcode="sub(10) " fcode="sub"/>
<opset="ret_V_23/1 "/>
</bind>
</comp>

<comp id="1463" class="1004" name="sext_ln840_77_fu_1463">
<pin_list>
<pin id="1464" dir="0" index="0" bw="8" slack="0"/>
<pin id="1465" dir="1" index="1" bw="10" slack="0"/>
</pin_list>
<bind>
<opcode="sext(35) " fcode="sext"/>
<opset="sext_ln840_77/1 "/>
</bind>
</comp>

<comp id="1467" class="1004" name="sub_ln840_20_fu_1467">
<pin_list>
<pin id="1468" dir="0" index="0" bw="9" slack="0"/>
<pin id="1469" dir="0" index="1" bw="8" slack="0"/>
<pin id="1470" dir="1" index="2" bw="10" slack="0"/>
</pin_list>
<bind>
<opcode="sub(10) " fcode="sub"/>
<opset="sub_ln840_20/1 "/>
</bind>
</comp>

<comp id="1473" class="1004" name="add_ln840_51_fu_1473">
<pin_list>
<pin id="1474" dir="0" index="0" bw="10" slack="0"/>
<pin id="1475" dir="0" index="1" bw="9" slack="0"/>
<pin id="1476" dir="1" index="2" bw="10" slack="0"/>
</pin_list>
<bind>
<opcode="add(8) " fcode="add"/>
<opset="add_ln840_51/1 "/>
</bind>
</comp>

<comp id="1479" class="1004" name="sext_ln840_78_fu_1479">
<pin_list>
<pin id="1480" dir="0" index="0" bw="10" slack="0"/>
<pin id="1481" dir="1" index="1" bw="11" slack="0"/>
</pin_list>
<bind>
<opcode="sext(35) " fcode="sext"/>
<opset="sext_ln840_78/1 "/>
</bind>
</comp>

<comp id="1483" class="1004" name="sext_ln840_79_fu_1483">
<pin_list>
<pin id="1484" dir="0" index="0" bw="8" slack="0"/>
<pin id="1485" dir="1" index="1" bw="10" slack="0"/>
</pin_list>
<bind>
<opcode="sext(35) " fcode="sext"/>
<opset="sext_ln840_79/1 "/>
</bind>
</comp>

<comp id="1487" class="1004" name="sub_ln840_21_fu_1487">
<pin_list>
<pin id="1488" dir="0" index="0" bw="9" slack="0"/>
<pin id="1489" dir="0" index="1" bw="8" slack="0"/>
<pin id="1490" dir="1" index="2" bw="10" slack="0"/>
</pin_list>
<bind>
<opcode="sub(10) " fcode="sub"/>
<opset="sub_ln840_21/1 "/>
</bind>
</comp>

<comp id="1493" class="1004" name="add_ln840_52_fu_1493">
<pin_list>
<pin id="1494" dir="0" index="0" bw="10" slack="0"/>
<pin id="1495" dir="0" index="1" bw="9" slack="0"/>
<pin id="1496" dir="1" index="2" bw="10" slack="0"/>
</pin_list>
<bind>
<opcode="add(8) " fcode="add"/>
<opset="add_ln840_52/1 "/>
</bind>
</comp>

<comp id="1499" class="1004" name="sext_ln840_80_fu_1499">
<pin_list>
<pin id="1500" dir="0" index="0" bw="10" slack="0"/>
<pin id="1501" dir="1" index="1" bw="11" slack="0"/>
</pin_list>
<bind>
<opcode="sext(35) " fcode="sext"/>
<opset="sext_ln840_80/1 "/>
</bind>
</comp>

<comp id="1503" class="1004" name="add_ln840_53_fu_1503">
<pin_list>
<pin id="1504" dir="0" index="0" bw="10" slack="0"/>
<pin id="1505" dir="0" index="1" bw="10" slack="0"/>
<pin id="1506" dir="1" index="2" bw="11" slack="0"/>
</pin_list>
<bind>
<opcode="add(8) " fcode="add"/>
<opset="add_ln840_53/1 "/>
</bind>
</comp>

<comp id="1509" class="1004" name="sext_ln840_81_fu_1509">
<pin_list>
<pin id="1510" dir="0" index="0" bw="11" slack="0"/>
<pin id="1511" dir="1" index="1" bw="12" slack="0"/>
</pin_list>
<bind>
<opcode="sext(35) " fcode="sext"/>
<opset="sext_ln840_81/1 "/>
</bind>
</comp>

<comp id="1513" class="1004" name="sub_ln840_22_fu_1513">
<pin_list>
<pin id="1514" dir="0" index="0" bw="9" slack="0"/>
<pin id="1515" dir="0" index="1" bw="8" slack="0"/>
<pin id="1516" dir="1" index="2" bw="10" slack="0"/>
</pin_list>
<bind>
<opcode="sub(10) " fcode="sub"/>
<opset="sub_ln840_22/1 "/>
</bind>
</comp>

<comp id="1519" class="1004" name="add_ln840_54_fu_1519">
<pin_list>
<pin id="1520" dir="0" index="0" bw="10" slack="0"/>
<pin id="1521" dir="0" index="1" bw="9" slack="0"/>
<pin id="1522" dir="1" index="2" bw="10" slack="0"/>
</pin_list>
<bind>
<opcode="add(8) " fcode="add"/>
<opset="add_ln840_54/1 "/>
</bind>
</comp>

<comp id="1525" class="1004" name="sext_ln840_82_fu_1525">
<pin_list>
<pin id="1526" dir="0" index="0" bw="10" slack="0"/>
<pin id="1527" dir="1" index="1" bw="11" slack="0"/>
</pin_list>
<bind>
<opcode="sext(35) " fcode="sext"/>
<opset="sext_ln840_82/1 "/>
</bind>
</comp>

<comp id="1529" class="1004" name="sub_ln840_23_fu_1529">
<pin_list>
<pin id="1530" dir="0" index="0" bw="8" slack="0"/>
<pin id="1531" dir="0" index="1" bw="8" slack="0"/>
<pin id="1532" dir="1" index="2" bw="9" slack="0"/>
</pin_list>
<bind>
<opcode="sub(10) " fcode="sub"/>
<opset="sub_ln840_23/1 "/>
</bind>
</comp>

<comp id="1535" class="1004" name="sext_ln840_83_fu_1535">
<pin_list>
<pin id="1536" dir="0" index="0" bw="9" slack="0"/>
<pin id="1537" dir="1" index="1" bw="10" slack="0"/>
</pin_list>
<bind>
<opcode="sext(35) " fcode="sext"/>
<opset="sext_ln840_83/1 "/>
</bind>
</comp>

<comp id="1539" class="1004" name="sub_ln840_24_fu_1539">
<pin_list>
<pin id="1540" dir="0" index="0" bw="9" slack="0"/>
<pin id="1541" dir="0" index="1" bw="8" slack="0"/>
<pin id="1542" dir="1" index="2" bw="10" slack="0"/>
</pin_list>
<bind>
<opcode="sub(10) " fcode="sub"/>
<opset="sub_ln840_24/1 "/>
</bind>
</comp>

<comp id="1545" class="1004" name="sext_ln840_84_fu_1545">
<pin_list>
<pin id="1546" dir="0" index="0" bw="10" slack="0"/>
<pin id="1547" dir="1" index="1" bw="11" slack="0"/>
</pin_list>
<bind>
<opcode="sext(35) " fcode="sext"/>
<opset="sext_ln840_84/1 "/>
</bind>
</comp>

<comp id="1549" class="1004" name="add_ln840_55_fu_1549">
<pin_list>
<pin id="1550" dir="0" index="0" bw="10" slack="0"/>
<pin id="1551" dir="0" index="1" bw="10" slack="0"/>
<pin id="1552" dir="1" index="2" bw="11" slack="0"/>
</pin_list>
<bind>
<opcode="add(8) " fcode="add"/>
<opset="add_ln840_55/1 "/>
</bind>
</comp>

<comp id="1555" class="1004" name="sext_ln840_85_fu_1555">
<pin_list>
<pin id="1556" dir="0" index="0" bw="11" slack="0"/>
<pin id="1557" dir="1" index="1" bw="12" slack="0"/>
</pin_list>
<bind>
<opcode="sext(35) " fcode="sext"/>
<opset="sext_ln840_85/1 "/>
</bind>
</comp>

<comp id="1559" class="1004" name="add_ln840_56_fu_1559">
<pin_list>
<pin id="1560" dir="0" index="0" bw="11" slack="0"/>
<pin id="1561" dir="0" index="1" bw="11" slack="0"/>
<pin id="1562" dir="1" index="2" bw="12" slack="0"/>
</pin_list>
<bind>
<opcode="add(8) " fcode="add"/>
<opset="add_ln840_56/1 "/>
</bind>
</comp>

<comp id="1565" class="1004" name="sext_ln840_86_fu_1565">
<pin_list>
<pin id="1566" dir="0" index="0" bw="12" slack="0"/>
<pin id="1567" dir="1" index="1" bw="13" slack="0"/>
</pin_list>
<bind>
<opcode="sext(35) " fcode="sext"/>
<opset="sext_ln840_86/1 "/>
</bind>
</comp>

<comp id="1569" class="1004" name="add_ln840_57_fu_1569">
<pin_list>
<pin id="1570" dir="0" index="0" bw="8" slack="0"/>
<pin id="1571" dir="0" index="1" bw="8" slack="0"/>
<pin id="1572" dir="1" index="2" bw="9" slack="0"/>
</pin_list>
<bind>
<opcode="add(8) " fcode="add"/>
<opset="add_ln840_57/1 "/>
</bind>
</comp>

<comp id="1575" class="1004" name="sext_ln840_87_fu_1575">
<pin_list>
<pin id="1576" dir="0" index="0" bw="9" slack="0"/>
<pin id="1577" dir="1" index="1" bw="10" slack="0"/>
</pin_list>
<bind>
<opcode="sext(35) " fcode="sext"/>
<opset="sext_ln840_87/1 "/>
</bind>
</comp>

<comp id="1579" class="1004" name="add_ln840_58_fu_1579">
<pin_list>
<pin id="1580" dir="0" index="0" bw="9" slack="0"/>
<pin id="1581" dir="0" index="1" bw="8" slack="0"/>
<pin id="1582" dir="1" index="2" bw="10" slack="0"/>
</pin_list>
<bind>
<opcode="add(8) " fcode="add"/>
<opset="add_ln840_58/1 "/>
</bind>
</comp>

<comp id="1585" class="1004" name="sext_ln840_88_fu_1585">
<pin_list>
<pin id="1586" dir="0" index="0" bw="10" slack="0"/>
<pin id="1587" dir="1" index="1" bw="11" slack="0"/>
</pin_list>
<bind>
<opcode="sext(35) " fcode="sext"/>
<opset="sext_ln840_88/1 "/>
</bind>
</comp>

<comp id="1589" class="1004" name="add_ln840_59_fu_1589">
<pin_list>
<pin id="1590" dir="0" index="0" bw="8" slack="0"/>
<pin id="1591" dir="0" index="1" bw="8" slack="0"/>
<pin id="1592" dir="1" index="2" bw="9" slack="0"/>
</pin_list>
<bind>
<opcode="add(8) " fcode="add"/>
<opset="add_ln840_59/1 "/>
</bind>
</comp>

<comp id="1595" class="1004" name="sext_ln840_89_fu_1595">
<pin_list>
<pin id="1596" dir="0" index="0" bw="9" slack="0"/>
<pin id="1597" dir="1" index="1" bw="10" slack="0"/>
</pin_list>
<bind>
<opcode="sext(35) " fcode="sext"/>
<opset="sext_ln840_89/1 "/>
</bind>
</comp>

<comp id="1599" class="1004" name="add_ln840_60_fu_1599">
<pin_list>
<pin id="1600" dir="0" index="0" bw="9" slack="0"/>
<pin id="1601" dir="0" index="1" bw="8" slack="0"/>
<pin id="1602" dir="1" index="2" bw="10" slack="0"/>
</pin_list>
<bind>
<opcode="add(8) " fcode="add"/>
<opset="add_ln840_60/1 "/>
</bind>
</comp>

<comp id="1605" class="1004" name="sext_ln840_90_fu_1605">
<pin_list>
<pin id="1606" dir="0" index="0" bw="10" slack="0"/>
<pin id="1607" dir="1" index="1" bw="11" slack="0"/>
</pin_list>
<bind>
<opcode="sext(35) " fcode="sext"/>
<opset="sext_ln840_90/1 "/>
</bind>
</comp>

<comp id="1609" class="1004" name="add_ln840_61_fu_1609">
<pin_list>
<pin id="1610" dir="0" index="0" bw="10" slack="0"/>
<pin id="1611" dir="0" index="1" bw="10" slack="0"/>
<pin id="1612" dir="1" index="2" bw="11" slack="0"/>
</pin_list>
<bind>
<opcode="add(8) " fcode="add"/>
<opset="add_ln840_61/1 "/>
</bind>
</comp>

<comp id="1615" class="1004" name="sext_ln840_91_fu_1615">
<pin_list>
<pin id="1616" dir="0" index="0" bw="11" slack="0"/>
<pin id="1617" dir="1" index="1" bw="12" slack="0"/>
</pin_list>
<bind>
<opcode="sext(35) " fcode="sext"/>
<opset="sext_ln840_91/1 "/>
</bind>
</comp>

<comp id="1619" class="1004" name="add_ln840_62_fu_1619">
<pin_list>
<pin id="1620" dir="0" index="0" bw="8" slack="0"/>
<pin id="1621" dir="0" index="1" bw="8" slack="0"/>
<pin id="1622" dir="1" index="2" bw="9" slack="0"/>
</pin_list>
<bind>
<opcode="add(8) " fcode="add"/>
<opset="add_ln840_62/1 "/>
</bind>
</comp>

<comp id="1625" class="1004" name="sext_ln840_92_fu_1625">
<pin_list>
<pin id="1626" dir="0" index="0" bw="9" slack="0"/>
<pin id="1627" dir="1" index="1" bw="10" slack="0"/>
</pin_list>
<bind>
<opcode="sext(35) " fcode="sext"/>
<opset="sext_ln840_92/1 "/>
</bind>
</comp>

<comp id="1629" class="1004" name="add_ln840_63_fu_1629">
<pin_list>
<pin id="1630" dir="0" index="0" bw="9" slack="0"/>
<pin id="1631" dir="0" index="1" bw="8" slack="0"/>
<pin id="1632" dir="1" index="2" bw="10" slack="0"/>
</pin_list>
<bind>
<opcode="add(8) " fcode="add"/>
<opset="add_ln840_63/1 "/>
</bind>
</comp>

<comp id="1635" class="1004" name="sext_ln840_93_fu_1635">
<pin_list>
<pin id="1636" dir="0" index="0" bw="10" slack="0"/>
<pin id="1637" dir="1" index="1" bw="11" slack="0"/>
</pin_list>
<bind>
<opcode="sext(35) " fcode="sext"/>
<opset="sext_ln840_93/1 "/>
</bind>
</comp>

<comp id="1639" class="1004" name="add_ln840_64_fu_1639">
<pin_list>
<pin id="1640" dir="0" index="0" bw="8" slack="0"/>
<pin id="1641" dir="0" index="1" bw="8" slack="0"/>
<pin id="1642" dir="1" index="2" bw="9" slack="0"/>
</pin_list>
<bind>
<opcode="add(8) " fcode="add"/>
<opset="add_ln840_64/1 "/>
</bind>
</comp>

<comp id="1645" class="1004" name="sext_ln840_94_fu_1645">
<pin_list>
<pin id="1646" dir="0" index="0" bw="9" slack="0"/>
<pin id="1647" dir="1" index="1" bw="10" slack="0"/>
</pin_list>
<bind>
<opcode="sext(35) " fcode="sext"/>
<opset="sext_ln840_94/1 "/>
</bind>
</comp>

<comp id="1649" class="1004" name="add_ln840_65_fu_1649">
<pin_list>
<pin id="1650" dir="0" index="0" bw="9" slack="0"/>
<pin id="1651" dir="0" index="1" bw="8" slack="0"/>
<pin id="1652" dir="1" index="2" bw="10" slack="0"/>
</pin_list>
<bind>
<opcode="add(8) " fcode="add"/>
<opset="add_ln840_65/1 "/>
</bind>
</comp>

<comp id="1655" class="1004" name="sext_ln840_95_fu_1655">
<pin_list>
<pin id="1656" dir="0" index="0" bw="10" slack="0"/>
<pin id="1657" dir="1" index="1" bw="11" slack="0"/>
</pin_list>
<bind>
<opcode="sext(35) " fcode="sext"/>
<opset="sext_ln840_95/1 "/>
</bind>
</comp>

<comp id="1659" class="1004" name="add_ln840_66_fu_1659">
<pin_list>
<pin id="1660" dir="0" index="0" bw="10" slack="0"/>
<pin id="1661" dir="0" index="1" bw="10" slack="0"/>
<pin id="1662" dir="1" index="2" bw="11" slack="0"/>
</pin_list>
<bind>
<opcode="add(8) " fcode="add"/>
<opset="add_ln840_66/1 "/>
</bind>
</comp>

<comp id="1665" class="1004" name="sext_ln840_96_fu_1665">
<pin_list>
<pin id="1666" dir="0" index="0" bw="11" slack="0"/>
<pin id="1667" dir="1" index="1" bw="12" slack="0"/>
</pin_list>
<bind>
<opcode="sext(35) " fcode="sext"/>
<opset="sext_ln840_96/1 "/>
</bind>
</comp>

<comp id="1669" class="1004" name="add_ln840_67_fu_1669">
<pin_list>
<pin id="1670" dir="0" index="0" bw="11" slack="0"/>
<pin id="1671" dir="0" index="1" bw="11" slack="0"/>
<pin id="1672" dir="1" index="2" bw="12" slack="0"/>
</pin_list>
<bind>
<opcode="add(8) " fcode="add"/>
<opset="add_ln840_67/1 "/>
</bind>
</comp>

<comp id="1675" class="1004" name="sext_ln840_97_fu_1675">
<pin_list>
<pin id="1676" dir="0" index="0" bw="12" slack="0"/>
<pin id="1677" dir="1" index="1" bw="13" slack="0"/>
</pin_list>
<bind>
<opcode="sext(35) " fcode="sext"/>
<opset="sext_ln840_97/1 "/>
</bind>
</comp>

<comp id="1679" class="1004" name="add_ln840_68_fu_1679">
<pin_list>
<pin id="1680" dir="0" index="0" bw="12" slack="0"/>
<pin id="1681" dir="0" index="1" bw="12" slack="0"/>
<pin id="1682" dir="1" index="2" bw="13" slack="0"/>
</pin_list>
<bind>
<opcode="add(8) " fcode="add"/>
<opset="add_ln840_68/1 "/>
</bind>
</comp>

<comp id="1685" class="1004" name="sub_ln840_25_fu_1685">
<pin_list>
<pin id="1686" dir="0" index="0" bw="9" slack="0"/>
<pin id="1687" dir="0" index="1" bw="8" slack="0"/>
<pin id="1688" dir="1" index="2" bw="10" slack="0"/>
</pin_list>
<bind>
<opcode="sub(10) " fcode="sub"/>
<opset="sub_ln840_25/1 "/>
</bind>
</comp>

<comp id="1691" class="1004" name="add_ln840_69_fu_1691">
<pin_list>
<pin id="1692" dir="0" index="0" bw="10" slack="0"/>
<pin id="1693" dir="0" index="1" bw="9" slack="0"/>
<pin id="1694" dir="1" index="2" bw="10" slack="0"/>
</pin_list>
<bind>
<opcode="add(8) " fcode="add"/>
<opset="add_ln840_69/1 "/>
</bind>
</comp>

<comp id="1697" class="1004" name="sext_ln840_98_fu_1697">
<pin_list>
<pin id="1698" dir="0" index="0" bw="10" slack="0"/>
<pin id="1699" dir="1" index="1" bw="11" slack="0"/>
</pin_list>
<bind>
<opcode="sext(35) " fcode="sext"/>
<opset="sext_ln840_98/1 "/>
</bind>
</comp>

<comp id="1701" class="1004" name="add_ln840_70_fu_1701">
<pin_list>
<pin id="1702" dir="0" index="0" bw="10" slack="0"/>
<pin id="1703" dir="0" index="1" bw="10" slack="0"/>
<pin id="1704" dir="1" index="2" bw="11" slack="0"/>
</pin_list>
<bind>
<opcode="add(8) " fcode="add"/>
<opset="add_ln840_70/1 "/>
</bind>
</comp>

<comp id="1707" class="1004" name="sext_ln840_99_fu_1707">
<pin_list>
<pin id="1708" dir="0" index="0" bw="11" slack="0"/>
<pin id="1709" dir="1" index="1" bw="12" slack="0"/>
</pin_list>
<bind>
<opcode="sext(35) " fcode="sext"/>
<opset="sext_ln840_99/1 "/>
</bind>
</comp>

<comp id="1711" class="1004" name="sub_ln840_26_fu_1711">
<pin_list>
<pin id="1712" dir="0" index="0" bw="9" slack="0"/>
<pin id="1713" dir="0" index="1" bw="8" slack="0"/>
<pin id="1714" dir="1" index="2" bw="10" slack="0"/>
</pin_list>
<bind>
<opcode="sub(10) " fcode="sub"/>
<opset="sub_ln840_26/1 "/>
</bind>
</comp>

<comp id="1717" class="1004" name="add_ln840_71_fu_1717">
<pin_list>
<pin id="1718" dir="0" index="0" bw="10" slack="0"/>
<pin id="1719" dir="0" index="1" bw="9" slack="0"/>
<pin id="1720" dir="1" index="2" bw="10" slack="0"/>
</pin_list>
<bind>
<opcode="add(8) " fcode="add"/>
<opset="add_ln840_71/1 "/>
</bind>
</comp>

<comp id="1723" class="1004" name="sext_ln840_100_fu_1723">
<pin_list>
<pin id="1724" dir="0" index="0" bw="10" slack="0"/>
<pin id="1725" dir="1" index="1" bw="11" slack="0"/>
</pin_list>
<bind>
<opcode="sext(35) " fcode="sext"/>
<opset="sext_ln840_100/1 "/>
</bind>
</comp>

<comp id="1727" class="1004" name="sext_ln840_101_fu_1727">
<pin_list>
<pin id="1728" dir="0" index="0" bw="9" slack="0"/>
<pin id="1729" dir="1" index="1" bw="10" slack="0"/>
</pin_list>
<bind>
<opcode="sext(35) " fcode="sext"/>
<opset="sext_ln840_101/1 "/>
</bind>
</comp>

<comp id="1731" class="1004" name="sub_ln840_27_fu_1731">
<pin_list>
<pin id="1732" dir="0" index="0" bw="9" slack="0"/>
<pin id="1733" dir="0" index="1" bw="8" slack="0"/>
<pin id="1734" dir="1" index="2" bw="10" slack="0"/>
</pin_list>
<bind>
<opcode="sub(10) " fcode="sub"/>
<opset="sub_ln840_27/1 "/>
</bind>
</comp>

<comp id="1737" class="1004" name="add_ln840_72_fu_1737">
<pin_list>
<pin id="1738" dir="0" index="0" bw="10" slack="0"/>
<pin id="1739" dir="0" index="1" bw="9" slack="0"/>
<pin id="1740" dir="1" index="2" bw="10" slack="0"/>
</pin_list>
<bind>
<opcode="add(8) " fcode="add"/>
<opset="add_ln840_72/1 "/>
</bind>
</comp>

<comp id="1743" class="1004" name="sext_ln840_102_fu_1743">
<pin_list>
<pin id="1744" dir="0" index="0" bw="10" slack="0"/>
<pin id="1745" dir="1" index="1" bw="11" slack="0"/>
</pin_list>
<bind>
<opcode="sext(35) " fcode="sext"/>
<opset="sext_ln840_102/1 "/>
</bind>
</comp>

<comp id="1747" class="1004" name="add_ln840_73_fu_1747">
<pin_list>
<pin id="1748" dir="0" index="0" bw="10" slack="0"/>
<pin id="1749" dir="0" index="1" bw="10" slack="0"/>
<pin id="1750" dir="1" index="2" bw="11" slack="0"/>
</pin_list>
<bind>
<opcode="add(8) " fcode="add"/>
<opset="add_ln840_73/1 "/>
</bind>
</comp>

<comp id="1753" class="1004" name="sext_ln840_103_fu_1753">
<pin_list>
<pin id="1754" dir="0" index="0" bw="11" slack="0"/>
<pin id="1755" dir="1" index="1" bw="12" slack="0"/>
</pin_list>
<bind>
<opcode="sext(35) " fcode="sext"/>
<opset="sext_ln840_103/1 "/>
</bind>
</comp>

<comp id="1757" class="1004" name="add_ln840_74_fu_1757">
<pin_list>
<pin id="1758" dir="0" index="0" bw="11" slack="0"/>
<pin id="1759" dir="0" index="1" bw="11" slack="0"/>
<pin id="1760" dir="1" index="2" bw="12" slack="0"/>
</pin_list>
<bind>
<opcode="add(8) " fcode="add"/>
<opset="add_ln840_74/1 "/>
</bind>
</comp>

<comp id="1763" class="1004" name="sext_ln840_104_fu_1763">
<pin_list>
<pin id="1764" dir="0" index="0" bw="12" slack="0"/>
<pin id="1765" dir="1" index="1" bw="13" slack="0"/>
</pin_list>
<bind>
<opcode="sext(35) " fcode="sext"/>
<opset="sext_ln840_104/1 "/>
</bind>
</comp>

<comp id="1767" class="1004" name="add_ln840_75_fu_1767">
<pin_list>
<pin id="1768" dir="0" index="0" bw="8" slack="0"/>
<pin id="1769" dir="0" index="1" bw="8" slack="0"/>
<pin id="1770" dir="1" index="2" bw="9" slack="0"/>
</pin_list>
<bind>
<opcode="add(8) " fcode="add"/>
<opset="add_ln840_75/1 "/>
</bind>
</comp>

<comp id="1773" class="1004" name="sext_ln840_105_fu_1773">
<pin_list>
<pin id="1774" dir="0" index="0" bw="8" slack="0"/>
<pin id="1775" dir="1" index="1" bw="10" slack="0"/>
</pin_list>
<bind>
<opcode="sext(35) " fcode="sext"/>
<opset="sext_ln840_105/1 "/>
</bind>
</comp>

<comp id="1777" class="1004" name="sext_ln840_106_fu_1777">
<pin_list>
<pin id="1778" dir="0" index="0" bw="9" slack="0"/>
<pin id="1779" dir="1" index="1" bw="10" slack="0"/>
</pin_list>
<bind>
<opcode="sext(35) " fcode="sext"/>
<opset="sext_ln840_106/1 "/>
</bind>
</comp>

<comp id="1781" class="1004" name="sub_ln840_28_fu_1781">
<pin_list>
<pin id="1782" dir="0" index="0" bw="9" slack="0"/>
<pin id="1783" dir="0" index="1" bw="8" slack="0"/>
<pin id="1784" dir="1" index="2" bw="10" slack="0"/>
</pin_list>
<bind>
<opcode="sub(10) " fcode="sub"/>
<opset="sub_ln840_28/1 "/>
</bind>
</comp>

<comp id="1787" class="1004" name="sext_ln840_107_fu_1787">
<pin_list>
<pin id="1788" dir="0" index="0" bw="10" slack="0"/>
<pin id="1789" dir="1" index="1" bw="11" slack="0"/>
</pin_list>
<bind>
<opcode="sext(35) " fcode="sext"/>
<opset="sext_ln840_107/1 "/>
</bind>
</comp>

<comp id="1791" class="1004" name="add_ln840_76_fu_1791">
<pin_list>
<pin id="1792" dir="0" index="0" bw="10" slack="0"/>
<pin id="1793" dir="0" index="1" bw="10" slack="0"/>
<pin id="1794" dir="1" index="2" bw="11" slack="0"/>
</pin_list>
<bind>
<opcode="add(8) " fcode="add"/>
<opset="add_ln840_76/1 "/>
</bind>
</comp>

<comp id="1797" class="1004" name="sext_ln840_108_fu_1797">
<pin_list>
<pin id="1798" dir="0" index="0" bw="11" slack="0"/>
<pin id="1799" dir="1" index="1" bw="12" slack="0"/>
</pin_list>
<bind>
<opcode="sext(35) " fcode="sext"/>
<opset="sext_ln840_108/1 "/>
</bind>
</comp>

<comp id="1801" class="1004" name="add_ln840_77_fu_1801">
<pin_list>
<pin id="1802" dir="0" index="0" bw="8" slack="0"/>
<pin id="1803" dir="0" index="1" bw="8" slack="0"/>
<pin id="1804" dir="1" index="2" bw="9" slack="0"/>
</pin_list>
<bind>
<opcode="add(8) " fcode="add"/>
<opset="add_ln840_77/1 "/>
</bind>
</comp>

<comp id="1807" class="1004" name="sext_ln840_109_fu_1807">
<pin_list>
<pin id="1808" dir="0" index="0" bw="9" slack="0"/>
<pin id="1809" dir="1" index="1" bw="10" slack="0"/>
</pin_list>
<bind>
<opcode="sext(35) " fcode="sext"/>
<opset="sext_ln840_109/1 "/>
</bind>
</comp>

<comp id="1811" class="1004" name="add_ln840_78_fu_1811">
<pin_list>
<pin id="1812" dir="0" index="0" bw="9" slack="0"/>
<pin id="1813" dir="0" index="1" bw="8" slack="0"/>
<pin id="1814" dir="1" index="2" bw="10" slack="0"/>
</pin_list>
<bind>
<opcode="add(8) " fcode="add"/>
<opset="add_ln840_78/1 "/>
</bind>
</comp>

<comp id="1817" class="1004" name="sext_ln840_110_fu_1817">
<pin_list>
<pin id="1818" dir="0" index="0" bw="10" slack="0"/>
<pin id="1819" dir="1" index="1" bw="11" slack="0"/>
</pin_list>
<bind>
<opcode="sext(35) " fcode="sext"/>
<opset="sext_ln840_110/1 "/>
</bind>
</comp>

<comp id="1821" class="1004" name="add_ln840_79_fu_1821">
<pin_list>
<pin id="1822" dir="0" index="0" bw="8" slack="0"/>
<pin id="1823" dir="0" index="1" bw="8" slack="0"/>
<pin id="1824" dir="1" index="2" bw="9" slack="0"/>
</pin_list>
<bind>
<opcode="add(8) " fcode="add"/>
<opset="add_ln840_79/1 "/>
</bind>
</comp>

<comp id="1827" class="1004" name="sext_ln840_111_fu_1827">
<pin_list>
<pin id="1828" dir="0" index="0" bw="9" slack="0"/>
<pin id="1829" dir="1" index="1" bw="10" slack="0"/>
</pin_list>
<bind>
<opcode="sext(35) " fcode="sext"/>
<opset="sext_ln840_111/1 "/>
</bind>
</comp>

<comp id="1831" class="1004" name="add_ln840_80_fu_1831">
<pin_list>
<pin id="1832" dir="0" index="0" bw="9" slack="0"/>
<pin id="1833" dir="0" index="1" bw="8" slack="0"/>
<pin id="1834" dir="1" index="2" bw="10" slack="0"/>
</pin_list>
<bind>
<opcode="add(8) " fcode="add"/>
<opset="add_ln840_80/1 "/>
</bind>
</comp>

<comp id="1837" class="1004" name="sext_ln840_112_fu_1837">
<pin_list>
<pin id="1838" dir="0" index="0" bw="10" slack="0"/>
<pin id="1839" dir="1" index="1" bw="11" slack="0"/>
</pin_list>
<bind>
<opcode="sext(35) " fcode="sext"/>
<opset="sext_ln840_112/1 "/>
</bind>
</comp>

<comp id="1841" class="1004" name="add_ln840_81_fu_1841">
<pin_list>
<pin id="1842" dir="0" index="0" bw="10" slack="0"/>
<pin id="1843" dir="0" index="1" bw="10" slack="0"/>
<pin id="1844" dir="1" index="2" bw="11" slack="0"/>
</pin_list>
<bind>
<opcode="add(8) " fcode="add"/>
<opset="add_ln840_81/1 "/>
</bind>
</comp>

<comp id="1847" class="1004" name="sext_ln840_113_fu_1847">
<pin_list>
<pin id="1848" dir="0" index="0" bw="11" slack="0"/>
<pin id="1849" dir="1" index="1" bw="12" slack="0"/>
</pin_list>
<bind>
<opcode="sext(35) " fcode="sext"/>
<opset="sext_ln840_113/1 "/>
</bind>
</comp>

<comp id="1851" class="1004" name="add_ln840_82_fu_1851">
<pin_list>
<pin id="1852" dir="0" index="0" bw="11" slack="0"/>
<pin id="1853" dir="0" index="1" bw="11" slack="0"/>
<pin id="1854" dir="1" index="2" bw="12" slack="0"/>
</pin_list>
<bind>
<opcode="add(8) " fcode="add"/>
<opset="add_ln840_82/1 "/>
</bind>
</comp>

<comp id="1857" class="1004" name="sext_ln840_114_fu_1857">
<pin_list>
<pin id="1858" dir="0" index="0" bw="12" slack="0"/>
<pin id="1859" dir="1" index="1" bw="13" slack="0"/>
</pin_list>
<bind>
<opcode="sext(35) " fcode="sext"/>
<opset="sext_ln840_114/1 "/>
</bind>
</comp>

<comp id="1861" class="1004" name="add_ln840_83_fu_1861">
<pin_list>
<pin id="1862" dir="0" index="0" bw="12" slack="0"/>
<pin id="1863" dir="0" index="1" bw="12" slack="0"/>
<pin id="1864" dir="1" index="2" bw="13" slack="0"/>
</pin_list>
<bind>
<opcode="add(8) " fcode="add"/>
<opset="add_ln840_83/1 "/>
</bind>
</comp>

<comp id="1867" class="1004" name="sub_ln840_2_fu_1867">
<pin_list>
<pin id="1868" dir="0" index="0" bw="8" slack="0"/>
<pin id="1869" dir="0" index="1" bw="8" slack="0"/>
<pin id="1870" dir="1" index="2" bw="9" slack="0"/>
</pin_list>
<bind>
<opcode="sub(10) " fcode="sub"/>
<opset="sub_ln840_2/1 "/>
</bind>
</comp>

<comp id="1873" class="1004" name="sext_ln840_115_fu_1873">
<pin_list>
<pin id="1874" dir="0" index="0" bw="9" slack="0"/>
<pin id="1875" dir="1" index="1" bw="10" slack="0"/>
</pin_list>
<bind>
<opcode="sext(35) " fcode="sext"/>
<opset="sext_ln840_115/1 "/>
</bind>
</comp>

<comp id="1877" class="1004" name="sext_ln840_116_fu_1877">
<pin_list>
<pin id="1878" dir="0" index="0" bw="9" slack="0"/>
<pin id="1879" dir="1" index="1" bw="10" slack="0"/>
</pin_list>
<bind>
<opcode="sext(35) " fcode="sext"/>
<opset="sext_ln840_116/1 "/>
</bind>
</comp>

<comp id="1881" class="1004" name="sub_ln840_29_fu_1881">
<pin_list>
<pin id="1882" dir="0" index="0" bw="9" slack="0"/>
<pin id="1883" dir="0" index="1" bw="8" slack="0"/>
<pin id="1884" dir="1" index="2" bw="10" slack="0"/>
</pin_list>
<bind>
<opcode="sub(10) " fcode="sub"/>
<opset="sub_ln840_29/1 "/>
</bind>
</comp>

<comp id="1887" class="1004" name="add_ln840_84_fu_1887">
<pin_list>
<pin id="1888" dir="0" index="0" bw="10" slack="0"/>
<pin id="1889" dir="0" index="1" bw="9" slack="0"/>
<pin id="1890" dir="1" index="2" bw="10" slack="0"/>
</pin_list>
<bind>
<opcode="add(8) " fcode="add"/>
<opset="add_ln840_84/1 "/>
</bind>
</comp>

<comp id="1893" class="1004" name="sext_ln840_117_fu_1893">
<pin_list>
<pin id="1894" dir="0" index="0" bw="10" slack="0"/>
<pin id="1895" dir="1" index="1" bw="11" slack="0"/>
</pin_list>
<bind>
<opcode="sext(35) " fcode="sext"/>
<opset="sext_ln840_117/1 "/>
</bind>
</comp>

<comp id="1897" class="1004" name="sext_ln840_118_fu_1897">
<pin_list>
<pin id="1898" dir="0" index="0" bw="8" slack="0"/>
<pin id="1899" dir="1" index="1" bw="10" slack="0"/>
</pin_list>
<bind>
<opcode="sext(35) " fcode="sext"/>
<opset="sext_ln840_118/1 "/>
</bind>
</comp>

<comp id="1901" class="1004" name="sub_ln840_30_fu_1901">
<pin_list>
<pin id="1902" dir="0" index="0" bw="9" slack="0"/>
<pin id="1903" dir="0" index="1" bw="8" slack="0"/>
<pin id="1904" dir="1" index="2" bw="10" slack="0"/>
</pin_list>
<bind>
<opcode="sub(10) " fcode="sub"/>
<opset="sub_ln840_30/1 "/>
</bind>
</comp>

<comp id="1907" class="1004" name="add_ln840_85_fu_1907">
<pin_list>
<pin id="1908" dir="0" index="0" bw="10" slack="0"/>
<pin id="1909" dir="0" index="1" bw="9" slack="0"/>
<pin id="1910" dir="1" index="2" bw="10" slack="0"/>
</pin_list>
<bind>
<opcode="add(8) " fcode="add"/>
<opset="add_ln840_85/1 "/>
</bind>
</comp>

<comp id="1913" class="1004" name="sext_ln840_119_fu_1913">
<pin_list>
<pin id="1914" dir="0" index="0" bw="10" slack="0"/>
<pin id="1915" dir="1" index="1" bw="11" slack="0"/>
</pin_list>
<bind>
<opcode="sext(35) " fcode="sext"/>
<opset="sext_ln840_119/1 "/>
</bind>
</comp>

<comp id="1917" class="1004" name="add_ln840_86_fu_1917">
<pin_list>
<pin id="1918" dir="0" index="0" bw="10" slack="0"/>
<pin id="1919" dir="0" index="1" bw="10" slack="0"/>
<pin id="1920" dir="1" index="2" bw="11" slack="0"/>
</pin_list>
<bind>
<opcode="add(8) " fcode="add"/>
<opset="add_ln840_86/1 "/>
</bind>
</comp>

<comp id="1923" class="1004" name="sext_ln840_120_fu_1923">
<pin_list>
<pin id="1924" dir="0" index="0" bw="11" slack="0"/>
<pin id="1925" dir="1" index="1" bw="12" slack="0"/>
</pin_list>
<bind>
<opcode="sext(35) " fcode="sext"/>
<opset="sext_ln840_120/1 "/>
</bind>
</comp>

<comp id="1927" class="1004" name="sub_ln840_31_fu_1927">
<pin_list>
<pin id="1928" dir="0" index="0" bw="9" slack="0"/>
<pin id="1929" dir="0" index="1" bw="8" slack="0"/>
<pin id="1930" dir="1" index="2" bw="10" slack="0"/>
</pin_list>
<bind>
<opcode="sub(10) " fcode="sub"/>
<opset="sub_ln840_31/1 "/>
</bind>
</comp>

<comp id="1933" class="1004" name="add_ln840_87_fu_1933">
<pin_list>
<pin id="1934" dir="0" index="0" bw="10" slack="0"/>
<pin id="1935" dir="0" index="1" bw="9" slack="0"/>
<pin id="1936" dir="1" index="2" bw="10" slack="0"/>
</pin_list>
<bind>
<opcode="add(8) " fcode="add"/>
<opset="add_ln840_87/1 "/>
</bind>
</comp>

<comp id="1939" class="1004" name="sext_ln840_121_fu_1939">
<pin_list>
<pin id="1940" dir="0" index="0" bw="10" slack="0"/>
<pin id="1941" dir="1" index="1" bw="11" slack="0"/>
</pin_list>
<bind>
<opcode="sext(35) " fcode="sext"/>
<opset="sext_ln840_121/1 "/>
</bind>
</comp>

<comp id="1943" class="1004" name="sub_ln840_32_fu_1943">
<pin_list>
<pin id="1944" dir="0" index="0" bw="9" slack="0"/>
<pin id="1945" dir="0" index="1" bw="8" slack="0"/>
<pin id="1946" dir="1" index="2" bw="10" slack="0"/>
</pin_list>
<bind>
<opcode="sub(10) " fcode="sub"/>
<opset="sub_ln840_32/1 "/>
</bind>
</comp>

<comp id="1949" class="1004" name="add_ln840_88_fu_1949">
<pin_list>
<pin id="1950" dir="0" index="0" bw="10" slack="0"/>
<pin id="1951" dir="0" index="1" bw="9" slack="0"/>
<pin id="1952" dir="1" index="2" bw="10" slack="0"/>
</pin_list>
<bind>
<opcode="add(8) " fcode="add"/>
<opset="add_ln840_88/1 "/>
</bind>
</comp>

<comp id="1955" class="1004" name="sext_ln840_122_fu_1955">
<pin_list>
<pin id="1956" dir="0" index="0" bw="10" slack="0"/>
<pin id="1957" dir="1" index="1" bw="11" slack="0"/>
</pin_list>
<bind>
<opcode="sext(35) " fcode="sext"/>
<opset="sext_ln840_122/1 "/>
</bind>
</comp>

<comp id="1959" class="1004" name="add_ln840_89_fu_1959">
<pin_list>
<pin id="1960" dir="0" index="0" bw="10" slack="0"/>
<pin id="1961" dir="0" index="1" bw="10" slack="0"/>
<pin id="1962" dir="1" index="2" bw="11" slack="0"/>
</pin_list>
<bind>
<opcode="add(8) " fcode="add"/>
<opset="add_ln840_89/1 "/>
</bind>
</comp>

<comp id="1965" class="1004" name="sext_ln840_123_fu_1965">
<pin_list>
<pin id="1966" dir="0" index="0" bw="11" slack="0"/>
<pin id="1967" dir="1" index="1" bw="12" slack="0"/>
</pin_list>
<bind>
<opcode="sext(35) " fcode="sext"/>
<opset="sext_ln840_123/1 "/>
</bind>
</comp>

<comp id="1969" class="1004" name="add_ln840_90_fu_1969">
<pin_list>
<pin id="1970" dir="0" index="0" bw="11" slack="0"/>
<pin id="1971" dir="0" index="1" bw="11" slack="0"/>
<pin id="1972" dir="1" index="2" bw="12" slack="0"/>
</pin_list>
<bind>
<opcode="add(8) " fcode="add"/>
<opset="add_ln840_90/1 "/>
</bind>
</comp>

<comp id="1975" class="1004" name="sext_ln840_124_fu_1975">
<pin_list>
<pin id="1976" dir="0" index="0" bw="12" slack="0"/>
<pin id="1977" dir="1" index="1" bw="13" slack="0"/>
</pin_list>
<bind>
<opcode="sext(35) " fcode="sext"/>
<opset="sext_ln840_124/1 "/>
</bind>
</comp>

<comp id="1979" class="1004" name="sub_ln840_33_fu_1979">
<pin_list>
<pin id="1980" dir="0" index="0" bw="9" slack="0"/>
<pin id="1981" dir="0" index="1" bw="8" slack="0"/>
<pin id="1982" dir="1" index="2" bw="10" slack="0"/>
</pin_list>
<bind>
<opcode="sub(10) " fcode="sub"/>
<opset="sub_ln840_33/1 "/>
</bind>
</comp>

<comp id="1985" class="1004" name="add_ln840_91_fu_1985">
<pin_list>
<pin id="1986" dir="0" index="0" bw="10" slack="0"/>
<pin id="1987" dir="0" index="1" bw="9" slack="0"/>
<pin id="1988" dir="1" index="2" bw="10" slack="0"/>
</pin_list>
<bind>
<opcode="add(8) " fcode="add"/>
<opset="add_ln840_91/1 "/>
</bind>
</comp>

<comp id="1991" class="1004" name="sext_ln840_125_fu_1991">
<pin_list>
<pin id="1992" dir="0" index="0" bw="10" slack="0"/>
<pin id="1993" dir="1" index="1" bw="11" slack="0"/>
</pin_list>
<bind>
<opcode="sext(35) " fcode="sext"/>
<opset="sext_ln840_125/1 "/>
</bind>
</comp>

<comp id="1995" class="1004" name="sext_ln840_126_fu_1995">
<pin_list>
<pin id="1996" dir="0" index="0" bw="8" slack="0"/>
<pin id="1997" dir="1" index="1" bw="10" slack="0"/>
</pin_list>
<bind>
<opcode="sext(35) " fcode="sext"/>
<opset="sext_ln840_126/1 "/>
</bind>
</comp>

<comp id="1999" class="1004" name="sext_ln840_127_fu_1999">
<pin_list>
<pin id="2000" dir="0" index="0" bw="9" slack="0"/>
<pin id="2001" dir="1" index="1" bw="10" slack="0"/>
</pin_list>
<bind>
<opcode="sext(35) " fcode="sext"/>
<opset="sext_ln840_127/1 "/>
</bind>
</comp>

<comp id="2003" class="1004" name="sub_ln840_34_fu_2003">
<pin_list>
<pin id="2004" dir="0" index="0" bw="9" slack="0"/>
<pin id="2005" dir="0" index="1" bw="8" slack="0"/>
<pin id="2006" dir="1" index="2" bw="10" slack="0"/>
</pin_list>
<bind>
<opcode="sub(10) " fcode="sub"/>
<opset="sub_ln840_34/1 "/>
</bind>
</comp>

<comp id="2009" class="1004" name="add_ln840_92_fu_2009">
<pin_list>
<pin id="2010" dir="0" index="0" bw="10" slack="0"/>
<pin id="2011" dir="0" index="1" bw="9" slack="0"/>
<pin id="2012" dir="1" index="2" bw="10" slack="0"/>
</pin_list>
<bind>
<opcode="add(8) " fcode="add"/>
<opset="add_ln840_92/1 "/>
</bind>
</comp>

<comp id="2015" class="1004" name="sext_ln840_128_fu_2015">
<pin_list>
<pin id="2016" dir="0" index="0" bw="10" slack="0"/>
<pin id="2017" dir="1" index="1" bw="11" slack="0"/>
</pin_list>
<bind>
<opcode="sext(35) " fcode="sext"/>
<opset="sext_ln840_128/1 "/>
</bind>
</comp>

<comp id="2019" class="1004" name="add_ln840_93_fu_2019">
<pin_list>
<pin id="2020" dir="0" index="0" bw="10" slack="0"/>
<pin id="2021" dir="0" index="1" bw="10" slack="0"/>
<pin id="2022" dir="1" index="2" bw="11" slack="0"/>
</pin_list>
<bind>
<opcode="add(8) " fcode="add"/>
<opset="add_ln840_93/1 "/>
</bind>
</comp>

<comp id="2025" class="1004" name="sext_ln840_129_fu_2025">
<pin_list>
<pin id="2026" dir="0" index="0" bw="11" slack="0"/>
<pin id="2027" dir="1" index="1" bw="12" slack="0"/>
</pin_list>
<bind>
<opcode="sext(35) " fcode="sext"/>
<opset="sext_ln840_129/1 "/>
</bind>
</comp>

<comp id="2029" class="1004" name="sext_ln840_130_fu_2029">
<pin_list>
<pin id="2030" dir="0" index="0" bw="9" slack="0"/>
<pin id="2031" dir="1" index="1" bw="10" slack="0"/>
</pin_list>
<bind>
<opcode="sext(35) " fcode="sext"/>
<opset="sext_ln840_130/1 "/>
</bind>
</comp>

<comp id="2033" class="1004" name="sub_ln840_35_fu_2033">
<pin_list>
<pin id="2034" dir="0" index="0" bw="9" slack="0"/>
<pin id="2035" dir="0" index="1" bw="8" slack="0"/>
<pin id="2036" dir="1" index="2" bw="10" slack="0"/>
</pin_list>
<bind>
<opcode="sub(10) " fcode="sub"/>
<opset="sub_ln840_35/1 "/>
</bind>
</comp>

<comp id="2039" class="1004" name="add_ln840_94_fu_2039">
<pin_list>
<pin id="2040" dir="0" index="0" bw="10" slack="0"/>
<pin id="2041" dir="0" index="1" bw="9" slack="0"/>
<pin id="2042" dir="1" index="2" bw="10" slack="0"/>
</pin_list>
<bind>
<opcode="add(8) " fcode="add"/>
<opset="add_ln840_94/1 "/>
</bind>
</comp>

<comp id="2045" class="1004" name="sext_ln840_131_fu_2045">
<pin_list>
<pin id="2046" dir="0" index="0" bw="10" slack="0"/>
<pin id="2047" dir="1" index="1" bw="11" slack="0"/>
</pin_list>
<bind>
<opcode="sext(35) " fcode="sext"/>
<opset="sext_ln840_131/1 "/>
</bind>
</comp>

<comp id="2049" class="1004" name="sub_ln840_36_fu_2049">
<pin_list>
<pin id="2050" dir="0" index="0" bw="8" slack="0"/>
<pin id="2051" dir="0" index="1" bw="8" slack="0"/>
<pin id="2052" dir="1" index="2" bw="9" slack="0"/>
</pin_list>
<bind>
<opcode="sub(10) " fcode="sub"/>
<opset="sub_ln840_36/1 "/>
</bind>
</comp>

<comp id="2055" class="1004" name="sext_ln840_132_fu_2055">
<pin_list>
<pin id="2056" dir="0" index="0" bw="8" slack="0"/>
<pin id="2057" dir="1" index="1" bw="10" slack="0"/>
</pin_list>
<bind>
<opcode="sext(35) " fcode="sext"/>
<opset="sext_ln840_132/1 "/>
</bind>
</comp>

<comp id="2059" class="1004" name="sext_ln840_133_fu_2059">
<pin_list>
<pin id="2060" dir="0" index="0" bw="9" slack="0"/>
<pin id="2061" dir="1" index="1" bw="10" slack="0"/>
</pin_list>
<bind>
<opcode="sext(35) " fcode="sext"/>
<opset="sext_ln840_133/1 "/>
</bind>
</comp>

<comp id="2063" class="1004" name="sub_ln840_37_fu_2063">
<pin_list>
<pin id="2064" dir="0" index="0" bw="9" slack="0"/>
<pin id="2065" dir="0" index="1" bw="8" slack="0"/>
<pin id="2066" dir="1" index="2" bw="10" slack="0"/>
</pin_list>
<bind>
<opcode="sub(10) " fcode="sub"/>
<opset="sub_ln840_37/1 "/>
</bind>
</comp>

<comp id="2069" class="1004" name="sext_ln840_134_fu_2069">
<pin_list>
<pin id="2070" dir="0" index="0" bw="10" slack="0"/>
<pin id="2071" dir="1" index="1" bw="11" slack="0"/>
</pin_list>
<bind>
<opcode="sext(35) " fcode="sext"/>
<opset="sext_ln840_134/1 "/>
</bind>
</comp>

<comp id="2073" class="1004" name="add_ln840_95_fu_2073">
<pin_list>
<pin id="2074" dir="0" index="0" bw="10" slack="0"/>
<pin id="2075" dir="0" index="1" bw="10" slack="0"/>
<pin id="2076" dir="1" index="2" bw="11" slack="0"/>
</pin_list>
<bind>
<opcode="add(8) " fcode="add"/>
<opset="add_ln840_95/1 "/>
</bind>
</comp>

<comp id="2079" class="1004" name="sext_ln840_135_fu_2079">
<pin_list>
<pin id="2080" dir="0" index="0" bw="11" slack="0"/>
<pin id="2081" dir="1" index="1" bw="12" slack="0"/>
</pin_list>
<bind>
<opcode="sext(35) " fcode="sext"/>
<opset="sext_ln840_135/1 "/>
</bind>
</comp>

<comp id="2083" class="1004" name="add_ln840_96_fu_2083">
<pin_list>
<pin id="2084" dir="0" index="0" bw="11" slack="0"/>
<pin id="2085" dir="0" index="1" bw="11" slack="0"/>
<pin id="2086" dir="1" index="2" bw="12" slack="0"/>
</pin_list>
<bind>
<opcode="add(8) " fcode="add"/>
<opset="add_ln840_96/1 "/>
</bind>
</comp>

<comp id="2089" class="1004" name="sext_ln840_136_fu_2089">
<pin_list>
<pin id="2090" dir="0" index="0" bw="12" slack="0"/>
<pin id="2091" dir="1" index="1" bw="13" slack="0"/>
</pin_list>
<bind>
<opcode="sext(35) " fcode="sext"/>
<opset="sext_ln840_136/1 "/>
</bind>
</comp>

<comp id="2093" class="1004" name="add_ln840_97_fu_2093">
<pin_list>
<pin id="2094" dir="0" index="0" bw="12" slack="0"/>
<pin id="2095" dir="0" index="1" bw="12" slack="0"/>
<pin id="2096" dir="1" index="2" bw="13" slack="0"/>
</pin_list>
<bind>
<opcode="add(8) " fcode="add"/>
<opset="add_ln840_97/1 "/>
</bind>
</comp>

<comp id="2099" class="1004" name="result_V_fu_2099">
<pin_list>
<pin id="2100" dir="0" index="0" bw="13" slack="0"/>
<pin id="2101" dir="0" index="1" bw="8" slack="0"/>
<pin id="2102" dir="1" index="2" bw="1" slack="1"/>
</pin_list>
<bind>
<opcode="icmp(45) " fcode="icmp"/>
<opset="result_V/1 "/>
</bind>
</comp>

<comp id="2105" class="1004" name="result_V_1_fu_2105">
<pin_list>
<pin id="2106" dir="0" index="0" bw="13" slack="0"/>
<pin id="2107" dir="0" index="1" bw="12" slack="0"/>
<pin id="2108" dir="1" index="2" bw="1" slack="1"/>
</pin_list>
<bind>
<opcode="icmp(45) " fcode="icmp"/>
<opset="result_V_1/1 "/>
</bind>
</comp>

<comp id="2111" class="1004" name="result_V_2_fu_2111">
<pin_list>
<pin id="2112" dir="0" index="0" bw="13" slack="0"/>
<pin id="2113" dir="0" index="1" bw="8" slack="0"/>
<pin id="2114" dir="1" index="2" bw="1" slack="1"/>
</pin_list>
<bind>
<opcode="icmp(45) " fcode="icmp"/>
<opset="result_V_2/1 "/>
</bind>
</comp>

<comp id="2117" class="1004" name="result_V_3_fu_2117">
<pin_list>
<pin id="2118" dir="0" index="0" bw="13" slack="0"/>
<pin id="2119" dir="0" index="1" bw="11" slack="0"/>
<pin id="2120" dir="1" index="2" bw="1" slack="1"/>
</pin_list>
<bind>
<opcode="icmp(45) " fcode="icmp"/>
<opset="result_V_3/1 "/>
</bind>
</comp>

<comp id="2123" class="1004" name="result_V_4_fu_2123">
<pin_list>
<pin id="2124" dir="0" index="0" bw="13" slack="0"/>
<pin id="2125" dir="0" index="1" bw="11" slack="0"/>
<pin id="2126" dir="1" index="2" bw="1" slack="1"/>
</pin_list>
<bind>
<opcode="icmp(45) " fcode="icmp"/>
<opset="result_V_4/1 "/>
</bind>
</comp>

<comp id="2129" class="1004" name="result_V_5_fu_2129">
<pin_list>
<pin id="2130" dir="0" index="0" bw="13" slack="0"/>
<pin id="2131" dir="0" index="1" bw="13" slack="0"/>
<pin id="2132" dir="1" index="2" bw="1" slack="1"/>
</pin_list>
<bind>
<opcode="icmp(45) " fcode="icmp"/>
<opset="result_V_5/1 "/>
</bind>
</comp>

<comp id="2135" class="1004" name="store_ln123_store_fu_2135">
<pin_list>
<pin id="2136" dir="0" index="0" bw="10" slack="0"/>
<pin id="2137" dir="0" index="1" bw="10" slack="0"/>
<pin id="2138" dir="1" index="2" bw="0" slack="2147483647"/>
</pin_list>
<bind>
<opcode="store(28) " fcode="store"/>
<opset="store_ln123/1 "/>
</bind>
</comp>

<comp id="2140" class="1004" name="p_Result_s_fu_2140">
<pin_list>
<pin id="2141" dir="0" index="0" bw="6" slack="0"/>
<pin id="2142" dir="0" index="1" bw="1" slack="1"/>
<pin id="2143" dir="0" index="2" bw="1" slack="1"/>
<pin id="2144" dir="0" index="3" bw="1" slack="1"/>
<pin id="2145" dir="0" index="4" bw="1" slack="1"/>
<pin id="2146" dir="0" index="5" bw="1" slack="1"/>
<pin id="2147" dir="0" index="6" bw="1" slack="1"/>
<pin id="2148" dir="1" index="7" bw="6" slack="0"/>
</pin_list>
<bind>
<opcode="bitconcatenate(1004) " fcode="bitconcatenate"/>
<opset="p_Result_s/2 "/>
</bind>
</comp>

<comp id="2150" class="1004" name="zext_ln171_fu_2150">
<pin_list>
<pin id="2151" dir="0" index="0" bw="6" slack="0"/>
<pin id="2152" dir="1" index="1" bw="8" slack="0"/>
</pin_list>
<bind>
<opcode="zext(34) " fcode="zext"/>
<opset="zext_ln171/2 "/>
</bind>
</comp>

<comp id="2155" class="1005" name="i_reg_2155">
<pin_list>
<pin id="2156" dir="0" index="0" bw="10" slack="0"/>
<pin id="2157" dir="1" index="1" bw="10" slack="0"/>
</pin_list>
<bind>
<opset="i "/>
</bind>
</comp>

<comp id="2162" class="1005" name="icmp_ln123_reg_2162">
<pin_list>
<pin id="2163" dir="0" index="0" bw="1" slack="1"/>
<pin id="2164" dir="1" index="1" bw="1" slack="2147483647"/>
</pin_list>
<bind>
<opset="icmp_ln123 "/>
</bind>
</comp>

<comp id="2166" class="1005" name="result_V_reg_2166">
<pin_list>
<pin id="2167" dir="0" index="0" bw="1" slack="1"/>
<pin id="2168" dir="1" index="1" bw="1" slack="1"/>
</pin_list>
<bind>
<opset="result_V "/>
</bind>
</comp>

<comp id="2171" class="1005" name="result_V_1_reg_2171">
<pin_list>
<pin id="2172" dir="0" index="0" bw="1" slack="1"/>
<pin id="2173" dir="1" index="1" bw="1" slack="1"/>
</pin_list>
<bind>
<opset="result_V_1 "/>
</bind>
</comp>

<comp id="2176" class="1005" name="result_V_2_reg_2176">
<pin_list>
<pin id="2177" dir="0" index="0" bw="1" slack="1"/>
<pin id="2178" dir="1" index="1" bw="1" slack="1"/>
</pin_list>
<bind>
<opset="result_V_2 "/>
</bind>
</comp>

<comp id="2181" class="1005" name="result_V_3_reg_2181">
<pin_list>
<pin id="2182" dir="0" index="0" bw="1" slack="1"/>
<pin id="2183" dir="1" index="1" bw="1" slack="1"/>
</pin_list>
<bind>
<opset="result_V_3 "/>
</bind>
</comp>

<comp id="2186" class="1005" name="result_V_4_reg_2186">
<pin_list>
<pin id="2187" dir="0" index="0" bw="1" slack="1"/>
<pin id="2188" dir="1" index="1" bw="1" slack="1"/>
</pin_list>
<bind>
<opset="result_V_4 "/>
</bind>
</comp>

<comp id="2191" class="1005" name="result_V_5_reg_2191">
<pin_list>
<pin id="2192" dir="0" index="0" bw="1" slack="1"/>
<pin id="2193" dir="1" index="1" bw="1" slack="1"/>
</pin_list>
<bind>
<opset="result_V_5 "/>
</bind>
</comp>

</comp_list>

<net_list>
<net id="157"><net_src comp="4" pin="0"/><net_sink comp="154" pin=0"/></net>

<net id="162"><net_src comp="28" pin="0"/><net_sink comp="158" pin=0"/></net>

<net id="163"><net_src comp="0" pin="0"/><net_sink comp="158" pin=1"/></net>

<net id="169"><net_src comp="152" pin="0"/><net_sink comp="164" pin=0"/></net>

<net id="170"><net_src comp="2" pin="0"/><net_sink comp="164" pin=1"/></net>

<net id="175"><net_src comp="18" pin="0"/><net_sink comp="171" pin=0"/></net>

<net id="183"><net_src comp="176" pin="1"/><net_sink comp="179" pin=0"/></net>

<net id="184"><net_src comp="20" pin="0"/><net_sink comp="179" pin=1"/></net>

<net id="189"><net_src comp="176" pin="1"/><net_sink comp="185" pin=0"/></net>

<net id="190"><net_src comp="26" pin="0"/><net_sink comp="185" pin=1"/></net>

<net id="194"><net_src comp="158" pin="2"/><net_sink comp="191" pin=0"/></net>

<net id="198"><net_src comp="191" pin="1"/><net_sink comp="195" pin=0"/></net>

<net id="203"><net_src comp="30" pin="0"/><net_sink comp="199" pin=0"/></net>

<net id="204"><net_src comp="195" pin="1"/><net_sink comp="199" pin=1"/></net>

<net id="211"><net_src comp="32" pin="0"/><net_sink comp="205" pin=0"/></net>

<net id="212"><net_src comp="158" pin="2"/><net_sink comp="205" pin=1"/></net>

<net id="213"><net_src comp="34" pin="0"/><net_sink comp="205" pin=2"/></net>

<net id="214"><net_src comp="36" pin="0"/><net_sink comp="205" pin=3"/></net>

<net id="218"><net_src comp="205" pin="4"/><net_sink comp="215" pin=0"/></net>

<net id="222"><net_src comp="205" pin="4"/><net_sink comp="219" pin=0"/></net>

<net id="229"><net_src comp="32" pin="0"/><net_sink comp="223" pin=0"/></net>

<net id="230"><net_src comp="158" pin="2"/><net_sink comp="223" pin=1"/></net>

<net id="231"><net_src comp="38" pin="0"/><net_sink comp="223" pin=2"/></net>

<net id="232"><net_src comp="40" pin="0"/><net_sink comp="223" pin=3"/></net>

<net id="236"><net_src comp="223" pin="4"/><net_sink comp="233" pin=0"/></net>

<net id="240"><net_src comp="223" pin="4"/><net_sink comp="237" pin=0"/></net>

<net id="247"><net_src comp="32" pin="0"/><net_sink comp="241" pin=0"/></net>

<net id="248"><net_src comp="158" pin="2"/><net_sink comp="241" pin=1"/></net>

<net id="249"><net_src comp="42" pin="0"/><net_sink comp="241" pin=2"/></net>

<net id="250"><net_src comp="44" pin="0"/><net_sink comp="241" pin=3"/></net>

<net id="254"><net_src comp="241" pin="4"/><net_sink comp="251" pin=0"/></net>

<net id="261"><net_src comp="32" pin="0"/><net_sink comp="255" pin=0"/></net>

<net id="262"><net_src comp="158" pin="2"/><net_sink comp="255" pin=1"/></net>

<net id="263"><net_src comp="46" pin="0"/><net_sink comp="255" pin=2"/></net>

<net id="264"><net_src comp="48" pin="0"/><net_sink comp="255" pin=3"/></net>

<net id="268"><net_src comp="255" pin="4"/><net_sink comp="265" pin=0"/></net>

<net id="273"><net_src comp="30" pin="0"/><net_sink comp="269" pin=0"/></net>

<net id="274"><net_src comp="265" pin="1"/><net_sink comp="269" pin=1"/></net>

<net id="278"><net_src comp="269" pin="2"/><net_sink comp="275" pin=0"/></net>

<net id="285"><net_src comp="32" pin="0"/><net_sink comp="279" pin=0"/></net>

<net id="286"><net_src comp="158" pin="2"/><net_sink comp="279" pin=1"/></net>

<net id="287"><net_src comp="50" pin="0"/><net_sink comp="279" pin=2"/></net>

<net id="288"><net_src comp="52" pin="0"/><net_sink comp="279" pin=3"/></net>

<net id="292"><net_src comp="279" pin="4"/><net_sink comp="289" pin=0"/></net>

<net id="297"><net_src comp="30" pin="0"/><net_sink comp="293" pin=0"/></net>

<net id="298"><net_src comp="289" pin="1"/><net_sink comp="293" pin=1"/></net>

<net id="305"><net_src comp="32" pin="0"/><net_sink comp="299" pin=0"/></net>

<net id="306"><net_src comp="158" pin="2"/><net_sink comp="299" pin=1"/></net>

<net id="307"><net_src comp="54" pin="0"/><net_sink comp="299" pin=2"/></net>

<net id="308"><net_src comp="56" pin="0"/><net_sink comp="299" pin=3"/></net>

<net id="312"><net_src comp="299" pin="4"/><net_sink comp="309" pin=0"/></net>

<net id="317"><net_src comp="30" pin="0"/><net_sink comp="313" pin=0"/></net>

<net id="318"><net_src comp="309" pin="1"/><net_sink comp="313" pin=1"/></net>

<net id="322"><net_src comp="313" pin="2"/><net_sink comp="319" pin=0"/></net>

<net id="329"><net_src comp="32" pin="0"/><net_sink comp="323" pin=0"/></net>

<net id="330"><net_src comp="158" pin="2"/><net_sink comp="323" pin=1"/></net>

<net id="331"><net_src comp="58" pin="0"/><net_sink comp="323" pin=2"/></net>

<net id="332"><net_src comp="60" pin="0"/><net_sink comp="323" pin=3"/></net>

<net id="336"><net_src comp="323" pin="4"/><net_sink comp="333" pin=0"/></net>

<net id="341"><net_src comp="30" pin="0"/><net_sink comp="337" pin=0"/></net>

<net id="342"><net_src comp="333" pin="1"/><net_sink comp="337" pin=1"/></net>

<net id="346"><net_src comp="337" pin="2"/><net_sink comp="343" pin=0"/></net>

<net id="353"><net_src comp="32" pin="0"/><net_sink comp="347" pin=0"/></net>

<net id="354"><net_src comp="158" pin="2"/><net_sink comp="347" pin=1"/></net>

<net id="355"><net_src comp="62" pin="0"/><net_sink comp="347" pin=2"/></net>

<net id="356"><net_src comp="64" pin="0"/><net_sink comp="347" pin=3"/></net>

<net id="360"><net_src comp="347" pin="4"/><net_sink comp="357" pin=0"/></net>

<net id="365"><net_src comp="30" pin="0"/><net_sink comp="361" pin=0"/></net>

<net id="366"><net_src comp="357" pin="1"/><net_sink comp="361" pin=1"/></net>

<net id="370"><net_src comp="361" pin="2"/><net_sink comp="367" pin=0"/></net>

<net id="377"><net_src comp="32" pin="0"/><net_sink comp="371" pin=0"/></net>

<net id="378"><net_src comp="158" pin="2"/><net_sink comp="371" pin=1"/></net>

<net id="379"><net_src comp="66" pin="0"/><net_sink comp="371" pin=2"/></net>

<net id="380"><net_src comp="68" pin="0"/><net_sink comp="371" pin=3"/></net>

<net id="384"><net_src comp="371" pin="4"/><net_sink comp="381" pin=0"/></net>

<net id="389"><net_src comp="30" pin="0"/><net_sink comp="385" pin=0"/></net>

<net id="390"><net_src comp="381" pin="1"/><net_sink comp="385" pin=1"/></net>

<net id="394"><net_src comp="385" pin="2"/><net_sink comp="391" pin=0"/></net>

<net id="401"><net_src comp="32" pin="0"/><net_sink comp="395" pin=0"/></net>

<net id="402"><net_src comp="158" pin="2"/><net_sink comp="395" pin=1"/></net>

<net id="403"><net_src comp="70" pin="0"/><net_sink comp="395" pin=2"/></net>

<net id="404"><net_src comp="72" pin="0"/><net_sink comp="395" pin=3"/></net>

<net id="408"><net_src comp="395" pin="4"/><net_sink comp="405" pin=0"/></net>

<net id="413"><net_src comp="30" pin="0"/><net_sink comp="409" pin=0"/></net>

<net id="414"><net_src comp="405" pin="1"/><net_sink comp="409" pin=1"/></net>

<net id="418"><net_src comp="409" pin="2"/><net_sink comp="415" pin=0"/></net>

<net id="425"><net_src comp="32" pin="0"/><net_sink comp="419" pin=0"/></net>

<net id="426"><net_src comp="158" pin="2"/><net_sink comp="419" pin=1"/></net>

<net id="427"><net_src comp="74" pin="0"/><net_sink comp="419" pin=2"/></net>

<net id="428"><net_src comp="76" pin="0"/><net_sink comp="419" pin=3"/></net>

<net id="432"><net_src comp="419" pin="4"/><net_sink comp="429" pin=0"/></net>

<net id="437"><net_src comp="30" pin="0"/><net_sink comp="433" pin=0"/></net>

<net id="438"><net_src comp="429" pin="1"/><net_sink comp="433" pin=1"/></net>

<net id="442"><net_src comp="433" pin="2"/><net_sink comp="439" pin=0"/></net>

<net id="449"><net_src comp="32" pin="0"/><net_sink comp="443" pin=0"/></net>

<net id="450"><net_src comp="158" pin="2"/><net_sink comp="443" pin=1"/></net>

<net id="451"><net_src comp="78" pin="0"/><net_sink comp="443" pin=2"/></net>

<net id="452"><net_src comp="80" pin="0"/><net_sink comp="443" pin=3"/></net>

<net id="456"><net_src comp="443" pin="4"/><net_sink comp="453" pin=0"/></net>

<net id="461"><net_src comp="30" pin="0"/><net_sink comp="457" pin=0"/></net>

<net id="462"><net_src comp="453" pin="1"/><net_sink comp="457" pin=1"/></net>

<net id="466"><net_src comp="457" pin="2"/><net_sink comp="463" pin=0"/></net>

<net id="473"><net_src comp="32" pin="0"/><net_sink comp="467" pin=0"/></net>

<net id="474"><net_src comp="158" pin="2"/><net_sink comp="467" pin=1"/></net>

<net id="475"><net_src comp="82" pin="0"/><net_sink comp="467" pin=2"/></net>

<net id="476"><net_src comp="84" pin="0"/><net_sink comp="467" pin=3"/></net>

<net id="480"><net_src comp="467" pin="4"/><net_sink comp="477" pin=0"/></net>

<net id="485"><net_src comp="30" pin="0"/><net_sink comp="481" pin=0"/></net>

<net id="486"><net_src comp="477" pin="1"/><net_sink comp="481" pin=1"/></net>

<net id="490"><net_src comp="481" pin="2"/><net_sink comp="487" pin=0"/></net>

<net id="497"><net_src comp="32" pin="0"/><net_sink comp="491" pin=0"/></net>

<net id="498"><net_src comp="158" pin="2"/><net_sink comp="491" pin=1"/></net>

<net id="499"><net_src comp="86" pin="0"/><net_sink comp="491" pin=2"/></net>

<net id="500"><net_src comp="88" pin="0"/><net_sink comp="491" pin=3"/></net>

<net id="504"><net_src comp="491" pin="4"/><net_sink comp="501" pin=0"/></net>

<net id="509"><net_src comp="30" pin="0"/><net_sink comp="505" pin=0"/></net>

<net id="510"><net_src comp="501" pin="1"/><net_sink comp="505" pin=1"/></net>

<net id="514"><net_src comp="505" pin="2"/><net_sink comp="511" pin=0"/></net>

<net id="521"><net_src comp="32" pin="0"/><net_sink comp="515" pin=0"/></net>

<net id="522"><net_src comp="158" pin="2"/><net_sink comp="515" pin=1"/></net>

<net id="523"><net_src comp="90" pin="0"/><net_sink comp="515" pin=2"/></net>

<net id="524"><net_src comp="92" pin="0"/><net_sink comp="515" pin=3"/></net>

<net id="528"><net_src comp="515" pin="4"/><net_sink comp="525" pin=0"/></net>

<net id="533"><net_src comp="30" pin="0"/><net_sink comp="529" pin=0"/></net>

<net id="534"><net_src comp="525" pin="1"/><net_sink comp="529" pin=1"/></net>

<net id="538"><net_src comp="529" pin="2"/><net_sink comp="535" pin=0"/></net>

<net id="545"><net_src comp="32" pin="0"/><net_sink comp="539" pin=0"/></net>

<net id="546"><net_src comp="158" pin="2"/><net_sink comp="539" pin=1"/></net>

<net id="547"><net_src comp="94" pin="0"/><net_sink comp="539" pin=2"/></net>

<net id="548"><net_src comp="96" pin="0"/><net_sink comp="539" pin=3"/></net>

<net id="552"><net_src comp="539" pin="4"/><net_sink comp="549" pin=0"/></net>

<net id="557"><net_src comp="30" pin="0"/><net_sink comp="553" pin=0"/></net>

<net id="558"><net_src comp="549" pin="1"/><net_sink comp="553" pin=1"/></net>

<net id="562"><net_src comp="553" pin="2"/><net_sink comp="559" pin=0"/></net>

<net id="569"><net_src comp="32" pin="0"/><net_sink comp="563" pin=0"/></net>

<net id="570"><net_src comp="158" pin="2"/><net_sink comp="563" pin=1"/></net>

<net id="571"><net_src comp="98" pin="0"/><net_sink comp="563" pin=2"/></net>

<net id="572"><net_src comp="100" pin="0"/><net_sink comp="563" pin=3"/></net>

<net id="576"><net_src comp="563" pin="4"/><net_sink comp="573" pin=0"/></net>

<net id="581"><net_src comp="30" pin="0"/><net_sink comp="577" pin=0"/></net>

<net id="582"><net_src comp="573" pin="1"/><net_sink comp="577" pin=1"/></net>

<net id="586"><net_src comp="577" pin="2"/><net_sink comp="583" pin=0"/></net>

<net id="593"><net_src comp="32" pin="0"/><net_sink comp="587" pin=0"/></net>

<net id="594"><net_src comp="158" pin="2"/><net_sink comp="587" pin=1"/></net>

<net id="595"><net_src comp="102" pin="0"/><net_sink comp="587" pin=2"/></net>

<net id="596"><net_src comp="104" pin="0"/><net_sink comp="587" pin=3"/></net>

<net id="600"><net_src comp="587" pin="4"/><net_sink comp="597" pin=0"/></net>

<net id="605"><net_src comp="30" pin="0"/><net_sink comp="601" pin=0"/></net>

<net id="606"><net_src comp="597" pin="1"/><net_sink comp="601" pin=1"/></net>

<net id="610"><net_src comp="601" pin="2"/><net_sink comp="607" pin=0"/></net>

<net id="617"><net_src comp="32" pin="0"/><net_sink comp="611" pin=0"/></net>

<net id="618"><net_src comp="158" pin="2"/><net_sink comp="611" pin=1"/></net>

<net id="619"><net_src comp="106" pin="0"/><net_sink comp="611" pin=2"/></net>

<net id="620"><net_src comp="108" pin="0"/><net_sink comp="611" pin=3"/></net>

<net id="624"><net_src comp="611" pin="4"/><net_sink comp="621" pin=0"/></net>

<net id="629"><net_src comp="30" pin="0"/><net_sink comp="625" pin=0"/></net>

<net id="630"><net_src comp="621" pin="1"/><net_sink comp="625" pin=1"/></net>

<net id="637"><net_src comp="32" pin="0"/><net_sink comp="631" pin=0"/></net>

<net id="638"><net_src comp="158" pin="2"/><net_sink comp="631" pin=1"/></net>

<net id="639"><net_src comp="110" pin="0"/><net_sink comp="631" pin=2"/></net>

<net id="640"><net_src comp="112" pin="0"/><net_sink comp="631" pin=3"/></net>

<net id="644"><net_src comp="631" pin="4"/><net_sink comp="641" pin=0"/></net>

<net id="651"><net_src comp="32" pin="0"/><net_sink comp="645" pin=0"/></net>

<net id="652"><net_src comp="158" pin="2"/><net_sink comp="645" pin=1"/></net>

<net id="653"><net_src comp="114" pin="0"/><net_sink comp="645" pin=2"/></net>

<net id="654"><net_src comp="116" pin="0"/><net_sink comp="645" pin=3"/></net>

<net id="658"><net_src comp="645" pin="4"/><net_sink comp="655" pin=0"/></net>

<net id="662"><net_src comp="645" pin="4"/><net_sink comp="659" pin=0"/></net>

<net id="669"><net_src comp="32" pin="0"/><net_sink comp="663" pin=0"/></net>

<net id="670"><net_src comp="158" pin="2"/><net_sink comp="663" pin=1"/></net>

<net id="671"><net_src comp="118" pin="0"/><net_sink comp="663" pin=2"/></net>

<net id="672"><net_src comp="120" pin="0"/><net_sink comp="663" pin=3"/></net>

<net id="676"><net_src comp="663" pin="4"/><net_sink comp="673" pin=0"/></net>

<net id="680"><net_src comp="663" pin="4"/><net_sink comp="677" pin=0"/></net>

<net id="687"><net_src comp="32" pin="0"/><net_sink comp="681" pin=0"/></net>

<net id="688"><net_src comp="158" pin="2"/><net_sink comp="681" pin=1"/></net>

<net id="689"><net_src comp="122" pin="0"/><net_sink comp="681" pin=2"/></net>

<net id="690"><net_src comp="124" pin="0"/><net_sink comp="681" pin=3"/></net>

<net id="694"><net_src comp="681" pin="4"/><net_sink comp="691" pin=0"/></net>

<net id="701"><net_src comp="32" pin="0"/><net_sink comp="695" pin=0"/></net>

<net id="702"><net_src comp="158" pin="2"/><net_sink comp="695" pin=1"/></net>

<net id="703"><net_src comp="126" pin="0"/><net_sink comp="695" pin=2"/></net>

<net id="704"><net_src comp="128" pin="0"/><net_sink comp="695" pin=3"/></net>

<net id="708"><net_src comp="695" pin="4"/><net_sink comp="705" pin=0"/></net>

<net id="713"><net_src comp="30" pin="0"/><net_sink comp="709" pin=0"/></net>

<net id="714"><net_src comp="705" pin="1"/><net_sink comp="709" pin=1"/></net>

<net id="719"><net_src comp="219" pin="1"/><net_sink comp="715" pin=0"/></net>

<net id="720"><net_src comp="195" pin="1"/><net_sink comp="715" pin=1"/></net>

<net id="724"><net_src comp="715" pin="2"/><net_sink comp="721" pin=0"/></net>

<net id="728"><net_src comp="255" pin="4"/><net_sink comp="725" pin=0"/></net>

<net id="732"><net_src comp="293" pin="2"/><net_sink comp="729" pin=0"/></net>

<net id="737"><net_src comp="729" pin="1"/><net_sink comp="733" pin=0"/></net>

<net id="738"><net_src comp="725" pin="1"/><net_sink comp="733" pin=1"/></net>

<net id="743"><net_src comp="733" pin="2"/><net_sink comp="739" pin=0"/></net>

<net id="744"><net_src comp="721" pin="1"/><net_sink comp="739" pin=1"/></net>

<net id="748"><net_src comp="739" pin="2"/><net_sink comp="745" pin=0"/></net>

<net id="752"><net_src comp="323" pin="4"/><net_sink comp="749" pin=0"/></net>

<net id="757"><net_src comp="367" pin="1"/><net_sink comp="753" pin=0"/></net>

<net id="758"><net_src comp="749" pin="1"/><net_sink comp="753" pin=1"/></net>

<net id="763"><net_src comp="753" pin="2"/><net_sink comp="759" pin=0"/></net>

<net id="764"><net_src comp="319" pin="1"/><net_sink comp="759" pin=1"/></net>

<net id="768"><net_src comp="759" pin="2"/><net_sink comp="765" pin=0"/></net>

<net id="773"><net_src comp="765" pin="1"/><net_sink comp="769" pin=0"/></net>

<net id="774"><net_src comp="745" pin="1"/><net_sink comp="769" pin=1"/></net>

<net id="778"><net_src comp="769" pin="2"/><net_sink comp="775" pin=0"/></net>

<net id="782"><net_src comp="395" pin="4"/><net_sink comp="779" pin=0"/></net>

<net id="787"><net_src comp="439" pin="1"/><net_sink comp="783" pin=0"/></net>

<net id="788"><net_src comp="779" pin="1"/><net_sink comp="783" pin=1"/></net>

<net id="793"><net_src comp="783" pin="2"/><net_sink comp="789" pin=0"/></net>

<net id="794"><net_src comp="391" pin="1"/><net_sink comp="789" pin=1"/></net>

<net id="798"><net_src comp="789" pin="2"/><net_sink comp="795" pin=0"/></net>

<net id="802"><net_src comp="467" pin="4"/><net_sink comp="799" pin=0"/></net>

<net id="807"><net_src comp="511" pin="1"/><net_sink comp="803" pin=0"/></net>

<net id="808"><net_src comp="799" pin="1"/><net_sink comp="803" pin=1"/></net>

<net id="813"><net_src comp="803" pin="2"/><net_sink comp="809" pin=0"/></net>

<net id="814"><net_src comp="463" pin="1"/><net_sink comp="809" pin=1"/></net>

<net id="818"><net_src comp="809" pin="2"/><net_sink comp="815" pin=0"/></net>

<net id="823"><net_src comp="815" pin="1"/><net_sink comp="819" pin=0"/></net>

<net id="824"><net_src comp="795" pin="1"/><net_sink comp="819" pin=1"/></net>

<net id="828"><net_src comp="819" pin="2"/><net_sink comp="825" pin=0"/></net>

<net id="833"><net_src comp="825" pin="1"/><net_sink comp="829" pin=0"/></net>

<net id="834"><net_src comp="775" pin="1"/><net_sink comp="829" pin=1"/></net>

<net id="838"><net_src comp="829" pin="2"/><net_sink comp="835" pin=0"/></net>

<net id="842"><net_src comp="539" pin="4"/><net_sink comp="839" pin=0"/></net>

<net id="847"><net_src comp="583" pin="1"/><net_sink comp="843" pin=0"/></net>

<net id="848"><net_src comp="839" pin="1"/><net_sink comp="843" pin=1"/></net>

<net id="853"><net_src comp="843" pin="2"/><net_sink comp="849" pin=0"/></net>

<net id="854"><net_src comp="535" pin="1"/><net_sink comp="849" pin=1"/></net>

<net id="858"><net_src comp="849" pin="2"/><net_sink comp="855" pin=0"/></net>

<net id="862"><net_src comp="611" pin="4"/><net_sink comp="859" pin=0"/></net>

<net id="866"><net_src comp="709" pin="2"/><net_sink comp="863" pin=0"/></net>

<net id="871"><net_src comp="863" pin="1"/><net_sink comp="867" pin=0"/></net>

<net id="872"><net_src comp="859" pin="1"/><net_sink comp="867" pin=1"/></net>

<net id="877"><net_src comp="867" pin="2"/><net_sink comp="873" pin=0"/></net>

<net id="878"><net_src comp="607" pin="1"/><net_sink comp="873" pin=1"/></net>

<net id="882"><net_src comp="873" pin="2"/><net_sink comp="879" pin=0"/></net>

<net id="887"><net_src comp="879" pin="1"/><net_sink comp="883" pin=0"/></net>

<net id="888"><net_src comp="855" pin="1"/><net_sink comp="883" pin=1"/></net>

<net id="892"><net_src comp="883" pin="2"/><net_sink comp="889" pin=0"/></net>

<net id="897"><net_src comp="251" pin="1"/><net_sink comp="893" pin=0"/></net>

<net id="898"><net_src comp="641" pin="1"/><net_sink comp="893" pin=1"/></net>

<net id="902"><net_src comp="893" pin="2"/><net_sink comp="899" pin=0"/></net>

<net id="907"><net_src comp="899" pin="1"/><net_sink comp="903" pin=0"/></net>

<net id="908"><net_src comp="237" pin="1"/><net_sink comp="903" pin=1"/></net>

<net id="912"><net_src comp="903" pin="2"/><net_sink comp="909" pin=0"/></net>

<net id="917"><net_src comp="673" pin="1"/><net_sink comp="913" pin=0"/></net>

<net id="918"><net_src comp="691" pin="1"/><net_sink comp="913" pin=1"/></net>

<net id="922"><net_src comp="913" pin="2"/><net_sink comp="919" pin=0"/></net>

<net id="927"><net_src comp="919" pin="1"/><net_sink comp="923" pin=0"/></net>

<net id="928"><net_src comp="659" pin="1"/><net_sink comp="923" pin=1"/></net>

<net id="932"><net_src comp="923" pin="2"/><net_sink comp="929" pin=0"/></net>

<net id="937"><net_src comp="929" pin="1"/><net_sink comp="933" pin=0"/></net>

<net id="938"><net_src comp="909" pin="1"/><net_sink comp="933" pin=1"/></net>

<net id="942"><net_src comp="933" pin="2"/><net_sink comp="939" pin=0"/></net>

<net id="947"><net_src comp="939" pin="1"/><net_sink comp="943" pin=0"/></net>

<net id="948"><net_src comp="889" pin="1"/><net_sink comp="943" pin=1"/></net>

<net id="952"><net_src comp="943" pin="2"/><net_sink comp="949" pin=0"/></net>

<net id="957"><net_src comp="949" pin="1"/><net_sink comp="953" pin=0"/></net>

<net id="958"><net_src comp="835" pin="1"/><net_sink comp="953" pin=1"/></net>

<net id="963"><net_src comp="30" pin="0"/><net_sink comp="959" pin=0"/></net>

<net id="964"><net_src comp="233" pin="1"/><net_sink comp="959" pin=1"/></net>

<net id="968"><net_src comp="959" pin="2"/><net_sink comp="965" pin=0"/></net>

<net id="972"><net_src comp="199" pin="2"/><net_sink comp="969" pin=0"/></net>

<net id="977"><net_src comp="969" pin="1"/><net_sink comp="973" pin=0"/></net>

<net id="978"><net_src comp="215" pin="1"/><net_sink comp="973" pin=1"/></net>

<net id="983"><net_src comp="973" pin="2"/><net_sink comp="979" pin=0"/></net>

<net id="984"><net_src comp="965" pin="1"/><net_sink comp="979" pin=1"/></net>

<net id="988"><net_src comp="347" pin="4"/><net_sink comp="985" pin=0"/></net>

<net id="993"><net_src comp="30" pin="0"/><net_sink comp="989" pin=0"/></net>

<net id="994"><net_src comp="641" pin="1"/><net_sink comp="989" pin=1"/></net>

<net id="998"><net_src comp="989" pin="2"/><net_sink comp="995" pin=0"/></net>

<net id="1003"><net_src comp="30" pin="0"/><net_sink comp="999" pin=0"/></net>

<net id="1004"><net_src comp="655" pin="1"/><net_sink comp="999" pin=1"/></net>

<net id="1008"><net_src comp="999" pin="2"/><net_sink comp="1005" pin=0"/></net>

<net id="1013"><net_src comp="30" pin="0"/><net_sink comp="1009" pin=0"/></net>

<net id="1014"><net_src comp="673" pin="1"/><net_sink comp="1009" pin=1"/></net>

<net id="1018"><net_src comp="279" pin="4"/><net_sink comp="1015" pin=0"/></net>

<net id="1022"><net_src comp="979" pin="2"/><net_sink comp="1019" pin=0"/></net>

<net id="1027"><net_src comp="1019" pin="1"/><net_sink comp="1023" pin=0"/></net>

<net id="1028"><net_src comp="1015" pin="1"/><net_sink comp="1023" pin=1"/></net>

<net id="1033"><net_src comp="415" pin="1"/><net_sink comp="1029" pin=0"/></net>

<net id="1034"><net_src comp="749" pin="1"/><net_sink comp="1029" pin=1"/></net>

<net id="1039"><net_src comp="1029" pin="2"/><net_sink comp="1035" pin=0"/></net>

<net id="1040"><net_src comp="319" pin="1"/><net_sink comp="1035" pin=1"/></net>

<net id="1044"><net_src comp="1035" pin="2"/><net_sink comp="1041" pin=0"/></net>

<net id="1049"><net_src comp="1041" pin="1"/><net_sink comp="1045" pin=0"/></net>

<net id="1050"><net_src comp="1023" pin="2"/><net_sink comp="1045" pin=1"/></net>

<net id="1054"><net_src comp="1045" pin="2"/><net_sink comp="1051" pin=0"/></net>

<net id="1058"><net_src comp="443" pin="4"/><net_sink comp="1055" pin=0"/></net>

<net id="1063"><net_src comp="535" pin="1"/><net_sink comp="1059" pin=0"/></net>

<net id="1064"><net_src comp="1055" pin="1"/><net_sink comp="1059" pin=1"/></net>

<net id="1069"><net_src comp="1059" pin="2"/><net_sink comp="1065" pin=0"/></net>

<net id="1070"><net_src comp="439" pin="1"/><net_sink comp="1065" pin=1"/></net>

<net id="1074"><net_src comp="1065" pin="2"/><net_sink comp="1071" pin=0"/></net>

<net id="1078"><net_src comp="563" pin="4"/><net_sink comp="1075" pin=0"/></net>

<net id="1083"><net_src comp="995" pin="1"/><net_sink comp="1079" pin=0"/></net>

<net id="1084"><net_src comp="1075" pin="1"/><net_sink comp="1079" pin=1"/></net>

<net id="1089"><net_src comp="1079" pin="2"/><net_sink comp="1085" pin=0"/></net>

<net id="1090"><net_src comp="559" pin="1"/><net_sink comp="1085" pin=1"/></net>

<net id="1094"><net_src comp="1085" pin="2"/><net_sink comp="1091" pin=0"/></net>

<net id="1099"><net_src comp="1091" pin="1"/><net_sink comp="1095" pin=0"/></net>

<net id="1100"><net_src comp="1071" pin="1"/><net_sink comp="1095" pin=1"/></net>

<net id="1104"><net_src comp="1095" pin="2"/><net_sink comp="1101" pin=0"/></net>

<net id="1109"><net_src comp="1101" pin="1"/><net_sink comp="1105" pin=0"/></net>

<net id="1110"><net_src comp="1051" pin="1"/><net_sink comp="1105" pin=1"/></net>

<net id="1114"><net_src comp="1105" pin="2"/><net_sink comp="1111" pin=0"/></net>

<net id="1119"><net_src comp="251" pin="1"/><net_sink comp="1115" pin=0"/></net>

<net id="1120"><net_src comp="673" pin="1"/><net_sink comp="1115" pin=1"/></net>

<net id="1124"><net_src comp="1115" pin="2"/><net_sink comp="1121" pin=0"/></net>

<net id="1129"><net_src comp="1121" pin="1"/><net_sink comp="1125" pin=0"/></net>

<net id="1130"><net_src comp="659" pin="1"/><net_sink comp="1125" pin=1"/></net>

<net id="1134"><net_src comp="1125" pin="2"/><net_sink comp="1131" pin=0"/></net>

<net id="1139"><net_src comp="357" pin="1"/><net_sink comp="1135" pin=0"/></net>

<net id="1140"><net_src comp="381" pin="1"/><net_sink comp="1135" pin=1"/></net>

<net id="1144"><net_src comp="1135" pin="2"/><net_sink comp="1141" pin=0"/></net>

<net id="1149"><net_src comp="1141" pin="1"/><net_sink comp="1145" pin=0"/></net>

<net id="1150"><net_src comp="725" pin="1"/><net_sink comp="1145" pin=1"/></net>

<net id="1154"><net_src comp="1145" pin="2"/><net_sink comp="1151" pin=0"/></net>

<net id="1159"><net_src comp="1151" pin="1"/><net_sink comp="1155" pin=0"/></net>

<net id="1160"><net_src comp="1131" pin="1"/><net_sink comp="1155" pin=1"/></net>

<net id="1164"><net_src comp="1155" pin="2"/><net_sink comp="1161" pin=0"/></net>

<net id="1169"><net_src comp="501" pin="1"/><net_sink comp="1165" pin=0"/></net>

<net id="1170"><net_src comp="597" pin="1"/><net_sink comp="1165" pin=1"/></net>

<net id="1174"><net_src comp="1165" pin="2"/><net_sink comp="1171" pin=0"/></net>

<net id="1179"><net_src comp="1171" pin="1"/><net_sink comp="1175" pin=0"/></net>

<net id="1180"><net_src comp="799" pin="1"/><net_sink comp="1175" pin=1"/></net>

<net id="1184"><net_src comp="1175" pin="2"/><net_sink comp="1181" pin=0"/></net>

<net id="1189"><net_src comp="691" pin="1"/><net_sink comp="1185" pin=0"/></net>

<net id="1190"><net_src comp="705" pin="1"/><net_sink comp="1185" pin=1"/></net>

<net id="1194"><net_src comp="1185" pin="2"/><net_sink comp="1191" pin=0"/></net>

<net id="1199"><net_src comp="1191" pin="1"/><net_sink comp="1195" pin=0"/></net>

<net id="1200"><net_src comp="859" pin="1"/><net_sink comp="1195" pin=1"/></net>

<net id="1204"><net_src comp="1195" pin="2"/><net_sink comp="1201" pin=0"/></net>

<net id="1209"><net_src comp="1201" pin="1"/><net_sink comp="1205" pin=0"/></net>

<net id="1210"><net_src comp="1181" pin="1"/><net_sink comp="1205" pin=1"/></net>

<net id="1214"><net_src comp="1205" pin="2"/><net_sink comp="1211" pin=0"/></net>

<net id="1219"><net_src comp="1211" pin="1"/><net_sink comp="1215" pin=0"/></net>

<net id="1220"><net_src comp="1161" pin="1"/><net_sink comp="1215" pin=1"/></net>

<net id="1224"><net_src comp="1215" pin="2"/><net_sink comp="1221" pin=0"/></net>

<net id="1229"><net_src comp="1221" pin="1"/><net_sink comp="1225" pin=0"/></net>

<net id="1230"><net_src comp="1111" pin="1"/><net_sink comp="1225" pin=1"/></net>

<net id="1235"><net_src comp="30" pin="0"/><net_sink comp="1231" pin=0"/></net>

<net id="1236"><net_src comp="251" pin="1"/><net_sink comp="1231" pin=1"/></net>

<net id="1240"><net_src comp="515" pin="4"/><net_sink comp="1237" pin=0"/></net>

<net id="1244"><net_src comp="241" pin="4"/><net_sink comp="1241" pin=0"/></net>

<net id="1249"><net_src comp="1019" pin="1"/><net_sink comp="1245" pin=0"/></net>

<net id="1250"><net_src comp="1241" pin="1"/><net_sink comp="1245" pin=1"/></net>

<net id="1254"><net_src comp="279" pin="4"/><net_sink comp="1251" pin=0"/></net>

<net id="1259"><net_src comp="319" pin="1"/><net_sink comp="1255" pin=0"/></net>

<net id="1260"><net_src comp="1251" pin="1"/><net_sink comp="1255" pin=1"/></net>

<net id="1265"><net_src comp="1255" pin="2"/><net_sink comp="1261" pin=0"/></net>

<net id="1266"><net_src comp="275" pin="1"/><net_sink comp="1261" pin=1"/></net>

<net id="1270"><net_src comp="1261" pin="2"/><net_sink comp="1267" pin=0"/></net>

<net id="1275"><net_src comp="1267" pin="1"/><net_sink comp="1271" pin=0"/></net>

<net id="1276"><net_src comp="1245" pin="2"/><net_sink comp="1271" pin=1"/></net>

<net id="1280"><net_src comp="1271" pin="2"/><net_sink comp="1277" pin=0"/></net>

<net id="1285"><net_src comp="391" pin="1"/><net_sink comp="1281" pin=0"/></net>

<net id="1286"><net_src comp="985" pin="1"/><net_sink comp="1281" pin=1"/></net>

<net id="1291"><net_src comp="1281" pin="2"/><net_sink comp="1287" pin=0"/></net>

<net id="1292"><net_src comp="343" pin="1"/><net_sink comp="1287" pin=1"/></net>

<net id="1296"><net_src comp="1287" pin="2"/><net_sink comp="1293" pin=0"/></net>

<net id="1300"><net_src comp="419" pin="4"/><net_sink comp="1297" pin=0"/></net>

<net id="1305"><net_src comp="487" pin="1"/><net_sink comp="1301" pin=0"/></net>

<net id="1306"><net_src comp="1297" pin="1"/><net_sink comp="1301" pin=1"/></net>

<net id="1311"><net_src comp="1301" pin="2"/><net_sink comp="1307" pin=0"/></net>

<net id="1312"><net_src comp="415" pin="1"/><net_sink comp="1307" pin=1"/></net>

<net id="1316"><net_src comp="1307" pin="2"/><net_sink comp="1313" pin=0"/></net>

<net id="1321"><net_src comp="1313" pin="1"/><net_sink comp="1317" pin=0"/></net>

<net id="1322"><net_src comp="1293" pin="1"/><net_sink comp="1317" pin=1"/></net>

<net id="1326"><net_src comp="1317" pin="2"/><net_sink comp="1323" pin=0"/></net>

<net id="1331"><net_src comp="1323" pin="1"/><net_sink comp="1327" pin=0"/></net>

<net id="1332"><net_src comp="1277" pin="1"/><net_sink comp="1327" pin=1"/></net>

<net id="1336"><net_src comp="1327" pin="2"/><net_sink comp="1333" pin=0"/></net>

<net id="1341"><net_src comp="453" pin="1"/><net_sink comp="1337" pin=0"/></net>

<net id="1342"><net_src comp="525" pin="1"/><net_sink comp="1337" pin=1"/></net>

<net id="1346"><net_src comp="491" pin="4"/><net_sink comp="1343" pin=0"/></net>

<net id="1350"><net_src comp="1337" pin="2"/><net_sink comp="1347" pin=0"/></net>

<net id="1355"><net_src comp="1347" pin="1"/><net_sink comp="1351" pin=0"/></net>

<net id="1356"><net_src comp="1343" pin="1"/><net_sink comp="1351" pin=1"/></net>

<net id="1360"><net_src comp="1351" pin="2"/><net_sink comp="1357" pin=0"/></net>

<net id="1365"><net_src comp="573" pin="1"/><net_sink comp="1361" pin=0"/></net>

<net id="1366"><net_src comp="597" pin="1"/><net_sink comp="1361" pin=1"/></net>

<net id="1370"><net_src comp="1361" pin="2"/><net_sink comp="1367" pin=0"/></net>

<net id="1375"><net_src comp="1367" pin="1"/><net_sink comp="1371" pin=0"/></net>

<net id="1376"><net_src comp="839" pin="1"/><net_sink comp="1371" pin=1"/></net>

<net id="1380"><net_src comp="1371" pin="2"/><net_sink comp="1377" pin=0"/></net>

<net id="1385"><net_src comp="1377" pin="1"/><net_sink comp="1381" pin=0"/></net>

<net id="1386"><net_src comp="1357" pin="1"/><net_sink comp="1381" pin=1"/></net>

<net id="1390"><net_src comp="1381" pin="2"/><net_sink comp="1387" pin=0"/></net>

<net id="1395"><net_src comp="641" pin="1"/><net_sink comp="1391" pin=0"/></net>

<net id="1396"><net_src comp="655" pin="1"/><net_sink comp="1391" pin=1"/></net>

<net id="1400"><net_src comp="1391" pin="2"/><net_sink comp="1397" pin=0"/></net>

<net id="1405"><net_src comp="1397" pin="1"/><net_sink comp="1401" pin=0"/></net>

<net id="1406"><net_src comp="859" pin="1"/><net_sink comp="1401" pin=1"/></net>

<net id="1410"><net_src comp="1401" pin="2"/><net_sink comp="1407" pin=0"/></net>

<net id="1415"><net_src comp="1191" pin="1"/><net_sink comp="1411" pin=0"/></net>

<net id="1416"><net_src comp="677" pin="1"/><net_sink comp="1411" pin=1"/></net>

<net id="1420"><net_src comp="1411" pin="2"/><net_sink comp="1417" pin=0"/></net>

<net id="1425"><net_src comp="1417" pin="1"/><net_sink comp="1421" pin=0"/></net>

<net id="1426"><net_src comp="1407" pin="1"/><net_sink comp="1421" pin=1"/></net>

<net id="1430"><net_src comp="1421" pin="2"/><net_sink comp="1427" pin=0"/></net>

<net id="1435"><net_src comp="1427" pin="1"/><net_sink comp="1431" pin=0"/></net>

<net id="1436"><net_src comp="1387" pin="1"/><net_sink comp="1431" pin=1"/></net>

<net id="1440"><net_src comp="1431" pin="2"/><net_sink comp="1437" pin=0"/></net>

<net id="1445"><net_src comp="1437" pin="1"/><net_sink comp="1441" pin=0"/></net>

<net id="1446"><net_src comp="1333" pin="1"/><net_sink comp="1441" pin=1"/></net>

<net id="1451"><net_src comp="219" pin="1"/><net_sink comp="1447" pin=0"/></net>

<net id="1452"><net_src comp="195" pin="1"/><net_sink comp="1447" pin=1"/></net>

<net id="1456"><net_src comp="1447" pin="2"/><net_sink comp="1453" pin=0"/></net>

<net id="1461"><net_src comp="30" pin="0"/><net_sink comp="1457" pin=0"/></net>

<net id="1462"><net_src comp="691" pin="1"/><net_sink comp="1457" pin=1"/></net>

<net id="1466"><net_src comp="241" pin="4"/><net_sink comp="1463" pin=0"/></net>

<net id="1471"><net_src comp="275" pin="1"/><net_sink comp="1467" pin=0"/></net>

<net id="1472"><net_src comp="1463" pin="1"/><net_sink comp="1467" pin=1"/></net>

<net id="1477"><net_src comp="1467" pin="2"/><net_sink comp="1473" pin=0"/></net>

<net id="1478"><net_src comp="1453" pin="1"/><net_sink comp="1473" pin=1"/></net>

<net id="1482"><net_src comp="1473" pin="2"/><net_sink comp="1479" pin=0"/></net>

<net id="1486"><net_src comp="371" pin="4"/><net_sink comp="1483" pin=0"/></net>

<net id="1491"><net_src comp="463" pin="1"/><net_sink comp="1487" pin=0"/></net>

<net id="1492"><net_src comp="1483" pin="1"/><net_sink comp="1487" pin=1"/></net>

<net id="1497"><net_src comp="1487" pin="2"/><net_sink comp="1493" pin=0"/></net>

<net id="1498"><net_src comp="367" pin="1"/><net_sink comp="1493" pin=1"/></net>

<net id="1502"><net_src comp="1493" pin="2"/><net_sink comp="1499" pin=0"/></net>

<net id="1507"><net_src comp="1499" pin="1"/><net_sink comp="1503" pin=0"/></net>

<net id="1508"><net_src comp="1479" pin="1"/><net_sink comp="1503" pin=1"/></net>

<net id="1512"><net_src comp="1503" pin="2"/><net_sink comp="1509" pin=0"/></net>

<net id="1517"><net_src comp="607" pin="1"/><net_sink comp="1513" pin=0"/></net>

<net id="1518"><net_src comp="1075" pin="1"/><net_sink comp="1513" pin=1"/></net>

<net id="1523"><net_src comp="1513" pin="2"/><net_sink comp="1519" pin=0"/></net>

<net id="1524"><net_src comp="487" pin="1"/><net_sink comp="1519" pin=1"/></net>

<net id="1528"><net_src comp="1519" pin="2"/><net_sink comp="1525" pin=0"/></net>

<net id="1533"><net_src comp="233" pin="1"/><net_sink comp="1529" pin=0"/></net>

<net id="1534"><net_src comp="691" pin="1"/><net_sink comp="1529" pin=1"/></net>

<net id="1538"><net_src comp="1529" pin="2"/><net_sink comp="1535" pin=0"/></net>

<net id="1543"><net_src comp="1535" pin="1"/><net_sink comp="1539" pin=0"/></net>

<net id="1544"><net_src comp="859" pin="1"/><net_sink comp="1539" pin=1"/></net>

<net id="1548"><net_src comp="1539" pin="2"/><net_sink comp="1545" pin=0"/></net>

<net id="1553"><net_src comp="1545" pin="1"/><net_sink comp="1549" pin=0"/></net>

<net id="1554"><net_src comp="1525" pin="1"/><net_sink comp="1549" pin=1"/></net>

<net id="1558"><net_src comp="1549" pin="2"/><net_sink comp="1555" pin=0"/></net>

<net id="1563"><net_src comp="1555" pin="1"/><net_sink comp="1559" pin=0"/></net>

<net id="1564"><net_src comp="1509" pin="1"/><net_sink comp="1559" pin=1"/></net>

<net id="1568"><net_src comp="1559" pin="2"/><net_sink comp="1565" pin=0"/></net>

<net id="1573"><net_src comp="309" pin="1"/><net_sink comp="1569" pin=0"/></net>

<net id="1574"><net_src comp="333" pin="1"/><net_sink comp="1569" pin=1"/></net>

<net id="1578"><net_src comp="1569" pin="2"/><net_sink comp="1575" pin=0"/></net>

<net id="1583"><net_src comp="1575" pin="1"/><net_sink comp="1579" pin=0"/></net>

<net id="1584"><net_src comp="1251" pin="1"/><net_sink comp="1579" pin=1"/></net>

<net id="1588"><net_src comp="1579" pin="2"/><net_sink comp="1585" pin=0"/></net>

<net id="1593"><net_src comp="429" pin="1"/><net_sink comp="1589" pin=0"/></net>

<net id="1594"><net_src comp="501" pin="1"/><net_sink comp="1589" pin=1"/></net>

<net id="1598"><net_src comp="1589" pin="2"/><net_sink comp="1595" pin=0"/></net>

<net id="1603"><net_src comp="1595" pin="1"/><net_sink comp="1599" pin=0"/></net>

<net id="1604"><net_src comp="779" pin="1"/><net_sink comp="1599" pin=1"/></net>

<net id="1608"><net_src comp="1599" pin="2"/><net_sink comp="1605" pin=0"/></net>

<net id="1613"><net_src comp="1605" pin="1"/><net_sink comp="1609" pin=0"/></net>

<net id="1614"><net_src comp="1585" pin="1"/><net_sink comp="1609" pin=1"/></net>

<net id="1618"><net_src comp="1609" pin="2"/><net_sink comp="1615" pin=0"/></net>

<net id="1623"><net_src comp="549" pin="1"/><net_sink comp="1619" pin=0"/></net>

<net id="1624"><net_src comp="641" pin="1"/><net_sink comp="1619" pin=1"/></net>

<net id="1628"><net_src comp="1619" pin="2"/><net_sink comp="1625" pin=0"/></net>

<net id="1633"><net_src comp="1625" pin="1"/><net_sink comp="1629" pin=0"/></net>

<net id="1634"><net_src comp="1237" pin="1"/><net_sink comp="1629" pin=1"/></net>

<net id="1638"><net_src comp="1629" pin="2"/><net_sink comp="1635" pin=0"/></net>

<net id="1643"><net_src comp="673" pin="1"/><net_sink comp="1639" pin=0"/></net>

<net id="1644"><net_src comp="705" pin="1"/><net_sink comp="1639" pin=1"/></net>

<net id="1648"><net_src comp="1639" pin="2"/><net_sink comp="1645" pin=0"/></net>

<net id="1653"><net_src comp="1645" pin="1"/><net_sink comp="1649" pin=0"/></net>

<net id="1654"><net_src comp="659" pin="1"/><net_sink comp="1649" pin=1"/></net>

<net id="1658"><net_src comp="1649" pin="2"/><net_sink comp="1655" pin=0"/></net>

<net id="1663"><net_src comp="1655" pin="1"/><net_sink comp="1659" pin=0"/></net>

<net id="1664"><net_src comp="1635" pin="1"/><net_sink comp="1659" pin=1"/></net>

<net id="1668"><net_src comp="1659" pin="2"/><net_sink comp="1665" pin=0"/></net>

<net id="1673"><net_src comp="1665" pin="1"/><net_sink comp="1669" pin=0"/></net>

<net id="1674"><net_src comp="1615" pin="1"/><net_sink comp="1669" pin=1"/></net>

<net id="1678"><net_src comp="1669" pin="2"/><net_sink comp="1675" pin=0"/></net>

<net id="1683"><net_src comp="1675" pin="1"/><net_sink comp="1679" pin=0"/></net>

<net id="1684"><net_src comp="1565" pin="1"/><net_sink comp="1679" pin=1"/></net>

<net id="1689"><net_src comp="439" pin="1"/><net_sink comp="1685" pin=0"/></net>

<net id="1690"><net_src comp="237" pin="1"/><net_sink comp="1685" pin=1"/></net>

<net id="1695"><net_src comp="1685" pin="2"/><net_sink comp="1691" pin=0"/></net>

<net id="1696"><net_src comp="1453" pin="1"/><net_sink comp="1691" pin=1"/></net>

<net id="1700"><net_src comp="1691" pin="2"/><net_sink comp="1697" pin=0"/></net>

<net id="1705"><net_src comp="855" pin="1"/><net_sink comp="1701" pin=0"/></net>

<net id="1706"><net_src comp="1697" pin="1"/><net_sink comp="1701" pin=1"/></net>

<net id="1710"><net_src comp="1701" pin="2"/><net_sink comp="1707" pin=0"/></net>

<net id="1715"><net_src comp="995" pin="1"/><net_sink comp="1711" pin=0"/></net>

<net id="1716"><net_src comp="859" pin="1"/><net_sink comp="1711" pin=1"/></net>

<net id="1721"><net_src comp="1711" pin="2"/><net_sink comp="1717" pin=0"/></net>

<net id="1722"><net_src comp="607" pin="1"/><net_sink comp="1717" pin=1"/></net>

<net id="1726"><net_src comp="1717" pin="2"/><net_sink comp="1723" pin=0"/></net>

<net id="1730"><net_src comp="1457" pin="2"/><net_sink comp="1727" pin=0"/></net>

<net id="1735"><net_src comp="1727" pin="1"/><net_sink comp="1731" pin=0"/></net>

<net id="1736"><net_src comp="677" pin="1"/><net_sink comp="1731" pin=1"/></net>

<net id="1741"><net_src comp="1731" pin="2"/><net_sink comp="1737" pin=0"/></net>

<net id="1742"><net_src comp="1005" pin="1"/><net_sink comp="1737" pin=1"/></net>

<net id="1746"><net_src comp="1737" pin="2"/><net_sink comp="1743" pin=0"/></net>

<net id="1751"><net_src comp="1743" pin="1"/><net_sink comp="1747" pin=0"/></net>

<net id="1752"><net_src comp="1723" pin="1"/><net_sink comp="1747" pin=1"/></net>

<net id="1756"><net_src comp="1747" pin="2"/><net_sink comp="1753" pin=0"/></net>

<net id="1761"><net_src comp="1753" pin="1"/><net_sink comp="1757" pin=0"/></net>

<net id="1762"><net_src comp="1707" pin="1"/><net_sink comp="1757" pin=1"/></net>

<net id="1766"><net_src comp="1757" pin="2"/><net_sink comp="1763" pin=0"/></net>

<net id="1771"><net_src comp="251" pin="1"/><net_sink comp="1767" pin=0"/></net>

<net id="1772"><net_src comp="265" pin="1"/><net_sink comp="1767" pin=1"/></net>

<net id="1776"><net_src comp="695" pin="4"/><net_sink comp="1773" pin=0"/></net>

<net id="1780"><net_src comp="1767" pin="2"/><net_sink comp="1777" pin=0"/></net>

<net id="1785"><net_src comp="1777" pin="1"/><net_sink comp="1781" pin=0"/></net>

<net id="1786"><net_src comp="1773" pin="1"/><net_sink comp="1781" pin=1"/></net>

<net id="1790"><net_src comp="1781" pin="2"/><net_sink comp="1787" pin=0"/></net>

<net id="1795"><net_src comp="1585" pin="1"/><net_sink comp="1791" pin=0"/></net>

<net id="1796"><net_src comp="1787" pin="1"/><net_sink comp="1791" pin=1"/></net>

<net id="1800"><net_src comp="1791" pin="2"/><net_sink comp="1797" pin=0"/></net>

<net id="1805"><net_src comp="381" pin="1"/><net_sink comp="1801" pin=0"/></net>

<net id="1806"><net_src comp="405" pin="1"/><net_sink comp="1801" pin=1"/></net>

<net id="1810"><net_src comp="1801" pin="2"/><net_sink comp="1807" pin=0"/></net>

<net id="1815"><net_src comp="1807" pin="1"/><net_sink comp="1811" pin=0"/></net>

<net id="1816"><net_src comp="985" pin="1"/><net_sink comp="1811" pin=1"/></net>

<net id="1820"><net_src comp="1811" pin="2"/><net_sink comp="1817" pin=0"/></net>

<net id="1825"><net_src comp="477" pin="1"/><net_sink comp="1821" pin=0"/></net>

<net id="1826"><net_src comp="501" pin="1"/><net_sink comp="1821" pin=1"/></net>

<net id="1830"><net_src comp="1821" pin="2"/><net_sink comp="1827" pin=0"/></net>

<net id="1835"><net_src comp="1827" pin="1"/><net_sink comp="1831" pin=0"/></net>

<net id="1836"><net_src comp="1055" pin="1"/><net_sink comp="1831" pin=1"/></net>

<net id="1840"><net_src comp="1831" pin="2"/><net_sink comp="1837" pin=0"/></net>

<net id="1845"><net_src comp="1837" pin="1"/><net_sink comp="1841" pin=0"/></net>

<net id="1846"><net_src comp="1817" pin="1"/><net_sink comp="1841" pin=1"/></net>

<net id="1850"><net_src comp="1841" pin="2"/><net_sink comp="1847" pin=0"/></net>

<net id="1855"><net_src comp="1847" pin="1"/><net_sink comp="1851" pin=0"/></net>

<net id="1856"><net_src comp="1797" pin="1"/><net_sink comp="1851" pin=1"/></net>

<net id="1860"><net_src comp="1851" pin="2"/><net_sink comp="1857" pin=0"/></net>

<net id="1865"><net_src comp="1857" pin="1"/><net_sink comp="1861" pin=0"/></net>

<net id="1866"><net_src comp="1763" pin="1"/><net_sink comp="1861" pin=1"/></net>

<net id="1871"><net_src comp="195" pin="1"/><net_sink comp="1867" pin=0"/></net>

<net id="1872"><net_src comp="219" pin="1"/><net_sink comp="1867" pin=1"/></net>

<net id="1876"><net_src comp="1867" pin="2"/><net_sink comp="1873" pin=0"/></net>

<net id="1880"><net_src comp="1231" pin="2"/><net_sink comp="1877" pin=0"/></net>

<net id="1885"><net_src comp="1877" pin="1"/><net_sink comp="1881" pin=0"/></net>

<net id="1886"><net_src comp="237" pin="1"/><net_sink comp="1881" pin=1"/></net>

<net id="1891"><net_src comp="1881" pin="2"/><net_sink comp="1887" pin=0"/></net>

<net id="1892"><net_src comp="1873" pin="1"/><net_sink comp="1887" pin=1"/></net>

<net id="1896"><net_src comp="1887" pin="2"/><net_sink comp="1893" pin=0"/></net>

<net id="1900"><net_src comp="299" pin="4"/><net_sink comp="1897" pin=0"/></net>

<net id="1905"><net_src comp="343" pin="1"/><net_sink comp="1901" pin=0"/></net>

<net id="1906"><net_src comp="1897" pin="1"/><net_sink comp="1901" pin=1"/></net>

<net id="1911"><net_src comp="1901" pin="2"/><net_sink comp="1907" pin=0"/></net>

<net id="1912"><net_src comp="275" pin="1"/><net_sink comp="1907" pin=1"/></net>

<net id="1916"><net_src comp="1907" pin="2"/><net_sink comp="1913" pin=0"/></net>

<net id="1921"><net_src comp="1913" pin="1"/><net_sink comp="1917" pin=0"/></net>

<net id="1922"><net_src comp="1893" pin="1"/><net_sink comp="1917" pin=1"/></net>

<net id="1926"><net_src comp="1917" pin="2"/><net_sink comp="1923" pin=0"/></net>

<net id="1931"><net_src comp="415" pin="1"/><net_sink comp="1927" pin=0"/></net>

<net id="1932"><net_src comp="1483" pin="1"/><net_sink comp="1927" pin=1"/></net>

<net id="1937"><net_src comp="1927" pin="2"/><net_sink comp="1933" pin=0"/></net>

<net id="1938"><net_src comp="367" pin="1"/><net_sink comp="1933" pin=1"/></net>

<net id="1942"><net_src comp="1933" pin="2"/><net_sink comp="1939" pin=0"/></net>

<net id="1947"><net_src comp="487" pin="1"/><net_sink comp="1943" pin=0"/></net>

<net id="1948"><net_src comp="1055" pin="1"/><net_sink comp="1943" pin=1"/></net>

<net id="1953"><net_src comp="1943" pin="2"/><net_sink comp="1949" pin=0"/></net>

<net id="1954"><net_src comp="439" pin="1"/><net_sink comp="1949" pin=1"/></net>

<net id="1958"><net_src comp="1949" pin="2"/><net_sink comp="1955" pin=0"/></net>

<net id="1963"><net_src comp="1955" pin="1"/><net_sink comp="1959" pin=0"/></net>

<net id="1964"><net_src comp="1939" pin="1"/><net_sink comp="1959" pin=1"/></net>

<net id="1968"><net_src comp="1959" pin="2"/><net_sink comp="1965" pin=0"/></net>

<net id="1973"><net_src comp="1965" pin="1"/><net_sink comp="1969" pin=0"/></net>

<net id="1974"><net_src comp="1923" pin="1"/><net_sink comp="1969" pin=1"/></net>

<net id="1978"><net_src comp="1969" pin="2"/><net_sink comp="1975" pin=0"/></net>

<net id="1983"><net_src comp="559" pin="1"/><net_sink comp="1979" pin=0"/></net>

<net id="1984"><net_src comp="1237" pin="1"/><net_sink comp="1979" pin=1"/></net>

<net id="1989"><net_src comp="1979" pin="2"/><net_sink comp="1985" pin=0"/></net>

<net id="1990"><net_src comp="511" pin="1"/><net_sink comp="1985" pin=1"/></net>

<net id="1994"><net_src comp="1985" pin="2"/><net_sink comp="1991" pin=0"/></net>

<net id="1998"><net_src comp="587" pin="4"/><net_sink comp="1995" pin=0"/></net>

<net id="2002"><net_src comp="625" pin="2"/><net_sink comp="1999" pin=0"/></net>

<net id="2007"><net_src comp="1999" pin="1"/><net_sink comp="2003" pin=0"/></net>

<net id="2008"><net_src comp="1995" pin="1"/><net_sink comp="2003" pin=1"/></net>

<net id="2013"><net_src comp="2003" pin="2"/><net_sink comp="2009" pin=0"/></net>

<net id="2014"><net_src comp="583" pin="1"/><net_sink comp="2009" pin=1"/></net>

<net id="2018"><net_src comp="2009" pin="2"/><net_sink comp="2015" pin=0"/></net>

<net id="2023"><net_src comp="2015" pin="1"/><net_sink comp="2019" pin=0"/></net>

<net id="2024"><net_src comp="1991" pin="1"/><net_sink comp="2019" pin=1"/></net>

<net id="2028"><net_src comp="2019" pin="2"/><net_sink comp="2025" pin=0"/></net>

<net id="2032"><net_src comp="1009" pin="2"/><net_sink comp="2029" pin=0"/></net>

<net id="2037"><net_src comp="2029" pin="1"/><net_sink comp="2033" pin=0"/></net>

<net id="2038"><net_src comp="659" pin="1"/><net_sink comp="2033" pin=1"/></net>

<net id="2043"><net_src comp="2033" pin="2"/><net_sink comp="2039" pin=0"/></net>

<net id="2044"><net_src comp="995" pin="1"/><net_sink comp="2039" pin=1"/></net>

<net id="2048"><net_src comp="2039" pin="2"/><net_sink comp="2045" pin=0"/></net>

<net id="2053"><net_src comp="289" pin="1"/><net_sink comp="2049" pin=0"/></net>

<net id="2054"><net_src comp="705" pin="1"/><net_sink comp="2049" pin=1"/></net>

<net id="2058"><net_src comp="681" pin="4"/><net_sink comp="2055" pin=0"/></net>

<net id="2062"><net_src comp="2049" pin="2"/><net_sink comp="2059" pin=0"/></net>

<net id="2067"><net_src comp="2059" pin="1"/><net_sink comp="2063" pin=0"/></net>

<net id="2068"><net_src comp="2055" pin="1"/><net_sink comp="2063" pin=1"/></net>

<net id="2072"><net_src comp="2063" pin="2"/><net_sink comp="2069" pin=0"/></net>

<net id="2077"><net_src comp="2069" pin="1"/><net_sink comp="2073" pin=0"/></net>

<net id="2078"><net_src comp="2045" pin="1"/><net_sink comp="2073" pin=1"/></net>

<net id="2082"><net_src comp="2073" pin="2"/><net_sink comp="2079" pin=0"/></net>

<net id="2087"><net_src comp="2079" pin="1"/><net_sink comp="2083" pin=0"/></net>

<net id="2088"><net_src comp="2025" pin="1"/><net_sink comp="2083" pin=1"/></net>

<net id="2092"><net_src comp="2083" pin="2"/><net_sink comp="2089" pin=0"/></net>

<net id="2097"><net_src comp="2089" pin="1"/><net_sink comp="2093" pin=0"/></net>

<net id="2098"><net_src comp="1975" pin="1"/><net_sink comp="2093" pin=1"/></net>

<net id="2103"><net_src comp="953" pin="2"/><net_sink comp="2099" pin=0"/></net>

<net id="2104"><net_src comp="130" pin="0"/><net_sink comp="2099" pin=1"/></net>

<net id="2109"><net_src comp="1225" pin="2"/><net_sink comp="2105" pin=0"/></net>

<net id="2110"><net_src comp="132" pin="0"/><net_sink comp="2105" pin=1"/></net>

<net id="2115"><net_src comp="1441" pin="2"/><net_sink comp="2111" pin=0"/></net>

<net id="2116"><net_src comp="134" pin="0"/><net_sink comp="2111" pin=1"/></net>

<net id="2121"><net_src comp="1679" pin="2"/><net_sink comp="2117" pin=0"/></net>

<net id="2122"><net_src comp="136" pin="0"/><net_sink comp="2117" pin=1"/></net>

<net id="2127"><net_src comp="1861" pin="2"/><net_sink comp="2123" pin=0"/></net>

<net id="2128"><net_src comp="138" pin="0"/><net_sink comp="2123" pin=1"/></net>

<net id="2133"><net_src comp="2093" pin="2"/><net_sink comp="2129" pin=0"/></net>

<net id="2134"><net_src comp="140" pin="0"/><net_sink comp="2129" pin=1"/></net>

<net id="2139"><net_src comp="185" pin="2"/><net_sink comp="2135" pin=0"/></net>

<net id="2149"><net_src comp="150" pin="0"/><net_sink comp="2140" pin=0"/></net>

<net id="2153"><net_src comp="2140" pin="7"/><net_sink comp="2150" pin=0"/></net>

<net id="2154"><net_src comp="2150" pin="1"/><net_sink comp="164" pin=2"/></net>

<net id="2158"><net_src comp="154" pin="1"/><net_sink comp="2155" pin=0"/></net>

<net id="2159"><net_src comp="2155" pin="1"/><net_sink comp="171" pin=1"/></net>

<net id="2160"><net_src comp="2155" pin="1"/><net_sink comp="176" pin=0"/></net>

<net id="2161"><net_src comp="2155" pin="1"/><net_sink comp="2135" pin=1"/></net>

<net id="2165"><net_src comp="179" pin="2"/><net_sink comp="2162" pin=0"/></net>

<net id="2169"><net_src comp="2099" pin="2"/><net_sink comp="2166" pin=0"/></net>

<net id="2170"><net_src comp="2166" pin="1"/><net_sink comp="2140" pin=6"/></net>

<net id="2174"><net_src comp="2105" pin="2"/><net_sink comp="2171" pin=0"/></net>

<net id="2175"><net_src comp="2171" pin="1"/><net_sink comp="2140" pin=5"/></net>

<net id="2179"><net_src comp="2111" pin="2"/><net_sink comp="2176" pin=0"/></net>

<net id="2180"><net_src comp="2176" pin="1"/><net_sink comp="2140" pin=4"/></net>

<net id="2184"><net_src comp="2117" pin="2"/><net_sink comp="2181" pin=0"/></net>

<net id="2185"><net_src comp="2181" pin="1"/><net_sink comp="2140" pin=3"/></net>

<net id="2189"><net_src comp="2123" pin="2"/><net_sink comp="2186" pin=0"/></net>

<net id="2190"><net_src comp="2186" pin="1"/><net_sink comp="2140" pin=2"/></net>

<net id="2194"><net_src comp="2129" pin="2"/><net_sink comp="2191" pin=0"/></net>

<net id="2195"><net_src comp="2191" pin="1"/><net_sink comp="2140" pin=1"/></net>

</net_list>

</model> 
---------------- Datapath Model END ------------------

* FSMD analyzer results:
  - Output states:
	Port: out0_V | {2 }
 - Input state : 
	Port: Matrix_Vector_Activate_Batch : in0_V | {1 }
  - Chain level:
	State 1
		store_ln123 : 1
		i_1 : 1
		icmp_ln123 : 2
		i_2 : 2
		br_ln123 : 3
		sext_ln1494 : 1
		ret_V : 2
		sext_ln628 : 1
		sext_ln628_1 : 1
		sext_ln840 : 1
		sext_ln628_2 : 1
		sext_ln840_1 : 1
		sext_ln1494_1 : 1
		ret_V_1 : 2
		sext_ln628_3 : 3
		sext_ln1494_2 : 1
		ret_V_2 : 2
		sext_ln1494_3 : 1
		ret_V_3 : 2
		sext_ln628_4 : 3
		sext_ln1494_4 : 1
		ret_V_4 : 2
		sext_ln628_5 : 3
		sext_ln1494_5 : 1
		ret_V_5 : 2
		sext_ln628_6 : 3
		sext_ln1494_6 : 1
		ret_V_6 : 2
		sext_ln628_7 : 3
		sext_ln1494_7 : 1
		ret_V_7 : 2
		sext_ln628_8 : 3
		sext_ln1494_8 : 1
		ret_V_8 : 2
		sext_ln628_9 : 3
		sext_ln1494_9 : 1
		ret_V_9 : 2
		sext_ln628_10 : 3
		sext_ln1494_10 : 1
		ret_V_10 : 2
		sext_ln628_11 : 3
		sext_ln1494_11 : 1
		ret_V_11 : 2
		sext_ln628_12 : 3
		sext_ln1494_12 : 1
		ret_V_12 : 2
		sext_ln628_13 : 3
		sext_ln1494_13 : 1
		ret_V_13 : 2
		sext_ln628_14 : 3
		sext_ln1494_14 : 1
		ret_V_14 : 2
		sext_ln628_15 : 3
		sext_ln1494_15 : 1
		ret_V_15 : 2
		sext_ln628_16 : 3
		sext_ln1494_16 : 1
		ret_V_16 : 2
		sext_ln840_2 : 1
		sext_ln840_3 : 1
		sext_ln628_17 : 1
		sext_ln840_4 : 1
		sext_ln628_18 : 1
		sext_ln840_5 : 1
		sext_ln1494_17 : 1
		ret_V_17 : 2
		sub_ln840 : 2
		sext_ln840_6 : 3
		sext_ln840_7 : 1
		sext_ln840_8 : 3
		sub_ln840_3 : 4
		add_ln840 : 5
		sext_ln840_9 : 6
		sext_ln840_10 : 1
		sub_ln840_4 : 4
		add_ln840_1 : 5
		sext_ln840_11 : 6
		add_ln840_2 : 7
		sext_ln840_12 : 8
		sext_ln840_13 : 1
		sub_ln840_5 : 4
		add_ln840_3 : 5
		sext_ln840_14 : 6
		sext_ln840_15 : 1
		sub_ln840_6 : 4
		add_ln840_4 : 5
		sext_ln840_16 : 6
		add_ln840_5 : 7
		sext_ln840_17 : 8
		add_ln840_6 : 9
		sext_ln840_18 : 10
		sext_ln840_19 : 1
		sub_ln840_7 : 4
		add_ln840_7 : 5
		sext_ln840_20 : 6
		sext_ln840_21 : 1
		sext_ln840_22 : 3
		sub_ln840_8 : 4
		add_ln840_8 : 5
		sext_ln840_23 : 6
		add_ln840_9 : 7
		sext_ln840_24 : 8
		add_ln840_10 : 2
		sext_ln840_25 : 3
		add_ln840_11 : 4
		sext_ln840_26 : 5
		add_ln840_12 : 2
		sext_ln840_27 : 3
		add_ln840_13 : 4
		sext_ln840_28 : 5
		add_ln840_14 : 6
		sext_ln840_29 : 7
		add_ln840_15 : 9
		sext_ln840_30 : 10
		add_ln840_16 : 11
		ret_V_18 : 2
		sext_ln840_31 : 3
		sext_ln840_32 : 3
		sub_ln840_1 : 4
		add_ln840_17 : 5
		sext_ln840_33 : 1
		ret_V_19 : 2
		sext_ln1494_18 : 3
		ret_V_20 : 2
		sext_ln1494_19 : 3
		ret_V_21 : 2
		sext_ln840_34 : 1
		sext_ln840_35 : 6
		sub_ln840_9 : 7
		sub_ln840_10 : 4
		add_ln840_18 : 5
		sext_ln840_36 : 6
		add_ln840_19 : 8
		sext_ln840_37 : 9
		sext_ln840_38 : 1
		sub_ln840_11 : 4
		add_ln840_20 : 5
		sext_ln840_39 : 6
		sext_ln840_40 : 1
		sub_ln840_12 : 4
		add_ln840_21 : 5
		sext_ln840_41 : 6
		add_ln840_22 : 7
		sext_ln840_42 : 8
		add_ln840_23 : 10
		sext_ln840_43 : 11
		sub_ln840_13 : 2
		sext_ln840_44 : 3
		sub_ln840_14 : 4
		sext_ln840_45 : 5
		add_ln840_24 : 2
		sext_ln840_46 : 3
		add_ln840_25 : 4
		sext_ln840_47 : 5
		add_ln840_26 : 6
		sext_ln840_48 : 7
		add_ln840_27 : 2
		sext_ln840_49 : 3
		add_ln840_28 : 4
		sext_ln840_50 : 5
		add_ln840_29 : 2
		sext_ln840_51 : 3
		add_ln840_30 : 4
		sext_ln840_52 : 5
		add_ln840_31 : 6
		sext_ln840_53 : 7
		add_ln840_32 : 8
		sext_ln840_54 : 9
		add_ln840_33 : 12
		ret_V_22 : 2
		sext_ln840_55 : 1
		sext_ln840_56 : 1
		sub_ln840_15 : 7
		sext_ln840_57 : 1
		sub_ln840_16 : 4
		add_ln840_34 : 5
		sext_ln840_58 : 6
		add_ln840_35 : 8
		sext_ln840_59 : 9
		sub_ln840_17 : 4
		add_ln840_36 : 5
		sext_ln840_60 : 6
		sext_ln840_61 : 1
		sub_ln840_18 : 4
		add_ln840_37 : 5
		sext_ln840_62 : 6
		add_ln840_38 : 7
		sext_ln840_63 : 8
		add_ln840_39 : 10
		sext_ln840_64 : 11
		add_ln840_40 : 2
		sext_ln840_65 : 1
		sext_ln840_66 : 3
		sub_ln840_19 : 4
		sext_ln840_67 : 5
		add_ln840_41 : 2
		sext_ln840_68 : 3
		add_ln840_42 : 4
		sext_ln840_69 : 5
		add_ln840_43 : 6
		sext_ln840_70 : 7
		add_ln840_44 : 2
		sext_ln840_71 : 3
		add_ln840_45 : 4
		sext_ln840_72 : 5
		add_ln840_46 : 4
		sext_ln840_73 : 5
		add_ln840_47 : 6
		sext_ln840_74 : 7
		add_ln840_48 : 8
		sext_ln840_75 : 9
		add_ln840_49 : 12
		add_ln840_50 : 2
		sext_ln840_76 : 3
		ret_V_23 : 2
		sext_ln840_77 : 1
		sub_ln840_20 : 4
		add_ln840_51 : 5
		sext_ln840_78 : 6
		sext_ln840_79 : 1
		sub_ln840_21 : 4
		add_ln840_52 : 5
		sext_ln840_80 : 6
		add_ln840_53 : 7
		sext_ln840_81 : 8
		sub_ln840_22 : 4
		add_ln840_54 : 5
		sext_ln840_82 : 6
		sub_ln840_23 : 2
		sext_ln840_83 : 3
		sub_ln840_24 : 4
		sext_ln840_84 : 5
		add_ln840_55 : 7
		sext_ln840_85 : 8
		add_ln840_56 : 9
		sext_ln840_86 : 10
		add_ln840_57 : 2
		sext_ln840_87 : 3
		add_ln840_58 : 4
		sext_ln840_88 : 5
		add_ln840_59 : 2
		sext_ln840_89 : 3
		add_ln840_60 : 4
		sext_ln840_90 : 5
		add_ln840_61 : 6
		sext_ln840_91 : 7
		add_ln840_62 : 2
		sext_ln840_92 : 3
		add_ln840_63 : 4
		sext_ln840_93 : 5
		add_ln840_64 : 2
		sext_ln840_94 : 3
		add_ln840_65 : 4
		sext_ln840_95 : 5
		add_ln840_66 : 6
		sext_ln840_96 : 7
		add_ln840_67 : 8
		sext_ln840_97 : 9
		add_ln840_68 : 11
		sub_ln840_25 : 4
		add_ln840_69 : 5
		sext_ln840_98 : 6
		add_ln840_70 : 7
		sext_ln840_99 : 8
		sub_ln840_26 : 4
		add_ln840_71 : 5
		sext_ln840_100 : 6
		sext_ln840_101 : 3
		sub_ln840_27 : 4
		add_ln840_72 : 5
		sext_ln840_102 : 6
		add_ln840_73 : 7
		sext_ln840_103 : 8
		add_ln840_74 : 9
		sext_ln840_104 : 10
		add_ln840_75 : 2
		sext_ln840_105 : 1
		sext_ln840_106 : 3
		sub_ln840_28 : 4
		sext_ln840_107 : 5
		add_ln840_76 : 6
		sext_ln840_108 : 7
		add_ln840_77 : 2
		sext_ln840_109 : 3
		add_ln840_78 : 4
		sext_ln840_110 : 5
		add_ln840_79 : 2
		sext_ln840_111 : 3
		add_ln840_80 : 4
		sext_ln840_112 : 5
		add_ln840_81 : 6
		sext_ln840_113 : 7
		add_ln840_82 : 8
		sext_ln840_114 : 9
		add_ln840_83 : 11
		sub_ln840_2 : 2
		sext_ln840_115 : 3
		sext_ln840_116 : 3
		sub_ln840_29 : 4
		add_ln840_84 : 5
		sext_ln840_117 : 6
		sext_ln840_118 : 1
		sub_ln840_30 : 4
		add_ln840_85 : 5
		sext_ln840_119 : 6
		add_ln840_86 : 7
		sext_ln840_120 : 8
		sub_ln840_31 : 4
		add_ln840_87 : 5
		sext_ln840_121 : 6
		sub_ln840_32 : 4
		add_ln840_88 : 5
		sext_ln840_122 : 6
		add_ln840_89 : 7
		sext_ln840_123 : 8
		add_ln840_90 : 9
		sext_ln840_124 : 10
		sub_ln840_33 : 4
		add_ln840_91 : 5
		sext_ln840_125 : 6
		sext_ln840_126 : 1
		sext_ln840_127 : 3
		sub_ln840_34 : 4
		add_ln840_92 : 5
		sext_ln840_128 : 6
		add_ln840_93 : 7
		sext_ln840_129 : 8
		sext_ln840_130 : 3
		sub_ln840_35 : 4
		add_ln840_94 : 5
		sext_ln840_131 : 6
		sub_ln840_36 : 2
		sext_ln840_132 : 1
		sext_ln840_133 : 3
		sub_ln840_37 : 4
		sext_ln840_134 : 5
		add_ln840_95 : 7
		sext_ln840_135 : 8
		add_ln840_96 : 9
		sext_ln840_136 : 10
		add_ln840_97 : 11
		result_V : 12
		result_V_1 : 13
		result_V_2 : 13
		result_V_3 : 12
		result_V_4 : 12
		result_V_5 : 12
		store_ln123 : 3
	State 2
		zext_ln171 : 1
		write_ln171 : 2


============================================================
+ Verbose Summary: Datapath Resource usage 
============================================================

* Functional unit list:
|----------|--------------------------|---------|---------|
| Operation|      Functional Unit     |    FF   |   LUT   |
|----------|--------------------------|---------|---------|
|          |        i_2_fu_185        |    0    |    17   |
|          |     add_ln840_fu_739     |    0    |    18   |
|          |    add_ln840_1_fu_759    |    0    |    18   |
|          |    add_ln840_2_fu_769    |    0    |    17   |
|          |    add_ln840_3_fu_789    |    0    |    18   |
|          |    add_ln840_4_fu_809    |    0    |    18   |
|          |    add_ln840_5_fu_819    |    0    |    17   |
|          |    add_ln840_6_fu_829    |    0    |    18   |
|          |    add_ln840_7_fu_849    |    0    |    18   |
|          |    add_ln840_8_fu_873    |    0    |    18   |
|          |    add_ln840_9_fu_883    |    0    |    17   |
|          |    add_ln840_10_fu_893   |    0    |    15   |
|          |    add_ln840_11_fu_903   |    0    |    16   |
|          |    add_ln840_12_fu_913   |    0    |    15   |
|          |    add_ln840_13_fu_923   |    0    |    16   |
|          |    add_ln840_14_fu_933   |    0    |    17   |
|          |    add_ln840_15_fu_943   |    0    |    18   |
|          |    add_ln840_16_fu_953   |    0    |    19   |
|          |    add_ln840_17_fu_979   |    0    |    18   |
|          |   add_ln840_18_fu_1035   |    0    |    18   |
|          |   add_ln840_19_fu_1045   |    0    |    17   |
|          |   add_ln840_20_fu_1065   |    0    |    18   |
|          |   add_ln840_21_fu_1085   |    0    |    18   |
|          |   add_ln840_22_fu_1095   |    0    |    17   |
|          |   add_ln840_23_fu_1105   |    0    |    18   |
|          |   add_ln840_24_fu_1135   |    0    |    15   |
|          |   add_ln840_25_fu_1145   |    0    |    16   |
|          |   add_ln840_26_fu_1155   |    0    |    17   |
|          |   add_ln840_27_fu_1165   |    0    |    15   |
|          |   add_ln840_28_fu_1175   |    0    |    16   |
|          |   add_ln840_29_fu_1185   |    0    |    15   |
|          |   add_ln840_30_fu_1195   |    0    |    16   |
|          |   add_ln840_31_fu_1205   |    0    |    17   |
|          |   add_ln840_32_fu_1215   |    0    |    18   |
|          |   add_ln840_33_fu_1225   |    0    |    19   |
|          |   add_ln840_34_fu_1261   |    0    |    18   |
|          |   add_ln840_35_fu_1271   |    0    |    17   |
|          |   add_ln840_36_fu_1287   |    0    |    18   |
|          |   add_ln840_37_fu_1307   |    0    |    18   |
|          |   add_ln840_38_fu_1317   |    0    |    17   |
|          |   add_ln840_39_fu_1327   |    0    |    18   |
|          |   add_ln840_40_fu_1337   |    0    |    15   |
|          |   add_ln840_41_fu_1361   |    0    |    15   |
|          |   add_ln840_42_fu_1371   |    0    |    16   |
|          |   add_ln840_43_fu_1381   |    0    |    17   |
|          |   add_ln840_44_fu_1391   |    0    |    15   |
|          |   add_ln840_45_fu_1401   |    0    |    16   |
|          |   add_ln840_46_fu_1411   |    0    |    16   |
|          |   add_ln840_47_fu_1421   |    0    |    17   |
|    add   |   add_ln840_48_fu_1431   |    0    |    18   |
|          |   add_ln840_49_fu_1441   |    0    |    19   |
|          |   add_ln840_50_fu_1447   |    0    |    15   |
|          |   add_ln840_51_fu_1473   |    0    |    18   |
|          |   add_ln840_52_fu_1493   |    0    |    18   |
|          |   add_ln840_53_fu_1503   |    0    |    17   |
|          |   add_ln840_54_fu_1519   |    0    |    18   |
|          |   add_ln840_55_fu_1549   |    0    |    17   |
|          |   add_ln840_56_fu_1559   |    0    |    18   |
|          |   add_ln840_57_fu_1569   |    0    |    15   |
|          |   add_ln840_58_fu_1579   |    0    |    16   |
|          |   add_ln840_59_fu_1589   |    0    |    15   |
|          |   add_ln840_60_fu_1599   |    0    |    16   |
|          |   add_ln840_61_fu_1609   |    0    |    17   |
|          |   add_ln840_62_fu_1619   |    0    |    15   |
|          |   add_ln840_63_fu_1629   |    0    |    16   |
|          |   add_ln840_64_fu_1639   |    0    |    15   |
|          |   add_ln840_65_fu_1649   |    0    |    16   |
|          |   add_ln840_66_fu_1659   |    0    |    17   |
|          |   add_ln840_67_fu_1669   |    0    |    18   |
|          |   add_ln840_68_fu_1679   |    0    |    19   |
|          |   add_ln840_69_fu_1691   |    0    |    18   |
|          |   add_ln840_70_fu_1701   |    0    |    17   |
|          |   add_ln840_71_fu_1717   |    0    |    18   |
|          |   add_ln840_72_fu_1737   |    0    |    18   |
|          |   add_ln840_73_fu_1747   |    0    |    17   |
|          |   add_ln840_74_fu_1757   |    0    |    18   |
|          |   add_ln840_75_fu_1767   |    0    |    15   |
|          |   add_ln840_76_fu_1791   |    0    |    17   |
|          |   add_ln840_77_fu_1801   |    0    |    15   |
|          |   add_ln840_78_fu_1811   |    0    |    16   |
|          |   add_ln840_79_fu_1821   |    0    |    15   |
|          |   add_ln840_80_fu_1831   |    0    |    16   |
|          |   add_ln840_81_fu_1841   |    0    |    17   |
|          |   add_ln840_82_fu_1851   |    0    |    18   |
|          |   add_ln840_83_fu_1861   |    0    |    19   |
|          |   add_ln840_84_fu_1887   |    0    |    18   |
|          |   add_ln840_85_fu_1907   |    0    |    18   |
|          |   add_ln840_86_fu_1917   |    0    |    17   |
|          |   add_ln840_87_fu_1933   |    0    |    18   |
|          |   add_ln840_88_fu_1949   |    0    |    18   |
|          |   add_ln840_89_fu_1959   |    0    |    17   |
|          |   add_ln840_90_fu_1969   |    0    |    18   |
|          |   add_ln840_91_fu_1985   |    0    |    18   |
|          |   add_ln840_92_fu_2009   |    0    |    18   |
|          |   add_ln840_93_fu_2019   |    0    |    17   |
|          |   add_ln840_94_fu_2039   |    0    |    18   |
|          |   add_ln840_95_fu_2073   |    0    |    17   |
|          |   add_ln840_96_fu_2083   |    0    |    18   |
|          |   add_ln840_97_fu_2093   |    0    |    19   |
|----------|--------------------------|---------|---------|
|          |       ret_V_fu_199       |    0    |    15   |
|          |      ret_V_1_fu_269      |    0    |    15   |
|          |      ret_V_2_fu_293      |    0    |    15   |
|          |      ret_V_3_fu_313      |    0    |    15   |
|          |      ret_V_4_fu_337      |    0    |    15   |
|          |      ret_V_5_fu_361      |    0    |    15   |
|          |      ret_V_6_fu_385      |    0    |    15   |
|          |      ret_V_7_fu_409      |    0    |    15   |
|          |      ret_V_8_fu_433      |    0    |    15   |
|          |      ret_V_9_fu_457      |    0    |    15   |
|          |      ret_V_10_fu_481     |    0    |    15   |
|          |      ret_V_11_fu_505     |    0    |    15   |
|          |      ret_V_12_fu_529     |    0    |    15   |
|          |      ret_V_13_fu_553     |    0    |    15   |
|          |      ret_V_14_fu_577     |    0    |    15   |
|          |      ret_V_15_fu_601     |    0    |    15   |
|          |      ret_V_16_fu_625     |    0    |    15   |
|          |      ret_V_17_fu_709     |    0    |    15   |
|          |     sub_ln840_fu_715     |    0    |    15   |
|          |    sub_ln840_3_fu_733    |    0    |    18   |
|          |    sub_ln840_4_fu_753    |    0    |    18   |
|          |    sub_ln840_5_fu_783    |    0    |    18   |
|          |    sub_ln840_6_fu_803    |    0    |    18   |
|          |    sub_ln840_7_fu_843    |    0    |    18   |
|          |    sub_ln840_8_fu_867    |    0    |    18   |
|          |      ret_V_18_fu_959     |    0    |    15   |
|          |    sub_ln840_1_fu_973    |    0    |    18   |
|          |      ret_V_19_fu_989     |    0    |    15   |
|          |      ret_V_20_fu_999     |    0    |    15   |
|          |     ret_V_21_fu_1009     |    0    |    15   |
|    sub   |    sub_ln840_9_fu_1023   |    0    |    18   |
|          |   sub_ln840_10_fu_1029   |    0    |    18   |
|          |   sub_ln840_11_fu_1059   |    0    |    18   |
|          |   sub_ln840_12_fu_1079   |    0    |    18   |
|          |   sub_ln840_13_fu_1115   |    0    |    15   |
|          |   sub_ln840_14_fu_1125   |    0    |    16   |
|          |     ret_V_22_fu_1231     |    0    |    15   |
|          |   sub_ln840_15_fu_1245   |    0    |    18   |
|          |   sub_ln840_16_fu_1255   |    0    |    18   |
|          |   sub_ln840_17_fu_1281   |    0    |    18   |
|          |   sub_ln840_18_fu_1301   |    0    |    18   |
|          |   sub_ln840_19_fu_1351   |    0    |    16   |
|          |     ret_V_23_fu_1457     |    0    |    15   |
|          |   sub_ln840_20_fu_1467   |    0    |    18   |
|          |   sub_ln840_21_fu_1487   |    0    |    18   |
|          |   sub_ln840_22_fu_1513   |    0    |    18   |
|          |   sub_ln840_23_fu_1529   |    0    |    15   |
|          |   sub_ln840_24_fu_1539   |    0    |    16   |
|          |   sub_ln840_25_fu_1685   |    0    |    18   |
|          |   sub_ln840_26_fu_1711   |    0    |    18   |
|          |   sub_ln840_27_fu_1731   |    0    |    18   |
|          |   sub_ln840_28_fu_1781   |    0    |    16   |
|          |    sub_ln840_2_fu_1867   |    0    |    15   |
|          |   sub_ln840_29_fu_1881   |    0    |    18   |
|          |   sub_ln840_30_fu_1901   |    0    |    18   |
|          |   sub_ln840_31_fu_1927   |    0    |    18   |
|          |   sub_ln840_32_fu_1943   |    0    |    18   |
|          |   sub_ln840_33_fu_1979   |    0    |    18   |
|          |   sub_ln840_34_fu_2003   |    0    |    18   |
|          |   sub_ln840_35_fu_2033   |    0    |    18   |
|          |   sub_ln840_36_fu_2049   |    0    |    15   |
|          |   sub_ln840_37_fu_2063   |    0    |    16   |
|----------|--------------------------|---------|---------|
|          |     icmp_ln123_fu_179    |    0    |    11   |
|          |     result_V_fu_2099     |    0    |    12   |
|          |    result_V_1_fu_2105    |    0    |    12   |
|   icmp   |    result_V_2_fu_2111    |    0    |    12   |
|          |    result_V_3_fu_2117    |    0    |    12   |
|          |    result_V_4_fu_2123    |    0    |    12   |
|          |    result_V_5_fu_2129    |    0    |    12   |
|----------|--------------------------|---------|---------|
|   read   |    inElem_read_fu_158    |    0    |    0    |
|----------|--------------------------|---------|---------|
|   write  | write_ln171_write_fu_164 |    0    |    0    |
|----------|--------------------------|---------|---------|
|   trunc  |        r_V_fu_191        |    0    |    0    |
|----------|--------------------------|---------|---------|
|          |    sext_ln1494_fu_195    |    0    |    0    |
|          |     sext_ln628_fu_215    |    0    |    0    |
|          |    sext_ln628_1_fu_219   |    0    |    0    |
|          |     sext_ln840_fu_233    |    0    |    0    |
|          |    sext_ln628_2_fu_237   |    0    |    0    |
|          |    sext_ln840_1_fu_251   |    0    |    0    |
|          |   sext_ln1494_1_fu_265   |    0    |    0    |
|          |    sext_ln628_3_fu_275   |    0    |    0    |
|          |   sext_ln1494_2_fu_289   |    0    |    0    |
|          |   sext_ln1494_3_fu_309   |    0    |    0    |
|          |    sext_ln628_4_fu_319   |    0    |    0    |
|          |   sext_ln1494_4_fu_333   |    0    |    0    |
|          |    sext_ln628_5_fu_343   |    0    |    0    |
|          |   sext_ln1494_5_fu_357   |    0    |    0    |
|          |    sext_ln628_6_fu_367   |    0    |    0    |
|          |   sext_ln1494_6_fu_381   |    0    |    0    |
|          |    sext_ln628_7_fu_391   |    0    |    0    |
|          |   sext_ln1494_7_fu_405   |    0    |    0    |
|          |    sext_ln628_8_fu_415   |    0    |    0    |
|          |   sext_ln1494_8_fu_429   |    0    |    0    |
|          |    sext_ln628_9_fu_439   |    0    |    0    |
|          |   sext_ln1494_9_fu_453   |    0    |    0    |
|          |   sext_ln628_10_fu_463   |    0    |    0    |
|          |   sext_ln1494_10_fu_477  |    0    |    0    |
|          |   sext_ln628_11_fu_487   |    0    |    0    |
|          |   sext_ln1494_11_fu_501  |    0    |    0    |
|          |   sext_ln628_12_fu_511   |    0    |    0    |
|          |   sext_ln1494_12_fu_525  |    0    |    0    |
|          |   sext_ln628_13_fu_535   |    0    |    0    |
|          |   sext_ln1494_13_fu_549  |    0    |    0    |
|          |   sext_ln628_14_fu_559   |    0    |    0    |
|          |   sext_ln1494_14_fu_573  |    0    |    0    |
|          |   sext_ln628_15_fu_583   |    0    |    0    |
|          |   sext_ln1494_15_fu_597  |    0    |    0    |
|          |   sext_ln628_16_fu_607   |    0    |    0    |
|          |   sext_ln1494_16_fu_621  |    0    |    0    |
|          |    sext_ln840_2_fu_641   |    0    |    0    |
|          |    sext_ln840_3_fu_655   |    0    |    0    |
|          |   sext_ln628_17_fu_659   |    0    |    0    |
|          |    sext_ln840_4_fu_673   |    0    |    0    |
|          |   sext_ln628_18_fu_677   |    0    |    0    |
|          |    sext_ln840_5_fu_691   |    0    |    0    |
|          |   sext_ln1494_17_fu_705  |    0    |    0    |
|          |    sext_ln840_6_fu_721   |    0    |    0    |
|          |    sext_ln840_7_fu_725   |    0    |    0    |
|          |    sext_ln840_8_fu_729   |    0    |    0    |
|          |    sext_ln840_9_fu_745   |    0    |    0    |
|          |   sext_ln840_10_fu_749   |    0    |    0    |
|          |   sext_ln840_11_fu_765   |    0    |    0    |
|          |   sext_ln840_12_fu_775   |    0    |    0    |
|          |   sext_ln840_13_fu_779   |    0    |    0    |
|          |   sext_ln840_14_fu_795   |    0    |    0    |
|          |   sext_ln840_15_fu_799   |    0    |    0    |
|          |   sext_ln840_16_fu_815   |    0    |    0    |
|          |   sext_ln840_17_fu_825   |    0    |    0    |
|          |   sext_ln840_18_fu_835   |    0    |    0    |
|          |   sext_ln840_19_fu_839   |    0    |    0    |
|          |   sext_ln840_20_fu_855   |    0    |    0    |
|          |   sext_ln840_21_fu_859   |    0    |    0    |
|          |   sext_ln840_22_fu_863   |    0    |    0    |
|          |   sext_ln840_23_fu_879   |    0    |    0    |
|          |   sext_ln840_24_fu_889   |    0    |    0    |
|          |   sext_ln840_25_fu_899   |    0    |    0    |
|          |   sext_ln840_26_fu_909   |    0    |    0    |
|          |   sext_ln840_27_fu_919   |    0    |    0    |
|          |   sext_ln840_28_fu_929   |    0    |    0    |
|          |   sext_ln840_29_fu_939   |    0    |    0    |
|          |   sext_ln840_30_fu_949   |    0    |    0    |
|          |   sext_ln840_31_fu_965   |    0    |    0    |
|          |   sext_ln840_32_fu_969   |    0    |    0    |
|          |   sext_ln840_33_fu_985   |    0    |    0    |
|          |   sext_ln1494_18_fu_995  |    0    |    0    |
|          |  sext_ln1494_19_fu_1005  |    0    |    0    |
|          |   sext_ln840_34_fu_1015  |    0    |    0    |
|          |   sext_ln840_35_fu_1019  |    0    |    0    |
|          |   sext_ln840_36_fu_1041  |    0    |    0    |
|          |   sext_ln840_37_fu_1051  |    0    |    0    |
|          |   sext_ln840_38_fu_1055  |    0    |    0    |
|          |   sext_ln840_39_fu_1071  |    0    |    0    |
|          |   sext_ln840_40_fu_1075  |    0    |    0    |
|          |   sext_ln840_41_fu_1091  |    0    |    0    |
|          |   sext_ln840_42_fu_1101  |    0    |    0    |
|          |   sext_ln840_43_fu_1111  |    0    |    0    |
|          |   sext_ln840_44_fu_1121  |    0    |    0    |
|          |   sext_ln840_45_fu_1131  |    0    |    0    |
|          |   sext_ln840_46_fu_1141  |    0    |    0    |
|          |   sext_ln840_47_fu_1151  |    0    |    0    |
|   sext   |   sext_ln840_48_fu_1161  |    0    |    0    |
|          |   sext_ln840_49_fu_1171  |    0    |    0    |
|          |   sext_ln840_50_fu_1181  |    0    |    0    |
|          |   sext_ln840_51_fu_1191  |    0    |    0    |
|          |   sext_ln840_52_fu_1201  |    0    |    0    |
|          |   sext_ln840_53_fu_1211  |    0    |    0    |
|          |   sext_ln840_54_fu_1221  |    0    |    0    |
|          |   sext_ln840_55_fu_1237  |    0    |    0    |
|          |   sext_ln840_56_fu_1241  |    0    |    0    |
|          |   sext_ln840_57_fu_1251  |    0    |    0    |
|          |   sext_ln840_58_fu_1267  |    0    |    0    |
|          |   sext_ln840_59_fu_1277  |    0    |    0    |
|          |   sext_ln840_60_fu_1293  |    0    |    0    |
|          |   sext_ln840_61_fu_1297  |    0    |    0    |
|          |   sext_ln840_62_fu_1313  |    0    |    0    |
|          |   sext_ln840_63_fu_1323  |    0    |    0    |
|          |   sext_ln840_64_fu_1333  |    0    |    0    |
|          |   sext_ln840_65_fu_1343  |    0    |    0    |
|          |   sext_ln840_66_fu_1347  |    0    |    0    |
|          |   sext_ln840_67_fu_1357  |    0    |    0    |
|          |   sext_ln840_68_fu_1367  |    0    |    0    |
|          |   sext_ln840_69_fu_1377  |    0    |    0    |
|          |   sext_ln840_70_fu_1387  |    0    |    0    |
|          |   sext_ln840_71_fu_1397  |    0    |    0    |
|          |   sext_ln840_72_fu_1407  |    0    |    0    |
|          |   sext_ln840_73_fu_1417  |    0    |    0    |
|          |   sext_ln840_74_fu_1427  |    0    |    0    |
|          |   sext_ln840_75_fu_1437  |    0    |    0    |
|          |   sext_ln840_76_fu_1453  |    0    |    0    |
|          |   sext_ln840_77_fu_1463  |    0    |    0    |
|          |   sext_ln840_78_fu_1479  |    0    |    0    |
|          |   sext_ln840_79_fu_1483  |    0    |    0    |
|          |   sext_ln840_80_fu_1499  |    0    |    0    |
|          |   sext_ln840_81_fu_1509  |    0    |    0    |
|          |   sext_ln840_82_fu_1525  |    0    |    0    |
|          |   sext_ln840_83_fu_1535  |    0    |    0    |
|          |   sext_ln840_84_fu_1545  |    0    |    0    |
|          |   sext_ln840_85_fu_1555  |    0    |    0    |
|          |   sext_ln840_86_fu_1565  |    0    |    0    |
|          |   sext_ln840_87_fu_1575  |    0    |    0    |
|          |   sext_ln840_88_fu_1585  |    0    |    0    |
|          |   sext_ln840_89_fu_1595  |    0    |    0    |
|          |   sext_ln840_90_fu_1605  |    0    |    0    |
|          |   sext_ln840_91_fu_1615  |    0    |    0    |
|          |   sext_ln840_92_fu_1625  |    0    |    0    |
|          |   sext_ln840_93_fu_1635  |    0    |    0    |
|          |   sext_ln840_94_fu_1645  |    0    |    0    |
|          |   sext_ln840_95_fu_1655  |    0    |    0    |
|          |   sext_ln840_96_fu_1665  |    0    |    0    |
|          |   sext_ln840_97_fu_1675  |    0    |    0    |
|          |   sext_ln840_98_fu_1697  |    0    |    0    |
|          |   sext_ln840_99_fu_1707  |    0    |    0    |
|          |  sext_ln840_100_fu_1723  |    0    |    0    |
|          |  sext_ln840_101_fu_1727  |    0    |    0    |
|          |  sext_ln840_102_fu_1743  |    0    |    0    |
|          |  sext_ln840_103_fu_1753  |    0    |    0    |
|          |  sext_ln840_104_fu_1763  |    0    |    0    |
|          |  sext_ln840_105_fu_1773  |    0    |    0    |
|          |  sext_ln840_106_fu_1777  |    0    |    0    |
|          |  sext_ln840_107_fu_1787  |    0    |    0    |
|          |  sext_ln840_108_fu_1797  |    0    |    0    |
|          |  sext_ln840_109_fu_1807  |    0    |    0    |
|          |  sext_ln840_110_fu_1817  |    0    |    0    |
|          |  sext_ln840_111_fu_1827  |    0    |    0    |
|          |  sext_ln840_112_fu_1837  |    0    |    0    |
|          |  sext_ln840_113_fu_1847  |    0    |    0    |
|          |  sext_ln840_114_fu_1857  |    0    |    0    |
|          |  sext_ln840_115_fu_1873  |    0    |    0    |
|          |  sext_ln840_116_fu_1877  |    0    |    0    |
|          |  sext_ln840_117_fu_1893  |    0    |    0    |
|          |  sext_ln840_118_fu_1897  |    0    |    0    |
|          |  sext_ln840_119_fu_1913  |    0    |    0    |
|          |  sext_ln840_120_fu_1923  |    0    |    0    |
|          |  sext_ln840_121_fu_1939  |    0    |    0    |
|          |  sext_ln840_122_fu_1955  |    0    |    0    |
|          |  sext_ln840_123_fu_1965  |    0    |    0    |
|          |  sext_ln840_124_fu_1975  |    0    |    0    |
|          |  sext_ln840_125_fu_1991  |    0    |    0    |
|          |  sext_ln840_126_fu_1995  |    0    |    0    |
|          |  sext_ln840_127_fu_1999  |    0    |    0    |
|          |  sext_ln840_128_fu_2015  |    0    |    0    |
|          |  sext_ln840_129_fu_2025  |    0    |    0    |
|          |  sext_ln840_130_fu_2029  |    0    |    0    |
|          |  sext_ln840_131_fu_2045  |    0    |    0    |
|          |  sext_ln840_132_fu_2055  |    0    |    0    |
|          |  sext_ln840_133_fu_2059  |    0    |    0    |
|          |  sext_ln840_134_fu_2069  |    0    |    0    |
|          |  sext_ln840_135_fu_2079  |    0    |    0    |
|          |  sext_ln840_136_fu_2089  |    0    |    0    |
|----------|--------------------------|---------|---------|
|          |       r_V_1_fu_205       |    0    |    0    |
|          |       r_V_2_fu_223       |    0    |    0    |
|          |       r_V_3_fu_241       |    0    |    0    |
|          |       r_V_4_fu_255       |    0    |    0    |
|          |       r_V_5_fu_279       |    0    |    0    |
|          |       r_V_6_fu_299       |    0    |    0    |
|          |       r_V_7_fu_323       |    0    |    0    |
|          |       r_V_8_fu_347       |    0    |    0    |
|          |       r_V_9_fu_371       |    0    |    0    |
|          |       r_V_10_fu_395      |    0    |    0    |
|          |       r_V_11_fu_419      |    0    |    0    |
|partselect|       r_V_12_fu_443      |    0    |    0    |
|          |       r_V_13_fu_467      |    0    |    0    |
|          |       r_V_14_fu_491      |    0    |    0    |
|          |       r_V_15_fu_515      |    0    |    0    |
|          |       r_V_16_fu_539      |    0    |    0    |
|          |       r_V_17_fu_563      |    0    |    0    |
|          |       r_V_18_fu_587      |    0    |    0    |
|          |       r_V_19_fu_611      |    0    |    0    |
|          |       r_V_20_fu_631      |    0    |    0    |
|          |       r_V_21_fu_645      |    0    |    0    |
|          |       r_V_22_fu_663      |    0    |    0    |
|          |       r_V_23_fu_681      |    0    |    0    |
|          |       r_V_24_fu_695      |    0    |    0    |
|----------|--------------------------|---------|---------|
|bitconcatenate|    p_Result_s_fu_2140    |    0    |    0    |
|----------|--------------------------|---------|---------|
|   zext   |    zext_ln171_fu_2150    |    0    |    0    |
|----------|--------------------------|---------|---------|
|   Total  |                          |    0    |   2789  |
|----------|--------------------------|---------|---------|

Memories:
N/A

* Register list:
+-------------------+--------+
|                   |   FF   |
+-------------------+--------+
|     i_reg_2155    |   10   |
|icmp_ln123_reg_2162|    1   |
|result_V_1_reg_2171|    1   |
|result_V_2_reg_2176|    1   |
|result_V_3_reg_2181|    1   |
|result_V_4_reg_2186|    1   |
|result_V_5_reg_2191|    1   |
| result_V_reg_2166 |    1   |
+-------------------+--------+
|       Total       |   17   |
+-------------------+--------+

* Multiplexer (MUX) list: 
|--------|------|------|------|--------|
|  Comp  |  Pin | Size |  BW  | S x BW |
|--------|------|------|------|--------|
|  Total |      |      |      |    0   |
|--------|------|------|------|--------|



* Summary:
+-----------+--------+--------+
|           |   FF   |   LUT  |
+-----------+--------+--------+
|  Function |    0   |  2789  |
|   Memory  |    -   |    -   |
|Multiplexer|    -   |    -   |
|  Register |   17   |    -   |
+-----------+--------+--------+
|   Total   |   17   |  2789  |
+-----------+--------+--------+
