Copyright 1986-2022 Xilinx, Inc. All Rights Reserved.
-----------------------------------------------------------------------------------------------------------------------------------------------------------------------------------------------------------------------------------------------------------
| Tool Version      : Vivado v.2022.2 (lin64) Build 3671981 Fri Oct 14 04:59:54 MDT 2022
| Date              : Sun Jun 22 17:17:01 2025
| Host              : finn_dev_root running 64-bit Ubuntu 22.04.1 LTS
| Command           : report_timing_summary -max_paths 10 -report_unconstrained -file finn_design_wrapper_timing_summary_routed.rpt -pb finn_design_wrapper_timing_summary_routed.pb -rpx finn_design_wrapper_timing_summary_routed.rpx -warn_on_violation
| Design            : finn_design_wrapper
| Device            : xczu7ev-ffvc1156
| Speed File        : -2  PRODUCTION 1.30 05-15-2022
| Temperature Grade : E
-----------------------------------------------------------------------------------------------------------------------------------------------------------------------------------------------------------------------------------------------------------

Timing Summary Report

------------------------------------------------------------------------------------------------
| Timer Settings
| --------------
------------------------------------------------------------------------------------------------

  Enable Multi Corner Analysis               :  Yes
  Enable Pessimism Removal                   :  Yes
  Pessimism Removal Resolution               :  Nearest Common Node
  Enable Input Delay Default Clock           :  No
  Enable Preset / Clear Arcs                 :  No
  Disable Flight Delays                      :  No
  Ignore I/O Paths                           :  No
  Timing Early Launch at Borrowing Latches   :  No
  Borrow Time for Max Delay Exceptions       :  Yes
  Merge Timing Exceptions                    :  Yes

  Corner  Analyze    Analyze    
  Name    Max Paths  Min Paths  
  ------  ---------  ---------  
  Slow    Yes        Yes        
  Fast    Yes        Yes        


------------------------------------------------------------------------------------------------
| Report Methodology
| ------------------
------------------------------------------------------------------------------------------------

Rule       Severity  Description                                                Violations  
---------  --------  ---------------------------------------------------------  ----------  
SYNTH-5    Warning   Mapped onto distributed RAM because of timing constraints  2           
TIMING-18  Warning   Missing input or output delay                              21          

Note: This report is based on the most recent report_methodology run and may not be up-to-date. Run report_methodology on the current design for the latest report.



check_timing report

Table of Contents
-----------------
1. checking no_clock (0)
2. checking constant_clock (0)
3. checking pulse_width_clock (0)
4. checking unconstrained_internal_endpoints (0)
5. checking no_input_delay (11)
6. checking no_output_delay (10)
7. checking multiple_clock (0)
8. checking generated_clocks (0)
9. checking loops (0)
10. checking partial_input_delay (0)
11. checking partial_output_delay (0)
12. checking latch_loops (0)

1. checking no_clock (0)
------------------------
 There are 0 register/latch pins with no clock.


2. checking constant_clock (0)
------------------------------
 There are 0 register/latch pins with constant_clock.


3. checking pulse_width_clock (0)
---------------------------------
 There are 0 register/latch pins which need pulse_width check


4. checking unconstrained_internal_endpoints (0)
------------------------------------------------
 There are 0 pins that are not constrained for maximum delay.

 There are 0 pins that are not constrained for maximum delay due to constant clock.


5. checking no_input_delay (11)
-------------------------------
 There are 11 input ports with no input delay specified. (HIGH)

 There are 0 input ports with no input delay but user has a false path constraint.


6. checking no_output_delay (10)
--------------------------------
 There are 10 ports with no output delay specified. (HIGH)

 There are 0 ports with no output delay but user has a false path constraint

 There are 0 ports with no output delay but with a timing clock defined on it or propagating through it


7. checking multiple_clock (0)
------------------------------
 There are 0 register/latch pins with multiple clocks.


8. checking generated_clocks (0)
--------------------------------
 There are 0 generated clocks that are not connected to a clock source.


9. checking loops (0)
---------------------
 There are 0 combinational loops in the design.


10. checking partial_input_delay (0)
------------------------------------
 There are 0 input ports with partial input delay specified.


11. checking partial_output_delay (0)
-------------------------------------
 There are 0 ports with partial output delay specified.


12. checking latch_loops (0)
----------------------------
 There are 0 combinational latch loops in the design through latch input



------------------------------------------------------------------------------------------------
| Design Timing Summary
| ---------------------
------------------------------------------------------------------------------------------------

    WNS(ns)      TNS(ns)  TNS Failing Endpoints  TNS Total Endpoints      WHS(ns)      THS(ns)  THS Failing Endpoints  THS Total Endpoints     WPWS(ns)     TPWS(ns)  TPWS Failing Endpoints  TPWS Total Endpoints  
    -------      -------  ---------------------  -------------------      -------      -------  ---------------------  -------------------     --------     --------  ----------------------  --------------------  
      4.581        0.000                      0                29141        0.016        0.000                      0                29141        4.458        0.000                       0                  6344  


All user specified timing constraints are met.


------------------------------------------------------------------------------------------------
| Clock Summary
| -------------
------------------------------------------------------------------------------------------------

Clock   Waveform(ns)       Period(ns)      Frequency(MHz)
-----   ------------       ----------      --------------
ap_clk  {0.000 5.000}      10.000          100.000         


------------------------------------------------------------------------------------------------
| Intra Clock Table
| -----------------
------------------------------------------------------------------------------------------------

Clock             WNS(ns)      TNS(ns)  TNS Failing Endpoints  TNS Total Endpoints      WHS(ns)      THS(ns)  THS Failing Endpoints  THS Total Endpoints     WPWS(ns)     TPWS(ns)  TPWS Failing Endpoints  TPWS Total Endpoints  
-----             -------      -------  ---------------------  -------------------      -------      -------  ---------------------  -------------------     --------     --------  ----------------------  --------------------  
ap_clk              4.581        0.000                      0                29141        0.016        0.000                      0                29141        4.458        0.000                       0                  6344  


------------------------------------------------------------------------------------------------
| Inter Clock Table
| -----------------
------------------------------------------------------------------------------------------------

From Clock    To Clock          WNS(ns)      TNS(ns)  TNS Failing Endpoints  TNS Total Endpoints      WHS(ns)      THS(ns)  THS Failing Endpoints  THS Total Endpoints  
----------    --------          -------      -------  ---------------------  -------------------      -------      -------  ---------------------  -------------------  


------------------------------------------------------------------------------------------------
| Other Path Groups Table
| -----------------------
------------------------------------------------------------------------------------------------

Path Group    From Clock    To Clock          WNS(ns)      TNS(ns)  TNS Failing Endpoints  TNS Total Endpoints      WHS(ns)      THS(ns)  THS Failing Endpoints  THS Total Endpoints  
----------    ----------    --------          -------      -------  ---------------------  -------------------      -------      -------  ---------------------  -------------------  


------------------------------------------------------------------------------------------------
| User Ignored Path Table
| -----------------------
------------------------------------------------------------------------------------------------

Path Group    From Clock    To Clock    
----------    ----------    --------    


------------------------------------------------------------------------------------------------
| Unconstrained Path Table
| ------------------------
------------------------------------------------------------------------------------------------

Path Group    From Clock    To Clock    
----------    ----------    --------    
(none)        ap_clk                      
(none)                      ap_clk        


------------------------------------------------------------------------------------------------
| Timing Details
| --------------
------------------------------------------------------------------------------------------------


---------------------------------------------------------------------------------------------------
From Clock:  ap_clk
  To Clock:  ap_clk

Setup :            0  Failing Endpoints,  Worst Slack        4.581ns,  Total Violation        0.000ns
Hold  :            0  Failing Endpoints,  Worst Slack        0.016ns,  Total Violation        0.000ns
PW    :            0  Failing Endpoints,  Worst Slack        4.458ns,  Total Violation        0.000ns
---------------------------------------------------------------------------------------------------


Max Delay Paths
--------------------------------------------------------------------------------------
Slack (MET) :             4.581ns  (required time - arrival time)
  Source:                 finn_design_i/MVAU_hls_1/MVAU_hls_1/inst/grp_Matrix_Vector_Activate_Stream_Batch_fu_46/flow_control_loop_pipe_sequential_init_U/ap_loop_init_int_reg/C
                            (rising edge-triggered cell FDRE clocked by ap_clk  {rise@0.000ns fall@5.000ns period=10.000ns})
  Destination:            finn_design_i/MVAU_hls_1/MVAU_hls_1/inst/grp_Matrix_Vector_Activate_Stream_Batch_fu_46/add_i_i_i3_7_29250_fu_592_reg[4]/D
                            (rising edge-triggered cell FDRE clocked by ap_clk  {rise@0.000ns fall@5.000ns period=10.000ns})
  Path Group:             ap_clk
  Path Type:              Setup (Max at Slow Process Corner)
  Requirement:            10.000ns  (ap_clk rise@10.000ns - ap_clk rise@0.000ns)
  Data Path Delay:        5.400ns  (logic 1.033ns (19.130%)  route 4.367ns (80.870%))
  Logic Levels:           10  (LUT2=1 LUT4=2 LUT6=7)
  Clock Path Skew:        -0.009ns (DCD - SCD + CPR)
    Destination Clock Delay (DCD):    0.021ns = ( 10.021 - 10.000 ) 
    Source Clock Delay      (SCD):    0.030ns
    Clock Pessimism Removal (CPR):    0.000ns
  Clock Uncertainty:      0.035ns  ((TSJ^2 + TIJ^2)^1/2 + DJ) / 2 + PE
    Total System Jitter     (TSJ):    0.071ns
    Total Input Jitter      (TIJ):    0.000ns
    Discrete Jitter          (DJ):    0.000ns
    Phase Error              (PE):    0.000ns

    Location             Delay type                Incr(ns)  Path(ns)    Netlist Resource(s)
  -------------------------------------------------------------------    -------------------
                         (clock ap_clk rise edge)     0.000     0.000 r  
                                                      0.000     0.000 r  ap_clk (IN)
                         net (fo=6943, unset)         0.030     0.030    finn_design_i/MVAU_hls_1/MVAU_hls_1/inst/grp_Matrix_Vector_Activate_Stream_Batch_fu_46/flow_control_loop_pipe_sequential_init_U/ap_clk
    SLICE_X56Y176        FDRE                                         r  finn_design_i/MVAU_hls_1/MVAU_hls_1/inst/grp_Matrix_Vector_Activate_Stream_Batch_fu_46/flow_control_loop_pipe_sequential_init_U/ap_loop_init_int_reg/C
  -------------------------------------------------------------------    -------------------
    SLICE_X56Y176        FDRE (Prop_HFF_SLICEM_C_Q)
                                                      0.079     0.109 r  finn_design_i/MVAU_hls_1/MVAU_hls_1/inst/grp_Matrix_Vector_Activate_Stream_Batch_fu_46/flow_control_loop_pipe_sequential_init_U/ap_loop_init_int_reg/Q
                         net (fo=117, routed)         0.555     0.664    finn_design_i/MVAU_hls_1/MVAU_hls_1/inst/grp_Matrix_Vector_Activate_Stream_Batch_fu_46/flow_control_loop_pipe_sequential_init_U/ap_loop_init_int
    SLICE_X58Y174        LUT2 (Prop_C6LUT_SLICEL_I1_O)
                                                      0.050     0.714 r  finn_design_i/MVAU_hls_1/MVAU_hls_1/inst/grp_Matrix_Vector_Activate_Stream_Batch_fu_46/flow_control_loop_pipe_sequential_init_U/icmp_ln249_reg_9583[0]_i_5/O
                         net (fo=13, routed)          0.163     0.877    finn_design_i/MVAU_hls_1/MVAU_hls_1/inst/grp_Matrix_Vector_Activate_Stream_Batch_fu_46/flow_control_loop_pipe_sequential_init_U/icmp_ln249_reg_9583[0]_i_5_n_3
    SLICE_X58Y176        LUT6 (Prop_H6LUT_SLICEL_I1_O)
                                                      0.090     0.967 f  finn_design_i/MVAU_hls_1/MVAU_hls_1/inst/grp_Matrix_Vector_Activate_Stream_Batch_fu_46/flow_control_loop_pipe_sequential_init_U/icmp_ln249_reg_9583[0]_i_10/O
                         net (fo=1, routed)           0.090     1.057    finn_design_i/MVAU_hls_1/MVAU_hls_1/inst/grp_Matrix_Vector_Activate_Stream_Batch_fu_46/flow_control_loop_pipe_sequential_init_U/icmp_ln249_reg_9583[0]_i_10_n_3
    SLICE_X58Y175        LUT6 (Prop_H6LUT_SLICEL_I4_O)
                                                      0.124     1.181 r  finn_design_i/MVAU_hls_1/MVAU_hls_1/inst/grp_Matrix_Vector_Activate_Stream_Batch_fu_46/flow_control_loop_pipe_sequential_init_U/icmp_ln249_reg_9583[0]_i_3/O
                         net (fo=119, routed)         0.812     1.993    finn_design_i/MVAU_hls_1/MVAU_hls_1/inst/grp_Matrix_Vector_Activate_Stream_Batch_fu_46/flow_control_loop_pipe_sequential_init_U/icmp_ln249_reg_9583[0]_i_3_n_3
    SLICE_X62Y174        LUT6 (Prop_E6LUT_SLICEL_I2_O)
                                                      0.147     2.140 r  finn_design_i/MVAU_hls_1/MVAU_hls_1/inst/grp_Matrix_Vector_Activate_Stream_Batch_fu_46/flow_control_loop_pipe_sequential_init_U/empty_fu_564[1]_i_78/O
                         net (fo=16, routed)          1.062     3.202    finn_design_i/MVAU_hls_1/MVAU_hls_1/inst/regslice_both_in1_V_U/empty_fu_564[1]_i_6_0
    SLICE_X63Y196        LUT4 (Prop_D5LUT_SLICEM_I0_O)
                                                      0.135     3.337 f  finn_design_i/MVAU_hls_1/MVAU_hls_1/inst/regslice_both_in1_V_U/add_i_i_i3_7_29250_fu_592[3]_i_23/O
                         net (fo=2, routed)           0.223     3.560    finn_design_i/MVAU_hls_1/MVAU_hls_1/inst/grp_Matrix_Vector_Activate_Stream_Batch_fu_46/flow_control_loop_pipe_sequential_init_U/add_i_i_i3_7_29250_fu_592[2]_i_4_0
    SLICE_X63Y196        LUT6 (Prop_G6LUT_SLICEM_I3_O)
                                                      0.090     3.650 r  finn_design_i/MVAU_hls_1/MVAU_hls_1/inst/grp_Matrix_Vector_Activate_Stream_Batch_fu_46/flow_control_loop_pipe_sequential_init_U/add_i_i_i3_7_29250_fu_592[3]_i_8/O
                         net (fo=2, routed)           0.411     4.062    finn_design_i/MVAU_hls_1/MVAU_hls_1/inst/grp_Matrix_Vector_Activate_Stream_Batch_fu_46/flow_control_loop_pipe_sequential_init_U/add_i_i_i3_7_29250_fu_592[3]_i_8_n_3
    SLICE_X60Y194        LUT6 (Prop_D6LUT_SLICEL_I4_O)
                                                      0.146     4.208 r  finn_design_i/MVAU_hls_1/MVAU_hls_1/inst/grp_Matrix_Vector_Activate_Stream_Batch_fu_46/flow_control_loop_pipe_sequential_init_U/add_i_i_i3_7_29250_fu_592[3]_i_10/O
                         net (fo=3, routed)           0.192     4.400    finn_design_i/MVAU_hls_1/MVAU_hls_1/inst/grp_Matrix_Vector_Activate_Stream_Batch_fu_46/flow_control_loop_pipe_sequential_init_U/add_i_i_i3_7_29250_fu_592[3]_i_10_n_3
    SLICE_X61Y195        LUT6 (Prop_H6LUT_SLICEM_I0_O)
                                                      0.039     4.439 r  finn_design_i/MVAU_hls_1/MVAU_hls_1/inst/grp_Matrix_Vector_Activate_Stream_Batch_fu_46/flow_control_loop_pipe_sequential_init_U/add_i_i_i3_7_29250_fu_592[3]_i_4/O
                         net (fo=2, routed)           0.220     4.658    finn_design_i/MVAU_hls_1/MVAU_hls_1/inst/grp_Matrix_Vector_Activate_Stream_Batch_fu_46/flow_control_loop_pipe_sequential_init_U/add_i_i_i3_7_29250_fu_592[3]_i_4_n_3
    SLICE_X60Y194        LUT6 (Prop_G6LUT_SLICEL_I5_O)
                                                      0.035     4.693 r  finn_design_i/MVAU_hls_1/MVAU_hls_1/inst/grp_Matrix_Vector_Activate_Stream_Batch_fu_46/flow_control_loop_pipe_sequential_init_U/add_i_i_i3_7_29250_fu_592[7]_i_5/O
                         net (fo=4, routed)           0.220     4.913    finn_design_i/MVAU_hls_1/MVAU_hls_1/inst/grp_Matrix_Vector_Activate_Stream_Batch_fu_46/flow_control_loop_pipe_sequential_init_U/add_i_i_i3_7_29250_fu_592[7]_i_5_n_3
    SLICE_X57Y190        LUT4 (Prop_F6LUT_SLICEM_I0_O)
                                                      0.098     5.011 r  finn_design_i/MVAU_hls_1/MVAU_hls_1/inst/grp_Matrix_Vector_Activate_Stream_Batch_fu_46/flow_control_loop_pipe_sequential_init_U/add_i_i_i3_7_29250_fu_592[4]_i_1/O
                         net (fo=2, routed)           0.419     5.430    finn_design_i/MVAU_hls_1/MVAU_hls_1/inst/grp_Matrix_Vector_Activate_Stream_Batch_fu_46/add_ln840_239_fu_9228_p2[4]
    SLICE_X57Y190        FDRE                                         r  finn_design_i/MVAU_hls_1/MVAU_hls_1/inst/grp_Matrix_Vector_Activate_Stream_Batch_fu_46/add_i_i_i3_7_29250_fu_592_reg[4]/D
  -------------------------------------------------------------------    -------------------

                         (clock ap_clk rise edge)    10.000    10.000 r  
                                                      0.000    10.000 r  ap_clk (IN)
                         net (fo=6943, unset)         0.021    10.021    finn_design_i/MVAU_hls_1/MVAU_hls_1/inst/grp_Matrix_Vector_Activate_Stream_Batch_fu_46/ap_clk
    SLICE_X57Y190        FDRE                                         r  finn_design_i/MVAU_hls_1/MVAU_hls_1/inst/grp_Matrix_Vector_Activate_Stream_Batch_fu_46/add_i_i_i3_7_29250_fu_592_reg[4]/C
                         clock pessimism              0.000    10.021    
                         clock uncertainty           -0.035     9.986    
    SLICE_X57Y190        FDRE (Setup_EFF_SLICEM_C_D)
                                                      0.025    10.011    finn_design_i/MVAU_hls_1/MVAU_hls_1/inst/grp_Matrix_Vector_Activate_Stream_Batch_fu_46/add_i_i_i3_7_29250_fu_592_reg[4]
  -------------------------------------------------------------------
                         required time                         10.011    
                         arrival time                          -5.430    
  -------------------------------------------------------------------
                         slack                                  4.581    

Slack (MET) :             4.644ns  (required time - arrival time)
  Source:                 finn_design_i/MVAU_hls_1/MVAU_hls_1/inst/grp_Matrix_Vector_Activate_Stream_Batch_fu_46/flow_control_loop_pipe_sequential_init_U/ap_loop_init_int_reg/C
                            (rising edge-triggered cell FDRE clocked by ap_clk  {rise@0.000ns fall@5.000ns period=10.000ns})
  Destination:            finn_design_i/MVAU_hls_1/MVAU_hls_1/inst/grp_Matrix_Vector_Activate_Stream_Batch_fu_46/add_i_i_i3_7_29250_fu_592_reg[6]/D
                            (rising edge-triggered cell FDRE clocked by ap_clk  {rise@0.000ns fall@5.000ns period=10.000ns})
  Path Group:             ap_clk
  Path Type:              Setup (Max at Slow Process Corner)
  Requirement:            10.000ns  (ap_clk rise@10.000ns - ap_clk rise@0.000ns)
  Data Path Delay:        5.337ns  (logic 0.988ns (18.513%)  route 4.349ns (81.487%))
  Logic Levels:           10  (LUT2=1 LUT4=1 LUT6=8)
  Clock Path Skew:        -0.009ns (DCD - SCD + CPR)
    Destination Clock Delay (DCD):    0.021ns = ( 10.021 - 10.000 ) 
    Source Clock Delay      (SCD):    0.030ns
    Clock Pessimism Removal (CPR):    0.000ns
  Clock Uncertainty:      0.035ns  ((TSJ^2 + TIJ^2)^1/2 + DJ) / 2 + PE
    Total System Jitter     (TSJ):    0.071ns
    Total Input Jitter      (TIJ):    0.000ns
    Discrete Jitter          (DJ):    0.000ns
    Phase Error              (PE):    0.000ns

    Location             Delay type                Incr(ns)  Path(ns)    Netlist Resource(s)
  -------------------------------------------------------------------    -------------------
                         (clock ap_clk rise edge)     0.000     0.000 r  
                                                      0.000     0.000 r  ap_clk (IN)
                         net (fo=6943, unset)         0.030     0.030    finn_design_i/MVAU_hls_1/MVAU_hls_1/inst/grp_Matrix_Vector_Activate_Stream_Batch_fu_46/flow_control_loop_pipe_sequential_init_U/ap_clk
    SLICE_X56Y176        FDRE                                         r  finn_design_i/MVAU_hls_1/MVAU_hls_1/inst/grp_Matrix_Vector_Activate_Stream_Batch_fu_46/flow_control_loop_pipe_sequential_init_U/ap_loop_init_int_reg/C
  -------------------------------------------------------------------    -------------------
    SLICE_X56Y176        FDRE (Prop_HFF_SLICEM_C_Q)
                                                      0.079     0.109 r  finn_design_i/MVAU_hls_1/MVAU_hls_1/inst/grp_Matrix_Vector_Activate_Stream_Batch_fu_46/flow_control_loop_pipe_sequential_init_U/ap_loop_init_int_reg/Q
                         net (fo=117, routed)         0.555     0.664    finn_design_i/MVAU_hls_1/MVAU_hls_1/inst/grp_Matrix_Vector_Activate_Stream_Batch_fu_46/flow_control_loop_pipe_sequential_init_U/ap_loop_init_int
    SLICE_X58Y174        LUT2 (Prop_C6LUT_SLICEL_I1_O)
                                                      0.050     0.714 r  finn_design_i/MVAU_hls_1/MVAU_hls_1/inst/grp_Matrix_Vector_Activate_Stream_Batch_fu_46/flow_control_loop_pipe_sequential_init_U/icmp_ln249_reg_9583[0]_i_5/O
                         net (fo=13, routed)          0.163     0.877    finn_design_i/MVAU_hls_1/MVAU_hls_1/inst/grp_Matrix_Vector_Activate_Stream_Batch_fu_46/flow_control_loop_pipe_sequential_init_U/icmp_ln249_reg_9583[0]_i_5_n_3
    SLICE_X58Y176        LUT6 (Prop_H6LUT_SLICEL_I1_O)
                                                      0.090     0.967 f  finn_design_i/MVAU_hls_1/MVAU_hls_1/inst/grp_Matrix_Vector_Activate_Stream_Batch_fu_46/flow_control_loop_pipe_sequential_init_U/icmp_ln249_reg_9583[0]_i_10/O
                         net (fo=1, routed)           0.090     1.057    finn_design_i/MVAU_hls_1/MVAU_hls_1/inst/grp_Matrix_Vector_Activate_Stream_Batch_fu_46/flow_control_loop_pipe_sequential_init_U/icmp_ln249_reg_9583[0]_i_10_n_3
    SLICE_X58Y175        LUT6 (Prop_H6LUT_SLICEL_I4_O)
                                                      0.124     1.181 r  finn_design_i/MVAU_hls_1/MVAU_hls_1/inst/grp_Matrix_Vector_Activate_Stream_Batch_fu_46/flow_control_loop_pipe_sequential_init_U/icmp_ln249_reg_9583[0]_i_3/O
                         net (fo=119, routed)         0.812     1.993    finn_design_i/MVAU_hls_1/MVAU_hls_1/inst/grp_Matrix_Vector_Activate_Stream_Batch_fu_46/flow_control_loop_pipe_sequential_init_U/icmp_ln249_reg_9583[0]_i_3_n_3
    SLICE_X62Y174        LUT6 (Prop_E6LUT_SLICEL_I2_O)
                                                      0.147     2.140 r  finn_design_i/MVAU_hls_1/MVAU_hls_1/inst/grp_Matrix_Vector_Activate_Stream_Batch_fu_46/flow_control_loop_pipe_sequential_init_U/empty_fu_564[1]_i_78/O
                         net (fo=16, routed)          1.062     3.202    finn_design_i/MVAU_hls_1/MVAU_hls_1/inst/regslice_both_in1_V_U/empty_fu_564[1]_i_6_0
    SLICE_X63Y196        LUT4 (Prop_D5LUT_SLICEM_I0_O)
                                                      0.135     3.337 f  finn_design_i/MVAU_hls_1/MVAU_hls_1/inst/regslice_both_in1_V_U/add_i_i_i3_7_29250_fu_592[3]_i_23/O
                         net (fo=2, routed)           0.223     3.560    finn_design_i/MVAU_hls_1/MVAU_hls_1/inst/grp_Matrix_Vector_Activate_Stream_Batch_fu_46/flow_control_loop_pipe_sequential_init_U/add_i_i_i3_7_29250_fu_592[2]_i_4_0
    SLICE_X63Y196        LUT6 (Prop_G6LUT_SLICEM_I3_O)
                                                      0.090     3.650 r  finn_design_i/MVAU_hls_1/MVAU_hls_1/inst/grp_Matrix_Vector_Activate_Stream_Batch_fu_46/flow_control_loop_pipe_sequential_init_U/add_i_i_i3_7_29250_fu_592[3]_i_8/O
                         net (fo=2, routed)           0.411     4.062    finn_design_i/MVAU_hls_1/MVAU_hls_1/inst/grp_Matrix_Vector_Activate_Stream_Batch_fu_46/flow_control_loop_pipe_sequential_init_U/add_i_i_i3_7_29250_fu_592[3]_i_8_n_3
    SLICE_X60Y194        LUT6 (Prop_D6LUT_SLICEL_I4_O)
                                                      0.146     4.208 r  finn_design_i/MVAU_hls_1/MVAU_hls_1/inst/grp_Matrix_Vector_Activate_Stream_Batch_fu_46/flow_control_loop_pipe_sequential_init_U/add_i_i_i3_7_29250_fu_592[3]_i_10/O
                         net (fo=3, routed)           0.192     4.400    finn_design_i/MVAU_hls_1/MVAU_hls_1/inst/grp_Matrix_Vector_Activate_Stream_Batch_fu_46/flow_control_loop_pipe_sequential_init_U/add_i_i_i3_7_29250_fu_592[3]_i_10_n_3
    SLICE_X61Y195        LUT6 (Prop_H6LUT_SLICEM_I0_O)
                                                      0.039     4.439 r  finn_design_i/MVAU_hls_1/MVAU_hls_1/inst/grp_Matrix_Vector_Activate_Stream_Batch_fu_46/flow_control_loop_pipe_sequential_init_U/add_i_i_i3_7_29250_fu_592[3]_i_4/O
                         net (fo=2, routed)           0.220     4.658    finn_design_i/MVAU_hls_1/MVAU_hls_1/inst/grp_Matrix_Vector_Activate_Stream_Batch_fu_46/flow_control_loop_pipe_sequential_init_U/add_i_i_i3_7_29250_fu_592[3]_i_4_n_3
    SLICE_X60Y194        LUT6 (Prop_G6LUT_SLICEL_I5_O)
                                                      0.035     4.693 r  finn_design_i/MVAU_hls_1/MVAU_hls_1/inst/grp_Matrix_Vector_Activate_Stream_Batch_fu_46/flow_control_loop_pipe_sequential_init_U/add_i_i_i3_7_29250_fu_592[7]_i_5/O
                         net (fo=4, routed)           0.223     4.916    finn_design_i/MVAU_hls_1/MVAU_hls_1/inst/grp_Matrix_Vector_Activate_Stream_Batch_fu_46/flow_control_loop_pipe_sequential_init_U/add_i_i_i3_7_29250_fu_592[7]_i_5_n_3
    SLICE_X57Y190        LUT6 (Prop_H6LUT_SLICEM_I1_O)
                                                      0.053     4.969 r  finn_design_i/MVAU_hls_1/MVAU_hls_1/inst/grp_Matrix_Vector_Activate_Stream_Batch_fu_46/flow_control_loop_pipe_sequential_init_U/add_i_i_i3_7_29250_fu_592[6]_i_1/O
                         net (fo=2, routed)           0.398     5.367    finn_design_i/MVAU_hls_1/MVAU_hls_1/inst/grp_Matrix_Vector_Activate_Stream_Batch_fu_46/add_ln840_239_fu_9228_p2[6]
    SLICE_X57Y190        FDRE                                         r  finn_design_i/MVAU_hls_1/MVAU_hls_1/inst/grp_Matrix_Vector_Activate_Stream_Batch_fu_46/add_i_i_i3_7_29250_fu_592_reg[6]/D
  -------------------------------------------------------------------    -------------------

                         (clock ap_clk rise edge)    10.000    10.000 r  
                                                      0.000    10.000 r  ap_clk (IN)
                         net (fo=6943, unset)         0.021    10.021    finn_design_i/MVAU_hls_1/MVAU_hls_1/inst/grp_Matrix_Vector_Activate_Stream_Batch_fu_46/ap_clk
    SLICE_X57Y190        FDRE                                         r  finn_design_i/MVAU_hls_1/MVAU_hls_1/inst/grp_Matrix_Vector_Activate_Stream_Batch_fu_46/add_i_i_i3_7_29250_fu_592_reg[6]/C
                         clock pessimism              0.000    10.021    
                         clock uncertainty           -0.035     9.986    
    SLICE_X57Y190        FDRE (Setup_FFF_SLICEM_C_D)
                                                      0.025    10.011    finn_design_i/MVAU_hls_1/MVAU_hls_1/inst/grp_Matrix_Vector_Activate_Stream_Batch_fu_46/add_i_i_i3_7_29250_fu_592_reg[6]
  -------------------------------------------------------------------
                         required time                         10.011    
                         arrival time                          -5.367    
  -------------------------------------------------------------------
                         slack                                  4.644    

Slack (MET) :             4.654ns  (required time - arrival time)
  Source:                 finn_design_i/MVAU_hls_1/MVAU_hls_1/inst/grp_Matrix_Vector_Activate_Stream_Batch_fu_46/flow_control_loop_pipe_sequential_init_U/ap_loop_init_int_reg/C
                            (rising edge-triggered cell FDRE clocked by ap_clk  {rise@0.000ns fall@5.000ns period=10.000ns})
  Destination:            finn_design_i/MVAU_hls_1/MVAU_hls_1/inst/grp_Matrix_Vector_Activate_Stream_Batch_fu_46/add_ln840_239_reg_9630_reg[4]/D
                            (rising edge-triggered cell FDRE clocked by ap_clk  {rise@0.000ns fall@5.000ns period=10.000ns})
  Path Group:             ap_clk
  Path Type:              Setup (Max at Slow Process Corner)
  Requirement:            10.000ns  (ap_clk rise@10.000ns - ap_clk rise@0.000ns)
  Data Path Delay:        5.327ns  (logic 1.033ns (19.392%)  route 4.294ns (80.608%))
  Logic Levels:           10  (LUT2=1 LUT4=2 LUT6=7)
  Clock Path Skew:        -0.009ns (DCD - SCD + CPR)
    Destination Clock Delay (DCD):    0.021ns = ( 10.021 - 10.000 ) 
    Source Clock Delay      (SCD):    0.030ns
    Clock Pessimism Removal (CPR):    0.000ns
  Clock Uncertainty:      0.035ns  ((TSJ^2 + TIJ^2)^1/2 + DJ) / 2 + PE
    Total System Jitter     (TSJ):    0.071ns
    Total Input Jitter      (TIJ):    0.000ns
    Discrete Jitter          (DJ):    0.000ns
    Phase Error              (PE):    0.000ns

    Location             Delay type                Incr(ns)  Path(ns)    Netlist Resource(s)
  -------------------------------------------------------------------    -------------------
                         (clock ap_clk rise edge)     0.000     0.000 r  
                                                      0.000     0.000 r  ap_clk (IN)
                         net (fo=6943, unset)         0.030     0.030    finn_design_i/MVAU_hls_1/MVAU_hls_1/inst/grp_Matrix_Vector_Activate_Stream_Batch_fu_46/flow_control_loop_pipe_sequential_init_U/ap_clk
    SLICE_X56Y176        FDRE                                         r  finn_design_i/MVAU_hls_1/MVAU_hls_1/inst/grp_Matrix_Vector_Activate_Stream_Batch_fu_46/flow_control_loop_pipe_sequential_init_U/ap_loop_init_int_reg/C
  -------------------------------------------------------------------    -------------------
    SLICE_X56Y176        FDRE (Prop_HFF_SLICEM_C_Q)
                                                      0.079     0.109 r  finn_design_i/MVAU_hls_1/MVAU_hls_1/inst/grp_Matrix_Vector_Activate_Stream_Batch_fu_46/flow_control_loop_pipe_sequential_init_U/ap_loop_init_int_reg/Q
                         net (fo=117, routed)         0.555     0.664    finn_design_i/MVAU_hls_1/MVAU_hls_1/inst/grp_Matrix_Vector_Activate_Stream_Batch_fu_46/flow_control_loop_pipe_sequential_init_U/ap_loop_init_int
    SLICE_X58Y174        LUT2 (Prop_C6LUT_SLICEL_I1_O)
                                                      0.050     0.714 r  finn_design_i/MVAU_hls_1/MVAU_hls_1/inst/grp_Matrix_Vector_Activate_Stream_Batch_fu_46/flow_control_loop_pipe_sequential_init_U/icmp_ln249_reg_9583[0]_i_5/O
                         net (fo=13, routed)          0.163     0.877    finn_design_i/MVAU_hls_1/MVAU_hls_1/inst/grp_Matrix_Vector_Activate_Stream_Batch_fu_46/flow_control_loop_pipe_sequential_init_U/icmp_ln249_reg_9583[0]_i_5_n_3
    SLICE_X58Y176        LUT6 (Prop_H6LUT_SLICEL_I1_O)
                                                      0.090     0.967 f  finn_design_i/MVAU_hls_1/MVAU_hls_1/inst/grp_Matrix_Vector_Activate_Stream_Batch_fu_46/flow_control_loop_pipe_sequential_init_U/icmp_ln249_reg_9583[0]_i_10/O
                         net (fo=1, routed)           0.090     1.057    finn_design_i/MVAU_hls_1/MVAU_hls_1/inst/grp_Matrix_Vector_Activate_Stream_Batch_fu_46/flow_control_loop_pipe_sequential_init_U/icmp_ln249_reg_9583[0]_i_10_n_3
    SLICE_X58Y175        LUT6 (Prop_H6LUT_SLICEL_I4_O)
                                                      0.124     1.181 r  finn_design_i/MVAU_hls_1/MVAU_hls_1/inst/grp_Matrix_Vector_Activate_Stream_Batch_fu_46/flow_control_loop_pipe_sequential_init_U/icmp_ln249_reg_9583[0]_i_3/O
                         net (fo=119, routed)         0.812     1.993    finn_design_i/MVAU_hls_1/MVAU_hls_1/inst/grp_Matrix_Vector_Activate_Stream_Batch_fu_46/flow_control_loop_pipe_sequential_init_U/icmp_ln249_reg_9583[0]_i_3_n_3
    SLICE_X62Y174        LUT6 (Prop_E6LUT_SLICEL_I2_O)
                                                      0.147     2.140 r  finn_design_i/MVAU_hls_1/MVAU_hls_1/inst/grp_Matrix_Vector_Activate_Stream_Batch_fu_46/flow_control_loop_pipe_sequential_init_U/empty_fu_564[1]_i_78/O
                         net (fo=16, routed)          1.062     3.202    finn_design_i/MVAU_hls_1/MVAU_hls_1/inst/regslice_both_in1_V_U/empty_fu_564[1]_i_6_0
    SLICE_X63Y196        LUT4 (Prop_D5LUT_SLICEM_I0_O)
                                                      0.135     3.337 f  finn_design_i/MVAU_hls_1/MVAU_hls_1/inst/regslice_both_in1_V_U/add_i_i_i3_7_29250_fu_592[3]_i_23/O
                         net (fo=2, routed)           0.223     3.560    finn_design_i/MVAU_hls_1/MVAU_hls_1/inst/grp_Matrix_Vector_Activate_Stream_Batch_fu_46/flow_control_loop_pipe_sequential_init_U/add_i_i_i3_7_29250_fu_592[2]_i_4_0
    SLICE_X63Y196        LUT6 (Prop_G6LUT_SLICEM_I3_O)
                                                      0.090     3.650 r  finn_design_i/MVAU_hls_1/MVAU_hls_1/inst/grp_Matrix_Vector_Activate_Stream_Batch_fu_46/flow_control_loop_pipe_sequential_init_U/add_i_i_i3_7_29250_fu_592[3]_i_8/O
                         net (fo=2, routed)           0.411     4.062    finn_design_i/MVAU_hls_1/MVAU_hls_1/inst/grp_Matrix_Vector_Activate_Stream_Batch_fu_46/flow_control_loop_pipe_sequential_init_U/add_i_i_i3_7_29250_fu_592[3]_i_8_n_3
    SLICE_X60Y194        LUT6 (Prop_D6LUT_SLICEL_I4_O)
                                                      0.146     4.208 r  finn_design_i/MVAU_hls_1/MVAU_hls_1/inst/grp_Matrix_Vector_Activate_Stream_Batch_fu_46/flow_control_loop_pipe_sequential_init_U/add_i_i_i3_7_29250_fu_592[3]_i_10/O
                         net (fo=3, routed)           0.192     4.400    finn_design_i/MVAU_hls_1/MVAU_hls_1/inst/grp_Matrix_Vector_Activate_Stream_Batch_fu_46/flow_control_loop_pipe_sequential_init_U/add_i_i_i3_7_29250_fu_592[3]_i_10_n_3
    SLICE_X61Y195        LUT6 (Prop_H6LUT_SLICEM_I0_O)
                                                      0.039     4.439 r  finn_design_i/MVAU_hls_1/MVAU_hls_1/inst/grp_Matrix_Vector_Activate_Stream_Batch_fu_46/flow_control_loop_pipe_sequential_init_U/add_i_i_i3_7_29250_fu_592[3]_i_4/O
                         net (fo=2, routed)           0.220     4.658    finn_design_i/MVAU_hls_1/MVAU_hls_1/inst/grp_Matrix_Vector_Activate_Stream_Batch_fu_46/flow_control_loop_pipe_sequential_init_U/add_i_i_i3_7_29250_fu_592[3]_i_4_n_3
    SLICE_X60Y194        LUT6 (Prop_G6LUT_SLICEL_I5_O)
                                                      0.035     4.693 r  finn_design_i/MVAU_hls_1/MVAU_hls_1/inst/grp_Matrix_Vector_Activate_Stream_Batch_fu_46/flow_control_loop_pipe_sequential_init_U/add_i_i_i3_7_29250_fu_592[7]_i_5/O
                         net (fo=4, routed)           0.220     4.913    finn_design_i/MVAU_hls_1/MVAU_hls_1/inst/grp_Matrix_Vector_Activate_Stream_Batch_fu_46/flow_control_loop_pipe_sequential_init_U/add_i_i_i3_7_29250_fu_592[7]_i_5_n_3
    SLICE_X57Y190        LUT4 (Prop_F6LUT_SLICEM_I0_O)
                                                      0.098     5.011 r  finn_design_i/MVAU_hls_1/MVAU_hls_1/inst/grp_Matrix_Vector_Activate_Stream_Batch_fu_46/flow_control_loop_pipe_sequential_init_U/add_i_i_i3_7_29250_fu_592[4]_i_1/O
                         net (fo=2, routed)           0.346     5.357    finn_design_i/MVAU_hls_1/MVAU_hls_1/inst/grp_Matrix_Vector_Activate_Stream_Batch_fu_46/add_ln840_239_fu_9228_p2[4]
    SLICE_X57Y190        FDRE                                         r  finn_design_i/MVAU_hls_1/MVAU_hls_1/inst/grp_Matrix_Vector_Activate_Stream_Batch_fu_46/add_ln840_239_reg_9630_reg[4]/D
  -------------------------------------------------------------------    -------------------

                         (clock ap_clk rise edge)    10.000    10.000 r  
                                                      0.000    10.000 r  ap_clk (IN)
                         net (fo=6943, unset)         0.021    10.021    finn_design_i/MVAU_hls_1/MVAU_hls_1/inst/grp_Matrix_Vector_Activate_Stream_Batch_fu_46/ap_clk
    SLICE_X57Y190        FDRE                                         r  finn_design_i/MVAU_hls_1/MVAU_hls_1/inst/grp_Matrix_Vector_Activate_Stream_Batch_fu_46/add_ln840_239_reg_9630_reg[4]/C
                         clock pessimism              0.000    10.021    
                         clock uncertainty           -0.035     9.986    
    SLICE_X57Y190        FDRE (Setup_DFF2_SLICEM_C_D)
                                                      0.025    10.011    finn_design_i/MVAU_hls_1/MVAU_hls_1/inst/grp_Matrix_Vector_Activate_Stream_Batch_fu_46/add_ln840_239_reg_9630_reg[4]
  -------------------------------------------------------------------
                         required time                         10.011    
                         arrival time                          -5.357    
  -------------------------------------------------------------------
                         slack                                  4.654    

Slack (MET) :             4.673ns  (required time - arrival time)
  Source:                 finn_design_i/MVAU_hls_1/MVAU_hls_1/inst/grp_Matrix_Vector_Activate_Stream_Batch_fu_46/flow_control_loop_pipe_sequential_init_U/ap_loop_init_int_reg/C
                            (rising edge-triggered cell FDRE clocked by ap_clk  {rise@0.000ns fall@5.000ns period=10.000ns})
  Destination:            finn_design_i/MVAU_hls_1/MVAU_hls_1/inst/grp_Matrix_Vector_Activate_Stream_Batch_fu_46/add_i_i_i3_7_29250_fu_592_reg[5]/D
                            (rising edge-triggered cell FDRE clocked by ap_clk  {rise@0.000ns fall@5.000ns period=10.000ns})
  Path Group:             ap_clk
  Path Type:              Setup (Max at Slow Process Corner)
  Requirement:            10.000ns  (ap_clk rise@10.000ns - ap_clk rise@0.000ns)
  Data Path Delay:        5.308ns  (logic 1.072ns (20.196%)  route 4.236ns (79.804%))
  Logic Levels:           10  (LUT2=1 LUT4=1 LUT5=1 LUT6=7)
  Clock Path Skew:        -0.009ns (DCD - SCD + CPR)
    Destination Clock Delay (DCD):    0.021ns = ( 10.021 - 10.000 ) 
    Source Clock Delay      (SCD):    0.030ns
    Clock Pessimism Removal (CPR):    0.000ns
  Clock Uncertainty:      0.035ns  ((TSJ^2 + TIJ^2)^1/2 + DJ) / 2 + PE
    Total System Jitter     (TSJ):    0.071ns
    Total Input Jitter      (TIJ):    0.000ns
    Discrete Jitter          (DJ):    0.000ns
    Phase Error              (PE):    0.000ns

    Location             Delay type                Incr(ns)  Path(ns)    Netlist Resource(s)
  -------------------------------------------------------------------    -------------------
                         (clock ap_clk rise edge)     0.000     0.000 r  
                                                      0.000     0.000 r  ap_clk (IN)
                         net (fo=6943, unset)         0.030     0.030    finn_design_i/MVAU_hls_1/MVAU_hls_1/inst/grp_Matrix_Vector_Activate_Stream_Batch_fu_46/flow_control_loop_pipe_sequential_init_U/ap_clk
    SLICE_X56Y176        FDRE                                         r  finn_design_i/MVAU_hls_1/MVAU_hls_1/inst/grp_Matrix_Vector_Activate_Stream_Batch_fu_46/flow_control_loop_pipe_sequential_init_U/ap_loop_init_int_reg/C
  -------------------------------------------------------------------    -------------------
    SLICE_X56Y176        FDRE (Prop_HFF_SLICEM_C_Q)
                                                      0.079     0.109 r  finn_design_i/MVAU_hls_1/MVAU_hls_1/inst/grp_Matrix_Vector_Activate_Stream_Batch_fu_46/flow_control_loop_pipe_sequential_init_U/ap_loop_init_int_reg/Q
                         net (fo=117, routed)         0.555     0.664    finn_design_i/MVAU_hls_1/MVAU_hls_1/inst/grp_Matrix_Vector_Activate_Stream_Batch_fu_46/flow_control_loop_pipe_sequential_init_U/ap_loop_init_int
    SLICE_X58Y174        LUT2 (Prop_C6LUT_SLICEL_I1_O)
                                                      0.050     0.714 r  finn_design_i/MVAU_hls_1/MVAU_hls_1/inst/grp_Matrix_Vector_Activate_Stream_Batch_fu_46/flow_control_loop_pipe_sequential_init_U/icmp_ln249_reg_9583[0]_i_5/O
                         net (fo=13, routed)          0.163     0.877    finn_design_i/MVAU_hls_1/MVAU_hls_1/inst/grp_Matrix_Vector_Activate_Stream_Batch_fu_46/flow_control_loop_pipe_sequential_init_U/icmp_ln249_reg_9583[0]_i_5_n_3
    SLICE_X58Y176        LUT6 (Prop_H6LUT_SLICEL_I1_O)
                                                      0.090     0.967 f  finn_design_i/MVAU_hls_1/MVAU_hls_1/inst/grp_Matrix_Vector_Activate_Stream_Batch_fu_46/flow_control_loop_pipe_sequential_init_U/icmp_ln249_reg_9583[0]_i_10/O
                         net (fo=1, routed)           0.090     1.057    finn_design_i/MVAU_hls_1/MVAU_hls_1/inst/grp_Matrix_Vector_Activate_Stream_Batch_fu_46/flow_control_loop_pipe_sequential_init_U/icmp_ln249_reg_9583[0]_i_10_n_3
    SLICE_X58Y175        LUT6 (Prop_H6LUT_SLICEL_I4_O)
                                                      0.124     1.181 r  finn_design_i/MVAU_hls_1/MVAU_hls_1/inst/grp_Matrix_Vector_Activate_Stream_Batch_fu_46/flow_control_loop_pipe_sequential_init_U/icmp_ln249_reg_9583[0]_i_3/O
                         net (fo=119, routed)         0.812     1.993    finn_design_i/MVAU_hls_1/MVAU_hls_1/inst/grp_Matrix_Vector_Activate_Stream_Batch_fu_46/flow_control_loop_pipe_sequential_init_U/icmp_ln249_reg_9583[0]_i_3_n_3
    SLICE_X62Y174        LUT6 (Prop_E6LUT_SLICEL_I2_O)
                                                      0.147     2.140 r  finn_design_i/MVAU_hls_1/MVAU_hls_1/inst/grp_Matrix_Vector_Activate_Stream_Batch_fu_46/flow_control_loop_pipe_sequential_init_U/empty_fu_564[1]_i_78/O
                         net (fo=16, routed)          1.062     3.202    finn_design_i/MVAU_hls_1/MVAU_hls_1/inst/regslice_both_in1_V_U/empty_fu_564[1]_i_6_0
    SLICE_X63Y196        LUT4 (Prop_D5LUT_SLICEM_I0_O)
                                                      0.135     3.337 f  finn_design_i/MVAU_hls_1/MVAU_hls_1/inst/regslice_both_in1_V_U/add_i_i_i3_7_29250_fu_592[3]_i_23/O
                         net (fo=2, routed)           0.223     3.560    finn_design_i/MVAU_hls_1/MVAU_hls_1/inst/grp_Matrix_Vector_Activate_Stream_Batch_fu_46/flow_control_loop_pipe_sequential_init_U/add_i_i_i3_7_29250_fu_592[2]_i_4_0
    SLICE_X63Y196        LUT6 (Prop_G6LUT_SLICEM_I3_O)
                                                      0.090     3.650 r  finn_design_i/MVAU_hls_1/MVAU_hls_1/inst/grp_Matrix_Vector_Activate_Stream_Batch_fu_46/flow_control_loop_pipe_sequential_init_U/add_i_i_i3_7_29250_fu_592[3]_i_8/O
                         net (fo=2, routed)           0.411     4.062    finn_design_i/MVAU_hls_1/MVAU_hls_1/inst/grp_Matrix_Vector_Activate_Stream_Batch_fu_46/flow_control_loop_pipe_sequential_init_U/add_i_i_i3_7_29250_fu_592[3]_i_8_n_3
    SLICE_X60Y194        LUT6 (Prop_D6LUT_SLICEL_I4_O)
                                                      0.146     4.208 r  finn_design_i/MVAU_hls_1/MVAU_hls_1/inst/grp_Matrix_Vector_Activate_Stream_Batch_fu_46/flow_control_loop_pipe_sequential_init_U/add_i_i_i3_7_29250_fu_592[3]_i_10/O
                         net (fo=3, routed)           0.192     4.400    finn_design_i/MVAU_hls_1/MVAU_hls_1/inst/grp_Matrix_Vector_Activate_Stream_Batch_fu_46/flow_control_loop_pipe_sequential_init_U/add_i_i_i3_7_29250_fu_592[3]_i_10_n_3
    SLICE_X61Y195        LUT6 (Prop_H6LUT_SLICEM_I0_O)
                                                      0.039     4.439 r  finn_design_i/MVAU_hls_1/MVAU_hls_1/inst/grp_Matrix_Vector_Activate_Stream_Batch_fu_46/flow_control_loop_pipe_sequential_init_U/add_i_i_i3_7_29250_fu_592[3]_i_4/O
                         net (fo=2, routed)           0.220     4.658    finn_design_i/MVAU_hls_1/MVAU_hls_1/inst/grp_Matrix_Vector_Activate_Stream_Batch_fu_46/flow_control_loop_pipe_sequential_init_U/add_i_i_i3_7_29250_fu_592[3]_i_4_n_3
    SLICE_X60Y194        LUT6 (Prop_G6LUT_SLICEL_I5_O)
                                                      0.035     4.693 r  finn_design_i/MVAU_hls_1/MVAU_hls_1/inst/grp_Matrix_Vector_Activate_Stream_Batch_fu_46/flow_control_loop_pipe_sequential_init_U/add_i_i_i3_7_29250_fu_592[7]_i_5/O
                         net (fo=4, routed)           0.228     4.921    finn_design_i/MVAU_hls_1/MVAU_hls_1/inst/grp_Matrix_Vector_Activate_Stream_Batch_fu_46/flow_control_loop_pipe_sequential_init_U/add_i_i_i3_7_29250_fu_592[7]_i_5_n_3
    SLICE_X57Y190        LUT5 (Prop_C5LUT_SLICEM_I2_O)
                                                      0.137     5.058 r  finn_design_i/MVAU_hls_1/MVAU_hls_1/inst/grp_Matrix_Vector_Activate_Stream_Batch_fu_46/flow_control_loop_pipe_sequential_init_U/add_i_i_i3_7_29250_fu_592[5]_i_1/O
                         net (fo=2, routed)           0.280     5.338    finn_design_i/MVAU_hls_1/MVAU_hls_1/inst/grp_Matrix_Vector_Activate_Stream_Batch_fu_46/add_ln840_239_fu_9228_p2[5]
    SLICE_X57Y190        FDRE                                         r  finn_design_i/MVAU_hls_1/MVAU_hls_1/inst/grp_Matrix_Vector_Activate_Stream_Batch_fu_46/add_i_i_i3_7_29250_fu_592_reg[5]/D
  -------------------------------------------------------------------    -------------------

                         (clock ap_clk rise edge)    10.000    10.000 r  
                                                      0.000    10.000 r  ap_clk (IN)
                         net (fo=6943, unset)         0.021    10.021    finn_design_i/MVAU_hls_1/MVAU_hls_1/inst/grp_Matrix_Vector_Activate_Stream_Batch_fu_46/ap_clk
    SLICE_X57Y190        FDRE                                         r  finn_design_i/MVAU_hls_1/MVAU_hls_1/inst/grp_Matrix_Vector_Activate_Stream_Batch_fu_46/add_i_i_i3_7_29250_fu_592_reg[5]/C
                         clock pessimism              0.000    10.021    
                         clock uncertainty           -0.035     9.986    
    SLICE_X57Y190        FDRE (Setup_EFF2_SLICEM_C_D)
                                                      0.025    10.011    finn_design_i/MVAU_hls_1/MVAU_hls_1/inst/grp_Matrix_Vector_Activate_Stream_Batch_fu_46/add_i_i_i3_7_29250_fu_592_reg[5]
  -------------------------------------------------------------------
                         required time                         10.011    
                         arrival time                          -5.338    
  -------------------------------------------------------------------
                         slack                                  4.673    

Slack (MET) :             4.681ns  (required time - arrival time)
  Source:                 finn_design_i/MVAU_hls_1/MVAU_hls_1/inst/grp_Matrix_Vector_Activate_Stream_Batch_fu_46/flow_control_loop_pipe_sequential_init_U/ap_loop_init_int_reg/C
                            (rising edge-triggered cell FDRE clocked by ap_clk  {rise@0.000ns fall@5.000ns period=10.000ns})
  Destination:            finn_design_i/MVAU_hls_1/MVAU_hls_1/inst/grp_Matrix_Vector_Activate_Stream_Batch_fu_46/add_i_i_i3_2_29240_fu_572_reg[5]/D
                            (rising edge-triggered cell FDRE clocked by ap_clk  {rise@0.000ns fall@5.000ns period=10.000ns})
  Path Group:             ap_clk
  Path Type:              Setup (Max at Slow Process Corner)
  Requirement:            10.000ns  (ap_clk rise@10.000ns - ap_clk rise@0.000ns)
  Data Path Delay:        5.300ns  (logic 1.064ns (20.076%)  route 4.236ns (79.924%))
  Logic Levels:           10  (LUT2=1 LUT4=1 LUT5=4 LUT6=4)
  Clock Path Skew:        -0.009ns (DCD - SCD + CPR)
    Destination Clock Delay (DCD):    0.021ns = ( 10.021 - 10.000 ) 
    Source Clock Delay      (SCD):    0.030ns
    Clock Pessimism Removal (CPR):    0.000ns
  Clock Uncertainty:      0.035ns  ((TSJ^2 + TIJ^2)^1/2 + DJ) / 2 + PE
    Total System Jitter     (TSJ):    0.071ns
    Total Input Jitter      (TIJ):    0.000ns
    Discrete Jitter          (DJ):    0.000ns
    Phase Error              (PE):    0.000ns

    Location             Delay type                Incr(ns)  Path(ns)    Netlist Resource(s)
  -------------------------------------------------------------------    -------------------
                         (clock ap_clk rise edge)     0.000     0.000 r  
                                                      0.000     0.000 r  ap_clk (IN)
                         net (fo=6943, unset)         0.030     0.030    finn_design_i/MVAU_hls_1/MVAU_hls_1/inst/grp_Matrix_Vector_Activate_Stream_Batch_fu_46/flow_control_loop_pipe_sequential_init_U/ap_clk
    SLICE_X56Y176        FDRE                                         r  finn_design_i/MVAU_hls_1/MVAU_hls_1/inst/grp_Matrix_Vector_Activate_Stream_Batch_fu_46/flow_control_loop_pipe_sequential_init_U/ap_loop_init_int_reg/C
  -------------------------------------------------------------------    -------------------
    SLICE_X56Y176        FDRE (Prop_HFF_SLICEM_C_Q)
                                                      0.079     0.109 r  finn_design_i/MVAU_hls_1/MVAU_hls_1/inst/grp_Matrix_Vector_Activate_Stream_Batch_fu_46/flow_control_loop_pipe_sequential_init_U/ap_loop_init_int_reg/Q
                         net (fo=117, routed)         0.555     0.664    finn_design_i/MVAU_hls_1/MVAU_hls_1/inst/grp_Matrix_Vector_Activate_Stream_Batch_fu_46/flow_control_loop_pipe_sequential_init_U/ap_loop_init_int
    SLICE_X58Y174        LUT2 (Prop_C6LUT_SLICEL_I1_O)
                                                      0.050     0.714 r  finn_design_i/MVAU_hls_1/MVAU_hls_1/inst/grp_Matrix_Vector_Activate_Stream_Batch_fu_46/flow_control_loop_pipe_sequential_init_U/icmp_ln249_reg_9583[0]_i_5/O
                         net (fo=13, routed)          0.163     0.877    finn_design_i/MVAU_hls_1/MVAU_hls_1/inst/grp_Matrix_Vector_Activate_Stream_Batch_fu_46/flow_control_loop_pipe_sequential_init_U/icmp_ln249_reg_9583[0]_i_5_n_3
    SLICE_X58Y176        LUT6 (Prop_H6LUT_SLICEL_I1_O)
                                                      0.090     0.967 f  finn_design_i/MVAU_hls_1/MVAU_hls_1/inst/grp_Matrix_Vector_Activate_Stream_Batch_fu_46/flow_control_loop_pipe_sequential_init_U/icmp_ln249_reg_9583[0]_i_10/O
                         net (fo=1, routed)           0.090     1.057    finn_design_i/MVAU_hls_1/MVAU_hls_1/inst/grp_Matrix_Vector_Activate_Stream_Batch_fu_46/flow_control_loop_pipe_sequential_init_U/icmp_ln249_reg_9583[0]_i_10_n_3
    SLICE_X58Y175        LUT6 (Prop_H6LUT_SLICEL_I4_O)
                                                      0.124     1.181 r  finn_design_i/MVAU_hls_1/MVAU_hls_1/inst/grp_Matrix_Vector_Activate_Stream_Batch_fu_46/flow_control_loop_pipe_sequential_init_U/icmp_ln249_reg_9583[0]_i_3/O
                         net (fo=119, routed)         0.792     1.973    finn_design_i/MVAU_hls_1/MVAU_hls_1/inst/grp_Matrix_Vector_Activate_Stream_Batch_fu_46/flow_control_loop_pipe_sequential_init_U/icmp_ln249_reg_9583[0]_i_3_n_3
    SLICE_X64Y175        LUT6 (Prop_H6LUT_SLICEM_I2_O)
                                                      0.152     2.125 r  finn_design_i/MVAU_hls_1/MVAU_hls_1/inst/grp_Matrix_Vector_Activate_Stream_Batch_fu_46/flow_control_loop_pipe_sequential_init_U/empty_fu_564[1]_i_37/O
                         net (fo=18, routed)          0.672     2.797    finn_design_i/MVAU_hls_1/MVAU_hls_1/inst/regslice_both_in1_V_U/empty_fu_564[1]_i_4_0
    SLICE_X61Y181        LUT4 (Prop_C5LUT_SLICEM_I0_O)
                                                      0.099     2.896 f  finn_design_i/MVAU_hls_1/MVAU_hls_1/inst/regslice_both_in1_V_U/add_i_i_i3_2_29240_fu_572[1]_i_13/O
                         net (fo=3, routed)           0.377     3.273    finn_design_i/MVAU_hls_1/MVAU_hls_1/inst/regslice_both_in1_V_U/add_i_i_i3_2_29240_fu_572[1]_i_13_n_3
    SLICE_X62Y181        LUT5 (Prop_C6LUT_SLICEL_I4_O)
                                                      0.050     3.323 r  finn_design_i/MVAU_hls_1/MVAU_hls_1/inst/regslice_both_in1_V_U/add_i_i_i3_2_29240_fu_572[7]_i_21/O
                         net (fo=3, routed)           0.493     3.816    finn_design_i/MVAU_hls_1/MVAU_hls_1/inst/regslice_both_in1_V_U/B_V_data_1_payload_A_reg[66]_0
    SLICE_X55Y179        LUT6 (Prop_H6LUT_SLICEL_I1_O)
                                                      0.051     3.867 r  finn_design_i/MVAU_hls_1/MVAU_hls_1/inst/regslice_both_in1_V_U/add_i_i_i3_2_29240_fu_572[3]_i_10/O
                         net (fo=2, routed)           0.240     4.107    finn_design_i/MVAU_hls_1/MVAU_hls_1/inst/regslice_both_in1_V_U/add_i_i_i3_2_29240_fu_572[3]_i_10_n_3
    SLICE_X57Y180        LUT5 (Prop_D5LUT_SLICEM_I3_O)
                                                      0.110     4.217 r  finn_design_i/MVAU_hls_1/MVAU_hls_1/inst/regslice_both_in1_V_U/add_i_i_i3_2_29240_fu_572[3]_i_5/O
                         net (fo=3, routed)           0.256     4.473    finn_design_i/MVAU_hls_1/MVAU_hls_1/inst/regslice_both_in1_V_U/add_i_i_i3_2_29240_fu_572[3]_i_5_n_3
    SLICE_X55Y179        LUT5 (Prop_G6LUT_SLICEL_I3_O)
                                                      0.149     4.622 r  finn_design_i/MVAU_hls_1/MVAU_hls_1/inst/regslice_both_in1_V_U/add_i_i_i3_2_29240_fu_572[7]_i_5/O
                         net (fo=4, routed)           0.254     4.876    finn_design_i/MVAU_hls_1/MVAU_hls_1/inst/grp_Matrix_Vector_Activate_Stream_Batch_fu_46/flow_control_loop_pipe_sequential_init_U/add_ln840_89_reg_9605_reg[7]
    SLICE_X53Y179        LUT5 (Prop_D5LUT_SLICEM_I2_O)
                                                      0.110     4.986 r  finn_design_i/MVAU_hls_1/MVAU_hls_1/inst/grp_Matrix_Vector_Activate_Stream_Batch_fu_46/flow_control_loop_pipe_sequential_init_U/add_i_i_i3_2_29240_fu_572[5]_i_1/O
                         net (fo=2, routed)           0.344     5.330    finn_design_i/MVAU_hls_1/MVAU_hls_1/inst/grp_Matrix_Vector_Activate_Stream_Batch_fu_46/add_ln840_89_fu_4208_p2[5]
    SLICE_X53Y179        FDRE                                         r  finn_design_i/MVAU_hls_1/MVAU_hls_1/inst/grp_Matrix_Vector_Activate_Stream_Batch_fu_46/add_i_i_i3_2_29240_fu_572_reg[5]/D
  -------------------------------------------------------------------    -------------------

                         (clock ap_clk rise edge)    10.000    10.000 r  
                                                      0.000    10.000 r  ap_clk (IN)
                         net (fo=6943, unset)         0.021    10.021    finn_design_i/MVAU_hls_1/MVAU_hls_1/inst/grp_Matrix_Vector_Activate_Stream_Batch_fu_46/ap_clk
    SLICE_X53Y179        FDRE                                         r  finn_design_i/MVAU_hls_1/MVAU_hls_1/inst/grp_Matrix_Vector_Activate_Stream_Batch_fu_46/add_i_i_i3_2_29240_fu_572_reg[5]/C
                         clock pessimism              0.000    10.021    
                         clock uncertainty           -0.035     9.986    
    SLICE_X53Y179        FDRE (Setup_FFF_SLICEM_C_D)
                                                      0.025    10.011    finn_design_i/MVAU_hls_1/MVAU_hls_1/inst/grp_Matrix_Vector_Activate_Stream_Batch_fu_46/add_i_i_i3_2_29240_fu_572_reg[5]
  -------------------------------------------------------------------
                         required time                         10.011    
                         arrival time                          -5.330    
  -------------------------------------------------------------------
                         slack                                  4.681    

Slack (MET) :             4.691ns  (required time - arrival time)
  Source:                 finn_design_i/MVAU_hls_1/MVAU_hls_1/inst/grp_Matrix_Vector_Activate_Stream_Batch_fu_46/flow_control_loop_pipe_sequential_init_U/ap_loop_init_int_reg/C
                            (rising edge-triggered cell FDRE clocked by ap_clk  {rise@0.000ns fall@5.000ns period=10.000ns})
  Destination:            finn_design_i/MVAU_hls_1/MVAU_hls_1/inst/grp_Matrix_Vector_Activate_Stream_Batch_fu_46/add_ln840_209_reg_9625_reg[5]/D
                            (rising edge-triggered cell FDRE clocked by ap_clk  {rise@0.000ns fall@5.000ns period=10.000ns})
  Path Group:             ap_clk
  Path Type:              Setup (Max at Slow Process Corner)
  Requirement:            10.000ns  (ap_clk rise@10.000ns - ap_clk rise@0.000ns)
  Data Path Delay:        5.289ns  (logic 1.113ns (21.045%)  route 4.176ns (78.955%))
  Logic Levels:           9  (LUT2=1 LUT4=2 LUT5=1 LUT6=5)
  Clock Path Skew:        -0.010ns (DCD - SCD + CPR)
    Destination Clock Delay (DCD):    0.020ns = ( 10.020 - 10.000 ) 
    Source Clock Delay      (SCD):    0.030ns
    Clock Pessimism Removal (CPR):    0.000ns
  Clock Uncertainty:      0.035ns  ((TSJ^2 + TIJ^2)^1/2 + DJ) / 2 + PE
    Total System Jitter     (TSJ):    0.071ns
    Total Input Jitter      (TIJ):    0.000ns
    Discrete Jitter          (DJ):    0.000ns
    Phase Error              (PE):    0.000ns

    Location             Delay type                Incr(ns)  Path(ns)    Netlist Resource(s)
  -------------------------------------------------------------------    -------------------
                         (clock ap_clk rise edge)     0.000     0.000 r  
                                                      0.000     0.000 r  ap_clk (IN)
                         net (fo=6943, unset)         0.030     0.030    finn_design_i/MVAU_hls_1/MVAU_hls_1/inst/grp_Matrix_Vector_Activate_Stream_Batch_fu_46/flow_control_loop_pipe_sequential_init_U/ap_clk
    SLICE_X56Y176        FDRE                                         r  finn_design_i/MVAU_hls_1/MVAU_hls_1/inst/grp_Matrix_Vector_Activate_Stream_Batch_fu_46/flow_control_loop_pipe_sequential_init_U/ap_loop_init_int_reg/C
  -------------------------------------------------------------------    -------------------
    SLICE_X56Y176        FDRE (Prop_HFF_SLICEM_C_Q)
                                                      0.079     0.109 r  finn_design_i/MVAU_hls_1/MVAU_hls_1/inst/grp_Matrix_Vector_Activate_Stream_Batch_fu_46/flow_control_loop_pipe_sequential_init_U/ap_loop_init_int_reg/Q
                         net (fo=117, routed)         0.555     0.664    finn_design_i/MVAU_hls_1/MVAU_hls_1/inst/grp_Matrix_Vector_Activate_Stream_Batch_fu_46/flow_control_loop_pipe_sequential_init_U/ap_loop_init_int
    SLICE_X58Y174        LUT2 (Prop_C6LUT_SLICEL_I1_O)
                                                      0.050     0.714 r  finn_design_i/MVAU_hls_1/MVAU_hls_1/inst/grp_Matrix_Vector_Activate_Stream_Batch_fu_46/flow_control_loop_pipe_sequential_init_U/icmp_ln249_reg_9583[0]_i_5/O
                         net (fo=13, routed)          0.163     0.877    finn_design_i/MVAU_hls_1/MVAU_hls_1/inst/grp_Matrix_Vector_Activate_Stream_Batch_fu_46/flow_control_loop_pipe_sequential_init_U/icmp_ln249_reg_9583[0]_i_5_n_3
    SLICE_X58Y176        LUT6 (Prop_H6LUT_SLICEL_I1_O)
                                                      0.090     0.967 f  finn_design_i/MVAU_hls_1/MVAU_hls_1/inst/grp_Matrix_Vector_Activate_Stream_Batch_fu_46/flow_control_loop_pipe_sequential_init_U/icmp_ln249_reg_9583[0]_i_10/O
                         net (fo=1, routed)           0.090     1.057    finn_design_i/MVAU_hls_1/MVAU_hls_1/inst/grp_Matrix_Vector_Activate_Stream_Batch_fu_46/flow_control_loop_pipe_sequential_init_U/icmp_ln249_reg_9583[0]_i_10_n_3
    SLICE_X58Y175        LUT6 (Prop_H6LUT_SLICEL_I4_O)
                                                      0.124     1.181 r  finn_design_i/MVAU_hls_1/MVAU_hls_1/inst/grp_Matrix_Vector_Activate_Stream_Batch_fu_46/flow_control_loop_pipe_sequential_init_U/icmp_ln249_reg_9583[0]_i_3/O
                         net (fo=119, routed)         0.812     1.993    finn_design_i/MVAU_hls_1/MVAU_hls_1/inst/grp_Matrix_Vector_Activate_Stream_Batch_fu_46/flow_control_loop_pipe_sequential_init_U/icmp_ln249_reg_9583[0]_i_3_n_3
    SLICE_X62Y174        LUT6 (Prop_E6LUT_SLICEL_I2_O)
                                                      0.147     2.140 r  finn_design_i/MVAU_hls_1/MVAU_hls_1/inst/grp_Matrix_Vector_Activate_Stream_Batch_fu_46/flow_control_loop_pipe_sequential_init_U/empty_fu_564[1]_i_78/O
                         net (fo=16, routed)          0.847     2.988    finn_design_i/MVAU_hls_1/MVAU_hls_1/inst/regslice_both_in1_V_U/empty_fu_564[1]_i_6_0
    SLICE_X65Y186        LUT4 (Prop_B6LUT_SLICEL_I0_O)
                                                      0.124     3.112 r  finn_design_i/MVAU_hls_1/MVAU_hls_1/inst/regslice_both_in1_V_U/add_i_i_i3_6_29248_fu_588[3]_i_20/O
                         net (fo=2, routed)           0.259     3.370    finn_design_i/MVAU_hls_1/MVAU_hls_1/inst/regslice_both_in1_V_U/add_i_i_i3_6_29248_fu_588[3]_i_20_n_3
    SLICE_X64Y189        LUT6 (Prop_F6LUT_SLICEM_I4_O)
                                                      0.098     3.468 f  finn_design_i/MVAU_hls_1/MVAU_hls_1/inst/regslice_both_in1_V_U/add_i_i_i3_6_29248_fu_588[3]_i_8/O
                         net (fo=3, routed)           0.632     4.101    finn_design_i/MVAU_hls_1/MVAU_hls_1/inst/grp_Matrix_Vector_Activate_Stream_Batch_fu_46/flow_control_loop_pipe_sequential_init_U/add_ln840_209_reg_9625_reg[3]_3
    SLICE_X59Y186        LUT6 (Prop_H6LUT_SLICEL_I4_O)
                                                      0.090     4.191 r  finn_design_i/MVAU_hls_1/MVAU_hls_1/inst/grp_Matrix_Vector_Activate_Stream_Batch_fu_46/flow_control_loop_pipe_sequential_init_U/add_i_i_i3_6_29248_fu_588[3]_i_2/O
                         net (fo=3, routed)           0.262     4.453    finn_design_i/MVAU_hls_1/MVAU_hls_1/inst/grp_Matrix_Vector_Activate_Stream_Batch_fu_46/flow_control_loop_pipe_sequential_init_U/add_i_i_i3_6_29248_fu_588[3]_i_2_n_3
    SLICE_X56Y187        LUT4 (Prop_E6LUT_SLICEM_I2_O)
                                                      0.148     4.601 r  finn_design_i/MVAU_hls_1/MVAU_hls_1/inst/grp_Matrix_Vector_Activate_Stream_Batch_fu_46/flow_control_loop_pipe_sequential_init_U/add_i_i_i3_6_29248_fu_588[7]_i_5/O
                         net (fo=4, routed)           0.241     4.842    finn_design_i/MVAU_hls_1/MVAU_hls_1/inst/grp_Matrix_Vector_Activate_Stream_Batch_fu_46/flow_control_loop_pipe_sequential_init_U/add_i_i_i3_6_29248_fu_588[7]_i_5_n_3
    SLICE_X56Y187        LUT5 (Prop_G5LUT_SLICEM_I2_O)
                                                      0.163     5.005 r  finn_design_i/MVAU_hls_1/MVAU_hls_1/inst/grp_Matrix_Vector_Activate_Stream_Batch_fu_46/flow_control_loop_pipe_sequential_init_U/add_i_i_i3_6_29248_fu_588[5]_i_1/O
                         net (fo=2, routed)           0.314     5.319    finn_design_i/MVAU_hls_1/MVAU_hls_1/inst/grp_Matrix_Vector_Activate_Stream_Batch_fu_46/add_ln840_209_fu_8224_p2[5]
    SLICE_X55Y187        FDRE                                         r  finn_design_i/MVAU_hls_1/MVAU_hls_1/inst/grp_Matrix_Vector_Activate_Stream_Batch_fu_46/add_ln840_209_reg_9625_reg[5]/D
  -------------------------------------------------------------------    -------------------

                         (clock ap_clk rise edge)    10.000    10.000 r  
                                                      0.000    10.000 r  ap_clk (IN)
                         net (fo=6943, unset)         0.020    10.020    finn_design_i/MVAU_hls_1/MVAU_hls_1/inst/grp_Matrix_Vector_Activate_Stream_Batch_fu_46/ap_clk
    SLICE_X55Y187        FDRE                                         r  finn_design_i/MVAU_hls_1/MVAU_hls_1/inst/grp_Matrix_Vector_Activate_Stream_Batch_fu_46/add_ln840_209_reg_9625_reg[5]/C
                         clock pessimism              0.000    10.020    
                         clock uncertainty           -0.035     9.985    
    SLICE_X55Y187        FDRE (Setup_BFF_SLICEL_C_D)
                                                      0.025    10.010    finn_design_i/MVAU_hls_1/MVAU_hls_1/inst/grp_Matrix_Vector_Activate_Stream_Batch_fu_46/add_ln840_209_reg_9625_reg[5]
  -------------------------------------------------------------------
                         required time                         10.010    
                         arrival time                          -5.319    
  -------------------------------------------------------------------
                         slack                                  4.691    

Slack (MET) :             4.732ns  (required time - arrival time)
  Source:                 finn_design_i/MVAU_hls_1/MVAU_hls_1/inst/grp_Matrix_Vector_Activate_Stream_Batch_fu_46/flow_control_loop_pipe_sequential_init_U/ap_loop_init_int_reg/C
                            (rising edge-triggered cell FDRE clocked by ap_clk  {rise@0.000ns fall@5.000ns period=10.000ns})
  Destination:            finn_design_i/MVAU_hls_1/MVAU_hls_1/inst/grp_Matrix_Vector_Activate_Stream_Batch_fu_46/add_ln840_239_reg_9630_reg[6]/D
                            (rising edge-triggered cell FDRE clocked by ap_clk  {rise@0.000ns fall@5.000ns period=10.000ns})
  Path Group:             ap_clk
  Path Type:              Setup (Max at Slow Process Corner)
  Requirement:            10.000ns  (ap_clk rise@10.000ns - ap_clk rise@0.000ns)
  Data Path Delay:        5.249ns  (logic 0.988ns (18.823%)  route 4.261ns (81.177%))
  Logic Levels:           10  (LUT2=1 LUT4=1 LUT6=8)
  Clock Path Skew:        -0.009ns (DCD - SCD + CPR)
    Destination Clock Delay (DCD):    0.021ns = ( 10.021 - 10.000 ) 
    Source Clock Delay      (SCD):    0.030ns
    Clock Pessimism Removal (CPR):    0.000ns
  Clock Uncertainty:      0.035ns  ((TSJ^2 + TIJ^2)^1/2 + DJ) / 2 + PE
    Total System Jitter     (TSJ):    0.071ns
    Total Input Jitter      (TIJ):    0.000ns
    Discrete Jitter          (DJ):    0.000ns
    Phase Error              (PE):    0.000ns

    Location             Delay type                Incr(ns)  Path(ns)    Netlist Resource(s)
  -------------------------------------------------------------------    -------------------
                         (clock ap_clk rise edge)     0.000     0.000 r  
                                                      0.000     0.000 r  ap_clk (IN)
                         net (fo=6943, unset)         0.030     0.030    finn_design_i/MVAU_hls_1/MVAU_hls_1/inst/grp_Matrix_Vector_Activate_Stream_Batch_fu_46/flow_control_loop_pipe_sequential_init_U/ap_clk
    SLICE_X56Y176        FDRE                                         r  finn_design_i/MVAU_hls_1/MVAU_hls_1/inst/grp_Matrix_Vector_Activate_Stream_Batch_fu_46/flow_control_loop_pipe_sequential_init_U/ap_loop_init_int_reg/C
  -------------------------------------------------------------------    -------------------
    SLICE_X56Y176        FDRE (Prop_HFF_SLICEM_C_Q)
                                                      0.079     0.109 r  finn_design_i/MVAU_hls_1/MVAU_hls_1/inst/grp_Matrix_Vector_Activate_Stream_Batch_fu_46/flow_control_loop_pipe_sequential_init_U/ap_loop_init_int_reg/Q
                         net (fo=117, routed)         0.555     0.664    finn_design_i/MVAU_hls_1/MVAU_hls_1/inst/grp_Matrix_Vector_Activate_Stream_Batch_fu_46/flow_control_loop_pipe_sequential_init_U/ap_loop_init_int
    SLICE_X58Y174        LUT2 (Prop_C6LUT_SLICEL_I1_O)
                                                      0.050     0.714 r  finn_design_i/MVAU_hls_1/MVAU_hls_1/inst/grp_Matrix_Vector_Activate_Stream_Batch_fu_46/flow_control_loop_pipe_sequential_init_U/icmp_ln249_reg_9583[0]_i_5/O
                         net (fo=13, routed)          0.163     0.877    finn_design_i/MVAU_hls_1/MVAU_hls_1/inst/grp_Matrix_Vector_Activate_Stream_Batch_fu_46/flow_control_loop_pipe_sequential_init_U/icmp_ln249_reg_9583[0]_i_5_n_3
    SLICE_X58Y176        LUT6 (Prop_H6LUT_SLICEL_I1_O)
                                                      0.090     0.967 f  finn_design_i/MVAU_hls_1/MVAU_hls_1/inst/grp_Matrix_Vector_Activate_Stream_Batch_fu_46/flow_control_loop_pipe_sequential_init_U/icmp_ln249_reg_9583[0]_i_10/O
                         net (fo=1, routed)           0.090     1.057    finn_design_i/MVAU_hls_1/MVAU_hls_1/inst/grp_Matrix_Vector_Activate_Stream_Batch_fu_46/flow_control_loop_pipe_sequential_init_U/icmp_ln249_reg_9583[0]_i_10_n_3
    SLICE_X58Y175        LUT6 (Prop_H6LUT_SLICEL_I4_O)
                                                      0.124     1.181 r  finn_design_i/MVAU_hls_1/MVAU_hls_1/inst/grp_Matrix_Vector_Activate_Stream_Batch_fu_46/flow_control_loop_pipe_sequential_init_U/icmp_ln249_reg_9583[0]_i_3/O
                         net (fo=119, routed)         0.812     1.993    finn_design_i/MVAU_hls_1/MVAU_hls_1/inst/grp_Matrix_Vector_Activate_Stream_Batch_fu_46/flow_control_loop_pipe_sequential_init_U/icmp_ln249_reg_9583[0]_i_3_n_3
    SLICE_X62Y174        LUT6 (Prop_E6LUT_SLICEL_I2_O)
                                                      0.147     2.140 r  finn_design_i/MVAU_hls_1/MVAU_hls_1/inst/grp_Matrix_Vector_Activate_Stream_Batch_fu_46/flow_control_loop_pipe_sequential_init_U/empty_fu_564[1]_i_78/O
                         net (fo=16, routed)          1.062     3.202    finn_design_i/MVAU_hls_1/MVAU_hls_1/inst/regslice_both_in1_V_U/empty_fu_564[1]_i_6_0
    SLICE_X63Y196        LUT4 (Prop_D5LUT_SLICEM_I0_O)
                                                      0.135     3.337 f  finn_design_i/MVAU_hls_1/MVAU_hls_1/inst/regslice_both_in1_V_U/add_i_i_i3_7_29250_fu_592[3]_i_23/O
                         net (fo=2, routed)           0.223     3.560    finn_design_i/MVAU_hls_1/MVAU_hls_1/inst/grp_Matrix_Vector_Activate_Stream_Batch_fu_46/flow_control_loop_pipe_sequential_init_U/add_i_i_i3_7_29250_fu_592[2]_i_4_0
    SLICE_X63Y196        LUT6 (Prop_G6LUT_SLICEM_I3_O)
                                                      0.090     3.650 r  finn_design_i/MVAU_hls_1/MVAU_hls_1/inst/grp_Matrix_Vector_Activate_Stream_Batch_fu_46/flow_control_loop_pipe_sequential_init_U/add_i_i_i3_7_29250_fu_592[3]_i_8/O
                         net (fo=2, routed)           0.411     4.062    finn_design_i/MVAU_hls_1/MVAU_hls_1/inst/grp_Matrix_Vector_Activate_Stream_Batch_fu_46/flow_control_loop_pipe_sequential_init_U/add_i_i_i3_7_29250_fu_592[3]_i_8_n_3
    SLICE_X60Y194        LUT6 (Prop_D6LUT_SLICEL_I4_O)
                                                      0.146     4.208 r  finn_design_i/MVAU_hls_1/MVAU_hls_1/inst/grp_Matrix_Vector_Activate_Stream_Batch_fu_46/flow_control_loop_pipe_sequential_init_U/add_i_i_i3_7_29250_fu_592[3]_i_10/O
                         net (fo=3, routed)           0.192     4.400    finn_design_i/MVAU_hls_1/MVAU_hls_1/inst/grp_Matrix_Vector_Activate_Stream_Batch_fu_46/flow_control_loop_pipe_sequential_init_U/add_i_i_i3_7_29250_fu_592[3]_i_10_n_3
    SLICE_X61Y195        LUT6 (Prop_H6LUT_SLICEM_I0_O)
                                                      0.039     4.439 r  finn_design_i/MVAU_hls_1/MVAU_hls_1/inst/grp_Matrix_Vector_Activate_Stream_Batch_fu_46/flow_control_loop_pipe_sequential_init_U/add_i_i_i3_7_29250_fu_592[3]_i_4/O
                         net (fo=2, routed)           0.220     4.658    finn_design_i/MVAU_hls_1/MVAU_hls_1/inst/grp_Matrix_Vector_Activate_Stream_Batch_fu_46/flow_control_loop_pipe_sequential_init_U/add_i_i_i3_7_29250_fu_592[3]_i_4_n_3
    SLICE_X60Y194        LUT6 (Prop_G6LUT_SLICEL_I5_O)
                                                      0.035     4.693 r  finn_design_i/MVAU_hls_1/MVAU_hls_1/inst/grp_Matrix_Vector_Activate_Stream_Batch_fu_46/flow_control_loop_pipe_sequential_init_U/add_i_i_i3_7_29250_fu_592[7]_i_5/O
                         net (fo=4, routed)           0.223     4.916    finn_design_i/MVAU_hls_1/MVAU_hls_1/inst/grp_Matrix_Vector_Activate_Stream_Batch_fu_46/flow_control_loop_pipe_sequential_init_U/add_i_i_i3_7_29250_fu_592[7]_i_5_n_3
    SLICE_X57Y190        LUT6 (Prop_H6LUT_SLICEM_I1_O)
                                                      0.053     4.969 r  finn_design_i/MVAU_hls_1/MVAU_hls_1/inst/grp_Matrix_Vector_Activate_Stream_Batch_fu_46/flow_control_loop_pipe_sequential_init_U/add_i_i_i3_7_29250_fu_592[6]_i_1/O
                         net (fo=2, routed)           0.310     5.279    finn_design_i/MVAU_hls_1/MVAU_hls_1/inst/grp_Matrix_Vector_Activate_Stream_Batch_fu_46/add_ln840_239_fu_9228_p2[6]
    SLICE_X57Y190        FDRE                                         r  finn_design_i/MVAU_hls_1/MVAU_hls_1/inst/grp_Matrix_Vector_Activate_Stream_Batch_fu_46/add_ln840_239_reg_9630_reg[6]/D
  -------------------------------------------------------------------    -------------------

                         (clock ap_clk rise edge)    10.000    10.000 r  
                                                      0.000    10.000 r  ap_clk (IN)
                         net (fo=6943, unset)         0.021    10.021    finn_design_i/MVAU_hls_1/MVAU_hls_1/inst/grp_Matrix_Vector_Activate_Stream_Batch_fu_46/ap_clk
    SLICE_X57Y190        FDRE                                         r  finn_design_i/MVAU_hls_1/MVAU_hls_1/inst/grp_Matrix_Vector_Activate_Stream_Batch_fu_46/add_ln840_239_reg_9630_reg[6]/C
                         clock pessimism              0.000    10.021    
                         clock uncertainty           -0.035     9.986    
    SLICE_X57Y190        FDRE (Setup_BFF2_SLICEM_C_D)
                                                      0.025    10.011    finn_design_i/MVAU_hls_1/MVAU_hls_1/inst/grp_Matrix_Vector_Activate_Stream_Batch_fu_46/add_ln840_239_reg_9630_reg[6]
  -------------------------------------------------------------------
                         required time                         10.011    
                         arrival time                          -5.279    
  -------------------------------------------------------------------
                         slack                                  4.732    

Slack (MET) :             4.733ns  (required time - arrival time)
  Source:                 finn_design_i/MVAU_hls_1/MVAU_hls_1/inst/grp_Matrix_Vector_Activate_Stream_Batch_fu_46/flow_control_loop_pipe_sequential_init_U/ap_loop_init_int_reg/C
                            (rising edge-triggered cell FDRE clocked by ap_clk  {rise@0.000ns fall@5.000ns period=10.000ns})
  Destination:            finn_design_i/MVAU_hls_1/MVAU_hls_1/inst/grp_Matrix_Vector_Activate_Stream_Batch_fu_46/add_ln840_89_reg_9605_reg[4]/D
                            (rising edge-triggered cell FDRE clocked by ap_clk  {rise@0.000ns fall@5.000ns period=10.000ns})
  Path Group:             ap_clk
  Path Type:              Setup (Max at Slow Process Corner)
  Requirement:            10.000ns  (ap_clk rise@10.000ns - ap_clk rise@0.000ns)
  Data Path Delay:        5.246ns  (logic 1.065ns (20.301%)  route 4.181ns (79.699%))
  Logic Levels:           10  (LUT2=1 LUT4=2 LUT5=3 LUT6=4)
  Clock Path Skew:        -0.010ns (DCD - SCD + CPR)
    Destination Clock Delay (DCD):    0.020ns = ( 10.020 - 10.000 ) 
    Source Clock Delay      (SCD):    0.030ns
    Clock Pessimism Removal (CPR):    0.000ns
  Clock Uncertainty:      0.035ns  ((TSJ^2 + TIJ^2)^1/2 + DJ) / 2 + PE
    Total System Jitter     (TSJ):    0.071ns
    Total Input Jitter      (TIJ):    0.000ns
    Discrete Jitter          (DJ):    0.000ns
    Phase Error              (PE):    0.000ns

    Location             Delay type                Incr(ns)  Path(ns)    Netlist Resource(s)
  -------------------------------------------------------------------    -------------------
                         (clock ap_clk rise edge)     0.000     0.000 r  
                                                      0.000     0.000 r  ap_clk (IN)
                         net (fo=6943, unset)         0.030     0.030    finn_design_i/MVAU_hls_1/MVAU_hls_1/inst/grp_Matrix_Vector_Activate_Stream_Batch_fu_46/flow_control_loop_pipe_sequential_init_U/ap_clk
    SLICE_X56Y176        FDRE                                         r  finn_design_i/MVAU_hls_1/MVAU_hls_1/inst/grp_Matrix_Vector_Activate_Stream_Batch_fu_46/flow_control_loop_pipe_sequential_init_U/ap_loop_init_int_reg/C
  -------------------------------------------------------------------    -------------------
    SLICE_X56Y176        FDRE (Prop_HFF_SLICEM_C_Q)
                                                      0.079     0.109 r  finn_design_i/MVAU_hls_1/MVAU_hls_1/inst/grp_Matrix_Vector_Activate_Stream_Batch_fu_46/flow_control_loop_pipe_sequential_init_U/ap_loop_init_int_reg/Q
                         net (fo=117, routed)         0.555     0.664    finn_design_i/MVAU_hls_1/MVAU_hls_1/inst/grp_Matrix_Vector_Activate_Stream_Batch_fu_46/flow_control_loop_pipe_sequential_init_U/ap_loop_init_int
    SLICE_X58Y174        LUT2 (Prop_C6LUT_SLICEL_I1_O)
                                                      0.050     0.714 r  finn_design_i/MVAU_hls_1/MVAU_hls_1/inst/grp_Matrix_Vector_Activate_Stream_Batch_fu_46/flow_control_loop_pipe_sequential_init_U/icmp_ln249_reg_9583[0]_i_5/O
                         net (fo=13, routed)          0.163     0.877    finn_design_i/MVAU_hls_1/MVAU_hls_1/inst/grp_Matrix_Vector_Activate_Stream_Batch_fu_46/flow_control_loop_pipe_sequential_init_U/icmp_ln249_reg_9583[0]_i_5_n_3
    SLICE_X58Y176        LUT6 (Prop_H6LUT_SLICEL_I1_O)
                                                      0.090     0.967 f  finn_design_i/MVAU_hls_1/MVAU_hls_1/inst/grp_Matrix_Vector_Activate_Stream_Batch_fu_46/flow_control_loop_pipe_sequential_init_U/icmp_ln249_reg_9583[0]_i_10/O
                         net (fo=1, routed)           0.090     1.057    finn_design_i/MVAU_hls_1/MVAU_hls_1/inst/grp_Matrix_Vector_Activate_Stream_Batch_fu_46/flow_control_loop_pipe_sequential_init_U/icmp_ln249_reg_9583[0]_i_10_n_3
    SLICE_X58Y175        LUT6 (Prop_H6LUT_SLICEL_I4_O)
                                                      0.124     1.181 r  finn_design_i/MVAU_hls_1/MVAU_hls_1/inst/grp_Matrix_Vector_Activate_Stream_Batch_fu_46/flow_control_loop_pipe_sequential_init_U/icmp_ln249_reg_9583[0]_i_3/O
                         net (fo=119, routed)         0.792     1.973    finn_design_i/MVAU_hls_1/MVAU_hls_1/inst/grp_Matrix_Vector_Activate_Stream_Batch_fu_46/flow_control_loop_pipe_sequential_init_U/icmp_ln249_reg_9583[0]_i_3_n_3
    SLICE_X64Y175        LUT6 (Prop_H6LUT_SLICEM_I2_O)
                                                      0.152     2.125 r  finn_design_i/MVAU_hls_1/MVAU_hls_1/inst/grp_Matrix_Vector_Activate_Stream_Batch_fu_46/flow_control_loop_pipe_sequential_init_U/empty_fu_564[1]_i_37/O
                         net (fo=18, routed)          0.672     2.797    finn_design_i/MVAU_hls_1/MVAU_hls_1/inst/regslice_both_in1_V_U/empty_fu_564[1]_i_4_0
    SLICE_X61Y181        LUT4 (Prop_C5LUT_SLICEM_I0_O)
                                                      0.099     2.896 f  finn_design_i/MVAU_hls_1/MVAU_hls_1/inst/regslice_both_in1_V_U/add_i_i_i3_2_29240_fu_572[1]_i_13/O
                         net (fo=3, routed)           0.377     3.273    finn_design_i/MVAU_hls_1/MVAU_hls_1/inst/regslice_both_in1_V_U/add_i_i_i3_2_29240_fu_572[1]_i_13_n_3
    SLICE_X62Y181        LUT5 (Prop_C6LUT_SLICEL_I4_O)
                                                      0.050     3.323 r  finn_design_i/MVAU_hls_1/MVAU_hls_1/inst/regslice_both_in1_V_U/add_i_i_i3_2_29240_fu_572[7]_i_21/O
                         net (fo=3, routed)           0.493     3.816    finn_design_i/MVAU_hls_1/MVAU_hls_1/inst/regslice_both_in1_V_U/B_V_data_1_payload_A_reg[66]_0
    SLICE_X55Y179        LUT6 (Prop_H6LUT_SLICEL_I1_O)
                                                      0.051     3.867 r  finn_design_i/MVAU_hls_1/MVAU_hls_1/inst/regslice_both_in1_V_U/add_i_i_i3_2_29240_fu_572[3]_i_10/O
                         net (fo=2, routed)           0.240     4.107    finn_design_i/MVAU_hls_1/MVAU_hls_1/inst/regslice_both_in1_V_U/add_i_i_i3_2_29240_fu_572[3]_i_10_n_3
    SLICE_X57Y180        LUT5 (Prop_D5LUT_SLICEM_I3_O)
                                                      0.110     4.217 r  finn_design_i/MVAU_hls_1/MVAU_hls_1/inst/regslice_both_in1_V_U/add_i_i_i3_2_29240_fu_572[3]_i_5/O
                         net (fo=3, routed)           0.256     4.473    finn_design_i/MVAU_hls_1/MVAU_hls_1/inst/regslice_both_in1_V_U/add_i_i_i3_2_29240_fu_572[3]_i_5_n_3
    SLICE_X55Y179        LUT5 (Prop_G6LUT_SLICEL_I3_O)
                                                      0.149     4.622 r  finn_design_i/MVAU_hls_1/MVAU_hls_1/inst/regslice_both_in1_V_U/add_i_i_i3_2_29240_fu_572[7]_i_5/O
                         net (fo=4, routed)           0.251     4.873    finn_design_i/MVAU_hls_1/MVAU_hls_1/inst/grp_Matrix_Vector_Activate_Stream_Batch_fu_46/flow_control_loop_pipe_sequential_init_U/add_ln840_89_reg_9605_reg[7]
    SLICE_X53Y179        LUT4 (Prop_C5LUT_SLICEM_I0_O)
                                                      0.111     4.984 r  finn_design_i/MVAU_hls_1/MVAU_hls_1/inst/grp_Matrix_Vector_Activate_Stream_Batch_fu_46/flow_control_loop_pipe_sequential_init_U/add_i_i_i3_2_29240_fu_572[4]_i_1/O
                         net (fo=2, routed)           0.292     5.276    finn_design_i/MVAU_hls_1/MVAU_hls_1/inst/grp_Matrix_Vector_Activate_Stream_Batch_fu_46/add_ln840_89_fu_4208_p2[4]
    SLICE_X52Y179        FDRE                                         r  finn_design_i/MVAU_hls_1/MVAU_hls_1/inst/grp_Matrix_Vector_Activate_Stream_Batch_fu_46/add_ln840_89_reg_9605_reg[4]/D
  -------------------------------------------------------------------    -------------------

                         (clock ap_clk rise edge)    10.000    10.000 r  
                                                      0.000    10.000 r  ap_clk (IN)
                         net (fo=6943, unset)         0.020    10.020    finn_design_i/MVAU_hls_1/MVAU_hls_1/inst/grp_Matrix_Vector_Activate_Stream_Batch_fu_46/ap_clk
    SLICE_X52Y179        FDRE                                         r  finn_design_i/MVAU_hls_1/MVAU_hls_1/inst/grp_Matrix_Vector_Activate_Stream_Batch_fu_46/add_ln840_89_reg_9605_reg[4]/C
                         clock pessimism              0.000    10.020    
                         clock uncertainty           -0.035     9.985    
    SLICE_X52Y179        FDRE (Setup_AFF_SLICEL_C_D)
                                                      0.025    10.010    finn_design_i/MVAU_hls_1/MVAU_hls_1/inst/grp_Matrix_Vector_Activate_Stream_Batch_fu_46/add_ln840_89_reg_9605_reg[4]
  -------------------------------------------------------------------
                         required time                         10.010    
                         arrival time                          -5.276    
  -------------------------------------------------------------------
                         slack                                  4.733    

Slack (MET) :             4.744ns  (required time - arrival time)
  Source:                 finn_design_i/MVAU_hls_1/MVAU_hls_1/inst/grp_Matrix_Vector_Activate_Stream_Batch_fu_46/flow_control_loop_pipe_sequential_init_U/ap_loop_init_int_reg/C
                            (rising edge-triggered cell FDRE clocked by ap_clk  {rise@0.000ns fall@5.000ns period=10.000ns})
  Destination:            finn_design_i/MVAU_hls_1/MVAU_hls_1/inst/grp_Matrix_Vector_Activate_Stream_Batch_fu_46/add_i_i_i3_7_29250_fu_592_reg[7]/D
                            (rising edge-triggered cell FDRE clocked by ap_clk  {rise@0.000ns fall@5.000ns period=10.000ns})
  Path Group:             ap_clk
  Path Type:              Setup (Max at Slow Process Corner)
  Requirement:            10.000ns  (ap_clk rise@10.000ns - ap_clk rise@0.000ns)
  Data Path Delay:        5.236ns  (logic 0.987ns (18.850%)  route 4.249ns (81.150%))
  Logic Levels:           10  (LUT2=1 LUT4=1 LUT6=8)
  Clock Path Skew:        -0.009ns (DCD - SCD + CPR)
    Destination Clock Delay (DCD):    0.021ns = ( 10.021 - 10.000 ) 
    Source Clock Delay      (SCD):    0.030ns
    Clock Pessimism Removal (CPR):    0.000ns
  Clock Uncertainty:      0.035ns  ((TSJ^2 + TIJ^2)^1/2 + DJ) / 2 + PE
    Total System Jitter     (TSJ):    0.071ns
    Total Input Jitter      (TIJ):    0.000ns
    Discrete Jitter          (DJ):    0.000ns
    Phase Error              (PE):    0.000ns

    Location             Delay type                Incr(ns)  Path(ns)    Netlist Resource(s)
  -------------------------------------------------------------------    -------------------
                         (clock ap_clk rise edge)     0.000     0.000 r  
                                                      0.000     0.000 r  ap_clk (IN)
                         net (fo=6943, unset)         0.030     0.030    finn_design_i/MVAU_hls_1/MVAU_hls_1/inst/grp_Matrix_Vector_Activate_Stream_Batch_fu_46/flow_control_loop_pipe_sequential_init_U/ap_clk
    SLICE_X56Y176        FDRE                                         r  finn_design_i/MVAU_hls_1/MVAU_hls_1/inst/grp_Matrix_Vector_Activate_Stream_Batch_fu_46/flow_control_loop_pipe_sequential_init_U/ap_loop_init_int_reg/C
  -------------------------------------------------------------------    -------------------
    SLICE_X56Y176        FDRE (Prop_HFF_SLICEM_C_Q)
                                                      0.079     0.109 r  finn_design_i/MVAU_hls_1/MVAU_hls_1/inst/grp_Matrix_Vector_Activate_Stream_Batch_fu_46/flow_control_loop_pipe_sequential_init_U/ap_loop_init_int_reg/Q
                         net (fo=117, routed)         0.555     0.664    finn_design_i/MVAU_hls_1/MVAU_hls_1/inst/grp_Matrix_Vector_Activate_Stream_Batch_fu_46/flow_control_loop_pipe_sequential_init_U/ap_loop_init_int
    SLICE_X58Y174        LUT2 (Prop_C6LUT_SLICEL_I1_O)
                                                      0.050     0.714 r  finn_design_i/MVAU_hls_1/MVAU_hls_1/inst/grp_Matrix_Vector_Activate_Stream_Batch_fu_46/flow_control_loop_pipe_sequential_init_U/icmp_ln249_reg_9583[0]_i_5/O
                         net (fo=13, routed)          0.163     0.877    finn_design_i/MVAU_hls_1/MVAU_hls_1/inst/grp_Matrix_Vector_Activate_Stream_Batch_fu_46/flow_control_loop_pipe_sequential_init_U/icmp_ln249_reg_9583[0]_i_5_n_3
    SLICE_X58Y176        LUT6 (Prop_H6LUT_SLICEL_I1_O)
                                                      0.090     0.967 f  finn_design_i/MVAU_hls_1/MVAU_hls_1/inst/grp_Matrix_Vector_Activate_Stream_Batch_fu_46/flow_control_loop_pipe_sequential_init_U/icmp_ln249_reg_9583[0]_i_10/O
                         net (fo=1, routed)           0.090     1.057    finn_design_i/MVAU_hls_1/MVAU_hls_1/inst/grp_Matrix_Vector_Activate_Stream_Batch_fu_46/flow_control_loop_pipe_sequential_init_U/icmp_ln249_reg_9583[0]_i_10_n_3
    SLICE_X58Y175        LUT6 (Prop_H6LUT_SLICEL_I4_O)
                                                      0.124     1.181 r  finn_design_i/MVAU_hls_1/MVAU_hls_1/inst/grp_Matrix_Vector_Activate_Stream_Batch_fu_46/flow_control_loop_pipe_sequential_init_U/icmp_ln249_reg_9583[0]_i_3/O
                         net (fo=119, routed)         0.812     1.993    finn_design_i/MVAU_hls_1/MVAU_hls_1/inst/grp_Matrix_Vector_Activate_Stream_Batch_fu_46/flow_control_loop_pipe_sequential_init_U/icmp_ln249_reg_9583[0]_i_3_n_3
    SLICE_X62Y174        LUT6 (Prop_E6LUT_SLICEL_I2_O)
                                                      0.147     2.140 r  finn_design_i/MVAU_hls_1/MVAU_hls_1/inst/grp_Matrix_Vector_Activate_Stream_Batch_fu_46/flow_control_loop_pipe_sequential_init_U/empty_fu_564[1]_i_78/O
                         net (fo=16, routed)          1.062     3.202    finn_design_i/MVAU_hls_1/MVAU_hls_1/inst/regslice_both_in1_V_U/empty_fu_564[1]_i_6_0
    SLICE_X63Y196        LUT4 (Prop_D5LUT_SLICEM_I0_O)
                                                      0.135     3.337 f  finn_design_i/MVAU_hls_1/MVAU_hls_1/inst/regslice_both_in1_V_U/add_i_i_i3_7_29250_fu_592[3]_i_23/O
                         net (fo=2, routed)           0.223     3.560    finn_design_i/MVAU_hls_1/MVAU_hls_1/inst/grp_Matrix_Vector_Activate_Stream_Batch_fu_46/flow_control_loop_pipe_sequential_init_U/add_i_i_i3_7_29250_fu_592[2]_i_4_0
    SLICE_X63Y196        LUT6 (Prop_G6LUT_SLICEM_I3_O)
                                                      0.090     3.650 r  finn_design_i/MVAU_hls_1/MVAU_hls_1/inst/grp_Matrix_Vector_Activate_Stream_Batch_fu_46/flow_control_loop_pipe_sequential_init_U/add_i_i_i3_7_29250_fu_592[3]_i_8/O
                         net (fo=2, routed)           0.411     4.062    finn_design_i/MVAU_hls_1/MVAU_hls_1/inst/grp_Matrix_Vector_Activate_Stream_Batch_fu_46/flow_control_loop_pipe_sequential_init_U/add_i_i_i3_7_29250_fu_592[3]_i_8_n_3
    SLICE_X60Y194        LUT6 (Prop_D6LUT_SLICEL_I4_O)
                                                      0.146     4.208 r  finn_design_i/MVAU_hls_1/MVAU_hls_1/inst/grp_Matrix_Vector_Activate_Stream_Batch_fu_46/flow_control_loop_pipe_sequential_init_U/add_i_i_i3_7_29250_fu_592[3]_i_10/O
                         net (fo=3, routed)           0.192     4.400    finn_design_i/MVAU_hls_1/MVAU_hls_1/inst/grp_Matrix_Vector_Activate_Stream_Batch_fu_46/flow_control_loop_pipe_sequential_init_U/add_i_i_i3_7_29250_fu_592[3]_i_10_n_3
    SLICE_X61Y195        LUT6 (Prop_H6LUT_SLICEM_I0_O)
                                                      0.039     4.439 r  finn_design_i/MVAU_hls_1/MVAU_hls_1/inst/grp_Matrix_Vector_Activate_Stream_Batch_fu_46/flow_control_loop_pipe_sequential_init_U/add_i_i_i3_7_29250_fu_592[3]_i_4/O
                         net (fo=2, routed)           0.220     4.658    finn_design_i/MVAU_hls_1/MVAU_hls_1/inst/grp_Matrix_Vector_Activate_Stream_Batch_fu_46/flow_control_loop_pipe_sequential_init_U/add_i_i_i3_7_29250_fu_592[3]_i_4_n_3
    SLICE_X60Y194        LUT6 (Prop_G6LUT_SLICEL_I5_O)
                                                      0.035     4.693 r  finn_design_i/MVAU_hls_1/MVAU_hls_1/inst/grp_Matrix_Vector_Activate_Stream_Batch_fu_46/flow_control_loop_pipe_sequential_init_U/add_i_i_i3_7_29250_fu_592[7]_i_5/O
                         net (fo=4, routed)           0.221     4.914    finn_design_i/MVAU_hls_1/MVAU_hls_1/inst/grp_Matrix_Vector_Activate_Stream_Batch_fu_46/flow_control_loop_pipe_sequential_init_U/add_i_i_i3_7_29250_fu_592[7]_i_5_n_3
    SLICE_X57Y190        LUT6 (Prop_G6LUT_SLICEM_I3_O)
                                                      0.052     4.966 r  finn_design_i/MVAU_hls_1/MVAU_hls_1/inst/grp_Matrix_Vector_Activate_Stream_Batch_fu_46/flow_control_loop_pipe_sequential_init_U/add_i_i_i3_7_29250_fu_592[7]_i_1/O
                         net (fo=2, routed)           0.300     5.266    finn_design_i/MVAU_hls_1/MVAU_hls_1/inst/grp_Matrix_Vector_Activate_Stream_Batch_fu_46/add_ln840_239_fu_9228_p2[7]
    SLICE_X57Y190        FDRE                                         r  finn_design_i/MVAU_hls_1/MVAU_hls_1/inst/grp_Matrix_Vector_Activate_Stream_Batch_fu_46/add_i_i_i3_7_29250_fu_592_reg[7]/D
  -------------------------------------------------------------------    -------------------

                         (clock ap_clk rise edge)    10.000    10.000 r  
                                                      0.000    10.000 r  ap_clk (IN)
                         net (fo=6943, unset)         0.021    10.021    finn_design_i/MVAU_hls_1/MVAU_hls_1/inst/grp_Matrix_Vector_Activate_Stream_Batch_fu_46/ap_clk
    SLICE_X57Y190        FDRE                                         r  finn_design_i/MVAU_hls_1/MVAU_hls_1/inst/grp_Matrix_Vector_Activate_Stream_Batch_fu_46/add_i_i_i3_7_29250_fu_592_reg[7]/C
                         clock pessimism              0.000    10.021    
                         clock uncertainty           -0.035     9.986    
    SLICE_X57Y190        FDRE (Setup_FFF2_SLICEM_C_D)
                                                      0.025    10.011    finn_design_i/MVAU_hls_1/MVAU_hls_1/inst/grp_Matrix_Vector_Activate_Stream_Batch_fu_46/add_i_i_i3_7_29250_fu_592_reg[7]
  -------------------------------------------------------------------
                         required time                         10.011    
                         arrival time                          -5.266    
  -------------------------------------------------------------------
                         slack                                  4.744    

Slack (MET) :             4.758ns  (required time - arrival time)
  Source:                 finn_design_i/MVAU_hls_1/MVAU_hls_1/inst/grp_Matrix_Vector_Activate_Stream_Batch_fu_46/flow_control_loop_pipe_sequential_init_U/ap_loop_init_int_reg/C
                            (rising edge-triggered cell FDRE clocked by ap_clk  {rise@0.000ns fall@5.000ns period=10.000ns})
  Destination:            finn_design_i/MVAU_hls_1/MVAU_hls_1/inst/grp_Matrix_Vector_Activate_Stream_Batch_fu_46/add_ln840_119_reg_9610_reg[5]/D
                            (rising edge-triggered cell FDRE clocked by ap_clk  {rise@0.000ns fall@5.000ns period=10.000ns})
  Path Group:             ap_clk
  Path Type:              Setup (Max at Slow Process Corner)
  Requirement:            10.000ns  (ap_clk rise@10.000ns - ap_clk rise@0.000ns)
  Data Path Delay:        5.223ns  (logic 1.083ns (20.735%)  route 4.140ns (79.265%))
  Logic Levels:           10  (LUT2=2 LUT5=2 LUT6=6)
  Clock Path Skew:        -0.009ns (DCD - SCD + CPR)
    Destination Clock Delay (DCD):    0.021ns = ( 10.021 - 10.000 ) 
    Source Clock Delay      (SCD):    0.030ns
    Clock Pessimism Removal (CPR):    0.000ns
  Clock Uncertainty:      0.035ns  ((TSJ^2 + TIJ^2)^1/2 + DJ) / 2 + PE
    Total System Jitter     (TSJ):    0.071ns
    Total Input Jitter      (TIJ):    0.000ns
    Discrete Jitter          (DJ):    0.000ns
    Phase Error              (PE):    0.000ns

    Location             Delay type                Incr(ns)  Path(ns)    Netlist Resource(s)
  -------------------------------------------------------------------    -------------------
                         (clock ap_clk rise edge)     0.000     0.000 r  
                                                      0.000     0.000 r  ap_clk (IN)
                         net (fo=6943, unset)         0.030     0.030    finn_design_i/MVAU_hls_1/MVAU_hls_1/inst/grp_Matrix_Vector_Activate_Stream_Batch_fu_46/flow_control_loop_pipe_sequential_init_U/ap_clk
    SLICE_X56Y176        FDRE                                         r  finn_design_i/MVAU_hls_1/MVAU_hls_1/inst/grp_Matrix_Vector_Activate_Stream_Batch_fu_46/flow_control_loop_pipe_sequential_init_U/ap_loop_init_int_reg/C
  -------------------------------------------------------------------    -------------------
    SLICE_X56Y176        FDRE (Prop_HFF_SLICEM_C_Q)
                                                      0.079     0.109 r  finn_design_i/MVAU_hls_1/MVAU_hls_1/inst/grp_Matrix_Vector_Activate_Stream_Batch_fu_46/flow_control_loop_pipe_sequential_init_U/ap_loop_init_int_reg/Q
                         net (fo=117, routed)         0.555     0.664    finn_design_i/MVAU_hls_1/MVAU_hls_1/inst/grp_Matrix_Vector_Activate_Stream_Batch_fu_46/flow_control_loop_pipe_sequential_init_U/ap_loop_init_int
    SLICE_X58Y174        LUT2 (Prop_C6LUT_SLICEL_I1_O)
                                                      0.050     0.714 r  finn_design_i/MVAU_hls_1/MVAU_hls_1/inst/grp_Matrix_Vector_Activate_Stream_Batch_fu_46/flow_control_loop_pipe_sequential_init_U/icmp_ln249_reg_9583[0]_i_5/O
                         net (fo=13, routed)          0.163     0.877    finn_design_i/MVAU_hls_1/MVAU_hls_1/inst/grp_Matrix_Vector_Activate_Stream_Batch_fu_46/flow_control_loop_pipe_sequential_init_U/icmp_ln249_reg_9583[0]_i_5_n_3
    SLICE_X58Y176        LUT6 (Prop_H6LUT_SLICEL_I1_O)
                                                      0.090     0.967 f  finn_design_i/MVAU_hls_1/MVAU_hls_1/inst/grp_Matrix_Vector_Activate_Stream_Batch_fu_46/flow_control_loop_pipe_sequential_init_U/icmp_ln249_reg_9583[0]_i_10/O
                         net (fo=1, routed)           0.090     1.057    finn_design_i/MVAU_hls_1/MVAU_hls_1/inst/grp_Matrix_Vector_Activate_Stream_Batch_fu_46/flow_control_loop_pipe_sequential_init_U/icmp_ln249_reg_9583[0]_i_10_n_3
    SLICE_X58Y175        LUT6 (Prop_H6LUT_SLICEL_I4_O)
                                                      0.124     1.181 r  finn_design_i/MVAU_hls_1/MVAU_hls_1/inst/grp_Matrix_Vector_Activate_Stream_Batch_fu_46/flow_control_loop_pipe_sequential_init_U/icmp_ln249_reg_9583[0]_i_3/O
                         net (fo=119, routed)         0.682     1.863    finn_design_i/MVAU_hls_1/MVAU_hls_1/inst/grp_Matrix_Vector_Activate_Stream_Batch_fu_46/flow_control_loop_pipe_sequential_init_U/icmp_ln249_reg_9583[0]_i_3_n_3
    SLICE_X63Y178        LUT2 (Prop_D5LUT_SLICEM_I1_O)
                                                      0.097     1.960 r  finn_design_i/MVAU_hls_1/MVAU_hls_1/inst/grp_Matrix_Vector_Activate_Stream_Batch_fu_46/flow_control_loop_pipe_sequential_init_U/empty_fu_564[1]_i_67/O
                         net (fo=1, routed)           0.364     2.324    finn_design_i/MVAU_hls_1/MVAU_hls_1/inst/grp_Matrix_Vector_Activate_Stream_Batch_fu_46/flow_control_loop_pipe_sequential_init_U/empty_fu_564[1]_i_67_n_3
    SLICE_X61Y178        LUT6 (Prop_H6LUT_SLICEM_I1_O)
                                                      0.090     2.414 r  finn_design_i/MVAU_hls_1/MVAU_hls_1/inst/grp_Matrix_Vector_Activate_Stream_Batch_fu_46/flow_control_loop_pipe_sequential_init_U/empty_fu_564[1]_i_28/O
                         net (fo=16, routed)          1.256     3.670    finn_design_i/MVAU_hls_1/MVAU_hls_1/inst/regslice_both_in1_V_U/add_i_i_i3_6_29248_fu_588_reg[0]_1
    SLICE_X56Y195        LUT6 (Prop_G6LUT_SLICEM_I3_O)
                                                      0.123     3.793 r  finn_design_i/MVAU_hls_1/MVAU_hls_1/inst/regslice_both_in1_V_U/add_i_i_i3_3_29242_fu_576[0]_i_6/O
                         net (fo=2, routed)           0.163     3.955    finn_design_i/MVAU_hls_1/MVAU_hls_1/inst/regslice_both_in1_V_U/add_i_i_i3_3_29242_fu_576[0]_i_6_n_3
    SLICE_X55Y191        LUT5 (Prop_H6LUT_SLICEL_I2_O)
                                                      0.051     4.006 r  finn_design_i/MVAU_hls_1/MVAU_hls_1/inst/regslice_both_in1_V_U/add_i_i_i3_3_29242_fu_576[2]_i_3/O
                         net (fo=3, routed)           0.146     4.152    finn_design_i/MVAU_hls_1/MVAU_hls_1/inst/grp_Matrix_Vector_Activate_Stream_Batch_fu_46/flow_control_loop_pipe_sequential_init_U/add_ln840_119_reg_9610_reg[3]_1
    SLICE_X54Y191        LUT6 (Prop_G6LUT_SLICEM_I1_O)
                                                      0.123     4.275 r  finn_design_i/MVAU_hls_1/MVAU_hls_1/inst/grp_Matrix_Vector_Activate_Stream_Batch_fu_46/flow_control_loop_pipe_sequential_init_U/add_i_i_i3_3_29242_fu_576[3]_i_4/O
                         net (fo=2, routed)           0.051     4.326    finn_design_i/MVAU_hls_1/MVAU_hls_1/inst/grp_Matrix_Vector_Activate_Stream_Batch_fu_46/flow_control_loop_pipe_sequential_init_U/add_i_i_i3_3_29242_fu_576[3]_i_4_n_3
    SLICE_X54Y191        LUT6 (Prop_F6LUT_SLICEM_I4_O)
                                                      0.098     4.424 r  finn_design_i/MVAU_hls_1/MVAU_hls_1/inst/grp_Matrix_Vector_Activate_Stream_Batch_fu_46/flow_control_loop_pipe_sequential_init_U/add_i_i_i3_3_29242_fu_576[7]_i_4/O
                         net (fo=4, routed)           0.361     4.785    finn_design_i/MVAU_hls_1/MVAU_hls_1/inst/grp_Matrix_Vector_Activate_Stream_Batch_fu_46/flow_control_loop_pipe_sequential_init_U/add_i_i_i3_3_29242_fu_576[7]_i_4_n_3
    SLICE_X54Y187        LUT5 (Prop_D5LUT_SLICEM_I1_O)
                                                      0.158     4.943 r  finn_design_i/MVAU_hls_1/MVAU_hls_1/inst/grp_Matrix_Vector_Activate_Stream_Batch_fu_46/flow_control_loop_pipe_sequential_init_U/add_i_i_i3_3_29242_fu_576[5]_i_1/O
                         net (fo=2, routed)           0.310     5.253    finn_design_i/MVAU_hls_1/MVAU_hls_1/inst/grp_Matrix_Vector_Activate_Stream_Batch_fu_46/add_ln840_119_fu_5212_p2[5]
    SLICE_X54Y187        FDRE                                         r  finn_design_i/MVAU_hls_1/MVAU_hls_1/inst/grp_Matrix_Vector_Activate_Stream_Batch_fu_46/add_ln840_119_reg_9610_reg[5]/D
  -------------------------------------------------------------------    -------------------

                         (clock ap_clk rise edge)    10.000    10.000 r  
                                                      0.000    10.000 r  ap_clk (IN)
                         net (fo=6943, unset)         0.021    10.021    finn_design_i/MVAU_hls_1/MVAU_hls_1/inst/grp_Matrix_Vector_Activate_Stream_Batch_fu_46/ap_clk
    SLICE_X54Y187        FDRE                                         r  finn_design_i/MVAU_hls_1/MVAU_hls_1/inst/grp_Matrix_Vector_Activate_Stream_Batch_fu_46/add_ln840_119_reg_9610_reg[5]/C
                         clock pessimism              0.000    10.021    
                         clock uncertainty           -0.035     9.986    
    SLICE_X54Y187        FDRE (Setup_EFF2_SLICEM_C_D)
                                                      0.025    10.011    finn_design_i/MVAU_hls_1/MVAU_hls_1/inst/grp_Matrix_Vector_Activate_Stream_Batch_fu_46/add_ln840_119_reg_9610_reg[5]
  -------------------------------------------------------------------
                         required time                         10.011    
                         arrival time                          -5.253    
  -------------------------------------------------------------------
                         slack                                  4.758    





Min Delay Paths
--------------------------------------------------------------------------------------
Slack (MET) :             0.016ns  (arrival time - required time)
  Source:                 finn_design_i/ConvolutionInputGenerator_rtl_1/inst/impl/window_buffer_inst/ram_buffer_inst_0/Addr_w_reg[0]/C
                            (rising edge-triggered cell FDRE clocked by ap_clk  {rise@0.000ns fall@5.000ns period=10.000ns})
  Destination:            finn_design_i/ConvolutionInputGenerator_rtl_1/inst/impl/window_buffer_inst/ram_buffer_inst_0/Ram_reg_0_15_0_5/RAMA/WADR0
                            (rising edge-triggered cell RAMD32 clocked by ap_clk  {rise@0.000ns fall@5.000ns period=10.000ns})
  Path Group:             ap_clk
  Path Type:              Hold (Min at Slow Process Corner)
  Requirement:            0.000ns  (ap_clk rise@0.000ns - ap_clk rise@0.000ns)
  Data Path Delay:        0.138ns  (logic 0.058ns (42.050%)  route 0.080ns (57.950%))
  Logic Levels:           0  
  Clock Path Skew:        0.037ns (DCD - SCD - CPR)
    Destination Clock Delay (DCD):    0.057ns
    Source Clock Delay      (SCD):    0.020ns
    Clock Pessimism Removal (CPR):    -0.000ns

    Location             Delay type                Incr(ns)  Path(ns)    Netlist Resource(s)
  -------------------------------------------------------------------    -------------------
                         (clock ap_clk rise edge)     0.000     0.000 r  
                                                      0.000     0.000 r  ap_clk (IN)
                         net (fo=6943, unset)         0.020     0.020    finn_design_i/ConvolutionInputGenerator_rtl_1/inst/impl/window_buffer_inst/ram_buffer_inst_0/ap_clk
    SLICE_X60Y156        FDRE                                         r  finn_design_i/ConvolutionInputGenerator_rtl_1/inst/impl/window_buffer_inst/ram_buffer_inst_0/Addr_w_reg[0]/C
  -------------------------------------------------------------------    -------------------
    SLICE_X60Y156        FDRE (Prop_HFF_SLICEL_C_Q)
                                                      0.058     0.078 r  finn_design_i/ConvolutionInputGenerator_rtl_1/inst/impl/window_buffer_inst/ram_buffer_inst_0/Addr_w_reg[0]/Q
                         net (fo=12, routed)          0.080     0.158    finn_design_i/ConvolutionInputGenerator_rtl_1/inst/impl/window_buffer_inst/ram_buffer_inst_0/Ram_reg_0_15_0_5/ADDRD0
    SLICE_X61Y157        RAMD32                                       r  finn_design_i/ConvolutionInputGenerator_rtl_1/inst/impl/window_buffer_inst/ram_buffer_inst_0/Ram_reg_0_15_0_5/RAMA/WADR0
  -------------------------------------------------------------------    -------------------

                         (clock ap_clk rise edge)     0.000     0.000 r  
                                                      0.000     0.000 r  ap_clk (IN)
                         net (fo=6943, unset)         0.057     0.057    finn_design_i/ConvolutionInputGenerator_rtl_1/inst/impl/window_buffer_inst/ram_buffer_inst_0/Ram_reg_0_15_0_5/WCLK
    SLICE_X61Y157        RAMD32                                       r  finn_design_i/ConvolutionInputGenerator_rtl_1/inst/impl/window_buffer_inst/ram_buffer_inst_0/Ram_reg_0_15_0_5/RAMA/CLK
                         clock pessimism              0.000     0.057    
    SLICE_X61Y157        RAMD32 (Hold_E5LUT_SLICEM_CLK_WADR0)
                                                      0.085     0.142    finn_design_i/ConvolutionInputGenerator_rtl_1/inst/impl/window_buffer_inst/ram_buffer_inst_0/Ram_reg_0_15_0_5/RAMA
  -------------------------------------------------------------------
                         required time                         -0.142    
                         arrival time                           0.158    
  -------------------------------------------------------------------
                         slack                                  0.016    

Slack (MET) :             0.016ns  (arrival time - required time)
  Source:                 finn_design_i/ConvolutionInputGenerator_rtl_1/inst/impl/window_buffer_inst/ram_buffer_inst_0/Addr_w_reg[0]/C
                            (rising edge-triggered cell FDRE clocked by ap_clk  {rise@0.000ns fall@5.000ns period=10.000ns})
  Destination:            finn_design_i/ConvolutionInputGenerator_rtl_1/inst/impl/window_buffer_inst/ram_buffer_inst_0/Ram_reg_0_15_0_5/RAMA_D1/WADR0
                            (rising edge-triggered cell RAMD32 clocked by ap_clk  {rise@0.000ns fall@5.000ns period=10.000ns})
  Path Group:             ap_clk
  Path Type:              Hold (Min at Slow Process Corner)
  Requirement:            0.000ns  (ap_clk rise@0.000ns - ap_clk rise@0.000ns)
  Data Path Delay:        0.138ns  (logic 0.058ns (42.050%)  route 0.080ns (57.950%))
  Logic Levels:           0  
  Clock Path Skew:        0.037ns (DCD - SCD - CPR)
    Destination Clock Delay (DCD):    0.057ns
    Source Clock Delay      (SCD):    0.020ns
    Clock Pessimism Removal (CPR):    -0.000ns

    Location             Delay type                Incr(ns)  Path(ns)    Netlist Resource(s)
  -------------------------------------------------------------------    -------------------
                         (clock ap_clk rise edge)     0.000     0.000 r  
                                                      0.000     0.000 r  ap_clk (IN)
                         net (fo=6943, unset)         0.020     0.020    finn_design_i/ConvolutionInputGenerator_rtl_1/inst/impl/window_buffer_inst/ram_buffer_inst_0/ap_clk
    SLICE_X60Y156        FDRE                                         r  finn_design_i/ConvolutionInputGenerator_rtl_1/inst/impl/window_buffer_inst/ram_buffer_inst_0/Addr_w_reg[0]/C
  -------------------------------------------------------------------    -------------------
    SLICE_X60Y156        FDRE (Prop_HFF_SLICEL_C_Q)
                                                      0.058     0.078 r  finn_design_i/ConvolutionInputGenerator_rtl_1/inst/impl/window_buffer_inst/ram_buffer_inst_0/Addr_w_reg[0]/Q
                         net (fo=12, routed)          0.080     0.158    finn_design_i/ConvolutionInputGenerator_rtl_1/inst/impl/window_buffer_inst/ram_buffer_inst_0/Ram_reg_0_15_0_5/ADDRD0
    SLICE_X61Y157        RAMD32                                       r  finn_design_i/ConvolutionInputGenerator_rtl_1/inst/impl/window_buffer_inst/ram_buffer_inst_0/Ram_reg_0_15_0_5/RAMA_D1/WADR0
  -------------------------------------------------------------------    -------------------

                         (clock ap_clk rise edge)     0.000     0.000 r  
                                                      0.000     0.000 r  ap_clk (IN)
                         net (fo=6943, unset)         0.057     0.057    finn_design_i/ConvolutionInputGenerator_rtl_1/inst/impl/window_buffer_inst/ram_buffer_inst_0/Ram_reg_0_15_0_5/WCLK
    SLICE_X61Y157        RAMD32                                       r  finn_design_i/ConvolutionInputGenerator_rtl_1/inst/impl/window_buffer_inst/ram_buffer_inst_0/Ram_reg_0_15_0_5/RAMA_D1/CLK
                         clock pessimism              0.000     0.057    
    SLICE_X61Y157        RAMD32 (Hold_E6LUT_SLICEM_CLK_WADR0)
                                                      0.085     0.142    finn_design_i/ConvolutionInputGenerator_rtl_1/inst/impl/window_buffer_inst/ram_buffer_inst_0/Ram_reg_0_15_0_5/RAMA_D1
  -------------------------------------------------------------------
                         required time                         -0.142    
                         arrival time                           0.158    
  -------------------------------------------------------------------
                         slack                                  0.016    

Slack (MET) :             0.016ns  (arrival time - required time)
  Source:                 finn_design_i/ConvolutionInputGenerator_rtl_1/inst/impl/window_buffer_inst/ram_buffer_inst_0/Addr_w_reg[0]/C
                            (rising edge-triggered cell FDRE clocked by ap_clk  {rise@0.000ns fall@5.000ns period=10.000ns})
  Destination:            finn_design_i/ConvolutionInputGenerator_rtl_1/inst/impl/window_buffer_inst/ram_buffer_inst_0/Ram_reg_0_15_0_5/RAMB/WADR0
                            (rising edge-triggered cell RAMD32 clocked by ap_clk  {rise@0.000ns fall@5.000ns period=10.000ns})
  Path Group:             ap_clk
  Path Type:              Hold (Min at Slow Process Corner)
  Requirement:            0.000ns  (ap_clk rise@0.000ns - ap_clk rise@0.000ns)
  Data Path Delay:        0.138ns  (logic 0.058ns (42.050%)  route 0.080ns (57.950%))
  Logic Levels:           0  
  Clock Path Skew:        0.037ns (DCD - SCD - CPR)
    Destination Clock Delay (DCD):    0.057ns
    Source Clock Delay      (SCD):    0.020ns
    Clock Pessimism Removal (CPR):    -0.000ns

    Location             Delay type                Incr(ns)  Path(ns)    Netlist Resource(s)
  -------------------------------------------------------------------    -------------------
                         (clock ap_clk rise edge)     0.000     0.000 r  
                                                      0.000     0.000 r  ap_clk (IN)
                         net (fo=6943, unset)         0.020     0.020    finn_design_i/ConvolutionInputGenerator_rtl_1/inst/impl/window_buffer_inst/ram_buffer_inst_0/ap_clk
    SLICE_X60Y156        FDRE                                         r  finn_design_i/ConvolutionInputGenerator_rtl_1/inst/impl/window_buffer_inst/ram_buffer_inst_0/Addr_w_reg[0]/C
  -------------------------------------------------------------------    -------------------
    SLICE_X60Y156        FDRE (Prop_HFF_SLICEL_C_Q)
                                                      0.058     0.078 r  finn_design_i/ConvolutionInputGenerator_rtl_1/inst/impl/window_buffer_inst/ram_buffer_inst_0/Addr_w_reg[0]/Q
                         net (fo=12, routed)          0.080     0.158    finn_design_i/ConvolutionInputGenerator_rtl_1/inst/impl/window_buffer_inst/ram_buffer_inst_0/Ram_reg_0_15_0_5/ADDRD0
    SLICE_X61Y157        RAMD32                                       r  finn_design_i/ConvolutionInputGenerator_rtl_1/inst/impl/window_buffer_inst/ram_buffer_inst_0/Ram_reg_0_15_0_5/RAMB/WADR0
  -------------------------------------------------------------------    -------------------

                         (clock ap_clk rise edge)     0.000     0.000 r  
                                                      0.000     0.000 r  ap_clk (IN)
                         net (fo=6943, unset)         0.057     0.057    finn_design_i/ConvolutionInputGenerator_rtl_1/inst/impl/window_buffer_inst/ram_buffer_inst_0/Ram_reg_0_15_0_5/WCLK
    SLICE_X61Y157        RAMD32                                       r  finn_design_i/ConvolutionInputGenerator_rtl_1/inst/impl/window_buffer_inst/ram_buffer_inst_0/Ram_reg_0_15_0_5/RAMB/CLK
                         clock pessimism              0.000     0.057    
    SLICE_X61Y157        RAMD32 (Hold_F5LUT_SLICEM_CLK_WADR0)
                                                      0.085     0.142    finn_design_i/ConvolutionInputGenerator_rtl_1/inst/impl/window_buffer_inst/ram_buffer_inst_0/Ram_reg_0_15_0_5/RAMB
  -------------------------------------------------------------------
                         required time                         -0.142    
                         arrival time                           0.158    
  -------------------------------------------------------------------
                         slack                                  0.016    

Slack (MET) :             0.016ns  (arrival time - required time)
  Source:                 finn_design_i/ConvolutionInputGenerator_rtl_1/inst/impl/window_buffer_inst/ram_buffer_inst_0/Addr_w_reg[0]/C
                            (rising edge-triggered cell FDRE clocked by ap_clk  {rise@0.000ns fall@5.000ns period=10.000ns})
  Destination:            finn_design_i/ConvolutionInputGenerator_rtl_1/inst/impl/window_buffer_inst/ram_buffer_inst_0/Ram_reg_0_15_0_5/RAMB_D1/WADR0
                            (rising edge-triggered cell RAMD32 clocked by ap_clk  {rise@0.000ns fall@5.000ns period=10.000ns})
  Path Group:             ap_clk
  Path Type:              Hold (Min at Slow Process Corner)
  Requirement:            0.000ns  (ap_clk rise@0.000ns - ap_clk rise@0.000ns)
  Data Path Delay:        0.138ns  (logic 0.058ns (42.050%)  route 0.080ns (57.950%))
  Logic Levels:           0  
  Clock Path Skew:        0.037ns (DCD - SCD - CPR)
    Destination Clock Delay (DCD):    0.057ns
    Source Clock Delay      (SCD):    0.020ns
    Clock Pessimism Removal (CPR):    -0.000ns

    Location             Delay type                Incr(ns)  Path(ns)    Netlist Resource(s)
  -------------------------------------------------------------------    -------------------
                         (clock ap_clk rise edge)     0.000     0.000 r  
                                                      0.000     0.000 r  ap_clk (IN)
                         net (fo=6943, unset)         0.020     0.020    finn_design_i/ConvolutionInputGenerator_rtl_1/inst/impl/window_buffer_inst/ram_buffer_inst_0/ap_clk
    SLICE_X60Y156        FDRE                                         r  finn_design_i/ConvolutionInputGenerator_rtl_1/inst/impl/window_buffer_inst/ram_buffer_inst_0/Addr_w_reg[0]/C
  -------------------------------------------------------------------    -------------------
    SLICE_X60Y156        FDRE (Prop_HFF_SLICEL_C_Q)
                                                      0.058     0.078 r  finn_design_i/ConvolutionInputGenerator_rtl_1/inst/impl/window_buffer_inst/ram_buffer_inst_0/Addr_w_reg[0]/Q
                         net (fo=12, routed)          0.080     0.158    finn_design_i/ConvolutionInputGenerator_rtl_1/inst/impl/window_buffer_inst/ram_buffer_inst_0/Ram_reg_0_15_0_5/ADDRD0
    SLICE_X61Y157        RAMD32                                       r  finn_design_i/ConvolutionInputGenerator_rtl_1/inst/impl/window_buffer_inst/ram_buffer_inst_0/Ram_reg_0_15_0_5/RAMB_D1/WADR0
  -------------------------------------------------------------------    -------------------

                         (clock ap_clk rise edge)     0.000     0.000 r  
                                                      0.000     0.000 r  ap_clk (IN)
                         net (fo=6943, unset)         0.057     0.057    finn_design_i/ConvolutionInputGenerator_rtl_1/inst/impl/window_buffer_inst/ram_buffer_inst_0/Ram_reg_0_15_0_5/WCLK
    SLICE_X61Y157        RAMD32                                       r  finn_design_i/ConvolutionInputGenerator_rtl_1/inst/impl/window_buffer_inst/ram_buffer_inst_0/Ram_reg_0_15_0_5/RAMB_D1/CLK
                         clock pessimism              0.000     0.057    
    SLICE_X61Y157        RAMD32 (Hold_F6LUT_SLICEM_CLK_WADR0)
                                                      0.085     0.142    finn_design_i/ConvolutionInputGenerator_rtl_1/inst/impl/window_buffer_inst/ram_buffer_inst_0/Ram_reg_0_15_0_5/RAMB_D1
  -------------------------------------------------------------------
                         required time                         -0.142    
                         arrival time                           0.158    
  -------------------------------------------------------------------
                         slack                                  0.016    

Slack (MET) :             0.016ns  (arrival time - required time)
  Source:                 finn_design_i/ConvolutionInputGenerator_rtl_1/inst/impl/window_buffer_inst/ram_buffer_inst_0/Addr_w_reg[0]/C
                            (rising edge-triggered cell FDRE clocked by ap_clk  {rise@0.000ns fall@5.000ns period=10.000ns})
  Destination:            finn_design_i/ConvolutionInputGenerator_rtl_1/inst/impl/window_buffer_inst/ram_buffer_inst_0/Ram_reg_0_15_0_5/RAMC/WADR0
                            (rising edge-triggered cell RAMD32 clocked by ap_clk  {rise@0.000ns fall@5.000ns period=10.000ns})
  Path Group:             ap_clk
  Path Type:              Hold (Min at Slow Process Corner)
  Requirement:            0.000ns  (ap_clk rise@0.000ns - ap_clk rise@0.000ns)
  Data Path Delay:        0.138ns  (logic 0.058ns (42.050%)  route 0.080ns (57.950%))
  Logic Levels:           0  
  Clock Path Skew:        0.037ns (DCD - SCD - CPR)
    Destination Clock Delay (DCD):    0.057ns
    Source Clock Delay      (SCD):    0.020ns
    Clock Pessimism Removal (CPR):    -0.000ns

    Location             Delay type                Incr(ns)  Path(ns)    Netlist Resource(s)
  -------------------------------------------------------------------    -------------------
                         (clock ap_clk rise edge)     0.000     0.000 r  
                                                      0.000     0.000 r  ap_clk (IN)
                         net (fo=6943, unset)         0.020     0.020    finn_design_i/ConvolutionInputGenerator_rtl_1/inst/impl/window_buffer_inst/ram_buffer_inst_0/ap_clk
    SLICE_X60Y156        FDRE                                         r  finn_design_i/ConvolutionInputGenerator_rtl_1/inst/impl/window_buffer_inst/ram_buffer_inst_0/Addr_w_reg[0]/C
  -------------------------------------------------------------------    -------------------
    SLICE_X60Y156        FDRE (Prop_HFF_SLICEL_C_Q)
                                                      0.058     0.078 r  finn_design_i/ConvolutionInputGenerator_rtl_1/inst/impl/window_buffer_inst/ram_buffer_inst_0/Addr_w_reg[0]/Q
                         net (fo=12, routed)          0.080     0.158    finn_design_i/ConvolutionInputGenerator_rtl_1/inst/impl/window_buffer_inst/ram_buffer_inst_0/Ram_reg_0_15_0_5/ADDRD0
    SLICE_X61Y157        RAMD32                                       r  finn_design_i/ConvolutionInputGenerator_rtl_1/inst/impl/window_buffer_inst/ram_buffer_inst_0/Ram_reg_0_15_0_5/RAMC/WADR0
  -------------------------------------------------------------------    -------------------

                         (clock ap_clk rise edge)     0.000     0.000 r  
                                                      0.000     0.000 r  ap_clk (IN)
                         net (fo=6943, unset)         0.057     0.057    finn_design_i/ConvolutionInputGenerator_rtl_1/inst/impl/window_buffer_inst/ram_buffer_inst_0/Ram_reg_0_15_0_5/WCLK
    SLICE_X61Y157        RAMD32                                       r  finn_design_i/ConvolutionInputGenerator_rtl_1/inst/impl/window_buffer_inst/ram_buffer_inst_0/Ram_reg_0_15_0_5/RAMC/CLK
                         clock pessimism              0.000     0.057    
    SLICE_X61Y157        RAMD32 (Hold_G5LUT_SLICEM_CLK_WADR0)
                                                      0.085     0.142    finn_design_i/ConvolutionInputGenerator_rtl_1/inst/impl/window_buffer_inst/ram_buffer_inst_0/Ram_reg_0_15_0_5/RAMC
  -------------------------------------------------------------------
                         required time                         -0.142    
                         arrival time                           0.158    
  -------------------------------------------------------------------
                         slack                                  0.016    

Slack (MET) :             0.016ns  (arrival time - required time)
  Source:                 finn_design_i/ConvolutionInputGenerator_rtl_1/inst/impl/window_buffer_inst/ram_buffer_inst_0/Addr_w_reg[0]/C
                            (rising edge-triggered cell FDRE clocked by ap_clk  {rise@0.000ns fall@5.000ns period=10.000ns})
  Destination:            finn_design_i/ConvolutionInputGenerator_rtl_1/inst/impl/window_buffer_inst/ram_buffer_inst_0/Ram_reg_0_15_0_5/RAMC_D1/WADR0
                            (rising edge-triggered cell RAMD32 clocked by ap_clk  {rise@0.000ns fall@5.000ns period=10.000ns})
  Path Group:             ap_clk
  Path Type:              Hold (Min at Slow Process Corner)
  Requirement:            0.000ns  (ap_clk rise@0.000ns - ap_clk rise@0.000ns)
  Data Path Delay:        0.138ns  (logic 0.058ns (42.050%)  route 0.080ns (57.950%))
  Logic Levels:           0  
  Clock Path Skew:        0.037ns (DCD - SCD - CPR)
    Destination Clock Delay (DCD):    0.057ns
    Source Clock Delay      (SCD):    0.020ns
    Clock Pessimism Removal (CPR):    -0.000ns

    Location             Delay type                Incr(ns)  Path(ns)    Netlist Resource(s)
  -------------------------------------------------------------------    -------------------
                         (clock ap_clk rise edge)     0.000     0.000 r  
                                                      0.000     0.000 r  ap_clk (IN)
                         net (fo=6943, unset)         0.020     0.020    finn_design_i/ConvolutionInputGenerator_rtl_1/inst/impl/window_buffer_inst/ram_buffer_inst_0/ap_clk
    SLICE_X60Y156        FDRE                                         r  finn_design_i/ConvolutionInputGenerator_rtl_1/inst/impl/window_buffer_inst/ram_buffer_inst_0/Addr_w_reg[0]/C
  -------------------------------------------------------------------    -------------------
    SLICE_X60Y156        FDRE (Prop_HFF_SLICEL_C_Q)
                                                      0.058     0.078 r  finn_design_i/ConvolutionInputGenerator_rtl_1/inst/impl/window_buffer_inst/ram_buffer_inst_0/Addr_w_reg[0]/Q
                         net (fo=12, routed)          0.080     0.158    finn_design_i/ConvolutionInputGenerator_rtl_1/inst/impl/window_buffer_inst/ram_buffer_inst_0/Ram_reg_0_15_0_5/ADDRD0
    SLICE_X61Y157        RAMD32                                       r  finn_design_i/ConvolutionInputGenerator_rtl_1/inst/impl/window_buffer_inst/ram_buffer_inst_0/Ram_reg_0_15_0_5/RAMC_D1/WADR0
  -------------------------------------------------------------------    -------------------

                         (clock ap_clk rise edge)     0.000     0.000 r  
                                                      0.000     0.000 r  ap_clk (IN)
                         net (fo=6943, unset)         0.057     0.057    finn_design_i/ConvolutionInputGenerator_rtl_1/inst/impl/window_buffer_inst/ram_buffer_inst_0/Ram_reg_0_15_0_5/WCLK
    SLICE_X61Y157        RAMD32                                       r  finn_design_i/ConvolutionInputGenerator_rtl_1/inst/impl/window_buffer_inst/ram_buffer_inst_0/Ram_reg_0_15_0_5/RAMC_D1/CLK
                         clock pessimism              0.000     0.057    
    SLICE_X61Y157        RAMD32 (Hold_G6LUT_SLICEM_CLK_WADR0)
                                                      0.085     0.142    finn_design_i/ConvolutionInputGenerator_rtl_1/inst/impl/window_buffer_inst/ram_buffer_inst_0/Ram_reg_0_15_0_5/RAMC_D1
  -------------------------------------------------------------------
                         required time                         -0.142    
                         arrival time                           0.158    
  -------------------------------------------------------------------
                         slack                                  0.016    

Slack (MET) :             0.016ns  (arrival time - required time)
  Source:                 finn_design_i/ConvolutionInputGenerator_rtl_1/inst/impl/window_buffer_inst/ram_buffer_inst_0/Addr_w_reg[0]/C
                            (rising edge-triggered cell FDRE clocked by ap_clk  {rise@0.000ns fall@5.000ns period=10.000ns})
  Destination:            finn_design_i/ConvolutionInputGenerator_rtl_1/inst/impl/window_buffer_inst/ram_buffer_inst_0/Ram_reg_0_15_0_5/RAMD/ADR0
                            (rising edge-triggered cell RAMS32 clocked by ap_clk  {rise@0.000ns fall@5.000ns period=10.000ns})
  Path Group:             ap_clk
  Path Type:              Hold (Min at Slow Process Corner)
  Requirement:            0.000ns  (ap_clk rise@0.000ns - ap_clk rise@0.000ns)
  Data Path Delay:        0.138ns  (logic 0.058ns (42.050%)  route 0.080ns (57.950%))
  Logic Levels:           0  
  Clock Path Skew:        0.037ns (DCD - SCD - CPR)
    Destination Clock Delay (DCD):    0.057ns
    Source Clock Delay      (SCD):    0.020ns
    Clock Pessimism Removal (CPR):    -0.000ns

    Location             Delay type                Incr(ns)  Path(ns)    Netlist Resource(s)
  -------------------------------------------------------------------    -------------------
                         (clock ap_clk rise edge)     0.000     0.000 r  
                                                      0.000     0.000 r  ap_clk (IN)
                         net (fo=6943, unset)         0.020     0.020    finn_design_i/ConvolutionInputGenerator_rtl_1/inst/impl/window_buffer_inst/ram_buffer_inst_0/ap_clk
    SLICE_X60Y156        FDRE                                         r  finn_design_i/ConvolutionInputGenerator_rtl_1/inst/impl/window_buffer_inst/ram_buffer_inst_0/Addr_w_reg[0]/C
  -------------------------------------------------------------------    -------------------
    SLICE_X60Y156        FDRE (Prop_HFF_SLICEL_C_Q)
                                                      0.058     0.078 r  finn_design_i/ConvolutionInputGenerator_rtl_1/inst/impl/window_buffer_inst/ram_buffer_inst_0/Addr_w_reg[0]/Q
                         net (fo=12, routed)          0.080     0.158    finn_design_i/ConvolutionInputGenerator_rtl_1/inst/impl/window_buffer_inst/ram_buffer_inst_0/Ram_reg_0_15_0_5/ADDRD0
    SLICE_X61Y157        RAMS32                                       r  finn_design_i/ConvolutionInputGenerator_rtl_1/inst/impl/window_buffer_inst/ram_buffer_inst_0/Ram_reg_0_15_0_5/RAMD/ADR0
  -------------------------------------------------------------------    -------------------

                         (clock ap_clk rise edge)     0.000     0.000 r  
                                                      0.000     0.000 r  ap_clk (IN)
                         net (fo=6943, unset)         0.057     0.057    finn_design_i/ConvolutionInputGenerator_rtl_1/inst/impl/window_buffer_inst/ram_buffer_inst_0/Ram_reg_0_15_0_5/WCLK
    SLICE_X61Y157        RAMS32                                       r  finn_design_i/ConvolutionInputGenerator_rtl_1/inst/impl/window_buffer_inst/ram_buffer_inst_0/Ram_reg_0_15_0_5/RAMD/CLK
                         clock pessimism              0.000     0.057    
    SLICE_X61Y157        RAMS32 (Hold_H5LUT_SLICEM_CLK_ADR0)
                                                      0.085     0.142    finn_design_i/ConvolutionInputGenerator_rtl_1/inst/impl/window_buffer_inst/ram_buffer_inst_0/Ram_reg_0_15_0_5/RAMD
  -------------------------------------------------------------------
                         required time                         -0.142    
                         arrival time                           0.158    
  -------------------------------------------------------------------
                         slack                                  0.016    

Slack (MET) :             0.016ns  (arrival time - required time)
  Source:                 finn_design_i/ConvolutionInputGenerator_rtl_1/inst/impl/window_buffer_inst/ram_buffer_inst_0/Addr_w_reg[0]/C
                            (rising edge-triggered cell FDRE clocked by ap_clk  {rise@0.000ns fall@5.000ns period=10.000ns})
  Destination:            finn_design_i/ConvolutionInputGenerator_rtl_1/inst/impl/window_buffer_inst/ram_buffer_inst_0/Ram_reg_0_15_0_5/RAMD_D1/ADR0
                            (rising edge-triggered cell RAMS32 clocked by ap_clk  {rise@0.000ns fall@5.000ns period=10.000ns})
  Path Group:             ap_clk
  Path Type:              Hold (Min at Slow Process Corner)
  Requirement:            0.000ns  (ap_clk rise@0.000ns - ap_clk rise@0.000ns)
  Data Path Delay:        0.138ns  (logic 0.058ns (42.050%)  route 0.080ns (57.950%))
  Logic Levels:           0  
  Clock Path Skew:        0.037ns (DCD - SCD - CPR)
    Destination Clock Delay (DCD):    0.057ns
    Source Clock Delay      (SCD):    0.020ns
    Clock Pessimism Removal (CPR):    -0.000ns

    Location             Delay type                Incr(ns)  Path(ns)    Netlist Resource(s)
  -------------------------------------------------------------------    -------------------
                         (clock ap_clk rise edge)     0.000     0.000 r  
                                                      0.000     0.000 r  ap_clk (IN)
                         net (fo=6943, unset)         0.020     0.020    finn_design_i/ConvolutionInputGenerator_rtl_1/inst/impl/window_buffer_inst/ram_buffer_inst_0/ap_clk
    SLICE_X60Y156        FDRE                                         r  finn_design_i/ConvolutionInputGenerator_rtl_1/inst/impl/window_buffer_inst/ram_buffer_inst_0/Addr_w_reg[0]/C
  -------------------------------------------------------------------    -------------------
    SLICE_X60Y156        FDRE (Prop_HFF_SLICEL_C_Q)
                                                      0.058     0.078 r  finn_design_i/ConvolutionInputGenerator_rtl_1/inst/impl/window_buffer_inst/ram_buffer_inst_0/Addr_w_reg[0]/Q
                         net (fo=12, routed)          0.080     0.158    finn_design_i/ConvolutionInputGenerator_rtl_1/inst/impl/window_buffer_inst/ram_buffer_inst_0/Ram_reg_0_15_0_5/ADDRD0
    SLICE_X61Y157        RAMS32                                       r  finn_design_i/ConvolutionInputGenerator_rtl_1/inst/impl/window_buffer_inst/ram_buffer_inst_0/Ram_reg_0_15_0_5/RAMD_D1/ADR0
  -------------------------------------------------------------------    -------------------

                         (clock ap_clk rise edge)     0.000     0.000 r  
                                                      0.000     0.000 r  ap_clk (IN)
                         net (fo=6943, unset)         0.057     0.057    finn_design_i/ConvolutionInputGenerator_rtl_1/inst/impl/window_buffer_inst/ram_buffer_inst_0/Ram_reg_0_15_0_5/WCLK
    SLICE_X61Y157        RAMS32                                       r  finn_design_i/ConvolutionInputGenerator_rtl_1/inst/impl/window_buffer_inst/ram_buffer_inst_0/Ram_reg_0_15_0_5/RAMD_D1/CLK
                         clock pessimism              0.000     0.057    
    SLICE_X61Y157        RAMS32 (Hold_H6LUT_SLICEM_CLK_ADR0)
                                                      0.085     0.142    finn_design_i/ConvolutionInputGenerator_rtl_1/inst/impl/window_buffer_inst/ram_buffer_inst_0/Ram_reg_0_15_0_5/RAMD_D1
  -------------------------------------------------------------------
                         required time                         -0.142    
                         arrival time                           0.158    
  -------------------------------------------------------------------
                         slack                                  0.016    

Slack (MET) :             0.019ns  (arrival time - required time)
  Source:                 finn_design_i/MVAU_hls_1/MVAU_hls_1/inst/grp_Matrix_Vector_Activate_Stream_Batch_fu_46/add_ln840_209_reg_9625_reg[5]/C
                            (rising edge-triggered cell FDRE clocked by ap_clk  {rise@0.000ns fall@5.000ns period=10.000ns})
  Destination:            finn_design_i/MVAU_hls_1/MVAU_hls_1/inst/grp_Matrix_Vector_Activate_Stream_Batch_fu_46/add_ln840_209_reg_9625_pp0_iter1_reg_reg[5]/D
                            (rising edge-triggered cell FDRE clocked by ap_clk  {rise@0.000ns fall@5.000ns period=10.000ns})
  Path Group:             ap_clk
  Path Type:              Hold (Min at Fast Process Corner)
  Requirement:            0.000ns  (ap_clk rise@0.000ns - ap_clk rise@0.000ns)
  Data Path Delay:        0.072ns  (logic 0.039ns (54.167%)  route 0.033ns (45.833%))
  Logic Levels:           0  
  Clock Path Skew:        0.006ns (DCD - SCD - CPR)
    Destination Clock Delay (DCD):    0.018ns
    Source Clock Delay      (SCD):    0.012ns
    Clock Pessimism Removal (CPR):    -0.000ns

    Location             Delay type                Incr(ns)  Path(ns)    Netlist Resource(s)
  -------------------------------------------------------------------    -------------------
                         (clock ap_clk rise edge)     0.000     0.000 r  
                                                      0.000     0.000 r  ap_clk (IN)
                         net (fo=6943, unset)         0.012     0.012    finn_design_i/MVAU_hls_1/MVAU_hls_1/inst/grp_Matrix_Vector_Activate_Stream_Batch_fu_46/ap_clk
    SLICE_X55Y187        FDRE                                         r  finn_design_i/MVAU_hls_1/MVAU_hls_1/inst/grp_Matrix_Vector_Activate_Stream_Batch_fu_46/add_ln840_209_reg_9625_reg[5]/C
  -------------------------------------------------------------------    -------------------
    SLICE_X55Y187        FDRE (Prop_BFF_SLICEL_C_Q)
                                                      0.039     0.051 r  finn_design_i/MVAU_hls_1/MVAU_hls_1/inst/grp_Matrix_Vector_Activate_Stream_Batch_fu_46/add_ln840_209_reg_9625_reg[5]/Q
                         net (fo=1, routed)           0.033     0.084    finn_design_i/MVAU_hls_1/MVAU_hls_1/inst/grp_Matrix_Vector_Activate_Stream_Batch_fu_46/add_ln840_209_reg_9625[5]
    SLICE_X55Y187        FDRE                                         r  finn_design_i/MVAU_hls_1/MVAU_hls_1/inst/grp_Matrix_Vector_Activate_Stream_Batch_fu_46/add_ln840_209_reg_9625_pp0_iter1_reg_reg[5]/D
  -------------------------------------------------------------------    -------------------

                         (clock ap_clk rise edge)     0.000     0.000 r  
                                                      0.000     0.000 r  ap_clk (IN)
                         net (fo=6943, unset)         0.018     0.018    finn_design_i/MVAU_hls_1/MVAU_hls_1/inst/grp_Matrix_Vector_Activate_Stream_Batch_fu_46/ap_clk
    SLICE_X55Y187        FDRE                                         r  finn_design_i/MVAU_hls_1/MVAU_hls_1/inst/grp_Matrix_Vector_Activate_Stream_Batch_fu_46/add_ln840_209_reg_9625_pp0_iter1_reg_reg[5]/C
                         clock pessimism              0.000     0.018    
    SLICE_X55Y187        FDRE (Hold_CFF2_SLICEL_C_D)
                                                      0.047     0.065    finn_design_i/MVAU_hls_1/MVAU_hls_1/inst/grp_Matrix_Vector_Activate_Stream_Batch_fu_46/add_ln840_209_reg_9625_pp0_iter1_reg_reg[5]
  -------------------------------------------------------------------
                         required time                         -0.065    
                         arrival time                           0.084    
  -------------------------------------------------------------------
                         slack                                  0.019    

Slack (MET) :             0.019ns  (arrival time - required time)
  Source:                 finn_design_i/MVAU_hls_2/MVAU_hls_2/inst/grp_Matrix_Vector_Activate_Stream_Batch_fu_34/add_ln840_49_reg_2685_reg[9]/C
                            (rising edge-triggered cell FDRE clocked by ap_clk  {rise@0.000ns fall@5.000ns period=10.000ns})
  Destination:            finn_design_i/MVAU_hls_2/MVAU_hls_2/inst/grp_Matrix_Vector_Activate_Stream_Batch_fu_34/add_ln840_49_reg_2685_pp0_iter1_reg_reg[9]/D
                            (rising edge-triggered cell FDRE clocked by ap_clk  {rise@0.000ns fall@5.000ns period=10.000ns})
  Path Group:             ap_clk
  Path Type:              Hold (Min at Fast Process Corner)
  Requirement:            0.000ns  (ap_clk rise@0.000ns - ap_clk rise@0.000ns)
  Data Path Delay:        0.072ns  (logic 0.039ns (54.167%)  route 0.033ns (45.833%))
  Logic Levels:           0  
  Clock Path Skew:        0.006ns (DCD - SCD - CPR)
    Destination Clock Delay (DCD):    0.018ns
    Source Clock Delay      (SCD):    0.012ns
    Clock Pessimism Removal (CPR):    -0.000ns

    Location             Delay type                Incr(ns)  Path(ns)    Netlist Resource(s)
  -------------------------------------------------------------------    -------------------
                         (clock ap_clk rise edge)     0.000     0.000 r  
                                                      0.000     0.000 r  ap_clk (IN)
                         net (fo=6943, unset)         0.012     0.012    finn_design_i/MVAU_hls_2/MVAU_hls_2/inst/grp_Matrix_Vector_Activate_Stream_Batch_fu_34/ap_clk
    SLICE_X55Y136        FDRE                                         r  finn_design_i/MVAU_hls_2/MVAU_hls_2/inst/grp_Matrix_Vector_Activate_Stream_Batch_fu_34/add_ln840_49_reg_2685_reg[9]/C
  -------------------------------------------------------------------    -------------------
    SLICE_X55Y136        FDRE (Prop_BFF_SLICEL_C_Q)
                                                      0.039     0.051 r  finn_design_i/MVAU_hls_2/MVAU_hls_2/inst/grp_Matrix_Vector_Activate_Stream_Batch_fu_34/add_ln840_49_reg_2685_reg[9]/Q
                         net (fo=1, routed)           0.033     0.084    finn_design_i/MVAU_hls_2/MVAU_hls_2/inst/grp_Matrix_Vector_Activate_Stream_Batch_fu_34/add_ln840_49_reg_2685[9]
    SLICE_X55Y136        FDRE                                         r  finn_design_i/MVAU_hls_2/MVAU_hls_2/inst/grp_Matrix_Vector_Activate_Stream_Batch_fu_34/add_ln840_49_reg_2685_pp0_iter1_reg_reg[9]/D
  -------------------------------------------------------------------    -------------------

                         (clock ap_clk rise edge)     0.000     0.000 r  
                                                      0.000     0.000 r  ap_clk (IN)
                         net (fo=6943, unset)         0.018     0.018    finn_design_i/MVAU_hls_2/MVAU_hls_2/inst/grp_Matrix_Vector_Activate_Stream_Batch_fu_34/ap_clk
    SLICE_X55Y136        FDRE                                         r  finn_design_i/MVAU_hls_2/MVAU_hls_2/inst/grp_Matrix_Vector_Activate_Stream_Batch_fu_34/add_ln840_49_reg_2685_pp0_iter1_reg_reg[9]/C
                         clock pessimism              0.000     0.018    
    SLICE_X55Y136        FDRE (Hold_CFF2_SLICEL_C_D)
                                                      0.047     0.065    finn_design_i/MVAU_hls_2/MVAU_hls_2/inst/grp_Matrix_Vector_Activate_Stream_Batch_fu_34/add_ln840_49_reg_2685_pp0_iter1_reg_reg[9]
  -------------------------------------------------------------------
                         required time                         -0.065    
                         arrival time                           0.084    
  -------------------------------------------------------------------
                         slack                                  0.019    





Pulse Width Checks
--------------------------------------------------------------------------------------
Clock Name:         ap_clk
Waveform(ns):       { 0.000 5.000 }
Period(ns):         10.000
Sources:            { ap_clk }

Check Type        Corner  Lib Pin             Reference Pin  Required(ns)  Actual(ns)  Slack(ns)  Location       Pin
Min Period        n/a     RAMB18E2/CLKARDCLK  n/a            1.569         10.000      8.431      RAMB18_X2Y60   finn_design_i/StreamingMaxPool_hls_0/inst/buf_V_U/ram_reg_bram_0/CLKARDCLK
Min Period        n/a     RAMB18E2/CLKBWRCLK  n/a            1.569         10.000      8.431      RAMB18_X2Y60   finn_design_i/StreamingMaxPool_hls_0/inst/buf_V_U/ram_reg_bram_0/CLKBWRCLK
Min Period        n/a     RAMB18E2/CLKARDCLK  n/a            1.569         10.000      8.431      RAMB18_X1Y66   finn_design_i/StreamingMaxPool_hls_1/inst/buf_V_U/ram_reg_bram_0/CLKARDCLK
Min Period        n/a     RAMB18E2/CLKBWRCLK  n/a            1.569         10.000      8.431      RAMB18_X1Y66   finn_design_i/StreamingMaxPool_hls_1/inst/buf_V_U/ram_reg_bram_0/CLKBWRCLK
Min Period        n/a     RAMB36E2/CLKARDCLK  n/a            1.355         10.000      8.645      RAMB36_X1Y28   finn_design_i/MVAU_hls_2/MVAU_hls_2_wstrm/inst/core/genUnpumped.mem/blkStage2.Mem_reg_bram_0/CLKARDCLK
Min Period        n/a     RAMB18E2/CLKARDCLK  n/a            1.355         10.000      8.645      RAMB18_X1Y54   finn_design_i/MVAU_hls_2/MVAU_hls_2_wstrm/inst/core/genUnpumped.mem/blkStage2.Mem_reg_bram_1/CLKARDCLK
Min Period        n/a     RAMB18E2/CLKARDCLK  n/a            1.355         10.000      8.645      RAMB18_X1Y48   finn_design_i/MVAU_hls_3/MVAU_hls_3_wstrm/inst/core/genUnpumped.mem/blkStage2.Mem_reg_bram_0/CLKARDCLK
Min Period        n/a     RAMD32/CLK          n/a            1.064         10.000      8.936      SLICE_X78Y122  finn_design_i/ConvolutionInputGenerator_rtl_0/inst/impl/window_buffer_inst/ram_buffer_inst_0/Ram_reg_0_31_0_7/RAMA/CLK
Min Period        n/a     RAMD32/CLK          n/a            1.064         10.000      8.936      SLICE_X78Y122  finn_design_i/ConvolutionInputGenerator_rtl_0/inst/impl/window_buffer_inst/ram_buffer_inst_0/Ram_reg_0_31_0_7/RAMA_D1/CLK
Min Period        n/a     RAMD32/CLK          n/a            1.064         10.000      8.936      SLICE_X78Y122  finn_design_i/ConvolutionInputGenerator_rtl_0/inst/impl/window_buffer_inst/ram_buffer_inst_0/Ram_reg_0_31_0_7/RAMB/CLK
Low Pulse Width   Slow    RAMB36E2/CLKARDCLK  n/a            0.542         5.000       4.458      RAMB36_X1Y28   finn_design_i/MVAU_hls_2/MVAU_hls_2_wstrm/inst/core/genUnpumped.mem/blkStage2.Mem_reg_bram_0/CLKARDCLK
Low Pulse Width   Fast    RAMB36E2/CLKARDCLK  n/a            0.542         5.000       4.458      RAMB36_X1Y28   finn_design_i/MVAU_hls_2/MVAU_hls_2_wstrm/inst/core/genUnpumped.mem/blkStage2.Mem_reg_bram_0/CLKARDCLK
Low Pulse Width   Slow    RAMB18E2/CLKARDCLK  n/a            0.542         5.000       4.458      RAMB18_X1Y54   finn_design_i/MVAU_hls_2/MVAU_hls_2_wstrm/inst/core/genUnpumped.mem/blkStage2.Mem_reg_bram_1/CLKARDCLK
Low Pulse Width   Fast    RAMB18E2/CLKARDCLK  n/a            0.542         5.000       4.458      RAMB18_X1Y54   finn_design_i/MVAU_hls_2/MVAU_hls_2_wstrm/inst/core/genUnpumped.mem/blkStage2.Mem_reg_bram_1/CLKARDCLK
Low Pulse Width   Slow    RAMB18E2/CLKARDCLK  n/a            0.542         5.000       4.458      RAMB18_X1Y48   finn_design_i/MVAU_hls_3/MVAU_hls_3_wstrm/inst/core/genUnpumped.mem/blkStage2.Mem_reg_bram_0/CLKARDCLK
Low Pulse Width   Fast    RAMB18E2/CLKARDCLK  n/a            0.542         5.000       4.458      RAMB18_X1Y48   finn_design_i/MVAU_hls_3/MVAU_hls_3_wstrm/inst/core/genUnpumped.mem/blkStage2.Mem_reg_bram_0/CLKARDCLK
Low Pulse Width   Slow    RAMB18E2/CLKARDCLK  n/a            0.542         5.000       4.458      RAMB18_X2Y60   finn_design_i/StreamingMaxPool_hls_0/inst/buf_V_U/ram_reg_bram_0/CLKARDCLK
Low Pulse Width   Fast    RAMB18E2/CLKARDCLK  n/a            0.542         5.000       4.458      RAMB18_X2Y60   finn_design_i/StreamingMaxPool_hls_0/inst/buf_V_U/ram_reg_bram_0/CLKARDCLK
Low Pulse Width   Slow    RAMB18E2/CLKBWRCLK  n/a            0.542         5.000       4.458      RAMB18_X2Y60   finn_design_i/StreamingMaxPool_hls_0/inst/buf_V_U/ram_reg_bram_0/CLKBWRCLK
Low Pulse Width   Fast    RAMB18E2/CLKBWRCLK  n/a            0.542         5.000       4.458      RAMB18_X2Y60   finn_design_i/StreamingMaxPool_hls_0/inst/buf_V_U/ram_reg_bram_0/CLKBWRCLK
High Pulse Width  Slow    RAMB36E2/CLKARDCLK  n/a            0.542         5.000       4.458      RAMB36_X1Y28   finn_design_i/MVAU_hls_2/MVAU_hls_2_wstrm/inst/core/genUnpumped.mem/blkStage2.Mem_reg_bram_0/CLKARDCLK
High Pulse Width  Fast    RAMB36E2/CLKARDCLK  n/a            0.542         5.000       4.458      RAMB36_X1Y28   finn_design_i/MVAU_hls_2/MVAU_hls_2_wstrm/inst/core/genUnpumped.mem/blkStage2.Mem_reg_bram_0/CLKARDCLK
High Pulse Width  Slow    RAMB18E2/CLKARDCLK  n/a            0.542         5.000       4.458      RAMB18_X1Y54   finn_design_i/MVAU_hls_2/MVAU_hls_2_wstrm/inst/core/genUnpumped.mem/blkStage2.Mem_reg_bram_1/CLKARDCLK
High Pulse Width  Fast    RAMB18E2/CLKARDCLK  n/a            0.542         5.000       4.458      RAMB18_X1Y54   finn_design_i/MVAU_hls_2/MVAU_hls_2_wstrm/inst/core/genUnpumped.mem/blkStage2.Mem_reg_bram_1/CLKARDCLK
High Pulse Width  Slow    RAMB18E2/CLKARDCLK  n/a            0.542         5.000       4.458      RAMB18_X1Y48   finn_design_i/MVAU_hls_3/MVAU_hls_3_wstrm/inst/core/genUnpumped.mem/blkStage2.Mem_reg_bram_0/CLKARDCLK
High Pulse Width  Fast    RAMB18E2/CLKARDCLK  n/a            0.542         5.000       4.458      RAMB18_X1Y48   finn_design_i/MVAU_hls_3/MVAU_hls_3_wstrm/inst/core/genUnpumped.mem/blkStage2.Mem_reg_bram_0/CLKARDCLK
High Pulse Width  Slow    RAMB18E2/CLKARDCLK  n/a            0.542         5.000       4.458      RAMB18_X2Y60   finn_design_i/StreamingMaxPool_hls_0/inst/buf_V_U/ram_reg_bram_0/CLKARDCLK
High Pulse Width  Fast    RAMB18E2/CLKARDCLK  n/a            0.542         5.000       4.458      RAMB18_X2Y60   finn_design_i/StreamingMaxPool_hls_0/inst/buf_V_U/ram_reg_bram_0/CLKARDCLK
High Pulse Width  Slow    RAMB18E2/CLKBWRCLK  n/a            0.542         5.000       4.458      RAMB18_X2Y60   finn_design_i/StreamingMaxPool_hls_0/inst/buf_V_U/ram_reg_bram_0/CLKBWRCLK
High Pulse Width  Fast    RAMB18E2/CLKBWRCLK  n/a            0.542         5.000       4.458      RAMB18_X2Y60   finn_design_i/StreamingMaxPool_hls_0/inst/buf_V_U/ram_reg_bram_0/CLKBWRCLK



--------------------------------------------------------------------------------------
Path Group:  (none)
From Clock:  ap_clk
  To Clock:  

Max Delay            10 Endpoints
Min Delay            10 Endpoints
--------------------------------------------------------------------------------------


Max Delay Paths
--------------------------------------------------------------------------------------
Slack:                    inf
  Source:                 finn_design_i/StreamingFIFO_rtl_15/inst/impl/srlo_reg[0]/C
                            (rising edge-triggered cell FDRE clocked by ap_clk  {rise@0.000ns fall@5.000ns period=10.000ns})
  Destination:            m_axis_0_tdata[0]
                            (output port)
  Path Group:             (none)
  Path Type:              Max at Slow Process Corner
  Data Path Delay:        0.079ns  (logic 0.079ns (100.000%)  route 0.000ns (0.000%))
  Logic Levels:           0  
  Clock Uncertainty:      0.025ns  ((TSJ^2 + TIJ^2)^1/2 + DJ) / 2 + PE
    Total System Jitter     (TSJ):    0.050ns
    Total Input Jitter      (TIJ):    0.000ns
    Discrete Jitter          (DJ):    0.000ns
    Phase Error              (PE):    0.000ns

    Location             Delay type                Incr(ns)  Path(ns)    Netlist Resource(s)
  -------------------------------------------------------------------    -------------------
                         (clock ap_clk rise edge)     0.000     0.000 r  
                                                      0.000     0.000 r  ap_clk (IN)
                         net (fo=6943, unset)         0.030     0.030    finn_design_i/StreamingFIFO_rtl_15/inst/impl/ap_clk
    SLICE_X63Y106        FDRE                                         r  finn_design_i/StreamingFIFO_rtl_15/inst/impl/srlo_reg[0]/C
  -------------------------------------------------------------------    -------------------
    SLICE_X63Y106        FDRE (Prop_EFF2_SLICEM_C_Q)
                                                      0.079     0.109 r  finn_design_i/StreamingFIFO_rtl_15/inst/impl/srlo_reg[0]/Q
                         net (fo=0)                   0.000     0.109    m_axis_0_tdata[0]
                                                                      r  m_axis_0_tdata[0] (OUT)
  -------------------------------------------------------------------    -------------------

Slack:                    inf
  Source:                 finn_design_i/StreamingFIFO_rtl_15/inst/impl/srlo_reg[3]/C
                            (rising edge-triggered cell FDRE clocked by ap_clk  {rise@0.000ns fall@5.000ns period=10.000ns})
  Destination:            m_axis_0_tdata[3]
                            (output port)
  Path Group:             (none)
  Path Type:              Max at Slow Process Corner
  Data Path Delay:        0.079ns  (logic 0.079ns (100.000%)  route 0.000ns (0.000%))
  Logic Levels:           0  
  Clock Uncertainty:      0.025ns  ((TSJ^2 + TIJ^2)^1/2 + DJ) / 2 + PE
    Total System Jitter     (TSJ):    0.050ns
    Total Input Jitter      (TIJ):    0.000ns
    Discrete Jitter          (DJ):    0.000ns
    Phase Error              (PE):    0.000ns

    Location             Delay type                Incr(ns)  Path(ns)    Netlist Resource(s)
  -------------------------------------------------------------------    -------------------
                         (clock ap_clk rise edge)     0.000     0.000 r  
                                                      0.000     0.000 r  ap_clk (IN)
                         net (fo=6943, unset)         0.030     0.030    finn_design_i/StreamingFIFO_rtl_15/inst/impl/ap_clk
    SLICE_X63Y106        FDRE                                         r  finn_design_i/StreamingFIFO_rtl_15/inst/impl/srlo_reg[3]/C
  -------------------------------------------------------------------    -------------------
    SLICE_X63Y106        FDRE (Prop_HFF_SLICEM_C_Q)
                                                      0.079     0.109 r  finn_design_i/StreamingFIFO_rtl_15/inst/impl/srlo_reg[3]/Q
                         net (fo=0)                   0.000     0.109    m_axis_0_tdata[3]
                                                                      r  m_axis_0_tdata[3] (OUT)
  -------------------------------------------------------------------    -------------------

Slack:                    inf
  Source:                 finn_design_i/StreamingFIFO_rtl_15/inst/impl/srlo_reg[5]/C
                            (rising edge-triggered cell FDRE clocked by ap_clk  {rise@0.000ns fall@5.000ns period=10.000ns})
  Destination:            m_axis_0_tdata[5]
                            (output port)
  Path Group:             (none)
  Path Type:              Max at Slow Process Corner
  Data Path Delay:        0.078ns  (logic 0.078ns (100.000%)  route 0.000ns (0.000%))
  Logic Levels:           0  
  Clock Uncertainty:      0.025ns  ((TSJ^2 + TIJ^2)^1/2 + DJ) / 2 + PE
    Total System Jitter     (TSJ):    0.050ns
    Total Input Jitter      (TIJ):    0.000ns
    Discrete Jitter          (DJ):    0.000ns
    Phase Error              (PE):    0.000ns

    Location             Delay type                Incr(ns)  Path(ns)    Netlist Resource(s)
  -------------------------------------------------------------------    -------------------
                         (clock ap_clk rise edge)     0.000     0.000 r  
                                                      0.000     0.000 r  ap_clk (IN)
                         net (fo=6943, unset)         0.030     0.030    finn_design_i/StreamingFIFO_rtl_15/inst/impl/ap_clk
    SLICE_X63Y106        FDRE                                         r  finn_design_i/StreamingFIFO_rtl_15/inst/impl/srlo_reg[5]/C
  -------------------------------------------------------------------    -------------------
    SLICE_X63Y106        FDRE (Prop_GFF_SLICEM_C_Q)
                                                      0.078     0.108 r  finn_design_i/StreamingFIFO_rtl_15/inst/impl/srlo_reg[5]/Q
                         net (fo=0)                   0.000     0.108    m_axis_0_tdata[5]
                                                                      r  m_axis_0_tdata[5] (OUT)
  -------------------------------------------------------------------    -------------------

Slack:                    inf
  Source:                 finn_design_i/StreamingFIFO_rtl_0/inst/impl/i_b_reg_reg_inv/C
                            (rising edge-triggered cell FDSE clocked by ap_clk  {rise@0.000ns fall@5.000ns period=10.000ns})
  Destination:            s_axis_0_tready
                            (output port)
  Path Group:             (none)
  Path Type:              Max at Slow Process Corner
  Data Path Delay:        0.078ns  (logic 0.078ns (100.000%)  route 0.000ns (0.000%))
  Logic Levels:           0  
  Clock Uncertainty:      0.025ns  ((TSJ^2 + TIJ^2)^1/2 + DJ) / 2 + PE
    Total System Jitter     (TSJ):    0.050ns
    Total Input Jitter      (TIJ):    0.000ns
    Discrete Jitter          (DJ):    0.000ns
    Phase Error              (PE):    0.000ns

    Location             Delay type                Incr(ns)  Path(ns)    Netlist Resource(s)
  -------------------------------------------------------------------    -------------------
                         (clock ap_clk rise edge)     0.000     0.000 r  
                                                      0.000     0.000 r  ap_clk (IN)
                         net (fo=6943, unset)         0.030     0.030    finn_design_i/StreamingFIFO_rtl_0/inst/impl/ap_clk
    SLICE_X79Y131        FDSE                                         r  finn_design_i/StreamingFIFO_rtl_0/inst/impl/i_b_reg_reg_inv/C
  -------------------------------------------------------------------    -------------------
    SLICE_X79Y131        FDSE (Prop_BFF_SLICEM_C_Q)
                                                      0.078     0.108 r  finn_design_i/StreamingFIFO_rtl_0/inst/impl/i_b_reg_reg_inv/Q
                         net (fo=0)                   0.000     0.108    s_axis_0_tready
                                                                      r  s_axis_0_tready (OUT)
  -------------------------------------------------------------------    -------------------

Slack:                    inf
  Source:                 finn_design_i/StreamingFIFO_rtl_15/inst/impl/srlo_reg[1]/C
                            (rising edge-triggered cell FDRE clocked by ap_clk  {rise@0.000ns fall@5.000ns period=10.000ns})
  Destination:            m_axis_0_tdata[1]
                            (output port)
  Path Group:             (none)
  Path Type:              Max at Slow Process Corner
  Data Path Delay:        0.079ns  (logic 0.079ns (100.000%)  route 0.000ns (0.000%))
  Logic Levels:           0  
  Clock Uncertainty:      0.025ns  ((TSJ^2 + TIJ^2)^1/2 + DJ) / 2 + PE
    Total System Jitter     (TSJ):    0.050ns
    Total Input Jitter      (TIJ):    0.000ns
    Discrete Jitter          (DJ):    0.000ns
    Phase Error              (PE):    0.000ns

    Location             Delay type                Incr(ns)  Path(ns)    Netlist Resource(s)
  -------------------------------------------------------------------    -------------------
                         (clock ap_clk rise edge)     0.000     0.000 r  
                                                      0.000     0.000 r  ap_clk (IN)
                         net (fo=6943, unset)         0.028     0.028    finn_design_i/StreamingFIFO_rtl_15/inst/impl/ap_clk
    SLICE_X62Y104        FDRE                                         r  finn_design_i/StreamingFIFO_rtl_15/inst/impl/srlo_reg[1]/C
  -------------------------------------------------------------------    -------------------
    SLICE_X62Y104        FDRE (Prop_DFF_SLICEL_C_Q)
                                                      0.079     0.107 r  finn_design_i/StreamingFIFO_rtl_15/inst/impl/srlo_reg[1]/Q
                         net (fo=0)                   0.000     0.107    m_axis_0_tdata[1]
                                                                      r  m_axis_0_tdata[1] (OUT)
  -------------------------------------------------------------------    -------------------

Slack:                    inf
  Source:                 finn_design_i/StreamingFIFO_rtl_15/inst/impl/srlo_reg[2]/C
                            (rising edge-triggered cell FDRE clocked by ap_clk  {rise@0.000ns fall@5.000ns period=10.000ns})
  Destination:            m_axis_0_tdata[2]
                            (output port)
  Path Group:             (none)
  Path Type:              Max at Slow Process Corner
  Data Path Delay:        0.079ns  (logic 0.079ns (100.000%)  route 0.000ns (0.000%))
  Logic Levels:           0  
  Clock Uncertainty:      0.025ns  ((TSJ^2 + TIJ^2)^1/2 + DJ) / 2 + PE
    Total System Jitter     (TSJ):    0.050ns
    Total Input Jitter      (TIJ):    0.000ns
    Discrete Jitter          (DJ):    0.000ns
    Phase Error              (PE):    0.000ns

    Location             Delay type                Incr(ns)  Path(ns)    Netlist Resource(s)
  -------------------------------------------------------------------    -------------------
                         (clock ap_clk rise edge)     0.000     0.000 r  
                                                      0.000     0.000 r  ap_clk (IN)
                         net (fo=6943, unset)         0.028     0.028    finn_design_i/StreamingFIFO_rtl_15/inst/impl/ap_clk
    SLICE_X62Y104        FDRE                                         r  finn_design_i/StreamingFIFO_rtl_15/inst/impl/srlo_reg[2]/C
  -------------------------------------------------------------------    -------------------
    SLICE_X62Y104        FDRE (Prop_CFF_SLICEL_C_Q)
                                                      0.079     0.107 r  finn_design_i/StreamingFIFO_rtl_15/inst/impl/srlo_reg[2]/Q
                         net (fo=0)                   0.000     0.107    m_axis_0_tdata[2]
                                                                      r  m_axis_0_tdata[2] (OUT)
  -------------------------------------------------------------------    -------------------

Slack:                    inf
  Source:                 finn_design_i/StreamingFIFO_rtl_15/inst/impl/srlo_reg[4]/C
                            (rising edge-triggered cell FDRE clocked by ap_clk  {rise@0.000ns fall@5.000ns period=10.000ns})
  Destination:            m_axis_0_tdata[4]
                            (output port)
  Path Group:             (none)
  Path Type:              Max at Slow Process Corner
  Data Path Delay:        0.079ns  (logic 0.079ns (100.000%)  route 0.000ns (0.000%))
  Logic Levels:           0  
  Clock Uncertainty:      0.025ns  ((TSJ^2 + TIJ^2)^1/2 + DJ) / 2 + PE
    Total System Jitter     (TSJ):    0.050ns
    Total Input Jitter      (TIJ):    0.000ns
    Discrete Jitter          (DJ):    0.000ns
    Phase Error              (PE):    0.000ns

    Location             Delay type                Incr(ns)  Path(ns)    Netlist Resource(s)
  -------------------------------------------------------------------    -------------------
                         (clock ap_clk rise edge)     0.000     0.000 r  
                                                      0.000     0.000 r  ap_clk (IN)
                         net (fo=6943, unset)         0.028     0.028    finn_design_i/StreamingFIFO_rtl_15/inst/impl/ap_clk
    SLICE_X62Y104        FDRE                                         r  finn_design_i/StreamingFIFO_rtl_15/inst/impl/srlo_reg[4]/C
  -------------------------------------------------------------------    -------------------
    SLICE_X62Y104        FDRE (Prop_BFF_SLICEL_C_Q)
                                                      0.079     0.107 r  finn_design_i/StreamingFIFO_rtl_15/inst/impl/srlo_reg[4]/Q
                         net (fo=0)                   0.000     0.107    m_axis_0_tdata[4]
                                                                      r  m_axis_0_tdata[4] (OUT)
  -------------------------------------------------------------------    -------------------

Slack:                    inf
  Source:                 finn_design_i/StreamingFIFO_rtl_15/inst/impl/srlo_reg[6]/C
                            (rising edge-triggered cell FDRE clocked by ap_clk  {rise@0.000ns fall@5.000ns period=10.000ns})
  Destination:            m_axis_0_tdata[6]
                            (output port)
  Path Group:             (none)
  Path Type:              Max at Slow Process Corner
  Data Path Delay:        0.079ns  (logic 0.079ns (100.000%)  route 0.000ns (0.000%))
  Logic Levels:           0  
  Clock Uncertainty:      0.025ns  ((TSJ^2 + TIJ^2)^1/2 + DJ) / 2 + PE
    Total System Jitter     (TSJ):    0.050ns
    Total Input Jitter      (TIJ):    0.000ns
    Discrete Jitter          (DJ):    0.000ns
    Phase Error              (PE):    0.000ns

    Location             Delay type                Incr(ns)  Path(ns)    Netlist Resource(s)
  -------------------------------------------------------------------    -------------------
                         (clock ap_clk rise edge)     0.000     0.000 r  
                                                      0.000     0.000 r  ap_clk (IN)
                         net (fo=6943, unset)         0.028     0.028    finn_design_i/StreamingFIFO_rtl_15/inst/impl/ap_clk
    SLICE_X62Y104        FDRE                                         r  finn_design_i/StreamingFIFO_rtl_15/inst/impl/srlo_reg[6]/C
  -------------------------------------------------------------------    -------------------
    SLICE_X62Y104        FDRE (Prop_AFF_SLICEL_C_Q)
                                                      0.079     0.107 r  finn_design_i/StreamingFIFO_rtl_15/inst/impl/srlo_reg[6]/Q
                         net (fo=0)                   0.000     0.107    m_axis_0_tdata[6]
                                                                      r  m_axis_0_tdata[6] (OUT)
  -------------------------------------------------------------------    -------------------

Slack:                    inf
  Source:                 finn_design_i/StreamingFIFO_rtl_15/inst/impl/srlo_reg[7]/C
                            (rising edge-triggered cell FDRE clocked by ap_clk  {rise@0.000ns fall@5.000ns period=10.000ns})
  Destination:            m_axis_0_tdata[7]
                            (output port)
  Path Group:             (none)
  Path Type:              Max at Slow Process Corner
  Data Path Delay:        0.076ns  (logic 0.076ns (100.000%)  route 0.000ns (0.000%))
  Logic Levels:           0  
  Clock Uncertainty:      0.025ns  ((TSJ^2 + TIJ^2)^1/2 + DJ) / 2 + PE
    Total System Jitter     (TSJ):    0.050ns
    Total Input Jitter      (TIJ):    0.000ns
    Discrete Jitter          (DJ):    0.000ns
    Phase Error              (PE):    0.000ns

    Location             Delay type                Incr(ns)  Path(ns)    Netlist Resource(s)
  -------------------------------------------------------------------    -------------------
                         (clock ap_clk rise edge)     0.000     0.000 r  
                                                      0.000     0.000 r  ap_clk (IN)
                         net (fo=6943, unset)         0.030     0.030    finn_design_i/StreamingFIFO_rtl_15/inst/impl/ap_clk
    SLICE_X63Y106        FDRE                                         r  finn_design_i/StreamingFIFO_rtl_15/inst/impl/srlo_reg[7]/C
  -------------------------------------------------------------------    -------------------
    SLICE_X63Y106        FDRE (Prop_FFF_SLICEM_C_Q)
                                                      0.076     0.106 r  finn_design_i/StreamingFIFO_rtl_15/inst/impl/srlo_reg[7]/Q
                         net (fo=0)                   0.000     0.106    m_axis_0_tdata[7]
                                                                      r  m_axis_0_tdata[7] (OUT)
  -------------------------------------------------------------------    -------------------

Slack:                    inf
  Source:                 finn_design_i/StreamingFIFO_rtl_15/inst/impl/o_v_reg_reg/C
                            (rising edge-triggered cell FDRE clocked by ap_clk  {rise@0.000ns fall@5.000ns period=10.000ns})
  Destination:            m_axis_0_tvalid
                            (output port)
  Path Group:             (none)
  Path Type:              Max at Slow Process Corner
  Data Path Delay:        0.076ns  (logic 0.076ns (100.000%)  route 0.000ns (0.000%))
  Logic Levels:           0  
  Clock Uncertainty:      0.025ns  ((TSJ^2 + TIJ^2)^1/2 + DJ) / 2 + PE
    Total System Jitter     (TSJ):    0.050ns
    Total Input Jitter      (TIJ):    0.000ns
    Discrete Jitter          (DJ):    0.000ns
    Phase Error              (PE):    0.000ns

    Location             Delay type                Incr(ns)  Path(ns)    Netlist Resource(s)
  -------------------------------------------------------------------    -------------------
                         (clock ap_clk rise edge)     0.000     0.000 r  
                                                      0.000     0.000 r  ap_clk (IN)
                         net (fo=6943, unset)         0.030     0.030    finn_design_i/StreamingFIFO_rtl_15/inst/impl/ap_clk
    SLICE_X61Y105        FDRE                                         r  finn_design_i/StreamingFIFO_rtl_15/inst/impl/o_v_reg_reg/C
  -------------------------------------------------------------------    -------------------
    SLICE_X61Y105        FDRE (Prop_EFF_SLICEM_C_Q)
                                                      0.076     0.106 r  finn_design_i/StreamingFIFO_rtl_15/inst/impl/o_v_reg_reg/Q
                         net (fo=0)                   0.000     0.106    m_axis_0_tvalid
                                                                      r  m_axis_0_tvalid (OUT)
  -------------------------------------------------------------------    -------------------





Min Delay Paths
--------------------------------------------------------------------------------------
Slack:                    inf
  Source:                 finn_design_i/StreamingFIFO_rtl_15/inst/impl/srlo_reg[7]/C
                            (rising edge-triggered cell FDRE clocked by ap_clk  {rise@0.000ns fall@5.000ns period=10.000ns})
  Destination:            m_axis_0_tdata[7]
                            (output port)
  Path Group:             (none)
  Path Type:              Min at Fast Process Corner
  Data Path Delay:        0.037ns  (logic 0.037ns (100.000%)  route 0.000ns (0.000%))
  Logic Levels:           0  
  Clock Uncertainty:      0.025ns  ((TSJ^2 + TIJ^2)^1/2 + DJ) / 2 + PE
    Total System Jitter     (TSJ):    0.050ns
    Total Input Jitter      (TIJ):    0.000ns
    Discrete Jitter          (DJ):    0.000ns
    Phase Error              (PE):    0.000ns

    Location             Delay type                Incr(ns)  Path(ns)    Netlist Resource(s)
  -------------------------------------------------------------------    -------------------
                         (clock ap_clk rise edge)     0.000     0.000 r  
                                                      0.000     0.000 r  ap_clk (IN)
                         net (fo=6943, unset)         0.013     0.013    finn_design_i/StreamingFIFO_rtl_15/inst/impl/ap_clk
    SLICE_X63Y106        FDRE                                         r  finn_design_i/StreamingFIFO_rtl_15/inst/impl/srlo_reg[7]/C
  -------------------------------------------------------------------    -------------------
    SLICE_X63Y106        FDRE (Prop_FFF_SLICEM_C_Q)
                                                      0.037     0.050 r  finn_design_i/StreamingFIFO_rtl_15/inst/impl/srlo_reg[7]/Q
                         net (fo=0)                   0.000     0.050    m_axis_0_tdata[7]
                                                                      r  m_axis_0_tdata[7] (OUT)
  -------------------------------------------------------------------    -------------------

Slack:                    inf
  Source:                 finn_design_i/StreamingFIFO_rtl_15/inst/impl/o_v_reg_reg/C
                            (rising edge-triggered cell FDRE clocked by ap_clk  {rise@0.000ns fall@5.000ns period=10.000ns})
  Destination:            m_axis_0_tvalid
                            (output port)
  Path Group:             (none)
  Path Type:              Min at Fast Process Corner
  Data Path Delay:        0.038ns  (logic 0.038ns (100.000%)  route 0.000ns (0.000%))
  Logic Levels:           0  
  Clock Uncertainty:      0.025ns  ((TSJ^2 + TIJ^2)^1/2 + DJ) / 2 + PE
    Total System Jitter     (TSJ):    0.050ns
    Total Input Jitter      (TIJ):    0.000ns
    Discrete Jitter          (DJ):    0.000ns
    Phase Error              (PE):    0.000ns

    Location             Delay type                Incr(ns)  Path(ns)    Netlist Resource(s)
  -------------------------------------------------------------------    -------------------
                         (clock ap_clk rise edge)     0.000     0.000 r  
                                                      0.000     0.000 r  ap_clk (IN)
                         net (fo=6943, unset)         0.013     0.013    finn_design_i/StreamingFIFO_rtl_15/inst/impl/ap_clk
    SLICE_X61Y105        FDRE                                         r  finn_design_i/StreamingFIFO_rtl_15/inst/impl/o_v_reg_reg/C
  -------------------------------------------------------------------    -------------------
    SLICE_X61Y105        FDRE (Prop_EFF_SLICEM_C_Q)
                                                      0.038     0.051 r  finn_design_i/StreamingFIFO_rtl_15/inst/impl/o_v_reg_reg/Q
                         net (fo=0)                   0.000     0.051    m_axis_0_tvalid
                                                                      r  m_axis_0_tvalid (OUT)
  -------------------------------------------------------------------    -------------------

Slack:                    inf
  Source:                 finn_design_i/StreamingFIFO_rtl_0/inst/impl/i_b_reg_reg_inv/C
                            (rising edge-triggered cell FDSE clocked by ap_clk  {rise@0.000ns fall@5.000ns period=10.000ns})
  Destination:            s_axis_0_tready
                            (output port)
  Path Group:             (none)
  Path Type:              Min at Fast Process Corner
  Data Path Delay:        0.038ns  (logic 0.038ns (100.000%)  route 0.000ns (0.000%))
  Logic Levels:           0  
  Clock Uncertainty:      0.025ns  ((TSJ^2 + TIJ^2)^1/2 + DJ) / 2 + PE
    Total System Jitter     (TSJ):    0.050ns
    Total Input Jitter      (TIJ):    0.000ns
    Discrete Jitter          (DJ):    0.000ns
    Phase Error              (PE):    0.000ns

    Location             Delay type                Incr(ns)  Path(ns)    Netlist Resource(s)
  -------------------------------------------------------------------    -------------------
                         (clock ap_clk rise edge)     0.000     0.000 r  
                                                      0.000     0.000 r  ap_clk (IN)
                         net (fo=6943, unset)         0.013     0.013    finn_design_i/StreamingFIFO_rtl_0/inst/impl/ap_clk
    SLICE_X79Y131        FDSE                                         r  finn_design_i/StreamingFIFO_rtl_0/inst/impl/i_b_reg_reg_inv/C
  -------------------------------------------------------------------    -------------------
    SLICE_X79Y131        FDSE (Prop_BFF_SLICEM_C_Q)
                                                      0.038     0.051 r  finn_design_i/StreamingFIFO_rtl_0/inst/impl/i_b_reg_reg_inv/Q
                         net (fo=0)                   0.000     0.051    s_axis_0_tready
                                                                      r  s_axis_0_tready (OUT)
  -------------------------------------------------------------------    -------------------

Slack:                    inf
  Source:                 finn_design_i/StreamingFIFO_rtl_15/inst/impl/srlo_reg[1]/C
                            (rising edge-triggered cell FDRE clocked by ap_clk  {rise@0.000ns fall@5.000ns period=10.000ns})
  Destination:            m_axis_0_tdata[1]
                            (output port)
  Path Group:             (none)
  Path Type:              Min at Fast Process Corner
  Data Path Delay:        0.039ns  (logic 0.039ns (100.000%)  route 0.000ns (0.000%))
  Logic Levels:           0  
  Clock Uncertainty:      0.025ns  ((TSJ^2 + TIJ^2)^1/2 + DJ) / 2 + PE
    Total System Jitter     (TSJ):    0.050ns
    Total Input Jitter      (TIJ):    0.000ns
    Discrete Jitter          (DJ):    0.000ns
    Phase Error              (PE):    0.000ns

    Location             Delay type                Incr(ns)  Path(ns)    Netlist Resource(s)
  -------------------------------------------------------------------    -------------------
                         (clock ap_clk rise edge)     0.000     0.000 r  
                                                      0.000     0.000 r  ap_clk (IN)
                         net (fo=6943, unset)         0.012     0.012    finn_design_i/StreamingFIFO_rtl_15/inst/impl/ap_clk
    SLICE_X62Y104        FDRE                                         r  finn_design_i/StreamingFIFO_rtl_15/inst/impl/srlo_reg[1]/C
  -------------------------------------------------------------------    -------------------
    SLICE_X62Y104        FDRE (Prop_DFF_SLICEL_C_Q)
                                                      0.039     0.051 r  finn_design_i/StreamingFIFO_rtl_15/inst/impl/srlo_reg[1]/Q
                         net (fo=0)                   0.000     0.051    m_axis_0_tdata[1]
                                                                      r  m_axis_0_tdata[1] (OUT)
  -------------------------------------------------------------------    -------------------

Slack:                    inf
  Source:                 finn_design_i/StreamingFIFO_rtl_15/inst/impl/srlo_reg[2]/C
                            (rising edge-triggered cell FDRE clocked by ap_clk  {rise@0.000ns fall@5.000ns period=10.000ns})
  Destination:            m_axis_0_tdata[2]
                            (output port)
  Path Group:             (none)
  Path Type:              Min at Fast Process Corner
  Data Path Delay:        0.039ns  (logic 0.039ns (100.000%)  route 0.000ns (0.000%))
  Logic Levels:           0  
  Clock Uncertainty:      0.025ns  ((TSJ^2 + TIJ^2)^1/2 + DJ) / 2 + PE
    Total System Jitter     (TSJ):    0.050ns
    Total Input Jitter      (TIJ):    0.000ns
    Discrete Jitter          (DJ):    0.000ns
    Phase Error              (PE):    0.000ns

    Location             Delay type                Incr(ns)  Path(ns)    Netlist Resource(s)
  -------------------------------------------------------------------    -------------------
                         (clock ap_clk rise edge)     0.000     0.000 r  
                                                      0.000     0.000 r  ap_clk (IN)
                         net (fo=6943, unset)         0.012     0.012    finn_design_i/StreamingFIFO_rtl_15/inst/impl/ap_clk
    SLICE_X62Y104        FDRE                                         r  finn_design_i/StreamingFIFO_rtl_15/inst/impl/srlo_reg[2]/C
  -------------------------------------------------------------------    -------------------
    SLICE_X62Y104        FDRE (Prop_CFF_SLICEL_C_Q)
                                                      0.039     0.051 r  finn_design_i/StreamingFIFO_rtl_15/inst/impl/srlo_reg[2]/Q
                         net (fo=0)                   0.000     0.051    m_axis_0_tdata[2]
                                                                      r  m_axis_0_tdata[2] (OUT)
  -------------------------------------------------------------------    -------------------

Slack:                    inf
  Source:                 finn_design_i/StreamingFIFO_rtl_15/inst/impl/srlo_reg[4]/C
                            (rising edge-triggered cell FDRE clocked by ap_clk  {rise@0.000ns fall@5.000ns period=10.000ns})
  Destination:            m_axis_0_tdata[4]
                            (output port)
  Path Group:             (none)
  Path Type:              Min at Fast Process Corner
  Data Path Delay:        0.039ns  (logic 0.039ns (100.000%)  route 0.000ns (0.000%))
  Logic Levels:           0  
  Clock Uncertainty:      0.025ns  ((TSJ^2 + TIJ^2)^1/2 + DJ) / 2 + PE
    Total System Jitter     (TSJ):    0.050ns
    Total Input Jitter      (TIJ):    0.000ns
    Discrete Jitter          (DJ):    0.000ns
    Phase Error              (PE):    0.000ns

    Location             Delay type                Incr(ns)  Path(ns)    Netlist Resource(s)
  -------------------------------------------------------------------    -------------------
                         (clock ap_clk rise edge)     0.000     0.000 r  
                                                      0.000     0.000 r  ap_clk (IN)
                         net (fo=6943, unset)         0.012     0.012    finn_design_i/StreamingFIFO_rtl_15/inst/impl/ap_clk
    SLICE_X62Y104        FDRE                                         r  finn_design_i/StreamingFIFO_rtl_15/inst/impl/srlo_reg[4]/C
  -------------------------------------------------------------------    -------------------
    SLICE_X62Y104        FDRE (Prop_BFF_SLICEL_C_Q)
                                                      0.039     0.051 r  finn_design_i/StreamingFIFO_rtl_15/inst/impl/srlo_reg[4]/Q
                         net (fo=0)                   0.000     0.051    m_axis_0_tdata[4]
                                                                      r  m_axis_0_tdata[4] (OUT)
  -------------------------------------------------------------------    -------------------

Slack:                    inf
  Source:                 finn_design_i/StreamingFIFO_rtl_15/inst/impl/srlo_reg[6]/C
                            (rising edge-triggered cell FDRE clocked by ap_clk  {rise@0.000ns fall@5.000ns period=10.000ns})
  Destination:            m_axis_0_tdata[6]
                            (output port)
  Path Group:             (none)
  Path Type:              Min at Fast Process Corner
  Data Path Delay:        0.039ns  (logic 0.039ns (100.000%)  route 0.000ns (0.000%))
  Logic Levels:           0  
  Clock Uncertainty:      0.025ns  ((TSJ^2 + TIJ^2)^1/2 + DJ) / 2 + PE
    Total System Jitter     (TSJ):    0.050ns
    Total Input Jitter      (TIJ):    0.000ns
    Discrete Jitter          (DJ):    0.000ns
    Phase Error              (PE):    0.000ns

    Location             Delay type                Incr(ns)  Path(ns)    Netlist Resource(s)
  -------------------------------------------------------------------    -------------------
                         (clock ap_clk rise edge)     0.000     0.000 r  
                                                      0.000     0.000 r  ap_clk (IN)
                         net (fo=6943, unset)         0.012     0.012    finn_design_i/StreamingFIFO_rtl_15/inst/impl/ap_clk
    SLICE_X62Y104        FDRE                                         r  finn_design_i/StreamingFIFO_rtl_15/inst/impl/srlo_reg[6]/C
  -------------------------------------------------------------------    -------------------
    SLICE_X62Y104        FDRE (Prop_AFF_SLICEL_C_Q)
                                                      0.039     0.051 r  finn_design_i/StreamingFIFO_rtl_15/inst/impl/srlo_reg[6]/Q
                         net (fo=0)                   0.000     0.051    m_axis_0_tdata[6]
                                                                      r  m_axis_0_tdata[6] (OUT)
  -------------------------------------------------------------------    -------------------

Slack:                    inf
  Source:                 finn_design_i/StreamingFIFO_rtl_15/inst/impl/srlo_reg[0]/C
                            (rising edge-triggered cell FDRE clocked by ap_clk  {rise@0.000ns fall@5.000ns period=10.000ns})
  Destination:            m_axis_0_tdata[0]
                            (output port)
  Path Group:             (none)
  Path Type:              Min at Fast Process Corner
  Data Path Delay:        0.039ns  (logic 0.039ns (100.000%)  route 0.000ns (0.000%))
  Logic Levels:           0  
  Clock Uncertainty:      0.025ns  ((TSJ^2 + TIJ^2)^1/2 + DJ) / 2 + PE
    Total System Jitter     (TSJ):    0.050ns
    Total Input Jitter      (TIJ):    0.000ns
    Discrete Jitter          (DJ):    0.000ns
    Phase Error              (PE):    0.000ns

    Location             Delay type                Incr(ns)  Path(ns)    Netlist Resource(s)
  -------------------------------------------------------------------    -------------------
                         (clock ap_clk rise edge)     0.000     0.000 r  
                                                      0.000     0.000 r  ap_clk (IN)
                         net (fo=6943, unset)         0.013     0.013    finn_design_i/StreamingFIFO_rtl_15/inst/impl/ap_clk
    SLICE_X63Y106        FDRE                                         r  finn_design_i/StreamingFIFO_rtl_15/inst/impl/srlo_reg[0]/C
  -------------------------------------------------------------------    -------------------
    SLICE_X63Y106        FDRE (Prop_EFF2_SLICEM_C_Q)
                                                      0.039     0.052 r  finn_design_i/StreamingFIFO_rtl_15/inst/impl/srlo_reg[0]/Q
                         net (fo=0)                   0.000     0.052    m_axis_0_tdata[0]
                                                                      r  m_axis_0_tdata[0] (OUT)
  -------------------------------------------------------------------    -------------------

Slack:                    inf
  Source:                 finn_design_i/StreamingFIFO_rtl_15/inst/impl/srlo_reg[3]/C
                            (rising edge-triggered cell FDRE clocked by ap_clk  {rise@0.000ns fall@5.000ns period=10.000ns})
  Destination:            m_axis_0_tdata[3]
                            (output port)
  Path Group:             (none)
  Path Type:              Min at Fast Process Corner
  Data Path Delay:        0.039ns  (logic 0.039ns (100.000%)  route 0.000ns (0.000%))
  Logic Levels:           0  
  Clock Uncertainty:      0.025ns  ((TSJ^2 + TIJ^2)^1/2 + DJ) / 2 + PE
    Total System Jitter     (TSJ):    0.050ns
    Total Input Jitter      (TIJ):    0.000ns
    Discrete Jitter          (DJ):    0.000ns
    Phase Error              (PE):    0.000ns

    Location             Delay type                Incr(ns)  Path(ns)    Netlist Resource(s)
  -------------------------------------------------------------------    -------------------
                         (clock ap_clk rise edge)     0.000     0.000 r  
                                                      0.000     0.000 r  ap_clk (IN)
                         net (fo=6943, unset)         0.013     0.013    finn_design_i/StreamingFIFO_rtl_15/inst/impl/ap_clk
    SLICE_X63Y106        FDRE                                         r  finn_design_i/StreamingFIFO_rtl_15/inst/impl/srlo_reg[3]/C
  -------------------------------------------------------------------    -------------------
    SLICE_X63Y106        FDRE (Prop_HFF_SLICEM_C_Q)
                                                      0.039     0.052 r  finn_design_i/StreamingFIFO_rtl_15/inst/impl/srlo_reg[3]/Q
                         net (fo=0)                   0.000     0.052    m_axis_0_tdata[3]
                                                                      r  m_axis_0_tdata[3] (OUT)
  -------------------------------------------------------------------    -------------------

Slack:                    inf
  Source:                 finn_design_i/StreamingFIFO_rtl_15/inst/impl/srlo_reg[5]/C
                            (rising edge-triggered cell FDRE clocked by ap_clk  {rise@0.000ns fall@5.000ns period=10.000ns})
  Destination:            m_axis_0_tdata[5]
                            (output port)
  Path Group:             (none)
  Path Type:              Min at Fast Process Corner
  Data Path Delay:        0.039ns  (logic 0.039ns (100.000%)  route 0.000ns (0.000%))
  Logic Levels:           0  
  Clock Uncertainty:      0.025ns  ((TSJ^2 + TIJ^2)^1/2 + DJ) / 2 + PE
    Total System Jitter     (TSJ):    0.050ns
    Total Input Jitter      (TIJ):    0.000ns
    Discrete Jitter          (DJ):    0.000ns
    Phase Error              (PE):    0.000ns

    Location             Delay type                Incr(ns)  Path(ns)    Netlist Resource(s)
  -------------------------------------------------------------------    -------------------
                         (clock ap_clk rise edge)     0.000     0.000 r  
                                                      0.000     0.000 r  ap_clk (IN)
                         net (fo=6943, unset)         0.013     0.013    finn_design_i/StreamingFIFO_rtl_15/inst/impl/ap_clk
    SLICE_X63Y106        FDRE                                         r  finn_design_i/StreamingFIFO_rtl_15/inst/impl/srlo_reg[5]/C
  -------------------------------------------------------------------    -------------------
    SLICE_X63Y106        FDRE (Prop_GFF_SLICEM_C_Q)
                                                      0.039     0.052 r  finn_design_i/StreamingFIFO_rtl_15/inst/impl/srlo_reg[5]/Q
                         net (fo=0)                   0.000     0.052    m_axis_0_tdata[5]
                                                                      r  m_axis_0_tdata[5] (OUT)
  -------------------------------------------------------------------    -------------------





--------------------------------------------------------------------------------------
Path Group:  (none)
From Clock:  
  To Clock:  ap_clk

Max Delay          2007 Endpoints
Min Delay          2007 Endpoints
--------------------------------------------------------------------------------------


Max Delay Paths
--------------------------------------------------------------------------------------
Slack:                    inf
  Source:                 ap_rst_n
                            (input port)
  Destination:            finn_design_i/StreamingFIFO_rtl_1/inst/impl/srlo_reg[13]/CE
                            (rising edge-triggered cell FDRE clocked by ap_clk  {rise@0.000ns fall@5.000ns period=10.000ns})
  Path Group:             (none)
  Path Type:              Setup (Max at Slow Process Corner)
  Data Path Delay:        2.143ns  (logic 0.231ns (10.777%)  route 1.912ns (89.223%))
  Logic Levels:           2  (LUT4=1 LUT5=1)
  Clock Path Skew:        0.020ns (DCD - SCD + CPR)
    Destination Clock Delay (DCD):    0.020ns
    Source Clock Delay      (SCD):    0.000ns
    Clock Pessimism Removal (CPR):    0.000ns
  Clock Uncertainty:      0.025ns  ((TSJ^2 + TIJ^2)^1/2 + DJ) / 2 + PE
    Total System Jitter     (TSJ):    0.050ns
    Total Input Jitter      (TIJ):    0.000ns
    Discrete Jitter          (DJ):    0.000ns
    Phase Error              (PE):    0.000ns

    Location             Delay type                Incr(ns)  Path(ns)    Netlist Resource(s)
  -------------------------------------------------------------------    -------------------
                                                      0.000     0.000 r  ap_rst_n (IN)
                         net (fo=987, unset)          0.000     0.000    finn_design_i/ConvolutionInputGenerator_rtl_0/inst/impl/ap_rst_n
    SLICE_X76Y129        LUT4 (Prop_C6LUT_SLICEL_I1_O)
                                                      0.096     0.096 r  finn_design_i/ConvolutionInputGenerator_rtl_0/inst/impl/i___0_i_1/O
                         net (fo=9, routed)           0.244     0.340    finn_design_i/StreamingFIFO_rtl_1/inst/impl/ConvolutionInputGenerator_rtl_0_out0_V_TVALID
    SLICE_X75Y127        LUT5 (Prop_G5LUT_SLICEL_I3_O)
                                                      0.135     0.475 r  finn_design_i/StreamingFIFO_rtl_1/inst/impl/__5/i___0/O
                         net (fo=200, routed)         1.668     2.143    finn_design_i/StreamingFIFO_rtl_1/inst/impl/shift_en_o_
    SLICE_X72Y119        FDRE                                         r  finn_design_i/StreamingFIFO_rtl_1/inst/impl/srlo_reg[13]/CE
  -------------------------------------------------------------------    -------------------

                         (clock ap_clk rise edge)     0.000     0.000 r  
                                                      0.000     0.000 r  ap_clk (IN)
                         net (fo=6943, unset)         0.020     0.020    finn_design_i/StreamingFIFO_rtl_1/inst/impl/ap_clk
    SLICE_X72Y119        FDRE                                         r  finn_design_i/StreamingFIFO_rtl_1/inst/impl/srlo_reg[13]/C

Slack:                    inf
  Source:                 ap_rst_n
                            (input port)
  Destination:            finn_design_i/StreamingFIFO_rtl_1/inst/impl/srlo_reg[31]/CE
                            (rising edge-triggered cell FDRE clocked by ap_clk  {rise@0.000ns fall@5.000ns period=10.000ns})
  Path Group:             (none)
  Path Type:              Setup (Max at Slow Process Corner)
  Data Path Delay:        2.143ns  (logic 0.231ns (10.777%)  route 1.912ns (89.223%))
  Logic Levels:           2  (LUT4=1 LUT5=1)
  Clock Path Skew:        0.020ns (DCD - SCD + CPR)
    Destination Clock Delay (DCD):    0.020ns
    Source Clock Delay      (SCD):    0.000ns
    Clock Pessimism Removal (CPR):    0.000ns
  Clock Uncertainty:      0.025ns  ((TSJ^2 + TIJ^2)^1/2 + DJ) / 2 + PE
    Total System Jitter     (TSJ):    0.050ns
    Total Input Jitter      (TIJ):    0.000ns
    Discrete Jitter          (DJ):    0.000ns
    Phase Error              (PE):    0.000ns

    Location             Delay type                Incr(ns)  Path(ns)    Netlist Resource(s)
  -------------------------------------------------------------------    -------------------
                                                      0.000     0.000 r  ap_rst_n (IN)
                         net (fo=987, unset)          0.000     0.000    finn_design_i/ConvolutionInputGenerator_rtl_0/inst/impl/ap_rst_n
    SLICE_X76Y129        LUT4 (Prop_C6LUT_SLICEL_I1_O)
                                                      0.096     0.096 r  finn_design_i/ConvolutionInputGenerator_rtl_0/inst/impl/i___0_i_1/O
                         net (fo=9, routed)           0.244     0.340    finn_design_i/StreamingFIFO_rtl_1/inst/impl/ConvolutionInputGenerator_rtl_0_out0_V_TVALID
    SLICE_X75Y127        LUT5 (Prop_G5LUT_SLICEL_I3_O)
                                                      0.135     0.475 r  finn_design_i/StreamingFIFO_rtl_1/inst/impl/__5/i___0/O
                         net (fo=200, routed)         1.668     2.143    finn_design_i/StreamingFIFO_rtl_1/inst/impl/shift_en_o_
    SLICE_X72Y119        FDRE                                         r  finn_design_i/StreamingFIFO_rtl_1/inst/impl/srlo_reg[31]/CE
  -------------------------------------------------------------------    -------------------

                         (clock ap_clk rise edge)     0.000     0.000 r  
                                                      0.000     0.000 r  ap_clk (IN)
                         net (fo=6943, unset)         0.020     0.020    finn_design_i/StreamingFIFO_rtl_1/inst/impl/ap_clk
    SLICE_X72Y119        FDRE                                         r  finn_design_i/StreamingFIFO_rtl_1/inst/impl/srlo_reg[31]/C

Slack:                    inf
  Source:                 ap_rst_n
                            (input port)
  Destination:            finn_design_i/StreamingFIFO_rtl_1/inst/impl/srlo_reg[5]/CE
                            (rising edge-triggered cell FDRE clocked by ap_clk  {rise@0.000ns fall@5.000ns period=10.000ns})
  Path Group:             (none)
  Path Type:              Setup (Max at Slow Process Corner)
  Data Path Delay:        2.143ns  (logic 0.231ns (10.777%)  route 1.912ns (89.223%))
  Logic Levels:           2  (LUT4=1 LUT5=1)
  Clock Path Skew:        0.020ns (DCD - SCD + CPR)
    Destination Clock Delay (DCD):    0.020ns
    Source Clock Delay      (SCD):    0.000ns
    Clock Pessimism Removal (CPR):    0.000ns
  Clock Uncertainty:      0.025ns  ((TSJ^2 + TIJ^2)^1/2 + DJ) / 2 + PE
    Total System Jitter     (TSJ):    0.050ns
    Total Input Jitter      (TIJ):    0.000ns
    Discrete Jitter          (DJ):    0.000ns
    Phase Error              (PE):    0.000ns

    Location             Delay type                Incr(ns)  Path(ns)    Netlist Resource(s)
  -------------------------------------------------------------------    -------------------
                                                      0.000     0.000 r  ap_rst_n (IN)
                         net (fo=987, unset)          0.000     0.000    finn_design_i/ConvolutionInputGenerator_rtl_0/inst/impl/ap_rst_n
    SLICE_X76Y129        LUT4 (Prop_C6LUT_SLICEL_I1_O)
                                                      0.096     0.096 r  finn_design_i/ConvolutionInputGenerator_rtl_0/inst/impl/i___0_i_1/O
                         net (fo=9, routed)           0.244     0.340    finn_design_i/StreamingFIFO_rtl_1/inst/impl/ConvolutionInputGenerator_rtl_0_out0_V_TVALID
    SLICE_X75Y127        LUT5 (Prop_G5LUT_SLICEL_I3_O)
                                                      0.135     0.475 r  finn_design_i/StreamingFIFO_rtl_1/inst/impl/__5/i___0/O
                         net (fo=200, routed)         1.668     2.143    finn_design_i/StreamingFIFO_rtl_1/inst/impl/shift_en_o_
    SLICE_X72Y119        FDRE                                         r  finn_design_i/StreamingFIFO_rtl_1/inst/impl/srlo_reg[5]/CE
  -------------------------------------------------------------------    -------------------

                         (clock ap_clk rise edge)     0.000     0.000 r  
                                                      0.000     0.000 r  ap_clk (IN)
                         net (fo=6943, unset)         0.020     0.020    finn_design_i/StreamingFIFO_rtl_1/inst/impl/ap_clk
    SLICE_X72Y119        FDRE                                         r  finn_design_i/StreamingFIFO_rtl_1/inst/impl/srlo_reg[5]/C

Slack:                    inf
  Source:                 ap_rst_n
                            (input port)
  Destination:            finn_design_i/StreamingFIFO_rtl_4/inst/impl/srlo_reg[18]/CE
                            (rising edge-triggered cell FDRE clocked by ap_clk  {rise@0.000ns fall@5.000ns period=10.000ns})
  Path Group:             (none)
  Path Type:              Setup (Max at Slow Process Corner)
  Data Path Delay:        2.053ns  (logic 0.210ns (10.230%)  route 1.843ns (89.770%))
  Logic Levels:           2  (LUT4=1 LUT5=1)
  Clock Path Skew:        0.021ns (DCD - SCD + CPR)
    Destination Clock Delay (DCD):    0.021ns
    Source Clock Delay      (SCD):    0.000ns
    Clock Pessimism Removal (CPR):    0.000ns
  Clock Uncertainty:      0.025ns  ((TSJ^2 + TIJ^2)^1/2 + DJ) / 2 + PE
    Total System Jitter     (TSJ):    0.050ns
    Total Input Jitter      (TIJ):    0.000ns
    Discrete Jitter          (DJ):    0.000ns
    Phase Error              (PE):    0.000ns

    Location             Delay type                Incr(ns)  Path(ns)    Netlist Resource(s)
  -------------------------------------------------------------------    -------------------
                                                      0.000     0.000 r  ap_rst_n (IN)
                         net (fo=987, unset)          0.000     0.000    finn_design_i/ConvolutionInputGenerator_rtl_1/inst/impl/ap_rst_n
    SLICE_X62Y152        LUT4 (Prop_D6LUT_SLICEL_I1_O)
                                                      0.099     0.099 r  finn_design_i/ConvolutionInputGenerator_rtl_1/inst/impl/srl_reg[30][0]_srl31_i_2/O
                         net (fo=10, routed)          0.407     0.506    finn_design_i/StreamingFIFO_rtl_4/inst/impl/ConvolutionInputGenerator_rtl_1_out0_V_TVALID
    SLICE_X61Y154        LUT5 (Prop_C5LUT_SLICEM_I1_O)
                                                      0.111     0.617 r  finn_design_i/StreamingFIFO_rtl_4/inst/impl/srlo[149]_i_1/O
                         net (fo=150, routed)         1.436     2.053    finn_design_i/StreamingFIFO_rtl_4/inst/impl/shift_en_o_
    SLICE_X63Y164        FDRE                                         r  finn_design_i/StreamingFIFO_rtl_4/inst/impl/srlo_reg[18]/CE
  -------------------------------------------------------------------    -------------------

                         (clock ap_clk rise edge)     0.000     0.000 r  
                                                      0.000     0.000 r  ap_clk (IN)
                         net (fo=6943, unset)         0.021     0.021    finn_design_i/StreamingFIFO_rtl_4/inst/impl/ap_clk
    SLICE_X63Y164        FDRE                                         r  finn_design_i/StreamingFIFO_rtl_4/inst/impl/srlo_reg[18]/C

Slack:                    inf
  Source:                 ap_rst_n
                            (input port)
  Destination:            finn_design_i/StreamingFIFO_rtl_4/inst/impl/srlo_reg[33]/CE
                            (rising edge-triggered cell FDRE clocked by ap_clk  {rise@0.000ns fall@5.000ns period=10.000ns})
  Path Group:             (none)
  Path Type:              Setup (Max at Slow Process Corner)
  Data Path Delay:        2.053ns  (logic 0.210ns (10.230%)  route 1.843ns (89.770%))
  Logic Levels:           2  (LUT4=1 LUT5=1)
  Clock Path Skew:        0.021ns (DCD - SCD + CPR)
    Destination Clock Delay (DCD):    0.021ns
    Source Clock Delay      (SCD):    0.000ns
    Clock Pessimism Removal (CPR):    0.000ns
  Clock Uncertainty:      0.025ns  ((TSJ^2 + TIJ^2)^1/2 + DJ) / 2 + PE
    Total System Jitter     (TSJ):    0.050ns
    Total Input Jitter      (TIJ):    0.000ns
    Discrete Jitter          (DJ):    0.000ns
    Phase Error              (PE):    0.000ns

    Location             Delay type                Incr(ns)  Path(ns)    Netlist Resource(s)
  -------------------------------------------------------------------    -------------------
                                                      0.000     0.000 r  ap_rst_n (IN)
                         net (fo=987, unset)          0.000     0.000    finn_design_i/ConvolutionInputGenerator_rtl_1/inst/impl/ap_rst_n
    SLICE_X62Y152        LUT4 (Prop_D6LUT_SLICEL_I1_O)
                                                      0.099     0.099 r  finn_design_i/ConvolutionInputGenerator_rtl_1/inst/impl/srl_reg[30][0]_srl31_i_2/O
                         net (fo=10, routed)          0.407     0.506    finn_design_i/StreamingFIFO_rtl_4/inst/impl/ConvolutionInputGenerator_rtl_1_out0_V_TVALID
    SLICE_X61Y154        LUT5 (Prop_C5LUT_SLICEM_I1_O)
                                                      0.111     0.617 r  finn_design_i/StreamingFIFO_rtl_4/inst/impl/srlo[149]_i_1/O
                         net (fo=150, routed)         1.436     2.053    finn_design_i/StreamingFIFO_rtl_4/inst/impl/shift_en_o_
    SLICE_X63Y164        FDRE                                         r  finn_design_i/StreamingFIFO_rtl_4/inst/impl/srlo_reg[33]/CE
  -------------------------------------------------------------------    -------------------

                         (clock ap_clk rise edge)     0.000     0.000 r  
                                                      0.000     0.000 r  ap_clk (IN)
                         net (fo=6943, unset)         0.021     0.021    finn_design_i/StreamingFIFO_rtl_4/inst/impl/ap_clk
    SLICE_X63Y164        FDRE                                         r  finn_design_i/StreamingFIFO_rtl_4/inst/impl/srlo_reg[33]/C

Slack:                    inf
  Source:                 ap_rst_n
                            (input port)
  Destination:            finn_design_i/StreamingFIFO_rtl_4/inst/impl/srlo_reg[48]/CE
                            (rising edge-triggered cell FDRE clocked by ap_clk  {rise@0.000ns fall@5.000ns period=10.000ns})
  Path Group:             (none)
  Path Type:              Setup (Max at Slow Process Corner)
  Data Path Delay:        2.053ns  (logic 0.210ns (10.230%)  route 1.843ns (89.770%))
  Logic Levels:           2  (LUT4=1 LUT5=1)
  Clock Path Skew:        0.021ns (DCD - SCD + CPR)
    Destination Clock Delay (DCD):    0.021ns
    Source Clock Delay      (SCD):    0.000ns
    Clock Pessimism Removal (CPR):    0.000ns
  Clock Uncertainty:      0.025ns  ((TSJ^2 + TIJ^2)^1/2 + DJ) / 2 + PE
    Total System Jitter     (TSJ):    0.050ns
    Total Input Jitter      (TIJ):    0.000ns
    Discrete Jitter          (DJ):    0.000ns
    Phase Error              (PE):    0.000ns

    Location             Delay type                Incr(ns)  Path(ns)    Netlist Resource(s)
  -------------------------------------------------------------------    -------------------
                                                      0.000     0.000 r  ap_rst_n (IN)
                         net (fo=987, unset)          0.000     0.000    finn_design_i/ConvolutionInputGenerator_rtl_1/inst/impl/ap_rst_n
    SLICE_X62Y152        LUT4 (Prop_D6LUT_SLICEL_I1_O)
                                                      0.099     0.099 r  finn_design_i/ConvolutionInputGenerator_rtl_1/inst/impl/srl_reg[30][0]_srl31_i_2/O
                         net (fo=10, routed)          0.407     0.506    finn_design_i/StreamingFIFO_rtl_4/inst/impl/ConvolutionInputGenerator_rtl_1_out0_V_TVALID
    SLICE_X61Y154        LUT5 (Prop_C5LUT_SLICEM_I1_O)
                                                      0.111     0.617 r  finn_design_i/StreamingFIFO_rtl_4/inst/impl/srlo[149]_i_1/O
                         net (fo=150, routed)         1.436     2.053    finn_design_i/StreamingFIFO_rtl_4/inst/impl/shift_en_o_
    SLICE_X63Y164        FDRE                                         r  finn_design_i/StreamingFIFO_rtl_4/inst/impl/srlo_reg[48]/CE
  -------------------------------------------------------------------    -------------------

                         (clock ap_clk rise edge)     0.000     0.000 r  
                                                      0.000     0.000 r  ap_clk (IN)
                         net (fo=6943, unset)         0.021     0.021    finn_design_i/StreamingFIFO_rtl_4/inst/impl/ap_clk
    SLICE_X63Y164        FDRE                                         r  finn_design_i/StreamingFIFO_rtl_4/inst/impl/srlo_reg[48]/C

Slack:                    inf
  Source:                 ap_rst_n
                            (input port)
  Destination:            finn_design_i/StreamingFIFO_rtl_1/inst/impl/srlo_reg[155]/CE
                            (rising edge-triggered cell FDRE clocked by ap_clk  {rise@0.000ns fall@5.000ns period=10.000ns})
  Path Group:             (none)
  Path Type:              Setup (Max at Slow Process Corner)
  Data Path Delay:        2.037ns  (logic 0.231ns (11.338%)  route 1.806ns (88.662%))
  Logic Levels:           2  (LUT4=1 LUT5=1)
  Clock Path Skew:        0.020ns (DCD - SCD + CPR)
    Destination Clock Delay (DCD):    0.020ns
    Source Clock Delay      (SCD):    0.000ns
    Clock Pessimism Removal (CPR):    0.000ns
  Clock Uncertainty:      0.025ns  ((TSJ^2 + TIJ^2)^1/2 + DJ) / 2 + PE
    Total System Jitter     (TSJ):    0.050ns
    Total Input Jitter      (TIJ):    0.000ns
    Discrete Jitter          (DJ):    0.000ns
    Phase Error              (PE):    0.000ns

    Location             Delay type                Incr(ns)  Path(ns)    Netlist Resource(s)
  -------------------------------------------------------------------    -------------------
                                                      0.000     0.000 r  ap_rst_n (IN)
                         net (fo=987, unset)          0.000     0.000    finn_design_i/ConvolutionInputGenerator_rtl_0/inst/impl/ap_rst_n
    SLICE_X76Y129        LUT4 (Prop_C6LUT_SLICEL_I1_O)
                                                      0.096     0.096 r  finn_design_i/ConvolutionInputGenerator_rtl_0/inst/impl/i___0_i_1/O
                         net (fo=9, routed)           0.244     0.340    finn_design_i/StreamingFIFO_rtl_1/inst/impl/ConvolutionInputGenerator_rtl_0_out0_V_TVALID
    SLICE_X75Y127        LUT5 (Prop_G5LUT_SLICEL_I3_O)
                                                      0.135     0.475 r  finn_design_i/StreamingFIFO_rtl_1/inst/impl/__5/i___0/O
                         net (fo=200, routed)         1.562     2.037    finn_design_i/StreamingFIFO_rtl_1/inst/impl/shift_en_o_
    SLICE_X77Y120        FDRE                                         r  finn_design_i/StreamingFIFO_rtl_1/inst/impl/srlo_reg[155]/CE
  -------------------------------------------------------------------    -------------------

                         (clock ap_clk rise edge)     0.000     0.000 r  
                                                      0.000     0.000 r  ap_clk (IN)
                         net (fo=6943, unset)         0.020     0.020    finn_design_i/StreamingFIFO_rtl_1/inst/impl/ap_clk
    SLICE_X77Y120        FDRE                                         r  finn_design_i/StreamingFIFO_rtl_1/inst/impl/srlo_reg[155]/C

Slack:                    inf
  Source:                 ap_rst_n
                            (input port)
  Destination:            finn_design_i/StreamingFIFO_rtl_1/inst/impl/srlo_reg[158]/CE
                            (rising edge-triggered cell FDRE clocked by ap_clk  {rise@0.000ns fall@5.000ns period=10.000ns})
  Path Group:             (none)
  Path Type:              Setup (Max at Slow Process Corner)
  Data Path Delay:        2.037ns  (logic 0.231ns (11.338%)  route 1.806ns (88.662%))
  Logic Levels:           2  (LUT4=1 LUT5=1)
  Clock Path Skew:        0.020ns (DCD - SCD + CPR)
    Destination Clock Delay (DCD):    0.020ns
    Source Clock Delay      (SCD):    0.000ns
    Clock Pessimism Removal (CPR):    0.000ns
  Clock Uncertainty:      0.025ns  ((TSJ^2 + TIJ^2)^1/2 + DJ) / 2 + PE
    Total System Jitter     (TSJ):    0.050ns
    Total Input Jitter      (TIJ):    0.000ns
    Discrete Jitter          (DJ):    0.000ns
    Phase Error              (PE):    0.000ns

    Location             Delay type                Incr(ns)  Path(ns)    Netlist Resource(s)
  -------------------------------------------------------------------    -------------------
                                                      0.000     0.000 r  ap_rst_n (IN)
                         net (fo=987, unset)          0.000     0.000    finn_design_i/ConvolutionInputGenerator_rtl_0/inst/impl/ap_rst_n
    SLICE_X76Y129        LUT4 (Prop_C6LUT_SLICEL_I1_O)
                                                      0.096     0.096 r  finn_design_i/ConvolutionInputGenerator_rtl_0/inst/impl/i___0_i_1/O
                         net (fo=9, routed)           0.244     0.340    finn_design_i/StreamingFIFO_rtl_1/inst/impl/ConvolutionInputGenerator_rtl_0_out0_V_TVALID
    SLICE_X75Y127        LUT5 (Prop_G5LUT_SLICEL_I3_O)
                                                      0.135     0.475 r  finn_design_i/StreamingFIFO_rtl_1/inst/impl/__5/i___0/O
                         net (fo=200, routed)         1.562     2.037    finn_design_i/StreamingFIFO_rtl_1/inst/impl/shift_en_o_
    SLICE_X77Y120        FDRE                                         r  finn_design_i/StreamingFIFO_rtl_1/inst/impl/srlo_reg[158]/CE
  -------------------------------------------------------------------    -------------------

                         (clock ap_clk rise edge)     0.000     0.000 r  
                                                      0.000     0.000 r  ap_clk (IN)
                         net (fo=6943, unset)         0.020     0.020    finn_design_i/StreamingFIFO_rtl_1/inst/impl/ap_clk
    SLICE_X77Y120        FDRE                                         r  finn_design_i/StreamingFIFO_rtl_1/inst/impl/srlo_reg[158]/C

Slack:                    inf
  Source:                 ap_rst_n
                            (input port)
  Destination:            finn_design_i/StreamingFIFO_rtl_4/inst/impl/srlo_reg[13]/CE
                            (rising edge-triggered cell FDRE clocked by ap_clk  {rise@0.000ns fall@5.000ns period=10.000ns})
  Path Group:             (none)
  Path Type:              Setup (Max at Slow Process Corner)
  Data Path Delay:        2.022ns  (logic 0.210ns (10.385%)  route 1.812ns (89.615%))
  Logic Levels:           2  (LUT4=1 LUT5=1)
  Clock Path Skew:        0.020ns (DCD - SCD + CPR)
    Destination Clock Delay (DCD):    0.020ns
    Source Clock Delay      (SCD):    0.000ns
    Clock Pessimism Removal (CPR):    0.000ns
  Clock Uncertainty:      0.025ns  ((TSJ^2 + TIJ^2)^1/2 + DJ) / 2 + PE
    Total System Jitter     (TSJ):    0.050ns
    Total Input Jitter      (TIJ):    0.000ns
    Discrete Jitter          (DJ):    0.000ns
    Phase Error              (PE):    0.000ns

    Location             Delay type                Incr(ns)  Path(ns)    Netlist Resource(s)
  -------------------------------------------------------------------    -------------------
                                                      0.000     0.000 r  ap_rst_n (IN)
                         net (fo=987, unset)          0.000     0.000    finn_design_i/ConvolutionInputGenerator_rtl_1/inst/impl/ap_rst_n
    SLICE_X62Y152        LUT4 (Prop_D6LUT_SLICEL_I1_O)
                                                      0.099     0.099 r  finn_design_i/ConvolutionInputGenerator_rtl_1/inst/impl/srl_reg[30][0]_srl31_i_2/O
                         net (fo=10, routed)          0.407     0.506    finn_design_i/StreamingFIFO_rtl_4/inst/impl/ConvolutionInputGenerator_rtl_1_out0_V_TVALID
    SLICE_X61Y154        LUT5 (Prop_C5LUT_SLICEM_I1_O)
                                                      0.111     0.617 r  finn_design_i/StreamingFIFO_rtl_4/inst/impl/srlo[149]_i_1/O
                         net (fo=150, routed)         1.406     2.022    finn_design_i/StreamingFIFO_rtl_4/inst/impl/shift_en_o_
    SLICE_X55Y164        FDRE                                         r  finn_design_i/StreamingFIFO_rtl_4/inst/impl/srlo_reg[13]/CE
  -------------------------------------------------------------------    -------------------

                         (clock ap_clk rise edge)     0.000     0.000 r  
                                                      0.000     0.000 r  ap_clk (IN)
                         net (fo=6943, unset)         0.020     0.020    finn_design_i/StreamingFIFO_rtl_4/inst/impl/ap_clk
    SLICE_X55Y164        FDRE                                         r  finn_design_i/StreamingFIFO_rtl_4/inst/impl/srlo_reg[13]/C

Slack:                    inf
  Source:                 ap_rst_n
                            (input port)
  Destination:            finn_design_i/StreamingFIFO_rtl_4/inst/impl/srlo_reg[10]/CE
                            (rising edge-triggered cell FDRE clocked by ap_clk  {rise@0.000ns fall@5.000ns period=10.000ns})
  Path Group:             (none)
  Path Type:              Setup (Max at Slow Process Corner)
  Data Path Delay:        1.991ns  (logic 0.210ns (10.550%)  route 1.781ns (89.450%))
  Logic Levels:           2  (LUT4=1 LUT5=1)
  Clock Path Skew:        0.021ns (DCD - SCD + CPR)
    Destination Clock Delay (DCD):    0.021ns
    Source Clock Delay      (SCD):    0.000ns
    Clock Pessimism Removal (CPR):    0.000ns
  Clock Uncertainty:      0.025ns  ((TSJ^2 + TIJ^2)^1/2 + DJ) / 2 + PE
    Total System Jitter     (TSJ):    0.050ns
    Total Input Jitter      (TIJ):    0.000ns
    Discrete Jitter          (DJ):    0.000ns
    Phase Error              (PE):    0.000ns

    Location             Delay type                Incr(ns)  Path(ns)    Netlist Resource(s)
  -------------------------------------------------------------------    -------------------
                                                      0.000     0.000 r  ap_rst_n (IN)
                         net (fo=987, unset)          0.000     0.000    finn_design_i/ConvolutionInputGenerator_rtl_1/inst/impl/ap_rst_n
    SLICE_X62Y152        LUT4 (Prop_D6LUT_SLICEL_I1_O)
                                                      0.099     0.099 r  finn_design_i/ConvolutionInputGenerator_rtl_1/inst/impl/srl_reg[30][0]_srl31_i_2/O
                         net (fo=10, routed)          0.407     0.506    finn_design_i/StreamingFIFO_rtl_4/inst/impl/ConvolutionInputGenerator_rtl_1_out0_V_TVALID
    SLICE_X61Y154        LUT5 (Prop_C5LUT_SLICEM_I1_O)
                                                      0.111     0.617 r  finn_design_i/StreamingFIFO_rtl_4/inst/impl/srlo[149]_i_1/O
                         net (fo=150, routed)         1.374     1.991    finn_design_i/StreamingFIFO_rtl_4/inst/impl/shift_en_o_
    SLICE_X63Y163        FDRE                                         r  finn_design_i/StreamingFIFO_rtl_4/inst/impl/srlo_reg[10]/CE
  -------------------------------------------------------------------    -------------------

                         (clock ap_clk rise edge)     0.000     0.000 r  
                                                      0.000     0.000 r  ap_clk (IN)
                         net (fo=6943, unset)         0.021     0.021    finn_design_i/StreamingFIFO_rtl_4/inst/impl/ap_clk
    SLICE_X63Y163        FDRE                                         r  finn_design_i/StreamingFIFO_rtl_4/inst/impl/srlo_reg[10]/C





Min Delay Paths
--------------------------------------------------------------------------------------
Slack:                    inf
  Source:                 ap_rst_n
                            (input port)
  Destination:            finn_design_i/ConvolutionInputGenerator_rtl_0/inst/impl/Current_elem_reg[0]/R
                            (rising edge-triggered cell FDRE clocked by ap_clk  {rise@0.000ns fall@5.000ns period=10.000ns})
  Path Group:             (none)
  Path Type:              Hold (Min at Fast Process Corner)
  Data Path Delay:        0.009ns  (logic 0.000ns (0.000%)  route 0.009ns (100.000%))
  Logic Levels:           0  
  Clock Path Skew:        0.018ns (DCD - SCD - CPR)
    Destination Clock Delay (DCD):    0.018ns
    Source Clock Delay      (SCD):    0.000ns
    Clock Pessimism Removal (CPR):    -0.000ns

    Location             Delay type                Incr(ns)  Path(ns)    Netlist Resource(s)
  -------------------------------------------------------------------    -------------------
                                                      0.000     0.000 f  ap_rst_n (IN)
                         net (fo=987, unset)          0.009     0.009    finn_design_i/ConvolutionInputGenerator_rtl_0/inst/impl/ap_rst_n_inv
    SLICE_X76Y130        FDRE                                         r  finn_design_i/ConvolutionInputGenerator_rtl_0/inst/impl/Current_elem_reg[0]/R  (IS_INVERTED)
  -------------------------------------------------------------------    -------------------

                         (clock ap_clk rise edge)     0.000     0.000 r  
                                                      0.000     0.000 r  ap_clk (IN)
                         net (fo=6943, unset)         0.018     0.018    finn_design_i/ConvolutionInputGenerator_rtl_0/inst/impl/ap_clk
    SLICE_X76Y130        FDRE                                         r  finn_design_i/ConvolutionInputGenerator_rtl_0/inst/impl/Current_elem_reg[0]/C

Slack:                    inf
  Source:                 ap_rst_n
                            (input port)
  Destination:            finn_design_i/ConvolutionInputGenerator_rtl_0/inst/impl/Current_elem_reg[1]/R
                            (rising edge-triggered cell FDRE clocked by ap_clk  {rise@0.000ns fall@5.000ns period=10.000ns})
  Path Group:             (none)
  Path Type:              Hold (Min at Fast Process Corner)
  Data Path Delay:        0.009ns  (logic 0.000ns (0.000%)  route 0.009ns (100.000%))
  Logic Levels:           0  
  Clock Path Skew:        0.018ns (DCD - SCD - CPR)
    Destination Clock Delay (DCD):    0.018ns
    Source Clock Delay      (SCD):    0.000ns
    Clock Pessimism Removal (CPR):    -0.000ns

    Location             Delay type                Incr(ns)  Path(ns)    Netlist Resource(s)
  -------------------------------------------------------------------    -------------------
                                                      0.000     0.000 f  ap_rst_n (IN)
                         net (fo=987, unset)          0.009     0.009    finn_design_i/ConvolutionInputGenerator_rtl_0/inst/impl/ap_rst_n_inv
    SLICE_X76Y130        FDRE                                         r  finn_design_i/ConvolutionInputGenerator_rtl_0/inst/impl/Current_elem_reg[1]/R  (IS_INVERTED)
  -------------------------------------------------------------------    -------------------

                         (clock ap_clk rise edge)     0.000     0.000 r  
                                                      0.000     0.000 r  ap_clk (IN)
                         net (fo=6943, unset)         0.018     0.018    finn_design_i/ConvolutionInputGenerator_rtl_0/inst/impl/ap_clk
    SLICE_X76Y130        FDRE                                         r  finn_design_i/ConvolutionInputGenerator_rtl_0/inst/impl/Current_elem_reg[1]/C

Slack:                    inf
  Source:                 ap_rst_n
                            (input port)
  Destination:            finn_design_i/ConvolutionInputGenerator_rtl_0/inst/impl/Current_elem_reg[2]/S
                            (rising edge-triggered cell FDSE clocked by ap_clk  {rise@0.000ns fall@5.000ns period=10.000ns})
  Path Group:             (none)
  Path Type:              Hold (Min at Fast Process Corner)
  Data Path Delay:        0.009ns  (logic 0.000ns (0.000%)  route 0.009ns (100.000%))
  Logic Levels:           0  
  Clock Path Skew:        0.018ns (DCD - SCD - CPR)
    Destination Clock Delay (DCD):    0.018ns
    Source Clock Delay      (SCD):    0.000ns
    Clock Pessimism Removal (CPR):    -0.000ns

    Location             Delay type                Incr(ns)  Path(ns)    Netlist Resource(s)
  -------------------------------------------------------------------    -------------------
                                                      0.000     0.000 f  ap_rst_n (IN)
                         net (fo=987, unset)          0.009     0.009    finn_design_i/ConvolutionInputGenerator_rtl_0/inst/impl/ap_rst_n_inv
    SLICE_X76Y130        FDSE                                         r  finn_design_i/ConvolutionInputGenerator_rtl_0/inst/impl/Current_elem_reg[2]/S  (IS_INVERTED)
  -------------------------------------------------------------------    -------------------

                         (clock ap_clk rise edge)     0.000     0.000 r  
                                                      0.000     0.000 r  ap_clk (IN)
                         net (fo=6943, unset)         0.018     0.018    finn_design_i/ConvolutionInputGenerator_rtl_0/inst/impl/ap_clk
    SLICE_X76Y130        FDSE                                         r  finn_design_i/ConvolutionInputGenerator_rtl_0/inst/impl/Current_elem_reg[2]/C

Slack:                    inf
  Source:                 ap_rst_n
                            (input port)
  Destination:            finn_design_i/ConvolutionInputGenerator_rtl_0/inst/impl/window_buffer_inst/ram_buffer_inst_0/Addr_r_reg[0]/S
                            (rising edge-triggered cell FDSE clocked by ap_clk  {rise@0.000ns fall@5.000ns period=10.000ns})
  Path Group:             (none)
  Path Type:              Hold (Min at Fast Process Corner)
  Data Path Delay:        0.009ns  (logic 0.000ns (0.000%)  route 0.009ns (100.000%))
  Logic Levels:           0  
  Clock Path Skew:        0.018ns (DCD - SCD - CPR)
    Destination Clock Delay (DCD):    0.018ns
    Source Clock Delay      (SCD):    0.000ns
    Clock Pessimism Removal (CPR):    -0.000ns

    Location             Delay type                Incr(ns)  Path(ns)    Netlist Resource(s)
  -------------------------------------------------------------------    -------------------
                                                      0.000     0.000 f  ap_rst_n (IN)
                         net (fo=987, unset)          0.009     0.009    finn_design_i/ConvolutionInputGenerator_rtl_0/inst/impl/window_buffer_inst/ram_buffer_inst_0/ap_rst_n_inv
    SLICE_X77Y122        FDSE                                         r  finn_design_i/ConvolutionInputGenerator_rtl_0/inst/impl/window_buffer_inst/ram_buffer_inst_0/Addr_r_reg[0]/S  (IS_INVERTED)
  -------------------------------------------------------------------    -------------------

                         (clock ap_clk rise edge)     0.000     0.000 r  
                                                      0.000     0.000 r  ap_clk (IN)
                         net (fo=6943, unset)         0.018     0.018    finn_design_i/ConvolutionInputGenerator_rtl_0/inst/impl/window_buffer_inst/ram_buffer_inst_0/ap_clk
    SLICE_X77Y122        FDSE                                         r  finn_design_i/ConvolutionInputGenerator_rtl_0/inst/impl/window_buffer_inst/ram_buffer_inst_0/Addr_r_reg[0]/C

Slack:                    inf
  Source:                 ap_rst_n
                            (input port)
  Destination:            finn_design_i/ConvolutionInputGenerator_rtl_0/inst/impl/window_buffer_inst/ram_buffer_inst_0/Addr_r_reg[1]/R
                            (rising edge-triggered cell FDRE clocked by ap_clk  {rise@0.000ns fall@5.000ns period=10.000ns})
  Path Group:             (none)
  Path Type:              Hold (Min at Fast Process Corner)
  Data Path Delay:        0.009ns  (logic 0.000ns (0.000%)  route 0.009ns (100.000%))
  Logic Levels:           0  
  Clock Path Skew:        0.018ns (DCD - SCD - CPR)
    Destination Clock Delay (DCD):    0.018ns
    Source Clock Delay      (SCD):    0.000ns
    Clock Pessimism Removal (CPR):    -0.000ns

    Location             Delay type                Incr(ns)  Path(ns)    Netlist Resource(s)
  -------------------------------------------------------------------    -------------------
                                                      0.000     0.000 f  ap_rst_n (IN)
                         net (fo=987, unset)          0.009     0.009    finn_design_i/ConvolutionInputGenerator_rtl_0/inst/impl/window_buffer_inst/ram_buffer_inst_0/ap_rst_n_inv
    SLICE_X77Y122        FDRE                                         r  finn_design_i/ConvolutionInputGenerator_rtl_0/inst/impl/window_buffer_inst/ram_buffer_inst_0/Addr_r_reg[1]/R  (IS_INVERTED)
  -------------------------------------------------------------------    -------------------

                         (clock ap_clk rise edge)     0.000     0.000 r  
                                                      0.000     0.000 r  ap_clk (IN)
                         net (fo=6943, unset)         0.018     0.018    finn_design_i/ConvolutionInputGenerator_rtl_0/inst/impl/window_buffer_inst/ram_buffer_inst_0/ap_clk
    SLICE_X77Y122        FDRE                                         r  finn_design_i/ConvolutionInputGenerator_rtl_0/inst/impl/window_buffer_inst/ram_buffer_inst_0/Addr_r_reg[1]/C

Slack:                    inf
  Source:                 ap_rst_n
                            (input port)
  Destination:            finn_design_i/ConvolutionInputGenerator_rtl_0/inst/impl/window_buffer_inst/ram_buffer_inst_0/Addr_r_reg[2]/R
                            (rising edge-triggered cell FDRE clocked by ap_clk  {rise@0.000ns fall@5.000ns period=10.000ns})
  Path Group:             (none)
  Path Type:              Hold (Min at Fast Process Corner)
  Data Path Delay:        0.009ns  (logic 0.000ns (0.000%)  route 0.009ns (100.000%))
  Logic Levels:           0  
  Clock Path Skew:        0.019ns (DCD - SCD - CPR)
    Destination Clock Delay (DCD):    0.019ns
    Source Clock Delay      (SCD):    0.000ns
    Clock Pessimism Removal (CPR):    -0.000ns

    Location             Delay type                Incr(ns)  Path(ns)    Netlist Resource(s)
  -------------------------------------------------------------------    -------------------
                                                      0.000     0.000 f  ap_rst_n (IN)
                         net (fo=987, unset)          0.009     0.009    finn_design_i/ConvolutionInputGenerator_rtl_0/inst/impl/window_buffer_inst/ram_buffer_inst_0/ap_rst_n_inv
    SLICE_X77Y122        FDRE                                         r  finn_design_i/ConvolutionInputGenerator_rtl_0/inst/impl/window_buffer_inst/ram_buffer_inst_0/Addr_r_reg[2]/R  (IS_INVERTED)
  -------------------------------------------------------------------    -------------------

                         (clock ap_clk rise edge)     0.000     0.000 r  
                                                      0.000     0.000 r  ap_clk (IN)
                         net (fo=6943, unset)         0.019     0.019    finn_design_i/ConvolutionInputGenerator_rtl_0/inst/impl/window_buffer_inst/ram_buffer_inst_0/ap_clk
    SLICE_X77Y122        FDRE                                         r  finn_design_i/ConvolutionInputGenerator_rtl_0/inst/impl/window_buffer_inst/ram_buffer_inst_0/Addr_r_reg[2]/C

Slack:                    inf
  Source:                 ap_rst_n
                            (input port)
  Destination:            finn_design_i/ConvolutionInputGenerator_rtl_0/inst/impl/window_buffer_inst/ram_buffer_inst_0/Addr_r_reg[3]/R
                            (rising edge-triggered cell FDRE clocked by ap_clk  {rise@0.000ns fall@5.000ns period=10.000ns})
  Path Group:             (none)
  Path Type:              Hold (Min at Fast Process Corner)
  Data Path Delay:        0.009ns  (logic 0.000ns (0.000%)  route 0.009ns (100.000%))
  Logic Levels:           0  
  Clock Path Skew:        0.018ns (DCD - SCD - CPR)
    Destination Clock Delay (DCD):    0.018ns
    Source Clock Delay      (SCD):    0.000ns
    Clock Pessimism Removal (CPR):    -0.000ns

    Location             Delay type                Incr(ns)  Path(ns)    Netlist Resource(s)
  -------------------------------------------------------------------    -------------------
                                                      0.000     0.000 f  ap_rst_n (IN)
                         net (fo=987, unset)          0.009     0.009    finn_design_i/ConvolutionInputGenerator_rtl_0/inst/impl/window_buffer_inst/ram_buffer_inst_0/ap_rst_n_inv
    SLICE_X77Y122        FDRE                                         r  finn_design_i/ConvolutionInputGenerator_rtl_0/inst/impl/window_buffer_inst/ram_buffer_inst_0/Addr_r_reg[3]/R  (IS_INVERTED)
  -------------------------------------------------------------------    -------------------

                         (clock ap_clk rise edge)     0.000     0.000 r  
                                                      0.000     0.000 r  ap_clk (IN)
                         net (fo=6943, unset)         0.018     0.018    finn_design_i/ConvolutionInputGenerator_rtl_0/inst/impl/window_buffer_inst/ram_buffer_inst_0/ap_clk
    SLICE_X77Y122        FDRE                                         r  finn_design_i/ConvolutionInputGenerator_rtl_0/inst/impl/window_buffer_inst/ram_buffer_inst_0/Addr_r_reg[3]/C

Slack:                    inf
  Source:                 ap_rst_n
                            (input port)
  Destination:            finn_design_i/ConvolutionInputGenerator_rtl_0/inst/impl/window_buffer_inst/ram_buffer_inst_0/Addr_r_reg[4]/R
                            (rising edge-triggered cell FDRE clocked by ap_clk  {rise@0.000ns fall@5.000ns period=10.000ns})
  Path Group:             (none)
  Path Type:              Hold (Min at Fast Process Corner)
  Data Path Delay:        0.009ns  (logic 0.000ns (0.000%)  route 0.009ns (100.000%))
  Logic Levels:           0  
  Clock Path Skew:        0.018ns (DCD - SCD - CPR)
    Destination Clock Delay (DCD):    0.018ns
    Source Clock Delay      (SCD):    0.000ns
    Clock Pessimism Removal (CPR):    -0.000ns

    Location             Delay type                Incr(ns)  Path(ns)    Netlist Resource(s)
  -------------------------------------------------------------------    -------------------
                                                      0.000     0.000 f  ap_rst_n (IN)
                         net (fo=987, unset)          0.009     0.009    finn_design_i/ConvolutionInputGenerator_rtl_0/inst/impl/window_buffer_inst/ram_buffer_inst_0/ap_rst_n_inv
    SLICE_X77Y122        FDRE                                         r  finn_design_i/ConvolutionInputGenerator_rtl_0/inst/impl/window_buffer_inst/ram_buffer_inst_0/Addr_r_reg[4]/R  (IS_INVERTED)
  -------------------------------------------------------------------    -------------------

                         (clock ap_clk rise edge)     0.000     0.000 r  
                                                      0.000     0.000 r  ap_clk (IN)
                         net (fo=6943, unset)         0.018     0.018    finn_design_i/ConvolutionInputGenerator_rtl_0/inst/impl/window_buffer_inst/ram_buffer_inst_0/ap_clk
    SLICE_X77Y122        FDRE                                         r  finn_design_i/ConvolutionInputGenerator_rtl_0/inst/impl/window_buffer_inst/ram_buffer_inst_0/Addr_r_reg[4]/C

Slack:                    inf
  Source:                 ap_rst_n
                            (input port)
  Destination:            finn_design_i/ConvolutionInputGenerator_rtl_0/inst/impl/window_buffer_inst/ram_buffer_inst_0/Addr_w_reg[1]/R
                            (rising edge-triggered cell FDRE clocked by ap_clk  {rise@0.000ns fall@5.000ns period=10.000ns})
  Path Group:             (none)
  Path Type:              Hold (Min at Fast Process Corner)
  Data Path Delay:        0.009ns  (logic 0.000ns (0.000%)  route 0.009ns (100.000%))
  Logic Levels:           0  
  Clock Path Skew:        0.018ns (DCD - SCD - CPR)
    Destination Clock Delay (DCD):    0.018ns
    Source Clock Delay      (SCD):    0.000ns
    Clock Pessimism Removal (CPR):    -0.000ns

    Location             Delay type                Incr(ns)  Path(ns)    Netlist Resource(s)
  -------------------------------------------------------------------    -------------------
                                                      0.000     0.000 f  ap_rst_n (IN)
                         net (fo=987, unset)          0.009     0.009    finn_design_i/ConvolutionInputGenerator_rtl_0/inst/impl/window_buffer_inst/ram_buffer_inst_0/ap_rst_n_inv
    SLICE_X77Y121        FDRE                                         r  finn_design_i/ConvolutionInputGenerator_rtl_0/inst/impl/window_buffer_inst/ram_buffer_inst_0/Addr_w_reg[1]/R  (IS_INVERTED)
  -------------------------------------------------------------------    -------------------

                         (clock ap_clk rise edge)     0.000     0.000 r  
                                                      0.000     0.000 r  ap_clk (IN)
                         net (fo=6943, unset)         0.018     0.018    finn_design_i/ConvolutionInputGenerator_rtl_0/inst/impl/window_buffer_inst/ram_buffer_inst_0/ap_clk
    SLICE_X77Y121        FDRE                                         r  finn_design_i/ConvolutionInputGenerator_rtl_0/inst/impl/window_buffer_inst/ram_buffer_inst_0/Addr_w_reg[1]/C

Slack:                    inf
  Source:                 ap_rst_n
                            (input port)
  Destination:            finn_design_i/ConvolutionInputGenerator_rtl_0/inst/impl/window_buffer_inst/ram_buffer_inst_0/Addr_w_reg[2]/R
                            (rising edge-triggered cell FDRE clocked by ap_clk  {rise@0.000ns fall@5.000ns period=10.000ns})
  Path Group:             (none)
  Path Type:              Hold (Min at Fast Process Corner)
  Data Path Delay:        0.009ns  (logic 0.000ns (0.000%)  route 0.009ns (100.000%))
  Logic Levels:           0  
  Clock Path Skew:        0.019ns (DCD - SCD - CPR)
    Destination Clock Delay (DCD):    0.019ns
    Source Clock Delay      (SCD):    0.000ns
    Clock Pessimism Removal (CPR):    -0.000ns

    Location             Delay type                Incr(ns)  Path(ns)    Netlist Resource(s)
  -------------------------------------------------------------------    -------------------
                                                      0.000     0.000 f  ap_rst_n (IN)
                         net (fo=987, unset)          0.009     0.009    finn_design_i/ConvolutionInputGenerator_rtl_0/inst/impl/window_buffer_inst/ram_buffer_inst_0/ap_rst_n_inv
    SLICE_X77Y121        FDRE                                         r  finn_design_i/ConvolutionInputGenerator_rtl_0/inst/impl/window_buffer_inst/ram_buffer_inst_0/Addr_w_reg[2]/R  (IS_INVERTED)
  -------------------------------------------------------------------    -------------------

                         (clock ap_clk rise edge)     0.000     0.000 r  
                                                      0.000     0.000 r  ap_clk (IN)
                         net (fo=6943, unset)         0.019     0.019    finn_design_i/ConvolutionInputGenerator_rtl_0/inst/impl/window_buffer_inst/ram_buffer_inst_0/ap_clk
    SLICE_X77Y121        FDRE                                         r  finn_design_i/ConvolutionInputGenerator_rtl_0/inst/impl/window_buffer_inst/ram_buffer_inst_0/Addr_w_reg[2]/C





