Copyright 1986-2022 Xilinx, Inc. All Rights Reserved.
-----------------------------------------------------------------------------------------------------------------------------------------------------------------------------------------------------------------------------------------------------------
| Tool Version      : Vivado v.2022.2 (lin64) Build 3671981 Fri Oct 14 04:59:54 MDT 2022
| Date              : Sun Jun 22 19:17:20 2025
| Host              : finn_dev_root running 64-bit Ubuntu 22.04.1 LTS
| Command           : report_timing_summary -max_paths 10 -report_unconstrained -file finn_design_wrapper_timing_summary_routed.rpt -pb finn_design_wrapper_timing_summary_routed.pb -rpx finn_design_wrapper_timing_summary_routed.rpx -warn_on_violation
| Design            : finn_design_wrapper
| Device            : xczu7ev-ffvc1156
| Speed File        : -2  PRODUCTION 1.30 05-15-2022
| Temperature Grade : E
-----------------------------------------------------------------------------------------------------------------------------------------------------------------------------------------------------------------------------------------------------------

Timing Summary Report

------------------------------------------------------------------------------------------------
| Timer Settings
| --------------
------------------------------------------------------------------------------------------------

  Enable Multi Corner Analysis               :  Yes
  Enable Pessimism Removal                   :  Yes
  Pessimism Removal Resolution               :  Nearest Common Node
  Enable Input Delay Default Clock           :  No
  Enable Preset / Clear Arcs                 :  No
  Disable Flight Delays                      :  No
  Ignore I/O Paths                           :  No
  Timing Early Launch at Borrowing Latches   :  No
  Borrow Time for Max Delay Exceptions       :  Yes
  Merge Timing Exceptions                    :  Yes

  Corner  Analyze    Analyze    
  Name    Max Paths  Min Paths  
  ------  ---------  ---------  
  Slow    Yes        Yes        
  Fast    Yes        Yes        


------------------------------------------------------------------------------------------------
| Report Methodology
| ------------------
------------------------------------------------------------------------------------------------

Rule       Severity  Description                                                Violations  
---------  --------  ---------------------------------------------------------  ----------  
SYNTH-5    Warning   Mapped onto distributed RAM because of timing constraints  1           
TIMING-18  Warning   Missing input or output delay                              93          

Note: This report is based on the most recent report_methodology run and may not be up-to-date. Run report_methodology on the current design for the latest report.



check_timing report

Table of Contents
-----------------
1. checking no_clock (0)
2. checking constant_clock (0)
3. checking pulse_width_clock (0)
4. checking unconstrained_internal_endpoints (0)
5. checking no_input_delay (11)
6. checking no_output_delay (72)
7. checking multiple_clock (0)
8. checking generated_clocks (0)
9. checking loops (0)
10. checking partial_input_delay (0)
11. checking partial_output_delay (0)
12. checking latch_loops (0)

1. checking no_clock (0)
------------------------
 There are 0 register/latch pins with no clock.


2. checking constant_clock (0)
------------------------------
 There are 0 register/latch pins with constant_clock.


3. checking pulse_width_clock (0)
---------------------------------
 There are 0 register/latch pins which need pulse_width check


4. checking unconstrained_internal_endpoints (0)
------------------------------------------------
 There are 0 pins that are not constrained for maximum delay.

 There are 0 pins that are not constrained for maximum delay due to constant clock.


5. checking no_input_delay (11)
-------------------------------
 There are 11 input ports with no input delay specified. (HIGH)

 There are 0 input ports with no input delay but user has a false path constraint.


6. checking no_output_delay (72)
--------------------------------
 There are 72 ports with no output delay specified. (HIGH)

 There are 0 ports with no output delay but user has a false path constraint

 There are 0 ports with no output delay but with a timing clock defined on it or propagating through it


7. checking multiple_clock (0)
------------------------------
 There are 0 register/latch pins with multiple clocks.


8. checking generated_clocks (0)
--------------------------------
 There are 0 generated clocks that are not connected to a clock source.


9. checking loops (0)
---------------------
 There are 0 combinational loops in the design.


10. checking partial_input_delay (0)
------------------------------------
 There are 0 input ports with partial input delay specified.


11. checking partial_output_delay (0)
-------------------------------------
 There are 0 ports with partial output delay specified.


12. checking latch_loops (0)
----------------------------
 There are 0 combinational latch loops in the design through latch input



------------------------------------------------------------------------------------------------
| Design Timing Summary
| ---------------------
------------------------------------------------------------------------------------------------

    WNS(ns)      TNS(ns)  TNS Failing Endpoints  TNS Total Endpoints      WHS(ns)      THS(ns)  THS Failing Endpoints  THS Total Endpoints     WPWS(ns)     TPWS(ns)  TPWS Failing Endpoints  TPWS Total Endpoints  
    -------      -------  ---------------------  -------------------      -------      -------  ---------------------  -------------------     --------     --------  ----------------------  --------------------  
      1.318        0.000                      0                26590        0.012        0.000                      0                26590        4.458        0.000                       0                 13030  


All user specified timing constraints are met.


------------------------------------------------------------------------------------------------
| Clock Summary
| -------------
------------------------------------------------------------------------------------------------

Clock   Waveform(ns)       Period(ns)      Frequency(MHz)
-----   ------------       ----------      --------------
ap_clk  {0.000 5.000}      10.000          100.000         


------------------------------------------------------------------------------------------------
| Intra Clock Table
| -----------------
------------------------------------------------------------------------------------------------

Clock             WNS(ns)      TNS(ns)  TNS Failing Endpoints  TNS Total Endpoints      WHS(ns)      THS(ns)  THS Failing Endpoints  THS Total Endpoints     WPWS(ns)     TPWS(ns)  TPWS Failing Endpoints  TPWS Total Endpoints  
-----             -------      -------  ---------------------  -------------------      -------      -------  ---------------------  -------------------     --------     --------  ----------------------  --------------------  
ap_clk              1.318        0.000                      0                26590        0.012        0.000                      0                26590        4.458        0.000                       0                 13030  


------------------------------------------------------------------------------------------------
| Inter Clock Table
| -----------------
------------------------------------------------------------------------------------------------

From Clock    To Clock          WNS(ns)      TNS(ns)  TNS Failing Endpoints  TNS Total Endpoints      WHS(ns)      THS(ns)  THS Failing Endpoints  THS Total Endpoints  
----------    --------          -------      -------  ---------------------  -------------------      -------      -------  ---------------------  -------------------  


------------------------------------------------------------------------------------------------
| Other Path Groups Table
| -----------------------
------------------------------------------------------------------------------------------------

Path Group    From Clock    To Clock          WNS(ns)      TNS(ns)  TNS Failing Endpoints  TNS Total Endpoints      WHS(ns)      THS(ns)  THS Failing Endpoints  THS Total Endpoints  
----------    ----------    --------          -------      -------  ---------------------  -------------------      -------      -------  ---------------------  -------------------  


------------------------------------------------------------------------------------------------
| User Ignored Path Table
| -----------------------
------------------------------------------------------------------------------------------------

Path Group    From Clock    To Clock    
----------    ----------    --------    


------------------------------------------------------------------------------------------------
| Unconstrained Path Table
| ------------------------
------------------------------------------------------------------------------------------------

Path Group    From Clock    To Clock    
----------    ----------    --------    
(none)        ap_clk                      
(none)                      ap_clk        


------------------------------------------------------------------------------------------------
| Timing Details
| --------------
------------------------------------------------------------------------------------------------


---------------------------------------------------------------------------------------------------
From Clock:  ap_clk
  To Clock:  ap_clk

Setup :            0  Failing Endpoints,  Worst Slack        1.318ns,  Total Violation        0.000ns
Hold  :            0  Failing Endpoints,  Worst Slack        0.012ns,  Total Violation        0.000ns
PW    :            0  Failing Endpoints,  Worst Slack        4.458ns,  Total Violation        0.000ns
---------------------------------------------------------------------------------------------------


Max Delay Paths
--------------------------------------------------------------------------------------
Slack (MET) :             1.318ns  (required time - arrival time)
  Source:                 finn_design_i/MVAU_hls_2/inst/grp_Matrix_Vector_Activate_Batch_fu_28/tmp_333_reg_152675_reg[0]_rep/C
                            (rising edge-triggered cell FDRE clocked by ap_clk  {rise@0.000ns fall@5.000ns period=10.000ns})
  Destination:            finn_design_i/MVAU_hls_2/inst/grp_Matrix_Vector_Activate_Batch_fu_28/result_V_15_reg_156479_reg[0]/D
                            (rising edge-triggered cell FDRE clocked by ap_clk  {rise@0.000ns fall@5.000ns period=10.000ns})
  Path Group:             ap_clk
  Path Type:              Setup (Max at Slow Process Corner)
  Requirement:            10.000ns  (ap_clk rise@10.000ns - ap_clk rise@0.000ns)
  Data Path Delay:        8.663ns  (logic 1.080ns (12.467%)  route 7.583ns (87.533%))
  Logic Levels:           11  (LUT3=3 LUT5=5 LUT6=3)
  Clock Path Skew:        -0.009ns (DCD - SCD + CPR)
    Destination Clock Delay (DCD):    0.020ns = ( 10.020 - 10.000 ) 
    Source Clock Delay      (SCD):    0.029ns
    Clock Pessimism Removal (CPR):    0.000ns
  Clock Uncertainty:      0.035ns  ((TSJ^2 + TIJ^2)^1/2 + DJ) / 2 + PE
    Total System Jitter     (TSJ):    0.071ns
    Total Input Jitter      (TIJ):    0.000ns
    Discrete Jitter          (DJ):    0.000ns
    Phase Error              (PE):    0.000ns

    Location             Delay type                Incr(ns)  Path(ns)    Netlist Resource(s)
  -------------------------------------------------------------------    -------------------
                         (clock ap_clk rise edge)     0.000     0.000 r  
                                                      0.000     0.000 r  ap_clk (IN)
                         net (fo=13029, unset)        0.029     0.029    finn_design_i/MVAU_hls_2/inst/grp_Matrix_Vector_Activate_Batch_fu_28/ap_clk
    SLICE_X90Y140        FDRE                                         r  finn_design_i/MVAU_hls_2/inst/grp_Matrix_Vector_Activate_Batch_fu_28/tmp_333_reg_152675_reg[0]_rep/C
  -------------------------------------------------------------------    -------------------
    SLICE_X90Y140        FDRE (Prop_EFF_SLICEL_C_Q)
                                                      0.079     0.108 r  finn_design_i/MVAU_hls_2/inst/grp_Matrix_Vector_Activate_Batch_fu_28/tmp_333_reg_152675_reg[0]_rep/Q
                         net (fo=109, routed)         1.692     1.800    finn_design_i/MVAU_hls_2/inst/grp_Matrix_Vector_Activate_Batch_fu_28/tmp_333_reg_152675_reg[0]_rep_n_3
    SLICE_X65Y242        LUT6 (Prop_F6LUT_SLICEL_I2_O)
                                                      0.123     1.923 r  finn_design_i/MVAU_hls_2/inst/grp_Matrix_Vector_Activate_Batch_fu_28/accu_V_82_reg_156009[8]_bret__39_i_6/O
                         net (fo=12, routed)          2.044     3.967    finn_design_i/MVAU_hls_2/inst/grp_Matrix_Vector_Activate_Batch_fu_28/zext_ln840_791_fu_10776_p1[0]
    SLICE_X102Y136       LUT6 (Prop_F6LUT_SLICEL_I5_O)
                                                      0.089     4.056 r  finn_design_i/MVAU_hls_2/inst/grp_Matrix_Vector_Activate_Batch_fu_28/result_V_15_reg_156479[0]_i_257/O
                         net (fo=2, routed)           0.098     4.154    finn_design_i/MVAU_hls_2/inst/grp_Matrix_Vector_Activate_Batch_fu_28/result_V_15_reg_156479[0]_i_257_n_3
    SLICE_X102Y134       LUT5 (Prop_C5LUT_SLICEL_I3_O)
                                                      0.136     4.290 r  finn_design_i/MVAU_hls_2/inst/grp_Matrix_Vector_Activate_Batch_fu_28/result_V_15_reg_156479[0]_i_261/O
                         net (fo=4, routed)           0.830     5.121    finn_design_i/MVAU_hls_2/inst/grp_Matrix_Vector_Activate_Batch_fu_28/result_V_15_reg_156479[0]_i_261_n_3
    SLICE_X98Y168        LUT3 (Prop_D6LUT_SLICEL_I1_O)
                                                      0.099     5.220 r  finn_design_i/MVAU_hls_2/inst/grp_Matrix_Vector_Activate_Batch_fu_28/result_V_15_reg_156479[0]_i_122/O
                         net (fo=6, routed)           0.505     5.725    finn_design_i/MVAU_hls_2/inst/grp_Matrix_Vector_Activate_Batch_fu_28/result_V_15_reg_156479[0]_i_122_n_3
    SLICE_X100Y163       LUT3 (Prop_B6LUT_SLICEL_I2_O)
                                                      0.051     5.776 r  finn_design_i/MVAU_hls_2/inst/grp_Matrix_Vector_Activate_Batch_fu_28/result_V_15_reg_156479[0]_i_40/O
                         net (fo=9, routed)           0.608     6.384    finn_design_i/MVAU_hls_2/inst/grp_Matrix_Vector_Activate_Batch_fu_28/result_V_15_reg_156479[0]_i_40_n_3
    SLICE_X99Y178        LUT5 (Prop_H6LUT_SLICEL_I4_O)
                                                      0.051     6.435 r  finn_design_i/MVAU_hls_2/inst/grp_Matrix_Vector_Activate_Batch_fu_28/result_V_15_reg_156479[0]_i_45/O
                         net (fo=3, routed)           0.382     6.816    finn_design_i/MVAU_hls_2/inst/grp_Matrix_Vector_Activate_Batch_fu_28/result_V_15_reg_156479[0]_i_45_n_3
    SLICE_X100Y179       LUT5 (Prop_C5LUT_SLICEL_I4_O)
                                                      0.110     6.926 r  finn_design_i/MVAU_hls_2/inst/grp_Matrix_Vector_Activate_Batch_fu_28/result_V_15_reg_156479[0]_i_30/O
                         net (fo=3, routed)           0.419     7.346    finn_design_i/MVAU_hls_2/inst/grp_Matrix_Vector_Activate_Batch_fu_28/result_V_15_reg_156479[0]_i_30_n_3
    SLICE_X98Y180        LUT3 (Prop_B6LUT_SLICEL_I0_O)
                                                      0.036     7.382 r  finn_design_i/MVAU_hls_2/inst/grp_Matrix_Vector_Activate_Batch_fu_28/result_V_15_reg_156479[0]_i_17/O
                         net (fo=2, routed)           0.403     7.785    finn_design_i/MVAU_hls_2/inst/grp_Matrix_Vector_Activate_Batch_fu_28/result_V_15_reg_156479[0]_i_17_n_3
    SLICE_X100Y179       LUT5 (Prop_G6LUT_SLICEL_I4_O)
                                                      0.097     7.882 r  finn_design_i/MVAU_hls_2/inst/grp_Matrix_Vector_Activate_Batch_fu_28/result_V_15_reg_156479[0]_i_11/O
                         net (fo=2, routed)           0.433     8.315    finn_design_i/MVAU_hls_2/inst/grp_Matrix_Vector_Activate_Batch_fu_28/result_V_15_reg_156479[0]_i_11_n_3
    SLICE_X98Y180        LUT5 (Prop_C5LUT_SLICEL_I3_O)
                                                      0.110     8.425 r  finn_design_i/MVAU_hls_2/inst/grp_Matrix_Vector_Activate_Batch_fu_28/result_V_15_reg_156479[0]_i_4/O
                         net (fo=1, routed)           0.119     8.544    finn_design_i/MVAU_hls_2/inst/grp_Matrix_Vector_Activate_Batch_fu_28/result_V_15_reg_156479[0]_i_4_n_3
    SLICE_X98Y180        LUT6 (Prop_D6LUT_SLICEL_I2_O)
                                                      0.099     8.643 r  finn_design_i/MVAU_hls_2/inst/grp_Matrix_Vector_Activate_Batch_fu_28/result_V_15_reg_156479[0]_i_1/O
                         net (fo=1, routed)           0.049     8.692    finn_design_i/MVAU_hls_2/inst/grp_Matrix_Vector_Activate_Batch_fu_28/result_V_15_fu_147022_p2
    SLICE_X98Y180        FDRE                                         r  finn_design_i/MVAU_hls_2/inst/grp_Matrix_Vector_Activate_Batch_fu_28/result_V_15_reg_156479_reg[0]/D
  -------------------------------------------------------------------    -------------------

                         (clock ap_clk rise edge)    10.000    10.000 r  
                                                      0.000    10.000 r  ap_clk (IN)
                         net (fo=13029, unset)        0.020    10.020    finn_design_i/MVAU_hls_2/inst/grp_Matrix_Vector_Activate_Batch_fu_28/ap_clk
    SLICE_X98Y180        FDRE                                         r  finn_design_i/MVAU_hls_2/inst/grp_Matrix_Vector_Activate_Batch_fu_28/result_V_15_reg_156479_reg[0]/C
                         clock pessimism              0.000    10.020    
                         clock uncertainty           -0.035     9.985    
    SLICE_X98Y180        FDRE (Setup_DFF_SLICEL_C_D)
                                                      0.025    10.010    finn_design_i/MVAU_hls_2/inst/grp_Matrix_Vector_Activate_Batch_fu_28/result_V_15_reg_156479_reg[0]
  -------------------------------------------------------------------
                         required time                         10.010    
                         arrival time                          -8.692    
  -------------------------------------------------------------------
                         slack                                  1.318    

Slack (MET) :             1.417ns  (required time - arrival time)
  Source:                 finn_design_i/MVAU_hls_2/inst/grp_Matrix_Vector_Activate_Batch_fu_28/tmp_194_reg_151832_reg[0]/C
                            (rising edge-triggered cell FDRE clocked by ap_clk  {rise@0.000ns fall@5.000ns period=10.000ns})
  Destination:            finn_design_i/MVAU_hls_2/inst/grp_Matrix_Vector_Activate_Batch_fu_28/accu_V_64_reg_155734_reg[8]_bret__10/D
                            (rising edge-triggered cell FDRE clocked by ap_clk  {rise@0.000ns fall@5.000ns period=10.000ns})
  Path Group:             ap_clk
  Path Type:              Setup (Max at Slow Process Corner)
  Requirement:            10.000ns  (ap_clk rise@10.000ns - ap_clk rise@0.000ns)
  Data Path Delay:        8.564ns  (logic 0.911ns (10.637%)  route 7.653ns (89.363%))
  Logic Levels:           10  (LUT3=2 LUT4=1 LUT5=5 LUT6=2)
  Clock Path Skew:        -0.008ns (DCD - SCD + CPR)
    Destination Clock Delay (DCD):    0.020ns = ( 10.020 - 10.000 ) 
    Source Clock Delay      (SCD):    0.028ns
    Clock Pessimism Removal (CPR):    0.000ns
  Clock Uncertainty:      0.035ns  ((TSJ^2 + TIJ^2)^1/2 + DJ) / 2 + PE
    Total System Jitter     (TSJ):    0.071ns
    Total Input Jitter      (TIJ):    0.000ns
    Discrete Jitter          (DJ):    0.000ns
    Phase Error              (PE):    0.000ns

    Location             Delay type                Incr(ns)  Path(ns)    Netlist Resource(s)
  -------------------------------------------------------------------    -------------------
                         (clock ap_clk rise edge)     0.000     0.000 r  
                                                      0.000     0.000 r  ap_clk (IN)
                         net (fo=13029, unset)        0.028     0.028    finn_design_i/MVAU_hls_2/inst/grp_Matrix_Vector_Activate_Batch_fu_28/ap_clk
    SLICE_X103Y80        FDRE                                         r  finn_design_i/MVAU_hls_2/inst/grp_Matrix_Vector_Activate_Batch_fu_28/tmp_194_reg_151832_reg[0]/C
  -------------------------------------------------------------------    -------------------
    SLICE_X103Y80        FDRE (Prop_AFF_SLICEL_C_Q)
                                                      0.079     0.107 r  finn_design_i/MVAU_hls_2/inst/grp_Matrix_Vector_Activate_Batch_fu_28/tmp_194_reg_151832_reg[0]/Q
                         net (fo=163, routed)         3.995     4.102    finn_design_i/MVAU_hls_2/inst/grp_Matrix_Vector_Activate_Batch_fu_28/tmp_194_reg_151832
    SLICE_X64Y299        LUT6 (Prop_E6LUT_SLICEM_I4_O)
                                                      0.100     4.202 r  finn_design_i/MVAU_hls_2/inst/grp_Matrix_Vector_Activate_Batch_fu_28/accu_V_107_reg_156254[8]_bret__1_i_51/O
                         net (fo=8, routed)           0.910     5.113    finn_design_i/MVAU_hls_2/inst/grp_Matrix_Vector_Activate_Batch_fu_28/zext_ln840_4934_fu_53183_p1[1]
    SLICE_X76Y305        LUT4 (Prop_H5LUT_SLICEL_I1_O)
                                                      0.133     5.246 r  finn_design_i/MVAU_hls_2/inst/grp_Matrix_Vector_Activate_Batch_fu_28/accu_V_64_reg_155734[8]_bret__17_i_41/O
                         net (fo=2, routed)           0.182     5.427    finn_design_i/MVAU_hls_2/inst/grp_Matrix_Vector_Activate_Batch_fu_28/accu_V_64_reg_155734[8]_bret__17_i_41_n_3
    SLICE_X76Y305        LUT5 (Prop_B6LUT_SLICEL_I4_O)
                                                      0.098     5.525 r  finn_design_i/MVAU_hls_2/inst/grp_Matrix_Vector_Activate_Batch_fu_28/accu_V_64_reg_155734[8]_bret__17_i_20/O
                         net (fo=5, routed)           0.192     5.717    finn_design_i/MVAU_hls_2/inst/grp_Matrix_Vector_Activate_Batch_fu_28/zext_ln840_9446_fu_100683_p1[1]
    SLICE_X77Y308        LUT3 (Prop_C5LUT_SLICEL_I2_O)
                                                      0.068     5.785 r  finn_design_i/MVAU_hls_2/inst/grp_Matrix_Vector_Activate_Batch_fu_28/accu_V_64_reg_155734[8]_bret__2_i_45/O
                         net (fo=2, routed)           0.422     6.208    finn_design_i/MVAU_hls_2/inst/grp_Matrix_Vector_Activate_Batch_fu_28/accu_V_64_reg_155734[8]_bret__2_i_45_n_3
    SLICE_X68Y307        LUT5 (Prop_H6LUT_SLICEL_I1_O)
                                                      0.051     6.259 r  finn_design_i/MVAU_hls_2/inst/grp_Matrix_Vector_Activate_Batch_fu_28/accu_V_64_reg_155734[8]_bret_i_23/O
                         net (fo=2, routed)           0.291     6.550    finn_design_i/MVAU_hls_2/inst/grp_Matrix_Vector_Activate_Batch_fu_28/accu_V_64_reg_155734[8]_bret_i_23_n_3
    SLICE_X71Y310        LUT5 (Prop_A6LUT_SLICEM_I0_O)
                                                      0.090     6.640 r  finn_design_i/MVAU_hls_2/inst/grp_Matrix_Vector_Activate_Batch_fu_28/accu_V_64_reg_155734[8]_bret_i_22/O
                         net (fo=2, routed)           0.344     6.984    finn_design_i/MVAU_hls_2/inst/grp_Matrix_Vector_Activate_Batch_fu_28/accu_V_64_reg_155734[8]_bret_i_22_n_3
    SLICE_X66Y308        LUT5 (Prop_H6LUT_SLICEL_I4_O)
                                                      0.150     7.134 r  finn_design_i/MVAU_hls_2/inst/grp_Matrix_Vector_Activate_Batch_fu_28/accu_V_64_reg_155734[8]_bret_i_6/O
                         net (fo=3, routed)           0.351     7.485    finn_design_i/MVAU_hls_2/inst/grp_Matrix_Vector_Activate_Batch_fu_28/accu_V_64_reg_155734[8]_bret_i_6_n_3
    SLICE_X67Y318        LUT3 (Prop_C6LUT_SLICEM_I2_O)
                                                      0.037     7.522 r  finn_design_i/MVAU_hls_2/inst/grp_Matrix_Vector_Activate_Batch_fu_28/accu_V_64_reg_155734[8]_bret__3_i_1/O
                         net (fo=4, routed)           0.483     8.005    finn_design_i/MVAU_hls_2/inst/grp_Matrix_Vector_Activate_Batch_fu_28/accu_V_64_reg_155734[8]_bret__3_i_1_n_3
    SLICE_X66Y330        LUT5 (Prop_A5LUT_SLICEL_I0_O)
                                                      0.069     8.074 r  finn_design_i/MVAU_hls_2/inst/grp_Matrix_Vector_Activate_Batch_fu_28/accu_V_64_reg_155734[8]_bret__3__0_i_1/O
                         net (fo=4, routed)           0.222     8.296    finn_design_i/MVAU_hls_2/inst/grp_Matrix_Vector_Activate_Batch_fu_28/accu_V_64_reg_155734[8]_bret__3__0_i_1_n_3
    SLICE_X66Y331        LUT6 (Prop_H6LUT_SLICEL_I4_O)
                                                      0.036     8.332 r  finn_design_i/MVAU_hls_2/inst/grp_Matrix_Vector_Activate_Batch_fu_28/accu_V_64_reg_155734[8]_bret__10_i_1/O
                         net (fo=2, routed)           0.260     8.592    finn_design_i/MVAU_hls_2/inst/grp_Matrix_Vector_Activate_Batch_fu_28/accu_V_64_reg_155734[8]_bret__10_i_1_n_3
    SLICE_X66Y331        FDRE                                         r  finn_design_i/MVAU_hls_2/inst/grp_Matrix_Vector_Activate_Batch_fu_28/accu_V_64_reg_155734_reg[8]_bret__10/D
  -------------------------------------------------------------------    -------------------

                         (clock ap_clk rise edge)    10.000    10.000 r  
                                                      0.000    10.000 r  ap_clk (IN)
                         net (fo=13029, unset)        0.020    10.020    finn_design_i/MVAU_hls_2/inst/grp_Matrix_Vector_Activate_Batch_fu_28/ap_clk
    SLICE_X66Y331        FDRE                                         r  finn_design_i/MVAU_hls_2/inst/grp_Matrix_Vector_Activate_Batch_fu_28/accu_V_64_reg_155734_reg[8]_bret__10/C
                         clock pessimism              0.000    10.020    
                         clock uncertainty           -0.035     9.985    
    SLICE_X66Y331        FDRE (Setup_EFF_SLICEL_C_D)
                                                      0.025    10.010    finn_design_i/MVAU_hls_2/inst/grp_Matrix_Vector_Activate_Batch_fu_28/accu_V_64_reg_155734_reg[8]_bret__10
  -------------------------------------------------------------------
                         required time                         10.010    
                         arrival time                          -8.592    
  -------------------------------------------------------------------
                         slack                                  1.417    

Slack (MET) :             1.453ns  (required time - arrival time)
  Source:                 finn_design_i/MVAU_hls_2/inst/grp_Matrix_Vector_Activate_Batch_fu_28/tmp_256_reg_152204_reg[0]/C
                            (rising edge-triggered cell FDRE clocked by ap_clk  {rise@0.000ns fall@5.000ns period=10.000ns})
  Destination:            finn_design_i/MVAU_hls_2/inst/grp_Matrix_Vector_Activate_Batch_fu_28/accu_V_73_reg_155869_reg[8]_bret__15/D
                            (rising edge-triggered cell FDRE clocked by ap_clk  {rise@0.000ns fall@5.000ns period=10.000ns})
  Path Group:             ap_clk
  Path Type:              Setup (Max at Slow Process Corner)
  Requirement:            10.000ns  (ap_clk rise@10.000ns - ap_clk rise@0.000ns)
  Data Path Delay:        8.527ns  (logic 1.069ns (12.537%)  route 7.458ns (87.463%))
  Logic Levels:           10  (LUT3=2 LUT4=1 LUT5=5 LUT6=2)
  Clock Path Skew:        -0.010ns (DCD - SCD + CPR)
    Destination Clock Delay (DCD):    0.020ns = ( 10.020 - 10.000 ) 
    Source Clock Delay      (SCD):    0.030ns
    Clock Pessimism Removal (CPR):    0.000ns
  Clock Uncertainty:      0.035ns  ((TSJ^2 + TIJ^2)^1/2 + DJ) / 2 + PE
    Total System Jitter     (TSJ):    0.071ns
    Total Input Jitter      (TIJ):    0.000ns
    Discrete Jitter          (DJ):    0.000ns
    Phase Error              (PE):    0.000ns

    Location             Delay type                Incr(ns)  Path(ns)    Netlist Resource(s)
  -------------------------------------------------------------------    -------------------
                         (clock ap_clk rise edge)     0.000     0.000 r  
                                                      0.000     0.000 r  ap_clk (IN)
                         net (fo=13029, unset)        0.030     0.030    finn_design_i/MVAU_hls_2/inst/grp_Matrix_Vector_Activate_Batch_fu_28/ap_clk
    SLICE_X105Y74        FDRE                                         r  finn_design_i/MVAU_hls_2/inst/grp_Matrix_Vector_Activate_Batch_fu_28/tmp_256_reg_152204_reg[0]/C
  -------------------------------------------------------------------    -------------------
    SLICE_X105Y74        FDRE (Prop_HFF2_SLICEM_C_Q)
                                                      0.078     0.108 r  finn_design_i/MVAU_hls_2/inst/grp_Matrix_Vector_Activate_Batch_fu_28/tmp_256_reg_152204_reg[0]/Q
                         net (fo=147, routed)         3.938     4.046    finn_design_i/MVAU_hls_2/inst/grp_Matrix_Vector_Activate_Batch_fu_28/tmp_256_reg_152204
    SLICE_X65Y299        LUT6 (Prop_D6LUT_SLICEL_I5_O)
                                                      0.050     4.096 r  finn_design_i/MVAU_hls_2/inst/grp_Matrix_Vector_Activate_Batch_fu_28/accu_V_107_reg_156254[8]_bret__17_i_5/O
                         net (fo=8, routed)           1.108     5.204    finn_design_i/MVAU_hls_2/inst/grp_Matrix_Vector_Activate_Batch_fu_28/zext_ln840_6650_fu_71438_p1[0]
    SLICE_X87Y314        LUT6 (Prop_H6LUT_SLICEL_I0_O)
                                                      0.090     5.294 r  finn_design_i/MVAU_hls_2/inst/grp_Matrix_Vector_Activate_Batch_fu_28/accu_V_35_reg_155441[8]_bret__14_i_14/O
                         net (fo=8, routed)           0.244     5.538    finn_design_i/MVAU_hls_2/inst/grp_Matrix_Vector_Activate_Batch_fu_28/zext_ln840_6653_fu_71468_p1[1]
    SLICE_X89Y318        LUT4 (Prop_D5LUT_SLICEM_I3_O)
                                                      0.135     5.673 r  finn_design_i/MVAU_hls_2/inst/grp_Matrix_Vector_Activate_Batch_fu_28/accu_V_73_reg_155869[8]_bret__24_i_9/O
                         net (fo=6, routed)           0.367     6.040    finn_design_i/MVAU_hls_2/inst/grp_Matrix_Vector_Activate_Batch_fu_28/zext_ln840_10213_fu_108741_p1[1]
    SLICE_X81Y322        LUT3 (Prop_H6LUT_SLICEM_I1_O)
                                                      0.125     6.165 r  finn_design_i/MVAU_hls_2/inst/grp_Matrix_Vector_Activate_Batch_fu_28/accu_V_73_reg_155869[8]_bret__17_i_23/O
                         net (fo=2, routed)           0.101     6.266    finn_design_i/MVAU_hls_2/inst/grp_Matrix_Vector_Activate_Batch_fu_28/accu_V_73_reg_155869[8]_bret__17_i_23_n_3
    SLICE_X81Y320        LUT5 (Prop_C6LUT_SLICEM_I0_O)
                                                      0.123     6.389 r  finn_design_i/MVAU_hls_2/inst/grp_Matrix_Vector_Activate_Batch_fu_28/accu_V_73_reg_155869[8]_bret__16_i_48/O
                         net (fo=2, routed)           0.275     6.664    finn_design_i/MVAU_hls_2/inst/grp_Matrix_Vector_Activate_Batch_fu_28/accu_V_73_reg_155869[8]_bret__16_i_48_n_3
    SLICE_X79Y317        LUT5 (Prop_B5LUT_SLICEM_I0_O)
                                                      0.072     6.736 r  finn_design_i/MVAU_hls_2/inst/grp_Matrix_Vector_Activate_Batch_fu_28/accu_V_73_reg_155869[8]_bret__17_i_18/O
                         net (fo=2, routed)           0.253     6.989    finn_design_i/MVAU_hls_2/inst/grp_Matrix_Vector_Activate_Batch_fu_28/accu_V_73_reg_155869[8]_bret__17_i_18_n_3
    SLICE_X79Y317        LUT5 (Prop_C5LUT_SLICEM_I3_O)
                                                      0.068     7.057 r  finn_design_i/MVAU_hls_2/inst/grp_Matrix_Vector_Activate_Batch_fu_28/accu_V_73_reg_155869[8]_bret__35_i_6/O
                         net (fo=2, routed)           0.432     7.489    finn_design_i/MVAU_hls_2/inst/grp_Matrix_Vector_Activate_Batch_fu_28/accu_V_73_reg_155869[8]_bret__35_i_6_n_3
    SLICE_X80Y326        LUT5 (Prop_H6LUT_SLICEL_I0_O)
                                                      0.090     7.579 r  finn_design_i/MVAU_hls_2/inst/grp_Matrix_Vector_Activate_Batch_fu_28/accu_V_73_reg_155869[8]_bret__19_i_4/O
                         net (fo=3, routed)           0.279     7.858    finn_design_i/MVAU_hls_2/inst/grp_Matrix_Vector_Activate_Batch_fu_28/accu_V_73_reg_155869[8]_bret__19_i_4_n_3
    SLICE_X80Y336        LUT3 (Prop_B6LUT_SLICEL_I2_O)
                                                      0.148     8.006 r  finn_design_i/MVAU_hls_2/inst/grp_Matrix_Vector_Activate_Batch_fu_28/accu_V_73_reg_155869[8]_bret__19_i_1/O
                         net (fo=2, routed)           0.214     8.221    finn_design_i/MVAU_hls_2/inst/grp_Matrix_Vector_Activate_Batch_fu_28/accu_V_73_reg_155869[8]_bret__19_i_1_n_3
    SLICE_X80Y344        LUT5 (Prop_H6LUT_SLICEL_I0_O)
                                                      0.090     8.311 r  finn_design_i/MVAU_hls_2/inst/grp_Matrix_Vector_Activate_Batch_fu_28/accu_V_73_reg_155869[8]_bret__15_i_1/O
                         net (fo=2, routed)           0.246     8.557    finn_design_i/MVAU_hls_2/inst/grp_Matrix_Vector_Activate_Batch_fu_28/accu_V_73_reg_155869[8]_bret__15_i_1_n_3
    SLICE_X80Y346        FDRE                                         r  finn_design_i/MVAU_hls_2/inst/grp_Matrix_Vector_Activate_Batch_fu_28/accu_V_73_reg_155869_reg[8]_bret__15/D
  -------------------------------------------------------------------    -------------------

                         (clock ap_clk rise edge)    10.000    10.000 r  
                                                      0.000    10.000 r  ap_clk (IN)
                         net (fo=13029, unset)        0.020    10.020    finn_design_i/MVAU_hls_2/inst/grp_Matrix_Vector_Activate_Batch_fu_28/ap_clk
    SLICE_X80Y346        FDRE                                         r  finn_design_i/MVAU_hls_2/inst/grp_Matrix_Vector_Activate_Batch_fu_28/accu_V_73_reg_155869_reg[8]_bret__15/C
                         clock pessimism              0.000    10.020    
                         clock uncertainty           -0.035     9.985    
    SLICE_X80Y346        FDRE (Setup_EFF_SLICEL_C_D)
                                                      0.025    10.010    finn_design_i/MVAU_hls_2/inst/grp_Matrix_Vector_Activate_Batch_fu_28/accu_V_73_reg_155869_reg[8]_bret__15
  -------------------------------------------------------------------
                         required time                         10.010    
                         arrival time                          -8.557    
  -------------------------------------------------------------------
                         slack                                  1.453    

Slack (MET) :             1.476ns  (required time - arrival time)
  Source:                 finn_design_i/MVAU_hls_2/inst/grp_Matrix_Vector_Activate_Batch_fu_28/tmp_256_reg_152204_reg[0]/C
                            (rising edge-triggered cell FDRE clocked by ap_clk  {rise@0.000ns fall@5.000ns period=10.000ns})
  Destination:            finn_design_i/MVAU_hls_2/inst/grp_Matrix_Vector_Activate_Batch_fu_28/accu_V_73_reg_155869_reg[8]_bret__51/D
                            (rising edge-triggered cell FDRE clocked by ap_clk  {rise@0.000ns fall@5.000ns period=10.000ns})
  Path Group:             ap_clk
  Path Type:              Setup (Max at Slow Process Corner)
  Requirement:            10.000ns  (ap_clk rise@10.000ns - ap_clk rise@0.000ns)
  Data Path Delay:        8.504ns  (logic 1.069ns (12.570%)  route 7.435ns (87.430%))
  Logic Levels:           10  (LUT3=2 LUT4=1 LUT5=5 LUT6=2)
  Clock Path Skew:        -0.010ns (DCD - SCD + CPR)
    Destination Clock Delay (DCD):    0.020ns = ( 10.020 - 10.000 ) 
    Source Clock Delay      (SCD):    0.030ns
    Clock Pessimism Removal (CPR):    0.000ns
  Clock Uncertainty:      0.035ns  ((TSJ^2 + TIJ^2)^1/2 + DJ) / 2 + PE
    Total System Jitter     (TSJ):    0.071ns
    Total Input Jitter      (TIJ):    0.000ns
    Discrete Jitter          (DJ):    0.000ns
    Phase Error              (PE):    0.000ns

    Location             Delay type                Incr(ns)  Path(ns)    Netlist Resource(s)
  -------------------------------------------------------------------    -------------------
                         (clock ap_clk rise edge)     0.000     0.000 r  
                                                      0.000     0.000 r  ap_clk (IN)
                         net (fo=13029, unset)        0.030     0.030    finn_design_i/MVAU_hls_2/inst/grp_Matrix_Vector_Activate_Batch_fu_28/ap_clk
    SLICE_X105Y74        FDRE                                         r  finn_design_i/MVAU_hls_2/inst/grp_Matrix_Vector_Activate_Batch_fu_28/tmp_256_reg_152204_reg[0]/C
  -------------------------------------------------------------------    -------------------
    SLICE_X105Y74        FDRE (Prop_HFF2_SLICEM_C_Q)
                                                      0.078     0.108 r  finn_design_i/MVAU_hls_2/inst/grp_Matrix_Vector_Activate_Batch_fu_28/tmp_256_reg_152204_reg[0]/Q
                         net (fo=147, routed)         3.938     4.046    finn_design_i/MVAU_hls_2/inst/grp_Matrix_Vector_Activate_Batch_fu_28/tmp_256_reg_152204
    SLICE_X65Y299        LUT6 (Prop_D6LUT_SLICEL_I5_O)
                                                      0.050     4.096 r  finn_design_i/MVAU_hls_2/inst/grp_Matrix_Vector_Activate_Batch_fu_28/accu_V_107_reg_156254[8]_bret__17_i_5/O
                         net (fo=8, routed)           1.108     5.204    finn_design_i/MVAU_hls_2/inst/grp_Matrix_Vector_Activate_Batch_fu_28/zext_ln840_6650_fu_71438_p1[0]
    SLICE_X87Y314        LUT6 (Prop_H6LUT_SLICEL_I0_O)
                                                      0.090     5.294 r  finn_design_i/MVAU_hls_2/inst/grp_Matrix_Vector_Activate_Batch_fu_28/accu_V_35_reg_155441[8]_bret__14_i_14/O
                         net (fo=8, routed)           0.244     5.538    finn_design_i/MVAU_hls_2/inst/grp_Matrix_Vector_Activate_Batch_fu_28/zext_ln840_6653_fu_71468_p1[1]
    SLICE_X89Y318        LUT4 (Prop_D5LUT_SLICEM_I3_O)
                                                      0.135     5.673 r  finn_design_i/MVAU_hls_2/inst/grp_Matrix_Vector_Activate_Batch_fu_28/accu_V_73_reg_155869[8]_bret__24_i_9/O
                         net (fo=6, routed)           0.367     6.040    finn_design_i/MVAU_hls_2/inst/grp_Matrix_Vector_Activate_Batch_fu_28/zext_ln840_10213_fu_108741_p1[1]
    SLICE_X81Y322        LUT3 (Prop_H6LUT_SLICEM_I1_O)
                                                      0.125     6.165 r  finn_design_i/MVAU_hls_2/inst/grp_Matrix_Vector_Activate_Batch_fu_28/accu_V_73_reg_155869[8]_bret__17_i_23/O
                         net (fo=2, routed)           0.101     6.266    finn_design_i/MVAU_hls_2/inst/grp_Matrix_Vector_Activate_Batch_fu_28/accu_V_73_reg_155869[8]_bret__17_i_23_n_3
    SLICE_X81Y320        LUT5 (Prop_C6LUT_SLICEM_I0_O)
                                                      0.123     6.389 r  finn_design_i/MVAU_hls_2/inst/grp_Matrix_Vector_Activate_Batch_fu_28/accu_V_73_reg_155869[8]_bret__16_i_48/O
                         net (fo=2, routed)           0.275     6.664    finn_design_i/MVAU_hls_2/inst/grp_Matrix_Vector_Activate_Batch_fu_28/accu_V_73_reg_155869[8]_bret__16_i_48_n_3
    SLICE_X79Y317        LUT5 (Prop_B5LUT_SLICEM_I0_O)
                                                      0.072     6.736 r  finn_design_i/MVAU_hls_2/inst/grp_Matrix_Vector_Activate_Batch_fu_28/accu_V_73_reg_155869[8]_bret__17_i_18/O
                         net (fo=2, routed)           0.253     6.989    finn_design_i/MVAU_hls_2/inst/grp_Matrix_Vector_Activate_Batch_fu_28/accu_V_73_reg_155869[8]_bret__17_i_18_n_3
    SLICE_X79Y317        LUT5 (Prop_C5LUT_SLICEM_I3_O)
                                                      0.068     7.057 r  finn_design_i/MVAU_hls_2/inst/grp_Matrix_Vector_Activate_Batch_fu_28/accu_V_73_reg_155869[8]_bret__35_i_6/O
                         net (fo=2, routed)           0.432     7.489    finn_design_i/MVAU_hls_2/inst/grp_Matrix_Vector_Activate_Batch_fu_28/accu_V_73_reg_155869[8]_bret__35_i_6_n_3
    SLICE_X80Y326        LUT5 (Prop_H6LUT_SLICEL_I0_O)
                                                      0.090     7.579 r  finn_design_i/MVAU_hls_2/inst/grp_Matrix_Vector_Activate_Batch_fu_28/accu_V_73_reg_155869[8]_bret__19_i_4/O
                         net (fo=3, routed)           0.279     7.858    finn_design_i/MVAU_hls_2/inst/grp_Matrix_Vector_Activate_Batch_fu_28/accu_V_73_reg_155869[8]_bret__19_i_4_n_3
    SLICE_X80Y336        LUT3 (Prop_B6LUT_SLICEL_I2_O)
                                                      0.148     8.006 r  finn_design_i/MVAU_hls_2/inst/grp_Matrix_Vector_Activate_Batch_fu_28/accu_V_73_reg_155869[8]_bret__19_i_1/O
                         net (fo=2, routed)           0.214     8.221    finn_design_i/MVAU_hls_2/inst/grp_Matrix_Vector_Activate_Batch_fu_28/accu_V_73_reg_155869[8]_bret__19_i_1_n_3
    SLICE_X80Y344        LUT5 (Prop_H6LUT_SLICEL_I0_O)
                                                      0.090     8.311 r  finn_design_i/MVAU_hls_2/inst/grp_Matrix_Vector_Activate_Batch_fu_28/accu_V_73_reg_155869[8]_bret__15_i_1/O
                         net (fo=2, routed)           0.223     8.534    finn_design_i/MVAU_hls_2/inst/grp_Matrix_Vector_Activate_Batch_fu_28/accu_V_73_reg_155869[8]_bret__15_i_1_n_3
    SLICE_X80Y346        FDRE                                         r  finn_design_i/MVAU_hls_2/inst/grp_Matrix_Vector_Activate_Batch_fu_28/accu_V_73_reg_155869_reg[8]_bret__51/D
  -------------------------------------------------------------------    -------------------

                         (clock ap_clk rise edge)    10.000    10.000 r  
                                                      0.000    10.000 r  ap_clk (IN)
                         net (fo=13029, unset)        0.020    10.020    finn_design_i/MVAU_hls_2/inst/grp_Matrix_Vector_Activate_Batch_fu_28/ap_clk
    SLICE_X80Y346        FDRE                                         r  finn_design_i/MVAU_hls_2/inst/grp_Matrix_Vector_Activate_Batch_fu_28/accu_V_73_reg_155869_reg[8]_bret__51/C
                         clock pessimism              0.000    10.020    
                         clock uncertainty           -0.035     9.985    
    SLICE_X80Y346        FDRE (Setup_DFF2_SLICEL_C_D)
                                                      0.025    10.010    finn_design_i/MVAU_hls_2/inst/grp_Matrix_Vector_Activate_Batch_fu_28/accu_V_73_reg_155869_reg[8]_bret__51
  -------------------------------------------------------------------
                         required time                         10.010    
                         arrival time                          -8.534    
  -------------------------------------------------------------------
                         slack                                  1.476    

Slack (MET) :             1.486ns  (required time - arrival time)
  Source:                 finn_design_i/MVAU_hls_2/inst/grp_Matrix_Vector_Activate_Batch_fu_28/tmp_194_reg_151832_reg[0]/C
                            (rising edge-triggered cell FDRE clocked by ap_clk  {rise@0.000ns fall@5.000ns period=10.000ns})
  Destination:            finn_design_i/MVAU_hls_2/inst/grp_Matrix_Vector_Activate_Batch_fu_28/accu_V_64_reg_155734_reg[8]_bret__54/D
                            (rising edge-triggered cell FDRE clocked by ap_clk  {rise@0.000ns fall@5.000ns period=10.000ns})
  Path Group:             ap_clk
  Path Type:              Setup (Max at Slow Process Corner)
  Requirement:            10.000ns  (ap_clk rise@10.000ns - ap_clk rise@0.000ns)
  Data Path Delay:        8.495ns  (logic 0.911ns (10.724%)  route 7.584ns (89.276%))
  Logic Levels:           10  (LUT3=2 LUT4=1 LUT5=5 LUT6=2)
  Clock Path Skew:        -0.008ns (DCD - SCD + CPR)
    Destination Clock Delay (DCD):    0.020ns = ( 10.020 - 10.000 ) 
    Source Clock Delay      (SCD):    0.028ns
    Clock Pessimism Removal (CPR):    0.000ns
  Clock Uncertainty:      0.035ns  ((TSJ^2 + TIJ^2)^1/2 + DJ) / 2 + PE
    Total System Jitter     (TSJ):    0.071ns
    Total Input Jitter      (TIJ):    0.000ns
    Discrete Jitter          (DJ):    0.000ns
    Phase Error              (PE):    0.000ns

    Location             Delay type                Incr(ns)  Path(ns)    Netlist Resource(s)
  -------------------------------------------------------------------    -------------------
                         (clock ap_clk rise edge)     0.000     0.000 r  
                                                      0.000     0.000 r  ap_clk (IN)
                         net (fo=13029, unset)        0.028     0.028    finn_design_i/MVAU_hls_2/inst/grp_Matrix_Vector_Activate_Batch_fu_28/ap_clk
    SLICE_X103Y80        FDRE                                         r  finn_design_i/MVAU_hls_2/inst/grp_Matrix_Vector_Activate_Batch_fu_28/tmp_194_reg_151832_reg[0]/C
  -------------------------------------------------------------------    -------------------
    SLICE_X103Y80        FDRE (Prop_AFF_SLICEL_C_Q)
                                                      0.079     0.107 r  finn_design_i/MVAU_hls_2/inst/grp_Matrix_Vector_Activate_Batch_fu_28/tmp_194_reg_151832_reg[0]/Q
                         net (fo=163, routed)         3.995     4.102    finn_design_i/MVAU_hls_2/inst/grp_Matrix_Vector_Activate_Batch_fu_28/tmp_194_reg_151832
    SLICE_X64Y299        LUT6 (Prop_E6LUT_SLICEM_I4_O)
                                                      0.100     4.202 r  finn_design_i/MVAU_hls_2/inst/grp_Matrix_Vector_Activate_Batch_fu_28/accu_V_107_reg_156254[8]_bret__1_i_51/O
                         net (fo=8, routed)           0.910     5.113    finn_design_i/MVAU_hls_2/inst/grp_Matrix_Vector_Activate_Batch_fu_28/zext_ln840_4934_fu_53183_p1[1]
    SLICE_X76Y305        LUT4 (Prop_H5LUT_SLICEL_I1_O)
                                                      0.133     5.246 r  finn_design_i/MVAU_hls_2/inst/grp_Matrix_Vector_Activate_Batch_fu_28/accu_V_64_reg_155734[8]_bret__17_i_41/O
                         net (fo=2, routed)           0.182     5.427    finn_design_i/MVAU_hls_2/inst/grp_Matrix_Vector_Activate_Batch_fu_28/accu_V_64_reg_155734[8]_bret__17_i_41_n_3
    SLICE_X76Y305        LUT5 (Prop_B6LUT_SLICEL_I4_O)
                                                      0.098     5.525 r  finn_design_i/MVAU_hls_2/inst/grp_Matrix_Vector_Activate_Batch_fu_28/accu_V_64_reg_155734[8]_bret__17_i_20/O
                         net (fo=5, routed)           0.192     5.717    finn_design_i/MVAU_hls_2/inst/grp_Matrix_Vector_Activate_Batch_fu_28/zext_ln840_9446_fu_100683_p1[1]
    SLICE_X77Y308        LUT3 (Prop_C5LUT_SLICEL_I2_O)
                                                      0.068     5.785 r  finn_design_i/MVAU_hls_2/inst/grp_Matrix_Vector_Activate_Batch_fu_28/accu_V_64_reg_155734[8]_bret__2_i_45/O
                         net (fo=2, routed)           0.422     6.208    finn_design_i/MVAU_hls_2/inst/grp_Matrix_Vector_Activate_Batch_fu_28/accu_V_64_reg_155734[8]_bret__2_i_45_n_3
    SLICE_X68Y307        LUT5 (Prop_H6LUT_SLICEL_I1_O)
                                                      0.051     6.259 r  finn_design_i/MVAU_hls_2/inst/grp_Matrix_Vector_Activate_Batch_fu_28/accu_V_64_reg_155734[8]_bret_i_23/O
                         net (fo=2, routed)           0.291     6.550    finn_design_i/MVAU_hls_2/inst/grp_Matrix_Vector_Activate_Batch_fu_28/accu_V_64_reg_155734[8]_bret_i_23_n_3
    SLICE_X71Y310        LUT5 (Prop_A6LUT_SLICEM_I0_O)
                                                      0.090     6.640 r  finn_design_i/MVAU_hls_2/inst/grp_Matrix_Vector_Activate_Batch_fu_28/accu_V_64_reg_155734[8]_bret_i_22/O
                         net (fo=2, routed)           0.344     6.984    finn_design_i/MVAU_hls_2/inst/grp_Matrix_Vector_Activate_Batch_fu_28/accu_V_64_reg_155734[8]_bret_i_22_n_3
    SLICE_X66Y308        LUT5 (Prop_H6LUT_SLICEL_I4_O)
                                                      0.150     7.134 r  finn_design_i/MVAU_hls_2/inst/grp_Matrix_Vector_Activate_Batch_fu_28/accu_V_64_reg_155734[8]_bret_i_6/O
                         net (fo=3, routed)           0.351     7.485    finn_design_i/MVAU_hls_2/inst/grp_Matrix_Vector_Activate_Batch_fu_28/accu_V_64_reg_155734[8]_bret_i_6_n_3
    SLICE_X67Y318        LUT3 (Prop_C6LUT_SLICEM_I2_O)
                                                      0.037     7.522 r  finn_design_i/MVAU_hls_2/inst/grp_Matrix_Vector_Activate_Batch_fu_28/accu_V_64_reg_155734[8]_bret__3_i_1/O
                         net (fo=4, routed)           0.483     8.005    finn_design_i/MVAU_hls_2/inst/grp_Matrix_Vector_Activate_Batch_fu_28/accu_V_64_reg_155734[8]_bret__3_i_1_n_3
    SLICE_X66Y330        LUT5 (Prop_A5LUT_SLICEL_I0_O)
                                                      0.069     8.074 r  finn_design_i/MVAU_hls_2/inst/grp_Matrix_Vector_Activate_Batch_fu_28/accu_V_64_reg_155734[8]_bret__3__0_i_1/O
                         net (fo=4, routed)           0.222     8.296    finn_design_i/MVAU_hls_2/inst/grp_Matrix_Vector_Activate_Batch_fu_28/accu_V_64_reg_155734[8]_bret__3__0_i_1_n_3
    SLICE_X66Y331        LUT6 (Prop_H6LUT_SLICEL_I4_O)
                                                      0.036     8.332 r  finn_design_i/MVAU_hls_2/inst/grp_Matrix_Vector_Activate_Batch_fu_28/accu_V_64_reg_155734[8]_bret__10_i_1/O
                         net (fo=2, routed)           0.191     8.523    finn_design_i/MVAU_hls_2/inst/grp_Matrix_Vector_Activate_Batch_fu_28/accu_V_64_reg_155734[8]_bret__10_i_1_n_3
    SLICE_X66Y331        FDRE                                         r  finn_design_i/MVAU_hls_2/inst/grp_Matrix_Vector_Activate_Batch_fu_28/accu_V_64_reg_155734_reg[8]_bret__54/D
  -------------------------------------------------------------------    -------------------

                         (clock ap_clk rise edge)    10.000    10.000 r  
                                                      0.000    10.000 r  ap_clk (IN)
                         net (fo=13029, unset)        0.020    10.020    finn_design_i/MVAU_hls_2/inst/grp_Matrix_Vector_Activate_Batch_fu_28/ap_clk
    SLICE_X66Y331        FDRE                                         r  finn_design_i/MVAU_hls_2/inst/grp_Matrix_Vector_Activate_Batch_fu_28/accu_V_64_reg_155734_reg[8]_bret__54/C
                         clock pessimism              0.000    10.020    
                         clock uncertainty           -0.035     9.985    
    SLICE_X66Y331        FDRE (Setup_GFF2_SLICEL_C_D)
                                                      0.025    10.010    finn_design_i/MVAU_hls_2/inst/grp_Matrix_Vector_Activate_Batch_fu_28/accu_V_64_reg_155734_reg[8]_bret__54
  -------------------------------------------------------------------
                         required time                         10.010    
                         arrival time                          -8.523    
  -------------------------------------------------------------------
                         slack                                  1.486    

Slack (MET) :             1.491ns  (required time - arrival time)
  Source:                 finn_design_i/MVAU_hls_2/inst/grp_Matrix_Vector_Activate_Batch_fu_28/tmp_268_reg_152276_reg[0]/C
                            (rising edge-triggered cell FDRE clocked by ap_clk  {rise@0.000ns fall@5.000ns period=10.000ns})
  Destination:            finn_design_i/MVAU_hls_2/inst/grp_Matrix_Vector_Activate_Batch_fu_28/accu_V_109_reg_156264_reg[8]_bret__7/D
                            (rising edge-triggered cell FDRE clocked by ap_clk  {rise@0.000ns fall@5.000ns period=10.000ns})
  Path Group:             ap_clk
  Path Type:              Setup (Max at Slow Process Corner)
  Requirement:            10.000ns  (ap_clk rise@10.000ns - ap_clk rise@0.000ns)
  Data Path Delay:        8.488ns  (logic 1.260ns (14.844%)  route 7.228ns (85.156%))
  Logic Levels:           11  (LUT2=1 LUT3=1 LUT5=6 LUT6=3)
  Clock Path Skew:        -0.010ns (DCD - SCD + CPR)
    Destination Clock Delay (DCD):    0.020ns = ( 10.020 - 10.000 ) 
    Source Clock Delay      (SCD):    0.030ns
    Clock Pessimism Removal (CPR):    0.000ns
  Clock Uncertainty:      0.035ns  ((TSJ^2 + TIJ^2)^1/2 + DJ) / 2 + PE
    Total System Jitter     (TSJ):    0.071ns
    Total Input Jitter      (TIJ):    0.000ns
    Discrete Jitter          (DJ):    0.000ns
    Phase Error              (PE):    0.000ns

    Location             Delay type                Incr(ns)  Path(ns)    Netlist Resource(s)
  -------------------------------------------------------------------    -------------------
                         (clock ap_clk rise edge)     0.000     0.000 r  
                                                      0.000     0.000 r  ap_clk (IN)
                         net (fo=13029, unset)        0.030     0.030    finn_design_i/MVAU_hls_2/inst/grp_Matrix_Vector_Activate_Batch_fu_28/ap_clk
    SLICE_X105Y83        FDRE                                         r  finn_design_i/MVAU_hls_2/inst/grp_Matrix_Vector_Activate_Batch_fu_28/tmp_268_reg_152276_reg[0]/C
  -------------------------------------------------------------------    -------------------
    SLICE_X105Y83        FDRE (Prop_HFF_SLICEM_C_Q)
                                                      0.079     0.109 r  finn_design_i/MVAU_hls_2/inst/grp_Matrix_Vector_Activate_Batch_fu_28/tmp_268_reg_152276_reg[0]/Q
                         net (fo=182, routed)         3.816     3.925    finn_design_i/MVAU_hls_2/inst/grp_Matrix_Vector_Activate_Batch_fu_28/tmp_268_reg_152276
    SLICE_X63Y299        LUT2 (Prop_E6LUT_SLICEM_I0_O)
                                                      0.037     3.962 r  finn_design_i/MVAU_hls_2/inst/grp_Matrix_Vector_Activate_Batch_fu_28/accu_V_107_reg_156254[8]_bret__18_i_6/O
                         net (fo=11, routed)          0.637     4.599    finn_design_i/MVAU_hls_2/inst/grp_Matrix_Vector_Activate_Batch_fu_28/zext_ln840_5351_fu_57760_p1[0]
    SLICE_X68Y321        LUT6 (Prop_A6LUT_SLICEL_I1_O)
                                                      0.050     4.649 r  finn_design_i/MVAU_hls_2/inst/grp_Matrix_Vector_Activate_Batch_fu_28/accu_V_44_reg_155536[8]_bret__18_i_7/O
                         net (fo=3, routed)           0.124     4.773    finn_design_i/MVAU_hls_2/inst/grp_Matrix_Vector_Activate_Batch_fu_28/zext_ln840_5352_fu_57776_p1[0]
    SLICE_X68Y321        LUT5 (Prop_H5LUT_SLICEL_I4_O)
                                                      0.158     4.931 r  finn_design_i/MVAU_hls_2/inst/grp_Matrix_Vector_Activate_Batch_fu_28/accu_V_44_reg_155536[8]_bret__0__0_i_35/O
                         net (fo=2, routed)           0.158     5.089    finn_design_i/MVAU_hls_2/inst/grp_Matrix_Vector_Activate_Batch_fu_28/accu_V_44_reg_155536[8]_bret__0__0_i_35_n_3
    SLICE_X68Y321        LUT5 (Prop_F5LUT_SLICEL_I4_O)
                                                      0.074     5.163 r  finn_design_i/MVAU_hls_2/inst/grp_Matrix_Vector_Activate_Batch_fu_28/accu_V_44_reg_155536[8]_bret__0__0_i_13/O
                         net (fo=10, routed)          0.625     5.788    finn_design_i/MVAU_hls_2/inst/grp_Matrix_Vector_Activate_Batch_fu_28/zext_ln840_5353_fu_57786_p1[3]
    SLICE_X91Y321        LUT6 (Prop_G6LUT_SLICEL_I2_O)
                                                      0.089     5.877 r  finn_design_i/MVAU_hls_2/inst/grp_Matrix_Vector_Activate_Batch_fu_28/accu_V_109_reg_156264[8]_bret__1_i_14/O
                         net (fo=10, routed)          0.499     6.375    finn_design_i/MVAU_hls_2/inst/grp_Matrix_Vector_Activate_Batch_fu_28/zext_ln840_5354_fu_57796_p1[3]
    SLICE_X82Y298        LUT3 (Prop_B6LUT_SLICEL_I1_O)
                                                      0.148     6.523 r  finn_design_i/MVAU_hls_2/inst/grp_Matrix_Vector_Activate_Batch_fu_28/accu_V_109_reg_156264[8]_bret_i_18/O
                         net (fo=2, routed)           0.110     6.633    finn_design_i/MVAU_hls_2/inst/grp_Matrix_Vector_Activate_Batch_fu_28/accu_V_109_reg_156264[8]_bret_i_18_n_3
    SLICE_X82Y298        LUT6 (Prop_C6LUT_SLICEL_I5_O)
                                                      0.123     6.756 r  finn_design_i/MVAU_hls_2/inst/grp_Matrix_Vector_Activate_Batch_fu_28/accu_V_109_reg_156264[8]_bret_i_7/O
                         net (fo=4, routed)           0.391     7.148    finn_design_i/MVAU_hls_2/inst/grp_Matrix_Vector_Activate_Batch_fu_28/accu_V_109_reg_156264[8]_bret_i_7_n_3
    SLICE_X80Y275        LUT5 (Prop_C5LUT_SLICEL_I2_O)
                                                      0.110     7.258 r  finn_design_i/MVAU_hls_2/inst/grp_Matrix_Vector_Activate_Batch_fu_28/accu_V_109_reg_156264[8]_bret__29_i_6/O
                         net (fo=2, routed)           0.177     7.434    finn_design_i/MVAU_hls_2/inst/grp_Matrix_Vector_Activate_Batch_fu_28/accu_V_109_reg_156264[8]_bret__29_i_6_n_3
    SLICE_X80Y273        LUT5 (Prop_B5LUT_SLICEL_I4_O)
                                                      0.116     7.550 r  finn_design_i/MVAU_hls_2/inst/grp_Matrix_Vector_Activate_Batch_fu_28/accu_V_109_reg_156264[8]_bret__29_i_1/O
                         net (fo=4, routed)           0.211     7.761    finn_design_i/MVAU_hls_2/inst/grp_Matrix_Vector_Activate_Batch_fu_28/accu_V_109_reg_156264[8]_bret__29_i_1_n_3
    SLICE_X80Y272        LUT5 (Prop_A5LUT_SLICEL_I0_O)
                                                      0.138     7.899 r  finn_design_i/MVAU_hls_2/inst/grp_Matrix_Vector_Activate_Batch_fu_28/accu_V_109_reg_156264[8]_bret__8_i_1/O
                         net (fo=2, routed)           0.125     8.024    finn_design_i/MVAU_hls_2/inst/grp_Matrix_Vector_Activate_Batch_fu_28/accu_V_109_reg_156264[8]_bret__8_i_1_n_3
    SLICE_X80Y273        LUT5 (Prop_A5LUT_SLICEL_I4_O)
                                                      0.138     8.162 r  finn_design_i/MVAU_hls_2/inst/grp_Matrix_Vector_Activate_Batch_fu_28/accu_V_109_reg_156264[8]_bret__7_i_1/O
                         net (fo=2, routed)           0.356     8.518    finn_design_i/MVAU_hls_2/inst/grp_Matrix_Vector_Activate_Batch_fu_28/accu_V_109_reg_156264[8]_bret__7_i_1_n_3
    SLICE_X80Y269        FDRE                                         r  finn_design_i/MVAU_hls_2/inst/grp_Matrix_Vector_Activate_Batch_fu_28/accu_V_109_reg_156264_reg[8]_bret__7/D
  -------------------------------------------------------------------    -------------------

                         (clock ap_clk rise edge)    10.000    10.000 r  
                                                      0.000    10.000 r  ap_clk (IN)
                         net (fo=13029, unset)        0.020    10.020    finn_design_i/MVAU_hls_2/inst/grp_Matrix_Vector_Activate_Batch_fu_28/ap_clk
    SLICE_X80Y269        FDRE                                         r  finn_design_i/MVAU_hls_2/inst/grp_Matrix_Vector_Activate_Batch_fu_28/accu_V_109_reg_156264_reg[8]_bret__7/C
                         clock pessimism              0.000    10.020    
                         clock uncertainty           -0.035     9.985    
    SLICE_X80Y269        FDRE (Setup_BFF_SLICEL_C_D)
                                                      0.025    10.010    finn_design_i/MVAU_hls_2/inst/grp_Matrix_Vector_Activate_Batch_fu_28/accu_V_109_reg_156264_reg[8]_bret__7
  -------------------------------------------------------------------
                         required time                         10.010    
                         arrival time                          -8.518    
  -------------------------------------------------------------------
                         slack                                  1.491    

Slack (MET) :             1.511ns  (required time - arrival time)
  Source:                 finn_design_i/MVAU_hls_2/inst/grp_Matrix_Vector_Activate_Batch_fu_28/tmp_268_reg_152276_reg[0]/C
                            (rising edge-triggered cell FDRE clocked by ap_clk  {rise@0.000ns fall@5.000ns period=10.000ns})
  Destination:            finn_design_i/MVAU_hls_2/inst/grp_Matrix_Vector_Activate_Batch_fu_28/accu_V_109_reg_156264_reg[8]_bret__44/D
                            (rising edge-triggered cell FDRE clocked by ap_clk  {rise@0.000ns fall@5.000ns period=10.000ns})
  Path Group:             ap_clk
  Path Type:              Setup (Max at Slow Process Corner)
  Requirement:            10.000ns  (ap_clk rise@10.000ns - ap_clk rise@0.000ns)
  Data Path Delay:        8.468ns  (logic 1.260ns (14.879%)  route 7.208ns (85.121%))
  Logic Levels:           11  (LUT2=1 LUT3=1 LUT5=6 LUT6=3)
  Clock Path Skew:        -0.010ns (DCD - SCD + CPR)
    Destination Clock Delay (DCD):    0.020ns = ( 10.020 - 10.000 ) 
    Source Clock Delay      (SCD):    0.030ns
    Clock Pessimism Removal (CPR):    0.000ns
  Clock Uncertainty:      0.035ns  ((TSJ^2 + TIJ^2)^1/2 + DJ) / 2 + PE
    Total System Jitter     (TSJ):    0.071ns
    Total Input Jitter      (TIJ):    0.000ns
    Discrete Jitter          (DJ):    0.000ns
    Phase Error              (PE):    0.000ns

    Location             Delay type                Incr(ns)  Path(ns)    Netlist Resource(s)
  -------------------------------------------------------------------    -------------------
                         (clock ap_clk rise edge)     0.000     0.000 r  
                                                      0.000     0.000 r  ap_clk (IN)
                         net (fo=13029, unset)        0.030     0.030    finn_design_i/MVAU_hls_2/inst/grp_Matrix_Vector_Activate_Batch_fu_28/ap_clk
    SLICE_X105Y83        FDRE                                         r  finn_design_i/MVAU_hls_2/inst/grp_Matrix_Vector_Activate_Batch_fu_28/tmp_268_reg_152276_reg[0]/C
  -------------------------------------------------------------------    -------------------
    SLICE_X105Y83        FDRE (Prop_HFF_SLICEM_C_Q)
                                                      0.079     0.109 r  finn_design_i/MVAU_hls_2/inst/grp_Matrix_Vector_Activate_Batch_fu_28/tmp_268_reg_152276_reg[0]/Q
                         net (fo=182, routed)         3.816     3.925    finn_design_i/MVAU_hls_2/inst/grp_Matrix_Vector_Activate_Batch_fu_28/tmp_268_reg_152276
    SLICE_X63Y299        LUT2 (Prop_E6LUT_SLICEM_I0_O)
                                                      0.037     3.962 r  finn_design_i/MVAU_hls_2/inst/grp_Matrix_Vector_Activate_Batch_fu_28/accu_V_107_reg_156254[8]_bret__18_i_6/O
                         net (fo=11, routed)          0.637     4.599    finn_design_i/MVAU_hls_2/inst/grp_Matrix_Vector_Activate_Batch_fu_28/zext_ln840_5351_fu_57760_p1[0]
    SLICE_X68Y321        LUT6 (Prop_A6LUT_SLICEL_I1_O)
                                                      0.050     4.649 r  finn_design_i/MVAU_hls_2/inst/grp_Matrix_Vector_Activate_Batch_fu_28/accu_V_44_reg_155536[8]_bret__18_i_7/O
                         net (fo=3, routed)           0.124     4.773    finn_design_i/MVAU_hls_2/inst/grp_Matrix_Vector_Activate_Batch_fu_28/zext_ln840_5352_fu_57776_p1[0]
    SLICE_X68Y321        LUT5 (Prop_H5LUT_SLICEL_I4_O)
                                                      0.158     4.931 r  finn_design_i/MVAU_hls_2/inst/grp_Matrix_Vector_Activate_Batch_fu_28/accu_V_44_reg_155536[8]_bret__0__0_i_35/O
                         net (fo=2, routed)           0.158     5.089    finn_design_i/MVAU_hls_2/inst/grp_Matrix_Vector_Activate_Batch_fu_28/accu_V_44_reg_155536[8]_bret__0__0_i_35_n_3
    SLICE_X68Y321        LUT5 (Prop_F5LUT_SLICEL_I4_O)
                                                      0.074     5.163 r  finn_design_i/MVAU_hls_2/inst/grp_Matrix_Vector_Activate_Batch_fu_28/accu_V_44_reg_155536[8]_bret__0__0_i_13/O
                         net (fo=10, routed)          0.625     5.788    finn_design_i/MVAU_hls_2/inst/grp_Matrix_Vector_Activate_Batch_fu_28/zext_ln840_5353_fu_57786_p1[3]
    SLICE_X91Y321        LUT6 (Prop_G6LUT_SLICEL_I2_O)
                                                      0.089     5.877 r  finn_design_i/MVAU_hls_2/inst/grp_Matrix_Vector_Activate_Batch_fu_28/accu_V_109_reg_156264[8]_bret__1_i_14/O
                         net (fo=10, routed)          0.499     6.375    finn_design_i/MVAU_hls_2/inst/grp_Matrix_Vector_Activate_Batch_fu_28/zext_ln840_5354_fu_57796_p1[3]
    SLICE_X82Y298        LUT3 (Prop_B6LUT_SLICEL_I1_O)
                                                      0.148     6.523 r  finn_design_i/MVAU_hls_2/inst/grp_Matrix_Vector_Activate_Batch_fu_28/accu_V_109_reg_156264[8]_bret_i_18/O
                         net (fo=2, routed)           0.110     6.633    finn_design_i/MVAU_hls_2/inst/grp_Matrix_Vector_Activate_Batch_fu_28/accu_V_109_reg_156264[8]_bret_i_18_n_3
    SLICE_X82Y298        LUT6 (Prop_C6LUT_SLICEL_I5_O)
                                                      0.123     6.756 r  finn_design_i/MVAU_hls_2/inst/grp_Matrix_Vector_Activate_Batch_fu_28/accu_V_109_reg_156264[8]_bret_i_7/O
                         net (fo=4, routed)           0.391     7.148    finn_design_i/MVAU_hls_2/inst/grp_Matrix_Vector_Activate_Batch_fu_28/accu_V_109_reg_156264[8]_bret_i_7_n_3
    SLICE_X80Y275        LUT5 (Prop_C5LUT_SLICEL_I2_O)
                                                      0.110     7.258 r  finn_design_i/MVAU_hls_2/inst/grp_Matrix_Vector_Activate_Batch_fu_28/accu_V_109_reg_156264[8]_bret__29_i_6/O
                         net (fo=2, routed)           0.177     7.434    finn_design_i/MVAU_hls_2/inst/grp_Matrix_Vector_Activate_Batch_fu_28/accu_V_109_reg_156264[8]_bret__29_i_6_n_3
    SLICE_X80Y273        LUT5 (Prop_B5LUT_SLICEL_I4_O)
                                                      0.116     7.550 r  finn_design_i/MVAU_hls_2/inst/grp_Matrix_Vector_Activate_Batch_fu_28/accu_V_109_reg_156264[8]_bret__29_i_1/O
                         net (fo=4, routed)           0.211     7.761    finn_design_i/MVAU_hls_2/inst/grp_Matrix_Vector_Activate_Batch_fu_28/accu_V_109_reg_156264[8]_bret__29_i_1_n_3
    SLICE_X80Y272        LUT5 (Prop_A5LUT_SLICEL_I0_O)
                                                      0.138     7.899 r  finn_design_i/MVAU_hls_2/inst/grp_Matrix_Vector_Activate_Batch_fu_28/accu_V_109_reg_156264[8]_bret__8_i_1/O
                         net (fo=2, routed)           0.125     8.024    finn_design_i/MVAU_hls_2/inst/grp_Matrix_Vector_Activate_Batch_fu_28/accu_V_109_reg_156264[8]_bret__8_i_1_n_3
    SLICE_X80Y273        LUT5 (Prop_A5LUT_SLICEL_I4_O)
                                                      0.138     8.162 r  finn_design_i/MVAU_hls_2/inst/grp_Matrix_Vector_Activate_Batch_fu_28/accu_V_109_reg_156264[8]_bret__7_i_1/O
                         net (fo=2, routed)           0.336     8.498    finn_design_i/MVAU_hls_2/inst/grp_Matrix_Vector_Activate_Batch_fu_28/accu_V_109_reg_156264[8]_bret__7_i_1_n_3
    SLICE_X80Y269        FDRE                                         r  finn_design_i/MVAU_hls_2/inst/grp_Matrix_Vector_Activate_Batch_fu_28/accu_V_109_reg_156264_reg[8]_bret__44/D
  -------------------------------------------------------------------    -------------------

                         (clock ap_clk rise edge)    10.000    10.000 r  
                                                      0.000    10.000 r  ap_clk (IN)
                         net (fo=13029, unset)        0.020    10.020    finn_design_i/MVAU_hls_2/inst/grp_Matrix_Vector_Activate_Batch_fu_28/ap_clk
    SLICE_X80Y269        FDRE                                         r  finn_design_i/MVAU_hls_2/inst/grp_Matrix_Vector_Activate_Batch_fu_28/accu_V_109_reg_156264_reg[8]_bret__44/C
                         clock pessimism              0.000    10.020    
                         clock uncertainty           -0.035     9.985    
    SLICE_X80Y269        FDRE (Setup_AFF2_SLICEL_C_D)
                                                      0.025    10.010    finn_design_i/MVAU_hls_2/inst/grp_Matrix_Vector_Activate_Batch_fu_28/accu_V_109_reg_156264_reg[8]_bret__44
  -------------------------------------------------------------------
                         required time                         10.010    
                         arrival time                          -8.498    
  -------------------------------------------------------------------
                         slack                                  1.511    

Slack (MET) :             1.523ns  (required time - arrival time)
  Source:                 finn_design_i/MVAU_hls_2/inst/grp_Matrix_Vector_Activate_Batch_fu_28/tmp_256_reg_152204_reg[0]/C
                            (rising edge-triggered cell FDRE clocked by ap_clk  {rise@0.000ns fall@5.000ns period=10.000ns})
  Destination:            finn_design_i/MVAU_hls_2/inst/grp_Matrix_Vector_Activate_Batch_fu_28/accu_V_73_reg_155869_reg[8]_bret__50/D
                            (rising edge-triggered cell FDRE clocked by ap_clk  {rise@0.000ns fall@5.000ns period=10.000ns})
  Path Group:             ap_clk
  Path Type:              Setup (Max at Slow Process Corner)
  Requirement:            10.000ns  (ap_clk rise@10.000ns - ap_clk rise@0.000ns)
  Data Path Delay:        8.457ns  (logic 0.926ns (10.949%)  route 7.531ns (89.051%))
  Logic Levels:           10  (LUT3=1 LUT4=1 LUT5=6 LUT6=2)
  Clock Path Skew:        -0.009ns (DCD - SCD + CPR)
    Destination Clock Delay (DCD):    0.021ns = ( 10.021 - 10.000 ) 
    Source Clock Delay      (SCD):    0.030ns
    Clock Pessimism Removal (CPR):    0.000ns
  Clock Uncertainty:      0.035ns  ((TSJ^2 + TIJ^2)^1/2 + DJ) / 2 + PE
    Total System Jitter     (TSJ):    0.071ns
    Total Input Jitter      (TIJ):    0.000ns
    Discrete Jitter          (DJ):    0.000ns
    Phase Error              (PE):    0.000ns

    Location             Delay type                Incr(ns)  Path(ns)    Netlist Resource(s)
  -------------------------------------------------------------------    -------------------
                         (clock ap_clk rise edge)     0.000     0.000 r  
                                                      0.000     0.000 r  ap_clk (IN)
                         net (fo=13029, unset)        0.030     0.030    finn_design_i/MVAU_hls_2/inst/grp_Matrix_Vector_Activate_Batch_fu_28/ap_clk
    SLICE_X105Y74        FDRE                                         r  finn_design_i/MVAU_hls_2/inst/grp_Matrix_Vector_Activate_Batch_fu_28/tmp_256_reg_152204_reg[0]/C
  -------------------------------------------------------------------    -------------------
    SLICE_X105Y74        FDRE (Prop_HFF2_SLICEM_C_Q)
                                                      0.078     0.108 r  finn_design_i/MVAU_hls_2/inst/grp_Matrix_Vector_Activate_Batch_fu_28/tmp_256_reg_152204_reg[0]/Q
                         net (fo=147, routed)         3.938     4.046    finn_design_i/MVAU_hls_2/inst/grp_Matrix_Vector_Activate_Batch_fu_28/tmp_256_reg_152204
    SLICE_X65Y299        LUT6 (Prop_D6LUT_SLICEL_I5_O)
                                                      0.050     4.096 r  finn_design_i/MVAU_hls_2/inst/grp_Matrix_Vector_Activate_Batch_fu_28/accu_V_107_reg_156254[8]_bret__17_i_5/O
                         net (fo=8, routed)           1.108     5.204    finn_design_i/MVAU_hls_2/inst/grp_Matrix_Vector_Activate_Batch_fu_28/zext_ln840_6650_fu_71438_p1[0]
    SLICE_X87Y314        LUT6 (Prop_H6LUT_SLICEL_I0_O)
                                                      0.090     5.294 r  finn_design_i/MVAU_hls_2/inst/grp_Matrix_Vector_Activate_Batch_fu_28/accu_V_35_reg_155441[8]_bret__14_i_14/O
                         net (fo=8, routed)           0.244     5.538    finn_design_i/MVAU_hls_2/inst/grp_Matrix_Vector_Activate_Batch_fu_28/zext_ln840_6653_fu_71468_p1[1]
    SLICE_X89Y318        LUT4 (Prop_D5LUT_SLICEM_I3_O)
                                                      0.135     5.673 r  finn_design_i/MVAU_hls_2/inst/grp_Matrix_Vector_Activate_Batch_fu_28/accu_V_73_reg_155869[8]_bret__24_i_9/O
                         net (fo=6, routed)           0.367     6.040    finn_design_i/MVAU_hls_2/inst/grp_Matrix_Vector_Activate_Batch_fu_28/zext_ln840_10213_fu_108741_p1[1]
    SLICE_X81Y322        LUT3 (Prop_H6LUT_SLICEM_I1_O)
                                                      0.125     6.165 r  finn_design_i/MVAU_hls_2/inst/grp_Matrix_Vector_Activate_Batch_fu_28/accu_V_73_reg_155869[8]_bret__17_i_23/O
                         net (fo=2, routed)           0.101     6.266    finn_design_i/MVAU_hls_2/inst/grp_Matrix_Vector_Activate_Batch_fu_28/accu_V_73_reg_155869[8]_bret__17_i_23_n_3
    SLICE_X81Y320        LUT5 (Prop_C6LUT_SLICEM_I0_O)
                                                      0.123     6.389 r  finn_design_i/MVAU_hls_2/inst/grp_Matrix_Vector_Activate_Batch_fu_28/accu_V_73_reg_155869[8]_bret__16_i_48/O
                         net (fo=2, routed)           0.275     6.664    finn_design_i/MVAU_hls_2/inst/grp_Matrix_Vector_Activate_Batch_fu_28/accu_V_73_reg_155869[8]_bret__16_i_48_n_3
    SLICE_X79Y317        LUT5 (Prop_B5LUT_SLICEM_I0_O)
                                                      0.072     6.736 r  finn_design_i/MVAU_hls_2/inst/grp_Matrix_Vector_Activate_Batch_fu_28/accu_V_73_reg_155869[8]_bret__17_i_18/O
                         net (fo=2, routed)           0.209     6.945    finn_design_i/MVAU_hls_2/inst/grp_Matrix_Vector_Activate_Batch_fu_28/accu_V_73_reg_155869[8]_bret__17_i_18_n_3
    SLICE_X79Y317        LUT5 (Prop_G6LUT_SLICEM_I3_O)
                                                      0.052     6.997 r  finn_design_i/MVAU_hls_2/inst/grp_Matrix_Vector_Activate_Batch_fu_28/accu_V_73_reg_155869[8]_bret__17_i_6/O
                         net (fo=2, routed)           0.318     7.315    finn_design_i/MVAU_hls_2/inst/grp_Matrix_Vector_Activate_Batch_fu_28/accu_V_73_reg_155869[8]_bret__17_i_6_n_3
    SLICE_X80Y328        LUT5 (Prop_A5LUT_SLICEL_I0_O)
                                                      0.100     7.415 r  finn_design_i/MVAU_hls_2/inst/grp_Matrix_Vector_Activate_Batch_fu_28/accu_V_73_reg_155869[8]_bret__20_i_6/O
                         net (fo=2, routed)           0.173     7.588    finn_design_i/MVAU_hls_2/inst/grp_Matrix_Vector_Activate_Batch_fu_28/accu_V_73_reg_155869[8]_bret__20_i_6_n_3
    SLICE_X80Y326        LUT5 (Prop_D5LUT_SLICEL_I3_O)
                                                      0.066     7.654 r  finn_design_i/MVAU_hls_2/inst/grp_Matrix_Vector_Activate_Batch_fu_28/accu_V_73_reg_155869[8]_bret__30_i_1/O
                         net (fo=3, routed)           0.368     8.022    finn_design_i/MVAU_hls_2/inst/grp_Matrix_Vector_Activate_Batch_fu_28/accu_V_73_reg_155869[8]_bret__30_i_1_n_3
    SLICE_X80Y336        LUT5 (Prop_G6LUT_SLICEL_I4_O)
                                                      0.035     8.057 r  finn_design_i/MVAU_hls_2/inst/grp_Matrix_Vector_Activate_Batch_fu_28/accu_V_73_reg_155869[8]_bret__21_i_1/O
                         net (fo=2, routed)           0.430     8.487    finn_design_i/MVAU_hls_2/inst/grp_Matrix_Vector_Activate_Batch_fu_28/accu_V_73_reg_155869[8]_bret__21_i_1_n_3
    SLICE_X79Y345        FDRE                                         r  finn_design_i/MVAU_hls_2/inst/grp_Matrix_Vector_Activate_Batch_fu_28/accu_V_73_reg_155869_reg[8]_bret__50/D
  -------------------------------------------------------------------    -------------------

                         (clock ap_clk rise edge)    10.000    10.000 r  
                                                      0.000    10.000 r  ap_clk (IN)
                         net (fo=13029, unset)        0.021    10.021    finn_design_i/MVAU_hls_2/inst/grp_Matrix_Vector_Activate_Batch_fu_28/ap_clk
    SLICE_X79Y345        FDRE                                         r  finn_design_i/MVAU_hls_2/inst/grp_Matrix_Vector_Activate_Batch_fu_28/accu_V_73_reg_155869_reg[8]_bret__50/C
                         clock pessimism              0.000    10.021    
                         clock uncertainty           -0.035     9.986    
    SLICE_X79Y345        FDRE (Setup_CFF_SLICEM_C_D)
                                                      0.025    10.011    finn_design_i/MVAU_hls_2/inst/grp_Matrix_Vector_Activate_Batch_fu_28/accu_V_73_reg_155869_reg[8]_bret__50
  -------------------------------------------------------------------
                         required time                         10.011    
                         arrival time                          -8.487    
  -------------------------------------------------------------------
                         slack                                  1.523    

Slack (MET) :             1.547ns  (required time - arrival time)
  Source:                 finn_design_i/MVAU_hls_2/inst/grp_Matrix_Vector_Activate_Batch_fu_28/tmp_366_reg_152897_reg[0]/C
                            (rising edge-triggered cell FDRE clocked by ap_clk  {rise@0.000ns fall@5.000ns period=10.000ns})
  Destination:            finn_design_i/MVAU_hls_2/inst/grp_Matrix_Vector_Activate_Batch_fu_28/accu_V_48_reg_155541_reg[8]_bret__10/D
                            (rising edge-triggered cell FDRE clocked by ap_clk  {rise@0.000ns fall@5.000ns period=10.000ns})
  Path Group:             ap_clk
  Path Type:              Setup (Max at Slow Process Corner)
  Requirement:            10.000ns  (ap_clk rise@10.000ns - ap_clk rise@0.000ns)
  Data Path Delay:        8.436ns  (logic 0.821ns (9.733%)  route 7.615ns (90.267%))
  Logic Levels:           10  (LUT3=1 LUT4=1 LUT5=5 LUT6=3)
  Clock Path Skew:        -0.007ns (DCD - SCD + CPR)
    Destination Clock Delay (DCD):    0.021ns = ( 10.021 - 10.000 ) 
    Source Clock Delay      (SCD):    0.028ns
    Clock Pessimism Removal (CPR):    0.000ns
  Clock Uncertainty:      0.035ns  ((TSJ^2 + TIJ^2)^1/2 + DJ) / 2 + PE
    Total System Jitter     (TSJ):    0.071ns
    Total Input Jitter      (TIJ):    0.000ns
    Discrete Jitter          (DJ):    0.000ns
    Phase Error              (PE):    0.000ns

    Location             Delay type                Incr(ns)  Path(ns)    Netlist Resource(s)
  -------------------------------------------------------------------    -------------------
                         (clock ap_clk rise edge)     0.000     0.000 r  
                                                      0.000     0.000 r  ap_clk (IN)
                         net (fo=13029, unset)        0.028     0.028    finn_design_i/MVAU_hls_2/inst/grp_Matrix_Vector_Activate_Batch_fu_28/ap_clk
    SLICE_X99Y66         FDRE                                         r  finn_design_i/MVAU_hls_2/inst/grp_Matrix_Vector_Activate_Batch_fu_28/tmp_366_reg_152897_reg[0]/C
  -------------------------------------------------------------------    -------------------
    SLICE_X99Y66         FDRE (Prop_DFF_SLICEL_C_Q)
                                                      0.079     0.107 f  finn_design_i/MVAU_hls_2/inst/grp_Matrix_Vector_Activate_Batch_fu_28/tmp_366_reg_152897_reg[0]/Q
                         net (fo=42, routed)          3.737     3.844    finn_design_i/MVAU_hls_2/inst/grp_Matrix_Vector_Activate_Batch_fu_28/tmp_366_reg_152897
    SLICE_X65Y299        LUT3 (Prop_H5LUT_SLICEL_I1_O)
                                                      0.133     3.977 r  finn_design_i/MVAU_hls_2/inst/grp_Matrix_Vector_Activate_Batch_fu_28/accu_V_90_reg_156074[8]_bret__12_i_15/O
                         net (fo=2, routed)           0.722     4.699    finn_design_i/MVAU_hls_2/inst/grp_Matrix_Vector_Activate_Batch_fu_28/zext_ln840_3388_fu_37388_p1[1]
    SLICE_X77Y302        LUT6 (Prop_F6LUT_SLICEL_I1_O)
                                                      0.049     4.748 r  finn_design_i/MVAU_hls_2/inst/grp_Matrix_Vector_Activate_Batch_fu_28/accu_V_90_reg_156074[8]_bret__12_i_9/O
                         net (fo=8, routed)           0.361     5.109    finn_design_i/MVAU_hls_2/inst/grp_Matrix_Vector_Activate_Batch_fu_28/zext_ln840_3391_fu_37424_p1[1]
    SLICE_X77Y320        LUT5 (Prop_E6LUT_SLICEL_I0_O)
                                                      0.051     5.160 r  finn_design_i/MVAU_hls_2/inst/grp_Matrix_Vector_Activate_Batch_fu_28/accu_V_64_reg_155734[8]_bret__16_i_28/O
                         net (fo=6, routed)           0.260     5.419    finn_design_i/MVAU_hls_2/inst/grp_Matrix_Vector_Activate_Batch_fu_28/accu_V_64_reg_155734[8]_bret__16_i_28_n_3
    SLICE_X79Y319        LUT6 (Prop_D6LUT_SLICEM_I5_O)
                                                      0.037     5.456 r  finn_design_i/MVAU_hls_2/inst/grp_Matrix_Vector_Activate_Batch_fu_28/accu_V_10_reg_155177[8]_bret__15_i_12/O
                         net (fo=9, routed)           0.398     5.854    finn_design_i/MVAU_hls_2/inst/grp_Matrix_Vector_Activate_Batch_fu_28/zext_ln840_3393_fu_37444_p1[1]
    SLICE_X70Y319        LUT4 (Prop_D6LUT_SLICEM_I0_O)
                                                      0.051     5.905 r  finn_design_i/MVAU_hls_2/inst/grp_Matrix_Vector_Activate_Batch_fu_28/accu_V_30_reg_155400[8]_bret__17_i_11/O
                         net (fo=17, routed)          0.425     6.331    finn_design_i/MVAU_hls_2/inst/grp_Matrix_Vector_Activate_Batch_fu_28/accu_V_30_reg_155400[8]_bret__17_i_11_n_3
    SLICE_X75Y325        LUT6 (Prop_C6LUT_SLICEL_I4_O)
                                                      0.050     6.381 r  finn_design_i/MVAU_hls_2/inst/grp_Matrix_Vector_Activate_Batch_fu_28/accu_V_48_reg_155541[8]_bret__0_i_10/O
                         net (fo=7, routed)           0.268     6.649    finn_design_i/MVAU_hls_2/inst/grp_Matrix_Vector_Activate_Batch_fu_28/accu_V_48_reg_155541[8]_bret__0_i_10_n_3
    SLICE_X75Y316        LUT5 (Prop_B5LUT_SLICEL_I2_O)
                                                      0.116     6.765 r  finn_design_i/MVAU_hls_2/inst/grp_Matrix_Vector_Activate_Batch_fu_28/accu_V_48_reg_155541[8]_bret_i_20/O
                         net (fo=2, routed)           0.345     7.110    finn_design_i/MVAU_hls_2/inst/grp_Matrix_Vector_Activate_Batch_fu_28/accu_V_48_reg_155541[8]_bret_i_20_n_3
    SLICE_X75Y305        LUT5 (Prop_E6LUT_SLICEL_I4_O)
                                                      0.035     7.145 r  finn_design_i/MVAU_hls_2/inst/grp_Matrix_Vector_Activate_Batch_fu_28/accu_V_48_reg_155541[8]_bret_i_5/O
                         net (fo=2, routed)           0.497     7.642    finn_design_i/MVAU_hls_2/inst/grp_Matrix_Vector_Activate_Batch_fu_28/accu_V_48_reg_155541[8]_bret_i_5_n_3
    SLICE_X75Y330        LUT5 (Prop_C5LUT_SLICEL_I3_O)
                                                      0.068     7.710 r  finn_design_i/MVAU_hls_2/inst/grp_Matrix_Vector_Activate_Batch_fu_28/accu_V_48_reg_155541[8]_bret_i_1/O
                         net (fo=5, routed)           0.297     8.007    finn_design_i/MVAU_hls_2/inst/grp_Matrix_Vector_Activate_Batch_fu_28/accu_V_48_reg_155541[8]_bret_i_1_n_3
    SLICE_X74Y334        LUT5 (Prop_H6LUT_SLICEM_I1_O)
                                                      0.152     8.159 r  finn_design_i/MVAU_hls_2/inst/grp_Matrix_Vector_Activate_Batch_fu_28/accu_V_48_reg_155541[8]_bret__10_i_1/O
                         net (fo=2, routed)           0.305     8.464    finn_design_i/MVAU_hls_2/inst/grp_Matrix_Vector_Activate_Batch_fu_28/accu_V_48_reg_155541[8]_bret__10_i_1_n_3
    SLICE_X74Y335        FDRE                                         r  finn_design_i/MVAU_hls_2/inst/grp_Matrix_Vector_Activate_Batch_fu_28/accu_V_48_reg_155541_reg[8]_bret__10/D
  -------------------------------------------------------------------    -------------------

                         (clock ap_clk rise edge)    10.000    10.000 r  
                                                      0.000    10.000 r  ap_clk (IN)
                         net (fo=13029, unset)        0.021    10.021    finn_design_i/MVAU_hls_2/inst/grp_Matrix_Vector_Activate_Batch_fu_28/ap_clk
    SLICE_X74Y335        FDRE                                         r  finn_design_i/MVAU_hls_2/inst/grp_Matrix_Vector_Activate_Batch_fu_28/accu_V_48_reg_155541_reg[8]_bret__10/C
                         clock pessimism              0.000    10.021    
                         clock uncertainty           -0.035     9.986    
    SLICE_X74Y335        FDRE (Setup_DFF2_SLICEM_C_D)
                                                      0.025    10.011    finn_design_i/MVAU_hls_2/inst/grp_Matrix_Vector_Activate_Batch_fu_28/accu_V_48_reg_155541_reg[8]_bret__10
  -------------------------------------------------------------------
                         required time                         10.011    
                         arrival time                          -8.464    
  -------------------------------------------------------------------
                         slack                                  1.547    

Slack (MET) :             1.552ns  (required time - arrival time)
  Source:                 finn_design_i/MVAU_hls_2/inst/grp_Matrix_Vector_Activate_Batch_fu_28/tmp_366_reg_152897_reg[0]/C
                            (rising edge-triggered cell FDRE clocked by ap_clk  {rise@0.000ns fall@5.000ns period=10.000ns})
  Destination:            finn_design_i/MVAU_hls_2/inst/grp_Matrix_Vector_Activate_Batch_fu_28/accu_V_48_reg_155541_reg[8]_bret__53/D
                            (rising edge-triggered cell FDRE clocked by ap_clk  {rise@0.000ns fall@5.000ns period=10.000ns})
  Path Group:             ap_clk
  Path Type:              Setup (Max at Slow Process Corner)
  Requirement:            10.000ns  (ap_clk rise@10.000ns - ap_clk rise@0.000ns)
  Data Path Delay:        8.431ns  (logic 0.821ns (9.738%)  route 7.610ns (90.262%))
  Logic Levels:           10  (LUT3=1 LUT4=1 LUT5=5 LUT6=3)
  Clock Path Skew:        -0.007ns (DCD - SCD + CPR)
    Destination Clock Delay (DCD):    0.021ns = ( 10.021 - 10.000 ) 
    Source Clock Delay      (SCD):    0.028ns
    Clock Pessimism Removal (CPR):    0.000ns
  Clock Uncertainty:      0.035ns  ((TSJ^2 + TIJ^2)^1/2 + DJ) / 2 + PE
    Total System Jitter     (TSJ):    0.071ns
    Total Input Jitter      (TIJ):    0.000ns
    Discrete Jitter          (DJ):    0.000ns
    Phase Error              (PE):    0.000ns

    Location             Delay type                Incr(ns)  Path(ns)    Netlist Resource(s)
  -------------------------------------------------------------------    -------------------
                         (clock ap_clk rise edge)     0.000     0.000 r  
                                                      0.000     0.000 r  ap_clk (IN)
                         net (fo=13029, unset)        0.028     0.028    finn_design_i/MVAU_hls_2/inst/grp_Matrix_Vector_Activate_Batch_fu_28/ap_clk
    SLICE_X99Y66         FDRE                                         r  finn_design_i/MVAU_hls_2/inst/grp_Matrix_Vector_Activate_Batch_fu_28/tmp_366_reg_152897_reg[0]/C
  -------------------------------------------------------------------    -------------------
    SLICE_X99Y66         FDRE (Prop_DFF_SLICEL_C_Q)
                                                      0.079     0.107 f  finn_design_i/MVAU_hls_2/inst/grp_Matrix_Vector_Activate_Batch_fu_28/tmp_366_reg_152897_reg[0]/Q
                         net (fo=42, routed)          3.737     3.844    finn_design_i/MVAU_hls_2/inst/grp_Matrix_Vector_Activate_Batch_fu_28/tmp_366_reg_152897
    SLICE_X65Y299        LUT3 (Prop_H5LUT_SLICEL_I1_O)
                                                      0.133     3.977 r  finn_design_i/MVAU_hls_2/inst/grp_Matrix_Vector_Activate_Batch_fu_28/accu_V_90_reg_156074[8]_bret__12_i_15/O
                         net (fo=2, routed)           0.722     4.699    finn_design_i/MVAU_hls_2/inst/grp_Matrix_Vector_Activate_Batch_fu_28/zext_ln840_3388_fu_37388_p1[1]
    SLICE_X77Y302        LUT6 (Prop_F6LUT_SLICEL_I1_O)
                                                      0.049     4.748 r  finn_design_i/MVAU_hls_2/inst/grp_Matrix_Vector_Activate_Batch_fu_28/accu_V_90_reg_156074[8]_bret__12_i_9/O
                         net (fo=8, routed)           0.361     5.109    finn_design_i/MVAU_hls_2/inst/grp_Matrix_Vector_Activate_Batch_fu_28/zext_ln840_3391_fu_37424_p1[1]
    SLICE_X77Y320        LUT5 (Prop_E6LUT_SLICEL_I0_O)
                                                      0.051     5.160 r  finn_design_i/MVAU_hls_2/inst/grp_Matrix_Vector_Activate_Batch_fu_28/accu_V_64_reg_155734[8]_bret__16_i_28/O
                         net (fo=6, routed)           0.260     5.419    finn_design_i/MVAU_hls_2/inst/grp_Matrix_Vector_Activate_Batch_fu_28/accu_V_64_reg_155734[8]_bret__16_i_28_n_3
    SLICE_X79Y319        LUT6 (Prop_D6LUT_SLICEM_I5_O)
                                                      0.037     5.456 r  finn_design_i/MVAU_hls_2/inst/grp_Matrix_Vector_Activate_Batch_fu_28/accu_V_10_reg_155177[8]_bret__15_i_12/O
                         net (fo=9, routed)           0.398     5.854    finn_design_i/MVAU_hls_2/inst/grp_Matrix_Vector_Activate_Batch_fu_28/zext_ln840_3393_fu_37444_p1[1]
    SLICE_X70Y319        LUT4 (Prop_D6LUT_SLICEM_I0_O)
                                                      0.051     5.905 r  finn_design_i/MVAU_hls_2/inst/grp_Matrix_Vector_Activate_Batch_fu_28/accu_V_30_reg_155400[8]_bret__17_i_11/O
                         net (fo=17, routed)          0.425     6.331    finn_design_i/MVAU_hls_2/inst/grp_Matrix_Vector_Activate_Batch_fu_28/accu_V_30_reg_155400[8]_bret__17_i_11_n_3
    SLICE_X75Y325        LUT6 (Prop_C6LUT_SLICEL_I4_O)
                                                      0.050     6.381 r  finn_design_i/MVAU_hls_2/inst/grp_Matrix_Vector_Activate_Batch_fu_28/accu_V_48_reg_155541[8]_bret__0_i_10/O
                         net (fo=7, routed)           0.268     6.649    finn_design_i/MVAU_hls_2/inst/grp_Matrix_Vector_Activate_Batch_fu_28/accu_V_48_reg_155541[8]_bret__0_i_10_n_3
    SLICE_X75Y316        LUT5 (Prop_B5LUT_SLICEL_I2_O)
                                                      0.116     6.765 r  finn_design_i/MVAU_hls_2/inst/grp_Matrix_Vector_Activate_Batch_fu_28/accu_V_48_reg_155541[8]_bret_i_20/O
                         net (fo=2, routed)           0.345     7.110    finn_design_i/MVAU_hls_2/inst/grp_Matrix_Vector_Activate_Batch_fu_28/accu_V_48_reg_155541[8]_bret_i_20_n_3
    SLICE_X75Y305        LUT5 (Prop_E6LUT_SLICEL_I4_O)
                                                      0.035     7.145 r  finn_design_i/MVAU_hls_2/inst/grp_Matrix_Vector_Activate_Batch_fu_28/accu_V_48_reg_155541[8]_bret_i_5/O
                         net (fo=2, routed)           0.497     7.642    finn_design_i/MVAU_hls_2/inst/grp_Matrix_Vector_Activate_Batch_fu_28/accu_V_48_reg_155541[8]_bret_i_5_n_3
    SLICE_X75Y330        LUT5 (Prop_C5LUT_SLICEL_I3_O)
                                                      0.068     7.710 r  finn_design_i/MVAU_hls_2/inst/grp_Matrix_Vector_Activate_Batch_fu_28/accu_V_48_reg_155541[8]_bret_i_1/O
                         net (fo=5, routed)           0.297     8.007    finn_design_i/MVAU_hls_2/inst/grp_Matrix_Vector_Activate_Batch_fu_28/accu_V_48_reg_155541[8]_bret_i_1_n_3
    SLICE_X74Y334        LUT5 (Prop_H6LUT_SLICEM_I1_O)
                                                      0.152     8.159 r  finn_design_i/MVAU_hls_2/inst/grp_Matrix_Vector_Activate_Batch_fu_28/accu_V_48_reg_155541[8]_bret__10_i_1/O
                         net (fo=2, routed)           0.300     8.459    finn_design_i/MVAU_hls_2/inst/grp_Matrix_Vector_Activate_Batch_fu_28/accu_V_48_reg_155541[8]_bret__10_i_1_n_3
    SLICE_X74Y335        FDRE                                         r  finn_design_i/MVAU_hls_2/inst/grp_Matrix_Vector_Activate_Batch_fu_28/accu_V_48_reg_155541_reg[8]_bret__53/D
  -------------------------------------------------------------------    -------------------

                         (clock ap_clk rise edge)    10.000    10.000 r  
                                                      0.000    10.000 r  ap_clk (IN)
                         net (fo=13029, unset)        0.021    10.021    finn_design_i/MVAU_hls_2/inst/grp_Matrix_Vector_Activate_Batch_fu_28/ap_clk
    SLICE_X74Y335        FDRE                                         r  finn_design_i/MVAU_hls_2/inst/grp_Matrix_Vector_Activate_Batch_fu_28/accu_V_48_reg_155541_reg[8]_bret__53/C
                         clock pessimism              0.000    10.021    
                         clock uncertainty           -0.035     9.986    
    SLICE_X74Y335        FDRE (Setup_HFF2_SLICEM_C_D)
                                                      0.025    10.011    finn_design_i/MVAU_hls_2/inst/grp_Matrix_Vector_Activate_Batch_fu_28/accu_V_48_reg_155541_reg[8]_bret__53
  -------------------------------------------------------------------
                         required time                         10.011    
                         arrival time                          -8.459    
  -------------------------------------------------------------------
                         slack                                  1.552    





Min Delay Paths
--------------------------------------------------------------------------------------
Slack (MET) :             0.012ns  (arrival time - required time)
  Source:                 finn_design_i/ConvolutionInputGenerator_rtl_2/inst/impl/Window_buffer_write_addr_reg_reg[1]/C
                            (rising edge-triggered cell FDRE clocked by ap_clk  {rise@0.000ns fall@5.000ns period=10.000ns})
  Destination:            finn_design_i/ConvolutionInputGenerator_rtl_2/inst/impl/window_buffer_inst/Ram_reg_0_127_0_0/DP.HIGH/WADR1
                            (rising edge-triggered cell RAMD64E clocked by ap_clk  {rise@0.000ns fall@5.000ns period=10.000ns})
  Path Group:             ap_clk
  Path Type:              Hold (Min at Slow Process Corner)
  Requirement:            0.000ns  (ap_clk rise@0.000ns - ap_clk rise@0.000ns)
  Data Path Delay:        0.136ns  (logic 0.061ns (44.714%)  route 0.075ns (55.286%))
  Logic Levels:           0  
  Clock Path Skew:        0.036ns (DCD - SCD - CPR)
    Destination Clock Delay (DCD):    0.057ns
    Source Clock Delay      (SCD):    0.021ns
    Clock Pessimism Removal (CPR):    -0.000ns

    Location             Delay type                Incr(ns)  Path(ns)    Netlist Resource(s)
  -------------------------------------------------------------------    -------------------
                         (clock ap_clk rise edge)     0.000     0.000 r  
                                                      0.000     0.000 r  ap_clk (IN)
                         net (fo=13029, unset)        0.021     0.021    finn_design_i/ConvolutionInputGenerator_rtl_2/inst/impl/ap_clk
    SLICE_X63Y247        FDRE                                         r  finn_design_i/ConvolutionInputGenerator_rtl_2/inst/impl/Window_buffer_write_addr_reg_reg[1]/C
  -------------------------------------------------------------------    -------------------
    SLICE_X63Y247        FDRE (Prop_DFF2_SLICEM_C_Q)
                                                      0.061     0.082 r  finn_design_i/ConvolutionInputGenerator_rtl_2/inst/impl/Window_buffer_write_addr_reg_reg[1]/Q
                         net (fo=28, routed)          0.075     0.157    finn_design_i/ConvolutionInputGenerator_rtl_2/inst/impl/window_buffer_inst/Ram_reg_0_127_0_0/A1
    SLICE_X63Y245        RAMD64E                                      r  finn_design_i/ConvolutionInputGenerator_rtl_2/inst/impl/window_buffer_inst/Ram_reg_0_127_0_0/DP.HIGH/WADR1
  -------------------------------------------------------------------    -------------------

                         (clock ap_clk rise edge)     0.000     0.000 r  
                                                      0.000     0.000 r  ap_clk (IN)
                         net (fo=13029, unset)        0.057     0.057    finn_design_i/ConvolutionInputGenerator_rtl_2/inst/impl/window_buffer_inst/Ram_reg_0_127_0_0/WCLK
    SLICE_X63Y245        RAMD64E                                      r  finn_design_i/ConvolutionInputGenerator_rtl_2/inst/impl/window_buffer_inst/Ram_reg_0_127_0_0/DP.HIGH/CLK
                         clock pessimism              0.000     0.057    
    SLICE_X63Y245        RAMD64E (Hold_E6LUT_SLICEM_CLK_WADR1)
                                                      0.088     0.145    finn_design_i/ConvolutionInputGenerator_rtl_2/inst/impl/window_buffer_inst/Ram_reg_0_127_0_0/DP.HIGH
  -------------------------------------------------------------------
                         required time                         -0.145    
                         arrival time                           0.157    
  -------------------------------------------------------------------
                         slack                                  0.012    

Slack (MET) :             0.012ns  (arrival time - required time)
  Source:                 finn_design_i/ConvolutionInputGenerator_rtl_2/inst/impl/Window_buffer_write_addr_reg_reg[1]/C
                            (rising edge-triggered cell FDRE clocked by ap_clk  {rise@0.000ns fall@5.000ns period=10.000ns})
  Destination:            finn_design_i/ConvolutionInputGenerator_rtl_2/inst/impl/window_buffer_inst/Ram_reg_0_127_0_0/DP.LOW/WADR1
                            (rising edge-triggered cell RAMD64E clocked by ap_clk  {rise@0.000ns fall@5.000ns period=10.000ns})
  Path Group:             ap_clk
  Path Type:              Hold (Min at Slow Process Corner)
  Requirement:            0.000ns  (ap_clk rise@0.000ns - ap_clk rise@0.000ns)
  Data Path Delay:        0.136ns  (logic 0.061ns (44.714%)  route 0.075ns (55.286%))
  Logic Levels:           0  
  Clock Path Skew:        0.036ns (DCD - SCD - CPR)
    Destination Clock Delay (DCD):    0.057ns
    Source Clock Delay      (SCD):    0.021ns
    Clock Pessimism Removal (CPR):    -0.000ns

    Location             Delay type                Incr(ns)  Path(ns)    Netlist Resource(s)
  -------------------------------------------------------------------    -------------------
                         (clock ap_clk rise edge)     0.000     0.000 r  
                                                      0.000     0.000 r  ap_clk (IN)
                         net (fo=13029, unset)        0.021     0.021    finn_design_i/ConvolutionInputGenerator_rtl_2/inst/impl/ap_clk
    SLICE_X63Y247        FDRE                                         r  finn_design_i/ConvolutionInputGenerator_rtl_2/inst/impl/Window_buffer_write_addr_reg_reg[1]/C
  -------------------------------------------------------------------    -------------------
    SLICE_X63Y247        FDRE (Prop_DFF2_SLICEM_C_Q)
                                                      0.061     0.082 r  finn_design_i/ConvolutionInputGenerator_rtl_2/inst/impl/Window_buffer_write_addr_reg_reg[1]/Q
                         net (fo=28, routed)          0.075     0.157    finn_design_i/ConvolutionInputGenerator_rtl_2/inst/impl/window_buffer_inst/Ram_reg_0_127_0_0/A1
    SLICE_X63Y245        RAMD64E                                      r  finn_design_i/ConvolutionInputGenerator_rtl_2/inst/impl/window_buffer_inst/Ram_reg_0_127_0_0/DP.LOW/WADR1
  -------------------------------------------------------------------    -------------------

                         (clock ap_clk rise edge)     0.000     0.000 r  
                                                      0.000     0.000 r  ap_clk (IN)
                         net (fo=13029, unset)        0.057     0.057    finn_design_i/ConvolutionInputGenerator_rtl_2/inst/impl/window_buffer_inst/Ram_reg_0_127_0_0/WCLK
    SLICE_X63Y245        RAMD64E                                      r  finn_design_i/ConvolutionInputGenerator_rtl_2/inst/impl/window_buffer_inst/Ram_reg_0_127_0_0/DP.LOW/CLK
                         clock pessimism              0.000     0.057    
    SLICE_X63Y245        RAMD64E (Hold_F6LUT_SLICEM_CLK_WADR1)
                                                      0.088     0.145    finn_design_i/ConvolutionInputGenerator_rtl_2/inst/impl/window_buffer_inst/Ram_reg_0_127_0_0/DP.LOW
  -------------------------------------------------------------------
                         required time                         -0.145    
                         arrival time                           0.157    
  -------------------------------------------------------------------
                         slack                                  0.012    

Slack (MET) :             0.012ns  (arrival time - required time)
  Source:                 finn_design_i/ConvolutionInputGenerator_rtl_2/inst/impl/Window_buffer_write_addr_reg_reg[1]/C
                            (rising edge-triggered cell FDRE clocked by ap_clk  {rise@0.000ns fall@5.000ns period=10.000ns})
  Destination:            finn_design_i/ConvolutionInputGenerator_rtl_2/inst/impl/window_buffer_inst/Ram_reg_0_127_0_0/SP.HIGH/WADR1
                            (rising edge-triggered cell RAMD64E clocked by ap_clk  {rise@0.000ns fall@5.000ns period=10.000ns})
  Path Group:             ap_clk
  Path Type:              Hold (Min at Slow Process Corner)
  Requirement:            0.000ns  (ap_clk rise@0.000ns - ap_clk rise@0.000ns)
  Data Path Delay:        0.136ns  (logic 0.061ns (44.714%)  route 0.075ns (55.286%))
  Logic Levels:           0  
  Clock Path Skew:        0.036ns (DCD - SCD - CPR)
    Destination Clock Delay (DCD):    0.057ns
    Source Clock Delay      (SCD):    0.021ns
    Clock Pessimism Removal (CPR):    -0.000ns

    Location             Delay type                Incr(ns)  Path(ns)    Netlist Resource(s)
  -------------------------------------------------------------------    -------------------
                         (clock ap_clk rise edge)     0.000     0.000 r  
                                                      0.000     0.000 r  ap_clk (IN)
                         net (fo=13029, unset)        0.021     0.021    finn_design_i/ConvolutionInputGenerator_rtl_2/inst/impl/ap_clk
    SLICE_X63Y247        FDRE                                         r  finn_design_i/ConvolutionInputGenerator_rtl_2/inst/impl/Window_buffer_write_addr_reg_reg[1]/C
  -------------------------------------------------------------------    -------------------
    SLICE_X63Y247        FDRE (Prop_DFF2_SLICEM_C_Q)
                                                      0.061     0.082 r  finn_design_i/ConvolutionInputGenerator_rtl_2/inst/impl/Window_buffer_write_addr_reg_reg[1]/Q
                         net (fo=28, routed)          0.075     0.157    finn_design_i/ConvolutionInputGenerator_rtl_2/inst/impl/window_buffer_inst/Ram_reg_0_127_0_0/A1
    SLICE_X63Y245        RAMD64E                                      r  finn_design_i/ConvolutionInputGenerator_rtl_2/inst/impl/window_buffer_inst/Ram_reg_0_127_0_0/SP.HIGH/WADR1
  -------------------------------------------------------------------    -------------------

                         (clock ap_clk rise edge)     0.000     0.000 r  
                                                      0.000     0.000 r  ap_clk (IN)
                         net (fo=13029, unset)        0.057     0.057    finn_design_i/ConvolutionInputGenerator_rtl_2/inst/impl/window_buffer_inst/Ram_reg_0_127_0_0/WCLK
    SLICE_X63Y245        RAMD64E                                      r  finn_design_i/ConvolutionInputGenerator_rtl_2/inst/impl/window_buffer_inst/Ram_reg_0_127_0_0/SP.HIGH/CLK
                         clock pessimism              0.000     0.057    
    SLICE_X63Y245        RAMD64E (Hold_G6LUT_SLICEM_CLK_WADR1)
                                                      0.088     0.145    finn_design_i/ConvolutionInputGenerator_rtl_2/inst/impl/window_buffer_inst/Ram_reg_0_127_0_0/SP.HIGH
  -------------------------------------------------------------------
                         required time                         -0.145    
                         arrival time                           0.157    
  -------------------------------------------------------------------
                         slack                                  0.012    

Slack (MET) :             0.012ns  (arrival time - required time)
  Source:                 finn_design_i/ConvolutionInputGenerator_rtl_2/inst/impl/Window_buffer_write_addr_reg_reg[1]/C
                            (rising edge-triggered cell FDRE clocked by ap_clk  {rise@0.000ns fall@5.000ns period=10.000ns})
  Destination:            finn_design_i/ConvolutionInputGenerator_rtl_2/inst/impl/window_buffer_inst/Ram_reg_0_127_0_0/SP.LOW/WADR1
                            (rising edge-triggered cell RAMD64E clocked by ap_clk  {rise@0.000ns fall@5.000ns period=10.000ns})
  Path Group:             ap_clk
  Path Type:              Hold (Min at Slow Process Corner)
  Requirement:            0.000ns  (ap_clk rise@0.000ns - ap_clk rise@0.000ns)
  Data Path Delay:        0.136ns  (logic 0.061ns (44.714%)  route 0.075ns (55.286%))
  Logic Levels:           0  
  Clock Path Skew:        0.036ns (DCD - SCD - CPR)
    Destination Clock Delay (DCD):    0.057ns
    Source Clock Delay      (SCD):    0.021ns
    Clock Pessimism Removal (CPR):    -0.000ns

    Location             Delay type                Incr(ns)  Path(ns)    Netlist Resource(s)
  -------------------------------------------------------------------    -------------------
                         (clock ap_clk rise edge)     0.000     0.000 r  
                                                      0.000     0.000 r  ap_clk (IN)
                         net (fo=13029, unset)        0.021     0.021    finn_design_i/ConvolutionInputGenerator_rtl_2/inst/impl/ap_clk
    SLICE_X63Y247        FDRE                                         r  finn_design_i/ConvolutionInputGenerator_rtl_2/inst/impl/Window_buffer_write_addr_reg_reg[1]/C
  -------------------------------------------------------------------    -------------------
    SLICE_X63Y247        FDRE (Prop_DFF2_SLICEM_C_Q)
                                                      0.061     0.082 r  finn_design_i/ConvolutionInputGenerator_rtl_2/inst/impl/Window_buffer_write_addr_reg_reg[1]/Q
                         net (fo=28, routed)          0.075     0.157    finn_design_i/ConvolutionInputGenerator_rtl_2/inst/impl/window_buffer_inst/Ram_reg_0_127_0_0/A1
    SLICE_X63Y245        RAMD64E                                      r  finn_design_i/ConvolutionInputGenerator_rtl_2/inst/impl/window_buffer_inst/Ram_reg_0_127_0_0/SP.LOW/WADR1
  -------------------------------------------------------------------    -------------------

                         (clock ap_clk rise edge)     0.000     0.000 r  
                                                      0.000     0.000 r  ap_clk (IN)
                         net (fo=13029, unset)        0.057     0.057    finn_design_i/ConvolutionInputGenerator_rtl_2/inst/impl/window_buffer_inst/Ram_reg_0_127_0_0/WCLK
    SLICE_X63Y245        RAMD64E                                      r  finn_design_i/ConvolutionInputGenerator_rtl_2/inst/impl/window_buffer_inst/Ram_reg_0_127_0_0/SP.LOW/CLK
                         clock pessimism              0.000     0.057    
    SLICE_X63Y245        RAMD64E (Hold_H6LUT_SLICEM_CLK_WADR1)
                                                      0.088     0.145    finn_design_i/ConvolutionInputGenerator_rtl_2/inst/impl/window_buffer_inst/Ram_reg_0_127_0_0/SP.LOW
  -------------------------------------------------------------------
                         required time                         -0.145    
                         arrival time                           0.157    
  -------------------------------------------------------------------
                         slack                                  0.012    

Slack (MET) :             0.019ns  (arrival time - required time)
  Source:                 finn_design_i/ConvolutionInputGenerator_rtl_0/inst/impl/window_buffer_inst/ram_buffer_inst_2/Out_reg_reg[4]/C
                            (rising edge-triggered cell FDRE clocked by ap_clk  {rise@0.000ns fall@5.000ns period=10.000ns})
  Destination:            finn_design_i/ConvolutionInputGenerator_rtl_0/inst/impl/window_buffer_inst/reg_buffer_inst_3/Data_reg[0][4]/D
                            (rising edge-triggered cell FDRE clocked by ap_clk  {rise@0.000ns fall@5.000ns period=10.000ns})
  Path Group:             ap_clk
  Path Type:              Hold (Min at Fast Process Corner)
  Requirement:            0.000ns  (ap_clk rise@0.000ns - ap_clk rise@0.000ns)
  Data Path Delay:        0.072ns  (logic 0.039ns (54.167%)  route 0.033ns (45.833%))
  Logic Levels:           0  
  Clock Path Skew:        0.006ns (DCD - SCD - CPR)
    Destination Clock Delay (DCD):    0.019ns
    Source Clock Delay      (SCD):    0.013ns
    Clock Pessimism Removal (CPR):    -0.000ns

    Location             Delay type                Incr(ns)  Path(ns)    Netlist Resource(s)
  -------------------------------------------------------------------    -------------------
                         (clock ap_clk rise edge)     0.000     0.000 r  
                                                      0.000     0.000 r  ap_clk (IN)
                         net (fo=13029, unset)        0.013     0.013    finn_design_i/ConvolutionInputGenerator_rtl_0/inst/impl/window_buffer_inst/ram_buffer_inst_2/ap_clk
    SLICE_X48Y252        FDRE                                         r  finn_design_i/ConvolutionInputGenerator_rtl_0/inst/impl/window_buffer_inst/ram_buffer_inst_2/Out_reg_reg[4]/C
  -------------------------------------------------------------------    -------------------
    SLICE_X48Y252        FDRE (Prop_HFF_SLICEL_C_Q)
                                                      0.039     0.052 r  finn_design_i/ConvolutionInputGenerator_rtl_0/inst/impl/window_buffer_inst/ram_buffer_inst_2/Out_reg_reg[4]/Q
                         net (fo=1, routed)           0.033     0.085    finn_design_i/ConvolutionInputGenerator_rtl_0/inst/impl/window_buffer_inst/reg_buffer_inst_3/Data_reg[0][7]_0[4]
    SLICE_X48Y252        FDRE                                         r  finn_design_i/ConvolutionInputGenerator_rtl_0/inst/impl/window_buffer_inst/reg_buffer_inst_3/Data_reg[0][4]/D
  -------------------------------------------------------------------    -------------------

                         (clock ap_clk rise edge)     0.000     0.000 r  
                                                      0.000     0.000 r  ap_clk (IN)
                         net (fo=13029, unset)        0.019     0.019    finn_design_i/ConvolutionInputGenerator_rtl_0/inst/impl/window_buffer_inst/reg_buffer_inst_3/ap_clk
    SLICE_X48Y252        FDRE                                         r  finn_design_i/ConvolutionInputGenerator_rtl_0/inst/impl/window_buffer_inst/reg_buffer_inst_3/Data_reg[0][4]/C
                         clock pessimism              0.000     0.019    
    SLICE_X48Y252        FDRE (Hold_HFF2_SLICEL_C_D)
                                                      0.047     0.066    finn_design_i/ConvolutionInputGenerator_rtl_0/inst/impl/window_buffer_inst/reg_buffer_inst_3/Data_reg[0][4]
  -------------------------------------------------------------------
                         required time                         -0.066    
                         arrival time                           0.085    
  -------------------------------------------------------------------
                         slack                                  0.019    

Slack (MET) :             0.019ns  (arrival time - required time)
  Source:                 finn_design_i/ConvolutionInputGenerator_rtl_0/inst/impl/window_buffer_inst/ram_buffer_inst_3/Out_reg_reg[0]/C
                            (rising edge-triggered cell FDRE clocked by ap_clk  {rise@0.000ns fall@5.000ns period=10.000ns})
  Destination:            finn_design_i/ConvolutionInputGenerator_rtl_0/inst/impl/window_buffer_inst/reg_buffer_inst_4/Data_reg[0][0]/D
                            (rising edge-triggered cell FDRE clocked by ap_clk  {rise@0.000ns fall@5.000ns period=10.000ns})
  Path Group:             ap_clk
  Path Type:              Hold (Min at Fast Process Corner)
  Requirement:            0.000ns  (ap_clk rise@0.000ns - ap_clk rise@0.000ns)
  Data Path Delay:        0.072ns  (logic 0.039ns (54.167%)  route 0.033ns (45.833%))
  Logic Levels:           0  
  Clock Path Skew:        0.006ns (DCD - SCD - CPR)
    Destination Clock Delay (DCD):    0.019ns
    Source Clock Delay      (SCD):    0.013ns
    Clock Pessimism Removal (CPR):    -0.000ns

    Location             Delay type                Incr(ns)  Path(ns)    Netlist Resource(s)
  -------------------------------------------------------------------    -------------------
                         (clock ap_clk rise edge)     0.000     0.000 r  
                                                      0.000     0.000 r  ap_clk (IN)
                         net (fo=13029, unset)        0.013     0.013    finn_design_i/ConvolutionInputGenerator_rtl_0/inst/impl/window_buffer_inst/ram_buffer_inst_3/ap_clk
    SLICE_X44Y250        FDRE                                         r  finn_design_i/ConvolutionInputGenerator_rtl_0/inst/impl/window_buffer_inst/ram_buffer_inst_3/Out_reg_reg[0]/C
  -------------------------------------------------------------------    -------------------
    SLICE_X44Y250        FDRE (Prop_HFF_SLICEL_C_Q)
                                                      0.039     0.052 r  finn_design_i/ConvolutionInputGenerator_rtl_0/inst/impl/window_buffer_inst/ram_buffer_inst_3/Out_reg_reg[0]/Q
                         net (fo=1, routed)           0.033     0.085    finn_design_i/ConvolutionInputGenerator_rtl_0/inst/impl/window_buffer_inst/reg_buffer_inst_4/Data_reg[0][7]_1[0]
    SLICE_X44Y250        FDRE                                         r  finn_design_i/ConvolutionInputGenerator_rtl_0/inst/impl/window_buffer_inst/reg_buffer_inst_4/Data_reg[0][0]/D
  -------------------------------------------------------------------    -------------------

                         (clock ap_clk rise edge)     0.000     0.000 r  
                                                      0.000     0.000 r  ap_clk (IN)
                         net (fo=13029, unset)        0.019     0.019    finn_design_i/ConvolutionInputGenerator_rtl_0/inst/impl/window_buffer_inst/reg_buffer_inst_4/ap_clk
    SLICE_X44Y250        FDRE                                         r  finn_design_i/ConvolutionInputGenerator_rtl_0/inst/impl/window_buffer_inst/reg_buffer_inst_4/Data_reg[0][0]/C
                         clock pessimism              0.000     0.019    
    SLICE_X44Y250        FDRE (Hold_HFF2_SLICEL_C_D)
                                                      0.047     0.066    finn_design_i/ConvolutionInputGenerator_rtl_0/inst/impl/window_buffer_inst/reg_buffer_inst_4/Data_reg[0][0]
  -------------------------------------------------------------------
                         required time                         -0.066    
                         arrival time                           0.085    
  -------------------------------------------------------------------
                         slack                                  0.019    

Slack (MET) :             0.019ns  (arrival time - required time)
  Source:                 finn_design_i/ConvolutionInputGenerator_rtl_1/inst/impl/window_buffer_inst/ram_buffer_inst_1/Out_reg_reg[1]/C
                            (rising edge-triggered cell FDRE clocked by ap_clk  {rise@0.000ns fall@5.000ns period=10.000ns})
  Destination:            finn_design_i/ConvolutionInputGenerator_rtl_1/inst/impl/window_buffer_inst/reg_buffer_inst_2/Data_reg[0][1]/D
                            (rising edge-triggered cell FDRE clocked by ap_clk  {rise@0.000ns fall@5.000ns period=10.000ns})
  Path Group:             ap_clk
  Path Type:              Hold (Min at Fast Process Corner)
  Requirement:            0.000ns  (ap_clk rise@0.000ns - ap_clk rise@0.000ns)
  Data Path Delay:        0.072ns  (logic 0.039ns (54.167%)  route 0.033ns (45.833%))
  Logic Levels:           0  
  Clock Path Skew:        0.006ns (DCD - SCD - CPR)
    Destination Clock Delay (DCD):    0.019ns
    Source Clock Delay      (SCD):    0.013ns
    Clock Pessimism Removal (CPR):    -0.000ns

    Location             Delay type                Incr(ns)  Path(ns)    Netlist Resource(s)
  -------------------------------------------------------------------    -------------------
                         (clock ap_clk rise edge)     0.000     0.000 r  
                                                      0.000     0.000 r  ap_clk (IN)
                         net (fo=13029, unset)        0.013     0.013    finn_design_i/ConvolutionInputGenerator_rtl_1/inst/impl/window_buffer_inst/ram_buffer_inst_1/ap_clk
    SLICE_X5Y297         FDRE                                         r  finn_design_i/ConvolutionInputGenerator_rtl_1/inst/impl/window_buffer_inst/ram_buffer_inst_1/Out_reg_reg[1]/C
  -------------------------------------------------------------------    -------------------
    SLICE_X5Y297         FDRE (Prop_HFF_SLICEL_C_Q)
                                                      0.039     0.052 r  finn_design_i/ConvolutionInputGenerator_rtl_1/inst/impl/window_buffer_inst/ram_buffer_inst_1/Out_reg_reg[1]/Q
                         net (fo=1, routed)           0.033     0.085    finn_design_i/ConvolutionInputGenerator_rtl_1/inst/impl/window_buffer_inst/reg_buffer_inst_2/Data_reg[0][5]_0[1]
    SLICE_X5Y297         FDRE                                         r  finn_design_i/ConvolutionInputGenerator_rtl_1/inst/impl/window_buffer_inst/reg_buffer_inst_2/Data_reg[0][1]/D
  -------------------------------------------------------------------    -------------------

                         (clock ap_clk rise edge)     0.000     0.000 r  
                                                      0.000     0.000 r  ap_clk (IN)
                         net (fo=13029, unset)        0.019     0.019    finn_design_i/ConvolutionInputGenerator_rtl_1/inst/impl/window_buffer_inst/reg_buffer_inst_2/ap_clk
    SLICE_X5Y297         FDRE                                         r  finn_design_i/ConvolutionInputGenerator_rtl_1/inst/impl/window_buffer_inst/reg_buffer_inst_2/Data_reg[0][1]/C
                         clock pessimism              0.000     0.019    
    SLICE_X5Y297         FDRE (Hold_HFF2_SLICEL_C_D)
                                                      0.047     0.066    finn_design_i/ConvolutionInputGenerator_rtl_1/inst/impl/window_buffer_inst/reg_buffer_inst_2/Data_reg[0][1]
  -------------------------------------------------------------------
                         required time                         -0.066    
                         arrival time                           0.085    
  -------------------------------------------------------------------
                         slack                                  0.019    

Slack (MET) :             0.021ns  (arrival time - required time)
  Source:                 finn_design_i/StreamingDataWidthConverter_rtl_1/inst/impl/core/genUp.ADat_reg[316][0]/C
                            (rising edge-triggered cell FDRE clocked by ap_clk  {rise@0.000ns fall@5.000ns period=10.000ns})
  Destination:            finn_design_i/StreamingFIFO_rtl_9/inst/impl/srl_reg[0][316]/D
                            (rising edge-triggered cell FDRE clocked by ap_clk  {rise@0.000ns fall@5.000ns period=10.000ns})
  Path Group:             ap_clk
  Path Type:              Hold (Min at Fast Process Corner)
  Requirement:            0.000ns  (ap_clk rise@0.000ns - ap_clk rise@0.000ns)
  Data Path Delay:        0.074ns  (logic 0.039ns (52.703%)  route 0.035ns (47.297%))
  Logic Levels:           0  
  Clock Path Skew:        0.006ns (DCD - SCD - CPR)
    Destination Clock Delay (DCD):    0.019ns
    Source Clock Delay      (SCD):    0.013ns
    Clock Pessimism Removal (CPR):    -0.000ns

    Location             Delay type                Incr(ns)  Path(ns)    Netlist Resource(s)
  -------------------------------------------------------------------    -------------------
                         (clock ap_clk rise edge)     0.000     0.000 r  
                                                      0.000     0.000 r  ap_clk (IN)
                         net (fo=13029, unset)        0.013     0.013    finn_design_i/StreamingDataWidthConverter_rtl_1/inst/impl/core/ap_clk
    SLICE_X103Y70        FDRE                                         r  finn_design_i/StreamingDataWidthConverter_rtl_1/inst/impl/core/genUp.ADat_reg[316][0]/C
  -------------------------------------------------------------------    -------------------
    SLICE_X103Y70        FDRE (Prop_FFF_SLICEL_C_Q)
                                                      0.039     0.052 r  finn_design_i/StreamingDataWidthConverter_rtl_1/inst/impl/core/genUp.ADat_reg[316][0]/Q
                         net (fo=3, routed)           0.035     0.087    finn_design_i/StreamingFIFO_rtl_9/inst/impl/D[316]
    SLICE_X103Y70        FDRE                                         r  finn_design_i/StreamingFIFO_rtl_9/inst/impl/srl_reg[0][316]/D
  -------------------------------------------------------------------    -------------------

                         (clock ap_clk rise edge)     0.000     0.000 r  
                                                      0.000     0.000 r  ap_clk (IN)
                         net (fo=13029, unset)        0.019     0.019    finn_design_i/StreamingFIFO_rtl_9/inst/impl/ap_clk
    SLICE_X103Y70        FDRE                                         r  finn_design_i/StreamingFIFO_rtl_9/inst/impl/srl_reg[0][316]/C
                         clock pessimism              0.000     0.019    
    SLICE_X103Y70        FDRE (Hold_EFF2_SLICEL_C_D)
                                                      0.047     0.066    finn_design_i/StreamingFIFO_rtl_9/inst/impl/srl_reg[0][316]
  -------------------------------------------------------------------
                         required time                         -0.066    
                         arrival time                           0.087    
  -------------------------------------------------------------------
                         slack                                  0.021    

Slack (MET) :             0.021ns  (arrival time - required time)
  Source:                 finn_design_i/StreamingDataWidthConverter_rtl_1/inst/impl/core/genUp.ADat_reg[8][0]/C
                            (rising edge-triggered cell FDRE clocked by ap_clk  {rise@0.000ns fall@5.000ns period=10.000ns})
  Destination:            finn_design_i/StreamingFIFO_rtl_9/inst/impl/srl_reg[0][8]/D
                            (rising edge-triggered cell FDRE clocked by ap_clk  {rise@0.000ns fall@5.000ns period=10.000ns})
  Path Group:             ap_clk
  Path Type:              Hold (Min at Fast Process Corner)
  Requirement:            0.000ns  (ap_clk rise@0.000ns - ap_clk rise@0.000ns)
  Data Path Delay:        0.074ns  (logic 0.039ns (52.703%)  route 0.035ns (47.297%))
  Logic Levels:           0  
  Clock Path Skew:        0.006ns (DCD - SCD - CPR)
    Destination Clock Delay (DCD):    0.019ns
    Source Clock Delay      (SCD):    0.013ns
    Clock Pessimism Removal (CPR):    -0.000ns

    Location             Delay type                Incr(ns)  Path(ns)    Netlist Resource(s)
  -------------------------------------------------------------------    -------------------
                         (clock ap_clk rise edge)     0.000     0.000 r  
                                                      0.000     0.000 r  ap_clk (IN)
                         net (fo=13029, unset)        0.013     0.013    finn_design_i/StreamingDataWidthConverter_rtl_1/inst/impl/core/ap_clk
    SLICE_X108Y224       FDRE                                         r  finn_design_i/StreamingDataWidthConverter_rtl_1/inst/impl/core/genUp.ADat_reg[8][0]/C
  -------------------------------------------------------------------    -------------------
    SLICE_X108Y224       FDRE (Prop_FFF_SLICEL_C_Q)
                                                      0.039     0.052 r  finn_design_i/StreamingDataWidthConverter_rtl_1/inst/impl/core/genUp.ADat_reg[8][0]/Q
                         net (fo=3, routed)           0.035     0.087    finn_design_i/StreamingFIFO_rtl_9/inst/impl/D[8]
    SLICE_X108Y224       FDRE                                         r  finn_design_i/StreamingFIFO_rtl_9/inst/impl/srl_reg[0][8]/D
  -------------------------------------------------------------------    -------------------

                         (clock ap_clk rise edge)     0.000     0.000 r  
                                                      0.000     0.000 r  ap_clk (IN)
                         net (fo=13029, unset)        0.019     0.019    finn_design_i/StreamingFIFO_rtl_9/inst/impl/ap_clk
    SLICE_X108Y224       FDRE                                         r  finn_design_i/StreamingFIFO_rtl_9/inst/impl/srl_reg[0][8]/C
                         clock pessimism              0.000     0.019    
    SLICE_X108Y224       FDRE (Hold_EFF2_SLICEL_C_D)
                                                      0.047     0.066    finn_design_i/StreamingFIFO_rtl_9/inst/impl/srl_reg[0][8]
  -------------------------------------------------------------------
                         required time                         -0.066    
                         arrival time                           0.087    
  -------------------------------------------------------------------
                         slack                                  0.021    

Slack (MET) :             0.021ns  (arrival time - required time)
  Source:                 finn_design_i/StreamingMaxPool_hls_0/inst/grp_StreamingMaxPool_hls_0_Pipeline_VITIS_LOOP_79_3_VITIS_LOOP_80_4_VITIS_LOOP_82_5_fu_209/icmp_ln79_reg_326_reg[0]/C
                            (rising edge-triggered cell FDRE clocked by ap_clk  {rise@0.000ns fall@5.000ns period=10.000ns})
  Destination:            finn_design_i/StreamingMaxPool_hls_0/inst/grp_StreamingMaxPool_hls_0_Pipeline_VITIS_LOOP_79_3_VITIS_LOOP_80_4_VITIS_LOOP_82_5_fu_209/icmp_ln79_reg_326_pp0_iter1_reg_reg[0]/D
                            (rising edge-triggered cell FDRE clocked by ap_clk  {rise@0.000ns fall@5.000ns period=10.000ns})
  Path Group:             ap_clk
  Path Type:              Hold (Min at Fast Process Corner)
  Requirement:            0.000ns  (ap_clk rise@0.000ns - ap_clk rise@0.000ns)
  Data Path Delay:        0.074ns  (logic 0.039ns (52.637%)  route 0.035ns (47.363%))
  Logic Levels:           0  
  Clock Path Skew:        0.006ns (DCD - SCD - CPR)
    Destination Clock Delay (DCD):    0.019ns
    Source Clock Delay      (SCD):    0.013ns
    Clock Pessimism Removal (CPR):    -0.000ns

    Location             Delay type                Incr(ns)  Path(ns)    Netlist Resource(s)
  -------------------------------------------------------------------    -------------------
                         (clock ap_clk rise edge)     0.000     0.000 r  
                                                      0.000     0.000 r  ap_clk (IN)
                         net (fo=13029, unset)        0.013     0.013    finn_design_i/StreamingMaxPool_hls_0/inst/grp_StreamingMaxPool_hls_0_Pipeline_VITIS_LOOP_79_3_VITIS_LOOP_80_4_VITIS_LOOP_82_5_fu_209/ap_clk
    SLICE_X51Y263        FDRE                                         r  finn_design_i/StreamingMaxPool_hls_0/inst/grp_StreamingMaxPool_hls_0_Pipeline_VITIS_LOOP_79_3_VITIS_LOOP_80_4_VITIS_LOOP_82_5_fu_209/icmp_ln79_reg_326_reg[0]/C
  -------------------------------------------------------------------    -------------------
    SLICE_X51Y263        FDRE (Prop_HFF_SLICEL_C_Q)
                                                      0.039     0.052 r  finn_design_i/StreamingMaxPool_hls_0/inst/grp_StreamingMaxPool_hls_0_Pipeline_VITIS_LOOP_79_3_VITIS_LOOP_80_4_VITIS_LOOP_82_5_fu_209/icmp_ln79_reg_326_reg[0]/Q
                         net (fo=3, routed)           0.035     0.087    finn_design_i/StreamingMaxPool_hls_0/inst/grp_StreamingMaxPool_hls_0_Pipeline_VITIS_LOOP_79_3_VITIS_LOOP_80_4_VITIS_LOOP_82_5_fu_209/icmp_ln79_reg_326
    SLICE_X51Y263        FDRE                                         r  finn_design_i/StreamingMaxPool_hls_0/inst/grp_StreamingMaxPool_hls_0_Pipeline_VITIS_LOOP_79_3_VITIS_LOOP_80_4_VITIS_LOOP_82_5_fu_209/icmp_ln79_reg_326_pp0_iter1_reg_reg[0]/D
  -------------------------------------------------------------------    -------------------

                         (clock ap_clk rise edge)     0.000     0.000 r  
                                                      0.000     0.000 r  ap_clk (IN)
                         net (fo=13029, unset)        0.019     0.019    finn_design_i/StreamingMaxPool_hls_0/inst/grp_StreamingMaxPool_hls_0_Pipeline_VITIS_LOOP_79_3_VITIS_LOOP_80_4_VITIS_LOOP_82_5_fu_209/ap_clk
    SLICE_X51Y263        FDRE                                         r  finn_design_i/StreamingMaxPool_hls_0/inst/grp_StreamingMaxPool_hls_0_Pipeline_VITIS_LOOP_79_3_VITIS_LOOP_80_4_VITIS_LOOP_82_5_fu_209/icmp_ln79_reg_326_pp0_iter1_reg_reg[0]/C
                         clock pessimism              0.000     0.019    
    SLICE_X51Y263        FDRE (Hold_HFF2_SLICEL_C_D)
                                                      0.047     0.066    finn_design_i/StreamingMaxPool_hls_0/inst/grp_StreamingMaxPool_hls_0_Pipeline_VITIS_LOOP_79_3_VITIS_LOOP_80_4_VITIS_LOOP_82_5_fu_209/icmp_ln79_reg_326_pp0_iter1_reg_reg[0]
  -------------------------------------------------------------------
                         required time                         -0.066    
                         arrival time                           0.087    
  -------------------------------------------------------------------
                         slack                                  0.021    





Pulse Width Checks
--------------------------------------------------------------------------------------
Clock Name:         ap_clk
Waveform(ns):       { 0.000 5.000 }
Period(ns):         10.000
Sources:            { ap_clk }

Check Type        Corner  Lib Pin             Reference Pin  Required(ns)  Actual(ns)  Slack(ns)  Location       Pin
Min Period        n/a     RAMB18E2/CLKARDCLK  n/a            1.569         10.000      8.431      RAMB18_X1Y104  finn_design_i/StreamingMaxPool_hls_0/inst/buf_V_U/ram_reg_bram_0/CLKARDCLK
Min Period        n/a     RAMB18E2/CLKBWRCLK  n/a            1.569         10.000      8.431      RAMB18_X1Y104  finn_design_i/StreamingMaxPool_hls_0/inst/buf_V_U/ram_reg_bram_0/CLKBWRCLK
Min Period        n/a     RAMB18E2/CLKARDCLK  n/a            1.569         10.000      8.431      RAMB18_X1Y96   finn_design_i/StreamingMaxPool_hls_1/inst/buf_V_U/ram_reg_bram_0/CLKARDCLK
Min Period        n/a     RAMB18E2/CLKBWRCLK  n/a            1.569         10.000      8.431      RAMB18_X1Y96   finn_design_i/StreamingMaxPool_hls_1/inst/buf_V_U/ram_reg_bram_0/CLKBWRCLK
Min Period        n/a     RAMD32/CLK          n/a            1.064         10.000      8.936      SLICE_X42Y284  finn_design_i/ConvolutionInputGenerator_rtl_0/inst/impl/window_buffer_inst/ram_buffer_inst_0/Ram_reg_0_31_0_7/RAMA/CLK
Min Period        n/a     RAMD32/CLK          n/a            1.064         10.000      8.936      SLICE_X42Y284  finn_design_i/ConvolutionInputGenerator_rtl_0/inst/impl/window_buffer_inst/ram_buffer_inst_0/Ram_reg_0_31_0_7/RAMA_D1/CLK
Min Period        n/a     RAMD32/CLK          n/a            1.064         10.000      8.936      SLICE_X42Y284  finn_design_i/ConvolutionInputGenerator_rtl_0/inst/impl/window_buffer_inst/ram_buffer_inst_0/Ram_reg_0_31_0_7/RAMB/CLK
Min Period        n/a     RAMD32/CLK          n/a            1.064         10.000      8.936      SLICE_X42Y284  finn_design_i/ConvolutionInputGenerator_rtl_0/inst/impl/window_buffer_inst/ram_buffer_inst_0/Ram_reg_0_31_0_7/RAMB_D1/CLK
Min Period        n/a     RAMD32/CLK          n/a            1.064         10.000      8.936      SLICE_X42Y284  finn_design_i/ConvolutionInputGenerator_rtl_0/inst/impl/window_buffer_inst/ram_buffer_inst_0/Ram_reg_0_31_0_7/RAMC/CLK
Min Period        n/a     RAMD32/CLK          n/a            1.064         10.000      8.936      SLICE_X42Y284  finn_design_i/ConvolutionInputGenerator_rtl_0/inst/impl/window_buffer_inst/ram_buffer_inst_0/Ram_reg_0_31_0_7/RAMC_D1/CLK
Low Pulse Width   Slow    RAMB18E2/CLKARDCLK  n/a            0.542         5.000       4.458      RAMB18_X1Y104  finn_design_i/StreamingMaxPool_hls_0/inst/buf_V_U/ram_reg_bram_0/CLKARDCLK
Low Pulse Width   Fast    RAMB18E2/CLKARDCLK  n/a            0.542         5.000       4.458      RAMB18_X1Y104  finn_design_i/StreamingMaxPool_hls_0/inst/buf_V_U/ram_reg_bram_0/CLKARDCLK
Low Pulse Width   Slow    RAMB18E2/CLKBWRCLK  n/a            0.542         5.000       4.458      RAMB18_X1Y104  finn_design_i/StreamingMaxPool_hls_0/inst/buf_V_U/ram_reg_bram_0/CLKBWRCLK
Low Pulse Width   Fast    RAMB18E2/CLKBWRCLK  n/a            0.542         5.000       4.458      RAMB18_X1Y104  finn_design_i/StreamingMaxPool_hls_0/inst/buf_V_U/ram_reg_bram_0/CLKBWRCLK
Low Pulse Width   Slow    RAMB18E2/CLKARDCLK  n/a            0.542         5.000       4.458      RAMB18_X1Y96   finn_design_i/StreamingMaxPool_hls_1/inst/buf_V_U/ram_reg_bram_0/CLKARDCLK
Low Pulse Width   Fast    RAMB18E2/CLKARDCLK  n/a            0.542         5.000       4.458      RAMB18_X1Y96   finn_design_i/StreamingMaxPool_hls_1/inst/buf_V_U/ram_reg_bram_0/CLKARDCLK
Low Pulse Width   Slow    RAMB18E2/CLKBWRCLK  n/a            0.542         5.000       4.458      RAMB18_X1Y96   finn_design_i/StreamingMaxPool_hls_1/inst/buf_V_U/ram_reg_bram_0/CLKBWRCLK
Low Pulse Width   Fast    RAMB18E2/CLKBWRCLK  n/a            0.542         5.000       4.458      RAMB18_X1Y96   finn_design_i/StreamingMaxPool_hls_1/inst/buf_V_U/ram_reg_bram_0/CLKBWRCLK
Low Pulse Width   Slow    RAMD32/CLK          n/a            0.532         5.000       4.468      SLICE_X42Y284  finn_design_i/ConvolutionInputGenerator_rtl_0/inst/impl/window_buffer_inst/ram_buffer_inst_0/Ram_reg_0_31_0_7/RAMA/CLK
Low Pulse Width   Fast    RAMD32/CLK          n/a            0.532         5.000       4.468      SLICE_X42Y284  finn_design_i/ConvolutionInputGenerator_rtl_0/inst/impl/window_buffer_inst/ram_buffer_inst_0/Ram_reg_0_31_0_7/RAMA/CLK
High Pulse Width  Slow    RAMB18E2/CLKARDCLK  n/a            0.542         5.000       4.458      RAMB18_X1Y104  finn_design_i/StreamingMaxPool_hls_0/inst/buf_V_U/ram_reg_bram_0/CLKARDCLK
High Pulse Width  Fast    RAMB18E2/CLKARDCLK  n/a            0.542         5.000       4.458      RAMB18_X1Y104  finn_design_i/StreamingMaxPool_hls_0/inst/buf_V_U/ram_reg_bram_0/CLKARDCLK
High Pulse Width  Slow    RAMB18E2/CLKBWRCLK  n/a            0.542         5.000       4.458      RAMB18_X1Y104  finn_design_i/StreamingMaxPool_hls_0/inst/buf_V_U/ram_reg_bram_0/CLKBWRCLK
High Pulse Width  Fast    RAMB18E2/CLKBWRCLK  n/a            0.542         5.000       4.458      RAMB18_X1Y104  finn_design_i/StreamingMaxPool_hls_0/inst/buf_V_U/ram_reg_bram_0/CLKBWRCLK
High Pulse Width  Slow    RAMB18E2/CLKARDCLK  n/a            0.542         5.000       4.458      RAMB18_X1Y96   finn_design_i/StreamingMaxPool_hls_1/inst/buf_V_U/ram_reg_bram_0/CLKARDCLK
High Pulse Width  Fast    RAMB18E2/CLKARDCLK  n/a            0.542         5.000       4.458      RAMB18_X1Y96   finn_design_i/StreamingMaxPool_hls_1/inst/buf_V_U/ram_reg_bram_0/CLKARDCLK
High Pulse Width  Slow    RAMB18E2/CLKBWRCLK  n/a            0.542         5.000       4.458      RAMB18_X1Y96   finn_design_i/StreamingMaxPool_hls_1/inst/buf_V_U/ram_reg_bram_0/CLKBWRCLK
High Pulse Width  Fast    RAMB18E2/CLKBWRCLK  n/a            0.542         5.000       4.458      RAMB18_X1Y96   finn_design_i/StreamingMaxPool_hls_1/inst/buf_V_U/ram_reg_bram_0/CLKBWRCLK
High Pulse Width  Slow    RAMD32/CLK          n/a            0.532         5.000       4.468      SLICE_X42Y284  finn_design_i/ConvolutionInputGenerator_rtl_0/inst/impl/window_buffer_inst/ram_buffer_inst_0/Ram_reg_0_31_0_7/RAMA/CLK
High Pulse Width  Fast    RAMD32/CLK          n/a            0.532         5.000       4.468      SLICE_X42Y284  finn_design_i/ConvolutionInputGenerator_rtl_0/inst/impl/window_buffer_inst/ram_buffer_inst_0/Ram_reg_0_31_0_7/RAMA/CLK



--------------------------------------------------------------------------------------
Path Group:  (none)
From Clock:  ap_clk
  To Clock:  

Max Delay            72 Endpoints
Min Delay            72 Endpoints
--------------------------------------------------------------------------------------


Max Delay Paths
--------------------------------------------------------------------------------------
Slack:                    inf
  Source:                 finn_design_i/StreamingFIFO_rtl_12/inst/impl/srlo_reg[11]/C
                            (rising edge-triggered cell FDRE clocked by ap_clk  {rise@0.000ns fall@5.000ns period=10.000ns})
  Destination:            m_axis_0_tdata[11]
                            (output port)
  Path Group:             (none)
  Path Type:              Max at Slow Process Corner
  Data Path Delay:        0.079ns  (logic 0.079ns (100.000%)  route 0.000ns (0.000%))
  Logic Levels:           0  
  Clock Uncertainty:      0.025ns  ((TSJ^2 + TIJ^2)^1/2 + DJ) / 2 + PE
    Total System Jitter     (TSJ):    0.050ns
    Total Input Jitter      (TIJ):    0.000ns
    Discrete Jitter          (DJ):    0.000ns
    Phase Error              (PE):    0.000ns

    Location             Delay type                Incr(ns)  Path(ns)    Netlist Resource(s)
  -------------------------------------------------------------------    -------------------
                         (clock ap_clk rise edge)     0.000     0.000 r  
                                                      0.000     0.000 r  ap_clk (IN)
                         net (fo=13029, unset)        0.030     0.030    finn_design_i/StreamingFIFO_rtl_12/inst/impl/ap_clk
    SLICE_X47Y349        FDRE                                         r  finn_design_i/StreamingFIFO_rtl_12/inst/impl/srlo_reg[11]/C
  -------------------------------------------------------------------    -------------------
    SLICE_X47Y349        FDRE (Prop_HFF_SLICEM_C_Q)
                                                      0.079     0.109 r  finn_design_i/StreamingFIFO_rtl_12/inst/impl/srlo_reg[11]/Q
                         net (fo=0)                   0.000     0.109    m_axis_0_tdata[11]
                                                                      r  m_axis_0_tdata[11] (OUT)
  -------------------------------------------------------------------    -------------------

Slack:                    inf
  Source:                 finn_design_i/StreamingFIFO_rtl_12/inst/impl/srlo_reg[16]/C
                            (rising edge-triggered cell FDRE clocked by ap_clk  {rise@0.000ns fall@5.000ns period=10.000ns})
  Destination:            m_axis_0_tdata[16]
                            (output port)
  Path Group:             (none)
  Path Type:              Max at Slow Process Corner
  Data Path Delay:        0.079ns  (logic 0.079ns (100.000%)  route 0.000ns (0.000%))
  Logic Levels:           0  
  Clock Uncertainty:      0.025ns  ((TSJ^2 + TIJ^2)^1/2 + DJ) / 2 + PE
    Total System Jitter     (TSJ):    0.050ns
    Total Input Jitter      (TIJ):    0.000ns
    Discrete Jitter          (DJ):    0.000ns
    Phase Error              (PE):    0.000ns

    Location             Delay type                Incr(ns)  Path(ns)    Netlist Resource(s)
  -------------------------------------------------------------------    -------------------
                         (clock ap_clk rise edge)     0.000     0.000 r  
                                                      0.000     0.000 r  ap_clk (IN)
                         net (fo=13029, unset)        0.030     0.030    finn_design_i/StreamingFIFO_rtl_12/inst/impl/ap_clk
    SLICE_X25Y350        FDRE                                         r  finn_design_i/StreamingFIFO_rtl_12/inst/impl/srlo_reg[16]/C
  -------------------------------------------------------------------    -------------------
    SLICE_X25Y350        FDRE (Prop_HFF_SLICEM_C_Q)
                                                      0.079     0.109 r  finn_design_i/StreamingFIFO_rtl_12/inst/impl/srlo_reg[16]/Q
                         net (fo=0)                   0.000     0.109    m_axis_0_tdata[16]
                                                                      r  m_axis_0_tdata[16] (OUT)
  -------------------------------------------------------------------    -------------------

Slack:                    inf
  Source:                 finn_design_i/StreamingFIFO_rtl_12/inst/impl/srlo_reg[17]/C
                            (rising edge-triggered cell FDRE clocked by ap_clk  {rise@0.000ns fall@5.000ns period=10.000ns})
  Destination:            m_axis_0_tdata[17]
                            (output port)
  Path Group:             (none)
  Path Type:              Max at Slow Process Corner
  Data Path Delay:        0.079ns  (logic 0.079ns (100.000%)  route 0.000ns (0.000%))
  Logic Levels:           0  
  Clock Uncertainty:      0.025ns  ((TSJ^2 + TIJ^2)^1/2 + DJ) / 2 + PE
    Total System Jitter     (TSJ):    0.050ns
    Total Input Jitter      (TIJ):    0.000ns
    Discrete Jitter          (DJ):    0.000ns
    Phase Error              (PE):    0.000ns

    Location             Delay type                Incr(ns)  Path(ns)    Netlist Resource(s)
  -------------------------------------------------------------------    -------------------
                         (clock ap_clk rise edge)     0.000     0.000 r  
                                                      0.000     0.000 r  ap_clk (IN)
                         net (fo=13029, unset)        0.030     0.030    finn_design_i/StreamingFIFO_rtl_12/inst/impl/ap_clk
    SLICE_X29Y348        FDRE                                         r  finn_design_i/StreamingFIFO_rtl_12/inst/impl/srlo_reg[17]/C
  -------------------------------------------------------------------    -------------------
    SLICE_X29Y348        FDRE (Prop_HFF_SLICEM_C_Q)
                                                      0.079     0.109 r  finn_design_i/StreamingFIFO_rtl_12/inst/impl/srlo_reg[17]/Q
                         net (fo=0)                   0.000     0.109    m_axis_0_tdata[17]
                                                                      r  m_axis_0_tdata[17] (OUT)
  -------------------------------------------------------------------    -------------------

Slack:                    inf
  Source:                 finn_design_i/StreamingFIFO_rtl_12/inst/impl/srlo_reg[20]/C
                            (rising edge-triggered cell FDRE clocked by ap_clk  {rise@0.000ns fall@5.000ns period=10.000ns})
  Destination:            m_axis_0_tdata[20]
                            (output port)
  Path Group:             (none)
  Path Type:              Max at Slow Process Corner
  Data Path Delay:        0.079ns  (logic 0.079ns (100.000%)  route 0.000ns (0.000%))
  Logic Levels:           0  
  Clock Uncertainty:      0.025ns  ((TSJ^2 + TIJ^2)^1/2 + DJ) / 2 + PE
    Total System Jitter     (TSJ):    0.050ns
    Total Input Jitter      (TIJ):    0.000ns
    Discrete Jitter          (DJ):    0.000ns
    Phase Error              (PE):    0.000ns

    Location             Delay type                Incr(ns)  Path(ns)    Netlist Resource(s)
  -------------------------------------------------------------------    -------------------
                         (clock ap_clk rise edge)     0.000     0.000 r  
                                                      0.000     0.000 r  ap_clk (IN)
                         net (fo=13029, unset)        0.030     0.030    finn_design_i/StreamingFIFO_rtl_12/inst/impl/ap_clk
    SLICE_X23Y351        FDRE                                         r  finn_design_i/StreamingFIFO_rtl_12/inst/impl/srlo_reg[20]/C
  -------------------------------------------------------------------    -------------------
    SLICE_X23Y351        FDRE (Prop_HFF_SLICEM_C_Q)
                                                      0.079     0.109 r  finn_design_i/StreamingFIFO_rtl_12/inst/impl/srlo_reg[20]/Q
                         net (fo=0)                   0.000     0.109    m_axis_0_tdata[20]
                                                                      r  m_axis_0_tdata[20] (OUT)
  -------------------------------------------------------------------    -------------------

Slack:                    inf
  Source:                 finn_design_i/StreamingFIFO_rtl_12/inst/impl/srlo_reg[26]/C
                            (rising edge-triggered cell FDRE clocked by ap_clk  {rise@0.000ns fall@5.000ns period=10.000ns})
  Destination:            m_axis_0_tdata[26]
                            (output port)
  Path Group:             (none)
  Path Type:              Max at Slow Process Corner
  Data Path Delay:        0.079ns  (logic 0.079ns (100.000%)  route 0.000ns (0.000%))
  Logic Levels:           0  
  Clock Uncertainty:      0.025ns  ((TSJ^2 + TIJ^2)^1/2 + DJ) / 2 + PE
    Total System Jitter     (TSJ):    0.050ns
    Total Input Jitter      (TIJ):    0.000ns
    Discrete Jitter          (DJ):    0.000ns
    Phase Error              (PE):    0.000ns

    Location             Delay type                Incr(ns)  Path(ns)    Netlist Resource(s)
  -------------------------------------------------------------------    -------------------
                         (clock ap_clk rise edge)     0.000     0.000 r  
                                                      0.000     0.000 r  ap_clk (IN)
                         net (fo=13029, unset)        0.030     0.030    finn_design_i/StreamingFIFO_rtl_12/inst/impl/ap_clk
    SLICE_X50Y348        FDRE                                         r  finn_design_i/StreamingFIFO_rtl_12/inst/impl/srlo_reg[26]/C
  -------------------------------------------------------------------    -------------------
    SLICE_X50Y348        FDRE (Prop_HFF_SLICEM_C_Q)
                                                      0.079     0.109 r  finn_design_i/StreamingFIFO_rtl_12/inst/impl/srlo_reg[26]/Q
                         net (fo=0)                   0.000     0.109    m_axis_0_tdata[26]
                                                                      r  m_axis_0_tdata[26] (OUT)
  -------------------------------------------------------------------    -------------------

Slack:                    inf
  Source:                 finn_design_i/StreamingFIFO_rtl_12/inst/impl/srlo_reg[53]/C
                            (rising edge-triggered cell FDRE clocked by ap_clk  {rise@0.000ns fall@5.000ns period=10.000ns})
  Destination:            m_axis_0_tdata[53]
                            (output port)
  Path Group:             (none)
  Path Type:              Max at Slow Process Corner
  Data Path Delay:        0.079ns  (logic 0.079ns (100.000%)  route 0.000ns (0.000%))
  Logic Levels:           0  
  Clock Uncertainty:      0.025ns  ((TSJ^2 + TIJ^2)^1/2 + DJ) / 2 + PE
    Total System Jitter     (TSJ):    0.050ns
    Total Input Jitter      (TIJ):    0.000ns
    Discrete Jitter          (DJ):    0.000ns
    Phase Error              (PE):    0.000ns

    Location             Delay type                Incr(ns)  Path(ns)    Netlist Resource(s)
  -------------------------------------------------------------------    -------------------
                         (clock ap_clk rise edge)     0.000     0.000 r  
                                                      0.000     0.000 r  ap_clk (IN)
                         net (fo=13029, unset)        0.030     0.030    finn_design_i/StreamingFIFO_rtl_12/inst/impl/ap_clk
    SLICE_X47Y352        FDRE                                         r  finn_design_i/StreamingFIFO_rtl_12/inst/impl/srlo_reg[53]/C
  -------------------------------------------------------------------    -------------------
    SLICE_X47Y352        FDRE (Prop_HFF_SLICEM_C_Q)
                                                      0.079     0.109 r  finn_design_i/StreamingFIFO_rtl_12/inst/impl/srlo_reg[53]/Q
                         net (fo=0)                   0.000     0.109    m_axis_0_tdata[53]
                                                                      r  m_axis_0_tdata[53] (OUT)
  -------------------------------------------------------------------    -------------------

Slack:                    inf
  Source:                 finn_design_i/StreamingFIFO_rtl_12/inst/impl/srlo_reg[0]/C
                            (rising edge-triggered cell FDRE clocked by ap_clk  {rise@0.000ns fall@5.000ns period=10.000ns})
  Destination:            m_axis_0_tdata[0]
                            (output port)
  Path Group:             (none)
  Path Type:              Max at Slow Process Corner
  Data Path Delay:        0.079ns  (logic 0.079ns (100.000%)  route 0.000ns (0.000%))
  Logic Levels:           0  
  Clock Uncertainty:      0.025ns  ((TSJ^2 + TIJ^2)^1/2 + DJ) / 2 + PE
    Total System Jitter     (TSJ):    0.050ns
    Total Input Jitter      (TIJ):    0.000ns
    Discrete Jitter          (DJ):    0.000ns
    Phase Error              (PE):    0.000ns

    Location             Delay type                Incr(ns)  Path(ns)    Netlist Resource(s)
  -------------------------------------------------------------------    -------------------
                         (clock ap_clk rise edge)     0.000     0.000 r  
                                                      0.000     0.000 r  ap_clk (IN)
                         net (fo=13029, unset)        0.029     0.029    finn_design_i/StreamingFIFO_rtl_12/inst/impl/ap_clk
    SLICE_X26Y350        FDRE                                         r  finn_design_i/StreamingFIFO_rtl_12/inst/impl/srlo_reg[0]/C
  -------------------------------------------------------------------    -------------------
    SLICE_X26Y350        FDRE (Prop_EFF_SLICEL_C_Q)
                                                      0.079     0.108 r  finn_design_i/StreamingFIFO_rtl_12/inst/impl/srlo_reg[0]/Q
                         net (fo=0)                   0.000     0.108    m_axis_0_tdata[0]
                                                                      r  m_axis_0_tdata[0] (OUT)
  -------------------------------------------------------------------    -------------------

Slack:                    inf
  Source:                 finn_design_i/StreamingFIFO_rtl_12/inst/impl/srlo_reg[10]/C
                            (rising edge-triggered cell FDRE clocked by ap_clk  {rise@0.000ns fall@5.000ns period=10.000ns})
  Destination:            m_axis_0_tdata[10]
                            (output port)
  Path Group:             (none)
  Path Type:              Max at Slow Process Corner
  Data Path Delay:        0.078ns  (logic 0.078ns (100.000%)  route 0.000ns (0.000%))
  Logic Levels:           0  
  Clock Uncertainty:      0.025ns  ((TSJ^2 + TIJ^2)^1/2 + DJ) / 2 + PE
    Total System Jitter     (TSJ):    0.050ns
    Total Input Jitter      (TIJ):    0.000ns
    Discrete Jitter          (DJ):    0.000ns
    Phase Error              (PE):    0.000ns

    Location             Delay type                Incr(ns)  Path(ns)    Netlist Resource(s)
  -------------------------------------------------------------------    -------------------
                         (clock ap_clk rise edge)     0.000     0.000 r  
                                                      0.000     0.000 r  ap_clk (IN)
                         net (fo=13029, unset)        0.030     0.030    finn_design_i/StreamingFIFO_rtl_12/inst/impl/ap_clk
    SLICE_X47Y351        FDRE                                         r  finn_design_i/StreamingFIFO_rtl_12/inst/impl/srlo_reg[10]/C
  -------------------------------------------------------------------    -------------------
    SLICE_X47Y351        FDRE (Prop_DFF_SLICEM_C_Q)
                                                      0.078     0.108 r  finn_design_i/StreamingFIFO_rtl_12/inst/impl/srlo_reg[10]/Q
                         net (fo=0)                   0.000     0.108    m_axis_0_tdata[10]
                                                                      r  m_axis_0_tdata[10] (OUT)
  -------------------------------------------------------------------    -------------------

Slack:                    inf
  Source:                 finn_design_i/StreamingFIFO_rtl_12/inst/impl/srlo_reg[13]/C
                            (rising edge-triggered cell FDRE clocked by ap_clk  {rise@0.000ns fall@5.000ns period=10.000ns})
  Destination:            m_axis_0_tdata[13]
                            (output port)
  Path Group:             (none)
  Path Type:              Max at Slow Process Corner
  Data Path Delay:        0.078ns  (logic 0.078ns (100.000%)  route 0.000ns (0.000%))
  Logic Levels:           0  
  Clock Uncertainty:      0.025ns  ((TSJ^2 + TIJ^2)^1/2 + DJ) / 2 + PE
    Total System Jitter     (TSJ):    0.050ns
    Total Input Jitter      (TIJ):    0.000ns
    Discrete Jitter          (DJ):    0.000ns
    Phase Error              (PE):    0.000ns

    Location             Delay type                Incr(ns)  Path(ns)    Netlist Resource(s)
  -------------------------------------------------------------------    -------------------
                         (clock ap_clk rise edge)     0.000     0.000 r  
                                                      0.000     0.000 r  ap_clk (IN)
                         net (fo=13029, unset)        0.030     0.030    finn_design_i/StreamingFIFO_rtl_12/inst/impl/ap_clk
    SLICE_X49Y350        FDRE                                         r  finn_design_i/StreamingFIFO_rtl_12/inst/impl/srlo_reg[13]/C
  -------------------------------------------------------------------    -------------------
    SLICE_X49Y350        FDRE (Prop_DFF_SLICEM_C_Q)
                                                      0.078     0.108 r  finn_design_i/StreamingFIFO_rtl_12/inst/impl/srlo_reg[13]/Q
                         net (fo=0)                   0.000     0.108    m_axis_0_tdata[13]
                                                                      r  m_axis_0_tdata[13] (OUT)
  -------------------------------------------------------------------    -------------------

Slack:                    inf
  Source:                 finn_design_i/StreamingFIFO_rtl_12/inst/impl/srlo_reg[18]/C
                            (rising edge-triggered cell FDRE clocked by ap_clk  {rise@0.000ns fall@5.000ns period=10.000ns})
  Destination:            m_axis_0_tdata[18]
                            (output port)
  Path Group:             (none)
  Path Type:              Max at Slow Process Corner
  Data Path Delay:        0.078ns  (logic 0.078ns (100.000%)  route 0.000ns (0.000%))
  Logic Levels:           0  
  Clock Uncertainty:      0.025ns  ((TSJ^2 + TIJ^2)^1/2 + DJ) / 2 + PE
    Total System Jitter     (TSJ):    0.050ns
    Total Input Jitter      (TIJ):    0.000ns
    Discrete Jitter          (DJ):    0.000ns
    Phase Error              (PE):    0.000ns

    Location             Delay type                Incr(ns)  Path(ns)    Netlist Resource(s)
  -------------------------------------------------------------------    -------------------
                         (clock ap_clk rise edge)     0.000     0.000 r  
                                                      0.000     0.000 r  ap_clk (IN)
                         net (fo=13029, unset)        0.030     0.030    finn_design_i/StreamingFIFO_rtl_12/inst/impl/ap_clk
    SLICE_X25Y350        FDRE                                         r  finn_design_i/StreamingFIFO_rtl_12/inst/impl/srlo_reg[18]/C
  -------------------------------------------------------------------    -------------------
    SLICE_X25Y350        FDRE (Prop_GFF_SLICEM_C_Q)
                                                      0.078     0.108 r  finn_design_i/StreamingFIFO_rtl_12/inst/impl/srlo_reg[18]/Q
                         net (fo=0)                   0.000     0.108    m_axis_0_tdata[18]
                                                                      r  m_axis_0_tdata[18] (OUT)
  -------------------------------------------------------------------    -------------------





Min Delay Paths
--------------------------------------------------------------------------------------
Slack:                    inf
  Source:                 finn_design_i/StreamingFIFO_rtl_12/inst/impl/srlo_reg[28]/C
                            (rising edge-triggered cell FDRE clocked by ap_clk  {rise@0.000ns fall@5.000ns period=10.000ns})
  Destination:            m_axis_0_tdata[28]
                            (output port)
  Path Group:             (none)
  Path Type:              Min at Fast Process Corner
  Data Path Delay:        0.037ns  (logic 0.037ns (100.000%)  route 0.000ns (0.000%))
  Logic Levels:           0  
  Clock Uncertainty:      0.025ns  ((TSJ^2 + TIJ^2)^1/2 + DJ) / 2 + PE
    Total System Jitter     (TSJ):    0.050ns
    Total Input Jitter      (TIJ):    0.000ns
    Discrete Jitter          (DJ):    0.000ns
    Phase Error              (PE):    0.000ns

    Location             Delay type                Incr(ns)  Path(ns)    Netlist Resource(s)
  -------------------------------------------------------------------    -------------------
                         (clock ap_clk rise edge)     0.000     0.000 r  
                                                      0.000     0.000 r  ap_clk (IN)
                         net (fo=13029, unset)        0.013     0.013    finn_design_i/StreamingFIFO_rtl_12/inst/impl/ap_clk
    SLICE_X50Y348        FDRE                                         r  finn_design_i/StreamingFIFO_rtl_12/inst/impl/srlo_reg[28]/C
  -------------------------------------------------------------------    -------------------
    SLICE_X50Y348        FDRE (Prop_FFF_SLICEM_C_Q)
                                                      0.037     0.050 r  finn_design_i/StreamingFIFO_rtl_12/inst/impl/srlo_reg[28]/Q
                         net (fo=0)                   0.000     0.050    m_axis_0_tdata[28]
                                                                      r  m_axis_0_tdata[28] (OUT)
  -------------------------------------------------------------------    -------------------

Slack:                    inf
  Source:                 finn_design_i/StreamingFIFO_rtl_12/inst/impl/srlo_reg[45]/C
                            (rising edge-triggered cell FDRE clocked by ap_clk  {rise@0.000ns fall@5.000ns period=10.000ns})
  Destination:            m_axis_0_tdata[45]
                            (output port)
  Path Group:             (none)
  Path Type:              Min at Fast Process Corner
  Data Path Delay:        0.037ns  (logic 0.037ns (100.000%)  route 0.000ns (0.000%))
  Logic Levels:           0  
  Clock Uncertainty:      0.025ns  ((TSJ^2 + TIJ^2)^1/2 + DJ) / 2 + PE
    Total System Jitter     (TSJ):    0.050ns
    Total Input Jitter      (TIJ):    0.000ns
    Discrete Jitter          (DJ):    0.000ns
    Phase Error              (PE):    0.000ns

    Location             Delay type                Incr(ns)  Path(ns)    Netlist Resource(s)
  -------------------------------------------------------------------    -------------------
                         (clock ap_clk rise edge)     0.000     0.000 r  
                                                      0.000     0.000 r  ap_clk (IN)
                         net (fo=13029, unset)        0.013     0.013    finn_design_i/StreamingFIFO_rtl_12/inst/impl/ap_clk
    SLICE_X23Y351        FDRE                                         r  finn_design_i/StreamingFIFO_rtl_12/inst/impl/srlo_reg[45]/C
  -------------------------------------------------------------------    -------------------
    SLICE_X23Y351        FDRE (Prop_FFF_SLICEM_C_Q)
                                                      0.037     0.050 r  finn_design_i/StreamingFIFO_rtl_12/inst/impl/srlo_reg[45]/Q
                         net (fo=0)                   0.000     0.050    m_axis_0_tdata[45]
                                                                      r  m_axis_0_tdata[45] (OUT)
  -------------------------------------------------------------------    -------------------

Slack:                    inf
  Source:                 finn_design_i/StreamingFIFO_rtl_12/inst/impl/srlo_reg[46]/C
                            (rising edge-triggered cell FDRE clocked by ap_clk  {rise@0.000ns fall@5.000ns period=10.000ns})
  Destination:            m_axis_0_tdata[46]
                            (output port)
  Path Group:             (none)
  Path Type:              Min at Fast Process Corner
  Data Path Delay:        0.037ns  (logic 0.037ns (100.000%)  route 0.000ns (0.000%))
  Logic Levels:           0  
  Clock Uncertainty:      0.025ns  ((TSJ^2 + TIJ^2)^1/2 + DJ) / 2 + PE
    Total System Jitter     (TSJ):    0.050ns
    Total Input Jitter      (TIJ):    0.000ns
    Discrete Jitter          (DJ):    0.000ns
    Phase Error              (PE):    0.000ns

    Location             Delay type                Incr(ns)  Path(ns)    Netlist Resource(s)
  -------------------------------------------------------------------    -------------------
                         (clock ap_clk rise edge)     0.000     0.000 r  
                                                      0.000     0.000 r  ap_clk (IN)
                         net (fo=13029, unset)        0.013     0.013    finn_design_i/StreamingFIFO_rtl_12/inst/impl/ap_clk
    SLICE_X25Y350        FDRE                                         r  finn_design_i/StreamingFIFO_rtl_12/inst/impl/srlo_reg[46]/C
  -------------------------------------------------------------------    -------------------
    SLICE_X25Y350        FDRE (Prop_FFF_SLICEM_C_Q)
                                                      0.037     0.050 r  finn_design_i/StreamingFIFO_rtl_12/inst/impl/srlo_reg[46]/Q
                         net (fo=0)                   0.000     0.050    m_axis_0_tdata[46]
                                                                      r  m_axis_0_tdata[46] (OUT)
  -------------------------------------------------------------------    -------------------

Slack:                    inf
  Source:                 finn_design_i/StreamingFIFO_rtl_12/inst/impl/srlo_reg[75]/C
                            (rising edge-triggered cell FDRE clocked by ap_clk  {rise@0.000ns fall@5.000ns period=10.000ns})
  Destination:            m_axis_0_tdata[75]
                            (output port)
  Path Group:             (none)
  Path Type:              Min at Fast Process Corner
  Data Path Delay:        0.037ns  (logic 0.037ns (100.000%)  route 0.000ns (0.000%))
  Logic Levels:           0  
  Clock Uncertainty:      0.025ns  ((TSJ^2 + TIJ^2)^1/2 + DJ) / 2 + PE
    Total System Jitter     (TSJ):    0.050ns
    Total Input Jitter      (TIJ):    0.000ns
    Discrete Jitter          (DJ):    0.000ns
    Phase Error              (PE):    0.000ns

    Location             Delay type                Incr(ns)  Path(ns)    Netlist Resource(s)
  -------------------------------------------------------------------    -------------------
                         (clock ap_clk rise edge)     0.000     0.000 r  
                                                      0.000     0.000 r  ap_clk (IN)
                         net (fo=13029, unset)        0.013     0.013    finn_design_i/StreamingFIFO_rtl_12/inst/impl/ap_clk
    SLICE_X47Y352        FDRE                                         r  finn_design_i/StreamingFIFO_rtl_12/inst/impl/srlo_reg[75]/C
  -------------------------------------------------------------------    -------------------
    SLICE_X47Y352        FDRE (Prop_FFF_SLICEM_C_Q)
                                                      0.037     0.050 r  finn_design_i/StreamingFIFO_rtl_12/inst/impl/srlo_reg[75]/Q
                         net (fo=0)                   0.000     0.050    m_axis_0_tdata[75]
                                                                      r  m_axis_0_tdata[75] (OUT)
  -------------------------------------------------------------------    -------------------

Slack:                    inf
  Source:                 finn_design_i/StreamingFIFO_rtl_12/inst/impl/srlo_reg[8]/C
                            (rising edge-triggered cell FDRE clocked by ap_clk  {rise@0.000ns fall@5.000ns period=10.000ns})
  Destination:            m_axis_0_tdata[8]
                            (output port)
  Path Group:             (none)
  Path Type:              Min at Fast Process Corner
  Data Path Delay:        0.037ns  (logic 0.037ns (100.000%)  route 0.000ns (0.000%))
  Logic Levels:           0  
  Clock Uncertainty:      0.025ns  ((TSJ^2 + TIJ^2)^1/2 + DJ) / 2 + PE
    Total System Jitter     (TSJ):    0.050ns
    Total Input Jitter      (TIJ):    0.000ns
    Discrete Jitter          (DJ):    0.000ns
    Phase Error              (PE):    0.000ns

    Location             Delay type                Incr(ns)  Path(ns)    Netlist Resource(s)
  -------------------------------------------------------------------    -------------------
                         (clock ap_clk rise edge)     0.000     0.000 r  
                                                      0.000     0.000 r  ap_clk (IN)
                         net (fo=13029, unset)        0.013     0.013    finn_design_i/StreamingFIFO_rtl_12/inst/impl/ap_clk
    SLICE_X47Y349        FDRE                                         r  finn_design_i/StreamingFIFO_rtl_12/inst/impl/srlo_reg[8]/C
  -------------------------------------------------------------------    -------------------
    SLICE_X47Y349        FDRE (Prop_FFF_SLICEM_C_Q)
                                                      0.037     0.050 r  finn_design_i/StreamingFIFO_rtl_12/inst/impl/srlo_reg[8]/Q
                         net (fo=0)                   0.000     0.050    m_axis_0_tdata[8]
                                                                      r  m_axis_0_tdata[8] (OUT)
  -------------------------------------------------------------------    -------------------

Slack:                    inf
  Source:                 finn_design_i/StreamingFIFO_rtl_12/inst/impl/srlo_reg[29]/C
                            (rising edge-triggered cell FDRE clocked by ap_clk  {rise@0.000ns fall@5.000ns period=10.000ns})
  Destination:            m_axis_0_tdata[29]
                            (output port)
  Path Group:             (none)
  Path Type:              Min at Fast Process Corner
  Data Path Delay:        0.038ns  (logic 0.038ns (100.000%)  route 0.000ns (0.000%))
  Logic Levels:           0  
  Clock Uncertainty:      0.025ns  ((TSJ^2 + TIJ^2)^1/2 + DJ) / 2 + PE
    Total System Jitter     (TSJ):    0.050ns
    Total Input Jitter      (TIJ):    0.000ns
    Discrete Jitter          (DJ):    0.000ns
    Phase Error              (PE):    0.000ns

    Location             Delay type                Incr(ns)  Path(ns)    Netlist Resource(s)
  -------------------------------------------------------------------    -------------------
                         (clock ap_clk rise edge)     0.000     0.000 r  
                                                      0.000     0.000 r  ap_clk (IN)
                         net (fo=13029, unset)        0.013     0.013    finn_design_i/StreamingFIFO_rtl_12/inst/impl/ap_clk
    SLICE_X49Y350        FDRE                                         r  finn_design_i/StreamingFIFO_rtl_12/inst/impl/srlo_reg[29]/C
  -------------------------------------------------------------------    -------------------
    SLICE_X49Y350        FDRE (Prop_CFF_SLICEM_C_Q)
                                                      0.038     0.051 r  finn_design_i/StreamingFIFO_rtl_12/inst/impl/srlo_reg[29]/Q
                         net (fo=0)                   0.000     0.051    m_axis_0_tdata[29]
                                                                      r  m_axis_0_tdata[29] (OUT)
  -------------------------------------------------------------------    -------------------

Slack:                    inf
  Source:                 finn_design_i/StreamingFIFO_rtl_12/inst/impl/srlo_reg[30]/C
                            (rising edge-triggered cell FDRE clocked by ap_clk  {rise@0.000ns fall@5.000ns period=10.000ns})
  Destination:            m_axis_0_tdata[30]
                            (output port)
  Path Group:             (none)
  Path Type:              Min at Fast Process Corner
  Data Path Delay:        0.038ns  (logic 0.038ns (100.000%)  route 0.000ns (0.000%))
  Logic Levels:           0  
  Clock Uncertainty:      0.025ns  ((TSJ^2 + TIJ^2)^1/2 + DJ) / 2 + PE
    Total System Jitter     (TSJ):    0.050ns
    Total Input Jitter      (TIJ):    0.000ns
    Discrete Jitter          (DJ):    0.000ns
    Phase Error              (PE):    0.000ns

    Location             Delay type                Incr(ns)  Path(ns)    Netlist Resource(s)
  -------------------------------------------------------------------    -------------------
                         (clock ap_clk rise edge)     0.000     0.000 r  
                                                      0.000     0.000 r  ap_clk (IN)
                         net (fo=13029, unset)        0.013     0.013    finn_design_i/StreamingFIFO_rtl_12/inst/impl/ap_clk
    SLICE_X50Y349        FDRE                                         r  finn_design_i/StreamingFIFO_rtl_12/inst/impl/srlo_reg[30]/C
  -------------------------------------------------------------------    -------------------
    SLICE_X50Y349        FDRE (Prop_CFF_SLICEM_C_Q)
                                                      0.038     0.051 r  finn_design_i/StreamingFIFO_rtl_12/inst/impl/srlo_reg[30]/Q
                         net (fo=0)                   0.000     0.051    m_axis_0_tdata[30]
                                                                      r  m_axis_0_tdata[30] (OUT)
  -------------------------------------------------------------------    -------------------

Slack:                    inf
  Source:                 finn_design_i/StreamingFIFO_rtl_12/inst/impl/srlo_reg[48]/C
                            (rising edge-triggered cell FDRE clocked by ap_clk  {rise@0.000ns fall@5.000ns period=10.000ns})
  Destination:            m_axis_0_tdata[48]
                            (output port)
  Path Group:             (none)
  Path Type:              Min at Fast Process Corner
  Data Path Delay:        0.038ns  (logic 0.038ns (100.000%)  route 0.000ns (0.000%))
  Logic Levels:           0  
  Clock Uncertainty:      0.025ns  ((TSJ^2 + TIJ^2)^1/2 + DJ) / 2 + PE
    Total System Jitter     (TSJ):    0.050ns
    Total Input Jitter      (TIJ):    0.000ns
    Discrete Jitter          (DJ):    0.000ns
    Phase Error              (PE):    0.000ns

    Location             Delay type                Incr(ns)  Path(ns)    Netlist Resource(s)
  -------------------------------------------------------------------    -------------------
                         (clock ap_clk rise edge)     0.000     0.000 r  
                                                      0.000     0.000 r  ap_clk (IN)
                         net (fo=13029, unset)        0.013     0.013    finn_design_i/StreamingFIFO_rtl_12/inst/impl/ap_clk
    SLICE_X47Y351        FDRE                                         r  finn_design_i/StreamingFIFO_rtl_12/inst/impl/srlo_reg[48]/C
  -------------------------------------------------------------------    -------------------
    SLICE_X47Y351        FDRE (Prop_CFF_SLICEM_C_Q)
                                                      0.038     0.051 r  finn_design_i/StreamingFIFO_rtl_12/inst/impl/srlo_reg[48]/Q
                         net (fo=0)                   0.000     0.051    m_axis_0_tdata[48]
                                                                      r  m_axis_0_tdata[48] (OUT)
  -------------------------------------------------------------------    -------------------

Slack:                    inf
  Source:                 finn_design_i/StreamingFIFO_rtl_12/inst/impl/srlo_reg[4]/C
                            (rising edge-triggered cell FDRE clocked by ap_clk  {rise@0.000ns fall@5.000ns period=10.000ns})
  Destination:            m_axis_0_tdata[4]
                            (output port)
  Path Group:             (none)
  Path Type:              Min at Fast Process Corner
  Data Path Delay:        0.038ns  (logic 0.038ns (100.000%)  route 0.000ns (0.000%))
  Logic Levels:           0  
  Clock Uncertainty:      0.025ns  ((TSJ^2 + TIJ^2)^1/2 + DJ) / 2 + PE
    Total System Jitter     (TSJ):    0.050ns
    Total Input Jitter      (TIJ):    0.000ns
    Discrete Jitter          (DJ):    0.000ns
    Phase Error              (PE):    0.000ns

    Location             Delay type                Incr(ns)  Path(ns)    Netlist Resource(s)
  -------------------------------------------------------------------    -------------------
                         (clock ap_clk rise edge)     0.000     0.000 r  
                                                      0.000     0.000 r  ap_clk (IN)
                         net (fo=13029, unset)        0.013     0.013    finn_design_i/StreamingFIFO_rtl_12/inst/impl/ap_clk
    SLICE_X23Y351        FDRE                                         r  finn_design_i/StreamingFIFO_rtl_12/inst/impl/srlo_reg[4]/C
  -------------------------------------------------------------------    -------------------
    SLICE_X23Y351        FDRE (Prop_EFF_SLICEM_C_Q)
                                                      0.038     0.051 r  finn_design_i/StreamingFIFO_rtl_12/inst/impl/srlo_reg[4]/Q
                         net (fo=0)                   0.000     0.051    m_axis_0_tdata[4]
                                                                      r  m_axis_0_tdata[4] (OUT)
  -------------------------------------------------------------------    -------------------

Slack:                    inf
  Source:                 finn_design_i/StreamingFIFO_rtl_12/inst/impl/srlo_reg[64]/C
                            (rising edge-triggered cell FDRE clocked by ap_clk  {rise@0.000ns fall@5.000ns period=10.000ns})
  Destination:            m_axis_0_tdata[64]
                            (output port)
  Path Group:             (none)
  Path Type:              Min at Fast Process Corner
  Data Path Delay:        0.038ns  (logic 0.038ns (100.000%)  route 0.000ns (0.000%))
  Logic Levels:           0  
  Clock Uncertainty:      0.025ns  ((TSJ^2 + TIJ^2)^1/2 + DJ) / 2 + PE
    Total System Jitter     (TSJ):    0.050ns
    Total Input Jitter      (TIJ):    0.000ns
    Discrete Jitter          (DJ):    0.000ns
    Phase Error              (PE):    0.000ns

    Location             Delay type                Incr(ns)  Path(ns)    Netlist Resource(s)
  -------------------------------------------------------------------    -------------------
                         (clock ap_clk rise edge)     0.000     0.000 r  
                                                      0.000     0.000 r  ap_clk (IN)
                         net (fo=13029, unset)        0.013     0.013    finn_design_i/StreamingFIFO_rtl_12/inst/impl/ap_clk
    SLICE_X50Y348        FDRE                                         r  finn_design_i/StreamingFIFO_rtl_12/inst/impl/srlo_reg[64]/C
  -------------------------------------------------------------------    -------------------
    SLICE_X50Y348        FDRE (Prop_EFF_SLICEM_C_Q)
                                                      0.038     0.051 r  finn_design_i/StreamingFIFO_rtl_12/inst/impl/srlo_reg[64]/Q
                         net (fo=0)                   0.000     0.051    m_axis_0_tdata[64]
                                                                      r  m_axis_0_tdata[64] (OUT)
  -------------------------------------------------------------------    -------------------





--------------------------------------------------------------------------------------
Path Group:  (none)
From Clock:  
  To Clock:  ap_clk

Max Delay          2737 Endpoints
Min Delay          2737 Endpoints
--------------------------------------------------------------------------------------


Max Delay Paths
--------------------------------------------------------------------------------------
Slack:                    inf
  Source:                 ap_rst_n
                            (input port)
  Destination:            finn_design_i/StreamingFIFO_rtl_1/inst/impl/srlo_reg[63]/CE
                            (rising edge-triggered cell FDRE clocked by ap_clk  {rise@0.000ns fall@5.000ns period=10.000ns})
  Path Group:             (none)
  Path Type:              Setup (Max at Slow Process Corner)
  Data Path Delay:        2.569ns  (logic 0.237ns (9.227%)  route 2.332ns (90.773%))
  Logic Levels:           2  (LUT4=1 LUT5=1)
  Clock Path Skew:        0.021ns (DCD - SCD + CPR)
    Destination Clock Delay (DCD):    0.021ns
    Source Clock Delay      (SCD):    0.000ns
    Clock Pessimism Removal (CPR):    0.000ns
  Clock Uncertainty:      0.025ns  ((TSJ^2 + TIJ^2)^1/2 + DJ) / 2 + PE
    Total System Jitter     (TSJ):    0.050ns
    Total Input Jitter      (TIJ):    0.000ns
    Discrete Jitter          (DJ):    0.000ns
    Phase Error              (PE):    0.000ns

    Location             Delay type                Incr(ns)  Path(ns)    Netlist Resource(s)
  -------------------------------------------------------------------    -------------------
                                                      0.000     0.000 r  ap_rst_n (IN)
                         net (fo=1480, unset)         0.000     0.000    finn_design_i/ConvolutionInputGenerator_rtl_0/inst/impl/ap_rst_n
    SLICE_X48Y286        LUT4 (Prop_D6LUT_SLICEL_I2_O)
                                                      0.089     0.089 r  finn_design_i/ConvolutionInputGenerator_rtl_0/inst/impl/FSM_onehot_state[1]_i_2/O
                         net (fo=6, routed)           0.171     0.260    finn_design_i/ConvolutionInputGenerator_rtl_0/inst/impl/Writing_done_reg_0
    SLICE_X48Y282        LUT5 (Prop_B6LUT_SLICEL_I0_O)
                                                      0.148     0.408 r  finn_design_i/ConvolutionInputGenerator_rtl_0/inst/impl/srlo[199]_i_1/O
                         net (fo=200, routed)         2.160     2.569    finn_design_i/StreamingFIFO_rtl_1/inst/impl/E[0]
    SLICE_X47Y257        FDRE                                         r  finn_design_i/StreamingFIFO_rtl_1/inst/impl/srlo_reg[63]/CE
  -------------------------------------------------------------------    -------------------

                         (clock ap_clk rise edge)     0.000     0.000 r  
                                                      0.000     0.000 r  ap_clk (IN)
                         net (fo=13029, unset)        0.021     0.021    finn_design_i/StreamingFIFO_rtl_1/inst/impl/ap_clk
    SLICE_X47Y257        FDRE                                         r  finn_design_i/StreamingFIFO_rtl_1/inst/impl/srlo_reg[63]/C

Slack:                    inf
  Source:                 ap_rst_n
                            (input port)
  Destination:            finn_design_i/StreamingFIFO_rtl_1/inst/impl/srlo_reg[71]/CE
                            (rising edge-triggered cell FDRE clocked by ap_clk  {rise@0.000ns fall@5.000ns period=10.000ns})
  Path Group:             (none)
  Path Type:              Setup (Max at Slow Process Corner)
  Data Path Delay:        2.569ns  (logic 0.237ns (9.227%)  route 2.332ns (90.773%))
  Logic Levels:           2  (LUT4=1 LUT5=1)
  Clock Path Skew:        0.021ns (DCD - SCD + CPR)
    Destination Clock Delay (DCD):    0.021ns
    Source Clock Delay      (SCD):    0.000ns
    Clock Pessimism Removal (CPR):    0.000ns
  Clock Uncertainty:      0.025ns  ((TSJ^2 + TIJ^2)^1/2 + DJ) / 2 + PE
    Total System Jitter     (TSJ):    0.050ns
    Total Input Jitter      (TIJ):    0.000ns
    Discrete Jitter          (DJ):    0.000ns
    Phase Error              (PE):    0.000ns

    Location             Delay type                Incr(ns)  Path(ns)    Netlist Resource(s)
  -------------------------------------------------------------------    -------------------
                                                      0.000     0.000 r  ap_rst_n (IN)
                         net (fo=1480, unset)         0.000     0.000    finn_design_i/ConvolutionInputGenerator_rtl_0/inst/impl/ap_rst_n
    SLICE_X48Y286        LUT4 (Prop_D6LUT_SLICEL_I2_O)
                                                      0.089     0.089 r  finn_design_i/ConvolutionInputGenerator_rtl_0/inst/impl/FSM_onehot_state[1]_i_2/O
                         net (fo=6, routed)           0.171     0.260    finn_design_i/ConvolutionInputGenerator_rtl_0/inst/impl/Writing_done_reg_0
    SLICE_X48Y282        LUT5 (Prop_B6LUT_SLICEL_I0_O)
                                                      0.148     0.408 r  finn_design_i/ConvolutionInputGenerator_rtl_0/inst/impl/srlo[199]_i_1/O
                         net (fo=200, routed)         2.160     2.569    finn_design_i/StreamingFIFO_rtl_1/inst/impl/E[0]
    SLICE_X47Y257        FDRE                                         r  finn_design_i/StreamingFIFO_rtl_1/inst/impl/srlo_reg[71]/CE
  -------------------------------------------------------------------    -------------------

                         (clock ap_clk rise edge)     0.000     0.000 r  
                                                      0.000     0.000 r  ap_clk (IN)
                         net (fo=13029, unset)        0.021     0.021    finn_design_i/StreamingFIFO_rtl_1/inst/impl/ap_clk
    SLICE_X47Y257        FDRE                                         r  finn_design_i/StreamingFIFO_rtl_1/inst/impl/srlo_reg[71]/C

Slack:                    inf
  Source:                 ap_rst_n
                            (input port)
  Destination:            finn_design_i/StreamingFIFO_rtl_1/inst/impl/srlo_reg[79]/CE
                            (rising edge-triggered cell FDRE clocked by ap_clk  {rise@0.000ns fall@5.000ns period=10.000ns})
  Path Group:             (none)
  Path Type:              Setup (Max at Slow Process Corner)
  Data Path Delay:        2.569ns  (logic 0.237ns (9.227%)  route 2.332ns (90.773%))
  Logic Levels:           2  (LUT4=1 LUT5=1)
  Clock Path Skew:        0.021ns (DCD - SCD + CPR)
    Destination Clock Delay (DCD):    0.021ns
    Source Clock Delay      (SCD):    0.000ns
    Clock Pessimism Removal (CPR):    0.000ns
  Clock Uncertainty:      0.025ns  ((TSJ^2 + TIJ^2)^1/2 + DJ) / 2 + PE
    Total System Jitter     (TSJ):    0.050ns
    Total Input Jitter      (TIJ):    0.000ns
    Discrete Jitter          (DJ):    0.000ns
    Phase Error              (PE):    0.000ns

    Location             Delay type                Incr(ns)  Path(ns)    Netlist Resource(s)
  -------------------------------------------------------------------    -------------------
                                                      0.000     0.000 r  ap_rst_n (IN)
                         net (fo=1480, unset)         0.000     0.000    finn_design_i/ConvolutionInputGenerator_rtl_0/inst/impl/ap_rst_n
    SLICE_X48Y286        LUT4 (Prop_D6LUT_SLICEL_I2_O)
                                                      0.089     0.089 r  finn_design_i/ConvolutionInputGenerator_rtl_0/inst/impl/FSM_onehot_state[1]_i_2/O
                         net (fo=6, routed)           0.171     0.260    finn_design_i/ConvolutionInputGenerator_rtl_0/inst/impl/Writing_done_reg_0
    SLICE_X48Y282        LUT5 (Prop_B6LUT_SLICEL_I0_O)
                                                      0.148     0.408 r  finn_design_i/ConvolutionInputGenerator_rtl_0/inst/impl/srlo[199]_i_1/O
                         net (fo=200, routed)         2.160     2.569    finn_design_i/StreamingFIFO_rtl_1/inst/impl/E[0]
    SLICE_X47Y257        FDRE                                         r  finn_design_i/StreamingFIFO_rtl_1/inst/impl/srlo_reg[79]/CE
  -------------------------------------------------------------------    -------------------

                         (clock ap_clk rise edge)     0.000     0.000 r  
                                                      0.000     0.000 r  ap_clk (IN)
                         net (fo=13029, unset)        0.021     0.021    finn_design_i/StreamingFIFO_rtl_1/inst/impl/ap_clk
    SLICE_X47Y257        FDRE                                         r  finn_design_i/StreamingFIFO_rtl_1/inst/impl/srlo_reg[79]/C

Slack:                    inf
  Source:                 ap_rst_n
                            (input port)
  Destination:            finn_design_i/StreamingFIFO_rtl_1/inst/impl/srlo_reg[73]/CE
                            (rising edge-triggered cell FDRE clocked by ap_clk  {rise@0.000ns fall@5.000ns period=10.000ns})
  Path Group:             (none)
  Path Type:              Setup (Max at Slow Process Corner)
  Data Path Delay:        2.564ns  (logic 0.237ns (9.245%)  route 2.327ns (90.755%))
  Logic Levels:           2  (LUT4=1 LUT5=1)
  Clock Path Skew:        0.020ns (DCD - SCD + CPR)
    Destination Clock Delay (DCD):    0.020ns
    Source Clock Delay      (SCD):    0.000ns
    Clock Pessimism Removal (CPR):    0.000ns
  Clock Uncertainty:      0.025ns  ((TSJ^2 + TIJ^2)^1/2 + DJ) / 2 + PE
    Total System Jitter     (TSJ):    0.050ns
    Total Input Jitter      (TIJ):    0.000ns
    Discrete Jitter          (DJ):    0.000ns
    Phase Error              (PE):    0.000ns

    Location             Delay type                Incr(ns)  Path(ns)    Netlist Resource(s)
  -------------------------------------------------------------------    -------------------
                                                      0.000     0.000 r  ap_rst_n (IN)
                         net (fo=1480, unset)         0.000     0.000    finn_design_i/ConvolutionInputGenerator_rtl_0/inst/impl/ap_rst_n
    SLICE_X48Y286        LUT4 (Prop_D6LUT_SLICEL_I2_O)
                                                      0.089     0.089 r  finn_design_i/ConvolutionInputGenerator_rtl_0/inst/impl/FSM_onehot_state[1]_i_2/O
                         net (fo=6, routed)           0.171     0.260    finn_design_i/ConvolutionInputGenerator_rtl_0/inst/impl/Writing_done_reg_0
    SLICE_X48Y282        LUT5 (Prop_B6LUT_SLICEL_I0_O)
                                                      0.148     0.408 r  finn_design_i/ConvolutionInputGenerator_rtl_0/inst/impl/srlo[199]_i_1/O
                         net (fo=200, routed)         2.155     2.564    finn_design_i/StreamingFIFO_rtl_1/inst/impl/E[0]
    SLICE_X48Y257        FDRE                                         r  finn_design_i/StreamingFIFO_rtl_1/inst/impl/srlo_reg[73]/CE
  -------------------------------------------------------------------    -------------------

                         (clock ap_clk rise edge)     0.000     0.000 r  
                                                      0.000     0.000 r  ap_clk (IN)
                         net (fo=13029, unset)        0.020     0.020    finn_design_i/StreamingFIFO_rtl_1/inst/impl/ap_clk
    SLICE_X48Y257        FDRE                                         r  finn_design_i/StreamingFIFO_rtl_1/inst/impl/srlo_reg[73]/C

Slack:                    inf
  Source:                 ap_rst_n
                            (input port)
  Destination:            finn_design_i/StreamingFIFO_rtl_1/inst/impl/srlo_reg[76]/CE
                            (rising edge-triggered cell FDRE clocked by ap_clk  {rise@0.000ns fall@5.000ns period=10.000ns})
  Path Group:             (none)
  Path Type:              Setup (Max at Slow Process Corner)
  Data Path Delay:        2.564ns  (logic 0.237ns (9.245%)  route 2.327ns (90.755%))
  Logic Levels:           2  (LUT4=1 LUT5=1)
  Clock Path Skew:        0.020ns (DCD - SCD + CPR)
    Destination Clock Delay (DCD):    0.020ns
    Source Clock Delay      (SCD):    0.000ns
    Clock Pessimism Removal (CPR):    0.000ns
  Clock Uncertainty:      0.025ns  ((TSJ^2 + TIJ^2)^1/2 + DJ) / 2 + PE
    Total System Jitter     (TSJ):    0.050ns
    Total Input Jitter      (TIJ):    0.000ns
    Discrete Jitter          (DJ):    0.000ns
    Phase Error              (PE):    0.000ns

    Location             Delay type                Incr(ns)  Path(ns)    Netlist Resource(s)
  -------------------------------------------------------------------    -------------------
                                                      0.000     0.000 r  ap_rst_n (IN)
                         net (fo=1480, unset)         0.000     0.000    finn_design_i/ConvolutionInputGenerator_rtl_0/inst/impl/ap_rst_n
    SLICE_X48Y286        LUT4 (Prop_D6LUT_SLICEL_I2_O)
                                                      0.089     0.089 r  finn_design_i/ConvolutionInputGenerator_rtl_0/inst/impl/FSM_onehot_state[1]_i_2/O
                         net (fo=6, routed)           0.171     0.260    finn_design_i/ConvolutionInputGenerator_rtl_0/inst/impl/Writing_done_reg_0
    SLICE_X48Y282        LUT5 (Prop_B6LUT_SLICEL_I0_O)
                                                      0.148     0.408 r  finn_design_i/ConvolutionInputGenerator_rtl_0/inst/impl/srlo[199]_i_1/O
                         net (fo=200, routed)         2.155     2.564    finn_design_i/StreamingFIFO_rtl_1/inst/impl/E[0]
    SLICE_X48Y257        FDRE                                         r  finn_design_i/StreamingFIFO_rtl_1/inst/impl/srlo_reg[76]/CE
  -------------------------------------------------------------------    -------------------

                         (clock ap_clk rise edge)     0.000     0.000 r  
                                                      0.000     0.000 r  ap_clk (IN)
                         net (fo=13029, unset)        0.020     0.020    finn_design_i/StreamingFIFO_rtl_1/inst/impl/ap_clk
    SLICE_X48Y257        FDRE                                         r  finn_design_i/StreamingFIFO_rtl_1/inst/impl/srlo_reg[76]/C

Slack:                    inf
  Source:                 ap_rst_n
                            (input port)
  Destination:            finn_design_i/StreamingFIFO_rtl_1/inst/impl/srlo_reg[85]/CE
                            (rising edge-triggered cell FDRE clocked by ap_clk  {rise@0.000ns fall@5.000ns period=10.000ns})
  Path Group:             (none)
  Path Type:              Setup (Max at Slow Process Corner)
  Data Path Delay:        2.564ns  (logic 0.237ns (9.245%)  route 2.327ns (90.755%))
  Logic Levels:           2  (LUT4=1 LUT5=1)
  Clock Path Skew:        0.020ns (DCD - SCD + CPR)
    Destination Clock Delay (DCD):    0.020ns
    Source Clock Delay      (SCD):    0.000ns
    Clock Pessimism Removal (CPR):    0.000ns
  Clock Uncertainty:      0.025ns  ((TSJ^2 + TIJ^2)^1/2 + DJ) / 2 + PE
    Total System Jitter     (TSJ):    0.050ns
    Total Input Jitter      (TIJ):    0.000ns
    Discrete Jitter          (DJ):    0.000ns
    Phase Error              (PE):    0.000ns

    Location             Delay type                Incr(ns)  Path(ns)    Netlist Resource(s)
  -------------------------------------------------------------------    -------------------
                                                      0.000     0.000 r  ap_rst_n (IN)
                         net (fo=1480, unset)         0.000     0.000    finn_design_i/ConvolutionInputGenerator_rtl_0/inst/impl/ap_rst_n
    SLICE_X48Y286        LUT4 (Prop_D6LUT_SLICEL_I2_O)
                                                      0.089     0.089 r  finn_design_i/ConvolutionInputGenerator_rtl_0/inst/impl/FSM_onehot_state[1]_i_2/O
                         net (fo=6, routed)           0.171     0.260    finn_design_i/ConvolutionInputGenerator_rtl_0/inst/impl/Writing_done_reg_0
    SLICE_X48Y282        LUT5 (Prop_B6LUT_SLICEL_I0_O)
                                                      0.148     0.408 r  finn_design_i/ConvolutionInputGenerator_rtl_0/inst/impl/srlo[199]_i_1/O
                         net (fo=200, routed)         2.155     2.564    finn_design_i/StreamingFIFO_rtl_1/inst/impl/E[0]
    SLICE_X48Y257        FDRE                                         r  finn_design_i/StreamingFIFO_rtl_1/inst/impl/srlo_reg[85]/CE
  -------------------------------------------------------------------    -------------------

                         (clock ap_clk rise edge)     0.000     0.000 r  
                                                      0.000     0.000 r  ap_clk (IN)
                         net (fo=13029, unset)        0.020     0.020    finn_design_i/StreamingFIFO_rtl_1/inst/impl/ap_clk
    SLICE_X48Y257        FDRE                                         r  finn_design_i/StreamingFIFO_rtl_1/inst/impl/srlo_reg[85]/C

Slack:                    inf
  Source:                 ap_rst_n
                            (input port)
  Destination:            finn_design_i/StreamingFIFO_rtl_1/inst/impl/srlo_reg[86]/CE
                            (rising edge-triggered cell FDRE clocked by ap_clk  {rise@0.000ns fall@5.000ns period=10.000ns})
  Path Group:             (none)
  Path Type:              Setup (Max at Slow Process Corner)
  Data Path Delay:        2.564ns  (logic 0.237ns (9.245%)  route 2.327ns (90.755%))
  Logic Levels:           2  (LUT4=1 LUT5=1)
  Clock Path Skew:        0.020ns (DCD - SCD + CPR)
    Destination Clock Delay (DCD):    0.020ns
    Source Clock Delay      (SCD):    0.000ns
    Clock Pessimism Removal (CPR):    0.000ns
  Clock Uncertainty:      0.025ns  ((TSJ^2 + TIJ^2)^1/2 + DJ) / 2 + PE
    Total System Jitter     (TSJ):    0.050ns
    Total Input Jitter      (TIJ):    0.000ns
    Discrete Jitter          (DJ):    0.000ns
    Phase Error              (PE):    0.000ns

    Location             Delay type                Incr(ns)  Path(ns)    Netlist Resource(s)
  -------------------------------------------------------------------    -------------------
                                                      0.000     0.000 r  ap_rst_n (IN)
                         net (fo=1480, unset)         0.000     0.000    finn_design_i/ConvolutionInputGenerator_rtl_0/inst/impl/ap_rst_n
    SLICE_X48Y286        LUT4 (Prop_D6LUT_SLICEL_I2_O)
                                                      0.089     0.089 r  finn_design_i/ConvolutionInputGenerator_rtl_0/inst/impl/FSM_onehot_state[1]_i_2/O
                         net (fo=6, routed)           0.171     0.260    finn_design_i/ConvolutionInputGenerator_rtl_0/inst/impl/Writing_done_reg_0
    SLICE_X48Y282        LUT5 (Prop_B6LUT_SLICEL_I0_O)
                                                      0.148     0.408 r  finn_design_i/ConvolutionInputGenerator_rtl_0/inst/impl/srlo[199]_i_1/O
                         net (fo=200, routed)         2.155     2.564    finn_design_i/StreamingFIFO_rtl_1/inst/impl/E[0]
    SLICE_X48Y257        FDRE                                         r  finn_design_i/StreamingFIFO_rtl_1/inst/impl/srlo_reg[86]/CE
  -------------------------------------------------------------------    -------------------

                         (clock ap_clk rise edge)     0.000     0.000 r  
                                                      0.000     0.000 r  ap_clk (IN)
                         net (fo=13029, unset)        0.020     0.020    finn_design_i/StreamingFIFO_rtl_1/inst/impl/ap_clk
    SLICE_X48Y257        FDRE                                         r  finn_design_i/StreamingFIFO_rtl_1/inst/impl/srlo_reg[86]/C

Slack:                    inf
  Source:                 ap_rst_n
                            (input port)
  Destination:            finn_design_i/StreamingFIFO_rtl_1/inst/impl/srlo_reg[13]/CE
                            (rising edge-triggered cell FDRE clocked by ap_clk  {rise@0.000ns fall@5.000ns period=10.000ns})
  Path Group:             (none)
  Path Type:              Setup (Max at Slow Process Corner)
  Data Path Delay:        2.493ns  (logic 0.237ns (9.506%)  route 2.256ns (90.494%))
  Logic Levels:           2  (LUT4=1 LUT5=1)
  Clock Path Skew:        0.021ns (DCD - SCD + CPR)
    Destination Clock Delay (DCD):    0.021ns
    Source Clock Delay      (SCD):    0.000ns
    Clock Pessimism Removal (CPR):    0.000ns
  Clock Uncertainty:      0.025ns  ((TSJ^2 + TIJ^2)^1/2 + DJ) / 2 + PE
    Total System Jitter     (TSJ):    0.050ns
    Total Input Jitter      (TIJ):    0.000ns
    Discrete Jitter          (DJ):    0.000ns
    Phase Error              (PE):    0.000ns

    Location             Delay type                Incr(ns)  Path(ns)    Netlist Resource(s)
  -------------------------------------------------------------------    -------------------
                                                      0.000     0.000 r  ap_rst_n (IN)
                         net (fo=1480, unset)         0.000     0.000    finn_design_i/ConvolutionInputGenerator_rtl_0/inst/impl/ap_rst_n
    SLICE_X48Y286        LUT4 (Prop_D6LUT_SLICEL_I2_O)
                                                      0.089     0.089 r  finn_design_i/ConvolutionInputGenerator_rtl_0/inst/impl/FSM_onehot_state[1]_i_2/O
                         net (fo=6, routed)           0.171     0.260    finn_design_i/ConvolutionInputGenerator_rtl_0/inst/impl/Writing_done_reg_0
    SLICE_X48Y282        LUT5 (Prop_B6LUT_SLICEL_I0_O)
                                                      0.148     0.408 r  finn_design_i/ConvolutionInputGenerator_rtl_0/inst/impl/srlo[199]_i_1/O
                         net (fo=200, routed)         2.085     2.493    finn_design_i/StreamingFIFO_rtl_1/inst/impl/E[0]
    SLICE_X47Y255        FDRE                                         r  finn_design_i/StreamingFIFO_rtl_1/inst/impl/srlo_reg[13]/CE
  -------------------------------------------------------------------    -------------------

                         (clock ap_clk rise edge)     0.000     0.000 r  
                                                      0.000     0.000 r  ap_clk (IN)
                         net (fo=13029, unset)        0.021     0.021    finn_design_i/StreamingFIFO_rtl_1/inst/impl/ap_clk
    SLICE_X47Y255        FDRE                                         r  finn_design_i/StreamingFIFO_rtl_1/inst/impl/srlo_reg[13]/C

Slack:                    inf
  Source:                 ap_rst_n
                            (input port)
  Destination:            finn_design_i/StreamingFIFO_rtl_1/inst/impl/srlo_reg[21]/CE
                            (rising edge-triggered cell FDRE clocked by ap_clk  {rise@0.000ns fall@5.000ns period=10.000ns})
  Path Group:             (none)
  Path Type:              Setup (Max at Slow Process Corner)
  Data Path Delay:        2.493ns  (logic 0.237ns (9.506%)  route 2.256ns (90.494%))
  Logic Levels:           2  (LUT4=1 LUT5=1)
  Clock Path Skew:        0.021ns (DCD - SCD + CPR)
    Destination Clock Delay (DCD):    0.021ns
    Source Clock Delay      (SCD):    0.000ns
    Clock Pessimism Removal (CPR):    0.000ns
  Clock Uncertainty:      0.025ns  ((TSJ^2 + TIJ^2)^1/2 + DJ) / 2 + PE
    Total System Jitter     (TSJ):    0.050ns
    Total Input Jitter      (TIJ):    0.000ns
    Discrete Jitter          (DJ):    0.000ns
    Phase Error              (PE):    0.000ns

    Location             Delay type                Incr(ns)  Path(ns)    Netlist Resource(s)
  -------------------------------------------------------------------    -------------------
                                                      0.000     0.000 r  ap_rst_n (IN)
                         net (fo=1480, unset)         0.000     0.000    finn_design_i/ConvolutionInputGenerator_rtl_0/inst/impl/ap_rst_n
    SLICE_X48Y286        LUT4 (Prop_D6LUT_SLICEL_I2_O)
                                                      0.089     0.089 r  finn_design_i/ConvolutionInputGenerator_rtl_0/inst/impl/FSM_onehot_state[1]_i_2/O
                         net (fo=6, routed)           0.171     0.260    finn_design_i/ConvolutionInputGenerator_rtl_0/inst/impl/Writing_done_reg_0
    SLICE_X48Y282        LUT5 (Prop_B6LUT_SLICEL_I0_O)
                                                      0.148     0.408 r  finn_design_i/ConvolutionInputGenerator_rtl_0/inst/impl/srlo[199]_i_1/O
                         net (fo=200, routed)         2.085     2.493    finn_design_i/StreamingFIFO_rtl_1/inst/impl/E[0]
    SLICE_X47Y255        FDRE                                         r  finn_design_i/StreamingFIFO_rtl_1/inst/impl/srlo_reg[21]/CE
  -------------------------------------------------------------------    -------------------

                         (clock ap_clk rise edge)     0.000     0.000 r  
                                                      0.000     0.000 r  ap_clk (IN)
                         net (fo=13029, unset)        0.021     0.021    finn_design_i/StreamingFIFO_rtl_1/inst/impl/ap_clk
    SLICE_X47Y255        FDRE                                         r  finn_design_i/StreamingFIFO_rtl_1/inst/impl/srlo_reg[21]/C

Slack:                    inf
  Source:                 ap_rst_n
                            (input port)
  Destination:            finn_design_i/StreamingFIFO_rtl_1/inst/impl/srlo_reg[29]/CE
                            (rising edge-triggered cell FDRE clocked by ap_clk  {rise@0.000ns fall@5.000ns period=10.000ns})
  Path Group:             (none)
  Path Type:              Setup (Max at Slow Process Corner)
  Data Path Delay:        2.493ns  (logic 0.237ns (9.506%)  route 2.256ns (90.494%))
  Logic Levels:           2  (LUT4=1 LUT5=1)
  Clock Path Skew:        0.021ns (DCD - SCD + CPR)
    Destination Clock Delay (DCD):    0.021ns
    Source Clock Delay      (SCD):    0.000ns
    Clock Pessimism Removal (CPR):    0.000ns
  Clock Uncertainty:      0.025ns  ((TSJ^2 + TIJ^2)^1/2 + DJ) / 2 + PE
    Total System Jitter     (TSJ):    0.050ns
    Total Input Jitter      (TIJ):    0.000ns
    Discrete Jitter          (DJ):    0.000ns
    Phase Error              (PE):    0.000ns

    Location             Delay type                Incr(ns)  Path(ns)    Netlist Resource(s)
  -------------------------------------------------------------------    -------------------
                                                      0.000     0.000 r  ap_rst_n (IN)
                         net (fo=1480, unset)         0.000     0.000    finn_design_i/ConvolutionInputGenerator_rtl_0/inst/impl/ap_rst_n
    SLICE_X48Y286        LUT4 (Prop_D6LUT_SLICEL_I2_O)
                                                      0.089     0.089 r  finn_design_i/ConvolutionInputGenerator_rtl_0/inst/impl/FSM_onehot_state[1]_i_2/O
                         net (fo=6, routed)           0.171     0.260    finn_design_i/ConvolutionInputGenerator_rtl_0/inst/impl/Writing_done_reg_0
    SLICE_X48Y282        LUT5 (Prop_B6LUT_SLICEL_I0_O)
                                                      0.148     0.408 r  finn_design_i/ConvolutionInputGenerator_rtl_0/inst/impl/srlo[199]_i_1/O
                         net (fo=200, routed)         2.085     2.493    finn_design_i/StreamingFIFO_rtl_1/inst/impl/E[0]
    SLICE_X47Y255        FDRE                                         r  finn_design_i/StreamingFIFO_rtl_1/inst/impl/srlo_reg[29]/CE
  -------------------------------------------------------------------    -------------------

                         (clock ap_clk rise edge)     0.000     0.000 r  
                                                      0.000     0.000 r  ap_clk (IN)
                         net (fo=13029, unset)        0.021     0.021    finn_design_i/StreamingFIFO_rtl_1/inst/impl/ap_clk
    SLICE_X47Y255        FDRE                                         r  finn_design_i/StreamingFIFO_rtl_1/inst/impl/srlo_reg[29]/C





Min Delay Paths
--------------------------------------------------------------------------------------
Slack:                    inf
  Source:                 s_axis_0_tdata[6]
                            (input port)
  Destination:            finn_design_i/StreamingFIFO_rtl_0/inst/impl/srl_reg[0][6]/D
                            (rising edge-triggered cell FDRE clocked by ap_clk  {rise@0.000ns fall@5.000ns period=10.000ns})
  Path Group:             (none)
  Path Type:              Hold (Min at Fast Process Corner)
  Data Path Delay:        0.008ns  (logic 0.000ns (0.000%)  route 0.008ns (100.000%))
  Logic Levels:           0  
  Clock Path Skew:        0.019ns (DCD - SCD - CPR)
    Destination Clock Delay (DCD):    0.019ns
    Source Clock Delay      (SCD):    0.000ns
    Clock Pessimism Removal (CPR):    -0.000ns

    Location             Delay type                Incr(ns)  Path(ns)    Netlist Resource(s)
  -------------------------------------------------------------------    -------------------
                                                      0.000     0.000 r  s_axis_0_tdata[6] (IN)
                         net (fo=1, unset)            0.008     0.008    finn_design_i/StreamingFIFO_rtl_0/inst/impl/s_axis_0_tdata[6]
    SLICE_X45Y285        FDRE                                         r  finn_design_i/StreamingFIFO_rtl_0/inst/impl/srl_reg[0][6]/D
  -------------------------------------------------------------------    -------------------

                         (clock ap_clk rise edge)     0.000     0.000 r  
                                                      0.000     0.000 r  ap_clk (IN)
                         net (fo=13029, unset)        0.019     0.019    finn_design_i/StreamingFIFO_rtl_0/inst/impl/ap_clk
    SLICE_X45Y285        FDRE                                         r  finn_design_i/StreamingFIFO_rtl_0/inst/impl/srl_reg[0][6]/C

Slack:                    inf
  Source:                 s_axis_0_tdata[7]
                            (input port)
  Destination:            finn_design_i/StreamingFIFO_rtl_0/inst/impl/srl_reg[0][7]/D
                            (rising edge-triggered cell FDRE clocked by ap_clk  {rise@0.000ns fall@5.000ns period=10.000ns})
  Path Group:             (none)
  Path Type:              Hold (Min at Fast Process Corner)
  Data Path Delay:        0.008ns  (logic 0.000ns (0.000%)  route 0.008ns (100.000%))
  Logic Levels:           0  
  Clock Path Skew:        0.019ns (DCD - SCD - CPR)
    Destination Clock Delay (DCD):    0.019ns
    Source Clock Delay      (SCD):    0.000ns
    Clock Pessimism Removal (CPR):    -0.000ns

    Location             Delay type                Incr(ns)  Path(ns)    Netlist Resource(s)
  -------------------------------------------------------------------    -------------------
                                                      0.000     0.000 r  s_axis_0_tdata[7] (IN)
                         net (fo=1, unset)            0.008     0.008    finn_design_i/StreamingFIFO_rtl_0/inst/impl/s_axis_0_tdata[7]
    SLICE_X45Y286        FDRE                                         r  finn_design_i/StreamingFIFO_rtl_0/inst/impl/srl_reg[0][7]/D
  -------------------------------------------------------------------    -------------------

                         (clock ap_clk rise edge)     0.000     0.000 r  
                                                      0.000     0.000 r  ap_clk (IN)
                         net (fo=13029, unset)        0.019     0.019    finn_design_i/StreamingFIFO_rtl_0/inst/impl/ap_clk
    SLICE_X45Y286        FDRE                                         r  finn_design_i/StreamingFIFO_rtl_0/inst/impl/srl_reg[0][7]/C

Slack:                    inf
  Source:                 ap_rst_n
                            (input port)
  Destination:            finn_design_i/ConvolutionInputGenerator_rtl_0/inst/impl/Current_elem_reg[0]/R
                            (rising edge-triggered cell FDRE clocked by ap_clk  {rise@0.000ns fall@5.000ns period=10.000ns})
  Path Group:             (none)
  Path Type:              Hold (Min at Fast Process Corner)
  Data Path Delay:        0.009ns  (logic 0.000ns (0.000%)  route 0.009ns (100.000%))
  Logic Levels:           0  
  Clock Path Skew:        0.018ns (DCD - SCD - CPR)
    Destination Clock Delay (DCD):    0.018ns
    Source Clock Delay      (SCD):    0.000ns
    Clock Pessimism Removal (CPR):    -0.000ns

    Location             Delay type                Incr(ns)  Path(ns)    Netlist Resource(s)
  -------------------------------------------------------------------    -------------------
                                                      0.000     0.000 f  ap_rst_n (IN)
                         net (fo=1480, unset)         0.009     0.009    finn_design_i/ConvolutionInputGenerator_rtl_0/inst/impl/ap_rst_n_inv
    SLICE_X48Y290        FDRE                                         r  finn_design_i/ConvolutionInputGenerator_rtl_0/inst/impl/Current_elem_reg[0]/R  (IS_INVERTED)
  -------------------------------------------------------------------    -------------------

                         (clock ap_clk rise edge)     0.000     0.000 r  
                                                      0.000     0.000 r  ap_clk (IN)
                         net (fo=13029, unset)        0.018     0.018    finn_design_i/ConvolutionInputGenerator_rtl_0/inst/impl/ap_clk
    SLICE_X48Y290        FDRE                                         r  finn_design_i/ConvolutionInputGenerator_rtl_0/inst/impl/Current_elem_reg[0]/C

Slack:                    inf
  Source:                 ap_rst_n
                            (input port)
  Destination:            finn_design_i/ConvolutionInputGenerator_rtl_0/inst/impl/Current_elem_reg[1]/R
                            (rising edge-triggered cell FDRE clocked by ap_clk  {rise@0.000ns fall@5.000ns period=10.000ns})
  Path Group:             (none)
  Path Type:              Hold (Min at Fast Process Corner)
  Data Path Delay:        0.009ns  (logic 0.000ns (0.000%)  route 0.009ns (100.000%))
  Logic Levels:           0  
  Clock Path Skew:        0.018ns (DCD - SCD - CPR)
    Destination Clock Delay (DCD):    0.018ns
    Source Clock Delay      (SCD):    0.000ns
    Clock Pessimism Removal (CPR):    -0.000ns

    Location             Delay type                Incr(ns)  Path(ns)    Netlist Resource(s)
  -------------------------------------------------------------------    -------------------
                                                      0.000     0.000 f  ap_rst_n (IN)
                         net (fo=1480, unset)         0.009     0.009    finn_design_i/ConvolutionInputGenerator_rtl_0/inst/impl/ap_rst_n_inv
    SLICE_X48Y290        FDRE                                         r  finn_design_i/ConvolutionInputGenerator_rtl_0/inst/impl/Current_elem_reg[1]/R  (IS_INVERTED)
  -------------------------------------------------------------------    -------------------

                         (clock ap_clk rise edge)     0.000     0.000 r  
                                                      0.000     0.000 r  ap_clk (IN)
                         net (fo=13029, unset)        0.018     0.018    finn_design_i/ConvolutionInputGenerator_rtl_0/inst/impl/ap_clk
    SLICE_X48Y290        FDRE                                         r  finn_design_i/ConvolutionInputGenerator_rtl_0/inst/impl/Current_elem_reg[1]/C

Slack:                    inf
  Source:                 ap_rst_n
                            (input port)
  Destination:            finn_design_i/ConvolutionInputGenerator_rtl_0/inst/impl/Current_elem_reg[2]/S
                            (rising edge-triggered cell FDSE clocked by ap_clk  {rise@0.000ns fall@5.000ns period=10.000ns})
  Path Group:             (none)
  Path Type:              Hold (Min at Fast Process Corner)
  Data Path Delay:        0.009ns  (logic 0.000ns (0.000%)  route 0.009ns (100.000%))
  Logic Levels:           0  
  Clock Path Skew:        0.018ns (DCD - SCD - CPR)
    Destination Clock Delay (DCD):    0.018ns
    Source Clock Delay      (SCD):    0.000ns
    Clock Pessimism Removal (CPR):    -0.000ns

    Location             Delay type                Incr(ns)  Path(ns)    Netlist Resource(s)
  -------------------------------------------------------------------    -------------------
                                                      0.000     0.000 f  ap_rst_n (IN)
                         net (fo=1480, unset)         0.009     0.009    finn_design_i/ConvolutionInputGenerator_rtl_0/inst/impl/ap_rst_n_inv
    SLICE_X48Y290        FDSE                                         r  finn_design_i/ConvolutionInputGenerator_rtl_0/inst/impl/Current_elem_reg[2]/S  (IS_INVERTED)
  -------------------------------------------------------------------    -------------------

                         (clock ap_clk rise edge)     0.000     0.000 r  
                                                      0.000     0.000 r  ap_clk (IN)
                         net (fo=13029, unset)        0.018     0.018    finn_design_i/ConvolutionInputGenerator_rtl_0/inst/impl/ap_clk
    SLICE_X48Y290        FDSE                                         r  finn_design_i/ConvolutionInputGenerator_rtl_0/inst/impl/Current_elem_reg[2]/C

Slack:                    inf
  Source:                 ap_rst_n
                            (input port)
  Destination:            finn_design_i/ConvolutionInputGenerator_rtl_0/inst/impl/window_buffer_inst/ram_buffer_inst_3/Addr_w_reg[0]/R
                            (rising edge-triggered cell FDRE clocked by ap_clk  {rise@0.000ns fall@5.000ns period=10.000ns})
  Path Group:             (none)
  Path Type:              Hold (Min at Fast Process Corner)
  Data Path Delay:        0.009ns  (logic 0.000ns (0.000%)  route 0.009ns (100.000%))
  Logic Levels:           0  
  Clock Path Skew:        0.019ns (DCD - SCD - CPR)
    Destination Clock Delay (DCD):    0.019ns
    Source Clock Delay      (SCD):    0.000ns
    Clock Pessimism Removal (CPR):    -0.000ns

    Location             Delay type                Incr(ns)  Path(ns)    Netlist Resource(s)
  -------------------------------------------------------------------    -------------------
                                                      0.000     0.000 f  ap_rst_n (IN)
                         net (fo=1480, unset)         0.009     0.009    finn_design_i/ConvolutionInputGenerator_rtl_0/inst/impl/window_buffer_inst/ram_buffer_inst_3/ap_rst_n_inv
    SLICE_X43Y249        FDRE                                         r  finn_design_i/ConvolutionInputGenerator_rtl_0/inst/impl/window_buffer_inst/ram_buffer_inst_3/Addr_w_reg[0]/R  (IS_INVERTED)
  -------------------------------------------------------------------    -------------------

                         (clock ap_clk rise edge)     0.000     0.000 r  
                                                      0.000     0.000 r  ap_clk (IN)
                         net (fo=13029, unset)        0.019     0.019    finn_design_i/ConvolutionInputGenerator_rtl_0/inst/impl/window_buffer_inst/ram_buffer_inst_3/ap_clk
    SLICE_X43Y249        FDRE                                         r  finn_design_i/ConvolutionInputGenerator_rtl_0/inst/impl/window_buffer_inst/ram_buffer_inst_3/Addr_w_reg[0]/C

Slack:                    inf
  Source:                 ap_rst_n
                            (input port)
  Destination:            finn_design_i/ConvolutionInputGenerator_rtl_0/inst/impl/window_buffer_inst/ram_buffer_inst_3/Addr_w_reg[1]/R
                            (rising edge-triggered cell FDRE clocked by ap_clk  {rise@0.000ns fall@5.000ns period=10.000ns})
  Path Group:             (none)
  Path Type:              Hold (Min at Fast Process Corner)
  Data Path Delay:        0.009ns  (logic 0.000ns (0.000%)  route 0.009ns (100.000%))
  Logic Levels:           0  
  Clock Path Skew:        0.019ns (DCD - SCD - CPR)
    Destination Clock Delay (DCD):    0.019ns
    Source Clock Delay      (SCD):    0.000ns
    Clock Pessimism Removal (CPR):    -0.000ns

    Location             Delay type                Incr(ns)  Path(ns)    Netlist Resource(s)
  -------------------------------------------------------------------    -------------------
                                                      0.000     0.000 f  ap_rst_n (IN)
                         net (fo=1480, unset)         0.009     0.009    finn_design_i/ConvolutionInputGenerator_rtl_0/inst/impl/window_buffer_inst/ram_buffer_inst_3/ap_rst_n_inv
    SLICE_X43Y249        FDRE                                         r  finn_design_i/ConvolutionInputGenerator_rtl_0/inst/impl/window_buffer_inst/ram_buffer_inst_3/Addr_w_reg[1]/R  (IS_INVERTED)
  -------------------------------------------------------------------    -------------------

                         (clock ap_clk rise edge)     0.000     0.000 r  
                                                      0.000     0.000 r  ap_clk (IN)
                         net (fo=13029, unset)        0.019     0.019    finn_design_i/ConvolutionInputGenerator_rtl_0/inst/impl/window_buffer_inst/ram_buffer_inst_3/ap_clk
    SLICE_X43Y249        FDRE                                         r  finn_design_i/ConvolutionInputGenerator_rtl_0/inst/impl/window_buffer_inst/ram_buffer_inst_3/Addr_w_reg[1]/C

Slack:                    inf
  Source:                 ap_rst_n
                            (input port)
  Destination:            finn_design_i/ConvolutionInputGenerator_rtl_0/inst/impl/window_buffer_inst/ram_buffer_inst_3/Addr_w_reg[2]/R
                            (rising edge-triggered cell FDRE clocked by ap_clk  {rise@0.000ns fall@5.000ns period=10.000ns})
  Path Group:             (none)
  Path Type:              Hold (Min at Fast Process Corner)
  Data Path Delay:        0.009ns  (logic 0.000ns (0.000%)  route 0.009ns (100.000%))
  Logic Levels:           0  
  Clock Path Skew:        0.018ns (DCD - SCD - CPR)
    Destination Clock Delay (DCD):    0.018ns
    Source Clock Delay      (SCD):    0.000ns
    Clock Pessimism Removal (CPR):    -0.000ns

    Location             Delay type                Incr(ns)  Path(ns)    Netlist Resource(s)
  -------------------------------------------------------------------    -------------------
                                                      0.000     0.000 f  ap_rst_n (IN)
                         net (fo=1480, unset)         0.009     0.009    finn_design_i/ConvolutionInputGenerator_rtl_0/inst/impl/window_buffer_inst/ram_buffer_inst_3/ap_rst_n_inv
    SLICE_X43Y249        FDRE                                         r  finn_design_i/ConvolutionInputGenerator_rtl_0/inst/impl/window_buffer_inst/ram_buffer_inst_3/Addr_w_reg[2]/R  (IS_INVERTED)
  -------------------------------------------------------------------    -------------------

                         (clock ap_clk rise edge)     0.000     0.000 r  
                                                      0.000     0.000 r  ap_clk (IN)
                         net (fo=13029, unset)        0.018     0.018    finn_design_i/ConvolutionInputGenerator_rtl_0/inst/impl/window_buffer_inst/ram_buffer_inst_3/ap_clk
    SLICE_X43Y249        FDRE                                         r  finn_design_i/ConvolutionInputGenerator_rtl_0/inst/impl/window_buffer_inst/ram_buffer_inst_3/Addr_w_reg[2]/C

Slack:                    inf
  Source:                 ap_rst_n
                            (input port)
  Destination:            finn_design_i/ConvolutionInputGenerator_rtl_0/inst/impl/window_buffer_inst/ram_buffer_inst_3/Addr_w_reg[3]/R
                            (rising edge-triggered cell FDRE clocked by ap_clk  {rise@0.000ns fall@5.000ns period=10.000ns})
  Path Group:             (none)
  Path Type:              Hold (Min at Fast Process Corner)
  Data Path Delay:        0.009ns  (logic 0.000ns (0.000%)  route 0.009ns (100.000%))
  Logic Levels:           0  
  Clock Path Skew:        0.019ns (DCD - SCD - CPR)
    Destination Clock Delay (DCD):    0.019ns
    Source Clock Delay      (SCD):    0.000ns
    Clock Pessimism Removal (CPR):    -0.000ns

    Location             Delay type                Incr(ns)  Path(ns)    Netlist Resource(s)
  -------------------------------------------------------------------    -------------------
                                                      0.000     0.000 f  ap_rst_n (IN)
                         net (fo=1480, unset)         0.009     0.009    finn_design_i/ConvolutionInputGenerator_rtl_0/inst/impl/window_buffer_inst/ram_buffer_inst_3/ap_rst_n_inv
    SLICE_X43Y249        FDRE                                         r  finn_design_i/ConvolutionInputGenerator_rtl_0/inst/impl/window_buffer_inst/ram_buffer_inst_3/Addr_w_reg[3]/R  (IS_INVERTED)
  -------------------------------------------------------------------    -------------------

                         (clock ap_clk rise edge)     0.000     0.000 r  
                                                      0.000     0.000 r  ap_clk (IN)
                         net (fo=13029, unset)        0.019     0.019    finn_design_i/ConvolutionInputGenerator_rtl_0/inst/impl/window_buffer_inst/ram_buffer_inst_3/ap_clk
    SLICE_X43Y249        FDRE                                         r  finn_design_i/ConvolutionInputGenerator_rtl_0/inst/impl/window_buffer_inst/ram_buffer_inst_3/Addr_w_reg[3]/C

Slack:                    inf
  Source:                 ap_rst_n
                            (input port)
  Destination:            finn_design_i/ConvolutionInputGenerator_rtl_0/inst/impl/window_buffer_inst/ram_buffer_inst_3/Addr_w_reg[4]/R
                            (rising edge-triggered cell FDRE clocked by ap_clk  {rise@0.000ns fall@5.000ns period=10.000ns})
  Path Group:             (none)
  Path Type:              Hold (Min at Fast Process Corner)
  Data Path Delay:        0.009ns  (logic 0.000ns (0.000%)  route 0.009ns (100.000%))
  Logic Levels:           0  
  Clock Path Skew:        0.019ns (DCD - SCD - CPR)
    Destination Clock Delay (DCD):    0.019ns
    Source Clock Delay      (SCD):    0.000ns
    Clock Pessimism Removal (CPR):    -0.000ns

    Location             Delay type                Incr(ns)  Path(ns)    Netlist Resource(s)
  -------------------------------------------------------------------    -------------------
                                                      0.000     0.000 f  ap_rst_n (IN)
                         net (fo=1480, unset)         0.009     0.009    finn_design_i/ConvolutionInputGenerator_rtl_0/inst/impl/window_buffer_inst/ram_buffer_inst_3/ap_rst_n_inv
    SLICE_X43Y249        FDRE                                         r  finn_design_i/ConvolutionInputGenerator_rtl_0/inst/impl/window_buffer_inst/ram_buffer_inst_3/Addr_w_reg[4]/R  (IS_INVERTED)
  -------------------------------------------------------------------    -------------------

                         (clock ap_clk rise edge)     0.000     0.000 r  
                                                      0.000     0.000 r  ap_clk (IN)
                         net (fo=13029, unset)        0.019     0.019    finn_design_i/ConvolutionInputGenerator_rtl_0/inst/impl/window_buffer_inst/ram_buffer_inst_3/ap_clk
    SLICE_X43Y249        FDRE                                         r  finn_design_i/ConvolutionInputGenerator_rtl_0/inst/impl/window_buffer_inst/ram_buffer_inst_3/Addr_w_reg[4]/C





