

================================================================
== Vitis HLS Report for 'Matrix_Vector_Activate_Stream_Batch'
================================================================
* Date:           Sun Jun 22 17:08:26 2025

* Version:        2022.2 (Build 3670227 on Oct 13 2022)
* Project:        project_MVAU_hls_2
* Solution:       sol1 (Vivado IP Flow Target)
* Product family: zynquplus
* Target device:  xczu7ev-ffvc1156-2-e


================================================================
== Performance Estimates
================================================================
+ Timing: 
    * Summary: 
    +--------+----------+----------+------------+
    |  Clock |  Target  | Estimated| Uncertainty|
    +--------+----------+----------+------------+
    |ap_clk  |  10.00 ns|  3.527 ns|     2.70 ns|
    +--------+----------+----------+------------+

+ Latency: 
    * Summary: 
    +---------+---------+----------+----------+-----+-----+---------+
    |  Latency (cycles) |  Latency (absolute) |  Interval | Pipeline|
    |   min   |   max   |    min   |    max   | min | max |   Type  |
    +---------+---------+----------+----------+-----+-----+---------+
    |      963|      963|  9.630 us|  9.630 us|  963|  963|       no|
    +---------+---------+----------+----------+-----+-----+---------+

    + Detail: 
        * Instance: 
        N/A

        * Loop: 
        +--------------------+---------+---------+----------+-----------+-----------+------+----------+
        |                    |  Latency (cycles) | Iteration|  Initiation Interval  | Trip |          |
        |      Loop Name     |   min   |   max   |  Latency |  achieved |   target  | Count| Pipelined|
        +--------------------+---------+---------+----------+-----------+-----------+------+----------+
        |- VITIS_LOOP_249_1  |      961|      961|         3|          1|          1|   960|  yes(flp)|
        +--------------------+---------+---------+----------+-----------+-----------+------+----------+



================================================================
== Utilization Estimates
================================================================
* Summary: 
+-----------------+---------+------+--------+--------+-----+
|       Name      | BRAM_18K|  DSP |   FF   |   LUT  | URAM|
+-----------------+---------+------+--------+--------+-----+
|DSP              |        -|     -|       -|       -|    -|
|Expression       |        -|     -|       0|     824|    -|
|FIFO             |        -|     -|       -|       -|    -|
|Instance         |        -|     -|       0|      65|    -|
|Memory           |        0|     -|      18|      18|    -|
|Multiplexer      |        -|     -|       -|     146|    -|
|Register         |        -|     -|     578|       -|    -|
+-----------------+---------+------+--------+--------+-----+
|Total            |        0|     0|     596|    1053|    0|
+-----------------+---------+------+--------+--------+-----+
|Available        |      624|  1728|  460800|  230400|   96|
+-----------------+---------+------+--------+--------+-----+
|Utilization (%)  |        0|     0|      ~0|      ~0|    0|
+-----------------+---------+------+--------+--------+-----+

+ Detail: 
    * Instance: 
    +-------------------+----------------+---------+----+---+----+-----+
    |      Instance     |     Module     | BRAM_18K| DSP| FF| LUT| URAM|
    +-------------------+----------------+---------+----+---+----+-----+
    |mux_164_25_1_1_U1  |mux_164_25_1_1  |        0|   0|  0|  65|    0|
    +-------------------+----------------+---------+----+---+----+-----+
    |Total              |                |        0|   0|  0|  65|    0|
    +-------------------+----------------+---------+----+---+----+-----+

    * DSP: 
    N/A

    * Memory: 
    +------------------+----------------------------------------------------------------+---------+---+----+-----+------+-----+------+-------------+
    |      Memory      |                             Module                             | BRAM_18K| FF| LUT| URAM| Words| Bits| Banks| W*Bits*Banks|
    +------------------+----------------------------------------------------------------+---------+---+----+-----+------+-----+------+-------------+
    |p_ZL7threshs_0_U  |Matrix_Vector_Activate_Stream_Batch_p_ZL7threshs_0_ROM_AUTO_1R  |        0|  9|   9|    0|    60|    9|     1|          540|
    |p_ZL7threshs_1_U  |Matrix_Vector_Activate_Stream_Batch_p_ZL7threshs_1_ROM_AUTO_1R  |        0|  9|   9|    0|    60|    9|     1|          540|
    +------------------+----------------------------------------------------------------+---------+---+----+-----+------+-----+------+-------------+
    |Total             |                                                                |        0| 18|  18|    0|   120|   18|     2|         1080|
    +------------------+----------------------------------------------------------------+---------+---+----+-----+------+-----+------+-------------+

    * FIFO: 
    N/A

    * Expression: 
    +----------------------------------+----------+----+---+----+------------+------------+
    |           Variable Name          | Operation| DSP| FF| LUT| Bitwidth P0| Bitwidth P1|
    +----------------------------------+----------+----+---+----+------------+------------+
    |add_ln840_10_fu_1491_p2           |         +|   0|  0|   4|           3|           3|
    |add_ln840_11_fu_1501_p2           |         +|   0|  0|  18|          10|          10|
    |add_ln840_12_fu_1507_p2           |         +|   0|  0|   2|           2|           2|
    |add_ln840_13_fu_1513_p2           |         +|   0|  0|   2|           2|           2|
    |add_ln840_14_fu_1523_p2           |         +|   0|  0|   2|           2|           2|
    |add_ln840_15_fu_1529_p2           |         +|   0|  0|   2|           2|           2|
    |add_ln840_16_fu_1539_p2           |         +|   0|  0|  10|           3|           3|
    |add_ln840_17_fu_1549_p2           |         +|   0|  0|   2|           2|           2|
    |add_ln840_18_fu_1555_p2           |         +|   0|  0|   2|           2|           2|
    |add_ln840_19_fu_1565_p2           |         +|   0|  0|   9|           2|           2|
    |add_ln840_1_fu_1421_p2            |         +|   0|  0|  18|          10|          10|
    |add_ln840_20_fu_1575_p2           |         +|   0|  0|   9|           2|           2|
    |add_ln840_21_fu_1585_p2           |         +|   0|  0|   4|           3|           3|
    |add_ln840_22_fu_1591_p2           |         +|   0|  0|   4|           3|           3|
    |add_ln840_23_fu_1601_p2           |         +|   0|  0|  12|           4|           4|
    |add_ln840_24_fu_1611_p2           |         +|   0|  0|  18|          10|          10|
    |add_ln840_25_fu_2217_p2           |         +|   0|  0|   9|           2|           2|
    |add_ln840_26_fu_2227_p2           |         +|   0|  0|  18|          10|          10|
    |add_ln840_27_fu_2233_p2           |         +|   0|  0|   2|           2|           2|
    |add_ln840_28_fu_2239_p2           |         +|   0|  0|   2|           2|           2|
    |add_ln840_29_fu_2249_p2           |         +|   0|  0|  18|          10|          10|
    |add_ln840_2_fu_1427_p2            |         +|   0|  0|   2|           2|           2|
    |add_ln840_30_fu_2255_p2           |         +|   0|  0|   2|           2|           2|
    |add_ln840_31_fu_2261_p2           |         +|   0|  0|   2|           2|           2|
    |add_ln840_32_fu_2271_p2           |         +|   0|  0|   9|           2|           2|
    |add_ln840_33_fu_2281_p2           |         +|   0|  0|   9|           2|           2|
    |add_ln840_34_fu_2291_p2           |         +|   0|  0|   4|           3|           3|
    |add_ln840_35_fu_2297_p2           |         +|   0|  0|   4|           3|           3|
    |add_ln840_36_fu_2307_p2           |         +|   0|  0|  18|          10|          10|
    |add_ln840_37_fu_2313_p2           |         +|   0|  0|   2|           2|           2|
    |add_ln840_38_fu_2319_p2           |         +|   0|  0|   2|           2|           2|
    |add_ln840_39_fu_2329_p2           |         +|   0|  0|   2|           2|           2|
    |add_ln840_3_fu_1433_p2            |         +|   0|  0|   2|           2|           2|
    |add_ln840_40_fu_2335_p2           |         +|   0|  0|   2|           2|           2|
    |add_ln840_41_fu_2345_p2           |         +|   0|  0|  10|           3|           3|
    |add_ln840_42_fu_2355_p2           |         +|   0|  0|   2|           2|           2|
    |add_ln840_43_fu_2361_p2           |         +|   0|  0|   2|           2|           2|
    |add_ln840_44_fu_2371_p2           |         +|   0|  0|   9|           2|           2|
    |add_ln840_45_fu_2381_p2           |         +|   0|  0|   9|           2|           2|
    |add_ln840_46_fu_2391_p2           |         +|   0|  0|   4|           3|           3|
    |add_ln840_47_fu_2397_p2           |         +|   0|  0|   4|           3|           3|
    |add_ln840_48_fu_2407_p2           |         +|   0|  0|  12|           4|           4|
    |add_ln840_49_fu_2417_p2           |         +|   0|  0|  18|          10|          10|
    |add_ln840_4_fu_1443_p2            |         +|   0|  0|  18|          10|          10|
    |add_ln840_5_fu_1449_p2            |         +|   0|  0|   2|           2|           2|
    |add_ln840_6_fu_1455_p2            |         +|   0|  0|   2|           2|           2|
    |add_ln840_7_fu_1465_p2            |         +|   0|  0|   9|           2|           2|
    |add_ln840_8_fu_1475_p2            |         +|   0|  0|   9|           2|           2|
    |add_ln840_9_fu_1485_p2            |         +|   0|  0|   4|           3|           3|
    |add_ln840_fu_1411_p2              |         +|   0|  0|   9|           2|           2|
    |i_2_fu_384_p2                     |         +|   0|  0|  17|          10|           1|
    |nf_fu_2440_p2                     |         +|   0|  0|  39|          32|           1|
    |sf_2_fu_2423_p2                   |         +|   0|  0|  39|          32|           1|
    |ap_block_state3_io                |       and|   0|  0|   2|           1|           1|
    |ap_condition_1712                 |       and|   0|  0|   2|           1|           1|
    |ap_predicate_op439_write_state3   |       and|   0|  0|   2|           1|           1|
    |ap_predicate_op64_read_state1     |       and|   0|  0|   2|           1|           1|
    |icmp_ln1039_1_fu_2509_p2          |      icmp|   0|  0|  11|          10|          10|
    |icmp_ln1039_fu_2494_p2            |      icmp|   0|  0|  11|          10|          10|
    |icmp_ln249_fu_378_p2              |      icmp|   0|  0|  11|          10|           8|
    |icmp_ln253_fu_390_p2              |      icmp|   0|  0|  20|          32|           1|
    |icmp_ln272_fu_601_p2              |      icmp|   0|  0|  20|          32|           1|
    |icmp_ln290_fu_2429_p2             |      icmp|   0|  0|  20|          32|           5|
    |icmp_ln302_fu_2446_p2             |      icmp|   0|  0|  20|          32|           6|
    |ap_block_state1_pp0_stage0_iter0  |        or|   0|  0|   2|           1|           1|
    |nf_3_fu_2452_p3                   |    select|   0|  0|  32|           1|           1|
    |select_ln272_1_fu_615_p3          |    select|   0|  0|  10|           1|           1|
    |select_ln272_fu_607_p3            |    select|   0|  0|  10|           1|           1|
    |result_V_1_fu_2514_p2             |       xor|   0|  0|   2|           1|           2|
    |result_V_fu_2499_p2               |       xor|   0|  0|   2|           1|           2|
    |xor_ln1019_10_fu_939_p2           |       xor|   0|  0|   2|           1|           1|
    |xor_ln1019_11_fu_945_p2           |       xor|   0|  0|   2|           1|           2|
    |xor_ln1019_12_fu_963_p2           |       xor|   0|  0|   2|           1|           2|
    |xor_ln1019_13_fu_969_p2           |       xor|   0|  0|   2|           1|           1|
    |xor_ln1019_14_fu_987_p2           |       xor|   0|  0|   2|           1|           1|
    |xor_ln1019_15_fu_993_p2           |       xor|   0|  0|   2|           1|           2|
    |xor_ln1019_16_fu_1011_p2          |       xor|   0|  0|   2|           1|           1|
    |xor_ln1019_17_fu_1017_p2          |       xor|   0|  0|   2|           1|           2|
    |xor_ln1019_18_fu_1035_p2          |       xor|   0|  0|   2|           1|           1|
    |xor_ln1019_19_fu_1041_p2          |       xor|   0|  0|   2|           1|           2|
    |xor_ln1019_1_fu_825_p2            |       xor|   0|  0|   2|           1|           1|
    |xor_ln1019_20_fu_1059_p2          |       xor|   0|  0|   2|           1|           1|
    |xor_ln1019_21_fu_1065_p2          |       xor|   0|  0|   2|           1|           2|
    |xor_ln1019_22_fu_1083_p2          |       xor|   0|  0|   2|           1|           1|
    |xor_ln1019_23_fu_1089_p2          |       xor|   0|  0|   2|           1|           2|
    |xor_ln1019_24_fu_1107_p2          |       xor|   0|  0|   2|           1|           1|
    |xor_ln1019_25_fu_1113_p2          |       xor|   0|  0|   2|           1|           2|
    |xor_ln1019_26_fu_1131_p2          |       xor|   0|  0|   2|           1|           1|
    |xor_ln1019_27_fu_1137_p2          |       xor|   0|  0|   2|           1|           2|
    |xor_ln1019_28_fu_1155_p2          |       xor|   0|  0|   2|           1|           1|
    |xor_ln1019_29_fu_1161_p2          |       xor|   0|  0|   2|           1|           2|
    |xor_ln1019_2_fu_843_p2            |       xor|   0|  0|   2|           1|           2|
    |xor_ln1019_30_fu_1179_p2          |       xor|   0|  0|   2|           1|           1|
    |xor_ln1019_31_fu_1185_p2          |       xor|   0|  0|   2|           1|           2|
    |xor_ln1019_32_fu_1203_p2          |       xor|   0|  0|   2|           1|           1|
    |xor_ln1019_33_fu_1209_p2          |       xor|   0|  0|   2|           1|           2|
    |xor_ln1019_34_fu_1227_p2          |       xor|   0|  0|   2|           1|           1|
    |xor_ln1019_35_fu_1233_p2          |       xor|   0|  0|   2|           1|           2|
    |xor_ln1019_36_fu_1251_p2          |       xor|   0|  0|   2|           1|           1|
    |xor_ln1019_37_fu_1257_p2          |       xor|   0|  0|   2|           1|           2|
    |xor_ln1019_38_fu_1275_p2          |       xor|   0|  0|   2|           1|           1|
    |xor_ln1019_39_fu_1281_p2          |       xor|   0|  0|   2|           1|           2|
    |xor_ln1019_3_fu_849_p2            |       xor|   0|  0|   2|           1|           1|
    |xor_ln1019_40_fu_1299_p2          |       xor|   0|  0|   2|           1|           1|
    |xor_ln1019_41_fu_1305_p2          |       xor|   0|  0|   2|           1|           2|
    |xor_ln1019_42_fu_1323_p2          |       xor|   0|  0|   2|           1|           1|
    |xor_ln1019_43_fu_1329_p2          |       xor|   0|  0|   2|           1|           2|
    |xor_ln1019_44_fu_1347_p2          |       xor|   0|  0|   2|           1|           1|
    |xor_ln1019_45_fu_1353_p2          |       xor|   0|  0|   2|           1|           2|
    |xor_ln1019_46_fu_1371_p2          |       xor|   0|  0|   2|           1|           1|
    |xor_ln1019_47_fu_1377_p2          |       xor|   0|  0|   2|           1|           2|
    |xor_ln1019_48_fu_1395_p2          |       xor|   0|  0|   2|           1|           1|
    |xor_ln1019_49_fu_1401_p2          |       xor|   0|  0|   2|           1|           2|
    |xor_ln1019_4_fu_867_p2            |       xor|   0|  0|   2|           1|           1|
    |xor_ln1019_50_fu_1817_p2          |       xor|   0|  0|   2|           1|           2|
    |xor_ln1019_51_fu_1823_p2          |       xor|   0|  0|   2|           1|           1|
    |xor_ln1019_52_fu_1833_p2          |       xor|   0|  0|   2|           1|           2|
    |xor_ln1019_53_fu_1839_p2          |       xor|   0|  0|   2|           1|           1|
    |xor_ln1019_54_fu_1849_p2          |       xor|   0|  0|   2|           1|           1|
    |xor_ln1019_55_fu_1855_p2          |       xor|   0|  0|   2|           1|           2|
    |xor_ln1019_56_fu_1865_p2          |       xor|   0|  0|   2|           1|           2|
    |xor_ln1019_57_fu_1871_p2          |       xor|   0|  0|   2|           1|           1|
    |xor_ln1019_58_fu_1881_p2          |       xor|   0|  0|   2|           1|           2|
    |xor_ln1019_59_fu_1887_p2          |       xor|   0|  0|   2|           1|           1|
    |xor_ln1019_5_fu_873_p2            |       xor|   0|  0|   2|           1|           2|
    |xor_ln1019_60_fu_1897_p2          |       xor|   0|  0|   2|           1|           1|
    |xor_ln1019_61_fu_1903_p2          |       xor|   0|  0|   2|           1|           2|
    |xor_ln1019_62_fu_1913_p2          |       xor|   0|  0|   2|           1|           2|
    |xor_ln1019_63_fu_1919_p2          |       xor|   0|  0|   2|           1|           1|
    |xor_ln1019_64_fu_1929_p2          |       xor|   0|  0|   2|           1|           1|
    |xor_ln1019_65_fu_1935_p2          |       xor|   0|  0|   2|           1|           2|
    |xor_ln1019_66_fu_1945_p2          |       xor|   0|  0|   2|           1|           1|
    |xor_ln1019_67_fu_1951_p2          |       xor|   0|  0|   2|           1|           2|
    |xor_ln1019_68_fu_1961_p2          |       xor|   0|  0|   2|           1|           1|
    |xor_ln1019_69_fu_1967_p2          |       xor|   0|  0|   2|           1|           2|
    |xor_ln1019_6_fu_891_p2            |       xor|   0|  0|   2|           1|           2|
    |xor_ln1019_70_fu_1977_p2          |       xor|   0|  0|   2|           1|           1|
    |xor_ln1019_71_fu_1983_p2          |       xor|   0|  0|   2|           1|           2|
    |xor_ln1019_72_fu_1993_p2          |       xor|   0|  0|   2|           1|           1|
    |xor_ln1019_73_fu_1999_p2          |       xor|   0|  0|   2|           1|           2|
    |xor_ln1019_74_fu_2009_p2          |       xor|   0|  0|   2|           1|           1|
    |xor_ln1019_75_fu_2015_p2          |       xor|   0|  0|   2|           1|           2|
    |xor_ln1019_76_fu_2025_p2          |       xor|   0|  0|   2|           1|           1|
    |xor_ln1019_77_fu_2031_p2          |       xor|   0|  0|   2|           1|           2|
    |xor_ln1019_78_fu_2041_p2          |       xor|   0|  0|   2|           1|           1|
    |xor_ln1019_79_fu_2047_p2          |       xor|   0|  0|   2|           1|           2|
    |xor_ln1019_7_fu_897_p2            |       xor|   0|  0|   2|           1|           1|
    |xor_ln1019_80_fu_2057_p2          |       xor|   0|  0|   2|           1|           1|
    |xor_ln1019_81_fu_2063_p2          |       xor|   0|  0|   2|           1|           2|
    |xor_ln1019_82_fu_2073_p2          |       xor|   0|  0|   2|           1|           1|
    |xor_ln1019_83_fu_2079_p2          |       xor|   0|  0|   2|           1|           2|
    |xor_ln1019_84_fu_2089_p2          |       xor|   0|  0|   2|           1|           1|
    |xor_ln1019_85_fu_2095_p2          |       xor|   0|  0|   2|           1|           2|
    |xor_ln1019_86_fu_2105_p2          |       xor|   0|  0|   2|           1|           1|
    |xor_ln1019_87_fu_2111_p2          |       xor|   0|  0|   2|           1|           2|
    |xor_ln1019_88_fu_2121_p2          |       xor|   0|  0|   2|           1|           1|
    |xor_ln1019_89_fu_2127_p2          |       xor|   0|  0|   2|           1|           2|
    |xor_ln1019_8_fu_915_p2            |       xor|   0|  0|   2|           1|           2|
    |xor_ln1019_90_fu_2137_p2          |       xor|   0|  0|   2|           1|           1|
    |xor_ln1019_91_fu_2143_p2          |       xor|   0|  0|   2|           1|           2|
    |xor_ln1019_92_fu_2153_p2          |       xor|   0|  0|   2|           1|           1|
    |xor_ln1019_93_fu_2159_p2          |       xor|   0|  0|   2|           1|           2|
    |xor_ln1019_94_fu_2169_p2          |       xor|   0|  0|   2|           1|           1|
    |xor_ln1019_95_fu_2175_p2          |       xor|   0|  0|   2|           1|           2|
    |xor_ln1019_96_fu_2185_p2          |       xor|   0|  0|   2|           1|           1|
    |xor_ln1019_97_fu_2191_p2          |       xor|   0|  0|   2|           1|           2|
    |xor_ln1019_98_fu_2201_p2          |       xor|   0|  0|   2|           1|           1|
    |xor_ln1019_99_fu_2207_p2          |       xor|   0|  0|   2|           1|           2|
    |xor_ln1019_9_fu_921_p2            |       xor|   0|  0|   2|           1|           1|
    |xor_ln1019_fu_819_p2              |       xor|   0|  0|   2|           1|           2|
    +----------------------------------+----------+----+---+----+------------+------------+
    |Total                             |          |   0|  0| 824|         520|         384|
    +----------------------------------+----------+----+---+----+------------+------------+

    * Multiplexer: 
    +------------------------------------+----+-----------+-----+-----------+
    |                Name                | LUT| Input Size| Bits| Total Bits|
    +------------------------------------+----+-----------+-----+-----------+
    |ap_NS_iter1_fsm                     |  14|          3|    2|          6|
    |ap_NS_iter2_fsm                     |  14|          3|    2|          6|
    |ap_done_int                         |   9|          2|    1|          2|
    |ap_loop_exit_ready_pp0_iter2_reg    |   9|          2|    1|          2|
    |ap_phi_mux_inElem_1_phi_fu_318_p34  |  14|          3|   25|         75|
    |ap_sig_allocacmp_i_1                |   9|          2|   10|         20|
    |ap_sig_allocacmp_nf_2               |   9|          2|   32|         64|
    |ap_sig_allocacmp_sf_1               |   9|          2|   32|         64|
    |i_fu_190                            |   9|          2|   10|         20|
    |in0_V_TDATA_blk_n                   |   9|          2|    1|          2|
    |in1_V_TDATA_blk_n                   |   9|          2|    1|          2|
    |nf_1_fu_266                         |   9|          2|   32|         64|
    |out0_V_TDATA_blk_n                  |   9|          2|    1|          2|
    |sf_fu_186                           |  14|          3|   32|         96|
    +------------------------------------+----+-----------+-----+-----------+
    |Total                               | 146|         32|  182|        425|
    +------------------------------------+----+-----------+-----+-----------+

    * Register: 
    +-------------------------------------+----+----+-----+-----------+
    |                 Name                | FF | LUT| Bits| Const Bits|
    +-------------------------------------+----+----+-----+-----------+
    |add_i_i_i3_1_24136_fu_198            |  10|   0|   10|          0|
    |add_i_i_i3_24134_fu_194              |  10|   0|   10|          0|
    |add_ln840_24_reg_2680                |  10|   0|   10|          0|
    |add_ln840_24_reg_2680_pp0_iter1_reg  |  10|   0|   10|          0|
    |add_ln840_49_reg_2685                |  10|   0|   10|          0|
    |add_ln840_49_reg_2685_pp0_iter1_reg  |  10|   0|   10|          0|
    |ap_CS_iter0_fsm                      |   1|   0|    1|          0|
    |ap_CS_iter1_fsm                      |   2|   0|    2|          0|
    |ap_CS_iter2_fsm                      |   2|   0|    2|          0|
    |ap_done_reg                          |   1|   0|    1|          0|
    |ap_loop_exit_ready_pp0_iter1_reg     |   1|   0|    1|          0|
    |ap_loop_exit_ready_pp0_iter2_reg     |   1|   0|    1|          0|
    |i_fu_190                             |  10|   0|   10|          0|
    |icmp_ln249_reg_2668                  |   1|   0|    1|          0|
    |icmp_ln249_reg_2668_pp0_iter1_reg    |   1|   0|    1|          0|
    |icmp_ln290_reg_2690                  |   1|   0|    1|          0|
    |icmp_ln290_reg_2690_pp0_iter1_reg    |   1|   0|    1|          0|
    |inputBuf_V_10_fu_242                 |  25|   0|   25|          0|
    |inputBuf_V_11_fu_246                 |  25|   0|   25|          0|
    |inputBuf_V_12_fu_250                 |  25|   0|   25|          0|
    |inputBuf_V_13_fu_254                 |  25|   0|   25|          0|
    |inputBuf_V_14_fu_258                 |  25|   0|   25|          0|
    |inputBuf_V_15_fu_262                 |  25|   0|   25|          0|
    |inputBuf_V_1_fu_206                  |  25|   0|   25|          0|
    |inputBuf_V_2_fu_210                  |  25|   0|   25|          0|
    |inputBuf_V_3_fu_214                  |  25|   0|   25|          0|
    |inputBuf_V_4_fu_218                  |  25|   0|   25|          0|
    |inputBuf_V_5_fu_222                  |  25|   0|   25|          0|
    |inputBuf_V_6_fu_226                  |  25|   0|   25|          0|
    |inputBuf_V_7_fu_230                  |  25|   0|   25|          0|
    |inputBuf_V_8_fu_234                  |  25|   0|   25|          0|
    |inputBuf_V_9_fu_238                  |  25|   0|   25|          0|
    |inputBuf_V_fu_202                    |  25|   0|   25|          0|
    |nf_1_fu_266                          |  32|   0|   32|          0|
    |nf_2_reg_2663                        |  32|   0|   32|          0|
    |sf_fu_186                            |  32|   0|   32|          0|
    +-------------------------------------+----+----+-----+-----------+
    |Total                                | 578|   0|  578|          0|
    +-------------------------------------+----+----+-----+-----------+



================================================================
== Interface
================================================================
* Summary: 
+---------------+-----+-----+------------+-------------------------------------+--------------+
|   RTL Ports   | Dir | Bits|  Protocol  |            Source Object            |    C Type    |
+---------------+-----+-----+------------+-------------------------------------+--------------+
|ap_clk         |   in|    1|  ap_ctrl_hs|  Matrix_Vector_Activate_Stream_Batch|  return value|
|ap_rst         |   in|    1|  ap_ctrl_hs|  Matrix_Vector_Activate_Stream_Batch|  return value|
|ap_start       |   in|    1|  ap_ctrl_hs|  Matrix_Vector_Activate_Stream_Batch|  return value|
|ap_done        |  out|    1|  ap_ctrl_hs|  Matrix_Vector_Activate_Stream_Batch|  return value|
|ap_idle        |  out|    1|  ap_ctrl_hs|  Matrix_Vector_Activate_Stream_Batch|  return value|
|ap_ready       |  out|    1|  ap_ctrl_hs|  Matrix_Vector_Activate_Stream_Batch|  return value|
|in0_V_TVALID   |   in|    1|        axis|                                in0_V|       pointer|
|in0_V_TDATA    |   in|   32|        axis|                                in0_V|       pointer|
|in0_V_TREADY   |  out|    1|        axis|                                in0_V|       pointer|
|in1_V_TVALID   |   in|    1|        axis|                                in1_V|       pointer|
|in1_V_TDATA    |   in|   56|        axis|                                in1_V|       pointer|
|in1_V_TREADY   |  out|    1|        axis|                                in1_V|       pointer|
|out0_V_TREADY  |   in|    1|        axis|                               out0_V|       pointer|
|out0_V_TDATA   |  out|    8|        axis|                               out0_V|       pointer|
|out0_V_TVALID  |  out|    1|        axis|                               out0_V|       pointer|
+---------------+-----+-----+------------+-------------------------------------+--------------+

============================================================
+ Verbose Summary: Synthesis Manager
============================================================
InlineROM: 1
ExposeGlobal: 0
============================================================
+ Verbose Summary: CDFG Model
============================================================
IsTopModel: 0
ResetActiveHigh: 1
IsCombinational: 2
IsDatapathOnly: 2
HasWiredReturn: 1
HasMFsm: 1
HasVarLatency: 1
IsPipeline: 0
IsRtlPipelined: 0
IsInstanceOverlapped: 0
IsDontTouch: 0
HasImplIP: 0
IsGatedGlobalClock: 0

+ Individual pipeline summary: 
  * Pipeline-0: initiation interval (II) = 1, depth = 3


============================================================
+ Verbose Summary: Schedule
============================================================
* Number of FSM states : 3
* Pipeline : 1
  Pipeline-0 : II = 1, D = 3, States = { 1 2 3 }
* Dataflow Pipeline: 0

* FSM state transitions: 
1 --> 2 
2 --> 3 
3 --> 

* FSM state operations: 

State 1 <SV = 0> <Delay = 3.52>
ST_1 : Operation 6 [1/1] (0.00ns)   --->   "%sf = alloca i32 1"   --->   Operation 6 'alloca' 'sf' <Predicate = true> <Delay = 0.00>
ST_1 : Operation 7 [1/1] (0.00ns)   --->   "%i = alloca i32 1"   --->   Operation 7 'alloca' 'i' <Predicate = true> <Delay = 0.00>
ST_1 : Operation 8 [1/1] (0.00ns)   --->   "%add_i_i_i3_24134 = alloca i32 1"   --->   Operation 8 'alloca' 'add_i_i_i3_24134' <Predicate = true> <Delay = 0.00>
ST_1 : Operation 9 [1/1] (0.00ns)   --->   "%add_i_i_i3_1_24136 = alloca i32 1"   --->   Operation 9 'alloca' 'add_i_i_i3_1_24136' <Predicate = true> <Delay = 0.00>
ST_1 : Operation 10 [1/1] (0.00ns)   --->   "%inputBuf_V = alloca i32 1"   --->   Operation 10 'alloca' 'inputBuf_V' <Predicate = true> <Delay = 0.00>
ST_1 : Operation 11 [1/1] (0.00ns)   --->   "%inputBuf_V_1 = alloca i32 1"   --->   Operation 11 'alloca' 'inputBuf_V_1' <Predicate = true> <Delay = 0.00>
ST_1 : Operation 12 [1/1] (0.00ns)   --->   "%inputBuf_V_2 = alloca i32 1"   --->   Operation 12 'alloca' 'inputBuf_V_2' <Predicate = true> <Delay = 0.00>
ST_1 : Operation 13 [1/1] (0.00ns)   --->   "%inputBuf_V_3 = alloca i32 1"   --->   Operation 13 'alloca' 'inputBuf_V_3' <Predicate = true> <Delay = 0.00>
ST_1 : Operation 14 [1/1] (0.00ns)   --->   "%inputBuf_V_4 = alloca i32 1"   --->   Operation 14 'alloca' 'inputBuf_V_4' <Predicate = true> <Delay = 0.00>
ST_1 : Operation 15 [1/1] (0.00ns)   --->   "%inputBuf_V_5 = alloca i32 1"   --->   Operation 15 'alloca' 'inputBuf_V_5' <Predicate = true> <Delay = 0.00>
ST_1 : Operation 16 [1/1] (0.00ns)   --->   "%inputBuf_V_6 = alloca i32 1"   --->   Operation 16 'alloca' 'inputBuf_V_6' <Predicate = true> <Delay = 0.00>
ST_1 : Operation 17 [1/1] (0.00ns)   --->   "%inputBuf_V_7 = alloca i32 1"   --->   Operation 17 'alloca' 'inputBuf_V_7' <Predicate = true> <Delay = 0.00>
ST_1 : Operation 18 [1/1] (0.00ns)   --->   "%inputBuf_V_8 = alloca i32 1"   --->   Operation 18 'alloca' 'inputBuf_V_8' <Predicate = true> <Delay = 0.00>
ST_1 : Operation 19 [1/1] (0.00ns)   --->   "%inputBuf_V_9 = alloca i32 1"   --->   Operation 19 'alloca' 'inputBuf_V_9' <Predicate = true> <Delay = 0.00>
ST_1 : Operation 20 [1/1] (0.00ns)   --->   "%inputBuf_V_10 = alloca i32 1"   --->   Operation 20 'alloca' 'inputBuf_V_10' <Predicate = true> <Delay = 0.00>
ST_1 : Operation 21 [1/1] (0.00ns)   --->   "%inputBuf_V_11 = alloca i32 1"   --->   Operation 21 'alloca' 'inputBuf_V_11' <Predicate = true> <Delay = 0.00>
ST_1 : Operation 22 [1/1] (0.00ns)   --->   "%inputBuf_V_12 = alloca i32 1"   --->   Operation 22 'alloca' 'inputBuf_V_12' <Predicate = true> <Delay = 0.00>
ST_1 : Operation 23 [1/1] (0.00ns)   --->   "%inputBuf_V_13 = alloca i32 1"   --->   Operation 23 'alloca' 'inputBuf_V_13' <Predicate = true> <Delay = 0.00>
ST_1 : Operation 24 [1/1] (0.00ns)   --->   "%inputBuf_V_14 = alloca i32 1"   --->   Operation 24 'alloca' 'inputBuf_V_14' <Predicate = true> <Delay = 0.00>
ST_1 : Operation 25 [1/1] (0.00ns)   --->   "%inputBuf_V_15 = alloca i32 1"   --->   Operation 25 'alloca' 'inputBuf_V_15' <Predicate = true> <Delay = 0.00>
ST_1 : Operation 26 [1/1] (0.00ns)   --->   "%nf_1 = alloca i32 1"   --->   Operation 26 'alloca' 'nf_1' <Predicate = true> <Delay = 0.00>
ST_1 : Operation 27 [1/1] (0.00ns)   --->   "%specinterface_ln0 = specinterface void @_ssdm_op_SpecInterface, i8 %out0_V, void @empty, i32 0, i32 0, void @empty_0, i32 0, i32 0, void @empty_1, void @empty_1, void @empty_1, i32 0, i32 0, i32 0, i32 0, void @empty_1, void @empty_1, i32 4294967295, i32 0"   --->   Operation 27 'specinterface' 'specinterface_ln0' <Predicate = true> <Delay = 0.00>
ST_1 : Operation 28 [1/1] (0.00ns)   --->   "%specinterface_ln0 = specinterface void @_ssdm_op_SpecInterface, i56 %in1_V, void @empty, i32 0, i32 0, void @empty_0, i32 0, i32 0, void @empty_1, void @empty_1, void @empty_1, i32 0, i32 0, i32 0, i32 0, void @empty_1, void @empty_1, i32 4294967295, i32 0"   --->   Operation 28 'specinterface' 'specinterface_ln0' <Predicate = true> <Delay = 0.00>
ST_1 : Operation 29 [1/1] (0.00ns)   --->   "%specinterface_ln0 = specinterface void @_ssdm_op_SpecInterface, i32 %in0_V, void @empty, i32 0, i32 0, void @empty_0, i32 0, i32 0, void @empty_1, void @empty_1, void @empty_1, i32 0, i32 0, i32 0, i32 0, void @empty_1, void @empty_1, i32 4294967295, i32 0"   --->   Operation 29 'specinterface' 'specinterface_ln0' <Predicate = true> <Delay = 0.00>
ST_1 : Operation 30 [1/1] (0.42ns)   --->   "%store_ln249 = store i32 0, i32 %nf_1" [/home/changhong/prj/finn/deps/finn-hlslib/mvau.hpp:249]   --->   Operation 30 'store' 'store_ln249' <Predicate = true> <Delay = 0.42>
ST_1 : Operation 31 [1/1] (0.42ns)   --->   "%store_ln249 = store i10 0, i10 %i" [/home/changhong/prj/finn/deps/finn-hlslib/mvau.hpp:249]   --->   Operation 31 'store' 'store_ln249' <Predicate = true> <Delay = 0.42>
ST_1 : Operation 32 [1/1] (0.42ns)   --->   "%store_ln249 = store i32 0, i32 %sf" [/home/changhong/prj/finn/deps/finn-hlslib/mvau.hpp:249]   --->   Operation 32 'store' 'store_ln249' <Predicate = true> <Delay = 0.42>
ST_1 : Operation 33 [1/1] (0.00ns)   --->   "%br_ln249 = br void %for.body" [/home/changhong/prj/finn/deps/finn-hlslib/mvau.hpp:249]   --->   Operation 33 'br' 'br_ln249' <Predicate = true> <Delay = 0.00>
ST_1 : Operation 34 [1/1] (0.00ns)   --->   "%sf_1 = load i32 %sf" [/home/changhong/prj/finn/deps/finn-hlslib/mvau.hpp:261]   --->   Operation 34 'load' 'sf_1' <Predicate = true> <Delay = 0.00>
ST_1 : Operation 35 [1/1] (0.00ns)   --->   "%i_1 = load i10 %i" [/home/changhong/prj/finn/deps/finn-hlslib/mvau.hpp:249]   --->   Operation 35 'load' 'i_1' <Predicate = true> <Delay = 0.00>
ST_1 : Operation 36 [1/1] (0.00ns)   --->   "%nf_2 = load i32 %nf_1" [/home/changhong/prj/finn/deps/finn-hlslib/mvau.hpp:302]   --->   Operation 36 'load' 'nf_2' <Predicate = true> <Delay = 0.00>
ST_1 : Operation 37 [1/1] (0.91ns)   --->   "%icmp_ln249 = icmp_eq  i10 %i_1, i10 960" [/home/changhong/prj/finn/deps/finn-hlslib/mvau.hpp:249]   --->   Operation 37 'icmp' 'icmp_ln249' <Predicate = true> <Delay = 0.91> <CoreInst = "Cmp">   --->   Core 9 'Cmp' <Latency = 0> <II = 1> <Delay = 0.91> <FuncUnit> <Opcode : 'icmp'> <InPorts = 2> <OutPorts = 1>
ST_1 : Operation 38 [1/1] (0.00ns)   --->   "%empty = speclooptripcount i32 @_ssdm_op_SpecLoopTripCount, i64 960, i64 960, i64 960"   --->   Operation 38 'speclooptripcount' 'empty' <Predicate = true> <Delay = 0.00>
ST_1 : Operation 39 [1/1] (0.78ns)   --->   "%i_2 = add i10 %i_1, i10 1" [/home/changhong/prj/finn/deps/finn-hlslib/mvau.hpp:249]   --->   Operation 39 'add' 'i_2' <Predicate = true> <Delay = 0.78> <CoreInst = "Adder">   --->   Core 1 'Adder' <Latency = 0> <II = 1> <Delay = 0.78> <FuncUnit> <Opcode : 'add' 'sub'> <InPorts = 2> <OutPorts = 1>
ST_1 : Operation 40 [1/1] (0.00ns)   --->   "%br_ln249 = br i1 %icmp_ln249, void %for.body.split, void %for.end92" [/home/changhong/prj/finn/deps/finn-hlslib/mvau.hpp:249]   --->   Operation 40 'br' 'br_ln249' <Predicate = true> <Delay = 0.00>
ST_1 : Operation 41 [1/1] (0.00ns)   --->   "%specpipeline_ln250 = specpipeline void @_ssdm_op_SpecPipeline, i32 1, i32 2, i32 0, i32 0, void @empty_1" [/home/changhong/prj/finn/deps/finn-hlslib/mvau.hpp:250]   --->   Operation 41 'specpipeline' 'specpipeline_ln250' <Predicate = (!icmp_ln249)> <Delay = 0.00>
ST_1 : Operation 42 [1/1] (0.00ns)   --->   "%specloopname_ln231 = specloopname void @_ssdm_op_SpecLoopName, void @empty_4" [/home/changhong/prj/finn/deps/finn-hlslib/mvau.hpp:231]   --->   Operation 42 'specloopname' 'specloopname_ln231' <Predicate = (!icmp_ln249)> <Delay = 0.00>
ST_1 : Operation 43 [1/1] (0.99ns)   --->   "%icmp_ln253 = icmp_eq  i32 %nf_2, i32 0" [/home/changhong/prj/finn/deps/finn-hlslib/mvau.hpp:253]   --->   Operation 43 'icmp' 'icmp_ln253' <Predicate = (!icmp_ln249)> <Delay = 0.99> <CoreInst = "Cmp">   --->   Core 9 'Cmp' <Latency = 0> <II = 1> <Delay = 0.99> <FuncUnit> <Opcode : 'icmp'> <InPorts = 2> <OutPorts = 1>
ST_1 : Operation 44 [1/1] (0.00ns)   --->   "%br_ln253 = br i1 %icmp_ln253, void %if.else, void %if.then" [/home/changhong/prj/finn/deps/finn-hlslib/mvau.hpp:253]   --->   Operation 44 'br' 'br_ln253' <Predicate = (!icmp_ln249)> <Delay = 0.00>
ST_1 : Operation 45 [1/1] (0.00ns)   --->   "%inputBuf_V_load = load i25 %inputBuf_V" [/home/changhong/prj/finn/deps/finn-hlslib/mvau.hpp:261]   --->   Operation 45 'load' 'inputBuf_V_load' <Predicate = (!icmp_ln249 & !icmp_ln253)> <Delay = 0.00>
ST_1 : Operation 46 [1/1] (0.00ns)   --->   "%inputBuf_V_1_load = load i25 %inputBuf_V_1" [/home/changhong/prj/finn/deps/finn-hlslib/mvau.hpp:261]   --->   Operation 46 'load' 'inputBuf_V_1_load' <Predicate = (!icmp_ln249 & !icmp_ln253)> <Delay = 0.00>
ST_1 : Operation 47 [1/1] (0.00ns)   --->   "%inputBuf_V_2_load = load i25 %inputBuf_V_2" [/home/changhong/prj/finn/deps/finn-hlslib/mvau.hpp:261]   --->   Operation 47 'load' 'inputBuf_V_2_load' <Predicate = (!icmp_ln249 & !icmp_ln253)> <Delay = 0.00>
ST_1 : Operation 48 [1/1] (0.00ns)   --->   "%inputBuf_V_3_load = load i25 %inputBuf_V_3" [/home/changhong/prj/finn/deps/finn-hlslib/mvau.hpp:261]   --->   Operation 48 'load' 'inputBuf_V_3_load' <Predicate = (!icmp_ln249 & !icmp_ln253)> <Delay = 0.00>
ST_1 : Operation 49 [1/1] (0.00ns)   --->   "%inputBuf_V_4_load = load i25 %inputBuf_V_4" [/home/changhong/prj/finn/deps/finn-hlslib/mvau.hpp:261]   --->   Operation 49 'load' 'inputBuf_V_4_load' <Predicate = (!icmp_ln249 & !icmp_ln253)> <Delay = 0.00>
ST_1 : Operation 50 [1/1] (0.00ns)   --->   "%inputBuf_V_5_load = load i25 %inputBuf_V_5" [/home/changhong/prj/finn/deps/finn-hlslib/mvau.hpp:261]   --->   Operation 50 'load' 'inputBuf_V_5_load' <Predicate = (!icmp_ln249 & !icmp_ln253)> <Delay = 0.00>
ST_1 : Operation 51 [1/1] (0.00ns)   --->   "%inputBuf_V_6_load = load i25 %inputBuf_V_6" [/home/changhong/prj/finn/deps/finn-hlslib/mvau.hpp:261]   --->   Operation 51 'load' 'inputBuf_V_6_load' <Predicate = (!icmp_ln249 & !icmp_ln253)> <Delay = 0.00>
ST_1 : Operation 52 [1/1] (0.00ns)   --->   "%inputBuf_V_7_load = load i25 %inputBuf_V_7" [/home/changhong/prj/finn/deps/finn-hlslib/mvau.hpp:261]   --->   Operation 52 'load' 'inputBuf_V_7_load' <Predicate = (!icmp_ln249 & !icmp_ln253)> <Delay = 0.00>
ST_1 : Operation 53 [1/1] (0.00ns)   --->   "%inputBuf_V_8_load = load i25 %inputBuf_V_8" [/home/changhong/prj/finn/deps/finn-hlslib/mvau.hpp:261]   --->   Operation 53 'load' 'inputBuf_V_8_load' <Predicate = (!icmp_ln249 & !icmp_ln253)> <Delay = 0.00>
ST_1 : Operation 54 [1/1] (0.00ns)   --->   "%inputBuf_V_9_load = load i25 %inputBuf_V_9" [/home/changhong/prj/finn/deps/finn-hlslib/mvau.hpp:261]   --->   Operation 54 'load' 'inputBuf_V_9_load' <Predicate = (!icmp_ln249 & !icmp_ln253)> <Delay = 0.00>
ST_1 : Operation 55 [1/1] (0.00ns)   --->   "%inputBuf_V_10_load = load i25 %inputBuf_V_10" [/home/changhong/prj/finn/deps/finn-hlslib/mvau.hpp:261]   --->   Operation 55 'load' 'inputBuf_V_10_load' <Predicate = (!icmp_ln249 & !icmp_ln253)> <Delay = 0.00>
ST_1 : Operation 56 [1/1] (0.00ns)   --->   "%inputBuf_V_11_load = load i25 %inputBuf_V_11" [/home/changhong/prj/finn/deps/finn-hlslib/mvau.hpp:261]   --->   Operation 56 'load' 'inputBuf_V_11_load' <Predicate = (!icmp_ln249 & !icmp_ln253)> <Delay = 0.00>
ST_1 : Operation 57 [1/1] (0.00ns)   --->   "%inputBuf_V_12_load = load i25 %inputBuf_V_12" [/home/changhong/prj/finn/deps/finn-hlslib/mvau.hpp:261]   --->   Operation 57 'load' 'inputBuf_V_12_load' <Predicate = (!icmp_ln249 & !icmp_ln253)> <Delay = 0.00>
ST_1 : Operation 58 [1/1] (0.00ns)   --->   "%inputBuf_V_13_load = load i25 %inputBuf_V_13" [/home/changhong/prj/finn/deps/finn-hlslib/mvau.hpp:261]   --->   Operation 58 'load' 'inputBuf_V_13_load' <Predicate = (!icmp_ln249 & !icmp_ln253)> <Delay = 0.00>
ST_1 : Operation 59 [1/1] (0.00ns)   --->   "%inputBuf_V_14_load = load i25 %inputBuf_V_14" [/home/changhong/prj/finn/deps/finn-hlslib/mvau.hpp:261]   --->   Operation 59 'load' 'inputBuf_V_14_load' <Predicate = (!icmp_ln249 & !icmp_ln253)> <Delay = 0.00>
ST_1 : Operation 60 [1/1] (0.00ns)   --->   "%inputBuf_V_15_load = load i25 %inputBuf_V_15" [/home/changhong/prj/finn/deps/finn-hlslib/mvau.hpp:261]   --->   Operation 60 'load' 'inputBuf_V_15_load' <Predicate = (!icmp_ln249 & !icmp_ln253)> <Delay = 0.00>
ST_1 : Operation 61 [1/1] (0.00ns)   --->   "%trunc_ln261 = trunc i32 %sf_1" [/home/changhong/prj/finn/deps/finn-hlslib/mvau.hpp:261]   --->   Operation 61 'trunc' 'trunc_ln261' <Predicate = (!icmp_ln249 & !icmp_ln253)> <Delay = 0.00>
ST_1 : Operation 62 [1/1] (0.48ns)   --->   "%tmp = mux i25 @_ssdm_op_Mux.ap_auto.16i25.i4, i25 %inputBuf_V_load, i25 %inputBuf_V_1_load, i25 %inputBuf_V_2_load, i25 %inputBuf_V_3_load, i25 %inputBuf_V_4_load, i25 %inputBuf_V_5_load, i25 %inputBuf_V_6_load, i25 %inputBuf_V_7_load, i25 %inputBuf_V_8_load, i25 %inputBuf_V_9_load, i25 %inputBuf_V_10_load, i25 %inputBuf_V_11_load, i25 %inputBuf_V_12_load, i25 %inputBuf_V_13_load, i25 %inputBuf_V_14_load, i25 %inputBuf_V_15_load, i4 %trunc_ln261" [/home/changhong/prj/finn/deps/finn-hlslib/mvau.hpp:261]   --->   Operation 62 'mux' 'tmp' <Predicate = (!icmp_ln249 & !icmp_ln253)> <Delay = 0.48> <CoreInst = "Multiplexer">   --->   Core 76 'Multiplexer' <Latency = 0> <II = 1> <Delay = 0.48> <FuncUnit> <Opcode : 'mux'> <InPorts = 2> <OutPorts = 1>
ST_1 : Operation 63 [1/1] (0.42ns)   --->   "%br_ln0 = br void %for.inc"   --->   Operation 63 'br' 'br_ln0' <Predicate = (!icmp_ln249 & !icmp_ln253)> <Delay = 0.42>
ST_1 : Operation 64 [1/1] (0.00ns)   --->   "%in0_V_read = read i32 @_ssdm_op_Read.axis.volatile.i32P128A, i32 %in0_V" [/home/changhong/prj/finn/deps/finn-hlslib/mvau.hpp:255]   --->   Operation 64 'read' 'in0_V_read' <Predicate = (!icmp_ln249 & icmp_ln253)> <Delay = 0.00> <CoreInst = "axis">   --->   Core 123 'axis' <Latency = 0> <II = 1> <Delay = 1.00> <Adapter> <Opcode : >
ST_1 : Operation 65 [1/1] (0.00ns)   --->   "%inElem = trunc i32 %in0_V_read" [/home/changhong/prj/finn/deps/finn-hlslib/mvau.hpp:255]   --->   Operation 65 'trunc' 'inElem' <Predicate = (!icmp_ln249 & icmp_ln253)> <Delay = 0.00>
ST_1 : Operation 66 [1/1] (0.00ns)   --->   "%trunc_ln257 = trunc i32 %sf_1" [/home/changhong/prj/finn/deps/finn-hlslib/mvau.hpp:257]   --->   Operation 66 'trunc' 'trunc_ln257' <Predicate = (!icmp_ln249 & icmp_ln253)> <Delay = 0.00>
ST_1 : Operation 67 [1/1] (0.44ns)   --->   "%switch_ln257 = switch i4 %trunc_ln257, void %arrayidx.case.15, i4 0, void %arrayidx.case.0, i4 1, void %arrayidx.case.1, i4 2, void %arrayidx.case.2, i4 3, void %arrayidx.case.3, i4 4, void %arrayidx.case.4, i4 5, void %arrayidx.case.5, i4 6, void %arrayidx.case.6, i4 7, void %arrayidx.case.7, i4 8, void %arrayidx.case.8, i4 9, void %arrayidx.case.9, i4 10, void %arrayidx.case.10, i4 11, void %arrayidx.case.11, i4 12, void %arrayidx.case.12, i4 13, void %arrayidx.case.13, i4 14, void %if.then.for.inc_crit_edge" [/home/changhong/prj/finn/deps/finn-hlslib/mvau.hpp:257]   --->   Operation 67 'switch' 'switch_ln257' <Predicate = (!icmp_ln249 & icmp_ln253)> <Delay = 0.44>
ST_1 : Operation 68 [1/1] (0.00ns)   --->   "%store_ln257 = store i25 %inElem, i25 %inputBuf_V_14" [/home/changhong/prj/finn/deps/finn-hlslib/mvau.hpp:257]   --->   Operation 68 'store' 'store_ln257' <Predicate = (!icmp_ln249 & icmp_ln253 & trunc_ln257 == 14)> <Delay = 0.00>
ST_1 : Operation 69 [1/1] (0.42ns)   --->   "%br_ln257 = br void %for.inc" [/home/changhong/prj/finn/deps/finn-hlslib/mvau.hpp:257]   --->   Operation 69 'br' 'br_ln257' <Predicate = (!icmp_ln249 & icmp_ln253 & trunc_ln257 == 14)> <Delay = 0.42>
ST_1 : Operation 70 [1/1] (0.00ns)   --->   "%store_ln257 = store i25 %inElem, i25 %inputBuf_V_13" [/home/changhong/prj/finn/deps/finn-hlslib/mvau.hpp:257]   --->   Operation 70 'store' 'store_ln257' <Predicate = (!icmp_ln249 & icmp_ln253 & trunc_ln257 == 13)> <Delay = 0.00>
ST_1 : Operation 71 [1/1] (0.42ns)   --->   "%br_ln257 = br void %for.inc" [/home/changhong/prj/finn/deps/finn-hlslib/mvau.hpp:257]   --->   Operation 71 'br' 'br_ln257' <Predicate = (!icmp_ln249 & icmp_ln253 & trunc_ln257 == 13)> <Delay = 0.42>
ST_1 : Operation 72 [1/1] (0.00ns)   --->   "%store_ln257 = store i25 %inElem, i25 %inputBuf_V_12" [/home/changhong/prj/finn/deps/finn-hlslib/mvau.hpp:257]   --->   Operation 72 'store' 'store_ln257' <Predicate = (!icmp_ln249 & icmp_ln253 & trunc_ln257 == 12)> <Delay = 0.00>
ST_1 : Operation 73 [1/1] (0.42ns)   --->   "%br_ln257 = br void %for.inc" [/home/changhong/prj/finn/deps/finn-hlslib/mvau.hpp:257]   --->   Operation 73 'br' 'br_ln257' <Predicate = (!icmp_ln249 & icmp_ln253 & trunc_ln257 == 12)> <Delay = 0.42>
ST_1 : Operation 74 [1/1] (0.00ns)   --->   "%store_ln257 = store i25 %inElem, i25 %inputBuf_V_11" [/home/changhong/prj/finn/deps/finn-hlslib/mvau.hpp:257]   --->   Operation 74 'store' 'store_ln257' <Predicate = (!icmp_ln249 & icmp_ln253 & trunc_ln257 == 11)> <Delay = 0.00>
ST_1 : Operation 75 [1/1] (0.42ns)   --->   "%br_ln257 = br void %for.inc" [/home/changhong/prj/finn/deps/finn-hlslib/mvau.hpp:257]   --->   Operation 75 'br' 'br_ln257' <Predicate = (!icmp_ln249 & icmp_ln253 & trunc_ln257 == 11)> <Delay = 0.42>
ST_1 : Operation 76 [1/1] (0.00ns)   --->   "%store_ln257 = store i25 %inElem, i25 %inputBuf_V_10" [/home/changhong/prj/finn/deps/finn-hlslib/mvau.hpp:257]   --->   Operation 76 'store' 'store_ln257' <Predicate = (!icmp_ln249 & icmp_ln253 & trunc_ln257 == 10)> <Delay = 0.00>
ST_1 : Operation 77 [1/1] (0.42ns)   --->   "%br_ln257 = br void %for.inc" [/home/changhong/prj/finn/deps/finn-hlslib/mvau.hpp:257]   --->   Operation 77 'br' 'br_ln257' <Predicate = (!icmp_ln249 & icmp_ln253 & trunc_ln257 == 10)> <Delay = 0.42>
ST_1 : Operation 78 [1/1] (0.00ns)   --->   "%store_ln257 = store i25 %inElem, i25 %inputBuf_V_9" [/home/changhong/prj/finn/deps/finn-hlslib/mvau.hpp:257]   --->   Operation 78 'store' 'store_ln257' <Predicate = (!icmp_ln249 & icmp_ln253 & trunc_ln257 == 9)> <Delay = 0.00>
ST_1 : Operation 79 [1/1] (0.42ns)   --->   "%br_ln257 = br void %for.inc" [/home/changhong/prj/finn/deps/finn-hlslib/mvau.hpp:257]   --->   Operation 79 'br' 'br_ln257' <Predicate = (!icmp_ln249 & icmp_ln253 & trunc_ln257 == 9)> <Delay = 0.42>
ST_1 : Operation 80 [1/1] (0.00ns)   --->   "%store_ln257 = store i25 %inElem, i25 %inputBuf_V_8" [/home/changhong/prj/finn/deps/finn-hlslib/mvau.hpp:257]   --->   Operation 80 'store' 'store_ln257' <Predicate = (!icmp_ln249 & icmp_ln253 & trunc_ln257 == 8)> <Delay = 0.00>
ST_1 : Operation 81 [1/1] (0.42ns)   --->   "%br_ln257 = br void %for.inc" [/home/changhong/prj/finn/deps/finn-hlslib/mvau.hpp:257]   --->   Operation 81 'br' 'br_ln257' <Predicate = (!icmp_ln249 & icmp_ln253 & trunc_ln257 == 8)> <Delay = 0.42>
ST_1 : Operation 82 [1/1] (0.00ns)   --->   "%store_ln257 = store i25 %inElem, i25 %inputBuf_V_7" [/home/changhong/prj/finn/deps/finn-hlslib/mvau.hpp:257]   --->   Operation 82 'store' 'store_ln257' <Predicate = (!icmp_ln249 & icmp_ln253 & trunc_ln257 == 7)> <Delay = 0.00>
ST_1 : Operation 83 [1/1] (0.42ns)   --->   "%br_ln257 = br void %for.inc" [/home/changhong/prj/finn/deps/finn-hlslib/mvau.hpp:257]   --->   Operation 83 'br' 'br_ln257' <Predicate = (!icmp_ln249 & icmp_ln253 & trunc_ln257 == 7)> <Delay = 0.42>
ST_1 : Operation 84 [1/1] (0.00ns)   --->   "%store_ln257 = store i25 %inElem, i25 %inputBuf_V_6" [/home/changhong/prj/finn/deps/finn-hlslib/mvau.hpp:257]   --->   Operation 84 'store' 'store_ln257' <Predicate = (!icmp_ln249 & icmp_ln253 & trunc_ln257 == 6)> <Delay = 0.00>
ST_1 : Operation 85 [1/1] (0.42ns)   --->   "%br_ln257 = br void %for.inc" [/home/changhong/prj/finn/deps/finn-hlslib/mvau.hpp:257]   --->   Operation 85 'br' 'br_ln257' <Predicate = (!icmp_ln249 & icmp_ln253 & trunc_ln257 == 6)> <Delay = 0.42>
ST_1 : Operation 86 [1/1] (0.00ns)   --->   "%store_ln257 = store i25 %inElem, i25 %inputBuf_V_5" [/home/changhong/prj/finn/deps/finn-hlslib/mvau.hpp:257]   --->   Operation 86 'store' 'store_ln257' <Predicate = (!icmp_ln249 & icmp_ln253 & trunc_ln257 == 5)> <Delay = 0.00>
ST_1 : Operation 87 [1/1] (0.42ns)   --->   "%br_ln257 = br void %for.inc" [/home/changhong/prj/finn/deps/finn-hlslib/mvau.hpp:257]   --->   Operation 87 'br' 'br_ln257' <Predicate = (!icmp_ln249 & icmp_ln253 & trunc_ln257 == 5)> <Delay = 0.42>
ST_1 : Operation 88 [1/1] (0.00ns)   --->   "%store_ln257 = store i25 %inElem, i25 %inputBuf_V_4" [/home/changhong/prj/finn/deps/finn-hlslib/mvau.hpp:257]   --->   Operation 88 'store' 'store_ln257' <Predicate = (!icmp_ln249 & icmp_ln253 & trunc_ln257 == 4)> <Delay = 0.00>
ST_1 : Operation 89 [1/1] (0.42ns)   --->   "%br_ln257 = br void %for.inc" [/home/changhong/prj/finn/deps/finn-hlslib/mvau.hpp:257]   --->   Operation 89 'br' 'br_ln257' <Predicate = (!icmp_ln249 & icmp_ln253 & trunc_ln257 == 4)> <Delay = 0.42>
ST_1 : Operation 90 [1/1] (0.00ns)   --->   "%store_ln257 = store i25 %inElem, i25 %inputBuf_V_3" [/home/changhong/prj/finn/deps/finn-hlslib/mvau.hpp:257]   --->   Operation 90 'store' 'store_ln257' <Predicate = (!icmp_ln249 & icmp_ln253 & trunc_ln257 == 3)> <Delay = 0.00>
ST_1 : Operation 91 [1/1] (0.42ns)   --->   "%br_ln257 = br void %for.inc" [/home/changhong/prj/finn/deps/finn-hlslib/mvau.hpp:257]   --->   Operation 91 'br' 'br_ln257' <Predicate = (!icmp_ln249 & icmp_ln253 & trunc_ln257 == 3)> <Delay = 0.42>
ST_1 : Operation 92 [1/1] (0.00ns)   --->   "%store_ln257 = store i25 %inElem, i25 %inputBuf_V_2" [/home/changhong/prj/finn/deps/finn-hlslib/mvau.hpp:257]   --->   Operation 92 'store' 'store_ln257' <Predicate = (!icmp_ln249 & icmp_ln253 & trunc_ln257 == 2)> <Delay = 0.00>
ST_1 : Operation 93 [1/1] (0.42ns)   --->   "%br_ln257 = br void %for.inc" [/home/changhong/prj/finn/deps/finn-hlslib/mvau.hpp:257]   --->   Operation 93 'br' 'br_ln257' <Predicate = (!icmp_ln249 & icmp_ln253 & trunc_ln257 == 2)> <Delay = 0.42>
ST_1 : Operation 94 [1/1] (0.00ns)   --->   "%store_ln257 = store i25 %inElem, i25 %inputBuf_V_1" [/home/changhong/prj/finn/deps/finn-hlslib/mvau.hpp:257]   --->   Operation 94 'store' 'store_ln257' <Predicate = (!icmp_ln249 & icmp_ln253 & trunc_ln257 == 1)> <Delay = 0.00>
ST_1 : Operation 95 [1/1] (0.42ns)   --->   "%br_ln257 = br void %for.inc" [/home/changhong/prj/finn/deps/finn-hlslib/mvau.hpp:257]   --->   Operation 95 'br' 'br_ln257' <Predicate = (!icmp_ln249 & icmp_ln253 & trunc_ln257 == 1)> <Delay = 0.42>
ST_1 : Operation 96 [1/1] (0.00ns)   --->   "%store_ln257 = store i25 %inElem, i25 %inputBuf_V" [/home/changhong/prj/finn/deps/finn-hlslib/mvau.hpp:257]   --->   Operation 96 'store' 'store_ln257' <Predicate = (!icmp_ln249 & icmp_ln253 & trunc_ln257 == 0)> <Delay = 0.00>
ST_1 : Operation 97 [1/1] (0.42ns)   --->   "%br_ln257 = br void %for.inc" [/home/changhong/prj/finn/deps/finn-hlslib/mvau.hpp:257]   --->   Operation 97 'br' 'br_ln257' <Predicate = (!icmp_ln249 & icmp_ln253 & trunc_ln257 == 0)> <Delay = 0.42>
ST_1 : Operation 98 [1/1] (0.00ns)   --->   "%store_ln257 = store i25 %inElem, i25 %inputBuf_V_15" [/home/changhong/prj/finn/deps/finn-hlslib/mvau.hpp:257]   --->   Operation 98 'store' 'store_ln257' <Predicate = (!icmp_ln249 & icmp_ln253 & trunc_ln257 == 15)> <Delay = 0.00>
ST_1 : Operation 99 [1/1] (0.42ns)   --->   "%br_ln257 = br void %for.inc" [/home/changhong/prj/finn/deps/finn-hlslib/mvau.hpp:257]   --->   Operation 99 'br' 'br_ln257' <Predicate = (!icmp_ln249 & icmp_ln253 & trunc_ln257 == 15)> <Delay = 0.42>
ST_1 : Operation 100 [1/1] (0.00ns)   --->   "%inElem_1 = phi i25 %tmp, void %if.else, i25 %inElem, void %arrayidx.case.15, i25 %inElem, void %arrayidx.case.13, i25 %inElem, void %arrayidx.case.12, i25 %inElem, void %arrayidx.case.11, i25 %inElem, void %arrayidx.case.10, i25 %inElem, void %arrayidx.case.9, i25 %inElem, void %arrayidx.case.8, i25 %inElem, void %arrayidx.case.7, i25 %inElem, void %arrayidx.case.6, i25 %inElem, void %arrayidx.case.5, i25 %inElem, void %arrayidx.case.4, i25 %inElem, void %arrayidx.case.3, i25 %inElem, void %arrayidx.case.2, i25 %inElem, void %arrayidx.case.1, i25 %inElem, void %arrayidx.case.0, i25 %inElem, void %if.then.for.inc_crit_edge"   --->   Operation 100 'phi' 'inElem_1' <Predicate = (!icmp_ln249)> <Delay = 0.00>
ST_1 : Operation 101 [1/1] (0.00ns)   --->   "%add_i_i_i3_24134_load = load i10 %add_i_i_i3_24134" [/home/changhong/prj/finn/deps/finn-hlslib/mvau.hpp:272]   --->   Operation 101 'load' 'add_i_i_i3_24134_load' <Predicate = (!icmp_ln249)> <Delay = 0.00>
ST_1 : Operation 102 [1/1] (0.00ns)   --->   "%add_i_i_i3_1_24136_load = load i10 %add_i_i_i3_1_24136" [/home/changhong/prj/finn/deps/finn-hlslib/mvau.hpp:272]   --->   Operation 102 'load' 'add_i_i_i3_1_24136_load' <Predicate = (!icmp_ln249)> <Delay = 0.00>
ST_1 : Operation 103 [1/1] (0.00ns)   --->   "%p_Result_s = trunc i25 %inElem_1" [/home/changhong/prj/finn/deps/finn-hlslib/mvau.hpp:231]   --->   Operation 103 'trunc' 'p_Result_s' <Predicate = (!icmp_ln249)> <Delay = 0.00>
ST_1 : Operation 104 [1/1] (0.00ns)   --->   "%in1_V_read = read i56 @_ssdm_op_Read.axis.volatile.i56P128A, i56 %in1_V" [/home/changhong/prj/finn/deps/finn-hlslib/mvau.hpp:265]   --->   Operation 104 'read' 'in1_V_read' <Predicate = (!icmp_ln249)> <Delay = 0.00> <CoreInst = "axis">   --->   Core 123 'axis' <Latency = 0> <II = 1> <Delay = 1.00> <Adapter> <Opcode : >
ST_1 : Operation 105 [1/1] (0.99ns)   --->   "%icmp_ln272 = icmp_eq  i32 %sf_1, i32 0" [/home/changhong/prj/finn/deps/finn-hlslib/mvau.hpp:272]   --->   Operation 105 'icmp' 'icmp_ln272' <Predicate = (!icmp_ln249)> <Delay = 0.99> <CoreInst = "Cmp">   --->   Core 9 'Cmp' <Latency = 0> <II = 1> <Delay = 0.99> <FuncUnit> <Opcode : 'icmp'> <InPorts = 2> <OutPorts = 1>
ST_1 : Operation 106 [1/1] (0.40ns)   --->   "%select_ln272 = select i1 %icmp_ln272, i10 0, i10 %add_i_i_i3_1_24136_load" [/home/changhong/prj/finn/deps/finn-hlslib/mvau.hpp:272]   --->   Operation 106 'select' 'select_ln272' <Predicate = (!icmp_ln249)> <Delay = 0.40> <CoreInst = "Sel">   --->   Core 73 'Sel' <Latency = 0> <II = 1> <Delay = 0.40> <FuncUnit> <Opcode : 'select'> <InPorts = 3> <OutPorts = 1>
ST_1 : Operation 107 [1/1] (0.40ns)   --->   "%select_ln272_1 = select i1 %icmp_ln272, i10 0, i10 %add_i_i_i3_24134_load" [/home/changhong/prj/finn/deps/finn-hlslib/mvau.hpp:272]   --->   Operation 107 'select' 'select_ln272_1' <Predicate = (!icmp_ln249)> <Delay = 0.40> <CoreInst = "Sel">   --->   Core 73 'Sel' <Latency = 0> <II = 1> <Delay = 0.40> <FuncUnit> <Opcode : 'select'> <InPorts = 3> <OutPorts = 1>
ST_1 : Operation 108 [1/1] (0.00ns) (grouped into LUT with out node xor_ln1019_1)   --->   "%local_temp_V = trunc i56 %in1_V_read"   --->   Operation 108 'trunc' 'local_temp_V' <Predicate = (!icmp_ln249)> <Delay = 0.00>
ST_1 : Operation 109 [1/1] (0.00ns) (grouped into LUT with out node xor_ln1019_3)   --->   "%local_temp_V_1 = bitselect i1 @_ssdm_op_BitSelect.i1.i56.i32, i56 %in1_V_read, i32 1"   --->   Operation 109 'bitselect' 'local_temp_V_1' <Predicate = (!icmp_ln249)> <Delay = 0.00>
ST_1 : Operation 110 [1/1] (0.00ns) (grouped into LUT with out node xor_ln1019_5)   --->   "%local_temp_V_2 = bitselect i1 @_ssdm_op_BitSelect.i1.i56.i32, i56 %in1_V_read, i32 2"   --->   Operation 110 'bitselect' 'local_temp_V_2' <Predicate = (!icmp_ln249)> <Delay = 0.00>
ST_1 : Operation 111 [1/1] (0.00ns) (grouped into LUT with out node xor_ln1019_7)   --->   "%local_temp_V_3 = bitselect i1 @_ssdm_op_BitSelect.i1.i56.i32, i56 %in1_V_read, i32 3"   --->   Operation 111 'bitselect' 'local_temp_V_3' <Predicate = (!icmp_ln249)> <Delay = 0.00>
ST_1 : Operation 112 [1/1] (0.00ns) (grouped into LUT with out node xor_ln1019_9)   --->   "%local_temp_V_4 = bitselect i1 @_ssdm_op_BitSelect.i1.i56.i32, i56 %in1_V_read, i32 4"   --->   Operation 112 'bitselect' 'local_temp_V_4' <Predicate = (!icmp_ln249)> <Delay = 0.00>
ST_1 : Operation 113 [1/1] (0.00ns) (grouped into LUT with out node xor_ln1019_11)   --->   "%local_temp_V_5 = bitselect i1 @_ssdm_op_BitSelect.i1.i56.i32, i56 %in1_V_read, i32 5"   --->   Operation 113 'bitselect' 'local_temp_V_5' <Predicate = (!icmp_ln249)> <Delay = 0.00>
ST_1 : Operation 114 [1/1] (0.00ns) (grouped into LUT with out node xor_ln1019_13)   --->   "%local_temp_V_6 = bitselect i1 @_ssdm_op_BitSelect.i1.i56.i32, i56 %in1_V_read, i32 6"   --->   Operation 114 'bitselect' 'local_temp_V_6' <Predicate = (!icmp_ln249)> <Delay = 0.00>
ST_1 : Operation 115 [1/1] (0.00ns) (grouped into LUT with out node xor_ln1019_15)   --->   "%local_temp_V_7 = bitselect i1 @_ssdm_op_BitSelect.i1.i56.i32, i56 %in1_V_read, i32 7"   --->   Operation 115 'bitselect' 'local_temp_V_7' <Predicate = (!icmp_ln249)> <Delay = 0.00>
ST_1 : Operation 116 [1/1] (0.00ns) (grouped into LUT with out node add_ln840_19)   --->   "%local_temp_V_8 = bitselect i1 @_ssdm_op_BitSelect.i1.i56.i32, i56 %in1_V_read, i32 8"   --->   Operation 116 'bitselect' 'local_temp_V_8' <Predicate = (!icmp_ln249)> <Delay = 0.00>
ST_1 : Operation 117 [1/1] (0.00ns) (grouped into LUT with out node add_ln840_20)   --->   "%local_temp_V_9 = bitselect i1 @_ssdm_op_BitSelect.i1.i56.i32, i56 %in1_V_read, i32 9"   --->   Operation 117 'bitselect' 'local_temp_V_9' <Predicate = (!icmp_ln249)> <Delay = 0.00>
ST_1 : Operation 118 [1/1] (0.00ns) (grouped into LUT with out node add_ln840_19)   --->   "%local_temp_V_10 = bitselect i1 @_ssdm_op_BitSelect.i1.i56.i32, i56 %in1_V_read, i32 10"   --->   Operation 118 'bitselect' 'local_temp_V_10' <Predicate = (!icmp_ln249)> <Delay = 0.00>
ST_1 : Operation 119 [1/1] (0.00ns) (grouped into LUT with out node xor_ln1019_23)   --->   "%local_temp_V_11 = bitselect i1 @_ssdm_op_BitSelect.i1.i56.i32, i56 %in1_V_read, i32 11"   --->   Operation 119 'bitselect' 'local_temp_V_11' <Predicate = (!icmp_ln249)> <Delay = 0.00>
ST_1 : Operation 120 [1/1] (0.00ns) (grouped into LUT with out node add_ln840_7)   --->   "%local_temp_V_12 = bitselect i1 @_ssdm_op_BitSelect.i1.i56.i32, i56 %in1_V_read, i32 12"   --->   Operation 120 'bitselect' 'local_temp_V_12' <Predicate = (!icmp_ln249)> <Delay = 0.00>
ST_1 : Operation 121 [1/1] (0.00ns) (grouped into LUT with out node add_ln840_7)   --->   "%local_temp_V_13 = bitselect i1 @_ssdm_op_BitSelect.i1.i56.i32, i56 %in1_V_read, i32 13"   --->   Operation 121 'bitselect' 'local_temp_V_13' <Predicate = (!icmp_ln249)> <Delay = 0.00>
ST_1 : Operation 122 [1/1] (0.00ns) (grouped into LUT with out node add_ln840_8)   --->   "%local_temp_V_14 = bitselect i1 @_ssdm_op_BitSelect.i1.i56.i32, i56 %in1_V_read, i32 14"   --->   Operation 122 'bitselect' 'local_temp_V_14' <Predicate = (!icmp_ln249)> <Delay = 0.00>
ST_1 : Operation 123 [1/1] (0.00ns) (grouped into LUT with out node xor_ln1019_31)   --->   "%local_temp_V_15 = bitselect i1 @_ssdm_op_BitSelect.i1.i56.i32, i56 %in1_V_read, i32 15"   --->   Operation 123 'bitselect' 'local_temp_V_15' <Predicate = (!icmp_ln249)> <Delay = 0.00>
ST_1 : Operation 124 [1/1] (0.00ns) (grouped into LUT with out node add_ln840_8)   --->   "%local_temp_V_16 = bitselect i1 @_ssdm_op_BitSelect.i1.i56.i32, i56 %in1_V_read, i32 16"   --->   Operation 124 'bitselect' 'local_temp_V_16' <Predicate = (!icmp_ln249)> <Delay = 0.00>
ST_1 : Operation 125 [1/1] (0.00ns) (grouped into LUT with out node xor_ln1019_35)   --->   "%local_temp_V_17 = bitselect i1 @_ssdm_op_BitSelect.i1.i56.i32, i56 %in1_V_read, i32 17"   --->   Operation 125 'bitselect' 'local_temp_V_17' <Predicate = (!icmp_ln249)> <Delay = 0.00>
ST_1 : Operation 126 [1/1] (0.00ns) (grouped into LUT with out node xor_ln1019_37)   --->   "%local_temp_V_18 = bitselect i1 @_ssdm_op_BitSelect.i1.i56.i32, i56 %in1_V_read, i32 18"   --->   Operation 126 'bitselect' 'local_temp_V_18' <Predicate = (!icmp_ln249)> <Delay = 0.00>
ST_1 : Operation 127 [1/1] (0.00ns) (grouped into LUT with out node xor_ln1019_39)   --->   "%local_temp_V_19 = bitselect i1 @_ssdm_op_BitSelect.i1.i56.i32, i56 %in1_V_read, i32 19"   --->   Operation 127 'bitselect' 'local_temp_V_19' <Predicate = (!icmp_ln249)> <Delay = 0.00>
ST_1 : Operation 128 [1/1] (0.00ns) (grouped into LUT with out node xor_ln1019_41)   --->   "%local_temp_V_20 = bitselect i1 @_ssdm_op_BitSelect.i1.i56.i32, i56 %in1_V_read, i32 20"   --->   Operation 128 'bitselect' 'local_temp_V_20' <Predicate = (!icmp_ln249)> <Delay = 0.00>
ST_1 : Operation 129 [1/1] (0.00ns) (grouped into LUT with out node xor_ln1019_43)   --->   "%local_temp_V_21 = bitselect i1 @_ssdm_op_BitSelect.i1.i56.i32, i56 %in1_V_read, i32 21"   --->   Operation 129 'bitselect' 'local_temp_V_21' <Predicate = (!icmp_ln249)> <Delay = 0.00>
ST_1 : Operation 130 [1/1] (0.00ns) (grouped into LUT with out node add_ln840)   --->   "%local_temp_V_22 = bitselect i1 @_ssdm_op_BitSelect.i1.i56.i32, i56 %in1_V_read, i32 22"   --->   Operation 130 'bitselect' 'local_temp_V_22' <Predicate = (!icmp_ln249)> <Delay = 0.00>
ST_1 : Operation 131 [1/1] (0.00ns) (grouped into LUT with out node add_ln840)   --->   "%local_temp_V_23 = bitselect i1 @_ssdm_op_BitSelect.i1.i56.i32, i56 %in1_V_read, i32 23"   --->   Operation 131 'bitselect' 'local_temp_V_23' <Predicate = (!icmp_ln249)> <Delay = 0.00>
ST_1 : Operation 132 [1/1] (0.00ns) (grouped into LUT with out node add_ln840_20)   --->   "%local_temp_V_24 = bitselect i1 @_ssdm_op_BitSelect.i1.i56.i32, i56 %in1_V_read, i32 24"   --->   Operation 132 'bitselect' 'local_temp_V_24' <Predicate = (!icmp_ln249)> <Delay = 0.00>
ST_1 : Operation 133 [1/1] (0.00ns) (grouped into LUT with out node xor_ln1019_1)   --->   "%xor_ln1019 = xor i1 1, i1 %local_temp_V"   --->   Operation 133 'xor' 'xor_ln1019' <Predicate = (!icmp_ln249)> <Delay = 0.00> <CoreInst = "LogicGate">   --->   Core 74 'LogicGate' <Latency = 0> <II = 1> <Delay = 0.28> <FuncUnit> <Opcode : 'and' 'or' 'xor'> <InPorts = 2> <OutPorts = 1>
ST_1 : Operation 134 [1/1] (0.28ns) (out node of the LUT)   --->   "%xor_ln1019_1 = xor i1 %xor_ln1019, i1 %p_Result_s"   --->   Operation 134 'xor' 'xor_ln1019_1' <Predicate = (!icmp_ln249)> <Delay = 0.28> <CoreInst = "LogicGate">   --->   Core 74 'LogicGate' <Latency = 0> <II = 1> <Delay = 0.28> <FuncUnit> <Opcode : 'and' 'or' 'xor'> <InPorts = 2> <OutPorts = 1>
ST_1 : Operation 135 [1/1] (0.00ns)   --->   "%zext_ln780 = zext i1 %xor_ln1019_1"   --->   Operation 135 'zext' 'zext_ln780' <Predicate = (!icmp_ln249)> <Delay = 0.00>
ST_1 : Operation 136 [1/1] (0.00ns)   --->   "%p_Result_1 = bitselect i1 @_ssdm_op_BitSelect.i1.i25.i32, i25 %inElem_1, i32 1"   --->   Operation 136 'bitselect' 'p_Result_1' <Predicate = (!icmp_ln249)> <Delay = 0.00>
ST_1 : Operation 137 [1/1] (0.00ns) (grouped into LUT with out node xor_ln1019_3)   --->   "%xor_ln1019_2 = xor i1 1, i1 %local_temp_V_1"   --->   Operation 137 'xor' 'xor_ln1019_2' <Predicate = (!icmp_ln249)> <Delay = 0.00> <CoreInst = "LogicGate">   --->   Core 74 'LogicGate' <Latency = 0> <II = 1> <Delay = 0.28> <FuncUnit> <Opcode : 'and' 'or' 'xor'> <InPorts = 2> <OutPorts = 1>
ST_1 : Operation 138 [1/1] (0.28ns) (out node of the LUT)   --->   "%xor_ln1019_3 = xor i1 %xor_ln1019_2, i1 %p_Result_1"   --->   Operation 138 'xor' 'xor_ln1019_3' <Predicate = (!icmp_ln249)> <Delay = 0.28> <CoreInst = "LogicGate">   --->   Core 74 'LogicGate' <Latency = 0> <II = 1> <Delay = 0.28> <FuncUnit> <Opcode : 'and' 'or' 'xor'> <InPorts = 2> <OutPorts = 1>
ST_1 : Operation 139 [1/1] (0.00ns)   --->   "%zext_ln780_1 = zext i1 %xor_ln1019_3"   --->   Operation 139 'zext' 'zext_ln780_1' <Predicate = (!icmp_ln249)> <Delay = 0.00>
ST_1 : Operation 140 [1/1] (0.00ns)   --->   "%p_Result_2 = bitselect i1 @_ssdm_op_BitSelect.i1.i25.i32, i25 %inElem_1, i32 2"   --->   Operation 140 'bitselect' 'p_Result_2' <Predicate = (!icmp_ln249)> <Delay = 0.00>
ST_1 : Operation 141 [1/1] (0.00ns) (grouped into LUT with out node xor_ln1019_5)   --->   "%xor_ln1019_4 = xor i1 %p_Result_2, i1 %local_temp_V_2"   --->   Operation 141 'xor' 'xor_ln1019_4' <Predicate = (!icmp_ln249)> <Delay = 0.00> <CoreInst = "LogicGate">   --->   Core 74 'LogicGate' <Latency = 0> <II = 1> <Delay = 0.28> <FuncUnit> <Opcode : 'and' 'or' 'xor'> <InPorts = 2> <OutPorts = 1>
ST_1 : Operation 142 [1/1] (0.28ns) (out node of the LUT)   --->   "%xor_ln1019_5 = xor i1 %xor_ln1019_4, i1 1"   --->   Operation 142 'xor' 'xor_ln1019_5' <Predicate = (!icmp_ln249)> <Delay = 0.28> <CoreInst = "LogicGate">   --->   Core 74 'LogicGate' <Latency = 0> <II = 1> <Delay = 0.28> <FuncUnit> <Opcode : 'and' 'or' 'xor'> <InPorts = 2> <OutPorts = 1>
ST_1 : Operation 143 [1/1] (0.00ns)   --->   "%zext_ln780_2 = zext i1 %xor_ln1019_5"   --->   Operation 143 'zext' 'zext_ln780_2' <Predicate = (!icmp_ln249)> <Delay = 0.00>
ST_1 : Operation 144 [1/1] (0.00ns)   --->   "%p_Result_3 = bitselect i1 @_ssdm_op_BitSelect.i1.i25.i32, i25 %inElem_1, i32 3"   --->   Operation 144 'bitselect' 'p_Result_3' <Predicate = (!icmp_ln249)> <Delay = 0.00>
ST_1 : Operation 145 [1/1] (0.00ns) (grouped into LUT with out node xor_ln1019_7)   --->   "%xor_ln1019_6 = xor i1 1, i1 %local_temp_V_3"   --->   Operation 145 'xor' 'xor_ln1019_6' <Predicate = (!icmp_ln249)> <Delay = 0.00> <CoreInst = "LogicGate">   --->   Core 74 'LogicGate' <Latency = 0> <II = 1> <Delay = 0.28> <FuncUnit> <Opcode : 'and' 'or' 'xor'> <InPorts = 2> <OutPorts = 1>
ST_1 : Operation 146 [1/1] (0.28ns) (out node of the LUT)   --->   "%xor_ln1019_7 = xor i1 %xor_ln1019_6, i1 %p_Result_3"   --->   Operation 146 'xor' 'xor_ln1019_7' <Predicate = (!icmp_ln249)> <Delay = 0.28> <CoreInst = "LogicGate">   --->   Core 74 'LogicGate' <Latency = 0> <II = 1> <Delay = 0.28> <FuncUnit> <Opcode : 'and' 'or' 'xor'> <InPorts = 2> <OutPorts = 1>
ST_1 : Operation 147 [1/1] (0.00ns)   --->   "%zext_ln780_3 = zext i1 %xor_ln1019_7"   --->   Operation 147 'zext' 'zext_ln780_3' <Predicate = (!icmp_ln249)> <Delay = 0.00>
ST_1 : Operation 148 [1/1] (0.00ns)   --->   "%p_Result_4 = bitselect i1 @_ssdm_op_BitSelect.i1.i25.i32, i25 %inElem_1, i32 4"   --->   Operation 148 'bitselect' 'p_Result_4' <Predicate = (!icmp_ln249)> <Delay = 0.00>
ST_1 : Operation 149 [1/1] (0.00ns) (grouped into LUT with out node xor_ln1019_9)   --->   "%xor_ln1019_8 = xor i1 1, i1 %local_temp_V_4"   --->   Operation 149 'xor' 'xor_ln1019_8' <Predicate = (!icmp_ln249)> <Delay = 0.00> <CoreInst = "LogicGate">   --->   Core 74 'LogicGate' <Latency = 0> <II = 1> <Delay = 0.28> <FuncUnit> <Opcode : 'and' 'or' 'xor'> <InPorts = 2> <OutPorts = 1>
ST_1 : Operation 150 [1/1] (0.28ns) (out node of the LUT)   --->   "%xor_ln1019_9 = xor i1 %xor_ln1019_8, i1 %p_Result_4"   --->   Operation 150 'xor' 'xor_ln1019_9' <Predicate = (!icmp_ln249)> <Delay = 0.28> <CoreInst = "LogicGate">   --->   Core 74 'LogicGate' <Latency = 0> <II = 1> <Delay = 0.28> <FuncUnit> <Opcode : 'and' 'or' 'xor'> <InPorts = 2> <OutPorts = 1>
ST_1 : Operation 151 [1/1] (0.00ns)   --->   "%zext_ln780_4 = zext i1 %xor_ln1019_9"   --->   Operation 151 'zext' 'zext_ln780_4' <Predicate = (!icmp_ln249)> <Delay = 0.00>
ST_1 : Operation 152 [1/1] (0.00ns)   --->   "%p_Result_5 = bitselect i1 @_ssdm_op_BitSelect.i1.i25.i32, i25 %inElem_1, i32 5"   --->   Operation 152 'bitselect' 'p_Result_5' <Predicate = (!icmp_ln249)> <Delay = 0.00>
ST_1 : Operation 153 [1/1] (0.00ns) (grouped into LUT with out node xor_ln1019_11)   --->   "%xor_ln1019_10 = xor i1 %p_Result_5, i1 %local_temp_V_5"   --->   Operation 153 'xor' 'xor_ln1019_10' <Predicate = (!icmp_ln249)> <Delay = 0.00> <CoreInst = "LogicGate">   --->   Core 74 'LogicGate' <Latency = 0> <II = 1> <Delay = 0.28> <FuncUnit> <Opcode : 'and' 'or' 'xor'> <InPorts = 2> <OutPorts = 1>
ST_1 : Operation 154 [1/1] (0.28ns) (out node of the LUT)   --->   "%xor_ln1019_11 = xor i1 %xor_ln1019_10, i1 1"   --->   Operation 154 'xor' 'xor_ln1019_11' <Predicate = (!icmp_ln249)> <Delay = 0.28> <CoreInst = "LogicGate">   --->   Core 74 'LogicGate' <Latency = 0> <II = 1> <Delay = 0.28> <FuncUnit> <Opcode : 'and' 'or' 'xor'> <InPorts = 2> <OutPorts = 1>
ST_1 : Operation 155 [1/1] (0.00ns)   --->   "%zext_ln780_5 = zext i1 %xor_ln1019_11"   --->   Operation 155 'zext' 'zext_ln780_5' <Predicate = (!icmp_ln249)> <Delay = 0.00>
ST_1 : Operation 156 [1/1] (0.00ns)   --->   "%p_Result_6 = bitselect i1 @_ssdm_op_BitSelect.i1.i25.i32, i25 %inElem_1, i32 6"   --->   Operation 156 'bitselect' 'p_Result_6' <Predicate = (!icmp_ln249)> <Delay = 0.00>
ST_1 : Operation 157 [1/1] (0.00ns) (grouped into LUT with out node xor_ln1019_13)   --->   "%xor_ln1019_12 = xor i1 1, i1 %local_temp_V_6"   --->   Operation 157 'xor' 'xor_ln1019_12' <Predicate = (!icmp_ln249)> <Delay = 0.00> <CoreInst = "LogicGate">   --->   Core 74 'LogicGate' <Latency = 0> <II = 1> <Delay = 0.28> <FuncUnit> <Opcode : 'and' 'or' 'xor'> <InPorts = 2> <OutPorts = 1>
ST_1 : Operation 158 [1/1] (0.28ns) (out node of the LUT)   --->   "%xor_ln1019_13 = xor i1 %xor_ln1019_12, i1 %p_Result_6"   --->   Operation 158 'xor' 'xor_ln1019_13' <Predicate = (!icmp_ln249)> <Delay = 0.28> <CoreInst = "LogicGate">   --->   Core 74 'LogicGate' <Latency = 0> <II = 1> <Delay = 0.28> <FuncUnit> <Opcode : 'and' 'or' 'xor'> <InPorts = 2> <OutPorts = 1>
ST_1 : Operation 159 [1/1] (0.00ns)   --->   "%zext_ln780_6 = zext i1 %xor_ln1019_13"   --->   Operation 159 'zext' 'zext_ln780_6' <Predicate = (!icmp_ln249)> <Delay = 0.00>
ST_1 : Operation 160 [1/1] (0.00ns)   --->   "%p_Result_7 = bitselect i1 @_ssdm_op_BitSelect.i1.i25.i32, i25 %inElem_1, i32 7"   --->   Operation 160 'bitselect' 'p_Result_7' <Predicate = (!icmp_ln249)> <Delay = 0.00>
ST_1 : Operation 161 [1/1] (0.00ns) (grouped into LUT with out node xor_ln1019_15)   --->   "%xor_ln1019_14 = xor i1 %p_Result_7, i1 %local_temp_V_7"   --->   Operation 161 'xor' 'xor_ln1019_14' <Predicate = (!icmp_ln249)> <Delay = 0.00> <CoreInst = "LogicGate">   --->   Core 74 'LogicGate' <Latency = 0> <II = 1> <Delay = 0.28> <FuncUnit> <Opcode : 'and' 'or' 'xor'> <InPorts = 2> <OutPorts = 1>
ST_1 : Operation 162 [1/1] (0.28ns) (out node of the LUT)   --->   "%xor_ln1019_15 = xor i1 %xor_ln1019_14, i1 1"   --->   Operation 162 'xor' 'xor_ln1019_15' <Predicate = (!icmp_ln249)> <Delay = 0.28> <CoreInst = "LogicGate">   --->   Core 74 'LogicGate' <Latency = 0> <II = 1> <Delay = 0.28> <FuncUnit> <Opcode : 'and' 'or' 'xor'> <InPorts = 2> <OutPorts = 1>
ST_1 : Operation 163 [1/1] (0.00ns)   --->   "%zext_ln780_7 = zext i1 %xor_ln1019_15"   --->   Operation 163 'zext' 'zext_ln780_7' <Predicate = (!icmp_ln249)> <Delay = 0.00>
ST_1 : Operation 164 [1/1] (0.00ns)   --->   "%p_Result_8 = bitselect i1 @_ssdm_op_BitSelect.i1.i25.i32, i25 %inElem_1, i32 8"   --->   Operation 164 'bitselect' 'p_Result_8' <Predicate = (!icmp_ln249)> <Delay = 0.00>
ST_1 : Operation 165 [1/1] (0.00ns) (grouped into LUT with out node add_ln840_19)   --->   "%xor_ln1019_16 = xor i1 %p_Result_8, i1 %local_temp_V_8"   --->   Operation 165 'xor' 'xor_ln1019_16' <Predicate = (!icmp_ln249)> <Delay = 0.00> <CoreInst = "LogicGate">   --->   Core 74 'LogicGate' <Latency = 0> <II = 1> <Delay = 0.28> <FuncUnit> <Opcode : 'and' 'or' 'xor'> <InPorts = 2> <OutPorts = 1>
ST_1 : Operation 166 [1/1] (0.00ns) (grouped into LUT with out node add_ln840_19)   --->   "%xor_ln1019_17 = xor i1 %xor_ln1019_16, i1 1"   --->   Operation 166 'xor' 'xor_ln1019_17' <Predicate = (!icmp_ln249)> <Delay = 0.00> <CoreInst = "LogicGate">   --->   Core 74 'LogicGate' <Latency = 0> <II = 1> <Delay = 0.28> <FuncUnit> <Opcode : 'and' 'or' 'xor'> <InPorts = 2> <OutPorts = 1>
ST_1 : Operation 167 [1/1] (0.00ns) (grouped into LUT with out node add_ln840_19)   --->   "%zext_ln780_8 = zext i1 %xor_ln1019_17"   --->   Operation 167 'zext' 'zext_ln780_8' <Predicate = (!icmp_ln249)> <Delay = 0.00>
ST_1 : Operation 168 [1/1] (0.00ns)   --->   "%p_Result_9 = bitselect i1 @_ssdm_op_BitSelect.i1.i25.i32, i25 %inElem_1, i32 9"   --->   Operation 168 'bitselect' 'p_Result_9' <Predicate = (!icmp_ln249)> <Delay = 0.00>
ST_1 : Operation 169 [1/1] (0.00ns) (grouped into LUT with out node add_ln840_20)   --->   "%xor_ln1019_18 = xor i1 %p_Result_9, i1 %local_temp_V_9"   --->   Operation 169 'xor' 'xor_ln1019_18' <Predicate = (!icmp_ln249)> <Delay = 0.00> <CoreInst = "LogicGate">   --->   Core 74 'LogicGate' <Latency = 0> <II = 1> <Delay = 0.28> <FuncUnit> <Opcode : 'and' 'or' 'xor'> <InPorts = 2> <OutPorts = 1>
ST_1 : Operation 170 [1/1] (0.00ns) (grouped into LUT with out node add_ln840_20)   --->   "%xor_ln1019_19 = xor i1 %xor_ln1019_18, i1 1"   --->   Operation 170 'xor' 'xor_ln1019_19' <Predicate = (!icmp_ln249)> <Delay = 0.00> <CoreInst = "LogicGate">   --->   Core 74 'LogicGate' <Latency = 0> <II = 1> <Delay = 0.28> <FuncUnit> <Opcode : 'and' 'or' 'xor'> <InPorts = 2> <OutPorts = 1>
ST_1 : Operation 171 [1/1] (0.00ns) (grouped into LUT with out node add_ln840_20)   --->   "%zext_ln780_9 = zext i1 %xor_ln1019_19"   --->   Operation 171 'zext' 'zext_ln780_9' <Predicate = (!icmp_ln249)> <Delay = 0.00>
ST_1 : Operation 172 [1/1] (0.00ns)   --->   "%p_Result_10 = bitselect i1 @_ssdm_op_BitSelect.i1.i25.i32, i25 %inElem_1, i32 10"   --->   Operation 172 'bitselect' 'p_Result_10' <Predicate = (!icmp_ln249)> <Delay = 0.00>
ST_1 : Operation 173 [1/1] (0.00ns) (grouped into LUT with out node add_ln840_19)   --->   "%xor_ln1019_20 = xor i1 %p_Result_10, i1 %local_temp_V_10"   --->   Operation 173 'xor' 'xor_ln1019_20' <Predicate = (!icmp_ln249)> <Delay = 0.00> <CoreInst = "LogicGate">   --->   Core 74 'LogicGate' <Latency = 0> <II = 1> <Delay = 0.28> <FuncUnit> <Opcode : 'and' 'or' 'xor'> <InPorts = 2> <OutPorts = 1>
ST_1 : Operation 174 [1/1] (0.00ns) (grouped into LUT with out node add_ln840_19)   --->   "%xor_ln1019_21 = xor i1 %xor_ln1019_20, i1 1"   --->   Operation 174 'xor' 'xor_ln1019_21' <Predicate = (!icmp_ln249)> <Delay = 0.00> <CoreInst = "LogicGate">   --->   Core 74 'LogicGate' <Latency = 0> <II = 1> <Delay = 0.28> <FuncUnit> <Opcode : 'and' 'or' 'xor'> <InPorts = 2> <OutPorts = 1>
ST_1 : Operation 175 [1/1] (0.00ns) (grouped into LUT with out node add_ln840_19)   --->   "%zext_ln780_10 = zext i1 %xor_ln1019_21"   --->   Operation 175 'zext' 'zext_ln780_10' <Predicate = (!icmp_ln249)> <Delay = 0.00>
ST_1 : Operation 176 [1/1] (0.00ns)   --->   "%p_Result_11 = bitselect i1 @_ssdm_op_BitSelect.i1.i25.i32, i25 %inElem_1, i32 11"   --->   Operation 176 'bitselect' 'p_Result_11' <Predicate = (!icmp_ln249)> <Delay = 0.00>
ST_1 : Operation 177 [1/1] (0.00ns) (grouped into LUT with out node xor_ln1019_23)   --->   "%xor_ln1019_22 = xor i1 %p_Result_11, i1 %local_temp_V_11"   --->   Operation 177 'xor' 'xor_ln1019_22' <Predicate = (!icmp_ln249)> <Delay = 0.00> <CoreInst = "LogicGate">   --->   Core 74 'LogicGate' <Latency = 0> <II = 1> <Delay = 0.28> <FuncUnit> <Opcode : 'and' 'or' 'xor'> <InPorts = 2> <OutPorts = 1>
ST_1 : Operation 178 [1/1] (0.28ns) (out node of the LUT)   --->   "%xor_ln1019_23 = xor i1 %xor_ln1019_22, i1 1"   --->   Operation 178 'xor' 'xor_ln1019_23' <Predicate = (!icmp_ln249)> <Delay = 0.28> <CoreInst = "LogicGate">   --->   Core 74 'LogicGate' <Latency = 0> <II = 1> <Delay = 0.28> <FuncUnit> <Opcode : 'and' 'or' 'xor'> <InPorts = 2> <OutPorts = 1>
ST_1 : Operation 179 [1/1] (0.00ns)   --->   "%zext_ln780_11 = zext i1 %xor_ln1019_23"   --->   Operation 179 'zext' 'zext_ln780_11' <Predicate = (!icmp_ln249)> <Delay = 0.00>
ST_1 : Operation 180 [1/1] (0.00ns)   --->   "%p_Result_12 = bitselect i1 @_ssdm_op_BitSelect.i1.i25.i32, i25 %inElem_1, i32 12"   --->   Operation 180 'bitselect' 'p_Result_12' <Predicate = (!icmp_ln249)> <Delay = 0.00>
ST_1 : Operation 181 [1/1] (0.00ns) (grouped into LUT with out node add_ln840_7)   --->   "%xor_ln1019_24 = xor i1 %p_Result_12, i1 %local_temp_V_12"   --->   Operation 181 'xor' 'xor_ln1019_24' <Predicate = (!icmp_ln249)> <Delay = 0.00> <CoreInst = "LogicGate">   --->   Core 74 'LogicGate' <Latency = 0> <II = 1> <Delay = 0.28> <FuncUnit> <Opcode : 'and' 'or' 'xor'> <InPorts = 2> <OutPorts = 1>
ST_1 : Operation 182 [1/1] (0.00ns) (grouped into LUT with out node add_ln840_7)   --->   "%xor_ln1019_25 = xor i1 %xor_ln1019_24, i1 1"   --->   Operation 182 'xor' 'xor_ln1019_25' <Predicate = (!icmp_ln249)> <Delay = 0.00> <CoreInst = "LogicGate">   --->   Core 74 'LogicGate' <Latency = 0> <II = 1> <Delay = 0.28> <FuncUnit> <Opcode : 'and' 'or' 'xor'> <InPorts = 2> <OutPorts = 1>
ST_1 : Operation 183 [1/1] (0.00ns) (grouped into LUT with out node add_ln840_7)   --->   "%zext_ln780_12 = zext i1 %xor_ln1019_25"   --->   Operation 183 'zext' 'zext_ln780_12' <Predicate = (!icmp_ln249)> <Delay = 0.00>
ST_1 : Operation 184 [1/1] (0.00ns)   --->   "%p_Result_13 = bitselect i1 @_ssdm_op_BitSelect.i1.i25.i32, i25 %inElem_1, i32 13"   --->   Operation 184 'bitselect' 'p_Result_13' <Predicate = (!icmp_ln249)> <Delay = 0.00>
ST_1 : Operation 185 [1/1] (0.00ns) (grouped into LUT with out node add_ln840_7)   --->   "%xor_ln1019_26 = xor i1 %p_Result_13, i1 %local_temp_V_13"   --->   Operation 185 'xor' 'xor_ln1019_26' <Predicate = (!icmp_ln249)> <Delay = 0.00> <CoreInst = "LogicGate">   --->   Core 74 'LogicGate' <Latency = 0> <II = 1> <Delay = 0.28> <FuncUnit> <Opcode : 'and' 'or' 'xor'> <InPorts = 2> <OutPorts = 1>
ST_1 : Operation 186 [1/1] (0.00ns) (grouped into LUT with out node add_ln840_7)   --->   "%xor_ln1019_27 = xor i1 %xor_ln1019_26, i1 1"   --->   Operation 186 'xor' 'xor_ln1019_27' <Predicate = (!icmp_ln249)> <Delay = 0.00> <CoreInst = "LogicGate">   --->   Core 74 'LogicGate' <Latency = 0> <II = 1> <Delay = 0.28> <FuncUnit> <Opcode : 'and' 'or' 'xor'> <InPorts = 2> <OutPorts = 1>
ST_1 : Operation 187 [1/1] (0.00ns) (grouped into LUT with out node add_ln840_7)   --->   "%zext_ln780_13 = zext i1 %xor_ln1019_27"   --->   Operation 187 'zext' 'zext_ln780_13' <Predicate = (!icmp_ln249)> <Delay = 0.00>
ST_1 : Operation 188 [1/1] (0.00ns)   --->   "%p_Result_14 = bitselect i1 @_ssdm_op_BitSelect.i1.i25.i32, i25 %inElem_1, i32 14"   --->   Operation 188 'bitselect' 'p_Result_14' <Predicate = (!icmp_ln249)> <Delay = 0.00>
ST_1 : Operation 189 [1/1] (0.00ns) (grouped into LUT with out node add_ln840_8)   --->   "%xor_ln1019_28 = xor i1 %p_Result_14, i1 %local_temp_V_14"   --->   Operation 189 'xor' 'xor_ln1019_28' <Predicate = (!icmp_ln249)> <Delay = 0.00> <CoreInst = "LogicGate">   --->   Core 74 'LogicGate' <Latency = 0> <II = 1> <Delay = 0.28> <FuncUnit> <Opcode : 'and' 'or' 'xor'> <InPorts = 2> <OutPorts = 1>
ST_1 : Operation 190 [1/1] (0.00ns) (grouped into LUT with out node add_ln840_8)   --->   "%xor_ln1019_29 = xor i1 %xor_ln1019_28, i1 1"   --->   Operation 190 'xor' 'xor_ln1019_29' <Predicate = (!icmp_ln249)> <Delay = 0.00> <CoreInst = "LogicGate">   --->   Core 74 'LogicGate' <Latency = 0> <II = 1> <Delay = 0.28> <FuncUnit> <Opcode : 'and' 'or' 'xor'> <InPorts = 2> <OutPorts = 1>
ST_1 : Operation 191 [1/1] (0.00ns) (grouped into LUT with out node add_ln840_8)   --->   "%zext_ln780_14 = zext i1 %xor_ln1019_29"   --->   Operation 191 'zext' 'zext_ln780_14' <Predicate = (!icmp_ln249)> <Delay = 0.00>
ST_1 : Operation 192 [1/1] (0.00ns)   --->   "%p_Result_15 = bitselect i1 @_ssdm_op_BitSelect.i1.i25.i32, i25 %inElem_1, i32 15"   --->   Operation 192 'bitselect' 'p_Result_15' <Predicate = (!icmp_ln249)> <Delay = 0.00>
ST_1 : Operation 193 [1/1] (0.00ns) (grouped into LUT with out node xor_ln1019_31)   --->   "%xor_ln1019_30 = xor i1 %p_Result_15, i1 %local_temp_V_15"   --->   Operation 193 'xor' 'xor_ln1019_30' <Predicate = (!icmp_ln249)> <Delay = 0.00> <CoreInst = "LogicGate">   --->   Core 74 'LogicGate' <Latency = 0> <II = 1> <Delay = 0.28> <FuncUnit> <Opcode : 'and' 'or' 'xor'> <InPorts = 2> <OutPorts = 1>
ST_1 : Operation 194 [1/1] (0.28ns) (out node of the LUT)   --->   "%xor_ln1019_31 = xor i1 %xor_ln1019_30, i1 1"   --->   Operation 194 'xor' 'xor_ln1019_31' <Predicate = (!icmp_ln249)> <Delay = 0.28> <CoreInst = "LogicGate">   --->   Core 74 'LogicGate' <Latency = 0> <II = 1> <Delay = 0.28> <FuncUnit> <Opcode : 'and' 'or' 'xor'> <InPorts = 2> <OutPorts = 1>
ST_1 : Operation 195 [1/1] (0.00ns)   --->   "%zext_ln780_15 = zext i1 %xor_ln1019_31"   --->   Operation 195 'zext' 'zext_ln780_15' <Predicate = (!icmp_ln249)> <Delay = 0.00>
ST_1 : Operation 196 [1/1] (0.00ns)   --->   "%p_Result_16 = bitselect i1 @_ssdm_op_BitSelect.i1.i25.i32, i25 %inElem_1, i32 16"   --->   Operation 196 'bitselect' 'p_Result_16' <Predicate = (!icmp_ln249)> <Delay = 0.00>
ST_1 : Operation 197 [1/1] (0.00ns) (grouped into LUT with out node add_ln840_8)   --->   "%xor_ln1019_32 = xor i1 %p_Result_16, i1 %local_temp_V_16"   --->   Operation 197 'xor' 'xor_ln1019_32' <Predicate = (!icmp_ln249)> <Delay = 0.00> <CoreInst = "LogicGate">   --->   Core 74 'LogicGate' <Latency = 0> <II = 1> <Delay = 0.28> <FuncUnit> <Opcode : 'and' 'or' 'xor'> <InPorts = 2> <OutPorts = 1>
ST_1 : Operation 198 [1/1] (0.00ns) (grouped into LUT with out node add_ln840_8)   --->   "%xor_ln1019_33 = xor i1 %xor_ln1019_32, i1 1"   --->   Operation 198 'xor' 'xor_ln1019_33' <Predicate = (!icmp_ln249)> <Delay = 0.00> <CoreInst = "LogicGate">   --->   Core 74 'LogicGate' <Latency = 0> <II = 1> <Delay = 0.28> <FuncUnit> <Opcode : 'and' 'or' 'xor'> <InPorts = 2> <OutPorts = 1>
ST_1 : Operation 199 [1/1] (0.00ns) (grouped into LUT with out node add_ln840_8)   --->   "%zext_ln780_16 = zext i1 %xor_ln1019_33"   --->   Operation 199 'zext' 'zext_ln780_16' <Predicate = (!icmp_ln249)> <Delay = 0.00>
ST_1 : Operation 200 [1/1] (0.00ns)   --->   "%p_Result_17 = bitselect i1 @_ssdm_op_BitSelect.i1.i25.i32, i25 %inElem_1, i32 17"   --->   Operation 200 'bitselect' 'p_Result_17' <Predicate = (!icmp_ln249)> <Delay = 0.00>
ST_1 : Operation 201 [1/1] (0.00ns) (grouped into LUT with out node xor_ln1019_35)   --->   "%xor_ln1019_34 = xor i1 %p_Result_17, i1 %local_temp_V_17"   --->   Operation 201 'xor' 'xor_ln1019_34' <Predicate = (!icmp_ln249)> <Delay = 0.00> <CoreInst = "LogicGate">   --->   Core 74 'LogicGate' <Latency = 0> <II = 1> <Delay = 0.28> <FuncUnit> <Opcode : 'and' 'or' 'xor'> <InPorts = 2> <OutPorts = 1>
ST_1 : Operation 202 [1/1] (0.28ns) (out node of the LUT)   --->   "%xor_ln1019_35 = xor i1 %xor_ln1019_34, i1 1"   --->   Operation 202 'xor' 'xor_ln1019_35' <Predicate = (!icmp_ln249)> <Delay = 0.28> <CoreInst = "LogicGate">   --->   Core 74 'LogicGate' <Latency = 0> <II = 1> <Delay = 0.28> <FuncUnit> <Opcode : 'and' 'or' 'xor'> <InPorts = 2> <OutPorts = 1>
ST_1 : Operation 203 [1/1] (0.00ns)   --->   "%zext_ln780_17 = zext i1 %xor_ln1019_35"   --->   Operation 203 'zext' 'zext_ln780_17' <Predicate = (!icmp_ln249)> <Delay = 0.00>
ST_1 : Operation 204 [1/1] (0.00ns)   --->   "%p_Result_18 = bitselect i1 @_ssdm_op_BitSelect.i1.i25.i32, i25 %inElem_1, i32 18"   --->   Operation 204 'bitselect' 'p_Result_18' <Predicate = (!icmp_ln249)> <Delay = 0.00>
ST_1 : Operation 205 [1/1] (0.00ns) (grouped into LUT with out node xor_ln1019_37)   --->   "%xor_ln1019_36 = xor i1 %p_Result_18, i1 %local_temp_V_18"   --->   Operation 205 'xor' 'xor_ln1019_36' <Predicate = (!icmp_ln249)> <Delay = 0.00> <CoreInst = "LogicGate">   --->   Core 74 'LogicGate' <Latency = 0> <II = 1> <Delay = 0.28> <FuncUnit> <Opcode : 'and' 'or' 'xor'> <InPorts = 2> <OutPorts = 1>
ST_1 : Operation 206 [1/1] (0.28ns) (out node of the LUT)   --->   "%xor_ln1019_37 = xor i1 %xor_ln1019_36, i1 1"   --->   Operation 206 'xor' 'xor_ln1019_37' <Predicate = (!icmp_ln249)> <Delay = 0.28> <CoreInst = "LogicGate">   --->   Core 74 'LogicGate' <Latency = 0> <II = 1> <Delay = 0.28> <FuncUnit> <Opcode : 'and' 'or' 'xor'> <InPorts = 2> <OutPorts = 1>
ST_1 : Operation 207 [1/1] (0.00ns)   --->   "%zext_ln780_18 = zext i1 %xor_ln1019_37"   --->   Operation 207 'zext' 'zext_ln780_18' <Predicate = (!icmp_ln249)> <Delay = 0.00>
ST_1 : Operation 208 [1/1] (0.00ns)   --->   "%p_Result_19 = bitselect i1 @_ssdm_op_BitSelect.i1.i25.i32, i25 %inElem_1, i32 19"   --->   Operation 208 'bitselect' 'p_Result_19' <Predicate = (!icmp_ln249)> <Delay = 0.00>
ST_1 : Operation 209 [1/1] (0.00ns) (grouped into LUT with out node xor_ln1019_39)   --->   "%xor_ln1019_38 = xor i1 %p_Result_19, i1 %local_temp_V_19"   --->   Operation 209 'xor' 'xor_ln1019_38' <Predicate = (!icmp_ln249)> <Delay = 0.00> <CoreInst = "LogicGate">   --->   Core 74 'LogicGate' <Latency = 0> <II = 1> <Delay = 0.28> <FuncUnit> <Opcode : 'and' 'or' 'xor'> <InPorts = 2> <OutPorts = 1>
ST_1 : Operation 210 [1/1] (0.28ns) (out node of the LUT)   --->   "%xor_ln1019_39 = xor i1 %xor_ln1019_38, i1 1"   --->   Operation 210 'xor' 'xor_ln1019_39' <Predicate = (!icmp_ln249)> <Delay = 0.28> <CoreInst = "LogicGate">   --->   Core 74 'LogicGate' <Latency = 0> <II = 1> <Delay = 0.28> <FuncUnit> <Opcode : 'and' 'or' 'xor'> <InPorts = 2> <OutPorts = 1>
ST_1 : Operation 211 [1/1] (0.00ns)   --->   "%zext_ln780_19 = zext i1 %xor_ln1019_39"   --->   Operation 211 'zext' 'zext_ln780_19' <Predicate = (!icmp_ln249)> <Delay = 0.00>
ST_1 : Operation 212 [1/1] (0.00ns)   --->   "%p_Result_20 = bitselect i1 @_ssdm_op_BitSelect.i1.i25.i32, i25 %inElem_1, i32 20"   --->   Operation 212 'bitselect' 'p_Result_20' <Predicate = (!icmp_ln249)> <Delay = 0.00>
ST_1 : Operation 213 [1/1] (0.00ns) (grouped into LUT with out node xor_ln1019_41)   --->   "%xor_ln1019_40 = xor i1 %p_Result_20, i1 %local_temp_V_20"   --->   Operation 213 'xor' 'xor_ln1019_40' <Predicate = (!icmp_ln249)> <Delay = 0.00> <CoreInst = "LogicGate">   --->   Core 74 'LogicGate' <Latency = 0> <II = 1> <Delay = 0.28> <FuncUnit> <Opcode : 'and' 'or' 'xor'> <InPorts = 2> <OutPorts = 1>
ST_1 : Operation 214 [1/1] (0.28ns) (out node of the LUT)   --->   "%xor_ln1019_41 = xor i1 %xor_ln1019_40, i1 1"   --->   Operation 214 'xor' 'xor_ln1019_41' <Predicate = (!icmp_ln249)> <Delay = 0.28> <CoreInst = "LogicGate">   --->   Core 74 'LogicGate' <Latency = 0> <II = 1> <Delay = 0.28> <FuncUnit> <Opcode : 'and' 'or' 'xor'> <InPorts = 2> <OutPorts = 1>
ST_1 : Operation 215 [1/1] (0.00ns)   --->   "%zext_ln780_20 = zext i1 %xor_ln1019_41"   --->   Operation 215 'zext' 'zext_ln780_20' <Predicate = (!icmp_ln249)> <Delay = 0.00>
ST_1 : Operation 216 [1/1] (0.00ns)   --->   "%p_Result_21 = bitselect i1 @_ssdm_op_BitSelect.i1.i25.i32, i25 %inElem_1, i32 21"   --->   Operation 216 'bitselect' 'p_Result_21' <Predicate = (!icmp_ln249)> <Delay = 0.00>
ST_1 : Operation 217 [1/1] (0.00ns) (grouped into LUT with out node xor_ln1019_43)   --->   "%xor_ln1019_42 = xor i1 %p_Result_21, i1 %local_temp_V_21"   --->   Operation 217 'xor' 'xor_ln1019_42' <Predicate = (!icmp_ln249)> <Delay = 0.00> <CoreInst = "LogicGate">   --->   Core 74 'LogicGate' <Latency = 0> <II = 1> <Delay = 0.28> <FuncUnit> <Opcode : 'and' 'or' 'xor'> <InPorts = 2> <OutPorts = 1>
ST_1 : Operation 218 [1/1] (0.28ns) (out node of the LUT)   --->   "%xor_ln1019_43 = xor i1 %xor_ln1019_42, i1 1"   --->   Operation 218 'xor' 'xor_ln1019_43' <Predicate = (!icmp_ln249)> <Delay = 0.28> <CoreInst = "LogicGate">   --->   Core 74 'LogicGate' <Latency = 0> <II = 1> <Delay = 0.28> <FuncUnit> <Opcode : 'and' 'or' 'xor'> <InPorts = 2> <OutPorts = 1>
ST_1 : Operation 219 [1/1] (0.00ns)   --->   "%zext_ln780_21 = zext i1 %xor_ln1019_43"   --->   Operation 219 'zext' 'zext_ln780_21' <Predicate = (!icmp_ln249)> <Delay = 0.00>
ST_1 : Operation 220 [1/1] (0.00ns)   --->   "%p_Result_22 = bitselect i1 @_ssdm_op_BitSelect.i1.i25.i32, i25 %inElem_1, i32 22"   --->   Operation 220 'bitselect' 'p_Result_22' <Predicate = (!icmp_ln249)> <Delay = 0.00>
ST_1 : Operation 221 [1/1] (0.00ns) (grouped into LUT with out node add_ln840)   --->   "%xor_ln1019_44 = xor i1 %p_Result_22, i1 %local_temp_V_22"   --->   Operation 221 'xor' 'xor_ln1019_44' <Predicate = (!icmp_ln249)> <Delay = 0.00> <CoreInst = "LogicGate">   --->   Core 74 'LogicGate' <Latency = 0> <II = 1> <Delay = 0.28> <FuncUnit> <Opcode : 'and' 'or' 'xor'> <InPorts = 2> <OutPorts = 1>
ST_1 : Operation 222 [1/1] (0.00ns) (grouped into LUT with out node add_ln840)   --->   "%xor_ln1019_45 = xor i1 %xor_ln1019_44, i1 1"   --->   Operation 222 'xor' 'xor_ln1019_45' <Predicate = (!icmp_ln249)> <Delay = 0.00> <CoreInst = "LogicGate">   --->   Core 74 'LogicGate' <Latency = 0> <II = 1> <Delay = 0.28> <FuncUnit> <Opcode : 'and' 'or' 'xor'> <InPorts = 2> <OutPorts = 1>
ST_1 : Operation 223 [1/1] (0.00ns) (grouped into LUT with out node add_ln840)   --->   "%zext_ln780_22 = zext i1 %xor_ln1019_45"   --->   Operation 223 'zext' 'zext_ln780_22' <Predicate = (!icmp_ln249)> <Delay = 0.00>
ST_1 : Operation 224 [1/1] (0.00ns)   --->   "%p_Result_23 = bitselect i1 @_ssdm_op_BitSelect.i1.i25.i32, i25 %inElem_1, i32 23"   --->   Operation 224 'bitselect' 'p_Result_23' <Predicate = (!icmp_ln249)> <Delay = 0.00>
ST_1 : Operation 225 [1/1] (0.00ns) (grouped into LUT with out node add_ln840)   --->   "%xor_ln1019_46 = xor i1 %p_Result_23, i1 %local_temp_V_23"   --->   Operation 225 'xor' 'xor_ln1019_46' <Predicate = (!icmp_ln249)> <Delay = 0.00> <CoreInst = "LogicGate">   --->   Core 74 'LogicGate' <Latency = 0> <II = 1> <Delay = 0.28> <FuncUnit> <Opcode : 'and' 'or' 'xor'> <InPorts = 2> <OutPorts = 1>
ST_1 : Operation 226 [1/1] (0.00ns) (grouped into LUT with out node add_ln840)   --->   "%xor_ln1019_47 = xor i1 %xor_ln1019_46, i1 1"   --->   Operation 226 'xor' 'xor_ln1019_47' <Predicate = (!icmp_ln249)> <Delay = 0.00> <CoreInst = "LogicGate">   --->   Core 74 'LogicGate' <Latency = 0> <II = 1> <Delay = 0.28> <FuncUnit> <Opcode : 'and' 'or' 'xor'> <InPorts = 2> <OutPorts = 1>
ST_1 : Operation 227 [1/1] (0.00ns) (grouped into LUT with out node add_ln840)   --->   "%zext_ln780_23 = zext i1 %xor_ln1019_47"   --->   Operation 227 'zext' 'zext_ln780_23' <Predicate = (!icmp_ln249)> <Delay = 0.00>
ST_1 : Operation 228 [1/1] (0.00ns)   --->   "%p_Result_24 = bitselect i1 @_ssdm_op_BitSelect.i1.i25.i32, i25 %inElem_1, i32 24"   --->   Operation 228 'bitselect' 'p_Result_24' <Predicate = (!icmp_ln249)> <Delay = 0.00>
ST_1 : Operation 229 [1/1] (0.00ns) (grouped into LUT with out node add_ln840_20)   --->   "%xor_ln1019_48 = xor i1 %p_Result_24, i1 %local_temp_V_24"   --->   Operation 229 'xor' 'xor_ln1019_48' <Predicate = (!icmp_ln249)> <Delay = 0.00> <CoreInst = "LogicGate">   --->   Core 74 'LogicGate' <Latency = 0> <II = 1> <Delay = 0.28> <FuncUnit> <Opcode : 'and' 'or' 'xor'> <InPorts = 2> <OutPorts = 1>
ST_1 : Operation 230 [1/1] (0.00ns) (grouped into LUT with out node add_ln840_20)   --->   "%xor_ln1019_49 = xor i1 %xor_ln1019_48, i1 1"   --->   Operation 230 'xor' 'xor_ln1019_49' <Predicate = (!icmp_ln249)> <Delay = 0.00> <CoreInst = "LogicGate">   --->   Core 74 'LogicGate' <Latency = 0> <II = 1> <Delay = 0.28> <FuncUnit> <Opcode : 'and' 'or' 'xor'> <InPorts = 2> <OutPorts = 1>
ST_1 : Operation 231 [1/1] (0.00ns) (grouped into LUT with out node add_ln840_20)   --->   "%zext_ln840 = zext i1 %xor_ln1019_49"   --->   Operation 231 'zext' 'zext_ln840' <Predicate = (!icmp_ln249)> <Delay = 0.00>
ST_1 : Operation 232 [1/1] (0.54ns) (out node of the LUT)   --->   "%add_ln840 = add i2 %zext_ln780_22, i2 %zext_ln780_23"   --->   Operation 232 'add' 'add_ln840' <Predicate = (!icmp_ln249)> <Delay = 0.54> <CoreInst = "Adder">   --->   Core 1 'Adder' <Latency = 0> <II = 1> <Delay = 0.54> <FuncUnit> <Opcode : 'add' 'sub'> <InPorts = 2> <OutPorts = 1>
ST_1 : Operation 233 [1/1] (0.00ns)   --->   "%zext_ln840_1 = zext i2 %add_ln840"   --->   Operation 233 'zext' 'zext_ln840_1' <Predicate = (!icmp_ln249)> <Delay = 0.00>
ST_1 : Operation 234 [1/1] (0.00ns) (grouped into TernaryAdder)   --->   "%add_ln840_1 = add i10 %zext_ln840_1, i10 %select_ln272_1"   --->   Operation 234 'add' 'add_ln840_1' <Predicate = (!icmp_ln249)> <Delay = 0.00> <CoreInst = "TAddSub">   --->   Core 10 'TAddSub' <Latency = 0> <II = 1> <Delay = 0.15> <IPBlock> <Opcode : 'add' 'sub'> <InPorts = 3> <OutPorts = 1> <Sync> <CReg>
ST_1 : Operation 235 [1/1] (0.00ns) (grouped into TernaryAdder)   --->   "%add_ln840_2 = add i2 %zext_ln780_20, i2 %zext_ln780_17"   --->   Operation 235 'add' 'add_ln840_2' <Predicate = (!icmp_ln249)> <Delay = 0.00> <CoreInst = "TAddSub">   --->   Core 10 'TAddSub' <Latency = 0> <II = 1> <Delay = 0.15> <IPBlock> <Opcode : 'add' 'sub'> <InPorts = 3> <OutPorts = 1> <Sync> <CReg>
ST_1 : Operation 236 [1/1] (0.14ns) (root node of TernaryAdder)   --->   "%add_ln840_3 = add i2 %add_ln840_2, i2 %zext_ln780_21"   --->   Operation 236 'add' 'add_ln840_3' <Predicate = (!icmp_ln249)> <Delay = 0.14> <CoreInst = "TAddSub">   --->   Core 10 'TAddSub' <Latency = 0> <II = 1> <Delay = 0.15> <IPBlock> <Opcode : 'add' 'sub'> <InPorts = 3> <OutPorts = 1> <Sync> <CReg>
ST_1 : Operation 237 [1/1] (0.00ns)   --->   "%zext_ln840_2 = zext i2 %add_ln840_3"   --->   Operation 237 'zext' 'zext_ln840_2' <Predicate = (!icmp_ln249)> <Delay = 0.00>
ST_1 : Operation 238 [1/1] (0.96ns) (root node of TernaryAdder)   --->   "%add_ln840_4 = add i10 %zext_ln840_2, i10 %add_ln840_1"   --->   Operation 238 'add' 'add_ln840_4' <Predicate = (!icmp_ln249)> <Delay = 0.96> <CoreInst = "TAddSub">   --->   Core 10 'TAddSub' <Latency = 0> <II = 1> <Delay = 0.15> <IPBlock> <Opcode : 'add' 'sub'> <InPorts = 3> <OutPorts = 1> <Sync> <CReg>
ST_1 : Operation 239 [1/1] (0.00ns) (grouped into TernaryAdder)   --->   "%add_ln840_5 = add i2 %zext_ln780_18, i2 %zext_ln780_11"   --->   Operation 239 'add' 'add_ln840_5' <Predicate = (!icmp_ln249)> <Delay = 0.00> <CoreInst = "TAddSub">   --->   Core 10 'TAddSub' <Latency = 0> <II = 1> <Delay = 0.15> <IPBlock> <Opcode : 'add' 'sub'> <InPorts = 3> <OutPorts = 1> <Sync> <CReg>
ST_1 : Operation 240 [1/1] (0.14ns) (root node of TernaryAdder)   --->   "%add_ln840_6 = add i2 %add_ln840_5, i2 %zext_ln780_19"   --->   Operation 240 'add' 'add_ln840_6' <Predicate = (!icmp_ln249)> <Delay = 0.14> <CoreInst = "TAddSub">   --->   Core 10 'TAddSub' <Latency = 0> <II = 1> <Delay = 0.15> <IPBlock> <Opcode : 'add' 'sub'> <InPorts = 3> <OutPorts = 1> <Sync> <CReg>
ST_1 : Operation 241 [1/1] (0.00ns)   --->   "%zext_ln840_3 = zext i2 %add_ln840_6"   --->   Operation 241 'zext' 'zext_ln840_3' <Predicate = (!icmp_ln249)> <Delay = 0.00>
ST_1 : Operation 242 [1/1] (0.54ns) (out node of the LUT)   --->   "%add_ln840_7 = add i2 %zext_ln780_13, i2 %zext_ln780_12"   --->   Operation 242 'add' 'add_ln840_7' <Predicate = (!icmp_ln249)> <Delay = 0.54> <CoreInst = "Adder">   --->   Core 1 'Adder' <Latency = 0> <II = 1> <Delay = 0.54> <FuncUnit> <Opcode : 'add' 'sub'> <InPorts = 2> <OutPorts = 1>
ST_1 : Operation 243 [1/1] (0.00ns)   --->   "%zext_ln840_4 = zext i2 %add_ln840_7"   --->   Operation 243 'zext' 'zext_ln840_4' <Predicate = (!icmp_ln249)> <Delay = 0.00>
ST_1 : Operation 244 [1/1] (0.54ns) (out node of the LUT)   --->   "%add_ln840_8 = add i2 %zext_ln780_14, i2 %zext_ln780_16"   --->   Operation 244 'add' 'add_ln840_8' <Predicate = (!icmp_ln249)> <Delay = 0.54> <CoreInst = "Adder">   --->   Core 1 'Adder' <Latency = 0> <II = 1> <Delay = 0.54> <FuncUnit> <Opcode : 'add' 'sub'> <InPorts = 2> <OutPorts = 1>
ST_1 : Operation 245 [1/1] (0.00ns)   --->   "%zext_ln840_5 = zext i2 %add_ln840_8"   --->   Operation 245 'zext' 'zext_ln840_5' <Predicate = (!icmp_ln249)> <Delay = 0.00>
ST_1 : Operation 246 [1/1] (0.00ns) (grouped into TernaryAdder)   --->   "%add_ln840_9 = add i3 %zext_ln840_5, i3 %zext_ln840_4"   --->   Operation 246 'add' 'add_ln840_9' <Predicate = (!icmp_ln249)> <Delay = 0.00> <CoreInst = "TAddSub">   --->   Core 10 'TAddSub' <Latency = 0> <II = 1> <Delay = 0.15> <IPBlock> <Opcode : 'add' 'sub'> <InPorts = 3> <OutPorts = 1> <Sync> <CReg>
ST_1 : Operation 247 [1/1] (0.30ns) (root node of TernaryAdder)   --->   "%add_ln840_10 = add i3 %add_ln840_9, i3 %zext_ln840_3"   --->   Operation 247 'add' 'add_ln840_10' <Predicate = (!icmp_ln249)> <Delay = 0.30> <CoreInst = "TAddSub">   --->   Core 10 'TAddSub' <Latency = 0> <II = 1> <Delay = 0.15> <IPBlock> <Opcode : 'add' 'sub'> <InPorts = 3> <OutPorts = 1> <Sync> <CReg>
ST_1 : Operation 248 [1/1] (0.00ns)   --->   "%zext_ln840_6 = zext i3 %add_ln840_10"   --->   Operation 248 'zext' 'zext_ln840_6' <Predicate = (!icmp_ln249)> <Delay = 0.00>
ST_1 : Operation 249 [1/1] (0.00ns) (grouped into TernaryAdder)   --->   "%add_ln840_11 = add i10 %zext_ln840_6, i10 %add_ln840_4"   --->   Operation 249 'add' 'add_ln840_11' <Predicate = (!icmp_ln249)> <Delay = 0.00> <CoreInst = "TAddSub">   --->   Core 10 'TAddSub' <Latency = 0> <II = 1> <Delay = 0.15> <IPBlock> <Opcode : 'add' 'sub'> <InPorts = 3> <OutPorts = 1> <Sync> <CReg>
ST_1 : Operation 250 [1/1] (0.00ns) (grouped into TernaryAdder)   --->   "%add_ln840_12 = add i2 %zext_ln780_1, i2 %zext_ln780"   --->   Operation 250 'add' 'add_ln840_12' <Predicate = (!icmp_ln249)> <Delay = 0.00> <CoreInst = "TAddSub">   --->   Core 10 'TAddSub' <Latency = 0> <II = 1> <Delay = 0.15> <IPBlock> <Opcode : 'add' 'sub'> <InPorts = 3> <OutPorts = 1> <Sync> <CReg>
ST_1 : Operation 251 [1/1] (0.14ns) (root node of TernaryAdder)   --->   "%add_ln840_13 = add i2 %add_ln840_12, i2 %zext_ln780_15"   --->   Operation 251 'add' 'add_ln840_13' <Predicate = (!icmp_ln249)> <Delay = 0.14> <CoreInst = "TAddSub">   --->   Core 10 'TAddSub' <Latency = 0> <II = 1> <Delay = 0.15> <IPBlock> <Opcode : 'add' 'sub'> <InPorts = 3> <OutPorts = 1> <Sync> <CReg>
ST_1 : Operation 252 [1/1] (0.00ns)   --->   "%zext_ln840_7 = zext i2 %add_ln840_13"   --->   Operation 252 'zext' 'zext_ln840_7' <Predicate = (!icmp_ln249)> <Delay = 0.00>
ST_1 : Operation 253 [1/1] (0.00ns) (grouped into TernaryAdder)   --->   "%add_ln840_14 = add i2 %zext_ln780_4, i2 %zext_ln780_3"   --->   Operation 253 'add' 'add_ln840_14' <Predicate = (!icmp_ln249)> <Delay = 0.00> <CoreInst = "TAddSub">   --->   Core 10 'TAddSub' <Latency = 0> <II = 1> <Delay = 0.15> <IPBlock> <Opcode : 'add' 'sub'> <InPorts = 3> <OutPorts = 1> <Sync> <CReg>
ST_1 : Operation 254 [1/1] (0.14ns) (root node of TernaryAdder)   --->   "%add_ln840_15 = add i2 %add_ln840_14, i2 %zext_ln780_2"   --->   Operation 254 'add' 'add_ln840_15' <Predicate = (!icmp_ln249)> <Delay = 0.14> <CoreInst = "TAddSub">   --->   Core 10 'TAddSub' <Latency = 0> <II = 1> <Delay = 0.15> <IPBlock> <Opcode : 'add' 'sub'> <InPorts = 3> <OutPorts = 1> <Sync> <CReg>
ST_1 : Operation 255 [1/1] (0.00ns)   --->   "%zext_ln840_8 = zext i2 %add_ln840_15"   --->   Operation 255 'zext' 'zext_ln840_8' <Predicate = (!icmp_ln249)> <Delay = 0.00>
ST_1 : Operation 256 [1/1] (0.54ns)   --->   "%add_ln840_16 = add i3 %zext_ln840_8, i3 %zext_ln840_7"   --->   Operation 256 'add' 'add_ln840_16' <Predicate = (!icmp_ln249)> <Delay = 0.54> <CoreInst = "Adder">   --->   Core 1 'Adder' <Latency = 0> <II = 1> <Delay = 0.67> <FuncUnit> <Opcode : 'add' 'sub'> <InPorts = 2> <OutPorts = 1>
ST_1 : Operation 257 [1/1] (0.00ns)   --->   "%zext_ln840_9 = zext i3 %add_ln840_16"   --->   Operation 257 'zext' 'zext_ln840_9' <Predicate = (!icmp_ln249)> <Delay = 0.00>
ST_1 : Operation 258 [1/1] (0.00ns) (grouped into TernaryAdder)   --->   "%add_ln840_17 = add i2 %zext_ln780_7, i2 %zext_ln780_6"   --->   Operation 258 'add' 'add_ln840_17' <Predicate = (!icmp_ln249)> <Delay = 0.00> <CoreInst = "TAddSub">   --->   Core 10 'TAddSub' <Latency = 0> <II = 1> <Delay = 0.15> <IPBlock> <Opcode : 'add' 'sub'> <InPorts = 3> <OutPorts = 1> <Sync> <CReg>
ST_1 : Operation 259 [1/1] (0.14ns) (root node of TernaryAdder)   --->   "%add_ln840_18 = add i2 %add_ln840_17, i2 %zext_ln780_5"   --->   Operation 259 'add' 'add_ln840_18' <Predicate = (!icmp_ln249)> <Delay = 0.14> <CoreInst = "TAddSub">   --->   Core 10 'TAddSub' <Latency = 0> <II = 1> <Delay = 0.15> <IPBlock> <Opcode : 'add' 'sub'> <InPorts = 3> <OutPorts = 1> <Sync> <CReg>
ST_1 : Operation 260 [1/1] (0.00ns)   --->   "%zext_ln840_10 = zext i2 %add_ln840_18"   --->   Operation 260 'zext' 'zext_ln840_10' <Predicate = (!icmp_ln249)> <Delay = 0.00>
ST_1 : Operation 261 [1/1] (0.54ns) (out node of the LUT)   --->   "%add_ln840_19 = add i2 %zext_ln780_8, i2 %zext_ln780_10"   --->   Operation 261 'add' 'add_ln840_19' <Predicate = (!icmp_ln249)> <Delay = 0.54> <CoreInst = "Adder">   --->   Core 1 'Adder' <Latency = 0> <II = 1> <Delay = 0.54> <FuncUnit> <Opcode : 'add' 'sub'> <InPorts = 2> <OutPorts = 1>
ST_1 : Operation 262 [1/1] (0.00ns)   --->   "%zext_ln840_11 = zext i2 %add_ln840_19"   --->   Operation 262 'zext' 'zext_ln840_11' <Predicate = (!icmp_ln249)> <Delay = 0.00>
ST_1 : Operation 263 [1/1] (0.54ns) (out node of the LUT)   --->   "%add_ln840_20 = add i2 %zext_ln780_9, i2 %zext_ln840"   --->   Operation 263 'add' 'add_ln840_20' <Predicate = (!icmp_ln249)> <Delay = 0.54> <CoreInst = "Adder">   --->   Core 1 'Adder' <Latency = 0> <II = 1> <Delay = 0.54> <FuncUnit> <Opcode : 'add' 'sub'> <InPorts = 2> <OutPorts = 1>
ST_1 : Operation 264 [1/1] (0.00ns)   --->   "%zext_ln840_12 = zext i2 %add_ln840_20"   --->   Operation 264 'zext' 'zext_ln840_12' <Predicate = (!icmp_ln249)> <Delay = 0.00>
ST_1 : Operation 265 [1/1] (0.00ns) (grouped into TernaryAdder)   --->   "%add_ln840_21 = add i3 %zext_ln840_12, i3 %zext_ln840_11"   --->   Operation 265 'add' 'add_ln840_21' <Predicate = (!icmp_ln249)> <Delay = 0.00> <CoreInst = "TAddSub">   --->   Core 10 'TAddSub' <Latency = 0> <II = 1> <Delay = 0.15> <IPBlock> <Opcode : 'add' 'sub'> <InPorts = 3> <OutPorts = 1> <Sync> <CReg>
ST_1 : Operation 266 [1/1] (0.30ns) (root node of TernaryAdder)   --->   "%add_ln840_22 = add i3 %add_ln840_21, i3 %zext_ln840_10"   --->   Operation 266 'add' 'add_ln840_22' <Predicate = (!icmp_ln249)> <Delay = 0.30> <CoreInst = "TAddSub">   --->   Core 10 'TAddSub' <Latency = 0> <II = 1> <Delay = 0.15> <IPBlock> <Opcode : 'add' 'sub'> <InPorts = 3> <OutPorts = 1> <Sync> <CReg>
ST_1 : Operation 267 [1/1] (0.00ns)   --->   "%zext_ln840_13 = zext i3 %add_ln840_22"   --->   Operation 267 'zext' 'zext_ln840_13' <Predicate = (!icmp_ln249)> <Delay = 0.00>
ST_1 : Operation 268 [1/1] (0.67ns)   --->   "%add_ln840_23 = add i4 %zext_ln840_13, i4 %zext_ln840_9"   --->   Operation 268 'add' 'add_ln840_23' <Predicate = (!icmp_ln249)> <Delay = 0.67> <CoreInst = "Adder">   --->   Core 1 'Adder' <Latency = 0> <II = 1> <Delay = 0.79> <FuncUnit> <Opcode : 'add' 'sub'> <InPorts = 2> <OutPorts = 1>
ST_1 : Operation 269 [1/1] (0.00ns)   --->   "%zext_ln840_14 = zext i4 %add_ln840_23"   --->   Operation 269 'zext' 'zext_ln840_14' <Predicate = (!icmp_ln249)> <Delay = 0.00>
ST_1 : Operation 270 [1/1] (0.96ns) (root node of TernaryAdder)   --->   "%add_ln840_24 = add i10 %zext_ln840_14, i10 %add_ln840_11"   --->   Operation 270 'add' 'add_ln840_24' <Predicate = (!icmp_ln249)> <Delay = 0.96> <CoreInst = "TAddSub">   --->   Core 10 'TAddSub' <Latency = 0> <II = 1> <Delay = 0.15> <IPBlock> <Opcode : 'add' 'sub'> <InPorts = 3> <OutPorts = 1> <Sync> <CReg>
ST_1 : Operation 271 [1/1] (0.00ns) (grouped into LUT with out node xor_ln1019_51)   --->   "%local_temp_V_25 = bitselect i1 @_ssdm_op_BitSelect.i1.i56.i32, i56 %in1_V_read, i32 25"   --->   Operation 271 'bitselect' 'local_temp_V_25' <Predicate = (!icmp_ln249)> <Delay = 0.00>
ST_1 : Operation 272 [1/1] (0.00ns) (grouped into LUT with out node xor_ln1019_53)   --->   "%local_temp_V_26 = bitselect i1 @_ssdm_op_BitSelect.i1.i56.i32, i56 %in1_V_read, i32 26"   --->   Operation 272 'bitselect' 'local_temp_V_26' <Predicate = (!icmp_ln249)> <Delay = 0.00>
ST_1 : Operation 273 [1/1] (0.00ns) (grouped into LUT with out node xor_ln1019_55)   --->   "%local_temp_V_27 = bitselect i1 @_ssdm_op_BitSelect.i1.i56.i32, i56 %in1_V_read, i32 27"   --->   Operation 273 'bitselect' 'local_temp_V_27' <Predicate = (!icmp_ln249)> <Delay = 0.00>
ST_1 : Operation 274 [1/1] (0.00ns) (grouped into LUT with out node xor_ln1019_57)   --->   "%local_temp_V_28 = bitselect i1 @_ssdm_op_BitSelect.i1.i56.i32, i56 %in1_V_read, i32 28"   --->   Operation 274 'bitselect' 'local_temp_V_28' <Predicate = (!icmp_ln249)> <Delay = 0.00>
ST_1 : Operation 275 [1/1] (0.00ns) (grouped into LUT with out node xor_ln1019_59)   --->   "%local_temp_V_29 = bitselect i1 @_ssdm_op_BitSelect.i1.i56.i32, i56 %in1_V_read, i32 29"   --->   Operation 275 'bitselect' 'local_temp_V_29' <Predicate = (!icmp_ln249)> <Delay = 0.00>
ST_1 : Operation 276 [1/1] (0.00ns) (grouped into LUT with out node xor_ln1019_61)   --->   "%local_temp_V_30 = bitselect i1 @_ssdm_op_BitSelect.i1.i56.i32, i56 %in1_V_read, i32 30"   --->   Operation 276 'bitselect' 'local_temp_V_30' <Predicate = (!icmp_ln249)> <Delay = 0.00>
ST_1 : Operation 277 [1/1] (0.00ns) (grouped into LUT with out node xor_ln1019_63)   --->   "%local_temp_V_31 = bitselect i1 @_ssdm_op_BitSelect.i1.i56.i32, i56 %in1_V_read, i32 31"   --->   Operation 277 'bitselect' 'local_temp_V_31' <Predicate = (!icmp_ln249)> <Delay = 0.00>
ST_1 : Operation 278 [1/1] (0.00ns) (grouped into LUT with out node xor_ln1019_65)   --->   "%local_temp_V_32 = bitselect i1 @_ssdm_op_BitSelect.i1.i56.i32, i56 %in1_V_read, i32 32"   --->   Operation 278 'bitselect' 'local_temp_V_32' <Predicate = (!icmp_ln249)> <Delay = 0.00>
ST_1 : Operation 279 [1/1] (0.00ns) (grouped into LUT with out node add_ln840_44)   --->   "%local_temp_V_33 = bitselect i1 @_ssdm_op_BitSelect.i1.i56.i32, i56 %in1_V_read, i32 33"   --->   Operation 279 'bitselect' 'local_temp_V_33' <Predicate = (!icmp_ln249)> <Delay = 0.00>
ST_1 : Operation 280 [1/1] (0.00ns) (grouped into LUT with out node add_ln840_45)   --->   "%local_temp_V_34 = bitselect i1 @_ssdm_op_BitSelect.i1.i56.i32, i56 %in1_V_read, i32 34"   --->   Operation 280 'bitselect' 'local_temp_V_34' <Predicate = (!icmp_ln249)> <Delay = 0.00>
ST_1 : Operation 281 [1/1] (0.00ns) (grouped into LUT with out node add_ln840_44)   --->   "%local_temp_V_35 = bitselect i1 @_ssdm_op_BitSelect.i1.i56.i32, i56 %in1_V_read, i32 35"   --->   Operation 281 'bitselect' 'local_temp_V_35' <Predicate = (!icmp_ln249)> <Delay = 0.00>
ST_1 : Operation 282 [1/1] (0.00ns) (grouped into LUT with out node xor_ln1019_73)   --->   "%local_temp_V_36 = bitselect i1 @_ssdm_op_BitSelect.i1.i56.i32, i56 %in1_V_read, i32 36"   --->   Operation 282 'bitselect' 'local_temp_V_36' <Predicate = (!icmp_ln249)> <Delay = 0.00>
ST_1 : Operation 283 [1/1] (0.00ns) (grouped into LUT with out node add_ln840_32)   --->   "%local_temp_V_37 = bitselect i1 @_ssdm_op_BitSelect.i1.i56.i32, i56 %in1_V_read, i32 37"   --->   Operation 283 'bitselect' 'local_temp_V_37' <Predicate = (!icmp_ln249)> <Delay = 0.00>
ST_1 : Operation 284 [1/1] (0.00ns) (grouped into LUT with out node add_ln840_32)   --->   "%local_temp_V_38 = bitselect i1 @_ssdm_op_BitSelect.i1.i56.i32, i56 %in1_V_read, i32 38"   --->   Operation 284 'bitselect' 'local_temp_V_38' <Predicate = (!icmp_ln249)> <Delay = 0.00>
ST_1 : Operation 285 [1/1] (0.00ns) (grouped into LUT with out node add_ln840_33)   --->   "%local_temp_V_39 = bitselect i1 @_ssdm_op_BitSelect.i1.i56.i32, i56 %in1_V_read, i32 39"   --->   Operation 285 'bitselect' 'local_temp_V_39' <Predicate = (!icmp_ln249)> <Delay = 0.00>
ST_1 : Operation 286 [1/1] (0.00ns) (grouped into LUT with out node xor_ln1019_81)   --->   "%local_temp_V_40 = bitselect i1 @_ssdm_op_BitSelect.i1.i56.i32, i56 %in1_V_read, i32 40"   --->   Operation 286 'bitselect' 'local_temp_V_40' <Predicate = (!icmp_ln249)> <Delay = 0.00>
ST_1 : Operation 287 [1/1] (0.00ns) (grouped into LUT with out node add_ln840_33)   --->   "%local_temp_V_41 = bitselect i1 @_ssdm_op_BitSelect.i1.i56.i32, i56 %in1_V_read, i32 41"   --->   Operation 287 'bitselect' 'local_temp_V_41' <Predicate = (!icmp_ln249)> <Delay = 0.00>
ST_1 : Operation 288 [1/1] (0.00ns) (grouped into LUT with out node xor_ln1019_85)   --->   "%local_temp_V_42 = bitselect i1 @_ssdm_op_BitSelect.i1.i56.i32, i56 %in1_V_read, i32 42"   --->   Operation 288 'bitselect' 'local_temp_V_42' <Predicate = (!icmp_ln249)> <Delay = 0.00>
ST_1 : Operation 289 [1/1] (0.00ns) (grouped into LUT with out node xor_ln1019_87)   --->   "%local_temp_V_43 = bitselect i1 @_ssdm_op_BitSelect.i1.i56.i32, i56 %in1_V_read, i32 43"   --->   Operation 289 'bitselect' 'local_temp_V_43' <Predicate = (!icmp_ln249)> <Delay = 0.00>
ST_1 : Operation 290 [1/1] (0.00ns) (grouped into LUT with out node xor_ln1019_89)   --->   "%local_temp_V_44 = bitselect i1 @_ssdm_op_BitSelect.i1.i56.i32, i56 %in1_V_read, i32 44"   --->   Operation 290 'bitselect' 'local_temp_V_44' <Predicate = (!icmp_ln249)> <Delay = 0.00>
ST_1 : Operation 291 [1/1] (0.00ns) (grouped into LUT with out node xor_ln1019_91)   --->   "%local_temp_V_45 = bitselect i1 @_ssdm_op_BitSelect.i1.i56.i32, i56 %in1_V_read, i32 45"   --->   Operation 291 'bitselect' 'local_temp_V_45' <Predicate = (!icmp_ln249)> <Delay = 0.00>
ST_1 : Operation 292 [1/1] (0.00ns) (grouped into LUT with out node xor_ln1019_93)   --->   "%local_temp_V_46 = bitselect i1 @_ssdm_op_BitSelect.i1.i56.i32, i56 %in1_V_read, i32 46"   --->   Operation 292 'bitselect' 'local_temp_V_46' <Predicate = (!icmp_ln249)> <Delay = 0.00>
ST_1 : Operation 293 [1/1] (0.00ns) (grouped into LUT with out node add_ln840_25)   --->   "%local_temp_V_47 = bitselect i1 @_ssdm_op_BitSelect.i1.i56.i32, i56 %in1_V_read, i32 47"   --->   Operation 293 'bitselect' 'local_temp_V_47' <Predicate = (!icmp_ln249)> <Delay = 0.00>
ST_1 : Operation 294 [1/1] (0.00ns) (grouped into LUT with out node add_ln840_25)   --->   "%local_temp_V_48 = bitselect i1 @_ssdm_op_BitSelect.i1.i56.i32, i56 %in1_V_read, i32 48"   --->   Operation 294 'bitselect' 'local_temp_V_48' <Predicate = (!icmp_ln249)> <Delay = 0.00>
ST_1 : Operation 295 [1/1] (0.00ns) (grouped into LUT with out node add_ln840_45)   --->   "%local_temp_V_49 = bitselect i1 @_ssdm_op_BitSelect.i1.i56.i32, i56 %in1_V_read, i32 49"   --->   Operation 295 'bitselect' 'local_temp_V_49' <Predicate = (!icmp_ln249)> <Delay = 0.00>
ST_1 : Operation 296 [1/1] (0.00ns) (grouped into LUT with out node xor_ln1019_51)   --->   "%xor_ln1019_50 = xor i1 1, i1 %local_temp_V_25"   --->   Operation 296 'xor' 'xor_ln1019_50' <Predicate = (!icmp_ln249)> <Delay = 0.00> <CoreInst = "LogicGate">   --->   Core 74 'LogicGate' <Latency = 0> <II = 1> <Delay = 0.28> <FuncUnit> <Opcode : 'and' 'or' 'xor'> <InPorts = 2> <OutPorts = 1>
ST_1 : Operation 297 [1/1] (0.28ns) (out node of the LUT)   --->   "%xor_ln1019_51 = xor i1 %xor_ln1019_50, i1 %p_Result_s"   --->   Operation 297 'xor' 'xor_ln1019_51' <Predicate = (!icmp_ln249)> <Delay = 0.28> <CoreInst = "LogicGate">   --->   Core 74 'LogicGate' <Latency = 0> <II = 1> <Delay = 0.28> <FuncUnit> <Opcode : 'and' 'or' 'xor'> <InPorts = 2> <OutPorts = 1>
ST_1 : Operation 298 [1/1] (0.00ns)   --->   "%zext_ln1019 = zext i1 %xor_ln1019_51"   --->   Operation 298 'zext' 'zext_ln1019' <Predicate = (!icmp_ln249)> <Delay = 0.00>
ST_1 : Operation 299 [1/1] (0.00ns) (grouped into LUT with out node xor_ln1019_53)   --->   "%xor_ln1019_52 = xor i1 1, i1 %local_temp_V_26"   --->   Operation 299 'xor' 'xor_ln1019_52' <Predicate = (!icmp_ln249)> <Delay = 0.00> <CoreInst = "LogicGate">   --->   Core 74 'LogicGate' <Latency = 0> <II = 1> <Delay = 0.28> <FuncUnit> <Opcode : 'and' 'or' 'xor'> <InPorts = 2> <OutPorts = 1>
ST_1 : Operation 300 [1/1] (0.28ns) (out node of the LUT)   --->   "%xor_ln1019_53 = xor i1 %xor_ln1019_52, i1 %p_Result_1"   --->   Operation 300 'xor' 'xor_ln1019_53' <Predicate = (!icmp_ln249)> <Delay = 0.28> <CoreInst = "LogicGate">   --->   Core 74 'LogicGate' <Latency = 0> <II = 1> <Delay = 0.28> <FuncUnit> <Opcode : 'and' 'or' 'xor'> <InPorts = 2> <OutPorts = 1>
ST_1 : Operation 301 [1/1] (0.00ns)   --->   "%zext_ln1019_1 = zext i1 %xor_ln1019_53"   --->   Operation 301 'zext' 'zext_ln1019_1' <Predicate = (!icmp_ln249)> <Delay = 0.00>
ST_1 : Operation 302 [1/1] (0.00ns) (grouped into LUT with out node xor_ln1019_55)   --->   "%xor_ln1019_54 = xor i1 %p_Result_2, i1 %local_temp_V_27"   --->   Operation 302 'xor' 'xor_ln1019_54' <Predicate = (!icmp_ln249)> <Delay = 0.00> <CoreInst = "LogicGate">   --->   Core 74 'LogicGate' <Latency = 0> <II = 1> <Delay = 0.28> <FuncUnit> <Opcode : 'and' 'or' 'xor'> <InPorts = 2> <OutPorts = 1>
ST_1 : Operation 303 [1/1] (0.28ns) (out node of the LUT)   --->   "%xor_ln1019_55 = xor i1 %xor_ln1019_54, i1 1"   --->   Operation 303 'xor' 'xor_ln1019_55' <Predicate = (!icmp_ln249)> <Delay = 0.28> <CoreInst = "LogicGate">   --->   Core 74 'LogicGate' <Latency = 0> <II = 1> <Delay = 0.28> <FuncUnit> <Opcode : 'and' 'or' 'xor'> <InPorts = 2> <OutPorts = 1>
ST_1 : Operation 304 [1/1] (0.00ns)   --->   "%zext_ln1019_2 = zext i1 %xor_ln1019_55"   --->   Operation 304 'zext' 'zext_ln1019_2' <Predicate = (!icmp_ln249)> <Delay = 0.00>
ST_1 : Operation 305 [1/1] (0.00ns) (grouped into LUT with out node xor_ln1019_57)   --->   "%xor_ln1019_56 = xor i1 1, i1 %local_temp_V_28"   --->   Operation 305 'xor' 'xor_ln1019_56' <Predicate = (!icmp_ln249)> <Delay = 0.00> <CoreInst = "LogicGate">   --->   Core 74 'LogicGate' <Latency = 0> <II = 1> <Delay = 0.28> <FuncUnit> <Opcode : 'and' 'or' 'xor'> <InPorts = 2> <OutPorts = 1>
ST_1 : Operation 306 [1/1] (0.28ns) (out node of the LUT)   --->   "%xor_ln1019_57 = xor i1 %xor_ln1019_56, i1 %p_Result_3"   --->   Operation 306 'xor' 'xor_ln1019_57' <Predicate = (!icmp_ln249)> <Delay = 0.28> <CoreInst = "LogicGate">   --->   Core 74 'LogicGate' <Latency = 0> <II = 1> <Delay = 0.28> <FuncUnit> <Opcode : 'and' 'or' 'xor'> <InPorts = 2> <OutPorts = 1>
ST_1 : Operation 307 [1/1] (0.00ns)   --->   "%zext_ln1019_3 = zext i1 %xor_ln1019_57"   --->   Operation 307 'zext' 'zext_ln1019_3' <Predicate = (!icmp_ln249)> <Delay = 0.00>
ST_1 : Operation 308 [1/1] (0.00ns) (grouped into LUT with out node xor_ln1019_59)   --->   "%xor_ln1019_58 = xor i1 1, i1 %local_temp_V_29"   --->   Operation 308 'xor' 'xor_ln1019_58' <Predicate = (!icmp_ln249)> <Delay = 0.00> <CoreInst = "LogicGate">   --->   Core 74 'LogicGate' <Latency = 0> <II = 1> <Delay = 0.28> <FuncUnit> <Opcode : 'and' 'or' 'xor'> <InPorts = 2> <OutPorts = 1>
ST_1 : Operation 309 [1/1] (0.28ns) (out node of the LUT)   --->   "%xor_ln1019_59 = xor i1 %xor_ln1019_58, i1 %p_Result_4"   --->   Operation 309 'xor' 'xor_ln1019_59' <Predicate = (!icmp_ln249)> <Delay = 0.28> <CoreInst = "LogicGate">   --->   Core 74 'LogicGate' <Latency = 0> <II = 1> <Delay = 0.28> <FuncUnit> <Opcode : 'and' 'or' 'xor'> <InPorts = 2> <OutPorts = 1>
ST_1 : Operation 310 [1/1] (0.00ns)   --->   "%zext_ln1019_4 = zext i1 %xor_ln1019_59"   --->   Operation 310 'zext' 'zext_ln1019_4' <Predicate = (!icmp_ln249)> <Delay = 0.00>
ST_1 : Operation 311 [1/1] (0.00ns) (grouped into LUT with out node xor_ln1019_61)   --->   "%xor_ln1019_60 = xor i1 %p_Result_5, i1 %local_temp_V_30"   --->   Operation 311 'xor' 'xor_ln1019_60' <Predicate = (!icmp_ln249)> <Delay = 0.00> <CoreInst = "LogicGate">   --->   Core 74 'LogicGate' <Latency = 0> <II = 1> <Delay = 0.28> <FuncUnit> <Opcode : 'and' 'or' 'xor'> <InPorts = 2> <OutPorts = 1>
ST_1 : Operation 312 [1/1] (0.28ns) (out node of the LUT)   --->   "%xor_ln1019_61 = xor i1 %xor_ln1019_60, i1 1"   --->   Operation 312 'xor' 'xor_ln1019_61' <Predicate = (!icmp_ln249)> <Delay = 0.28> <CoreInst = "LogicGate">   --->   Core 74 'LogicGate' <Latency = 0> <II = 1> <Delay = 0.28> <FuncUnit> <Opcode : 'and' 'or' 'xor'> <InPorts = 2> <OutPorts = 1>
ST_1 : Operation 313 [1/1] (0.00ns)   --->   "%zext_ln1019_5 = zext i1 %xor_ln1019_61"   --->   Operation 313 'zext' 'zext_ln1019_5' <Predicate = (!icmp_ln249)> <Delay = 0.00>
ST_1 : Operation 314 [1/1] (0.00ns) (grouped into LUT with out node xor_ln1019_63)   --->   "%xor_ln1019_62 = xor i1 1, i1 %local_temp_V_31"   --->   Operation 314 'xor' 'xor_ln1019_62' <Predicate = (!icmp_ln249)> <Delay = 0.00> <CoreInst = "LogicGate">   --->   Core 74 'LogicGate' <Latency = 0> <II = 1> <Delay = 0.28> <FuncUnit> <Opcode : 'and' 'or' 'xor'> <InPorts = 2> <OutPorts = 1>
ST_1 : Operation 315 [1/1] (0.28ns) (out node of the LUT)   --->   "%xor_ln1019_63 = xor i1 %xor_ln1019_62, i1 %p_Result_6"   --->   Operation 315 'xor' 'xor_ln1019_63' <Predicate = (!icmp_ln249)> <Delay = 0.28> <CoreInst = "LogicGate">   --->   Core 74 'LogicGate' <Latency = 0> <II = 1> <Delay = 0.28> <FuncUnit> <Opcode : 'and' 'or' 'xor'> <InPorts = 2> <OutPorts = 1>
ST_1 : Operation 316 [1/1] (0.00ns)   --->   "%zext_ln1019_6 = zext i1 %xor_ln1019_63"   --->   Operation 316 'zext' 'zext_ln1019_6' <Predicate = (!icmp_ln249)> <Delay = 0.00>
ST_1 : Operation 317 [1/1] (0.00ns) (grouped into LUT with out node xor_ln1019_65)   --->   "%xor_ln1019_64 = xor i1 %p_Result_7, i1 %local_temp_V_32"   --->   Operation 317 'xor' 'xor_ln1019_64' <Predicate = (!icmp_ln249)> <Delay = 0.00> <CoreInst = "LogicGate">   --->   Core 74 'LogicGate' <Latency = 0> <II = 1> <Delay = 0.28> <FuncUnit> <Opcode : 'and' 'or' 'xor'> <InPorts = 2> <OutPorts = 1>
ST_1 : Operation 318 [1/1] (0.28ns) (out node of the LUT)   --->   "%xor_ln1019_65 = xor i1 %xor_ln1019_64, i1 1"   --->   Operation 318 'xor' 'xor_ln1019_65' <Predicate = (!icmp_ln249)> <Delay = 0.28> <CoreInst = "LogicGate">   --->   Core 74 'LogicGate' <Latency = 0> <II = 1> <Delay = 0.28> <FuncUnit> <Opcode : 'and' 'or' 'xor'> <InPorts = 2> <OutPorts = 1>
ST_1 : Operation 319 [1/1] (0.00ns)   --->   "%zext_ln1019_7 = zext i1 %xor_ln1019_65"   --->   Operation 319 'zext' 'zext_ln1019_7' <Predicate = (!icmp_ln249)> <Delay = 0.00>
ST_1 : Operation 320 [1/1] (0.00ns) (grouped into LUT with out node add_ln840_44)   --->   "%xor_ln1019_66 = xor i1 %p_Result_8, i1 %local_temp_V_33"   --->   Operation 320 'xor' 'xor_ln1019_66' <Predicate = (!icmp_ln249)> <Delay = 0.00> <CoreInst = "LogicGate">   --->   Core 74 'LogicGate' <Latency = 0> <II = 1> <Delay = 0.28> <FuncUnit> <Opcode : 'and' 'or' 'xor'> <InPorts = 2> <OutPorts = 1>
ST_1 : Operation 321 [1/1] (0.00ns) (grouped into LUT with out node add_ln840_44)   --->   "%xor_ln1019_67 = xor i1 %xor_ln1019_66, i1 1"   --->   Operation 321 'xor' 'xor_ln1019_67' <Predicate = (!icmp_ln249)> <Delay = 0.00> <CoreInst = "LogicGate">   --->   Core 74 'LogicGate' <Latency = 0> <II = 1> <Delay = 0.28> <FuncUnit> <Opcode : 'and' 'or' 'xor'> <InPorts = 2> <OutPorts = 1>
ST_1 : Operation 322 [1/1] (0.00ns) (grouped into LUT with out node add_ln840_44)   --->   "%zext_ln1019_8 = zext i1 %xor_ln1019_67"   --->   Operation 322 'zext' 'zext_ln1019_8' <Predicate = (!icmp_ln249)> <Delay = 0.00>
ST_1 : Operation 323 [1/1] (0.00ns) (grouped into LUT with out node add_ln840_45)   --->   "%xor_ln1019_68 = xor i1 %p_Result_9, i1 %local_temp_V_34"   --->   Operation 323 'xor' 'xor_ln1019_68' <Predicate = (!icmp_ln249)> <Delay = 0.00> <CoreInst = "LogicGate">   --->   Core 74 'LogicGate' <Latency = 0> <II = 1> <Delay = 0.28> <FuncUnit> <Opcode : 'and' 'or' 'xor'> <InPorts = 2> <OutPorts = 1>
ST_1 : Operation 324 [1/1] (0.00ns) (grouped into LUT with out node add_ln840_45)   --->   "%xor_ln1019_69 = xor i1 %xor_ln1019_68, i1 1"   --->   Operation 324 'xor' 'xor_ln1019_69' <Predicate = (!icmp_ln249)> <Delay = 0.00> <CoreInst = "LogicGate">   --->   Core 74 'LogicGate' <Latency = 0> <II = 1> <Delay = 0.28> <FuncUnit> <Opcode : 'and' 'or' 'xor'> <InPorts = 2> <OutPorts = 1>
ST_1 : Operation 325 [1/1] (0.00ns) (grouped into LUT with out node add_ln840_45)   --->   "%zext_ln1019_9 = zext i1 %xor_ln1019_69"   --->   Operation 325 'zext' 'zext_ln1019_9' <Predicate = (!icmp_ln249)> <Delay = 0.00>
ST_1 : Operation 326 [1/1] (0.00ns) (grouped into LUT with out node add_ln840_44)   --->   "%xor_ln1019_70 = xor i1 %p_Result_10, i1 %local_temp_V_35"   --->   Operation 326 'xor' 'xor_ln1019_70' <Predicate = (!icmp_ln249)> <Delay = 0.00> <CoreInst = "LogicGate">   --->   Core 74 'LogicGate' <Latency = 0> <II = 1> <Delay = 0.28> <FuncUnit> <Opcode : 'and' 'or' 'xor'> <InPorts = 2> <OutPorts = 1>
ST_1 : Operation 327 [1/1] (0.00ns) (grouped into LUT with out node add_ln840_44)   --->   "%xor_ln1019_71 = xor i1 %xor_ln1019_70, i1 1"   --->   Operation 327 'xor' 'xor_ln1019_71' <Predicate = (!icmp_ln249)> <Delay = 0.00> <CoreInst = "LogicGate">   --->   Core 74 'LogicGate' <Latency = 0> <II = 1> <Delay = 0.28> <FuncUnit> <Opcode : 'and' 'or' 'xor'> <InPorts = 2> <OutPorts = 1>
ST_1 : Operation 328 [1/1] (0.00ns) (grouped into LUT with out node add_ln840_44)   --->   "%zext_ln1019_10 = zext i1 %xor_ln1019_71"   --->   Operation 328 'zext' 'zext_ln1019_10' <Predicate = (!icmp_ln249)> <Delay = 0.00>
ST_1 : Operation 329 [1/1] (0.00ns) (grouped into LUT with out node xor_ln1019_73)   --->   "%xor_ln1019_72 = xor i1 %p_Result_11, i1 %local_temp_V_36"   --->   Operation 329 'xor' 'xor_ln1019_72' <Predicate = (!icmp_ln249)> <Delay = 0.00> <CoreInst = "LogicGate">   --->   Core 74 'LogicGate' <Latency = 0> <II = 1> <Delay = 0.28> <FuncUnit> <Opcode : 'and' 'or' 'xor'> <InPorts = 2> <OutPorts = 1>
ST_1 : Operation 330 [1/1] (0.28ns) (out node of the LUT)   --->   "%xor_ln1019_73 = xor i1 %xor_ln1019_72, i1 1"   --->   Operation 330 'xor' 'xor_ln1019_73' <Predicate = (!icmp_ln249)> <Delay = 0.28> <CoreInst = "LogicGate">   --->   Core 74 'LogicGate' <Latency = 0> <II = 1> <Delay = 0.28> <FuncUnit> <Opcode : 'and' 'or' 'xor'> <InPorts = 2> <OutPorts = 1>
ST_1 : Operation 331 [1/1] (0.00ns)   --->   "%zext_ln1019_11 = zext i1 %xor_ln1019_73"   --->   Operation 331 'zext' 'zext_ln1019_11' <Predicate = (!icmp_ln249)> <Delay = 0.00>
ST_1 : Operation 332 [1/1] (0.00ns) (grouped into LUT with out node add_ln840_32)   --->   "%xor_ln1019_74 = xor i1 %p_Result_12, i1 %local_temp_V_37"   --->   Operation 332 'xor' 'xor_ln1019_74' <Predicate = (!icmp_ln249)> <Delay = 0.00> <CoreInst = "LogicGate">   --->   Core 74 'LogicGate' <Latency = 0> <II = 1> <Delay = 0.28> <FuncUnit> <Opcode : 'and' 'or' 'xor'> <InPorts = 2> <OutPorts = 1>
ST_1 : Operation 333 [1/1] (0.00ns) (grouped into LUT with out node add_ln840_32)   --->   "%xor_ln1019_75 = xor i1 %xor_ln1019_74, i1 1"   --->   Operation 333 'xor' 'xor_ln1019_75' <Predicate = (!icmp_ln249)> <Delay = 0.00> <CoreInst = "LogicGate">   --->   Core 74 'LogicGate' <Latency = 0> <II = 1> <Delay = 0.28> <FuncUnit> <Opcode : 'and' 'or' 'xor'> <InPorts = 2> <OutPorts = 1>
ST_1 : Operation 334 [1/1] (0.00ns) (grouped into LUT with out node add_ln840_32)   --->   "%zext_ln1019_12 = zext i1 %xor_ln1019_75"   --->   Operation 334 'zext' 'zext_ln1019_12' <Predicate = (!icmp_ln249)> <Delay = 0.00>
ST_1 : Operation 335 [1/1] (0.00ns) (grouped into LUT with out node add_ln840_32)   --->   "%xor_ln1019_76 = xor i1 %p_Result_13, i1 %local_temp_V_38"   --->   Operation 335 'xor' 'xor_ln1019_76' <Predicate = (!icmp_ln249)> <Delay = 0.00> <CoreInst = "LogicGate">   --->   Core 74 'LogicGate' <Latency = 0> <II = 1> <Delay = 0.28> <FuncUnit> <Opcode : 'and' 'or' 'xor'> <InPorts = 2> <OutPorts = 1>
ST_1 : Operation 336 [1/1] (0.00ns) (grouped into LUT with out node add_ln840_32)   --->   "%xor_ln1019_77 = xor i1 %xor_ln1019_76, i1 1"   --->   Operation 336 'xor' 'xor_ln1019_77' <Predicate = (!icmp_ln249)> <Delay = 0.00> <CoreInst = "LogicGate">   --->   Core 74 'LogicGate' <Latency = 0> <II = 1> <Delay = 0.28> <FuncUnit> <Opcode : 'and' 'or' 'xor'> <InPorts = 2> <OutPorts = 1>
ST_1 : Operation 337 [1/1] (0.00ns) (grouped into LUT with out node add_ln840_32)   --->   "%zext_ln1019_13 = zext i1 %xor_ln1019_77"   --->   Operation 337 'zext' 'zext_ln1019_13' <Predicate = (!icmp_ln249)> <Delay = 0.00>
ST_1 : Operation 338 [1/1] (0.00ns) (grouped into LUT with out node add_ln840_33)   --->   "%xor_ln1019_78 = xor i1 %p_Result_14, i1 %local_temp_V_39"   --->   Operation 338 'xor' 'xor_ln1019_78' <Predicate = (!icmp_ln249)> <Delay = 0.00> <CoreInst = "LogicGate">   --->   Core 74 'LogicGate' <Latency = 0> <II = 1> <Delay = 0.28> <FuncUnit> <Opcode : 'and' 'or' 'xor'> <InPorts = 2> <OutPorts = 1>
ST_1 : Operation 339 [1/1] (0.00ns) (grouped into LUT with out node add_ln840_33)   --->   "%xor_ln1019_79 = xor i1 %xor_ln1019_78, i1 1"   --->   Operation 339 'xor' 'xor_ln1019_79' <Predicate = (!icmp_ln249)> <Delay = 0.00> <CoreInst = "LogicGate">   --->   Core 74 'LogicGate' <Latency = 0> <II = 1> <Delay = 0.28> <FuncUnit> <Opcode : 'and' 'or' 'xor'> <InPorts = 2> <OutPorts = 1>
ST_1 : Operation 340 [1/1] (0.00ns) (grouped into LUT with out node add_ln840_33)   --->   "%zext_ln1019_14 = zext i1 %xor_ln1019_79"   --->   Operation 340 'zext' 'zext_ln1019_14' <Predicate = (!icmp_ln249)> <Delay = 0.00>
ST_1 : Operation 341 [1/1] (0.00ns) (grouped into LUT with out node xor_ln1019_81)   --->   "%xor_ln1019_80 = xor i1 %p_Result_15, i1 %local_temp_V_40"   --->   Operation 341 'xor' 'xor_ln1019_80' <Predicate = (!icmp_ln249)> <Delay = 0.00> <CoreInst = "LogicGate">   --->   Core 74 'LogicGate' <Latency = 0> <II = 1> <Delay = 0.28> <FuncUnit> <Opcode : 'and' 'or' 'xor'> <InPorts = 2> <OutPorts = 1>
ST_1 : Operation 342 [1/1] (0.28ns) (out node of the LUT)   --->   "%xor_ln1019_81 = xor i1 %xor_ln1019_80, i1 1"   --->   Operation 342 'xor' 'xor_ln1019_81' <Predicate = (!icmp_ln249)> <Delay = 0.28> <CoreInst = "LogicGate">   --->   Core 74 'LogicGate' <Latency = 0> <II = 1> <Delay = 0.28> <FuncUnit> <Opcode : 'and' 'or' 'xor'> <InPorts = 2> <OutPorts = 1>
ST_1 : Operation 343 [1/1] (0.00ns)   --->   "%zext_ln1019_15 = zext i1 %xor_ln1019_81"   --->   Operation 343 'zext' 'zext_ln1019_15' <Predicate = (!icmp_ln249)> <Delay = 0.00>
ST_1 : Operation 344 [1/1] (0.00ns) (grouped into LUT with out node add_ln840_33)   --->   "%xor_ln1019_82 = xor i1 %p_Result_16, i1 %local_temp_V_41"   --->   Operation 344 'xor' 'xor_ln1019_82' <Predicate = (!icmp_ln249)> <Delay = 0.00> <CoreInst = "LogicGate">   --->   Core 74 'LogicGate' <Latency = 0> <II = 1> <Delay = 0.28> <FuncUnit> <Opcode : 'and' 'or' 'xor'> <InPorts = 2> <OutPorts = 1>
ST_1 : Operation 345 [1/1] (0.00ns) (grouped into LUT with out node add_ln840_33)   --->   "%xor_ln1019_83 = xor i1 %xor_ln1019_82, i1 1"   --->   Operation 345 'xor' 'xor_ln1019_83' <Predicate = (!icmp_ln249)> <Delay = 0.00> <CoreInst = "LogicGate">   --->   Core 74 'LogicGate' <Latency = 0> <II = 1> <Delay = 0.28> <FuncUnit> <Opcode : 'and' 'or' 'xor'> <InPorts = 2> <OutPorts = 1>
ST_1 : Operation 346 [1/1] (0.00ns) (grouped into LUT with out node add_ln840_33)   --->   "%zext_ln1019_16 = zext i1 %xor_ln1019_83"   --->   Operation 346 'zext' 'zext_ln1019_16' <Predicate = (!icmp_ln249)> <Delay = 0.00>
ST_1 : Operation 347 [1/1] (0.00ns) (grouped into LUT with out node xor_ln1019_85)   --->   "%xor_ln1019_84 = xor i1 %p_Result_17, i1 %local_temp_V_42"   --->   Operation 347 'xor' 'xor_ln1019_84' <Predicate = (!icmp_ln249)> <Delay = 0.00> <CoreInst = "LogicGate">   --->   Core 74 'LogicGate' <Latency = 0> <II = 1> <Delay = 0.28> <FuncUnit> <Opcode : 'and' 'or' 'xor'> <InPorts = 2> <OutPorts = 1>
ST_1 : Operation 348 [1/1] (0.28ns) (out node of the LUT)   --->   "%xor_ln1019_85 = xor i1 %xor_ln1019_84, i1 1"   --->   Operation 348 'xor' 'xor_ln1019_85' <Predicate = (!icmp_ln249)> <Delay = 0.28> <CoreInst = "LogicGate">   --->   Core 74 'LogicGate' <Latency = 0> <II = 1> <Delay = 0.28> <FuncUnit> <Opcode : 'and' 'or' 'xor'> <InPorts = 2> <OutPorts = 1>
ST_1 : Operation 349 [1/1] (0.00ns)   --->   "%zext_ln1019_17 = zext i1 %xor_ln1019_85"   --->   Operation 349 'zext' 'zext_ln1019_17' <Predicate = (!icmp_ln249)> <Delay = 0.00>
ST_1 : Operation 350 [1/1] (0.00ns) (grouped into LUT with out node xor_ln1019_87)   --->   "%xor_ln1019_86 = xor i1 %p_Result_18, i1 %local_temp_V_43"   --->   Operation 350 'xor' 'xor_ln1019_86' <Predicate = (!icmp_ln249)> <Delay = 0.00> <CoreInst = "LogicGate">   --->   Core 74 'LogicGate' <Latency = 0> <II = 1> <Delay = 0.28> <FuncUnit> <Opcode : 'and' 'or' 'xor'> <InPorts = 2> <OutPorts = 1>
ST_1 : Operation 351 [1/1] (0.28ns) (out node of the LUT)   --->   "%xor_ln1019_87 = xor i1 %xor_ln1019_86, i1 1"   --->   Operation 351 'xor' 'xor_ln1019_87' <Predicate = (!icmp_ln249)> <Delay = 0.28> <CoreInst = "LogicGate">   --->   Core 74 'LogicGate' <Latency = 0> <II = 1> <Delay = 0.28> <FuncUnit> <Opcode : 'and' 'or' 'xor'> <InPorts = 2> <OutPorts = 1>
ST_1 : Operation 352 [1/1] (0.00ns)   --->   "%zext_ln1019_18 = zext i1 %xor_ln1019_87"   --->   Operation 352 'zext' 'zext_ln1019_18' <Predicate = (!icmp_ln249)> <Delay = 0.00>
ST_1 : Operation 353 [1/1] (0.00ns) (grouped into LUT with out node xor_ln1019_89)   --->   "%xor_ln1019_88 = xor i1 %p_Result_19, i1 %local_temp_V_44"   --->   Operation 353 'xor' 'xor_ln1019_88' <Predicate = (!icmp_ln249)> <Delay = 0.00> <CoreInst = "LogicGate">   --->   Core 74 'LogicGate' <Latency = 0> <II = 1> <Delay = 0.28> <FuncUnit> <Opcode : 'and' 'or' 'xor'> <InPorts = 2> <OutPorts = 1>
ST_1 : Operation 354 [1/1] (0.28ns) (out node of the LUT)   --->   "%xor_ln1019_89 = xor i1 %xor_ln1019_88, i1 1"   --->   Operation 354 'xor' 'xor_ln1019_89' <Predicate = (!icmp_ln249)> <Delay = 0.28> <CoreInst = "LogicGate">   --->   Core 74 'LogicGate' <Latency = 0> <II = 1> <Delay = 0.28> <FuncUnit> <Opcode : 'and' 'or' 'xor'> <InPorts = 2> <OutPorts = 1>
ST_1 : Operation 355 [1/1] (0.00ns)   --->   "%zext_ln1019_19 = zext i1 %xor_ln1019_89"   --->   Operation 355 'zext' 'zext_ln1019_19' <Predicate = (!icmp_ln249)> <Delay = 0.00>
ST_1 : Operation 356 [1/1] (0.00ns) (grouped into LUT with out node xor_ln1019_91)   --->   "%xor_ln1019_90 = xor i1 %p_Result_20, i1 %local_temp_V_45"   --->   Operation 356 'xor' 'xor_ln1019_90' <Predicate = (!icmp_ln249)> <Delay = 0.00> <CoreInst = "LogicGate">   --->   Core 74 'LogicGate' <Latency = 0> <II = 1> <Delay = 0.28> <FuncUnit> <Opcode : 'and' 'or' 'xor'> <InPorts = 2> <OutPorts = 1>
ST_1 : Operation 357 [1/1] (0.28ns) (out node of the LUT)   --->   "%xor_ln1019_91 = xor i1 %xor_ln1019_90, i1 1"   --->   Operation 357 'xor' 'xor_ln1019_91' <Predicate = (!icmp_ln249)> <Delay = 0.28> <CoreInst = "LogicGate">   --->   Core 74 'LogicGate' <Latency = 0> <II = 1> <Delay = 0.28> <FuncUnit> <Opcode : 'and' 'or' 'xor'> <InPorts = 2> <OutPorts = 1>
ST_1 : Operation 358 [1/1] (0.00ns)   --->   "%zext_ln1019_20 = zext i1 %xor_ln1019_91"   --->   Operation 358 'zext' 'zext_ln1019_20' <Predicate = (!icmp_ln249)> <Delay = 0.00>
ST_1 : Operation 359 [1/1] (0.00ns) (grouped into LUT with out node xor_ln1019_93)   --->   "%xor_ln1019_92 = xor i1 %p_Result_21, i1 %local_temp_V_46"   --->   Operation 359 'xor' 'xor_ln1019_92' <Predicate = (!icmp_ln249)> <Delay = 0.00> <CoreInst = "LogicGate">   --->   Core 74 'LogicGate' <Latency = 0> <II = 1> <Delay = 0.28> <FuncUnit> <Opcode : 'and' 'or' 'xor'> <InPorts = 2> <OutPorts = 1>
ST_1 : Operation 360 [1/1] (0.28ns) (out node of the LUT)   --->   "%xor_ln1019_93 = xor i1 %xor_ln1019_92, i1 1"   --->   Operation 360 'xor' 'xor_ln1019_93' <Predicate = (!icmp_ln249)> <Delay = 0.28> <CoreInst = "LogicGate">   --->   Core 74 'LogicGate' <Latency = 0> <II = 1> <Delay = 0.28> <FuncUnit> <Opcode : 'and' 'or' 'xor'> <InPorts = 2> <OutPorts = 1>
ST_1 : Operation 361 [1/1] (0.00ns)   --->   "%zext_ln1019_21 = zext i1 %xor_ln1019_93"   --->   Operation 361 'zext' 'zext_ln1019_21' <Predicate = (!icmp_ln249)> <Delay = 0.00>
ST_1 : Operation 362 [1/1] (0.00ns) (grouped into LUT with out node add_ln840_25)   --->   "%xor_ln1019_94 = xor i1 %p_Result_22, i1 %local_temp_V_47"   --->   Operation 362 'xor' 'xor_ln1019_94' <Predicate = (!icmp_ln249)> <Delay = 0.00> <CoreInst = "LogicGate">   --->   Core 74 'LogicGate' <Latency = 0> <II = 1> <Delay = 0.28> <FuncUnit> <Opcode : 'and' 'or' 'xor'> <InPorts = 2> <OutPorts = 1>
ST_1 : Operation 363 [1/1] (0.00ns) (grouped into LUT with out node add_ln840_25)   --->   "%xor_ln1019_95 = xor i1 %xor_ln1019_94, i1 1"   --->   Operation 363 'xor' 'xor_ln1019_95' <Predicate = (!icmp_ln249)> <Delay = 0.00> <CoreInst = "LogicGate">   --->   Core 74 'LogicGate' <Latency = 0> <II = 1> <Delay = 0.28> <FuncUnit> <Opcode : 'and' 'or' 'xor'> <InPorts = 2> <OutPorts = 1>
ST_1 : Operation 364 [1/1] (0.00ns) (grouped into LUT with out node add_ln840_25)   --->   "%zext_ln1019_22 = zext i1 %xor_ln1019_95"   --->   Operation 364 'zext' 'zext_ln1019_22' <Predicate = (!icmp_ln249)> <Delay = 0.00>
ST_1 : Operation 365 [1/1] (0.00ns) (grouped into LUT with out node add_ln840_25)   --->   "%xor_ln1019_96 = xor i1 %p_Result_23, i1 %local_temp_V_48"   --->   Operation 365 'xor' 'xor_ln1019_96' <Predicate = (!icmp_ln249)> <Delay = 0.00> <CoreInst = "LogicGate">   --->   Core 74 'LogicGate' <Latency = 0> <II = 1> <Delay = 0.28> <FuncUnit> <Opcode : 'and' 'or' 'xor'> <InPorts = 2> <OutPorts = 1>
ST_1 : Operation 366 [1/1] (0.00ns) (grouped into LUT with out node add_ln840_25)   --->   "%xor_ln1019_97 = xor i1 %xor_ln1019_96, i1 1"   --->   Operation 366 'xor' 'xor_ln1019_97' <Predicate = (!icmp_ln249)> <Delay = 0.00> <CoreInst = "LogicGate">   --->   Core 74 'LogicGate' <Latency = 0> <II = 1> <Delay = 0.28> <FuncUnit> <Opcode : 'and' 'or' 'xor'> <InPorts = 2> <OutPorts = 1>
ST_1 : Operation 367 [1/1] (0.00ns) (grouped into LUT with out node add_ln840_25)   --->   "%zext_ln1019_23 = zext i1 %xor_ln1019_97"   --->   Operation 367 'zext' 'zext_ln1019_23' <Predicate = (!icmp_ln249)> <Delay = 0.00>
ST_1 : Operation 368 [1/1] (0.00ns) (grouped into LUT with out node add_ln840_45)   --->   "%xor_ln1019_98 = xor i1 %p_Result_24, i1 %local_temp_V_49"   --->   Operation 368 'xor' 'xor_ln1019_98' <Predicate = (!icmp_ln249)> <Delay = 0.00> <CoreInst = "LogicGate">   --->   Core 74 'LogicGate' <Latency = 0> <II = 1> <Delay = 0.28> <FuncUnit> <Opcode : 'and' 'or' 'xor'> <InPorts = 2> <OutPorts = 1>
ST_1 : Operation 369 [1/1] (0.00ns) (grouped into LUT with out node add_ln840_45)   --->   "%xor_ln1019_99 = xor i1 %xor_ln1019_98, i1 1"   --->   Operation 369 'xor' 'xor_ln1019_99' <Predicate = (!icmp_ln249)> <Delay = 0.00> <CoreInst = "LogicGate">   --->   Core 74 'LogicGate' <Latency = 0> <II = 1> <Delay = 0.28> <FuncUnit> <Opcode : 'and' 'or' 'xor'> <InPorts = 2> <OutPorts = 1>
ST_1 : Operation 370 [1/1] (0.00ns) (grouped into LUT with out node add_ln840_45)   --->   "%zext_ln840_15 = zext i1 %xor_ln1019_99"   --->   Operation 370 'zext' 'zext_ln840_15' <Predicate = (!icmp_ln249)> <Delay = 0.00>
ST_1 : Operation 371 [1/1] (0.54ns) (out node of the LUT)   --->   "%add_ln840_25 = add i2 %zext_ln1019_22, i2 %zext_ln1019_23"   --->   Operation 371 'add' 'add_ln840_25' <Predicate = (!icmp_ln249)> <Delay = 0.54> <CoreInst = "Adder">   --->   Core 1 'Adder' <Latency = 0> <II = 1> <Delay = 0.54> <FuncUnit> <Opcode : 'add' 'sub'> <InPorts = 2> <OutPorts = 1>
ST_1 : Operation 372 [1/1] (0.00ns)   --->   "%zext_ln840_16 = zext i2 %add_ln840_25"   --->   Operation 372 'zext' 'zext_ln840_16' <Predicate = (!icmp_ln249)> <Delay = 0.00>
ST_1 : Operation 373 [1/1] (0.00ns) (grouped into TernaryAdder)   --->   "%add_ln840_26 = add i10 %zext_ln840_16, i10 %select_ln272"   --->   Operation 373 'add' 'add_ln840_26' <Predicate = (!icmp_ln249)> <Delay = 0.00> <CoreInst = "TAddSub">   --->   Core 10 'TAddSub' <Latency = 0> <II = 1> <Delay = 0.15> <IPBlock> <Opcode : 'add' 'sub'> <InPorts = 3> <OutPorts = 1> <Sync> <CReg>
ST_1 : Operation 374 [1/1] (0.00ns) (grouped into TernaryAdder)   --->   "%add_ln840_27 = add i2 %zext_ln1019_20, i2 %zext_ln1019_17"   --->   Operation 374 'add' 'add_ln840_27' <Predicate = (!icmp_ln249)> <Delay = 0.00> <CoreInst = "TAddSub">   --->   Core 10 'TAddSub' <Latency = 0> <II = 1> <Delay = 0.15> <IPBlock> <Opcode : 'add' 'sub'> <InPorts = 3> <OutPorts = 1> <Sync> <CReg>
ST_1 : Operation 375 [1/1] (0.14ns) (root node of TernaryAdder)   --->   "%add_ln840_28 = add i2 %add_ln840_27, i2 %zext_ln1019_21"   --->   Operation 375 'add' 'add_ln840_28' <Predicate = (!icmp_ln249)> <Delay = 0.14> <CoreInst = "TAddSub">   --->   Core 10 'TAddSub' <Latency = 0> <II = 1> <Delay = 0.15> <IPBlock> <Opcode : 'add' 'sub'> <InPorts = 3> <OutPorts = 1> <Sync> <CReg>
ST_1 : Operation 376 [1/1] (0.00ns)   --->   "%zext_ln840_17 = zext i2 %add_ln840_28"   --->   Operation 376 'zext' 'zext_ln840_17' <Predicate = (!icmp_ln249)> <Delay = 0.00>
ST_1 : Operation 377 [1/1] (0.96ns) (root node of TernaryAdder)   --->   "%add_ln840_29 = add i10 %zext_ln840_17, i10 %add_ln840_26"   --->   Operation 377 'add' 'add_ln840_29' <Predicate = (!icmp_ln249)> <Delay = 0.96> <CoreInst = "TAddSub">   --->   Core 10 'TAddSub' <Latency = 0> <II = 1> <Delay = 0.15> <IPBlock> <Opcode : 'add' 'sub'> <InPorts = 3> <OutPorts = 1> <Sync> <CReg>
ST_1 : Operation 378 [1/1] (0.00ns) (grouped into TernaryAdder)   --->   "%add_ln840_30 = add i2 %zext_ln1019_18, i2 %zext_ln1019_11"   --->   Operation 378 'add' 'add_ln840_30' <Predicate = (!icmp_ln249)> <Delay = 0.00> <CoreInst = "TAddSub">   --->   Core 10 'TAddSub' <Latency = 0> <II = 1> <Delay = 0.15> <IPBlock> <Opcode : 'add' 'sub'> <InPorts = 3> <OutPorts = 1> <Sync> <CReg>
ST_1 : Operation 379 [1/1] (0.14ns) (root node of TernaryAdder)   --->   "%add_ln840_31 = add i2 %add_ln840_30, i2 %zext_ln1019_19"   --->   Operation 379 'add' 'add_ln840_31' <Predicate = (!icmp_ln249)> <Delay = 0.14> <CoreInst = "TAddSub">   --->   Core 10 'TAddSub' <Latency = 0> <II = 1> <Delay = 0.15> <IPBlock> <Opcode : 'add' 'sub'> <InPorts = 3> <OutPorts = 1> <Sync> <CReg>
ST_1 : Operation 380 [1/1] (0.00ns)   --->   "%zext_ln840_18 = zext i2 %add_ln840_31"   --->   Operation 380 'zext' 'zext_ln840_18' <Predicate = (!icmp_ln249)> <Delay = 0.00>
ST_1 : Operation 381 [1/1] (0.54ns) (out node of the LUT)   --->   "%add_ln840_32 = add i2 %zext_ln1019_13, i2 %zext_ln1019_12"   --->   Operation 381 'add' 'add_ln840_32' <Predicate = (!icmp_ln249)> <Delay = 0.54> <CoreInst = "Adder">   --->   Core 1 'Adder' <Latency = 0> <II = 1> <Delay = 0.54> <FuncUnit> <Opcode : 'add' 'sub'> <InPorts = 2> <OutPorts = 1>
ST_1 : Operation 382 [1/1] (0.00ns)   --->   "%zext_ln840_19 = zext i2 %add_ln840_32"   --->   Operation 382 'zext' 'zext_ln840_19' <Predicate = (!icmp_ln249)> <Delay = 0.00>
ST_1 : Operation 383 [1/1] (0.54ns) (out node of the LUT)   --->   "%add_ln840_33 = add i2 %zext_ln1019_14, i2 %zext_ln1019_16"   --->   Operation 383 'add' 'add_ln840_33' <Predicate = (!icmp_ln249)> <Delay = 0.54> <CoreInst = "Adder">   --->   Core 1 'Adder' <Latency = 0> <II = 1> <Delay = 0.54> <FuncUnit> <Opcode : 'add' 'sub'> <InPorts = 2> <OutPorts = 1>
ST_1 : Operation 384 [1/1] (0.00ns)   --->   "%zext_ln840_20 = zext i2 %add_ln840_33"   --->   Operation 384 'zext' 'zext_ln840_20' <Predicate = (!icmp_ln249)> <Delay = 0.00>
ST_1 : Operation 385 [1/1] (0.00ns) (grouped into TernaryAdder)   --->   "%add_ln840_34 = add i3 %zext_ln840_20, i3 %zext_ln840_19"   --->   Operation 385 'add' 'add_ln840_34' <Predicate = (!icmp_ln249)> <Delay = 0.00> <CoreInst = "TAddSub">   --->   Core 10 'TAddSub' <Latency = 0> <II = 1> <Delay = 0.15> <IPBlock> <Opcode : 'add' 'sub'> <InPorts = 3> <OutPorts = 1> <Sync> <CReg>
ST_1 : Operation 386 [1/1] (0.30ns) (root node of TernaryAdder)   --->   "%add_ln840_35 = add i3 %add_ln840_34, i3 %zext_ln840_18"   --->   Operation 386 'add' 'add_ln840_35' <Predicate = (!icmp_ln249)> <Delay = 0.30> <CoreInst = "TAddSub">   --->   Core 10 'TAddSub' <Latency = 0> <II = 1> <Delay = 0.15> <IPBlock> <Opcode : 'add' 'sub'> <InPorts = 3> <OutPorts = 1> <Sync> <CReg>
ST_1 : Operation 387 [1/1] (0.00ns)   --->   "%zext_ln840_21 = zext i3 %add_ln840_35"   --->   Operation 387 'zext' 'zext_ln840_21' <Predicate = (!icmp_ln249)> <Delay = 0.00>
ST_1 : Operation 388 [1/1] (0.00ns) (grouped into TernaryAdder)   --->   "%add_ln840_36 = add i10 %zext_ln840_21, i10 %add_ln840_29"   --->   Operation 388 'add' 'add_ln840_36' <Predicate = (!icmp_ln249)> <Delay = 0.00> <CoreInst = "TAddSub">   --->   Core 10 'TAddSub' <Latency = 0> <II = 1> <Delay = 0.15> <IPBlock> <Opcode : 'add' 'sub'> <InPorts = 3> <OutPorts = 1> <Sync> <CReg>
ST_1 : Operation 389 [1/1] (0.00ns) (grouped into TernaryAdder)   --->   "%add_ln840_37 = add i2 %zext_ln1019_1, i2 %zext_ln1019"   --->   Operation 389 'add' 'add_ln840_37' <Predicate = (!icmp_ln249)> <Delay = 0.00> <CoreInst = "TAddSub">   --->   Core 10 'TAddSub' <Latency = 0> <II = 1> <Delay = 0.15> <IPBlock> <Opcode : 'add' 'sub'> <InPorts = 3> <OutPorts = 1> <Sync> <CReg>
ST_1 : Operation 390 [1/1] (0.14ns) (root node of TernaryAdder)   --->   "%add_ln840_38 = add i2 %add_ln840_37, i2 %zext_ln1019_15"   --->   Operation 390 'add' 'add_ln840_38' <Predicate = (!icmp_ln249)> <Delay = 0.14> <CoreInst = "TAddSub">   --->   Core 10 'TAddSub' <Latency = 0> <II = 1> <Delay = 0.15> <IPBlock> <Opcode : 'add' 'sub'> <InPorts = 3> <OutPorts = 1> <Sync> <CReg>
ST_1 : Operation 391 [1/1] (0.00ns)   --->   "%zext_ln840_22 = zext i2 %add_ln840_38"   --->   Operation 391 'zext' 'zext_ln840_22' <Predicate = (!icmp_ln249)> <Delay = 0.00>
ST_1 : Operation 392 [1/1] (0.00ns) (grouped into TernaryAdder)   --->   "%add_ln840_39 = add i2 %zext_ln1019_4, i2 %zext_ln1019_3"   --->   Operation 392 'add' 'add_ln840_39' <Predicate = (!icmp_ln249)> <Delay = 0.00> <CoreInst = "TAddSub">   --->   Core 10 'TAddSub' <Latency = 0> <II = 1> <Delay = 0.15> <IPBlock> <Opcode : 'add' 'sub'> <InPorts = 3> <OutPorts = 1> <Sync> <CReg>
ST_1 : Operation 393 [1/1] (0.14ns) (root node of TernaryAdder)   --->   "%add_ln840_40 = add i2 %add_ln840_39, i2 %zext_ln1019_2"   --->   Operation 393 'add' 'add_ln840_40' <Predicate = (!icmp_ln249)> <Delay = 0.14> <CoreInst = "TAddSub">   --->   Core 10 'TAddSub' <Latency = 0> <II = 1> <Delay = 0.15> <IPBlock> <Opcode : 'add' 'sub'> <InPorts = 3> <OutPorts = 1> <Sync> <CReg>
ST_1 : Operation 394 [1/1] (0.00ns)   --->   "%zext_ln840_23 = zext i2 %add_ln840_40"   --->   Operation 394 'zext' 'zext_ln840_23' <Predicate = (!icmp_ln249)> <Delay = 0.00>
ST_1 : Operation 395 [1/1] (0.54ns)   --->   "%add_ln840_41 = add i3 %zext_ln840_23, i3 %zext_ln840_22"   --->   Operation 395 'add' 'add_ln840_41' <Predicate = (!icmp_ln249)> <Delay = 0.54> <CoreInst = "Adder">   --->   Core 1 'Adder' <Latency = 0> <II = 1> <Delay = 0.67> <FuncUnit> <Opcode : 'add' 'sub'> <InPorts = 2> <OutPorts = 1>
ST_1 : Operation 396 [1/1] (0.00ns)   --->   "%zext_ln840_24 = zext i3 %add_ln840_41"   --->   Operation 396 'zext' 'zext_ln840_24' <Predicate = (!icmp_ln249)> <Delay = 0.00>
ST_1 : Operation 397 [1/1] (0.00ns) (grouped into TernaryAdder)   --->   "%add_ln840_42 = add i2 %zext_ln1019_7, i2 %zext_ln1019_6"   --->   Operation 397 'add' 'add_ln840_42' <Predicate = (!icmp_ln249)> <Delay = 0.00> <CoreInst = "TAddSub">   --->   Core 10 'TAddSub' <Latency = 0> <II = 1> <Delay = 0.15> <IPBlock> <Opcode : 'add' 'sub'> <InPorts = 3> <OutPorts = 1> <Sync> <CReg>
ST_1 : Operation 398 [1/1] (0.14ns) (root node of TernaryAdder)   --->   "%add_ln840_43 = add i2 %add_ln840_42, i2 %zext_ln1019_5"   --->   Operation 398 'add' 'add_ln840_43' <Predicate = (!icmp_ln249)> <Delay = 0.14> <CoreInst = "TAddSub">   --->   Core 10 'TAddSub' <Latency = 0> <II = 1> <Delay = 0.15> <IPBlock> <Opcode : 'add' 'sub'> <InPorts = 3> <OutPorts = 1> <Sync> <CReg>
ST_1 : Operation 399 [1/1] (0.00ns)   --->   "%zext_ln840_25 = zext i2 %add_ln840_43"   --->   Operation 399 'zext' 'zext_ln840_25' <Predicate = (!icmp_ln249)> <Delay = 0.00>
ST_1 : Operation 400 [1/1] (0.54ns) (out node of the LUT)   --->   "%add_ln840_44 = add i2 %zext_ln1019_8, i2 %zext_ln1019_10"   --->   Operation 400 'add' 'add_ln840_44' <Predicate = (!icmp_ln249)> <Delay = 0.54> <CoreInst = "Adder">   --->   Core 1 'Adder' <Latency = 0> <II = 1> <Delay = 0.54> <FuncUnit> <Opcode : 'add' 'sub'> <InPorts = 2> <OutPorts = 1>
ST_1 : Operation 401 [1/1] (0.00ns)   --->   "%zext_ln840_26 = zext i2 %add_ln840_44"   --->   Operation 401 'zext' 'zext_ln840_26' <Predicate = (!icmp_ln249)> <Delay = 0.00>
ST_1 : Operation 402 [1/1] (0.54ns) (out node of the LUT)   --->   "%add_ln840_45 = add i2 %zext_ln1019_9, i2 %zext_ln840_15"   --->   Operation 402 'add' 'add_ln840_45' <Predicate = (!icmp_ln249)> <Delay = 0.54> <CoreInst = "Adder">   --->   Core 1 'Adder' <Latency = 0> <II = 1> <Delay = 0.54> <FuncUnit> <Opcode : 'add' 'sub'> <InPorts = 2> <OutPorts = 1>
ST_1 : Operation 403 [1/1] (0.00ns)   --->   "%zext_ln840_27 = zext i2 %add_ln840_45"   --->   Operation 403 'zext' 'zext_ln840_27' <Predicate = (!icmp_ln249)> <Delay = 0.00>
ST_1 : Operation 404 [1/1] (0.00ns) (grouped into TernaryAdder)   --->   "%add_ln840_46 = add i3 %zext_ln840_27, i3 %zext_ln840_26"   --->   Operation 404 'add' 'add_ln840_46' <Predicate = (!icmp_ln249)> <Delay = 0.00> <CoreInst = "TAddSub">   --->   Core 10 'TAddSub' <Latency = 0> <II = 1> <Delay = 0.15> <IPBlock> <Opcode : 'add' 'sub'> <InPorts = 3> <OutPorts = 1> <Sync> <CReg>
ST_1 : Operation 405 [1/1] (0.30ns) (root node of TernaryAdder)   --->   "%add_ln840_47 = add i3 %add_ln840_46, i3 %zext_ln840_25"   --->   Operation 405 'add' 'add_ln840_47' <Predicate = (!icmp_ln249)> <Delay = 0.30> <CoreInst = "TAddSub">   --->   Core 10 'TAddSub' <Latency = 0> <II = 1> <Delay = 0.15> <IPBlock> <Opcode : 'add' 'sub'> <InPorts = 3> <OutPorts = 1> <Sync> <CReg>
ST_1 : Operation 406 [1/1] (0.00ns)   --->   "%zext_ln840_28 = zext i3 %add_ln840_47"   --->   Operation 406 'zext' 'zext_ln840_28' <Predicate = (!icmp_ln249)> <Delay = 0.00>
ST_1 : Operation 407 [1/1] (0.67ns)   --->   "%add_ln840_48 = add i4 %zext_ln840_28, i4 %zext_ln840_24"   --->   Operation 407 'add' 'add_ln840_48' <Predicate = (!icmp_ln249)> <Delay = 0.67> <CoreInst = "Adder">   --->   Core 1 'Adder' <Latency = 0> <II = 1> <Delay = 0.79> <FuncUnit> <Opcode : 'add' 'sub'> <InPorts = 2> <OutPorts = 1>
ST_1 : Operation 408 [1/1] (0.00ns)   --->   "%zext_ln840_29 = zext i4 %add_ln840_48"   --->   Operation 408 'zext' 'zext_ln840_29' <Predicate = (!icmp_ln249)> <Delay = 0.00>
ST_1 : Operation 409 [1/1] (0.96ns) (root node of TernaryAdder)   --->   "%add_ln840_49 = add i10 %zext_ln840_29, i10 %add_ln840_36"   --->   Operation 409 'add' 'add_ln840_49' <Predicate = (!icmp_ln249)> <Delay = 0.96> <CoreInst = "TAddSub">   --->   Core 10 'TAddSub' <Latency = 0> <II = 1> <Delay = 0.15> <IPBlock> <Opcode : 'add' 'sub'> <InPorts = 3> <OutPorts = 1> <Sync> <CReg>
ST_1 : Operation 410 [1/1] (1.01ns)   --->   "%sf_2 = add i32 %sf_1, i32 1" [/home/changhong/prj/finn/deps/finn-hlslib/mvau.hpp:290]   --->   Operation 410 'add' 'sf_2' <Predicate = (!icmp_ln249)> <Delay = 1.01> <CoreInst = "Adder">   --->   Core 1 'Adder' <Latency = 0> <II = 1> <Delay = 1.01> <FuncUnit> <Opcode : 'add' 'sub'> <InPorts = 2> <OutPorts = 1>
ST_1 : Operation 411 [1/1] (0.99ns)   --->   "%icmp_ln290 = icmp_eq  i32 %sf_2, i32 16" [/home/changhong/prj/finn/deps/finn-hlslib/mvau.hpp:290]   --->   Operation 411 'icmp' 'icmp_ln290' <Predicate = (!icmp_ln249)> <Delay = 0.99> <CoreInst = "Cmp">   --->   Core 9 'Cmp' <Latency = 0> <II = 1> <Delay = 0.99> <FuncUnit> <Opcode : 'icmp'> <InPorts = 2> <OutPorts = 1>
ST_1 : Operation 412 [1/1] (0.00ns)   --->   "%br_ln290 = br i1 %icmp_ln290, void %for.inc.for.inc90_crit_edge, void %for.body.i.1" [/home/changhong/prj/finn/deps/finn-hlslib/mvau.hpp:290]   --->   Operation 412 'br' 'br_ln290' <Predicate = (!icmp_ln249)> <Delay = 0.00>
ST_1 : Operation 413 [1/1] (0.42ns)   --->   "%store_ln290 = store i32 %sf_2, i32 %sf" [/home/changhong/prj/finn/deps/finn-hlslib/mvau.hpp:290]   --->   Operation 413 'store' 'store_ln290' <Predicate = (!icmp_ln249 & !icmp_ln290)> <Delay = 0.42>
ST_1 : Operation 414 [1/1] (0.00ns)   --->   "%br_ln290 = br void %for.inc90" [/home/changhong/prj/finn/deps/finn-hlslib/mvau.hpp:290]   --->   Operation 414 'br' 'br_ln290' <Predicate = (!icmp_ln249 & !icmp_ln290)> <Delay = 0.00>
ST_1 : Operation 415 [1/1] (1.01ns)   --->   "%nf = add i32 %nf_2, i32 1" [/home/changhong/prj/finn/deps/finn-hlslib/mvau.hpp:302]   --->   Operation 415 'add' 'nf' <Predicate = (!icmp_ln249 & icmp_ln290)> <Delay = 1.01> <CoreInst = "Adder">   --->   Core 1 'Adder' <Latency = 0> <II = 1> <Delay = 1.01> <FuncUnit> <Opcode : 'add' 'sub'> <InPorts = 2> <OutPorts = 1>
ST_1 : Operation 416 [1/1] (0.99ns)   --->   "%icmp_ln302 = icmp_eq  i32 %nf, i32 60" [/home/changhong/prj/finn/deps/finn-hlslib/mvau.hpp:302]   --->   Operation 416 'icmp' 'icmp_ln302' <Predicate = (!icmp_ln249 & icmp_ln290)> <Delay = 0.99> <CoreInst = "Cmp">   --->   Core 9 'Cmp' <Latency = 0> <II = 1> <Delay = 0.99> <FuncUnit> <Opcode : 'icmp'> <InPorts = 2> <OutPorts = 1>
ST_1 : Operation 417 [1/1] (0.44ns)   --->   "%nf_3 = select i1 %icmp_ln302, i32 0, i32 %nf" [/home/changhong/prj/finn/deps/finn-hlslib/mvau.hpp:302]   --->   Operation 417 'select' 'nf_3' <Predicate = (!icmp_ln249 & icmp_ln290)> <Delay = 0.44> <CoreInst = "Sel">   --->   Core 73 'Sel' <Latency = 0> <II = 1> <Delay = 0.44> <FuncUnit> <Opcode : 'select'> <InPorts = 3> <OutPorts = 1>
ST_1 : Operation 418 [1/1] (0.42ns)   --->   "%store_ln306 = store i32 %nf_3, i32 %nf_1" [/home/changhong/prj/finn/deps/finn-hlslib/mvau.hpp:306]   --->   Operation 418 'store' 'store_ln306' <Predicate = (!icmp_ln249 & icmp_ln290)> <Delay = 0.42>
ST_1 : Operation 419 [1/1] (0.42ns)   --->   "%store_ln306 = store i32 0, i32 %sf" [/home/changhong/prj/finn/deps/finn-hlslib/mvau.hpp:306]   --->   Operation 419 'store' 'store_ln306' <Predicate = (!icmp_ln249 & icmp_ln290)> <Delay = 0.42>
ST_1 : Operation 420 [1/1] (0.00ns)   --->   "%store_ln249 = store i10 %add_ln840_49, i10 %add_i_i_i3_1_24136" [/home/changhong/prj/finn/deps/finn-hlslib/mvau.hpp:249]   --->   Operation 420 'store' 'store_ln249' <Predicate = (!icmp_ln249)> <Delay = 0.00>
ST_1 : Operation 421 [1/1] (0.00ns)   --->   "%store_ln249 = store i10 %add_ln840_24, i10 %add_i_i_i3_24134" [/home/changhong/prj/finn/deps/finn-hlslib/mvau.hpp:249]   --->   Operation 421 'store' 'store_ln249' <Predicate = (!icmp_ln249)> <Delay = 0.00>
ST_1 : Operation 422 [1/1] (0.42ns)   --->   "%store_ln249 = store i10 %i_2, i10 %i" [/home/changhong/prj/finn/deps/finn-hlslib/mvau.hpp:249]   --->   Operation 422 'store' 'store_ln249' <Predicate = (!icmp_ln249)> <Delay = 0.42>
ST_1 : Operation 423 [1/1] (0.00ns)   --->   "%br_ln249 = br void %for.body" [/home/changhong/prj/finn/deps/finn-hlslib/mvau.hpp:249]   --->   Operation 423 'br' 'br_ln249' <Predicate = (!icmp_ln249)> <Delay = 0.00>

State 2 <SV = 1> <Delay = 0.67>
ST_2 : Operation 424 [1/1] (0.00ns)   --->   "%idxprom2_i = zext i32 %nf_2" [/home/changhong/prj/finn/deps/finn-hlslib/mvau.hpp:302]   --->   Operation 424 'zext' 'idxprom2_i' <Predicate = (!icmp_ln249 & icmp_ln290)> <Delay = 0.00>
ST_2 : Operation 425 [1/1] (0.00ns)   --->   "%p_ZL7threshs_0_addr = getelementptr i9 %p_ZL7threshs_0, i64 0, i64 %idxprom2_i" [/home/changhong/prj/finn/deps/finn-hlslib/activations.hpp:218]   --->   Operation 425 'getelementptr' 'p_ZL7threshs_0_addr' <Predicate = (!icmp_ln249 & icmp_ln290)> <Delay = 0.00>
ST_2 : Operation 426 [2/2] (0.67ns)   --->   "%p_ZL7threshs_0_load = load i6 %p_ZL7threshs_0_addr"   --->   Operation 426 'load' 'p_ZL7threshs_0_load' <Predicate = (!icmp_ln249 & icmp_ln290)> <Delay = 0.67> <CoreInst = "ROM">   --->   Core 101 'ROM' <Latency = 1> <II = 1> <Delay = 0.67> <Storage> <Opcode : 'load'> <Ports = 0> <Width = 9> <Depth = 60> <ROM>
ST_2 : Operation 427 [1/1] (0.00ns)   --->   "%p_ZL7threshs_1_addr = getelementptr i9 %p_ZL7threshs_1, i64 0, i64 %idxprom2_i" [/home/changhong/prj/finn/deps/finn-hlslib/activations.hpp:218]   --->   Operation 427 'getelementptr' 'p_ZL7threshs_1_addr' <Predicate = (!icmp_ln249 & icmp_ln290)> <Delay = 0.00>
ST_2 : Operation 428 [2/2] (0.67ns)   --->   "%p_ZL7threshs_1_load = load i6 %p_ZL7threshs_1_addr"   --->   Operation 428 'load' 'p_ZL7threshs_1_load' <Predicate = (!icmp_ln249 & icmp_ln290)> <Delay = 0.67> <CoreInst = "ROM">   --->   Core 101 'ROM' <Latency = 1> <II = 1> <Delay = 0.67> <Storage> <Opcode : 'load'> <Ports = 0> <Width = 9> <Depth = 60> <ROM>

State 3 <SV = 2> <Delay = 1.87>
ST_3 : Operation 429 [1/2] (0.67ns)   --->   "%p_ZL7threshs_0_load = load i6 %p_ZL7threshs_0_addr"   --->   Operation 429 'load' 'p_ZL7threshs_0_load' <Predicate = (!icmp_ln249 & icmp_ln290)> <Delay = 0.67> <CoreInst = "ROM">   --->   Core 101 'ROM' <Latency = 1> <II = 1> <Delay = 0.67> <Storage> <Opcode : 'load'> <Ports = 0> <Width = 9> <Depth = 60> <ROM>
ST_3 : Operation 430 [1/1] (0.00ns)   --->   "%zext_ln1039 = zext i9 %p_ZL7threshs_0_load"   --->   Operation 430 'zext' 'zext_ln1039' <Predicate = (!icmp_ln249 & icmp_ln290)> <Delay = 0.00>
ST_3 : Operation 431 [1/1] (0.91ns)   --->   "%icmp_ln1039 = icmp_slt  i10 %add_ln840_24, i10 %zext_ln1039"   --->   Operation 431 'icmp' 'icmp_ln1039' <Predicate = (!icmp_ln249 & icmp_ln290)> <Delay = 0.91> <CoreInst = "Cmp">   --->   Core 9 'Cmp' <Latency = 0> <II = 1> <Delay = 0.91> <FuncUnit> <Opcode : 'icmp'> <InPorts = 2> <OutPorts = 1>
ST_3 : Operation 432 [1/1] (0.28ns)   --->   "%result_V = xor i1 %icmp_ln1039, i1 1"   --->   Operation 432 'xor' 'result_V' <Predicate = (!icmp_ln249 & icmp_ln290)> <Delay = 0.28> <CoreInst = "LogicGate">   --->   Core 74 'LogicGate' <Latency = 0> <II = 1> <Delay = 0.28> <FuncUnit> <Opcode : 'and' 'or' 'xor'> <InPorts = 2> <OutPorts = 1>
ST_3 : Operation 433 [1/2] (0.67ns)   --->   "%p_ZL7threshs_1_load = load i6 %p_ZL7threshs_1_addr"   --->   Operation 433 'load' 'p_ZL7threshs_1_load' <Predicate = (!icmp_ln249 & icmp_ln290)> <Delay = 0.67> <CoreInst = "ROM">   --->   Core 101 'ROM' <Latency = 1> <II = 1> <Delay = 0.67> <Storage> <Opcode : 'load'> <Ports = 0> <Width = 9> <Depth = 60> <ROM>
ST_3 : Operation 434 [1/1] (0.00ns)   --->   "%zext_ln1039_1 = zext i9 %p_ZL7threshs_1_load"   --->   Operation 434 'zext' 'zext_ln1039_1' <Predicate = (!icmp_ln249 & icmp_ln290)> <Delay = 0.00>
ST_3 : Operation 435 [1/1] (0.91ns)   --->   "%icmp_ln1039_1 = icmp_slt  i10 %add_ln840_49, i10 %zext_ln1039_1"   --->   Operation 435 'icmp' 'icmp_ln1039_1' <Predicate = (!icmp_ln249 & icmp_ln290)> <Delay = 0.91> <CoreInst = "Cmp">   --->   Core 9 'Cmp' <Latency = 0> <II = 1> <Delay = 0.91> <FuncUnit> <Opcode : 'icmp'> <InPorts = 2> <OutPorts = 1>
ST_3 : Operation 436 [1/1] (0.28ns)   --->   "%result_V_1 = xor i1 %icmp_ln1039_1, i1 1"   --->   Operation 436 'xor' 'result_V_1' <Predicate = (!icmp_ln249 & icmp_ln290)> <Delay = 0.28> <CoreInst = "LogicGate">   --->   Core 74 'LogicGate' <Latency = 0> <II = 1> <Delay = 0.28> <FuncUnit> <Opcode : 'and' 'or' 'xor'> <InPorts = 2> <OutPorts = 1>
ST_3 : Operation 437 [1/1] (0.00ns)   --->   "%p_Result_26 = bitconcatenate i2 @_ssdm_op_BitConcatenate.i2.i1.i1, i1 %result_V_1, i1 %result_V"   --->   Operation 437 'bitconcatenate' 'p_Result_26' <Predicate = (!icmp_ln249 & icmp_ln290)> <Delay = 0.00>
ST_3 : Operation 438 [1/1] (0.00ns)   --->   "%zext_ln298 = zext i2 %p_Result_26" [/home/changhong/prj/finn/deps/finn-hlslib/mvau.hpp:298]   --->   Operation 438 'zext' 'zext_ln298' <Predicate = (!icmp_ln249 & icmp_ln290)> <Delay = 0.00>
ST_3 : Operation 439 [1/1] (0.00ns)   --->   "%write_ln298 = write void @_ssdm_op_Write.axis.volatile.i8P128A, i8 %out0_V, i8 %zext_ln298" [/home/changhong/prj/finn/deps/finn-hlslib/mvau.hpp:298]   --->   Operation 439 'write' 'write_ln298' <Predicate = (!icmp_ln249 & icmp_ln290)> <Delay = 0.00> <CoreInst = "axis">   --->   Core 123 'axis' <Latency = 0> <II = 1> <Delay = 1.00> <Adapter> <Opcode : >
ST_3 : Operation 440 [1/1] (0.00ns)   --->   "%br_ln306 = br void %for.inc90" [/home/changhong/prj/finn/deps/finn-hlslib/mvau.hpp:306]   --->   Operation 440 'br' 'br_ln306' <Predicate = (!icmp_ln249 & icmp_ln290)> <Delay = 0.00>
ST_3 : Operation 441 [1/1] (0.00ns)   --->   "%ret_ln308 = ret" [/home/changhong/prj/finn/deps/finn-hlslib/mvau.hpp:308]   --->   Operation 441 'ret' 'ret_ln308' <Predicate = (icmp_ln249)> <Delay = 0.00>


============================================================
+ Verbose Summary: Binding
============================================================
STG Binding: 
---------------- STG Properties BEGIN ----------------
- Is combinational: 0
- Is one-state seq: 0
- Is datapath-only: 0
- Is pipelined: 0
- Is top level: 0
Port [ Return ] is wired: 1; IO mode=ap_ctrl_hs:ce=0
Port [ in0_V]:  wired=1; compound=1; hidden=0; nouse=0; global=0; static=0; extern=0; dir=0; type=0; pingpong=0; private_global=0; IO mode=axis:ce=0
Port [ out0_V]:  wired=1; compound=1; hidden=0; nouse=0; global=0; static=0; extern=0; dir=1; type=0; pingpong=0; private_global=0; IO mode=axis:ce=0
Port [ in1_V]:  wired=1; compound=1; hidden=0; nouse=0; global=0; static=0; extern=0; dir=0; type=0; pingpong=0; private_global=0; IO mode=axis:ce=0
Port [ p_ZL7threshs_0]:  wired=0; compound=1; hidden=1; nouse=0; global=1; static=1; extern=0; dir=0; type=1; pingpong=0; private_global=1; MemPort=[1]; IO mode=ap_memory:ce=0
Port [ p_ZL7threshs_1]:  wired=0; compound=1; hidden=1; nouse=0; global=1; static=1; extern=0; dir=0; type=1; pingpong=0; private_global=1; MemPort=[1]; IO mode=ap_memory:ce=0
---------------- STG Properties END ------------------

---------------- Datapath Model BEGIN ----------------

<LifeTime>
<method=bitvector/>
sf                      (alloca           ) [ 0100]
i                       (alloca           ) [ 0100]
add_i_i_i3_24134        (alloca           ) [ 0100]
add_i_i_i3_1_24136      (alloca           ) [ 0100]
inputBuf_V              (alloca           ) [ 0100]
inputBuf_V_1            (alloca           ) [ 0100]
inputBuf_V_2            (alloca           ) [ 0100]
inputBuf_V_3            (alloca           ) [ 0100]
inputBuf_V_4            (alloca           ) [ 0100]
inputBuf_V_5            (alloca           ) [ 0100]
inputBuf_V_6            (alloca           ) [ 0100]
inputBuf_V_7            (alloca           ) [ 0100]
inputBuf_V_8            (alloca           ) [ 0100]
inputBuf_V_9            (alloca           ) [ 0100]
inputBuf_V_10           (alloca           ) [ 0100]
inputBuf_V_11           (alloca           ) [ 0100]
inputBuf_V_12           (alloca           ) [ 0100]
inputBuf_V_13           (alloca           ) [ 0100]
inputBuf_V_14           (alloca           ) [ 0100]
inputBuf_V_15           (alloca           ) [ 0100]
nf_1                    (alloca           ) [ 0100]
specinterface_ln0       (specinterface    ) [ 0000]
specinterface_ln0       (specinterface    ) [ 0000]
specinterface_ln0       (specinterface    ) [ 0000]
store_ln249             (store            ) [ 0000]
store_ln249             (store            ) [ 0000]
store_ln249             (store            ) [ 0000]
br_ln249                (br               ) [ 0000]
sf_1                    (load             ) [ 0000]
i_1                     (load             ) [ 0000]
nf_2                    (load             ) [ 0110]
icmp_ln249              (icmp             ) [ 0111]
empty                   (speclooptripcount) [ 0000]
i_2                     (add              ) [ 0000]
br_ln249                (br               ) [ 0000]
specpipeline_ln250      (specpipeline     ) [ 0000]
specloopname_ln231      (specloopname     ) [ 0000]
icmp_ln253              (icmp             ) [ 0111]
br_ln253                (br               ) [ 0000]
inputBuf_V_load         (load             ) [ 0000]
inputBuf_V_1_load       (load             ) [ 0000]
inputBuf_V_2_load       (load             ) [ 0000]
inputBuf_V_3_load       (load             ) [ 0000]
inputBuf_V_4_load       (load             ) [ 0000]
inputBuf_V_5_load       (load             ) [ 0000]
inputBuf_V_6_load       (load             ) [ 0000]
inputBuf_V_7_load       (load             ) [ 0000]
inputBuf_V_8_load       (load             ) [ 0000]
inputBuf_V_9_load       (load             ) [ 0000]
inputBuf_V_10_load      (load             ) [ 0000]
inputBuf_V_11_load      (load             ) [ 0000]
inputBuf_V_12_load      (load             ) [ 0000]
inputBuf_V_13_load      (load             ) [ 0000]
inputBuf_V_14_load      (load             ) [ 0000]
inputBuf_V_15_load      (load             ) [ 0000]
trunc_ln261             (trunc            ) [ 0000]
tmp                     (mux              ) [ 0000]
br_ln0                  (br               ) [ 0000]
in0_V_read              (read             ) [ 0000]
inElem                  (trunc            ) [ 0000]
trunc_ln257             (trunc            ) [ 0111]
switch_ln257            (switch           ) [ 0000]
store_ln257             (store            ) [ 0000]
br_ln257                (br               ) [ 0000]
store_ln257             (store            ) [ 0000]
br_ln257                (br               ) [ 0000]
store_ln257             (store            ) [ 0000]
br_ln257                (br               ) [ 0000]
store_ln257             (store            ) [ 0000]
br_ln257                (br               ) [ 0000]
store_ln257             (store            ) [ 0000]
br_ln257                (br               ) [ 0000]
store_ln257             (store            ) [ 0000]
br_ln257                (br               ) [ 0000]
store_ln257             (store            ) [ 0000]
br_ln257                (br               ) [ 0000]
store_ln257             (store            ) [ 0000]
br_ln257                (br               ) [ 0000]
store_ln257             (store            ) [ 0000]
br_ln257                (br               ) [ 0000]
store_ln257             (store            ) [ 0000]
br_ln257                (br               ) [ 0000]
store_ln257             (store            ) [ 0000]
br_ln257                (br               ) [ 0000]
store_ln257             (store            ) [ 0000]
br_ln257                (br               ) [ 0000]
store_ln257             (store            ) [ 0000]
br_ln257                (br               ) [ 0000]
store_ln257             (store            ) [ 0000]
br_ln257                (br               ) [ 0000]
store_ln257             (store            ) [ 0000]
br_ln257                (br               ) [ 0000]
store_ln257             (store            ) [ 0000]
br_ln257                (br               ) [ 0000]
inElem_1                (phi              ) [ 0000]
add_i_i_i3_24134_load   (load             ) [ 0000]
add_i_i_i3_1_24136_load (load             ) [ 0000]
p_Result_s              (trunc            ) [ 0000]
in1_V_read              (read             ) [ 0000]
icmp_ln272              (icmp             ) [ 0000]
select_ln272            (select           ) [ 0000]
select_ln272_1          (select           ) [ 0000]
local_temp_V            (trunc            ) [ 0000]
local_temp_V_1          (bitselect        ) [ 0000]
local_temp_V_2          (bitselect        ) [ 0000]
local_temp_V_3          (bitselect        ) [ 0000]
local_temp_V_4          (bitselect        ) [ 0000]
local_temp_V_5          (bitselect        ) [ 0000]
local_temp_V_6          (bitselect        ) [ 0000]
local_temp_V_7          (bitselect        ) [ 0000]
local_temp_V_8          (bitselect        ) [ 0000]
local_temp_V_9          (bitselect        ) [ 0000]
local_temp_V_10         (bitselect        ) [ 0000]
local_temp_V_11         (bitselect        ) [ 0000]
local_temp_V_12         (bitselect        ) [ 0000]
local_temp_V_13         (bitselect        ) [ 0000]
local_temp_V_14         (bitselect        ) [ 0000]
local_temp_V_15         (bitselect        ) [ 0000]
local_temp_V_16         (bitselect        ) [ 0000]
local_temp_V_17         (bitselect        ) [ 0000]
local_temp_V_18         (bitselect        ) [ 0000]
local_temp_V_19         (bitselect        ) [ 0000]
local_temp_V_20         (bitselect        ) [ 0000]
local_temp_V_21         (bitselect        ) [ 0000]
local_temp_V_22         (bitselect        ) [ 0000]
local_temp_V_23         (bitselect        ) [ 0000]
local_temp_V_24         (bitselect        ) [ 0000]
xor_ln1019              (xor              ) [ 0000]
xor_ln1019_1            (xor              ) [ 0000]
zext_ln780              (zext             ) [ 0000]
p_Result_1              (bitselect        ) [ 0000]
xor_ln1019_2            (xor              ) [ 0000]
xor_ln1019_3            (xor              ) [ 0000]
zext_ln780_1            (zext             ) [ 0000]
p_Result_2              (bitselect        ) [ 0000]
xor_ln1019_4            (xor              ) [ 0000]
xor_ln1019_5            (xor              ) [ 0000]
zext_ln780_2            (zext             ) [ 0000]
p_Result_3              (bitselect        ) [ 0000]
xor_ln1019_6            (xor              ) [ 0000]
xor_ln1019_7            (xor              ) [ 0000]
zext_ln780_3            (zext             ) [ 0000]
p_Result_4              (bitselect        ) [ 0000]
xor_ln1019_8            (xor              ) [ 0000]
xor_ln1019_9            (xor              ) [ 0000]
zext_ln780_4            (zext             ) [ 0000]
p_Result_5              (bitselect        ) [ 0000]
xor_ln1019_10           (xor              ) [ 0000]
xor_ln1019_11           (xor              ) [ 0000]
zext_ln780_5            (zext             ) [ 0000]
p_Result_6              (bitselect        ) [ 0000]
xor_ln1019_12           (xor              ) [ 0000]
xor_ln1019_13           (xor              ) [ 0000]
zext_ln780_6            (zext             ) [ 0000]
p_Result_7              (bitselect        ) [ 0000]
xor_ln1019_14           (xor              ) [ 0000]
xor_ln1019_15           (xor              ) [ 0000]
zext_ln780_7            (zext             ) [ 0000]
p_Result_8              (bitselect        ) [ 0000]
xor_ln1019_16           (xor              ) [ 0000]
xor_ln1019_17           (xor              ) [ 0000]
zext_ln780_8            (zext             ) [ 0000]
p_Result_9              (bitselect        ) [ 0000]
xor_ln1019_18           (xor              ) [ 0000]
xor_ln1019_19           (xor              ) [ 0000]
zext_ln780_9            (zext             ) [ 0000]
p_Result_10             (bitselect        ) [ 0000]
xor_ln1019_20           (xor              ) [ 0000]
xor_ln1019_21           (xor              ) [ 0000]
zext_ln780_10           (zext             ) [ 0000]
p_Result_11             (bitselect        ) [ 0000]
xor_ln1019_22           (xor              ) [ 0000]
xor_ln1019_23           (xor              ) [ 0000]
zext_ln780_11           (zext             ) [ 0000]
p_Result_12             (bitselect        ) [ 0000]
xor_ln1019_24           (xor              ) [ 0000]
xor_ln1019_25           (xor              ) [ 0000]
zext_ln780_12           (zext             ) [ 0000]
p_Result_13             (bitselect        ) [ 0000]
xor_ln1019_26           (xor              ) [ 0000]
xor_ln1019_27           (xor              ) [ 0000]
zext_ln780_13           (zext             ) [ 0000]
p_Result_14             (bitselect        ) [ 0000]
xor_ln1019_28           (xor              ) [ 0000]
xor_ln1019_29           (xor              ) [ 0000]
zext_ln780_14           (zext             ) [ 0000]
p_Result_15             (bitselect        ) [ 0000]
xor_ln1019_30           (xor              ) [ 0000]
xor_ln1019_31           (xor              ) [ 0000]
zext_ln780_15           (zext             ) [ 0000]
p_Result_16             (bitselect        ) [ 0000]
xor_ln1019_32           (xor              ) [ 0000]
xor_ln1019_33           (xor              ) [ 0000]
zext_ln780_16           (zext             ) [ 0000]
p_Result_17             (bitselect        ) [ 0000]
xor_ln1019_34           (xor              ) [ 0000]
xor_ln1019_35           (xor              ) [ 0000]
zext_ln780_17           (zext             ) [ 0000]
p_Result_18             (bitselect        ) [ 0000]
xor_ln1019_36           (xor              ) [ 0000]
xor_ln1019_37           (xor              ) [ 0000]
zext_ln780_18           (zext             ) [ 0000]
p_Result_19             (bitselect        ) [ 0000]
xor_ln1019_38           (xor              ) [ 0000]
xor_ln1019_39           (xor              ) [ 0000]
zext_ln780_19           (zext             ) [ 0000]
p_Result_20             (bitselect        ) [ 0000]
xor_ln1019_40           (xor              ) [ 0000]
xor_ln1019_41           (xor              ) [ 0000]
zext_ln780_20           (zext             ) [ 0000]
p_Result_21             (bitselect        ) [ 0000]
xor_ln1019_42           (xor              ) [ 0000]
xor_ln1019_43           (xor              ) [ 0000]
zext_ln780_21           (zext             ) [ 0000]
p_Result_22             (bitselect        ) [ 0000]
xor_ln1019_44           (xor              ) [ 0000]
xor_ln1019_45           (xor              ) [ 0000]
zext_ln780_22           (zext             ) [ 0000]
p_Result_23             (bitselect        ) [ 0000]
xor_ln1019_46           (xor              ) [ 0000]
xor_ln1019_47           (xor              ) [ 0000]
zext_ln780_23           (zext             ) [ 0000]
p_Result_24             (bitselect        ) [ 0000]
xor_ln1019_48           (xor              ) [ 0000]
xor_ln1019_49           (xor              ) [ 0000]
zext_ln840              (zext             ) [ 0000]
add_ln840               (add              ) [ 0000]
zext_ln840_1            (zext             ) [ 0000]
add_ln840_1             (add              ) [ 0000]
add_ln840_2             (add              ) [ 0000]
add_ln840_3             (add              ) [ 0000]
zext_ln840_2            (zext             ) [ 0000]
add_ln840_4             (add              ) [ 0000]
add_ln840_5             (add              ) [ 0000]
add_ln840_6             (add              ) [ 0000]
zext_ln840_3            (zext             ) [ 0000]
add_ln840_7             (add              ) [ 0000]
zext_ln840_4            (zext             ) [ 0000]
add_ln840_8             (add              ) [ 0000]
zext_ln840_5            (zext             ) [ 0000]
add_ln840_9             (add              ) [ 0000]
add_ln840_10            (add              ) [ 0000]
zext_ln840_6            (zext             ) [ 0000]
add_ln840_11            (add              ) [ 0000]
add_ln840_12            (add              ) [ 0000]
add_ln840_13            (add              ) [ 0000]
zext_ln840_7            (zext             ) [ 0000]
add_ln840_14            (add              ) [ 0000]
add_ln840_15            (add              ) [ 0000]
zext_ln840_8            (zext             ) [ 0000]
add_ln840_16            (add              ) [ 0000]
zext_ln840_9            (zext             ) [ 0000]
add_ln840_17            (add              ) [ 0000]
add_ln840_18            (add              ) [ 0000]
zext_ln840_10           (zext             ) [ 0000]
add_ln840_19            (add              ) [ 0000]
zext_ln840_11           (zext             ) [ 0000]
add_ln840_20            (add              ) [ 0000]
zext_ln840_12           (zext             ) [ 0000]
add_ln840_21            (add              ) [ 0000]
add_ln840_22            (add              ) [ 0000]
zext_ln840_13           (zext             ) [ 0000]
add_ln840_23            (add              ) [ 0000]
zext_ln840_14           (zext             ) [ 0000]
add_ln840_24            (add              ) [ 0111]
local_temp_V_25         (bitselect        ) [ 0000]
local_temp_V_26         (bitselect        ) [ 0000]
local_temp_V_27         (bitselect        ) [ 0000]
local_temp_V_28         (bitselect        ) [ 0000]
local_temp_V_29         (bitselect        ) [ 0000]
local_temp_V_30         (bitselect        ) [ 0000]
local_temp_V_31         (bitselect        ) [ 0000]
local_temp_V_32         (bitselect        ) [ 0000]
local_temp_V_33         (bitselect        ) [ 0000]
local_temp_V_34         (bitselect        ) [ 0000]
local_temp_V_35         (bitselect        ) [ 0000]
local_temp_V_36         (bitselect        ) [ 0000]
local_temp_V_37         (bitselect        ) [ 0000]
local_temp_V_38         (bitselect        ) [ 0000]
local_temp_V_39         (bitselect        ) [ 0000]
local_temp_V_40         (bitselect        ) [ 0000]
local_temp_V_41         (bitselect        ) [ 0000]
local_temp_V_42         (bitselect        ) [ 0000]
local_temp_V_43         (bitselect        ) [ 0000]
local_temp_V_44         (bitselect        ) [ 0000]
local_temp_V_45         (bitselect        ) [ 0000]
local_temp_V_46         (bitselect        ) [ 0000]
local_temp_V_47         (bitselect        ) [ 0000]
local_temp_V_48         (bitselect        ) [ 0000]
local_temp_V_49         (bitselect        ) [ 0000]
xor_ln1019_50           (xor              ) [ 0000]
xor_ln1019_51           (xor              ) [ 0000]
zext_ln1019             (zext             ) [ 0000]
xor_ln1019_52           (xor              ) [ 0000]
xor_ln1019_53           (xor              ) [ 0000]
zext_ln1019_1           (zext             ) [ 0000]
xor_ln1019_54           (xor              ) [ 0000]
xor_ln1019_55           (xor              ) [ 0000]
zext_ln1019_2           (zext             ) [ 0000]
xor_ln1019_56           (xor              ) [ 0000]
xor_ln1019_57           (xor              ) [ 0000]
zext_ln1019_3           (zext             ) [ 0000]
xor_ln1019_58           (xor              ) [ 0000]
xor_ln1019_59           (xor              ) [ 0000]
zext_ln1019_4           (zext             ) [ 0000]
xor_ln1019_60           (xor              ) [ 0000]
xor_ln1019_61           (xor              ) [ 0000]
zext_ln1019_5           (zext             ) [ 0000]
xor_ln1019_62           (xor              ) [ 0000]
xor_ln1019_63           (xor              ) [ 0000]
zext_ln1019_6           (zext             ) [ 0000]
xor_ln1019_64           (xor              ) [ 0000]
xor_ln1019_65           (xor              ) [ 0000]
zext_ln1019_7           (zext             ) [ 0000]
xor_ln1019_66           (xor              ) [ 0000]
xor_ln1019_67           (xor              ) [ 0000]
zext_ln1019_8           (zext             ) [ 0000]
xor_ln1019_68           (xor              ) [ 0000]
xor_ln1019_69           (xor              ) [ 0000]
zext_ln1019_9           (zext             ) [ 0000]
xor_ln1019_70           (xor              ) [ 0000]
xor_ln1019_71           (xor              ) [ 0000]
zext_ln1019_10          (zext             ) [ 0000]
xor_ln1019_72           (xor              ) [ 0000]
xor_ln1019_73           (xor              ) [ 0000]
zext_ln1019_11          (zext             ) [ 0000]
xor_ln1019_74           (xor              ) [ 0000]
xor_ln1019_75           (xor              ) [ 0000]
zext_ln1019_12          (zext             ) [ 0000]
xor_ln1019_76           (xor              ) [ 0000]
xor_ln1019_77           (xor              ) [ 0000]
zext_ln1019_13          (zext             ) [ 0000]
xor_ln1019_78           (xor              ) [ 0000]
xor_ln1019_79           (xor              ) [ 0000]
zext_ln1019_14          (zext             ) [ 0000]
xor_ln1019_80           (xor              ) [ 0000]
xor_ln1019_81           (xor              ) [ 0000]
zext_ln1019_15          (zext             ) [ 0000]
xor_ln1019_82           (xor              ) [ 0000]
xor_ln1019_83           (xor              ) [ 0000]
zext_ln1019_16          (zext             ) [ 0000]
xor_ln1019_84           (xor              ) [ 0000]
xor_ln1019_85           (xor              ) [ 0000]
zext_ln1019_17          (zext             ) [ 0000]
xor_ln1019_86           (xor              ) [ 0000]
xor_ln1019_87           (xor              ) [ 0000]
zext_ln1019_18          (zext             ) [ 0000]
xor_ln1019_88           (xor              ) [ 0000]
xor_ln1019_89           (xor              ) [ 0000]
zext_ln1019_19          (zext             ) [ 0000]
xor_ln1019_90           (xor              ) [ 0000]
xor_ln1019_91           (xor              ) [ 0000]
zext_ln1019_20          (zext             ) [ 0000]
xor_ln1019_92           (xor              ) [ 0000]
xor_ln1019_93           (xor              ) [ 0000]
zext_ln1019_21          (zext             ) [ 0000]
xor_ln1019_94           (xor              ) [ 0000]
xor_ln1019_95           (xor              ) [ 0000]
zext_ln1019_22          (zext             ) [ 0000]
xor_ln1019_96           (xor              ) [ 0000]
xor_ln1019_97           (xor              ) [ 0000]
zext_ln1019_23          (zext             ) [ 0000]
xor_ln1019_98           (xor              ) [ 0000]
xor_ln1019_99           (xor              ) [ 0000]
zext_ln840_15           (zext             ) [ 0000]
add_ln840_25            (add              ) [ 0000]
zext_ln840_16           (zext             ) [ 0000]
add_ln840_26            (add              ) [ 0000]
add_ln840_27            (add              ) [ 0000]
add_ln840_28            (add              ) [ 0000]
zext_ln840_17           (zext             ) [ 0000]
add_ln840_29            (add              ) [ 0000]
add_ln840_30            (add              ) [ 0000]
add_ln840_31            (add              ) [ 0000]
zext_ln840_18           (zext             ) [ 0000]
add_ln840_32            (add              ) [ 0000]
zext_ln840_19           (zext             ) [ 0000]
add_ln840_33            (add              ) [ 0000]
zext_ln840_20           (zext             ) [ 0000]
add_ln840_34            (add              ) [ 0000]
add_ln840_35            (add              ) [ 0000]
zext_ln840_21           (zext             ) [ 0000]
add_ln840_36            (add              ) [ 0000]
add_ln840_37            (add              ) [ 0000]
add_ln840_38            (add              ) [ 0000]
zext_ln840_22           (zext             ) [ 0000]
add_ln840_39            (add              ) [ 0000]
add_ln840_40            (add              ) [ 0000]
zext_ln840_23           (zext             ) [ 0000]
add_ln840_41            (add              ) [ 0000]
zext_ln840_24           (zext             ) [ 0000]
add_ln840_42            (add              ) [ 0000]
add_ln840_43            (add              ) [ 0000]
zext_ln840_25           (zext             ) [ 0000]
add_ln840_44            (add              ) [ 0000]
zext_ln840_26           (zext             ) [ 0000]
add_ln840_45            (add              ) [ 0000]
zext_ln840_27           (zext             ) [ 0000]
add_ln840_46            (add              ) [ 0000]
add_ln840_47            (add              ) [ 0000]
zext_ln840_28           (zext             ) [ 0000]
add_ln840_48            (add              ) [ 0000]
zext_ln840_29           (zext             ) [ 0000]
add_ln840_49            (add              ) [ 0111]
sf_2                    (add              ) [ 0000]
icmp_ln290              (icmp             ) [ 0111]
br_ln290                (br               ) [ 0000]
store_ln290             (store            ) [ 0000]
br_ln290                (br               ) [ 0000]
nf                      (add              ) [ 0000]
icmp_ln302              (icmp             ) [ 0000]
nf_3                    (select           ) [ 0000]
store_ln306             (store            ) [ 0000]
store_ln306             (store            ) [ 0000]
store_ln249             (store            ) [ 0000]
store_ln249             (store            ) [ 0000]
store_ln249             (store            ) [ 0000]
br_ln249                (br               ) [ 0000]
idxprom2_i              (zext             ) [ 0000]
p_ZL7threshs_0_addr     (getelementptr    ) [ 0101]
p_ZL7threshs_1_addr     (getelementptr    ) [ 0101]
p_ZL7threshs_0_load     (load             ) [ 0000]
zext_ln1039             (zext             ) [ 0000]
icmp_ln1039             (icmp             ) [ 0000]
result_V                (xor              ) [ 0000]
p_ZL7threshs_1_load     (load             ) [ 0000]
zext_ln1039_1           (zext             ) [ 0000]
icmp_ln1039_1           (icmp             ) [ 0000]
result_V_1              (xor              ) [ 0000]
p_Result_26             (bitconcatenate   ) [ 0000]
zext_ln298              (zext             ) [ 0000]
write_ln298             (write            ) [ 0000]
br_ln306                (br               ) [ 0000]
ret_ln308               (ret              ) [ 0000]
</LifeTime>

<model>

<comp_list>
<comp id="0" class="1000" name="in0_V">
<pin_list>
<pin id="1" dir="1" index="0" bw="1" slack="0"/>
</pin_list>
<bind>
<StgValue><ssdm name="in0_V"/></StgValue>
</bind>
</comp>

<comp id="2" class="1000" name="out0_V">
<pin_list>
<pin id="3" dir="1" index="0" bw="1" slack="0"/>
</pin_list>
<bind>
<StgValue><ssdm name="out0_V"/></StgValue>
</bind>
</comp>

<comp id="4" class="1000" name="in1_V">
<pin_list>
<pin id="5" dir="1" index="0" bw="1" slack="0"/>
</pin_list>
<bind>
<StgValue><ssdm name="in1_V"/></StgValue>
</bind>
</comp>

<comp id="6" class="1000" name="p_ZL7threshs_0">
<pin_list>
<pin id="7" dir="1" index="0" bw="1" slack="0"/>
</pin_list>
<bind>
<StgValue><ssdm name="p_ZL7threshs_0"/><MemPortTyVec>1 </MemPortTyVec>
</StgValue>
</bind>
</comp>

<comp id="8" class="1000" name="p_ZL7threshs_1">
<pin_list>
<pin id="9" dir="1" index="0" bw="1" slack="0"/>
</pin_list>
<bind>
<StgValue><ssdm name="p_ZL7threshs_1"/><MemPortTyVec>1 </MemPortTyVec>
</StgValue>
</bind>
</comp>

<comp id="10" class="1001" name="const_10">
<pin_list>
<pin id="11" dir="1" index="0" bw="1" slack="0"/>
</pin_list>
<bind>
<StgValue><ssdm name=""/></StgValue>
</bind>
</comp>

<comp id="12" class="1001" name="const_12">
<pin_list>
<pin id="13" dir="1" index="0" bw="1" slack="2147483647"/>
</pin_list>
<bind>
<StgValue><ssdm name="_ssdm_op_SpecInterface"/></StgValue>
</bind>
</comp>

<comp id="14" class="1001" name="const_14">
<pin_list>
<pin id="15" dir="1" index="0" bw="1" slack="2147483647"/>
</pin_list>
<bind>
<StgValue><ssdm name="empty"/></StgValue>
</bind>
</comp>

<comp id="16" class="1001" name="const_16">
<pin_list>
<pin id="17" dir="1" index="0" bw="1" slack="0"/>
</pin_list>
<bind>
<StgValue><ssdm name=""/></StgValue>
</bind>
</comp>

<comp id="18" class="1001" name="const_18">
<pin_list>
<pin id="19" dir="1" index="0" bw="1" slack="2147483647"/>
</pin_list>
<bind>
<StgValue><ssdm name="empty_0"/></StgValue>
</bind>
</comp>

<comp id="20" class="1001" name="const_20">
<pin_list>
<pin id="21" dir="1" index="0" bw="1" slack="2147483647"/>
</pin_list>
<bind>
<StgValue><ssdm name="empty_1"/></StgValue>
</bind>
</comp>

<comp id="22" class="1001" name="const_22">
<pin_list>
<pin id="23" dir="1" index="0" bw="1" slack="2147483647"/>
</pin_list>
<bind>
<StgValue><ssdm name=""/></StgValue>
</bind>
</comp>

<comp id="24" class="1001" name="const_24">
<pin_list>
<pin id="25" dir="1" index="0" bw="1" slack="0"/>
</pin_list>
<bind>
<StgValue><ssdm name=""/></StgValue>
</bind>
</comp>

<comp id="26" class="1001" name="const_26">
<pin_list>
<pin id="27" dir="1" index="0" bw="1" slack="0"/>
</pin_list>
<bind>
<StgValue><ssdm name=""/></StgValue>
</bind>
</comp>

<comp id="28" class="1001" name="const_28">
<pin_list>
<pin id="29" dir="1" index="0" bw="1" slack="2147483647"/>
</pin_list>
<bind>
<StgValue><ssdm name="_ssdm_op_SpecLoopTripCount"/></StgValue>
</bind>
</comp>

<comp id="30" class="1001" name="const_30">
<pin_list>
<pin id="31" dir="1" index="0" bw="1" slack="2147483647"/>
</pin_list>
<bind>
<StgValue><ssdm name=""/></StgValue>
</bind>
</comp>

<comp id="32" class="1001" name="const_32">
<pin_list>
<pin id="33" dir="1" index="0" bw="1" slack="0"/>
</pin_list>
<bind>
<StgValue><ssdm name=""/></StgValue>
</bind>
</comp>

<comp id="34" class="1001" name="const_34">
<pin_list>
<pin id="35" dir="1" index="0" bw="1" slack="2147483647"/>
</pin_list>
<bind>
<StgValue><ssdm name="_ssdm_op_SpecPipeline"/></StgValue>
</bind>
</comp>

<comp id="36" class="1001" name="const_36">
<pin_list>
<pin id="37" dir="1" index="0" bw="1" slack="0"/>
</pin_list>
<bind>
<StgValue><ssdm name=""/></StgValue>
</bind>
</comp>

<comp id="38" class="1001" name="const_38">
<pin_list>
<pin id="39" dir="1" index="0" bw="1" slack="2147483647"/>
</pin_list>
<bind>
<StgValue><ssdm name="_ssdm_op_SpecLoopName"/></StgValue>
</bind>
</comp>

<comp id="40" class="1001" name="const_40">
<pin_list>
<pin id="41" dir="1" index="0" bw="1" slack="2147483647"/>
</pin_list>
<bind>
<StgValue><ssdm name="empty_4"/></StgValue>
</bind>
</comp>

<comp id="42" class="1001" name="const_42">
<pin_list>
<pin id="43" dir="1" index="0" bw="1" slack="0"/>
</pin_list>
<bind>
<StgValue><ssdm name="_ssdm_op_Mux.ap_auto.16i25.i4"/></StgValue>
</bind>
</comp>

<comp id="44" class="1001" name="const_44">
<pin_list>
<pin id="45" dir="1" index="0" bw="1" slack="0"/>
</pin_list>
<bind>
<StgValue><ssdm name="_ssdm_op_Read.axis.volatile.i32P128A"/></StgValue>
</bind>
</comp>

<comp id="46" class="1001" name="const_46">
<pin_list>
<pin id="47" dir="1" index="0" bw="1" slack="2147483647"/>
</pin_list>
<bind>
<StgValue><ssdm name=""/></StgValue>
</bind>
</comp>

<comp id="48" class="1001" name="const_48">
<pin_list>
<pin id="49" dir="1" index="0" bw="1" slack="2147483647"/>
</pin_list>
<bind>
<StgValue><ssdm name=""/></StgValue>
</bind>
</comp>

<comp id="50" class="1001" name="const_50">
<pin_list>
<pin id="51" dir="1" index="0" bw="1" slack="2147483647"/>
</pin_list>
<bind>
<StgValue><ssdm name=""/></StgValue>
</bind>
</comp>

<comp id="52" class="1001" name="const_52">
<pin_list>
<pin id="53" dir="1" index="0" bw="1" slack="2147483647"/>
</pin_list>
<bind>
<StgValue><ssdm name=""/></StgValue>
</bind>
</comp>

<comp id="54" class="1001" name="const_54">
<pin_list>
<pin id="55" dir="1" index="0" bw="1" slack="2147483647"/>
</pin_list>
<bind>
<StgValue><ssdm name=""/></StgValue>
</bind>
</comp>

<comp id="56" class="1001" name="const_56">
<pin_list>
<pin id="57" dir="1" index="0" bw="1" slack="2147483647"/>
</pin_list>
<bind>
<StgValue><ssdm name=""/></StgValue>
</bind>
</comp>

<comp id="58" class="1001" name="const_58">
<pin_list>
<pin id="59" dir="1" index="0" bw="1" slack="2147483647"/>
</pin_list>
<bind>
<StgValue><ssdm name=""/></StgValue>
</bind>
</comp>

<comp id="60" class="1001" name="const_60">
<pin_list>
<pin id="61" dir="1" index="0" bw="1" slack="2147483647"/>
</pin_list>
<bind>
<StgValue><ssdm name=""/></StgValue>
</bind>
</comp>

<comp id="62" class="1001" name="const_62">
<pin_list>
<pin id="63" dir="1" index="0" bw="1" slack="2147483647"/>
</pin_list>
<bind>
<StgValue><ssdm name=""/></StgValue>
</bind>
</comp>

<comp id="64" class="1001" name="const_64">
<pin_list>
<pin id="65" dir="1" index="0" bw="1" slack="2147483647"/>
</pin_list>
<bind>
<StgValue><ssdm name=""/></StgValue>
</bind>
</comp>

<comp id="66" class="1001" name="const_66">
<pin_list>
<pin id="67" dir="1" index="0" bw="1" slack="2147483647"/>
</pin_list>
<bind>
<StgValue><ssdm name=""/></StgValue>
</bind>
</comp>

<comp id="68" class="1001" name="const_68">
<pin_list>
<pin id="69" dir="1" index="0" bw="1" slack="2147483647"/>
</pin_list>
<bind>
<StgValue><ssdm name=""/></StgValue>
</bind>
</comp>

<comp id="70" class="1001" name="const_70">
<pin_list>
<pin id="71" dir="1" index="0" bw="1" slack="2147483647"/>
</pin_list>
<bind>
<StgValue><ssdm name=""/></StgValue>
</bind>
</comp>

<comp id="72" class="1001" name="const_72">
<pin_list>
<pin id="73" dir="1" index="0" bw="1" slack="2147483647"/>
</pin_list>
<bind>
<StgValue><ssdm name=""/></StgValue>
</bind>
</comp>

<comp id="74" class="1001" name="const_74">
<pin_list>
<pin id="75" dir="1" index="0" bw="1" slack="2147483647"/>
</pin_list>
<bind>
<StgValue><ssdm name=""/></StgValue>
</bind>
</comp>

<comp id="76" class="1001" name="const_76">
<pin_list>
<pin id="77" dir="1" index="0" bw="1" slack="0"/>
</pin_list>
<bind>
<StgValue><ssdm name="_ssdm_op_Read.axis.volatile.i56P128A"/></StgValue>
</bind>
</comp>

<comp id="78" class="1001" name="const_78">
<pin_list>
<pin id="79" dir="1" index="0" bw="1" slack="0"/>
</pin_list>
<bind>
<StgValue><ssdm name="_ssdm_op_BitSelect.i1.i56.i32"/></StgValue>
</bind>
</comp>

<comp id="80" class="1001" name="const_80">
<pin_list>
<pin id="81" dir="1" index="0" bw="1" slack="0"/>
</pin_list>
<bind>
<StgValue><ssdm name=""/></StgValue>
</bind>
</comp>

<comp id="82" class="1001" name="const_82">
<pin_list>
<pin id="83" dir="1" index="0" bw="1" slack="0"/>
</pin_list>
<bind>
<StgValue><ssdm name=""/></StgValue>
</bind>
</comp>

<comp id="84" class="1001" name="const_84">
<pin_list>
<pin id="85" dir="1" index="0" bw="1" slack="0"/>
</pin_list>
<bind>
<StgValue><ssdm name=""/></StgValue>
</bind>
</comp>

<comp id="86" class="1001" name="const_86">
<pin_list>
<pin id="87" dir="1" index="0" bw="1" slack="0"/>
</pin_list>
<bind>
<StgValue><ssdm name=""/></StgValue>
</bind>
</comp>

<comp id="88" class="1001" name="const_88">
<pin_list>
<pin id="89" dir="1" index="0" bw="1" slack="0"/>
</pin_list>
<bind>
<StgValue><ssdm name=""/></StgValue>
</bind>
</comp>

<comp id="90" class="1001" name="const_90">
<pin_list>
<pin id="91" dir="1" index="0" bw="1" slack="0"/>
</pin_list>
<bind>
<StgValue><ssdm name=""/></StgValue>
</bind>
</comp>

<comp id="92" class="1001" name="const_92">
<pin_list>
<pin id="93" dir="1" index="0" bw="1" slack="0"/>
</pin_list>
<bind>
<StgValue><ssdm name=""/></StgValue>
</bind>
</comp>

<comp id="94" class="1001" name="const_94">
<pin_list>
<pin id="95" dir="1" index="0" bw="1" slack="0"/>
</pin_list>
<bind>
<StgValue><ssdm name=""/></StgValue>
</bind>
</comp>

<comp id="96" class="1001" name="const_96">
<pin_list>
<pin id="97" dir="1" index="0" bw="1" slack="0"/>
</pin_list>
<bind>
<StgValue><ssdm name=""/></StgValue>
</bind>
</comp>

<comp id="98" class="1001" name="const_98">
<pin_list>
<pin id="99" dir="1" index="0" bw="1" slack="0"/>
</pin_list>
<bind>
<StgValue><ssdm name=""/></StgValue>
</bind>
</comp>

<comp id="100" class="1001" name="const_100">
<pin_list>
<pin id="101" dir="1" index="0" bw="1" slack="0"/>
</pin_list>
<bind>
<StgValue><ssdm name=""/></StgValue>
</bind>
</comp>

<comp id="102" class="1001" name="const_102">
<pin_list>
<pin id="103" dir="1" index="0" bw="1" slack="0"/>
</pin_list>
<bind>
<StgValue><ssdm name=""/></StgValue>
</bind>
</comp>

<comp id="104" class="1001" name="const_104">
<pin_list>
<pin id="105" dir="1" index="0" bw="1" slack="0"/>
</pin_list>
<bind>
<StgValue><ssdm name=""/></StgValue>
</bind>
</comp>

<comp id="106" class="1001" name="const_106">
<pin_list>
<pin id="107" dir="1" index="0" bw="1" slack="0"/>
</pin_list>
<bind>
<StgValue><ssdm name=""/></StgValue>
</bind>
</comp>

<comp id="108" class="1001" name="const_108">
<pin_list>
<pin id="109" dir="1" index="0" bw="1" slack="0"/>
</pin_list>
<bind>
<StgValue><ssdm name=""/></StgValue>
</bind>
</comp>

<comp id="110" class="1001" name="const_110">
<pin_list>
<pin id="111" dir="1" index="0" bw="1" slack="0"/>
</pin_list>
<bind>
<StgValue><ssdm name=""/></StgValue>
</bind>
</comp>

<comp id="112" class="1001" name="const_112">
<pin_list>
<pin id="113" dir="1" index="0" bw="1" slack="0"/>
</pin_list>
<bind>
<StgValue><ssdm name=""/></StgValue>
</bind>
</comp>

<comp id="114" class="1001" name="const_114">
<pin_list>
<pin id="115" dir="1" index="0" bw="1" slack="0"/>
</pin_list>
<bind>
<StgValue><ssdm name=""/></StgValue>
</bind>
</comp>

<comp id="116" class="1001" name="const_116">
<pin_list>
<pin id="117" dir="1" index="0" bw="1" slack="0"/>
</pin_list>
<bind>
<StgValue><ssdm name=""/></StgValue>
</bind>
</comp>

<comp id="118" class="1001" name="const_118">
<pin_list>
<pin id="119" dir="1" index="0" bw="1" slack="0"/>
</pin_list>
<bind>
<StgValue><ssdm name=""/></StgValue>
</bind>
</comp>

<comp id="120" class="1001" name="const_120">
<pin_list>
<pin id="121" dir="1" index="0" bw="1" slack="0"/>
</pin_list>
<bind>
<StgValue><ssdm name=""/></StgValue>
</bind>
</comp>

<comp id="122" class="1001" name="const_122">
<pin_list>
<pin id="123" dir="1" index="0" bw="1" slack="0"/>
</pin_list>
<bind>
<StgValue><ssdm name=""/></StgValue>
</bind>
</comp>

<comp id="124" class="1001" name="const_124">
<pin_list>
<pin id="125" dir="1" index="0" bw="1" slack="0"/>
</pin_list>
<bind>
<StgValue><ssdm name=""/></StgValue>
</bind>
</comp>

<comp id="126" class="1001" name="const_126">
<pin_list>
<pin id="127" dir="1" index="0" bw="1" slack="0"/>
</pin_list>
<bind>
<StgValue><ssdm name="_ssdm_op_BitSelect.i1.i25.i32"/></StgValue>
</bind>
</comp>

<comp id="128" class="1001" name="const_128">
<pin_list>
<pin id="129" dir="1" index="0" bw="1" slack="0"/>
</pin_list>
<bind>
<StgValue><ssdm name=""/></StgValue>
</bind>
</comp>

<comp id="130" class="1001" name="const_130">
<pin_list>
<pin id="131" dir="1" index="0" bw="1" slack="0"/>
</pin_list>
<bind>
<StgValue><ssdm name=""/></StgValue>
</bind>
</comp>

<comp id="132" class="1001" name="const_132">
<pin_list>
<pin id="133" dir="1" index="0" bw="1" slack="0"/>
</pin_list>
<bind>
<StgValue><ssdm name=""/></StgValue>
</bind>
</comp>

<comp id="134" class="1001" name="const_134">
<pin_list>
<pin id="135" dir="1" index="0" bw="1" slack="0"/>
</pin_list>
<bind>
<StgValue><ssdm name=""/></StgValue>
</bind>
</comp>

<comp id="136" class="1001" name="const_136">
<pin_list>
<pin id="137" dir="1" index="0" bw="1" slack="0"/>
</pin_list>
<bind>
<StgValue><ssdm name=""/></StgValue>
</bind>
</comp>

<comp id="138" class="1001" name="const_138">
<pin_list>
<pin id="139" dir="1" index="0" bw="1" slack="0"/>
</pin_list>
<bind>
<StgValue><ssdm name=""/></StgValue>
</bind>
</comp>

<comp id="140" class="1001" name="const_140">
<pin_list>
<pin id="141" dir="1" index="0" bw="1" slack="0"/>
</pin_list>
<bind>
<StgValue><ssdm name=""/></StgValue>
</bind>
</comp>

<comp id="142" class="1001" name="const_142">
<pin_list>
<pin id="143" dir="1" index="0" bw="1" slack="0"/>
</pin_list>
<bind>
<StgValue><ssdm name=""/></StgValue>
</bind>
</comp>

<comp id="144" class="1001" name="const_144">
<pin_list>
<pin id="145" dir="1" index="0" bw="1" slack="0"/>
</pin_list>
<bind>
<StgValue><ssdm name=""/></StgValue>
</bind>
</comp>

<comp id="146" class="1001" name="const_146">
<pin_list>
<pin id="147" dir="1" index="0" bw="1" slack="0"/>
</pin_list>
<bind>
<StgValue><ssdm name=""/></StgValue>
</bind>
</comp>

<comp id="148" class="1001" name="const_148">
<pin_list>
<pin id="149" dir="1" index="0" bw="1" slack="0"/>
</pin_list>
<bind>
<StgValue><ssdm name=""/></StgValue>
</bind>
</comp>

<comp id="150" class="1001" name="const_150">
<pin_list>
<pin id="151" dir="1" index="0" bw="1" slack="0"/>
</pin_list>
<bind>
<StgValue><ssdm name=""/></StgValue>
</bind>
</comp>

<comp id="152" class="1001" name="const_152">
<pin_list>
<pin id="153" dir="1" index="0" bw="1" slack="0"/>
</pin_list>
<bind>
<StgValue><ssdm name=""/></StgValue>
</bind>
</comp>

<comp id="154" class="1001" name="const_154">
<pin_list>
<pin id="155" dir="1" index="0" bw="1" slack="0"/>
</pin_list>
<bind>
<StgValue><ssdm name=""/></StgValue>
</bind>
</comp>

<comp id="156" class="1001" name="const_156">
<pin_list>
<pin id="157" dir="1" index="0" bw="1" slack="0"/>
</pin_list>
<bind>
<StgValue><ssdm name=""/></StgValue>
</bind>
</comp>

<comp id="158" class="1001" name="const_158">
<pin_list>
<pin id="159" dir="1" index="0" bw="1" slack="0"/>
</pin_list>
<bind>
<StgValue><ssdm name=""/></StgValue>
</bind>
</comp>

<comp id="160" class="1001" name="const_160">
<pin_list>
<pin id="161" dir="1" index="0" bw="1" slack="0"/>
</pin_list>
<bind>
<StgValue><ssdm name=""/></StgValue>
</bind>
</comp>

<comp id="162" class="1001" name="const_162">
<pin_list>
<pin id="163" dir="1" index="0" bw="1" slack="0"/>
</pin_list>
<bind>
<StgValue><ssdm name=""/></StgValue>
</bind>
</comp>

<comp id="164" class="1001" name="const_164">
<pin_list>
<pin id="165" dir="1" index="0" bw="1" slack="0"/>
</pin_list>
<bind>
<StgValue><ssdm name=""/></StgValue>
</bind>
</comp>

<comp id="166" class="1001" name="const_166">
<pin_list>
<pin id="167" dir="1" index="0" bw="1" slack="0"/>
</pin_list>
<bind>
<StgValue><ssdm name=""/></StgValue>
</bind>
</comp>

<comp id="168" class="1001" name="const_168">
<pin_list>
<pin id="169" dir="1" index="0" bw="1" slack="0"/>
</pin_list>
<bind>
<StgValue><ssdm name=""/></StgValue>
</bind>
</comp>

<comp id="170" class="1001" name="const_170">
<pin_list>
<pin id="171" dir="1" index="0" bw="1" slack="0"/>
</pin_list>
<bind>
<StgValue><ssdm name=""/></StgValue>
</bind>
</comp>

<comp id="172" class="1001" name="const_172">
<pin_list>
<pin id="173" dir="1" index="0" bw="1" slack="0"/>
</pin_list>
<bind>
<StgValue><ssdm name=""/></StgValue>
</bind>
</comp>

<comp id="174" class="1001" name="const_174">
<pin_list>
<pin id="175" dir="1" index="0" bw="1" slack="0"/>
</pin_list>
<bind>
<StgValue><ssdm name=""/></StgValue>
</bind>
</comp>

<comp id="176" class="1001" name="const_176">
<pin_list>
<pin id="177" dir="1" index="0" bw="1" slack="0"/>
</pin_list>
<bind>
<StgValue><ssdm name=""/></StgValue>
</bind>
</comp>

<comp id="178" class="1001" name="const_178">
<pin_list>
<pin id="179" dir="1" index="0" bw="1" slack="0"/>
</pin_list>
<bind>
<StgValue><ssdm name=""/></StgValue>
</bind>
</comp>

<comp id="180" class="1001" name="const_180">
<pin_list>
<pin id="181" dir="1" index="0" bw="1" slack="0"/>
</pin_list>
<bind>
<StgValue><ssdm name=""/></StgValue>
</bind>
</comp>

<comp id="182" class="1001" name="const_182">
<pin_list>
<pin id="183" dir="1" index="0" bw="1" slack="0"/>
</pin_list>
<bind>
<StgValue><ssdm name="_ssdm_op_BitConcatenate.i2.i1.i1"/></StgValue>
</bind>
</comp>

<comp id="184" class="1001" name="const_184">
<pin_list>
<pin id="185" dir="1" index="0" bw="1" slack="0"/>
</pin_list>
<bind>
<StgValue><ssdm name="_ssdm_op_Write.axis.volatile.i8P128A"/></StgValue>
</bind>
</comp>

<comp id="186" class="1004" name="sf_fu_186">
<pin_list>
<pin id="187" dir="0" index="0" bw="1" slack="0"/>
<pin id="188" dir="1" index="1" bw="32" slack="0"/>
</pin_list>
<bind>
<opcode="alloca(26) " fcode="alloca"/>
<opset="sf/1 "/>
</bind>
</comp>

<comp id="190" class="1004" name="i_fu_190">
<pin_list>
<pin id="191" dir="0" index="0" bw="1" slack="0"/>
<pin id="192" dir="1" index="1" bw="10" slack="0"/>
</pin_list>
<bind>
<opcode="alloca(26) " fcode="alloca"/>
<opset="i/1 "/>
</bind>
</comp>

<comp id="194" class="1004" name="add_i_i_i3_24134_fu_194">
<pin_list>
<pin id="195" dir="0" index="0" bw="1" slack="0"/>
<pin id="196" dir="1" index="1" bw="10" slack="0"/>
</pin_list>
<bind>
<opcode="alloca(26) " fcode="alloca"/>
<opset="add_i_i_i3_24134/1 "/>
</bind>
</comp>

<comp id="198" class="1004" name="add_i_i_i3_1_24136_fu_198">
<pin_list>
<pin id="199" dir="0" index="0" bw="1" slack="0"/>
<pin id="200" dir="1" index="1" bw="10" slack="0"/>
</pin_list>
<bind>
<opcode="alloca(26) " fcode="alloca"/>
<opset="add_i_i_i3_1_24136/1 "/>
</bind>
</comp>

<comp id="202" class="1004" name="inputBuf_V_fu_202">
<pin_list>
<pin id="203" dir="0" index="0" bw="1" slack="0"/>
<pin id="204" dir="1" index="1" bw="25" slack="0"/>
</pin_list>
<bind>
<opcode="alloca(26) " fcode="alloca"/>
<opset="inputBuf_V/1 "/>
</bind>
</comp>

<comp id="206" class="1004" name="inputBuf_V_1_fu_206">
<pin_list>
<pin id="207" dir="0" index="0" bw="1" slack="0"/>
<pin id="208" dir="1" index="1" bw="25" slack="0"/>
</pin_list>
<bind>
<opcode="alloca(26) " fcode="alloca"/>
<opset="inputBuf_V_1/1 "/>
</bind>
</comp>

<comp id="210" class="1004" name="inputBuf_V_2_fu_210">
<pin_list>
<pin id="211" dir="0" index="0" bw="1" slack="0"/>
<pin id="212" dir="1" index="1" bw="25" slack="0"/>
</pin_list>
<bind>
<opcode="alloca(26) " fcode="alloca"/>
<opset="inputBuf_V_2/1 "/>
</bind>
</comp>

<comp id="214" class="1004" name="inputBuf_V_3_fu_214">
<pin_list>
<pin id="215" dir="0" index="0" bw="1" slack="0"/>
<pin id="216" dir="1" index="1" bw="25" slack="0"/>
</pin_list>
<bind>
<opcode="alloca(26) " fcode="alloca"/>
<opset="inputBuf_V_3/1 "/>
</bind>
</comp>

<comp id="218" class="1004" name="inputBuf_V_4_fu_218">
<pin_list>
<pin id="219" dir="0" index="0" bw="1" slack="0"/>
<pin id="220" dir="1" index="1" bw="25" slack="0"/>
</pin_list>
<bind>
<opcode="alloca(26) " fcode="alloca"/>
<opset="inputBuf_V_4/1 "/>
</bind>
</comp>

<comp id="222" class="1004" name="inputBuf_V_5_fu_222">
<pin_list>
<pin id="223" dir="0" index="0" bw="1" slack="0"/>
<pin id="224" dir="1" index="1" bw="25" slack="0"/>
</pin_list>
<bind>
<opcode="alloca(26) " fcode="alloca"/>
<opset="inputBuf_V_5/1 "/>
</bind>
</comp>

<comp id="226" class="1004" name="inputBuf_V_6_fu_226">
<pin_list>
<pin id="227" dir="0" index="0" bw="1" slack="0"/>
<pin id="228" dir="1" index="1" bw="25" slack="0"/>
</pin_list>
<bind>
<opcode="alloca(26) " fcode="alloca"/>
<opset="inputBuf_V_6/1 "/>
</bind>
</comp>

<comp id="230" class="1004" name="inputBuf_V_7_fu_230">
<pin_list>
<pin id="231" dir="0" index="0" bw="1" slack="0"/>
<pin id="232" dir="1" index="1" bw="25" slack="0"/>
</pin_list>
<bind>
<opcode="alloca(26) " fcode="alloca"/>
<opset="inputBuf_V_7/1 "/>
</bind>
</comp>

<comp id="234" class="1004" name="inputBuf_V_8_fu_234">
<pin_list>
<pin id="235" dir="0" index="0" bw="1" slack="0"/>
<pin id="236" dir="1" index="1" bw="25" slack="0"/>
</pin_list>
<bind>
<opcode="alloca(26) " fcode="alloca"/>
<opset="inputBuf_V_8/1 "/>
</bind>
</comp>

<comp id="238" class="1004" name="inputBuf_V_9_fu_238">
<pin_list>
<pin id="239" dir="0" index="0" bw="1" slack="0"/>
<pin id="240" dir="1" index="1" bw="25" slack="0"/>
</pin_list>
<bind>
<opcode="alloca(26) " fcode="alloca"/>
<opset="inputBuf_V_9/1 "/>
</bind>
</comp>

<comp id="242" class="1004" name="inputBuf_V_10_fu_242">
<pin_list>
<pin id="243" dir="0" index="0" bw="1" slack="0"/>
<pin id="244" dir="1" index="1" bw="25" slack="0"/>
</pin_list>
<bind>
<opcode="alloca(26) " fcode="alloca"/>
<opset="inputBuf_V_10/1 "/>
</bind>
</comp>

<comp id="246" class="1004" name="inputBuf_V_11_fu_246">
<pin_list>
<pin id="247" dir="0" index="0" bw="1" slack="0"/>
<pin id="248" dir="1" index="1" bw="25" slack="0"/>
</pin_list>
<bind>
<opcode="alloca(26) " fcode="alloca"/>
<opset="inputBuf_V_11/1 "/>
</bind>
</comp>

<comp id="250" class="1004" name="inputBuf_V_12_fu_250">
<pin_list>
<pin id="251" dir="0" index="0" bw="1" slack="0"/>
<pin id="252" dir="1" index="1" bw="25" slack="0"/>
</pin_list>
<bind>
<opcode="alloca(26) " fcode="alloca"/>
<opset="inputBuf_V_12/1 "/>
</bind>
</comp>

<comp id="254" class="1004" name="inputBuf_V_13_fu_254">
<pin_list>
<pin id="255" dir="0" index="0" bw="1" slack="0"/>
<pin id="256" dir="1" index="1" bw="25" slack="0"/>
</pin_list>
<bind>
<opcode="alloca(26) " fcode="alloca"/>
<opset="inputBuf_V_13/1 "/>
</bind>
</comp>

<comp id="258" class="1004" name="inputBuf_V_14_fu_258">
<pin_list>
<pin id="259" dir="0" index="0" bw="1" slack="0"/>
<pin id="260" dir="1" index="1" bw="25" slack="0"/>
</pin_list>
<bind>
<opcode="alloca(26) " fcode="alloca"/>
<opset="inputBuf_V_14/1 "/>
</bind>
</comp>

<comp id="262" class="1004" name="inputBuf_V_15_fu_262">
<pin_list>
<pin id="263" dir="0" index="0" bw="1" slack="0"/>
<pin id="264" dir="1" index="1" bw="25" slack="0"/>
</pin_list>
<bind>
<opcode="alloca(26) " fcode="alloca"/>
<opset="inputBuf_V_15/1 "/>
</bind>
</comp>

<comp id="266" class="1004" name="nf_1_fu_266">
<pin_list>
<pin id="267" dir="0" index="0" bw="1" slack="0"/>
<pin id="268" dir="1" index="1" bw="32" slack="0"/>
</pin_list>
<bind>
<opcode="alloca(26) " fcode="alloca"/>
<opset="nf_1/1 "/>
</bind>
</comp>

<comp id="270" class="1004" name="in0_V_read_read_fu_270">
<pin_list>
<pin id="271" dir="0" index="0" bw="32" slack="0"/>
<pin id="272" dir="0" index="1" bw="32" slack="0"/>
<pin id="273" dir="1" index="2" bw="32" slack="0"/>
</pin_list>
<bind>
<opcode="read(1150) " fcode="read"/>
<opset="in0_V_read/1 "/>
</bind>
</comp>

<comp id="276" class="1004" name="in1_V_read_read_fu_276">
<pin_list>
<pin id="277" dir="0" index="0" bw="56" slack="0"/>
<pin id="278" dir="0" index="1" bw="56" slack="0"/>
<pin id="279" dir="1" index="2" bw="56" slack="0"/>
</pin_list>
<bind>
<opcode="read(1150) " fcode="read"/>
<opset="in1_V_read/1 "/>
</bind>
</comp>

<comp id="282" class="1004" name="write_ln298_write_fu_282">
<pin_list>
<pin id="283" dir="0" index="0" bw="0" slack="0"/>
<pin id="284" dir="0" index="1" bw="8" slack="0"/>
<pin id="285" dir="0" index="2" bw="2" slack="0"/>
<pin id="286" dir="1" index="3" bw="0" slack="2147483647"/>
</pin_list>
<bind>
<opcode="write(1151) " fcode="write"/>
<opset="write_ln298/3 "/>
</bind>
</comp>

<comp id="289" class="1004" name="p_ZL7threshs_0_addr_gep_fu_289">
<pin_list>
<pin id="290" dir="0" index="0" bw="9" slack="0"/>
<pin id="291" dir="0" index="1" bw="1" slack="0"/>
<pin id="292" dir="0" index="2" bw="32" slack="0"/>
<pin id="293" dir="1" index="3" bw="6" slack="0"/>
</pin_list>
<bind>
<opcode="getelementptr(29) " fcode="getelementptr"/>
<opset="p_ZL7threshs_0_addr/2 "/>
</bind>
</comp>

<comp id="296" class="1004" name="grp_access_fu_296">
<pin_list>
<pin id="297" dir="0" index="0" bw="6" slack="0"/>
<pin id="298" dir="0" index="1" bw="9" slack="2147483647"/>
<pin id="299" dir="0" index="2" bw="0" slack="2147483647"/>
<pin id="300" dir="1" index="3" bw="9" slack="0"/>
</pin_list>
<bind>
<opcode="load(27) " fcode="load"/>
<opset="p_ZL7threshs_0_load/2 "/>
</bind>
</comp>

<comp id="302" class="1004" name="p_ZL7threshs_1_addr_gep_fu_302">
<pin_list>
<pin id="303" dir="0" index="0" bw="9" slack="0"/>
<pin id="304" dir="0" index="1" bw="1" slack="0"/>
<pin id="305" dir="0" index="2" bw="32" slack="0"/>
<pin id="306" dir="1" index="3" bw="6" slack="0"/>
</pin_list>
<bind>
<opcode="getelementptr(29) " fcode="getelementptr"/>
<opset="p_ZL7threshs_1_addr/2 "/>
</bind>
</comp>

<comp id="309" class="1004" name="grp_access_fu_309">
<pin_list>
<pin id="310" dir="0" index="0" bw="6" slack="0"/>
<pin id="311" dir="0" index="1" bw="9" slack="2147483647"/>
<pin id="312" dir="0" index="2" bw="0" slack="2147483647"/>
<pin id="313" dir="1" index="3" bw="9" slack="0"/>
</pin_list>
<bind>
<opcode="load(27) " fcode="load"/>
<opset="p_ZL7threshs_1_load/2 "/>
</bind>
</comp>

<comp id="315" class="1005" name="inElem_1_reg_315">
<pin_list>
<pin id="316" dir="0" index="0" bw="25" slack="2147483647"/>
<pin id="317" dir="1" index="1" bw="25" slack="2147483647"/>
</pin_list>
<bind>
<opset="inElem_1 (phireg) "/>
</bind>
</comp>

<comp id="318" class="1004" name="inElem_1_phi_fu_318">
<pin_list>
<pin id="319" dir="0" index="0" bw="25" slack="0"/>
<pin id="320" dir="0" index="1" bw="0" slack="2147483647"/>
<pin id="321" dir="0" index="2" bw="25" slack="0"/>
<pin id="322" dir="0" index="3" bw="0" slack="2147483647"/>
<pin id="323" dir="0" index="4" bw="25" slack="0"/>
<pin id="324" dir="0" index="5" bw="0" slack="2147483647"/>
<pin id="325" dir="0" index="6" bw="25" slack="0"/>
<pin id="326" dir="0" index="7" bw="0" slack="2147483647"/>
<pin id="327" dir="0" index="8" bw="25" slack="0"/>
<pin id="328" dir="0" index="9" bw="0" slack="2147483647"/>
<pin id="329" dir="0" index="10" bw="25" slack="0"/>
<pin id="330" dir="0" index="11" bw="0" slack="2147483647"/>
<pin id="331" dir="0" index="12" bw="25" slack="0"/>
<pin id="332" dir="0" index="13" bw="0" slack="2147483647"/>
<pin id="333" dir="0" index="14" bw="25" slack="0"/>
<pin id="334" dir="0" index="15" bw="0" slack="2147483647"/>
<pin id="335" dir="0" index="16" bw="25" slack="0"/>
<pin id="336" dir="0" index="17" bw="0" slack="2147483647"/>
<pin id="337" dir="0" index="18" bw="25" slack="0"/>
<pin id="338" dir="0" index="19" bw="0" slack="2147483647"/>
<pin id="339" dir="0" index="20" bw="25" slack="0"/>
<pin id="340" dir="0" index="21" bw="0" slack="2147483647"/>
<pin id="341" dir="0" index="22" bw="25" slack="0"/>
<pin id="342" dir="0" index="23" bw="0" slack="2147483647"/>
<pin id="343" dir="0" index="24" bw="25" slack="0"/>
<pin id="344" dir="0" index="25" bw="0" slack="2147483647"/>
<pin id="345" dir="0" index="26" bw="25" slack="0"/>
<pin id="346" dir="0" index="27" bw="0" slack="2147483647"/>
<pin id="347" dir="0" index="28" bw="25" slack="0"/>
<pin id="348" dir="0" index="29" bw="0" slack="2147483647"/>
<pin id="349" dir="0" index="30" bw="25" slack="0"/>
<pin id="350" dir="0" index="31" bw="0" slack="2147483647"/>
<pin id="351" dir="0" index="32" bw="25" slack="0"/>
<pin id="352" dir="0" index="33" bw="0" slack="2147483647"/>
<pin id="353" dir="1" index="34" bw="25" slack="0"/>
</pin_list>
<bind>
<opcode="phi(47) " fcode="phi"/>
<opset="inElem_1/1 "/>
</bind>
</comp>

<comp id="354" class="1004" name="store_ln249_store_fu_354">
<pin_list>
<pin id="355" dir="0" index="0" bw="1" slack="0"/>
<pin id="356" dir="0" index="1" bw="32" slack="0"/>
<pin id="357" dir="1" index="2" bw="0" slack="2147483647"/>
</pin_list>
<bind>
<opcode="store(28) " fcode="store"/>
<opset="store_ln249/1 "/>
</bind>
</comp>

<comp id="359" class="1004" name="store_ln249_store_fu_359">
<pin_list>
<pin id="360" dir="0" index="0" bw="1" slack="0"/>
<pin id="361" dir="0" index="1" bw="10" slack="0"/>
<pin id="362" dir="1" index="2" bw="0" slack="2147483647"/>
</pin_list>
<bind>
<opcode="store(28) " fcode="store"/>
<opset="store_ln249/1 "/>
</bind>
</comp>

<comp id="364" class="1004" name="store_ln249_store_fu_364">
<pin_list>
<pin id="365" dir="0" index="0" bw="1" slack="0"/>
<pin id="366" dir="0" index="1" bw="32" slack="0"/>
<pin id="367" dir="1" index="2" bw="0" slack="2147483647"/>
</pin_list>
<bind>
<opcode="store(28) " fcode="store"/>
<opset="store_ln249/1 "/>
</bind>
</comp>

<comp id="369" class="1004" name="sf_1_load_fu_369">
<pin_list>
<pin id="370" dir="0" index="0" bw="32" slack="0"/>
<pin id="371" dir="1" index="1" bw="32" slack="0"/>
</pin_list>
<bind>
<opcode="load(27) " fcode="load"/>
<opset="sf_1/1 "/>
</bind>
</comp>

<comp id="372" class="1004" name="i_1_load_fu_372">
<pin_list>
<pin id="373" dir="0" index="0" bw="10" slack="0"/>
<pin id="374" dir="1" index="1" bw="10" slack="0"/>
</pin_list>
<bind>
<opcode="load(27) " fcode="load"/>
<opset="i_1/1 "/>
</bind>
</comp>

<comp id="375" class="1004" name="nf_2_load_fu_375">
<pin_list>
<pin id="376" dir="0" index="0" bw="32" slack="0"/>
<pin id="377" dir="1" index="1" bw="32" slack="0"/>
</pin_list>
<bind>
<opcode="load(27) " fcode="load"/>
<opset="nf_2/1 "/>
</bind>
</comp>

<comp id="378" class="1004" name="icmp_ln249_fu_378">
<pin_list>
<pin id="379" dir="0" index="0" bw="10" slack="0"/>
<pin id="380" dir="0" index="1" bw="10" slack="0"/>
<pin id="381" dir="1" index="2" bw="1" slack="1"/>
</pin_list>
<bind>
<opcode="icmp(45) " fcode="icmp"/>
<opset="icmp_ln249/1 "/>
</bind>
</comp>

<comp id="384" class="1004" name="i_2_fu_384">
<pin_list>
<pin id="385" dir="0" index="0" bw="10" slack="0"/>
<pin id="386" dir="0" index="1" bw="1" slack="0"/>
<pin id="387" dir="1" index="2" bw="10" slack="0"/>
</pin_list>
<bind>
<opcode="add(8) " fcode="add"/>
<opset="i_2/1 "/>
</bind>
</comp>

<comp id="390" class="1004" name="icmp_ln253_fu_390">
<pin_list>
<pin id="391" dir="0" index="0" bw="32" slack="0"/>
<pin id="392" dir="0" index="1" bw="32" slack="0"/>
<pin id="393" dir="1" index="2" bw="1" slack="1"/>
</pin_list>
<bind>
<opcode="icmp(45) " fcode="icmp"/>
<opset="icmp_ln253/1 "/>
</bind>
</comp>

<comp id="396" class="1004" name="inputBuf_V_load_load_fu_396">
<pin_list>
<pin id="397" dir="0" index="0" bw="25" slack="0"/>
<pin id="398" dir="1" index="1" bw="25" slack="0"/>
</pin_list>
<bind>
<opcode="load(27) " fcode="load"/>
<opset="inputBuf_V_load/1 "/>
</bind>
</comp>

<comp id="399" class="1004" name="inputBuf_V_1_load_load_fu_399">
<pin_list>
<pin id="400" dir="0" index="0" bw="25" slack="0"/>
<pin id="401" dir="1" index="1" bw="25" slack="0"/>
</pin_list>
<bind>
<opcode="load(27) " fcode="load"/>
<opset="inputBuf_V_1_load/1 "/>
</bind>
</comp>

<comp id="402" class="1004" name="inputBuf_V_2_load_load_fu_402">
<pin_list>
<pin id="403" dir="0" index="0" bw="25" slack="0"/>
<pin id="404" dir="1" index="1" bw="25" slack="0"/>
</pin_list>
<bind>
<opcode="load(27) " fcode="load"/>
<opset="inputBuf_V_2_load/1 "/>
</bind>
</comp>

<comp id="405" class="1004" name="inputBuf_V_3_load_load_fu_405">
<pin_list>
<pin id="406" dir="0" index="0" bw="25" slack="0"/>
<pin id="407" dir="1" index="1" bw="25" slack="0"/>
</pin_list>
<bind>
<opcode="load(27) " fcode="load"/>
<opset="inputBuf_V_3_load/1 "/>
</bind>
</comp>

<comp id="408" class="1004" name="inputBuf_V_4_load_load_fu_408">
<pin_list>
<pin id="409" dir="0" index="0" bw="25" slack="0"/>
<pin id="410" dir="1" index="1" bw="25" slack="0"/>
</pin_list>
<bind>
<opcode="load(27) " fcode="load"/>
<opset="inputBuf_V_4_load/1 "/>
</bind>
</comp>

<comp id="411" class="1004" name="inputBuf_V_5_load_load_fu_411">
<pin_list>
<pin id="412" dir="0" index="0" bw="25" slack="0"/>
<pin id="413" dir="1" index="1" bw="25" slack="0"/>
</pin_list>
<bind>
<opcode="load(27) " fcode="load"/>
<opset="inputBuf_V_5_load/1 "/>
</bind>
</comp>

<comp id="414" class="1004" name="inputBuf_V_6_load_load_fu_414">
<pin_list>
<pin id="415" dir="0" index="0" bw="25" slack="0"/>
<pin id="416" dir="1" index="1" bw="25" slack="0"/>
</pin_list>
<bind>
<opcode="load(27) " fcode="load"/>
<opset="inputBuf_V_6_load/1 "/>
</bind>
</comp>

<comp id="417" class="1004" name="inputBuf_V_7_load_load_fu_417">
<pin_list>
<pin id="418" dir="0" index="0" bw="25" slack="0"/>
<pin id="419" dir="1" index="1" bw="25" slack="0"/>
</pin_list>
<bind>
<opcode="load(27) " fcode="load"/>
<opset="inputBuf_V_7_load/1 "/>
</bind>
</comp>

<comp id="420" class="1004" name="inputBuf_V_8_load_load_fu_420">
<pin_list>
<pin id="421" dir="0" index="0" bw="25" slack="0"/>
<pin id="422" dir="1" index="1" bw="25" slack="0"/>
</pin_list>
<bind>
<opcode="load(27) " fcode="load"/>
<opset="inputBuf_V_8_load/1 "/>
</bind>
</comp>

<comp id="423" class="1004" name="inputBuf_V_9_load_load_fu_423">
<pin_list>
<pin id="424" dir="0" index="0" bw="25" slack="0"/>
<pin id="425" dir="1" index="1" bw="25" slack="0"/>
</pin_list>
<bind>
<opcode="load(27) " fcode="load"/>
<opset="inputBuf_V_9_load/1 "/>
</bind>
</comp>

<comp id="426" class="1004" name="inputBuf_V_10_load_load_fu_426">
<pin_list>
<pin id="427" dir="0" index="0" bw="25" slack="0"/>
<pin id="428" dir="1" index="1" bw="25" slack="0"/>
</pin_list>
<bind>
<opcode="load(27) " fcode="load"/>
<opset="inputBuf_V_10_load/1 "/>
</bind>
</comp>

<comp id="429" class="1004" name="inputBuf_V_11_load_load_fu_429">
<pin_list>
<pin id="430" dir="0" index="0" bw="25" slack="0"/>
<pin id="431" dir="1" index="1" bw="25" slack="0"/>
</pin_list>
<bind>
<opcode="load(27) " fcode="load"/>
<opset="inputBuf_V_11_load/1 "/>
</bind>
</comp>

<comp id="432" class="1004" name="inputBuf_V_12_load_load_fu_432">
<pin_list>
<pin id="433" dir="0" index="0" bw="25" slack="0"/>
<pin id="434" dir="1" index="1" bw="25" slack="0"/>
</pin_list>
<bind>
<opcode="load(27) " fcode="load"/>
<opset="inputBuf_V_12_load/1 "/>
</bind>
</comp>

<comp id="435" class="1004" name="inputBuf_V_13_load_load_fu_435">
<pin_list>
<pin id="436" dir="0" index="0" bw="25" slack="0"/>
<pin id="437" dir="1" index="1" bw="25" slack="0"/>
</pin_list>
<bind>
<opcode="load(27) " fcode="load"/>
<opset="inputBuf_V_13_load/1 "/>
</bind>
</comp>

<comp id="438" class="1004" name="inputBuf_V_14_load_load_fu_438">
<pin_list>
<pin id="439" dir="0" index="0" bw="25" slack="0"/>
<pin id="440" dir="1" index="1" bw="25" slack="0"/>
</pin_list>
<bind>
<opcode="load(27) " fcode="load"/>
<opset="inputBuf_V_14_load/1 "/>
</bind>
</comp>

<comp id="441" class="1004" name="inputBuf_V_15_load_load_fu_441">
<pin_list>
<pin id="442" dir="0" index="0" bw="25" slack="0"/>
<pin id="443" dir="1" index="1" bw="25" slack="0"/>
</pin_list>
<bind>
<opcode="load(27) " fcode="load"/>
<opset="inputBuf_V_15_load/1 "/>
</bind>
</comp>

<comp id="444" class="1004" name="trunc_ln261_fu_444">
<pin_list>
<pin id="445" dir="0" index="0" bw="32" slack="0"/>
<pin id="446" dir="1" index="1" bw="4" slack="0"/>
</pin_list>
<bind>
<opcode="trunc(33) " fcode="trunc"/>
<opset="trunc_ln261/1 "/>
</bind>
</comp>

<comp id="448" class="1004" name="tmp_fu_448">
<pin_list>
<pin id="449" dir="0" index="0" bw="25" slack="0"/>
<pin id="450" dir="0" index="1" bw="25" slack="0"/>
<pin id="451" dir="0" index="2" bw="25" slack="0"/>
<pin id="452" dir="0" index="3" bw="25" slack="0"/>
<pin id="453" dir="0" index="4" bw="25" slack="0"/>
<pin id="454" dir="0" index="5" bw="25" slack="0"/>
<pin id="455" dir="0" index="6" bw="25" slack="0"/>
<pin id="456" dir="0" index="7" bw="25" slack="0"/>
<pin id="457" dir="0" index="8" bw="25" slack="0"/>
<pin id="458" dir="0" index="9" bw="25" slack="0"/>
<pin id="459" dir="0" index="10" bw="25" slack="0"/>
<pin id="460" dir="0" index="11" bw="25" slack="0"/>
<pin id="461" dir="0" index="12" bw="25" slack="0"/>
<pin id="462" dir="0" index="13" bw="25" slack="0"/>
<pin id="463" dir="0" index="14" bw="25" slack="0"/>
<pin id="464" dir="0" index="15" bw="25" slack="0"/>
<pin id="465" dir="0" index="16" bw="25" slack="0"/>
<pin id="466" dir="0" index="17" bw="4" slack="0"/>
<pin id="467" dir="1" index="18" bw="25" slack="0"/>
</pin_list>
<bind>
<opcode="mux(1196) " fcode="mux"/>
<opset="tmp/1 "/>
</bind>
</comp>

<comp id="487" class="1004" name="inElem_fu_487">
<pin_list>
<pin id="488" dir="0" index="0" bw="32" slack="0"/>
<pin id="489" dir="1" index="1" bw="25" slack="0"/>
</pin_list>
<bind>
<opcode="trunc(33) " fcode="trunc"/>
<opset="inElem/1 "/>
</bind>
</comp>

<comp id="507" class="1004" name="trunc_ln257_fu_507">
<pin_list>
<pin id="508" dir="0" index="0" bw="32" slack="0"/>
<pin id="509" dir="1" index="1" bw="4" slack="1"/>
</pin_list>
<bind>
<opcode="trunc(33) " fcode="trunc"/>
<opset="trunc_ln257/1 "/>
</bind>
</comp>

<comp id="511" class="1004" name="store_ln257_store_fu_511">
<pin_list>
<pin id="512" dir="0" index="0" bw="25" slack="0"/>
<pin id="513" dir="0" index="1" bw="25" slack="0"/>
<pin id="514" dir="1" index="2" bw="0" slack="2147483647"/>
</pin_list>
<bind>
<opcode="store(28) " fcode="store"/>
<opset="store_ln257/1 "/>
</bind>
</comp>

<comp id="516" class="1004" name="store_ln257_store_fu_516">
<pin_list>
<pin id="517" dir="0" index="0" bw="25" slack="0"/>
<pin id="518" dir="0" index="1" bw="25" slack="0"/>
<pin id="519" dir="1" index="2" bw="0" slack="2147483647"/>
</pin_list>
<bind>
<opcode="store(28) " fcode="store"/>
<opset="store_ln257/1 "/>
</bind>
</comp>

<comp id="521" class="1004" name="store_ln257_store_fu_521">
<pin_list>
<pin id="522" dir="0" index="0" bw="25" slack="0"/>
<pin id="523" dir="0" index="1" bw="25" slack="0"/>
<pin id="524" dir="1" index="2" bw="0" slack="2147483647"/>
</pin_list>
<bind>
<opcode="store(28) " fcode="store"/>
<opset="store_ln257/1 "/>
</bind>
</comp>

<comp id="526" class="1004" name="store_ln257_store_fu_526">
<pin_list>
<pin id="527" dir="0" index="0" bw="25" slack="0"/>
<pin id="528" dir="0" index="1" bw="25" slack="0"/>
<pin id="529" dir="1" index="2" bw="0" slack="2147483647"/>
</pin_list>
<bind>
<opcode="store(28) " fcode="store"/>
<opset="store_ln257/1 "/>
</bind>
</comp>

<comp id="531" class="1004" name="store_ln257_store_fu_531">
<pin_list>
<pin id="532" dir="0" index="0" bw="25" slack="0"/>
<pin id="533" dir="0" index="1" bw="25" slack="0"/>
<pin id="534" dir="1" index="2" bw="0" slack="2147483647"/>
</pin_list>
<bind>
<opcode="store(28) " fcode="store"/>
<opset="store_ln257/1 "/>
</bind>
</comp>

<comp id="536" class="1004" name="store_ln257_store_fu_536">
<pin_list>
<pin id="537" dir="0" index="0" bw="25" slack="0"/>
<pin id="538" dir="0" index="1" bw="25" slack="0"/>
<pin id="539" dir="1" index="2" bw="0" slack="2147483647"/>
</pin_list>
<bind>
<opcode="store(28) " fcode="store"/>
<opset="store_ln257/1 "/>
</bind>
</comp>

<comp id="541" class="1004" name="store_ln257_store_fu_541">
<pin_list>
<pin id="542" dir="0" index="0" bw="25" slack="0"/>
<pin id="543" dir="0" index="1" bw="25" slack="0"/>
<pin id="544" dir="1" index="2" bw="0" slack="2147483647"/>
</pin_list>
<bind>
<opcode="store(28) " fcode="store"/>
<opset="store_ln257/1 "/>
</bind>
</comp>

<comp id="546" class="1004" name="store_ln257_store_fu_546">
<pin_list>
<pin id="547" dir="0" index="0" bw="25" slack="0"/>
<pin id="548" dir="0" index="1" bw="25" slack="0"/>
<pin id="549" dir="1" index="2" bw="0" slack="2147483647"/>
</pin_list>
<bind>
<opcode="store(28) " fcode="store"/>
<opset="store_ln257/1 "/>
</bind>
</comp>

<comp id="551" class="1004" name="store_ln257_store_fu_551">
<pin_list>
<pin id="552" dir="0" index="0" bw="25" slack="0"/>
<pin id="553" dir="0" index="1" bw="25" slack="0"/>
<pin id="554" dir="1" index="2" bw="0" slack="2147483647"/>
</pin_list>
<bind>
<opcode="store(28) " fcode="store"/>
<opset="store_ln257/1 "/>
</bind>
</comp>

<comp id="556" class="1004" name="store_ln257_store_fu_556">
<pin_list>
<pin id="557" dir="0" index="0" bw="25" slack="0"/>
<pin id="558" dir="0" index="1" bw="25" slack="0"/>
<pin id="559" dir="1" index="2" bw="0" slack="2147483647"/>
</pin_list>
<bind>
<opcode="store(28) " fcode="store"/>
<opset="store_ln257/1 "/>
</bind>
</comp>

<comp id="561" class="1004" name="store_ln257_store_fu_561">
<pin_list>
<pin id="562" dir="0" index="0" bw="25" slack="0"/>
<pin id="563" dir="0" index="1" bw="25" slack="0"/>
<pin id="564" dir="1" index="2" bw="0" slack="2147483647"/>
</pin_list>
<bind>
<opcode="store(28) " fcode="store"/>
<opset="store_ln257/1 "/>
</bind>
</comp>

<comp id="566" class="1004" name="store_ln257_store_fu_566">
<pin_list>
<pin id="567" dir="0" index="0" bw="25" slack="0"/>
<pin id="568" dir="0" index="1" bw="25" slack="0"/>
<pin id="569" dir="1" index="2" bw="0" slack="2147483647"/>
</pin_list>
<bind>
<opcode="store(28) " fcode="store"/>
<opset="store_ln257/1 "/>
</bind>
</comp>

<comp id="571" class="1004" name="store_ln257_store_fu_571">
<pin_list>
<pin id="572" dir="0" index="0" bw="25" slack="0"/>
<pin id="573" dir="0" index="1" bw="25" slack="0"/>
<pin id="574" dir="1" index="2" bw="0" slack="2147483647"/>
</pin_list>
<bind>
<opcode="store(28) " fcode="store"/>
<opset="store_ln257/1 "/>
</bind>
</comp>

<comp id="576" class="1004" name="store_ln257_store_fu_576">
<pin_list>
<pin id="577" dir="0" index="0" bw="25" slack="0"/>
<pin id="578" dir="0" index="1" bw="25" slack="0"/>
<pin id="579" dir="1" index="2" bw="0" slack="2147483647"/>
</pin_list>
<bind>
<opcode="store(28) " fcode="store"/>
<opset="store_ln257/1 "/>
</bind>
</comp>

<comp id="581" class="1004" name="store_ln257_store_fu_581">
<pin_list>
<pin id="582" dir="0" index="0" bw="25" slack="0"/>
<pin id="583" dir="0" index="1" bw="25" slack="0"/>
<pin id="584" dir="1" index="2" bw="0" slack="2147483647"/>
</pin_list>
<bind>
<opcode="store(28) " fcode="store"/>
<opset="store_ln257/1 "/>
</bind>
</comp>

<comp id="586" class="1004" name="store_ln257_store_fu_586">
<pin_list>
<pin id="587" dir="0" index="0" bw="25" slack="0"/>
<pin id="588" dir="0" index="1" bw="25" slack="0"/>
<pin id="589" dir="1" index="2" bw="0" slack="2147483647"/>
</pin_list>
<bind>
<opcode="store(28) " fcode="store"/>
<opset="store_ln257/1 "/>
</bind>
</comp>

<comp id="591" class="1004" name="add_i_i_i3_24134_load_load_fu_591">
<pin_list>
<pin id="592" dir="0" index="0" bw="10" slack="0"/>
<pin id="593" dir="1" index="1" bw="10" slack="0"/>
</pin_list>
<bind>
<opcode="load(27) " fcode="load"/>
<opset="add_i_i_i3_24134_load/1 "/>
</bind>
</comp>

<comp id="594" class="1004" name="add_i_i_i3_1_24136_load_load_fu_594">
<pin_list>
<pin id="595" dir="0" index="0" bw="10" slack="0"/>
<pin id="596" dir="1" index="1" bw="10" slack="0"/>
</pin_list>
<bind>
<opcode="load(27) " fcode="load"/>
<opset="add_i_i_i3_1_24136_load/1 "/>
</bind>
</comp>

<comp id="597" class="1004" name="p_Result_s_fu_597">
<pin_list>
<pin id="598" dir="0" index="0" bw="25" slack="0"/>
<pin id="599" dir="1" index="1" bw="1" slack="0"/>
</pin_list>
<bind>
<opcode="trunc(33) " fcode="trunc"/>
<opset="p_Result_s/1 "/>
</bind>
</comp>

<comp id="601" class="1004" name="icmp_ln272_fu_601">
<pin_list>
<pin id="602" dir="0" index="0" bw="32" slack="0"/>
<pin id="603" dir="0" index="1" bw="32" slack="0"/>
<pin id="604" dir="1" index="2" bw="1" slack="0"/>
</pin_list>
<bind>
<opcode="icmp(45) " fcode="icmp"/>
<opset="icmp_ln272/1 "/>
</bind>
</comp>

<comp id="607" class="1004" name="select_ln272_fu_607">
<pin_list>
<pin id="608" dir="0" index="0" bw="1" slack="0"/>
<pin id="609" dir="0" index="1" bw="10" slack="0"/>
<pin id="610" dir="0" index="2" bw="10" slack="0"/>
<pin id="611" dir="1" index="3" bw="10" slack="0"/>
</pin_list>
<bind>
<opcode="select(49) " fcode="select"/>
<opset="select_ln272/1 "/>
</bind>
</comp>

<comp id="615" class="1004" name="select_ln272_1_fu_615">
<pin_list>
<pin id="616" dir="0" index="0" bw="1" slack="0"/>
<pin id="617" dir="0" index="1" bw="10" slack="0"/>
<pin id="618" dir="0" index="2" bw="10" slack="0"/>
<pin id="619" dir="1" index="3" bw="10" slack="0"/>
</pin_list>
<bind>
<opcode="select(49) " fcode="select"/>
<opset="select_ln272_1/1 "/>
</bind>
</comp>

<comp id="623" class="1004" name="local_temp_V_fu_623">
<pin_list>
<pin id="624" dir="0" index="0" bw="56" slack="0"/>
<pin id="625" dir="1" index="1" bw="1" slack="0"/>
</pin_list>
<bind>
<opcode="trunc(33) " fcode="trunc"/>
<opset="local_temp_V/1 "/>
</bind>
</comp>

<comp id="627" class="1004" name="local_temp_V_1_fu_627">
<pin_list>
<pin id="628" dir="0" index="0" bw="1" slack="0"/>
<pin id="629" dir="0" index="1" bw="56" slack="0"/>
<pin id="630" dir="0" index="2" bw="1" slack="0"/>
<pin id="631" dir="1" index="3" bw="1" slack="0"/>
</pin_list>
<bind>
<opcode="bitselect(1000) " fcode="bitselect"/>
<opset="local_temp_V_1/1 "/>
</bind>
</comp>

<comp id="635" class="1004" name="local_temp_V_2_fu_635">
<pin_list>
<pin id="636" dir="0" index="0" bw="1" slack="0"/>
<pin id="637" dir="0" index="1" bw="56" slack="0"/>
<pin id="638" dir="0" index="2" bw="3" slack="0"/>
<pin id="639" dir="1" index="3" bw="1" slack="0"/>
</pin_list>
<bind>
<opcode="bitselect(1000) " fcode="bitselect"/>
<opset="local_temp_V_2/1 "/>
</bind>
</comp>

<comp id="643" class="1004" name="local_temp_V_3_fu_643">
<pin_list>
<pin id="644" dir="0" index="0" bw="1" slack="0"/>
<pin id="645" dir="0" index="1" bw="56" slack="0"/>
<pin id="646" dir="0" index="2" bw="3" slack="0"/>
<pin id="647" dir="1" index="3" bw="1" slack="0"/>
</pin_list>
<bind>
<opcode="bitselect(1000) " fcode="bitselect"/>
<opset="local_temp_V_3/1 "/>
</bind>
</comp>

<comp id="651" class="1004" name="local_temp_V_4_fu_651">
<pin_list>
<pin id="652" dir="0" index="0" bw="1" slack="0"/>
<pin id="653" dir="0" index="1" bw="56" slack="0"/>
<pin id="654" dir="0" index="2" bw="4" slack="0"/>
<pin id="655" dir="1" index="3" bw="1" slack="0"/>
</pin_list>
<bind>
<opcode="bitselect(1000) " fcode="bitselect"/>
<opset="local_temp_V_4/1 "/>
</bind>
</comp>

<comp id="659" class="1004" name="local_temp_V_5_fu_659">
<pin_list>
<pin id="660" dir="0" index="0" bw="1" slack="0"/>
<pin id="661" dir="0" index="1" bw="56" slack="0"/>
<pin id="662" dir="0" index="2" bw="4" slack="0"/>
<pin id="663" dir="1" index="3" bw="1" slack="0"/>
</pin_list>
<bind>
<opcode="bitselect(1000) " fcode="bitselect"/>
<opset="local_temp_V_5/1 "/>
</bind>
</comp>

<comp id="667" class="1004" name="local_temp_V_6_fu_667">
<pin_list>
<pin id="668" dir="0" index="0" bw="1" slack="0"/>
<pin id="669" dir="0" index="1" bw="56" slack="0"/>
<pin id="670" dir="0" index="2" bw="4" slack="0"/>
<pin id="671" dir="1" index="3" bw="1" slack="0"/>
</pin_list>
<bind>
<opcode="bitselect(1000) " fcode="bitselect"/>
<opset="local_temp_V_6/1 "/>
</bind>
</comp>

<comp id="675" class="1004" name="local_temp_V_7_fu_675">
<pin_list>
<pin id="676" dir="0" index="0" bw="1" slack="0"/>
<pin id="677" dir="0" index="1" bw="56" slack="0"/>
<pin id="678" dir="0" index="2" bw="4" slack="0"/>
<pin id="679" dir="1" index="3" bw="1" slack="0"/>
</pin_list>
<bind>
<opcode="bitselect(1000) " fcode="bitselect"/>
<opset="local_temp_V_7/1 "/>
</bind>
</comp>

<comp id="683" class="1004" name="local_temp_V_8_fu_683">
<pin_list>
<pin id="684" dir="0" index="0" bw="1" slack="0"/>
<pin id="685" dir="0" index="1" bw="56" slack="0"/>
<pin id="686" dir="0" index="2" bw="5" slack="0"/>
<pin id="687" dir="1" index="3" bw="1" slack="0"/>
</pin_list>
<bind>
<opcode="bitselect(1000) " fcode="bitselect"/>
<opset="local_temp_V_8/1 "/>
</bind>
</comp>

<comp id="691" class="1004" name="local_temp_V_9_fu_691">
<pin_list>
<pin id="692" dir="0" index="0" bw="1" slack="0"/>
<pin id="693" dir="0" index="1" bw="56" slack="0"/>
<pin id="694" dir="0" index="2" bw="5" slack="0"/>
<pin id="695" dir="1" index="3" bw="1" slack="0"/>
</pin_list>
<bind>
<opcode="bitselect(1000) " fcode="bitselect"/>
<opset="local_temp_V_9/1 "/>
</bind>
</comp>

<comp id="699" class="1004" name="local_temp_V_10_fu_699">
<pin_list>
<pin id="700" dir="0" index="0" bw="1" slack="0"/>
<pin id="701" dir="0" index="1" bw="56" slack="0"/>
<pin id="702" dir="0" index="2" bw="5" slack="0"/>
<pin id="703" dir="1" index="3" bw="1" slack="0"/>
</pin_list>
<bind>
<opcode="bitselect(1000) " fcode="bitselect"/>
<opset="local_temp_V_10/1 "/>
</bind>
</comp>

<comp id="707" class="1004" name="local_temp_V_11_fu_707">
<pin_list>
<pin id="708" dir="0" index="0" bw="1" slack="0"/>
<pin id="709" dir="0" index="1" bw="56" slack="0"/>
<pin id="710" dir="0" index="2" bw="5" slack="0"/>
<pin id="711" dir="1" index="3" bw="1" slack="0"/>
</pin_list>
<bind>
<opcode="bitselect(1000) " fcode="bitselect"/>
<opset="local_temp_V_11/1 "/>
</bind>
</comp>

<comp id="715" class="1004" name="local_temp_V_12_fu_715">
<pin_list>
<pin id="716" dir="0" index="0" bw="1" slack="0"/>
<pin id="717" dir="0" index="1" bw="56" slack="0"/>
<pin id="718" dir="0" index="2" bw="5" slack="0"/>
<pin id="719" dir="1" index="3" bw="1" slack="0"/>
</pin_list>
<bind>
<opcode="bitselect(1000) " fcode="bitselect"/>
<opset="local_temp_V_12/1 "/>
</bind>
</comp>

<comp id="723" class="1004" name="local_temp_V_13_fu_723">
<pin_list>
<pin id="724" dir="0" index="0" bw="1" slack="0"/>
<pin id="725" dir="0" index="1" bw="56" slack="0"/>
<pin id="726" dir="0" index="2" bw="5" slack="0"/>
<pin id="727" dir="1" index="3" bw="1" slack="0"/>
</pin_list>
<bind>
<opcode="bitselect(1000) " fcode="bitselect"/>
<opset="local_temp_V_13/1 "/>
</bind>
</comp>

<comp id="731" class="1004" name="local_temp_V_14_fu_731">
<pin_list>
<pin id="732" dir="0" index="0" bw="1" slack="0"/>
<pin id="733" dir="0" index="1" bw="56" slack="0"/>
<pin id="734" dir="0" index="2" bw="5" slack="0"/>
<pin id="735" dir="1" index="3" bw="1" slack="0"/>
</pin_list>
<bind>
<opcode="bitselect(1000) " fcode="bitselect"/>
<opset="local_temp_V_14/1 "/>
</bind>
</comp>

<comp id="739" class="1004" name="local_temp_V_15_fu_739">
<pin_list>
<pin id="740" dir="0" index="0" bw="1" slack="0"/>
<pin id="741" dir="0" index="1" bw="56" slack="0"/>
<pin id="742" dir="0" index="2" bw="5" slack="0"/>
<pin id="743" dir="1" index="3" bw="1" slack="0"/>
</pin_list>
<bind>
<opcode="bitselect(1000) " fcode="bitselect"/>
<opset="local_temp_V_15/1 "/>
</bind>
</comp>

<comp id="747" class="1004" name="local_temp_V_16_fu_747">
<pin_list>
<pin id="748" dir="0" index="0" bw="1" slack="0"/>
<pin id="749" dir="0" index="1" bw="56" slack="0"/>
<pin id="750" dir="0" index="2" bw="6" slack="0"/>
<pin id="751" dir="1" index="3" bw="1" slack="0"/>
</pin_list>
<bind>
<opcode="bitselect(1000) " fcode="bitselect"/>
<opset="local_temp_V_16/1 "/>
</bind>
</comp>

<comp id="755" class="1004" name="local_temp_V_17_fu_755">
<pin_list>
<pin id="756" dir="0" index="0" bw="1" slack="0"/>
<pin id="757" dir="0" index="1" bw="56" slack="0"/>
<pin id="758" dir="0" index="2" bw="6" slack="0"/>
<pin id="759" dir="1" index="3" bw="1" slack="0"/>
</pin_list>
<bind>
<opcode="bitselect(1000) " fcode="bitselect"/>
<opset="local_temp_V_17/1 "/>
</bind>
</comp>

<comp id="763" class="1004" name="local_temp_V_18_fu_763">
<pin_list>
<pin id="764" dir="0" index="0" bw="1" slack="0"/>
<pin id="765" dir="0" index="1" bw="56" slack="0"/>
<pin id="766" dir="0" index="2" bw="6" slack="0"/>
<pin id="767" dir="1" index="3" bw="1" slack="0"/>
</pin_list>
<bind>
<opcode="bitselect(1000) " fcode="bitselect"/>
<opset="local_temp_V_18/1 "/>
</bind>
</comp>

<comp id="771" class="1004" name="local_temp_V_19_fu_771">
<pin_list>
<pin id="772" dir="0" index="0" bw="1" slack="0"/>
<pin id="773" dir="0" index="1" bw="56" slack="0"/>
<pin id="774" dir="0" index="2" bw="6" slack="0"/>
<pin id="775" dir="1" index="3" bw="1" slack="0"/>
</pin_list>
<bind>
<opcode="bitselect(1000) " fcode="bitselect"/>
<opset="local_temp_V_19/1 "/>
</bind>
</comp>

<comp id="779" class="1004" name="local_temp_V_20_fu_779">
<pin_list>
<pin id="780" dir="0" index="0" bw="1" slack="0"/>
<pin id="781" dir="0" index="1" bw="56" slack="0"/>
<pin id="782" dir="0" index="2" bw="6" slack="0"/>
<pin id="783" dir="1" index="3" bw="1" slack="0"/>
</pin_list>
<bind>
<opcode="bitselect(1000) " fcode="bitselect"/>
<opset="local_temp_V_20/1 "/>
</bind>
</comp>

<comp id="787" class="1004" name="local_temp_V_21_fu_787">
<pin_list>
<pin id="788" dir="0" index="0" bw="1" slack="0"/>
<pin id="789" dir="0" index="1" bw="56" slack="0"/>
<pin id="790" dir="0" index="2" bw="6" slack="0"/>
<pin id="791" dir="1" index="3" bw="1" slack="0"/>
</pin_list>
<bind>
<opcode="bitselect(1000) " fcode="bitselect"/>
<opset="local_temp_V_21/1 "/>
</bind>
</comp>

<comp id="795" class="1004" name="local_temp_V_22_fu_795">
<pin_list>
<pin id="796" dir="0" index="0" bw="1" slack="0"/>
<pin id="797" dir="0" index="1" bw="56" slack="0"/>
<pin id="798" dir="0" index="2" bw="6" slack="0"/>
<pin id="799" dir="1" index="3" bw="1" slack="0"/>
</pin_list>
<bind>
<opcode="bitselect(1000) " fcode="bitselect"/>
<opset="local_temp_V_22/1 "/>
</bind>
</comp>

<comp id="803" class="1004" name="local_temp_V_23_fu_803">
<pin_list>
<pin id="804" dir="0" index="0" bw="1" slack="0"/>
<pin id="805" dir="0" index="1" bw="56" slack="0"/>
<pin id="806" dir="0" index="2" bw="6" slack="0"/>
<pin id="807" dir="1" index="3" bw="1" slack="0"/>
</pin_list>
<bind>
<opcode="bitselect(1000) " fcode="bitselect"/>
<opset="local_temp_V_23/1 "/>
</bind>
</comp>

<comp id="811" class="1004" name="local_temp_V_24_fu_811">
<pin_list>
<pin id="812" dir="0" index="0" bw="1" slack="0"/>
<pin id="813" dir="0" index="1" bw="56" slack="0"/>
<pin id="814" dir="0" index="2" bw="6" slack="0"/>
<pin id="815" dir="1" index="3" bw="1" slack="0"/>
</pin_list>
<bind>
<opcode="bitselect(1000) " fcode="bitselect"/>
<opset="local_temp_V_24/1 "/>
</bind>
</comp>

<comp id="819" class="1004" name="xor_ln1019_fu_819">
<pin_list>
<pin id="820" dir="0" index="0" bw="1" slack="0"/>
<pin id="821" dir="0" index="1" bw="1" slack="0"/>
<pin id="822" dir="1" index="2" bw="1" slack="0"/>
</pin_list>
<bind>
<opcode="xor(25) " fcode="xor"/>
<opset="xor_ln1019/1 "/>
</bind>
</comp>

<comp id="825" class="1004" name="xor_ln1019_1_fu_825">
<pin_list>
<pin id="826" dir="0" index="0" bw="1" slack="0"/>
<pin id="827" dir="0" index="1" bw="1" slack="0"/>
<pin id="828" dir="1" index="2" bw="1" slack="0"/>
</pin_list>
<bind>
<opcode="xor(25) " fcode="xor"/>
<opset="xor_ln1019_1/1 "/>
</bind>
</comp>

<comp id="831" class="1004" name="zext_ln780_fu_831">
<pin_list>
<pin id="832" dir="0" index="0" bw="1" slack="0"/>
<pin id="833" dir="1" index="1" bw="2" slack="0"/>
</pin_list>
<bind>
<opcode="zext(34) " fcode="zext"/>
<opset="zext_ln780/1 "/>
</bind>
</comp>

<comp id="835" class="1004" name="p_Result_1_fu_835">
<pin_list>
<pin id="836" dir="0" index="0" bw="1" slack="0"/>
<pin id="837" dir="0" index="1" bw="25" slack="0"/>
<pin id="838" dir="0" index="2" bw="1" slack="0"/>
<pin id="839" dir="1" index="3" bw="1" slack="0"/>
</pin_list>
<bind>
<opcode="bitselect(1000) " fcode="bitselect"/>
<opset="p_Result_1/1 "/>
</bind>
</comp>

<comp id="843" class="1004" name="xor_ln1019_2_fu_843">
<pin_list>
<pin id="844" dir="0" index="0" bw="1" slack="0"/>
<pin id="845" dir="0" index="1" bw="1" slack="0"/>
<pin id="846" dir="1" index="2" bw="1" slack="0"/>
</pin_list>
<bind>
<opcode="xor(25) " fcode="xor"/>
<opset="xor_ln1019_2/1 "/>
</bind>
</comp>

<comp id="849" class="1004" name="xor_ln1019_3_fu_849">
<pin_list>
<pin id="850" dir="0" index="0" bw="1" slack="0"/>
<pin id="851" dir="0" index="1" bw="1" slack="0"/>
<pin id="852" dir="1" index="2" bw="1" slack="0"/>
</pin_list>
<bind>
<opcode="xor(25) " fcode="xor"/>
<opset="xor_ln1019_3/1 "/>
</bind>
</comp>

<comp id="855" class="1004" name="zext_ln780_1_fu_855">
<pin_list>
<pin id="856" dir="0" index="0" bw="1" slack="0"/>
<pin id="857" dir="1" index="1" bw="2" slack="0"/>
</pin_list>
<bind>
<opcode="zext(34) " fcode="zext"/>
<opset="zext_ln780_1/1 "/>
</bind>
</comp>

<comp id="859" class="1004" name="p_Result_2_fu_859">
<pin_list>
<pin id="860" dir="0" index="0" bw="1" slack="0"/>
<pin id="861" dir="0" index="1" bw="25" slack="0"/>
<pin id="862" dir="0" index="2" bw="3" slack="0"/>
<pin id="863" dir="1" index="3" bw="1" slack="0"/>
</pin_list>
<bind>
<opcode="bitselect(1000) " fcode="bitselect"/>
<opset="p_Result_2/1 "/>
</bind>
</comp>

<comp id="867" class="1004" name="xor_ln1019_4_fu_867">
<pin_list>
<pin id="868" dir="0" index="0" bw="1" slack="0"/>
<pin id="869" dir="0" index="1" bw="1" slack="0"/>
<pin id="870" dir="1" index="2" bw="1" slack="0"/>
</pin_list>
<bind>
<opcode="xor(25) " fcode="xor"/>
<opset="xor_ln1019_4/1 "/>
</bind>
</comp>

<comp id="873" class="1004" name="xor_ln1019_5_fu_873">
<pin_list>
<pin id="874" dir="0" index="0" bw="1" slack="0"/>
<pin id="875" dir="0" index="1" bw="1" slack="0"/>
<pin id="876" dir="1" index="2" bw="1" slack="0"/>
</pin_list>
<bind>
<opcode="xor(25) " fcode="xor"/>
<opset="xor_ln1019_5/1 "/>
</bind>
</comp>

<comp id="879" class="1004" name="zext_ln780_2_fu_879">
<pin_list>
<pin id="880" dir="0" index="0" bw="1" slack="0"/>
<pin id="881" dir="1" index="1" bw="2" slack="0"/>
</pin_list>
<bind>
<opcode="zext(34) " fcode="zext"/>
<opset="zext_ln780_2/1 "/>
</bind>
</comp>

<comp id="883" class="1004" name="p_Result_3_fu_883">
<pin_list>
<pin id="884" dir="0" index="0" bw="1" slack="0"/>
<pin id="885" dir="0" index="1" bw="25" slack="0"/>
<pin id="886" dir="0" index="2" bw="3" slack="0"/>
<pin id="887" dir="1" index="3" bw="1" slack="0"/>
</pin_list>
<bind>
<opcode="bitselect(1000) " fcode="bitselect"/>
<opset="p_Result_3/1 "/>
</bind>
</comp>

<comp id="891" class="1004" name="xor_ln1019_6_fu_891">
<pin_list>
<pin id="892" dir="0" index="0" bw="1" slack="0"/>
<pin id="893" dir="0" index="1" bw="1" slack="0"/>
<pin id="894" dir="1" index="2" bw="1" slack="0"/>
</pin_list>
<bind>
<opcode="xor(25) " fcode="xor"/>
<opset="xor_ln1019_6/1 "/>
</bind>
</comp>

<comp id="897" class="1004" name="xor_ln1019_7_fu_897">
<pin_list>
<pin id="898" dir="0" index="0" bw="1" slack="0"/>
<pin id="899" dir="0" index="1" bw="1" slack="0"/>
<pin id="900" dir="1" index="2" bw="1" slack="0"/>
</pin_list>
<bind>
<opcode="xor(25) " fcode="xor"/>
<opset="xor_ln1019_7/1 "/>
</bind>
</comp>

<comp id="903" class="1004" name="zext_ln780_3_fu_903">
<pin_list>
<pin id="904" dir="0" index="0" bw="1" slack="0"/>
<pin id="905" dir="1" index="1" bw="2" slack="0"/>
</pin_list>
<bind>
<opcode="zext(34) " fcode="zext"/>
<opset="zext_ln780_3/1 "/>
</bind>
</comp>

<comp id="907" class="1004" name="p_Result_4_fu_907">
<pin_list>
<pin id="908" dir="0" index="0" bw="1" slack="0"/>
<pin id="909" dir="0" index="1" bw="25" slack="0"/>
<pin id="910" dir="0" index="2" bw="4" slack="0"/>
<pin id="911" dir="1" index="3" bw="1" slack="0"/>
</pin_list>
<bind>
<opcode="bitselect(1000) " fcode="bitselect"/>
<opset="p_Result_4/1 "/>
</bind>
</comp>

<comp id="915" class="1004" name="xor_ln1019_8_fu_915">
<pin_list>
<pin id="916" dir="0" index="0" bw="1" slack="0"/>
<pin id="917" dir="0" index="1" bw="1" slack="0"/>
<pin id="918" dir="1" index="2" bw="1" slack="0"/>
</pin_list>
<bind>
<opcode="xor(25) " fcode="xor"/>
<opset="xor_ln1019_8/1 "/>
</bind>
</comp>

<comp id="921" class="1004" name="xor_ln1019_9_fu_921">
<pin_list>
<pin id="922" dir="0" index="0" bw="1" slack="0"/>
<pin id="923" dir="0" index="1" bw="1" slack="0"/>
<pin id="924" dir="1" index="2" bw="1" slack="0"/>
</pin_list>
<bind>
<opcode="xor(25) " fcode="xor"/>
<opset="xor_ln1019_9/1 "/>
</bind>
</comp>

<comp id="927" class="1004" name="zext_ln780_4_fu_927">
<pin_list>
<pin id="928" dir="0" index="0" bw="1" slack="0"/>
<pin id="929" dir="1" index="1" bw="2" slack="0"/>
</pin_list>
<bind>
<opcode="zext(34) " fcode="zext"/>
<opset="zext_ln780_4/1 "/>
</bind>
</comp>

<comp id="931" class="1004" name="p_Result_5_fu_931">
<pin_list>
<pin id="932" dir="0" index="0" bw="1" slack="0"/>
<pin id="933" dir="0" index="1" bw="25" slack="0"/>
<pin id="934" dir="0" index="2" bw="4" slack="0"/>
<pin id="935" dir="1" index="3" bw="1" slack="0"/>
</pin_list>
<bind>
<opcode="bitselect(1000) " fcode="bitselect"/>
<opset="p_Result_5/1 "/>
</bind>
</comp>

<comp id="939" class="1004" name="xor_ln1019_10_fu_939">
<pin_list>
<pin id="940" dir="0" index="0" bw="1" slack="0"/>
<pin id="941" dir="0" index="1" bw="1" slack="0"/>
<pin id="942" dir="1" index="2" bw="1" slack="0"/>
</pin_list>
<bind>
<opcode="xor(25) " fcode="xor"/>
<opset="xor_ln1019_10/1 "/>
</bind>
</comp>

<comp id="945" class="1004" name="xor_ln1019_11_fu_945">
<pin_list>
<pin id="946" dir="0" index="0" bw="1" slack="0"/>
<pin id="947" dir="0" index="1" bw="1" slack="0"/>
<pin id="948" dir="1" index="2" bw="1" slack="0"/>
</pin_list>
<bind>
<opcode="xor(25) " fcode="xor"/>
<opset="xor_ln1019_11/1 "/>
</bind>
</comp>

<comp id="951" class="1004" name="zext_ln780_5_fu_951">
<pin_list>
<pin id="952" dir="0" index="0" bw="1" slack="0"/>
<pin id="953" dir="1" index="1" bw="2" slack="0"/>
</pin_list>
<bind>
<opcode="zext(34) " fcode="zext"/>
<opset="zext_ln780_5/1 "/>
</bind>
</comp>

<comp id="955" class="1004" name="p_Result_6_fu_955">
<pin_list>
<pin id="956" dir="0" index="0" bw="1" slack="0"/>
<pin id="957" dir="0" index="1" bw="25" slack="0"/>
<pin id="958" dir="0" index="2" bw="4" slack="0"/>
<pin id="959" dir="1" index="3" bw="1" slack="0"/>
</pin_list>
<bind>
<opcode="bitselect(1000) " fcode="bitselect"/>
<opset="p_Result_6/1 "/>
</bind>
</comp>

<comp id="963" class="1004" name="xor_ln1019_12_fu_963">
<pin_list>
<pin id="964" dir="0" index="0" bw="1" slack="0"/>
<pin id="965" dir="0" index="1" bw="1" slack="0"/>
<pin id="966" dir="1" index="2" bw="1" slack="0"/>
</pin_list>
<bind>
<opcode="xor(25) " fcode="xor"/>
<opset="xor_ln1019_12/1 "/>
</bind>
</comp>

<comp id="969" class="1004" name="xor_ln1019_13_fu_969">
<pin_list>
<pin id="970" dir="0" index="0" bw="1" slack="0"/>
<pin id="971" dir="0" index="1" bw="1" slack="0"/>
<pin id="972" dir="1" index="2" bw="1" slack="0"/>
</pin_list>
<bind>
<opcode="xor(25) " fcode="xor"/>
<opset="xor_ln1019_13/1 "/>
</bind>
</comp>

<comp id="975" class="1004" name="zext_ln780_6_fu_975">
<pin_list>
<pin id="976" dir="0" index="0" bw="1" slack="0"/>
<pin id="977" dir="1" index="1" bw="2" slack="0"/>
</pin_list>
<bind>
<opcode="zext(34) " fcode="zext"/>
<opset="zext_ln780_6/1 "/>
</bind>
</comp>

<comp id="979" class="1004" name="p_Result_7_fu_979">
<pin_list>
<pin id="980" dir="0" index="0" bw="1" slack="0"/>
<pin id="981" dir="0" index="1" bw="25" slack="0"/>
<pin id="982" dir="0" index="2" bw="4" slack="0"/>
<pin id="983" dir="1" index="3" bw="1" slack="0"/>
</pin_list>
<bind>
<opcode="bitselect(1000) " fcode="bitselect"/>
<opset="p_Result_7/1 "/>
</bind>
</comp>

<comp id="987" class="1004" name="xor_ln1019_14_fu_987">
<pin_list>
<pin id="988" dir="0" index="0" bw="1" slack="0"/>
<pin id="989" dir="0" index="1" bw="1" slack="0"/>
<pin id="990" dir="1" index="2" bw="1" slack="0"/>
</pin_list>
<bind>
<opcode="xor(25) " fcode="xor"/>
<opset="xor_ln1019_14/1 "/>
</bind>
</comp>

<comp id="993" class="1004" name="xor_ln1019_15_fu_993">
<pin_list>
<pin id="994" dir="0" index="0" bw="1" slack="0"/>
<pin id="995" dir="0" index="1" bw="1" slack="0"/>
<pin id="996" dir="1" index="2" bw="1" slack="0"/>
</pin_list>
<bind>
<opcode="xor(25) " fcode="xor"/>
<opset="xor_ln1019_15/1 "/>
</bind>
</comp>

<comp id="999" class="1004" name="zext_ln780_7_fu_999">
<pin_list>
<pin id="1000" dir="0" index="0" bw="1" slack="0"/>
<pin id="1001" dir="1" index="1" bw="2" slack="0"/>
</pin_list>
<bind>
<opcode="zext(34) " fcode="zext"/>
<opset="zext_ln780_7/1 "/>
</bind>
</comp>

<comp id="1003" class="1004" name="p_Result_8_fu_1003">
<pin_list>
<pin id="1004" dir="0" index="0" bw="1" slack="0"/>
<pin id="1005" dir="0" index="1" bw="25" slack="0"/>
<pin id="1006" dir="0" index="2" bw="5" slack="0"/>
<pin id="1007" dir="1" index="3" bw="1" slack="0"/>
</pin_list>
<bind>
<opcode="bitselect(1000) " fcode="bitselect"/>
<opset="p_Result_8/1 "/>
</bind>
</comp>

<comp id="1011" class="1004" name="xor_ln1019_16_fu_1011">
<pin_list>
<pin id="1012" dir="0" index="0" bw="1" slack="0"/>
<pin id="1013" dir="0" index="1" bw="1" slack="0"/>
<pin id="1014" dir="1" index="2" bw="1" slack="0"/>
</pin_list>
<bind>
<opcode="xor(25) " fcode="xor"/>
<opset="xor_ln1019_16/1 "/>
</bind>
</comp>

<comp id="1017" class="1004" name="xor_ln1019_17_fu_1017">
<pin_list>
<pin id="1018" dir="0" index="0" bw="1" slack="0"/>
<pin id="1019" dir="0" index="1" bw="1" slack="0"/>
<pin id="1020" dir="1" index="2" bw="1" slack="0"/>
</pin_list>
<bind>
<opcode="xor(25) " fcode="xor"/>
<opset="xor_ln1019_17/1 "/>
</bind>
</comp>

<comp id="1023" class="1004" name="zext_ln780_8_fu_1023">
<pin_list>
<pin id="1024" dir="0" index="0" bw="1" slack="0"/>
<pin id="1025" dir="1" index="1" bw="2" slack="0"/>
</pin_list>
<bind>
<opcode="zext(34) " fcode="zext"/>
<opset="zext_ln780_8/1 "/>
</bind>
</comp>

<comp id="1027" class="1004" name="p_Result_9_fu_1027">
<pin_list>
<pin id="1028" dir="0" index="0" bw="1" slack="0"/>
<pin id="1029" dir="0" index="1" bw="25" slack="0"/>
<pin id="1030" dir="0" index="2" bw="5" slack="0"/>
<pin id="1031" dir="1" index="3" bw="1" slack="0"/>
</pin_list>
<bind>
<opcode="bitselect(1000) " fcode="bitselect"/>
<opset="p_Result_9/1 "/>
</bind>
</comp>

<comp id="1035" class="1004" name="xor_ln1019_18_fu_1035">
<pin_list>
<pin id="1036" dir="0" index="0" bw="1" slack="0"/>
<pin id="1037" dir="0" index="1" bw="1" slack="0"/>
<pin id="1038" dir="1" index="2" bw="1" slack="0"/>
</pin_list>
<bind>
<opcode="xor(25) " fcode="xor"/>
<opset="xor_ln1019_18/1 "/>
</bind>
</comp>

<comp id="1041" class="1004" name="xor_ln1019_19_fu_1041">
<pin_list>
<pin id="1042" dir="0" index="0" bw="1" slack="0"/>
<pin id="1043" dir="0" index="1" bw="1" slack="0"/>
<pin id="1044" dir="1" index="2" bw="1" slack="0"/>
</pin_list>
<bind>
<opcode="xor(25) " fcode="xor"/>
<opset="xor_ln1019_19/1 "/>
</bind>
</comp>

<comp id="1047" class="1004" name="zext_ln780_9_fu_1047">
<pin_list>
<pin id="1048" dir="0" index="0" bw="1" slack="0"/>
<pin id="1049" dir="1" index="1" bw="2" slack="0"/>
</pin_list>
<bind>
<opcode="zext(34) " fcode="zext"/>
<opset="zext_ln780_9/1 "/>
</bind>
</comp>

<comp id="1051" class="1004" name="p_Result_10_fu_1051">
<pin_list>
<pin id="1052" dir="0" index="0" bw="1" slack="0"/>
<pin id="1053" dir="0" index="1" bw="25" slack="0"/>
<pin id="1054" dir="0" index="2" bw="5" slack="0"/>
<pin id="1055" dir="1" index="3" bw="1" slack="0"/>
</pin_list>
<bind>
<opcode="bitselect(1000) " fcode="bitselect"/>
<opset="p_Result_10/1 "/>
</bind>
</comp>

<comp id="1059" class="1004" name="xor_ln1019_20_fu_1059">
<pin_list>
<pin id="1060" dir="0" index="0" bw="1" slack="0"/>
<pin id="1061" dir="0" index="1" bw="1" slack="0"/>
<pin id="1062" dir="1" index="2" bw="1" slack="0"/>
</pin_list>
<bind>
<opcode="xor(25) " fcode="xor"/>
<opset="xor_ln1019_20/1 "/>
</bind>
</comp>

<comp id="1065" class="1004" name="xor_ln1019_21_fu_1065">
<pin_list>
<pin id="1066" dir="0" index="0" bw="1" slack="0"/>
<pin id="1067" dir="0" index="1" bw="1" slack="0"/>
<pin id="1068" dir="1" index="2" bw="1" slack="0"/>
</pin_list>
<bind>
<opcode="xor(25) " fcode="xor"/>
<opset="xor_ln1019_21/1 "/>
</bind>
</comp>

<comp id="1071" class="1004" name="zext_ln780_10_fu_1071">
<pin_list>
<pin id="1072" dir="0" index="0" bw="1" slack="0"/>
<pin id="1073" dir="1" index="1" bw="2" slack="0"/>
</pin_list>
<bind>
<opcode="zext(34) " fcode="zext"/>
<opset="zext_ln780_10/1 "/>
</bind>
</comp>

<comp id="1075" class="1004" name="p_Result_11_fu_1075">
<pin_list>
<pin id="1076" dir="0" index="0" bw="1" slack="0"/>
<pin id="1077" dir="0" index="1" bw="25" slack="0"/>
<pin id="1078" dir="0" index="2" bw="5" slack="0"/>
<pin id="1079" dir="1" index="3" bw="1" slack="0"/>
</pin_list>
<bind>
<opcode="bitselect(1000) " fcode="bitselect"/>
<opset="p_Result_11/1 "/>
</bind>
</comp>

<comp id="1083" class="1004" name="xor_ln1019_22_fu_1083">
<pin_list>
<pin id="1084" dir="0" index="0" bw="1" slack="0"/>
<pin id="1085" dir="0" index="1" bw="1" slack="0"/>
<pin id="1086" dir="1" index="2" bw="1" slack="0"/>
</pin_list>
<bind>
<opcode="xor(25) " fcode="xor"/>
<opset="xor_ln1019_22/1 "/>
</bind>
</comp>

<comp id="1089" class="1004" name="xor_ln1019_23_fu_1089">
<pin_list>
<pin id="1090" dir="0" index="0" bw="1" slack="0"/>
<pin id="1091" dir="0" index="1" bw="1" slack="0"/>
<pin id="1092" dir="1" index="2" bw="1" slack="0"/>
</pin_list>
<bind>
<opcode="xor(25) " fcode="xor"/>
<opset="xor_ln1019_23/1 "/>
</bind>
</comp>

<comp id="1095" class="1004" name="zext_ln780_11_fu_1095">
<pin_list>
<pin id="1096" dir="0" index="0" bw="1" slack="0"/>
<pin id="1097" dir="1" index="1" bw="2" slack="0"/>
</pin_list>
<bind>
<opcode="zext(34) " fcode="zext"/>
<opset="zext_ln780_11/1 "/>
</bind>
</comp>

<comp id="1099" class="1004" name="p_Result_12_fu_1099">
<pin_list>
<pin id="1100" dir="0" index="0" bw="1" slack="0"/>
<pin id="1101" dir="0" index="1" bw="25" slack="0"/>
<pin id="1102" dir="0" index="2" bw="5" slack="0"/>
<pin id="1103" dir="1" index="3" bw="1" slack="0"/>
</pin_list>
<bind>
<opcode="bitselect(1000) " fcode="bitselect"/>
<opset="p_Result_12/1 "/>
</bind>
</comp>

<comp id="1107" class="1004" name="xor_ln1019_24_fu_1107">
<pin_list>
<pin id="1108" dir="0" index="0" bw="1" slack="0"/>
<pin id="1109" dir="0" index="1" bw="1" slack="0"/>
<pin id="1110" dir="1" index="2" bw="1" slack="0"/>
</pin_list>
<bind>
<opcode="xor(25) " fcode="xor"/>
<opset="xor_ln1019_24/1 "/>
</bind>
</comp>

<comp id="1113" class="1004" name="xor_ln1019_25_fu_1113">
<pin_list>
<pin id="1114" dir="0" index="0" bw="1" slack="0"/>
<pin id="1115" dir="0" index="1" bw="1" slack="0"/>
<pin id="1116" dir="1" index="2" bw="1" slack="0"/>
</pin_list>
<bind>
<opcode="xor(25) " fcode="xor"/>
<opset="xor_ln1019_25/1 "/>
</bind>
</comp>

<comp id="1119" class="1004" name="zext_ln780_12_fu_1119">
<pin_list>
<pin id="1120" dir="0" index="0" bw="1" slack="0"/>
<pin id="1121" dir="1" index="1" bw="2" slack="0"/>
</pin_list>
<bind>
<opcode="zext(34) " fcode="zext"/>
<opset="zext_ln780_12/1 "/>
</bind>
</comp>

<comp id="1123" class="1004" name="p_Result_13_fu_1123">
<pin_list>
<pin id="1124" dir="0" index="0" bw="1" slack="0"/>
<pin id="1125" dir="0" index="1" bw="25" slack="0"/>
<pin id="1126" dir="0" index="2" bw="5" slack="0"/>
<pin id="1127" dir="1" index="3" bw="1" slack="0"/>
</pin_list>
<bind>
<opcode="bitselect(1000) " fcode="bitselect"/>
<opset="p_Result_13/1 "/>
</bind>
</comp>

<comp id="1131" class="1004" name="xor_ln1019_26_fu_1131">
<pin_list>
<pin id="1132" dir="0" index="0" bw="1" slack="0"/>
<pin id="1133" dir="0" index="1" bw="1" slack="0"/>
<pin id="1134" dir="1" index="2" bw="1" slack="0"/>
</pin_list>
<bind>
<opcode="xor(25) " fcode="xor"/>
<opset="xor_ln1019_26/1 "/>
</bind>
</comp>

<comp id="1137" class="1004" name="xor_ln1019_27_fu_1137">
<pin_list>
<pin id="1138" dir="0" index="0" bw="1" slack="0"/>
<pin id="1139" dir="0" index="1" bw="1" slack="0"/>
<pin id="1140" dir="1" index="2" bw="1" slack="0"/>
</pin_list>
<bind>
<opcode="xor(25) " fcode="xor"/>
<opset="xor_ln1019_27/1 "/>
</bind>
</comp>

<comp id="1143" class="1004" name="zext_ln780_13_fu_1143">
<pin_list>
<pin id="1144" dir="0" index="0" bw="1" slack="0"/>
<pin id="1145" dir="1" index="1" bw="2" slack="0"/>
</pin_list>
<bind>
<opcode="zext(34) " fcode="zext"/>
<opset="zext_ln780_13/1 "/>
</bind>
</comp>

<comp id="1147" class="1004" name="p_Result_14_fu_1147">
<pin_list>
<pin id="1148" dir="0" index="0" bw="1" slack="0"/>
<pin id="1149" dir="0" index="1" bw="25" slack="0"/>
<pin id="1150" dir="0" index="2" bw="5" slack="0"/>
<pin id="1151" dir="1" index="3" bw="1" slack="0"/>
</pin_list>
<bind>
<opcode="bitselect(1000) " fcode="bitselect"/>
<opset="p_Result_14/1 "/>
</bind>
</comp>

<comp id="1155" class="1004" name="xor_ln1019_28_fu_1155">
<pin_list>
<pin id="1156" dir="0" index="0" bw="1" slack="0"/>
<pin id="1157" dir="0" index="1" bw="1" slack="0"/>
<pin id="1158" dir="1" index="2" bw="1" slack="0"/>
</pin_list>
<bind>
<opcode="xor(25) " fcode="xor"/>
<opset="xor_ln1019_28/1 "/>
</bind>
</comp>

<comp id="1161" class="1004" name="xor_ln1019_29_fu_1161">
<pin_list>
<pin id="1162" dir="0" index="0" bw="1" slack="0"/>
<pin id="1163" dir="0" index="1" bw="1" slack="0"/>
<pin id="1164" dir="1" index="2" bw="1" slack="0"/>
</pin_list>
<bind>
<opcode="xor(25) " fcode="xor"/>
<opset="xor_ln1019_29/1 "/>
</bind>
</comp>

<comp id="1167" class="1004" name="zext_ln780_14_fu_1167">
<pin_list>
<pin id="1168" dir="0" index="0" bw="1" slack="0"/>
<pin id="1169" dir="1" index="1" bw="2" slack="0"/>
</pin_list>
<bind>
<opcode="zext(34) " fcode="zext"/>
<opset="zext_ln780_14/1 "/>
</bind>
</comp>

<comp id="1171" class="1004" name="p_Result_15_fu_1171">
<pin_list>
<pin id="1172" dir="0" index="0" bw="1" slack="0"/>
<pin id="1173" dir="0" index="1" bw="25" slack="0"/>
<pin id="1174" dir="0" index="2" bw="5" slack="0"/>
<pin id="1175" dir="1" index="3" bw="1" slack="0"/>
</pin_list>
<bind>
<opcode="bitselect(1000) " fcode="bitselect"/>
<opset="p_Result_15/1 "/>
</bind>
</comp>

<comp id="1179" class="1004" name="xor_ln1019_30_fu_1179">
<pin_list>
<pin id="1180" dir="0" index="0" bw="1" slack="0"/>
<pin id="1181" dir="0" index="1" bw="1" slack="0"/>
<pin id="1182" dir="1" index="2" bw="1" slack="0"/>
</pin_list>
<bind>
<opcode="xor(25) " fcode="xor"/>
<opset="xor_ln1019_30/1 "/>
</bind>
</comp>

<comp id="1185" class="1004" name="xor_ln1019_31_fu_1185">
<pin_list>
<pin id="1186" dir="0" index="0" bw="1" slack="0"/>
<pin id="1187" dir="0" index="1" bw="1" slack="0"/>
<pin id="1188" dir="1" index="2" bw="1" slack="0"/>
</pin_list>
<bind>
<opcode="xor(25) " fcode="xor"/>
<opset="xor_ln1019_31/1 "/>
</bind>
</comp>

<comp id="1191" class="1004" name="zext_ln780_15_fu_1191">
<pin_list>
<pin id="1192" dir="0" index="0" bw="1" slack="0"/>
<pin id="1193" dir="1" index="1" bw="2" slack="0"/>
</pin_list>
<bind>
<opcode="zext(34) " fcode="zext"/>
<opset="zext_ln780_15/1 "/>
</bind>
</comp>

<comp id="1195" class="1004" name="p_Result_16_fu_1195">
<pin_list>
<pin id="1196" dir="0" index="0" bw="1" slack="0"/>
<pin id="1197" dir="0" index="1" bw="25" slack="0"/>
<pin id="1198" dir="0" index="2" bw="6" slack="0"/>
<pin id="1199" dir="1" index="3" bw="1" slack="0"/>
</pin_list>
<bind>
<opcode="bitselect(1000) " fcode="bitselect"/>
<opset="p_Result_16/1 "/>
</bind>
</comp>

<comp id="1203" class="1004" name="xor_ln1019_32_fu_1203">
<pin_list>
<pin id="1204" dir="0" index="0" bw="1" slack="0"/>
<pin id="1205" dir="0" index="1" bw="1" slack="0"/>
<pin id="1206" dir="1" index="2" bw="1" slack="0"/>
</pin_list>
<bind>
<opcode="xor(25) " fcode="xor"/>
<opset="xor_ln1019_32/1 "/>
</bind>
</comp>

<comp id="1209" class="1004" name="xor_ln1019_33_fu_1209">
<pin_list>
<pin id="1210" dir="0" index="0" bw="1" slack="0"/>
<pin id="1211" dir="0" index="1" bw="1" slack="0"/>
<pin id="1212" dir="1" index="2" bw="1" slack="0"/>
</pin_list>
<bind>
<opcode="xor(25) " fcode="xor"/>
<opset="xor_ln1019_33/1 "/>
</bind>
</comp>

<comp id="1215" class="1004" name="zext_ln780_16_fu_1215">
<pin_list>
<pin id="1216" dir="0" index="0" bw="1" slack="0"/>
<pin id="1217" dir="1" index="1" bw="2" slack="0"/>
</pin_list>
<bind>
<opcode="zext(34) " fcode="zext"/>
<opset="zext_ln780_16/1 "/>
</bind>
</comp>

<comp id="1219" class="1004" name="p_Result_17_fu_1219">
<pin_list>
<pin id="1220" dir="0" index="0" bw="1" slack="0"/>
<pin id="1221" dir="0" index="1" bw="25" slack="0"/>
<pin id="1222" dir="0" index="2" bw="6" slack="0"/>
<pin id="1223" dir="1" index="3" bw="1" slack="0"/>
</pin_list>
<bind>
<opcode="bitselect(1000) " fcode="bitselect"/>
<opset="p_Result_17/1 "/>
</bind>
</comp>

<comp id="1227" class="1004" name="xor_ln1019_34_fu_1227">
<pin_list>
<pin id="1228" dir="0" index="0" bw="1" slack="0"/>
<pin id="1229" dir="0" index="1" bw="1" slack="0"/>
<pin id="1230" dir="1" index="2" bw="1" slack="0"/>
</pin_list>
<bind>
<opcode="xor(25) " fcode="xor"/>
<opset="xor_ln1019_34/1 "/>
</bind>
</comp>

<comp id="1233" class="1004" name="xor_ln1019_35_fu_1233">
<pin_list>
<pin id="1234" dir="0" index="0" bw="1" slack="0"/>
<pin id="1235" dir="0" index="1" bw="1" slack="0"/>
<pin id="1236" dir="1" index="2" bw="1" slack="0"/>
</pin_list>
<bind>
<opcode="xor(25) " fcode="xor"/>
<opset="xor_ln1019_35/1 "/>
</bind>
</comp>

<comp id="1239" class="1004" name="zext_ln780_17_fu_1239">
<pin_list>
<pin id="1240" dir="0" index="0" bw="1" slack="0"/>
<pin id="1241" dir="1" index="1" bw="2" slack="0"/>
</pin_list>
<bind>
<opcode="zext(34) " fcode="zext"/>
<opset="zext_ln780_17/1 "/>
</bind>
</comp>

<comp id="1243" class="1004" name="p_Result_18_fu_1243">
<pin_list>
<pin id="1244" dir="0" index="0" bw="1" slack="0"/>
<pin id="1245" dir="0" index="1" bw="25" slack="0"/>
<pin id="1246" dir="0" index="2" bw="6" slack="0"/>
<pin id="1247" dir="1" index="3" bw="1" slack="0"/>
</pin_list>
<bind>
<opcode="bitselect(1000) " fcode="bitselect"/>
<opset="p_Result_18/1 "/>
</bind>
</comp>

<comp id="1251" class="1004" name="xor_ln1019_36_fu_1251">
<pin_list>
<pin id="1252" dir="0" index="0" bw="1" slack="0"/>
<pin id="1253" dir="0" index="1" bw="1" slack="0"/>
<pin id="1254" dir="1" index="2" bw="1" slack="0"/>
</pin_list>
<bind>
<opcode="xor(25) " fcode="xor"/>
<opset="xor_ln1019_36/1 "/>
</bind>
</comp>

<comp id="1257" class="1004" name="xor_ln1019_37_fu_1257">
<pin_list>
<pin id="1258" dir="0" index="0" bw="1" slack="0"/>
<pin id="1259" dir="0" index="1" bw="1" slack="0"/>
<pin id="1260" dir="1" index="2" bw="1" slack="0"/>
</pin_list>
<bind>
<opcode="xor(25) " fcode="xor"/>
<opset="xor_ln1019_37/1 "/>
</bind>
</comp>

<comp id="1263" class="1004" name="zext_ln780_18_fu_1263">
<pin_list>
<pin id="1264" dir="0" index="0" bw="1" slack="0"/>
<pin id="1265" dir="1" index="1" bw="2" slack="0"/>
</pin_list>
<bind>
<opcode="zext(34) " fcode="zext"/>
<opset="zext_ln780_18/1 "/>
</bind>
</comp>

<comp id="1267" class="1004" name="p_Result_19_fu_1267">
<pin_list>
<pin id="1268" dir="0" index="0" bw="1" slack="0"/>
<pin id="1269" dir="0" index="1" bw="25" slack="0"/>
<pin id="1270" dir="0" index="2" bw="6" slack="0"/>
<pin id="1271" dir="1" index="3" bw="1" slack="0"/>
</pin_list>
<bind>
<opcode="bitselect(1000) " fcode="bitselect"/>
<opset="p_Result_19/1 "/>
</bind>
</comp>

<comp id="1275" class="1004" name="xor_ln1019_38_fu_1275">
<pin_list>
<pin id="1276" dir="0" index="0" bw="1" slack="0"/>
<pin id="1277" dir="0" index="1" bw="1" slack="0"/>
<pin id="1278" dir="1" index="2" bw="1" slack="0"/>
</pin_list>
<bind>
<opcode="xor(25) " fcode="xor"/>
<opset="xor_ln1019_38/1 "/>
</bind>
</comp>

<comp id="1281" class="1004" name="xor_ln1019_39_fu_1281">
<pin_list>
<pin id="1282" dir="0" index="0" bw="1" slack="0"/>
<pin id="1283" dir="0" index="1" bw="1" slack="0"/>
<pin id="1284" dir="1" index="2" bw="1" slack="0"/>
</pin_list>
<bind>
<opcode="xor(25) " fcode="xor"/>
<opset="xor_ln1019_39/1 "/>
</bind>
</comp>

<comp id="1287" class="1004" name="zext_ln780_19_fu_1287">
<pin_list>
<pin id="1288" dir="0" index="0" bw="1" slack="0"/>
<pin id="1289" dir="1" index="1" bw="2" slack="0"/>
</pin_list>
<bind>
<opcode="zext(34) " fcode="zext"/>
<opset="zext_ln780_19/1 "/>
</bind>
</comp>

<comp id="1291" class="1004" name="p_Result_20_fu_1291">
<pin_list>
<pin id="1292" dir="0" index="0" bw="1" slack="0"/>
<pin id="1293" dir="0" index="1" bw="25" slack="0"/>
<pin id="1294" dir="0" index="2" bw="6" slack="0"/>
<pin id="1295" dir="1" index="3" bw="1" slack="0"/>
</pin_list>
<bind>
<opcode="bitselect(1000) " fcode="bitselect"/>
<opset="p_Result_20/1 "/>
</bind>
</comp>

<comp id="1299" class="1004" name="xor_ln1019_40_fu_1299">
<pin_list>
<pin id="1300" dir="0" index="0" bw="1" slack="0"/>
<pin id="1301" dir="0" index="1" bw="1" slack="0"/>
<pin id="1302" dir="1" index="2" bw="1" slack="0"/>
</pin_list>
<bind>
<opcode="xor(25) " fcode="xor"/>
<opset="xor_ln1019_40/1 "/>
</bind>
</comp>

<comp id="1305" class="1004" name="xor_ln1019_41_fu_1305">
<pin_list>
<pin id="1306" dir="0" index="0" bw="1" slack="0"/>
<pin id="1307" dir="0" index="1" bw="1" slack="0"/>
<pin id="1308" dir="1" index="2" bw="1" slack="0"/>
</pin_list>
<bind>
<opcode="xor(25) " fcode="xor"/>
<opset="xor_ln1019_41/1 "/>
</bind>
</comp>

<comp id="1311" class="1004" name="zext_ln780_20_fu_1311">
<pin_list>
<pin id="1312" dir="0" index="0" bw="1" slack="0"/>
<pin id="1313" dir="1" index="1" bw="2" slack="0"/>
</pin_list>
<bind>
<opcode="zext(34) " fcode="zext"/>
<opset="zext_ln780_20/1 "/>
</bind>
</comp>

<comp id="1315" class="1004" name="p_Result_21_fu_1315">
<pin_list>
<pin id="1316" dir="0" index="0" bw="1" slack="0"/>
<pin id="1317" dir="0" index="1" bw="25" slack="0"/>
<pin id="1318" dir="0" index="2" bw="6" slack="0"/>
<pin id="1319" dir="1" index="3" bw="1" slack="0"/>
</pin_list>
<bind>
<opcode="bitselect(1000) " fcode="bitselect"/>
<opset="p_Result_21/1 "/>
</bind>
</comp>

<comp id="1323" class="1004" name="xor_ln1019_42_fu_1323">
<pin_list>
<pin id="1324" dir="0" index="0" bw="1" slack="0"/>
<pin id="1325" dir="0" index="1" bw="1" slack="0"/>
<pin id="1326" dir="1" index="2" bw="1" slack="0"/>
</pin_list>
<bind>
<opcode="xor(25) " fcode="xor"/>
<opset="xor_ln1019_42/1 "/>
</bind>
</comp>

<comp id="1329" class="1004" name="xor_ln1019_43_fu_1329">
<pin_list>
<pin id="1330" dir="0" index="0" bw="1" slack="0"/>
<pin id="1331" dir="0" index="1" bw="1" slack="0"/>
<pin id="1332" dir="1" index="2" bw="1" slack="0"/>
</pin_list>
<bind>
<opcode="xor(25) " fcode="xor"/>
<opset="xor_ln1019_43/1 "/>
</bind>
</comp>

<comp id="1335" class="1004" name="zext_ln780_21_fu_1335">
<pin_list>
<pin id="1336" dir="0" index="0" bw="1" slack="0"/>
<pin id="1337" dir="1" index="1" bw="2" slack="0"/>
</pin_list>
<bind>
<opcode="zext(34) " fcode="zext"/>
<opset="zext_ln780_21/1 "/>
</bind>
</comp>

<comp id="1339" class="1004" name="p_Result_22_fu_1339">
<pin_list>
<pin id="1340" dir="0" index="0" bw="1" slack="0"/>
<pin id="1341" dir="0" index="1" bw="25" slack="0"/>
<pin id="1342" dir="0" index="2" bw="6" slack="0"/>
<pin id="1343" dir="1" index="3" bw="1" slack="0"/>
</pin_list>
<bind>
<opcode="bitselect(1000) " fcode="bitselect"/>
<opset="p_Result_22/1 "/>
</bind>
</comp>

<comp id="1347" class="1004" name="xor_ln1019_44_fu_1347">
<pin_list>
<pin id="1348" dir="0" index="0" bw="1" slack="0"/>
<pin id="1349" dir="0" index="1" bw="1" slack="0"/>
<pin id="1350" dir="1" index="2" bw="1" slack="0"/>
</pin_list>
<bind>
<opcode="xor(25) " fcode="xor"/>
<opset="xor_ln1019_44/1 "/>
</bind>
</comp>

<comp id="1353" class="1004" name="xor_ln1019_45_fu_1353">
<pin_list>
<pin id="1354" dir="0" index="0" bw="1" slack="0"/>
<pin id="1355" dir="0" index="1" bw="1" slack="0"/>
<pin id="1356" dir="1" index="2" bw="1" slack="0"/>
</pin_list>
<bind>
<opcode="xor(25) " fcode="xor"/>
<opset="xor_ln1019_45/1 "/>
</bind>
</comp>

<comp id="1359" class="1004" name="zext_ln780_22_fu_1359">
<pin_list>
<pin id="1360" dir="0" index="0" bw="1" slack="0"/>
<pin id="1361" dir="1" index="1" bw="2" slack="0"/>
</pin_list>
<bind>
<opcode="zext(34) " fcode="zext"/>
<opset="zext_ln780_22/1 "/>
</bind>
</comp>

<comp id="1363" class="1004" name="p_Result_23_fu_1363">
<pin_list>
<pin id="1364" dir="0" index="0" bw="1" slack="0"/>
<pin id="1365" dir="0" index="1" bw="25" slack="0"/>
<pin id="1366" dir="0" index="2" bw="6" slack="0"/>
<pin id="1367" dir="1" index="3" bw="1" slack="0"/>
</pin_list>
<bind>
<opcode="bitselect(1000) " fcode="bitselect"/>
<opset="p_Result_23/1 "/>
</bind>
</comp>

<comp id="1371" class="1004" name="xor_ln1019_46_fu_1371">
<pin_list>
<pin id="1372" dir="0" index="0" bw="1" slack="0"/>
<pin id="1373" dir="0" index="1" bw="1" slack="0"/>
<pin id="1374" dir="1" index="2" bw="1" slack="0"/>
</pin_list>
<bind>
<opcode="xor(25) " fcode="xor"/>
<opset="xor_ln1019_46/1 "/>
</bind>
</comp>

<comp id="1377" class="1004" name="xor_ln1019_47_fu_1377">
<pin_list>
<pin id="1378" dir="0" index="0" bw="1" slack="0"/>
<pin id="1379" dir="0" index="1" bw="1" slack="0"/>
<pin id="1380" dir="1" index="2" bw="1" slack="0"/>
</pin_list>
<bind>
<opcode="xor(25) " fcode="xor"/>
<opset="xor_ln1019_47/1 "/>
</bind>
</comp>

<comp id="1383" class="1004" name="zext_ln780_23_fu_1383">
<pin_list>
<pin id="1384" dir="0" index="0" bw="1" slack="0"/>
<pin id="1385" dir="1" index="1" bw="2" slack="0"/>
</pin_list>
<bind>
<opcode="zext(34) " fcode="zext"/>
<opset="zext_ln780_23/1 "/>
</bind>
</comp>

<comp id="1387" class="1004" name="p_Result_24_fu_1387">
<pin_list>
<pin id="1388" dir="0" index="0" bw="1" slack="0"/>
<pin id="1389" dir="0" index="1" bw="25" slack="0"/>
<pin id="1390" dir="0" index="2" bw="6" slack="0"/>
<pin id="1391" dir="1" index="3" bw="1" slack="0"/>
</pin_list>
<bind>
<opcode="bitselect(1000) " fcode="bitselect"/>
<opset="p_Result_24/1 "/>
</bind>
</comp>

<comp id="1395" class="1004" name="xor_ln1019_48_fu_1395">
<pin_list>
<pin id="1396" dir="0" index="0" bw="1" slack="0"/>
<pin id="1397" dir="0" index="1" bw="1" slack="0"/>
<pin id="1398" dir="1" index="2" bw="1" slack="0"/>
</pin_list>
<bind>
<opcode="xor(25) " fcode="xor"/>
<opset="xor_ln1019_48/1 "/>
</bind>
</comp>

<comp id="1401" class="1004" name="xor_ln1019_49_fu_1401">
<pin_list>
<pin id="1402" dir="0" index="0" bw="1" slack="0"/>
<pin id="1403" dir="0" index="1" bw="1" slack="0"/>
<pin id="1404" dir="1" index="2" bw="1" slack="0"/>
</pin_list>
<bind>
<opcode="xor(25) " fcode="xor"/>
<opset="xor_ln1019_49/1 "/>
</bind>
</comp>

<comp id="1407" class="1004" name="zext_ln840_fu_1407">
<pin_list>
<pin id="1408" dir="0" index="0" bw="1" slack="0"/>
<pin id="1409" dir="1" index="1" bw="2" slack="0"/>
</pin_list>
<bind>
<opcode="zext(34) " fcode="zext"/>
<opset="zext_ln840/1 "/>
</bind>
</comp>

<comp id="1411" class="1004" name="add_ln840_fu_1411">
<pin_list>
<pin id="1412" dir="0" index="0" bw="1" slack="0"/>
<pin id="1413" dir="0" index="1" bw="1" slack="0"/>
<pin id="1414" dir="1" index="2" bw="2" slack="0"/>
</pin_list>
<bind>
<opcode="add(8) " fcode="add"/>
<opset="add_ln840/1 "/>
</bind>
</comp>

<comp id="1417" class="1004" name="zext_ln840_1_fu_1417">
<pin_list>
<pin id="1418" dir="0" index="0" bw="2" slack="0"/>
<pin id="1419" dir="1" index="1" bw="10" slack="0"/>
</pin_list>
<bind>
<opcode="zext(34) " fcode="zext"/>
<opset="zext_ln840_1/1 "/>
</bind>
</comp>

<comp id="1421" class="1004" name="add_ln840_1_fu_1421">
<pin_list>
<pin id="1422" dir="0" index="0" bw="2" slack="0"/>
<pin id="1423" dir="0" index="1" bw="10" slack="0"/>
<pin id="1424" dir="1" index="2" bw="10" slack="0"/>
</pin_list>
<bind>
<opcode="add(8) " fcode="add"/>
<opset="add_ln840_1/1 "/>
</bind>
</comp>

<comp id="1427" class="1004" name="add_ln840_2_fu_1427">
<pin_list>
<pin id="1428" dir="0" index="0" bw="1" slack="0"/>
<pin id="1429" dir="0" index="1" bw="1" slack="0"/>
<pin id="1430" dir="1" index="2" bw="2" slack="0"/>
</pin_list>
<bind>
<opcode="add(8) " fcode="add"/>
<opset="add_ln840_2/1 "/>
</bind>
</comp>

<comp id="1433" class="1004" name="add_ln840_3_fu_1433">
<pin_list>
<pin id="1434" dir="0" index="0" bw="2" slack="0"/>
<pin id="1435" dir="0" index="1" bw="1" slack="0"/>
<pin id="1436" dir="1" index="2" bw="2" slack="0"/>
</pin_list>
<bind>
<opcode="add(8) " fcode="add"/>
<opset="add_ln840_3/1 "/>
</bind>
</comp>

<comp id="1439" class="1004" name="zext_ln840_2_fu_1439">
<pin_list>
<pin id="1440" dir="0" index="0" bw="2" slack="0"/>
<pin id="1441" dir="1" index="1" bw="10" slack="0"/>
</pin_list>
<bind>
<opcode="zext(34) " fcode="zext"/>
<opset="zext_ln840_2/1 "/>
</bind>
</comp>

<comp id="1443" class="1004" name="add_ln840_4_fu_1443">
<pin_list>
<pin id="1444" dir="0" index="0" bw="2" slack="0"/>
<pin id="1445" dir="0" index="1" bw="10" slack="0"/>
<pin id="1446" dir="1" index="2" bw="10" slack="0"/>
</pin_list>
<bind>
<opcode="add(8) " fcode="add"/>
<opset="add_ln840_4/1 "/>
</bind>
</comp>

<comp id="1449" class="1004" name="add_ln840_5_fu_1449">
<pin_list>
<pin id="1450" dir="0" index="0" bw="1" slack="0"/>
<pin id="1451" dir="0" index="1" bw="1" slack="0"/>
<pin id="1452" dir="1" index="2" bw="2" slack="0"/>
</pin_list>
<bind>
<opcode="add(8) " fcode="add"/>
<opset="add_ln840_5/1 "/>
</bind>
</comp>

<comp id="1455" class="1004" name="add_ln840_6_fu_1455">
<pin_list>
<pin id="1456" dir="0" index="0" bw="2" slack="0"/>
<pin id="1457" dir="0" index="1" bw="1" slack="0"/>
<pin id="1458" dir="1" index="2" bw="2" slack="0"/>
</pin_list>
<bind>
<opcode="add(8) " fcode="add"/>
<opset="add_ln840_6/1 "/>
</bind>
</comp>

<comp id="1461" class="1004" name="zext_ln840_3_fu_1461">
<pin_list>
<pin id="1462" dir="0" index="0" bw="2" slack="0"/>
<pin id="1463" dir="1" index="1" bw="3" slack="0"/>
</pin_list>
<bind>
<opcode="zext(34) " fcode="zext"/>
<opset="zext_ln840_3/1 "/>
</bind>
</comp>

<comp id="1465" class="1004" name="add_ln840_7_fu_1465">
<pin_list>
<pin id="1466" dir="0" index="0" bw="1" slack="0"/>
<pin id="1467" dir="0" index="1" bw="1" slack="0"/>
<pin id="1468" dir="1" index="2" bw="2" slack="0"/>
</pin_list>
<bind>
<opcode="add(8) " fcode="add"/>
<opset="add_ln840_7/1 "/>
</bind>
</comp>

<comp id="1471" class="1004" name="zext_ln840_4_fu_1471">
<pin_list>
<pin id="1472" dir="0" index="0" bw="2" slack="0"/>
<pin id="1473" dir="1" index="1" bw="3" slack="0"/>
</pin_list>
<bind>
<opcode="zext(34) " fcode="zext"/>
<opset="zext_ln840_4/1 "/>
</bind>
</comp>

<comp id="1475" class="1004" name="add_ln840_8_fu_1475">
<pin_list>
<pin id="1476" dir="0" index="0" bw="1" slack="0"/>
<pin id="1477" dir="0" index="1" bw="1" slack="0"/>
<pin id="1478" dir="1" index="2" bw="2" slack="0"/>
</pin_list>
<bind>
<opcode="add(8) " fcode="add"/>
<opset="add_ln840_8/1 "/>
</bind>
</comp>

<comp id="1481" class="1004" name="zext_ln840_5_fu_1481">
<pin_list>
<pin id="1482" dir="0" index="0" bw="2" slack="0"/>
<pin id="1483" dir="1" index="1" bw="3" slack="0"/>
</pin_list>
<bind>
<opcode="zext(34) " fcode="zext"/>
<opset="zext_ln840_5/1 "/>
</bind>
</comp>

<comp id="1485" class="1004" name="add_ln840_9_fu_1485">
<pin_list>
<pin id="1486" dir="0" index="0" bw="2" slack="0"/>
<pin id="1487" dir="0" index="1" bw="2" slack="0"/>
<pin id="1488" dir="1" index="2" bw="3" slack="0"/>
</pin_list>
<bind>
<opcode="add(8) " fcode="add"/>
<opset="add_ln840_9/1 "/>
</bind>
</comp>

<comp id="1491" class="1004" name="add_ln840_10_fu_1491">
<pin_list>
<pin id="1492" dir="0" index="0" bw="3" slack="0"/>
<pin id="1493" dir="0" index="1" bw="2" slack="0"/>
<pin id="1494" dir="1" index="2" bw="3" slack="0"/>
</pin_list>
<bind>
<opcode="add(8) " fcode="add"/>
<opset="add_ln840_10/1 "/>
</bind>
</comp>

<comp id="1497" class="1004" name="zext_ln840_6_fu_1497">
<pin_list>
<pin id="1498" dir="0" index="0" bw="3" slack="0"/>
<pin id="1499" dir="1" index="1" bw="10" slack="0"/>
</pin_list>
<bind>
<opcode="zext(34) " fcode="zext"/>
<opset="zext_ln840_6/1 "/>
</bind>
</comp>

<comp id="1501" class="1004" name="add_ln840_11_fu_1501">
<pin_list>
<pin id="1502" dir="0" index="0" bw="3" slack="0"/>
<pin id="1503" dir="0" index="1" bw="10" slack="0"/>
<pin id="1504" dir="1" index="2" bw="10" slack="0"/>
</pin_list>
<bind>
<opcode="add(8) " fcode="add"/>
<opset="add_ln840_11/1 "/>
</bind>
</comp>

<comp id="1507" class="1004" name="add_ln840_12_fu_1507">
<pin_list>
<pin id="1508" dir="0" index="0" bw="1" slack="0"/>
<pin id="1509" dir="0" index="1" bw="1" slack="0"/>
<pin id="1510" dir="1" index="2" bw="2" slack="0"/>
</pin_list>
<bind>
<opcode="add(8) " fcode="add"/>
<opset="add_ln840_12/1 "/>
</bind>
</comp>

<comp id="1513" class="1004" name="add_ln840_13_fu_1513">
<pin_list>
<pin id="1514" dir="0" index="0" bw="2" slack="0"/>
<pin id="1515" dir="0" index="1" bw="1" slack="0"/>
<pin id="1516" dir="1" index="2" bw="2" slack="0"/>
</pin_list>
<bind>
<opcode="add(8) " fcode="add"/>
<opset="add_ln840_13/1 "/>
</bind>
</comp>

<comp id="1519" class="1004" name="zext_ln840_7_fu_1519">
<pin_list>
<pin id="1520" dir="0" index="0" bw="2" slack="0"/>
<pin id="1521" dir="1" index="1" bw="3" slack="0"/>
</pin_list>
<bind>
<opcode="zext(34) " fcode="zext"/>
<opset="zext_ln840_7/1 "/>
</bind>
</comp>

<comp id="1523" class="1004" name="add_ln840_14_fu_1523">
<pin_list>
<pin id="1524" dir="0" index="0" bw="1" slack="0"/>
<pin id="1525" dir="0" index="1" bw="1" slack="0"/>
<pin id="1526" dir="1" index="2" bw="2" slack="0"/>
</pin_list>
<bind>
<opcode="add(8) " fcode="add"/>
<opset="add_ln840_14/1 "/>
</bind>
</comp>

<comp id="1529" class="1004" name="add_ln840_15_fu_1529">
<pin_list>
<pin id="1530" dir="0" index="0" bw="2" slack="0"/>
<pin id="1531" dir="0" index="1" bw="1" slack="0"/>
<pin id="1532" dir="1" index="2" bw="2" slack="0"/>
</pin_list>
<bind>
<opcode="add(8) " fcode="add"/>
<opset="add_ln840_15/1 "/>
</bind>
</comp>

<comp id="1535" class="1004" name="zext_ln840_8_fu_1535">
<pin_list>
<pin id="1536" dir="0" index="0" bw="2" slack="0"/>
<pin id="1537" dir="1" index="1" bw="3" slack="0"/>
</pin_list>
<bind>
<opcode="zext(34) " fcode="zext"/>
<opset="zext_ln840_8/1 "/>
</bind>
</comp>

<comp id="1539" class="1004" name="add_ln840_16_fu_1539">
<pin_list>
<pin id="1540" dir="0" index="0" bw="2" slack="0"/>
<pin id="1541" dir="0" index="1" bw="2" slack="0"/>
<pin id="1542" dir="1" index="2" bw="3" slack="0"/>
</pin_list>
<bind>
<opcode="add(8) " fcode="add"/>
<opset="add_ln840_16/1 "/>
</bind>
</comp>

<comp id="1545" class="1004" name="zext_ln840_9_fu_1545">
<pin_list>
<pin id="1546" dir="0" index="0" bw="3" slack="0"/>
<pin id="1547" dir="1" index="1" bw="4" slack="0"/>
</pin_list>
<bind>
<opcode="zext(34) " fcode="zext"/>
<opset="zext_ln840_9/1 "/>
</bind>
</comp>

<comp id="1549" class="1004" name="add_ln840_17_fu_1549">
<pin_list>
<pin id="1550" dir="0" index="0" bw="1" slack="0"/>
<pin id="1551" dir="0" index="1" bw="1" slack="0"/>
<pin id="1552" dir="1" index="2" bw="2" slack="0"/>
</pin_list>
<bind>
<opcode="add(8) " fcode="add"/>
<opset="add_ln840_17/1 "/>
</bind>
</comp>

<comp id="1555" class="1004" name="add_ln840_18_fu_1555">
<pin_list>
<pin id="1556" dir="0" index="0" bw="2" slack="0"/>
<pin id="1557" dir="0" index="1" bw="1" slack="0"/>
<pin id="1558" dir="1" index="2" bw="2" slack="0"/>
</pin_list>
<bind>
<opcode="add(8) " fcode="add"/>
<opset="add_ln840_18/1 "/>
</bind>
</comp>

<comp id="1561" class="1004" name="zext_ln840_10_fu_1561">
<pin_list>
<pin id="1562" dir="0" index="0" bw="2" slack="0"/>
<pin id="1563" dir="1" index="1" bw="3" slack="0"/>
</pin_list>
<bind>
<opcode="zext(34) " fcode="zext"/>
<opset="zext_ln840_10/1 "/>
</bind>
</comp>

<comp id="1565" class="1004" name="add_ln840_19_fu_1565">
<pin_list>
<pin id="1566" dir="0" index="0" bw="1" slack="0"/>
<pin id="1567" dir="0" index="1" bw="1" slack="0"/>
<pin id="1568" dir="1" index="2" bw="2" slack="0"/>
</pin_list>
<bind>
<opcode="add(8) " fcode="add"/>
<opset="add_ln840_19/1 "/>
</bind>
</comp>

<comp id="1571" class="1004" name="zext_ln840_11_fu_1571">
<pin_list>
<pin id="1572" dir="0" index="0" bw="2" slack="0"/>
<pin id="1573" dir="1" index="1" bw="3" slack="0"/>
</pin_list>
<bind>
<opcode="zext(34) " fcode="zext"/>
<opset="zext_ln840_11/1 "/>
</bind>
</comp>

<comp id="1575" class="1004" name="add_ln840_20_fu_1575">
<pin_list>
<pin id="1576" dir="0" index="0" bw="1" slack="0"/>
<pin id="1577" dir="0" index="1" bw="1" slack="0"/>
<pin id="1578" dir="1" index="2" bw="2" slack="0"/>
</pin_list>
<bind>
<opcode="add(8) " fcode="add"/>
<opset="add_ln840_20/1 "/>
</bind>
</comp>

<comp id="1581" class="1004" name="zext_ln840_12_fu_1581">
<pin_list>
<pin id="1582" dir="0" index="0" bw="2" slack="0"/>
<pin id="1583" dir="1" index="1" bw="3" slack="0"/>
</pin_list>
<bind>
<opcode="zext(34) " fcode="zext"/>
<opset="zext_ln840_12/1 "/>
</bind>
</comp>

<comp id="1585" class="1004" name="add_ln840_21_fu_1585">
<pin_list>
<pin id="1586" dir="0" index="0" bw="2" slack="0"/>
<pin id="1587" dir="0" index="1" bw="2" slack="0"/>
<pin id="1588" dir="1" index="2" bw="3" slack="0"/>
</pin_list>
<bind>
<opcode="add(8) " fcode="add"/>
<opset="add_ln840_21/1 "/>
</bind>
</comp>

<comp id="1591" class="1004" name="add_ln840_22_fu_1591">
<pin_list>
<pin id="1592" dir="0" index="0" bw="3" slack="0"/>
<pin id="1593" dir="0" index="1" bw="2" slack="0"/>
<pin id="1594" dir="1" index="2" bw="3" slack="0"/>
</pin_list>
<bind>
<opcode="add(8) " fcode="add"/>
<opset="add_ln840_22/1 "/>
</bind>
</comp>

<comp id="1597" class="1004" name="zext_ln840_13_fu_1597">
<pin_list>
<pin id="1598" dir="0" index="0" bw="3" slack="0"/>
<pin id="1599" dir="1" index="1" bw="4" slack="0"/>
</pin_list>
<bind>
<opcode="zext(34) " fcode="zext"/>
<opset="zext_ln840_13/1 "/>
</bind>
</comp>

<comp id="1601" class="1004" name="add_ln840_23_fu_1601">
<pin_list>
<pin id="1602" dir="0" index="0" bw="3" slack="0"/>
<pin id="1603" dir="0" index="1" bw="3" slack="0"/>
<pin id="1604" dir="1" index="2" bw="4" slack="0"/>
</pin_list>
<bind>
<opcode="add(8) " fcode="add"/>
<opset="add_ln840_23/1 "/>
</bind>
</comp>

<comp id="1607" class="1004" name="zext_ln840_14_fu_1607">
<pin_list>
<pin id="1608" dir="0" index="0" bw="4" slack="0"/>
<pin id="1609" dir="1" index="1" bw="10" slack="0"/>
</pin_list>
<bind>
<opcode="zext(34) " fcode="zext"/>
<opset="zext_ln840_14/1 "/>
</bind>
</comp>

<comp id="1611" class="1004" name="add_ln840_24_fu_1611">
<pin_list>
<pin id="1612" dir="0" index="0" bw="4" slack="0"/>
<pin id="1613" dir="0" index="1" bw="10" slack="0"/>
<pin id="1614" dir="1" index="2" bw="10" slack="0"/>
</pin_list>
<bind>
<opcode="add(8) " fcode="add"/>
<opset="add_ln840_24/1 "/>
</bind>
</comp>

<comp id="1617" class="1004" name="local_temp_V_25_fu_1617">
<pin_list>
<pin id="1618" dir="0" index="0" bw="1" slack="0"/>
<pin id="1619" dir="0" index="1" bw="56" slack="0"/>
<pin id="1620" dir="0" index="2" bw="6" slack="0"/>
<pin id="1621" dir="1" index="3" bw="1" slack="0"/>
</pin_list>
<bind>
<opcode="bitselect(1000) " fcode="bitselect"/>
<opset="local_temp_V_25/1 "/>
</bind>
</comp>

<comp id="1625" class="1004" name="local_temp_V_26_fu_1625">
<pin_list>
<pin id="1626" dir="0" index="0" bw="1" slack="0"/>
<pin id="1627" dir="0" index="1" bw="56" slack="0"/>
<pin id="1628" dir="0" index="2" bw="6" slack="0"/>
<pin id="1629" dir="1" index="3" bw="1" slack="0"/>
</pin_list>
<bind>
<opcode="bitselect(1000) " fcode="bitselect"/>
<opset="local_temp_V_26/1 "/>
</bind>
</comp>

<comp id="1633" class="1004" name="local_temp_V_27_fu_1633">
<pin_list>
<pin id="1634" dir="0" index="0" bw="1" slack="0"/>
<pin id="1635" dir="0" index="1" bw="56" slack="0"/>
<pin id="1636" dir="0" index="2" bw="6" slack="0"/>
<pin id="1637" dir="1" index="3" bw="1" slack="0"/>
</pin_list>
<bind>
<opcode="bitselect(1000) " fcode="bitselect"/>
<opset="local_temp_V_27/1 "/>
</bind>
</comp>

<comp id="1641" class="1004" name="local_temp_V_28_fu_1641">
<pin_list>
<pin id="1642" dir="0" index="0" bw="1" slack="0"/>
<pin id="1643" dir="0" index="1" bw="56" slack="0"/>
<pin id="1644" dir="0" index="2" bw="6" slack="0"/>
<pin id="1645" dir="1" index="3" bw="1" slack="0"/>
</pin_list>
<bind>
<opcode="bitselect(1000) " fcode="bitselect"/>
<opset="local_temp_V_28/1 "/>
</bind>
</comp>

<comp id="1649" class="1004" name="local_temp_V_29_fu_1649">
<pin_list>
<pin id="1650" dir="0" index="0" bw="1" slack="0"/>
<pin id="1651" dir="0" index="1" bw="56" slack="0"/>
<pin id="1652" dir="0" index="2" bw="6" slack="0"/>
<pin id="1653" dir="1" index="3" bw="1" slack="0"/>
</pin_list>
<bind>
<opcode="bitselect(1000) " fcode="bitselect"/>
<opset="local_temp_V_29/1 "/>
</bind>
</comp>

<comp id="1657" class="1004" name="local_temp_V_30_fu_1657">
<pin_list>
<pin id="1658" dir="0" index="0" bw="1" slack="0"/>
<pin id="1659" dir="0" index="1" bw="56" slack="0"/>
<pin id="1660" dir="0" index="2" bw="6" slack="0"/>
<pin id="1661" dir="1" index="3" bw="1" slack="0"/>
</pin_list>
<bind>
<opcode="bitselect(1000) " fcode="bitselect"/>
<opset="local_temp_V_30/1 "/>
</bind>
</comp>

<comp id="1665" class="1004" name="local_temp_V_31_fu_1665">
<pin_list>
<pin id="1666" dir="0" index="0" bw="1" slack="0"/>
<pin id="1667" dir="0" index="1" bw="56" slack="0"/>
<pin id="1668" dir="0" index="2" bw="6" slack="0"/>
<pin id="1669" dir="1" index="3" bw="1" slack="0"/>
</pin_list>
<bind>
<opcode="bitselect(1000) " fcode="bitselect"/>
<opset="local_temp_V_31/1 "/>
</bind>
</comp>

<comp id="1673" class="1004" name="local_temp_V_32_fu_1673">
<pin_list>
<pin id="1674" dir="0" index="0" bw="1" slack="0"/>
<pin id="1675" dir="0" index="1" bw="56" slack="0"/>
<pin id="1676" dir="0" index="2" bw="7" slack="0"/>
<pin id="1677" dir="1" index="3" bw="1" slack="0"/>
</pin_list>
<bind>
<opcode="bitselect(1000) " fcode="bitselect"/>
<opset="local_temp_V_32/1 "/>
</bind>
</comp>

<comp id="1681" class="1004" name="local_temp_V_33_fu_1681">
<pin_list>
<pin id="1682" dir="0" index="0" bw="1" slack="0"/>
<pin id="1683" dir="0" index="1" bw="56" slack="0"/>
<pin id="1684" dir="0" index="2" bw="7" slack="0"/>
<pin id="1685" dir="1" index="3" bw="1" slack="0"/>
</pin_list>
<bind>
<opcode="bitselect(1000) " fcode="bitselect"/>
<opset="local_temp_V_33/1 "/>
</bind>
</comp>

<comp id="1689" class="1004" name="local_temp_V_34_fu_1689">
<pin_list>
<pin id="1690" dir="0" index="0" bw="1" slack="0"/>
<pin id="1691" dir="0" index="1" bw="56" slack="0"/>
<pin id="1692" dir="0" index="2" bw="7" slack="0"/>
<pin id="1693" dir="1" index="3" bw="1" slack="0"/>
</pin_list>
<bind>
<opcode="bitselect(1000) " fcode="bitselect"/>
<opset="local_temp_V_34/1 "/>
</bind>
</comp>

<comp id="1697" class="1004" name="local_temp_V_35_fu_1697">
<pin_list>
<pin id="1698" dir="0" index="0" bw="1" slack="0"/>
<pin id="1699" dir="0" index="1" bw="56" slack="0"/>
<pin id="1700" dir="0" index="2" bw="7" slack="0"/>
<pin id="1701" dir="1" index="3" bw="1" slack="0"/>
</pin_list>
<bind>
<opcode="bitselect(1000) " fcode="bitselect"/>
<opset="local_temp_V_35/1 "/>
</bind>
</comp>

<comp id="1705" class="1004" name="local_temp_V_36_fu_1705">
<pin_list>
<pin id="1706" dir="0" index="0" bw="1" slack="0"/>
<pin id="1707" dir="0" index="1" bw="56" slack="0"/>
<pin id="1708" dir="0" index="2" bw="7" slack="0"/>
<pin id="1709" dir="1" index="3" bw="1" slack="0"/>
</pin_list>
<bind>
<opcode="bitselect(1000) " fcode="bitselect"/>
<opset="local_temp_V_36/1 "/>
</bind>
</comp>

<comp id="1713" class="1004" name="local_temp_V_37_fu_1713">
<pin_list>
<pin id="1714" dir="0" index="0" bw="1" slack="0"/>
<pin id="1715" dir="0" index="1" bw="56" slack="0"/>
<pin id="1716" dir="0" index="2" bw="7" slack="0"/>
<pin id="1717" dir="1" index="3" bw="1" slack="0"/>
</pin_list>
<bind>
<opcode="bitselect(1000) " fcode="bitselect"/>
<opset="local_temp_V_37/1 "/>
</bind>
</comp>

<comp id="1721" class="1004" name="local_temp_V_38_fu_1721">
<pin_list>
<pin id="1722" dir="0" index="0" bw="1" slack="0"/>
<pin id="1723" dir="0" index="1" bw="56" slack="0"/>
<pin id="1724" dir="0" index="2" bw="7" slack="0"/>
<pin id="1725" dir="1" index="3" bw="1" slack="0"/>
</pin_list>
<bind>
<opcode="bitselect(1000) " fcode="bitselect"/>
<opset="local_temp_V_38/1 "/>
</bind>
</comp>

<comp id="1729" class="1004" name="local_temp_V_39_fu_1729">
<pin_list>
<pin id="1730" dir="0" index="0" bw="1" slack="0"/>
<pin id="1731" dir="0" index="1" bw="56" slack="0"/>
<pin id="1732" dir="0" index="2" bw="7" slack="0"/>
<pin id="1733" dir="1" index="3" bw="1" slack="0"/>
</pin_list>
<bind>
<opcode="bitselect(1000) " fcode="bitselect"/>
<opset="local_temp_V_39/1 "/>
</bind>
</comp>

<comp id="1737" class="1004" name="local_temp_V_40_fu_1737">
<pin_list>
<pin id="1738" dir="0" index="0" bw="1" slack="0"/>
<pin id="1739" dir="0" index="1" bw="56" slack="0"/>
<pin id="1740" dir="0" index="2" bw="7" slack="0"/>
<pin id="1741" dir="1" index="3" bw="1" slack="0"/>
</pin_list>
<bind>
<opcode="bitselect(1000) " fcode="bitselect"/>
<opset="local_temp_V_40/1 "/>
</bind>
</comp>

<comp id="1745" class="1004" name="local_temp_V_41_fu_1745">
<pin_list>
<pin id="1746" dir="0" index="0" bw="1" slack="0"/>
<pin id="1747" dir="0" index="1" bw="56" slack="0"/>
<pin id="1748" dir="0" index="2" bw="7" slack="0"/>
<pin id="1749" dir="1" index="3" bw="1" slack="0"/>
</pin_list>
<bind>
<opcode="bitselect(1000) " fcode="bitselect"/>
<opset="local_temp_V_41/1 "/>
</bind>
</comp>

<comp id="1753" class="1004" name="local_temp_V_42_fu_1753">
<pin_list>
<pin id="1754" dir="0" index="0" bw="1" slack="0"/>
<pin id="1755" dir="0" index="1" bw="56" slack="0"/>
<pin id="1756" dir="0" index="2" bw="7" slack="0"/>
<pin id="1757" dir="1" index="3" bw="1" slack="0"/>
</pin_list>
<bind>
<opcode="bitselect(1000) " fcode="bitselect"/>
<opset="local_temp_V_42/1 "/>
</bind>
</comp>

<comp id="1761" class="1004" name="local_temp_V_43_fu_1761">
<pin_list>
<pin id="1762" dir="0" index="0" bw="1" slack="0"/>
<pin id="1763" dir="0" index="1" bw="56" slack="0"/>
<pin id="1764" dir="0" index="2" bw="7" slack="0"/>
<pin id="1765" dir="1" index="3" bw="1" slack="0"/>
</pin_list>
<bind>
<opcode="bitselect(1000) " fcode="bitselect"/>
<opset="local_temp_V_43/1 "/>
</bind>
</comp>

<comp id="1769" class="1004" name="local_temp_V_44_fu_1769">
<pin_list>
<pin id="1770" dir="0" index="0" bw="1" slack="0"/>
<pin id="1771" dir="0" index="1" bw="56" slack="0"/>
<pin id="1772" dir="0" index="2" bw="7" slack="0"/>
<pin id="1773" dir="1" index="3" bw="1" slack="0"/>
</pin_list>
<bind>
<opcode="bitselect(1000) " fcode="bitselect"/>
<opset="local_temp_V_44/1 "/>
</bind>
</comp>

<comp id="1777" class="1004" name="local_temp_V_45_fu_1777">
<pin_list>
<pin id="1778" dir="0" index="0" bw="1" slack="0"/>
<pin id="1779" dir="0" index="1" bw="56" slack="0"/>
<pin id="1780" dir="0" index="2" bw="7" slack="0"/>
<pin id="1781" dir="1" index="3" bw="1" slack="0"/>
</pin_list>
<bind>
<opcode="bitselect(1000) " fcode="bitselect"/>
<opset="local_temp_V_45/1 "/>
</bind>
</comp>

<comp id="1785" class="1004" name="local_temp_V_46_fu_1785">
<pin_list>
<pin id="1786" dir="0" index="0" bw="1" slack="0"/>
<pin id="1787" dir="0" index="1" bw="56" slack="0"/>
<pin id="1788" dir="0" index="2" bw="7" slack="0"/>
<pin id="1789" dir="1" index="3" bw="1" slack="0"/>
</pin_list>
<bind>
<opcode="bitselect(1000) " fcode="bitselect"/>
<opset="local_temp_V_46/1 "/>
</bind>
</comp>

<comp id="1793" class="1004" name="local_temp_V_47_fu_1793">
<pin_list>
<pin id="1794" dir="0" index="0" bw="1" slack="0"/>
<pin id="1795" dir="0" index="1" bw="56" slack="0"/>
<pin id="1796" dir="0" index="2" bw="7" slack="0"/>
<pin id="1797" dir="1" index="3" bw="1" slack="0"/>
</pin_list>
<bind>
<opcode="bitselect(1000) " fcode="bitselect"/>
<opset="local_temp_V_47/1 "/>
</bind>
</comp>

<comp id="1801" class="1004" name="local_temp_V_48_fu_1801">
<pin_list>
<pin id="1802" dir="0" index="0" bw="1" slack="0"/>
<pin id="1803" dir="0" index="1" bw="56" slack="0"/>
<pin id="1804" dir="0" index="2" bw="7" slack="0"/>
<pin id="1805" dir="1" index="3" bw="1" slack="0"/>
</pin_list>
<bind>
<opcode="bitselect(1000) " fcode="bitselect"/>
<opset="local_temp_V_48/1 "/>
</bind>
</comp>

<comp id="1809" class="1004" name="local_temp_V_49_fu_1809">
<pin_list>
<pin id="1810" dir="0" index="0" bw="1" slack="0"/>
<pin id="1811" dir="0" index="1" bw="56" slack="0"/>
<pin id="1812" dir="0" index="2" bw="7" slack="0"/>
<pin id="1813" dir="1" index="3" bw="1" slack="0"/>
</pin_list>
<bind>
<opcode="bitselect(1000) " fcode="bitselect"/>
<opset="local_temp_V_49/1 "/>
</bind>
</comp>

<comp id="1817" class="1004" name="xor_ln1019_50_fu_1817">
<pin_list>
<pin id="1818" dir="0" index="0" bw="1" slack="0"/>
<pin id="1819" dir="0" index="1" bw="1" slack="0"/>
<pin id="1820" dir="1" index="2" bw="1" slack="0"/>
</pin_list>
<bind>
<opcode="xor(25) " fcode="xor"/>
<opset="xor_ln1019_50/1 "/>
</bind>
</comp>

<comp id="1823" class="1004" name="xor_ln1019_51_fu_1823">
<pin_list>
<pin id="1824" dir="0" index="0" bw="1" slack="0"/>
<pin id="1825" dir="0" index="1" bw="1" slack="0"/>
<pin id="1826" dir="1" index="2" bw="1" slack="0"/>
</pin_list>
<bind>
<opcode="xor(25) " fcode="xor"/>
<opset="xor_ln1019_51/1 "/>
</bind>
</comp>

<comp id="1829" class="1004" name="zext_ln1019_fu_1829">
<pin_list>
<pin id="1830" dir="0" index="0" bw="1" slack="0"/>
<pin id="1831" dir="1" index="1" bw="2" slack="0"/>
</pin_list>
<bind>
<opcode="zext(34) " fcode="zext"/>
<opset="zext_ln1019/1 "/>
</bind>
</comp>

<comp id="1833" class="1004" name="xor_ln1019_52_fu_1833">
<pin_list>
<pin id="1834" dir="0" index="0" bw="1" slack="0"/>
<pin id="1835" dir="0" index="1" bw="1" slack="0"/>
<pin id="1836" dir="1" index="2" bw="1" slack="0"/>
</pin_list>
<bind>
<opcode="xor(25) " fcode="xor"/>
<opset="xor_ln1019_52/1 "/>
</bind>
</comp>

<comp id="1839" class="1004" name="xor_ln1019_53_fu_1839">
<pin_list>
<pin id="1840" dir="0" index="0" bw="1" slack="0"/>
<pin id="1841" dir="0" index="1" bw="1" slack="0"/>
<pin id="1842" dir="1" index="2" bw="1" slack="0"/>
</pin_list>
<bind>
<opcode="xor(25) " fcode="xor"/>
<opset="xor_ln1019_53/1 "/>
</bind>
</comp>

<comp id="1845" class="1004" name="zext_ln1019_1_fu_1845">
<pin_list>
<pin id="1846" dir="0" index="0" bw="1" slack="0"/>
<pin id="1847" dir="1" index="1" bw="2" slack="0"/>
</pin_list>
<bind>
<opcode="zext(34) " fcode="zext"/>
<opset="zext_ln1019_1/1 "/>
</bind>
</comp>

<comp id="1849" class="1004" name="xor_ln1019_54_fu_1849">
<pin_list>
<pin id="1850" dir="0" index="0" bw="1" slack="0"/>
<pin id="1851" dir="0" index="1" bw="1" slack="0"/>
<pin id="1852" dir="1" index="2" bw="1" slack="0"/>
</pin_list>
<bind>
<opcode="xor(25) " fcode="xor"/>
<opset="xor_ln1019_54/1 "/>
</bind>
</comp>

<comp id="1855" class="1004" name="xor_ln1019_55_fu_1855">
<pin_list>
<pin id="1856" dir="0" index="0" bw="1" slack="0"/>
<pin id="1857" dir="0" index="1" bw="1" slack="0"/>
<pin id="1858" dir="1" index="2" bw="1" slack="0"/>
</pin_list>
<bind>
<opcode="xor(25) " fcode="xor"/>
<opset="xor_ln1019_55/1 "/>
</bind>
</comp>

<comp id="1861" class="1004" name="zext_ln1019_2_fu_1861">
<pin_list>
<pin id="1862" dir="0" index="0" bw="1" slack="0"/>
<pin id="1863" dir="1" index="1" bw="2" slack="0"/>
</pin_list>
<bind>
<opcode="zext(34) " fcode="zext"/>
<opset="zext_ln1019_2/1 "/>
</bind>
</comp>

<comp id="1865" class="1004" name="xor_ln1019_56_fu_1865">
<pin_list>
<pin id="1866" dir="0" index="0" bw="1" slack="0"/>
<pin id="1867" dir="0" index="1" bw="1" slack="0"/>
<pin id="1868" dir="1" index="2" bw="1" slack="0"/>
</pin_list>
<bind>
<opcode="xor(25) " fcode="xor"/>
<opset="xor_ln1019_56/1 "/>
</bind>
</comp>

<comp id="1871" class="1004" name="xor_ln1019_57_fu_1871">
<pin_list>
<pin id="1872" dir="0" index="0" bw="1" slack="0"/>
<pin id="1873" dir="0" index="1" bw="1" slack="0"/>
<pin id="1874" dir="1" index="2" bw="1" slack="0"/>
</pin_list>
<bind>
<opcode="xor(25) " fcode="xor"/>
<opset="xor_ln1019_57/1 "/>
</bind>
</comp>

<comp id="1877" class="1004" name="zext_ln1019_3_fu_1877">
<pin_list>
<pin id="1878" dir="0" index="0" bw="1" slack="0"/>
<pin id="1879" dir="1" index="1" bw="2" slack="0"/>
</pin_list>
<bind>
<opcode="zext(34) " fcode="zext"/>
<opset="zext_ln1019_3/1 "/>
</bind>
</comp>

<comp id="1881" class="1004" name="xor_ln1019_58_fu_1881">
<pin_list>
<pin id="1882" dir="0" index="0" bw="1" slack="0"/>
<pin id="1883" dir="0" index="1" bw="1" slack="0"/>
<pin id="1884" dir="1" index="2" bw="1" slack="0"/>
</pin_list>
<bind>
<opcode="xor(25) " fcode="xor"/>
<opset="xor_ln1019_58/1 "/>
</bind>
</comp>

<comp id="1887" class="1004" name="xor_ln1019_59_fu_1887">
<pin_list>
<pin id="1888" dir="0" index="0" bw="1" slack="0"/>
<pin id="1889" dir="0" index="1" bw="1" slack="0"/>
<pin id="1890" dir="1" index="2" bw="1" slack="0"/>
</pin_list>
<bind>
<opcode="xor(25) " fcode="xor"/>
<opset="xor_ln1019_59/1 "/>
</bind>
</comp>

<comp id="1893" class="1004" name="zext_ln1019_4_fu_1893">
<pin_list>
<pin id="1894" dir="0" index="0" bw="1" slack="0"/>
<pin id="1895" dir="1" index="1" bw="2" slack="0"/>
</pin_list>
<bind>
<opcode="zext(34) " fcode="zext"/>
<opset="zext_ln1019_4/1 "/>
</bind>
</comp>

<comp id="1897" class="1004" name="xor_ln1019_60_fu_1897">
<pin_list>
<pin id="1898" dir="0" index="0" bw="1" slack="0"/>
<pin id="1899" dir="0" index="1" bw="1" slack="0"/>
<pin id="1900" dir="1" index="2" bw="1" slack="0"/>
</pin_list>
<bind>
<opcode="xor(25) " fcode="xor"/>
<opset="xor_ln1019_60/1 "/>
</bind>
</comp>

<comp id="1903" class="1004" name="xor_ln1019_61_fu_1903">
<pin_list>
<pin id="1904" dir="0" index="0" bw="1" slack="0"/>
<pin id="1905" dir="0" index="1" bw="1" slack="0"/>
<pin id="1906" dir="1" index="2" bw="1" slack="0"/>
</pin_list>
<bind>
<opcode="xor(25) " fcode="xor"/>
<opset="xor_ln1019_61/1 "/>
</bind>
</comp>

<comp id="1909" class="1004" name="zext_ln1019_5_fu_1909">
<pin_list>
<pin id="1910" dir="0" index="0" bw="1" slack="0"/>
<pin id="1911" dir="1" index="1" bw="2" slack="0"/>
</pin_list>
<bind>
<opcode="zext(34) " fcode="zext"/>
<opset="zext_ln1019_5/1 "/>
</bind>
</comp>

<comp id="1913" class="1004" name="xor_ln1019_62_fu_1913">
<pin_list>
<pin id="1914" dir="0" index="0" bw="1" slack="0"/>
<pin id="1915" dir="0" index="1" bw="1" slack="0"/>
<pin id="1916" dir="1" index="2" bw="1" slack="0"/>
</pin_list>
<bind>
<opcode="xor(25) " fcode="xor"/>
<opset="xor_ln1019_62/1 "/>
</bind>
</comp>

<comp id="1919" class="1004" name="xor_ln1019_63_fu_1919">
<pin_list>
<pin id="1920" dir="0" index="0" bw="1" slack="0"/>
<pin id="1921" dir="0" index="1" bw="1" slack="0"/>
<pin id="1922" dir="1" index="2" bw="1" slack="0"/>
</pin_list>
<bind>
<opcode="xor(25) " fcode="xor"/>
<opset="xor_ln1019_63/1 "/>
</bind>
</comp>

<comp id="1925" class="1004" name="zext_ln1019_6_fu_1925">
<pin_list>
<pin id="1926" dir="0" index="0" bw="1" slack="0"/>
<pin id="1927" dir="1" index="1" bw="2" slack="0"/>
</pin_list>
<bind>
<opcode="zext(34) " fcode="zext"/>
<opset="zext_ln1019_6/1 "/>
</bind>
</comp>

<comp id="1929" class="1004" name="xor_ln1019_64_fu_1929">
<pin_list>
<pin id="1930" dir="0" index="0" bw="1" slack="0"/>
<pin id="1931" dir="0" index="1" bw="1" slack="0"/>
<pin id="1932" dir="1" index="2" bw="1" slack="0"/>
</pin_list>
<bind>
<opcode="xor(25) " fcode="xor"/>
<opset="xor_ln1019_64/1 "/>
</bind>
</comp>

<comp id="1935" class="1004" name="xor_ln1019_65_fu_1935">
<pin_list>
<pin id="1936" dir="0" index="0" bw="1" slack="0"/>
<pin id="1937" dir="0" index="1" bw="1" slack="0"/>
<pin id="1938" dir="1" index="2" bw="1" slack="0"/>
</pin_list>
<bind>
<opcode="xor(25) " fcode="xor"/>
<opset="xor_ln1019_65/1 "/>
</bind>
</comp>

<comp id="1941" class="1004" name="zext_ln1019_7_fu_1941">
<pin_list>
<pin id="1942" dir="0" index="0" bw="1" slack="0"/>
<pin id="1943" dir="1" index="1" bw="2" slack="0"/>
</pin_list>
<bind>
<opcode="zext(34) " fcode="zext"/>
<opset="zext_ln1019_7/1 "/>
</bind>
</comp>

<comp id="1945" class="1004" name="xor_ln1019_66_fu_1945">
<pin_list>
<pin id="1946" dir="0" index="0" bw="1" slack="0"/>
<pin id="1947" dir="0" index="1" bw="1" slack="0"/>
<pin id="1948" dir="1" index="2" bw="1" slack="0"/>
</pin_list>
<bind>
<opcode="xor(25) " fcode="xor"/>
<opset="xor_ln1019_66/1 "/>
</bind>
</comp>

<comp id="1951" class="1004" name="xor_ln1019_67_fu_1951">
<pin_list>
<pin id="1952" dir="0" index="0" bw="1" slack="0"/>
<pin id="1953" dir="0" index="1" bw="1" slack="0"/>
<pin id="1954" dir="1" index="2" bw="1" slack="0"/>
</pin_list>
<bind>
<opcode="xor(25) " fcode="xor"/>
<opset="xor_ln1019_67/1 "/>
</bind>
</comp>

<comp id="1957" class="1004" name="zext_ln1019_8_fu_1957">
<pin_list>
<pin id="1958" dir="0" index="0" bw="1" slack="0"/>
<pin id="1959" dir="1" index="1" bw="2" slack="0"/>
</pin_list>
<bind>
<opcode="zext(34) " fcode="zext"/>
<opset="zext_ln1019_8/1 "/>
</bind>
</comp>

<comp id="1961" class="1004" name="xor_ln1019_68_fu_1961">
<pin_list>
<pin id="1962" dir="0" index="0" bw="1" slack="0"/>
<pin id="1963" dir="0" index="1" bw="1" slack="0"/>
<pin id="1964" dir="1" index="2" bw="1" slack="0"/>
</pin_list>
<bind>
<opcode="xor(25) " fcode="xor"/>
<opset="xor_ln1019_68/1 "/>
</bind>
</comp>

<comp id="1967" class="1004" name="xor_ln1019_69_fu_1967">
<pin_list>
<pin id="1968" dir="0" index="0" bw="1" slack="0"/>
<pin id="1969" dir="0" index="1" bw="1" slack="0"/>
<pin id="1970" dir="1" index="2" bw="1" slack="0"/>
</pin_list>
<bind>
<opcode="xor(25) " fcode="xor"/>
<opset="xor_ln1019_69/1 "/>
</bind>
</comp>

<comp id="1973" class="1004" name="zext_ln1019_9_fu_1973">
<pin_list>
<pin id="1974" dir="0" index="0" bw="1" slack="0"/>
<pin id="1975" dir="1" index="1" bw="2" slack="0"/>
</pin_list>
<bind>
<opcode="zext(34) " fcode="zext"/>
<opset="zext_ln1019_9/1 "/>
</bind>
</comp>

<comp id="1977" class="1004" name="xor_ln1019_70_fu_1977">
<pin_list>
<pin id="1978" dir="0" index="0" bw="1" slack="0"/>
<pin id="1979" dir="0" index="1" bw="1" slack="0"/>
<pin id="1980" dir="1" index="2" bw="1" slack="0"/>
</pin_list>
<bind>
<opcode="xor(25) " fcode="xor"/>
<opset="xor_ln1019_70/1 "/>
</bind>
</comp>

<comp id="1983" class="1004" name="xor_ln1019_71_fu_1983">
<pin_list>
<pin id="1984" dir="0" index="0" bw="1" slack="0"/>
<pin id="1985" dir="0" index="1" bw="1" slack="0"/>
<pin id="1986" dir="1" index="2" bw="1" slack="0"/>
</pin_list>
<bind>
<opcode="xor(25) " fcode="xor"/>
<opset="xor_ln1019_71/1 "/>
</bind>
</comp>

<comp id="1989" class="1004" name="zext_ln1019_10_fu_1989">
<pin_list>
<pin id="1990" dir="0" index="0" bw="1" slack="0"/>
<pin id="1991" dir="1" index="1" bw="2" slack="0"/>
</pin_list>
<bind>
<opcode="zext(34) " fcode="zext"/>
<opset="zext_ln1019_10/1 "/>
</bind>
</comp>

<comp id="1993" class="1004" name="xor_ln1019_72_fu_1993">
<pin_list>
<pin id="1994" dir="0" index="0" bw="1" slack="0"/>
<pin id="1995" dir="0" index="1" bw="1" slack="0"/>
<pin id="1996" dir="1" index="2" bw="1" slack="0"/>
</pin_list>
<bind>
<opcode="xor(25) " fcode="xor"/>
<opset="xor_ln1019_72/1 "/>
</bind>
</comp>

<comp id="1999" class="1004" name="xor_ln1019_73_fu_1999">
<pin_list>
<pin id="2000" dir="0" index="0" bw="1" slack="0"/>
<pin id="2001" dir="0" index="1" bw="1" slack="0"/>
<pin id="2002" dir="1" index="2" bw="1" slack="0"/>
</pin_list>
<bind>
<opcode="xor(25) " fcode="xor"/>
<opset="xor_ln1019_73/1 "/>
</bind>
</comp>

<comp id="2005" class="1004" name="zext_ln1019_11_fu_2005">
<pin_list>
<pin id="2006" dir="0" index="0" bw="1" slack="0"/>
<pin id="2007" dir="1" index="1" bw="2" slack="0"/>
</pin_list>
<bind>
<opcode="zext(34) " fcode="zext"/>
<opset="zext_ln1019_11/1 "/>
</bind>
</comp>

<comp id="2009" class="1004" name="xor_ln1019_74_fu_2009">
<pin_list>
<pin id="2010" dir="0" index="0" bw="1" slack="0"/>
<pin id="2011" dir="0" index="1" bw="1" slack="0"/>
<pin id="2012" dir="1" index="2" bw="1" slack="0"/>
</pin_list>
<bind>
<opcode="xor(25) " fcode="xor"/>
<opset="xor_ln1019_74/1 "/>
</bind>
</comp>

<comp id="2015" class="1004" name="xor_ln1019_75_fu_2015">
<pin_list>
<pin id="2016" dir="0" index="0" bw="1" slack="0"/>
<pin id="2017" dir="0" index="1" bw="1" slack="0"/>
<pin id="2018" dir="1" index="2" bw="1" slack="0"/>
</pin_list>
<bind>
<opcode="xor(25) " fcode="xor"/>
<opset="xor_ln1019_75/1 "/>
</bind>
</comp>

<comp id="2021" class="1004" name="zext_ln1019_12_fu_2021">
<pin_list>
<pin id="2022" dir="0" index="0" bw="1" slack="0"/>
<pin id="2023" dir="1" index="1" bw="2" slack="0"/>
</pin_list>
<bind>
<opcode="zext(34) " fcode="zext"/>
<opset="zext_ln1019_12/1 "/>
</bind>
</comp>

<comp id="2025" class="1004" name="xor_ln1019_76_fu_2025">
<pin_list>
<pin id="2026" dir="0" index="0" bw="1" slack="0"/>
<pin id="2027" dir="0" index="1" bw="1" slack="0"/>
<pin id="2028" dir="1" index="2" bw="1" slack="0"/>
</pin_list>
<bind>
<opcode="xor(25) " fcode="xor"/>
<opset="xor_ln1019_76/1 "/>
</bind>
</comp>

<comp id="2031" class="1004" name="xor_ln1019_77_fu_2031">
<pin_list>
<pin id="2032" dir="0" index="0" bw="1" slack="0"/>
<pin id="2033" dir="0" index="1" bw="1" slack="0"/>
<pin id="2034" dir="1" index="2" bw="1" slack="0"/>
</pin_list>
<bind>
<opcode="xor(25) " fcode="xor"/>
<opset="xor_ln1019_77/1 "/>
</bind>
</comp>

<comp id="2037" class="1004" name="zext_ln1019_13_fu_2037">
<pin_list>
<pin id="2038" dir="0" index="0" bw="1" slack="0"/>
<pin id="2039" dir="1" index="1" bw="2" slack="0"/>
</pin_list>
<bind>
<opcode="zext(34) " fcode="zext"/>
<opset="zext_ln1019_13/1 "/>
</bind>
</comp>

<comp id="2041" class="1004" name="xor_ln1019_78_fu_2041">
<pin_list>
<pin id="2042" dir="0" index="0" bw="1" slack="0"/>
<pin id="2043" dir="0" index="1" bw="1" slack="0"/>
<pin id="2044" dir="1" index="2" bw="1" slack="0"/>
</pin_list>
<bind>
<opcode="xor(25) " fcode="xor"/>
<opset="xor_ln1019_78/1 "/>
</bind>
</comp>

<comp id="2047" class="1004" name="xor_ln1019_79_fu_2047">
<pin_list>
<pin id="2048" dir="0" index="0" bw="1" slack="0"/>
<pin id="2049" dir="0" index="1" bw="1" slack="0"/>
<pin id="2050" dir="1" index="2" bw="1" slack="0"/>
</pin_list>
<bind>
<opcode="xor(25) " fcode="xor"/>
<opset="xor_ln1019_79/1 "/>
</bind>
</comp>

<comp id="2053" class="1004" name="zext_ln1019_14_fu_2053">
<pin_list>
<pin id="2054" dir="0" index="0" bw="1" slack="0"/>
<pin id="2055" dir="1" index="1" bw="2" slack="0"/>
</pin_list>
<bind>
<opcode="zext(34) " fcode="zext"/>
<opset="zext_ln1019_14/1 "/>
</bind>
</comp>

<comp id="2057" class="1004" name="xor_ln1019_80_fu_2057">
<pin_list>
<pin id="2058" dir="0" index="0" bw="1" slack="0"/>
<pin id="2059" dir="0" index="1" bw="1" slack="0"/>
<pin id="2060" dir="1" index="2" bw="1" slack="0"/>
</pin_list>
<bind>
<opcode="xor(25) " fcode="xor"/>
<opset="xor_ln1019_80/1 "/>
</bind>
</comp>

<comp id="2063" class="1004" name="xor_ln1019_81_fu_2063">
<pin_list>
<pin id="2064" dir="0" index="0" bw="1" slack="0"/>
<pin id="2065" dir="0" index="1" bw="1" slack="0"/>
<pin id="2066" dir="1" index="2" bw="1" slack="0"/>
</pin_list>
<bind>
<opcode="xor(25) " fcode="xor"/>
<opset="xor_ln1019_81/1 "/>
</bind>
</comp>

<comp id="2069" class="1004" name="zext_ln1019_15_fu_2069">
<pin_list>
<pin id="2070" dir="0" index="0" bw="1" slack="0"/>
<pin id="2071" dir="1" index="1" bw="2" slack="0"/>
</pin_list>
<bind>
<opcode="zext(34) " fcode="zext"/>
<opset="zext_ln1019_15/1 "/>
</bind>
</comp>

<comp id="2073" class="1004" name="xor_ln1019_82_fu_2073">
<pin_list>
<pin id="2074" dir="0" index="0" bw="1" slack="0"/>
<pin id="2075" dir="0" index="1" bw="1" slack="0"/>
<pin id="2076" dir="1" index="2" bw="1" slack="0"/>
</pin_list>
<bind>
<opcode="xor(25) " fcode="xor"/>
<opset="xor_ln1019_82/1 "/>
</bind>
</comp>

<comp id="2079" class="1004" name="xor_ln1019_83_fu_2079">
<pin_list>
<pin id="2080" dir="0" index="0" bw="1" slack="0"/>
<pin id="2081" dir="0" index="1" bw="1" slack="0"/>
<pin id="2082" dir="1" index="2" bw="1" slack="0"/>
</pin_list>
<bind>
<opcode="xor(25) " fcode="xor"/>
<opset="xor_ln1019_83/1 "/>
</bind>
</comp>

<comp id="2085" class="1004" name="zext_ln1019_16_fu_2085">
<pin_list>
<pin id="2086" dir="0" index="0" bw="1" slack="0"/>
<pin id="2087" dir="1" index="1" bw="2" slack="0"/>
</pin_list>
<bind>
<opcode="zext(34) " fcode="zext"/>
<opset="zext_ln1019_16/1 "/>
</bind>
</comp>

<comp id="2089" class="1004" name="xor_ln1019_84_fu_2089">
<pin_list>
<pin id="2090" dir="0" index="0" bw="1" slack="0"/>
<pin id="2091" dir="0" index="1" bw="1" slack="0"/>
<pin id="2092" dir="1" index="2" bw="1" slack="0"/>
</pin_list>
<bind>
<opcode="xor(25) " fcode="xor"/>
<opset="xor_ln1019_84/1 "/>
</bind>
</comp>

<comp id="2095" class="1004" name="xor_ln1019_85_fu_2095">
<pin_list>
<pin id="2096" dir="0" index="0" bw="1" slack="0"/>
<pin id="2097" dir="0" index="1" bw="1" slack="0"/>
<pin id="2098" dir="1" index="2" bw="1" slack="0"/>
</pin_list>
<bind>
<opcode="xor(25) " fcode="xor"/>
<opset="xor_ln1019_85/1 "/>
</bind>
</comp>

<comp id="2101" class="1004" name="zext_ln1019_17_fu_2101">
<pin_list>
<pin id="2102" dir="0" index="0" bw="1" slack="0"/>
<pin id="2103" dir="1" index="1" bw="2" slack="0"/>
</pin_list>
<bind>
<opcode="zext(34) " fcode="zext"/>
<opset="zext_ln1019_17/1 "/>
</bind>
</comp>

<comp id="2105" class="1004" name="xor_ln1019_86_fu_2105">
<pin_list>
<pin id="2106" dir="0" index="0" bw="1" slack="0"/>
<pin id="2107" dir="0" index="1" bw="1" slack="0"/>
<pin id="2108" dir="1" index="2" bw="1" slack="0"/>
</pin_list>
<bind>
<opcode="xor(25) " fcode="xor"/>
<opset="xor_ln1019_86/1 "/>
</bind>
</comp>

<comp id="2111" class="1004" name="xor_ln1019_87_fu_2111">
<pin_list>
<pin id="2112" dir="0" index="0" bw="1" slack="0"/>
<pin id="2113" dir="0" index="1" bw="1" slack="0"/>
<pin id="2114" dir="1" index="2" bw="1" slack="0"/>
</pin_list>
<bind>
<opcode="xor(25) " fcode="xor"/>
<opset="xor_ln1019_87/1 "/>
</bind>
</comp>

<comp id="2117" class="1004" name="zext_ln1019_18_fu_2117">
<pin_list>
<pin id="2118" dir="0" index="0" bw="1" slack="0"/>
<pin id="2119" dir="1" index="1" bw="2" slack="0"/>
</pin_list>
<bind>
<opcode="zext(34) " fcode="zext"/>
<opset="zext_ln1019_18/1 "/>
</bind>
</comp>

<comp id="2121" class="1004" name="xor_ln1019_88_fu_2121">
<pin_list>
<pin id="2122" dir="0" index="0" bw="1" slack="0"/>
<pin id="2123" dir="0" index="1" bw="1" slack="0"/>
<pin id="2124" dir="1" index="2" bw="1" slack="0"/>
</pin_list>
<bind>
<opcode="xor(25) " fcode="xor"/>
<opset="xor_ln1019_88/1 "/>
</bind>
</comp>

<comp id="2127" class="1004" name="xor_ln1019_89_fu_2127">
<pin_list>
<pin id="2128" dir="0" index="0" bw="1" slack="0"/>
<pin id="2129" dir="0" index="1" bw="1" slack="0"/>
<pin id="2130" dir="1" index="2" bw="1" slack="0"/>
</pin_list>
<bind>
<opcode="xor(25) " fcode="xor"/>
<opset="xor_ln1019_89/1 "/>
</bind>
</comp>

<comp id="2133" class="1004" name="zext_ln1019_19_fu_2133">
<pin_list>
<pin id="2134" dir="0" index="0" bw="1" slack="0"/>
<pin id="2135" dir="1" index="1" bw="2" slack="0"/>
</pin_list>
<bind>
<opcode="zext(34) " fcode="zext"/>
<opset="zext_ln1019_19/1 "/>
</bind>
</comp>

<comp id="2137" class="1004" name="xor_ln1019_90_fu_2137">
<pin_list>
<pin id="2138" dir="0" index="0" bw="1" slack="0"/>
<pin id="2139" dir="0" index="1" bw="1" slack="0"/>
<pin id="2140" dir="1" index="2" bw="1" slack="0"/>
</pin_list>
<bind>
<opcode="xor(25) " fcode="xor"/>
<opset="xor_ln1019_90/1 "/>
</bind>
</comp>

<comp id="2143" class="1004" name="xor_ln1019_91_fu_2143">
<pin_list>
<pin id="2144" dir="0" index="0" bw="1" slack="0"/>
<pin id="2145" dir="0" index="1" bw="1" slack="0"/>
<pin id="2146" dir="1" index="2" bw="1" slack="0"/>
</pin_list>
<bind>
<opcode="xor(25) " fcode="xor"/>
<opset="xor_ln1019_91/1 "/>
</bind>
</comp>

<comp id="2149" class="1004" name="zext_ln1019_20_fu_2149">
<pin_list>
<pin id="2150" dir="0" index="0" bw="1" slack="0"/>
<pin id="2151" dir="1" index="1" bw="2" slack="0"/>
</pin_list>
<bind>
<opcode="zext(34) " fcode="zext"/>
<opset="zext_ln1019_20/1 "/>
</bind>
</comp>

<comp id="2153" class="1004" name="xor_ln1019_92_fu_2153">
<pin_list>
<pin id="2154" dir="0" index="0" bw="1" slack="0"/>
<pin id="2155" dir="0" index="1" bw="1" slack="0"/>
<pin id="2156" dir="1" index="2" bw="1" slack="0"/>
</pin_list>
<bind>
<opcode="xor(25) " fcode="xor"/>
<opset="xor_ln1019_92/1 "/>
</bind>
</comp>

<comp id="2159" class="1004" name="xor_ln1019_93_fu_2159">
<pin_list>
<pin id="2160" dir="0" index="0" bw="1" slack="0"/>
<pin id="2161" dir="0" index="1" bw="1" slack="0"/>
<pin id="2162" dir="1" index="2" bw="1" slack="0"/>
</pin_list>
<bind>
<opcode="xor(25) " fcode="xor"/>
<opset="xor_ln1019_93/1 "/>
</bind>
</comp>

<comp id="2165" class="1004" name="zext_ln1019_21_fu_2165">
<pin_list>
<pin id="2166" dir="0" index="0" bw="1" slack="0"/>
<pin id="2167" dir="1" index="1" bw="2" slack="0"/>
</pin_list>
<bind>
<opcode="zext(34) " fcode="zext"/>
<opset="zext_ln1019_21/1 "/>
</bind>
</comp>

<comp id="2169" class="1004" name="xor_ln1019_94_fu_2169">
<pin_list>
<pin id="2170" dir="0" index="0" bw="1" slack="0"/>
<pin id="2171" dir="0" index="1" bw="1" slack="0"/>
<pin id="2172" dir="1" index="2" bw="1" slack="0"/>
</pin_list>
<bind>
<opcode="xor(25) " fcode="xor"/>
<opset="xor_ln1019_94/1 "/>
</bind>
</comp>

<comp id="2175" class="1004" name="xor_ln1019_95_fu_2175">
<pin_list>
<pin id="2176" dir="0" index="0" bw="1" slack="0"/>
<pin id="2177" dir="0" index="1" bw="1" slack="0"/>
<pin id="2178" dir="1" index="2" bw="1" slack="0"/>
</pin_list>
<bind>
<opcode="xor(25) " fcode="xor"/>
<opset="xor_ln1019_95/1 "/>
</bind>
</comp>

<comp id="2181" class="1004" name="zext_ln1019_22_fu_2181">
<pin_list>
<pin id="2182" dir="0" index="0" bw="1" slack="0"/>
<pin id="2183" dir="1" index="1" bw="2" slack="0"/>
</pin_list>
<bind>
<opcode="zext(34) " fcode="zext"/>
<opset="zext_ln1019_22/1 "/>
</bind>
</comp>

<comp id="2185" class="1004" name="xor_ln1019_96_fu_2185">
<pin_list>
<pin id="2186" dir="0" index="0" bw="1" slack="0"/>
<pin id="2187" dir="0" index="1" bw="1" slack="0"/>
<pin id="2188" dir="1" index="2" bw="1" slack="0"/>
</pin_list>
<bind>
<opcode="xor(25) " fcode="xor"/>
<opset="xor_ln1019_96/1 "/>
</bind>
</comp>

<comp id="2191" class="1004" name="xor_ln1019_97_fu_2191">
<pin_list>
<pin id="2192" dir="0" index="0" bw="1" slack="0"/>
<pin id="2193" dir="0" index="1" bw="1" slack="0"/>
<pin id="2194" dir="1" index="2" bw="1" slack="0"/>
</pin_list>
<bind>
<opcode="xor(25) " fcode="xor"/>
<opset="xor_ln1019_97/1 "/>
</bind>
</comp>

<comp id="2197" class="1004" name="zext_ln1019_23_fu_2197">
<pin_list>
<pin id="2198" dir="0" index="0" bw="1" slack="0"/>
<pin id="2199" dir="1" index="1" bw="2" slack="0"/>
</pin_list>
<bind>
<opcode="zext(34) " fcode="zext"/>
<opset="zext_ln1019_23/1 "/>
</bind>
</comp>

<comp id="2201" class="1004" name="xor_ln1019_98_fu_2201">
<pin_list>
<pin id="2202" dir="0" index="0" bw="1" slack="0"/>
<pin id="2203" dir="0" index="1" bw="1" slack="0"/>
<pin id="2204" dir="1" index="2" bw="1" slack="0"/>
</pin_list>
<bind>
<opcode="xor(25) " fcode="xor"/>
<opset="xor_ln1019_98/1 "/>
</bind>
</comp>

<comp id="2207" class="1004" name="xor_ln1019_99_fu_2207">
<pin_list>
<pin id="2208" dir="0" index="0" bw="1" slack="0"/>
<pin id="2209" dir="0" index="1" bw="1" slack="0"/>
<pin id="2210" dir="1" index="2" bw="1" slack="0"/>
</pin_list>
<bind>
<opcode="xor(25) " fcode="xor"/>
<opset="xor_ln1019_99/1 "/>
</bind>
</comp>

<comp id="2213" class="1004" name="zext_ln840_15_fu_2213">
<pin_list>
<pin id="2214" dir="0" index="0" bw="1" slack="0"/>
<pin id="2215" dir="1" index="1" bw="2" slack="0"/>
</pin_list>
<bind>
<opcode="zext(34) " fcode="zext"/>
<opset="zext_ln840_15/1 "/>
</bind>
</comp>

<comp id="2217" class="1004" name="add_ln840_25_fu_2217">
<pin_list>
<pin id="2218" dir="0" index="0" bw="1" slack="0"/>
<pin id="2219" dir="0" index="1" bw="1" slack="0"/>
<pin id="2220" dir="1" index="2" bw="2" slack="0"/>
</pin_list>
<bind>
<opcode="add(8) " fcode="add"/>
<opset="add_ln840_25/1 "/>
</bind>
</comp>

<comp id="2223" class="1004" name="zext_ln840_16_fu_2223">
<pin_list>
<pin id="2224" dir="0" index="0" bw="2" slack="0"/>
<pin id="2225" dir="1" index="1" bw="10" slack="0"/>
</pin_list>
<bind>
<opcode="zext(34) " fcode="zext"/>
<opset="zext_ln840_16/1 "/>
</bind>
</comp>

<comp id="2227" class="1004" name="add_ln840_26_fu_2227">
<pin_list>
<pin id="2228" dir="0" index="0" bw="2" slack="0"/>
<pin id="2229" dir="0" index="1" bw="10" slack="0"/>
<pin id="2230" dir="1" index="2" bw="10" slack="0"/>
</pin_list>
<bind>
<opcode="add(8) " fcode="add"/>
<opset="add_ln840_26/1 "/>
</bind>
</comp>

<comp id="2233" class="1004" name="add_ln840_27_fu_2233">
<pin_list>
<pin id="2234" dir="0" index="0" bw="1" slack="0"/>
<pin id="2235" dir="0" index="1" bw="1" slack="0"/>
<pin id="2236" dir="1" index="2" bw="2" slack="0"/>
</pin_list>
<bind>
<opcode="add(8) " fcode="add"/>
<opset="add_ln840_27/1 "/>
</bind>
</comp>

<comp id="2239" class="1004" name="add_ln840_28_fu_2239">
<pin_list>
<pin id="2240" dir="0" index="0" bw="2" slack="0"/>
<pin id="2241" dir="0" index="1" bw="1" slack="0"/>
<pin id="2242" dir="1" index="2" bw="2" slack="0"/>
</pin_list>
<bind>
<opcode="add(8) " fcode="add"/>
<opset="add_ln840_28/1 "/>
</bind>
</comp>

<comp id="2245" class="1004" name="zext_ln840_17_fu_2245">
<pin_list>
<pin id="2246" dir="0" index="0" bw="2" slack="0"/>
<pin id="2247" dir="1" index="1" bw="10" slack="0"/>
</pin_list>
<bind>
<opcode="zext(34) " fcode="zext"/>
<opset="zext_ln840_17/1 "/>
</bind>
</comp>

<comp id="2249" class="1004" name="add_ln840_29_fu_2249">
<pin_list>
<pin id="2250" dir="0" index="0" bw="2" slack="0"/>
<pin id="2251" dir="0" index="1" bw="10" slack="0"/>
<pin id="2252" dir="1" index="2" bw="10" slack="0"/>
</pin_list>
<bind>
<opcode="add(8) " fcode="add"/>
<opset="add_ln840_29/1 "/>
</bind>
</comp>

<comp id="2255" class="1004" name="add_ln840_30_fu_2255">
<pin_list>
<pin id="2256" dir="0" index="0" bw="1" slack="0"/>
<pin id="2257" dir="0" index="1" bw="1" slack="0"/>
<pin id="2258" dir="1" index="2" bw="2" slack="0"/>
</pin_list>
<bind>
<opcode="add(8) " fcode="add"/>
<opset="add_ln840_30/1 "/>
</bind>
</comp>

<comp id="2261" class="1004" name="add_ln840_31_fu_2261">
<pin_list>
<pin id="2262" dir="0" index="0" bw="2" slack="0"/>
<pin id="2263" dir="0" index="1" bw="1" slack="0"/>
<pin id="2264" dir="1" index="2" bw="2" slack="0"/>
</pin_list>
<bind>
<opcode="add(8) " fcode="add"/>
<opset="add_ln840_31/1 "/>
</bind>
</comp>

<comp id="2267" class="1004" name="zext_ln840_18_fu_2267">
<pin_list>
<pin id="2268" dir="0" index="0" bw="2" slack="0"/>
<pin id="2269" dir="1" index="1" bw="3" slack="0"/>
</pin_list>
<bind>
<opcode="zext(34) " fcode="zext"/>
<opset="zext_ln840_18/1 "/>
</bind>
</comp>

<comp id="2271" class="1004" name="add_ln840_32_fu_2271">
<pin_list>
<pin id="2272" dir="0" index="0" bw="1" slack="0"/>
<pin id="2273" dir="0" index="1" bw="1" slack="0"/>
<pin id="2274" dir="1" index="2" bw="2" slack="0"/>
</pin_list>
<bind>
<opcode="add(8) " fcode="add"/>
<opset="add_ln840_32/1 "/>
</bind>
</comp>

<comp id="2277" class="1004" name="zext_ln840_19_fu_2277">
<pin_list>
<pin id="2278" dir="0" index="0" bw="2" slack="0"/>
<pin id="2279" dir="1" index="1" bw="3" slack="0"/>
</pin_list>
<bind>
<opcode="zext(34) " fcode="zext"/>
<opset="zext_ln840_19/1 "/>
</bind>
</comp>

<comp id="2281" class="1004" name="add_ln840_33_fu_2281">
<pin_list>
<pin id="2282" dir="0" index="0" bw="1" slack="0"/>
<pin id="2283" dir="0" index="1" bw="1" slack="0"/>
<pin id="2284" dir="1" index="2" bw="2" slack="0"/>
</pin_list>
<bind>
<opcode="add(8) " fcode="add"/>
<opset="add_ln840_33/1 "/>
</bind>
</comp>

<comp id="2287" class="1004" name="zext_ln840_20_fu_2287">
<pin_list>
<pin id="2288" dir="0" index="0" bw="2" slack="0"/>
<pin id="2289" dir="1" index="1" bw="3" slack="0"/>
</pin_list>
<bind>
<opcode="zext(34) " fcode="zext"/>
<opset="zext_ln840_20/1 "/>
</bind>
</comp>

<comp id="2291" class="1004" name="add_ln840_34_fu_2291">
<pin_list>
<pin id="2292" dir="0" index="0" bw="2" slack="0"/>
<pin id="2293" dir="0" index="1" bw="2" slack="0"/>
<pin id="2294" dir="1" index="2" bw="3" slack="0"/>
</pin_list>
<bind>
<opcode="add(8) " fcode="add"/>
<opset="add_ln840_34/1 "/>
</bind>
</comp>

<comp id="2297" class="1004" name="add_ln840_35_fu_2297">
<pin_list>
<pin id="2298" dir="0" index="0" bw="3" slack="0"/>
<pin id="2299" dir="0" index="1" bw="2" slack="0"/>
<pin id="2300" dir="1" index="2" bw="3" slack="0"/>
</pin_list>
<bind>
<opcode="add(8) " fcode="add"/>
<opset="add_ln840_35/1 "/>
</bind>
</comp>

<comp id="2303" class="1004" name="zext_ln840_21_fu_2303">
<pin_list>
<pin id="2304" dir="0" index="0" bw="3" slack="0"/>
<pin id="2305" dir="1" index="1" bw="10" slack="0"/>
</pin_list>
<bind>
<opcode="zext(34) " fcode="zext"/>
<opset="zext_ln840_21/1 "/>
</bind>
</comp>

<comp id="2307" class="1004" name="add_ln840_36_fu_2307">
<pin_list>
<pin id="2308" dir="0" index="0" bw="3" slack="0"/>
<pin id="2309" dir="0" index="1" bw="10" slack="0"/>
<pin id="2310" dir="1" index="2" bw="10" slack="0"/>
</pin_list>
<bind>
<opcode="add(8) " fcode="add"/>
<opset="add_ln840_36/1 "/>
</bind>
</comp>

<comp id="2313" class="1004" name="add_ln840_37_fu_2313">
<pin_list>
<pin id="2314" dir="0" index="0" bw="1" slack="0"/>
<pin id="2315" dir="0" index="1" bw="1" slack="0"/>
<pin id="2316" dir="1" index="2" bw="2" slack="0"/>
</pin_list>
<bind>
<opcode="add(8) " fcode="add"/>
<opset="add_ln840_37/1 "/>
</bind>
</comp>

<comp id="2319" class="1004" name="add_ln840_38_fu_2319">
<pin_list>
<pin id="2320" dir="0" index="0" bw="2" slack="0"/>
<pin id="2321" dir="0" index="1" bw="1" slack="0"/>
<pin id="2322" dir="1" index="2" bw="2" slack="0"/>
</pin_list>
<bind>
<opcode="add(8) " fcode="add"/>
<opset="add_ln840_38/1 "/>
</bind>
</comp>

<comp id="2325" class="1004" name="zext_ln840_22_fu_2325">
<pin_list>
<pin id="2326" dir="0" index="0" bw="2" slack="0"/>
<pin id="2327" dir="1" index="1" bw="3" slack="0"/>
</pin_list>
<bind>
<opcode="zext(34) " fcode="zext"/>
<opset="zext_ln840_22/1 "/>
</bind>
</comp>

<comp id="2329" class="1004" name="add_ln840_39_fu_2329">
<pin_list>
<pin id="2330" dir="0" index="0" bw="1" slack="0"/>
<pin id="2331" dir="0" index="1" bw="1" slack="0"/>
<pin id="2332" dir="1" index="2" bw="2" slack="0"/>
</pin_list>
<bind>
<opcode="add(8) " fcode="add"/>
<opset="add_ln840_39/1 "/>
</bind>
</comp>

<comp id="2335" class="1004" name="add_ln840_40_fu_2335">
<pin_list>
<pin id="2336" dir="0" index="0" bw="2" slack="0"/>
<pin id="2337" dir="0" index="1" bw="1" slack="0"/>
<pin id="2338" dir="1" index="2" bw="2" slack="0"/>
</pin_list>
<bind>
<opcode="add(8) " fcode="add"/>
<opset="add_ln840_40/1 "/>
</bind>
</comp>

<comp id="2341" class="1004" name="zext_ln840_23_fu_2341">
<pin_list>
<pin id="2342" dir="0" index="0" bw="2" slack="0"/>
<pin id="2343" dir="1" index="1" bw="3" slack="0"/>
</pin_list>
<bind>
<opcode="zext(34) " fcode="zext"/>
<opset="zext_ln840_23/1 "/>
</bind>
</comp>

<comp id="2345" class="1004" name="add_ln840_41_fu_2345">
<pin_list>
<pin id="2346" dir="0" index="0" bw="2" slack="0"/>
<pin id="2347" dir="0" index="1" bw="2" slack="0"/>
<pin id="2348" dir="1" index="2" bw="3" slack="0"/>
</pin_list>
<bind>
<opcode="add(8) " fcode="add"/>
<opset="add_ln840_41/1 "/>
</bind>
</comp>

<comp id="2351" class="1004" name="zext_ln840_24_fu_2351">
<pin_list>
<pin id="2352" dir="0" index="0" bw="3" slack="0"/>
<pin id="2353" dir="1" index="1" bw="4" slack="0"/>
</pin_list>
<bind>
<opcode="zext(34) " fcode="zext"/>
<opset="zext_ln840_24/1 "/>
</bind>
</comp>

<comp id="2355" class="1004" name="add_ln840_42_fu_2355">
<pin_list>
<pin id="2356" dir="0" index="0" bw="1" slack="0"/>
<pin id="2357" dir="0" index="1" bw="1" slack="0"/>
<pin id="2358" dir="1" index="2" bw="2" slack="0"/>
</pin_list>
<bind>
<opcode="add(8) " fcode="add"/>
<opset="add_ln840_42/1 "/>
</bind>
</comp>

<comp id="2361" class="1004" name="add_ln840_43_fu_2361">
<pin_list>
<pin id="2362" dir="0" index="0" bw="2" slack="0"/>
<pin id="2363" dir="0" index="1" bw="1" slack="0"/>
<pin id="2364" dir="1" index="2" bw="2" slack="0"/>
</pin_list>
<bind>
<opcode="add(8) " fcode="add"/>
<opset="add_ln840_43/1 "/>
</bind>
</comp>

<comp id="2367" class="1004" name="zext_ln840_25_fu_2367">
<pin_list>
<pin id="2368" dir="0" index="0" bw="2" slack="0"/>
<pin id="2369" dir="1" index="1" bw="3" slack="0"/>
</pin_list>
<bind>
<opcode="zext(34) " fcode="zext"/>
<opset="zext_ln840_25/1 "/>
</bind>
</comp>

<comp id="2371" class="1004" name="add_ln840_44_fu_2371">
<pin_list>
<pin id="2372" dir="0" index="0" bw="1" slack="0"/>
<pin id="2373" dir="0" index="1" bw="1" slack="0"/>
<pin id="2374" dir="1" index="2" bw="2" slack="0"/>
</pin_list>
<bind>
<opcode="add(8) " fcode="add"/>
<opset="add_ln840_44/1 "/>
</bind>
</comp>

<comp id="2377" class="1004" name="zext_ln840_26_fu_2377">
<pin_list>
<pin id="2378" dir="0" index="0" bw="2" slack="0"/>
<pin id="2379" dir="1" index="1" bw="3" slack="0"/>
</pin_list>
<bind>
<opcode="zext(34) " fcode="zext"/>
<opset="zext_ln840_26/1 "/>
</bind>
</comp>

<comp id="2381" class="1004" name="add_ln840_45_fu_2381">
<pin_list>
<pin id="2382" dir="0" index="0" bw="1" slack="0"/>
<pin id="2383" dir="0" index="1" bw="1" slack="0"/>
<pin id="2384" dir="1" index="2" bw="2" slack="0"/>
</pin_list>
<bind>
<opcode="add(8) " fcode="add"/>
<opset="add_ln840_45/1 "/>
</bind>
</comp>

<comp id="2387" class="1004" name="zext_ln840_27_fu_2387">
<pin_list>
<pin id="2388" dir="0" index="0" bw="2" slack="0"/>
<pin id="2389" dir="1" index="1" bw="3" slack="0"/>
</pin_list>
<bind>
<opcode="zext(34) " fcode="zext"/>
<opset="zext_ln840_27/1 "/>
</bind>
</comp>

<comp id="2391" class="1004" name="add_ln840_46_fu_2391">
<pin_list>
<pin id="2392" dir="0" index="0" bw="2" slack="0"/>
<pin id="2393" dir="0" index="1" bw="2" slack="0"/>
<pin id="2394" dir="1" index="2" bw="3" slack="0"/>
</pin_list>
<bind>
<opcode="add(8) " fcode="add"/>
<opset="add_ln840_46/1 "/>
</bind>
</comp>

<comp id="2397" class="1004" name="add_ln840_47_fu_2397">
<pin_list>
<pin id="2398" dir="0" index="0" bw="3" slack="0"/>
<pin id="2399" dir="0" index="1" bw="2" slack="0"/>
<pin id="2400" dir="1" index="2" bw="3" slack="0"/>
</pin_list>
<bind>
<opcode="add(8) " fcode="add"/>
<opset="add_ln840_47/1 "/>
</bind>
</comp>

<comp id="2403" class="1004" name="zext_ln840_28_fu_2403">
<pin_list>
<pin id="2404" dir="0" index="0" bw="3" slack="0"/>
<pin id="2405" dir="1" index="1" bw="4" slack="0"/>
</pin_list>
<bind>
<opcode="zext(34) " fcode="zext"/>
<opset="zext_ln840_28/1 "/>
</bind>
</comp>

<comp id="2407" class="1004" name="add_ln840_48_fu_2407">
<pin_list>
<pin id="2408" dir="0" index="0" bw="3" slack="0"/>
<pin id="2409" dir="0" index="1" bw="3" slack="0"/>
<pin id="2410" dir="1" index="2" bw="4" slack="0"/>
</pin_list>
<bind>
<opcode="add(8) " fcode="add"/>
<opset="add_ln840_48/1 "/>
</bind>
</comp>

<comp id="2413" class="1004" name="zext_ln840_29_fu_2413">
<pin_list>
<pin id="2414" dir="0" index="0" bw="4" slack="0"/>
<pin id="2415" dir="1" index="1" bw="10" slack="0"/>
</pin_list>
<bind>
<opcode="zext(34) " fcode="zext"/>
<opset="zext_ln840_29/1 "/>
</bind>
</comp>

<comp id="2417" class="1004" name="add_ln840_49_fu_2417">
<pin_list>
<pin id="2418" dir="0" index="0" bw="4" slack="0"/>
<pin id="2419" dir="0" index="1" bw="10" slack="0"/>
<pin id="2420" dir="1" index="2" bw="10" slack="0"/>
</pin_list>
<bind>
<opcode="add(8) " fcode="add"/>
<opset="add_ln840_49/1 "/>
</bind>
</comp>

<comp id="2423" class="1004" name="sf_2_fu_2423">
<pin_list>
<pin id="2424" dir="0" index="0" bw="32" slack="0"/>
<pin id="2425" dir="0" index="1" bw="1" slack="0"/>
<pin id="2426" dir="1" index="2" bw="32" slack="0"/>
</pin_list>
<bind>
<opcode="add(8) " fcode="add"/>
<opset="sf_2/1 "/>
</bind>
</comp>

<comp id="2429" class="1004" name="icmp_ln290_fu_2429">
<pin_list>
<pin id="2430" dir="0" index="0" bw="32" slack="0"/>
<pin id="2431" dir="0" index="1" bw="32" slack="0"/>
<pin id="2432" dir="1" index="2" bw="1" slack="1"/>
</pin_list>
<bind>
<opcode="icmp(45) " fcode="icmp"/>
<opset="icmp_ln290/1 "/>
</bind>
</comp>

<comp id="2435" class="1004" name="store_ln290_store_fu_2435">
<pin_list>
<pin id="2436" dir="0" index="0" bw="32" slack="0"/>
<pin id="2437" dir="0" index="1" bw="32" slack="0"/>
<pin id="2438" dir="1" index="2" bw="0" slack="2147483647"/>
</pin_list>
<bind>
<opcode="store(28) " fcode="store"/>
<opset="store_ln290/1 "/>
</bind>
</comp>

<comp id="2440" class="1004" name="nf_fu_2440">
<pin_list>
<pin id="2441" dir="0" index="0" bw="32" slack="0"/>
<pin id="2442" dir="0" index="1" bw="1" slack="0"/>
<pin id="2443" dir="1" index="2" bw="32" slack="0"/>
</pin_list>
<bind>
<opcode="add(8) " fcode="add"/>
<opset="nf/1 "/>
</bind>
</comp>

<comp id="2446" class="1004" name="icmp_ln302_fu_2446">
<pin_list>
<pin id="2447" dir="0" index="0" bw="32" slack="0"/>
<pin id="2448" dir="0" index="1" bw="32" slack="0"/>
<pin id="2449" dir="1" index="2" bw="1" slack="0"/>
</pin_list>
<bind>
<opcode="icmp(45) " fcode="icmp"/>
<opset="icmp_ln302/1 "/>
</bind>
</comp>

<comp id="2452" class="1004" name="nf_3_fu_2452">
<pin_list>
<pin id="2453" dir="0" index="0" bw="1" slack="0"/>
<pin id="2454" dir="0" index="1" bw="32" slack="0"/>
<pin id="2455" dir="0" index="2" bw="32" slack="0"/>
<pin id="2456" dir="1" index="3" bw="32" slack="0"/>
</pin_list>
<bind>
<opcode="select(49) " fcode="select"/>
<opset="nf_3/1 "/>
</bind>
</comp>

<comp id="2460" class="1004" name="store_ln306_store_fu_2460">
<pin_list>
<pin id="2461" dir="0" index="0" bw="32" slack="0"/>
<pin id="2462" dir="0" index="1" bw="32" slack="0"/>
<pin id="2463" dir="1" index="2" bw="0" slack="2147483647"/>
</pin_list>
<bind>
<opcode="store(28) " fcode="store"/>
<opset="store_ln306/1 "/>
</bind>
</comp>

<comp id="2465" class="1004" name="store_ln306_store_fu_2465">
<pin_list>
<pin id="2466" dir="0" index="0" bw="1" slack="0"/>
<pin id="2467" dir="0" index="1" bw="32" slack="0"/>
<pin id="2468" dir="1" index="2" bw="0" slack="2147483647"/>
</pin_list>
<bind>
<opcode="store(28) " fcode="store"/>
<opset="store_ln306/1 "/>
</bind>
</comp>

<comp id="2470" class="1004" name="store_ln249_store_fu_2470">
<pin_list>
<pin id="2471" dir="0" index="0" bw="10" slack="0"/>
<pin id="2472" dir="0" index="1" bw="10" slack="0"/>
<pin id="2473" dir="1" index="2" bw="0" slack="2147483647"/>
</pin_list>
<bind>
<opcode="store(28) " fcode="store"/>
<opset="store_ln249/1 "/>
</bind>
</comp>

<comp id="2475" class="1004" name="store_ln249_store_fu_2475">
<pin_list>
<pin id="2476" dir="0" index="0" bw="10" slack="0"/>
<pin id="2477" dir="0" index="1" bw="10" slack="0"/>
<pin id="2478" dir="1" index="2" bw="0" slack="2147483647"/>
</pin_list>
<bind>
<opcode="store(28) " fcode="store"/>
<opset="store_ln249/1 "/>
</bind>
</comp>

<comp id="2480" class="1004" name="store_ln249_store_fu_2480">
<pin_list>
<pin id="2481" dir="0" index="0" bw="10" slack="0"/>
<pin id="2482" dir="0" index="1" bw="10" slack="0"/>
<pin id="2483" dir="1" index="2" bw="0" slack="2147483647"/>
</pin_list>
<bind>
<opcode="store(28) " fcode="store"/>
<opset="store_ln249/1 "/>
</bind>
</comp>

<comp id="2485" class="1004" name="idxprom2_i_fu_2485">
<pin_list>
<pin id="2486" dir="0" index="0" bw="32" slack="1"/>
<pin id="2487" dir="1" index="1" bw="64" slack="0"/>
</pin_list>
<bind>
<opcode="zext(34) " fcode="zext"/>
<opset="idxprom2_i/2 "/>
</bind>
</comp>

<comp id="2490" class="1004" name="zext_ln1039_fu_2490">
<pin_list>
<pin id="2491" dir="0" index="0" bw="9" slack="0"/>
<pin id="2492" dir="1" index="1" bw="10" slack="0"/>
</pin_list>
<bind>
<opcode="zext(34) " fcode="zext"/>
<opset="zext_ln1039/3 "/>
</bind>
</comp>

<comp id="2494" class="1004" name="icmp_ln1039_fu_2494">
<pin_list>
<pin id="2495" dir="0" index="0" bw="10" slack="2"/>
<pin id="2496" dir="0" index="1" bw="10" slack="0"/>
<pin id="2497" dir="1" index="2" bw="1" slack="0"/>
</pin_list>
<bind>
<opcode="icmp(45) " fcode="icmp"/>
<opset="icmp_ln1039/3 "/>
</bind>
</comp>

<comp id="2499" class="1004" name="result_V_fu_2499">
<pin_list>
<pin id="2500" dir="0" index="0" bw="1" slack="0"/>
<pin id="2501" dir="0" index="1" bw="1" slack="0"/>
<pin id="2502" dir="1" index="2" bw="1" slack="0"/>
</pin_list>
<bind>
<opcode="xor(25) " fcode="xor"/>
<opset="result_V/3 "/>
</bind>
</comp>

<comp id="2505" class="1004" name="zext_ln1039_1_fu_2505">
<pin_list>
<pin id="2506" dir="0" index="0" bw="9" slack="0"/>
<pin id="2507" dir="1" index="1" bw="10" slack="0"/>
</pin_list>
<bind>
<opcode="zext(34) " fcode="zext"/>
<opset="zext_ln1039_1/3 "/>
</bind>
</comp>

<comp id="2509" class="1004" name="icmp_ln1039_1_fu_2509">
<pin_list>
<pin id="2510" dir="0" index="0" bw="10" slack="2"/>
<pin id="2511" dir="0" index="1" bw="10" slack="0"/>
<pin id="2512" dir="1" index="2" bw="1" slack="0"/>
</pin_list>
<bind>
<opcode="icmp(45) " fcode="icmp"/>
<opset="icmp_ln1039_1/3 "/>
</bind>
</comp>

<comp id="2514" class="1004" name="result_V_1_fu_2514">
<pin_list>
<pin id="2515" dir="0" index="0" bw="1" slack="0"/>
<pin id="2516" dir="0" index="1" bw="1" slack="0"/>
<pin id="2517" dir="1" index="2" bw="1" slack="0"/>
</pin_list>
<bind>
<opcode="xor(25) " fcode="xor"/>
<opset="result_V_1/3 "/>
</bind>
</comp>

<comp id="2520" class="1004" name="p_Result_26_fu_2520">
<pin_list>
<pin id="2521" dir="0" index="0" bw="2" slack="0"/>
<pin id="2522" dir="0" index="1" bw="1" slack="0"/>
<pin id="2523" dir="0" index="2" bw="1" slack="0"/>
<pin id="2524" dir="1" index="3" bw="2" slack="0"/>
</pin_list>
<bind>
<opcode="bitconcatenate(1004) " fcode="bitconcatenate"/>
<opset="p_Result_26/3 "/>
</bind>
</comp>

<comp id="2528" class="1004" name="zext_ln298_fu_2528">
<pin_list>
<pin id="2529" dir="0" index="0" bw="2" slack="0"/>
<pin id="2530" dir="1" index="1" bw="8" slack="0"/>
</pin_list>
<bind>
<opcode="zext(34) " fcode="zext"/>
<opset="zext_ln298/3 "/>
</bind>
</comp>

<comp id="2533" class="1005" name="sf_reg_2533">
<pin_list>
<pin id="2534" dir="0" index="0" bw="32" slack="0"/>
<pin id="2535" dir="1" index="1" bw="32" slack="0"/>
</pin_list>
<bind>
<opset="sf "/>
</bind>
</comp>

<comp id="2541" class="1005" name="i_reg_2541">
<pin_list>
<pin id="2542" dir="0" index="0" bw="10" slack="0"/>
<pin id="2543" dir="1" index="1" bw="10" slack="0"/>
</pin_list>
<bind>
<opset="i "/>
</bind>
</comp>

<comp id="2548" class="1005" name="add_i_i_i3_24134_reg_2548">
<pin_list>
<pin id="2549" dir="0" index="0" bw="10" slack="0"/>
<pin id="2550" dir="1" index="1" bw="10" slack="0"/>
</pin_list>
<bind>
<opset="add_i_i_i3_24134 "/>
</bind>
</comp>

<comp id="2554" class="1005" name="add_i_i_i3_1_24136_reg_2554">
<pin_list>
<pin id="2555" dir="0" index="0" bw="10" slack="0"/>
<pin id="2556" dir="1" index="1" bw="10" slack="0"/>
</pin_list>
<bind>
<opset="add_i_i_i3_1_24136 "/>
</bind>
</comp>

<comp id="2560" class="1005" name="inputBuf_V_reg_2560">
<pin_list>
<pin id="2561" dir="0" index="0" bw="25" slack="0"/>
<pin id="2562" dir="1" index="1" bw="25" slack="0"/>
</pin_list>
<bind>
<opset="inputBuf_V "/>
</bind>
</comp>

<comp id="2566" class="1005" name="inputBuf_V_1_reg_2566">
<pin_list>
<pin id="2567" dir="0" index="0" bw="25" slack="0"/>
<pin id="2568" dir="1" index="1" bw="25" slack="0"/>
</pin_list>
<bind>
<opset="inputBuf_V_1 "/>
</bind>
</comp>

<comp id="2572" class="1005" name="inputBuf_V_2_reg_2572">
<pin_list>
<pin id="2573" dir="0" index="0" bw="25" slack="0"/>
<pin id="2574" dir="1" index="1" bw="25" slack="0"/>
</pin_list>
<bind>
<opset="inputBuf_V_2 "/>
</bind>
</comp>

<comp id="2578" class="1005" name="inputBuf_V_3_reg_2578">
<pin_list>
<pin id="2579" dir="0" index="0" bw="25" slack="0"/>
<pin id="2580" dir="1" index="1" bw="25" slack="0"/>
</pin_list>
<bind>
<opset="inputBuf_V_3 "/>
</bind>
</comp>

<comp id="2584" class="1005" name="inputBuf_V_4_reg_2584">
<pin_list>
<pin id="2585" dir="0" index="0" bw="25" slack="0"/>
<pin id="2586" dir="1" index="1" bw="25" slack="0"/>
</pin_list>
<bind>
<opset="inputBuf_V_4 "/>
</bind>
</comp>

<comp id="2590" class="1005" name="inputBuf_V_5_reg_2590">
<pin_list>
<pin id="2591" dir="0" index="0" bw="25" slack="0"/>
<pin id="2592" dir="1" index="1" bw="25" slack="0"/>
</pin_list>
<bind>
<opset="inputBuf_V_5 "/>
</bind>
</comp>

<comp id="2596" class="1005" name="inputBuf_V_6_reg_2596">
<pin_list>
<pin id="2597" dir="0" index="0" bw="25" slack="0"/>
<pin id="2598" dir="1" index="1" bw="25" slack="0"/>
</pin_list>
<bind>
<opset="inputBuf_V_6 "/>
</bind>
</comp>

<comp id="2602" class="1005" name="inputBuf_V_7_reg_2602">
<pin_list>
<pin id="2603" dir="0" index="0" bw="25" slack="0"/>
<pin id="2604" dir="1" index="1" bw="25" slack="0"/>
</pin_list>
<bind>
<opset="inputBuf_V_7 "/>
</bind>
</comp>

<comp id="2608" class="1005" name="inputBuf_V_8_reg_2608">
<pin_list>
<pin id="2609" dir="0" index="0" bw="25" slack="0"/>
<pin id="2610" dir="1" index="1" bw="25" slack="0"/>
</pin_list>
<bind>
<opset="inputBuf_V_8 "/>
</bind>
</comp>

<comp id="2614" class="1005" name="inputBuf_V_9_reg_2614">
<pin_list>
<pin id="2615" dir="0" index="0" bw="25" slack="0"/>
<pin id="2616" dir="1" index="1" bw="25" slack="0"/>
</pin_list>
<bind>
<opset="inputBuf_V_9 "/>
</bind>
</comp>

<comp id="2620" class="1005" name="inputBuf_V_10_reg_2620">
<pin_list>
<pin id="2621" dir="0" index="0" bw="25" slack="0"/>
<pin id="2622" dir="1" index="1" bw="25" slack="0"/>
</pin_list>
<bind>
<opset="inputBuf_V_10 "/>
</bind>
</comp>

<comp id="2626" class="1005" name="inputBuf_V_11_reg_2626">
<pin_list>
<pin id="2627" dir="0" index="0" bw="25" slack="0"/>
<pin id="2628" dir="1" index="1" bw="25" slack="0"/>
</pin_list>
<bind>
<opset="inputBuf_V_11 "/>
</bind>
</comp>

<comp id="2632" class="1005" name="inputBuf_V_12_reg_2632">
<pin_list>
<pin id="2633" dir="0" index="0" bw="25" slack="0"/>
<pin id="2634" dir="1" index="1" bw="25" slack="0"/>
</pin_list>
<bind>
<opset="inputBuf_V_12 "/>
</bind>
</comp>

<comp id="2638" class="1005" name="inputBuf_V_13_reg_2638">
<pin_list>
<pin id="2639" dir="0" index="0" bw="25" slack="0"/>
<pin id="2640" dir="1" index="1" bw="25" slack="0"/>
</pin_list>
<bind>
<opset="inputBuf_V_13 "/>
</bind>
</comp>

<comp id="2644" class="1005" name="inputBuf_V_14_reg_2644">
<pin_list>
<pin id="2645" dir="0" index="0" bw="25" slack="0"/>
<pin id="2646" dir="1" index="1" bw="25" slack="0"/>
</pin_list>
<bind>
<opset="inputBuf_V_14 "/>
</bind>
</comp>

<comp id="2650" class="1005" name="inputBuf_V_15_reg_2650">
<pin_list>
<pin id="2651" dir="0" index="0" bw="25" slack="0"/>
<pin id="2652" dir="1" index="1" bw="25" slack="0"/>
</pin_list>
<bind>
<opset="inputBuf_V_15 "/>
</bind>
</comp>

<comp id="2656" class="1005" name="nf_1_reg_2656">
<pin_list>
<pin id="2657" dir="0" index="0" bw="32" slack="0"/>
<pin id="2658" dir="1" index="1" bw="32" slack="0"/>
</pin_list>
<bind>
<opset="nf_1 "/>
</bind>
</comp>

<comp id="2663" class="1005" name="nf_2_reg_2663">
<pin_list>
<pin id="2664" dir="0" index="0" bw="32" slack="1"/>
<pin id="2665" dir="1" index="1" bw="32" slack="1"/>
</pin_list>
<bind>
<opset="nf_2 "/>
</bind>
</comp>

<comp id="2668" class="1005" name="icmp_ln249_reg_2668">
<pin_list>
<pin id="2669" dir="0" index="0" bw="1" slack="1"/>
<pin id="2670" dir="1" index="1" bw="1" slack="2147483647"/>
</pin_list>
<bind>
<opset="icmp_ln249 "/>
</bind>
</comp>

<comp id="2672" class="1005" name="icmp_ln253_reg_2672">
<pin_list>
<pin id="2673" dir="0" index="0" bw="1" slack="1"/>
<pin id="2674" dir="1" index="1" bw="1" slack="2147483647"/>
</pin_list>
<bind>
<opset="icmp_ln253 "/>
</bind>
</comp>

<comp id="2676" class="1005" name="trunc_ln257_reg_2676">
<pin_list>
<pin id="2677" dir="0" index="0" bw="4" slack="1"/>
<pin id="2678" dir="1" index="1" bw="4" slack="2147483647"/>
</pin_list>
<bind>
<opset="trunc_ln257 "/>
</bind>
</comp>

<comp id="2680" class="1005" name="add_ln840_24_reg_2680">
<pin_list>
<pin id="2681" dir="0" index="0" bw="10" slack="2"/>
<pin id="2682" dir="1" index="1" bw="10" slack="2"/>
</pin_list>
<bind>
<opset="add_ln840_24 "/>
</bind>
</comp>

<comp id="2685" class="1005" name="add_ln840_49_reg_2685">
<pin_list>
<pin id="2686" dir="0" index="0" bw="10" slack="2"/>
<pin id="2687" dir="1" index="1" bw="10" slack="2"/>
</pin_list>
<bind>
<opset="add_ln840_49 "/>
</bind>
</comp>

<comp id="2690" class="1005" name="icmp_ln290_reg_2690">
<pin_list>
<pin id="2691" dir="0" index="0" bw="1" slack="1"/>
<pin id="2692" dir="1" index="1" bw="1" slack="2147483647"/>
</pin_list>
<bind>
<opset="icmp_ln290 "/>
</bind>
</comp>

<comp id="2694" class="1005" name="p_ZL7threshs_0_addr_reg_2694">
<pin_list>
<pin id="2695" dir="0" index="0" bw="6" slack="1"/>
<pin id="2696" dir="1" index="1" bw="6" slack="1"/>
</pin_list>
<bind>
<opset="p_ZL7threshs_0_addr "/>
</bind>
</comp>

<comp id="2699" class="1005" name="p_ZL7threshs_1_addr_reg_2699">
<pin_list>
<pin id="2700" dir="0" index="0" bw="6" slack="1"/>
<pin id="2701" dir="1" index="1" bw="6" slack="1"/>
</pin_list>
<bind>
<opset="p_ZL7threshs_1_addr "/>
</bind>
</comp>

</comp_list>

<net_list>
<net id="189"><net_src comp="10" pin="0"/><net_sink comp="186" pin=0"/></net>

<net id="193"><net_src comp="10" pin="0"/><net_sink comp="190" pin=0"/></net>

<net id="197"><net_src comp="10" pin="0"/><net_sink comp="194" pin=0"/></net>

<net id="201"><net_src comp="10" pin="0"/><net_sink comp="198" pin=0"/></net>

<net id="205"><net_src comp="10" pin="0"/><net_sink comp="202" pin=0"/></net>

<net id="209"><net_src comp="10" pin="0"/><net_sink comp="206" pin=0"/></net>

<net id="213"><net_src comp="10" pin="0"/><net_sink comp="210" pin=0"/></net>

<net id="217"><net_src comp="10" pin="0"/><net_sink comp="214" pin=0"/></net>

<net id="221"><net_src comp="10" pin="0"/><net_sink comp="218" pin=0"/></net>

<net id="225"><net_src comp="10" pin="0"/><net_sink comp="222" pin=0"/></net>

<net id="229"><net_src comp="10" pin="0"/><net_sink comp="226" pin=0"/></net>

<net id="233"><net_src comp="10" pin="0"/><net_sink comp="230" pin=0"/></net>

<net id="237"><net_src comp="10" pin="0"/><net_sink comp="234" pin=0"/></net>

<net id="241"><net_src comp="10" pin="0"/><net_sink comp="238" pin=0"/></net>

<net id="245"><net_src comp="10" pin="0"/><net_sink comp="242" pin=0"/></net>

<net id="249"><net_src comp="10" pin="0"/><net_sink comp="246" pin=0"/></net>

<net id="253"><net_src comp="10" pin="0"/><net_sink comp="250" pin=0"/></net>

<net id="257"><net_src comp="10" pin="0"/><net_sink comp="254" pin=0"/></net>

<net id="261"><net_src comp="10" pin="0"/><net_sink comp="258" pin=0"/></net>

<net id="265"><net_src comp="10" pin="0"/><net_sink comp="262" pin=0"/></net>

<net id="269"><net_src comp="10" pin="0"/><net_sink comp="266" pin=0"/></net>

<net id="274"><net_src comp="44" pin="0"/><net_sink comp="270" pin=0"/></net>

<net id="275"><net_src comp="0" pin="0"/><net_sink comp="270" pin=1"/></net>

<net id="280"><net_src comp="76" pin="0"/><net_sink comp="276" pin=0"/></net>

<net id="281"><net_src comp="4" pin="0"/><net_sink comp="276" pin=1"/></net>

<net id="287"><net_src comp="184" pin="0"/><net_sink comp="282" pin=0"/></net>

<net id="288"><net_src comp="2" pin="0"/><net_sink comp="282" pin=1"/></net>

<net id="294"><net_src comp="6" pin="0"/><net_sink comp="289" pin=0"/></net>

<net id="295"><net_src comp="180" pin="0"/><net_sink comp="289" pin=1"/></net>

<net id="301"><net_src comp="289" pin="3"/><net_sink comp="296" pin=0"/></net>

<net id="307"><net_src comp="8" pin="0"/><net_sink comp="302" pin=0"/></net>

<net id="308"><net_src comp="180" pin="0"/><net_sink comp="302" pin=1"/></net>

<net id="314"><net_src comp="302" pin="3"/><net_sink comp="309" pin=0"/></net>

<net id="358"><net_src comp="16" pin="0"/><net_sink comp="354" pin=0"/></net>

<net id="363"><net_src comp="24" pin="0"/><net_sink comp="359" pin=0"/></net>

<net id="368"><net_src comp="16" pin="0"/><net_sink comp="364" pin=0"/></net>

<net id="382"><net_src comp="372" pin="1"/><net_sink comp="378" pin=0"/></net>

<net id="383"><net_src comp="26" pin="0"/><net_sink comp="378" pin=1"/></net>

<net id="388"><net_src comp="372" pin="1"/><net_sink comp="384" pin=0"/></net>

<net id="389"><net_src comp="32" pin="0"/><net_sink comp="384" pin=1"/></net>

<net id="394"><net_src comp="375" pin="1"/><net_sink comp="390" pin=0"/></net>

<net id="395"><net_src comp="16" pin="0"/><net_sink comp="390" pin=1"/></net>

<net id="447"><net_src comp="369" pin="1"/><net_sink comp="444" pin=0"/></net>

<net id="468"><net_src comp="42" pin="0"/><net_sink comp="448" pin=0"/></net>

<net id="469"><net_src comp="396" pin="1"/><net_sink comp="448" pin=1"/></net>

<net id="470"><net_src comp="399" pin="1"/><net_sink comp="448" pin=2"/></net>

<net id="471"><net_src comp="402" pin="1"/><net_sink comp="448" pin=3"/></net>

<net id="472"><net_src comp="405" pin="1"/><net_sink comp="448" pin=4"/></net>

<net id="473"><net_src comp="408" pin="1"/><net_sink comp="448" pin=5"/></net>

<net id="474"><net_src comp="411" pin="1"/><net_sink comp="448" pin=6"/></net>

<net id="475"><net_src comp="414" pin="1"/><net_sink comp="448" pin=7"/></net>

<net id="476"><net_src comp="417" pin="1"/><net_sink comp="448" pin=8"/></net>

<net id="477"><net_src comp="420" pin="1"/><net_sink comp="448" pin=9"/></net>

<net id="478"><net_src comp="423" pin="1"/><net_sink comp="448" pin=10"/></net>

<net id="479"><net_src comp="426" pin="1"/><net_sink comp="448" pin=11"/></net>

<net id="480"><net_src comp="429" pin="1"/><net_sink comp="448" pin=12"/></net>

<net id="481"><net_src comp="432" pin="1"/><net_sink comp="448" pin=13"/></net>

<net id="482"><net_src comp="435" pin="1"/><net_sink comp="448" pin=14"/></net>

<net id="483"><net_src comp="438" pin="1"/><net_sink comp="448" pin=15"/></net>

<net id="484"><net_src comp="441" pin="1"/><net_sink comp="448" pin=16"/></net>

<net id="485"><net_src comp="444" pin="1"/><net_sink comp="448" pin=17"/></net>

<net id="486"><net_src comp="448" pin="18"/><net_sink comp="318" pin=0"/></net>

<net id="490"><net_src comp="270" pin="2"/><net_sink comp="487" pin=0"/></net>

<net id="491"><net_src comp="487" pin="1"/><net_sink comp="318" pin=2"/></net>

<net id="492"><net_src comp="487" pin="1"/><net_sink comp="318" pin=4"/></net>

<net id="493"><net_src comp="487" pin="1"/><net_sink comp="318" pin=6"/></net>

<net id="494"><net_src comp="487" pin="1"/><net_sink comp="318" pin=8"/></net>

<net id="495"><net_src comp="487" pin="1"/><net_sink comp="318" pin=10"/></net>

<net id="496"><net_src comp="487" pin="1"/><net_sink comp="318" pin=12"/></net>

<net id="497"><net_src comp="487" pin="1"/><net_sink comp="318" pin=14"/></net>

<net id="498"><net_src comp="487" pin="1"/><net_sink comp="318" pin=16"/></net>

<net id="499"><net_src comp="487" pin="1"/><net_sink comp="318" pin=18"/></net>

<net id="500"><net_src comp="487" pin="1"/><net_sink comp="318" pin=20"/></net>

<net id="501"><net_src comp="487" pin="1"/><net_sink comp="318" pin=22"/></net>

<net id="502"><net_src comp="487" pin="1"/><net_sink comp="318" pin=24"/></net>

<net id="503"><net_src comp="487" pin="1"/><net_sink comp="318" pin=26"/></net>

<net id="504"><net_src comp="487" pin="1"/><net_sink comp="318" pin=28"/></net>

<net id="505"><net_src comp="487" pin="1"/><net_sink comp="318" pin=30"/></net>

<net id="506"><net_src comp="487" pin="1"/><net_sink comp="318" pin=32"/></net>

<net id="510"><net_src comp="369" pin="1"/><net_sink comp="507" pin=0"/></net>

<net id="515"><net_src comp="487" pin="1"/><net_sink comp="511" pin=0"/></net>

<net id="520"><net_src comp="487" pin="1"/><net_sink comp="516" pin=0"/></net>

<net id="525"><net_src comp="487" pin="1"/><net_sink comp="521" pin=0"/></net>

<net id="530"><net_src comp="487" pin="1"/><net_sink comp="526" pin=0"/></net>

<net id="535"><net_src comp="487" pin="1"/><net_sink comp="531" pin=0"/></net>

<net id="540"><net_src comp="487" pin="1"/><net_sink comp="536" pin=0"/></net>

<net id="545"><net_src comp="487" pin="1"/><net_sink comp="541" pin=0"/></net>

<net id="550"><net_src comp="487" pin="1"/><net_sink comp="546" pin=0"/></net>

<net id="555"><net_src comp="487" pin="1"/><net_sink comp="551" pin=0"/></net>

<net id="560"><net_src comp="487" pin="1"/><net_sink comp="556" pin=0"/></net>

<net id="565"><net_src comp="487" pin="1"/><net_sink comp="561" pin=0"/></net>

<net id="570"><net_src comp="487" pin="1"/><net_sink comp="566" pin=0"/></net>

<net id="575"><net_src comp="487" pin="1"/><net_sink comp="571" pin=0"/></net>

<net id="580"><net_src comp="487" pin="1"/><net_sink comp="576" pin=0"/></net>

<net id="585"><net_src comp="487" pin="1"/><net_sink comp="581" pin=0"/></net>

<net id="590"><net_src comp="487" pin="1"/><net_sink comp="586" pin=0"/></net>

<net id="600"><net_src comp="318" pin="34"/><net_sink comp="597" pin=0"/></net>

<net id="605"><net_src comp="369" pin="1"/><net_sink comp="601" pin=0"/></net>

<net id="606"><net_src comp="16" pin="0"/><net_sink comp="601" pin=1"/></net>

<net id="612"><net_src comp="601" pin="2"/><net_sink comp="607" pin=0"/></net>

<net id="613"><net_src comp="24" pin="0"/><net_sink comp="607" pin=1"/></net>

<net id="614"><net_src comp="594" pin="1"/><net_sink comp="607" pin=2"/></net>

<net id="620"><net_src comp="601" pin="2"/><net_sink comp="615" pin=0"/></net>

<net id="621"><net_src comp="24" pin="0"/><net_sink comp="615" pin=1"/></net>

<net id="622"><net_src comp="591" pin="1"/><net_sink comp="615" pin=2"/></net>

<net id="626"><net_src comp="276" pin="2"/><net_sink comp="623" pin=0"/></net>

<net id="632"><net_src comp="78" pin="0"/><net_sink comp="627" pin=0"/></net>

<net id="633"><net_src comp="276" pin="2"/><net_sink comp="627" pin=1"/></net>

<net id="634"><net_src comp="10" pin="0"/><net_sink comp="627" pin=2"/></net>

<net id="640"><net_src comp="78" pin="0"/><net_sink comp="635" pin=0"/></net>

<net id="641"><net_src comp="276" pin="2"/><net_sink comp="635" pin=1"/></net>

<net id="642"><net_src comp="36" pin="0"/><net_sink comp="635" pin=2"/></net>

<net id="648"><net_src comp="78" pin="0"/><net_sink comp="643" pin=0"/></net>

<net id="649"><net_src comp="276" pin="2"/><net_sink comp="643" pin=1"/></net>

<net id="650"><net_src comp="80" pin="0"/><net_sink comp="643" pin=2"/></net>

<net id="656"><net_src comp="78" pin="0"/><net_sink comp="651" pin=0"/></net>

<net id="657"><net_src comp="276" pin="2"/><net_sink comp="651" pin=1"/></net>

<net id="658"><net_src comp="82" pin="0"/><net_sink comp="651" pin=2"/></net>

<net id="664"><net_src comp="78" pin="0"/><net_sink comp="659" pin=0"/></net>

<net id="665"><net_src comp="276" pin="2"/><net_sink comp="659" pin=1"/></net>

<net id="666"><net_src comp="84" pin="0"/><net_sink comp="659" pin=2"/></net>

<net id="672"><net_src comp="78" pin="0"/><net_sink comp="667" pin=0"/></net>

<net id="673"><net_src comp="276" pin="2"/><net_sink comp="667" pin=1"/></net>

<net id="674"><net_src comp="86" pin="0"/><net_sink comp="667" pin=2"/></net>

<net id="680"><net_src comp="78" pin="0"/><net_sink comp="675" pin=0"/></net>

<net id="681"><net_src comp="276" pin="2"/><net_sink comp="675" pin=1"/></net>

<net id="682"><net_src comp="88" pin="0"/><net_sink comp="675" pin=2"/></net>

<net id="688"><net_src comp="78" pin="0"/><net_sink comp="683" pin=0"/></net>

<net id="689"><net_src comp="276" pin="2"/><net_sink comp="683" pin=1"/></net>

<net id="690"><net_src comp="90" pin="0"/><net_sink comp="683" pin=2"/></net>

<net id="696"><net_src comp="78" pin="0"/><net_sink comp="691" pin=0"/></net>

<net id="697"><net_src comp="276" pin="2"/><net_sink comp="691" pin=1"/></net>

<net id="698"><net_src comp="92" pin="0"/><net_sink comp="691" pin=2"/></net>

<net id="704"><net_src comp="78" pin="0"/><net_sink comp="699" pin=0"/></net>

<net id="705"><net_src comp="276" pin="2"/><net_sink comp="699" pin=1"/></net>

<net id="706"><net_src comp="94" pin="0"/><net_sink comp="699" pin=2"/></net>

<net id="712"><net_src comp="78" pin="0"/><net_sink comp="707" pin=0"/></net>

<net id="713"><net_src comp="276" pin="2"/><net_sink comp="707" pin=1"/></net>

<net id="714"><net_src comp="96" pin="0"/><net_sink comp="707" pin=2"/></net>

<net id="720"><net_src comp="78" pin="0"/><net_sink comp="715" pin=0"/></net>

<net id="721"><net_src comp="276" pin="2"/><net_sink comp="715" pin=1"/></net>

<net id="722"><net_src comp="98" pin="0"/><net_sink comp="715" pin=2"/></net>

<net id="728"><net_src comp="78" pin="0"/><net_sink comp="723" pin=0"/></net>

<net id="729"><net_src comp="276" pin="2"/><net_sink comp="723" pin=1"/></net>

<net id="730"><net_src comp="100" pin="0"/><net_sink comp="723" pin=2"/></net>

<net id="736"><net_src comp="78" pin="0"/><net_sink comp="731" pin=0"/></net>

<net id="737"><net_src comp="276" pin="2"/><net_sink comp="731" pin=1"/></net>

<net id="738"><net_src comp="102" pin="0"/><net_sink comp="731" pin=2"/></net>

<net id="744"><net_src comp="78" pin="0"/><net_sink comp="739" pin=0"/></net>

<net id="745"><net_src comp="276" pin="2"/><net_sink comp="739" pin=1"/></net>

<net id="746"><net_src comp="104" pin="0"/><net_sink comp="739" pin=2"/></net>

<net id="752"><net_src comp="78" pin="0"/><net_sink comp="747" pin=0"/></net>

<net id="753"><net_src comp="276" pin="2"/><net_sink comp="747" pin=1"/></net>

<net id="754"><net_src comp="106" pin="0"/><net_sink comp="747" pin=2"/></net>

<net id="760"><net_src comp="78" pin="0"/><net_sink comp="755" pin=0"/></net>

<net id="761"><net_src comp="276" pin="2"/><net_sink comp="755" pin=1"/></net>

<net id="762"><net_src comp="108" pin="0"/><net_sink comp="755" pin=2"/></net>

<net id="768"><net_src comp="78" pin="0"/><net_sink comp="763" pin=0"/></net>

<net id="769"><net_src comp="276" pin="2"/><net_sink comp="763" pin=1"/></net>

<net id="770"><net_src comp="110" pin="0"/><net_sink comp="763" pin=2"/></net>

<net id="776"><net_src comp="78" pin="0"/><net_sink comp="771" pin=0"/></net>

<net id="777"><net_src comp="276" pin="2"/><net_sink comp="771" pin=1"/></net>

<net id="778"><net_src comp="112" pin="0"/><net_sink comp="771" pin=2"/></net>

<net id="784"><net_src comp="78" pin="0"/><net_sink comp="779" pin=0"/></net>

<net id="785"><net_src comp="276" pin="2"/><net_sink comp="779" pin=1"/></net>

<net id="786"><net_src comp="114" pin="0"/><net_sink comp="779" pin=2"/></net>

<net id="792"><net_src comp="78" pin="0"/><net_sink comp="787" pin=0"/></net>

<net id="793"><net_src comp="276" pin="2"/><net_sink comp="787" pin=1"/></net>

<net id="794"><net_src comp="116" pin="0"/><net_sink comp="787" pin=2"/></net>

<net id="800"><net_src comp="78" pin="0"/><net_sink comp="795" pin=0"/></net>

<net id="801"><net_src comp="276" pin="2"/><net_sink comp="795" pin=1"/></net>

<net id="802"><net_src comp="118" pin="0"/><net_sink comp="795" pin=2"/></net>

<net id="808"><net_src comp="78" pin="0"/><net_sink comp="803" pin=0"/></net>

<net id="809"><net_src comp="276" pin="2"/><net_sink comp="803" pin=1"/></net>

<net id="810"><net_src comp="120" pin="0"/><net_sink comp="803" pin=2"/></net>

<net id="816"><net_src comp="78" pin="0"/><net_sink comp="811" pin=0"/></net>

<net id="817"><net_src comp="276" pin="2"/><net_sink comp="811" pin=1"/></net>

<net id="818"><net_src comp="122" pin="0"/><net_sink comp="811" pin=2"/></net>

<net id="823"><net_src comp="124" pin="0"/><net_sink comp="819" pin=0"/></net>

<net id="824"><net_src comp="623" pin="1"/><net_sink comp="819" pin=1"/></net>

<net id="829"><net_src comp="819" pin="2"/><net_sink comp="825" pin=0"/></net>

<net id="830"><net_src comp="597" pin="1"/><net_sink comp="825" pin=1"/></net>

<net id="834"><net_src comp="825" pin="2"/><net_sink comp="831" pin=0"/></net>

<net id="840"><net_src comp="126" pin="0"/><net_sink comp="835" pin=0"/></net>

<net id="841"><net_src comp="318" pin="34"/><net_sink comp="835" pin=1"/></net>

<net id="842"><net_src comp="10" pin="0"/><net_sink comp="835" pin=2"/></net>

<net id="847"><net_src comp="124" pin="0"/><net_sink comp="843" pin=0"/></net>

<net id="848"><net_src comp="627" pin="3"/><net_sink comp="843" pin=1"/></net>

<net id="853"><net_src comp="843" pin="2"/><net_sink comp="849" pin=0"/></net>

<net id="854"><net_src comp="835" pin="3"/><net_sink comp="849" pin=1"/></net>

<net id="858"><net_src comp="849" pin="2"/><net_sink comp="855" pin=0"/></net>

<net id="864"><net_src comp="126" pin="0"/><net_sink comp="859" pin=0"/></net>

<net id="865"><net_src comp="318" pin="34"/><net_sink comp="859" pin=1"/></net>

<net id="866"><net_src comp="36" pin="0"/><net_sink comp="859" pin=2"/></net>

<net id="871"><net_src comp="859" pin="3"/><net_sink comp="867" pin=0"/></net>

<net id="872"><net_src comp="635" pin="3"/><net_sink comp="867" pin=1"/></net>

<net id="877"><net_src comp="867" pin="2"/><net_sink comp="873" pin=0"/></net>

<net id="878"><net_src comp="124" pin="0"/><net_sink comp="873" pin=1"/></net>

<net id="882"><net_src comp="873" pin="2"/><net_sink comp="879" pin=0"/></net>

<net id="888"><net_src comp="126" pin="0"/><net_sink comp="883" pin=0"/></net>

<net id="889"><net_src comp="318" pin="34"/><net_sink comp="883" pin=1"/></net>

<net id="890"><net_src comp="80" pin="0"/><net_sink comp="883" pin=2"/></net>

<net id="895"><net_src comp="124" pin="0"/><net_sink comp="891" pin=0"/></net>

<net id="896"><net_src comp="643" pin="3"/><net_sink comp="891" pin=1"/></net>

<net id="901"><net_src comp="891" pin="2"/><net_sink comp="897" pin=0"/></net>

<net id="902"><net_src comp="883" pin="3"/><net_sink comp="897" pin=1"/></net>

<net id="906"><net_src comp="897" pin="2"/><net_sink comp="903" pin=0"/></net>

<net id="912"><net_src comp="126" pin="0"/><net_sink comp="907" pin=0"/></net>

<net id="913"><net_src comp="318" pin="34"/><net_sink comp="907" pin=1"/></net>

<net id="914"><net_src comp="82" pin="0"/><net_sink comp="907" pin=2"/></net>

<net id="919"><net_src comp="124" pin="0"/><net_sink comp="915" pin=0"/></net>

<net id="920"><net_src comp="651" pin="3"/><net_sink comp="915" pin=1"/></net>

<net id="925"><net_src comp="915" pin="2"/><net_sink comp="921" pin=0"/></net>

<net id="926"><net_src comp="907" pin="3"/><net_sink comp="921" pin=1"/></net>

<net id="930"><net_src comp="921" pin="2"/><net_sink comp="927" pin=0"/></net>

<net id="936"><net_src comp="126" pin="0"/><net_sink comp="931" pin=0"/></net>

<net id="937"><net_src comp="318" pin="34"/><net_sink comp="931" pin=1"/></net>

<net id="938"><net_src comp="84" pin="0"/><net_sink comp="931" pin=2"/></net>

<net id="943"><net_src comp="931" pin="3"/><net_sink comp="939" pin=0"/></net>

<net id="944"><net_src comp="659" pin="3"/><net_sink comp="939" pin=1"/></net>

<net id="949"><net_src comp="939" pin="2"/><net_sink comp="945" pin=0"/></net>

<net id="950"><net_src comp="124" pin="0"/><net_sink comp="945" pin=1"/></net>

<net id="954"><net_src comp="945" pin="2"/><net_sink comp="951" pin=0"/></net>

<net id="960"><net_src comp="126" pin="0"/><net_sink comp="955" pin=0"/></net>

<net id="961"><net_src comp="318" pin="34"/><net_sink comp="955" pin=1"/></net>

<net id="962"><net_src comp="86" pin="0"/><net_sink comp="955" pin=2"/></net>

<net id="967"><net_src comp="124" pin="0"/><net_sink comp="963" pin=0"/></net>

<net id="968"><net_src comp="667" pin="3"/><net_sink comp="963" pin=1"/></net>

<net id="973"><net_src comp="963" pin="2"/><net_sink comp="969" pin=0"/></net>

<net id="974"><net_src comp="955" pin="3"/><net_sink comp="969" pin=1"/></net>

<net id="978"><net_src comp="969" pin="2"/><net_sink comp="975" pin=0"/></net>

<net id="984"><net_src comp="126" pin="0"/><net_sink comp="979" pin=0"/></net>

<net id="985"><net_src comp="318" pin="34"/><net_sink comp="979" pin=1"/></net>

<net id="986"><net_src comp="88" pin="0"/><net_sink comp="979" pin=2"/></net>

<net id="991"><net_src comp="979" pin="3"/><net_sink comp="987" pin=0"/></net>

<net id="992"><net_src comp="675" pin="3"/><net_sink comp="987" pin=1"/></net>

<net id="997"><net_src comp="987" pin="2"/><net_sink comp="993" pin=0"/></net>

<net id="998"><net_src comp="124" pin="0"/><net_sink comp="993" pin=1"/></net>

<net id="1002"><net_src comp="993" pin="2"/><net_sink comp="999" pin=0"/></net>

<net id="1008"><net_src comp="126" pin="0"/><net_sink comp="1003" pin=0"/></net>

<net id="1009"><net_src comp="318" pin="34"/><net_sink comp="1003" pin=1"/></net>

<net id="1010"><net_src comp="90" pin="0"/><net_sink comp="1003" pin=2"/></net>

<net id="1015"><net_src comp="1003" pin="3"/><net_sink comp="1011" pin=0"/></net>

<net id="1016"><net_src comp="683" pin="3"/><net_sink comp="1011" pin=1"/></net>

<net id="1021"><net_src comp="1011" pin="2"/><net_sink comp="1017" pin=0"/></net>

<net id="1022"><net_src comp="124" pin="0"/><net_sink comp="1017" pin=1"/></net>

<net id="1026"><net_src comp="1017" pin="2"/><net_sink comp="1023" pin=0"/></net>

<net id="1032"><net_src comp="126" pin="0"/><net_sink comp="1027" pin=0"/></net>

<net id="1033"><net_src comp="318" pin="34"/><net_sink comp="1027" pin=1"/></net>

<net id="1034"><net_src comp="92" pin="0"/><net_sink comp="1027" pin=2"/></net>

<net id="1039"><net_src comp="1027" pin="3"/><net_sink comp="1035" pin=0"/></net>

<net id="1040"><net_src comp="691" pin="3"/><net_sink comp="1035" pin=1"/></net>

<net id="1045"><net_src comp="1035" pin="2"/><net_sink comp="1041" pin=0"/></net>

<net id="1046"><net_src comp="124" pin="0"/><net_sink comp="1041" pin=1"/></net>

<net id="1050"><net_src comp="1041" pin="2"/><net_sink comp="1047" pin=0"/></net>

<net id="1056"><net_src comp="126" pin="0"/><net_sink comp="1051" pin=0"/></net>

<net id="1057"><net_src comp="318" pin="34"/><net_sink comp="1051" pin=1"/></net>

<net id="1058"><net_src comp="94" pin="0"/><net_sink comp="1051" pin=2"/></net>

<net id="1063"><net_src comp="1051" pin="3"/><net_sink comp="1059" pin=0"/></net>

<net id="1064"><net_src comp="699" pin="3"/><net_sink comp="1059" pin=1"/></net>

<net id="1069"><net_src comp="1059" pin="2"/><net_sink comp="1065" pin=0"/></net>

<net id="1070"><net_src comp="124" pin="0"/><net_sink comp="1065" pin=1"/></net>

<net id="1074"><net_src comp="1065" pin="2"/><net_sink comp="1071" pin=0"/></net>

<net id="1080"><net_src comp="126" pin="0"/><net_sink comp="1075" pin=0"/></net>

<net id="1081"><net_src comp="318" pin="34"/><net_sink comp="1075" pin=1"/></net>

<net id="1082"><net_src comp="96" pin="0"/><net_sink comp="1075" pin=2"/></net>

<net id="1087"><net_src comp="1075" pin="3"/><net_sink comp="1083" pin=0"/></net>

<net id="1088"><net_src comp="707" pin="3"/><net_sink comp="1083" pin=1"/></net>

<net id="1093"><net_src comp="1083" pin="2"/><net_sink comp="1089" pin=0"/></net>

<net id="1094"><net_src comp="124" pin="0"/><net_sink comp="1089" pin=1"/></net>

<net id="1098"><net_src comp="1089" pin="2"/><net_sink comp="1095" pin=0"/></net>

<net id="1104"><net_src comp="126" pin="0"/><net_sink comp="1099" pin=0"/></net>

<net id="1105"><net_src comp="318" pin="34"/><net_sink comp="1099" pin=1"/></net>

<net id="1106"><net_src comp="98" pin="0"/><net_sink comp="1099" pin=2"/></net>

<net id="1111"><net_src comp="1099" pin="3"/><net_sink comp="1107" pin=0"/></net>

<net id="1112"><net_src comp="715" pin="3"/><net_sink comp="1107" pin=1"/></net>

<net id="1117"><net_src comp="1107" pin="2"/><net_sink comp="1113" pin=0"/></net>

<net id="1118"><net_src comp="124" pin="0"/><net_sink comp="1113" pin=1"/></net>

<net id="1122"><net_src comp="1113" pin="2"/><net_sink comp="1119" pin=0"/></net>

<net id="1128"><net_src comp="126" pin="0"/><net_sink comp="1123" pin=0"/></net>

<net id="1129"><net_src comp="318" pin="34"/><net_sink comp="1123" pin=1"/></net>

<net id="1130"><net_src comp="100" pin="0"/><net_sink comp="1123" pin=2"/></net>

<net id="1135"><net_src comp="1123" pin="3"/><net_sink comp="1131" pin=0"/></net>

<net id="1136"><net_src comp="723" pin="3"/><net_sink comp="1131" pin=1"/></net>

<net id="1141"><net_src comp="1131" pin="2"/><net_sink comp="1137" pin=0"/></net>

<net id="1142"><net_src comp="124" pin="0"/><net_sink comp="1137" pin=1"/></net>

<net id="1146"><net_src comp="1137" pin="2"/><net_sink comp="1143" pin=0"/></net>

<net id="1152"><net_src comp="126" pin="0"/><net_sink comp="1147" pin=0"/></net>

<net id="1153"><net_src comp="318" pin="34"/><net_sink comp="1147" pin=1"/></net>

<net id="1154"><net_src comp="102" pin="0"/><net_sink comp="1147" pin=2"/></net>

<net id="1159"><net_src comp="1147" pin="3"/><net_sink comp="1155" pin=0"/></net>

<net id="1160"><net_src comp="731" pin="3"/><net_sink comp="1155" pin=1"/></net>

<net id="1165"><net_src comp="1155" pin="2"/><net_sink comp="1161" pin=0"/></net>

<net id="1166"><net_src comp="124" pin="0"/><net_sink comp="1161" pin=1"/></net>

<net id="1170"><net_src comp="1161" pin="2"/><net_sink comp="1167" pin=0"/></net>

<net id="1176"><net_src comp="126" pin="0"/><net_sink comp="1171" pin=0"/></net>

<net id="1177"><net_src comp="318" pin="34"/><net_sink comp="1171" pin=1"/></net>

<net id="1178"><net_src comp="104" pin="0"/><net_sink comp="1171" pin=2"/></net>

<net id="1183"><net_src comp="1171" pin="3"/><net_sink comp="1179" pin=0"/></net>

<net id="1184"><net_src comp="739" pin="3"/><net_sink comp="1179" pin=1"/></net>

<net id="1189"><net_src comp="1179" pin="2"/><net_sink comp="1185" pin=0"/></net>

<net id="1190"><net_src comp="124" pin="0"/><net_sink comp="1185" pin=1"/></net>

<net id="1194"><net_src comp="1185" pin="2"/><net_sink comp="1191" pin=0"/></net>

<net id="1200"><net_src comp="126" pin="0"/><net_sink comp="1195" pin=0"/></net>

<net id="1201"><net_src comp="318" pin="34"/><net_sink comp="1195" pin=1"/></net>

<net id="1202"><net_src comp="106" pin="0"/><net_sink comp="1195" pin=2"/></net>

<net id="1207"><net_src comp="1195" pin="3"/><net_sink comp="1203" pin=0"/></net>

<net id="1208"><net_src comp="747" pin="3"/><net_sink comp="1203" pin=1"/></net>

<net id="1213"><net_src comp="1203" pin="2"/><net_sink comp="1209" pin=0"/></net>

<net id="1214"><net_src comp="124" pin="0"/><net_sink comp="1209" pin=1"/></net>

<net id="1218"><net_src comp="1209" pin="2"/><net_sink comp="1215" pin=0"/></net>

<net id="1224"><net_src comp="126" pin="0"/><net_sink comp="1219" pin=0"/></net>

<net id="1225"><net_src comp="318" pin="34"/><net_sink comp="1219" pin=1"/></net>

<net id="1226"><net_src comp="108" pin="0"/><net_sink comp="1219" pin=2"/></net>

<net id="1231"><net_src comp="1219" pin="3"/><net_sink comp="1227" pin=0"/></net>

<net id="1232"><net_src comp="755" pin="3"/><net_sink comp="1227" pin=1"/></net>

<net id="1237"><net_src comp="1227" pin="2"/><net_sink comp="1233" pin=0"/></net>

<net id="1238"><net_src comp="124" pin="0"/><net_sink comp="1233" pin=1"/></net>

<net id="1242"><net_src comp="1233" pin="2"/><net_sink comp="1239" pin=0"/></net>

<net id="1248"><net_src comp="126" pin="0"/><net_sink comp="1243" pin=0"/></net>

<net id="1249"><net_src comp="318" pin="34"/><net_sink comp="1243" pin=1"/></net>

<net id="1250"><net_src comp="110" pin="0"/><net_sink comp="1243" pin=2"/></net>

<net id="1255"><net_src comp="1243" pin="3"/><net_sink comp="1251" pin=0"/></net>

<net id="1256"><net_src comp="763" pin="3"/><net_sink comp="1251" pin=1"/></net>

<net id="1261"><net_src comp="1251" pin="2"/><net_sink comp="1257" pin=0"/></net>

<net id="1262"><net_src comp="124" pin="0"/><net_sink comp="1257" pin=1"/></net>

<net id="1266"><net_src comp="1257" pin="2"/><net_sink comp="1263" pin=0"/></net>

<net id="1272"><net_src comp="126" pin="0"/><net_sink comp="1267" pin=0"/></net>

<net id="1273"><net_src comp="318" pin="34"/><net_sink comp="1267" pin=1"/></net>

<net id="1274"><net_src comp="112" pin="0"/><net_sink comp="1267" pin=2"/></net>

<net id="1279"><net_src comp="1267" pin="3"/><net_sink comp="1275" pin=0"/></net>

<net id="1280"><net_src comp="771" pin="3"/><net_sink comp="1275" pin=1"/></net>

<net id="1285"><net_src comp="1275" pin="2"/><net_sink comp="1281" pin=0"/></net>

<net id="1286"><net_src comp="124" pin="0"/><net_sink comp="1281" pin=1"/></net>

<net id="1290"><net_src comp="1281" pin="2"/><net_sink comp="1287" pin=0"/></net>

<net id="1296"><net_src comp="126" pin="0"/><net_sink comp="1291" pin=0"/></net>

<net id="1297"><net_src comp="318" pin="34"/><net_sink comp="1291" pin=1"/></net>

<net id="1298"><net_src comp="114" pin="0"/><net_sink comp="1291" pin=2"/></net>

<net id="1303"><net_src comp="1291" pin="3"/><net_sink comp="1299" pin=0"/></net>

<net id="1304"><net_src comp="779" pin="3"/><net_sink comp="1299" pin=1"/></net>

<net id="1309"><net_src comp="1299" pin="2"/><net_sink comp="1305" pin=0"/></net>

<net id="1310"><net_src comp="124" pin="0"/><net_sink comp="1305" pin=1"/></net>

<net id="1314"><net_src comp="1305" pin="2"/><net_sink comp="1311" pin=0"/></net>

<net id="1320"><net_src comp="126" pin="0"/><net_sink comp="1315" pin=0"/></net>

<net id="1321"><net_src comp="318" pin="34"/><net_sink comp="1315" pin=1"/></net>

<net id="1322"><net_src comp="116" pin="0"/><net_sink comp="1315" pin=2"/></net>

<net id="1327"><net_src comp="1315" pin="3"/><net_sink comp="1323" pin=0"/></net>

<net id="1328"><net_src comp="787" pin="3"/><net_sink comp="1323" pin=1"/></net>

<net id="1333"><net_src comp="1323" pin="2"/><net_sink comp="1329" pin=0"/></net>

<net id="1334"><net_src comp="124" pin="0"/><net_sink comp="1329" pin=1"/></net>

<net id="1338"><net_src comp="1329" pin="2"/><net_sink comp="1335" pin=0"/></net>

<net id="1344"><net_src comp="126" pin="0"/><net_sink comp="1339" pin=0"/></net>

<net id="1345"><net_src comp="318" pin="34"/><net_sink comp="1339" pin=1"/></net>

<net id="1346"><net_src comp="118" pin="0"/><net_sink comp="1339" pin=2"/></net>

<net id="1351"><net_src comp="1339" pin="3"/><net_sink comp="1347" pin=0"/></net>

<net id="1352"><net_src comp="795" pin="3"/><net_sink comp="1347" pin=1"/></net>

<net id="1357"><net_src comp="1347" pin="2"/><net_sink comp="1353" pin=0"/></net>

<net id="1358"><net_src comp="124" pin="0"/><net_sink comp="1353" pin=1"/></net>

<net id="1362"><net_src comp="1353" pin="2"/><net_sink comp="1359" pin=0"/></net>

<net id="1368"><net_src comp="126" pin="0"/><net_sink comp="1363" pin=0"/></net>

<net id="1369"><net_src comp="318" pin="34"/><net_sink comp="1363" pin=1"/></net>

<net id="1370"><net_src comp="120" pin="0"/><net_sink comp="1363" pin=2"/></net>

<net id="1375"><net_src comp="1363" pin="3"/><net_sink comp="1371" pin=0"/></net>

<net id="1376"><net_src comp="803" pin="3"/><net_sink comp="1371" pin=1"/></net>

<net id="1381"><net_src comp="1371" pin="2"/><net_sink comp="1377" pin=0"/></net>

<net id="1382"><net_src comp="124" pin="0"/><net_sink comp="1377" pin=1"/></net>

<net id="1386"><net_src comp="1377" pin="2"/><net_sink comp="1383" pin=0"/></net>

<net id="1392"><net_src comp="126" pin="0"/><net_sink comp="1387" pin=0"/></net>

<net id="1393"><net_src comp="318" pin="34"/><net_sink comp="1387" pin=1"/></net>

<net id="1394"><net_src comp="122" pin="0"/><net_sink comp="1387" pin=2"/></net>

<net id="1399"><net_src comp="1387" pin="3"/><net_sink comp="1395" pin=0"/></net>

<net id="1400"><net_src comp="811" pin="3"/><net_sink comp="1395" pin=1"/></net>

<net id="1405"><net_src comp="1395" pin="2"/><net_sink comp="1401" pin=0"/></net>

<net id="1406"><net_src comp="124" pin="0"/><net_sink comp="1401" pin=1"/></net>

<net id="1410"><net_src comp="1401" pin="2"/><net_sink comp="1407" pin=0"/></net>

<net id="1415"><net_src comp="1359" pin="1"/><net_sink comp="1411" pin=0"/></net>

<net id="1416"><net_src comp="1383" pin="1"/><net_sink comp="1411" pin=1"/></net>

<net id="1420"><net_src comp="1411" pin="2"/><net_sink comp="1417" pin=0"/></net>

<net id="1425"><net_src comp="1417" pin="1"/><net_sink comp="1421" pin=0"/></net>

<net id="1426"><net_src comp="615" pin="3"/><net_sink comp="1421" pin=1"/></net>

<net id="1431"><net_src comp="1311" pin="1"/><net_sink comp="1427" pin=0"/></net>

<net id="1432"><net_src comp="1239" pin="1"/><net_sink comp="1427" pin=1"/></net>

<net id="1437"><net_src comp="1427" pin="2"/><net_sink comp="1433" pin=0"/></net>

<net id="1438"><net_src comp="1335" pin="1"/><net_sink comp="1433" pin=1"/></net>

<net id="1442"><net_src comp="1433" pin="2"/><net_sink comp="1439" pin=0"/></net>

<net id="1447"><net_src comp="1439" pin="1"/><net_sink comp="1443" pin=0"/></net>

<net id="1448"><net_src comp="1421" pin="2"/><net_sink comp="1443" pin=1"/></net>

<net id="1453"><net_src comp="1263" pin="1"/><net_sink comp="1449" pin=0"/></net>

<net id="1454"><net_src comp="1095" pin="1"/><net_sink comp="1449" pin=1"/></net>

<net id="1459"><net_src comp="1449" pin="2"/><net_sink comp="1455" pin=0"/></net>

<net id="1460"><net_src comp="1287" pin="1"/><net_sink comp="1455" pin=1"/></net>

<net id="1464"><net_src comp="1455" pin="2"/><net_sink comp="1461" pin=0"/></net>

<net id="1469"><net_src comp="1143" pin="1"/><net_sink comp="1465" pin=0"/></net>

<net id="1470"><net_src comp="1119" pin="1"/><net_sink comp="1465" pin=1"/></net>

<net id="1474"><net_src comp="1465" pin="2"/><net_sink comp="1471" pin=0"/></net>

<net id="1479"><net_src comp="1167" pin="1"/><net_sink comp="1475" pin=0"/></net>

<net id="1480"><net_src comp="1215" pin="1"/><net_sink comp="1475" pin=1"/></net>

<net id="1484"><net_src comp="1475" pin="2"/><net_sink comp="1481" pin=0"/></net>

<net id="1489"><net_src comp="1481" pin="1"/><net_sink comp="1485" pin=0"/></net>

<net id="1490"><net_src comp="1471" pin="1"/><net_sink comp="1485" pin=1"/></net>

<net id="1495"><net_src comp="1485" pin="2"/><net_sink comp="1491" pin=0"/></net>

<net id="1496"><net_src comp="1461" pin="1"/><net_sink comp="1491" pin=1"/></net>

<net id="1500"><net_src comp="1491" pin="2"/><net_sink comp="1497" pin=0"/></net>

<net id="1505"><net_src comp="1497" pin="1"/><net_sink comp="1501" pin=0"/></net>

<net id="1506"><net_src comp="1443" pin="2"/><net_sink comp="1501" pin=1"/></net>

<net id="1511"><net_src comp="855" pin="1"/><net_sink comp="1507" pin=0"/></net>

<net id="1512"><net_src comp="831" pin="1"/><net_sink comp="1507" pin=1"/></net>

<net id="1517"><net_src comp="1507" pin="2"/><net_sink comp="1513" pin=0"/></net>

<net id="1518"><net_src comp="1191" pin="1"/><net_sink comp="1513" pin=1"/></net>

<net id="1522"><net_src comp="1513" pin="2"/><net_sink comp="1519" pin=0"/></net>

<net id="1527"><net_src comp="927" pin="1"/><net_sink comp="1523" pin=0"/></net>

<net id="1528"><net_src comp="903" pin="1"/><net_sink comp="1523" pin=1"/></net>

<net id="1533"><net_src comp="1523" pin="2"/><net_sink comp="1529" pin=0"/></net>

<net id="1534"><net_src comp="879" pin="1"/><net_sink comp="1529" pin=1"/></net>

<net id="1538"><net_src comp="1529" pin="2"/><net_sink comp="1535" pin=0"/></net>

<net id="1543"><net_src comp="1535" pin="1"/><net_sink comp="1539" pin=0"/></net>

<net id="1544"><net_src comp="1519" pin="1"/><net_sink comp="1539" pin=1"/></net>

<net id="1548"><net_src comp="1539" pin="2"/><net_sink comp="1545" pin=0"/></net>

<net id="1553"><net_src comp="999" pin="1"/><net_sink comp="1549" pin=0"/></net>

<net id="1554"><net_src comp="975" pin="1"/><net_sink comp="1549" pin=1"/></net>

<net id="1559"><net_src comp="1549" pin="2"/><net_sink comp="1555" pin=0"/></net>

<net id="1560"><net_src comp="951" pin="1"/><net_sink comp="1555" pin=1"/></net>

<net id="1564"><net_src comp="1555" pin="2"/><net_sink comp="1561" pin=0"/></net>

<net id="1569"><net_src comp="1023" pin="1"/><net_sink comp="1565" pin=0"/></net>

<net id="1570"><net_src comp="1071" pin="1"/><net_sink comp="1565" pin=1"/></net>

<net id="1574"><net_src comp="1565" pin="2"/><net_sink comp="1571" pin=0"/></net>

<net id="1579"><net_src comp="1047" pin="1"/><net_sink comp="1575" pin=0"/></net>

<net id="1580"><net_src comp="1407" pin="1"/><net_sink comp="1575" pin=1"/></net>

<net id="1584"><net_src comp="1575" pin="2"/><net_sink comp="1581" pin=0"/></net>

<net id="1589"><net_src comp="1581" pin="1"/><net_sink comp="1585" pin=0"/></net>

<net id="1590"><net_src comp="1571" pin="1"/><net_sink comp="1585" pin=1"/></net>

<net id="1595"><net_src comp="1585" pin="2"/><net_sink comp="1591" pin=0"/></net>

<net id="1596"><net_src comp="1561" pin="1"/><net_sink comp="1591" pin=1"/></net>

<net id="1600"><net_src comp="1591" pin="2"/><net_sink comp="1597" pin=0"/></net>

<net id="1605"><net_src comp="1597" pin="1"/><net_sink comp="1601" pin=0"/></net>

<net id="1606"><net_src comp="1545" pin="1"/><net_sink comp="1601" pin=1"/></net>

<net id="1610"><net_src comp="1601" pin="2"/><net_sink comp="1607" pin=0"/></net>

<net id="1615"><net_src comp="1607" pin="1"/><net_sink comp="1611" pin=0"/></net>

<net id="1616"><net_src comp="1501" pin="2"/><net_sink comp="1611" pin=1"/></net>

<net id="1622"><net_src comp="78" pin="0"/><net_sink comp="1617" pin=0"/></net>

<net id="1623"><net_src comp="276" pin="2"/><net_sink comp="1617" pin=1"/></net>

<net id="1624"><net_src comp="128" pin="0"/><net_sink comp="1617" pin=2"/></net>

<net id="1630"><net_src comp="78" pin="0"/><net_sink comp="1625" pin=0"/></net>

<net id="1631"><net_src comp="276" pin="2"/><net_sink comp="1625" pin=1"/></net>

<net id="1632"><net_src comp="130" pin="0"/><net_sink comp="1625" pin=2"/></net>

<net id="1638"><net_src comp="78" pin="0"/><net_sink comp="1633" pin=0"/></net>

<net id="1639"><net_src comp="276" pin="2"/><net_sink comp="1633" pin=1"/></net>

<net id="1640"><net_src comp="132" pin="0"/><net_sink comp="1633" pin=2"/></net>

<net id="1646"><net_src comp="78" pin="0"/><net_sink comp="1641" pin=0"/></net>

<net id="1647"><net_src comp="276" pin="2"/><net_sink comp="1641" pin=1"/></net>

<net id="1648"><net_src comp="134" pin="0"/><net_sink comp="1641" pin=2"/></net>

<net id="1654"><net_src comp="78" pin="0"/><net_sink comp="1649" pin=0"/></net>

<net id="1655"><net_src comp="276" pin="2"/><net_sink comp="1649" pin=1"/></net>

<net id="1656"><net_src comp="136" pin="0"/><net_sink comp="1649" pin=2"/></net>

<net id="1662"><net_src comp="78" pin="0"/><net_sink comp="1657" pin=0"/></net>

<net id="1663"><net_src comp="276" pin="2"/><net_sink comp="1657" pin=1"/></net>

<net id="1664"><net_src comp="138" pin="0"/><net_sink comp="1657" pin=2"/></net>

<net id="1670"><net_src comp="78" pin="0"/><net_sink comp="1665" pin=0"/></net>

<net id="1671"><net_src comp="276" pin="2"/><net_sink comp="1665" pin=1"/></net>

<net id="1672"><net_src comp="140" pin="0"/><net_sink comp="1665" pin=2"/></net>

<net id="1678"><net_src comp="78" pin="0"/><net_sink comp="1673" pin=0"/></net>

<net id="1679"><net_src comp="276" pin="2"/><net_sink comp="1673" pin=1"/></net>

<net id="1680"><net_src comp="142" pin="0"/><net_sink comp="1673" pin=2"/></net>

<net id="1686"><net_src comp="78" pin="0"/><net_sink comp="1681" pin=0"/></net>

<net id="1687"><net_src comp="276" pin="2"/><net_sink comp="1681" pin=1"/></net>

<net id="1688"><net_src comp="144" pin="0"/><net_sink comp="1681" pin=2"/></net>

<net id="1694"><net_src comp="78" pin="0"/><net_sink comp="1689" pin=0"/></net>

<net id="1695"><net_src comp="276" pin="2"/><net_sink comp="1689" pin=1"/></net>

<net id="1696"><net_src comp="146" pin="0"/><net_sink comp="1689" pin=2"/></net>

<net id="1702"><net_src comp="78" pin="0"/><net_sink comp="1697" pin=0"/></net>

<net id="1703"><net_src comp="276" pin="2"/><net_sink comp="1697" pin=1"/></net>

<net id="1704"><net_src comp="148" pin="0"/><net_sink comp="1697" pin=2"/></net>

<net id="1710"><net_src comp="78" pin="0"/><net_sink comp="1705" pin=0"/></net>

<net id="1711"><net_src comp="276" pin="2"/><net_sink comp="1705" pin=1"/></net>

<net id="1712"><net_src comp="150" pin="0"/><net_sink comp="1705" pin=2"/></net>

<net id="1718"><net_src comp="78" pin="0"/><net_sink comp="1713" pin=0"/></net>

<net id="1719"><net_src comp="276" pin="2"/><net_sink comp="1713" pin=1"/></net>

<net id="1720"><net_src comp="152" pin="0"/><net_sink comp="1713" pin=2"/></net>

<net id="1726"><net_src comp="78" pin="0"/><net_sink comp="1721" pin=0"/></net>

<net id="1727"><net_src comp="276" pin="2"/><net_sink comp="1721" pin=1"/></net>

<net id="1728"><net_src comp="154" pin="0"/><net_sink comp="1721" pin=2"/></net>

<net id="1734"><net_src comp="78" pin="0"/><net_sink comp="1729" pin=0"/></net>

<net id="1735"><net_src comp="276" pin="2"/><net_sink comp="1729" pin=1"/></net>

<net id="1736"><net_src comp="156" pin="0"/><net_sink comp="1729" pin=2"/></net>

<net id="1742"><net_src comp="78" pin="0"/><net_sink comp="1737" pin=0"/></net>

<net id="1743"><net_src comp="276" pin="2"/><net_sink comp="1737" pin=1"/></net>

<net id="1744"><net_src comp="158" pin="0"/><net_sink comp="1737" pin=2"/></net>

<net id="1750"><net_src comp="78" pin="0"/><net_sink comp="1745" pin=0"/></net>

<net id="1751"><net_src comp="276" pin="2"/><net_sink comp="1745" pin=1"/></net>

<net id="1752"><net_src comp="160" pin="0"/><net_sink comp="1745" pin=2"/></net>

<net id="1758"><net_src comp="78" pin="0"/><net_sink comp="1753" pin=0"/></net>

<net id="1759"><net_src comp="276" pin="2"/><net_sink comp="1753" pin=1"/></net>

<net id="1760"><net_src comp="162" pin="0"/><net_sink comp="1753" pin=2"/></net>

<net id="1766"><net_src comp="78" pin="0"/><net_sink comp="1761" pin=0"/></net>

<net id="1767"><net_src comp="276" pin="2"/><net_sink comp="1761" pin=1"/></net>

<net id="1768"><net_src comp="164" pin="0"/><net_sink comp="1761" pin=2"/></net>

<net id="1774"><net_src comp="78" pin="0"/><net_sink comp="1769" pin=0"/></net>

<net id="1775"><net_src comp="276" pin="2"/><net_sink comp="1769" pin=1"/></net>

<net id="1776"><net_src comp="166" pin="0"/><net_sink comp="1769" pin=2"/></net>

<net id="1782"><net_src comp="78" pin="0"/><net_sink comp="1777" pin=0"/></net>

<net id="1783"><net_src comp="276" pin="2"/><net_sink comp="1777" pin=1"/></net>

<net id="1784"><net_src comp="168" pin="0"/><net_sink comp="1777" pin=2"/></net>

<net id="1790"><net_src comp="78" pin="0"/><net_sink comp="1785" pin=0"/></net>

<net id="1791"><net_src comp="276" pin="2"/><net_sink comp="1785" pin=1"/></net>

<net id="1792"><net_src comp="170" pin="0"/><net_sink comp="1785" pin=2"/></net>

<net id="1798"><net_src comp="78" pin="0"/><net_sink comp="1793" pin=0"/></net>

<net id="1799"><net_src comp="276" pin="2"/><net_sink comp="1793" pin=1"/></net>

<net id="1800"><net_src comp="172" pin="0"/><net_sink comp="1793" pin=2"/></net>

<net id="1806"><net_src comp="78" pin="0"/><net_sink comp="1801" pin=0"/></net>

<net id="1807"><net_src comp="276" pin="2"/><net_sink comp="1801" pin=1"/></net>

<net id="1808"><net_src comp="174" pin="0"/><net_sink comp="1801" pin=2"/></net>

<net id="1814"><net_src comp="78" pin="0"/><net_sink comp="1809" pin=0"/></net>

<net id="1815"><net_src comp="276" pin="2"/><net_sink comp="1809" pin=1"/></net>

<net id="1816"><net_src comp="176" pin="0"/><net_sink comp="1809" pin=2"/></net>

<net id="1821"><net_src comp="124" pin="0"/><net_sink comp="1817" pin=0"/></net>

<net id="1822"><net_src comp="1617" pin="3"/><net_sink comp="1817" pin=1"/></net>

<net id="1827"><net_src comp="1817" pin="2"/><net_sink comp="1823" pin=0"/></net>

<net id="1828"><net_src comp="597" pin="1"/><net_sink comp="1823" pin=1"/></net>

<net id="1832"><net_src comp="1823" pin="2"/><net_sink comp="1829" pin=0"/></net>

<net id="1837"><net_src comp="124" pin="0"/><net_sink comp="1833" pin=0"/></net>

<net id="1838"><net_src comp="1625" pin="3"/><net_sink comp="1833" pin=1"/></net>

<net id="1843"><net_src comp="1833" pin="2"/><net_sink comp="1839" pin=0"/></net>

<net id="1844"><net_src comp="835" pin="3"/><net_sink comp="1839" pin=1"/></net>

<net id="1848"><net_src comp="1839" pin="2"/><net_sink comp="1845" pin=0"/></net>

<net id="1853"><net_src comp="859" pin="3"/><net_sink comp="1849" pin=0"/></net>

<net id="1854"><net_src comp="1633" pin="3"/><net_sink comp="1849" pin=1"/></net>

<net id="1859"><net_src comp="1849" pin="2"/><net_sink comp="1855" pin=0"/></net>

<net id="1860"><net_src comp="124" pin="0"/><net_sink comp="1855" pin=1"/></net>

<net id="1864"><net_src comp="1855" pin="2"/><net_sink comp="1861" pin=0"/></net>

<net id="1869"><net_src comp="124" pin="0"/><net_sink comp="1865" pin=0"/></net>

<net id="1870"><net_src comp="1641" pin="3"/><net_sink comp="1865" pin=1"/></net>

<net id="1875"><net_src comp="1865" pin="2"/><net_sink comp="1871" pin=0"/></net>

<net id="1876"><net_src comp="883" pin="3"/><net_sink comp="1871" pin=1"/></net>

<net id="1880"><net_src comp="1871" pin="2"/><net_sink comp="1877" pin=0"/></net>

<net id="1885"><net_src comp="124" pin="0"/><net_sink comp="1881" pin=0"/></net>

<net id="1886"><net_src comp="1649" pin="3"/><net_sink comp="1881" pin=1"/></net>

<net id="1891"><net_src comp="1881" pin="2"/><net_sink comp="1887" pin=0"/></net>

<net id="1892"><net_src comp="907" pin="3"/><net_sink comp="1887" pin=1"/></net>

<net id="1896"><net_src comp="1887" pin="2"/><net_sink comp="1893" pin=0"/></net>

<net id="1901"><net_src comp="931" pin="3"/><net_sink comp="1897" pin=0"/></net>

<net id="1902"><net_src comp="1657" pin="3"/><net_sink comp="1897" pin=1"/></net>

<net id="1907"><net_src comp="1897" pin="2"/><net_sink comp="1903" pin=0"/></net>

<net id="1908"><net_src comp="124" pin="0"/><net_sink comp="1903" pin=1"/></net>

<net id="1912"><net_src comp="1903" pin="2"/><net_sink comp="1909" pin=0"/></net>

<net id="1917"><net_src comp="124" pin="0"/><net_sink comp="1913" pin=0"/></net>

<net id="1918"><net_src comp="1665" pin="3"/><net_sink comp="1913" pin=1"/></net>

<net id="1923"><net_src comp="1913" pin="2"/><net_sink comp="1919" pin=0"/></net>

<net id="1924"><net_src comp="955" pin="3"/><net_sink comp="1919" pin=1"/></net>

<net id="1928"><net_src comp="1919" pin="2"/><net_sink comp="1925" pin=0"/></net>

<net id="1933"><net_src comp="979" pin="3"/><net_sink comp="1929" pin=0"/></net>

<net id="1934"><net_src comp="1673" pin="3"/><net_sink comp="1929" pin=1"/></net>

<net id="1939"><net_src comp="1929" pin="2"/><net_sink comp="1935" pin=0"/></net>

<net id="1940"><net_src comp="124" pin="0"/><net_sink comp="1935" pin=1"/></net>

<net id="1944"><net_src comp="1935" pin="2"/><net_sink comp="1941" pin=0"/></net>

<net id="1949"><net_src comp="1003" pin="3"/><net_sink comp="1945" pin=0"/></net>

<net id="1950"><net_src comp="1681" pin="3"/><net_sink comp="1945" pin=1"/></net>

<net id="1955"><net_src comp="1945" pin="2"/><net_sink comp="1951" pin=0"/></net>

<net id="1956"><net_src comp="124" pin="0"/><net_sink comp="1951" pin=1"/></net>

<net id="1960"><net_src comp="1951" pin="2"/><net_sink comp="1957" pin=0"/></net>

<net id="1965"><net_src comp="1027" pin="3"/><net_sink comp="1961" pin=0"/></net>

<net id="1966"><net_src comp="1689" pin="3"/><net_sink comp="1961" pin=1"/></net>

<net id="1971"><net_src comp="1961" pin="2"/><net_sink comp="1967" pin=0"/></net>

<net id="1972"><net_src comp="124" pin="0"/><net_sink comp="1967" pin=1"/></net>

<net id="1976"><net_src comp="1967" pin="2"/><net_sink comp="1973" pin=0"/></net>

<net id="1981"><net_src comp="1051" pin="3"/><net_sink comp="1977" pin=0"/></net>

<net id="1982"><net_src comp="1697" pin="3"/><net_sink comp="1977" pin=1"/></net>

<net id="1987"><net_src comp="1977" pin="2"/><net_sink comp="1983" pin=0"/></net>

<net id="1988"><net_src comp="124" pin="0"/><net_sink comp="1983" pin=1"/></net>

<net id="1992"><net_src comp="1983" pin="2"/><net_sink comp="1989" pin=0"/></net>

<net id="1997"><net_src comp="1075" pin="3"/><net_sink comp="1993" pin=0"/></net>

<net id="1998"><net_src comp="1705" pin="3"/><net_sink comp="1993" pin=1"/></net>

<net id="2003"><net_src comp="1993" pin="2"/><net_sink comp="1999" pin=0"/></net>

<net id="2004"><net_src comp="124" pin="0"/><net_sink comp="1999" pin=1"/></net>

<net id="2008"><net_src comp="1999" pin="2"/><net_sink comp="2005" pin=0"/></net>

<net id="2013"><net_src comp="1099" pin="3"/><net_sink comp="2009" pin=0"/></net>

<net id="2014"><net_src comp="1713" pin="3"/><net_sink comp="2009" pin=1"/></net>

<net id="2019"><net_src comp="2009" pin="2"/><net_sink comp="2015" pin=0"/></net>

<net id="2020"><net_src comp="124" pin="0"/><net_sink comp="2015" pin=1"/></net>

<net id="2024"><net_src comp="2015" pin="2"/><net_sink comp="2021" pin=0"/></net>

<net id="2029"><net_src comp="1123" pin="3"/><net_sink comp="2025" pin=0"/></net>

<net id="2030"><net_src comp="1721" pin="3"/><net_sink comp="2025" pin=1"/></net>

<net id="2035"><net_src comp="2025" pin="2"/><net_sink comp="2031" pin=0"/></net>

<net id="2036"><net_src comp="124" pin="0"/><net_sink comp="2031" pin=1"/></net>

<net id="2040"><net_src comp="2031" pin="2"/><net_sink comp="2037" pin=0"/></net>

<net id="2045"><net_src comp="1147" pin="3"/><net_sink comp="2041" pin=0"/></net>

<net id="2046"><net_src comp="1729" pin="3"/><net_sink comp="2041" pin=1"/></net>

<net id="2051"><net_src comp="2041" pin="2"/><net_sink comp="2047" pin=0"/></net>

<net id="2052"><net_src comp="124" pin="0"/><net_sink comp="2047" pin=1"/></net>

<net id="2056"><net_src comp="2047" pin="2"/><net_sink comp="2053" pin=0"/></net>

<net id="2061"><net_src comp="1171" pin="3"/><net_sink comp="2057" pin=0"/></net>

<net id="2062"><net_src comp="1737" pin="3"/><net_sink comp="2057" pin=1"/></net>

<net id="2067"><net_src comp="2057" pin="2"/><net_sink comp="2063" pin=0"/></net>

<net id="2068"><net_src comp="124" pin="0"/><net_sink comp="2063" pin=1"/></net>

<net id="2072"><net_src comp="2063" pin="2"/><net_sink comp="2069" pin=0"/></net>

<net id="2077"><net_src comp="1195" pin="3"/><net_sink comp="2073" pin=0"/></net>

<net id="2078"><net_src comp="1745" pin="3"/><net_sink comp="2073" pin=1"/></net>

<net id="2083"><net_src comp="2073" pin="2"/><net_sink comp="2079" pin=0"/></net>

<net id="2084"><net_src comp="124" pin="0"/><net_sink comp="2079" pin=1"/></net>

<net id="2088"><net_src comp="2079" pin="2"/><net_sink comp="2085" pin=0"/></net>

<net id="2093"><net_src comp="1219" pin="3"/><net_sink comp="2089" pin=0"/></net>

<net id="2094"><net_src comp="1753" pin="3"/><net_sink comp="2089" pin=1"/></net>

<net id="2099"><net_src comp="2089" pin="2"/><net_sink comp="2095" pin=0"/></net>

<net id="2100"><net_src comp="124" pin="0"/><net_sink comp="2095" pin=1"/></net>

<net id="2104"><net_src comp="2095" pin="2"/><net_sink comp="2101" pin=0"/></net>

<net id="2109"><net_src comp="1243" pin="3"/><net_sink comp="2105" pin=0"/></net>

<net id="2110"><net_src comp="1761" pin="3"/><net_sink comp="2105" pin=1"/></net>

<net id="2115"><net_src comp="2105" pin="2"/><net_sink comp="2111" pin=0"/></net>

<net id="2116"><net_src comp="124" pin="0"/><net_sink comp="2111" pin=1"/></net>

<net id="2120"><net_src comp="2111" pin="2"/><net_sink comp="2117" pin=0"/></net>

<net id="2125"><net_src comp="1267" pin="3"/><net_sink comp="2121" pin=0"/></net>

<net id="2126"><net_src comp="1769" pin="3"/><net_sink comp="2121" pin=1"/></net>

<net id="2131"><net_src comp="2121" pin="2"/><net_sink comp="2127" pin=0"/></net>

<net id="2132"><net_src comp="124" pin="0"/><net_sink comp="2127" pin=1"/></net>

<net id="2136"><net_src comp="2127" pin="2"/><net_sink comp="2133" pin=0"/></net>

<net id="2141"><net_src comp="1291" pin="3"/><net_sink comp="2137" pin=0"/></net>

<net id="2142"><net_src comp="1777" pin="3"/><net_sink comp="2137" pin=1"/></net>

<net id="2147"><net_src comp="2137" pin="2"/><net_sink comp="2143" pin=0"/></net>

<net id="2148"><net_src comp="124" pin="0"/><net_sink comp="2143" pin=1"/></net>

<net id="2152"><net_src comp="2143" pin="2"/><net_sink comp="2149" pin=0"/></net>

<net id="2157"><net_src comp="1315" pin="3"/><net_sink comp="2153" pin=0"/></net>

<net id="2158"><net_src comp="1785" pin="3"/><net_sink comp="2153" pin=1"/></net>

<net id="2163"><net_src comp="2153" pin="2"/><net_sink comp="2159" pin=0"/></net>

<net id="2164"><net_src comp="124" pin="0"/><net_sink comp="2159" pin=1"/></net>

<net id="2168"><net_src comp="2159" pin="2"/><net_sink comp="2165" pin=0"/></net>

<net id="2173"><net_src comp="1339" pin="3"/><net_sink comp="2169" pin=0"/></net>

<net id="2174"><net_src comp="1793" pin="3"/><net_sink comp="2169" pin=1"/></net>

<net id="2179"><net_src comp="2169" pin="2"/><net_sink comp="2175" pin=0"/></net>

<net id="2180"><net_src comp="124" pin="0"/><net_sink comp="2175" pin=1"/></net>

<net id="2184"><net_src comp="2175" pin="2"/><net_sink comp="2181" pin=0"/></net>

<net id="2189"><net_src comp="1363" pin="3"/><net_sink comp="2185" pin=0"/></net>

<net id="2190"><net_src comp="1801" pin="3"/><net_sink comp="2185" pin=1"/></net>

<net id="2195"><net_src comp="2185" pin="2"/><net_sink comp="2191" pin=0"/></net>

<net id="2196"><net_src comp="124" pin="0"/><net_sink comp="2191" pin=1"/></net>

<net id="2200"><net_src comp="2191" pin="2"/><net_sink comp="2197" pin=0"/></net>

<net id="2205"><net_src comp="1387" pin="3"/><net_sink comp="2201" pin=0"/></net>

<net id="2206"><net_src comp="1809" pin="3"/><net_sink comp="2201" pin=1"/></net>

<net id="2211"><net_src comp="2201" pin="2"/><net_sink comp="2207" pin=0"/></net>

<net id="2212"><net_src comp="124" pin="0"/><net_sink comp="2207" pin=1"/></net>

<net id="2216"><net_src comp="2207" pin="2"/><net_sink comp="2213" pin=0"/></net>

<net id="2221"><net_src comp="2181" pin="1"/><net_sink comp="2217" pin=0"/></net>

<net id="2222"><net_src comp="2197" pin="1"/><net_sink comp="2217" pin=1"/></net>

<net id="2226"><net_src comp="2217" pin="2"/><net_sink comp="2223" pin=0"/></net>

<net id="2231"><net_src comp="2223" pin="1"/><net_sink comp="2227" pin=0"/></net>

<net id="2232"><net_src comp="607" pin="3"/><net_sink comp="2227" pin=1"/></net>

<net id="2237"><net_src comp="2149" pin="1"/><net_sink comp="2233" pin=0"/></net>

<net id="2238"><net_src comp="2101" pin="1"/><net_sink comp="2233" pin=1"/></net>

<net id="2243"><net_src comp="2233" pin="2"/><net_sink comp="2239" pin=0"/></net>

<net id="2244"><net_src comp="2165" pin="1"/><net_sink comp="2239" pin=1"/></net>

<net id="2248"><net_src comp="2239" pin="2"/><net_sink comp="2245" pin=0"/></net>

<net id="2253"><net_src comp="2245" pin="1"/><net_sink comp="2249" pin=0"/></net>

<net id="2254"><net_src comp="2227" pin="2"/><net_sink comp="2249" pin=1"/></net>

<net id="2259"><net_src comp="2117" pin="1"/><net_sink comp="2255" pin=0"/></net>

<net id="2260"><net_src comp="2005" pin="1"/><net_sink comp="2255" pin=1"/></net>

<net id="2265"><net_src comp="2255" pin="2"/><net_sink comp="2261" pin=0"/></net>

<net id="2266"><net_src comp="2133" pin="1"/><net_sink comp="2261" pin=1"/></net>

<net id="2270"><net_src comp="2261" pin="2"/><net_sink comp="2267" pin=0"/></net>

<net id="2275"><net_src comp="2037" pin="1"/><net_sink comp="2271" pin=0"/></net>

<net id="2276"><net_src comp="2021" pin="1"/><net_sink comp="2271" pin=1"/></net>

<net id="2280"><net_src comp="2271" pin="2"/><net_sink comp="2277" pin=0"/></net>

<net id="2285"><net_src comp="2053" pin="1"/><net_sink comp="2281" pin=0"/></net>

<net id="2286"><net_src comp="2085" pin="1"/><net_sink comp="2281" pin=1"/></net>

<net id="2290"><net_src comp="2281" pin="2"/><net_sink comp="2287" pin=0"/></net>

<net id="2295"><net_src comp="2287" pin="1"/><net_sink comp="2291" pin=0"/></net>

<net id="2296"><net_src comp="2277" pin="1"/><net_sink comp="2291" pin=1"/></net>

<net id="2301"><net_src comp="2291" pin="2"/><net_sink comp="2297" pin=0"/></net>

<net id="2302"><net_src comp="2267" pin="1"/><net_sink comp="2297" pin=1"/></net>

<net id="2306"><net_src comp="2297" pin="2"/><net_sink comp="2303" pin=0"/></net>

<net id="2311"><net_src comp="2303" pin="1"/><net_sink comp="2307" pin=0"/></net>

<net id="2312"><net_src comp="2249" pin="2"/><net_sink comp="2307" pin=1"/></net>

<net id="2317"><net_src comp="1845" pin="1"/><net_sink comp="2313" pin=0"/></net>

<net id="2318"><net_src comp="1829" pin="1"/><net_sink comp="2313" pin=1"/></net>

<net id="2323"><net_src comp="2313" pin="2"/><net_sink comp="2319" pin=0"/></net>

<net id="2324"><net_src comp="2069" pin="1"/><net_sink comp="2319" pin=1"/></net>

<net id="2328"><net_src comp="2319" pin="2"/><net_sink comp="2325" pin=0"/></net>

<net id="2333"><net_src comp="1893" pin="1"/><net_sink comp="2329" pin=0"/></net>

<net id="2334"><net_src comp="1877" pin="1"/><net_sink comp="2329" pin=1"/></net>

<net id="2339"><net_src comp="2329" pin="2"/><net_sink comp="2335" pin=0"/></net>

<net id="2340"><net_src comp="1861" pin="1"/><net_sink comp="2335" pin=1"/></net>

<net id="2344"><net_src comp="2335" pin="2"/><net_sink comp="2341" pin=0"/></net>

<net id="2349"><net_src comp="2341" pin="1"/><net_sink comp="2345" pin=0"/></net>

<net id="2350"><net_src comp="2325" pin="1"/><net_sink comp="2345" pin=1"/></net>

<net id="2354"><net_src comp="2345" pin="2"/><net_sink comp="2351" pin=0"/></net>

<net id="2359"><net_src comp="1941" pin="1"/><net_sink comp="2355" pin=0"/></net>

<net id="2360"><net_src comp="1925" pin="1"/><net_sink comp="2355" pin=1"/></net>

<net id="2365"><net_src comp="2355" pin="2"/><net_sink comp="2361" pin=0"/></net>

<net id="2366"><net_src comp="1909" pin="1"/><net_sink comp="2361" pin=1"/></net>

<net id="2370"><net_src comp="2361" pin="2"/><net_sink comp="2367" pin=0"/></net>

<net id="2375"><net_src comp="1957" pin="1"/><net_sink comp="2371" pin=0"/></net>

<net id="2376"><net_src comp="1989" pin="1"/><net_sink comp="2371" pin=1"/></net>

<net id="2380"><net_src comp="2371" pin="2"/><net_sink comp="2377" pin=0"/></net>

<net id="2385"><net_src comp="1973" pin="1"/><net_sink comp="2381" pin=0"/></net>

<net id="2386"><net_src comp="2213" pin="1"/><net_sink comp="2381" pin=1"/></net>

<net id="2390"><net_src comp="2381" pin="2"/><net_sink comp="2387" pin=0"/></net>

<net id="2395"><net_src comp="2387" pin="1"/><net_sink comp="2391" pin=0"/></net>

<net id="2396"><net_src comp="2377" pin="1"/><net_sink comp="2391" pin=1"/></net>

<net id="2401"><net_src comp="2391" pin="2"/><net_sink comp="2397" pin=0"/></net>

<net id="2402"><net_src comp="2367" pin="1"/><net_sink comp="2397" pin=1"/></net>

<net id="2406"><net_src comp="2397" pin="2"/><net_sink comp="2403" pin=0"/></net>

<net id="2411"><net_src comp="2403" pin="1"/><net_sink comp="2407" pin=0"/></net>

<net id="2412"><net_src comp="2351" pin="1"/><net_sink comp="2407" pin=1"/></net>

<net id="2416"><net_src comp="2407" pin="2"/><net_sink comp="2413" pin=0"/></net>

<net id="2421"><net_src comp="2413" pin="1"/><net_sink comp="2417" pin=0"/></net>

<net id="2422"><net_src comp="2307" pin="2"/><net_sink comp="2417" pin=1"/></net>

<net id="2427"><net_src comp="369" pin="1"/><net_sink comp="2423" pin=0"/></net>

<net id="2428"><net_src comp="10" pin="0"/><net_sink comp="2423" pin=1"/></net>

<net id="2433"><net_src comp="2423" pin="2"/><net_sink comp="2429" pin=0"/></net>

<net id="2434"><net_src comp="106" pin="0"/><net_sink comp="2429" pin=1"/></net>

<net id="2439"><net_src comp="2423" pin="2"/><net_sink comp="2435" pin=0"/></net>

<net id="2444"><net_src comp="375" pin="1"/><net_sink comp="2440" pin=0"/></net>

<net id="2445"><net_src comp="10" pin="0"/><net_sink comp="2440" pin=1"/></net>

<net id="2450"><net_src comp="2440" pin="2"/><net_sink comp="2446" pin=0"/></net>

<net id="2451"><net_src comp="178" pin="0"/><net_sink comp="2446" pin=1"/></net>

<net id="2457"><net_src comp="2446" pin="2"/><net_sink comp="2452" pin=0"/></net>

<net id="2458"><net_src comp="16" pin="0"/><net_sink comp="2452" pin=1"/></net>

<net id="2459"><net_src comp="2440" pin="2"/><net_sink comp="2452" pin=2"/></net>

<net id="2464"><net_src comp="2452" pin="3"/><net_sink comp="2460" pin=0"/></net>

<net id="2469"><net_src comp="16" pin="0"/><net_sink comp="2465" pin=0"/></net>

<net id="2474"><net_src comp="2417" pin="2"/><net_sink comp="2470" pin=0"/></net>

<net id="2479"><net_src comp="1611" pin="2"/><net_sink comp="2475" pin=0"/></net>

<net id="2484"><net_src comp="384" pin="2"/><net_sink comp="2480" pin=0"/></net>

<net id="2488"><net_src comp="2485" pin="1"/><net_sink comp="289" pin=2"/></net>

<net id="2489"><net_src comp="2485" pin="1"/><net_sink comp="302" pin=2"/></net>

<net id="2493"><net_src comp="296" pin="3"/><net_sink comp="2490" pin=0"/></net>

<net id="2498"><net_src comp="2490" pin="1"/><net_sink comp="2494" pin=1"/></net>

<net id="2503"><net_src comp="2494" pin="2"/><net_sink comp="2499" pin=0"/></net>

<net id="2504"><net_src comp="124" pin="0"/><net_sink comp="2499" pin=1"/></net>

<net id="2508"><net_src comp="309" pin="3"/><net_sink comp="2505" pin=0"/></net>

<net id="2513"><net_src comp="2505" pin="1"/><net_sink comp="2509" pin=1"/></net>

<net id="2518"><net_src comp="2509" pin="2"/><net_sink comp="2514" pin=0"/></net>

<net id="2519"><net_src comp="124" pin="0"/><net_sink comp="2514" pin=1"/></net>

<net id="2525"><net_src comp="182" pin="0"/><net_sink comp="2520" pin=0"/></net>

<net id="2526"><net_src comp="2514" pin="2"/><net_sink comp="2520" pin=1"/></net>

<net id="2527"><net_src comp="2499" pin="2"/><net_sink comp="2520" pin=2"/></net>

<net id="2531"><net_src comp="2520" pin="3"/><net_sink comp="2528" pin=0"/></net>

<net id="2532"><net_src comp="2528" pin="1"/><net_sink comp="282" pin=2"/></net>

<net id="2536"><net_src comp="186" pin="1"/><net_sink comp="2533" pin=0"/></net>

<net id="2537"><net_src comp="2533" pin="1"/><net_sink comp="364" pin=1"/></net>

<net id="2538"><net_src comp="2533" pin="1"/><net_sink comp="369" pin=0"/></net>

<net id="2539"><net_src comp="2533" pin="1"/><net_sink comp="2435" pin=1"/></net>

<net id="2540"><net_src comp="2533" pin="1"/><net_sink comp="2465" pin=1"/></net>

<net id="2544"><net_src comp="190" pin="1"/><net_sink comp="2541" pin=0"/></net>

<net id="2545"><net_src comp="2541" pin="1"/><net_sink comp="359" pin=1"/></net>

<net id="2546"><net_src comp="2541" pin="1"/><net_sink comp="372" pin=0"/></net>

<net id="2547"><net_src comp="2541" pin="1"/><net_sink comp="2480" pin=1"/></net>

<net id="2551"><net_src comp="194" pin="1"/><net_sink comp="2548" pin=0"/></net>

<net id="2552"><net_src comp="2548" pin="1"/><net_sink comp="591" pin=0"/></net>

<net id="2553"><net_src comp="2548" pin="1"/><net_sink comp="2475" pin=1"/></net>

<net id="2557"><net_src comp="198" pin="1"/><net_sink comp="2554" pin=0"/></net>

<net id="2558"><net_src comp="2554" pin="1"/><net_sink comp="594" pin=0"/></net>

<net id="2559"><net_src comp="2554" pin="1"/><net_sink comp="2470" pin=1"/></net>

<net id="2563"><net_src comp="202" pin="1"/><net_sink comp="2560" pin=0"/></net>

<net id="2564"><net_src comp="2560" pin="1"/><net_sink comp="396" pin=0"/></net>

<net id="2565"><net_src comp="2560" pin="1"/><net_sink comp="581" pin=1"/></net>

<net id="2569"><net_src comp="206" pin="1"/><net_sink comp="2566" pin=0"/></net>

<net id="2570"><net_src comp="2566" pin="1"/><net_sink comp="399" pin=0"/></net>

<net id="2571"><net_src comp="2566" pin="1"/><net_sink comp="576" pin=1"/></net>

<net id="2575"><net_src comp="210" pin="1"/><net_sink comp="2572" pin=0"/></net>

<net id="2576"><net_src comp="2572" pin="1"/><net_sink comp="402" pin=0"/></net>

<net id="2577"><net_src comp="2572" pin="1"/><net_sink comp="571" pin=1"/></net>

<net id="2581"><net_src comp="214" pin="1"/><net_sink comp="2578" pin=0"/></net>

<net id="2582"><net_src comp="2578" pin="1"/><net_sink comp="405" pin=0"/></net>

<net id="2583"><net_src comp="2578" pin="1"/><net_sink comp="566" pin=1"/></net>

<net id="2587"><net_src comp="218" pin="1"/><net_sink comp="2584" pin=0"/></net>

<net id="2588"><net_src comp="2584" pin="1"/><net_sink comp="408" pin=0"/></net>

<net id="2589"><net_src comp="2584" pin="1"/><net_sink comp="561" pin=1"/></net>

<net id="2593"><net_src comp="222" pin="1"/><net_sink comp="2590" pin=0"/></net>

<net id="2594"><net_src comp="2590" pin="1"/><net_sink comp="411" pin=0"/></net>

<net id="2595"><net_src comp="2590" pin="1"/><net_sink comp="556" pin=1"/></net>

<net id="2599"><net_src comp="226" pin="1"/><net_sink comp="2596" pin=0"/></net>

<net id="2600"><net_src comp="2596" pin="1"/><net_sink comp="414" pin=0"/></net>

<net id="2601"><net_src comp="2596" pin="1"/><net_sink comp="551" pin=1"/></net>

<net id="2605"><net_src comp="230" pin="1"/><net_sink comp="2602" pin=0"/></net>

<net id="2606"><net_src comp="2602" pin="1"/><net_sink comp="417" pin=0"/></net>

<net id="2607"><net_src comp="2602" pin="1"/><net_sink comp="546" pin=1"/></net>

<net id="2611"><net_src comp="234" pin="1"/><net_sink comp="2608" pin=0"/></net>

<net id="2612"><net_src comp="2608" pin="1"/><net_sink comp="420" pin=0"/></net>

<net id="2613"><net_src comp="2608" pin="1"/><net_sink comp="541" pin=1"/></net>

<net id="2617"><net_src comp="238" pin="1"/><net_sink comp="2614" pin=0"/></net>

<net id="2618"><net_src comp="2614" pin="1"/><net_sink comp="423" pin=0"/></net>

<net id="2619"><net_src comp="2614" pin="1"/><net_sink comp="536" pin=1"/></net>

<net id="2623"><net_src comp="242" pin="1"/><net_sink comp="2620" pin=0"/></net>

<net id="2624"><net_src comp="2620" pin="1"/><net_sink comp="426" pin=0"/></net>

<net id="2625"><net_src comp="2620" pin="1"/><net_sink comp="531" pin=1"/></net>

<net id="2629"><net_src comp="246" pin="1"/><net_sink comp="2626" pin=0"/></net>

<net id="2630"><net_src comp="2626" pin="1"/><net_sink comp="429" pin=0"/></net>

<net id="2631"><net_src comp="2626" pin="1"/><net_sink comp="526" pin=1"/></net>

<net id="2635"><net_src comp="250" pin="1"/><net_sink comp="2632" pin=0"/></net>

<net id="2636"><net_src comp="2632" pin="1"/><net_sink comp="432" pin=0"/></net>

<net id="2637"><net_src comp="2632" pin="1"/><net_sink comp="521" pin=1"/></net>

<net id="2641"><net_src comp="254" pin="1"/><net_sink comp="2638" pin=0"/></net>

<net id="2642"><net_src comp="2638" pin="1"/><net_sink comp="435" pin=0"/></net>

<net id="2643"><net_src comp="2638" pin="1"/><net_sink comp="516" pin=1"/></net>

<net id="2647"><net_src comp="258" pin="1"/><net_sink comp="2644" pin=0"/></net>

<net id="2648"><net_src comp="2644" pin="1"/><net_sink comp="438" pin=0"/></net>

<net id="2649"><net_src comp="2644" pin="1"/><net_sink comp="511" pin=1"/></net>

<net id="2653"><net_src comp="262" pin="1"/><net_sink comp="2650" pin=0"/></net>

<net id="2654"><net_src comp="2650" pin="1"/><net_sink comp="441" pin=0"/></net>

<net id="2655"><net_src comp="2650" pin="1"/><net_sink comp="586" pin=1"/></net>

<net id="2659"><net_src comp="266" pin="1"/><net_sink comp="2656" pin=0"/></net>

<net id="2660"><net_src comp="2656" pin="1"/><net_sink comp="354" pin=1"/></net>

<net id="2661"><net_src comp="2656" pin="1"/><net_sink comp="375" pin=0"/></net>

<net id="2662"><net_src comp="2656" pin="1"/><net_sink comp="2460" pin=1"/></net>

<net id="2666"><net_src comp="375" pin="1"/><net_sink comp="2663" pin=0"/></net>

<net id="2667"><net_src comp="2663" pin="1"/><net_sink comp="2485" pin=0"/></net>

<net id="2671"><net_src comp="378" pin="2"/><net_sink comp="2668" pin=0"/></net>

<net id="2675"><net_src comp="390" pin="2"/><net_sink comp="2672" pin=0"/></net>

<net id="2679"><net_src comp="507" pin="1"/><net_sink comp="2676" pin=0"/></net>

<net id="2683"><net_src comp="1611" pin="2"/><net_sink comp="2680" pin=0"/></net>

<net id="2684"><net_src comp="2680" pin="1"/><net_sink comp="2494" pin=0"/></net>

<net id="2688"><net_src comp="2417" pin="2"/><net_sink comp="2685" pin=0"/></net>

<net id="2689"><net_src comp="2685" pin="1"/><net_sink comp="2509" pin=0"/></net>

<net id="2693"><net_src comp="2429" pin="2"/><net_sink comp="2690" pin=0"/></net>

<net id="2697"><net_src comp="289" pin="3"/><net_sink comp="2694" pin=0"/></net>

<net id="2698"><net_src comp="2694" pin="1"/><net_sink comp="296" pin=0"/></net>

<net id="2702"><net_src comp="302" pin="3"/><net_sink comp="2699" pin=0"/></net>

<net id="2703"><net_src comp="2699" pin="1"/><net_sink comp="309" pin=0"/></net>

</net_list>

</model> 
---------------- Datapath Model END ------------------

* FSMD analyzer results:
  - Output states:
	Port: in0_V | {}
	Port: out0_V | {3 }
	Port: in1_V | {}
	Port: p_ZL7threshs_0 | {}
	Port: p_ZL7threshs_1 | {}
 - Input state : 
	Port: Matrix_Vector_Activate_Stream_Batch : in0_V | {1 }
	Port: Matrix_Vector_Activate_Stream_Batch : out0_V | {}
	Port: Matrix_Vector_Activate_Stream_Batch : in1_V | {1 }
	Port: Matrix_Vector_Activate_Stream_Batch : p_ZL7threshs_0 | {2 3 }
	Port: Matrix_Vector_Activate_Stream_Batch : p_ZL7threshs_1 | {2 3 }
  - Chain level:
	State 1
		store_ln249 : 1
		store_ln249 : 1
		store_ln249 : 1
		sf_1 : 1
		i_1 : 1
		nf_2 : 1
		icmp_ln249 : 2
		i_2 : 2
		br_ln249 : 3
		icmp_ln253 : 2
		br_ln253 : 3
		inputBuf_V_load : 1
		inputBuf_V_1_load : 1
		inputBuf_V_2_load : 1
		inputBuf_V_3_load : 1
		inputBuf_V_4_load : 1
		inputBuf_V_5_load : 1
		inputBuf_V_6_load : 1
		inputBuf_V_7_load : 1
		inputBuf_V_8_load : 1
		inputBuf_V_9_load : 1
		inputBuf_V_10_load : 1
		inputBuf_V_11_load : 1
		inputBuf_V_12_load : 1
		inputBuf_V_13_load : 1
		inputBuf_V_14_load : 1
		inputBuf_V_15_load : 1
		trunc_ln261 : 2
		tmp : 3
		trunc_ln257 : 2
		switch_ln257 : 3
		store_ln257 : 1
		store_ln257 : 1
		store_ln257 : 1
		store_ln257 : 1
		store_ln257 : 1
		store_ln257 : 1
		store_ln257 : 1
		store_ln257 : 1
		store_ln257 : 1
		store_ln257 : 1
		store_ln257 : 1
		store_ln257 : 1
		store_ln257 : 1
		store_ln257 : 1
		store_ln257 : 1
		store_ln257 : 1
		inElem_1 : 4
		add_i_i_i3_24134_load : 1
		add_i_i_i3_1_24136_load : 1
		p_Result_s : 5
		icmp_ln272 : 2
		select_ln272 : 3
		select_ln272_1 : 3
		xor_ln1019 : 1
		xor_ln1019_1 : 6
		zext_ln780 : 6
		p_Result_1 : 5
		xor_ln1019_2 : 1
		xor_ln1019_3 : 6
		zext_ln780_1 : 6
		p_Result_2 : 5
		xor_ln1019_4 : 6
		xor_ln1019_5 : 6
		zext_ln780_2 : 6
		p_Result_3 : 5
		xor_ln1019_6 : 1
		xor_ln1019_7 : 6
		zext_ln780_3 : 6
		p_Result_4 : 5
		xor_ln1019_8 : 1
		xor_ln1019_9 : 6
		zext_ln780_4 : 6
		p_Result_5 : 5
		xor_ln1019_10 : 6
		xor_ln1019_11 : 6
		zext_ln780_5 : 6
		p_Result_6 : 5
		xor_ln1019_12 : 1
		xor_ln1019_13 : 6
		zext_ln780_6 : 6
		p_Result_7 : 5
		xor_ln1019_14 : 6
		xor_ln1019_15 : 6
		zext_ln780_7 : 6
		p_Result_8 : 5
		xor_ln1019_16 : 6
		xor_ln1019_17 : 6
		zext_ln780_8 : 6
		p_Result_9 : 5
		xor_ln1019_18 : 6
		xor_ln1019_19 : 6
		zext_ln780_9 : 6
		p_Result_10 : 5
		xor_ln1019_20 : 6
		xor_ln1019_21 : 6
		zext_ln780_10 : 6
		p_Result_11 : 5
		xor_ln1019_22 : 6
		xor_ln1019_23 : 6
		zext_ln780_11 : 6
		p_Result_12 : 5
		xor_ln1019_24 : 6
		xor_ln1019_25 : 6
		zext_ln780_12 : 6
		p_Result_13 : 5
		xor_ln1019_26 : 6
		xor_ln1019_27 : 6
		zext_ln780_13 : 6
		p_Result_14 : 5
		xor_ln1019_28 : 6
		xor_ln1019_29 : 6
		zext_ln780_14 : 6
		p_Result_15 : 5
		xor_ln1019_30 : 6
		xor_ln1019_31 : 6
		zext_ln780_15 : 6
		p_Result_16 : 5
		xor_ln1019_32 : 6
		xor_ln1019_33 : 6
		zext_ln780_16 : 6
		p_Result_17 : 5
		xor_ln1019_34 : 6
		xor_ln1019_35 : 6
		zext_ln780_17 : 6
		p_Result_18 : 5
		xor_ln1019_36 : 6
		xor_ln1019_37 : 6
		zext_ln780_18 : 6
		p_Result_19 : 5
		xor_ln1019_38 : 6
		xor_ln1019_39 : 6
		zext_ln780_19 : 6
		p_Result_20 : 5
		xor_ln1019_40 : 6
		xor_ln1019_41 : 6
		zext_ln780_20 : 6
		p_Result_21 : 5
		xor_ln1019_42 : 6
		xor_ln1019_43 : 6
		zext_ln780_21 : 6
		p_Result_22 : 5
		xor_ln1019_44 : 6
		xor_ln1019_45 : 6
		zext_ln780_22 : 6
		p_Result_23 : 5
		xor_ln1019_46 : 6
		xor_ln1019_47 : 6
		zext_ln780_23 : 6
		p_Result_24 : 5
		xor_ln1019_48 : 6
		xor_ln1019_49 : 6
		zext_ln840 : 6
		add_ln840 : 7
		zext_ln840_1 : 8
		add_ln840_1 : 9
		add_ln840_2 : 7
		add_ln840_3 : 8
		zext_ln840_2 : 9
		add_ln840_4 : 10
		add_ln840_5 : 7
		add_ln840_6 : 8
		zext_ln840_3 : 9
		add_ln840_7 : 7
		zext_ln840_4 : 8
		add_ln840_8 : 7
		zext_ln840_5 : 8
		add_ln840_9 : 9
		add_ln840_10 : 10
		zext_ln840_6 : 11
		add_ln840_11 : 12
		add_ln840_12 : 7
		add_ln840_13 : 7
		zext_ln840_7 : 8
		add_ln840_14 : 7
		add_ln840_15 : 8
		zext_ln840_8 : 9
		add_ln840_16 : 9
		zext_ln840_9 : 10
		add_ln840_17 : 7
		add_ln840_18 : 8
		zext_ln840_10 : 9
		add_ln840_19 : 7
		zext_ln840_11 : 8
		add_ln840_20 : 7
		zext_ln840_12 : 8
		add_ln840_21 : 9
		add_ln840_22 : 10
		zext_ln840_13 : 11
		add_ln840_23 : 12
		zext_ln840_14 : 13
		add_ln840_24 : 14
		xor_ln1019_50 : 1
		xor_ln1019_51 : 6
		zext_ln1019 : 6
		xor_ln1019_52 : 1
		xor_ln1019_53 : 6
		zext_ln1019_1 : 6
		xor_ln1019_54 : 6
		xor_ln1019_55 : 6
		zext_ln1019_2 : 6
		xor_ln1019_56 : 1
		xor_ln1019_57 : 6
		zext_ln1019_3 : 6
		xor_ln1019_58 : 1
		xor_ln1019_59 : 6
		zext_ln1019_4 : 6
		xor_ln1019_60 : 6
		xor_ln1019_61 : 6
		zext_ln1019_5 : 6
		xor_ln1019_62 : 1
		xor_ln1019_63 : 6
		zext_ln1019_6 : 6
		xor_ln1019_64 : 6
		xor_ln1019_65 : 6
		zext_ln1019_7 : 6
		xor_ln1019_66 : 6
		xor_ln1019_67 : 6
		zext_ln1019_8 : 6
		xor_ln1019_68 : 6
		xor_ln1019_69 : 6
		zext_ln1019_9 : 6
		xor_ln1019_70 : 6
		xor_ln1019_71 : 6
		zext_ln1019_10 : 6
		xor_ln1019_72 : 6
		xor_ln1019_73 : 6
		zext_ln1019_11 : 6
		xor_ln1019_74 : 6
		xor_ln1019_75 : 6
		zext_ln1019_12 : 6
		xor_ln1019_76 : 6
		xor_ln1019_77 : 6
		zext_ln1019_13 : 6
		xor_ln1019_78 : 6
		xor_ln1019_79 : 6
		zext_ln1019_14 : 6
		xor_ln1019_80 : 6
		xor_ln1019_81 : 6
		zext_ln1019_15 : 6
		xor_ln1019_82 : 6
		xor_ln1019_83 : 6
		zext_ln1019_16 : 6
		xor_ln1019_84 : 6
		xor_ln1019_85 : 6
		zext_ln1019_17 : 6
		xor_ln1019_86 : 6
		xor_ln1019_87 : 6
		zext_ln1019_18 : 6
		xor_ln1019_88 : 6
		xor_ln1019_89 : 6
		zext_ln1019_19 : 6
		xor_ln1019_90 : 6
		xor_ln1019_91 : 6
		zext_ln1019_20 : 6
		xor_ln1019_92 : 6
		xor_ln1019_93 : 6
		zext_ln1019_21 : 6
		xor_ln1019_94 : 6
		xor_ln1019_95 : 6
		zext_ln1019_22 : 6
		xor_ln1019_96 : 6
		xor_ln1019_97 : 6
		zext_ln1019_23 : 6
		xor_ln1019_98 : 6
		xor_ln1019_99 : 6
		zext_ln840_15 : 6
		add_ln840_25 : 7
		zext_ln840_16 : 8
		add_ln840_26 : 9
		add_ln840_27 : 7
		add_ln840_28 : 8
		zext_ln840_17 : 9
		add_ln840_29 : 10
		add_ln840_30 : 7
		add_ln840_31 : 8
		zext_ln840_18 : 9
		add_ln840_32 : 7
		zext_ln840_19 : 8
		add_ln840_33 : 7
		zext_ln840_20 : 8
		add_ln840_34 : 9
		add_ln840_35 : 10
		zext_ln840_21 : 11
		add_ln840_36 : 12
		add_ln840_37 : 7
		add_ln840_38 : 7
		zext_ln840_22 : 8
		add_ln840_39 : 7
		add_ln840_40 : 8
		zext_ln840_23 : 9
		add_ln840_41 : 9
		zext_ln840_24 : 10
		add_ln840_42 : 7
		add_ln840_43 : 8
		zext_ln840_25 : 9
		add_ln840_44 : 7
		zext_ln840_26 : 8
		add_ln840_45 : 7
		zext_ln840_27 : 8
		add_ln840_46 : 9
		add_ln840_47 : 10
		zext_ln840_28 : 11
		add_ln840_48 : 12
		zext_ln840_29 : 13
		add_ln840_49 : 14
		sf_2 : 2
		icmp_ln290 : 3
		br_ln290 : 4
		store_ln290 : 3
		nf : 2
		icmp_ln302 : 3
		nf_3 : 4
		store_ln306 : 5
		store_ln306 : 1
		store_ln249 : 15
		store_ln249 : 15
		store_ln249 : 3
	State 2
		p_ZL7threshs_0_addr : 1
		p_ZL7threshs_0_load : 2
		p_ZL7threshs_1_addr : 1
		p_ZL7threshs_1_load : 2
	State 3
		zext_ln1039 : 1
		icmp_ln1039 : 2
		result_V : 3
		zext_ln1039_1 : 1
		icmp_ln1039_1 : 2
		result_V_1 : 3
		p_Result_26 : 3
		zext_ln298 : 4
		write_ln298 : 5


============================================================
+ Verbose Summary: Datapath Resource usage 
============================================================

* Functional unit list:
|----------|--------------------------|---------|---------|
| Operation|      Functional Unit     |    FF   |   LUT   |
|----------|--------------------------|---------|---------|
|          |        i_2_fu_384        |    0    |    17   |
|          |     add_ln840_fu_1411    |    0    |    9    |
|          |    add_ln840_1_fu_1421   |    0    |    18   |
|          |    add_ln840_2_fu_1427   |    0    |    2    |
|          |    add_ln840_3_fu_1433   |    0    |    2    |
|          |    add_ln840_4_fu_1443   |    0    |    18   |
|          |    add_ln840_5_fu_1449   |    0    |    2    |
|          |    add_ln840_6_fu_1455   |    0    |    2    |
|          |    add_ln840_7_fu_1465   |    0    |    9    |
|          |    add_ln840_8_fu_1475   |    0    |    9    |
|          |    add_ln840_9_fu_1485   |    0    |    2    |
|          |   add_ln840_10_fu_1491   |    0    |    4    |
|          |   add_ln840_11_fu_1501   |    0    |    18   |
|          |   add_ln840_12_fu_1507   |    0    |    2    |
|          |   add_ln840_13_fu_1513   |    0    |    2    |
|          |   add_ln840_14_fu_1523   |    0    |    2    |
|          |   add_ln840_15_fu_1529   |    0    |    2    |
|          |   add_ln840_16_fu_1539   |    0    |    9    |
|          |   add_ln840_17_fu_1549   |    0    |    2    |
|          |   add_ln840_18_fu_1555   |    0    |    2    |
|          |   add_ln840_19_fu_1565   |    0    |    9    |
|          |   add_ln840_20_fu_1575   |    0    |    9    |
|          |   add_ln840_21_fu_1585   |    0    |    2    |
|          |   add_ln840_22_fu_1591   |    0    |    4    |
|          |   add_ln840_23_fu_1601   |    0    |    10   |
|          |   add_ln840_24_fu_1611   |    0    |    18   |
|    add   |   add_ln840_25_fu_2217   |    0    |    9    |
|          |   add_ln840_26_fu_2227   |    0    |    18   |
|          |   add_ln840_27_fu_2233   |    0    |    2    |
|          |   add_ln840_28_fu_2239   |    0    |    2    |
|          |   add_ln840_29_fu_2249   |    0    |    18   |
|          |   add_ln840_30_fu_2255   |    0    |    2    |
|          |   add_ln840_31_fu_2261   |    0    |    2    |
|          |   add_ln840_32_fu_2271   |    0    |    9    |
|          |   add_ln840_33_fu_2281   |    0    |    9    |
|          |   add_ln840_34_fu_2291   |    0    |    2    |
|          |   add_ln840_35_fu_2297   |    0    |    4    |
|          |   add_ln840_36_fu_2307   |    0    |    18   |
|          |   add_ln840_37_fu_2313   |    0    |    2    |
|          |   add_ln840_38_fu_2319   |    0    |    2    |
|          |   add_ln840_39_fu_2329   |    0    |    2    |
|          |   add_ln840_40_fu_2335   |    0    |    2    |
|          |   add_ln840_41_fu_2345   |    0    |    9    |
|          |   add_ln840_42_fu_2355   |    0    |    2    |
|          |   add_ln840_43_fu_2361   |    0    |    2    |
|          |   add_ln840_44_fu_2371   |    0    |    9    |
|          |   add_ln840_45_fu_2381   |    0    |    9    |
|          |   add_ln840_46_fu_2391   |    0    |    2    |
|          |   add_ln840_47_fu_2397   |    0    |    4    |
|          |   add_ln840_48_fu_2407   |    0    |    10   |
|          |   add_ln840_49_fu_2417   |    0    |    18   |
|          |       sf_2_fu_2423       |    0    |    39   |
|          |        nf_fu_2440        |    0    |    39   |
|----------|--------------------------|---------|---------|
|          |     xor_ln1019_fu_819    |    0    |    2    |
|          |    xor_ln1019_1_fu_825   |    0    |    2    |
|          |    xor_ln1019_2_fu_843   |    0    |    2    |
|          |    xor_ln1019_3_fu_849   |    0    |    2    |
|          |    xor_ln1019_4_fu_867   |    0    |    2    |
|          |    xor_ln1019_5_fu_873   |    0    |    2    |
|          |    xor_ln1019_6_fu_891   |    0    |    2    |
|          |    xor_ln1019_7_fu_897   |    0    |    2    |
|          |    xor_ln1019_8_fu_915   |    0    |    2    |
|          |    xor_ln1019_9_fu_921   |    0    |    2    |
|          |   xor_ln1019_10_fu_939   |    0    |    2    |
|          |   xor_ln1019_11_fu_945   |    0    |    2    |
|          |   xor_ln1019_12_fu_963   |    0    |    2    |
|          |   xor_ln1019_13_fu_969   |    0    |    2    |
|          |   xor_ln1019_14_fu_987   |    0    |    2    |
|          |   xor_ln1019_15_fu_993   |    0    |    2    |
|          |   xor_ln1019_16_fu_1011  |    0    |    2    |
|          |   xor_ln1019_17_fu_1017  |    0    |    2    |
|          |   xor_ln1019_18_fu_1035  |    0    |    2    |
|          |   xor_ln1019_19_fu_1041  |    0    |    2    |
|          |   xor_ln1019_20_fu_1059  |    0    |    2    |
|          |   xor_ln1019_21_fu_1065  |    0    |    2    |
|          |   xor_ln1019_22_fu_1083  |    0    |    2    |
|          |   xor_ln1019_23_fu_1089  |    0    |    2    |
|          |   xor_ln1019_24_fu_1107  |    0    |    2    |
|          |   xor_ln1019_25_fu_1113  |    0    |    2    |
|          |   xor_ln1019_26_fu_1131  |    0    |    2    |
|          |   xor_ln1019_27_fu_1137  |    0    |    2    |
|          |   xor_ln1019_28_fu_1155  |    0    |    2    |
|          |   xor_ln1019_29_fu_1161  |    0    |    2    |
|          |   xor_ln1019_30_fu_1179  |    0    |    2    |
|          |   xor_ln1019_31_fu_1185  |    0    |    2    |
|          |   xor_ln1019_32_fu_1203  |    0    |    2    |
|          |   xor_ln1019_33_fu_1209  |    0    |    2    |
|          |   xor_ln1019_34_fu_1227  |    0    |    2    |
|          |   xor_ln1019_35_fu_1233  |    0    |    2    |
|          |   xor_ln1019_36_fu_1251  |    0    |    2    |
|          |   xor_ln1019_37_fu_1257  |    0    |    2    |
|          |   xor_ln1019_38_fu_1275  |    0    |    2    |
|          |   xor_ln1019_39_fu_1281  |    0    |    2    |
|          |   xor_ln1019_40_fu_1299  |    0    |    2    |
|          |   xor_ln1019_41_fu_1305  |    0    |    2    |
|          |   xor_ln1019_42_fu_1323  |    0    |    2    |
|          |   xor_ln1019_43_fu_1329  |    0    |    2    |
|          |   xor_ln1019_44_fu_1347  |    0    |    2    |
|          |   xor_ln1019_45_fu_1353  |    0    |    2    |
|          |   xor_ln1019_46_fu_1371  |    0    |    2    |
|          |   xor_ln1019_47_fu_1377  |    0    |    2    |
|          |   xor_ln1019_48_fu_1395  |    0    |    2    |
|          |   xor_ln1019_49_fu_1401  |    0    |    2    |
|    xor   |   xor_ln1019_50_fu_1817  |    0    |    2    |
|          |   xor_ln1019_51_fu_1823  |    0    |    2    |
|          |   xor_ln1019_52_fu_1833  |    0    |    2    |
|          |   xor_ln1019_53_fu_1839  |    0    |    2    |
|          |   xor_ln1019_54_fu_1849  |    0    |    2    |
|          |   xor_ln1019_55_fu_1855  |    0    |    2    |
|          |   xor_ln1019_56_fu_1865  |    0    |    2    |
|          |   xor_ln1019_57_fu_1871  |    0    |    2    |
|          |   xor_ln1019_58_fu_1881  |    0    |    2    |
|          |   xor_ln1019_59_fu_1887  |    0    |    2    |
|          |   xor_ln1019_60_fu_1897  |    0    |    2    |
|          |   xor_ln1019_61_fu_1903  |    0    |    2    |
|          |   xor_ln1019_62_fu_1913  |    0    |    2    |
|          |   xor_ln1019_63_fu_1919  |    0    |    2    |
|          |   xor_ln1019_64_fu_1929  |    0    |    2    |
|          |   xor_ln1019_65_fu_1935  |    0    |    2    |
|          |   xor_ln1019_66_fu_1945  |    0    |    2    |
|          |   xor_ln1019_67_fu_1951  |    0    |    2    |
|          |   xor_ln1019_68_fu_1961  |    0    |    2    |
|          |   xor_ln1019_69_fu_1967  |    0    |    2    |
|          |   xor_ln1019_70_fu_1977  |    0    |    2    |
|          |   xor_ln1019_71_fu_1983  |    0    |    2    |
|          |   xor_ln1019_72_fu_1993  |    0    |    2    |
|          |   xor_ln1019_73_fu_1999  |    0    |    2    |
|          |   xor_ln1019_74_fu_2009  |    0    |    2    |
|          |   xor_ln1019_75_fu_2015  |    0    |    2    |
|          |   xor_ln1019_76_fu_2025  |    0    |    2    |
|          |   xor_ln1019_77_fu_2031  |    0    |    2    |
|          |   xor_ln1019_78_fu_2041  |    0    |    2    |
|          |   xor_ln1019_79_fu_2047  |    0    |    2    |
|          |   xor_ln1019_80_fu_2057  |    0    |    2    |
|          |   xor_ln1019_81_fu_2063  |    0    |    2    |
|          |   xor_ln1019_82_fu_2073  |    0    |    2    |
|          |   xor_ln1019_83_fu_2079  |    0    |    2    |
|          |   xor_ln1019_84_fu_2089  |    0    |    2    |
|          |   xor_ln1019_85_fu_2095  |    0    |    2    |
|          |   xor_ln1019_86_fu_2105  |    0    |    2    |
|          |   xor_ln1019_87_fu_2111  |    0    |    2    |
|          |   xor_ln1019_88_fu_2121  |    0    |    2    |
|          |   xor_ln1019_89_fu_2127  |    0    |    2    |
|          |   xor_ln1019_90_fu_2137  |    0    |    2    |
|          |   xor_ln1019_91_fu_2143  |    0    |    2    |
|          |   xor_ln1019_92_fu_2153  |    0    |    2    |
|          |   xor_ln1019_93_fu_2159  |    0    |    2    |
|          |   xor_ln1019_94_fu_2169  |    0    |    2    |
|          |   xor_ln1019_95_fu_2175  |    0    |    2    |
|          |   xor_ln1019_96_fu_2185  |    0    |    2    |
|          |   xor_ln1019_97_fu_2191  |    0    |    2    |
|          |   xor_ln1019_98_fu_2201  |    0    |    2    |
|          |   xor_ln1019_99_fu_2207  |    0    |    2    |
|          |     result_V_fu_2499     |    0    |    2    |
|          |    result_V_1_fu_2514    |    0    |    2    |
|----------|--------------------------|---------|---------|
|          |     icmp_ln249_fu_378    |    0    |    11   |
|          |     icmp_ln253_fu_390    |    0    |    20   |
|          |     icmp_ln272_fu_601    |    0    |    20   |
|   icmp   |    icmp_ln290_fu_2429    |    0    |    20   |
|          |    icmp_ln302_fu_2446    |    0    |    20   |
|          |    icmp_ln1039_fu_2494   |    0    |    11   |
|          |   icmp_ln1039_1_fu_2509  |    0    |    11   |
|----------|--------------------------|---------|---------|
|    mux   |        tmp_fu_448        |    0    |    65   |
|----------|--------------------------|---------|---------|
|          |    select_ln272_fu_607   |    0    |    10   |
|  select  |   select_ln272_1_fu_615  |    0    |    10   |
|          |       nf_3_fu_2452       |    0    |    32   |
|----------|--------------------------|---------|---------|
|   read   |  in0_V_read_read_fu_270  |    0    |    0    |
|          |  in1_V_read_read_fu_276  |    0    |    0    |
|----------|--------------------------|---------|---------|
|   write  | write_ln298_write_fu_282 |    0    |    0    |
|----------|--------------------------|---------|---------|
|          |    trunc_ln261_fu_444    |    0    |    0    |
|          |       inElem_fu_487      |    0    |    0    |
|   trunc  |    trunc_ln257_fu_507    |    0    |    0    |
|          |     p_Result_s_fu_597    |    0    |    0    |
|          |    local_temp_V_fu_623   |    0    |    0    |
|----------|--------------------------|---------|---------|
|          |   local_temp_V_1_fu_627  |    0    |    0    |
|          |   local_temp_V_2_fu_635  |    0    |    0    |
|          |   local_temp_V_3_fu_643  |    0    |    0    |
|          |   local_temp_V_4_fu_651  |    0    |    0    |
|          |   local_temp_V_5_fu_659  |    0    |    0    |
|          |   local_temp_V_6_fu_667  |    0    |    0    |
|          |   local_temp_V_7_fu_675  |    0    |    0    |
|          |   local_temp_V_8_fu_683  |    0    |    0    |
|          |   local_temp_V_9_fu_691  |    0    |    0    |
|          |  local_temp_V_10_fu_699  |    0    |    0    |
|          |  local_temp_V_11_fu_707  |    0    |    0    |
|          |  local_temp_V_12_fu_715  |    0    |    0    |
|          |  local_temp_V_13_fu_723  |    0    |    0    |
|          |  local_temp_V_14_fu_731  |    0    |    0    |
|          |  local_temp_V_15_fu_739  |    0    |    0    |
|          |  local_temp_V_16_fu_747  |    0    |    0    |
|          |  local_temp_V_17_fu_755  |    0    |    0    |
|          |  local_temp_V_18_fu_763  |    0    |    0    |
|          |  local_temp_V_19_fu_771  |    0    |    0    |
|          |  local_temp_V_20_fu_779  |    0    |    0    |
|          |  local_temp_V_21_fu_787  |    0    |    0    |
|          |  local_temp_V_22_fu_795  |    0    |    0    |
|          |  local_temp_V_23_fu_803  |    0    |    0    |
|          |  local_temp_V_24_fu_811  |    0    |    0    |
|          |     p_Result_1_fu_835    |    0    |    0    |
|          |     p_Result_2_fu_859    |    0    |    0    |
|          |     p_Result_3_fu_883    |    0    |    0    |
|          |     p_Result_4_fu_907    |    0    |    0    |
|          |     p_Result_5_fu_931    |    0    |    0    |
|          |     p_Result_6_fu_955    |    0    |    0    |
|          |     p_Result_7_fu_979    |    0    |    0    |
|          |    p_Result_8_fu_1003    |    0    |    0    |
|          |    p_Result_9_fu_1027    |    0    |    0    |
|          |    p_Result_10_fu_1051   |    0    |    0    |
|          |    p_Result_11_fu_1075   |    0    |    0    |
|          |    p_Result_12_fu_1099   |    0    |    0    |
| bitselect|    p_Result_13_fu_1123   |    0    |    0    |
|          |    p_Result_14_fu_1147   |    0    |    0    |
|          |    p_Result_15_fu_1171   |    0    |    0    |
|          |    p_Result_16_fu_1195   |    0    |    0    |
|          |    p_Result_17_fu_1219   |    0    |    0    |
|          |    p_Result_18_fu_1243   |    0    |    0    |
|          |    p_Result_19_fu_1267   |    0    |    0    |
|          |    p_Result_20_fu_1291   |    0    |    0    |
|          |    p_Result_21_fu_1315   |    0    |    0    |
|          |    p_Result_22_fu_1339   |    0    |    0    |
|          |    p_Result_23_fu_1363   |    0    |    0    |
|          |    p_Result_24_fu_1387   |    0    |    0    |
|          |  local_temp_V_25_fu_1617 |    0    |    0    |
|          |  local_temp_V_26_fu_1625 |    0    |    0    |
|          |  local_temp_V_27_fu_1633 |    0    |    0    |
|          |  local_temp_V_28_fu_1641 |    0    |    0    |
|          |  local_temp_V_29_fu_1649 |    0    |    0    |
|          |  local_temp_V_30_fu_1657 |    0    |    0    |
|          |  local_temp_V_31_fu_1665 |    0    |    0    |
|          |  local_temp_V_32_fu_1673 |    0    |    0    |
|          |  local_temp_V_33_fu_1681 |    0    |    0    |
|          |  local_temp_V_34_fu_1689 |    0    |    0    |
|          |  local_temp_V_35_fu_1697 |    0    |    0    |
|          |  local_temp_V_36_fu_1705 |    0    |    0    |
|          |  local_temp_V_37_fu_1713 |    0    |    0    |
|          |  local_temp_V_38_fu_1721 |    0    |    0    |
|          |  local_temp_V_39_fu_1729 |    0    |    0    |
|          |  local_temp_V_40_fu_1737 |    0    |    0    |
|          |  local_temp_V_41_fu_1745 |    0    |    0    |
|          |  local_temp_V_42_fu_1753 |    0    |    0    |
|          |  local_temp_V_43_fu_1761 |    0    |    0    |
|          |  local_temp_V_44_fu_1769 |    0    |    0    |
|          |  local_temp_V_45_fu_1777 |    0    |    0    |
|          |  local_temp_V_46_fu_1785 |    0    |    0    |
|          |  local_temp_V_47_fu_1793 |    0    |    0    |
|          |  local_temp_V_48_fu_1801 |    0    |    0    |
|          |  local_temp_V_49_fu_1809 |    0    |    0    |
|----------|--------------------------|---------|---------|
|          |     zext_ln780_fu_831    |    0    |    0    |
|          |    zext_ln780_1_fu_855   |    0    |    0    |
|          |    zext_ln780_2_fu_879   |    0    |    0    |
|          |    zext_ln780_3_fu_903   |    0    |    0    |
|          |    zext_ln780_4_fu_927   |    0    |    0    |
|          |    zext_ln780_5_fu_951   |    0    |    0    |
|          |    zext_ln780_6_fu_975   |    0    |    0    |
|          |    zext_ln780_7_fu_999   |    0    |    0    |
|          |   zext_ln780_8_fu_1023   |    0    |    0    |
|          |   zext_ln780_9_fu_1047   |    0    |    0    |
|          |   zext_ln780_10_fu_1071  |    0    |    0    |
|          |   zext_ln780_11_fu_1095  |    0    |    0    |
|          |   zext_ln780_12_fu_1119  |    0    |    0    |
|          |   zext_ln780_13_fu_1143  |    0    |    0    |
|          |   zext_ln780_14_fu_1167  |    0    |    0    |
|          |   zext_ln780_15_fu_1191  |    0    |    0    |
|          |   zext_ln780_16_fu_1215  |    0    |    0    |
|          |   zext_ln780_17_fu_1239  |    0    |    0    |
|          |   zext_ln780_18_fu_1263  |    0    |    0    |
|          |   zext_ln780_19_fu_1287  |    0    |    0    |
|          |   zext_ln780_20_fu_1311  |    0    |    0    |
|          |   zext_ln780_21_fu_1335  |    0    |    0    |
|          |   zext_ln780_22_fu_1359  |    0    |    0    |
|          |   zext_ln780_23_fu_1383  |    0    |    0    |
|          |    zext_ln840_fu_1407    |    0    |    0    |
|          |   zext_ln840_1_fu_1417   |    0    |    0    |
|          |   zext_ln840_2_fu_1439   |    0    |    0    |
|          |   zext_ln840_3_fu_1461   |    0    |    0    |
|          |   zext_ln840_4_fu_1471   |    0    |    0    |
|          |   zext_ln840_5_fu_1481   |    0    |    0    |
|          |   zext_ln840_6_fu_1497   |    0    |    0    |
|          |   zext_ln840_7_fu_1519   |    0    |    0    |
|          |   zext_ln840_8_fu_1535   |    0    |    0    |
|          |   zext_ln840_9_fu_1545   |    0    |    0    |
|          |   zext_ln840_10_fu_1561  |    0    |    0    |
|          |   zext_ln840_11_fu_1571  |    0    |    0    |
|          |   zext_ln840_12_fu_1581  |    0    |    0    |
|          |   zext_ln840_13_fu_1597  |    0    |    0    |
|          |   zext_ln840_14_fu_1607  |    0    |    0    |
|          |    zext_ln1019_fu_1829   |    0    |    0    |
|   zext   |   zext_ln1019_1_fu_1845  |    0    |    0    |
|          |   zext_ln1019_2_fu_1861  |    0    |    0    |
|          |   zext_ln1019_3_fu_1877  |    0    |    0    |
|          |   zext_ln1019_4_fu_1893  |    0    |    0    |
|          |   zext_ln1019_5_fu_1909  |    0    |    0    |
|          |   zext_ln1019_6_fu_1925  |    0    |    0    |
|          |   zext_ln1019_7_fu_1941  |    0    |    0    |
|          |   zext_ln1019_8_fu_1957  |    0    |    0    |
|          |   zext_ln1019_9_fu_1973  |    0    |    0    |
|          |  zext_ln1019_10_fu_1989  |    0    |    0    |
|          |  zext_ln1019_11_fu_2005  |    0    |    0    |
|          |  zext_ln1019_12_fu_2021  |    0    |    0    |
|          |  zext_ln1019_13_fu_2037  |    0    |    0    |
|          |  zext_ln1019_14_fu_2053  |    0    |    0    |
|          |  zext_ln1019_15_fu_2069  |    0    |    0    |
|          |  zext_ln1019_16_fu_2085  |    0    |    0    |
|          |  zext_ln1019_17_fu_2101  |    0    |    0    |
|          |  zext_ln1019_18_fu_2117  |    0    |    0    |
|          |  zext_ln1019_19_fu_2133  |    0    |    0    |
|          |  zext_ln1019_20_fu_2149  |    0    |    0    |
|          |  zext_ln1019_21_fu_2165  |    0    |    0    |
|          |  zext_ln1019_22_fu_2181  |    0    |    0    |
|          |  zext_ln1019_23_fu_2197  |    0    |    0    |
|          |   zext_ln840_15_fu_2213  |    0    |    0    |
|          |   zext_ln840_16_fu_2223  |    0    |    0    |
|          |   zext_ln840_17_fu_2245  |    0    |    0    |
|          |   zext_ln840_18_fu_2267  |    0    |    0    |
|          |   zext_ln840_19_fu_2277  |    0    |    0    |
|          |   zext_ln840_20_fu_2287  |    0    |    0    |
|          |   zext_ln840_21_fu_2303  |    0    |    0    |
|          |   zext_ln840_22_fu_2325  |    0    |    0    |
|          |   zext_ln840_23_fu_2341  |    0    |    0    |
|          |   zext_ln840_24_fu_2351  |    0    |    0    |
|          |   zext_ln840_25_fu_2367  |    0    |    0    |
|          |   zext_ln840_26_fu_2377  |    0    |    0    |
|          |   zext_ln840_27_fu_2387  |    0    |    0    |
|          |   zext_ln840_28_fu_2403  |    0    |    0    |
|          |   zext_ln840_29_fu_2413  |    0    |    0    |
|          |    idxprom2_i_fu_2485    |    0    |    0    |
|          |    zext_ln1039_fu_2490   |    0    |    0    |
|          |   zext_ln1039_1_fu_2505  |    0    |    0    |
|          |    zext_ln298_fu_2528    |    0    |    0    |
|----------|--------------------------|---------|---------|
|bitconcatenate|    p_Result_26_fu_2520   |    0    |    0    |
|----------|--------------------------|---------|---------|
|   Total  |                          |    0    |   865   |
|----------|--------------------------|---------|---------|

Memories:
N/A

* Register list:
+----------------------------+--------+
|                            |   FF   |
+----------------------------+--------+
| add_i_i_i3_1_24136_reg_2554|   10   |
|  add_i_i_i3_24134_reg_2548 |   10   |
|    add_ln840_24_reg_2680   |   10   |
|    add_ln840_49_reg_2685   |   10   |
|         i_reg_2541         |   10   |
|     icmp_ln249_reg_2668    |    1   |
|     icmp_ln253_reg_2672    |    1   |
|     icmp_ln290_reg_2690    |    1   |
|      inElem_1_reg_315      |   25   |
|   inputBuf_V_10_reg_2620   |   25   |
|   inputBuf_V_11_reg_2626   |   25   |
|   inputBuf_V_12_reg_2632   |   25   |
|   inputBuf_V_13_reg_2638   |   25   |
|   inputBuf_V_14_reg_2644   |   25   |
|   inputBuf_V_15_reg_2650   |   25   |
|    inputBuf_V_1_reg_2566   |   25   |
|    inputBuf_V_2_reg_2572   |   25   |
|    inputBuf_V_3_reg_2578   |   25   |
|    inputBuf_V_4_reg_2584   |   25   |
|    inputBuf_V_5_reg_2590   |   25   |
|    inputBuf_V_6_reg_2596   |   25   |
|    inputBuf_V_7_reg_2602   |   25   |
|    inputBuf_V_8_reg_2608   |   25   |
|    inputBuf_V_9_reg_2614   |   25   |
|     inputBuf_V_reg_2560    |   25   |
|        nf_1_reg_2656       |   32   |
|        nf_2_reg_2663       |   32   |
|p_ZL7threshs_0_addr_reg_2694|    6   |
|p_ZL7threshs_1_addr_reg_2699|    6   |
|         sf_reg_2533        |   32   |
|    trunc_ln257_reg_2676    |    4   |
+----------------------------+--------+
|            Total           |   590  |
+----------------------------+--------+

* Multiplexer (MUX) list: 
|-------------------|------|------|------|--------||---------||---------|
|        Comp       |  Pin | Size |  BW  | S x BW ||  Delay  ||   LUT   |
|-------------------|------|------|------|--------||---------||---------|
| grp_access_fu_296 |  p0  |   2  |   6  |   12   ||    9    |
| grp_access_fu_309 |  p0  |   2  |   6  |   12   ||    9    |
|-------------------|------|------|------|--------||---------||---------|
|       Total       |      |      |      |   24   ||  0.854  ||    18   |
|-------------------|------|------|------|--------||---------||---------|



* Summary:
+-----------+--------+--------+--------+
|           |  Delay |   FF   |   LUT  |
+-----------+--------+--------+--------+
|  Function |    -   |    0   |   865  |
|   Memory  |    -   |    -   |    -   |
|Multiplexer|    0   |    -   |   18   |
|  Register |    -   |   590  |    -   |
+-----------+--------+--------+--------+
|   Total   |    0   |   590  |   883  |
+-----------+--------+--------+--------+
