Vivado Simulator v2022.2
Copyright 1986-1999, 2001-2022 Xilinx, Inc. All Rights Reserved.
Running: /tools/Xilinx/Vivado/2022.2/bin/unwrapped/lnx64.o/xelab work.glbl work.finn_design_wrapper -relax -prj rtlsim.prj -dll -s finn_design_wrapper -L smartconnect_v1_0 -L axi_protocol_checker_v1_1_12 -L axi_protocol_checker_v1_1_13 -L axis_protocol_checker_v1_1_11 -L axis_protocol_checker_v1_1_12 -L xil_defaultlib -L unisims_ver -L xpm -L floating_point_v7_1_16 -L floating_point_v7_0_21 -L floating_point_v7_1_18 -L floating_point_v7_1_15 -L floating_point_v7_1_19 
Multi-threading is on. Using 20 slave threads.
INFO: [VRFC 10-2263] Analyzing Verilog file "/tools/Xilinx/Vivado/2022.2/data/verilog/src/glbl.v" into library work
INFO: [VRFC 10-311] analyzing module glbl
INFO: [VRFC 10-2263] Analyzing Verilog file "/home/changhong/prj/finn/notebooks/EF-US-Engine-Free-Unstructured-Sparsity-Design-Alleviates-Accelerator-Bottlenecks/casestudy1/LeNet_MNIST_BNN/build/auto/home/changhong/prj/finn/notebooks/EF-US-Engine-Free-Unstructured-Sparsity-Design-Alleviates-Accelerator-Bottlenecks/casestudy1/LeNet_MNIST_BNN/tmp/auto/vivado_stitch_proj_b2b_bym1/finn_vivado_stitch_proj.gen/sources_1/bd/finn_design/ip/finn_design_StreamingFIFO_rtl_0_0/synth/finn_design_StreamingFIFO_rtl_0_0.v" into library work
INFO: [VRFC 10-311] analyzing module finn_design_StreamingFIFO_rtl_0_0
INFO: [VRFC 10-2263] Analyzing Verilog file "/home/changhong/prj/finn/notebooks/EF-US-Engine-Free-Unstructured-Sparsity-Design-Alleviates-Accelerator-Bottlenecks/casestudy1/LeNet_MNIST_BNN/build/auto/home/changhong/prj/finn/notebooks/EF-US-Engine-Free-Unstructured-Sparsity-Design-Alleviates-Accelerator-Bottlenecks/casestudy1/LeNet_MNIST_BNN/tmp/auto/vivado_stitch_proj_b2b_bym1/finn_vivado_stitch_proj.gen/sources_1/bd/finn_design/ip/finn_design_ConvolutionInputGenerator_rtl_0_0/synth/finn_design_ConvolutionInputGenerator_rtl_0_0.v" into library work
INFO: [VRFC 10-311] analyzing module finn_design_ConvolutionInputGenerator_rtl_0_0
INFO: [VRFC 10-2263] Analyzing Verilog file "/home/changhong/prj/finn/notebooks/EF-US-Engine-Free-Unstructured-Sparsity-Design-Alleviates-Accelerator-Bottlenecks/casestudy1/LeNet_MNIST_BNN/build/auto/home/changhong/prj/finn/notebooks/EF-US-Engine-Free-Unstructured-Sparsity-Design-Alleviates-Accelerator-Bottlenecks/casestudy1/LeNet_MNIST_BNN/tmp/auto/vivado_stitch_proj_b2b_bym1/finn_vivado_stitch_proj.gen/sources_1/bd/finn_design/ip/finn_design_StreamingFIFO_rtl_1_0/synth/finn_design_StreamingFIFO_rtl_1_0.v" into library work
INFO: [VRFC 10-311] analyzing module finn_design_StreamingFIFO_rtl_1_0
INFO: [VRFC 10-2263] Analyzing Verilog file "/home/changhong/prj/finn/notebooks/EF-US-Engine-Free-Unstructured-Sparsity-Design-Alleviates-Accelerator-Bottlenecks/casestudy1/LeNet_MNIST_BNN/build/auto/home/changhong/prj/finn/notebooks/EF-US-Engine-Free-Unstructured-Sparsity-Design-Alleviates-Accelerator-Bottlenecks/casestudy1/LeNet_MNIST_BNN/tmp/auto/vivado_stitch_proj_b2b_bym1/finn_vivado_stitch_proj.gen/sources_1/bd/finn_design/ipshared/8dae/hdl/verilog/MVAU_hls_0_flow_control_loop_pipe_sequential_init.v" into library work
INFO: [VRFC 10-311] analyzing module MVAU_hls_0_flow_control_loop_pipe_sequential_init
INFO: [VRFC 10-2263] Analyzing Verilog file "/home/changhong/prj/finn/notebooks/EF-US-Engine-Free-Unstructured-Sparsity-Design-Alleviates-Accelerator-Bottlenecks/casestudy1/LeNet_MNIST_BNN/build/auto/home/changhong/prj/finn/notebooks/EF-US-Engine-Free-Unstructured-Sparsity-Design-Alleviates-Accelerator-Bottlenecks/casestudy1/LeNet_MNIST_BNN/tmp/auto/vivado_stitch_proj_b2b_bym1/finn_vivado_stitch_proj.gen/sources_1/bd/finn_design/ipshared/8dae/hdl/verilog/MVAU_hls_0_hls_deadlock_idx0_monitor.v" into library work
INFO: [VRFC 10-311] analyzing module MVAU_hls_0_hls_deadlock_idx0_monitor
INFO: [VRFC 10-2263] Analyzing Verilog file "/home/changhong/prj/finn/notebooks/EF-US-Engine-Free-Unstructured-Sparsity-Design-Alleviates-Accelerator-Bottlenecks/casestudy1/LeNet_MNIST_BNN/build/auto/home/changhong/prj/finn/notebooks/EF-US-Engine-Free-Unstructured-Sparsity-Design-Alleviates-Accelerator-Bottlenecks/casestudy1/LeNet_MNIST_BNN/tmp/auto/vivado_stitch_proj_b2b_bym1/finn_vivado_stitch_proj.gen/sources_1/bd/finn_design/ipshared/8dae/hdl/verilog/MVAU_hls_0_hls_deadlock_idx1_monitor.v" into library work
INFO: [VRFC 10-311] analyzing module MVAU_hls_0_hls_deadlock_idx1_monitor
INFO: [VRFC 10-2263] Analyzing Verilog file "/home/changhong/prj/finn/notebooks/EF-US-Engine-Free-Unstructured-Sparsity-Design-Alleviates-Accelerator-Bottlenecks/casestudy1/LeNet_MNIST_BNN/build/auto/home/changhong/prj/finn/notebooks/EF-US-Engine-Free-Unstructured-Sparsity-Design-Alleviates-Accelerator-Bottlenecks/casestudy1/LeNet_MNIST_BNN/tmp/auto/vivado_stitch_proj_b2b_bym1/finn_vivado_stitch_proj.gen/sources_1/bd/finn_design/ipshared/8dae/hdl/verilog/MVAU_hls_0_mac_muladd_8s_2s_10s_11_4_1.v" into library work
INFO: [VRFC 10-311] analyzing module MVAU_hls_0_mac_muladd_8s_2s_10s_11_4_1_DSP48_0
INFO: [VRFC 10-311] analyzing module MVAU_hls_0_mac_muladd_8s_2s_10s_11_4_1
INFO: [VRFC 10-2263] Analyzing Verilog file "/home/changhong/prj/finn/notebooks/EF-US-Engine-Free-Unstructured-Sparsity-Design-Alleviates-Accelerator-Bottlenecks/casestudy1/LeNet_MNIST_BNN/build/auto/home/changhong/prj/finn/notebooks/EF-US-Engine-Free-Unstructured-Sparsity-Design-Alleviates-Accelerator-Bottlenecks/casestudy1/LeNet_MNIST_BNN/tmp/auto/vivado_stitch_proj_b2b_bym1/finn_vivado_stitch_proj.gen/sources_1/bd/finn_design/ipshared/8dae/hdl/verilog/MVAU_hls_0_mac_muladd_8s_2s_11s_11_4_1.v" into library work
INFO: [VRFC 10-311] analyzing module MVAU_hls_0_mac_muladd_8s_2s_11s_11_4_1_DSP48_1
INFO: [VRFC 10-311] analyzing module MVAU_hls_0_mac_muladd_8s_2s_11s_11_4_1
INFO: [VRFC 10-2263] Analyzing Verilog file "/home/changhong/prj/finn/notebooks/EF-US-Engine-Free-Unstructured-Sparsity-Design-Alleviates-Accelerator-Bottlenecks/casestudy1/LeNet_MNIST_BNN/build/auto/home/changhong/prj/finn/notebooks/EF-US-Engine-Free-Unstructured-Sparsity-Design-Alleviates-Accelerator-Bottlenecks/casestudy1/LeNet_MNIST_BNN/tmp/auto/vivado_stitch_proj_b2b_bym1/finn_vivado_stitch_proj.gen/sources_1/bd/finn_design/ipshared/8dae/hdl/verilog/MVAU_hls_0_Matrix_Vector_Activate_Stream_Batch.v" into library work
INFO: [VRFC 10-311] analyzing module MVAU_hls_0_Matrix_Vector_Activate_Stream_Batch
INFO: [VRFC 10-2263] Analyzing Verilog file "/home/changhong/prj/finn/notebooks/EF-US-Engine-Free-Unstructured-Sparsity-Design-Alleviates-Accelerator-Bottlenecks/casestudy1/LeNet_MNIST_BNN/build/auto/home/changhong/prj/finn/notebooks/EF-US-Engine-Free-Unstructured-Sparsity-Design-Alleviates-Accelerator-Bottlenecks/casestudy1/LeNet_MNIST_BNN/tmp/auto/vivado_stitch_proj_b2b_bym1/finn_vivado_stitch_proj.gen/sources_1/bd/finn_design/ipshared/8dae/hdl/verilog/MVAU_hls_0_mul_8s_2s_10_1_1.v" into library work
INFO: [VRFC 10-311] analyzing module MVAU_hls_0_mul_8s_2s_10_1_1
INFO: [VRFC 10-2263] Analyzing Verilog file "/home/changhong/prj/finn/notebooks/EF-US-Engine-Free-Unstructured-Sparsity-Design-Alleviates-Accelerator-Bottlenecks/casestudy1/LeNet_MNIST_BNN/build/auto/home/changhong/prj/finn/notebooks/EF-US-Engine-Free-Unstructured-Sparsity-Design-Alleviates-Accelerator-Bottlenecks/casestudy1/LeNet_MNIST_BNN/tmp/auto/vivado_stitch_proj_b2b_bym1/finn_vivado_stitch_proj.gen/sources_1/bd/finn_design/ipshared/8dae/hdl/verilog/MVAU_hls_0_regslice_both.v" into library work
INFO: [VRFC 10-311] analyzing module MVAU_hls_0_regslice_both
INFO: [VRFC 10-311] analyzing module MVAU_hls_0_regslice_both_w1
INFO: [VRFC 10-2263] Analyzing Verilog file "/home/changhong/prj/finn/notebooks/EF-US-Engine-Free-Unstructured-Sparsity-Design-Alleviates-Accelerator-Bottlenecks/casestudy1/LeNet_MNIST_BNN/build/auto/home/changhong/prj/finn/notebooks/EF-US-Engine-Free-Unstructured-Sparsity-Design-Alleviates-Accelerator-Bottlenecks/casestudy1/LeNet_MNIST_BNN/tmp/auto/vivado_stitch_proj_b2b_bym1/finn_vivado_stitch_proj.gen/sources_1/bd/finn_design/ipshared/8dae/hdl/verilog/MVAU_hls_0.v" into library work
INFO: [VRFC 10-311] analyzing module MVAU_hls_0
INFO: [VRFC 10-2263] Analyzing Verilog file "/home/changhong/prj/finn/notebooks/EF-US-Engine-Free-Unstructured-Sparsity-Design-Alleviates-Accelerator-Bottlenecks/casestudy1/LeNet_MNIST_BNN/build/auto/home/changhong/prj/finn/notebooks/EF-US-Engine-Free-Unstructured-Sparsity-Design-Alleviates-Accelerator-Bottlenecks/casestudy1/LeNet_MNIST_BNN/tmp/auto/vivado_stitch_proj_b2b_bym1/finn_vivado_stitch_proj.gen/sources_1/bd/finn_design/ip/finn_design_MVAU_hls_0_0/synth/finn_design_MVAU_hls_0_0.v" into library work
INFO: [VRFC 10-311] analyzing module finn_design_MVAU_hls_0_0
INFO: [VRFC 10-2263] Analyzing Verilog file "/home/changhong/prj/finn/notebooks/EF-US-Engine-Free-Unstructured-Sparsity-Design-Alleviates-Accelerator-Bottlenecks/casestudy1/LeNet_MNIST_BNN/build/auto/home/changhong/prj/finn/notebooks/EF-US-Engine-Free-Unstructured-Sparsity-Design-Alleviates-Accelerator-Bottlenecks/casestudy1/LeNet_MNIST_BNN/tmp/auto/vivado_stitch_proj_b2b_bym1/finn_vivado_stitch_proj.gen/sources_1/bd/finn_design/ip/finn_design_MVAU_hls_0_wstrm_0/synth/finn_design_MVAU_hls_0_wstrm_0.v" into library work
INFO: [VRFC 10-311] analyzing module finn_design_MVAU_hls_0_wstrm_0
INFO: [VRFC 10-2263] Analyzing Verilog file "/home/changhong/prj/finn/notebooks/EF-US-Engine-Free-Unstructured-Sparsity-Design-Alleviates-Accelerator-Bottlenecks/casestudy1/LeNet_MNIST_BNN/build/auto/home/changhong/prj/finn/notebooks/EF-US-Engine-Free-Unstructured-Sparsity-Design-Alleviates-Accelerator-Bottlenecks/casestudy1/LeNet_MNIST_BNN/tmp/auto/vivado_stitch_proj_b2b_bym1/finn_vivado_stitch_proj.gen/sources_1/bd/finn_design/ip/finn_design_StreamingFIFO_rtl_2_0/synth/finn_design_StreamingFIFO_rtl_2_0.v" into library work
INFO: [VRFC 10-311] analyzing module finn_design_StreamingFIFO_rtl_2_0
INFO: [VRFC 10-2263] Analyzing Verilog file "/home/changhong/prj/finn/notebooks/EF-US-Engine-Free-Unstructured-Sparsity-Design-Alleviates-Accelerator-Bottlenecks/casestudy1/LeNet_MNIST_BNN/build/auto/home/changhong/prj/finn/notebooks/EF-US-Engine-Free-Unstructured-Sparsity-Design-Alleviates-Accelerator-Bottlenecks/casestudy1/LeNet_MNIST_BNN/tmp/auto/vivado_stitch_proj_b2b_bym1/finn_vivado_stitch_proj.gen/sources_1/bd/finn_design/ipshared/654e/hdl/verilog/StreamingMaxPool_hls_0_buf_V_RAM_AUTO_1R1W.v" into library work
INFO: [VRFC 10-311] analyzing module StreamingMaxPool_hls_0_buf_V_RAM_AUTO_1R1W
INFO: [VRFC 10-2263] Analyzing Verilog file "/home/changhong/prj/finn/notebooks/EF-US-Engine-Free-Unstructured-Sparsity-Design-Alleviates-Accelerator-Bottlenecks/casestudy1/LeNet_MNIST_BNN/build/auto/home/changhong/prj/finn/notebooks/EF-US-Engine-Free-Unstructured-Sparsity-Design-Alleviates-Accelerator-Bottlenecks/casestudy1/LeNet_MNIST_BNN/tmp/auto/vivado_stitch_proj_b2b_bym1/finn_vivado_stitch_proj.gen/sources_1/bd/finn_design/ipshared/654e/hdl/verilog/StreamingMaxPool_hls_0_flow_control_loop_pipe_sequential_init.v" into library work
INFO: [VRFC 10-311] analyzing module StreamingMaxPool_hls_0_flow_control_loop_pipe_sequential_init
INFO: [VRFC 10-2263] Analyzing Verilog file "/home/changhong/prj/finn/notebooks/EF-US-Engine-Free-Unstructured-Sparsity-Design-Alleviates-Accelerator-Bottlenecks/casestudy1/LeNet_MNIST_BNN/build/auto/home/changhong/prj/finn/notebooks/EF-US-Engine-Free-Unstructured-Sparsity-Design-Alleviates-Accelerator-Bottlenecks/casestudy1/LeNet_MNIST_BNN/tmp/auto/vivado_stitch_proj_b2b_bym1/finn_vivado_stitch_proj.gen/sources_1/bd/finn_design/ipshared/654e/hdl/verilog/StreamingMaxPool_hls_0_hls_deadlock_idx0_monitor.v" into library work
INFO: [VRFC 10-311] analyzing module StreamingMaxPool_hls_0_hls_deadlock_idx0_monitor
INFO: [VRFC 10-2263] Analyzing Verilog file "/home/changhong/prj/finn/notebooks/EF-US-Engine-Free-Unstructured-Sparsity-Design-Alleviates-Accelerator-Bottlenecks/casestudy1/LeNet_MNIST_BNN/build/auto/home/changhong/prj/finn/notebooks/EF-US-Engine-Free-Unstructured-Sparsity-Design-Alleviates-Accelerator-Bottlenecks/casestudy1/LeNet_MNIST_BNN/tmp/auto/vivado_stitch_proj_b2b_bym1/finn_vivado_stitch_proj.gen/sources_1/bd/finn_design/ipshared/654e/hdl/verilog/StreamingMaxPool_hls_0_regslice_both.v" into library work
INFO: [VRFC 10-311] analyzing module StreamingMaxPool_hls_0_regslice_both
INFO: [VRFC 10-311] analyzing module StreamingMaxPool_hls_0_regslice_both_w1
INFO: [VRFC 10-2263] Analyzing Verilog file "/home/changhong/prj/finn/notebooks/EF-US-Engine-Free-Unstructured-Sparsity-Design-Alleviates-Accelerator-Bottlenecks/casestudy1/LeNet_MNIST_BNN/build/auto/home/changhong/prj/finn/notebooks/EF-US-Engine-Free-Unstructured-Sparsity-Design-Alleviates-Accelerator-Bottlenecks/casestudy1/LeNet_MNIST_BNN/tmp/auto/vivado_stitch_proj_b2b_bym1/finn_vivado_stitch_proj.gen/sources_1/bd/finn_design/ipshared/654e/hdl/verilog/StreamingMaxPool_hls_0_StreamingMaxPool_hls_0_Pipeline_VITIS_LOOP_79_3_VITIS_LOOP_80_4_VITIS_LOOP_82_5.v" into library work
INFO: [VRFC 10-311] analyzing module StreamingMaxPool_hls_0_StreamingMaxPool_hls_0_Pipeline_VITIS_LOOP_79_3_VITIS_LOOP_80_4_VITIS_LOOP_82_5
INFO: [VRFC 10-2263] Analyzing Verilog file "/home/changhong/prj/finn/notebooks/EF-US-Engine-Free-Unstructured-Sparsity-Design-Alleviates-Accelerator-Bottlenecks/casestudy1/LeNet_MNIST_BNN/build/auto/home/changhong/prj/finn/notebooks/EF-US-Engine-Free-Unstructured-Sparsity-Design-Alleviates-Accelerator-Bottlenecks/casestudy1/LeNet_MNIST_BNN/tmp/auto/vivado_stitch_proj_b2b_bym1/finn_vivado_stitch_proj.gen/sources_1/bd/finn_design/ipshared/654e/hdl/verilog/StreamingMaxPool_hls_0_StreamingMaxPool_hls_0_Pipeline_VITIS_LOOP_90_6.v" into library work
INFO: [VRFC 10-311] analyzing module StreamingMaxPool_hls_0_StreamingMaxPool_hls_0_Pipeline_VITIS_LOOP_90_6
INFO: [VRFC 10-2263] Analyzing Verilog file "/home/changhong/prj/finn/notebooks/EF-US-Engine-Free-Unstructured-Sparsity-Design-Alleviates-Accelerator-Bottlenecks/casestudy1/LeNet_MNIST_BNN/build/auto/home/changhong/prj/finn/notebooks/EF-US-Engine-Free-Unstructured-Sparsity-Design-Alleviates-Accelerator-Bottlenecks/casestudy1/LeNet_MNIST_BNN/tmp/auto/vivado_stitch_proj_b2b_bym1/finn_vivado_stitch_proj.gen/sources_1/bd/finn_design/ipshared/654e/hdl/verilog/StreamingMaxPool_hls_0.v" into library work
INFO: [VRFC 10-311] analyzing module StreamingMaxPool_hls_0
INFO: [VRFC 10-2263] Analyzing Verilog file "/home/changhong/prj/finn/notebooks/EF-US-Engine-Free-Unstructured-Sparsity-Design-Alleviates-Accelerator-Bottlenecks/casestudy1/LeNet_MNIST_BNN/build/auto/home/changhong/prj/finn/notebooks/EF-US-Engine-Free-Unstructured-Sparsity-Design-Alleviates-Accelerator-Bottlenecks/casestudy1/LeNet_MNIST_BNN/tmp/auto/vivado_stitch_proj_b2b_bym1/finn_vivado_stitch_proj.gen/sources_1/bd/finn_design/ip/finn_design_StreamingMaxPool_hls_0_0/synth/finn_design_StreamingMaxPool_hls_0_0.v" into library work
INFO: [VRFC 10-311] analyzing module finn_design_StreamingMaxPool_hls_0_0
INFO: [VRFC 10-2263] Analyzing Verilog file "/home/changhong/prj/finn/notebooks/EF-US-Engine-Free-Unstructured-Sparsity-Design-Alleviates-Accelerator-Bottlenecks/casestudy1/LeNet_MNIST_BNN/build/auto/home/changhong/prj/finn/notebooks/EF-US-Engine-Free-Unstructured-Sparsity-Design-Alleviates-Accelerator-Bottlenecks/casestudy1/LeNet_MNIST_BNN/tmp/auto/vivado_stitch_proj_b2b_bym1/finn_vivado_stitch_proj.gen/sources_1/bd/finn_design/ip/finn_design_StreamingFIFO_rtl_3_0/synth/finn_design_StreamingFIFO_rtl_3_0.v" into library work
INFO: [VRFC 10-311] analyzing module finn_design_StreamingFIFO_rtl_3_0
INFO: [VRFC 10-2263] Analyzing Verilog file "/home/changhong/prj/finn/notebooks/EF-US-Engine-Free-Unstructured-Sparsity-Design-Alleviates-Accelerator-Bottlenecks/casestudy1/LeNet_MNIST_BNN/build/auto/home/changhong/prj/finn/notebooks/EF-US-Engine-Free-Unstructured-Sparsity-Design-Alleviates-Accelerator-Bottlenecks/casestudy1/LeNet_MNIST_BNN/tmp/auto/vivado_stitch_proj_b2b_bym1/finn_vivado_stitch_proj.gen/sources_1/bd/finn_design/ip/finn_design_ConvolutionInputGenerator_rtl_1_0/synth/finn_design_ConvolutionInputGenerator_rtl_1_0.v" into library work
INFO: [VRFC 10-311] analyzing module finn_design_ConvolutionInputGenerator_rtl_1_0
INFO: [VRFC 10-2263] Analyzing Verilog file "/home/changhong/prj/finn/notebooks/EF-US-Engine-Free-Unstructured-Sparsity-Design-Alleviates-Accelerator-Bottlenecks/casestudy1/LeNet_MNIST_BNN/build/auto/home/changhong/prj/finn/notebooks/EF-US-Engine-Free-Unstructured-Sparsity-Design-Alleviates-Accelerator-Bottlenecks/casestudy1/LeNet_MNIST_BNN/tmp/auto/vivado_stitch_proj_b2b_bym1/finn_vivado_stitch_proj.gen/sources_1/bd/finn_design/ip/finn_design_StreamingFIFO_rtl_4_0/synth/finn_design_StreamingFIFO_rtl_4_0.v" into library work
INFO: [VRFC 10-311] analyzing module finn_design_StreamingFIFO_rtl_4_0
INFO: [VRFC 10-2263] Analyzing Verilog file "/home/changhong/prj/finn/notebooks/EF-US-Engine-Free-Unstructured-Sparsity-Design-Alleviates-Accelerator-Bottlenecks/casestudy1/LeNet_MNIST_BNN/build/auto/home/changhong/prj/finn/notebooks/EF-US-Engine-Free-Unstructured-Sparsity-Design-Alleviates-Accelerator-Bottlenecks/casestudy1/LeNet_MNIST_BNN/tmp/auto/vivado_stitch_proj_b2b_bym1/finn_vivado_stitch_proj.gen/sources_1/bd/finn_design/ip/finn_design_StreamingDataWidthConverter_rtl_0_0/synth/finn_design_StreamingDataWidthConverter_rtl_0_0.v" into library work
INFO: [VRFC 10-311] analyzing module finn_design_StreamingDataWidthConverter_rtl_0_0
INFO: [VRFC 10-2263] Analyzing Verilog file "/home/changhong/prj/finn/notebooks/EF-US-Engine-Free-Unstructured-Sparsity-Design-Alleviates-Accelerator-Bottlenecks/casestudy1/LeNet_MNIST_BNN/build/auto/home/changhong/prj/finn/notebooks/EF-US-Engine-Free-Unstructured-Sparsity-Design-Alleviates-Accelerator-Bottlenecks/casestudy1/LeNet_MNIST_BNN/tmp/auto/vivado_stitch_proj_b2b_bym1/finn_vivado_stitch_proj.gen/sources_1/bd/finn_design/ip/finn_design_StreamingFIFO_rtl_5_0/synth/finn_design_StreamingFIFO_rtl_5_0.v" into library work
INFO: [VRFC 10-311] analyzing module finn_design_StreamingFIFO_rtl_5_0
INFO: [VRFC 10-2263] Analyzing Verilog file "/home/changhong/prj/finn/notebooks/EF-US-Engine-Free-Unstructured-Sparsity-Design-Alleviates-Accelerator-Bottlenecks/casestudy1/LeNet_MNIST_BNN/build/auto/home/changhong/prj/finn/notebooks/EF-US-Engine-Free-Unstructured-Sparsity-Design-Alleviates-Accelerator-Bottlenecks/casestudy1/LeNet_MNIST_BNN/tmp/auto/vivado_stitch_proj_b2b_bym1/finn_vivado_stitch_proj.gen/sources_1/bd/finn_design/ipshared/0a63/hdl/verilog/MVAU_hls_1_flow_control_loop_pipe_sequential_init.v" into library work
INFO: [VRFC 10-311] analyzing module MVAU_hls_1_flow_control_loop_pipe_sequential_init
INFO: [VRFC 10-2263] Analyzing Verilog file "/home/changhong/prj/finn/notebooks/EF-US-Engine-Free-Unstructured-Sparsity-Design-Alleviates-Accelerator-Bottlenecks/casestudy1/LeNet_MNIST_BNN/build/auto/home/changhong/prj/finn/notebooks/EF-US-Engine-Free-Unstructured-Sparsity-Design-Alleviates-Accelerator-Bottlenecks/casestudy1/LeNet_MNIST_BNN/tmp/auto/vivado_stitch_proj_b2b_bym1/finn_vivado_stitch_proj.gen/sources_1/bd/finn_design/ipshared/0a63/hdl/verilog/MVAU_hls_1_hls_deadlock_idx0_monitor.v" into library work
INFO: [VRFC 10-311] analyzing module MVAU_hls_1_hls_deadlock_idx0_monitor
INFO: [VRFC 10-2263] Analyzing Verilog file "/home/changhong/prj/finn/notebooks/EF-US-Engine-Free-Unstructured-Sparsity-Design-Alleviates-Accelerator-Bottlenecks/casestudy1/LeNet_MNIST_BNN/build/auto/home/changhong/prj/finn/notebooks/EF-US-Engine-Free-Unstructured-Sparsity-Design-Alleviates-Accelerator-Bottlenecks/casestudy1/LeNet_MNIST_BNN/tmp/auto/vivado_stitch_proj_b2b_bym1/finn_vivado_stitch_proj.gen/sources_1/bd/finn_design/ipshared/0a63/hdl/verilog/MVAU_hls_1_hls_deadlock_idx1_monitor.v" into library work
INFO: [VRFC 10-311] analyzing module MVAU_hls_1_hls_deadlock_idx1_monitor
INFO: [VRFC 10-2263] Analyzing Verilog file "/home/changhong/prj/finn/notebooks/EF-US-Engine-Free-Unstructured-Sparsity-Design-Alleviates-Accelerator-Bottlenecks/casestudy1/LeNet_MNIST_BNN/build/auto/home/changhong/prj/finn/notebooks/EF-US-Engine-Free-Unstructured-Sparsity-Design-Alleviates-Accelerator-Bottlenecks/casestudy1/LeNet_MNIST_BNN/tmp/auto/vivado_stitch_proj_b2b_bym1/finn_vivado_stitch_proj.gen/sources_1/bd/finn_design/ipshared/0a63/hdl/verilog/MVAU_hls_1_Matrix_Vector_Activate_Stream_Batch.v" into library work
INFO: [VRFC 10-311] analyzing module MVAU_hls_1_Matrix_Vector_Activate_Stream_Batch
INFO: [VRFC 10-2263] Analyzing Verilog file "/home/changhong/prj/finn/notebooks/EF-US-Engine-Free-Unstructured-Sparsity-Design-Alleviates-Accelerator-Bottlenecks/casestudy1/LeNet_MNIST_BNN/build/auto/home/changhong/prj/finn/notebooks/EF-US-Engine-Free-Unstructured-Sparsity-Design-Alleviates-Accelerator-Bottlenecks/casestudy1/LeNet_MNIST_BNN/tmp/auto/vivado_stitch_proj_b2b_bym1/finn_vivado_stitch_proj.gen/sources_1/bd/finn_design/ipshared/0a63/hdl/verilog/MVAU_hls_1_Matrix_Vector_Activate_Stream_Batch_p_ZL7threshs_0_ROM_AUTO_1R.v" into library work
INFO: [VRFC 10-311] analyzing module MVAU_hls_1_Matrix_Vector_Activate_Stream_Batch_p_ZL7threshs_0_ROM_AUTO_1R
INFO: [VRFC 10-2263] Analyzing Verilog file "/home/changhong/prj/finn/notebooks/EF-US-Engine-Free-Unstructured-Sparsity-Design-Alleviates-Accelerator-Bottlenecks/casestudy1/LeNet_MNIST_BNN/build/auto/home/changhong/prj/finn/notebooks/EF-US-Engine-Free-Unstructured-Sparsity-Design-Alleviates-Accelerator-Bottlenecks/casestudy1/LeNet_MNIST_BNN/tmp/auto/vivado_stitch_proj_b2b_bym1/finn_vivado_stitch_proj.gen/sources_1/bd/finn_design/ipshared/0a63/hdl/verilog/MVAU_hls_1_Matrix_Vector_Activate_Stream_Batch_p_ZL7threshs_1_ROM_AUTO_1R.v" into library work
INFO: [VRFC 10-311] analyzing module MVAU_hls_1_Matrix_Vector_Activate_Stream_Batch_p_ZL7threshs_1_ROM_AUTO_1R
INFO: [VRFC 10-2263] Analyzing Verilog file "/home/changhong/prj/finn/notebooks/EF-US-Engine-Free-Unstructured-Sparsity-Design-Alleviates-Accelerator-Bottlenecks/casestudy1/LeNet_MNIST_BNN/build/auto/home/changhong/prj/finn/notebooks/EF-US-Engine-Free-Unstructured-Sparsity-Design-Alleviates-Accelerator-Bottlenecks/casestudy1/LeNet_MNIST_BNN/tmp/auto/vivado_stitch_proj_b2b_bym1/finn_vivado_stitch_proj.gen/sources_1/bd/finn_design/ipshared/0a63/hdl/verilog/MVAU_hls_1_Matrix_Vector_Activate_Stream_Batch_p_ZL7threshs_2_ROM_AUTO_1R.v" into library work
INFO: [VRFC 10-311] analyzing module MVAU_hls_1_Matrix_Vector_Activate_Stream_Batch_p_ZL7threshs_2_ROM_AUTO_1R
INFO: [VRFC 10-2263] Analyzing Verilog file "/home/changhong/prj/finn/notebooks/EF-US-Engine-Free-Unstructured-Sparsity-Design-Alleviates-Accelerator-Bottlenecks/casestudy1/LeNet_MNIST_BNN/build/auto/home/changhong/prj/finn/notebooks/EF-US-Engine-Free-Unstructured-Sparsity-Design-Alleviates-Accelerator-Bottlenecks/casestudy1/LeNet_MNIST_BNN/tmp/auto/vivado_stitch_proj_b2b_bym1/finn_vivado_stitch_proj.gen/sources_1/bd/finn_design/ipshared/0a63/hdl/verilog/MVAU_hls_1_Matrix_Vector_Activate_Stream_Batch_p_ZL7threshs_3_ROM_AUTO_1R.v" into library work
INFO: [VRFC 10-311] analyzing module MVAU_hls_1_Matrix_Vector_Activate_Stream_Batch_p_ZL7threshs_3_ROM_AUTO_1R
INFO: [VRFC 10-2263] Analyzing Verilog file "/home/changhong/prj/finn/notebooks/EF-US-Engine-Free-Unstructured-Sparsity-Design-Alleviates-Accelerator-Bottlenecks/casestudy1/LeNet_MNIST_BNN/build/auto/home/changhong/prj/finn/notebooks/EF-US-Engine-Free-Unstructured-Sparsity-Design-Alleviates-Accelerator-Bottlenecks/casestudy1/LeNet_MNIST_BNN/tmp/auto/vivado_stitch_proj_b2b_bym1/finn_vivado_stitch_proj.gen/sources_1/bd/finn_design/ipshared/0a63/hdl/verilog/MVAU_hls_1_Matrix_Vector_Activate_Stream_Batch_p_ZL7threshs_4_ROM_AUTO_1R.v" into library work
INFO: [VRFC 10-311] analyzing module MVAU_hls_1_Matrix_Vector_Activate_Stream_Batch_p_ZL7threshs_4_ROM_AUTO_1R
INFO: [VRFC 10-2263] Analyzing Verilog file "/home/changhong/prj/finn/notebooks/EF-US-Engine-Free-Unstructured-Sparsity-Design-Alleviates-Accelerator-Bottlenecks/casestudy1/LeNet_MNIST_BNN/build/auto/home/changhong/prj/finn/notebooks/EF-US-Engine-Free-Unstructured-Sparsity-Design-Alleviates-Accelerator-Bottlenecks/casestudy1/LeNet_MNIST_BNN/tmp/auto/vivado_stitch_proj_b2b_bym1/finn_vivado_stitch_proj.gen/sources_1/bd/finn_design/ipshared/0a63/hdl/verilog/MVAU_hls_1_Matrix_Vector_Activate_Stream_Batch_p_ZL7threshs_5_ROM_AUTO_1R.v" into library work
INFO: [VRFC 10-311] analyzing module MVAU_hls_1_Matrix_Vector_Activate_Stream_Batch_p_ZL7threshs_5_ROM_AUTO_1R
INFO: [VRFC 10-2263] Analyzing Verilog file "/home/changhong/prj/finn/notebooks/EF-US-Engine-Free-Unstructured-Sparsity-Design-Alleviates-Accelerator-Bottlenecks/casestudy1/LeNet_MNIST_BNN/build/auto/home/changhong/prj/finn/notebooks/EF-US-Engine-Free-Unstructured-Sparsity-Design-Alleviates-Accelerator-Bottlenecks/casestudy1/LeNet_MNIST_BNN/tmp/auto/vivado_stitch_proj_b2b_bym1/finn_vivado_stitch_proj.gen/sources_1/bd/finn_design/ipshared/0a63/hdl/verilog/MVAU_hls_1_Matrix_Vector_Activate_Stream_Batch_p_ZL7threshs_6_ROM_AUTO_1R.v" into library work
INFO: [VRFC 10-311] analyzing module MVAU_hls_1_Matrix_Vector_Activate_Stream_Batch_p_ZL7threshs_6_ROM_AUTO_1R
INFO: [VRFC 10-2263] Analyzing Verilog file "/home/changhong/prj/finn/notebooks/EF-US-Engine-Free-Unstructured-Sparsity-Design-Alleviates-Accelerator-Bottlenecks/casestudy1/LeNet_MNIST_BNN/build/auto/home/changhong/prj/finn/notebooks/EF-US-Engine-Free-Unstructured-Sparsity-Design-Alleviates-Accelerator-Bottlenecks/casestudy1/LeNet_MNIST_BNN/tmp/auto/vivado_stitch_proj_b2b_bym1/finn_vivado_stitch_proj.gen/sources_1/bd/finn_design/ipshared/0a63/hdl/verilog/MVAU_hls_1_Matrix_Vector_Activate_Stream_Batch_p_ZL7threshs_7_ROM_AUTO_1R.v" into library work
INFO: [VRFC 10-311] analyzing module MVAU_hls_1_Matrix_Vector_Activate_Stream_Batch_p_ZL7threshs_7_ROM_AUTO_1R
INFO: [VRFC 10-2263] Analyzing Verilog file "/home/changhong/prj/finn/notebooks/EF-US-Engine-Free-Unstructured-Sparsity-Design-Alleviates-Accelerator-Bottlenecks/casestudy1/LeNet_MNIST_BNN/build/auto/home/changhong/prj/finn/notebooks/EF-US-Engine-Free-Unstructured-Sparsity-Design-Alleviates-Accelerator-Bottlenecks/casestudy1/LeNet_MNIST_BNN/tmp/auto/vivado_stitch_proj_b2b_bym1/finn_vivado_stitch_proj.gen/sources_1/bd/finn_design/ipshared/0a63/hdl/verilog/MVAU_hls_1_mux_53_30_1_1.v" into library work
INFO: [VRFC 10-311] analyzing module MVAU_hls_1_mux_53_30_1_1
INFO: [VRFC 10-2263] Analyzing Verilog file "/home/changhong/prj/finn/notebooks/EF-US-Engine-Free-Unstructured-Sparsity-Design-Alleviates-Accelerator-Bottlenecks/casestudy1/LeNet_MNIST_BNN/build/auto/home/changhong/prj/finn/notebooks/EF-US-Engine-Free-Unstructured-Sparsity-Design-Alleviates-Accelerator-Bottlenecks/casestudy1/LeNet_MNIST_BNN/tmp/auto/vivado_stitch_proj_b2b_bym1/finn_vivado_stitch_proj.gen/sources_1/bd/finn_design/ipshared/0a63/hdl/verilog/MVAU_hls_1_regslice_both.v" into library work
INFO: [VRFC 10-311] analyzing module MVAU_hls_1_regslice_both
INFO: [VRFC 10-311] analyzing module MVAU_hls_1_regslice_both_w1
INFO: [VRFC 10-2263] Analyzing Verilog file "/home/changhong/prj/finn/notebooks/EF-US-Engine-Free-Unstructured-Sparsity-Design-Alleviates-Accelerator-Bottlenecks/casestudy1/LeNet_MNIST_BNN/build/auto/home/changhong/prj/finn/notebooks/EF-US-Engine-Free-Unstructured-Sparsity-Design-Alleviates-Accelerator-Bottlenecks/casestudy1/LeNet_MNIST_BNN/tmp/auto/vivado_stitch_proj_b2b_bym1/finn_vivado_stitch_proj.gen/sources_1/bd/finn_design/ipshared/0a63/hdl/verilog/MVAU_hls_1.v" into library work
INFO: [VRFC 10-311] analyzing module MVAU_hls_1
INFO: [VRFC 10-2263] Analyzing Verilog file "/home/changhong/prj/finn/notebooks/EF-US-Engine-Free-Unstructured-Sparsity-Design-Alleviates-Accelerator-Bottlenecks/casestudy1/LeNet_MNIST_BNN/build/auto/home/changhong/prj/finn/notebooks/EF-US-Engine-Free-Unstructured-Sparsity-Design-Alleviates-Accelerator-Bottlenecks/casestudy1/LeNet_MNIST_BNN/tmp/auto/vivado_stitch_proj_b2b_bym1/finn_vivado_stitch_proj.gen/sources_1/bd/finn_design/ip/finn_design_MVAU_hls_1_0/synth/finn_design_MVAU_hls_1_0.v" into library work
INFO: [VRFC 10-311] analyzing module finn_design_MVAU_hls_1_0
INFO: [VRFC 10-2263] Analyzing Verilog file "/home/changhong/prj/finn/notebooks/EF-US-Engine-Free-Unstructured-Sparsity-Design-Alleviates-Accelerator-Bottlenecks/casestudy1/LeNet_MNIST_BNN/build/auto/home/changhong/prj/finn/notebooks/EF-US-Engine-Free-Unstructured-Sparsity-Design-Alleviates-Accelerator-Bottlenecks/casestudy1/LeNet_MNIST_BNN/tmp/auto/vivado_stitch_proj_b2b_bym1/finn_vivado_stitch_proj.gen/sources_1/bd/finn_design/ip/finn_design_MVAU_hls_1_wstrm_0/synth/finn_design_MVAU_hls_1_wstrm_0.v" into library work
INFO: [VRFC 10-311] analyzing module finn_design_MVAU_hls_1_wstrm_0
INFO: [VRFC 10-2263] Analyzing Verilog file "/home/changhong/prj/finn/notebooks/EF-US-Engine-Free-Unstructured-Sparsity-Design-Alleviates-Accelerator-Bottlenecks/casestudy1/LeNet_MNIST_BNN/build/auto/home/changhong/prj/finn/notebooks/EF-US-Engine-Free-Unstructured-Sparsity-Design-Alleviates-Accelerator-Bottlenecks/casestudy1/LeNet_MNIST_BNN/tmp/auto/vivado_stitch_proj_b2b_bym1/finn_vivado_stitch_proj.gen/sources_1/bd/finn_design/ip/finn_design_StreamingFIFO_rtl_6_0/synth/finn_design_StreamingFIFO_rtl_6_0.v" into library work
INFO: [VRFC 10-311] analyzing module finn_design_StreamingFIFO_rtl_6_0
INFO: [VRFC 10-2263] Analyzing Verilog file "/home/changhong/prj/finn/notebooks/EF-US-Engine-Free-Unstructured-Sparsity-Design-Alleviates-Accelerator-Bottlenecks/casestudy1/LeNet_MNIST_BNN/build/auto/home/changhong/prj/finn/notebooks/EF-US-Engine-Free-Unstructured-Sparsity-Design-Alleviates-Accelerator-Bottlenecks/casestudy1/LeNet_MNIST_BNN/tmp/auto/vivado_stitch_proj_b2b_bym1/finn_vivado_stitch_proj.gen/sources_1/bd/finn_design/ip/finn_design_StreamingDataWidthConverter_rtl_1_0/synth/finn_design_StreamingDataWidthConverter_rtl_1_0.v" into library work
INFO: [VRFC 10-311] analyzing module finn_design_StreamingDataWidthConverter_rtl_1_0
INFO: [VRFC 10-2263] Analyzing Verilog file "/home/changhong/prj/finn/notebooks/EF-US-Engine-Free-Unstructured-Sparsity-Design-Alleviates-Accelerator-Bottlenecks/casestudy1/LeNet_MNIST_BNN/build/auto/home/changhong/prj/finn/notebooks/EF-US-Engine-Free-Unstructured-Sparsity-Design-Alleviates-Accelerator-Bottlenecks/casestudy1/LeNet_MNIST_BNN/tmp/auto/vivado_stitch_proj_b2b_bym1/finn_vivado_stitch_proj.gen/sources_1/bd/finn_design/ip/finn_design_StreamingFIFO_rtl_7_0/synth/finn_design_StreamingFIFO_rtl_7_0.v" into library work
INFO: [VRFC 10-311] analyzing module finn_design_StreamingFIFO_rtl_7_0
INFO: [VRFC 10-2263] Analyzing Verilog file "/home/changhong/prj/finn/notebooks/EF-US-Engine-Free-Unstructured-Sparsity-Design-Alleviates-Accelerator-Bottlenecks/casestudy1/LeNet_MNIST_BNN/build/auto/home/changhong/prj/finn/notebooks/EF-US-Engine-Free-Unstructured-Sparsity-Design-Alleviates-Accelerator-Bottlenecks/casestudy1/LeNet_MNIST_BNN/tmp/auto/vivado_stitch_proj_b2b_bym1/finn_vivado_stitch_proj.gen/sources_1/bd/finn_design/ipshared/2342/hdl/verilog/StreamingMaxPool_hls_1_buf_V_RAM_AUTO_1R1W.v" into library work
INFO: [VRFC 10-311] analyzing module StreamingMaxPool_hls_1_buf_V_RAM_AUTO_1R1W
INFO: [VRFC 10-2263] Analyzing Verilog file "/home/changhong/prj/finn/notebooks/EF-US-Engine-Free-Unstructured-Sparsity-Design-Alleviates-Accelerator-Bottlenecks/casestudy1/LeNet_MNIST_BNN/build/auto/home/changhong/prj/finn/notebooks/EF-US-Engine-Free-Unstructured-Sparsity-Design-Alleviates-Accelerator-Bottlenecks/casestudy1/LeNet_MNIST_BNN/tmp/auto/vivado_stitch_proj_b2b_bym1/finn_vivado_stitch_proj.gen/sources_1/bd/finn_design/ipshared/2342/hdl/verilog/StreamingMaxPool_hls_1_flow_control_loop_pipe_sequential_init.v" into library work
INFO: [VRFC 10-311] analyzing module StreamingMaxPool_hls_1_flow_control_loop_pipe_sequential_init
INFO: [VRFC 10-2263] Analyzing Verilog file "/home/changhong/prj/finn/notebooks/EF-US-Engine-Free-Unstructured-Sparsity-Design-Alleviates-Accelerator-Bottlenecks/casestudy1/LeNet_MNIST_BNN/build/auto/home/changhong/prj/finn/notebooks/EF-US-Engine-Free-Unstructured-Sparsity-Design-Alleviates-Accelerator-Bottlenecks/casestudy1/LeNet_MNIST_BNN/tmp/auto/vivado_stitch_proj_b2b_bym1/finn_vivado_stitch_proj.gen/sources_1/bd/finn_design/ipshared/2342/hdl/verilog/StreamingMaxPool_hls_1_hls_deadlock_idx0_monitor.v" into library work
INFO: [VRFC 10-311] analyzing module StreamingMaxPool_hls_1_hls_deadlock_idx0_monitor
INFO: [VRFC 10-2263] Analyzing Verilog file "/home/changhong/prj/finn/notebooks/EF-US-Engine-Free-Unstructured-Sparsity-Design-Alleviates-Accelerator-Bottlenecks/casestudy1/LeNet_MNIST_BNN/build/auto/home/changhong/prj/finn/notebooks/EF-US-Engine-Free-Unstructured-Sparsity-Design-Alleviates-Accelerator-Bottlenecks/casestudy1/LeNet_MNIST_BNN/tmp/auto/vivado_stitch_proj_b2b_bym1/finn_vivado_stitch_proj.gen/sources_1/bd/finn_design/ipshared/2342/hdl/verilog/StreamingMaxPool_hls_1_regslice_both.v" into library work
INFO: [VRFC 10-311] analyzing module StreamingMaxPool_hls_1_regslice_both
INFO: [VRFC 10-311] analyzing module StreamingMaxPool_hls_1_regslice_both_w1
INFO: [VRFC 10-2263] Analyzing Verilog file "/home/changhong/prj/finn/notebooks/EF-US-Engine-Free-Unstructured-Sparsity-Design-Alleviates-Accelerator-Bottlenecks/casestudy1/LeNet_MNIST_BNN/build/auto/home/changhong/prj/finn/notebooks/EF-US-Engine-Free-Unstructured-Sparsity-Design-Alleviates-Accelerator-Bottlenecks/casestudy1/LeNet_MNIST_BNN/tmp/auto/vivado_stitch_proj_b2b_bym1/finn_vivado_stitch_proj.gen/sources_1/bd/finn_design/ipshared/2342/hdl/verilog/StreamingMaxPool_hls_1_StreamingMaxPool_hls_1_Pipeline_VITIS_LOOP_79_3_VITIS_LOOP_80_4_VITIS_LOOP_82_5.v" into library work
INFO: [VRFC 10-311] analyzing module StreamingMaxPool_hls_1_StreamingMaxPool_hls_1_Pipeline_VITIS_LOOP_79_3_VITIS_LOOP_80_4_VITIS_LOOP_82_5
INFO: [VRFC 10-2263] Analyzing Verilog file "/home/changhong/prj/finn/notebooks/EF-US-Engine-Free-Unstructured-Sparsity-Design-Alleviates-Accelerator-Bottlenecks/casestudy1/LeNet_MNIST_BNN/build/auto/home/changhong/prj/finn/notebooks/EF-US-Engine-Free-Unstructured-Sparsity-Design-Alleviates-Accelerator-Bottlenecks/casestudy1/LeNet_MNIST_BNN/tmp/auto/vivado_stitch_proj_b2b_bym1/finn_vivado_stitch_proj.gen/sources_1/bd/finn_design/ipshared/2342/hdl/verilog/StreamingMaxPool_hls_1_StreamingMaxPool_hls_1_Pipeline_VITIS_LOOP_90_6.v" into library work
INFO: [VRFC 10-311] analyzing module StreamingMaxPool_hls_1_StreamingMaxPool_hls_1_Pipeline_VITIS_LOOP_90_6
INFO: [VRFC 10-2263] Analyzing Verilog file "/home/changhong/prj/finn/notebooks/EF-US-Engine-Free-Unstructured-Sparsity-Design-Alleviates-Accelerator-Bottlenecks/casestudy1/LeNet_MNIST_BNN/build/auto/home/changhong/prj/finn/notebooks/EF-US-Engine-Free-Unstructured-Sparsity-Design-Alleviates-Accelerator-Bottlenecks/casestudy1/LeNet_MNIST_BNN/tmp/auto/vivado_stitch_proj_b2b_bym1/finn_vivado_stitch_proj.gen/sources_1/bd/finn_design/ipshared/2342/hdl/verilog/StreamingMaxPool_hls_1.v" into library work
INFO: [VRFC 10-311] analyzing module StreamingMaxPool_hls_1
INFO: [VRFC 10-2263] Analyzing Verilog file "/home/changhong/prj/finn/notebooks/EF-US-Engine-Free-Unstructured-Sparsity-Design-Alleviates-Accelerator-Bottlenecks/casestudy1/LeNet_MNIST_BNN/build/auto/home/changhong/prj/finn/notebooks/EF-US-Engine-Free-Unstructured-Sparsity-Design-Alleviates-Accelerator-Bottlenecks/casestudy1/LeNet_MNIST_BNN/tmp/auto/vivado_stitch_proj_b2b_bym1/finn_vivado_stitch_proj.gen/sources_1/bd/finn_design/ip/finn_design_StreamingMaxPool_hls_1_0/synth/finn_design_StreamingMaxPool_hls_1_0.v" into library work
INFO: [VRFC 10-311] analyzing module finn_design_StreamingMaxPool_hls_1_0
INFO: [VRFC 10-2263] Analyzing Verilog file "/home/changhong/prj/finn/notebooks/EF-US-Engine-Free-Unstructured-Sparsity-Design-Alleviates-Accelerator-Bottlenecks/casestudy1/LeNet_MNIST_BNN/build/auto/home/changhong/prj/finn/notebooks/EF-US-Engine-Free-Unstructured-Sparsity-Design-Alleviates-Accelerator-Bottlenecks/casestudy1/LeNet_MNIST_BNN/tmp/auto/vivado_stitch_proj_b2b_bym1/finn_vivado_stitch_proj.gen/sources_1/bd/finn_design/ip/finn_design_StreamingFIFO_rtl_8_0/synth/finn_design_StreamingFIFO_rtl_8_0.v" into library work
INFO: [VRFC 10-311] analyzing module finn_design_StreamingFIFO_rtl_8_0
INFO: [VRFC 10-2263] Analyzing Verilog file "/home/changhong/prj/finn/notebooks/EF-US-Engine-Free-Unstructured-Sparsity-Design-Alleviates-Accelerator-Bottlenecks/casestudy1/LeNet_MNIST_BNN/build/auto/home/changhong/prj/finn/notebooks/EF-US-Engine-Free-Unstructured-Sparsity-Design-Alleviates-Accelerator-Bottlenecks/casestudy1/LeNet_MNIST_BNN/tmp/auto/vivado_stitch_proj_b2b_bym1/finn_vivado_stitch_proj.gen/sources_1/bd/finn_design/ip/finn_design_StreamingDataWidthConverter_rtl_2_0/synth/finn_design_StreamingDataWidthConverter_rtl_2_0.v" into library work
INFO: [VRFC 10-311] analyzing module finn_design_StreamingDataWidthConverter_rtl_2_0
INFO: [VRFC 10-2263] Analyzing Verilog file "/home/changhong/prj/finn/notebooks/EF-US-Engine-Free-Unstructured-Sparsity-Design-Alleviates-Accelerator-Bottlenecks/casestudy1/LeNet_MNIST_BNN/build/auto/home/changhong/prj/finn/notebooks/EF-US-Engine-Free-Unstructured-Sparsity-Design-Alleviates-Accelerator-Bottlenecks/casestudy1/LeNet_MNIST_BNN/tmp/auto/vivado_stitch_proj_b2b_bym1/finn_vivado_stitch_proj.gen/sources_1/bd/finn_design/ip/finn_design_StreamingFIFO_rtl_9_0/synth/finn_design_StreamingFIFO_rtl_9_0.v" into library work
INFO: [VRFC 10-311] analyzing module finn_design_StreamingFIFO_rtl_9_0
INFO: [VRFC 10-2263] Analyzing Verilog file "/home/changhong/prj/finn/notebooks/EF-US-Engine-Free-Unstructured-Sparsity-Design-Alleviates-Accelerator-Bottlenecks/casestudy1/LeNet_MNIST_BNN/build/auto/home/changhong/prj/finn/notebooks/EF-US-Engine-Free-Unstructured-Sparsity-Design-Alleviates-Accelerator-Bottlenecks/casestudy1/LeNet_MNIST_BNN/tmp/auto/vivado_stitch_proj_b2b_bym1/finn_vivado_stitch_proj.gen/sources_1/bd/finn_design/ip/finn_design_ConvolutionInputGenerator_rtl_2_0/synth/finn_design_ConvolutionInputGenerator_rtl_2_0.v" into library work
INFO: [VRFC 10-311] analyzing module finn_design_ConvolutionInputGenerator_rtl_2_0
INFO: [VRFC 10-2263] Analyzing Verilog file "/home/changhong/prj/finn/notebooks/EF-US-Engine-Free-Unstructured-Sparsity-Design-Alleviates-Accelerator-Bottlenecks/casestudy1/LeNet_MNIST_BNN/build/auto/home/changhong/prj/finn/notebooks/EF-US-Engine-Free-Unstructured-Sparsity-Design-Alleviates-Accelerator-Bottlenecks/casestudy1/LeNet_MNIST_BNN/tmp/auto/vivado_stitch_proj_b2b_bym1/finn_vivado_stitch_proj.gen/sources_1/bd/finn_design/ip/finn_design_StreamingFIFO_rtl_10_0/synth/finn_design_StreamingFIFO_rtl_10_0.v" into library work
INFO: [VRFC 10-311] analyzing module finn_design_StreamingFIFO_rtl_10_0
INFO: [VRFC 10-2263] Analyzing Verilog file "/home/changhong/prj/finn/notebooks/EF-US-Engine-Free-Unstructured-Sparsity-Design-Alleviates-Accelerator-Bottlenecks/casestudy1/LeNet_MNIST_BNN/build/auto/home/changhong/prj/finn/notebooks/EF-US-Engine-Free-Unstructured-Sparsity-Design-Alleviates-Accelerator-Bottlenecks/casestudy1/LeNet_MNIST_BNN/tmp/auto/vivado_stitch_proj_b2b_bym1/finn_vivado_stitch_proj.gen/sources_1/bd/finn_design/ip/finn_design_StreamingDataWidthConverter_rtl_3_0/synth/finn_design_StreamingDataWidthConverter_rtl_3_0.v" into library work
INFO: [VRFC 10-311] analyzing module finn_design_StreamingDataWidthConverter_rtl_3_0
INFO: [VRFC 10-2263] Analyzing Verilog file "/home/changhong/prj/finn/notebooks/EF-US-Engine-Free-Unstructured-Sparsity-Design-Alleviates-Accelerator-Bottlenecks/casestudy1/LeNet_MNIST_BNN/build/auto/home/changhong/prj/finn/notebooks/EF-US-Engine-Free-Unstructured-Sparsity-Design-Alleviates-Accelerator-Bottlenecks/casestudy1/LeNet_MNIST_BNN/tmp/auto/vivado_stitch_proj_b2b_bym1/finn_vivado_stitch_proj.gen/sources_1/bd/finn_design/ip/finn_design_StreamingFIFO_rtl_11_0/synth/finn_design_StreamingFIFO_rtl_11_0.v" into library work
INFO: [VRFC 10-311] analyzing module finn_design_StreamingFIFO_rtl_11_0
INFO: [VRFC 10-2263] Analyzing Verilog file "/home/changhong/prj/finn/notebooks/EF-US-Engine-Free-Unstructured-Sparsity-Design-Alleviates-Accelerator-Bottlenecks/casestudy1/LeNet_MNIST_BNN/build/auto/home/changhong/prj/finn/notebooks/EF-US-Engine-Free-Unstructured-Sparsity-Design-Alleviates-Accelerator-Bottlenecks/casestudy1/LeNet_MNIST_BNN/tmp/auto/vivado_stitch_proj_b2b_bym1/finn_vivado_stitch_proj.gen/sources_1/bd/finn_design/ipshared/147e/hdl/verilog/MVAU_hls_2_flow_control_loop_pipe_sequential_init.v" into library work
INFO: [VRFC 10-311] analyzing module MVAU_hls_2_flow_control_loop_pipe_sequential_init
INFO: [VRFC 10-2263] Analyzing Verilog file "/home/changhong/prj/finn/notebooks/EF-US-Engine-Free-Unstructured-Sparsity-Design-Alleviates-Accelerator-Bottlenecks/casestudy1/LeNet_MNIST_BNN/build/auto/home/changhong/prj/finn/notebooks/EF-US-Engine-Free-Unstructured-Sparsity-Design-Alleviates-Accelerator-Bottlenecks/casestudy1/LeNet_MNIST_BNN/tmp/auto/vivado_stitch_proj_b2b_bym1/finn_vivado_stitch_proj.gen/sources_1/bd/finn_design/ipshared/147e/hdl/verilog/MVAU_hls_2_hls_deadlock_idx0_monitor.v" into library work
INFO: [VRFC 10-311] analyzing module MVAU_hls_2_hls_deadlock_idx0_monitor
INFO: [VRFC 10-2263] Analyzing Verilog file "/home/changhong/prj/finn/notebooks/EF-US-Engine-Free-Unstructured-Sparsity-Design-Alleviates-Accelerator-Bottlenecks/casestudy1/LeNet_MNIST_BNN/build/auto/home/changhong/prj/finn/notebooks/EF-US-Engine-Free-Unstructured-Sparsity-Design-Alleviates-Accelerator-Bottlenecks/casestudy1/LeNet_MNIST_BNN/tmp/auto/vivado_stitch_proj_b2b_bym1/finn_vivado_stitch_proj.gen/sources_1/bd/finn_design/ipshared/147e/hdl/verilog/MVAU_hls_2_hls_deadlock_idx1_monitor.v" into library work
INFO: [VRFC 10-311] analyzing module MVAU_hls_2_hls_deadlock_idx1_monitor
INFO: [VRFC 10-2263] Analyzing Verilog file "/home/changhong/prj/finn/notebooks/EF-US-Engine-Free-Unstructured-Sparsity-Design-Alleviates-Accelerator-Bottlenecks/casestudy1/LeNet_MNIST_BNN/build/auto/home/changhong/prj/finn/notebooks/EF-US-Engine-Free-Unstructured-Sparsity-Design-Alleviates-Accelerator-Bottlenecks/casestudy1/LeNet_MNIST_BNN/tmp/auto/vivado_stitch_proj_b2b_bym1/finn_vivado_stitch_proj.gen/sources_1/bd/finn_design/ipshared/147e/hdl/verilog/MVAU_hls_2_Matrix_Vector_Activate_Stream_Batch.v" into library work
INFO: [VRFC 10-311] analyzing module MVAU_hls_2_Matrix_Vector_Activate_Stream_Batch
INFO: [VRFC 10-2263] Analyzing Verilog file "/home/changhong/prj/finn/notebooks/EF-US-Engine-Free-Unstructured-Sparsity-Design-Alleviates-Accelerator-Bottlenecks/casestudy1/LeNet_MNIST_BNN/build/auto/home/changhong/prj/finn/notebooks/EF-US-Engine-Free-Unstructured-Sparsity-Design-Alleviates-Accelerator-Bottlenecks/casestudy1/LeNet_MNIST_BNN/tmp/auto/vivado_stitch_proj_b2b_bym1/finn_vivado_stitch_proj.gen/sources_1/bd/finn_design/ipshared/147e/hdl/verilog/MVAU_hls_2_Matrix_Vector_Activate_Stream_Batch_p_ZL7threshs_0_ROM_AUTO_1R.v" into library work
INFO: [VRFC 10-311] analyzing module MVAU_hls_2_Matrix_Vector_Activate_Stream_Batch_p_ZL7threshs_0_ROM_AUTO_1R
INFO: [VRFC 10-2263] Analyzing Verilog file "/home/changhong/prj/finn/notebooks/EF-US-Engine-Free-Unstructured-Sparsity-Design-Alleviates-Accelerator-Bottlenecks/casestudy1/LeNet_MNIST_BNN/build/auto/home/changhong/prj/finn/notebooks/EF-US-Engine-Free-Unstructured-Sparsity-Design-Alleviates-Accelerator-Bottlenecks/casestudy1/LeNet_MNIST_BNN/tmp/auto/vivado_stitch_proj_b2b_bym1/finn_vivado_stitch_proj.gen/sources_1/bd/finn_design/ipshared/147e/hdl/verilog/MVAU_hls_2_Matrix_Vector_Activate_Stream_Batch_p_ZL7threshs_1_ROM_AUTO_1R.v" into library work
INFO: [VRFC 10-311] analyzing module MVAU_hls_2_Matrix_Vector_Activate_Stream_Batch_p_ZL7threshs_1_ROM_AUTO_1R
INFO: [VRFC 10-2263] Analyzing Verilog file "/home/changhong/prj/finn/notebooks/EF-US-Engine-Free-Unstructured-Sparsity-Design-Alleviates-Accelerator-Bottlenecks/casestudy1/LeNet_MNIST_BNN/build/auto/home/changhong/prj/finn/notebooks/EF-US-Engine-Free-Unstructured-Sparsity-Design-Alleviates-Accelerator-Bottlenecks/casestudy1/LeNet_MNIST_BNN/tmp/auto/vivado_stitch_proj_b2b_bym1/finn_vivado_stitch_proj.gen/sources_1/bd/finn_design/ipshared/147e/hdl/verilog/MVAU_hls_2_mux_164_25_1_1.v" into library work
INFO: [VRFC 10-311] analyzing module MVAU_hls_2_mux_164_25_1_1
INFO: [VRFC 10-2263] Analyzing Verilog file "/home/changhong/prj/finn/notebooks/EF-US-Engine-Free-Unstructured-Sparsity-Design-Alleviates-Accelerator-Bottlenecks/casestudy1/LeNet_MNIST_BNN/build/auto/home/changhong/prj/finn/notebooks/EF-US-Engine-Free-Unstructured-Sparsity-Design-Alleviates-Accelerator-Bottlenecks/casestudy1/LeNet_MNIST_BNN/tmp/auto/vivado_stitch_proj_b2b_bym1/finn_vivado_stitch_proj.gen/sources_1/bd/finn_design/ipshared/147e/hdl/verilog/MVAU_hls_2_regslice_both.v" into library work
INFO: [VRFC 10-311] analyzing module MVAU_hls_2_regslice_both
INFO: [VRFC 10-311] analyzing module MVAU_hls_2_regslice_both_w1
INFO: [VRFC 10-2263] Analyzing Verilog file "/home/changhong/prj/finn/notebooks/EF-US-Engine-Free-Unstructured-Sparsity-Design-Alleviates-Accelerator-Bottlenecks/casestudy1/LeNet_MNIST_BNN/build/auto/home/changhong/prj/finn/notebooks/EF-US-Engine-Free-Unstructured-Sparsity-Design-Alleviates-Accelerator-Bottlenecks/casestudy1/LeNet_MNIST_BNN/tmp/auto/vivado_stitch_proj_b2b_bym1/finn_vivado_stitch_proj.gen/sources_1/bd/finn_design/ipshared/147e/hdl/verilog/MVAU_hls_2.v" into library work
INFO: [VRFC 10-311] analyzing module MVAU_hls_2
INFO: [VRFC 10-2263] Analyzing Verilog file "/home/changhong/prj/finn/notebooks/EF-US-Engine-Free-Unstructured-Sparsity-Design-Alleviates-Accelerator-Bottlenecks/casestudy1/LeNet_MNIST_BNN/build/auto/home/changhong/prj/finn/notebooks/EF-US-Engine-Free-Unstructured-Sparsity-Design-Alleviates-Accelerator-Bottlenecks/casestudy1/LeNet_MNIST_BNN/tmp/auto/vivado_stitch_proj_b2b_bym1/finn_vivado_stitch_proj.gen/sources_1/bd/finn_design/ip/finn_design_MVAU_hls_2_0/synth/finn_design_MVAU_hls_2_0.v" into library work
INFO: [VRFC 10-311] analyzing module finn_design_MVAU_hls_2_0
INFO: [VRFC 10-2263] Analyzing Verilog file "/home/changhong/prj/finn/notebooks/EF-US-Engine-Free-Unstructured-Sparsity-Design-Alleviates-Accelerator-Bottlenecks/casestudy1/LeNet_MNIST_BNN/build/auto/home/changhong/prj/finn/notebooks/EF-US-Engine-Free-Unstructured-Sparsity-Design-Alleviates-Accelerator-Bottlenecks/casestudy1/LeNet_MNIST_BNN/tmp/auto/vivado_stitch_proj_b2b_bym1/finn_vivado_stitch_proj.gen/sources_1/bd/finn_design/ip/finn_design_MVAU_hls_2_wstrm_0/synth/finn_design_MVAU_hls_2_wstrm_0.v" into library work
INFO: [VRFC 10-311] analyzing module finn_design_MVAU_hls_2_wstrm_0
INFO: [VRFC 10-2263] Analyzing Verilog file "/home/changhong/prj/finn/notebooks/EF-US-Engine-Free-Unstructured-Sparsity-Design-Alleviates-Accelerator-Bottlenecks/casestudy1/LeNet_MNIST_BNN/build/auto/home/changhong/prj/finn/notebooks/EF-US-Engine-Free-Unstructured-Sparsity-Design-Alleviates-Accelerator-Bottlenecks/casestudy1/LeNet_MNIST_BNN/tmp/auto/vivado_stitch_proj_b2b_bym1/finn_vivado_stitch_proj.gen/sources_1/bd/finn_design/ip/finn_design_StreamingFIFO_rtl_12_0/synth/finn_design_StreamingFIFO_rtl_12_0.v" into library work
INFO: [VRFC 10-311] analyzing module finn_design_StreamingFIFO_rtl_12_0
INFO: [VRFC 10-2263] Analyzing Verilog file "/home/changhong/prj/finn/notebooks/EF-US-Engine-Free-Unstructured-Sparsity-Design-Alleviates-Accelerator-Bottlenecks/casestudy1/LeNet_MNIST_BNN/build/auto/home/changhong/prj/finn/notebooks/EF-US-Engine-Free-Unstructured-Sparsity-Design-Alleviates-Accelerator-Bottlenecks/casestudy1/LeNet_MNIST_BNN/tmp/auto/vivado_stitch_proj_b2b_bym1/finn_vivado_stitch_proj.gen/sources_1/bd/finn_design/ip/finn_design_StreamingDataWidthConverter_rtl_4_0/synth/finn_design_StreamingDataWidthConverter_rtl_4_0.v" into library work
INFO: [VRFC 10-311] analyzing module finn_design_StreamingDataWidthConverter_rtl_4_0
INFO: [VRFC 10-2263] Analyzing Verilog file "/home/changhong/prj/finn/notebooks/EF-US-Engine-Free-Unstructured-Sparsity-Design-Alleviates-Accelerator-Bottlenecks/casestudy1/LeNet_MNIST_BNN/build/auto/home/changhong/prj/finn/notebooks/EF-US-Engine-Free-Unstructured-Sparsity-Design-Alleviates-Accelerator-Bottlenecks/casestudy1/LeNet_MNIST_BNN/tmp/auto/vivado_stitch_proj_b2b_bym1/finn_vivado_stitch_proj.gen/sources_1/bd/finn_design/ip/finn_design_StreamingFIFO_rtl_13_0/synth/finn_design_StreamingFIFO_rtl_13_0.v" into library work
INFO: [VRFC 10-311] analyzing module finn_design_StreamingFIFO_rtl_13_0
INFO: [VRFC 10-2263] Analyzing Verilog file "/home/changhong/prj/finn/notebooks/EF-US-Engine-Free-Unstructured-Sparsity-Design-Alleviates-Accelerator-Bottlenecks/casestudy1/LeNet_MNIST_BNN/build/auto/home/changhong/prj/finn/notebooks/EF-US-Engine-Free-Unstructured-Sparsity-Design-Alleviates-Accelerator-Bottlenecks/casestudy1/LeNet_MNIST_BNN/tmp/auto/vivado_stitch_proj_b2b_bym1/finn_vivado_stitch_proj.gen/sources_1/bd/finn_design/ipshared/0fff/hdl/verilog/MVAU_hls_3_flow_control_loop_pipe_sequential_init.v" into library work
INFO: [VRFC 10-311] analyzing module MVAU_hls_3_flow_control_loop_pipe_sequential_init
INFO: [VRFC 10-2263] Analyzing Verilog file "/home/changhong/prj/finn/notebooks/EF-US-Engine-Free-Unstructured-Sparsity-Design-Alleviates-Accelerator-Bottlenecks/casestudy1/LeNet_MNIST_BNN/build/auto/home/changhong/prj/finn/notebooks/EF-US-Engine-Free-Unstructured-Sparsity-Design-Alleviates-Accelerator-Bottlenecks/casestudy1/LeNet_MNIST_BNN/tmp/auto/vivado_stitch_proj_b2b_bym1/finn_vivado_stitch_proj.gen/sources_1/bd/finn_design/ipshared/0fff/hdl/verilog/MVAU_hls_3_hls_deadlock_idx0_monitor.v" into library work
INFO: [VRFC 10-311] analyzing module MVAU_hls_3_hls_deadlock_idx0_monitor
INFO: [VRFC 10-2263] Analyzing Verilog file "/home/changhong/prj/finn/notebooks/EF-US-Engine-Free-Unstructured-Sparsity-Design-Alleviates-Accelerator-Bottlenecks/casestudy1/LeNet_MNIST_BNN/build/auto/home/changhong/prj/finn/notebooks/EF-US-Engine-Free-Unstructured-Sparsity-Design-Alleviates-Accelerator-Bottlenecks/casestudy1/LeNet_MNIST_BNN/tmp/auto/vivado_stitch_proj_b2b_bym1/finn_vivado_stitch_proj.gen/sources_1/bd/finn_design/ipshared/0fff/hdl/verilog/MVAU_hls_3_hls_deadlock_idx1_monitor.v" into library work
INFO: [VRFC 10-311] analyzing module MVAU_hls_3_hls_deadlock_idx1_monitor
INFO: [VRFC 10-2263] Analyzing Verilog file "/home/changhong/prj/finn/notebooks/EF-US-Engine-Free-Unstructured-Sparsity-Design-Alleviates-Accelerator-Bottlenecks/casestudy1/LeNet_MNIST_BNN/build/auto/home/changhong/prj/finn/notebooks/EF-US-Engine-Free-Unstructured-Sparsity-Design-Alleviates-Accelerator-Bottlenecks/casestudy1/LeNet_MNIST_BNN/tmp/auto/vivado_stitch_proj_b2b_bym1/finn_vivado_stitch_proj.gen/sources_1/bd/finn_design/ipshared/0fff/hdl/verilog/MVAU_hls_3_Matrix_Vector_Activate_Stream_Batch.v" into library work
INFO: [VRFC 10-311] analyzing module MVAU_hls_3_Matrix_Vector_Activate_Stream_Batch
INFO: [VRFC 10-2263] Analyzing Verilog file "/home/changhong/prj/finn/notebooks/EF-US-Engine-Free-Unstructured-Sparsity-Design-Alleviates-Accelerator-Bottlenecks/casestudy1/LeNet_MNIST_BNN/build/auto/home/changhong/prj/finn/notebooks/EF-US-Engine-Free-Unstructured-Sparsity-Design-Alleviates-Accelerator-Bottlenecks/casestudy1/LeNet_MNIST_BNN/tmp/auto/vivado_stitch_proj_b2b_bym1/finn_vivado_stitch_proj.gen/sources_1/bd/finn_design/ipshared/0fff/hdl/verilog/MVAU_hls_3_Matrix_Vector_Activate_Stream_Batch_threshs_ROM_AUTO_1R.v" into library work
INFO: [VRFC 10-311] analyzing module MVAU_hls_3_Matrix_Vector_Activate_Stream_Batch_threshs_ROM_AUTO_1R
INFO: [VRFC 10-2263] Analyzing Verilog file "/home/changhong/prj/finn/notebooks/EF-US-Engine-Free-Unstructured-Sparsity-Design-Alleviates-Accelerator-Bottlenecks/casestudy1/LeNet_MNIST_BNN/build/auto/home/changhong/prj/finn/notebooks/EF-US-Engine-Free-Unstructured-Sparsity-Design-Alleviates-Accelerator-Bottlenecks/casestudy1/LeNet_MNIST_BNN/tmp/auto/vivado_stitch_proj_b2b_bym1/finn_vivado_stitch_proj.gen/sources_1/bd/finn_design/ipshared/0fff/hdl/verilog/MVAU_hls_3_mux_124_10_1_1.v" into library work
INFO: [VRFC 10-311] analyzing module MVAU_hls_3_mux_124_10_1_1
INFO: [VRFC 10-2263] Analyzing Verilog file "/home/changhong/prj/finn/notebooks/EF-US-Engine-Free-Unstructured-Sparsity-Design-Alleviates-Accelerator-Bottlenecks/casestudy1/LeNet_MNIST_BNN/build/auto/home/changhong/prj/finn/notebooks/EF-US-Engine-Free-Unstructured-Sparsity-Design-Alleviates-Accelerator-Bottlenecks/casestudy1/LeNet_MNIST_BNN/tmp/auto/vivado_stitch_proj_b2b_bym1/finn_vivado_stitch_proj.gen/sources_1/bd/finn_design/ipshared/0fff/hdl/verilog/MVAU_hls_3_regslice_both.v" into library work
INFO: [VRFC 10-311] analyzing module MVAU_hls_3_regslice_both
INFO: [VRFC 10-311] analyzing module MVAU_hls_3_regslice_both_w1
INFO: [VRFC 10-2263] Analyzing Verilog file "/home/changhong/prj/finn/notebooks/EF-US-Engine-Free-Unstructured-Sparsity-Design-Alleviates-Accelerator-Bottlenecks/casestudy1/LeNet_MNIST_BNN/build/auto/home/changhong/prj/finn/notebooks/EF-US-Engine-Free-Unstructured-Sparsity-Design-Alleviates-Accelerator-Bottlenecks/casestudy1/LeNet_MNIST_BNN/tmp/auto/vivado_stitch_proj_b2b_bym1/finn_vivado_stitch_proj.gen/sources_1/bd/finn_design/ipshared/0fff/hdl/verilog/MVAU_hls_3.v" into library work
INFO: [VRFC 10-311] analyzing module MVAU_hls_3
INFO: [VRFC 10-2263] Analyzing Verilog file "/home/changhong/prj/finn/notebooks/EF-US-Engine-Free-Unstructured-Sparsity-Design-Alleviates-Accelerator-Bottlenecks/casestudy1/LeNet_MNIST_BNN/build/auto/home/changhong/prj/finn/notebooks/EF-US-Engine-Free-Unstructured-Sparsity-Design-Alleviates-Accelerator-Bottlenecks/casestudy1/LeNet_MNIST_BNN/tmp/auto/vivado_stitch_proj_b2b_bym1/finn_vivado_stitch_proj.gen/sources_1/bd/finn_design/ip/finn_design_MVAU_hls_3_0/synth/finn_design_MVAU_hls_3_0.v" into library work
INFO: [VRFC 10-311] analyzing module finn_design_MVAU_hls_3_0
INFO: [VRFC 10-2263] Analyzing Verilog file "/home/changhong/prj/finn/notebooks/EF-US-Engine-Free-Unstructured-Sparsity-Design-Alleviates-Accelerator-Bottlenecks/casestudy1/LeNet_MNIST_BNN/build/auto/home/changhong/prj/finn/notebooks/EF-US-Engine-Free-Unstructured-Sparsity-Design-Alleviates-Accelerator-Bottlenecks/casestudy1/LeNet_MNIST_BNN/tmp/auto/vivado_stitch_proj_b2b_bym1/finn_vivado_stitch_proj.gen/sources_1/bd/finn_design/ip/finn_design_MVAU_hls_3_wstrm_0/synth/finn_design_MVAU_hls_3_wstrm_0.v" into library work
INFO: [VRFC 10-311] analyzing module finn_design_MVAU_hls_3_wstrm_0
INFO: [VRFC 10-2263] Analyzing Verilog file "/home/changhong/prj/finn/notebooks/EF-US-Engine-Free-Unstructured-Sparsity-Design-Alleviates-Accelerator-Bottlenecks/casestudy1/LeNet_MNIST_BNN/build/auto/home/changhong/prj/finn/notebooks/EF-US-Engine-Free-Unstructured-Sparsity-Design-Alleviates-Accelerator-Bottlenecks/casestudy1/LeNet_MNIST_BNN/tmp/auto/vivado_stitch_proj_b2b_bym1/finn_vivado_stitch_proj.gen/sources_1/bd/finn_design/ip/finn_design_StreamingFIFO_rtl_14_0/synth/finn_design_StreamingFIFO_rtl_14_0.v" into library work
INFO: [VRFC 10-311] analyzing module finn_design_StreamingFIFO_rtl_14_0
INFO: [VRFC 10-2263] Analyzing Verilog file "/home/changhong/prj/finn/notebooks/EF-US-Engine-Free-Unstructured-Sparsity-Design-Alleviates-Accelerator-Bottlenecks/casestudy1/LeNet_MNIST_BNN/build/auto/home/changhong/prj/finn/notebooks/EF-US-Engine-Free-Unstructured-Sparsity-Design-Alleviates-Accelerator-Bottlenecks/casestudy1/LeNet_MNIST_BNN/tmp/auto/vivado_stitch_proj_b2b_bym1/finn_vivado_stitch_proj.gen/sources_1/bd/finn_design/ipshared/dc9c/hdl/verilog/MVAU_hls_4_flow_control_loop_pipe_no_ap_cont.v" into library work
INFO: [VRFC 10-311] analyzing module MVAU_hls_4_flow_control_loop_pipe_no_ap_cont
INFO: [VRFC 10-2263] Analyzing Verilog file "/home/changhong/prj/finn/notebooks/EF-US-Engine-Free-Unstructured-Sparsity-Design-Alleviates-Accelerator-Bottlenecks/casestudy1/LeNet_MNIST_BNN/build/auto/home/changhong/prj/finn/notebooks/EF-US-Engine-Free-Unstructured-Sparsity-Design-Alleviates-Accelerator-Bottlenecks/casestudy1/LeNet_MNIST_BNN/tmp/auto/vivado_stitch_proj_b2b_bym1/finn_vivado_stitch_proj.gen/sources_1/bd/finn_design/ipshared/dc9c/hdl/verilog/MVAU_hls_4_hls_deadlock_idx0_monitor.v" into library work
INFO: [VRFC 10-311] analyzing module MVAU_hls_4_hls_deadlock_idx0_monitor
INFO: [VRFC 10-2263] Analyzing Verilog file "/home/changhong/prj/finn/notebooks/EF-US-Engine-Free-Unstructured-Sparsity-Design-Alleviates-Accelerator-Bottlenecks/casestudy1/LeNet_MNIST_BNN/build/auto/home/changhong/prj/finn/notebooks/EF-US-Engine-Free-Unstructured-Sparsity-Design-Alleviates-Accelerator-Bottlenecks/casestudy1/LeNet_MNIST_BNN/tmp/auto/vivado_stitch_proj_b2b_bym1/finn_vivado_stitch_proj.gen/sources_1/bd/finn_design/ipshared/dc9c/hdl/verilog/MVAU_hls_4_mux_847_1_1_1.v" into library work
INFO: [VRFC 10-311] analyzing module MVAU_hls_4_mux_847_1_1_1
INFO: [VRFC 10-2263] Analyzing Verilog file "/home/changhong/prj/finn/notebooks/EF-US-Engine-Free-Unstructured-Sparsity-Design-Alleviates-Accelerator-Bottlenecks/casestudy1/LeNet_MNIST_BNN/build/auto/home/changhong/prj/finn/notebooks/EF-US-Engine-Free-Unstructured-Sparsity-Design-Alleviates-Accelerator-Bottlenecks/casestudy1/LeNet_MNIST_BNN/tmp/auto/vivado_stitch_proj_b2b_bym1/finn_vivado_stitch_proj.gen/sources_1/bd/finn_design/ipshared/dc9c/hdl/verilog/MVAU_hls_4_regslice_both.v" into library work
INFO: [VRFC 10-311] analyzing module MVAU_hls_4_regslice_both
INFO: [VRFC 10-311] analyzing module MVAU_hls_4_regslice_both_w1
INFO: [VRFC 10-2263] Analyzing Verilog file "/home/changhong/prj/finn/notebooks/EF-US-Engine-Free-Unstructured-Sparsity-Design-Alleviates-Accelerator-Bottlenecks/casestudy1/LeNet_MNIST_BNN/build/auto/home/changhong/prj/finn/notebooks/EF-US-Engine-Free-Unstructured-Sparsity-Design-Alleviates-Accelerator-Bottlenecks/casestudy1/LeNet_MNIST_BNN/tmp/auto/vivado_stitch_proj_b2b_bym1/finn_vivado_stitch_proj.gen/sources_1/bd/finn_design/ipshared/dc9c/hdl/verilog/MVAU_hls_4.v" into library work
INFO: [VRFC 10-311] analyzing module MVAU_hls_4
INFO: [VRFC 10-2263] Analyzing Verilog file "/home/changhong/prj/finn/notebooks/EF-US-Engine-Free-Unstructured-Sparsity-Design-Alleviates-Accelerator-Bottlenecks/casestudy1/LeNet_MNIST_BNN/build/auto/home/changhong/prj/finn/notebooks/EF-US-Engine-Free-Unstructured-Sparsity-Design-Alleviates-Accelerator-Bottlenecks/casestudy1/LeNet_MNIST_BNN/tmp/auto/vivado_stitch_proj_b2b_bym1/finn_vivado_stitch_proj.gen/sources_1/bd/finn_design/ip/finn_design_MVAU_hls_4_0/synth/finn_design_MVAU_hls_4_0.v" into library work
INFO: [VRFC 10-311] analyzing module finn_design_MVAU_hls_4_0
INFO: [VRFC 10-2263] Analyzing Verilog file "/home/changhong/prj/finn/notebooks/EF-US-Engine-Free-Unstructured-Sparsity-Design-Alleviates-Accelerator-Bottlenecks/casestudy1/LeNet_MNIST_BNN/build/auto/home/changhong/prj/finn/notebooks/EF-US-Engine-Free-Unstructured-Sparsity-Design-Alleviates-Accelerator-Bottlenecks/casestudy1/LeNet_MNIST_BNN/tmp/auto/vivado_stitch_proj_b2b_bym1/finn_vivado_stitch_proj.gen/sources_1/bd/finn_design/ip/finn_design_MVAU_hls_4_wstrm_0/synth/finn_design_MVAU_hls_4_wstrm_0.v" into library work
INFO: [VRFC 10-311] analyzing module finn_design_MVAU_hls_4_wstrm_0
INFO: [VRFC 10-2263] Analyzing Verilog file "/home/changhong/prj/finn/notebooks/EF-US-Engine-Free-Unstructured-Sparsity-Design-Alleviates-Accelerator-Bottlenecks/casestudy1/LeNet_MNIST_BNN/build/auto/home/changhong/prj/finn/notebooks/EF-US-Engine-Free-Unstructured-Sparsity-Design-Alleviates-Accelerator-Bottlenecks/casestudy1/LeNet_MNIST_BNN/tmp/auto/vivado_stitch_proj_b2b_bym1/finn_vivado_stitch_proj.gen/sources_1/bd/finn_design/ip/finn_design_StreamingFIFO_rtl_15_0/synth/finn_design_StreamingFIFO_rtl_15_0.v" into library work
INFO: [VRFC 10-311] analyzing module finn_design_StreamingFIFO_rtl_15_0
INFO: [VRFC 10-2263] Analyzing Verilog file "/home/changhong/prj/finn/notebooks/EF-US-Engine-Free-Unstructured-Sparsity-Design-Alleviates-Accelerator-Bottlenecks/casestudy1/LeNet_MNIST_BNN/build/auto/home/changhong/prj/finn/notebooks/EF-US-Engine-Free-Unstructured-Sparsity-Design-Alleviates-Accelerator-Bottlenecks/casestudy1/LeNet_MNIST_BNN/tmp/auto/vivado_stitch_proj_b2b_bym1/finn_vivado_stitch_proj.gen/sources_1/bd/finn_design/synth/finn_design.v" into library work
INFO: [VRFC 10-311] analyzing module MVAU_hls_0_imp_7OH4JA
INFO: [VRFC 10-311] analyzing module MVAU_hls_1_imp_ZIW0NT
INFO: [VRFC 10-311] analyzing module MVAU_hls_2_imp_1WP2WTL
INFO: [VRFC 10-311] analyzing module MVAU_hls_3_imp_U0RWZQ
INFO: [VRFC 10-311] analyzing module MVAU_hls_4_imp_6UFUIX
INFO: [VRFC 10-311] analyzing module finn_design
INFO: [VRFC 10-2263] Analyzing Verilog file "/home/changhong/prj/finn/notebooks/EF-US-Engine-Free-Unstructured-Sparsity-Design-Alleviates-Accelerator-Bottlenecks/casestudy1/LeNet_MNIST_BNN/build/auto/home/changhong/prj/finn/notebooks/EF-US-Engine-Free-Unstructured-Sparsity-Design-Alleviates-Accelerator-Bottlenecks/casestudy1/LeNet_MNIST_BNN/tmp/auto/code_gen_ipgen_StreamingFIFO_rtl_0_gn9k04ac/Q_srl.v" into library work
INFO: [VRFC 10-311] analyzing module Q_srl
INFO: [VRFC 10-2263] Analyzing Verilog file "/home/changhong/prj/finn/notebooks/EF-US-Engine-Free-Unstructured-Sparsity-Design-Alleviates-Accelerator-Bottlenecks/casestudy1/LeNet_MNIST_BNN/build/auto/home/changhong/prj/finn/notebooks/EF-US-Engine-Free-Unstructured-Sparsity-Design-Alleviates-Accelerator-Bottlenecks/casestudy1/LeNet_MNIST_BNN/tmp/auto/code_gen_ipgen_StreamingFIFO_rtl_0_gn9k04ac/StreamingFIFO_rtl_0.v" into library work
INFO: [VRFC 10-311] analyzing module StreamingFIFO_rtl_0
INFO: [VRFC 10-2263] Analyzing SystemVerilog file "/home/changhong/prj/finn/notebooks/EF-US-Engine-Free-Unstructured-Sparsity-Design-Alleviates-Accelerator-Bottlenecks/casestudy1/LeNet_MNIST_BNN/build/auto/home/changhong/prj/finn/notebooks/EF-US-Engine-Free-Unstructured-Sparsity-Design-Alleviates-Accelerator-Bottlenecks/casestudy1/LeNet_MNIST_BNN/tmp/auto/code_gen_ipgen_ConvolutionInputGenerator_rtl_0_lom1svf6/swg_pkg.sv" into library work
INFO: [VRFC 10-2263] Analyzing Verilog file "/home/changhong/prj/finn/notebooks/EF-US-Engine-Free-Unstructured-Sparsity-Design-Alleviates-Accelerator-Bottlenecks/casestudy1/LeNet_MNIST_BNN/build/auto/home/changhong/prj/finn/notebooks/EF-US-Engine-Free-Unstructured-Sparsity-Design-Alleviates-Accelerator-Bottlenecks/casestudy1/LeNet_MNIST_BNN/tmp/auto/code_gen_ipgen_ConvolutionInputGenerator_rtl_0_lom1svf6/ConvolutionInputGenerator_rtl_0_wrapper.v" into library work
INFO: [VRFC 10-311] analyzing module ConvolutionInputGenerator_rtl_0
WARNING: [VRFC 10-3380] identifier 'IN_WIDTH_PADDED' is used before its declaration [/home/changhong/prj/finn/notebooks/EF-US-Engine-Free-Unstructured-Sparsity-Design-Alleviates-Accelerator-Bottlenecks/casestudy1/LeNet_MNIST_BNN/build/auto/home/changhong/prj/finn/notebooks/EF-US-Engine-Free-Unstructured-Sparsity-Design-Alleviates-Accelerator-Bottlenecks/casestudy1/LeNet_MNIST_BNN/tmp/auto/code_gen_ipgen_ConvolutionInputGenerator_rtl_0_lom1svf6/ConvolutionInputGenerator_rtl_0_wrapper.v:38]
WARNING: [VRFC 10-3380] identifier 'OUT_WIDTH_PADDED' is used before its declaration [/home/changhong/prj/finn/notebooks/EF-US-Engine-Free-Unstructured-Sparsity-Design-Alleviates-Accelerator-Bottlenecks/casestudy1/LeNet_MNIST_BNN/build/auto/home/changhong/prj/finn/notebooks/EF-US-Engine-Free-Unstructured-Sparsity-Design-Alleviates-Accelerator-Bottlenecks/casestudy1/LeNet_MNIST_BNN/tmp/auto/code_gen_ipgen_ConvolutionInputGenerator_rtl_0_lom1svf6/ConvolutionInputGenerator_rtl_0_wrapper.v:41]
WARNING: [VRFC 10-8434] closing label :ConvolutionInputGenerator_rtl_0 is only allowed in SystemVerilog mode [/home/changhong/prj/finn/notebooks/EF-US-Engine-Free-Unstructured-Sparsity-Design-Alleviates-Accelerator-Bottlenecks/casestudy1/LeNet_MNIST_BNN/build/auto/home/changhong/prj/finn/notebooks/EF-US-Engine-Free-Unstructured-Sparsity-Design-Alleviates-Accelerator-Bottlenecks/casestudy1/LeNet_MNIST_BNN/tmp/auto/code_gen_ipgen_ConvolutionInputGenerator_rtl_0_lom1svf6/ConvolutionInputGenerator_rtl_0_wrapper.v:78]
WARNING: [VRFC 10-8434] closing label :ConvolutionInputGenerator_rtl_0 is only allowed in SystemVerilog mode [/home/changhong/prj/finn/notebooks/EF-US-Engine-Free-Unstructured-Sparsity-Design-Alleviates-Accelerator-Bottlenecks/casestudy1/LeNet_MNIST_BNN/build/auto/home/changhong/prj/finn/notebooks/EF-US-Engine-Free-Unstructured-Sparsity-Design-Alleviates-Accelerator-Bottlenecks/casestudy1/LeNet_MNIST_BNN/tmp/auto/code_gen_ipgen_ConvolutionInputGenerator_rtl_0_lom1svf6/ConvolutionInputGenerator_rtl_0_wrapper.v:32]
INFO: [VRFC 10-2263] Analyzing SystemVerilog file "/home/changhong/prj/finn/notebooks/EF-US-Engine-Free-Unstructured-Sparsity-Design-Alleviates-Accelerator-Bottlenecks/casestudy1/LeNet_MNIST_BNN/build/auto/home/changhong/prj/finn/notebooks/EF-US-Engine-Free-Unstructured-Sparsity-Design-Alleviates-Accelerator-Bottlenecks/casestudy1/LeNet_MNIST_BNN/tmp/auto/code_gen_ipgen_ConvolutionInputGenerator_rtl_0_lom1svf6/ConvolutionInputGenerator_rtl_0_impl.sv" into library work
INFO: [VRFC 10-311] analyzing module ConvolutionInputGenerator_rtl_0_wb
INFO: [VRFC 10-311] analyzing module ConvolutionInputGenerator_rtl_0_impl
WARNING: [VRFC 10-3467] initial value of parameter 'BIT_WIDTH' is omitted [/home/changhong/prj/finn/notebooks/EF-US-Engine-Free-Unstructured-Sparsity-Design-Alleviates-Accelerator-Bottlenecks/casestudy1/LeNet_MNIST_BNN/build/auto/home/changhong/prj/finn/notebooks/EF-US-Engine-Free-Unstructured-Sparsity-Design-Alleviates-Accelerator-Bottlenecks/casestudy1/LeNet_MNIST_BNN/tmp/auto/code_gen_ipgen_ConvolutionInputGenerator_rtl_0_lom1svf6/ConvolutionInputGenerator_rtl_0_impl.sv:301]
WARNING: [VRFC 10-3467] initial value of parameter 'SIMD' is omitted [/home/changhong/prj/finn/notebooks/EF-US-Engine-Free-Unstructured-Sparsity-Design-Alleviates-Accelerator-Bottlenecks/casestudy1/LeNet_MNIST_BNN/build/auto/home/changhong/prj/finn/notebooks/EF-US-Engine-Free-Unstructured-Sparsity-Design-Alleviates-Accelerator-Bottlenecks/casestudy1/LeNet_MNIST_BNN/tmp/auto/code_gen_ipgen_ConvolutionInputGenerator_rtl_0_lom1svf6/ConvolutionInputGenerator_rtl_0_impl.sv:302]
WARNING: [VRFC 10-3467] initial value of parameter 'MMV_IN' is omitted [/home/changhong/prj/finn/notebooks/EF-US-Engine-Free-Unstructured-Sparsity-Design-Alleviates-Accelerator-Bottlenecks/casestudy1/LeNet_MNIST_BNN/build/auto/home/changhong/prj/finn/notebooks/EF-US-Engine-Free-Unstructured-Sparsity-Design-Alleviates-Accelerator-Bottlenecks/casestudy1/LeNet_MNIST_BNN/tmp/auto/code_gen_ipgen_ConvolutionInputGenerator_rtl_0_lom1svf6/ConvolutionInputGenerator_rtl_0_impl.sv:303]
WARNING: [VRFC 10-3467] initial value of parameter 'MMV_OUT' is omitted [/home/changhong/prj/finn/notebooks/EF-US-Engine-Free-Unstructured-Sparsity-Design-Alleviates-Accelerator-Bottlenecks/casestudy1/LeNet_MNIST_BNN/build/auto/home/changhong/prj/finn/notebooks/EF-US-Engine-Free-Unstructured-Sparsity-Design-Alleviates-Accelerator-Bottlenecks/casestudy1/LeNet_MNIST_BNN/tmp/auto/code_gen_ipgen_ConvolutionInputGenerator_rtl_0_lom1svf6/ConvolutionInputGenerator_rtl_0_impl.sv:304]
INFO: [VRFC 10-2263] Analyzing SystemVerilog file "/home/changhong/prj/finn/notebooks/EF-US-Engine-Free-Unstructured-Sparsity-Design-Alleviates-Accelerator-Bottlenecks/casestudy1/LeNet_MNIST_BNN/build/auto/home/changhong/prj/finn/notebooks/EF-US-Engine-Free-Unstructured-Sparsity-Design-Alleviates-Accelerator-Bottlenecks/casestudy1/LeNet_MNIST_BNN/tmp/auto/code_gen_ipgen_ConvolutionInputGenerator_rtl_0_lom1svf6/swg_common.sv" into library work
INFO: [VRFC 10-311] analyzing module swg_controller
WARNING: [VRFC 10-3467] initial value of parameter 'LOOP_H_ITERATIONS' is omitted [/home/changhong/prj/finn/notebooks/EF-US-Engine-Free-Unstructured-Sparsity-Design-Alleviates-Accelerator-Bottlenecks/casestudy1/LeNet_MNIST_BNN/build/auto/home/changhong/prj/finn/notebooks/EF-US-Engine-Free-Unstructured-Sparsity-Design-Alleviates-Accelerator-Bottlenecks/casestudy1/LeNet_MNIST_BNN/tmp/auto/code_gen_ipgen_ConvolutionInputGenerator_rtl_0_lom1svf6/swg_common.sv:36]
WARNING: [VRFC 10-3467] initial value of parameter 'LOOP_W_ITERATIONS' is omitted [/home/changhong/prj/finn/notebooks/EF-US-Engine-Free-Unstructured-Sparsity-Design-Alleviates-Accelerator-Bottlenecks/casestudy1/LeNet_MNIST_BNN/build/auto/home/changhong/prj/finn/notebooks/EF-US-Engine-Free-Unstructured-Sparsity-Design-Alleviates-Accelerator-Bottlenecks/casestudy1/LeNet_MNIST_BNN/tmp/auto/code_gen_ipgen_ConvolutionInputGenerator_rtl_0_lom1svf6/swg_common.sv:37]
WARNING: [VRFC 10-3467] initial value of parameter 'LOOP_KH_ITERATIONS' is omitted [/home/changhong/prj/finn/notebooks/EF-US-Engine-Free-Unstructured-Sparsity-Design-Alleviates-Accelerator-Bottlenecks/casestudy1/LeNet_MNIST_BNN/build/auto/home/changhong/prj/finn/notebooks/EF-US-Engine-Free-Unstructured-Sparsity-Design-Alleviates-Accelerator-Bottlenecks/casestudy1/LeNet_MNIST_BNN/tmp/auto/code_gen_ipgen_ConvolutionInputGenerator_rtl_0_lom1svf6/swg_common.sv:38]
WARNING: [VRFC 10-3467] initial value of parameter 'LOOP_KW_ITERATIONS' is omitted [/home/changhong/prj/finn/notebooks/EF-US-Engine-Free-Unstructured-Sparsity-Design-Alleviates-Accelerator-Bottlenecks/casestudy1/LeNet_MNIST_BNN/build/auto/home/changhong/prj/finn/notebooks/EF-US-Engine-Free-Unstructured-Sparsity-Design-Alleviates-Accelerator-Bottlenecks/casestudy1/LeNet_MNIST_BNN/tmp/auto/code_gen_ipgen_ConvolutionInputGenerator_rtl_0_lom1svf6/swg_common.sv:39]
WARNING: [VRFC 10-3467] initial value of parameter 'LOOP_SIMD_ITERATIONS' is omitted [/home/changhong/prj/finn/notebooks/EF-US-Engine-Free-Unstructured-Sparsity-Design-Alleviates-Accelerator-Bottlenecks/casestudy1/LeNet_MNIST_BNN/build/auto/home/changhong/prj/finn/notebooks/EF-US-Engine-Free-Unstructured-Sparsity-Design-Alleviates-Accelerator-Bottlenecks/casestudy1/LeNet_MNIST_BNN/tmp/auto/code_gen_ipgen_ConvolutionInputGenerator_rtl_0_lom1svf6/swg_common.sv:40]
WARNING: [VRFC 10-3467] initial value of parameter 'INCR_BITWIDTH' is omitted [/home/changhong/prj/finn/notebooks/EF-US-Engine-Free-Unstructured-Sparsity-Design-Alleviates-Accelerator-Bottlenecks/casestudy1/LeNet_MNIST_BNN/build/auto/home/changhong/prj/finn/notebooks/EF-US-Engine-Free-Unstructured-Sparsity-Design-Alleviates-Accelerator-Bottlenecks/casestudy1/LeNet_MNIST_BNN/tmp/auto/code_gen_ipgen_ConvolutionInputGenerator_rtl_0_lom1svf6/swg_common.sv:42]
WARNING: [VRFC 10-3467] initial value of parameter 'IS_DEPTHWISE' is omitted [/home/changhong/prj/finn/notebooks/EF-US-Engine-Free-Unstructured-Sparsity-Design-Alleviates-Accelerator-Bottlenecks/casestudy1/LeNet_MNIST_BNN/build/auto/home/changhong/prj/finn/notebooks/EF-US-Engine-Free-Unstructured-Sparsity-Design-Alleviates-Accelerator-Bottlenecks/casestudy1/LeNet_MNIST_BNN/tmp/auto/code_gen_ipgen_ConvolutionInputGenerator_rtl_0_lom1svf6/swg_common.sv:44]
WARNING: [VRFC 10-3467] initial value of parameter 'HEAD_INCR_SIMD' is omitted [/home/changhong/prj/finn/notebooks/EF-US-Engine-Free-Unstructured-Sparsity-Design-Alleviates-Accelerator-Bottlenecks/casestudy1/LeNet_MNIST_BNN/build/auto/home/changhong/prj/finn/notebooks/EF-US-Engine-Free-Unstructured-Sparsity-Design-Alleviates-Accelerator-Bottlenecks/casestudy1/LeNet_MNIST_BNN/tmp/auto/code_gen_ipgen_ConvolutionInputGenerator_rtl_0_lom1svf6/swg_common.sv:46]
WARNING: [VRFC 10-3467] initial value of parameter 'HEAD_INCR_KW' is omitted [/home/changhong/prj/finn/notebooks/EF-US-Engine-Free-Unstructured-Sparsity-Design-Alleviates-Accelerator-Bottlenecks/casestudy1/LeNet_MNIST_BNN/build/auto/home/changhong/prj/finn/notebooks/EF-US-Engine-Free-Unstructured-Sparsity-Design-Alleviates-Accelerator-Bottlenecks/casestudy1/LeNet_MNIST_BNN/tmp/auto/code_gen_ipgen_ConvolutionInputGenerator_rtl_0_lom1svf6/swg_common.sv:47]
WARNING: [VRFC 10-3467] initial value of parameter 'HEAD_INCR_KH' is omitted [/home/changhong/prj/finn/notebooks/EF-US-Engine-Free-Unstructured-Sparsity-Design-Alleviates-Accelerator-Bottlenecks/casestudy1/LeNet_MNIST_BNN/build/auto/home/changhong/prj/finn/notebooks/EF-US-Engine-Free-Unstructured-Sparsity-Design-Alleviates-Accelerator-Bottlenecks/casestudy1/LeNet_MNIST_BNN/tmp/auto/code_gen_ipgen_ConvolutionInputGenerator_rtl_0_lom1svf6/swg_common.sv:48]
WARNING: [VRFC 10-3467] initial value of parameter 'HEAD_INCR_W' is omitted [/home/changhong/prj/finn/notebooks/EF-US-Engine-Free-Unstructured-Sparsity-Design-Alleviates-Accelerator-Bottlenecks/casestudy1/LeNet_MNIST_BNN/build/auto/home/changhong/prj/finn/notebooks/EF-US-Engine-Free-Unstructured-Sparsity-Design-Alleviates-Accelerator-Bottlenecks/casestudy1/LeNet_MNIST_BNN/tmp/auto/code_gen_ipgen_ConvolutionInputGenerator_rtl_0_lom1svf6/swg_common.sv:49]
WARNING: [VRFC 10-3467] initial value of parameter 'HEAD_INCR_H' is omitted [/home/changhong/prj/finn/notebooks/EF-US-Engine-Free-Unstructured-Sparsity-Design-Alleviates-Accelerator-Bottlenecks/casestudy1/LeNet_MNIST_BNN/build/auto/home/changhong/prj/finn/notebooks/EF-US-Engine-Free-Unstructured-Sparsity-Design-Alleviates-Accelerator-Bottlenecks/casestudy1/LeNet_MNIST_BNN/tmp/auto/code_gen_ipgen_ConvolutionInputGenerator_rtl_0_lom1svf6/swg_common.sv:50]
WARNING: [VRFC 10-3467] initial value of parameter 'TAIL_INCR_W' is omitted [/home/changhong/prj/finn/notebooks/EF-US-Engine-Free-Unstructured-Sparsity-Design-Alleviates-Accelerator-Bottlenecks/casestudy1/LeNet_MNIST_BNN/build/auto/home/changhong/prj/finn/notebooks/EF-US-Engine-Free-Unstructured-Sparsity-Design-Alleviates-Accelerator-Bottlenecks/casestudy1/LeNet_MNIST_BNN/tmp/auto/code_gen_ipgen_ConvolutionInputGenerator_rtl_0_lom1svf6/swg_common.sv:51]
WARNING: [VRFC 10-3467] initial value of parameter 'TAIL_INCR_H' is omitted [/home/changhong/prj/finn/notebooks/EF-US-Engine-Free-Unstructured-Sparsity-Design-Alleviates-Accelerator-Bottlenecks/casestudy1/LeNet_MNIST_BNN/build/auto/home/changhong/prj/finn/notebooks/EF-US-Engine-Free-Unstructured-Sparsity-Design-Alleviates-Accelerator-Bottlenecks/casestudy1/LeNet_MNIST_BNN/tmp/auto/code_gen_ipgen_ConvolutionInputGenerator_rtl_0_lom1svf6/swg_common.sv:52]
WARNING: [VRFC 10-3467] initial value of parameter 'TAIL_INCR_LAST' is omitted [/home/changhong/prj/finn/notebooks/EF-US-Engine-Free-Unstructured-Sparsity-Design-Alleviates-Accelerator-Bottlenecks/casestudy1/LeNet_MNIST_BNN/build/auto/home/changhong/prj/finn/notebooks/EF-US-Engine-Free-Unstructured-Sparsity-Design-Alleviates-Accelerator-Bottlenecks/casestudy1/LeNet_MNIST_BNN/tmp/auto/code_gen_ipgen_ConvolutionInputGenerator_rtl_0_lom1svf6/swg_common.sv:53]
WARNING: [VRFC 10-3467] initial value of parameter 'INNERMOST_STATE' is omitted [/home/changhong/prj/finn/notebooks/EF-US-Engine-Free-Unstructured-Sparsity-Design-Alleviates-Accelerator-Bottlenecks/casestudy1/LeNet_MNIST_BNN/build/auto/home/changhong/prj/finn/notebooks/EF-US-Engine-Free-Unstructured-Sparsity-Design-Alleviates-Accelerator-Bottlenecks/casestudy1/LeNet_MNIST_BNN/tmp/auto/code_gen_ipgen_ConvolutionInputGenerator_rtl_0_lom1svf6/swg_common.sv:55]
INFO: [VRFC 10-311] analyzing module swg_cyclic_buffer_addressable
WARNING: [VRFC 10-3467] initial value of parameter 'WIDTH' is omitted [/home/changhong/prj/finn/notebooks/EF-US-Engine-Free-Unstructured-Sparsity-Design-Alleviates-Accelerator-Bottlenecks/casestudy1/LeNet_MNIST_BNN/build/auto/home/changhong/prj/finn/notebooks/EF-US-Engine-Free-Unstructured-Sparsity-Design-Alleviates-Accelerator-Bottlenecks/casestudy1/LeNet_MNIST_BNN/tmp/auto/code_gen_ipgen_ConvolutionInputGenerator_rtl_0_lom1svf6/swg_common.sv:150]
WARNING: [VRFC 10-3467] initial value of parameter 'DEPTH' is omitted [/home/changhong/prj/finn/notebooks/EF-US-Engine-Free-Unstructured-Sparsity-Design-Alleviates-Accelerator-Bottlenecks/casestudy1/LeNet_MNIST_BNN/build/auto/home/changhong/prj/finn/notebooks/EF-US-Engine-Free-Unstructured-Sparsity-Design-Alleviates-Accelerator-Bottlenecks/casestudy1/LeNet_MNIST_BNN/tmp/auto/code_gen_ipgen_ConvolutionInputGenerator_rtl_0_lom1svf6/swg_common.sv:151]
INFO: [VRFC 10-311] analyzing module swg_reg_buffer
INFO: [VRFC 10-311] analyzing module swg_ram_buffer
WARNING: [VRFC 10-3467] initial value of parameter 'WIDTH' is omitted [/home/changhong/prj/finn/notebooks/EF-US-Engine-Free-Unstructured-Sparsity-Design-Alleviates-Accelerator-Bottlenecks/casestudy1/LeNet_MNIST_BNN/build/auto/home/changhong/prj/finn/notebooks/EF-US-Engine-Free-Unstructured-Sparsity-Design-Alleviates-Accelerator-Bottlenecks/casestudy1/LeNet_MNIST_BNN/tmp/auto/code_gen_ipgen_ConvolutionInputGenerator_rtl_0_lom1svf6/swg_common.sv:207]
WARNING: [VRFC 10-3467] initial value of parameter 'DEPTH' is omitted [/home/changhong/prj/finn/notebooks/EF-US-Engine-Free-Unstructured-Sparsity-Design-Alleviates-Accelerator-Bottlenecks/casestudy1/LeNet_MNIST_BNN/build/auto/home/changhong/prj/finn/notebooks/EF-US-Engine-Free-Unstructured-Sparsity-Design-Alleviates-Accelerator-Bottlenecks/casestudy1/LeNet_MNIST_BNN/tmp/auto/code_gen_ipgen_ConvolutionInputGenerator_rtl_0_lom1svf6/swg_common.sv:208]
INFO: [VRFC 10-2263] Analyzing Verilog file "/home/changhong/prj/finn/notebooks/EF-US-Engine-Free-Unstructured-Sparsity-Design-Alleviates-Accelerator-Bottlenecks/casestudy1/LeNet_MNIST_BNN/build/auto/home/changhong/prj/finn/notebooks/EF-US-Engine-Free-Unstructured-Sparsity-Design-Alleviates-Accelerator-Bottlenecks/casestudy1/LeNet_MNIST_BNN/tmp/auto/code_gen_ipgen_StreamingFIFO_rtl_1_02r5r2ek/Q_srl.v" into library work
INFO: [VRFC 10-311] analyzing module Q_srl
WARNING: [VRFC 10-3609] overwriting previous definition of module 'Q_srl' [/home/changhong/prj/finn/notebooks/EF-US-Engine-Free-Unstructured-Sparsity-Design-Alleviates-Accelerator-Bottlenecks/casestudy1/LeNet_MNIST_BNN/build/auto/home/changhong/prj/finn/notebooks/EF-US-Engine-Free-Unstructured-Sparsity-Design-Alleviates-Accelerator-Bottlenecks/casestudy1/LeNet_MNIST_BNN/tmp/auto/code_gen_ipgen_StreamingFIFO_rtl_1_02r5r2ek/Q_srl.v:72]
INFO: [VRFC 10-2263] Analyzing Verilog file "/home/changhong/prj/finn/notebooks/EF-US-Engine-Free-Unstructured-Sparsity-Design-Alleviates-Accelerator-Bottlenecks/casestudy1/LeNet_MNIST_BNN/build/auto/home/changhong/prj/finn/notebooks/EF-US-Engine-Free-Unstructured-Sparsity-Design-Alleviates-Accelerator-Bottlenecks/casestudy1/LeNet_MNIST_BNN/tmp/auto/code_gen_ipgen_StreamingFIFO_rtl_1_02r5r2ek/StreamingFIFO_rtl_1.v" into library work
INFO: [VRFC 10-311] analyzing module StreamingFIFO_rtl_1
INFO: [VRFC 10-2263] Analyzing Verilog file "/home/changhong/prj/finn/notebooks/EF-US-Engine-Free-Unstructured-Sparsity-Design-Alleviates-Accelerator-Bottlenecks/casestudy1/LeNet_MNIST_BNN/build/auto/home/changhong/prj/finn/notebooks/EF-US-Engine-Free-Unstructured-Sparsity-Design-Alleviates-Accelerator-Bottlenecks/casestudy1/LeNet_MNIST_BNN/tmp/auto/vivado_stitch_proj_b2b_bym1/ip/verilog/rtl_ops/MVAU_hls_0/MVAU_hls_0_memstream_wrapper.v" into library work
INFO: [VRFC 10-311] analyzing module MVAU_hls_0_memstream_wrapper
WARNING: [VRFC 10-8434] closing label :MVAU_hls_0_memstream_wrapper is only allowed in SystemVerilog mode [/home/changhong/prj/finn/notebooks/EF-US-Engine-Free-Unstructured-Sparsity-Design-Alleviates-Accelerator-Bottlenecks/casestudy1/LeNet_MNIST_BNN/build/auto/home/changhong/prj/finn/notebooks/EF-US-Engine-Free-Unstructured-Sparsity-Design-Alleviates-Accelerator-Bottlenecks/casestudy1/LeNet_MNIST_BNN/tmp/auto/vivado_stitch_proj_b2b_bym1/ip/verilog/rtl_ops/MVAU_hls_0/MVAU_hls_0_memstream_wrapper.v:120]
WARNING: [VRFC 10-8434] closing label :MVAU_hls_0_memstream_wrapper is only allowed in SystemVerilog mode [/home/changhong/prj/finn/notebooks/EF-US-Engine-Free-Unstructured-Sparsity-Design-Alleviates-Accelerator-Bottlenecks/casestudy1/LeNet_MNIST_BNN/build/auto/home/changhong/prj/finn/notebooks/EF-US-Engine-Free-Unstructured-Sparsity-Design-Alleviates-Accelerator-Bottlenecks/casestudy1/LeNet_MNIST_BNN/tmp/auto/vivado_stitch_proj_b2b_bym1/ip/verilog/rtl_ops/MVAU_hls_0/MVAU_hls_0_memstream_wrapper.v:32]
INFO: [VRFC 10-2263] Analyzing Verilog file "/home/changhong/prj/finn/notebooks/EF-US-Engine-Free-Unstructured-Sparsity-Design-Alleviates-Accelerator-Bottlenecks/casestudy1/LeNet_MNIST_BNN/build/auto/home/changhong/prj/finn/notebooks/EF-US-Engine-Free-Unstructured-Sparsity-Design-Alleviates-Accelerator-Bottlenecks/casestudy1/LeNet_MNIST_BNN/tmp/auto/vivado_stitch_proj_b2b_bym1/ip/verilog/rtl_ops/MVAU_hls_0/axilite_if.v" into library work
INFO: [VRFC 10-311] analyzing module axi4lite_if
INFO: [VRFC 10-2263] Analyzing SystemVerilog file "/home/changhong/prj/finn/notebooks/EF-US-Engine-Free-Unstructured-Sparsity-Design-Alleviates-Accelerator-Bottlenecks/casestudy1/LeNet_MNIST_BNN/build/auto/home/changhong/prj/finn/notebooks/EF-US-Engine-Free-Unstructured-Sparsity-Design-Alleviates-Accelerator-Bottlenecks/casestudy1/LeNet_MNIST_BNN/tmp/auto/vivado_stitch_proj_b2b_bym1/ip/verilog/rtl_ops/MVAU_hls_0/memstream_axi.sv" into library work
INFO: [VRFC 10-311] analyzing module memstream_axi
WARNING: [VRFC 10-3467] initial value of parameter 'DEPTH' is omitted [/home/changhong/prj/finn/notebooks/EF-US-Engine-Free-Unstructured-Sparsity-Design-Alleviates-Accelerator-Bottlenecks/casestudy1/LeNet_MNIST_BNN/build/auto/home/changhong/prj/finn/notebooks/EF-US-Engine-Free-Unstructured-Sparsity-Design-Alleviates-Accelerator-Bottlenecks/casestudy1/LeNet_MNIST_BNN/tmp/auto/vivado_stitch_proj_b2b_bym1/ip/verilog/rtl_ops/MVAU_hls_0/memstream_axi.sv:34]
WARNING: [VRFC 10-3467] initial value of parameter 'WIDTH' is omitted [/home/changhong/prj/finn/notebooks/EF-US-Engine-Free-Unstructured-Sparsity-Design-Alleviates-Accelerator-Bottlenecks/casestudy1/LeNet_MNIST_BNN/build/auto/home/changhong/prj/finn/notebooks/EF-US-Engine-Free-Unstructured-Sparsity-Design-Alleviates-Accelerator-Bottlenecks/casestudy1/LeNet_MNIST_BNN/tmp/auto/vivado_stitch_proj_b2b_bym1/ip/verilog/rtl_ops/MVAU_hls_0/memstream_axi.sv:35]
INFO: [VRFC 10-2263] Analyzing SystemVerilog file "/home/changhong/prj/finn/notebooks/EF-US-Engine-Free-Unstructured-Sparsity-Design-Alleviates-Accelerator-Bottlenecks/casestudy1/LeNet_MNIST_BNN/build/auto/home/changhong/prj/finn/notebooks/EF-US-Engine-Free-Unstructured-Sparsity-Design-Alleviates-Accelerator-Bottlenecks/casestudy1/LeNet_MNIST_BNN/tmp/auto/vivado_stitch_proj_b2b_bym1/ip/verilog/rtl_ops/MVAU_hls_0/memstream.sv" into library work
INFO: [VRFC 10-311] analyzing module memstream
WARNING: [VRFC 10-3467] initial value of parameter 'DEPTH' is omitted [/home/changhong/prj/finn/notebooks/EF-US-Engine-Free-Unstructured-Sparsity-Design-Alleviates-Accelerator-Bottlenecks/casestudy1/LeNet_MNIST_BNN/build/auto/home/changhong/prj/finn/notebooks/EF-US-Engine-Free-Unstructured-Sparsity-Design-Alleviates-Accelerator-Bottlenecks/casestudy1/LeNet_MNIST_BNN/tmp/auto/vivado_stitch_proj_b2b_bym1/ip/verilog/rtl_ops/MVAU_hls_0/memstream.sv:34]
WARNING: [VRFC 10-3467] initial value of parameter 'WIDTH' is omitted [/home/changhong/prj/finn/notebooks/EF-US-Engine-Free-Unstructured-Sparsity-Design-Alleviates-Accelerator-Bottlenecks/casestudy1/LeNet_MNIST_BNN/build/auto/home/changhong/prj/finn/notebooks/EF-US-Engine-Free-Unstructured-Sparsity-Design-Alleviates-Accelerator-Bottlenecks/casestudy1/LeNet_MNIST_BNN/tmp/auto/vivado_stitch_proj_b2b_bym1/ip/verilog/rtl_ops/MVAU_hls_0/memstream.sv:35]
WARNING: [VRFC 10-8890] default field of an assignment pattern cannot contain another assignment pattern [/home/changhong/prj/finn/notebooks/EF-US-Engine-Free-Unstructured-Sparsity-Design-Alleviates-Accelerator-Bottlenecks/casestudy1/LeNet_MNIST_BNN/build/auto/home/changhong/prj/finn/notebooks/EF-US-Engine-Free-Unstructured-Sparsity-Design-Alleviates-Accelerator-Bottlenecks/casestudy1/LeNet_MNIST_BNN/tmp/auto/vivado_stitch_proj_b2b_bym1/ip/verilog/rtl_ops/MVAU_hls_0/memstream.sv:73]
INFO: [VRFC 10-2263] Analyzing Verilog file "/home/changhong/prj/finn/notebooks/EF-US-Engine-Free-Unstructured-Sparsity-Design-Alleviates-Accelerator-Bottlenecks/casestudy1/LeNet_MNIST_BNN/build/auto/home/changhong/prj/finn/notebooks/EF-US-Engine-Free-Unstructured-Sparsity-Design-Alleviates-Accelerator-Bottlenecks/casestudy1/LeNet_MNIST_BNN/tmp/auto/code_gen_ipgen_StreamingFIFO_rtl_2_iiinjsji/Q_srl.v" into library work
INFO: [VRFC 10-311] analyzing module Q_srl
WARNING: [VRFC 10-3609] overwriting previous definition of module 'Q_srl' [/home/changhong/prj/finn/notebooks/EF-US-Engine-Free-Unstructured-Sparsity-Design-Alleviates-Accelerator-Bottlenecks/casestudy1/LeNet_MNIST_BNN/build/auto/home/changhong/prj/finn/notebooks/EF-US-Engine-Free-Unstructured-Sparsity-Design-Alleviates-Accelerator-Bottlenecks/casestudy1/LeNet_MNIST_BNN/tmp/auto/code_gen_ipgen_StreamingFIFO_rtl_2_iiinjsji/Q_srl.v:72]
INFO: [VRFC 10-2263] Analyzing Verilog file "/home/changhong/prj/finn/notebooks/EF-US-Engine-Free-Unstructured-Sparsity-Design-Alleviates-Accelerator-Bottlenecks/casestudy1/LeNet_MNIST_BNN/build/auto/home/changhong/prj/finn/notebooks/EF-US-Engine-Free-Unstructured-Sparsity-Design-Alleviates-Accelerator-Bottlenecks/casestudy1/LeNet_MNIST_BNN/tmp/auto/code_gen_ipgen_StreamingFIFO_rtl_2_iiinjsji/StreamingFIFO_rtl_2.v" into library work
INFO: [VRFC 10-311] analyzing module StreamingFIFO_rtl_2
INFO: [VRFC 10-2263] Analyzing Verilog file "/home/changhong/prj/finn/notebooks/EF-US-Engine-Free-Unstructured-Sparsity-Design-Alleviates-Accelerator-Bottlenecks/casestudy1/LeNet_MNIST_BNN/build/auto/home/changhong/prj/finn/notebooks/EF-US-Engine-Free-Unstructured-Sparsity-Design-Alleviates-Accelerator-Bottlenecks/casestudy1/LeNet_MNIST_BNN/tmp/auto/code_gen_ipgen_StreamingFIFO_rtl_3_3gp48x5a/Q_srl.v" into library work
INFO: [VRFC 10-311] analyzing module Q_srl
WARNING: [VRFC 10-3609] overwriting previous definition of module 'Q_srl' [/home/changhong/prj/finn/notebooks/EF-US-Engine-Free-Unstructured-Sparsity-Design-Alleviates-Accelerator-Bottlenecks/casestudy1/LeNet_MNIST_BNN/build/auto/home/changhong/prj/finn/notebooks/EF-US-Engine-Free-Unstructured-Sparsity-Design-Alleviates-Accelerator-Bottlenecks/casestudy1/LeNet_MNIST_BNN/tmp/auto/code_gen_ipgen_StreamingFIFO_rtl_3_3gp48x5a/Q_srl.v:72]
INFO: [VRFC 10-2263] Analyzing Verilog file "/home/changhong/prj/finn/notebooks/EF-US-Engine-Free-Unstructured-Sparsity-Design-Alleviates-Accelerator-Bottlenecks/casestudy1/LeNet_MNIST_BNN/build/auto/home/changhong/prj/finn/notebooks/EF-US-Engine-Free-Unstructured-Sparsity-Design-Alleviates-Accelerator-Bottlenecks/casestudy1/LeNet_MNIST_BNN/tmp/auto/code_gen_ipgen_StreamingFIFO_rtl_3_3gp48x5a/StreamingFIFO_rtl_3.v" into library work
INFO: [VRFC 10-311] analyzing module StreamingFIFO_rtl_3
INFO: [VRFC 10-2263] Analyzing SystemVerilog file "/home/changhong/prj/finn/notebooks/EF-US-Engine-Free-Unstructured-Sparsity-Design-Alleviates-Accelerator-Bottlenecks/casestudy1/LeNet_MNIST_BNN/build/auto/home/changhong/prj/finn/notebooks/EF-US-Engine-Free-Unstructured-Sparsity-Design-Alleviates-Accelerator-Bottlenecks/casestudy1/LeNet_MNIST_BNN/tmp/auto/code_gen_ipgen_ConvolutionInputGenerator_rtl_1_qso2ilcv/swg_pkg.sv" into library work
WARNING: [VRFC 10-8896] design element 'swg' is previously defined; ignoring this definition [/home/changhong/prj/finn/notebooks/EF-US-Engine-Free-Unstructured-Sparsity-Design-Alleviates-Accelerator-Bottlenecks/casestudy1/LeNet_MNIST_BNN/build/auto/home/changhong/prj/finn/notebooks/EF-US-Engine-Free-Unstructured-Sparsity-Design-Alleviates-Accelerator-Bottlenecks/casestudy1/LeNet_MNIST_BNN/tmp/auto/code_gen_ipgen_ConvolutionInputGenerator_rtl_1_qso2ilcv/swg_pkg.sv:32]
INFO: [VRFC 10-2263] Analyzing Verilog file "/home/changhong/prj/finn/notebooks/EF-US-Engine-Free-Unstructured-Sparsity-Design-Alleviates-Accelerator-Bottlenecks/casestudy1/LeNet_MNIST_BNN/build/auto/home/changhong/prj/finn/notebooks/EF-US-Engine-Free-Unstructured-Sparsity-Design-Alleviates-Accelerator-Bottlenecks/casestudy1/LeNet_MNIST_BNN/tmp/auto/code_gen_ipgen_ConvolutionInputGenerator_rtl_1_qso2ilcv/ConvolutionInputGenerator_rtl_1_wrapper.v" into library work
INFO: [VRFC 10-311] analyzing module ConvolutionInputGenerator_rtl_1
WARNING: [VRFC 10-3380] identifier 'IN_WIDTH_PADDED' is used before its declaration [/home/changhong/prj/finn/notebooks/EF-US-Engine-Free-Unstructured-Sparsity-Design-Alleviates-Accelerator-Bottlenecks/casestudy1/LeNet_MNIST_BNN/build/auto/home/changhong/prj/finn/notebooks/EF-US-Engine-Free-Unstructured-Sparsity-Design-Alleviates-Accelerator-Bottlenecks/casestudy1/LeNet_MNIST_BNN/tmp/auto/code_gen_ipgen_ConvolutionInputGenerator_rtl_1_qso2ilcv/ConvolutionInputGenerator_rtl_1_wrapper.v:38]
WARNING: [VRFC 10-3380] identifier 'OUT_WIDTH_PADDED' is used before its declaration [/home/changhong/prj/finn/notebooks/EF-US-Engine-Free-Unstructured-Sparsity-Design-Alleviates-Accelerator-Bottlenecks/casestudy1/LeNet_MNIST_BNN/build/auto/home/changhong/prj/finn/notebooks/EF-US-Engine-Free-Unstructured-Sparsity-Design-Alleviates-Accelerator-Bottlenecks/casestudy1/LeNet_MNIST_BNN/tmp/auto/code_gen_ipgen_ConvolutionInputGenerator_rtl_1_qso2ilcv/ConvolutionInputGenerator_rtl_1_wrapper.v:41]
WARNING: [VRFC 10-8434] closing label :ConvolutionInputGenerator_rtl_1 is only allowed in SystemVerilog mode [/home/changhong/prj/finn/notebooks/EF-US-Engine-Free-Unstructured-Sparsity-Design-Alleviates-Accelerator-Bottlenecks/casestudy1/LeNet_MNIST_BNN/build/auto/home/changhong/prj/finn/notebooks/EF-US-Engine-Free-Unstructured-Sparsity-Design-Alleviates-Accelerator-Bottlenecks/casestudy1/LeNet_MNIST_BNN/tmp/auto/code_gen_ipgen_ConvolutionInputGenerator_rtl_1_qso2ilcv/ConvolutionInputGenerator_rtl_1_wrapper.v:78]
WARNING: [VRFC 10-8434] closing label :ConvolutionInputGenerator_rtl_1 is only allowed in SystemVerilog mode [/home/changhong/prj/finn/notebooks/EF-US-Engine-Free-Unstructured-Sparsity-Design-Alleviates-Accelerator-Bottlenecks/casestudy1/LeNet_MNIST_BNN/build/auto/home/changhong/prj/finn/notebooks/EF-US-Engine-Free-Unstructured-Sparsity-Design-Alleviates-Accelerator-Bottlenecks/casestudy1/LeNet_MNIST_BNN/tmp/auto/code_gen_ipgen_ConvolutionInputGenerator_rtl_1_qso2ilcv/ConvolutionInputGenerator_rtl_1_wrapper.v:32]
INFO: [VRFC 10-2263] Analyzing SystemVerilog file "/home/changhong/prj/finn/notebooks/EF-US-Engine-Free-Unstructured-Sparsity-Design-Alleviates-Accelerator-Bottlenecks/casestudy1/LeNet_MNIST_BNN/build/auto/home/changhong/prj/finn/notebooks/EF-US-Engine-Free-Unstructured-Sparsity-Design-Alleviates-Accelerator-Bottlenecks/casestudy1/LeNet_MNIST_BNN/tmp/auto/code_gen_ipgen_ConvolutionInputGenerator_rtl_1_qso2ilcv/ConvolutionInputGenerator_rtl_1_impl.sv" into library work
INFO: [VRFC 10-311] analyzing module ConvolutionInputGenerator_rtl_1_wb
INFO: [VRFC 10-311] analyzing module ConvolutionInputGenerator_rtl_1_impl
WARNING: [VRFC 10-3467] initial value of parameter 'BIT_WIDTH' is omitted [/home/changhong/prj/finn/notebooks/EF-US-Engine-Free-Unstructured-Sparsity-Design-Alleviates-Accelerator-Bottlenecks/casestudy1/LeNet_MNIST_BNN/build/auto/home/changhong/prj/finn/notebooks/EF-US-Engine-Free-Unstructured-Sparsity-Design-Alleviates-Accelerator-Bottlenecks/casestudy1/LeNet_MNIST_BNN/tmp/auto/code_gen_ipgen_ConvolutionInputGenerator_rtl_1_qso2ilcv/ConvolutionInputGenerator_rtl_1_impl.sv:301]
WARNING: [VRFC 10-3467] initial value of parameter 'SIMD' is omitted [/home/changhong/prj/finn/notebooks/EF-US-Engine-Free-Unstructured-Sparsity-Design-Alleviates-Accelerator-Bottlenecks/casestudy1/LeNet_MNIST_BNN/build/auto/home/changhong/prj/finn/notebooks/EF-US-Engine-Free-Unstructured-Sparsity-Design-Alleviates-Accelerator-Bottlenecks/casestudy1/LeNet_MNIST_BNN/tmp/auto/code_gen_ipgen_ConvolutionInputGenerator_rtl_1_qso2ilcv/ConvolutionInputGenerator_rtl_1_impl.sv:302]
WARNING: [VRFC 10-3467] initial value of parameter 'MMV_IN' is omitted [/home/changhong/prj/finn/notebooks/EF-US-Engine-Free-Unstructured-Sparsity-Design-Alleviates-Accelerator-Bottlenecks/casestudy1/LeNet_MNIST_BNN/build/auto/home/changhong/prj/finn/notebooks/EF-US-Engine-Free-Unstructured-Sparsity-Design-Alleviates-Accelerator-Bottlenecks/casestudy1/LeNet_MNIST_BNN/tmp/auto/code_gen_ipgen_ConvolutionInputGenerator_rtl_1_qso2ilcv/ConvolutionInputGenerator_rtl_1_impl.sv:303]
WARNING: [VRFC 10-3467] initial value of parameter 'MMV_OUT' is omitted [/home/changhong/prj/finn/notebooks/EF-US-Engine-Free-Unstructured-Sparsity-Design-Alleviates-Accelerator-Bottlenecks/casestudy1/LeNet_MNIST_BNN/build/auto/home/changhong/prj/finn/notebooks/EF-US-Engine-Free-Unstructured-Sparsity-Design-Alleviates-Accelerator-Bottlenecks/casestudy1/LeNet_MNIST_BNN/tmp/auto/code_gen_ipgen_ConvolutionInputGenerator_rtl_1_qso2ilcv/ConvolutionInputGenerator_rtl_1_impl.sv:304]
INFO: [VRFC 10-2263] Analyzing SystemVerilog file "/home/changhong/prj/finn/notebooks/EF-US-Engine-Free-Unstructured-Sparsity-Design-Alleviates-Accelerator-Bottlenecks/casestudy1/LeNet_MNIST_BNN/build/auto/home/changhong/prj/finn/notebooks/EF-US-Engine-Free-Unstructured-Sparsity-Design-Alleviates-Accelerator-Bottlenecks/casestudy1/LeNet_MNIST_BNN/tmp/auto/code_gen_ipgen_ConvolutionInputGenerator_rtl_1_qso2ilcv/swg_common.sv" into library work
INFO: [VRFC 10-311] analyzing module swg_controller
WARNING: [VRFC 10-3467] initial value of parameter 'LOOP_H_ITERATIONS' is omitted [/home/changhong/prj/finn/notebooks/EF-US-Engine-Free-Unstructured-Sparsity-Design-Alleviates-Accelerator-Bottlenecks/casestudy1/LeNet_MNIST_BNN/build/auto/home/changhong/prj/finn/notebooks/EF-US-Engine-Free-Unstructured-Sparsity-Design-Alleviates-Accelerator-Bottlenecks/casestudy1/LeNet_MNIST_BNN/tmp/auto/code_gen_ipgen_ConvolutionInputGenerator_rtl_1_qso2ilcv/swg_common.sv:36]
WARNING: [VRFC 10-3467] initial value of parameter 'LOOP_W_ITERATIONS' is omitted [/home/changhong/prj/finn/notebooks/EF-US-Engine-Free-Unstructured-Sparsity-Design-Alleviates-Accelerator-Bottlenecks/casestudy1/LeNet_MNIST_BNN/build/auto/home/changhong/prj/finn/notebooks/EF-US-Engine-Free-Unstructured-Sparsity-Design-Alleviates-Accelerator-Bottlenecks/casestudy1/LeNet_MNIST_BNN/tmp/auto/code_gen_ipgen_ConvolutionInputGenerator_rtl_1_qso2ilcv/swg_common.sv:37]
WARNING: [VRFC 10-3467] initial value of parameter 'LOOP_KH_ITERATIONS' is omitted [/home/changhong/prj/finn/notebooks/EF-US-Engine-Free-Unstructured-Sparsity-Design-Alleviates-Accelerator-Bottlenecks/casestudy1/LeNet_MNIST_BNN/build/auto/home/changhong/prj/finn/notebooks/EF-US-Engine-Free-Unstructured-Sparsity-Design-Alleviates-Accelerator-Bottlenecks/casestudy1/LeNet_MNIST_BNN/tmp/auto/code_gen_ipgen_ConvolutionInputGenerator_rtl_1_qso2ilcv/swg_common.sv:38]
WARNING: [VRFC 10-3467] initial value of parameter 'LOOP_KW_ITERATIONS' is omitted [/home/changhong/prj/finn/notebooks/EF-US-Engine-Free-Unstructured-Sparsity-Design-Alleviates-Accelerator-Bottlenecks/casestudy1/LeNet_MNIST_BNN/build/auto/home/changhong/prj/finn/notebooks/EF-US-Engine-Free-Unstructured-Sparsity-Design-Alleviates-Accelerator-Bottlenecks/casestudy1/LeNet_MNIST_BNN/tmp/auto/code_gen_ipgen_ConvolutionInputGenerator_rtl_1_qso2ilcv/swg_common.sv:39]
WARNING: [VRFC 10-3467] initial value of parameter 'LOOP_SIMD_ITERATIONS' is omitted [/home/changhong/prj/finn/notebooks/EF-US-Engine-Free-Unstructured-Sparsity-Design-Alleviates-Accelerator-Bottlenecks/casestudy1/LeNet_MNIST_BNN/build/auto/home/changhong/prj/finn/notebooks/EF-US-Engine-Free-Unstructured-Sparsity-Design-Alleviates-Accelerator-Bottlenecks/casestudy1/LeNet_MNIST_BNN/tmp/auto/code_gen_ipgen_ConvolutionInputGenerator_rtl_1_qso2ilcv/swg_common.sv:40]
WARNING: [VRFC 10-3467] initial value of parameter 'INCR_BITWIDTH' is omitted [/home/changhong/prj/finn/notebooks/EF-US-Engine-Free-Unstructured-Sparsity-Design-Alleviates-Accelerator-Bottlenecks/casestudy1/LeNet_MNIST_BNN/build/auto/home/changhong/prj/finn/notebooks/EF-US-Engine-Free-Unstructured-Sparsity-Design-Alleviates-Accelerator-Bottlenecks/casestudy1/LeNet_MNIST_BNN/tmp/auto/code_gen_ipgen_ConvolutionInputGenerator_rtl_1_qso2ilcv/swg_common.sv:42]
WARNING: [VRFC 10-3467] initial value of parameter 'IS_DEPTHWISE' is omitted [/home/changhong/prj/finn/notebooks/EF-US-Engine-Free-Unstructured-Sparsity-Design-Alleviates-Accelerator-Bottlenecks/casestudy1/LeNet_MNIST_BNN/build/auto/home/changhong/prj/finn/notebooks/EF-US-Engine-Free-Unstructured-Sparsity-Design-Alleviates-Accelerator-Bottlenecks/casestudy1/LeNet_MNIST_BNN/tmp/auto/code_gen_ipgen_ConvolutionInputGenerator_rtl_1_qso2ilcv/swg_common.sv:44]
WARNING: [VRFC 10-3467] initial value of parameter 'HEAD_INCR_SIMD' is omitted [/home/changhong/prj/finn/notebooks/EF-US-Engine-Free-Unstructured-Sparsity-Design-Alleviates-Accelerator-Bottlenecks/casestudy1/LeNet_MNIST_BNN/build/auto/home/changhong/prj/finn/notebooks/EF-US-Engine-Free-Unstructured-Sparsity-Design-Alleviates-Accelerator-Bottlenecks/casestudy1/LeNet_MNIST_BNN/tmp/auto/code_gen_ipgen_ConvolutionInputGenerator_rtl_1_qso2ilcv/swg_common.sv:46]
WARNING: [VRFC 10-3467] initial value of parameter 'HEAD_INCR_KW' is omitted [/home/changhong/prj/finn/notebooks/EF-US-Engine-Free-Unstructured-Sparsity-Design-Alleviates-Accelerator-Bottlenecks/casestudy1/LeNet_MNIST_BNN/build/auto/home/changhong/prj/finn/notebooks/EF-US-Engine-Free-Unstructured-Sparsity-Design-Alleviates-Accelerator-Bottlenecks/casestudy1/LeNet_MNIST_BNN/tmp/auto/code_gen_ipgen_ConvolutionInputGenerator_rtl_1_qso2ilcv/swg_common.sv:47]
WARNING: [VRFC 10-3467] initial value of parameter 'HEAD_INCR_KH' is omitted [/home/changhong/prj/finn/notebooks/EF-US-Engine-Free-Unstructured-Sparsity-Design-Alleviates-Accelerator-Bottlenecks/casestudy1/LeNet_MNIST_BNN/build/auto/home/changhong/prj/finn/notebooks/EF-US-Engine-Free-Unstructured-Sparsity-Design-Alleviates-Accelerator-Bottlenecks/casestudy1/LeNet_MNIST_BNN/tmp/auto/code_gen_ipgen_ConvolutionInputGenerator_rtl_1_qso2ilcv/swg_common.sv:48]
WARNING: [VRFC 10-3467] initial value of parameter 'HEAD_INCR_W' is omitted [/home/changhong/prj/finn/notebooks/EF-US-Engine-Free-Unstructured-Sparsity-Design-Alleviates-Accelerator-Bottlenecks/casestudy1/LeNet_MNIST_BNN/build/auto/home/changhong/prj/finn/notebooks/EF-US-Engine-Free-Unstructured-Sparsity-Design-Alleviates-Accelerator-Bottlenecks/casestudy1/LeNet_MNIST_BNN/tmp/auto/code_gen_ipgen_ConvolutionInputGenerator_rtl_1_qso2ilcv/swg_common.sv:49]
WARNING: [VRFC 10-3467] initial value of parameter 'HEAD_INCR_H' is omitted [/home/changhong/prj/finn/notebooks/EF-US-Engine-Free-Unstructured-Sparsity-Design-Alleviates-Accelerator-Bottlenecks/casestudy1/LeNet_MNIST_BNN/build/auto/home/changhong/prj/finn/notebooks/EF-US-Engine-Free-Unstructured-Sparsity-Design-Alleviates-Accelerator-Bottlenecks/casestudy1/LeNet_MNIST_BNN/tmp/auto/code_gen_ipgen_ConvolutionInputGenerator_rtl_1_qso2ilcv/swg_common.sv:50]
WARNING: [VRFC 10-3467] initial value of parameter 'TAIL_INCR_W' is omitted [/home/changhong/prj/finn/notebooks/EF-US-Engine-Free-Unstructured-Sparsity-Design-Alleviates-Accelerator-Bottlenecks/casestudy1/LeNet_MNIST_BNN/build/auto/home/changhong/prj/finn/notebooks/EF-US-Engine-Free-Unstructured-Sparsity-Design-Alleviates-Accelerator-Bottlenecks/casestudy1/LeNet_MNIST_BNN/tmp/auto/code_gen_ipgen_ConvolutionInputGenerator_rtl_1_qso2ilcv/swg_common.sv:51]
WARNING: [VRFC 10-3467] initial value of parameter 'TAIL_INCR_H' is omitted [/home/changhong/prj/finn/notebooks/EF-US-Engine-Free-Unstructured-Sparsity-Design-Alleviates-Accelerator-Bottlenecks/casestudy1/LeNet_MNIST_BNN/build/auto/home/changhong/prj/finn/notebooks/EF-US-Engine-Free-Unstructured-Sparsity-Design-Alleviates-Accelerator-Bottlenecks/casestudy1/LeNet_MNIST_BNN/tmp/auto/code_gen_ipgen_ConvolutionInputGenerator_rtl_1_qso2ilcv/swg_common.sv:52]
WARNING: [VRFC 10-3467] initial value of parameter 'TAIL_INCR_LAST' is omitted [/home/changhong/prj/finn/notebooks/EF-US-Engine-Free-Unstructured-Sparsity-Design-Alleviates-Accelerator-Bottlenecks/casestudy1/LeNet_MNIST_BNN/build/auto/home/changhong/prj/finn/notebooks/EF-US-Engine-Free-Unstructured-Sparsity-Design-Alleviates-Accelerator-Bottlenecks/casestudy1/LeNet_MNIST_BNN/tmp/auto/code_gen_ipgen_ConvolutionInputGenerator_rtl_1_qso2ilcv/swg_common.sv:53]
WARNING: [VRFC 10-3467] initial value of parameter 'INNERMOST_STATE' is omitted [/home/changhong/prj/finn/notebooks/EF-US-Engine-Free-Unstructured-Sparsity-Design-Alleviates-Accelerator-Bottlenecks/casestudy1/LeNet_MNIST_BNN/build/auto/home/changhong/prj/finn/notebooks/EF-US-Engine-Free-Unstructured-Sparsity-Design-Alleviates-Accelerator-Bottlenecks/casestudy1/LeNet_MNIST_BNN/tmp/auto/code_gen_ipgen_ConvolutionInputGenerator_rtl_1_qso2ilcv/swg_common.sv:55]
WARNING: [VRFC 10-3609] overwriting previous definition of module 'swg_controller' [/home/changhong/prj/finn/notebooks/EF-US-Engine-Free-Unstructured-Sparsity-Design-Alleviates-Accelerator-Bottlenecks/casestudy1/LeNet_MNIST_BNN/build/auto/home/changhong/prj/finn/notebooks/EF-US-Engine-Free-Unstructured-Sparsity-Design-Alleviates-Accelerator-Bottlenecks/casestudy1/LeNet_MNIST_BNN/tmp/auto/code_gen_ipgen_ConvolutionInputGenerator_rtl_1_qso2ilcv/swg_common.sv:34]
INFO: [VRFC 10-311] analyzing module swg_cyclic_buffer_addressable
WARNING: [VRFC 10-3467] initial value of parameter 'WIDTH' is omitted [/home/changhong/prj/finn/notebooks/EF-US-Engine-Free-Unstructured-Sparsity-Design-Alleviates-Accelerator-Bottlenecks/casestudy1/LeNet_MNIST_BNN/build/auto/home/changhong/prj/finn/notebooks/EF-US-Engine-Free-Unstructured-Sparsity-Design-Alleviates-Accelerator-Bottlenecks/casestudy1/LeNet_MNIST_BNN/tmp/auto/code_gen_ipgen_ConvolutionInputGenerator_rtl_1_qso2ilcv/swg_common.sv:150]
WARNING: [VRFC 10-3467] initial value of parameter 'DEPTH' is omitted [/home/changhong/prj/finn/notebooks/EF-US-Engine-Free-Unstructured-Sparsity-Design-Alleviates-Accelerator-Bottlenecks/casestudy1/LeNet_MNIST_BNN/build/auto/home/changhong/prj/finn/notebooks/EF-US-Engine-Free-Unstructured-Sparsity-Design-Alleviates-Accelerator-Bottlenecks/casestudy1/LeNet_MNIST_BNN/tmp/auto/code_gen_ipgen_ConvolutionInputGenerator_rtl_1_qso2ilcv/swg_common.sv:151]
WARNING: [VRFC 10-3609] overwriting previous definition of module 'swg_cyclic_buffer_addressable' [/home/changhong/prj/finn/notebooks/EF-US-Engine-Free-Unstructured-Sparsity-Design-Alleviates-Accelerator-Bottlenecks/casestudy1/LeNet_MNIST_BNN/build/auto/home/changhong/prj/finn/notebooks/EF-US-Engine-Free-Unstructured-Sparsity-Design-Alleviates-Accelerator-Bottlenecks/casestudy1/LeNet_MNIST_BNN/tmp/auto/code_gen_ipgen_ConvolutionInputGenerator_rtl_1_qso2ilcv/swg_common.sv:149]
INFO: [VRFC 10-311] analyzing module swg_reg_buffer
WARNING: [VRFC 10-3609] overwriting previous definition of module 'swg_reg_buffer' [/home/changhong/prj/finn/notebooks/EF-US-Engine-Free-Unstructured-Sparsity-Design-Alleviates-Accelerator-Bottlenecks/casestudy1/LeNet_MNIST_BNN/build/auto/home/changhong/prj/finn/notebooks/EF-US-Engine-Free-Unstructured-Sparsity-Design-Alleviates-Accelerator-Bottlenecks/casestudy1/LeNet_MNIST_BNN/tmp/auto/code_gen_ipgen_ConvolutionInputGenerator_rtl_1_qso2ilcv/swg_common.sv:176]
INFO: [VRFC 10-311] analyzing module swg_ram_buffer
WARNING: [VRFC 10-3467] initial value of parameter 'WIDTH' is omitted [/home/changhong/prj/finn/notebooks/EF-US-Engine-Free-Unstructured-Sparsity-Design-Alleviates-Accelerator-Bottlenecks/casestudy1/LeNet_MNIST_BNN/build/auto/home/changhong/prj/finn/notebooks/EF-US-Engine-Free-Unstructured-Sparsity-Design-Alleviates-Accelerator-Bottlenecks/casestudy1/LeNet_MNIST_BNN/tmp/auto/code_gen_ipgen_ConvolutionInputGenerator_rtl_1_qso2ilcv/swg_common.sv:207]
WARNING: [VRFC 10-3467] initial value of parameter 'DEPTH' is omitted [/home/changhong/prj/finn/notebooks/EF-US-Engine-Free-Unstructured-Sparsity-Design-Alleviates-Accelerator-Bottlenecks/casestudy1/LeNet_MNIST_BNN/build/auto/home/changhong/prj/finn/notebooks/EF-US-Engine-Free-Unstructured-Sparsity-Design-Alleviates-Accelerator-Bottlenecks/casestudy1/LeNet_MNIST_BNN/tmp/auto/code_gen_ipgen_ConvolutionInputGenerator_rtl_1_qso2ilcv/swg_common.sv:208]
WARNING: [VRFC 10-3609] overwriting previous definition of module 'swg_ram_buffer' [/home/changhong/prj/finn/notebooks/EF-US-Engine-Free-Unstructured-Sparsity-Design-Alleviates-Accelerator-Bottlenecks/casestudy1/LeNet_MNIST_BNN/build/auto/home/changhong/prj/finn/notebooks/EF-US-Engine-Free-Unstructured-Sparsity-Design-Alleviates-Accelerator-Bottlenecks/casestudy1/LeNet_MNIST_BNN/tmp/auto/code_gen_ipgen_ConvolutionInputGenerator_rtl_1_qso2ilcv/swg_common.sv:205]
INFO: [VRFC 10-2263] Analyzing Verilog file "/home/changhong/prj/finn/notebooks/EF-US-Engine-Free-Unstructured-Sparsity-Design-Alleviates-Accelerator-Bottlenecks/casestudy1/LeNet_MNIST_BNN/build/auto/home/changhong/prj/finn/notebooks/EF-US-Engine-Free-Unstructured-Sparsity-Design-Alleviates-Accelerator-Bottlenecks/casestudy1/LeNet_MNIST_BNN/tmp/auto/code_gen_ipgen_StreamingFIFO_rtl_4_koknl3ho/Q_srl.v" into library work
INFO: [VRFC 10-311] analyzing module Q_srl
WARNING: [VRFC 10-3609] overwriting previous definition of module 'Q_srl' [/home/changhong/prj/finn/notebooks/EF-US-Engine-Free-Unstructured-Sparsity-Design-Alleviates-Accelerator-Bottlenecks/casestudy1/LeNet_MNIST_BNN/build/auto/home/changhong/prj/finn/notebooks/EF-US-Engine-Free-Unstructured-Sparsity-Design-Alleviates-Accelerator-Bottlenecks/casestudy1/LeNet_MNIST_BNN/tmp/auto/code_gen_ipgen_StreamingFIFO_rtl_4_koknl3ho/Q_srl.v:72]
INFO: [VRFC 10-2263] Analyzing Verilog file "/home/changhong/prj/finn/notebooks/EF-US-Engine-Free-Unstructured-Sparsity-Design-Alleviates-Accelerator-Bottlenecks/casestudy1/LeNet_MNIST_BNN/build/auto/home/changhong/prj/finn/notebooks/EF-US-Engine-Free-Unstructured-Sparsity-Design-Alleviates-Accelerator-Bottlenecks/casestudy1/LeNet_MNIST_BNN/tmp/auto/code_gen_ipgen_StreamingFIFO_rtl_4_koknl3ho/StreamingFIFO_rtl_4.v" into library work
INFO: [VRFC 10-311] analyzing module StreamingFIFO_rtl_4
INFO: [VRFC 10-2263] Analyzing SystemVerilog file "/home/changhong/prj/finn/notebooks/EF-US-Engine-Free-Unstructured-Sparsity-Design-Alleviates-Accelerator-Bottlenecks/casestudy1/LeNet_MNIST_BNN/build/auto/home/changhong/prj/finn/notebooks/EF-US-Engine-Free-Unstructured-Sparsity-Design-Alleviates-Accelerator-Bottlenecks/casestudy1/LeNet_MNIST_BNN/tmp/auto/code_gen_ipgen_StreamingDataWidthConverter_rtl_0_y2ulqkb1/dwc_axi.sv" into library work
INFO: [VRFC 10-311] analyzing module dwc_axi
WARNING: [VRFC 10-3467] initial value of parameter 'IBITS' is omitted [/home/changhong/prj/finn/notebooks/EF-US-Engine-Free-Unstructured-Sparsity-Design-Alleviates-Accelerator-Bottlenecks/casestudy1/LeNet_MNIST_BNN/build/auto/home/changhong/prj/finn/notebooks/EF-US-Engine-Free-Unstructured-Sparsity-Design-Alleviates-Accelerator-Bottlenecks/casestudy1/LeNet_MNIST_BNN/tmp/auto/code_gen_ipgen_StreamingDataWidthConverter_rtl_0_y2ulqkb1/dwc_axi.sv:35]
WARNING: [VRFC 10-3467] initial value of parameter 'OBITS' is omitted [/home/changhong/prj/finn/notebooks/EF-US-Engine-Free-Unstructured-Sparsity-Design-Alleviates-Accelerator-Bottlenecks/casestudy1/LeNet_MNIST_BNN/build/auto/home/changhong/prj/finn/notebooks/EF-US-Engine-Free-Unstructured-Sparsity-Design-Alleviates-Accelerator-Bottlenecks/casestudy1/LeNet_MNIST_BNN/tmp/auto/code_gen_ipgen_StreamingDataWidthConverter_rtl_0_y2ulqkb1/dwc_axi.sv:36]
INFO: [VRFC 10-2263] Analyzing SystemVerilog file "/home/changhong/prj/finn/notebooks/EF-US-Engine-Free-Unstructured-Sparsity-Design-Alleviates-Accelerator-Bottlenecks/casestudy1/LeNet_MNIST_BNN/build/auto/home/changhong/prj/finn/notebooks/EF-US-Engine-Free-Unstructured-Sparsity-Design-Alleviates-Accelerator-Bottlenecks/casestudy1/LeNet_MNIST_BNN/tmp/auto/code_gen_ipgen_StreamingDataWidthConverter_rtl_0_y2ulqkb1/dwc.sv" into library work
INFO: [VRFC 10-311] analyzing module dwc
WARNING: [VRFC 10-3467] initial value of parameter 'IBITS' is omitted [/home/changhong/prj/finn/notebooks/EF-US-Engine-Free-Unstructured-Sparsity-Design-Alleviates-Accelerator-Bottlenecks/casestudy1/LeNet_MNIST_BNN/build/auto/home/changhong/prj/finn/notebooks/EF-US-Engine-Free-Unstructured-Sparsity-Design-Alleviates-Accelerator-Bottlenecks/casestudy1/LeNet_MNIST_BNN/tmp/auto/code_gen_ipgen_StreamingDataWidthConverter_rtl_0_y2ulqkb1/dwc.sv:35]
WARNING: [VRFC 10-3467] initial value of parameter 'OBITS' is omitted [/home/changhong/prj/finn/notebooks/EF-US-Engine-Free-Unstructured-Sparsity-Design-Alleviates-Accelerator-Bottlenecks/casestudy1/LeNet_MNIST_BNN/build/auto/home/changhong/prj/finn/notebooks/EF-US-Engine-Free-Unstructured-Sparsity-Design-Alleviates-Accelerator-Bottlenecks/casestudy1/LeNet_MNIST_BNN/tmp/auto/code_gen_ipgen_StreamingDataWidthConverter_rtl_0_y2ulqkb1/dwc.sv:36]
INFO: [VRFC 10-2263] Analyzing Verilog file "/home/changhong/prj/finn/notebooks/EF-US-Engine-Free-Unstructured-Sparsity-Design-Alleviates-Accelerator-Bottlenecks/casestudy1/LeNet_MNIST_BNN/build/auto/home/changhong/prj/finn/notebooks/EF-US-Engine-Free-Unstructured-Sparsity-Design-Alleviates-Accelerator-Bottlenecks/casestudy1/LeNet_MNIST_BNN/tmp/auto/code_gen_ipgen_StreamingDataWidthConverter_rtl_0_y2ulqkb1/StreamingDataWidthConverter_rtl_0.v" into library work
INFO: [VRFC 10-311] analyzing module StreamingDataWidthConverter_rtl_0
INFO: [VRFC 10-2263] Analyzing Verilog file "/home/changhong/prj/finn/notebooks/EF-US-Engine-Free-Unstructured-Sparsity-Design-Alleviates-Accelerator-Bottlenecks/casestudy1/LeNet_MNIST_BNN/build/auto/home/changhong/prj/finn/notebooks/EF-US-Engine-Free-Unstructured-Sparsity-Design-Alleviates-Accelerator-Bottlenecks/casestudy1/LeNet_MNIST_BNN/tmp/auto/code_gen_ipgen_StreamingFIFO_rtl_5_1tmbj17g/Q_srl.v" into library work
INFO: [VRFC 10-311] analyzing module Q_srl
WARNING: [VRFC 10-3609] overwriting previous definition of module 'Q_srl' [/home/changhong/prj/finn/notebooks/EF-US-Engine-Free-Unstructured-Sparsity-Design-Alleviates-Accelerator-Bottlenecks/casestudy1/LeNet_MNIST_BNN/build/auto/home/changhong/prj/finn/notebooks/EF-US-Engine-Free-Unstructured-Sparsity-Design-Alleviates-Accelerator-Bottlenecks/casestudy1/LeNet_MNIST_BNN/tmp/auto/code_gen_ipgen_StreamingFIFO_rtl_5_1tmbj17g/Q_srl.v:72]
INFO: [VRFC 10-2263] Analyzing Verilog file "/home/changhong/prj/finn/notebooks/EF-US-Engine-Free-Unstructured-Sparsity-Design-Alleviates-Accelerator-Bottlenecks/casestudy1/LeNet_MNIST_BNN/build/auto/home/changhong/prj/finn/notebooks/EF-US-Engine-Free-Unstructured-Sparsity-Design-Alleviates-Accelerator-Bottlenecks/casestudy1/LeNet_MNIST_BNN/tmp/auto/code_gen_ipgen_StreamingFIFO_rtl_5_1tmbj17g/StreamingFIFO_rtl_5.v" into library work
INFO: [VRFC 10-311] analyzing module StreamingFIFO_rtl_5
INFO: [VRFC 10-2263] Analyzing Verilog file "/home/changhong/prj/finn/notebooks/EF-US-Engine-Free-Unstructured-Sparsity-Design-Alleviates-Accelerator-Bottlenecks/casestudy1/LeNet_MNIST_BNN/build/auto/home/changhong/prj/finn/notebooks/EF-US-Engine-Free-Unstructured-Sparsity-Design-Alleviates-Accelerator-Bottlenecks/casestudy1/LeNet_MNIST_BNN/tmp/auto/vivado_stitch_proj_b2b_bym1/ip/verilog/rtl_ops/MVAU_hls_1/MVAU_hls_1_memstream_wrapper.v" into library work
INFO: [VRFC 10-311] analyzing module MVAU_hls_1_memstream_wrapper
WARNING: [VRFC 10-8434] closing label :MVAU_hls_1_memstream_wrapper is only allowed in SystemVerilog mode [/home/changhong/prj/finn/notebooks/EF-US-Engine-Free-Unstructured-Sparsity-Design-Alleviates-Accelerator-Bottlenecks/casestudy1/LeNet_MNIST_BNN/build/auto/home/changhong/prj/finn/notebooks/EF-US-Engine-Free-Unstructured-Sparsity-Design-Alleviates-Accelerator-Bottlenecks/casestudy1/LeNet_MNIST_BNN/tmp/auto/vivado_stitch_proj_b2b_bym1/ip/verilog/rtl_ops/MVAU_hls_1/MVAU_hls_1_memstream_wrapper.v:120]
WARNING: [VRFC 10-8434] closing label :MVAU_hls_1_memstream_wrapper is only allowed in SystemVerilog mode [/home/changhong/prj/finn/notebooks/EF-US-Engine-Free-Unstructured-Sparsity-Design-Alleviates-Accelerator-Bottlenecks/casestudy1/LeNet_MNIST_BNN/build/auto/home/changhong/prj/finn/notebooks/EF-US-Engine-Free-Unstructured-Sparsity-Design-Alleviates-Accelerator-Bottlenecks/casestudy1/LeNet_MNIST_BNN/tmp/auto/vivado_stitch_proj_b2b_bym1/ip/verilog/rtl_ops/MVAU_hls_1/MVAU_hls_1_memstream_wrapper.v:32]
INFO: [VRFC 10-2263] Analyzing Verilog file "/home/changhong/prj/finn/notebooks/EF-US-Engine-Free-Unstructured-Sparsity-Design-Alleviates-Accelerator-Bottlenecks/casestudy1/LeNet_MNIST_BNN/build/auto/home/changhong/prj/finn/notebooks/EF-US-Engine-Free-Unstructured-Sparsity-Design-Alleviates-Accelerator-Bottlenecks/casestudy1/LeNet_MNIST_BNN/tmp/auto/vivado_stitch_proj_b2b_bym1/ip/verilog/rtl_ops/MVAU_hls_1/axilite_if.v" into library work
INFO: [VRFC 10-311] analyzing module axi4lite_if
WARNING: [VRFC 10-3609] overwriting previous definition of module 'axi4lite_if' [/home/changhong/prj/finn/notebooks/EF-US-Engine-Free-Unstructured-Sparsity-Design-Alleviates-Accelerator-Bottlenecks/casestudy1/LeNet_MNIST_BNN/build/auto/home/changhong/prj/finn/notebooks/EF-US-Engine-Free-Unstructured-Sparsity-Design-Alleviates-Accelerator-Bottlenecks/casestudy1/LeNet_MNIST_BNN/tmp/auto/vivado_stitch_proj_b2b_bym1/ip/verilog/rtl_ops/MVAU_hls_1/axilite_if.v:31]
INFO: [VRFC 10-2263] Analyzing SystemVerilog file "/home/changhong/prj/finn/notebooks/EF-US-Engine-Free-Unstructured-Sparsity-Design-Alleviates-Accelerator-Bottlenecks/casestudy1/LeNet_MNIST_BNN/build/auto/home/changhong/prj/finn/notebooks/EF-US-Engine-Free-Unstructured-Sparsity-Design-Alleviates-Accelerator-Bottlenecks/casestudy1/LeNet_MNIST_BNN/tmp/auto/vivado_stitch_proj_b2b_bym1/ip/verilog/rtl_ops/MVAU_hls_1/memstream_axi.sv" into library work
INFO: [VRFC 10-311] analyzing module memstream_axi
WARNING: [VRFC 10-3467] initial value of parameter 'DEPTH' is omitted [/home/changhong/prj/finn/notebooks/EF-US-Engine-Free-Unstructured-Sparsity-Design-Alleviates-Accelerator-Bottlenecks/casestudy1/LeNet_MNIST_BNN/build/auto/home/changhong/prj/finn/notebooks/EF-US-Engine-Free-Unstructured-Sparsity-Design-Alleviates-Accelerator-Bottlenecks/casestudy1/LeNet_MNIST_BNN/tmp/auto/vivado_stitch_proj_b2b_bym1/ip/verilog/rtl_ops/MVAU_hls_1/memstream_axi.sv:34]
WARNING: [VRFC 10-3467] initial value of parameter 'WIDTH' is omitted [/home/changhong/prj/finn/notebooks/EF-US-Engine-Free-Unstructured-Sparsity-Design-Alleviates-Accelerator-Bottlenecks/casestudy1/LeNet_MNIST_BNN/build/auto/home/changhong/prj/finn/notebooks/EF-US-Engine-Free-Unstructured-Sparsity-Design-Alleviates-Accelerator-Bottlenecks/casestudy1/LeNet_MNIST_BNN/tmp/auto/vivado_stitch_proj_b2b_bym1/ip/verilog/rtl_ops/MVAU_hls_1/memstream_axi.sv:35]
WARNING: [VRFC 10-3609] overwriting previous definition of module 'memstream_axi' [/home/changhong/prj/finn/notebooks/EF-US-Engine-Free-Unstructured-Sparsity-Design-Alleviates-Accelerator-Bottlenecks/casestudy1/LeNet_MNIST_BNN/build/auto/home/changhong/prj/finn/notebooks/EF-US-Engine-Free-Unstructured-Sparsity-Design-Alleviates-Accelerator-Bottlenecks/casestudy1/LeNet_MNIST_BNN/tmp/auto/vivado_stitch_proj_b2b_bym1/ip/verilog/rtl_ops/MVAU_hls_1/memstream_axi.sv:33]
INFO: [VRFC 10-2263] Analyzing SystemVerilog file "/home/changhong/prj/finn/notebooks/EF-US-Engine-Free-Unstructured-Sparsity-Design-Alleviates-Accelerator-Bottlenecks/casestudy1/LeNet_MNIST_BNN/build/auto/home/changhong/prj/finn/notebooks/EF-US-Engine-Free-Unstructured-Sparsity-Design-Alleviates-Accelerator-Bottlenecks/casestudy1/LeNet_MNIST_BNN/tmp/auto/vivado_stitch_proj_b2b_bym1/ip/verilog/rtl_ops/MVAU_hls_1/memstream.sv" into library work
INFO: [VRFC 10-311] analyzing module memstream
WARNING: [VRFC 10-3467] initial value of parameter 'DEPTH' is omitted [/home/changhong/prj/finn/notebooks/EF-US-Engine-Free-Unstructured-Sparsity-Design-Alleviates-Accelerator-Bottlenecks/casestudy1/LeNet_MNIST_BNN/build/auto/home/changhong/prj/finn/notebooks/EF-US-Engine-Free-Unstructured-Sparsity-Design-Alleviates-Accelerator-Bottlenecks/casestudy1/LeNet_MNIST_BNN/tmp/auto/vivado_stitch_proj_b2b_bym1/ip/verilog/rtl_ops/MVAU_hls_1/memstream.sv:34]
WARNING: [VRFC 10-3467] initial value of parameter 'WIDTH' is omitted [/home/changhong/prj/finn/notebooks/EF-US-Engine-Free-Unstructured-Sparsity-Design-Alleviates-Accelerator-Bottlenecks/casestudy1/LeNet_MNIST_BNN/build/auto/home/changhong/prj/finn/notebooks/EF-US-Engine-Free-Unstructured-Sparsity-Design-Alleviates-Accelerator-Bottlenecks/casestudy1/LeNet_MNIST_BNN/tmp/auto/vivado_stitch_proj_b2b_bym1/ip/verilog/rtl_ops/MVAU_hls_1/memstream.sv:35]
WARNING: [VRFC 10-8890] default field of an assignment pattern cannot contain another assignment pattern [/home/changhong/prj/finn/notebooks/EF-US-Engine-Free-Unstructured-Sparsity-Design-Alleviates-Accelerator-Bottlenecks/casestudy1/LeNet_MNIST_BNN/build/auto/home/changhong/prj/finn/notebooks/EF-US-Engine-Free-Unstructured-Sparsity-Design-Alleviates-Accelerator-Bottlenecks/casestudy1/LeNet_MNIST_BNN/tmp/auto/vivado_stitch_proj_b2b_bym1/ip/verilog/rtl_ops/MVAU_hls_1/memstream.sv:73]
WARNING: [VRFC 10-3609] overwriting previous definition of module 'memstream' [/home/changhong/prj/finn/notebooks/EF-US-Engine-Free-Unstructured-Sparsity-Design-Alleviates-Accelerator-Bottlenecks/casestudy1/LeNet_MNIST_BNN/build/auto/home/changhong/prj/finn/notebooks/EF-US-Engine-Free-Unstructured-Sparsity-Design-Alleviates-Accelerator-Bottlenecks/casestudy1/LeNet_MNIST_BNN/tmp/auto/vivado_stitch_proj_b2b_bym1/ip/verilog/rtl_ops/MVAU_hls_1/memstream.sv:33]
INFO: [VRFC 10-2263] Analyzing Verilog file "/home/changhong/prj/finn/notebooks/EF-US-Engine-Free-Unstructured-Sparsity-Design-Alleviates-Accelerator-Bottlenecks/casestudy1/LeNet_MNIST_BNN/build/auto/home/changhong/prj/finn/notebooks/EF-US-Engine-Free-Unstructured-Sparsity-Design-Alleviates-Accelerator-Bottlenecks/casestudy1/LeNet_MNIST_BNN/tmp/auto/code_gen_ipgen_StreamingFIFO_rtl_6_bhnli5o2/Q_srl.v" into library work
INFO: [VRFC 10-311] analyzing module Q_srl
WARNING: [VRFC 10-3609] overwriting previous definition of module 'Q_srl' [/home/changhong/prj/finn/notebooks/EF-US-Engine-Free-Unstructured-Sparsity-Design-Alleviates-Accelerator-Bottlenecks/casestudy1/LeNet_MNIST_BNN/build/auto/home/changhong/prj/finn/notebooks/EF-US-Engine-Free-Unstructured-Sparsity-Design-Alleviates-Accelerator-Bottlenecks/casestudy1/LeNet_MNIST_BNN/tmp/auto/code_gen_ipgen_StreamingFIFO_rtl_6_bhnli5o2/Q_srl.v:72]
INFO: [VRFC 10-2263] Analyzing Verilog file "/home/changhong/prj/finn/notebooks/EF-US-Engine-Free-Unstructured-Sparsity-Design-Alleviates-Accelerator-Bottlenecks/casestudy1/LeNet_MNIST_BNN/build/auto/home/changhong/prj/finn/notebooks/EF-US-Engine-Free-Unstructured-Sparsity-Design-Alleviates-Accelerator-Bottlenecks/casestudy1/LeNet_MNIST_BNN/tmp/auto/code_gen_ipgen_StreamingFIFO_rtl_6_bhnli5o2/StreamingFIFO_rtl_6.v" into library work
INFO: [VRFC 10-311] analyzing module StreamingFIFO_rtl_6
INFO: [VRFC 10-2263] Analyzing SystemVerilog file "/home/changhong/prj/finn/notebooks/EF-US-Engine-Free-Unstructured-Sparsity-Design-Alleviates-Accelerator-Bottlenecks/casestudy1/LeNet_MNIST_BNN/build/auto/home/changhong/prj/finn/notebooks/EF-US-Engine-Free-Unstructured-Sparsity-Design-Alleviates-Accelerator-Bottlenecks/casestudy1/LeNet_MNIST_BNN/tmp/auto/code_gen_ipgen_StreamingDataWidthConverter_rtl_1_sy3xq1ov/dwc_axi.sv" into library work
INFO: [VRFC 10-311] analyzing module dwc_axi
WARNING: [VRFC 10-3467] initial value of parameter 'IBITS' is omitted [/home/changhong/prj/finn/notebooks/EF-US-Engine-Free-Unstructured-Sparsity-Design-Alleviates-Accelerator-Bottlenecks/casestudy1/LeNet_MNIST_BNN/build/auto/home/changhong/prj/finn/notebooks/EF-US-Engine-Free-Unstructured-Sparsity-Design-Alleviates-Accelerator-Bottlenecks/casestudy1/LeNet_MNIST_BNN/tmp/auto/code_gen_ipgen_StreamingDataWidthConverter_rtl_1_sy3xq1ov/dwc_axi.sv:35]
WARNING: [VRFC 10-3467] initial value of parameter 'OBITS' is omitted [/home/changhong/prj/finn/notebooks/EF-US-Engine-Free-Unstructured-Sparsity-Design-Alleviates-Accelerator-Bottlenecks/casestudy1/LeNet_MNIST_BNN/build/auto/home/changhong/prj/finn/notebooks/EF-US-Engine-Free-Unstructured-Sparsity-Design-Alleviates-Accelerator-Bottlenecks/casestudy1/LeNet_MNIST_BNN/tmp/auto/code_gen_ipgen_StreamingDataWidthConverter_rtl_1_sy3xq1ov/dwc_axi.sv:36]
WARNING: [VRFC 10-3609] overwriting previous definition of module 'dwc_axi' [/home/changhong/prj/finn/notebooks/EF-US-Engine-Free-Unstructured-Sparsity-Design-Alleviates-Accelerator-Bottlenecks/casestudy1/LeNet_MNIST_BNN/build/auto/home/changhong/prj/finn/notebooks/EF-US-Engine-Free-Unstructured-Sparsity-Design-Alleviates-Accelerator-Bottlenecks/casestudy1/LeNet_MNIST_BNN/tmp/auto/code_gen_ipgen_StreamingDataWidthConverter_rtl_1_sy3xq1ov/dwc_axi.sv:34]
INFO: [VRFC 10-2263] Analyzing SystemVerilog file "/home/changhong/prj/finn/notebooks/EF-US-Engine-Free-Unstructured-Sparsity-Design-Alleviates-Accelerator-Bottlenecks/casestudy1/LeNet_MNIST_BNN/build/auto/home/changhong/prj/finn/notebooks/EF-US-Engine-Free-Unstructured-Sparsity-Design-Alleviates-Accelerator-Bottlenecks/casestudy1/LeNet_MNIST_BNN/tmp/auto/code_gen_ipgen_StreamingDataWidthConverter_rtl_1_sy3xq1ov/dwc.sv" into library work
INFO: [VRFC 10-311] analyzing module dwc
WARNING: [VRFC 10-3467] initial value of parameter 'IBITS' is omitted [/home/changhong/prj/finn/notebooks/EF-US-Engine-Free-Unstructured-Sparsity-Design-Alleviates-Accelerator-Bottlenecks/casestudy1/LeNet_MNIST_BNN/build/auto/home/changhong/prj/finn/notebooks/EF-US-Engine-Free-Unstructured-Sparsity-Design-Alleviates-Accelerator-Bottlenecks/casestudy1/LeNet_MNIST_BNN/tmp/auto/code_gen_ipgen_StreamingDataWidthConverter_rtl_1_sy3xq1ov/dwc.sv:35]
WARNING: [VRFC 10-3467] initial value of parameter 'OBITS' is omitted [/home/changhong/prj/finn/notebooks/EF-US-Engine-Free-Unstructured-Sparsity-Design-Alleviates-Accelerator-Bottlenecks/casestudy1/LeNet_MNIST_BNN/build/auto/home/changhong/prj/finn/notebooks/EF-US-Engine-Free-Unstructured-Sparsity-Design-Alleviates-Accelerator-Bottlenecks/casestudy1/LeNet_MNIST_BNN/tmp/auto/code_gen_ipgen_StreamingDataWidthConverter_rtl_1_sy3xq1ov/dwc.sv:36]
WARNING: [VRFC 10-3609] overwriting previous definition of module 'dwc' [/home/changhong/prj/finn/notebooks/EF-US-Engine-Free-Unstructured-Sparsity-Design-Alleviates-Accelerator-Bottlenecks/casestudy1/LeNet_MNIST_BNN/build/auto/home/changhong/prj/finn/notebooks/EF-US-Engine-Free-Unstructured-Sparsity-Design-Alleviates-Accelerator-Bottlenecks/casestudy1/LeNet_MNIST_BNN/tmp/auto/code_gen_ipgen_StreamingDataWidthConverter_rtl_1_sy3xq1ov/dwc.sv:34]
INFO: [VRFC 10-2263] Analyzing Verilog file "/home/changhong/prj/finn/notebooks/EF-US-Engine-Free-Unstructured-Sparsity-Design-Alleviates-Accelerator-Bottlenecks/casestudy1/LeNet_MNIST_BNN/build/auto/home/changhong/prj/finn/notebooks/EF-US-Engine-Free-Unstructured-Sparsity-Design-Alleviates-Accelerator-Bottlenecks/casestudy1/LeNet_MNIST_BNN/tmp/auto/code_gen_ipgen_StreamingDataWidthConverter_rtl_1_sy3xq1ov/StreamingDataWidthConverter_rtl_1.v" into library work
INFO: [VRFC 10-311] analyzing module StreamingDataWidthConverter_rtl_1
INFO: [VRFC 10-2263] Analyzing Verilog file "/home/changhong/prj/finn/notebooks/EF-US-Engine-Free-Unstructured-Sparsity-Design-Alleviates-Accelerator-Bottlenecks/casestudy1/LeNet_MNIST_BNN/build/auto/home/changhong/prj/finn/notebooks/EF-US-Engine-Free-Unstructured-Sparsity-Design-Alleviates-Accelerator-Bottlenecks/casestudy1/LeNet_MNIST_BNN/tmp/auto/code_gen_ipgen_StreamingFIFO_rtl_7_1ac22fxp/Q_srl.v" into library work
INFO: [VRFC 10-311] analyzing module Q_srl
WARNING: [VRFC 10-3609] overwriting previous definition of module 'Q_srl' [/home/changhong/prj/finn/notebooks/EF-US-Engine-Free-Unstructured-Sparsity-Design-Alleviates-Accelerator-Bottlenecks/casestudy1/LeNet_MNIST_BNN/build/auto/home/changhong/prj/finn/notebooks/EF-US-Engine-Free-Unstructured-Sparsity-Design-Alleviates-Accelerator-Bottlenecks/casestudy1/LeNet_MNIST_BNN/tmp/auto/code_gen_ipgen_StreamingFIFO_rtl_7_1ac22fxp/Q_srl.v:72]
INFO: [VRFC 10-2263] Analyzing Verilog file "/home/changhong/prj/finn/notebooks/EF-US-Engine-Free-Unstructured-Sparsity-Design-Alleviates-Accelerator-Bottlenecks/casestudy1/LeNet_MNIST_BNN/build/auto/home/changhong/prj/finn/notebooks/EF-US-Engine-Free-Unstructured-Sparsity-Design-Alleviates-Accelerator-Bottlenecks/casestudy1/LeNet_MNIST_BNN/tmp/auto/code_gen_ipgen_StreamingFIFO_rtl_7_1ac22fxp/StreamingFIFO_rtl_7.v" into library work
INFO: [VRFC 10-311] analyzing module StreamingFIFO_rtl_7
INFO: [VRFC 10-2263] Analyzing Verilog file "/home/changhong/prj/finn/notebooks/EF-US-Engine-Free-Unstructured-Sparsity-Design-Alleviates-Accelerator-Bottlenecks/casestudy1/LeNet_MNIST_BNN/build/auto/home/changhong/prj/finn/notebooks/EF-US-Engine-Free-Unstructured-Sparsity-Design-Alleviates-Accelerator-Bottlenecks/casestudy1/LeNet_MNIST_BNN/tmp/auto/code_gen_ipgen_StreamingFIFO_rtl_8_kdvdkfnr/Q_srl.v" into library work
INFO: [VRFC 10-311] analyzing module Q_srl
WARNING: [VRFC 10-3609] overwriting previous definition of module 'Q_srl' [/home/changhong/prj/finn/notebooks/EF-US-Engine-Free-Unstructured-Sparsity-Design-Alleviates-Accelerator-Bottlenecks/casestudy1/LeNet_MNIST_BNN/build/auto/home/changhong/prj/finn/notebooks/EF-US-Engine-Free-Unstructured-Sparsity-Design-Alleviates-Accelerator-Bottlenecks/casestudy1/LeNet_MNIST_BNN/tmp/auto/code_gen_ipgen_StreamingFIFO_rtl_8_kdvdkfnr/Q_srl.v:72]
INFO: [VRFC 10-2263] Analyzing Verilog file "/home/changhong/prj/finn/notebooks/EF-US-Engine-Free-Unstructured-Sparsity-Design-Alleviates-Accelerator-Bottlenecks/casestudy1/LeNet_MNIST_BNN/build/auto/home/changhong/prj/finn/notebooks/EF-US-Engine-Free-Unstructured-Sparsity-Design-Alleviates-Accelerator-Bottlenecks/casestudy1/LeNet_MNIST_BNN/tmp/auto/code_gen_ipgen_StreamingFIFO_rtl_8_kdvdkfnr/StreamingFIFO_rtl_8.v" into library work
INFO: [VRFC 10-311] analyzing module StreamingFIFO_rtl_8
INFO: [VRFC 10-2263] Analyzing SystemVerilog file "/home/changhong/prj/finn/notebooks/EF-US-Engine-Free-Unstructured-Sparsity-Design-Alleviates-Accelerator-Bottlenecks/casestudy1/LeNet_MNIST_BNN/build/auto/home/changhong/prj/finn/notebooks/EF-US-Engine-Free-Unstructured-Sparsity-Design-Alleviates-Accelerator-Bottlenecks/casestudy1/LeNet_MNIST_BNN/tmp/auto/code_gen_ipgen_StreamingDataWidthConverter_rtl_2_x_l1khcf/dwc_axi.sv" into library work
INFO: [VRFC 10-311] analyzing module dwc_axi
WARNING: [VRFC 10-3467] initial value of parameter 'IBITS' is omitted [/home/changhong/prj/finn/notebooks/EF-US-Engine-Free-Unstructured-Sparsity-Design-Alleviates-Accelerator-Bottlenecks/casestudy1/LeNet_MNIST_BNN/build/auto/home/changhong/prj/finn/notebooks/EF-US-Engine-Free-Unstructured-Sparsity-Design-Alleviates-Accelerator-Bottlenecks/casestudy1/LeNet_MNIST_BNN/tmp/auto/code_gen_ipgen_StreamingDataWidthConverter_rtl_2_x_l1khcf/dwc_axi.sv:35]
WARNING: [VRFC 10-3467] initial value of parameter 'OBITS' is omitted [/home/changhong/prj/finn/notebooks/EF-US-Engine-Free-Unstructured-Sparsity-Design-Alleviates-Accelerator-Bottlenecks/casestudy1/LeNet_MNIST_BNN/build/auto/home/changhong/prj/finn/notebooks/EF-US-Engine-Free-Unstructured-Sparsity-Design-Alleviates-Accelerator-Bottlenecks/casestudy1/LeNet_MNIST_BNN/tmp/auto/code_gen_ipgen_StreamingDataWidthConverter_rtl_2_x_l1khcf/dwc_axi.sv:36]
WARNING: [VRFC 10-3609] overwriting previous definition of module 'dwc_axi' [/home/changhong/prj/finn/notebooks/EF-US-Engine-Free-Unstructured-Sparsity-Design-Alleviates-Accelerator-Bottlenecks/casestudy1/LeNet_MNIST_BNN/build/auto/home/changhong/prj/finn/notebooks/EF-US-Engine-Free-Unstructured-Sparsity-Design-Alleviates-Accelerator-Bottlenecks/casestudy1/LeNet_MNIST_BNN/tmp/auto/code_gen_ipgen_StreamingDataWidthConverter_rtl_2_x_l1khcf/dwc_axi.sv:34]
INFO: [VRFC 10-2263] Analyzing SystemVerilog file "/home/changhong/prj/finn/notebooks/EF-US-Engine-Free-Unstructured-Sparsity-Design-Alleviates-Accelerator-Bottlenecks/casestudy1/LeNet_MNIST_BNN/build/auto/home/changhong/prj/finn/notebooks/EF-US-Engine-Free-Unstructured-Sparsity-Design-Alleviates-Accelerator-Bottlenecks/casestudy1/LeNet_MNIST_BNN/tmp/auto/code_gen_ipgen_StreamingDataWidthConverter_rtl_2_x_l1khcf/dwc.sv" into library work
INFO: [VRFC 10-311] analyzing module dwc
WARNING: [VRFC 10-3467] initial value of parameter 'IBITS' is omitted [/home/changhong/prj/finn/notebooks/EF-US-Engine-Free-Unstructured-Sparsity-Design-Alleviates-Accelerator-Bottlenecks/casestudy1/LeNet_MNIST_BNN/build/auto/home/changhong/prj/finn/notebooks/EF-US-Engine-Free-Unstructured-Sparsity-Design-Alleviates-Accelerator-Bottlenecks/casestudy1/LeNet_MNIST_BNN/tmp/auto/code_gen_ipgen_StreamingDataWidthConverter_rtl_2_x_l1khcf/dwc.sv:35]
WARNING: [VRFC 10-3467] initial value of parameter 'OBITS' is omitted [/home/changhong/prj/finn/notebooks/EF-US-Engine-Free-Unstructured-Sparsity-Design-Alleviates-Accelerator-Bottlenecks/casestudy1/LeNet_MNIST_BNN/build/auto/home/changhong/prj/finn/notebooks/EF-US-Engine-Free-Unstructured-Sparsity-Design-Alleviates-Accelerator-Bottlenecks/casestudy1/LeNet_MNIST_BNN/tmp/auto/code_gen_ipgen_StreamingDataWidthConverter_rtl_2_x_l1khcf/dwc.sv:36]
WARNING: [VRFC 10-3609] overwriting previous definition of module 'dwc' [/home/changhong/prj/finn/notebooks/EF-US-Engine-Free-Unstructured-Sparsity-Design-Alleviates-Accelerator-Bottlenecks/casestudy1/LeNet_MNIST_BNN/build/auto/home/changhong/prj/finn/notebooks/EF-US-Engine-Free-Unstructured-Sparsity-Design-Alleviates-Accelerator-Bottlenecks/casestudy1/LeNet_MNIST_BNN/tmp/auto/code_gen_ipgen_StreamingDataWidthConverter_rtl_2_x_l1khcf/dwc.sv:34]
INFO: [VRFC 10-2263] Analyzing Verilog file "/home/changhong/prj/finn/notebooks/EF-US-Engine-Free-Unstructured-Sparsity-Design-Alleviates-Accelerator-Bottlenecks/casestudy1/LeNet_MNIST_BNN/build/auto/home/changhong/prj/finn/notebooks/EF-US-Engine-Free-Unstructured-Sparsity-Design-Alleviates-Accelerator-Bottlenecks/casestudy1/LeNet_MNIST_BNN/tmp/auto/code_gen_ipgen_StreamingDataWidthConverter_rtl_2_x_l1khcf/StreamingDataWidthConverter_rtl_2.v" into library work
INFO: [VRFC 10-311] analyzing module StreamingDataWidthConverter_rtl_2
INFO: [VRFC 10-2263] Analyzing Verilog file "/home/changhong/prj/finn/notebooks/EF-US-Engine-Free-Unstructured-Sparsity-Design-Alleviates-Accelerator-Bottlenecks/casestudy1/LeNet_MNIST_BNN/build/auto/home/changhong/prj/finn/notebooks/EF-US-Engine-Free-Unstructured-Sparsity-Design-Alleviates-Accelerator-Bottlenecks/casestudy1/LeNet_MNIST_BNN/tmp/auto/code_gen_ipgen_StreamingFIFO_rtl_9_mmx7xadc/Q_srl.v" into library work
INFO: [VRFC 10-311] analyzing module Q_srl
WARNING: [VRFC 10-3609] overwriting previous definition of module 'Q_srl' [/home/changhong/prj/finn/notebooks/EF-US-Engine-Free-Unstructured-Sparsity-Design-Alleviates-Accelerator-Bottlenecks/casestudy1/LeNet_MNIST_BNN/build/auto/home/changhong/prj/finn/notebooks/EF-US-Engine-Free-Unstructured-Sparsity-Design-Alleviates-Accelerator-Bottlenecks/casestudy1/LeNet_MNIST_BNN/tmp/auto/code_gen_ipgen_StreamingFIFO_rtl_9_mmx7xadc/Q_srl.v:72]
INFO: [VRFC 10-2263] Analyzing Verilog file "/home/changhong/prj/finn/notebooks/EF-US-Engine-Free-Unstructured-Sparsity-Design-Alleviates-Accelerator-Bottlenecks/casestudy1/LeNet_MNIST_BNN/build/auto/home/changhong/prj/finn/notebooks/EF-US-Engine-Free-Unstructured-Sparsity-Design-Alleviates-Accelerator-Bottlenecks/casestudy1/LeNet_MNIST_BNN/tmp/auto/code_gen_ipgen_StreamingFIFO_rtl_9_mmx7xadc/StreamingFIFO_rtl_9.v" into library work
INFO: [VRFC 10-311] analyzing module StreamingFIFO_rtl_9
INFO: [VRFC 10-2263] Analyzing SystemVerilog file "/home/changhong/prj/finn/notebooks/EF-US-Engine-Free-Unstructured-Sparsity-Design-Alleviates-Accelerator-Bottlenecks/casestudy1/LeNet_MNIST_BNN/build/auto/home/changhong/prj/finn/notebooks/EF-US-Engine-Free-Unstructured-Sparsity-Design-Alleviates-Accelerator-Bottlenecks/casestudy1/LeNet_MNIST_BNN/tmp/auto/code_gen_ipgen_ConvolutionInputGenerator_rtl_2_mwxoway6/swg_pkg.sv" into library work
WARNING: [VRFC 10-8896] design element 'swg' is previously defined; ignoring this definition [/home/changhong/prj/finn/notebooks/EF-US-Engine-Free-Unstructured-Sparsity-Design-Alleviates-Accelerator-Bottlenecks/casestudy1/LeNet_MNIST_BNN/build/auto/home/changhong/prj/finn/notebooks/EF-US-Engine-Free-Unstructured-Sparsity-Design-Alleviates-Accelerator-Bottlenecks/casestudy1/LeNet_MNIST_BNN/tmp/auto/code_gen_ipgen_ConvolutionInputGenerator_rtl_2_mwxoway6/swg_pkg.sv:32]
INFO: [VRFC 10-2263] Analyzing Verilog file "/home/changhong/prj/finn/notebooks/EF-US-Engine-Free-Unstructured-Sparsity-Design-Alleviates-Accelerator-Bottlenecks/casestudy1/LeNet_MNIST_BNN/build/auto/home/changhong/prj/finn/notebooks/EF-US-Engine-Free-Unstructured-Sparsity-Design-Alleviates-Accelerator-Bottlenecks/casestudy1/LeNet_MNIST_BNN/tmp/auto/code_gen_ipgen_ConvolutionInputGenerator_rtl_2_mwxoway6/ConvolutionInputGenerator_rtl_2_wrapper.v" into library work
INFO: [VRFC 10-311] analyzing module ConvolutionInputGenerator_rtl_2
WARNING: [VRFC 10-3380] identifier 'IN_WIDTH_PADDED' is used before its declaration [/home/changhong/prj/finn/notebooks/EF-US-Engine-Free-Unstructured-Sparsity-Design-Alleviates-Accelerator-Bottlenecks/casestudy1/LeNet_MNIST_BNN/build/auto/home/changhong/prj/finn/notebooks/EF-US-Engine-Free-Unstructured-Sparsity-Design-Alleviates-Accelerator-Bottlenecks/casestudy1/LeNet_MNIST_BNN/tmp/auto/code_gen_ipgen_ConvolutionInputGenerator_rtl_2_mwxoway6/ConvolutionInputGenerator_rtl_2_wrapper.v:38]
WARNING: [VRFC 10-3380] identifier 'OUT_WIDTH_PADDED' is used before its declaration [/home/changhong/prj/finn/notebooks/EF-US-Engine-Free-Unstructured-Sparsity-Design-Alleviates-Accelerator-Bottlenecks/casestudy1/LeNet_MNIST_BNN/build/auto/home/changhong/prj/finn/notebooks/EF-US-Engine-Free-Unstructured-Sparsity-Design-Alleviates-Accelerator-Bottlenecks/casestudy1/LeNet_MNIST_BNN/tmp/auto/code_gen_ipgen_ConvolutionInputGenerator_rtl_2_mwxoway6/ConvolutionInputGenerator_rtl_2_wrapper.v:41]
WARNING: [VRFC 10-8434] closing label :ConvolutionInputGenerator_rtl_2 is only allowed in SystemVerilog mode [/home/changhong/prj/finn/notebooks/EF-US-Engine-Free-Unstructured-Sparsity-Design-Alleviates-Accelerator-Bottlenecks/casestudy1/LeNet_MNIST_BNN/build/auto/home/changhong/prj/finn/notebooks/EF-US-Engine-Free-Unstructured-Sparsity-Design-Alleviates-Accelerator-Bottlenecks/casestudy1/LeNet_MNIST_BNN/tmp/auto/code_gen_ipgen_ConvolutionInputGenerator_rtl_2_mwxoway6/ConvolutionInputGenerator_rtl_2_wrapper.v:78]
WARNING: [VRFC 10-8434] closing label :ConvolutionInputGenerator_rtl_2 is only allowed in SystemVerilog mode [/home/changhong/prj/finn/notebooks/EF-US-Engine-Free-Unstructured-Sparsity-Design-Alleviates-Accelerator-Bottlenecks/casestudy1/LeNet_MNIST_BNN/build/auto/home/changhong/prj/finn/notebooks/EF-US-Engine-Free-Unstructured-Sparsity-Design-Alleviates-Accelerator-Bottlenecks/casestudy1/LeNet_MNIST_BNN/tmp/auto/code_gen_ipgen_ConvolutionInputGenerator_rtl_2_mwxoway6/ConvolutionInputGenerator_rtl_2_wrapper.v:32]
INFO: [VRFC 10-2263] Analyzing SystemVerilog file "/home/changhong/prj/finn/notebooks/EF-US-Engine-Free-Unstructured-Sparsity-Design-Alleviates-Accelerator-Bottlenecks/casestudy1/LeNet_MNIST_BNN/build/auto/home/changhong/prj/finn/notebooks/EF-US-Engine-Free-Unstructured-Sparsity-Design-Alleviates-Accelerator-Bottlenecks/casestudy1/LeNet_MNIST_BNN/tmp/auto/code_gen_ipgen_ConvolutionInputGenerator_rtl_2_mwxoway6/ConvolutionInputGenerator_rtl_2_impl.sv" into library work
INFO: [VRFC 10-311] analyzing module ConvolutionInputGenerator_rtl_2_impl
WARNING: [VRFC 10-3467] initial value of parameter 'BIT_WIDTH' is omitted [/home/changhong/prj/finn/notebooks/EF-US-Engine-Free-Unstructured-Sparsity-Design-Alleviates-Accelerator-Bottlenecks/casestudy1/LeNet_MNIST_BNN/build/auto/home/changhong/prj/finn/notebooks/EF-US-Engine-Free-Unstructured-Sparsity-Design-Alleviates-Accelerator-Bottlenecks/casestudy1/LeNet_MNIST_BNN/tmp/auto/code_gen_ipgen_ConvolutionInputGenerator_rtl_2_mwxoway6/ConvolutionInputGenerator_rtl_2_impl.sv:32]
WARNING: [VRFC 10-3467] initial value of parameter 'SIMD' is omitted [/home/changhong/prj/finn/notebooks/EF-US-Engine-Free-Unstructured-Sparsity-Design-Alleviates-Accelerator-Bottlenecks/casestudy1/LeNet_MNIST_BNN/build/auto/home/changhong/prj/finn/notebooks/EF-US-Engine-Free-Unstructured-Sparsity-Design-Alleviates-Accelerator-Bottlenecks/casestudy1/LeNet_MNIST_BNN/tmp/auto/code_gen_ipgen_ConvolutionInputGenerator_rtl_2_mwxoway6/ConvolutionInputGenerator_rtl_2_impl.sv:33]
WARNING: [VRFC 10-3467] initial value of parameter 'MMV_IN' is omitted [/home/changhong/prj/finn/notebooks/EF-US-Engine-Free-Unstructured-Sparsity-Design-Alleviates-Accelerator-Bottlenecks/casestudy1/LeNet_MNIST_BNN/build/auto/home/changhong/prj/finn/notebooks/EF-US-Engine-Free-Unstructured-Sparsity-Design-Alleviates-Accelerator-Bottlenecks/casestudy1/LeNet_MNIST_BNN/tmp/auto/code_gen_ipgen_ConvolutionInputGenerator_rtl_2_mwxoway6/ConvolutionInputGenerator_rtl_2_impl.sv:34]
WARNING: [VRFC 10-3467] initial value of parameter 'MMV_OUT' is omitted [/home/changhong/prj/finn/notebooks/EF-US-Engine-Free-Unstructured-Sparsity-Design-Alleviates-Accelerator-Bottlenecks/casestudy1/LeNet_MNIST_BNN/build/auto/home/changhong/prj/finn/notebooks/EF-US-Engine-Free-Unstructured-Sparsity-Design-Alleviates-Accelerator-Bottlenecks/casestudy1/LeNet_MNIST_BNN/tmp/auto/code_gen_ipgen_ConvolutionInputGenerator_rtl_2_mwxoway6/ConvolutionInputGenerator_rtl_2_impl.sv:35]
INFO: [VRFC 10-2263] Analyzing SystemVerilog file "/home/changhong/prj/finn/notebooks/EF-US-Engine-Free-Unstructured-Sparsity-Design-Alleviates-Accelerator-Bottlenecks/casestudy1/LeNet_MNIST_BNN/build/auto/home/changhong/prj/finn/notebooks/EF-US-Engine-Free-Unstructured-Sparsity-Design-Alleviates-Accelerator-Bottlenecks/casestudy1/LeNet_MNIST_BNN/tmp/auto/code_gen_ipgen_ConvolutionInputGenerator_rtl_2_mwxoway6/swg_common.sv" into library work
INFO: [VRFC 10-311] analyzing module swg_controller
WARNING: [VRFC 10-3467] initial value of parameter 'LOOP_H_ITERATIONS' is omitted [/home/changhong/prj/finn/notebooks/EF-US-Engine-Free-Unstructured-Sparsity-Design-Alleviates-Accelerator-Bottlenecks/casestudy1/LeNet_MNIST_BNN/build/auto/home/changhong/prj/finn/notebooks/EF-US-Engine-Free-Unstructured-Sparsity-Design-Alleviates-Accelerator-Bottlenecks/casestudy1/LeNet_MNIST_BNN/tmp/auto/code_gen_ipgen_ConvolutionInputGenerator_rtl_2_mwxoway6/swg_common.sv:36]
WARNING: [VRFC 10-3467] initial value of parameter 'LOOP_W_ITERATIONS' is omitted [/home/changhong/prj/finn/notebooks/EF-US-Engine-Free-Unstructured-Sparsity-Design-Alleviates-Accelerator-Bottlenecks/casestudy1/LeNet_MNIST_BNN/build/auto/home/changhong/prj/finn/notebooks/EF-US-Engine-Free-Unstructured-Sparsity-Design-Alleviates-Accelerator-Bottlenecks/casestudy1/LeNet_MNIST_BNN/tmp/auto/code_gen_ipgen_ConvolutionInputGenerator_rtl_2_mwxoway6/swg_common.sv:37]
WARNING: [VRFC 10-3467] initial value of parameter 'LOOP_KH_ITERATIONS' is omitted [/home/changhong/prj/finn/notebooks/EF-US-Engine-Free-Unstructured-Sparsity-Design-Alleviates-Accelerator-Bottlenecks/casestudy1/LeNet_MNIST_BNN/build/auto/home/changhong/prj/finn/notebooks/EF-US-Engine-Free-Unstructured-Sparsity-Design-Alleviates-Accelerator-Bottlenecks/casestudy1/LeNet_MNIST_BNN/tmp/auto/code_gen_ipgen_ConvolutionInputGenerator_rtl_2_mwxoway6/swg_common.sv:38]
WARNING: [VRFC 10-3467] initial value of parameter 'LOOP_KW_ITERATIONS' is omitted [/home/changhong/prj/finn/notebooks/EF-US-Engine-Free-Unstructured-Sparsity-Design-Alleviates-Accelerator-Bottlenecks/casestudy1/LeNet_MNIST_BNN/build/auto/home/changhong/prj/finn/notebooks/EF-US-Engine-Free-Unstructured-Sparsity-Design-Alleviates-Accelerator-Bottlenecks/casestudy1/LeNet_MNIST_BNN/tmp/auto/code_gen_ipgen_ConvolutionInputGenerator_rtl_2_mwxoway6/swg_common.sv:39]
WARNING: [VRFC 10-3467] initial value of parameter 'LOOP_SIMD_ITERATIONS' is omitted [/home/changhong/prj/finn/notebooks/EF-US-Engine-Free-Unstructured-Sparsity-Design-Alleviates-Accelerator-Bottlenecks/casestudy1/LeNet_MNIST_BNN/build/auto/home/changhong/prj/finn/notebooks/EF-US-Engine-Free-Unstructured-Sparsity-Design-Alleviates-Accelerator-Bottlenecks/casestudy1/LeNet_MNIST_BNN/tmp/auto/code_gen_ipgen_ConvolutionInputGenerator_rtl_2_mwxoway6/swg_common.sv:40]
WARNING: [VRFC 10-3467] initial value of parameter 'INCR_BITWIDTH' is omitted [/home/changhong/prj/finn/notebooks/EF-US-Engine-Free-Unstructured-Sparsity-Design-Alleviates-Accelerator-Bottlenecks/casestudy1/LeNet_MNIST_BNN/build/auto/home/changhong/prj/finn/notebooks/EF-US-Engine-Free-Unstructured-Sparsity-Design-Alleviates-Accelerator-Bottlenecks/casestudy1/LeNet_MNIST_BNN/tmp/auto/code_gen_ipgen_ConvolutionInputGenerator_rtl_2_mwxoway6/swg_common.sv:42]
WARNING: [VRFC 10-3467] initial value of parameter 'IS_DEPTHWISE' is omitted [/home/changhong/prj/finn/notebooks/EF-US-Engine-Free-Unstructured-Sparsity-Design-Alleviates-Accelerator-Bottlenecks/casestudy1/LeNet_MNIST_BNN/build/auto/home/changhong/prj/finn/notebooks/EF-US-Engine-Free-Unstructured-Sparsity-Design-Alleviates-Accelerator-Bottlenecks/casestudy1/LeNet_MNIST_BNN/tmp/auto/code_gen_ipgen_ConvolutionInputGenerator_rtl_2_mwxoway6/swg_common.sv:44]
WARNING: [VRFC 10-3467] initial value of parameter 'HEAD_INCR_SIMD' is omitted [/home/changhong/prj/finn/notebooks/EF-US-Engine-Free-Unstructured-Sparsity-Design-Alleviates-Accelerator-Bottlenecks/casestudy1/LeNet_MNIST_BNN/build/auto/home/changhong/prj/finn/notebooks/EF-US-Engine-Free-Unstructured-Sparsity-Design-Alleviates-Accelerator-Bottlenecks/casestudy1/LeNet_MNIST_BNN/tmp/auto/code_gen_ipgen_ConvolutionInputGenerator_rtl_2_mwxoway6/swg_common.sv:46]
WARNING: [VRFC 10-3467] initial value of parameter 'HEAD_INCR_KW' is omitted [/home/changhong/prj/finn/notebooks/EF-US-Engine-Free-Unstructured-Sparsity-Design-Alleviates-Accelerator-Bottlenecks/casestudy1/LeNet_MNIST_BNN/build/auto/home/changhong/prj/finn/notebooks/EF-US-Engine-Free-Unstructured-Sparsity-Design-Alleviates-Accelerator-Bottlenecks/casestudy1/LeNet_MNIST_BNN/tmp/auto/code_gen_ipgen_ConvolutionInputGenerator_rtl_2_mwxoway6/swg_common.sv:47]
WARNING: [VRFC 10-3467] initial value of parameter 'HEAD_INCR_KH' is omitted [/home/changhong/prj/finn/notebooks/EF-US-Engine-Free-Unstructured-Sparsity-Design-Alleviates-Accelerator-Bottlenecks/casestudy1/LeNet_MNIST_BNN/build/auto/home/changhong/prj/finn/notebooks/EF-US-Engine-Free-Unstructured-Sparsity-Design-Alleviates-Accelerator-Bottlenecks/casestudy1/LeNet_MNIST_BNN/tmp/auto/code_gen_ipgen_ConvolutionInputGenerator_rtl_2_mwxoway6/swg_common.sv:48]
WARNING: [VRFC 10-3467] initial value of parameter 'HEAD_INCR_W' is omitted [/home/changhong/prj/finn/notebooks/EF-US-Engine-Free-Unstructured-Sparsity-Design-Alleviates-Accelerator-Bottlenecks/casestudy1/LeNet_MNIST_BNN/build/auto/home/changhong/prj/finn/notebooks/EF-US-Engine-Free-Unstructured-Sparsity-Design-Alleviates-Accelerator-Bottlenecks/casestudy1/LeNet_MNIST_BNN/tmp/auto/code_gen_ipgen_ConvolutionInputGenerator_rtl_2_mwxoway6/swg_common.sv:49]
WARNING: [VRFC 10-3467] initial value of parameter 'HEAD_INCR_H' is omitted [/home/changhong/prj/finn/notebooks/EF-US-Engine-Free-Unstructured-Sparsity-Design-Alleviates-Accelerator-Bottlenecks/casestudy1/LeNet_MNIST_BNN/build/auto/home/changhong/prj/finn/notebooks/EF-US-Engine-Free-Unstructured-Sparsity-Design-Alleviates-Accelerator-Bottlenecks/casestudy1/LeNet_MNIST_BNN/tmp/auto/code_gen_ipgen_ConvolutionInputGenerator_rtl_2_mwxoway6/swg_common.sv:50]
WARNING: [VRFC 10-3467] initial value of parameter 'TAIL_INCR_W' is omitted [/home/changhong/prj/finn/notebooks/EF-US-Engine-Free-Unstructured-Sparsity-Design-Alleviates-Accelerator-Bottlenecks/casestudy1/LeNet_MNIST_BNN/build/auto/home/changhong/prj/finn/notebooks/EF-US-Engine-Free-Unstructured-Sparsity-Design-Alleviates-Accelerator-Bottlenecks/casestudy1/LeNet_MNIST_BNN/tmp/auto/code_gen_ipgen_ConvolutionInputGenerator_rtl_2_mwxoway6/swg_common.sv:51]
WARNING: [VRFC 10-3467] initial value of parameter 'TAIL_INCR_H' is omitted [/home/changhong/prj/finn/notebooks/EF-US-Engine-Free-Unstructured-Sparsity-Design-Alleviates-Accelerator-Bottlenecks/casestudy1/LeNet_MNIST_BNN/build/auto/home/changhong/prj/finn/notebooks/EF-US-Engine-Free-Unstructured-Sparsity-Design-Alleviates-Accelerator-Bottlenecks/casestudy1/LeNet_MNIST_BNN/tmp/auto/code_gen_ipgen_ConvolutionInputGenerator_rtl_2_mwxoway6/swg_common.sv:52]
WARNING: [VRFC 10-3467] initial value of parameter 'TAIL_INCR_LAST' is omitted [/home/changhong/prj/finn/notebooks/EF-US-Engine-Free-Unstructured-Sparsity-Design-Alleviates-Accelerator-Bottlenecks/casestudy1/LeNet_MNIST_BNN/build/auto/home/changhong/prj/finn/notebooks/EF-US-Engine-Free-Unstructured-Sparsity-Design-Alleviates-Accelerator-Bottlenecks/casestudy1/LeNet_MNIST_BNN/tmp/auto/code_gen_ipgen_ConvolutionInputGenerator_rtl_2_mwxoway6/swg_common.sv:53]
WARNING: [VRFC 10-3467] initial value of parameter 'INNERMOST_STATE' is omitted [/home/changhong/prj/finn/notebooks/EF-US-Engine-Free-Unstructured-Sparsity-Design-Alleviates-Accelerator-Bottlenecks/casestudy1/LeNet_MNIST_BNN/build/auto/home/changhong/prj/finn/notebooks/EF-US-Engine-Free-Unstructured-Sparsity-Design-Alleviates-Accelerator-Bottlenecks/casestudy1/LeNet_MNIST_BNN/tmp/auto/code_gen_ipgen_ConvolutionInputGenerator_rtl_2_mwxoway6/swg_common.sv:55]
WARNING: [VRFC 10-3609] overwriting previous definition of module 'swg_controller' [/home/changhong/prj/finn/notebooks/EF-US-Engine-Free-Unstructured-Sparsity-Design-Alleviates-Accelerator-Bottlenecks/casestudy1/LeNet_MNIST_BNN/build/auto/home/changhong/prj/finn/notebooks/EF-US-Engine-Free-Unstructured-Sparsity-Design-Alleviates-Accelerator-Bottlenecks/casestudy1/LeNet_MNIST_BNN/tmp/auto/code_gen_ipgen_ConvolutionInputGenerator_rtl_2_mwxoway6/swg_common.sv:34]
INFO: [VRFC 10-311] analyzing module swg_cyclic_buffer_addressable
WARNING: [VRFC 10-3467] initial value of parameter 'WIDTH' is omitted [/home/changhong/prj/finn/notebooks/EF-US-Engine-Free-Unstructured-Sparsity-Design-Alleviates-Accelerator-Bottlenecks/casestudy1/LeNet_MNIST_BNN/build/auto/home/changhong/prj/finn/notebooks/EF-US-Engine-Free-Unstructured-Sparsity-Design-Alleviates-Accelerator-Bottlenecks/casestudy1/LeNet_MNIST_BNN/tmp/auto/code_gen_ipgen_ConvolutionInputGenerator_rtl_2_mwxoway6/swg_common.sv:150]
WARNING: [VRFC 10-3467] initial value of parameter 'DEPTH' is omitted [/home/changhong/prj/finn/notebooks/EF-US-Engine-Free-Unstructured-Sparsity-Design-Alleviates-Accelerator-Bottlenecks/casestudy1/LeNet_MNIST_BNN/build/auto/home/changhong/prj/finn/notebooks/EF-US-Engine-Free-Unstructured-Sparsity-Design-Alleviates-Accelerator-Bottlenecks/casestudy1/LeNet_MNIST_BNN/tmp/auto/code_gen_ipgen_ConvolutionInputGenerator_rtl_2_mwxoway6/swg_common.sv:151]
WARNING: [VRFC 10-3609] overwriting previous definition of module 'swg_cyclic_buffer_addressable' [/home/changhong/prj/finn/notebooks/EF-US-Engine-Free-Unstructured-Sparsity-Design-Alleviates-Accelerator-Bottlenecks/casestudy1/LeNet_MNIST_BNN/build/auto/home/changhong/prj/finn/notebooks/EF-US-Engine-Free-Unstructured-Sparsity-Design-Alleviates-Accelerator-Bottlenecks/casestudy1/LeNet_MNIST_BNN/tmp/auto/code_gen_ipgen_ConvolutionInputGenerator_rtl_2_mwxoway6/swg_common.sv:149]
INFO: [VRFC 10-311] analyzing module swg_reg_buffer
WARNING: [VRFC 10-3609] overwriting previous definition of module 'swg_reg_buffer' [/home/changhong/prj/finn/notebooks/EF-US-Engine-Free-Unstructured-Sparsity-Design-Alleviates-Accelerator-Bottlenecks/casestudy1/LeNet_MNIST_BNN/build/auto/home/changhong/prj/finn/notebooks/EF-US-Engine-Free-Unstructured-Sparsity-Design-Alleviates-Accelerator-Bottlenecks/casestudy1/LeNet_MNIST_BNN/tmp/auto/code_gen_ipgen_ConvolutionInputGenerator_rtl_2_mwxoway6/swg_common.sv:176]
INFO: [VRFC 10-311] analyzing module swg_ram_buffer
WARNING: [VRFC 10-3467] initial value of parameter 'WIDTH' is omitted [/home/changhong/prj/finn/notebooks/EF-US-Engine-Free-Unstructured-Sparsity-Design-Alleviates-Accelerator-Bottlenecks/casestudy1/LeNet_MNIST_BNN/build/auto/home/changhong/prj/finn/notebooks/EF-US-Engine-Free-Unstructured-Sparsity-Design-Alleviates-Accelerator-Bottlenecks/casestudy1/LeNet_MNIST_BNN/tmp/auto/code_gen_ipgen_ConvolutionInputGenerator_rtl_2_mwxoway6/swg_common.sv:207]
WARNING: [VRFC 10-3467] initial value of parameter 'DEPTH' is omitted [/home/changhong/prj/finn/notebooks/EF-US-Engine-Free-Unstructured-Sparsity-Design-Alleviates-Accelerator-Bottlenecks/casestudy1/LeNet_MNIST_BNN/build/auto/home/changhong/prj/finn/notebooks/EF-US-Engine-Free-Unstructured-Sparsity-Design-Alleviates-Accelerator-Bottlenecks/casestudy1/LeNet_MNIST_BNN/tmp/auto/code_gen_ipgen_ConvolutionInputGenerator_rtl_2_mwxoway6/swg_common.sv:208]
WARNING: [VRFC 10-3609] overwriting previous definition of module 'swg_ram_buffer' [/home/changhong/prj/finn/notebooks/EF-US-Engine-Free-Unstructured-Sparsity-Design-Alleviates-Accelerator-Bottlenecks/casestudy1/LeNet_MNIST_BNN/build/auto/home/changhong/prj/finn/notebooks/EF-US-Engine-Free-Unstructured-Sparsity-Design-Alleviates-Accelerator-Bottlenecks/casestudy1/LeNet_MNIST_BNN/tmp/auto/code_gen_ipgen_ConvolutionInputGenerator_rtl_2_mwxoway6/swg_common.sv:205]
INFO: [VRFC 10-2263] Analyzing Verilog file "/home/changhong/prj/finn/notebooks/EF-US-Engine-Free-Unstructured-Sparsity-Design-Alleviates-Accelerator-Bottlenecks/casestudy1/LeNet_MNIST_BNN/build/auto/home/changhong/prj/finn/notebooks/EF-US-Engine-Free-Unstructured-Sparsity-Design-Alleviates-Accelerator-Bottlenecks/casestudy1/LeNet_MNIST_BNN/tmp/auto/code_gen_ipgen_StreamingFIFO_rtl_10_8vdo3xg4/Q_srl.v" into library work
INFO: [VRFC 10-311] analyzing module Q_srl
WARNING: [VRFC 10-3609] overwriting previous definition of module 'Q_srl' [/home/changhong/prj/finn/notebooks/EF-US-Engine-Free-Unstructured-Sparsity-Design-Alleviates-Accelerator-Bottlenecks/casestudy1/LeNet_MNIST_BNN/build/auto/home/changhong/prj/finn/notebooks/EF-US-Engine-Free-Unstructured-Sparsity-Design-Alleviates-Accelerator-Bottlenecks/casestudy1/LeNet_MNIST_BNN/tmp/auto/code_gen_ipgen_StreamingFIFO_rtl_10_8vdo3xg4/Q_srl.v:72]
INFO: [VRFC 10-2263] Analyzing Verilog file "/home/changhong/prj/finn/notebooks/EF-US-Engine-Free-Unstructured-Sparsity-Design-Alleviates-Accelerator-Bottlenecks/casestudy1/LeNet_MNIST_BNN/build/auto/home/changhong/prj/finn/notebooks/EF-US-Engine-Free-Unstructured-Sparsity-Design-Alleviates-Accelerator-Bottlenecks/casestudy1/LeNet_MNIST_BNN/tmp/auto/code_gen_ipgen_StreamingFIFO_rtl_10_8vdo3xg4/StreamingFIFO_rtl_10.v" into library work
INFO: [VRFC 10-311] analyzing module StreamingFIFO_rtl_10
INFO: [VRFC 10-2263] Analyzing SystemVerilog file "/home/changhong/prj/finn/notebooks/EF-US-Engine-Free-Unstructured-Sparsity-Design-Alleviates-Accelerator-Bottlenecks/casestudy1/LeNet_MNIST_BNN/build/auto/home/changhong/prj/finn/notebooks/EF-US-Engine-Free-Unstructured-Sparsity-Design-Alleviates-Accelerator-Bottlenecks/casestudy1/LeNet_MNIST_BNN/tmp/auto/code_gen_ipgen_StreamingDataWidthConverter_rtl_3_bmcq6_6l/dwc_axi.sv" into library work
INFO: [VRFC 10-311] analyzing module dwc_axi
WARNING: [VRFC 10-3467] initial value of parameter 'IBITS' is omitted [/home/changhong/prj/finn/notebooks/EF-US-Engine-Free-Unstructured-Sparsity-Design-Alleviates-Accelerator-Bottlenecks/casestudy1/LeNet_MNIST_BNN/build/auto/home/changhong/prj/finn/notebooks/EF-US-Engine-Free-Unstructured-Sparsity-Design-Alleviates-Accelerator-Bottlenecks/casestudy1/LeNet_MNIST_BNN/tmp/auto/code_gen_ipgen_StreamingDataWidthConverter_rtl_3_bmcq6_6l/dwc_axi.sv:35]
WARNING: [VRFC 10-3467] initial value of parameter 'OBITS' is omitted [/home/changhong/prj/finn/notebooks/EF-US-Engine-Free-Unstructured-Sparsity-Design-Alleviates-Accelerator-Bottlenecks/casestudy1/LeNet_MNIST_BNN/build/auto/home/changhong/prj/finn/notebooks/EF-US-Engine-Free-Unstructured-Sparsity-Design-Alleviates-Accelerator-Bottlenecks/casestudy1/LeNet_MNIST_BNN/tmp/auto/code_gen_ipgen_StreamingDataWidthConverter_rtl_3_bmcq6_6l/dwc_axi.sv:36]
WARNING: [VRFC 10-3609] overwriting previous definition of module 'dwc_axi' [/home/changhong/prj/finn/notebooks/EF-US-Engine-Free-Unstructured-Sparsity-Design-Alleviates-Accelerator-Bottlenecks/casestudy1/LeNet_MNIST_BNN/build/auto/home/changhong/prj/finn/notebooks/EF-US-Engine-Free-Unstructured-Sparsity-Design-Alleviates-Accelerator-Bottlenecks/casestudy1/LeNet_MNIST_BNN/tmp/auto/code_gen_ipgen_StreamingDataWidthConverter_rtl_3_bmcq6_6l/dwc_axi.sv:34]
INFO: [VRFC 10-2263] Analyzing SystemVerilog file "/home/changhong/prj/finn/notebooks/EF-US-Engine-Free-Unstructured-Sparsity-Design-Alleviates-Accelerator-Bottlenecks/casestudy1/LeNet_MNIST_BNN/build/auto/home/changhong/prj/finn/notebooks/EF-US-Engine-Free-Unstructured-Sparsity-Design-Alleviates-Accelerator-Bottlenecks/casestudy1/LeNet_MNIST_BNN/tmp/auto/code_gen_ipgen_StreamingDataWidthConverter_rtl_3_bmcq6_6l/dwc.sv" into library work
INFO: [VRFC 10-311] analyzing module dwc
WARNING: [VRFC 10-3467] initial value of parameter 'IBITS' is omitted [/home/changhong/prj/finn/notebooks/EF-US-Engine-Free-Unstructured-Sparsity-Design-Alleviates-Accelerator-Bottlenecks/casestudy1/LeNet_MNIST_BNN/build/auto/home/changhong/prj/finn/notebooks/EF-US-Engine-Free-Unstructured-Sparsity-Design-Alleviates-Accelerator-Bottlenecks/casestudy1/LeNet_MNIST_BNN/tmp/auto/code_gen_ipgen_StreamingDataWidthConverter_rtl_3_bmcq6_6l/dwc.sv:35]
WARNING: [VRFC 10-3467] initial value of parameter 'OBITS' is omitted [/home/changhong/prj/finn/notebooks/EF-US-Engine-Free-Unstructured-Sparsity-Design-Alleviates-Accelerator-Bottlenecks/casestudy1/LeNet_MNIST_BNN/build/auto/home/changhong/prj/finn/notebooks/EF-US-Engine-Free-Unstructured-Sparsity-Design-Alleviates-Accelerator-Bottlenecks/casestudy1/LeNet_MNIST_BNN/tmp/auto/code_gen_ipgen_StreamingDataWidthConverter_rtl_3_bmcq6_6l/dwc.sv:36]
WARNING: [VRFC 10-3609] overwriting previous definition of module 'dwc' [/home/changhong/prj/finn/notebooks/EF-US-Engine-Free-Unstructured-Sparsity-Design-Alleviates-Accelerator-Bottlenecks/casestudy1/LeNet_MNIST_BNN/build/auto/home/changhong/prj/finn/notebooks/EF-US-Engine-Free-Unstructured-Sparsity-Design-Alleviates-Accelerator-Bottlenecks/casestudy1/LeNet_MNIST_BNN/tmp/auto/code_gen_ipgen_StreamingDataWidthConverter_rtl_3_bmcq6_6l/dwc.sv:34]
INFO: [VRFC 10-2263] Analyzing Verilog file "/home/changhong/prj/finn/notebooks/EF-US-Engine-Free-Unstructured-Sparsity-Design-Alleviates-Accelerator-Bottlenecks/casestudy1/LeNet_MNIST_BNN/build/auto/home/changhong/prj/finn/notebooks/EF-US-Engine-Free-Unstructured-Sparsity-Design-Alleviates-Accelerator-Bottlenecks/casestudy1/LeNet_MNIST_BNN/tmp/auto/code_gen_ipgen_StreamingDataWidthConverter_rtl_3_bmcq6_6l/StreamingDataWidthConverter_rtl_3.v" into library work
INFO: [VRFC 10-311] analyzing module StreamingDataWidthConverter_rtl_3
INFO: [VRFC 10-2263] Analyzing Verilog file "/home/changhong/prj/finn/notebooks/EF-US-Engine-Free-Unstructured-Sparsity-Design-Alleviates-Accelerator-Bottlenecks/casestudy1/LeNet_MNIST_BNN/build/auto/home/changhong/prj/finn/notebooks/EF-US-Engine-Free-Unstructured-Sparsity-Design-Alleviates-Accelerator-Bottlenecks/casestudy1/LeNet_MNIST_BNN/tmp/auto/code_gen_ipgen_StreamingFIFO_rtl_11_6i4df150/Q_srl.v" into library work
INFO: [VRFC 10-311] analyzing module Q_srl
WARNING: [VRFC 10-3609] overwriting previous definition of module 'Q_srl' [/home/changhong/prj/finn/notebooks/EF-US-Engine-Free-Unstructured-Sparsity-Design-Alleviates-Accelerator-Bottlenecks/casestudy1/LeNet_MNIST_BNN/build/auto/home/changhong/prj/finn/notebooks/EF-US-Engine-Free-Unstructured-Sparsity-Design-Alleviates-Accelerator-Bottlenecks/casestudy1/LeNet_MNIST_BNN/tmp/auto/code_gen_ipgen_StreamingFIFO_rtl_11_6i4df150/Q_srl.v:72]
INFO: [VRFC 10-2263] Analyzing Verilog file "/home/changhong/prj/finn/notebooks/EF-US-Engine-Free-Unstructured-Sparsity-Design-Alleviates-Accelerator-Bottlenecks/casestudy1/LeNet_MNIST_BNN/build/auto/home/changhong/prj/finn/notebooks/EF-US-Engine-Free-Unstructured-Sparsity-Design-Alleviates-Accelerator-Bottlenecks/casestudy1/LeNet_MNIST_BNN/tmp/auto/code_gen_ipgen_StreamingFIFO_rtl_11_6i4df150/StreamingFIFO_rtl_11.v" into library work
INFO: [VRFC 10-311] analyzing module StreamingFIFO_rtl_11
INFO: [VRFC 10-2263] Analyzing Verilog file "/home/changhong/prj/finn/notebooks/EF-US-Engine-Free-Unstructured-Sparsity-Design-Alleviates-Accelerator-Bottlenecks/casestudy1/LeNet_MNIST_BNN/build/auto/home/changhong/prj/finn/notebooks/EF-US-Engine-Free-Unstructured-Sparsity-Design-Alleviates-Accelerator-Bottlenecks/casestudy1/LeNet_MNIST_BNN/tmp/auto/vivado_stitch_proj_b2b_bym1/ip/verilog/rtl_ops/MVAU_hls_2/MVAU_hls_2_memstream_wrapper.v" into library work
INFO: [VRFC 10-311] analyzing module MVAU_hls_2_memstream_wrapper
WARNING: [VRFC 10-8434] closing label :MVAU_hls_2_memstream_wrapper is only allowed in SystemVerilog mode [/home/changhong/prj/finn/notebooks/EF-US-Engine-Free-Unstructured-Sparsity-Design-Alleviates-Accelerator-Bottlenecks/casestudy1/LeNet_MNIST_BNN/build/auto/home/changhong/prj/finn/notebooks/EF-US-Engine-Free-Unstructured-Sparsity-Design-Alleviates-Accelerator-Bottlenecks/casestudy1/LeNet_MNIST_BNN/tmp/auto/vivado_stitch_proj_b2b_bym1/ip/verilog/rtl_ops/MVAU_hls_2/MVAU_hls_2_memstream_wrapper.v:120]
WARNING: [VRFC 10-8434] closing label :MVAU_hls_2_memstream_wrapper is only allowed in SystemVerilog mode [/home/changhong/prj/finn/notebooks/EF-US-Engine-Free-Unstructured-Sparsity-Design-Alleviates-Accelerator-Bottlenecks/casestudy1/LeNet_MNIST_BNN/build/auto/home/changhong/prj/finn/notebooks/EF-US-Engine-Free-Unstructured-Sparsity-Design-Alleviates-Accelerator-Bottlenecks/casestudy1/LeNet_MNIST_BNN/tmp/auto/vivado_stitch_proj_b2b_bym1/ip/verilog/rtl_ops/MVAU_hls_2/MVAU_hls_2_memstream_wrapper.v:32]
INFO: [VRFC 10-2263] Analyzing Verilog file "/home/changhong/prj/finn/notebooks/EF-US-Engine-Free-Unstructured-Sparsity-Design-Alleviates-Accelerator-Bottlenecks/casestudy1/LeNet_MNIST_BNN/build/auto/home/changhong/prj/finn/notebooks/EF-US-Engine-Free-Unstructured-Sparsity-Design-Alleviates-Accelerator-Bottlenecks/casestudy1/LeNet_MNIST_BNN/tmp/auto/vivado_stitch_proj_b2b_bym1/ip/verilog/rtl_ops/MVAU_hls_2/axilite_if.v" into library work
INFO: [VRFC 10-311] analyzing module axi4lite_if
WARNING: [VRFC 10-3609] overwriting previous definition of module 'axi4lite_if' [/home/changhong/prj/finn/notebooks/EF-US-Engine-Free-Unstructured-Sparsity-Design-Alleviates-Accelerator-Bottlenecks/casestudy1/LeNet_MNIST_BNN/build/auto/home/changhong/prj/finn/notebooks/EF-US-Engine-Free-Unstructured-Sparsity-Design-Alleviates-Accelerator-Bottlenecks/casestudy1/LeNet_MNIST_BNN/tmp/auto/vivado_stitch_proj_b2b_bym1/ip/verilog/rtl_ops/MVAU_hls_2/axilite_if.v:31]
INFO: [VRFC 10-2263] Analyzing SystemVerilog file "/home/changhong/prj/finn/notebooks/EF-US-Engine-Free-Unstructured-Sparsity-Design-Alleviates-Accelerator-Bottlenecks/casestudy1/LeNet_MNIST_BNN/build/auto/home/changhong/prj/finn/notebooks/EF-US-Engine-Free-Unstructured-Sparsity-Design-Alleviates-Accelerator-Bottlenecks/casestudy1/LeNet_MNIST_BNN/tmp/auto/vivado_stitch_proj_b2b_bym1/ip/verilog/rtl_ops/MVAU_hls_2/memstream_axi.sv" into library work
INFO: [VRFC 10-311] analyzing module memstream_axi
WARNING: [VRFC 10-3467] initial value of parameter 'DEPTH' is omitted [/home/changhong/prj/finn/notebooks/EF-US-Engine-Free-Unstructured-Sparsity-Design-Alleviates-Accelerator-Bottlenecks/casestudy1/LeNet_MNIST_BNN/build/auto/home/changhong/prj/finn/notebooks/EF-US-Engine-Free-Unstructured-Sparsity-Design-Alleviates-Accelerator-Bottlenecks/casestudy1/LeNet_MNIST_BNN/tmp/auto/vivado_stitch_proj_b2b_bym1/ip/verilog/rtl_ops/MVAU_hls_2/memstream_axi.sv:34]
WARNING: [VRFC 10-3467] initial value of parameter 'WIDTH' is omitted [/home/changhong/prj/finn/notebooks/EF-US-Engine-Free-Unstructured-Sparsity-Design-Alleviates-Accelerator-Bottlenecks/casestudy1/LeNet_MNIST_BNN/build/auto/home/changhong/prj/finn/notebooks/EF-US-Engine-Free-Unstructured-Sparsity-Design-Alleviates-Accelerator-Bottlenecks/casestudy1/LeNet_MNIST_BNN/tmp/auto/vivado_stitch_proj_b2b_bym1/ip/verilog/rtl_ops/MVAU_hls_2/memstream_axi.sv:35]
WARNING: [VRFC 10-3609] overwriting previous definition of module 'memstream_axi' [/home/changhong/prj/finn/notebooks/EF-US-Engine-Free-Unstructured-Sparsity-Design-Alleviates-Accelerator-Bottlenecks/casestudy1/LeNet_MNIST_BNN/build/auto/home/changhong/prj/finn/notebooks/EF-US-Engine-Free-Unstructured-Sparsity-Design-Alleviates-Accelerator-Bottlenecks/casestudy1/LeNet_MNIST_BNN/tmp/auto/vivado_stitch_proj_b2b_bym1/ip/verilog/rtl_ops/MVAU_hls_2/memstream_axi.sv:33]
INFO: [VRFC 10-2263] Analyzing SystemVerilog file "/home/changhong/prj/finn/notebooks/EF-US-Engine-Free-Unstructured-Sparsity-Design-Alleviates-Accelerator-Bottlenecks/casestudy1/LeNet_MNIST_BNN/build/auto/home/changhong/prj/finn/notebooks/EF-US-Engine-Free-Unstructured-Sparsity-Design-Alleviates-Accelerator-Bottlenecks/casestudy1/LeNet_MNIST_BNN/tmp/auto/vivado_stitch_proj_b2b_bym1/ip/verilog/rtl_ops/MVAU_hls_2/memstream.sv" into library work
INFO: [VRFC 10-311] analyzing module memstream
WARNING: [VRFC 10-3467] initial value of parameter 'DEPTH' is omitted [/home/changhong/prj/finn/notebooks/EF-US-Engine-Free-Unstructured-Sparsity-Design-Alleviates-Accelerator-Bottlenecks/casestudy1/LeNet_MNIST_BNN/build/auto/home/changhong/prj/finn/notebooks/EF-US-Engine-Free-Unstructured-Sparsity-Design-Alleviates-Accelerator-Bottlenecks/casestudy1/LeNet_MNIST_BNN/tmp/auto/vivado_stitch_proj_b2b_bym1/ip/verilog/rtl_ops/MVAU_hls_2/memstream.sv:34]
WARNING: [VRFC 10-3467] initial value of parameter 'WIDTH' is omitted [/home/changhong/prj/finn/notebooks/EF-US-Engine-Free-Unstructured-Sparsity-Design-Alleviates-Accelerator-Bottlenecks/casestudy1/LeNet_MNIST_BNN/build/auto/home/changhong/prj/finn/notebooks/EF-US-Engine-Free-Unstructured-Sparsity-Design-Alleviates-Accelerator-Bottlenecks/casestudy1/LeNet_MNIST_BNN/tmp/auto/vivado_stitch_proj_b2b_bym1/ip/verilog/rtl_ops/MVAU_hls_2/memstream.sv:35]
WARNING: [VRFC 10-8890] default field of an assignment pattern cannot contain another assignment pattern [/home/changhong/prj/finn/notebooks/EF-US-Engine-Free-Unstructured-Sparsity-Design-Alleviates-Accelerator-Bottlenecks/casestudy1/LeNet_MNIST_BNN/build/auto/home/changhong/prj/finn/notebooks/EF-US-Engine-Free-Unstructured-Sparsity-Design-Alleviates-Accelerator-Bottlenecks/casestudy1/LeNet_MNIST_BNN/tmp/auto/vivado_stitch_proj_b2b_bym1/ip/verilog/rtl_ops/MVAU_hls_2/memstream.sv:73]
WARNING: [VRFC 10-3609] overwriting previous definition of module 'memstream' [/home/changhong/prj/finn/notebooks/EF-US-Engine-Free-Unstructured-Sparsity-Design-Alleviates-Accelerator-Bottlenecks/casestudy1/LeNet_MNIST_BNN/build/auto/home/changhong/prj/finn/notebooks/EF-US-Engine-Free-Unstructured-Sparsity-Design-Alleviates-Accelerator-Bottlenecks/casestudy1/LeNet_MNIST_BNN/tmp/auto/vivado_stitch_proj_b2b_bym1/ip/verilog/rtl_ops/MVAU_hls_2/memstream.sv:33]
INFO: [VRFC 10-2263] Analyzing Verilog file "/home/changhong/prj/finn/notebooks/EF-US-Engine-Free-Unstructured-Sparsity-Design-Alleviates-Accelerator-Bottlenecks/casestudy1/LeNet_MNIST_BNN/build/auto/home/changhong/prj/finn/notebooks/EF-US-Engine-Free-Unstructured-Sparsity-Design-Alleviates-Accelerator-Bottlenecks/casestudy1/LeNet_MNIST_BNN/tmp/auto/code_gen_ipgen_StreamingFIFO_rtl_12_cpz7vu5p/Q_srl.v" into library work
INFO: [VRFC 10-311] analyzing module Q_srl
WARNING: [VRFC 10-3609] overwriting previous definition of module 'Q_srl' [/home/changhong/prj/finn/notebooks/EF-US-Engine-Free-Unstructured-Sparsity-Design-Alleviates-Accelerator-Bottlenecks/casestudy1/LeNet_MNIST_BNN/build/auto/home/changhong/prj/finn/notebooks/EF-US-Engine-Free-Unstructured-Sparsity-Design-Alleviates-Accelerator-Bottlenecks/casestudy1/LeNet_MNIST_BNN/tmp/auto/code_gen_ipgen_StreamingFIFO_rtl_12_cpz7vu5p/Q_srl.v:72]
INFO: [VRFC 10-2263] Analyzing Verilog file "/home/changhong/prj/finn/notebooks/EF-US-Engine-Free-Unstructured-Sparsity-Design-Alleviates-Accelerator-Bottlenecks/casestudy1/LeNet_MNIST_BNN/build/auto/home/changhong/prj/finn/notebooks/EF-US-Engine-Free-Unstructured-Sparsity-Design-Alleviates-Accelerator-Bottlenecks/casestudy1/LeNet_MNIST_BNN/tmp/auto/code_gen_ipgen_StreamingFIFO_rtl_12_cpz7vu5p/StreamingFIFO_rtl_12.v" into library work
INFO: [VRFC 10-311] analyzing module StreamingFIFO_rtl_12
INFO: [VRFC 10-2263] Analyzing SystemVerilog file "/home/changhong/prj/finn/notebooks/EF-US-Engine-Free-Unstructured-Sparsity-Design-Alleviates-Accelerator-Bottlenecks/casestudy1/LeNet_MNIST_BNN/build/auto/home/changhong/prj/finn/notebooks/EF-US-Engine-Free-Unstructured-Sparsity-Design-Alleviates-Accelerator-Bottlenecks/casestudy1/LeNet_MNIST_BNN/tmp/auto/code_gen_ipgen_StreamingDataWidthConverter_rtl_4_zryxmz3z/dwc_axi.sv" into library work
INFO: [VRFC 10-311] analyzing module dwc_axi
WARNING: [VRFC 10-3467] initial value of parameter 'IBITS' is omitted [/home/changhong/prj/finn/notebooks/EF-US-Engine-Free-Unstructured-Sparsity-Design-Alleviates-Accelerator-Bottlenecks/casestudy1/LeNet_MNIST_BNN/build/auto/home/changhong/prj/finn/notebooks/EF-US-Engine-Free-Unstructured-Sparsity-Design-Alleviates-Accelerator-Bottlenecks/casestudy1/LeNet_MNIST_BNN/tmp/auto/code_gen_ipgen_StreamingDataWidthConverter_rtl_4_zryxmz3z/dwc_axi.sv:35]
WARNING: [VRFC 10-3467] initial value of parameter 'OBITS' is omitted [/home/changhong/prj/finn/notebooks/EF-US-Engine-Free-Unstructured-Sparsity-Design-Alleviates-Accelerator-Bottlenecks/casestudy1/LeNet_MNIST_BNN/build/auto/home/changhong/prj/finn/notebooks/EF-US-Engine-Free-Unstructured-Sparsity-Design-Alleviates-Accelerator-Bottlenecks/casestudy1/LeNet_MNIST_BNN/tmp/auto/code_gen_ipgen_StreamingDataWidthConverter_rtl_4_zryxmz3z/dwc_axi.sv:36]
WARNING: [VRFC 10-3609] overwriting previous definition of module 'dwc_axi' [/home/changhong/prj/finn/notebooks/EF-US-Engine-Free-Unstructured-Sparsity-Design-Alleviates-Accelerator-Bottlenecks/casestudy1/LeNet_MNIST_BNN/build/auto/home/changhong/prj/finn/notebooks/EF-US-Engine-Free-Unstructured-Sparsity-Design-Alleviates-Accelerator-Bottlenecks/casestudy1/LeNet_MNIST_BNN/tmp/auto/code_gen_ipgen_StreamingDataWidthConverter_rtl_4_zryxmz3z/dwc_axi.sv:34]
INFO: [VRFC 10-2263] Analyzing SystemVerilog file "/home/changhong/prj/finn/notebooks/EF-US-Engine-Free-Unstructured-Sparsity-Design-Alleviates-Accelerator-Bottlenecks/casestudy1/LeNet_MNIST_BNN/build/auto/home/changhong/prj/finn/notebooks/EF-US-Engine-Free-Unstructured-Sparsity-Design-Alleviates-Accelerator-Bottlenecks/casestudy1/LeNet_MNIST_BNN/tmp/auto/code_gen_ipgen_StreamingDataWidthConverter_rtl_4_zryxmz3z/dwc.sv" into library work
INFO: [VRFC 10-311] analyzing module dwc
WARNING: [VRFC 10-3467] initial value of parameter 'IBITS' is omitted [/home/changhong/prj/finn/notebooks/EF-US-Engine-Free-Unstructured-Sparsity-Design-Alleviates-Accelerator-Bottlenecks/casestudy1/LeNet_MNIST_BNN/build/auto/home/changhong/prj/finn/notebooks/EF-US-Engine-Free-Unstructured-Sparsity-Design-Alleviates-Accelerator-Bottlenecks/casestudy1/LeNet_MNIST_BNN/tmp/auto/code_gen_ipgen_StreamingDataWidthConverter_rtl_4_zryxmz3z/dwc.sv:35]
WARNING: [VRFC 10-3467] initial value of parameter 'OBITS' is omitted [/home/changhong/prj/finn/notebooks/EF-US-Engine-Free-Unstructured-Sparsity-Design-Alleviates-Accelerator-Bottlenecks/casestudy1/LeNet_MNIST_BNN/build/auto/home/changhong/prj/finn/notebooks/EF-US-Engine-Free-Unstructured-Sparsity-Design-Alleviates-Accelerator-Bottlenecks/casestudy1/LeNet_MNIST_BNN/tmp/auto/code_gen_ipgen_StreamingDataWidthConverter_rtl_4_zryxmz3z/dwc.sv:36]
WARNING: [VRFC 10-3609] overwriting previous definition of module 'dwc' [/home/changhong/prj/finn/notebooks/EF-US-Engine-Free-Unstructured-Sparsity-Design-Alleviates-Accelerator-Bottlenecks/casestudy1/LeNet_MNIST_BNN/build/auto/home/changhong/prj/finn/notebooks/EF-US-Engine-Free-Unstructured-Sparsity-Design-Alleviates-Accelerator-Bottlenecks/casestudy1/LeNet_MNIST_BNN/tmp/auto/code_gen_ipgen_StreamingDataWidthConverter_rtl_4_zryxmz3z/dwc.sv:34]
INFO: [VRFC 10-2263] Analyzing Verilog file "/home/changhong/prj/finn/notebooks/EF-US-Engine-Free-Unstructured-Sparsity-Design-Alleviates-Accelerator-Bottlenecks/casestudy1/LeNet_MNIST_BNN/build/auto/home/changhong/prj/finn/notebooks/EF-US-Engine-Free-Unstructured-Sparsity-Design-Alleviates-Accelerator-Bottlenecks/casestudy1/LeNet_MNIST_BNN/tmp/auto/code_gen_ipgen_StreamingDataWidthConverter_rtl_4_zryxmz3z/StreamingDataWidthConverter_rtl_4.v" into library work
INFO: [VRFC 10-311] analyzing module StreamingDataWidthConverter_rtl_4
INFO: [VRFC 10-2263] Analyzing Verilog file "/home/changhong/prj/finn/notebooks/EF-US-Engine-Free-Unstructured-Sparsity-Design-Alleviates-Accelerator-Bottlenecks/casestudy1/LeNet_MNIST_BNN/build/auto/home/changhong/prj/finn/notebooks/EF-US-Engine-Free-Unstructured-Sparsity-Design-Alleviates-Accelerator-Bottlenecks/casestudy1/LeNet_MNIST_BNN/tmp/auto/code_gen_ipgen_StreamingFIFO_rtl_13_cp8_4wxh/Q_srl.v" into library work
INFO: [VRFC 10-311] analyzing module Q_srl
WARNING: [VRFC 10-3609] overwriting previous definition of module 'Q_srl' [/home/changhong/prj/finn/notebooks/EF-US-Engine-Free-Unstructured-Sparsity-Design-Alleviates-Accelerator-Bottlenecks/casestudy1/LeNet_MNIST_BNN/build/auto/home/changhong/prj/finn/notebooks/EF-US-Engine-Free-Unstructured-Sparsity-Design-Alleviates-Accelerator-Bottlenecks/casestudy1/LeNet_MNIST_BNN/tmp/auto/code_gen_ipgen_StreamingFIFO_rtl_13_cp8_4wxh/Q_srl.v:72]
INFO: [VRFC 10-2263] Analyzing Verilog file "/home/changhong/prj/finn/notebooks/EF-US-Engine-Free-Unstructured-Sparsity-Design-Alleviates-Accelerator-Bottlenecks/casestudy1/LeNet_MNIST_BNN/build/auto/home/changhong/prj/finn/notebooks/EF-US-Engine-Free-Unstructured-Sparsity-Design-Alleviates-Accelerator-Bottlenecks/casestudy1/LeNet_MNIST_BNN/tmp/auto/code_gen_ipgen_StreamingFIFO_rtl_13_cp8_4wxh/StreamingFIFO_rtl_13.v" into library work
INFO: [VRFC 10-311] analyzing module StreamingFIFO_rtl_13
INFO: [VRFC 10-2263] Analyzing Verilog file "/home/changhong/prj/finn/notebooks/EF-US-Engine-Free-Unstructured-Sparsity-Design-Alleviates-Accelerator-Bottlenecks/casestudy1/LeNet_MNIST_BNN/build/auto/home/changhong/prj/finn/notebooks/EF-US-Engine-Free-Unstructured-Sparsity-Design-Alleviates-Accelerator-Bottlenecks/casestudy1/LeNet_MNIST_BNN/tmp/auto/vivado_stitch_proj_b2b_bym1/ip/verilog/rtl_ops/MVAU_hls_3/MVAU_hls_3_memstream_wrapper.v" into library work
INFO: [VRFC 10-311] analyzing module MVAU_hls_3_memstream_wrapper
WARNING: [VRFC 10-8434] closing label :MVAU_hls_3_memstream_wrapper is only allowed in SystemVerilog mode [/home/changhong/prj/finn/notebooks/EF-US-Engine-Free-Unstructured-Sparsity-Design-Alleviates-Accelerator-Bottlenecks/casestudy1/LeNet_MNIST_BNN/build/auto/home/changhong/prj/finn/notebooks/EF-US-Engine-Free-Unstructured-Sparsity-Design-Alleviates-Accelerator-Bottlenecks/casestudy1/LeNet_MNIST_BNN/tmp/auto/vivado_stitch_proj_b2b_bym1/ip/verilog/rtl_ops/MVAU_hls_3/MVAU_hls_3_memstream_wrapper.v:120]
WARNING: [VRFC 10-8434] closing label :MVAU_hls_3_memstream_wrapper is only allowed in SystemVerilog mode [/home/changhong/prj/finn/notebooks/EF-US-Engine-Free-Unstructured-Sparsity-Design-Alleviates-Accelerator-Bottlenecks/casestudy1/LeNet_MNIST_BNN/build/auto/home/changhong/prj/finn/notebooks/EF-US-Engine-Free-Unstructured-Sparsity-Design-Alleviates-Accelerator-Bottlenecks/casestudy1/LeNet_MNIST_BNN/tmp/auto/vivado_stitch_proj_b2b_bym1/ip/verilog/rtl_ops/MVAU_hls_3/MVAU_hls_3_memstream_wrapper.v:32]
INFO: [VRFC 10-2263] Analyzing Verilog file "/home/changhong/prj/finn/notebooks/EF-US-Engine-Free-Unstructured-Sparsity-Design-Alleviates-Accelerator-Bottlenecks/casestudy1/LeNet_MNIST_BNN/build/auto/home/changhong/prj/finn/notebooks/EF-US-Engine-Free-Unstructured-Sparsity-Design-Alleviates-Accelerator-Bottlenecks/casestudy1/LeNet_MNIST_BNN/tmp/auto/vivado_stitch_proj_b2b_bym1/ip/verilog/rtl_ops/MVAU_hls_3/axilite_if.v" into library work
INFO: [VRFC 10-311] analyzing module axi4lite_if
WARNING: [VRFC 10-3609] overwriting previous definition of module 'axi4lite_if' [/home/changhong/prj/finn/notebooks/EF-US-Engine-Free-Unstructured-Sparsity-Design-Alleviates-Accelerator-Bottlenecks/casestudy1/LeNet_MNIST_BNN/build/auto/home/changhong/prj/finn/notebooks/EF-US-Engine-Free-Unstructured-Sparsity-Design-Alleviates-Accelerator-Bottlenecks/casestudy1/LeNet_MNIST_BNN/tmp/auto/vivado_stitch_proj_b2b_bym1/ip/verilog/rtl_ops/MVAU_hls_3/axilite_if.v:31]
INFO: [VRFC 10-2263] Analyzing SystemVerilog file "/home/changhong/prj/finn/notebooks/EF-US-Engine-Free-Unstructured-Sparsity-Design-Alleviates-Accelerator-Bottlenecks/casestudy1/LeNet_MNIST_BNN/build/auto/home/changhong/prj/finn/notebooks/EF-US-Engine-Free-Unstructured-Sparsity-Design-Alleviates-Accelerator-Bottlenecks/casestudy1/LeNet_MNIST_BNN/tmp/auto/vivado_stitch_proj_b2b_bym1/ip/verilog/rtl_ops/MVAU_hls_3/memstream_axi.sv" into library work
INFO: [VRFC 10-311] analyzing module memstream_axi
WARNING: [VRFC 10-3467] initial value of parameter 'DEPTH' is omitted [/home/changhong/prj/finn/notebooks/EF-US-Engine-Free-Unstructured-Sparsity-Design-Alleviates-Accelerator-Bottlenecks/casestudy1/LeNet_MNIST_BNN/build/auto/home/changhong/prj/finn/notebooks/EF-US-Engine-Free-Unstructured-Sparsity-Design-Alleviates-Accelerator-Bottlenecks/casestudy1/LeNet_MNIST_BNN/tmp/auto/vivado_stitch_proj_b2b_bym1/ip/verilog/rtl_ops/MVAU_hls_3/memstream_axi.sv:34]
WARNING: [VRFC 10-3467] initial value of parameter 'WIDTH' is omitted [/home/changhong/prj/finn/notebooks/EF-US-Engine-Free-Unstructured-Sparsity-Design-Alleviates-Accelerator-Bottlenecks/casestudy1/LeNet_MNIST_BNN/build/auto/home/changhong/prj/finn/notebooks/EF-US-Engine-Free-Unstructured-Sparsity-Design-Alleviates-Accelerator-Bottlenecks/casestudy1/LeNet_MNIST_BNN/tmp/auto/vivado_stitch_proj_b2b_bym1/ip/verilog/rtl_ops/MVAU_hls_3/memstream_axi.sv:35]
WARNING: [VRFC 10-3609] overwriting previous definition of module 'memstream_axi' [/home/changhong/prj/finn/notebooks/EF-US-Engine-Free-Unstructured-Sparsity-Design-Alleviates-Accelerator-Bottlenecks/casestudy1/LeNet_MNIST_BNN/build/auto/home/changhong/prj/finn/notebooks/EF-US-Engine-Free-Unstructured-Sparsity-Design-Alleviates-Accelerator-Bottlenecks/casestudy1/LeNet_MNIST_BNN/tmp/auto/vivado_stitch_proj_b2b_bym1/ip/verilog/rtl_ops/MVAU_hls_3/memstream_axi.sv:33]
INFO: [VRFC 10-2263] Analyzing SystemVerilog file "/home/changhong/prj/finn/notebooks/EF-US-Engine-Free-Unstructured-Sparsity-Design-Alleviates-Accelerator-Bottlenecks/casestudy1/LeNet_MNIST_BNN/build/auto/home/changhong/prj/finn/notebooks/EF-US-Engine-Free-Unstructured-Sparsity-Design-Alleviates-Accelerator-Bottlenecks/casestudy1/LeNet_MNIST_BNN/tmp/auto/vivado_stitch_proj_b2b_bym1/ip/verilog/rtl_ops/MVAU_hls_3/memstream.sv" into library work
INFO: [VRFC 10-311] analyzing module memstream
WARNING: [VRFC 10-3467] initial value of parameter 'DEPTH' is omitted [/home/changhong/prj/finn/notebooks/EF-US-Engine-Free-Unstructured-Sparsity-Design-Alleviates-Accelerator-Bottlenecks/casestudy1/LeNet_MNIST_BNN/build/auto/home/changhong/prj/finn/notebooks/EF-US-Engine-Free-Unstructured-Sparsity-Design-Alleviates-Accelerator-Bottlenecks/casestudy1/LeNet_MNIST_BNN/tmp/auto/vivado_stitch_proj_b2b_bym1/ip/verilog/rtl_ops/MVAU_hls_3/memstream.sv:34]
WARNING: [VRFC 10-3467] initial value of parameter 'WIDTH' is omitted [/home/changhong/prj/finn/notebooks/EF-US-Engine-Free-Unstructured-Sparsity-Design-Alleviates-Accelerator-Bottlenecks/casestudy1/LeNet_MNIST_BNN/build/auto/home/changhong/prj/finn/notebooks/EF-US-Engine-Free-Unstructured-Sparsity-Design-Alleviates-Accelerator-Bottlenecks/casestudy1/LeNet_MNIST_BNN/tmp/auto/vivado_stitch_proj_b2b_bym1/ip/verilog/rtl_ops/MVAU_hls_3/memstream.sv:35]
WARNING: [VRFC 10-8890] default field of an assignment pattern cannot contain another assignment pattern [/home/changhong/prj/finn/notebooks/EF-US-Engine-Free-Unstructured-Sparsity-Design-Alleviates-Accelerator-Bottlenecks/casestudy1/LeNet_MNIST_BNN/build/auto/home/changhong/prj/finn/notebooks/EF-US-Engine-Free-Unstructured-Sparsity-Design-Alleviates-Accelerator-Bottlenecks/casestudy1/LeNet_MNIST_BNN/tmp/auto/vivado_stitch_proj_b2b_bym1/ip/verilog/rtl_ops/MVAU_hls_3/memstream.sv:73]
WARNING: [VRFC 10-3609] overwriting previous definition of module 'memstream' [/home/changhong/prj/finn/notebooks/EF-US-Engine-Free-Unstructured-Sparsity-Design-Alleviates-Accelerator-Bottlenecks/casestudy1/LeNet_MNIST_BNN/build/auto/home/changhong/prj/finn/notebooks/EF-US-Engine-Free-Unstructured-Sparsity-Design-Alleviates-Accelerator-Bottlenecks/casestudy1/LeNet_MNIST_BNN/tmp/auto/vivado_stitch_proj_b2b_bym1/ip/verilog/rtl_ops/MVAU_hls_3/memstream.sv:33]
INFO: [VRFC 10-2263] Analyzing Verilog file "/home/changhong/prj/finn/notebooks/EF-US-Engine-Free-Unstructured-Sparsity-Design-Alleviates-Accelerator-Bottlenecks/casestudy1/LeNet_MNIST_BNN/build/auto/home/changhong/prj/finn/notebooks/EF-US-Engine-Free-Unstructured-Sparsity-Design-Alleviates-Accelerator-Bottlenecks/casestudy1/LeNet_MNIST_BNN/tmp/auto/code_gen_ipgen_StreamingFIFO_rtl_14_tp1_yt9z/Q_srl.v" into library work
INFO: [VRFC 10-311] analyzing module Q_srl
WARNING: [VRFC 10-3609] overwriting previous definition of module 'Q_srl' [/home/changhong/prj/finn/notebooks/EF-US-Engine-Free-Unstructured-Sparsity-Design-Alleviates-Accelerator-Bottlenecks/casestudy1/LeNet_MNIST_BNN/build/auto/home/changhong/prj/finn/notebooks/EF-US-Engine-Free-Unstructured-Sparsity-Design-Alleviates-Accelerator-Bottlenecks/casestudy1/LeNet_MNIST_BNN/tmp/auto/code_gen_ipgen_StreamingFIFO_rtl_14_tp1_yt9z/Q_srl.v:72]
INFO: [VRFC 10-2263] Analyzing Verilog file "/home/changhong/prj/finn/notebooks/EF-US-Engine-Free-Unstructured-Sparsity-Design-Alleviates-Accelerator-Bottlenecks/casestudy1/LeNet_MNIST_BNN/build/auto/home/changhong/prj/finn/notebooks/EF-US-Engine-Free-Unstructured-Sparsity-Design-Alleviates-Accelerator-Bottlenecks/casestudy1/LeNet_MNIST_BNN/tmp/auto/code_gen_ipgen_StreamingFIFO_rtl_14_tp1_yt9z/StreamingFIFO_rtl_14.v" into library work
INFO: [VRFC 10-311] analyzing module StreamingFIFO_rtl_14
INFO: [VRFC 10-2263] Analyzing Verilog file "/home/changhong/prj/finn/notebooks/EF-US-Engine-Free-Unstructured-Sparsity-Design-Alleviates-Accelerator-Bottlenecks/casestudy1/LeNet_MNIST_BNN/build/auto/home/changhong/prj/finn/notebooks/EF-US-Engine-Free-Unstructured-Sparsity-Design-Alleviates-Accelerator-Bottlenecks/casestudy1/LeNet_MNIST_BNN/tmp/auto/vivado_stitch_proj_b2b_bym1/ip/verilog/rtl_ops/MVAU_hls_4/MVAU_hls_4_memstream_wrapper.v" into library work
INFO: [VRFC 10-311] analyzing module MVAU_hls_4_memstream_wrapper
WARNING: [VRFC 10-8434] closing label :MVAU_hls_4_memstream_wrapper is only allowed in SystemVerilog mode [/home/changhong/prj/finn/notebooks/EF-US-Engine-Free-Unstructured-Sparsity-Design-Alleviates-Accelerator-Bottlenecks/casestudy1/LeNet_MNIST_BNN/build/auto/home/changhong/prj/finn/notebooks/EF-US-Engine-Free-Unstructured-Sparsity-Design-Alleviates-Accelerator-Bottlenecks/casestudy1/LeNet_MNIST_BNN/tmp/auto/vivado_stitch_proj_b2b_bym1/ip/verilog/rtl_ops/MVAU_hls_4/MVAU_hls_4_memstream_wrapper.v:120]
WARNING: [VRFC 10-8434] closing label :MVAU_hls_4_memstream_wrapper is only allowed in SystemVerilog mode [/home/changhong/prj/finn/notebooks/EF-US-Engine-Free-Unstructured-Sparsity-Design-Alleviates-Accelerator-Bottlenecks/casestudy1/LeNet_MNIST_BNN/build/auto/home/changhong/prj/finn/notebooks/EF-US-Engine-Free-Unstructured-Sparsity-Design-Alleviates-Accelerator-Bottlenecks/casestudy1/LeNet_MNIST_BNN/tmp/auto/vivado_stitch_proj_b2b_bym1/ip/verilog/rtl_ops/MVAU_hls_4/MVAU_hls_4_memstream_wrapper.v:32]
INFO: [VRFC 10-2263] Analyzing Verilog file "/home/changhong/prj/finn/notebooks/EF-US-Engine-Free-Unstructured-Sparsity-Design-Alleviates-Accelerator-Bottlenecks/casestudy1/LeNet_MNIST_BNN/build/auto/home/changhong/prj/finn/notebooks/EF-US-Engine-Free-Unstructured-Sparsity-Design-Alleviates-Accelerator-Bottlenecks/casestudy1/LeNet_MNIST_BNN/tmp/auto/vivado_stitch_proj_b2b_bym1/ip/verilog/rtl_ops/MVAU_hls_4/axilite_if.v" into library work
INFO: [VRFC 10-311] analyzing module axi4lite_if
WARNING: [VRFC 10-3609] overwriting previous definition of module 'axi4lite_if' [/home/changhong/prj/finn/notebooks/EF-US-Engine-Free-Unstructured-Sparsity-Design-Alleviates-Accelerator-Bottlenecks/casestudy1/LeNet_MNIST_BNN/build/auto/home/changhong/prj/finn/notebooks/EF-US-Engine-Free-Unstructured-Sparsity-Design-Alleviates-Accelerator-Bottlenecks/casestudy1/LeNet_MNIST_BNN/tmp/auto/vivado_stitch_proj_b2b_bym1/ip/verilog/rtl_ops/MVAU_hls_4/axilite_if.v:31]
INFO: [VRFC 10-2263] Analyzing SystemVerilog file "/home/changhong/prj/finn/notebooks/EF-US-Engine-Free-Unstructured-Sparsity-Design-Alleviates-Accelerator-Bottlenecks/casestudy1/LeNet_MNIST_BNN/build/auto/home/changhong/prj/finn/notebooks/EF-US-Engine-Free-Unstructured-Sparsity-Design-Alleviates-Accelerator-Bottlenecks/casestudy1/LeNet_MNIST_BNN/tmp/auto/vivado_stitch_proj_b2b_bym1/ip/verilog/rtl_ops/MVAU_hls_4/memstream_axi.sv" into library work
INFO: [VRFC 10-311] analyzing module memstream_axi
WARNING: [VRFC 10-3467] initial value of parameter 'DEPTH' is omitted [/home/changhong/prj/finn/notebooks/EF-US-Engine-Free-Unstructured-Sparsity-Design-Alleviates-Accelerator-Bottlenecks/casestudy1/LeNet_MNIST_BNN/build/auto/home/changhong/prj/finn/notebooks/EF-US-Engine-Free-Unstructured-Sparsity-Design-Alleviates-Accelerator-Bottlenecks/casestudy1/LeNet_MNIST_BNN/tmp/auto/vivado_stitch_proj_b2b_bym1/ip/verilog/rtl_ops/MVAU_hls_4/memstream_axi.sv:34]
WARNING: [VRFC 10-3467] initial value of parameter 'WIDTH' is omitted [/home/changhong/prj/finn/notebooks/EF-US-Engine-Free-Unstructured-Sparsity-Design-Alleviates-Accelerator-Bottlenecks/casestudy1/LeNet_MNIST_BNN/build/auto/home/changhong/prj/finn/notebooks/EF-US-Engine-Free-Unstructured-Sparsity-Design-Alleviates-Accelerator-Bottlenecks/casestudy1/LeNet_MNIST_BNN/tmp/auto/vivado_stitch_proj_b2b_bym1/ip/verilog/rtl_ops/MVAU_hls_4/memstream_axi.sv:35]
WARNING: [VRFC 10-3609] overwriting previous definition of module 'memstream_axi' [/home/changhong/prj/finn/notebooks/EF-US-Engine-Free-Unstructured-Sparsity-Design-Alleviates-Accelerator-Bottlenecks/casestudy1/LeNet_MNIST_BNN/build/auto/home/changhong/prj/finn/notebooks/EF-US-Engine-Free-Unstructured-Sparsity-Design-Alleviates-Accelerator-Bottlenecks/casestudy1/LeNet_MNIST_BNN/tmp/auto/vivado_stitch_proj_b2b_bym1/ip/verilog/rtl_ops/MVAU_hls_4/memstream_axi.sv:33]
INFO: [VRFC 10-2263] Analyzing SystemVerilog file "/home/changhong/prj/finn/notebooks/EF-US-Engine-Free-Unstructured-Sparsity-Design-Alleviates-Accelerator-Bottlenecks/casestudy1/LeNet_MNIST_BNN/build/auto/home/changhong/prj/finn/notebooks/EF-US-Engine-Free-Unstructured-Sparsity-Design-Alleviates-Accelerator-Bottlenecks/casestudy1/LeNet_MNIST_BNN/tmp/auto/vivado_stitch_proj_b2b_bym1/ip/verilog/rtl_ops/MVAU_hls_4/memstream.sv" into library work
INFO: [VRFC 10-311] analyzing module memstream
WARNING: [VRFC 10-3467] initial value of parameter 'DEPTH' is omitted [/home/changhong/prj/finn/notebooks/EF-US-Engine-Free-Unstructured-Sparsity-Design-Alleviates-Accelerator-Bottlenecks/casestudy1/LeNet_MNIST_BNN/build/auto/home/changhong/prj/finn/notebooks/EF-US-Engine-Free-Unstructured-Sparsity-Design-Alleviates-Accelerator-Bottlenecks/casestudy1/LeNet_MNIST_BNN/tmp/auto/vivado_stitch_proj_b2b_bym1/ip/verilog/rtl_ops/MVAU_hls_4/memstream.sv:34]
WARNING: [VRFC 10-3467] initial value of parameter 'WIDTH' is omitted [/home/changhong/prj/finn/notebooks/EF-US-Engine-Free-Unstructured-Sparsity-Design-Alleviates-Accelerator-Bottlenecks/casestudy1/LeNet_MNIST_BNN/build/auto/home/changhong/prj/finn/notebooks/EF-US-Engine-Free-Unstructured-Sparsity-Design-Alleviates-Accelerator-Bottlenecks/casestudy1/LeNet_MNIST_BNN/tmp/auto/vivado_stitch_proj_b2b_bym1/ip/verilog/rtl_ops/MVAU_hls_4/memstream.sv:35]
WARNING: [VRFC 10-8890] default field of an assignment pattern cannot contain another assignment pattern [/home/changhong/prj/finn/notebooks/EF-US-Engine-Free-Unstructured-Sparsity-Design-Alleviates-Accelerator-Bottlenecks/casestudy1/LeNet_MNIST_BNN/build/auto/home/changhong/prj/finn/notebooks/EF-US-Engine-Free-Unstructured-Sparsity-Design-Alleviates-Accelerator-Bottlenecks/casestudy1/LeNet_MNIST_BNN/tmp/auto/vivado_stitch_proj_b2b_bym1/ip/verilog/rtl_ops/MVAU_hls_4/memstream.sv:73]
WARNING: [VRFC 10-3609] overwriting previous definition of module 'memstream' [/home/changhong/prj/finn/notebooks/EF-US-Engine-Free-Unstructured-Sparsity-Design-Alleviates-Accelerator-Bottlenecks/casestudy1/LeNet_MNIST_BNN/build/auto/home/changhong/prj/finn/notebooks/EF-US-Engine-Free-Unstructured-Sparsity-Design-Alleviates-Accelerator-Bottlenecks/casestudy1/LeNet_MNIST_BNN/tmp/auto/vivado_stitch_proj_b2b_bym1/ip/verilog/rtl_ops/MVAU_hls_4/memstream.sv:33]
INFO: [VRFC 10-2263] Analyzing Verilog file "/home/changhong/prj/finn/notebooks/EF-US-Engine-Free-Unstructured-Sparsity-Design-Alleviates-Accelerator-Bottlenecks/casestudy1/LeNet_MNIST_BNN/build/auto/home/changhong/prj/finn/notebooks/EF-US-Engine-Free-Unstructured-Sparsity-Design-Alleviates-Accelerator-Bottlenecks/casestudy1/LeNet_MNIST_BNN/tmp/auto/code_gen_ipgen_StreamingFIFO_rtl_15_n5m7mub9/Q_srl.v" into library work
INFO: [VRFC 10-311] analyzing module Q_srl
WARNING: [VRFC 10-3609] overwriting previous definition of module 'Q_srl' [/home/changhong/prj/finn/notebooks/EF-US-Engine-Free-Unstructured-Sparsity-Design-Alleviates-Accelerator-Bottlenecks/casestudy1/LeNet_MNIST_BNN/build/auto/home/changhong/prj/finn/notebooks/EF-US-Engine-Free-Unstructured-Sparsity-Design-Alleviates-Accelerator-Bottlenecks/casestudy1/LeNet_MNIST_BNN/tmp/auto/code_gen_ipgen_StreamingFIFO_rtl_15_n5m7mub9/Q_srl.v:72]
INFO: [VRFC 10-2263] Analyzing Verilog file "/home/changhong/prj/finn/notebooks/EF-US-Engine-Free-Unstructured-Sparsity-Design-Alleviates-Accelerator-Bottlenecks/casestudy1/LeNet_MNIST_BNN/build/auto/home/changhong/prj/finn/notebooks/EF-US-Engine-Free-Unstructured-Sparsity-Design-Alleviates-Accelerator-Bottlenecks/casestudy1/LeNet_MNIST_BNN/tmp/auto/code_gen_ipgen_StreamingFIFO_rtl_15_n5m7mub9/StreamingFIFO_rtl_15.v" into library work
INFO: [VRFC 10-311] analyzing module StreamingFIFO_rtl_15
INFO: [VRFC 10-2263] Analyzing Verilog file "/home/changhong/prj/finn/notebooks/EF-US-Engine-Free-Unstructured-Sparsity-Design-Alleviates-Accelerator-Bottlenecks/casestudy1/LeNet_MNIST_BNN/build/auto/home/changhong/prj/finn/notebooks/EF-US-Engine-Free-Unstructured-Sparsity-Design-Alleviates-Accelerator-Bottlenecks/casestudy1/LeNet_MNIST_BNN/tmp/auto/vivado_stitch_proj_b2b_bym1/finn_vivado_stitch_proj.gen/sources_1/bd/finn_design/hdl/finn_design_wrapper.v" into library work
INFO: [VRFC 10-311] analyzing module finn_design_wrapper
Starting static elaboration
Pass Through NonSizing Optimizer
WARNING: [VRFC 10-3091] actual bit length 32 differs from formal bit length 6 for port 'ip_addr' [/home/changhong/prj/finn/notebooks/EF-US-Engine-Free-Unstructured-Sparsity-Design-Alleviates-Accelerator-Bottlenecks/casestudy1/LeNet_MNIST_BNN/build/auto/home/changhong/prj/finn/notebooks/EF-US-Engine-Free-Unstructured-Sparsity-Design-Alleviates-Accelerator-Bottlenecks/casestudy1/LeNet_MNIST_BNN/tmp/auto/vivado_stitch_proj_b2b_bym1/ip/verilog/rtl_ops/MVAU_hls_4/memstream_axi.sv:107]
Completed static elaboration
Starting simulation data flow analysis
WARNING: [XSIM 43-4100] "/tools/Xilinx/Vivado/2022.2/data/verilog/src/glbl.v" Line 6. Module glbl has a timescale but at least one module in design doesn't have timescale.
WARNING: [XSIM 43-4100] "/tools/Xilinx/Vivado/2022.2/data/verilog/src/glbl.v" Line 6. Module glbl has a timescale but at least one module in design doesn't have timescale.
WARNING: [XSIM 43-4100] "/home/changhong/prj/finn/notebooks/EF-US-Engine-Free-Unstructured-Sparsity-Design-Alleviates-Accelerator-Bottlenecks/casestudy1/LeNet_MNIST_BNN/build/auto/home/changhong/prj/finn/notebooks/EF-US-Engine-Free-Unstructured-Sparsity-Design-Alleviates-Accelerator-Bottlenecks/casestudy1/LeNet_MNIST_BNN/tmp/auto/vivado_stitch_proj_b2b_bym1/finn_vivado_stitch_proj.gen/sources_1/bd/finn_design/hdl/finn_design_wrapper.v" Line 12. Module finn_design_wrapper has a timescale but at least one module in design doesn't have timescale.
WARNING: [XSIM 43-4100] "/home/changhong/prj/finn/notebooks/EF-US-Engine-Free-Unstructured-Sparsity-Design-Alleviates-Accelerator-Bottlenecks/casestudy1/LeNet_MNIST_BNN/build/auto/home/changhong/prj/finn/notebooks/EF-US-Engine-Free-Unstructured-Sparsity-Design-Alleviates-Accelerator-Bottlenecks/casestudy1/LeNet_MNIST_BNN/tmp/auto/vivado_stitch_proj_b2b_bym1/finn_vivado_stitch_proj.gen/sources_1/bd/finn_design/synth/finn_design.v" Line 362. Module finn_design has a timescale but at least one module in design doesn't have timescale.
WARNING: [XSIM 43-4100] "/home/changhong/prj/finn/notebooks/EF-US-Engine-Free-Unstructured-Sparsity-Design-Alleviates-Accelerator-Bottlenecks/casestudy1/LeNet_MNIST_BNN/build/auto/home/changhong/prj/finn/notebooks/EF-US-Engine-Free-Unstructured-Sparsity-Design-Alleviates-Accelerator-Bottlenecks/casestudy1/LeNet_MNIST_BNN/tmp/auto/vivado_stitch_proj_b2b_bym1/finn_vivado_stitch_proj.gen/sources_1/bd/finn_design/synth/finn_design.v" Line 12. Module MVAU_hls_0_imp_7OH4JA has a timescale but at least one module in design doesn't have timescale.
WARNING: [XSIM 43-4100] "/home/changhong/prj/finn/notebooks/EF-US-Engine-Free-Unstructured-Sparsity-Design-Alleviates-Accelerator-Bottlenecks/casestudy1/LeNet_MNIST_BNN/build/auto/home/changhong/prj/finn/notebooks/EF-US-Engine-Free-Unstructured-Sparsity-Design-Alleviates-Accelerator-Bottlenecks/casestudy1/LeNet_MNIST_BNN/tmp/auto/vivado_stitch_proj_b2b_bym1/finn_vivado_stitch_proj.gen/sources_1/bd/finn_design/ipshared/8dae/hdl/verilog/MVAU_hls_0.v" Line 10. Module MVAU_hls_0 has a timescale but at least one module in design doesn't have timescale.
WARNING: [XSIM 43-4100] "/home/changhong/prj/finn/notebooks/EF-US-Engine-Free-Unstructured-Sparsity-Design-Alleviates-Accelerator-Bottlenecks/casestudy1/LeNet_MNIST_BNN/build/auto/home/changhong/prj/finn/notebooks/EF-US-Engine-Free-Unstructured-Sparsity-Design-Alleviates-Accelerator-Bottlenecks/casestudy1/LeNet_MNIST_BNN/tmp/auto/vivado_stitch_proj_b2b_bym1/finn_vivado_stitch_proj.gen/sources_1/bd/finn_design/ipshared/8dae/hdl/verilog/MVAU_hls_0_Matrix_Vector_Activate_Stream_Batch.v" Line 10. Module MVAU_hls_0_Matrix_Vector_Activate_Stream_Batch has a timescale but at least one module in design doesn't have timescale.
WARNING: [XSIM 43-4100] "/home/changhong/prj/finn/notebooks/EF-US-Engine-Free-Unstructured-Sparsity-Design-Alleviates-Accelerator-Bottlenecks/casestudy1/LeNet_MNIST_BNN/build/auto/home/changhong/prj/finn/notebooks/EF-US-Engine-Free-Unstructured-Sparsity-Design-Alleviates-Accelerator-Bottlenecks/casestudy1/LeNet_MNIST_BNN/tmp/auto/vivado_stitch_proj_b2b_bym1/finn_vivado_stitch_proj.gen/sources_1/bd/finn_design/ipshared/8dae/hdl/verilog/MVAU_hls_0_mul_8s_2s_10_1_1.v" Line 9. Module MVAU_hls_0_mul_8s_2s_10_1_1(NUM_STAGE=1,din0_WIDTH=8,din1_WIDTH=2,dout_WIDTH=10) has a timescale but at least one module in design doesn't have timescale.
WARNING: [XSIM 43-4100] "/home/changhong/prj/finn/notebooks/EF-US-Engine-Free-Unstructured-Sparsity-Design-Alleviates-Accelerator-Bottlenecks/casestudy1/LeNet_MNIST_BNN/build/auto/home/changhong/prj/finn/notebooks/EF-US-Engine-Free-Unstructured-Sparsity-Design-Alleviates-Accelerator-Bottlenecks/casestudy1/LeNet_MNIST_BNN/tmp/auto/vivado_stitch_proj_b2b_bym1/finn_vivado_stitch_proj.gen/sources_1/bd/finn_design/ipshared/8dae/hdl/verilog/MVAU_hls_0_mul_8s_2s_10_1_1.v" Line 9. Module MVAU_hls_0_mul_8s_2s_10_1_1(NUM_STAGE=1,din0_WIDTH=8,din1_WIDTH=2,dout_WIDTH=10) has a timescale but at least one module in design doesn't have timescale.
WARNING: [XSIM 43-4100] "/home/changhong/prj/finn/notebooks/EF-US-Engine-Free-Unstructured-Sparsity-Design-Alleviates-Accelerator-Bottlenecks/casestudy1/LeNet_MNIST_BNN/build/auto/home/changhong/prj/finn/notebooks/EF-US-Engine-Free-Unstructured-Sparsity-Design-Alleviates-Accelerator-Bottlenecks/casestudy1/LeNet_MNIST_BNN/tmp/auto/vivado_stitch_proj_b2b_bym1/finn_vivado_stitch_proj.gen/sources_1/bd/finn_design/ipshared/8dae/hdl/verilog/MVAU_hls_0_mul_8s_2s_10_1_1.v" Line 9. Module MVAU_hls_0_mul_8s_2s_10_1_1(NUM_STAGE=1,din0_WIDTH=8,din1_WIDTH=2,dout_WIDTH=10) has a timescale but at least one module in design doesn't have timescale.
WARNING: [XSIM 43-4100] "/home/changhong/prj/finn/notebooks/EF-US-Engine-Free-Unstructured-Sparsity-Design-Alleviates-Accelerator-Bottlenecks/casestudy1/LeNet_MNIST_BNN/build/auto/home/changhong/prj/finn/notebooks/EF-US-Engine-Free-Unstructured-Sparsity-Design-Alleviates-Accelerator-Bottlenecks/casestudy1/LeNet_MNIST_BNN/tmp/auto/vivado_stitch_proj_b2b_bym1/finn_vivado_stitch_proj.gen/sources_1/bd/finn_design/ipshared/8dae/hdl/verilog/MVAU_hls_0_mul_8s_2s_10_1_1.v" Line 9. Module MVAU_hls_0_mul_8s_2s_10_1_1(NUM_STAGE=1,din0_WIDTH=8,din1_WIDTH=2,dout_WIDTH=10) has a timescale but at least one module in design doesn't have timescale.
WARNING: [XSIM 43-4100] "/home/changhong/prj/finn/notebooks/EF-US-Engine-Free-Unstructured-Sparsity-Design-Alleviates-Accelerator-Bottlenecks/casestudy1/LeNet_MNIST_BNN/build/auto/home/changhong/prj/finn/notebooks/EF-US-Engine-Free-Unstructured-Sparsity-Design-Alleviates-Accelerator-Bottlenecks/casestudy1/LeNet_MNIST_BNN/tmp/auto/vivado_stitch_proj_b2b_bym1/finn_vivado_stitch_proj.gen/sources_1/bd/finn_design/ipshared/8dae/hdl/verilog/MVAU_hls_0_mul_8s_2s_10_1_1.v" Line 9. Module MVAU_hls_0_mul_8s_2s_10_1_1(NUM_STAGE=1,din0_WIDTH=8,din1_WIDTH=2,dout_WIDTH=10) has a timescale but at least one module in design doesn't have timescale.
WARNING: [XSIM 43-4100] "/home/changhong/prj/finn/notebooks/EF-US-Engine-Free-Unstructured-Sparsity-Design-Alleviates-Accelerator-Bottlenecks/casestudy1/LeNet_MNIST_BNN/build/auto/home/changhong/prj/finn/notebooks/EF-US-Engine-Free-Unstructured-Sparsity-Design-Alleviates-Accelerator-Bottlenecks/casestudy1/LeNet_MNIST_BNN/tmp/auto/vivado_stitch_proj_b2b_bym1/finn_vivado_stitch_proj.gen/sources_1/bd/finn_design/ipshared/8dae/hdl/verilog/MVAU_hls_0_mul_8s_2s_10_1_1.v" Line 9. Module MVAU_hls_0_mul_8s_2s_10_1_1(NUM_STAGE=1,din0_WIDTH=8,din1_WIDTH=2,dout_WIDTH=10) has a timescale but at least one module in design doesn't have timescale.
WARNING: [XSIM 43-4100] "/home/changhong/prj/finn/notebooks/EF-US-Engine-Free-Unstructured-Sparsity-Design-Alleviates-Accelerator-Bottlenecks/casestudy1/LeNet_MNIST_BNN/build/auto/home/changhong/prj/finn/notebooks/EF-US-Engine-Free-Unstructured-Sparsity-Design-Alleviates-Accelerator-Bottlenecks/casestudy1/LeNet_MNIST_BNN/tmp/auto/vivado_stitch_proj_b2b_bym1/finn_vivado_stitch_proj.gen/sources_1/bd/finn_design/ipshared/8dae/hdl/verilog/MVAU_hls_0_mul_8s_2s_10_1_1.v" Line 9. Module MVAU_hls_0_mul_8s_2s_10_1_1(NUM_STAGE=1,din0_WIDTH=8,din1_WIDTH=2,dout_WIDTH=10) has a timescale but at least one module in design doesn't have timescale.
WARNING: [XSIM 43-4100] "/home/changhong/prj/finn/notebooks/EF-US-Engine-Free-Unstructured-Sparsity-Design-Alleviates-Accelerator-Bottlenecks/casestudy1/LeNet_MNIST_BNN/build/auto/home/changhong/prj/finn/notebooks/EF-US-Engine-Free-Unstructured-Sparsity-Design-Alleviates-Accelerator-Bottlenecks/casestudy1/LeNet_MNIST_BNN/tmp/auto/vivado_stitch_proj_b2b_bym1/finn_vivado_stitch_proj.gen/sources_1/bd/finn_design/ipshared/8dae/hdl/verilog/MVAU_hls_0_mul_8s_2s_10_1_1.v" Line 9. Module MVAU_hls_0_mul_8s_2s_10_1_1(NUM_STAGE=1,din0_WIDTH=8,din1_WIDTH=2,dout_WIDTH=10) has a timescale but at least one module in design doesn't have timescale.
WARNING: [XSIM 43-4100] "/home/changhong/prj/finn/notebooks/EF-US-Engine-Free-Unstructured-Sparsity-Design-Alleviates-Accelerator-Bottlenecks/casestudy1/LeNet_MNIST_BNN/build/auto/home/changhong/prj/finn/notebooks/EF-US-Engine-Free-Unstructured-Sparsity-Design-Alleviates-Accelerator-Bottlenecks/casestudy1/LeNet_MNIST_BNN/tmp/auto/vivado_stitch_proj_b2b_bym1/finn_vivado_stitch_proj.gen/sources_1/bd/finn_design/ipshared/8dae/hdl/verilog/MVAU_hls_0_mul_8s_2s_10_1_1.v" Line 9. Module MVAU_hls_0_mul_8s_2s_10_1_1(NUM_STAGE=1,din0_WIDTH=8,din1_WIDTH=2,dout_WIDTH=10) has a timescale but at least one module in design doesn't have timescale.
WARNING: [XSIM 43-4100] "/home/changhong/prj/finn/notebooks/EF-US-Engine-Free-Unstructured-Sparsity-Design-Alleviates-Accelerator-Bottlenecks/casestudy1/LeNet_MNIST_BNN/build/auto/home/changhong/prj/finn/notebooks/EF-US-Engine-Free-Unstructured-Sparsity-Design-Alleviates-Accelerator-Bottlenecks/casestudy1/LeNet_MNIST_BNN/tmp/auto/vivado_stitch_proj_b2b_bym1/finn_vivado_stitch_proj.gen/sources_1/bd/finn_design/ipshared/8dae/hdl/verilog/MVAU_hls_0_mul_8s_2s_10_1_1.v" Line 9. Module MVAU_hls_0_mul_8s_2s_10_1_1(NUM_STAGE=1,din0_WIDTH=8,din1_WIDTH=2,dout_WIDTH=10) has a timescale but at least one module in design doesn't have timescale.
WARNING: [XSIM 43-4100] "/home/changhong/prj/finn/notebooks/EF-US-Engine-Free-Unstructured-Sparsity-Design-Alleviates-Accelerator-Bottlenecks/casestudy1/LeNet_MNIST_BNN/build/auto/home/changhong/prj/finn/notebooks/EF-US-Engine-Free-Unstructured-Sparsity-Design-Alleviates-Accelerator-Bottlenecks/casestudy1/LeNet_MNIST_BNN/tmp/auto/vivado_stitch_proj_b2b_bym1/finn_vivado_stitch_proj.gen/sources_1/bd/finn_design/ipshared/8dae/hdl/verilog/MVAU_hls_0_mul_8s_2s_10_1_1.v" Line 9. Module MVAU_hls_0_mul_8s_2s_10_1_1(NUM_STAGE=1,din0_WIDTH=8,din1_WIDTH=2,dout_WIDTH=10) has a timescale but at least one module in design doesn't have timescale.
WARNING: [XSIM 43-4100] "/home/changhong/prj/finn/notebooks/EF-US-Engine-Free-Unstructured-Sparsity-Design-Alleviates-Accelerator-Bottlenecks/casestudy1/LeNet_MNIST_BNN/build/auto/home/changhong/prj/finn/notebooks/EF-US-Engine-Free-Unstructured-Sparsity-Design-Alleviates-Accelerator-Bottlenecks/casestudy1/LeNet_MNIST_BNN/tmp/auto/vivado_stitch_proj_b2b_bym1/finn_vivado_stitch_proj.gen/sources_1/bd/finn_design/ipshared/8dae/hdl/verilog/MVAU_hls_0_mul_8s_2s_10_1_1.v" Line 9. Module MVAU_hls_0_mul_8s_2s_10_1_1(NUM_STAGE=1,din0_WIDTH=8,din1_WIDTH=2,dout_WIDTH=10) has a timescale but at least one module in design doesn't have timescale.
WARNING: [XSIM 43-4100] "/home/changhong/prj/finn/notebooks/EF-US-Engine-Free-Unstructured-Sparsity-Design-Alleviates-Accelerator-Bottlenecks/casestudy1/LeNet_MNIST_BNN/build/auto/home/changhong/prj/finn/notebooks/EF-US-Engine-Free-Unstructured-Sparsity-Design-Alleviates-Accelerator-Bottlenecks/casestudy1/LeNet_MNIST_BNN/tmp/auto/vivado_stitch_proj_b2b_bym1/finn_vivado_stitch_proj.gen/sources_1/bd/finn_design/ipshared/8dae/hdl/verilog/MVAU_hls_0_mul_8s_2s_10_1_1.v" Line 9. Module MVAU_hls_0_mul_8s_2s_10_1_1(NUM_STAGE=1,din0_WIDTH=8,din1_WIDTH=2,dout_WIDTH=10) has a timescale but at least one module in design doesn't have timescale.
WARNING: [XSIM 43-4100] "/home/changhong/prj/finn/notebooks/EF-US-Engine-Free-Unstructured-Sparsity-Design-Alleviates-Accelerator-Bottlenecks/casestudy1/LeNet_MNIST_BNN/build/auto/home/changhong/prj/finn/notebooks/EF-US-Engine-Free-Unstructured-Sparsity-Design-Alleviates-Accelerator-Bottlenecks/casestudy1/LeNet_MNIST_BNN/tmp/auto/vivado_stitch_proj_b2b_bym1/finn_vivado_stitch_proj.gen/sources_1/bd/finn_design/ipshared/8dae/hdl/verilog/MVAU_hls_0_mul_8s_2s_10_1_1.v" Line 9. Module MVAU_hls_0_mul_8s_2s_10_1_1(NUM_STAGE=1,din0_WIDTH=8,din1_WIDTH=2,dout_WIDTH=10) has a timescale but at least one module in design doesn't have timescale.
WARNING: [XSIM 43-4100] "/home/changhong/prj/finn/notebooks/EF-US-Engine-Free-Unstructured-Sparsity-Design-Alleviates-Accelerator-Bottlenecks/casestudy1/LeNet_MNIST_BNN/build/auto/home/changhong/prj/finn/notebooks/EF-US-Engine-Free-Unstructured-Sparsity-Design-Alleviates-Accelerator-Bottlenecks/casestudy1/LeNet_MNIST_BNN/tmp/auto/vivado_stitch_proj_b2b_bym1/finn_vivado_stitch_proj.gen/sources_1/bd/finn_design/ipshared/8dae/hdl/verilog/MVAU_hls_0_mul_8s_2s_10_1_1.v" Line 9. Module MVAU_hls_0_mul_8s_2s_10_1_1(NUM_STAGE=1,din0_WIDTH=8,din1_WIDTH=2,dout_WIDTH=10) has a timescale but at least one module in design doesn't have timescale.
WARNING: [XSIM 43-4100] "/home/changhong/prj/finn/notebooks/EF-US-Engine-Free-Unstructured-Sparsity-Design-Alleviates-Accelerator-Bottlenecks/casestudy1/LeNet_MNIST_BNN/build/auto/home/changhong/prj/finn/notebooks/EF-US-Engine-Free-Unstructured-Sparsity-Design-Alleviates-Accelerator-Bottlenecks/casestudy1/LeNet_MNIST_BNN/tmp/auto/vivado_stitch_proj_b2b_bym1/finn_vivado_stitch_proj.gen/sources_1/bd/finn_design/ipshared/8dae/hdl/verilog/MVAU_hls_0_mul_8s_2s_10_1_1.v" Line 9. Module MVAU_hls_0_mul_8s_2s_10_1_1(NUM_STAGE=1,din0_WIDTH=8,din1_WIDTH=2,dout_WIDTH=10) has a timescale but at least one module in design doesn't have timescale.
WARNING: [XSIM 43-4100] "/home/changhong/prj/finn/notebooks/EF-US-Engine-Free-Unstructured-Sparsity-Design-Alleviates-Accelerator-Bottlenecks/casestudy1/LeNet_MNIST_BNN/build/auto/home/changhong/prj/finn/notebooks/EF-US-Engine-Free-Unstructured-Sparsity-Design-Alleviates-Accelerator-Bottlenecks/casestudy1/LeNet_MNIST_BNN/tmp/auto/vivado_stitch_proj_b2b_bym1/finn_vivado_stitch_proj.gen/sources_1/bd/finn_design/ipshared/8dae/hdl/verilog/MVAU_hls_0_mul_8s_2s_10_1_1.v" Line 9. Module MVAU_hls_0_mul_8s_2s_10_1_1(NUM_STAGE=1,din0_WIDTH=8,din1_WIDTH=2,dout_WIDTH=10) has a timescale but at least one module in design doesn't have timescale.
WARNING: [XSIM 43-4100] "/home/changhong/prj/finn/notebooks/EF-US-Engine-Free-Unstructured-Sparsity-Design-Alleviates-Accelerator-Bottlenecks/casestudy1/LeNet_MNIST_BNN/build/auto/home/changhong/prj/finn/notebooks/EF-US-Engine-Free-Unstructured-Sparsity-Design-Alleviates-Accelerator-Bottlenecks/casestudy1/LeNet_MNIST_BNN/tmp/auto/vivado_stitch_proj_b2b_bym1/finn_vivado_stitch_proj.gen/sources_1/bd/finn_design/ipshared/8dae/hdl/verilog/MVAU_hls_0_mul_8s_2s_10_1_1.v" Line 9. Module MVAU_hls_0_mul_8s_2s_10_1_1(NUM_STAGE=1,din0_WIDTH=8,din1_WIDTH=2,dout_WIDTH=10) has a timescale but at least one module in design doesn't have timescale.
WARNING: [XSIM 43-4100] "/home/changhong/prj/finn/notebooks/EF-US-Engine-Free-Unstructured-Sparsity-Design-Alleviates-Accelerator-Bottlenecks/casestudy1/LeNet_MNIST_BNN/build/auto/home/changhong/prj/finn/notebooks/EF-US-Engine-Free-Unstructured-Sparsity-Design-Alleviates-Accelerator-Bottlenecks/casestudy1/LeNet_MNIST_BNN/tmp/auto/vivado_stitch_proj_b2b_bym1/finn_vivado_stitch_proj.gen/sources_1/bd/finn_design/ipshared/8dae/hdl/verilog/MVAU_hls_0_mul_8s_2s_10_1_1.v" Line 9. Module MVAU_hls_0_mul_8s_2s_10_1_1(NUM_STAGE=1,din0_WIDTH=8,din1_WIDTH=2,dout_WIDTH=10) has a timescale but at least one module in design doesn't have timescale.
WARNING: [XSIM 43-4100] "/home/changhong/prj/finn/notebooks/EF-US-Engine-Free-Unstructured-Sparsity-Design-Alleviates-Accelerator-Bottlenecks/casestudy1/LeNet_MNIST_BNN/build/auto/home/changhong/prj/finn/notebooks/EF-US-Engine-Free-Unstructured-Sparsity-Design-Alleviates-Accelerator-Bottlenecks/casestudy1/LeNet_MNIST_BNN/tmp/auto/vivado_stitch_proj_b2b_bym1/finn_vivado_stitch_proj.gen/sources_1/bd/finn_design/ipshared/8dae/hdl/verilog/MVAU_hls_0_mul_8s_2s_10_1_1.v" Line 9. Module MVAU_hls_0_mul_8s_2s_10_1_1(NUM_STAGE=1,din0_WIDTH=8,din1_WIDTH=2,dout_WIDTH=10) has a timescale but at least one module in design doesn't have timescale.
WARNING: [XSIM 43-4100] "/home/changhong/prj/finn/notebooks/EF-US-Engine-Free-Unstructured-Sparsity-Design-Alleviates-Accelerator-Bottlenecks/casestudy1/LeNet_MNIST_BNN/build/auto/home/changhong/prj/finn/notebooks/EF-US-Engine-Free-Unstructured-Sparsity-Design-Alleviates-Accelerator-Bottlenecks/casestudy1/LeNet_MNIST_BNN/tmp/auto/vivado_stitch_proj_b2b_bym1/finn_vivado_stitch_proj.gen/sources_1/bd/finn_design/ipshared/8dae/hdl/verilog/MVAU_hls_0_mul_8s_2s_10_1_1.v" Line 9. Module MVAU_hls_0_mul_8s_2s_10_1_1(NUM_STAGE=1,din0_WIDTH=8,din1_WIDTH=2,dout_WIDTH=10) has a timescale but at least one module in design doesn't have timescale.
WARNING: [XSIM 43-4100] "/home/changhong/prj/finn/notebooks/EF-US-Engine-Free-Unstructured-Sparsity-Design-Alleviates-Accelerator-Bottlenecks/casestudy1/LeNet_MNIST_BNN/build/auto/home/changhong/prj/finn/notebooks/EF-US-Engine-Free-Unstructured-Sparsity-Design-Alleviates-Accelerator-Bottlenecks/casestudy1/LeNet_MNIST_BNN/tmp/auto/vivado_stitch_proj_b2b_bym1/finn_vivado_stitch_proj.gen/sources_1/bd/finn_design/ipshared/8dae/hdl/verilog/MVAU_hls_0_mul_8s_2s_10_1_1.v" Line 9. Module MVAU_hls_0_mul_8s_2s_10_1_1(NUM_STAGE=1,din0_WIDTH=8,din1_WIDTH=2,dout_WIDTH=10) has a timescale but at least one module in design doesn't have timescale.
WARNING: [XSIM 43-4100] "/home/changhong/prj/finn/notebooks/EF-US-Engine-Free-Unstructured-Sparsity-Design-Alleviates-Accelerator-Bottlenecks/casestudy1/LeNet_MNIST_BNN/build/auto/home/changhong/prj/finn/notebooks/EF-US-Engine-Free-Unstructured-Sparsity-Design-Alleviates-Accelerator-Bottlenecks/casestudy1/LeNet_MNIST_BNN/tmp/auto/vivado_stitch_proj_b2b_bym1/finn_vivado_stitch_proj.gen/sources_1/bd/finn_design/ipshared/8dae/hdl/verilog/MVAU_hls_0_mul_8s_2s_10_1_1.v" Line 9. Module MVAU_hls_0_mul_8s_2s_10_1_1(NUM_STAGE=1,din0_WIDTH=8,din1_WIDTH=2,dout_WIDTH=10) has a timescale but at least one module in design doesn't have timescale.
WARNING: [XSIM 43-4100] "/home/changhong/prj/finn/notebooks/EF-US-Engine-Free-Unstructured-Sparsity-Design-Alleviates-Accelerator-Bottlenecks/casestudy1/LeNet_MNIST_BNN/build/auto/home/changhong/prj/finn/notebooks/EF-US-Engine-Free-Unstructured-Sparsity-Design-Alleviates-Accelerator-Bottlenecks/casestudy1/LeNet_MNIST_BNN/tmp/auto/vivado_stitch_proj_b2b_bym1/finn_vivado_stitch_proj.gen/sources_1/bd/finn_design/ipshared/8dae/hdl/verilog/MVAU_hls_0_mul_8s_2s_10_1_1.v" Line 9. Module MVAU_hls_0_mul_8s_2s_10_1_1(NUM_STAGE=1,din0_WIDTH=8,din1_WIDTH=2,dout_WIDTH=10) has a timescale but at least one module in design doesn't have timescale.
WARNING: [XSIM 43-4100] "/home/changhong/prj/finn/notebooks/EF-US-Engine-Free-Unstructured-Sparsity-Design-Alleviates-Accelerator-Bottlenecks/casestudy1/LeNet_MNIST_BNN/build/auto/home/changhong/prj/finn/notebooks/EF-US-Engine-Free-Unstructured-Sparsity-Design-Alleviates-Accelerator-Bottlenecks/casestudy1/LeNet_MNIST_BNN/tmp/auto/vivado_stitch_proj_b2b_bym1/finn_vivado_stitch_proj.gen/sources_1/bd/finn_design/ipshared/8dae/hdl/verilog/MVAU_hls_0_mul_8s_2s_10_1_1.v" Line 9. Module MVAU_hls_0_mul_8s_2s_10_1_1(NUM_STAGE=1,din0_WIDTH=8,din1_WIDTH=2,dout_WIDTH=10) has a timescale but at least one module in design doesn't have timescale.
WARNING: [XSIM 43-4100] "/home/changhong/prj/finn/notebooks/EF-US-Engine-Free-Unstructured-Sparsity-Design-Alleviates-Accelerator-Bottlenecks/casestudy1/LeNet_MNIST_BNN/build/auto/home/changhong/prj/finn/notebooks/EF-US-Engine-Free-Unstructured-Sparsity-Design-Alleviates-Accelerator-Bottlenecks/casestudy1/LeNet_MNIST_BNN/tmp/auto/vivado_stitch_proj_b2b_bym1/finn_vivado_stitch_proj.gen/sources_1/bd/finn_design/ipshared/8dae/hdl/verilog/MVAU_hls_0_mul_8s_2s_10_1_1.v" Line 9. Module MVAU_hls_0_mul_8s_2s_10_1_1(NUM_STAGE=1,din0_WIDTH=8,din1_WIDTH=2,dout_WIDTH=10) has a timescale but at least one module in design doesn't have timescale.
WARNING: [XSIM 43-4100] "/home/changhong/prj/finn/notebooks/EF-US-Engine-Free-Unstructured-Sparsity-Design-Alleviates-Accelerator-Bottlenecks/casestudy1/LeNet_MNIST_BNN/build/auto/home/changhong/prj/finn/notebooks/EF-US-Engine-Free-Unstructured-Sparsity-Design-Alleviates-Accelerator-Bottlenecks/casestudy1/LeNet_MNIST_BNN/tmp/auto/vivado_stitch_proj_b2b_bym1/finn_vivado_stitch_proj.gen/sources_1/bd/finn_design/ipshared/8dae/hdl/verilog/MVAU_hls_0_mul_8s_2s_10_1_1.v" Line 9. Module MVAU_hls_0_mul_8s_2s_10_1_1(NUM_STAGE=1,din0_WIDTH=8,din1_WIDTH=2,dout_WIDTH=10) has a timescale but at least one module in design doesn't have timescale.
WARNING: [XSIM 43-4100] "/home/changhong/prj/finn/notebooks/EF-US-Engine-Free-Unstructured-Sparsity-Design-Alleviates-Accelerator-Bottlenecks/casestudy1/LeNet_MNIST_BNN/build/auto/home/changhong/prj/finn/notebooks/EF-US-Engine-Free-Unstructured-Sparsity-Design-Alleviates-Accelerator-Bottlenecks/casestudy1/LeNet_MNIST_BNN/tmp/auto/vivado_stitch_proj_b2b_bym1/finn_vivado_stitch_proj.gen/sources_1/bd/finn_design/ipshared/8dae/hdl/verilog/MVAU_hls_0_mul_8s_2s_10_1_1.v" Line 9. Module MVAU_hls_0_mul_8s_2s_10_1_1(NUM_STAGE=1,din0_WIDTH=8,din1_WIDTH=2,dout_WIDTH=10) has a timescale but at least one module in design doesn't have timescale.
WARNING: [XSIM 43-4100] "/home/changhong/prj/finn/notebooks/EF-US-Engine-Free-Unstructured-Sparsity-Design-Alleviates-Accelerator-Bottlenecks/casestudy1/LeNet_MNIST_BNN/build/auto/home/changhong/prj/finn/notebooks/EF-US-Engine-Free-Unstructured-Sparsity-Design-Alleviates-Accelerator-Bottlenecks/casestudy1/LeNet_MNIST_BNN/tmp/auto/vivado_stitch_proj_b2b_bym1/finn_vivado_stitch_proj.gen/sources_1/bd/finn_design/ipshared/8dae/hdl/verilog/MVAU_hls_0_mul_8s_2s_10_1_1.v" Line 9. Module MVAU_hls_0_mul_8s_2s_10_1_1(NUM_STAGE=1,din0_WIDTH=8,din1_WIDTH=2,dout_WIDTH=10) has a timescale but at least one module in design doesn't have timescale.
WARNING: [XSIM 43-4100] "/home/changhong/prj/finn/notebooks/EF-US-Engine-Free-Unstructured-Sparsity-Design-Alleviates-Accelerator-Bottlenecks/casestudy1/LeNet_MNIST_BNN/build/auto/home/changhong/prj/finn/notebooks/EF-US-Engine-Free-Unstructured-Sparsity-Design-Alleviates-Accelerator-Bottlenecks/casestudy1/LeNet_MNIST_BNN/tmp/auto/vivado_stitch_proj_b2b_bym1/finn_vivado_stitch_proj.gen/sources_1/bd/finn_design/ipshared/8dae/hdl/verilog/MVAU_hls_0_mul_8s_2s_10_1_1.v" Line 9. Module MVAU_hls_0_mul_8s_2s_10_1_1(NUM_STAGE=1,din0_WIDTH=8,din1_WIDTH=2,dout_WIDTH=10) has a timescale but at least one module in design doesn't have timescale.
WARNING: [XSIM 43-4100] "/home/changhong/prj/finn/notebooks/EF-US-Engine-Free-Unstructured-Sparsity-Design-Alleviates-Accelerator-Bottlenecks/casestudy1/LeNet_MNIST_BNN/build/auto/home/changhong/prj/finn/notebooks/EF-US-Engine-Free-Unstructured-Sparsity-Design-Alleviates-Accelerator-Bottlenecks/casestudy1/LeNet_MNIST_BNN/tmp/auto/vivado_stitch_proj_b2b_bym1/finn_vivado_stitch_proj.gen/sources_1/bd/finn_design/ipshared/8dae/hdl/verilog/MVAU_hls_0_mul_8s_2s_10_1_1.v" Line 9. Module MVAU_hls_0_mul_8s_2s_10_1_1(NUM_STAGE=1,din0_WIDTH=8,din1_WIDTH=2,dout_WIDTH=10) has a timescale but at least one module in design doesn't have timescale.
WARNING: [XSIM 43-4100] "/home/changhong/prj/finn/notebooks/EF-US-Engine-Free-Unstructured-Sparsity-Design-Alleviates-Accelerator-Bottlenecks/casestudy1/LeNet_MNIST_BNN/build/auto/home/changhong/prj/finn/notebooks/EF-US-Engine-Free-Unstructured-Sparsity-Design-Alleviates-Accelerator-Bottlenecks/casestudy1/LeNet_MNIST_BNN/tmp/auto/vivado_stitch_proj_b2b_bym1/finn_vivado_stitch_proj.gen/sources_1/bd/finn_design/ipshared/8dae/hdl/verilog/MVAU_hls_0_mul_8s_2s_10_1_1.v" Line 9. Module MVAU_hls_0_mul_8s_2s_10_1_1(NUM_STAGE=1,din0_WIDTH=8,din1_WIDTH=2,dout_WIDTH=10) has a timescale but at least one module in design doesn't have timescale.
WARNING: [XSIM 43-4100] "/home/changhong/prj/finn/notebooks/EF-US-Engine-Free-Unstructured-Sparsity-Design-Alleviates-Accelerator-Bottlenecks/casestudy1/LeNet_MNIST_BNN/build/auto/home/changhong/prj/finn/notebooks/EF-US-Engine-Free-Unstructured-Sparsity-Design-Alleviates-Accelerator-Bottlenecks/casestudy1/LeNet_MNIST_BNN/tmp/auto/vivado_stitch_proj_b2b_bym1/finn_vivado_stitch_proj.gen/sources_1/bd/finn_design/ipshared/8dae/hdl/verilog/MVAU_hls_0_mul_8s_2s_10_1_1.v" Line 9. Module MVAU_hls_0_mul_8s_2s_10_1_1(NUM_STAGE=1,din0_WIDTH=8,din1_WIDTH=2,dout_WIDTH=10) has a timescale but at least one module in design doesn't have timescale.
WARNING: [XSIM 43-4100] "/home/changhong/prj/finn/notebooks/EF-US-Engine-Free-Unstructured-Sparsity-Design-Alleviates-Accelerator-Bottlenecks/casestudy1/LeNet_MNIST_BNN/build/auto/home/changhong/prj/finn/notebooks/EF-US-Engine-Free-Unstructured-Sparsity-Design-Alleviates-Accelerator-Bottlenecks/casestudy1/LeNet_MNIST_BNN/tmp/auto/vivado_stitch_proj_b2b_bym1/finn_vivado_stitch_proj.gen/sources_1/bd/finn_design/ipshared/8dae/hdl/verilog/MVAU_hls_0_mul_8s_2s_10_1_1.v" Line 9. Module MVAU_hls_0_mul_8s_2s_10_1_1(NUM_STAGE=1,din0_WIDTH=8,din1_WIDTH=2,dout_WIDTH=10) has a timescale but at least one module in design doesn't have timescale.
WARNING: [XSIM 43-4100] "/home/changhong/prj/finn/notebooks/EF-US-Engine-Free-Unstructured-Sparsity-Design-Alleviates-Accelerator-Bottlenecks/casestudy1/LeNet_MNIST_BNN/build/auto/home/changhong/prj/finn/notebooks/EF-US-Engine-Free-Unstructured-Sparsity-Design-Alleviates-Accelerator-Bottlenecks/casestudy1/LeNet_MNIST_BNN/tmp/auto/vivado_stitch_proj_b2b_bym1/finn_vivado_stitch_proj.gen/sources_1/bd/finn_design/ipshared/8dae/hdl/verilog/MVAU_hls_0_mul_8s_2s_10_1_1.v" Line 9. Module MVAU_hls_0_mul_8s_2s_10_1_1(NUM_STAGE=1,din0_WIDTH=8,din1_WIDTH=2,dout_WIDTH=10) has a timescale but at least one module in design doesn't have timescale.
WARNING: [XSIM 43-4100] "/home/changhong/prj/finn/notebooks/EF-US-Engine-Free-Unstructured-Sparsity-Design-Alleviates-Accelerator-Bottlenecks/casestudy1/LeNet_MNIST_BNN/build/auto/home/changhong/prj/finn/notebooks/EF-US-Engine-Free-Unstructured-Sparsity-Design-Alleviates-Accelerator-Bottlenecks/casestudy1/LeNet_MNIST_BNN/tmp/auto/vivado_stitch_proj_b2b_bym1/finn_vivado_stitch_proj.gen/sources_1/bd/finn_design/ipshared/8dae/hdl/verilog/MVAU_hls_0_mul_8s_2s_10_1_1.v" Line 9. Module MVAU_hls_0_mul_8s_2s_10_1_1(NUM_STAGE=1,din0_WIDTH=8,din1_WIDTH=2,dout_WIDTH=10) has a timescale but at least one module in design doesn't have timescale.
WARNING: [XSIM 43-4100] "/home/changhong/prj/finn/notebooks/EF-US-Engine-Free-Unstructured-Sparsity-Design-Alleviates-Accelerator-Bottlenecks/casestudy1/LeNet_MNIST_BNN/build/auto/home/changhong/prj/finn/notebooks/EF-US-Engine-Free-Unstructured-Sparsity-Design-Alleviates-Accelerator-Bottlenecks/casestudy1/LeNet_MNIST_BNN/tmp/auto/vivado_stitch_proj_b2b_bym1/finn_vivado_stitch_proj.gen/sources_1/bd/finn_design/ipshared/8dae/hdl/verilog/MVAU_hls_0_mul_8s_2s_10_1_1.v" Line 9. Module MVAU_hls_0_mul_8s_2s_10_1_1(NUM_STAGE=1,din0_WIDTH=8,din1_WIDTH=2,dout_WIDTH=10) has a timescale but at least one module in design doesn't have timescale.
WARNING: [XSIM 43-4100] "/home/changhong/prj/finn/notebooks/EF-US-Engine-Free-Unstructured-Sparsity-Design-Alleviates-Accelerator-Bottlenecks/casestudy1/LeNet_MNIST_BNN/build/auto/home/changhong/prj/finn/notebooks/EF-US-Engine-Free-Unstructured-Sparsity-Design-Alleviates-Accelerator-Bottlenecks/casestudy1/LeNet_MNIST_BNN/tmp/auto/vivado_stitch_proj_b2b_bym1/finn_vivado_stitch_proj.gen/sources_1/bd/finn_design/ipshared/8dae/hdl/verilog/MVAU_hls_0_mul_8s_2s_10_1_1.v" Line 9. Module MVAU_hls_0_mul_8s_2s_10_1_1(NUM_STAGE=1,din0_WIDTH=8,din1_WIDTH=2,dout_WIDTH=10) has a timescale but at least one module in design doesn't have timescale.
WARNING: [XSIM 43-4100] "/home/changhong/prj/finn/notebooks/EF-US-Engine-Free-Unstructured-Sparsity-Design-Alleviates-Accelerator-Bottlenecks/casestudy1/LeNet_MNIST_BNN/build/auto/home/changhong/prj/finn/notebooks/EF-US-Engine-Free-Unstructured-Sparsity-Design-Alleviates-Accelerator-Bottlenecks/casestudy1/LeNet_MNIST_BNN/tmp/auto/vivado_stitch_proj_b2b_bym1/finn_vivado_stitch_proj.gen/sources_1/bd/finn_design/ipshared/8dae/hdl/verilog/MVAU_hls_0_mul_8s_2s_10_1_1.v" Line 9. Module MVAU_hls_0_mul_8s_2s_10_1_1(NUM_STAGE=1,din0_WIDTH=8,din1_WIDTH=2,dout_WIDTH=10) has a timescale but at least one module in design doesn't have timescale.
WARNING: [XSIM 43-4100] "/home/changhong/prj/finn/notebooks/EF-US-Engine-Free-Unstructured-Sparsity-Design-Alleviates-Accelerator-Bottlenecks/casestudy1/LeNet_MNIST_BNN/build/auto/home/changhong/prj/finn/notebooks/EF-US-Engine-Free-Unstructured-Sparsity-Design-Alleviates-Accelerator-Bottlenecks/casestudy1/LeNet_MNIST_BNN/tmp/auto/vivado_stitch_proj_b2b_bym1/finn_vivado_stitch_proj.gen/sources_1/bd/finn_design/ipshared/8dae/hdl/verilog/MVAU_hls_0_mul_8s_2s_10_1_1.v" Line 9. Module MVAU_hls_0_mul_8s_2s_10_1_1(NUM_STAGE=1,din0_WIDTH=8,din1_WIDTH=2,dout_WIDTH=10) has a timescale but at least one module in design doesn't have timescale.
WARNING: [XSIM 43-4100] "/home/changhong/prj/finn/notebooks/EF-US-Engine-Free-Unstructured-Sparsity-Design-Alleviates-Accelerator-Bottlenecks/casestudy1/LeNet_MNIST_BNN/build/auto/home/changhong/prj/finn/notebooks/EF-US-Engine-Free-Unstructured-Sparsity-Design-Alleviates-Accelerator-Bottlenecks/casestudy1/LeNet_MNIST_BNN/tmp/auto/vivado_stitch_proj_b2b_bym1/finn_vivado_stitch_proj.gen/sources_1/bd/finn_design/ipshared/8dae/hdl/verilog/MVAU_hls_0_mul_8s_2s_10_1_1.v" Line 9. Module MVAU_hls_0_mul_8s_2s_10_1_1(NUM_STAGE=1,din0_WIDTH=8,din1_WIDTH=2,dout_WIDTH=10) has a timescale but at least one module in design doesn't have timescale.
WARNING: [XSIM 43-4100] "/home/changhong/prj/finn/notebooks/EF-US-Engine-Free-Unstructured-Sparsity-Design-Alleviates-Accelerator-Bottlenecks/casestudy1/LeNet_MNIST_BNN/build/auto/home/changhong/prj/finn/notebooks/EF-US-Engine-Free-Unstructured-Sparsity-Design-Alleviates-Accelerator-Bottlenecks/casestudy1/LeNet_MNIST_BNN/tmp/auto/vivado_stitch_proj_b2b_bym1/finn_vivado_stitch_proj.gen/sources_1/bd/finn_design/ipshared/8dae/hdl/verilog/MVAU_hls_0_mul_8s_2s_10_1_1.v" Line 9. Module MVAU_hls_0_mul_8s_2s_10_1_1(NUM_STAGE=1,din0_WIDTH=8,din1_WIDTH=2,dout_WIDTH=10) has a timescale but at least one module in design doesn't have timescale.
WARNING: [XSIM 43-4100] "/home/changhong/prj/finn/notebooks/EF-US-Engine-Free-Unstructured-Sparsity-Design-Alleviates-Accelerator-Bottlenecks/casestudy1/LeNet_MNIST_BNN/build/auto/home/changhong/prj/finn/notebooks/EF-US-Engine-Free-Unstructured-Sparsity-Design-Alleviates-Accelerator-Bottlenecks/casestudy1/LeNet_MNIST_BNN/tmp/auto/vivado_stitch_proj_b2b_bym1/finn_vivado_stitch_proj.gen/sources_1/bd/finn_design/ipshared/8dae/hdl/verilog/MVAU_hls_0_mul_8s_2s_10_1_1.v" Line 9. Module MVAU_hls_0_mul_8s_2s_10_1_1(NUM_STAGE=1,din0_WIDTH=8,din1_WIDTH=2,dout_WIDTH=10) has a timescale but at least one module in design doesn't have timescale.
WARNING: [XSIM 43-4100] "/home/changhong/prj/finn/notebooks/EF-US-Engine-Free-Unstructured-Sparsity-Design-Alleviates-Accelerator-Bottlenecks/casestudy1/LeNet_MNIST_BNN/build/auto/home/changhong/prj/finn/notebooks/EF-US-Engine-Free-Unstructured-Sparsity-Design-Alleviates-Accelerator-Bottlenecks/casestudy1/LeNet_MNIST_BNN/tmp/auto/vivado_stitch_proj_b2b_bym1/finn_vivado_stitch_proj.gen/sources_1/bd/finn_design/ipshared/8dae/hdl/verilog/MVAU_hls_0_mul_8s_2s_10_1_1.v" Line 9. Module MVAU_hls_0_mul_8s_2s_10_1_1(NUM_STAGE=1,din0_WIDTH=8,din1_WIDTH=2,dout_WIDTH=10) has a timescale but at least one module in design doesn't have timescale.
WARNING: [XSIM 43-4100] "/home/changhong/prj/finn/notebooks/EF-US-Engine-Free-Unstructured-Sparsity-Design-Alleviates-Accelerator-Bottlenecks/casestudy1/LeNet_MNIST_BNN/build/auto/home/changhong/prj/finn/notebooks/EF-US-Engine-Free-Unstructured-Sparsity-Design-Alleviates-Accelerator-Bottlenecks/casestudy1/LeNet_MNIST_BNN/tmp/auto/vivado_stitch_proj_b2b_bym1/finn_vivado_stitch_proj.gen/sources_1/bd/finn_design/ipshared/8dae/hdl/verilog/MVAU_hls_0_mul_8s_2s_10_1_1.v" Line 9. Module MVAU_hls_0_mul_8s_2s_10_1_1(NUM_STAGE=1,din0_WIDTH=8,din1_WIDTH=2,dout_WIDTH=10) has a timescale but at least one module in design doesn't have timescale.
WARNING: [XSIM 43-4100] "/home/changhong/prj/finn/notebooks/EF-US-Engine-Free-Unstructured-Sparsity-Design-Alleviates-Accelerator-Bottlenecks/casestudy1/LeNet_MNIST_BNN/build/auto/home/changhong/prj/finn/notebooks/EF-US-Engine-Free-Unstructured-Sparsity-Design-Alleviates-Accelerator-Bottlenecks/casestudy1/LeNet_MNIST_BNN/tmp/auto/vivado_stitch_proj_b2b_bym1/finn_vivado_stitch_proj.gen/sources_1/bd/finn_design/ipshared/8dae/hdl/verilog/MVAU_hls_0_mul_8s_2s_10_1_1.v" Line 9. Module MVAU_hls_0_mul_8s_2s_10_1_1(NUM_STAGE=1,din0_WIDTH=8,din1_WIDTH=2,dout_WIDTH=10) has a timescale but at least one module in design doesn't have timescale.
WARNING: [XSIM 43-4100] "/home/changhong/prj/finn/notebooks/EF-US-Engine-Free-Unstructured-Sparsity-Design-Alleviates-Accelerator-Bottlenecks/casestudy1/LeNet_MNIST_BNN/build/auto/home/changhong/prj/finn/notebooks/EF-US-Engine-Free-Unstructured-Sparsity-Design-Alleviates-Accelerator-Bottlenecks/casestudy1/LeNet_MNIST_BNN/tmp/auto/vivado_stitch_proj_b2b_bym1/finn_vivado_stitch_proj.gen/sources_1/bd/finn_design/ipshared/8dae/hdl/verilog/MVAU_hls_0_mul_8s_2s_10_1_1.v" Line 9. Module MVAU_hls_0_mul_8s_2s_10_1_1(NUM_STAGE=1,din0_WIDTH=8,din1_WIDTH=2,dout_WIDTH=10) has a timescale but at least one module in design doesn't have timescale.
WARNING: [XSIM 43-4100] "/home/changhong/prj/finn/notebooks/EF-US-Engine-Free-Unstructured-Sparsity-Design-Alleviates-Accelerator-Bottlenecks/casestudy1/LeNet_MNIST_BNN/build/auto/home/changhong/prj/finn/notebooks/EF-US-Engine-Free-Unstructured-Sparsity-Design-Alleviates-Accelerator-Bottlenecks/casestudy1/LeNet_MNIST_BNN/tmp/auto/vivado_stitch_proj_b2b_bym1/finn_vivado_stitch_proj.gen/sources_1/bd/finn_design/ipshared/8dae/hdl/verilog/MVAU_hls_0_mul_8s_2s_10_1_1.v" Line 9. Module MVAU_hls_0_mul_8s_2s_10_1_1(NUM_STAGE=1,din0_WIDTH=8,din1_WIDTH=2,dout_WIDTH=10) has a timescale but at least one module in design doesn't have timescale.
WARNING: [XSIM 43-4100] "/home/changhong/prj/finn/notebooks/EF-US-Engine-Free-Unstructured-Sparsity-Design-Alleviates-Accelerator-Bottlenecks/casestudy1/LeNet_MNIST_BNN/build/auto/home/changhong/prj/finn/notebooks/EF-US-Engine-Free-Unstructured-Sparsity-Design-Alleviates-Accelerator-Bottlenecks/casestudy1/LeNet_MNIST_BNN/tmp/auto/vivado_stitch_proj_b2b_bym1/finn_vivado_stitch_proj.gen/sources_1/bd/finn_design/ipshared/8dae/hdl/verilog/MVAU_hls_0_mul_8s_2s_10_1_1.v" Line 9. Module MVAU_hls_0_mul_8s_2s_10_1_1(NUM_STAGE=1,din0_WIDTH=8,din1_WIDTH=2,dout_WIDTH=10) has a timescale but at least one module in design doesn't have timescale.
WARNING: [XSIM 43-4100] "/home/changhong/prj/finn/notebooks/EF-US-Engine-Free-Unstructured-Sparsity-Design-Alleviates-Accelerator-Bottlenecks/casestudy1/LeNet_MNIST_BNN/build/auto/home/changhong/prj/finn/notebooks/EF-US-Engine-Free-Unstructured-Sparsity-Design-Alleviates-Accelerator-Bottlenecks/casestudy1/LeNet_MNIST_BNN/tmp/auto/vivado_stitch_proj_b2b_bym1/finn_vivado_stitch_proj.gen/sources_1/bd/finn_design/ipshared/8dae/hdl/verilog/MVAU_hls_0_mul_8s_2s_10_1_1.v" Line 9. Module MVAU_hls_0_mul_8s_2s_10_1_1(NUM_STAGE=1,din0_WIDTH=8,din1_WIDTH=2,dout_WIDTH=10) has a timescale but at least one module in design doesn't have timescale.
WARNING: [XSIM 43-4100] "/home/changhong/prj/finn/notebooks/EF-US-Engine-Free-Unstructured-Sparsity-Design-Alleviates-Accelerator-Bottlenecks/casestudy1/LeNet_MNIST_BNN/build/auto/home/changhong/prj/finn/notebooks/EF-US-Engine-Free-Unstructured-Sparsity-Design-Alleviates-Accelerator-Bottlenecks/casestudy1/LeNet_MNIST_BNN/tmp/auto/vivado_stitch_proj_b2b_bym1/finn_vivado_stitch_proj.gen/sources_1/bd/finn_design/ipshared/8dae/hdl/verilog/MVAU_hls_0_mul_8s_2s_10_1_1.v" Line 9. Module MVAU_hls_0_mul_8s_2s_10_1_1(NUM_STAGE=1,din0_WIDTH=8,din1_WIDTH=2,dout_WIDTH=10) has a timescale but at least one module in design doesn't have timescale.
WARNING: [XSIM 43-4100] "/home/changhong/prj/finn/notebooks/EF-US-Engine-Free-Unstructured-Sparsity-Design-Alleviates-Accelerator-Bottlenecks/casestudy1/LeNet_MNIST_BNN/build/auto/home/changhong/prj/finn/notebooks/EF-US-Engine-Free-Unstructured-Sparsity-Design-Alleviates-Accelerator-Bottlenecks/casestudy1/LeNet_MNIST_BNN/tmp/auto/vivado_stitch_proj_b2b_bym1/finn_vivado_stitch_proj.gen/sources_1/bd/finn_design/ipshared/8dae/hdl/verilog/MVAU_hls_0_mul_8s_2s_10_1_1.v" Line 9. Module MVAU_hls_0_mul_8s_2s_10_1_1(NUM_STAGE=1,din0_WIDTH=8,din1_WIDTH=2,dout_WIDTH=10) has a timescale but at least one module in design doesn't have timescale.
WARNING: [XSIM 43-4100] "/home/changhong/prj/finn/notebooks/EF-US-Engine-Free-Unstructured-Sparsity-Design-Alleviates-Accelerator-Bottlenecks/casestudy1/LeNet_MNIST_BNN/build/auto/home/changhong/prj/finn/notebooks/EF-US-Engine-Free-Unstructured-Sparsity-Design-Alleviates-Accelerator-Bottlenecks/casestudy1/LeNet_MNIST_BNN/tmp/auto/vivado_stitch_proj_b2b_bym1/finn_vivado_stitch_proj.gen/sources_1/bd/finn_design/ipshared/8dae/hdl/verilog/MVAU_hls_0_mul_8s_2s_10_1_1.v" Line 9. Module MVAU_hls_0_mul_8s_2s_10_1_1(NUM_STAGE=1,din0_WIDTH=8,din1_WIDTH=2,dout_WIDTH=10) has a timescale but at least one module in design doesn't have timescale.
WARNING: [XSIM 43-4100] "/home/changhong/prj/finn/notebooks/EF-US-Engine-Free-Unstructured-Sparsity-Design-Alleviates-Accelerator-Bottlenecks/casestudy1/LeNet_MNIST_BNN/build/auto/home/changhong/prj/finn/notebooks/EF-US-Engine-Free-Unstructured-Sparsity-Design-Alleviates-Accelerator-Bottlenecks/casestudy1/LeNet_MNIST_BNN/tmp/auto/vivado_stitch_proj_b2b_bym1/finn_vivado_stitch_proj.gen/sources_1/bd/finn_design/ipshared/8dae/hdl/verilog/MVAU_hls_0_mul_8s_2s_10_1_1.v" Line 9. Module MVAU_hls_0_mul_8s_2s_10_1_1(NUM_STAGE=1,din0_WIDTH=8,din1_WIDTH=2,dout_WIDTH=10) has a timescale but at least one module in design doesn't have timescale.
WARNING: [XSIM 43-4100] "/home/changhong/prj/finn/notebooks/EF-US-Engine-Free-Unstructured-Sparsity-Design-Alleviates-Accelerator-Bottlenecks/casestudy1/LeNet_MNIST_BNN/build/auto/home/changhong/prj/finn/notebooks/EF-US-Engine-Free-Unstructured-Sparsity-Design-Alleviates-Accelerator-Bottlenecks/casestudy1/LeNet_MNIST_BNN/tmp/auto/vivado_stitch_proj_b2b_bym1/finn_vivado_stitch_proj.gen/sources_1/bd/finn_design/ipshared/8dae/hdl/verilog/MVAU_hls_0_mac_muladd_8s_2s_10s_11_4_1.v" Line 47. Module MVAU_hls_0_mac_muladd_8s_2s_10s_11_4_1(ID=1,NUM_STAGE=4,din0_WIDTH=8,din1_WIDTH=2,din2_WIDTH=10,dout_WIDTH=11) has a timescale but at least one module in design doesn't have timescale.
WARNING: [XSIM 43-4100] "/home/changhong/prj/finn/notebooks/EF-US-Engine-Free-Unstructured-Sparsity-Design-Alleviates-Accelerator-Bottlenecks/casestudy1/LeNet_MNIST_BNN/build/auto/home/changhong/prj/finn/notebooks/EF-US-Engine-Free-Unstructured-Sparsity-Design-Alleviates-Accelerator-Bottlenecks/casestudy1/LeNet_MNIST_BNN/tmp/auto/vivado_stitch_proj_b2b_bym1/finn_vivado_stitch_proj.gen/sources_1/bd/finn_design/ipshared/8dae/hdl/verilog/MVAU_hls_0_mac_muladd_8s_2s_10s_11_4_1.v" Line 8. Module MVAU_hls_0_mac_muladd_8s_2s_10s_11_4_1_DSP48_0 has a timescale but at least one module in design doesn't have timescale.
WARNING: [XSIM 43-4100] "/home/changhong/prj/finn/notebooks/EF-US-Engine-Free-Unstructured-Sparsity-Design-Alleviates-Accelerator-Bottlenecks/casestudy1/LeNet_MNIST_BNN/build/auto/home/changhong/prj/finn/notebooks/EF-US-Engine-Free-Unstructured-Sparsity-Design-Alleviates-Accelerator-Bottlenecks/casestudy1/LeNet_MNIST_BNN/tmp/auto/vivado_stitch_proj_b2b_bym1/finn_vivado_stitch_proj.gen/sources_1/bd/finn_design/ipshared/8dae/hdl/verilog/MVAU_hls_0_mac_muladd_8s_2s_10s_11_4_1.v" Line 47. Module MVAU_hls_0_mac_muladd_8s_2s_10s_11_4_1(ID=1,NUM_STAGE=4,din0_WIDTH=8,din1_WIDTH=2,din2_WIDTH=10,dout_WIDTH=11) has a timescale but at least one module in design doesn't have timescale.
WARNING: [XSIM 43-4100] "/home/changhong/prj/finn/notebooks/EF-US-Engine-Free-Unstructured-Sparsity-Design-Alleviates-Accelerator-Bottlenecks/casestudy1/LeNet_MNIST_BNN/build/auto/home/changhong/prj/finn/notebooks/EF-US-Engine-Free-Unstructured-Sparsity-Design-Alleviates-Accelerator-Bottlenecks/casestudy1/LeNet_MNIST_BNN/tmp/auto/vivado_stitch_proj_b2b_bym1/finn_vivado_stitch_proj.gen/sources_1/bd/finn_design/ipshared/8dae/hdl/verilog/MVAU_hls_0_mac_muladd_8s_2s_10s_11_4_1.v" Line 8. Module MVAU_hls_0_mac_muladd_8s_2s_10s_11_4_1_DSP48_0 has a timescale but at least one module in design doesn't have timescale.
WARNING: [XSIM 43-4100] "/home/changhong/prj/finn/notebooks/EF-US-Engine-Free-Unstructured-Sparsity-Design-Alleviates-Accelerator-Bottlenecks/casestudy1/LeNet_MNIST_BNN/build/auto/home/changhong/prj/finn/notebooks/EF-US-Engine-Free-Unstructured-Sparsity-Design-Alleviates-Accelerator-Bottlenecks/casestudy1/LeNet_MNIST_BNN/tmp/auto/vivado_stitch_proj_b2b_bym1/finn_vivado_stitch_proj.gen/sources_1/bd/finn_design/ipshared/8dae/hdl/verilog/MVAU_hls_0_mac_muladd_8s_2s_10s_11_4_1.v" Line 47. Module MVAU_hls_0_mac_muladd_8s_2s_10s_11_4_1(ID=1,NUM_STAGE=4,din0_WIDTH=8,din1_WIDTH=2,din2_WIDTH=10,dout_WIDTH=11) has a timescale but at least one module in design doesn't have timescale.
WARNING: [XSIM 43-4100] "/home/changhong/prj/finn/notebooks/EF-US-Engine-Free-Unstructured-Sparsity-Design-Alleviates-Accelerator-Bottlenecks/casestudy1/LeNet_MNIST_BNN/build/auto/home/changhong/prj/finn/notebooks/EF-US-Engine-Free-Unstructured-Sparsity-Design-Alleviates-Accelerator-Bottlenecks/casestudy1/LeNet_MNIST_BNN/tmp/auto/vivado_stitch_proj_b2b_bym1/finn_vivado_stitch_proj.gen/sources_1/bd/finn_design/ipshared/8dae/hdl/verilog/MVAU_hls_0_mac_muladd_8s_2s_10s_11_4_1.v" Line 8. Module MVAU_hls_0_mac_muladd_8s_2s_10s_11_4_1_DSP48_0 has a timescale but at least one module in design doesn't have timescale.
WARNING: [XSIM 43-4100] "/home/changhong/prj/finn/notebooks/EF-US-Engine-Free-Unstructured-Sparsity-Design-Alleviates-Accelerator-Bottlenecks/casestudy1/LeNet_MNIST_BNN/build/auto/home/changhong/prj/finn/notebooks/EF-US-Engine-Free-Unstructured-Sparsity-Design-Alleviates-Accelerator-Bottlenecks/casestudy1/LeNet_MNIST_BNN/tmp/auto/vivado_stitch_proj_b2b_bym1/finn_vivado_stitch_proj.gen/sources_1/bd/finn_design/ipshared/8dae/hdl/verilog/MVAU_hls_0_mac_muladd_8s_2s_10s_11_4_1.v" Line 47. Module MVAU_hls_0_mac_muladd_8s_2s_10s_11_4_1(ID=1,NUM_STAGE=4,din0_WIDTH=8,din1_WIDTH=2,din2_WIDTH=10,dout_WIDTH=11) has a timescale but at least one module in design doesn't have timescale.
WARNING: [XSIM 43-4100] "/home/changhong/prj/finn/notebooks/EF-US-Engine-Free-Unstructured-Sparsity-Design-Alleviates-Accelerator-Bottlenecks/casestudy1/LeNet_MNIST_BNN/build/auto/home/changhong/prj/finn/notebooks/EF-US-Engine-Free-Unstructured-Sparsity-Design-Alleviates-Accelerator-Bottlenecks/casestudy1/LeNet_MNIST_BNN/tmp/auto/vivado_stitch_proj_b2b_bym1/finn_vivado_stitch_proj.gen/sources_1/bd/finn_design/ipshared/8dae/hdl/verilog/MVAU_hls_0_mac_muladd_8s_2s_10s_11_4_1.v" Line 8. Module MVAU_hls_0_mac_muladd_8s_2s_10s_11_4_1_DSP48_0 has a timescale but at least one module in design doesn't have timescale.
WARNING: [XSIM 43-4100] "/home/changhong/prj/finn/notebooks/EF-US-Engine-Free-Unstructured-Sparsity-Design-Alleviates-Accelerator-Bottlenecks/casestudy1/LeNet_MNIST_BNN/build/auto/home/changhong/prj/finn/notebooks/EF-US-Engine-Free-Unstructured-Sparsity-Design-Alleviates-Accelerator-Bottlenecks/casestudy1/LeNet_MNIST_BNN/tmp/auto/vivado_stitch_proj_b2b_bym1/finn_vivado_stitch_proj.gen/sources_1/bd/finn_design/ipshared/8dae/hdl/verilog/MVAU_hls_0_mac_muladd_8s_2s_10s_11_4_1.v" Line 47. Module MVAU_hls_0_mac_muladd_8s_2s_10s_11_4_1(ID=1,NUM_STAGE=4,din0_WIDTH=8,din1_WIDTH=2,din2_WIDTH=10,dout_WIDTH=11) has a timescale but at least one module in design doesn't have timescale.
WARNING: [XSIM 43-4100] "/home/changhong/prj/finn/notebooks/EF-US-Engine-Free-Unstructured-Sparsity-Design-Alleviates-Accelerator-Bottlenecks/casestudy1/LeNet_MNIST_BNN/build/auto/home/changhong/prj/finn/notebooks/EF-US-Engine-Free-Unstructured-Sparsity-Design-Alleviates-Accelerator-Bottlenecks/casestudy1/LeNet_MNIST_BNN/tmp/auto/vivado_stitch_proj_b2b_bym1/finn_vivado_stitch_proj.gen/sources_1/bd/finn_design/ipshared/8dae/hdl/verilog/MVAU_hls_0_mac_muladd_8s_2s_10s_11_4_1.v" Line 8. Module MVAU_hls_0_mac_muladd_8s_2s_10s_11_4_1_DSP48_0 has a timescale but at least one module in design doesn't have timescale.
WARNING: [XSIM 43-4100] "/home/changhong/prj/finn/notebooks/EF-US-Engine-Free-Unstructured-Sparsity-Design-Alleviates-Accelerator-Bottlenecks/casestudy1/LeNet_MNIST_BNN/build/auto/home/changhong/prj/finn/notebooks/EF-US-Engine-Free-Unstructured-Sparsity-Design-Alleviates-Accelerator-Bottlenecks/casestudy1/LeNet_MNIST_BNN/tmp/auto/vivado_stitch_proj_b2b_bym1/finn_vivado_stitch_proj.gen/sources_1/bd/finn_design/ipshared/8dae/hdl/verilog/MVAU_hls_0_mac_muladd_8s_2s_10s_11_4_1.v" Line 47. Module MVAU_hls_0_mac_muladd_8s_2s_10s_11_4_1(ID=1,NUM_STAGE=4,din0_WIDTH=8,din1_WIDTH=2,din2_WIDTH=10,dout_WIDTH=11) has a timescale but at least one module in design doesn't have timescale.
WARNING: [XSIM 43-4100] "/home/changhong/prj/finn/notebooks/EF-US-Engine-Free-Unstructured-Sparsity-Design-Alleviates-Accelerator-Bottlenecks/casestudy1/LeNet_MNIST_BNN/build/auto/home/changhong/prj/finn/notebooks/EF-US-Engine-Free-Unstructured-Sparsity-Design-Alleviates-Accelerator-Bottlenecks/casestudy1/LeNet_MNIST_BNN/tmp/auto/vivado_stitch_proj_b2b_bym1/finn_vivado_stitch_proj.gen/sources_1/bd/finn_design/ipshared/8dae/hdl/verilog/MVAU_hls_0_mac_muladd_8s_2s_10s_11_4_1.v" Line 8. Module MVAU_hls_0_mac_muladd_8s_2s_10s_11_4_1_DSP48_0 has a timescale but at least one module in design doesn't have timescale.
WARNING: [XSIM 43-4100] "/home/changhong/prj/finn/notebooks/EF-US-Engine-Free-Unstructured-Sparsity-Design-Alleviates-Accelerator-Bottlenecks/casestudy1/LeNet_MNIST_BNN/build/auto/home/changhong/prj/finn/notebooks/EF-US-Engine-Free-Unstructured-Sparsity-Design-Alleviates-Accelerator-Bottlenecks/casestudy1/LeNet_MNIST_BNN/tmp/auto/vivado_stitch_proj_b2b_bym1/finn_vivado_stitch_proj.gen/sources_1/bd/finn_design/ipshared/8dae/hdl/verilog/MVAU_hls_0_mac_muladd_8s_2s_10s_11_4_1.v" Line 47. Module MVAU_hls_0_mac_muladd_8s_2s_10s_11_4_1(ID=1,NUM_STAGE=4,din0_WIDTH=8,din1_WIDTH=2,din2_WIDTH=10,dout_WIDTH=11) has a timescale but at least one module in design doesn't have timescale.
WARNING: [XSIM 43-4100] "/home/changhong/prj/finn/notebooks/EF-US-Engine-Free-Unstructured-Sparsity-Design-Alleviates-Accelerator-Bottlenecks/casestudy1/LeNet_MNIST_BNN/build/auto/home/changhong/prj/finn/notebooks/EF-US-Engine-Free-Unstructured-Sparsity-Design-Alleviates-Accelerator-Bottlenecks/casestudy1/LeNet_MNIST_BNN/tmp/auto/vivado_stitch_proj_b2b_bym1/finn_vivado_stitch_proj.gen/sources_1/bd/finn_design/ipshared/8dae/hdl/verilog/MVAU_hls_0_mac_muladd_8s_2s_10s_11_4_1.v" Line 8. Module MVAU_hls_0_mac_muladd_8s_2s_10s_11_4_1_DSP48_0 has a timescale but at least one module in design doesn't have timescale.
WARNING: [XSIM 43-4100] "/home/changhong/prj/finn/notebooks/EF-US-Engine-Free-Unstructured-Sparsity-Design-Alleviates-Accelerator-Bottlenecks/casestudy1/LeNet_MNIST_BNN/build/auto/home/changhong/prj/finn/notebooks/EF-US-Engine-Free-Unstructured-Sparsity-Design-Alleviates-Accelerator-Bottlenecks/casestudy1/LeNet_MNIST_BNN/tmp/auto/vivado_stitch_proj_b2b_bym1/finn_vivado_stitch_proj.gen/sources_1/bd/finn_design/ipshared/8dae/hdl/verilog/MVAU_hls_0_mac_muladd_8s_2s_10s_11_4_1.v" Line 47. Module MVAU_hls_0_mac_muladd_8s_2s_10s_11_4_1(ID=1,NUM_STAGE=4,din0_WIDTH=8,din1_WIDTH=2,din2_WIDTH=10,dout_WIDTH=11) has a timescale but at least one module in design doesn't have timescale.
WARNING: [XSIM 43-4100] "/home/changhong/prj/finn/notebooks/EF-US-Engine-Free-Unstructured-Sparsity-Design-Alleviates-Accelerator-Bottlenecks/casestudy1/LeNet_MNIST_BNN/build/auto/home/changhong/prj/finn/notebooks/EF-US-Engine-Free-Unstructured-Sparsity-Design-Alleviates-Accelerator-Bottlenecks/casestudy1/LeNet_MNIST_BNN/tmp/auto/vivado_stitch_proj_b2b_bym1/finn_vivado_stitch_proj.gen/sources_1/bd/finn_design/ipshared/8dae/hdl/verilog/MVAU_hls_0_mac_muladd_8s_2s_10s_11_4_1.v" Line 8. Module MVAU_hls_0_mac_muladd_8s_2s_10s_11_4_1_DSP48_0 has a timescale but at least one module in design doesn't have timescale.
WARNING: [XSIM 43-4100] "/home/changhong/prj/finn/notebooks/EF-US-Engine-Free-Unstructured-Sparsity-Design-Alleviates-Accelerator-Bottlenecks/casestudy1/LeNet_MNIST_BNN/build/auto/home/changhong/prj/finn/notebooks/EF-US-Engine-Free-Unstructured-Sparsity-Design-Alleviates-Accelerator-Bottlenecks/casestudy1/LeNet_MNIST_BNN/tmp/auto/vivado_stitch_proj_b2b_bym1/finn_vivado_stitch_proj.gen/sources_1/bd/finn_design/ipshared/8dae/hdl/verilog/MVAU_hls_0_mac_muladd_8s_2s_10s_11_4_1.v" Line 47. Module MVAU_hls_0_mac_muladd_8s_2s_10s_11_4_1(ID=1,NUM_STAGE=4,din0_WIDTH=8,din1_WIDTH=2,din2_WIDTH=10,dout_WIDTH=11) has a timescale but at least one module in design doesn't have timescale.
WARNING: [XSIM 43-4100] "/home/changhong/prj/finn/notebooks/EF-US-Engine-Free-Unstructured-Sparsity-Design-Alleviates-Accelerator-Bottlenecks/casestudy1/LeNet_MNIST_BNN/build/auto/home/changhong/prj/finn/notebooks/EF-US-Engine-Free-Unstructured-Sparsity-Design-Alleviates-Accelerator-Bottlenecks/casestudy1/LeNet_MNIST_BNN/tmp/auto/vivado_stitch_proj_b2b_bym1/finn_vivado_stitch_proj.gen/sources_1/bd/finn_design/ipshared/8dae/hdl/verilog/MVAU_hls_0_mac_muladd_8s_2s_10s_11_4_1.v" Line 8. Module MVAU_hls_0_mac_muladd_8s_2s_10s_11_4_1_DSP48_0 has a timescale but at least one module in design doesn't have timescale.
WARNING: [XSIM 43-4100] "/home/changhong/prj/finn/notebooks/EF-US-Engine-Free-Unstructured-Sparsity-Design-Alleviates-Accelerator-Bottlenecks/casestudy1/LeNet_MNIST_BNN/build/auto/home/changhong/prj/finn/notebooks/EF-US-Engine-Free-Unstructured-Sparsity-Design-Alleviates-Accelerator-Bottlenecks/casestudy1/LeNet_MNIST_BNN/tmp/auto/vivado_stitch_proj_b2b_bym1/finn_vivado_stitch_proj.gen/sources_1/bd/finn_design/ipshared/8dae/hdl/verilog/MVAU_hls_0_mac_muladd_8s_2s_10s_11_4_1.v" Line 47. Module MVAU_hls_0_mac_muladd_8s_2s_10s_11_4_1(ID=1,NUM_STAGE=4,din0_WIDTH=8,din1_WIDTH=2,din2_WIDTH=10,dout_WIDTH=11) has a timescale but at least one module in design doesn't have timescale.
WARNING: [XSIM 43-4100] "/home/changhong/prj/finn/notebooks/EF-US-Engine-Free-Unstructured-Sparsity-Design-Alleviates-Accelerator-Bottlenecks/casestudy1/LeNet_MNIST_BNN/build/auto/home/changhong/prj/finn/notebooks/EF-US-Engine-Free-Unstructured-Sparsity-Design-Alleviates-Accelerator-Bottlenecks/casestudy1/LeNet_MNIST_BNN/tmp/auto/vivado_stitch_proj_b2b_bym1/finn_vivado_stitch_proj.gen/sources_1/bd/finn_design/ipshared/8dae/hdl/verilog/MVAU_hls_0_mac_muladd_8s_2s_10s_11_4_1.v" Line 8. Module MVAU_hls_0_mac_muladd_8s_2s_10s_11_4_1_DSP48_0 has a timescale but at least one module in design doesn't have timescale.
WARNING: [XSIM 43-4100] "/home/changhong/prj/finn/notebooks/EF-US-Engine-Free-Unstructured-Sparsity-Design-Alleviates-Accelerator-Bottlenecks/casestudy1/LeNet_MNIST_BNN/build/auto/home/changhong/prj/finn/notebooks/EF-US-Engine-Free-Unstructured-Sparsity-Design-Alleviates-Accelerator-Bottlenecks/casestudy1/LeNet_MNIST_BNN/tmp/auto/vivado_stitch_proj_b2b_bym1/finn_vivado_stitch_proj.gen/sources_1/bd/finn_design/ipshared/8dae/hdl/verilog/MVAU_hls_0_mac_muladd_8s_2s_10s_11_4_1.v" Line 47. Module MVAU_hls_0_mac_muladd_8s_2s_10s_11_4_1(ID=1,NUM_STAGE=4,din0_WIDTH=8,din1_WIDTH=2,din2_WIDTH=10,dout_WIDTH=11) has a timescale but at least one module in design doesn't have timescale.
WARNING: [XSIM 43-4100] "/home/changhong/prj/finn/notebooks/EF-US-Engine-Free-Unstructured-Sparsity-Design-Alleviates-Accelerator-Bottlenecks/casestudy1/LeNet_MNIST_BNN/build/auto/home/changhong/prj/finn/notebooks/EF-US-Engine-Free-Unstructured-Sparsity-Design-Alleviates-Accelerator-Bottlenecks/casestudy1/LeNet_MNIST_BNN/tmp/auto/vivado_stitch_proj_b2b_bym1/finn_vivado_stitch_proj.gen/sources_1/bd/finn_design/ipshared/8dae/hdl/verilog/MVAU_hls_0_mac_muladd_8s_2s_10s_11_4_1.v" Line 8. Module MVAU_hls_0_mac_muladd_8s_2s_10s_11_4_1_DSP48_0 has a timescale but at least one module in design doesn't have timescale.
WARNING: [XSIM 43-4100] "/home/changhong/prj/finn/notebooks/EF-US-Engine-Free-Unstructured-Sparsity-Design-Alleviates-Accelerator-Bottlenecks/casestudy1/LeNet_MNIST_BNN/build/auto/home/changhong/prj/finn/notebooks/EF-US-Engine-Free-Unstructured-Sparsity-Design-Alleviates-Accelerator-Bottlenecks/casestudy1/LeNet_MNIST_BNN/tmp/auto/vivado_stitch_proj_b2b_bym1/finn_vivado_stitch_proj.gen/sources_1/bd/finn_design/ipshared/8dae/hdl/verilog/MVAU_hls_0_mac_muladd_8s_2s_10s_11_4_1.v" Line 47. Module MVAU_hls_0_mac_muladd_8s_2s_10s_11_4_1(ID=1,NUM_STAGE=4,din0_WIDTH=8,din1_WIDTH=2,din2_WIDTH=10,dout_WIDTH=11) has a timescale but at least one module in design doesn't have timescale.
WARNING: [XSIM 43-4100] "/home/changhong/prj/finn/notebooks/EF-US-Engine-Free-Unstructured-Sparsity-Design-Alleviates-Accelerator-Bottlenecks/casestudy1/LeNet_MNIST_BNN/build/auto/home/changhong/prj/finn/notebooks/EF-US-Engine-Free-Unstructured-Sparsity-Design-Alleviates-Accelerator-Bottlenecks/casestudy1/LeNet_MNIST_BNN/tmp/auto/vivado_stitch_proj_b2b_bym1/finn_vivado_stitch_proj.gen/sources_1/bd/finn_design/ipshared/8dae/hdl/verilog/MVAU_hls_0_mac_muladd_8s_2s_10s_11_4_1.v" Line 8. Module MVAU_hls_0_mac_muladd_8s_2s_10s_11_4_1_DSP48_0 has a timescale but at least one module in design doesn't have timescale.
WARNING: [XSIM 43-4100] "/home/changhong/prj/finn/notebooks/EF-US-Engine-Free-Unstructured-Sparsity-Design-Alleviates-Accelerator-Bottlenecks/casestudy1/LeNet_MNIST_BNN/build/auto/home/changhong/prj/finn/notebooks/EF-US-Engine-Free-Unstructured-Sparsity-Design-Alleviates-Accelerator-Bottlenecks/casestudy1/LeNet_MNIST_BNN/tmp/auto/vivado_stitch_proj_b2b_bym1/finn_vivado_stitch_proj.gen/sources_1/bd/finn_design/ipshared/8dae/hdl/verilog/MVAU_hls_0_mac_muladd_8s_2s_10s_11_4_1.v" Line 47. Module MVAU_hls_0_mac_muladd_8s_2s_10s_11_4_1(ID=1,NUM_STAGE=4,din0_WIDTH=8,din1_WIDTH=2,din2_WIDTH=10,dout_WIDTH=11) has a timescale but at least one module in design doesn't have timescale.
WARNING: [XSIM 43-4100] "/home/changhong/prj/finn/notebooks/EF-US-Engine-Free-Unstructured-Sparsity-Design-Alleviates-Accelerator-Bottlenecks/casestudy1/LeNet_MNIST_BNN/build/auto/home/changhong/prj/finn/notebooks/EF-US-Engine-Free-Unstructured-Sparsity-Design-Alleviates-Accelerator-Bottlenecks/casestudy1/LeNet_MNIST_BNN/tmp/auto/vivado_stitch_proj_b2b_bym1/finn_vivado_stitch_proj.gen/sources_1/bd/finn_design/ipshared/8dae/hdl/verilog/MVAU_hls_0_mac_muladd_8s_2s_10s_11_4_1.v" Line 8. Module MVAU_hls_0_mac_muladd_8s_2s_10s_11_4_1_DSP48_0 has a timescale but at least one module in design doesn't have timescale.
WARNING: [XSIM 43-4100] "/home/changhong/prj/finn/notebooks/EF-US-Engine-Free-Unstructured-Sparsity-Design-Alleviates-Accelerator-Bottlenecks/casestudy1/LeNet_MNIST_BNN/build/auto/home/changhong/prj/finn/notebooks/EF-US-Engine-Free-Unstructured-Sparsity-Design-Alleviates-Accelerator-Bottlenecks/casestudy1/LeNet_MNIST_BNN/tmp/auto/vivado_stitch_proj_b2b_bym1/finn_vivado_stitch_proj.gen/sources_1/bd/finn_design/ipshared/8dae/hdl/verilog/MVAU_hls_0_mac_muladd_8s_2s_10s_11_4_1.v" Line 47. Module MVAU_hls_0_mac_muladd_8s_2s_10s_11_4_1(ID=1,NUM_STAGE=4,din0_WIDTH=8,din1_WIDTH=2,din2_WIDTH=10,dout_WIDTH=11) has a timescale but at least one module in design doesn't have timescale.
WARNING: [XSIM 43-4100] "/home/changhong/prj/finn/notebooks/EF-US-Engine-Free-Unstructured-Sparsity-Design-Alleviates-Accelerator-Bottlenecks/casestudy1/LeNet_MNIST_BNN/build/auto/home/changhong/prj/finn/notebooks/EF-US-Engine-Free-Unstructured-Sparsity-Design-Alleviates-Accelerator-Bottlenecks/casestudy1/LeNet_MNIST_BNN/tmp/auto/vivado_stitch_proj_b2b_bym1/finn_vivado_stitch_proj.gen/sources_1/bd/finn_design/ipshared/8dae/hdl/verilog/MVAU_hls_0_mac_muladd_8s_2s_10s_11_4_1.v" Line 8. Module MVAU_hls_0_mac_muladd_8s_2s_10s_11_4_1_DSP48_0 has a timescale but at least one module in design doesn't have timescale.
WARNING: [XSIM 43-4100] "/home/changhong/prj/finn/notebooks/EF-US-Engine-Free-Unstructured-Sparsity-Design-Alleviates-Accelerator-Bottlenecks/casestudy1/LeNet_MNIST_BNN/build/auto/home/changhong/prj/finn/notebooks/EF-US-Engine-Free-Unstructured-Sparsity-Design-Alleviates-Accelerator-Bottlenecks/casestudy1/LeNet_MNIST_BNN/tmp/auto/vivado_stitch_proj_b2b_bym1/finn_vivado_stitch_proj.gen/sources_1/bd/finn_design/ipshared/8dae/hdl/verilog/MVAU_hls_0_mac_muladd_8s_2s_10s_11_4_1.v" Line 47. Module MVAU_hls_0_mac_muladd_8s_2s_10s_11_4_1(ID=1,NUM_STAGE=4,din0_WIDTH=8,din1_WIDTH=2,din2_WIDTH=10,dout_WIDTH=11) has a timescale but at least one module in design doesn't have timescale.
WARNING: [XSIM 43-4100] "/home/changhong/prj/finn/notebooks/EF-US-Engine-Free-Unstructured-Sparsity-Design-Alleviates-Accelerator-Bottlenecks/casestudy1/LeNet_MNIST_BNN/build/auto/home/changhong/prj/finn/notebooks/EF-US-Engine-Free-Unstructured-Sparsity-Design-Alleviates-Accelerator-Bottlenecks/casestudy1/LeNet_MNIST_BNN/tmp/auto/vivado_stitch_proj_b2b_bym1/finn_vivado_stitch_proj.gen/sources_1/bd/finn_design/ipshared/8dae/hdl/verilog/MVAU_hls_0_mac_muladd_8s_2s_10s_11_4_1.v" Line 8. Module MVAU_hls_0_mac_muladd_8s_2s_10s_11_4_1_DSP48_0 has a timescale but at least one module in design doesn't have timescale.
WARNING: [XSIM 43-4100] "/home/changhong/prj/finn/notebooks/EF-US-Engine-Free-Unstructured-Sparsity-Design-Alleviates-Accelerator-Bottlenecks/casestudy1/LeNet_MNIST_BNN/build/auto/home/changhong/prj/finn/notebooks/EF-US-Engine-Free-Unstructured-Sparsity-Design-Alleviates-Accelerator-Bottlenecks/casestudy1/LeNet_MNIST_BNN/tmp/auto/vivado_stitch_proj_b2b_bym1/finn_vivado_stitch_proj.gen/sources_1/bd/finn_design/ipshared/8dae/hdl/verilog/MVAU_hls_0_mac_muladd_8s_2s_10s_11_4_1.v" Line 47. Module MVAU_hls_0_mac_muladd_8s_2s_10s_11_4_1(ID=1,NUM_STAGE=4,din0_WIDTH=8,din1_WIDTH=2,din2_WIDTH=10,dout_WIDTH=11) has a timescale but at least one module in design doesn't have timescale.
WARNING: [XSIM 43-4100] "/home/changhong/prj/finn/notebooks/EF-US-Engine-Free-Unstructured-Sparsity-Design-Alleviates-Accelerator-Bottlenecks/casestudy1/LeNet_MNIST_BNN/build/auto/home/changhong/prj/finn/notebooks/EF-US-Engine-Free-Unstructured-Sparsity-Design-Alleviates-Accelerator-Bottlenecks/casestudy1/LeNet_MNIST_BNN/tmp/auto/vivado_stitch_proj_b2b_bym1/finn_vivado_stitch_proj.gen/sources_1/bd/finn_design/ipshared/8dae/hdl/verilog/MVAU_hls_0_mac_muladd_8s_2s_10s_11_4_1.v" Line 8. Module MVAU_hls_0_mac_muladd_8s_2s_10s_11_4_1_DSP48_0 has a timescale but at least one module in design doesn't have timescale.
WARNING: [XSIM 43-4100] "/home/changhong/prj/finn/notebooks/EF-US-Engine-Free-Unstructured-Sparsity-Design-Alleviates-Accelerator-Bottlenecks/casestudy1/LeNet_MNIST_BNN/build/auto/home/changhong/prj/finn/notebooks/EF-US-Engine-Free-Unstructured-Sparsity-Design-Alleviates-Accelerator-Bottlenecks/casestudy1/LeNet_MNIST_BNN/tmp/auto/vivado_stitch_proj_b2b_bym1/finn_vivado_stitch_proj.gen/sources_1/bd/finn_design/ipshared/8dae/hdl/verilog/MVAU_hls_0_mac_muladd_8s_2s_10s_11_4_1.v" Line 47. Module MVAU_hls_0_mac_muladd_8s_2s_10s_11_4_1(ID=1,NUM_STAGE=4,din0_WIDTH=8,din1_WIDTH=2,din2_WIDTH=10,dout_WIDTH=11) has a timescale but at least one module in design doesn't have timescale.
WARNING: [XSIM 43-4100] "/home/changhong/prj/finn/notebooks/EF-US-Engine-Free-Unstructured-Sparsity-Design-Alleviates-Accelerator-Bottlenecks/casestudy1/LeNet_MNIST_BNN/build/auto/home/changhong/prj/finn/notebooks/EF-US-Engine-Free-Unstructured-Sparsity-Design-Alleviates-Accelerator-Bottlenecks/casestudy1/LeNet_MNIST_BNN/tmp/auto/vivado_stitch_proj_b2b_bym1/finn_vivado_stitch_proj.gen/sources_1/bd/finn_design/ipshared/8dae/hdl/verilog/MVAU_hls_0_mac_muladd_8s_2s_10s_11_4_1.v" Line 8. Module MVAU_hls_0_mac_muladd_8s_2s_10s_11_4_1_DSP48_0 has a timescale but at least one module in design doesn't have timescale.
WARNING: [XSIM 43-4100] "/home/changhong/prj/finn/notebooks/EF-US-Engine-Free-Unstructured-Sparsity-Design-Alleviates-Accelerator-Bottlenecks/casestudy1/LeNet_MNIST_BNN/build/auto/home/changhong/prj/finn/notebooks/EF-US-Engine-Free-Unstructured-Sparsity-Design-Alleviates-Accelerator-Bottlenecks/casestudy1/LeNet_MNIST_BNN/tmp/auto/vivado_stitch_proj_b2b_bym1/finn_vivado_stitch_proj.gen/sources_1/bd/finn_design/ipshared/8dae/hdl/verilog/MVAU_hls_0_mac_muladd_8s_2s_10s_11_4_1.v" Line 47. Module MVAU_hls_0_mac_muladd_8s_2s_10s_11_4_1(ID=1,NUM_STAGE=4,din0_WIDTH=8,din1_WIDTH=2,din2_WIDTH=10,dout_WIDTH=11) has a timescale but at least one module in design doesn't have timescale.
WARNING: [XSIM 43-4100] "/home/changhong/prj/finn/notebooks/EF-US-Engine-Free-Unstructured-Sparsity-Design-Alleviates-Accelerator-Bottlenecks/casestudy1/LeNet_MNIST_BNN/build/auto/home/changhong/prj/finn/notebooks/EF-US-Engine-Free-Unstructured-Sparsity-Design-Alleviates-Accelerator-Bottlenecks/casestudy1/LeNet_MNIST_BNN/tmp/auto/vivado_stitch_proj_b2b_bym1/finn_vivado_stitch_proj.gen/sources_1/bd/finn_design/ipshared/8dae/hdl/verilog/MVAU_hls_0_mac_muladd_8s_2s_10s_11_4_1.v" Line 8. Module MVAU_hls_0_mac_muladd_8s_2s_10s_11_4_1_DSP48_0 has a timescale but at least one module in design doesn't have timescale.
WARNING: [XSIM 43-4100] "/home/changhong/prj/finn/notebooks/EF-US-Engine-Free-Unstructured-Sparsity-Design-Alleviates-Accelerator-Bottlenecks/casestudy1/LeNet_MNIST_BNN/build/auto/home/changhong/prj/finn/notebooks/EF-US-Engine-Free-Unstructured-Sparsity-Design-Alleviates-Accelerator-Bottlenecks/casestudy1/LeNet_MNIST_BNN/tmp/auto/vivado_stitch_proj_b2b_bym1/finn_vivado_stitch_proj.gen/sources_1/bd/finn_design/ipshared/8dae/hdl/verilog/MVAU_hls_0_mac_muladd_8s_2s_10s_11_4_1.v" Line 47. Module MVAU_hls_0_mac_muladd_8s_2s_10s_11_4_1(ID=1,NUM_STAGE=4,din0_WIDTH=8,din1_WIDTH=2,din2_WIDTH=10,dout_WIDTH=11) has a timescale but at least one module in design doesn't have timescale.
WARNING: [XSIM 43-4100] "/home/changhong/prj/finn/notebooks/EF-US-Engine-Free-Unstructured-Sparsity-Design-Alleviates-Accelerator-Bottlenecks/casestudy1/LeNet_MNIST_BNN/build/auto/home/changhong/prj/finn/notebooks/EF-US-Engine-Free-Unstructured-Sparsity-Design-Alleviates-Accelerator-Bottlenecks/casestudy1/LeNet_MNIST_BNN/tmp/auto/vivado_stitch_proj_b2b_bym1/finn_vivado_stitch_proj.gen/sources_1/bd/finn_design/ipshared/8dae/hdl/verilog/MVAU_hls_0_mac_muladd_8s_2s_10s_11_4_1.v" Line 8. Module MVAU_hls_0_mac_muladd_8s_2s_10s_11_4_1_DSP48_0 has a timescale but at least one module in design doesn't have timescale.
WARNING: [XSIM 43-4100] "/home/changhong/prj/finn/notebooks/EF-US-Engine-Free-Unstructured-Sparsity-Design-Alleviates-Accelerator-Bottlenecks/casestudy1/LeNet_MNIST_BNN/build/auto/home/changhong/prj/finn/notebooks/EF-US-Engine-Free-Unstructured-Sparsity-Design-Alleviates-Accelerator-Bottlenecks/casestudy1/LeNet_MNIST_BNN/tmp/auto/vivado_stitch_proj_b2b_bym1/finn_vivado_stitch_proj.gen/sources_1/bd/finn_design/ipshared/8dae/hdl/verilog/MVAU_hls_0_mac_muladd_8s_2s_10s_11_4_1.v" Line 47. Module MVAU_hls_0_mac_muladd_8s_2s_10s_11_4_1(ID=1,NUM_STAGE=4,din0_WIDTH=8,din1_WIDTH=2,din2_WIDTH=10,dout_WIDTH=11) has a timescale but at least one module in design doesn't have timescale.
WARNING: [XSIM 43-4100] "/home/changhong/prj/finn/notebooks/EF-US-Engine-Free-Unstructured-Sparsity-Design-Alleviates-Accelerator-Bottlenecks/casestudy1/LeNet_MNIST_BNN/build/auto/home/changhong/prj/finn/notebooks/EF-US-Engine-Free-Unstructured-Sparsity-Design-Alleviates-Accelerator-Bottlenecks/casestudy1/LeNet_MNIST_BNN/tmp/auto/vivado_stitch_proj_b2b_bym1/finn_vivado_stitch_proj.gen/sources_1/bd/finn_design/ipshared/8dae/hdl/verilog/MVAU_hls_0_mac_muladd_8s_2s_10s_11_4_1.v" Line 8. Module MVAU_hls_0_mac_muladd_8s_2s_10s_11_4_1_DSP48_0 has a timescale but at least one module in design doesn't have timescale.
WARNING: [XSIM 43-4100] "/home/changhong/prj/finn/notebooks/EF-US-Engine-Free-Unstructured-Sparsity-Design-Alleviates-Accelerator-Bottlenecks/casestudy1/LeNet_MNIST_BNN/build/auto/home/changhong/prj/finn/notebooks/EF-US-Engine-Free-Unstructured-Sparsity-Design-Alleviates-Accelerator-Bottlenecks/casestudy1/LeNet_MNIST_BNN/tmp/auto/vivado_stitch_proj_b2b_bym1/finn_vivado_stitch_proj.gen/sources_1/bd/finn_design/ipshared/8dae/hdl/verilog/MVAU_hls_0_mac_muladd_8s_2s_10s_11_4_1.v" Line 47. Module MVAU_hls_0_mac_muladd_8s_2s_10s_11_4_1(ID=1,NUM_STAGE=4,din0_WIDTH=8,din1_WIDTH=2,din2_WIDTH=10,dout_WIDTH=11) has a timescale but at least one module in design doesn't have timescale.
WARNING: [XSIM 43-4100] "/home/changhong/prj/finn/notebooks/EF-US-Engine-Free-Unstructured-Sparsity-Design-Alleviates-Accelerator-Bottlenecks/casestudy1/LeNet_MNIST_BNN/build/auto/home/changhong/prj/finn/notebooks/EF-US-Engine-Free-Unstructured-Sparsity-Design-Alleviates-Accelerator-Bottlenecks/casestudy1/LeNet_MNIST_BNN/tmp/auto/vivado_stitch_proj_b2b_bym1/finn_vivado_stitch_proj.gen/sources_1/bd/finn_design/ipshared/8dae/hdl/verilog/MVAU_hls_0_mac_muladd_8s_2s_10s_11_4_1.v" Line 8. Module MVAU_hls_0_mac_muladd_8s_2s_10s_11_4_1_DSP48_0 has a timescale but at least one module in design doesn't have timescale.
WARNING: [XSIM 43-4100] "/home/changhong/prj/finn/notebooks/EF-US-Engine-Free-Unstructured-Sparsity-Design-Alleviates-Accelerator-Bottlenecks/casestudy1/LeNet_MNIST_BNN/build/auto/home/changhong/prj/finn/notebooks/EF-US-Engine-Free-Unstructured-Sparsity-Design-Alleviates-Accelerator-Bottlenecks/casestudy1/LeNet_MNIST_BNN/tmp/auto/vivado_stitch_proj_b2b_bym1/finn_vivado_stitch_proj.gen/sources_1/bd/finn_design/ipshared/8dae/hdl/verilog/MVAU_hls_0_mac_muladd_8s_2s_10s_11_4_1.v" Line 47. Module MVAU_hls_0_mac_muladd_8s_2s_10s_11_4_1(ID=1,NUM_STAGE=4,din0_WIDTH=8,din1_WIDTH=2,din2_WIDTH=10,dout_WIDTH=11) has a timescale but at least one module in design doesn't have timescale.
WARNING: [XSIM 43-4100] "/home/changhong/prj/finn/notebooks/EF-US-Engine-Free-Unstructured-Sparsity-Design-Alleviates-Accelerator-Bottlenecks/casestudy1/LeNet_MNIST_BNN/build/auto/home/changhong/prj/finn/notebooks/EF-US-Engine-Free-Unstructured-Sparsity-Design-Alleviates-Accelerator-Bottlenecks/casestudy1/LeNet_MNIST_BNN/tmp/auto/vivado_stitch_proj_b2b_bym1/finn_vivado_stitch_proj.gen/sources_1/bd/finn_design/ipshared/8dae/hdl/verilog/MVAU_hls_0_mac_muladd_8s_2s_10s_11_4_1.v" Line 8. Module MVAU_hls_0_mac_muladd_8s_2s_10s_11_4_1_DSP48_0 has a timescale but at least one module in design doesn't have timescale.
WARNING: [XSIM 43-4100] "/home/changhong/prj/finn/notebooks/EF-US-Engine-Free-Unstructured-Sparsity-Design-Alleviates-Accelerator-Bottlenecks/casestudy1/LeNet_MNIST_BNN/build/auto/home/changhong/prj/finn/notebooks/EF-US-Engine-Free-Unstructured-Sparsity-Design-Alleviates-Accelerator-Bottlenecks/casestudy1/LeNet_MNIST_BNN/tmp/auto/vivado_stitch_proj_b2b_bym1/finn_vivado_stitch_proj.gen/sources_1/bd/finn_design/ipshared/8dae/hdl/verilog/MVAU_hls_0_mac_muladd_8s_2s_10s_11_4_1.v" Line 47. Module MVAU_hls_0_mac_muladd_8s_2s_10s_11_4_1(ID=1,NUM_STAGE=4,din0_WIDTH=8,din1_WIDTH=2,din2_WIDTH=10,dout_WIDTH=11) has a timescale but at least one module in design doesn't have timescale.
WARNING: [XSIM 43-4100] "/home/changhong/prj/finn/notebooks/EF-US-Engine-Free-Unstructured-Sparsity-Design-Alleviates-Accelerator-Bottlenecks/casestudy1/LeNet_MNIST_BNN/build/auto/home/changhong/prj/finn/notebooks/EF-US-Engine-Free-Unstructured-Sparsity-Design-Alleviates-Accelerator-Bottlenecks/casestudy1/LeNet_MNIST_BNN/tmp/auto/vivado_stitch_proj_b2b_bym1/finn_vivado_stitch_proj.gen/sources_1/bd/finn_design/ipshared/8dae/hdl/verilog/MVAU_hls_0_mac_muladd_8s_2s_10s_11_4_1.v" Line 8. Module MVAU_hls_0_mac_muladd_8s_2s_10s_11_4_1_DSP48_0 has a timescale but at least one module in design doesn't have timescale.
WARNING: [XSIM 43-4100] "/home/changhong/prj/finn/notebooks/EF-US-Engine-Free-Unstructured-Sparsity-Design-Alleviates-Accelerator-Bottlenecks/casestudy1/LeNet_MNIST_BNN/build/auto/home/changhong/prj/finn/notebooks/EF-US-Engine-Free-Unstructured-Sparsity-Design-Alleviates-Accelerator-Bottlenecks/casestudy1/LeNet_MNIST_BNN/tmp/auto/vivado_stitch_proj_b2b_bym1/finn_vivado_stitch_proj.gen/sources_1/bd/finn_design/ipshared/8dae/hdl/verilog/MVAU_hls_0_mac_muladd_8s_2s_10s_11_4_1.v" Line 47. Module MVAU_hls_0_mac_muladd_8s_2s_10s_11_4_1(ID=1,NUM_STAGE=4,din0_WIDTH=8,din1_WIDTH=2,din2_WIDTH=10,dout_WIDTH=11) has a timescale but at least one module in design doesn't have timescale.
WARNING: [XSIM 43-4100] "/home/changhong/prj/finn/notebooks/EF-US-Engine-Free-Unstructured-Sparsity-Design-Alleviates-Accelerator-Bottlenecks/casestudy1/LeNet_MNIST_BNN/build/auto/home/changhong/prj/finn/notebooks/EF-US-Engine-Free-Unstructured-Sparsity-Design-Alleviates-Accelerator-Bottlenecks/casestudy1/LeNet_MNIST_BNN/tmp/auto/vivado_stitch_proj_b2b_bym1/finn_vivado_stitch_proj.gen/sources_1/bd/finn_design/ipshared/8dae/hdl/verilog/MVAU_hls_0_mac_muladd_8s_2s_10s_11_4_1.v" Line 8. Module MVAU_hls_0_mac_muladd_8s_2s_10s_11_4_1_DSP48_0 has a timescale but at least one module in design doesn't have timescale.
WARNING: [XSIM 43-4100] "/home/changhong/prj/finn/notebooks/EF-US-Engine-Free-Unstructured-Sparsity-Design-Alleviates-Accelerator-Bottlenecks/casestudy1/LeNet_MNIST_BNN/build/auto/home/changhong/prj/finn/notebooks/EF-US-Engine-Free-Unstructured-Sparsity-Design-Alleviates-Accelerator-Bottlenecks/casestudy1/LeNet_MNIST_BNN/tmp/auto/vivado_stitch_proj_b2b_bym1/finn_vivado_stitch_proj.gen/sources_1/bd/finn_design/ipshared/8dae/hdl/verilog/MVAU_hls_0_mac_muladd_8s_2s_10s_11_4_1.v" Line 47. Module MVAU_hls_0_mac_muladd_8s_2s_10s_11_4_1(ID=1,NUM_STAGE=4,din0_WIDTH=8,din1_WIDTH=2,din2_WIDTH=10,dout_WIDTH=11) has a timescale but at least one module in design doesn't have timescale.
WARNING: [XSIM 43-4100] "/home/changhong/prj/finn/notebooks/EF-US-Engine-Free-Unstructured-Sparsity-Design-Alleviates-Accelerator-Bottlenecks/casestudy1/LeNet_MNIST_BNN/build/auto/home/changhong/prj/finn/notebooks/EF-US-Engine-Free-Unstructured-Sparsity-Design-Alleviates-Accelerator-Bottlenecks/casestudy1/LeNet_MNIST_BNN/tmp/auto/vivado_stitch_proj_b2b_bym1/finn_vivado_stitch_proj.gen/sources_1/bd/finn_design/ipshared/8dae/hdl/verilog/MVAU_hls_0_mac_muladd_8s_2s_10s_11_4_1.v" Line 8. Module MVAU_hls_0_mac_muladd_8s_2s_10s_11_4_1_DSP48_0 has a timescale but at least one module in design doesn't have timescale.
WARNING: [XSIM 43-4100] "/home/changhong/prj/finn/notebooks/EF-US-Engine-Free-Unstructured-Sparsity-Design-Alleviates-Accelerator-Bottlenecks/casestudy1/LeNet_MNIST_BNN/build/auto/home/changhong/prj/finn/notebooks/EF-US-Engine-Free-Unstructured-Sparsity-Design-Alleviates-Accelerator-Bottlenecks/casestudy1/LeNet_MNIST_BNN/tmp/auto/vivado_stitch_proj_b2b_bym1/finn_vivado_stitch_proj.gen/sources_1/bd/finn_design/ipshared/8dae/hdl/verilog/MVAU_hls_0_mac_muladd_8s_2s_10s_11_4_1.v" Line 47. Module MVAU_hls_0_mac_muladd_8s_2s_10s_11_4_1(ID=1,NUM_STAGE=4,din0_WIDTH=8,din1_WIDTH=2,din2_WIDTH=10,dout_WIDTH=11) has a timescale but at least one module in design doesn't have timescale.
WARNING: [XSIM 43-4100] "/home/changhong/prj/finn/notebooks/EF-US-Engine-Free-Unstructured-Sparsity-Design-Alleviates-Accelerator-Bottlenecks/casestudy1/LeNet_MNIST_BNN/build/auto/home/changhong/prj/finn/notebooks/EF-US-Engine-Free-Unstructured-Sparsity-Design-Alleviates-Accelerator-Bottlenecks/casestudy1/LeNet_MNIST_BNN/tmp/auto/vivado_stitch_proj_b2b_bym1/finn_vivado_stitch_proj.gen/sources_1/bd/finn_design/ipshared/8dae/hdl/verilog/MVAU_hls_0_mac_muladd_8s_2s_10s_11_4_1.v" Line 8. Module MVAU_hls_0_mac_muladd_8s_2s_10s_11_4_1_DSP48_0 has a timescale but at least one module in design doesn't have timescale.
WARNING: [XSIM 43-4100] "/home/changhong/prj/finn/notebooks/EF-US-Engine-Free-Unstructured-Sparsity-Design-Alleviates-Accelerator-Bottlenecks/casestudy1/LeNet_MNIST_BNN/build/auto/home/changhong/prj/finn/notebooks/EF-US-Engine-Free-Unstructured-Sparsity-Design-Alleviates-Accelerator-Bottlenecks/casestudy1/LeNet_MNIST_BNN/tmp/auto/vivado_stitch_proj_b2b_bym1/finn_vivado_stitch_proj.gen/sources_1/bd/finn_design/ipshared/8dae/hdl/verilog/MVAU_hls_0_mac_muladd_8s_2s_10s_11_4_1.v" Line 47. Module MVAU_hls_0_mac_muladd_8s_2s_10s_11_4_1(ID=1,NUM_STAGE=4,din0_WIDTH=8,din1_WIDTH=2,din2_WIDTH=10,dout_WIDTH=11) has a timescale but at least one module in design doesn't have timescale.
WARNING: [XSIM 43-4100] "/home/changhong/prj/finn/notebooks/EF-US-Engine-Free-Unstructured-Sparsity-Design-Alleviates-Accelerator-Bottlenecks/casestudy1/LeNet_MNIST_BNN/build/auto/home/changhong/prj/finn/notebooks/EF-US-Engine-Free-Unstructured-Sparsity-Design-Alleviates-Accelerator-Bottlenecks/casestudy1/LeNet_MNIST_BNN/tmp/auto/vivado_stitch_proj_b2b_bym1/finn_vivado_stitch_proj.gen/sources_1/bd/finn_design/ipshared/8dae/hdl/verilog/MVAU_hls_0_mac_muladd_8s_2s_10s_11_4_1.v" Line 8. Module MVAU_hls_0_mac_muladd_8s_2s_10s_11_4_1_DSP48_0 has a timescale but at least one module in design doesn't have timescale.
WARNING: [XSIM 43-4100] "/home/changhong/prj/finn/notebooks/EF-US-Engine-Free-Unstructured-Sparsity-Design-Alleviates-Accelerator-Bottlenecks/casestudy1/LeNet_MNIST_BNN/build/auto/home/changhong/prj/finn/notebooks/EF-US-Engine-Free-Unstructured-Sparsity-Design-Alleviates-Accelerator-Bottlenecks/casestudy1/LeNet_MNIST_BNN/tmp/auto/vivado_stitch_proj_b2b_bym1/finn_vivado_stitch_proj.gen/sources_1/bd/finn_design/ipshared/8dae/hdl/verilog/MVAU_hls_0_mac_muladd_8s_2s_10s_11_4_1.v" Line 47. Module MVAU_hls_0_mac_muladd_8s_2s_10s_11_4_1(ID=1,NUM_STAGE=4,din0_WIDTH=8,din1_WIDTH=2,din2_WIDTH=10,dout_WIDTH=11) has a timescale but at least one module in design doesn't have timescale.
WARNING: [XSIM 43-4100] "/home/changhong/prj/finn/notebooks/EF-US-Engine-Free-Unstructured-Sparsity-Design-Alleviates-Accelerator-Bottlenecks/casestudy1/LeNet_MNIST_BNN/build/auto/home/changhong/prj/finn/notebooks/EF-US-Engine-Free-Unstructured-Sparsity-Design-Alleviates-Accelerator-Bottlenecks/casestudy1/LeNet_MNIST_BNN/tmp/auto/vivado_stitch_proj_b2b_bym1/finn_vivado_stitch_proj.gen/sources_1/bd/finn_design/ipshared/8dae/hdl/verilog/MVAU_hls_0_mac_muladd_8s_2s_10s_11_4_1.v" Line 8. Module MVAU_hls_0_mac_muladd_8s_2s_10s_11_4_1_DSP48_0 has a timescale but at least one module in design doesn't have timescale.
WARNING: [XSIM 43-4100] "/home/changhong/prj/finn/notebooks/EF-US-Engine-Free-Unstructured-Sparsity-Design-Alleviates-Accelerator-Bottlenecks/casestudy1/LeNet_MNIST_BNN/build/auto/home/changhong/prj/finn/notebooks/EF-US-Engine-Free-Unstructured-Sparsity-Design-Alleviates-Accelerator-Bottlenecks/casestudy1/LeNet_MNIST_BNN/tmp/auto/vivado_stitch_proj_b2b_bym1/finn_vivado_stitch_proj.gen/sources_1/bd/finn_design/ipshared/8dae/hdl/verilog/MVAU_hls_0_mac_muladd_8s_2s_10s_11_4_1.v" Line 47. Module MVAU_hls_0_mac_muladd_8s_2s_10s_11_4_1(ID=1,NUM_STAGE=4,din0_WIDTH=8,din1_WIDTH=2,din2_WIDTH=10,dout_WIDTH=11) has a timescale but at least one module in design doesn't have timescale.
WARNING: [XSIM 43-4100] "/home/changhong/prj/finn/notebooks/EF-US-Engine-Free-Unstructured-Sparsity-Design-Alleviates-Accelerator-Bottlenecks/casestudy1/LeNet_MNIST_BNN/build/auto/home/changhong/prj/finn/notebooks/EF-US-Engine-Free-Unstructured-Sparsity-Design-Alleviates-Accelerator-Bottlenecks/casestudy1/LeNet_MNIST_BNN/tmp/auto/vivado_stitch_proj_b2b_bym1/finn_vivado_stitch_proj.gen/sources_1/bd/finn_design/ipshared/8dae/hdl/verilog/MVAU_hls_0_mac_muladd_8s_2s_10s_11_4_1.v" Line 8. Module MVAU_hls_0_mac_muladd_8s_2s_10s_11_4_1_DSP48_0 has a timescale but at least one module in design doesn't have timescale.
WARNING: [XSIM 43-4100] "/home/changhong/prj/finn/notebooks/EF-US-Engine-Free-Unstructured-Sparsity-Design-Alleviates-Accelerator-Bottlenecks/casestudy1/LeNet_MNIST_BNN/build/auto/home/changhong/prj/finn/notebooks/EF-US-Engine-Free-Unstructured-Sparsity-Design-Alleviates-Accelerator-Bottlenecks/casestudy1/LeNet_MNIST_BNN/tmp/auto/vivado_stitch_proj_b2b_bym1/finn_vivado_stitch_proj.gen/sources_1/bd/finn_design/ipshared/8dae/hdl/verilog/MVAU_hls_0_mac_muladd_8s_2s_10s_11_4_1.v" Line 47. Module MVAU_hls_0_mac_muladd_8s_2s_10s_11_4_1(ID=1,NUM_STAGE=4,din0_WIDTH=8,din1_WIDTH=2,din2_WIDTH=10,dout_WIDTH=11) has a timescale but at least one module in design doesn't have timescale.
WARNING: [XSIM 43-4100] "/home/changhong/prj/finn/notebooks/EF-US-Engine-Free-Unstructured-Sparsity-Design-Alleviates-Accelerator-Bottlenecks/casestudy1/LeNet_MNIST_BNN/build/auto/home/changhong/prj/finn/notebooks/EF-US-Engine-Free-Unstructured-Sparsity-Design-Alleviates-Accelerator-Bottlenecks/casestudy1/LeNet_MNIST_BNN/tmp/auto/vivado_stitch_proj_b2b_bym1/finn_vivado_stitch_proj.gen/sources_1/bd/finn_design/ipshared/8dae/hdl/verilog/MVAU_hls_0_mac_muladd_8s_2s_10s_11_4_1.v" Line 8. Module MVAU_hls_0_mac_muladd_8s_2s_10s_11_4_1_DSP48_0 has a timescale but at least one module in design doesn't have timescale.
WARNING: [XSIM 43-4100] "/home/changhong/prj/finn/notebooks/EF-US-Engine-Free-Unstructured-Sparsity-Design-Alleviates-Accelerator-Bottlenecks/casestudy1/LeNet_MNIST_BNN/build/auto/home/changhong/prj/finn/notebooks/EF-US-Engine-Free-Unstructured-Sparsity-Design-Alleviates-Accelerator-Bottlenecks/casestudy1/LeNet_MNIST_BNN/tmp/auto/vivado_stitch_proj_b2b_bym1/finn_vivado_stitch_proj.gen/sources_1/bd/finn_design/ipshared/8dae/hdl/verilog/MVAU_hls_0_mac_muladd_8s_2s_10s_11_4_1.v" Line 47. Module MVAU_hls_0_mac_muladd_8s_2s_10s_11_4_1(ID=1,NUM_STAGE=4,din0_WIDTH=8,din1_WIDTH=2,din2_WIDTH=10,dout_WIDTH=11) has a timescale but at least one module in design doesn't have timescale.
WARNING: [XSIM 43-4100] "/home/changhong/prj/finn/notebooks/EF-US-Engine-Free-Unstructured-Sparsity-Design-Alleviates-Accelerator-Bottlenecks/casestudy1/LeNet_MNIST_BNN/build/auto/home/changhong/prj/finn/notebooks/EF-US-Engine-Free-Unstructured-Sparsity-Design-Alleviates-Accelerator-Bottlenecks/casestudy1/LeNet_MNIST_BNN/tmp/auto/vivado_stitch_proj_b2b_bym1/finn_vivado_stitch_proj.gen/sources_1/bd/finn_design/ipshared/8dae/hdl/verilog/MVAU_hls_0_mac_muladd_8s_2s_10s_11_4_1.v" Line 8. Module MVAU_hls_0_mac_muladd_8s_2s_10s_11_4_1_DSP48_0 has a timescale but at least one module in design doesn't have timescale.
WARNING: [XSIM 43-4100] "/home/changhong/prj/finn/notebooks/EF-US-Engine-Free-Unstructured-Sparsity-Design-Alleviates-Accelerator-Bottlenecks/casestudy1/LeNet_MNIST_BNN/build/auto/home/changhong/prj/finn/notebooks/EF-US-Engine-Free-Unstructured-Sparsity-Design-Alleviates-Accelerator-Bottlenecks/casestudy1/LeNet_MNIST_BNN/tmp/auto/vivado_stitch_proj_b2b_bym1/finn_vivado_stitch_proj.gen/sources_1/bd/finn_design/ipshared/8dae/hdl/verilog/MVAU_hls_0_mac_muladd_8s_2s_10s_11_4_1.v" Line 47. Module MVAU_hls_0_mac_muladd_8s_2s_10s_11_4_1(ID=1,NUM_STAGE=4,din0_WIDTH=8,din1_WIDTH=2,din2_WIDTH=10,dout_WIDTH=11) has a timescale but at least one module in design doesn't have timescale.
WARNING: [XSIM 43-4100] "/home/changhong/prj/finn/notebooks/EF-US-Engine-Free-Unstructured-Sparsity-Design-Alleviates-Accelerator-Bottlenecks/casestudy1/LeNet_MNIST_BNN/build/auto/home/changhong/prj/finn/notebooks/EF-US-Engine-Free-Unstructured-Sparsity-Design-Alleviates-Accelerator-Bottlenecks/casestudy1/LeNet_MNIST_BNN/tmp/auto/vivado_stitch_proj_b2b_bym1/finn_vivado_stitch_proj.gen/sources_1/bd/finn_design/ipshared/8dae/hdl/verilog/MVAU_hls_0_mac_muladd_8s_2s_10s_11_4_1.v" Line 8. Module MVAU_hls_0_mac_muladd_8s_2s_10s_11_4_1_DSP48_0 has a timescale but at least one module in design doesn't have timescale.
WARNING: [XSIM 43-4100] "/home/changhong/prj/finn/notebooks/EF-US-Engine-Free-Unstructured-Sparsity-Design-Alleviates-Accelerator-Bottlenecks/casestudy1/LeNet_MNIST_BNN/build/auto/home/changhong/prj/finn/notebooks/EF-US-Engine-Free-Unstructured-Sparsity-Design-Alleviates-Accelerator-Bottlenecks/casestudy1/LeNet_MNIST_BNN/tmp/auto/vivado_stitch_proj_b2b_bym1/finn_vivado_stitch_proj.gen/sources_1/bd/finn_design/ipshared/8dae/hdl/verilog/MVAU_hls_0_mac_muladd_8s_2s_10s_11_4_1.v" Line 47. Module MVAU_hls_0_mac_muladd_8s_2s_10s_11_4_1(ID=1,NUM_STAGE=4,din0_WIDTH=8,din1_WIDTH=2,din2_WIDTH=10,dout_WIDTH=11) has a timescale but at least one module in design doesn't have timescale.
WARNING: [XSIM 43-4100] "/home/changhong/prj/finn/notebooks/EF-US-Engine-Free-Unstructured-Sparsity-Design-Alleviates-Accelerator-Bottlenecks/casestudy1/LeNet_MNIST_BNN/build/auto/home/changhong/prj/finn/notebooks/EF-US-Engine-Free-Unstructured-Sparsity-Design-Alleviates-Accelerator-Bottlenecks/casestudy1/LeNet_MNIST_BNN/tmp/auto/vivado_stitch_proj_b2b_bym1/finn_vivado_stitch_proj.gen/sources_1/bd/finn_design/ipshared/8dae/hdl/verilog/MVAU_hls_0_mac_muladd_8s_2s_10s_11_4_1.v" Line 8. Module MVAU_hls_0_mac_muladd_8s_2s_10s_11_4_1_DSP48_0 has a timescale but at least one module in design doesn't have timescale.
WARNING: [XSIM 43-4100] "/home/changhong/prj/finn/notebooks/EF-US-Engine-Free-Unstructured-Sparsity-Design-Alleviates-Accelerator-Bottlenecks/casestudy1/LeNet_MNIST_BNN/build/auto/home/changhong/prj/finn/notebooks/EF-US-Engine-Free-Unstructured-Sparsity-Design-Alleviates-Accelerator-Bottlenecks/casestudy1/LeNet_MNIST_BNN/tmp/auto/vivado_stitch_proj_b2b_bym1/finn_vivado_stitch_proj.gen/sources_1/bd/finn_design/ipshared/8dae/hdl/verilog/MVAU_hls_0_mac_muladd_8s_2s_10s_11_4_1.v" Line 47. Module MVAU_hls_0_mac_muladd_8s_2s_10s_11_4_1(ID=1,NUM_STAGE=4,din0_WIDTH=8,din1_WIDTH=2,din2_WIDTH=10,dout_WIDTH=11) has a timescale but at least one module in design doesn't have timescale.
WARNING: [XSIM 43-4100] "/home/changhong/prj/finn/notebooks/EF-US-Engine-Free-Unstructured-Sparsity-Design-Alleviates-Accelerator-Bottlenecks/casestudy1/LeNet_MNIST_BNN/build/auto/home/changhong/prj/finn/notebooks/EF-US-Engine-Free-Unstructured-Sparsity-Design-Alleviates-Accelerator-Bottlenecks/casestudy1/LeNet_MNIST_BNN/tmp/auto/vivado_stitch_proj_b2b_bym1/finn_vivado_stitch_proj.gen/sources_1/bd/finn_design/ipshared/8dae/hdl/verilog/MVAU_hls_0_mac_muladd_8s_2s_10s_11_4_1.v" Line 8. Module MVAU_hls_0_mac_muladd_8s_2s_10s_11_4_1_DSP48_0 has a timescale but at least one module in design doesn't have timescale.
WARNING: [XSIM 43-4100] "/home/changhong/prj/finn/notebooks/EF-US-Engine-Free-Unstructured-Sparsity-Design-Alleviates-Accelerator-Bottlenecks/casestudy1/LeNet_MNIST_BNN/build/auto/home/changhong/prj/finn/notebooks/EF-US-Engine-Free-Unstructured-Sparsity-Design-Alleviates-Accelerator-Bottlenecks/casestudy1/LeNet_MNIST_BNN/tmp/auto/vivado_stitch_proj_b2b_bym1/finn_vivado_stitch_proj.gen/sources_1/bd/finn_design/ipshared/8dae/hdl/verilog/MVAU_hls_0_mac_muladd_8s_2s_10s_11_4_1.v" Line 47. Module MVAU_hls_0_mac_muladd_8s_2s_10s_11_4_1(ID=1,NUM_STAGE=4,din0_WIDTH=8,din1_WIDTH=2,din2_WIDTH=10,dout_WIDTH=11) has a timescale but at least one module in design doesn't have timescale.
WARNING: [XSIM 43-4100] "/home/changhong/prj/finn/notebooks/EF-US-Engine-Free-Unstructured-Sparsity-Design-Alleviates-Accelerator-Bottlenecks/casestudy1/LeNet_MNIST_BNN/build/auto/home/changhong/prj/finn/notebooks/EF-US-Engine-Free-Unstructured-Sparsity-Design-Alleviates-Accelerator-Bottlenecks/casestudy1/LeNet_MNIST_BNN/tmp/auto/vivado_stitch_proj_b2b_bym1/finn_vivado_stitch_proj.gen/sources_1/bd/finn_design/ipshared/8dae/hdl/verilog/MVAU_hls_0_mac_muladd_8s_2s_10s_11_4_1.v" Line 8. Module MVAU_hls_0_mac_muladd_8s_2s_10s_11_4_1_DSP48_0 has a timescale but at least one module in design doesn't have timescale.
WARNING: [XSIM 43-4100] "/home/changhong/prj/finn/notebooks/EF-US-Engine-Free-Unstructured-Sparsity-Design-Alleviates-Accelerator-Bottlenecks/casestudy1/LeNet_MNIST_BNN/build/auto/home/changhong/prj/finn/notebooks/EF-US-Engine-Free-Unstructured-Sparsity-Design-Alleviates-Accelerator-Bottlenecks/casestudy1/LeNet_MNIST_BNN/tmp/auto/vivado_stitch_proj_b2b_bym1/finn_vivado_stitch_proj.gen/sources_1/bd/finn_design/ipshared/8dae/hdl/verilog/MVAU_hls_0_mac_muladd_8s_2s_10s_11_4_1.v" Line 47. Module MVAU_hls_0_mac_muladd_8s_2s_10s_11_4_1(ID=1,NUM_STAGE=4,din0_WIDTH=8,din1_WIDTH=2,din2_WIDTH=10,dout_WIDTH=11) has a timescale but at least one module in design doesn't have timescale.
WARNING: [XSIM 43-4100] "/home/changhong/prj/finn/notebooks/EF-US-Engine-Free-Unstructured-Sparsity-Design-Alleviates-Accelerator-Bottlenecks/casestudy1/LeNet_MNIST_BNN/build/auto/home/changhong/prj/finn/notebooks/EF-US-Engine-Free-Unstructured-Sparsity-Design-Alleviates-Accelerator-Bottlenecks/casestudy1/LeNet_MNIST_BNN/tmp/auto/vivado_stitch_proj_b2b_bym1/finn_vivado_stitch_proj.gen/sources_1/bd/finn_design/ipshared/8dae/hdl/verilog/MVAU_hls_0_mac_muladd_8s_2s_10s_11_4_1.v" Line 8. Module MVAU_hls_0_mac_muladd_8s_2s_10s_11_4_1_DSP48_0 has a timescale but at least one module in design doesn't have timescale.
WARNING: [XSIM 43-4100] "/home/changhong/prj/finn/notebooks/EF-US-Engine-Free-Unstructured-Sparsity-Design-Alleviates-Accelerator-Bottlenecks/casestudy1/LeNet_MNIST_BNN/build/auto/home/changhong/prj/finn/notebooks/EF-US-Engine-Free-Unstructured-Sparsity-Design-Alleviates-Accelerator-Bottlenecks/casestudy1/LeNet_MNIST_BNN/tmp/auto/vivado_stitch_proj_b2b_bym1/finn_vivado_stitch_proj.gen/sources_1/bd/finn_design/ipshared/8dae/hdl/verilog/MVAU_hls_0_mac_muladd_8s_2s_10s_11_4_1.v" Line 47. Module MVAU_hls_0_mac_muladd_8s_2s_10s_11_4_1(ID=1,NUM_STAGE=4,din0_WIDTH=8,din1_WIDTH=2,din2_WIDTH=10,dout_WIDTH=11) has a timescale but at least one module in design doesn't have timescale.
WARNING: [XSIM 43-4100] "/home/changhong/prj/finn/notebooks/EF-US-Engine-Free-Unstructured-Sparsity-Design-Alleviates-Accelerator-Bottlenecks/casestudy1/LeNet_MNIST_BNN/build/auto/home/changhong/prj/finn/notebooks/EF-US-Engine-Free-Unstructured-Sparsity-Design-Alleviates-Accelerator-Bottlenecks/casestudy1/LeNet_MNIST_BNN/tmp/auto/vivado_stitch_proj_b2b_bym1/finn_vivado_stitch_proj.gen/sources_1/bd/finn_design/ipshared/8dae/hdl/verilog/MVAU_hls_0_mac_muladd_8s_2s_10s_11_4_1.v" Line 8. Module MVAU_hls_0_mac_muladd_8s_2s_10s_11_4_1_DSP48_0 has a timescale but at least one module in design doesn't have timescale.
WARNING: [XSIM 43-4100] "/home/changhong/prj/finn/notebooks/EF-US-Engine-Free-Unstructured-Sparsity-Design-Alleviates-Accelerator-Bottlenecks/casestudy1/LeNet_MNIST_BNN/build/auto/home/changhong/prj/finn/notebooks/EF-US-Engine-Free-Unstructured-Sparsity-Design-Alleviates-Accelerator-Bottlenecks/casestudy1/LeNet_MNIST_BNN/tmp/auto/vivado_stitch_proj_b2b_bym1/finn_vivado_stitch_proj.gen/sources_1/bd/finn_design/ipshared/8dae/hdl/verilog/MVAU_hls_0_mac_muladd_8s_2s_10s_11_4_1.v" Line 47. Module MVAU_hls_0_mac_muladd_8s_2s_10s_11_4_1(ID=1,NUM_STAGE=4,din0_WIDTH=8,din1_WIDTH=2,din2_WIDTH=10,dout_WIDTH=11) has a timescale but at least one module in design doesn't have timescale.
WARNING: [XSIM 43-4100] "/home/changhong/prj/finn/notebooks/EF-US-Engine-Free-Unstructured-Sparsity-Design-Alleviates-Accelerator-Bottlenecks/casestudy1/LeNet_MNIST_BNN/build/auto/home/changhong/prj/finn/notebooks/EF-US-Engine-Free-Unstructured-Sparsity-Design-Alleviates-Accelerator-Bottlenecks/casestudy1/LeNet_MNIST_BNN/tmp/auto/vivado_stitch_proj_b2b_bym1/finn_vivado_stitch_proj.gen/sources_1/bd/finn_design/ipshared/8dae/hdl/verilog/MVAU_hls_0_mac_muladd_8s_2s_10s_11_4_1.v" Line 8. Module MVAU_hls_0_mac_muladd_8s_2s_10s_11_4_1_DSP48_0 has a timescale but at least one module in design doesn't have timescale.
WARNING: [XSIM 43-4100] "/home/changhong/prj/finn/notebooks/EF-US-Engine-Free-Unstructured-Sparsity-Design-Alleviates-Accelerator-Bottlenecks/casestudy1/LeNet_MNIST_BNN/build/auto/home/changhong/prj/finn/notebooks/EF-US-Engine-Free-Unstructured-Sparsity-Design-Alleviates-Accelerator-Bottlenecks/casestudy1/LeNet_MNIST_BNN/tmp/auto/vivado_stitch_proj_b2b_bym1/finn_vivado_stitch_proj.gen/sources_1/bd/finn_design/ipshared/8dae/hdl/verilog/MVAU_hls_0_mac_muladd_8s_2s_10s_11_4_1.v" Line 47. Module MVAU_hls_0_mac_muladd_8s_2s_10s_11_4_1(ID=1,NUM_STAGE=4,din0_WIDTH=8,din1_WIDTH=2,din2_WIDTH=10,dout_WIDTH=11) has a timescale but at least one module in design doesn't have timescale.
WARNING: [XSIM 43-4100] "/home/changhong/prj/finn/notebooks/EF-US-Engine-Free-Unstructured-Sparsity-Design-Alleviates-Accelerator-Bottlenecks/casestudy1/LeNet_MNIST_BNN/build/auto/home/changhong/prj/finn/notebooks/EF-US-Engine-Free-Unstructured-Sparsity-Design-Alleviates-Accelerator-Bottlenecks/casestudy1/LeNet_MNIST_BNN/tmp/auto/vivado_stitch_proj_b2b_bym1/finn_vivado_stitch_proj.gen/sources_1/bd/finn_design/ipshared/8dae/hdl/verilog/MVAU_hls_0_mac_muladd_8s_2s_10s_11_4_1.v" Line 8. Module MVAU_hls_0_mac_muladd_8s_2s_10s_11_4_1_DSP48_0 has a timescale but at least one module in design doesn't have timescale.
WARNING: [XSIM 43-4100] "/home/changhong/prj/finn/notebooks/EF-US-Engine-Free-Unstructured-Sparsity-Design-Alleviates-Accelerator-Bottlenecks/casestudy1/LeNet_MNIST_BNN/build/auto/home/changhong/prj/finn/notebooks/EF-US-Engine-Free-Unstructured-Sparsity-Design-Alleviates-Accelerator-Bottlenecks/casestudy1/LeNet_MNIST_BNN/tmp/auto/vivado_stitch_proj_b2b_bym1/finn_vivado_stitch_proj.gen/sources_1/bd/finn_design/ipshared/8dae/hdl/verilog/MVAU_hls_0_mac_muladd_8s_2s_10s_11_4_1.v" Line 47. Module MVAU_hls_0_mac_muladd_8s_2s_10s_11_4_1(ID=1,NUM_STAGE=4,din0_WIDTH=8,din1_WIDTH=2,din2_WIDTH=10,dout_WIDTH=11) has a timescale but at least one module in design doesn't have timescale.
WARNING: [XSIM 43-4100] "/home/changhong/prj/finn/notebooks/EF-US-Engine-Free-Unstructured-Sparsity-Design-Alleviates-Accelerator-Bottlenecks/casestudy1/LeNet_MNIST_BNN/build/auto/home/changhong/prj/finn/notebooks/EF-US-Engine-Free-Unstructured-Sparsity-Design-Alleviates-Accelerator-Bottlenecks/casestudy1/LeNet_MNIST_BNN/tmp/auto/vivado_stitch_proj_b2b_bym1/finn_vivado_stitch_proj.gen/sources_1/bd/finn_design/ipshared/8dae/hdl/verilog/MVAU_hls_0_mac_muladd_8s_2s_10s_11_4_1.v" Line 8. Module MVAU_hls_0_mac_muladd_8s_2s_10s_11_4_1_DSP48_0 has a timescale but at least one module in design doesn't have timescale.
WARNING: [XSIM 43-4100] "/home/changhong/prj/finn/notebooks/EF-US-Engine-Free-Unstructured-Sparsity-Design-Alleviates-Accelerator-Bottlenecks/casestudy1/LeNet_MNIST_BNN/build/auto/home/changhong/prj/finn/notebooks/EF-US-Engine-Free-Unstructured-Sparsity-Design-Alleviates-Accelerator-Bottlenecks/casestudy1/LeNet_MNIST_BNN/tmp/auto/vivado_stitch_proj_b2b_bym1/finn_vivado_stitch_proj.gen/sources_1/bd/finn_design/ipshared/8dae/hdl/verilog/MVAU_hls_0_mac_muladd_8s_2s_10s_11_4_1.v" Line 47. Module MVAU_hls_0_mac_muladd_8s_2s_10s_11_4_1(ID=1,NUM_STAGE=4,din0_WIDTH=8,din1_WIDTH=2,din2_WIDTH=10,dout_WIDTH=11) has a timescale but at least one module in design doesn't have timescale.
WARNING: [XSIM 43-4100] "/home/changhong/prj/finn/notebooks/EF-US-Engine-Free-Unstructured-Sparsity-Design-Alleviates-Accelerator-Bottlenecks/casestudy1/LeNet_MNIST_BNN/build/auto/home/changhong/prj/finn/notebooks/EF-US-Engine-Free-Unstructured-Sparsity-Design-Alleviates-Accelerator-Bottlenecks/casestudy1/LeNet_MNIST_BNN/tmp/auto/vivado_stitch_proj_b2b_bym1/finn_vivado_stitch_proj.gen/sources_1/bd/finn_design/ipshared/8dae/hdl/verilog/MVAU_hls_0_mac_muladd_8s_2s_10s_11_4_1.v" Line 8. Module MVAU_hls_0_mac_muladd_8s_2s_10s_11_4_1_DSP48_0 has a timescale but at least one module in design doesn't have timescale.
WARNING: [XSIM 43-4100] "/home/changhong/prj/finn/notebooks/EF-US-Engine-Free-Unstructured-Sparsity-Design-Alleviates-Accelerator-Bottlenecks/casestudy1/LeNet_MNIST_BNN/build/auto/home/changhong/prj/finn/notebooks/EF-US-Engine-Free-Unstructured-Sparsity-Design-Alleviates-Accelerator-Bottlenecks/casestudy1/LeNet_MNIST_BNN/tmp/auto/vivado_stitch_proj_b2b_bym1/finn_vivado_stitch_proj.gen/sources_1/bd/finn_design/ipshared/8dae/hdl/verilog/MVAU_hls_0_mac_muladd_8s_2s_10s_11_4_1.v" Line 47. Module MVAU_hls_0_mac_muladd_8s_2s_10s_11_4_1(ID=1,NUM_STAGE=4,din0_WIDTH=8,din1_WIDTH=2,din2_WIDTH=10,dout_WIDTH=11) has a timescale but at least one module in design doesn't have timescale.
WARNING: [XSIM 43-4100] "/home/changhong/prj/finn/notebooks/EF-US-Engine-Free-Unstructured-Sparsity-Design-Alleviates-Accelerator-Bottlenecks/casestudy1/LeNet_MNIST_BNN/build/auto/home/changhong/prj/finn/notebooks/EF-US-Engine-Free-Unstructured-Sparsity-Design-Alleviates-Accelerator-Bottlenecks/casestudy1/LeNet_MNIST_BNN/tmp/auto/vivado_stitch_proj_b2b_bym1/finn_vivado_stitch_proj.gen/sources_1/bd/finn_design/ipshared/8dae/hdl/verilog/MVAU_hls_0_mac_muladd_8s_2s_10s_11_4_1.v" Line 8. Module MVAU_hls_0_mac_muladd_8s_2s_10s_11_4_1_DSP48_0 has a timescale but at least one module in design doesn't have timescale.
WARNING: [XSIM 43-4100] "/home/changhong/prj/finn/notebooks/EF-US-Engine-Free-Unstructured-Sparsity-Design-Alleviates-Accelerator-Bottlenecks/casestudy1/LeNet_MNIST_BNN/build/auto/home/changhong/prj/finn/notebooks/EF-US-Engine-Free-Unstructured-Sparsity-Design-Alleviates-Accelerator-Bottlenecks/casestudy1/LeNet_MNIST_BNN/tmp/auto/vivado_stitch_proj_b2b_bym1/finn_vivado_stitch_proj.gen/sources_1/bd/finn_design/ipshared/8dae/hdl/verilog/MVAU_hls_0_mac_muladd_8s_2s_11s_11_4_1.v" Line 47. Module MVAU_hls_0_mac_muladd_8s_2s_11s_11_4_1(ID=1,NUM_STAGE=4,din0_WIDTH=8,din1_WIDTH=2,din2_WIDTH=11,dout_WIDTH=11) has a timescale but at least one module in design doesn't have timescale.
WARNING: [XSIM 43-4100] "/home/changhong/prj/finn/notebooks/EF-US-Engine-Free-Unstructured-Sparsity-Design-Alleviates-Accelerator-Bottlenecks/casestudy1/LeNet_MNIST_BNN/build/auto/home/changhong/prj/finn/notebooks/EF-US-Engine-Free-Unstructured-Sparsity-Design-Alleviates-Accelerator-Bottlenecks/casestudy1/LeNet_MNIST_BNN/tmp/auto/vivado_stitch_proj_b2b_bym1/finn_vivado_stitch_proj.gen/sources_1/bd/finn_design/ipshared/8dae/hdl/verilog/MVAU_hls_0_mac_muladd_8s_2s_11s_11_4_1.v" Line 8. Module MVAU_hls_0_mac_muladd_8s_2s_11s_11_4_1_DSP48_1 has a timescale but at least one module in design doesn't have timescale.
WARNING: [XSIM 43-4100] "/home/changhong/prj/finn/notebooks/EF-US-Engine-Free-Unstructured-Sparsity-Design-Alleviates-Accelerator-Bottlenecks/casestudy1/LeNet_MNIST_BNN/build/auto/home/changhong/prj/finn/notebooks/EF-US-Engine-Free-Unstructured-Sparsity-Design-Alleviates-Accelerator-Bottlenecks/casestudy1/LeNet_MNIST_BNN/tmp/auto/vivado_stitch_proj_b2b_bym1/finn_vivado_stitch_proj.gen/sources_1/bd/finn_design/ipshared/8dae/hdl/verilog/MVAU_hls_0_mac_muladd_8s_2s_11s_11_4_1.v" Line 47. Module MVAU_hls_0_mac_muladd_8s_2s_11s_11_4_1(ID=1,NUM_STAGE=4,din0_WIDTH=8,din1_WIDTH=2,din2_WIDTH=11,dout_WIDTH=11) has a timescale but at least one module in design doesn't have timescale.
WARNING: [XSIM 43-4100] "/home/changhong/prj/finn/notebooks/EF-US-Engine-Free-Unstructured-Sparsity-Design-Alleviates-Accelerator-Bottlenecks/casestudy1/LeNet_MNIST_BNN/build/auto/home/changhong/prj/finn/notebooks/EF-US-Engine-Free-Unstructured-Sparsity-Design-Alleviates-Accelerator-Bottlenecks/casestudy1/LeNet_MNIST_BNN/tmp/auto/vivado_stitch_proj_b2b_bym1/finn_vivado_stitch_proj.gen/sources_1/bd/finn_design/ipshared/8dae/hdl/verilog/MVAU_hls_0_mac_muladd_8s_2s_11s_11_4_1.v" Line 8. Module MVAU_hls_0_mac_muladd_8s_2s_11s_11_4_1_DSP48_1 has a timescale but at least one module in design doesn't have timescale.
WARNING: [XSIM 43-4100] "/home/changhong/prj/finn/notebooks/EF-US-Engine-Free-Unstructured-Sparsity-Design-Alleviates-Accelerator-Bottlenecks/casestudy1/LeNet_MNIST_BNN/build/auto/home/changhong/prj/finn/notebooks/EF-US-Engine-Free-Unstructured-Sparsity-Design-Alleviates-Accelerator-Bottlenecks/casestudy1/LeNet_MNIST_BNN/tmp/auto/vivado_stitch_proj_b2b_bym1/finn_vivado_stitch_proj.gen/sources_1/bd/finn_design/ipshared/8dae/hdl/verilog/MVAU_hls_0_mac_muladd_8s_2s_11s_11_4_1.v" Line 47. Module MVAU_hls_0_mac_muladd_8s_2s_11s_11_4_1(ID=1,NUM_STAGE=4,din0_WIDTH=8,din1_WIDTH=2,din2_WIDTH=11,dout_WIDTH=11) has a timescale but at least one module in design doesn't have timescale.
WARNING: [XSIM 43-4100] "/home/changhong/prj/finn/notebooks/EF-US-Engine-Free-Unstructured-Sparsity-Design-Alleviates-Accelerator-Bottlenecks/casestudy1/LeNet_MNIST_BNN/build/auto/home/changhong/prj/finn/notebooks/EF-US-Engine-Free-Unstructured-Sparsity-Design-Alleviates-Accelerator-Bottlenecks/casestudy1/LeNet_MNIST_BNN/tmp/auto/vivado_stitch_proj_b2b_bym1/finn_vivado_stitch_proj.gen/sources_1/bd/finn_design/ipshared/8dae/hdl/verilog/MVAU_hls_0_mac_muladd_8s_2s_11s_11_4_1.v" Line 8. Module MVAU_hls_0_mac_muladd_8s_2s_11s_11_4_1_DSP48_1 has a timescale but at least one module in design doesn't have timescale.
WARNING: [XSIM 43-4100] "/home/changhong/prj/finn/notebooks/EF-US-Engine-Free-Unstructured-Sparsity-Design-Alleviates-Accelerator-Bottlenecks/casestudy1/LeNet_MNIST_BNN/build/auto/home/changhong/prj/finn/notebooks/EF-US-Engine-Free-Unstructured-Sparsity-Design-Alleviates-Accelerator-Bottlenecks/casestudy1/LeNet_MNIST_BNN/tmp/auto/vivado_stitch_proj_b2b_bym1/finn_vivado_stitch_proj.gen/sources_1/bd/finn_design/ipshared/8dae/hdl/verilog/MVAU_hls_0_mac_muladd_8s_2s_11s_11_4_1.v" Line 47. Module MVAU_hls_0_mac_muladd_8s_2s_11s_11_4_1(ID=1,NUM_STAGE=4,din0_WIDTH=8,din1_WIDTH=2,din2_WIDTH=11,dout_WIDTH=11) has a timescale but at least one module in design doesn't have timescale.
WARNING: [XSIM 43-4100] "/home/changhong/prj/finn/notebooks/EF-US-Engine-Free-Unstructured-Sparsity-Design-Alleviates-Accelerator-Bottlenecks/casestudy1/LeNet_MNIST_BNN/build/auto/home/changhong/prj/finn/notebooks/EF-US-Engine-Free-Unstructured-Sparsity-Design-Alleviates-Accelerator-Bottlenecks/casestudy1/LeNet_MNIST_BNN/tmp/auto/vivado_stitch_proj_b2b_bym1/finn_vivado_stitch_proj.gen/sources_1/bd/finn_design/ipshared/8dae/hdl/verilog/MVAU_hls_0_mac_muladd_8s_2s_11s_11_4_1.v" Line 8. Module MVAU_hls_0_mac_muladd_8s_2s_11s_11_4_1_DSP48_1 has a timescale but at least one module in design doesn't have timescale.
WARNING: [XSIM 43-4100] "/home/changhong/prj/finn/notebooks/EF-US-Engine-Free-Unstructured-Sparsity-Design-Alleviates-Accelerator-Bottlenecks/casestudy1/LeNet_MNIST_BNN/build/auto/home/changhong/prj/finn/notebooks/EF-US-Engine-Free-Unstructured-Sparsity-Design-Alleviates-Accelerator-Bottlenecks/casestudy1/LeNet_MNIST_BNN/tmp/auto/vivado_stitch_proj_b2b_bym1/finn_vivado_stitch_proj.gen/sources_1/bd/finn_design/ipshared/8dae/hdl/verilog/MVAU_hls_0_mac_muladd_8s_2s_11s_11_4_1.v" Line 47. Module MVAU_hls_0_mac_muladd_8s_2s_11s_11_4_1(ID=1,NUM_STAGE=4,din0_WIDTH=8,din1_WIDTH=2,din2_WIDTH=11,dout_WIDTH=11) has a timescale but at least one module in design doesn't have timescale.
WARNING: [XSIM 43-4100] "/home/changhong/prj/finn/notebooks/EF-US-Engine-Free-Unstructured-Sparsity-Design-Alleviates-Accelerator-Bottlenecks/casestudy1/LeNet_MNIST_BNN/build/auto/home/changhong/prj/finn/notebooks/EF-US-Engine-Free-Unstructured-Sparsity-Design-Alleviates-Accelerator-Bottlenecks/casestudy1/LeNet_MNIST_BNN/tmp/auto/vivado_stitch_proj_b2b_bym1/finn_vivado_stitch_proj.gen/sources_1/bd/finn_design/ipshared/8dae/hdl/verilog/MVAU_hls_0_mac_muladd_8s_2s_11s_11_4_1.v" Line 8. Module MVAU_hls_0_mac_muladd_8s_2s_11s_11_4_1_DSP48_1 has a timescale but at least one module in design doesn't have timescale.
WARNING: [XSIM 43-4100] "/home/changhong/prj/finn/notebooks/EF-US-Engine-Free-Unstructured-Sparsity-Design-Alleviates-Accelerator-Bottlenecks/casestudy1/LeNet_MNIST_BNN/build/auto/home/changhong/prj/finn/notebooks/EF-US-Engine-Free-Unstructured-Sparsity-Design-Alleviates-Accelerator-Bottlenecks/casestudy1/LeNet_MNIST_BNN/tmp/auto/vivado_stitch_proj_b2b_bym1/finn_vivado_stitch_proj.gen/sources_1/bd/finn_design/ipshared/8dae/hdl/verilog/MVAU_hls_0_mac_muladd_8s_2s_11s_11_4_1.v" Line 47. Module MVAU_hls_0_mac_muladd_8s_2s_11s_11_4_1(ID=1,NUM_STAGE=4,din0_WIDTH=8,din1_WIDTH=2,din2_WIDTH=11,dout_WIDTH=11) has a timescale but at least one module in design doesn't have timescale.
WARNING: [XSIM 43-4100] "/home/changhong/prj/finn/notebooks/EF-US-Engine-Free-Unstructured-Sparsity-Design-Alleviates-Accelerator-Bottlenecks/casestudy1/LeNet_MNIST_BNN/build/auto/home/changhong/prj/finn/notebooks/EF-US-Engine-Free-Unstructured-Sparsity-Design-Alleviates-Accelerator-Bottlenecks/casestudy1/LeNet_MNIST_BNN/tmp/auto/vivado_stitch_proj_b2b_bym1/finn_vivado_stitch_proj.gen/sources_1/bd/finn_design/ipshared/8dae/hdl/verilog/MVAU_hls_0_mac_muladd_8s_2s_11s_11_4_1.v" Line 8. Module MVAU_hls_0_mac_muladd_8s_2s_11s_11_4_1_DSP48_1 has a timescale but at least one module in design doesn't have timescale.
WARNING: [XSIM 43-4100] "/home/changhong/prj/finn/notebooks/EF-US-Engine-Free-Unstructured-Sparsity-Design-Alleviates-Accelerator-Bottlenecks/casestudy1/LeNet_MNIST_BNN/build/auto/home/changhong/prj/finn/notebooks/EF-US-Engine-Free-Unstructured-Sparsity-Design-Alleviates-Accelerator-Bottlenecks/casestudy1/LeNet_MNIST_BNN/tmp/auto/vivado_stitch_proj_b2b_bym1/finn_vivado_stitch_proj.gen/sources_1/bd/finn_design/ipshared/8dae/hdl/verilog/MVAU_hls_0_mac_muladd_8s_2s_11s_11_4_1.v" Line 47. Module MVAU_hls_0_mac_muladd_8s_2s_11s_11_4_1(ID=1,NUM_STAGE=4,din0_WIDTH=8,din1_WIDTH=2,din2_WIDTH=11,dout_WIDTH=11) has a timescale but at least one module in design doesn't have timescale.
WARNING: [XSIM 43-4100] "/home/changhong/prj/finn/notebooks/EF-US-Engine-Free-Unstructured-Sparsity-Design-Alleviates-Accelerator-Bottlenecks/casestudy1/LeNet_MNIST_BNN/build/auto/home/changhong/prj/finn/notebooks/EF-US-Engine-Free-Unstructured-Sparsity-Design-Alleviates-Accelerator-Bottlenecks/casestudy1/LeNet_MNIST_BNN/tmp/auto/vivado_stitch_proj_b2b_bym1/finn_vivado_stitch_proj.gen/sources_1/bd/finn_design/ipshared/8dae/hdl/verilog/MVAU_hls_0_mac_muladd_8s_2s_11s_11_4_1.v" Line 8. Module MVAU_hls_0_mac_muladd_8s_2s_11s_11_4_1_DSP48_1 has a timescale but at least one module in design doesn't have timescale.
WARNING: [XSIM 43-4100] "/home/changhong/prj/finn/notebooks/EF-US-Engine-Free-Unstructured-Sparsity-Design-Alleviates-Accelerator-Bottlenecks/casestudy1/LeNet_MNIST_BNN/build/auto/home/changhong/prj/finn/notebooks/EF-US-Engine-Free-Unstructured-Sparsity-Design-Alleviates-Accelerator-Bottlenecks/casestudy1/LeNet_MNIST_BNN/tmp/auto/vivado_stitch_proj_b2b_bym1/finn_vivado_stitch_proj.gen/sources_1/bd/finn_design/ipshared/8dae/hdl/verilog/MVAU_hls_0_mac_muladd_8s_2s_10s_11_4_1.v" Line 47. Module MVAU_hls_0_mac_muladd_8s_2s_10s_11_4_1(ID=1,NUM_STAGE=4,din0_WIDTH=8,din1_WIDTH=2,din2_WIDTH=10,dout_WIDTH=11) has a timescale but at least one module in design doesn't have timescale.
WARNING: [XSIM 43-4100] "/home/changhong/prj/finn/notebooks/EF-US-Engine-Free-Unstructured-Sparsity-Design-Alleviates-Accelerator-Bottlenecks/casestudy1/LeNet_MNIST_BNN/build/auto/home/changhong/prj/finn/notebooks/EF-US-Engine-Free-Unstructured-Sparsity-Design-Alleviates-Accelerator-Bottlenecks/casestudy1/LeNet_MNIST_BNN/tmp/auto/vivado_stitch_proj_b2b_bym1/finn_vivado_stitch_proj.gen/sources_1/bd/finn_design/ipshared/8dae/hdl/verilog/MVAU_hls_0_mac_muladd_8s_2s_10s_11_4_1.v" Line 8. Module MVAU_hls_0_mac_muladd_8s_2s_10s_11_4_1_DSP48_0 has a timescale but at least one module in design doesn't have timescale.
WARNING: [XSIM 43-4100] "/home/changhong/prj/finn/notebooks/EF-US-Engine-Free-Unstructured-Sparsity-Design-Alleviates-Accelerator-Bottlenecks/casestudy1/LeNet_MNIST_BNN/build/auto/home/changhong/prj/finn/notebooks/EF-US-Engine-Free-Unstructured-Sparsity-Design-Alleviates-Accelerator-Bottlenecks/casestudy1/LeNet_MNIST_BNN/tmp/auto/vivado_stitch_proj_b2b_bym1/finn_vivado_stitch_proj.gen/sources_1/bd/finn_design/ipshared/8dae/hdl/verilog/MVAU_hls_0_mac_muladd_8s_2s_10s_11_4_1.v" Line 47. Module MVAU_hls_0_mac_muladd_8s_2s_10s_11_4_1(ID=1,NUM_STAGE=4,din0_WIDTH=8,din1_WIDTH=2,din2_WIDTH=10,dout_WIDTH=11) has a timescale but at least one module in design doesn't have timescale.
WARNING: [XSIM 43-4100] "/home/changhong/prj/finn/notebooks/EF-US-Engine-Free-Unstructured-Sparsity-Design-Alleviates-Accelerator-Bottlenecks/casestudy1/LeNet_MNIST_BNN/build/auto/home/changhong/prj/finn/notebooks/EF-US-Engine-Free-Unstructured-Sparsity-Design-Alleviates-Accelerator-Bottlenecks/casestudy1/LeNet_MNIST_BNN/tmp/auto/vivado_stitch_proj_b2b_bym1/finn_vivado_stitch_proj.gen/sources_1/bd/finn_design/ipshared/8dae/hdl/verilog/MVAU_hls_0_mac_muladd_8s_2s_10s_11_4_1.v" Line 8. Module MVAU_hls_0_mac_muladd_8s_2s_10s_11_4_1_DSP48_0 has a timescale but at least one module in design doesn't have timescale.
WARNING: [XSIM 43-4100] "/home/changhong/prj/finn/notebooks/EF-US-Engine-Free-Unstructured-Sparsity-Design-Alleviates-Accelerator-Bottlenecks/casestudy1/LeNet_MNIST_BNN/build/auto/home/changhong/prj/finn/notebooks/EF-US-Engine-Free-Unstructured-Sparsity-Design-Alleviates-Accelerator-Bottlenecks/casestudy1/LeNet_MNIST_BNN/tmp/auto/vivado_stitch_proj_b2b_bym1/finn_vivado_stitch_proj.gen/sources_1/bd/finn_design/ipshared/8dae/hdl/verilog/MVAU_hls_0_mac_muladd_8s_2s_11s_11_4_1.v" Line 47. Module MVAU_hls_0_mac_muladd_8s_2s_11s_11_4_1(ID=1,NUM_STAGE=4,din0_WIDTH=8,din1_WIDTH=2,din2_WIDTH=11,dout_WIDTH=11) has a timescale but at least one module in design doesn't have timescale.
WARNING: [XSIM 43-4100] "/home/changhong/prj/finn/notebooks/EF-US-Engine-Free-Unstructured-Sparsity-Design-Alleviates-Accelerator-Bottlenecks/casestudy1/LeNet_MNIST_BNN/build/auto/home/changhong/prj/finn/notebooks/EF-US-Engine-Free-Unstructured-Sparsity-Design-Alleviates-Accelerator-Bottlenecks/casestudy1/LeNet_MNIST_BNN/tmp/auto/vivado_stitch_proj_b2b_bym1/finn_vivado_stitch_proj.gen/sources_1/bd/finn_design/ipshared/8dae/hdl/verilog/MVAU_hls_0_mac_muladd_8s_2s_11s_11_4_1.v" Line 8. Module MVAU_hls_0_mac_muladd_8s_2s_11s_11_4_1_DSP48_1 has a timescale but at least one module in design doesn't have timescale.
WARNING: [XSIM 43-4100] "/home/changhong/prj/finn/notebooks/EF-US-Engine-Free-Unstructured-Sparsity-Design-Alleviates-Accelerator-Bottlenecks/casestudy1/LeNet_MNIST_BNN/build/auto/home/changhong/prj/finn/notebooks/EF-US-Engine-Free-Unstructured-Sparsity-Design-Alleviates-Accelerator-Bottlenecks/casestudy1/LeNet_MNIST_BNN/tmp/auto/vivado_stitch_proj_b2b_bym1/finn_vivado_stitch_proj.gen/sources_1/bd/finn_design/ipshared/8dae/hdl/verilog/MVAU_hls_0_mac_muladd_8s_2s_11s_11_4_1.v" Line 47. Module MVAU_hls_0_mac_muladd_8s_2s_11s_11_4_1(ID=1,NUM_STAGE=4,din0_WIDTH=8,din1_WIDTH=2,din2_WIDTH=11,dout_WIDTH=11) has a timescale but at least one module in design doesn't have timescale.
WARNING: [XSIM 43-4100] "/home/changhong/prj/finn/notebooks/EF-US-Engine-Free-Unstructured-Sparsity-Design-Alleviates-Accelerator-Bottlenecks/casestudy1/LeNet_MNIST_BNN/build/auto/home/changhong/prj/finn/notebooks/EF-US-Engine-Free-Unstructured-Sparsity-Design-Alleviates-Accelerator-Bottlenecks/casestudy1/LeNet_MNIST_BNN/tmp/auto/vivado_stitch_proj_b2b_bym1/finn_vivado_stitch_proj.gen/sources_1/bd/finn_design/ipshared/8dae/hdl/verilog/MVAU_hls_0_mac_muladd_8s_2s_11s_11_4_1.v" Line 8. Module MVAU_hls_0_mac_muladd_8s_2s_11s_11_4_1_DSP48_1 has a timescale but at least one module in design doesn't have timescale.
WARNING: [XSIM 43-4100] "/home/changhong/prj/finn/notebooks/EF-US-Engine-Free-Unstructured-Sparsity-Design-Alleviates-Accelerator-Bottlenecks/casestudy1/LeNet_MNIST_BNN/build/auto/home/changhong/prj/finn/notebooks/EF-US-Engine-Free-Unstructured-Sparsity-Design-Alleviates-Accelerator-Bottlenecks/casestudy1/LeNet_MNIST_BNN/tmp/auto/vivado_stitch_proj_b2b_bym1/finn_vivado_stitch_proj.gen/sources_1/bd/finn_design/ipshared/8dae/hdl/verilog/MVAU_hls_0_mac_muladd_8s_2s_11s_11_4_1.v" Line 47. Module MVAU_hls_0_mac_muladd_8s_2s_11s_11_4_1(ID=1,NUM_STAGE=4,din0_WIDTH=8,din1_WIDTH=2,din2_WIDTH=11,dout_WIDTH=11) has a timescale but at least one module in design doesn't have timescale.
WARNING: [XSIM 43-4100] "/home/changhong/prj/finn/notebooks/EF-US-Engine-Free-Unstructured-Sparsity-Design-Alleviates-Accelerator-Bottlenecks/casestudy1/LeNet_MNIST_BNN/build/auto/home/changhong/prj/finn/notebooks/EF-US-Engine-Free-Unstructured-Sparsity-Design-Alleviates-Accelerator-Bottlenecks/casestudy1/LeNet_MNIST_BNN/tmp/auto/vivado_stitch_proj_b2b_bym1/finn_vivado_stitch_proj.gen/sources_1/bd/finn_design/ipshared/8dae/hdl/verilog/MVAU_hls_0_mac_muladd_8s_2s_11s_11_4_1.v" Line 8. Module MVAU_hls_0_mac_muladd_8s_2s_11s_11_4_1_DSP48_1 has a timescale but at least one module in design doesn't have timescale.
WARNING: [XSIM 43-4100] "/home/changhong/prj/finn/notebooks/EF-US-Engine-Free-Unstructured-Sparsity-Design-Alleviates-Accelerator-Bottlenecks/casestudy1/LeNet_MNIST_BNN/build/auto/home/changhong/prj/finn/notebooks/EF-US-Engine-Free-Unstructured-Sparsity-Design-Alleviates-Accelerator-Bottlenecks/casestudy1/LeNet_MNIST_BNN/tmp/auto/vivado_stitch_proj_b2b_bym1/finn_vivado_stitch_proj.gen/sources_1/bd/finn_design/ipshared/8dae/hdl/verilog/MVAU_hls_0_mac_muladd_8s_2s_11s_11_4_1.v" Line 47. Module MVAU_hls_0_mac_muladd_8s_2s_11s_11_4_1(ID=1,NUM_STAGE=4,din0_WIDTH=8,din1_WIDTH=2,din2_WIDTH=11,dout_WIDTH=11) has a timescale but at least one module in design doesn't have timescale.
WARNING: [XSIM 43-4100] "/home/changhong/prj/finn/notebooks/EF-US-Engine-Free-Unstructured-Sparsity-Design-Alleviates-Accelerator-Bottlenecks/casestudy1/LeNet_MNIST_BNN/build/auto/home/changhong/prj/finn/notebooks/EF-US-Engine-Free-Unstructured-Sparsity-Design-Alleviates-Accelerator-Bottlenecks/casestudy1/LeNet_MNIST_BNN/tmp/auto/vivado_stitch_proj_b2b_bym1/finn_vivado_stitch_proj.gen/sources_1/bd/finn_design/ipshared/8dae/hdl/verilog/MVAU_hls_0_mac_muladd_8s_2s_11s_11_4_1.v" Line 8. Module MVAU_hls_0_mac_muladd_8s_2s_11s_11_4_1_DSP48_1 has a timescale but at least one module in design doesn't have timescale.
WARNING: [XSIM 43-4100] "/home/changhong/prj/finn/notebooks/EF-US-Engine-Free-Unstructured-Sparsity-Design-Alleviates-Accelerator-Bottlenecks/casestudy1/LeNet_MNIST_BNN/build/auto/home/changhong/prj/finn/notebooks/EF-US-Engine-Free-Unstructured-Sparsity-Design-Alleviates-Accelerator-Bottlenecks/casestudy1/LeNet_MNIST_BNN/tmp/auto/vivado_stitch_proj_b2b_bym1/finn_vivado_stitch_proj.gen/sources_1/bd/finn_design/ipshared/8dae/hdl/verilog/MVAU_hls_0_mac_muladd_8s_2s_11s_11_4_1.v" Line 47. Module MVAU_hls_0_mac_muladd_8s_2s_11s_11_4_1(ID=1,NUM_STAGE=4,din0_WIDTH=8,din1_WIDTH=2,din2_WIDTH=11,dout_WIDTH=11) has a timescale but at least one module in design doesn't have timescale.
WARNING: [XSIM 43-4100] "/home/changhong/prj/finn/notebooks/EF-US-Engine-Free-Unstructured-Sparsity-Design-Alleviates-Accelerator-Bottlenecks/casestudy1/LeNet_MNIST_BNN/build/auto/home/changhong/prj/finn/notebooks/EF-US-Engine-Free-Unstructured-Sparsity-Design-Alleviates-Accelerator-Bottlenecks/casestudy1/LeNet_MNIST_BNN/tmp/auto/vivado_stitch_proj_b2b_bym1/finn_vivado_stitch_proj.gen/sources_1/bd/finn_design/ipshared/8dae/hdl/verilog/MVAU_hls_0_mac_muladd_8s_2s_11s_11_4_1.v" Line 8. Module MVAU_hls_0_mac_muladd_8s_2s_11s_11_4_1_DSP48_1 has a timescale but at least one module in design doesn't have timescale.
WARNING: [XSIM 43-4100] "/home/changhong/prj/finn/notebooks/EF-US-Engine-Free-Unstructured-Sparsity-Design-Alleviates-Accelerator-Bottlenecks/casestudy1/LeNet_MNIST_BNN/build/auto/home/changhong/prj/finn/notebooks/EF-US-Engine-Free-Unstructured-Sparsity-Design-Alleviates-Accelerator-Bottlenecks/casestudy1/LeNet_MNIST_BNN/tmp/auto/vivado_stitch_proj_b2b_bym1/finn_vivado_stitch_proj.gen/sources_1/bd/finn_design/ipshared/8dae/hdl/verilog/MVAU_hls_0_mac_muladd_8s_2s_11s_11_4_1.v" Line 47. Module MVAU_hls_0_mac_muladd_8s_2s_11s_11_4_1(ID=1,NUM_STAGE=4,din0_WIDTH=8,din1_WIDTH=2,din2_WIDTH=11,dout_WIDTH=11) has a timescale but at least one module in design doesn't have timescale.
WARNING: [XSIM 43-4100] "/home/changhong/prj/finn/notebooks/EF-US-Engine-Free-Unstructured-Sparsity-Design-Alleviates-Accelerator-Bottlenecks/casestudy1/LeNet_MNIST_BNN/build/auto/home/changhong/prj/finn/notebooks/EF-US-Engine-Free-Unstructured-Sparsity-Design-Alleviates-Accelerator-Bottlenecks/casestudy1/LeNet_MNIST_BNN/tmp/auto/vivado_stitch_proj_b2b_bym1/finn_vivado_stitch_proj.gen/sources_1/bd/finn_design/ipshared/8dae/hdl/verilog/MVAU_hls_0_mac_muladd_8s_2s_11s_11_4_1.v" Line 8. Module MVAU_hls_0_mac_muladd_8s_2s_11s_11_4_1_DSP48_1 has a timescale but at least one module in design doesn't have timescale.
WARNING: [XSIM 43-4100] "/home/changhong/prj/finn/notebooks/EF-US-Engine-Free-Unstructured-Sparsity-Design-Alleviates-Accelerator-Bottlenecks/casestudy1/LeNet_MNIST_BNN/build/auto/home/changhong/prj/finn/notebooks/EF-US-Engine-Free-Unstructured-Sparsity-Design-Alleviates-Accelerator-Bottlenecks/casestudy1/LeNet_MNIST_BNN/tmp/auto/vivado_stitch_proj_b2b_bym1/finn_vivado_stitch_proj.gen/sources_1/bd/finn_design/ipshared/8dae/hdl/verilog/MVAU_hls_0_mac_muladd_8s_2s_11s_11_4_1.v" Line 47. Module MVAU_hls_0_mac_muladd_8s_2s_11s_11_4_1(ID=1,NUM_STAGE=4,din0_WIDTH=8,din1_WIDTH=2,din2_WIDTH=11,dout_WIDTH=11) has a timescale but at least one module in design doesn't have timescale.
WARNING: [XSIM 43-4100] "/home/changhong/prj/finn/notebooks/EF-US-Engine-Free-Unstructured-Sparsity-Design-Alleviates-Accelerator-Bottlenecks/casestudy1/LeNet_MNIST_BNN/build/auto/home/changhong/prj/finn/notebooks/EF-US-Engine-Free-Unstructured-Sparsity-Design-Alleviates-Accelerator-Bottlenecks/casestudy1/LeNet_MNIST_BNN/tmp/auto/vivado_stitch_proj_b2b_bym1/finn_vivado_stitch_proj.gen/sources_1/bd/finn_design/ipshared/8dae/hdl/verilog/MVAU_hls_0_mac_muladd_8s_2s_11s_11_4_1.v" Line 8. Module MVAU_hls_0_mac_muladd_8s_2s_11s_11_4_1_DSP48_1 has a timescale but at least one module in design doesn't have timescale.
WARNING: [XSIM 43-4100] "/home/changhong/prj/finn/notebooks/EF-US-Engine-Free-Unstructured-Sparsity-Design-Alleviates-Accelerator-Bottlenecks/casestudy1/LeNet_MNIST_BNN/build/auto/home/changhong/prj/finn/notebooks/EF-US-Engine-Free-Unstructured-Sparsity-Design-Alleviates-Accelerator-Bottlenecks/casestudy1/LeNet_MNIST_BNN/tmp/auto/vivado_stitch_proj_b2b_bym1/finn_vivado_stitch_proj.gen/sources_1/bd/finn_design/ipshared/8dae/hdl/verilog/MVAU_hls_0_mac_muladd_8s_2s_10s_11_4_1.v" Line 47. Module MVAU_hls_0_mac_muladd_8s_2s_10s_11_4_1(ID=1,NUM_STAGE=4,din0_WIDTH=8,din1_WIDTH=2,din2_WIDTH=10,dout_WIDTH=11) has a timescale but at least one module in design doesn't have timescale.
WARNING: [XSIM 43-4100] "/home/changhong/prj/finn/notebooks/EF-US-Engine-Free-Unstructured-Sparsity-Design-Alleviates-Accelerator-Bottlenecks/casestudy1/LeNet_MNIST_BNN/build/auto/home/changhong/prj/finn/notebooks/EF-US-Engine-Free-Unstructured-Sparsity-Design-Alleviates-Accelerator-Bottlenecks/casestudy1/LeNet_MNIST_BNN/tmp/auto/vivado_stitch_proj_b2b_bym1/finn_vivado_stitch_proj.gen/sources_1/bd/finn_design/ipshared/8dae/hdl/verilog/MVAU_hls_0_mac_muladd_8s_2s_10s_11_4_1.v" Line 8. Module MVAU_hls_0_mac_muladd_8s_2s_10s_11_4_1_DSP48_0 has a timescale but at least one module in design doesn't have timescale.
WARNING: [XSIM 43-4100] "/home/changhong/prj/finn/notebooks/EF-US-Engine-Free-Unstructured-Sparsity-Design-Alleviates-Accelerator-Bottlenecks/casestudy1/LeNet_MNIST_BNN/build/auto/home/changhong/prj/finn/notebooks/EF-US-Engine-Free-Unstructured-Sparsity-Design-Alleviates-Accelerator-Bottlenecks/casestudy1/LeNet_MNIST_BNN/tmp/auto/vivado_stitch_proj_b2b_bym1/finn_vivado_stitch_proj.gen/sources_1/bd/finn_design/ipshared/8dae/hdl/verilog/MVAU_hls_0_mac_muladd_8s_2s_10s_11_4_1.v" Line 47. Module MVAU_hls_0_mac_muladd_8s_2s_10s_11_4_1(ID=1,NUM_STAGE=4,din0_WIDTH=8,din1_WIDTH=2,din2_WIDTH=10,dout_WIDTH=11) has a timescale but at least one module in design doesn't have timescale.
WARNING: [XSIM 43-4100] "/home/changhong/prj/finn/notebooks/EF-US-Engine-Free-Unstructured-Sparsity-Design-Alleviates-Accelerator-Bottlenecks/casestudy1/LeNet_MNIST_BNN/build/auto/home/changhong/prj/finn/notebooks/EF-US-Engine-Free-Unstructured-Sparsity-Design-Alleviates-Accelerator-Bottlenecks/casestudy1/LeNet_MNIST_BNN/tmp/auto/vivado_stitch_proj_b2b_bym1/finn_vivado_stitch_proj.gen/sources_1/bd/finn_design/ipshared/8dae/hdl/verilog/MVAU_hls_0_mac_muladd_8s_2s_10s_11_4_1.v" Line 8. Module MVAU_hls_0_mac_muladd_8s_2s_10s_11_4_1_DSP48_0 has a timescale but at least one module in design doesn't have timescale.
WARNING: [XSIM 43-4100] "/home/changhong/prj/finn/notebooks/EF-US-Engine-Free-Unstructured-Sparsity-Design-Alleviates-Accelerator-Bottlenecks/casestudy1/LeNet_MNIST_BNN/build/auto/home/changhong/prj/finn/notebooks/EF-US-Engine-Free-Unstructured-Sparsity-Design-Alleviates-Accelerator-Bottlenecks/casestudy1/LeNet_MNIST_BNN/tmp/auto/vivado_stitch_proj_b2b_bym1/finn_vivado_stitch_proj.gen/sources_1/bd/finn_design/ipshared/8dae/hdl/verilog/MVAU_hls_0_mac_muladd_8s_2s_11s_11_4_1.v" Line 47. Module MVAU_hls_0_mac_muladd_8s_2s_11s_11_4_1(ID=1,NUM_STAGE=4,din0_WIDTH=8,din1_WIDTH=2,din2_WIDTH=11,dout_WIDTH=11) has a timescale but at least one module in design doesn't have timescale.
WARNING: [XSIM 43-4100] "/home/changhong/prj/finn/notebooks/EF-US-Engine-Free-Unstructured-Sparsity-Design-Alleviates-Accelerator-Bottlenecks/casestudy1/LeNet_MNIST_BNN/build/auto/home/changhong/prj/finn/notebooks/EF-US-Engine-Free-Unstructured-Sparsity-Design-Alleviates-Accelerator-Bottlenecks/casestudy1/LeNet_MNIST_BNN/tmp/auto/vivado_stitch_proj_b2b_bym1/finn_vivado_stitch_proj.gen/sources_1/bd/finn_design/ipshared/8dae/hdl/verilog/MVAU_hls_0_mac_muladd_8s_2s_11s_11_4_1.v" Line 8. Module MVAU_hls_0_mac_muladd_8s_2s_11s_11_4_1_DSP48_1 has a timescale but at least one module in design doesn't have timescale.
WARNING: [XSIM 43-4100] "/home/changhong/prj/finn/notebooks/EF-US-Engine-Free-Unstructured-Sparsity-Design-Alleviates-Accelerator-Bottlenecks/casestudy1/LeNet_MNIST_BNN/build/auto/home/changhong/prj/finn/notebooks/EF-US-Engine-Free-Unstructured-Sparsity-Design-Alleviates-Accelerator-Bottlenecks/casestudy1/LeNet_MNIST_BNN/tmp/auto/vivado_stitch_proj_b2b_bym1/finn_vivado_stitch_proj.gen/sources_1/bd/finn_design/ipshared/8dae/hdl/verilog/MVAU_hls_0_mac_muladd_8s_2s_11s_11_4_1.v" Line 47. Module MVAU_hls_0_mac_muladd_8s_2s_11s_11_4_1(ID=1,NUM_STAGE=4,din0_WIDTH=8,din1_WIDTH=2,din2_WIDTH=11,dout_WIDTH=11) has a timescale but at least one module in design doesn't have timescale.
WARNING: [XSIM 43-4100] "/home/changhong/prj/finn/notebooks/EF-US-Engine-Free-Unstructured-Sparsity-Design-Alleviates-Accelerator-Bottlenecks/casestudy1/LeNet_MNIST_BNN/build/auto/home/changhong/prj/finn/notebooks/EF-US-Engine-Free-Unstructured-Sparsity-Design-Alleviates-Accelerator-Bottlenecks/casestudy1/LeNet_MNIST_BNN/tmp/auto/vivado_stitch_proj_b2b_bym1/finn_vivado_stitch_proj.gen/sources_1/bd/finn_design/ipshared/8dae/hdl/verilog/MVAU_hls_0_mac_muladd_8s_2s_11s_11_4_1.v" Line 8. Module MVAU_hls_0_mac_muladd_8s_2s_11s_11_4_1_DSP48_1 has a timescale but at least one module in design doesn't have timescale.
WARNING: [XSIM 43-4100] "/home/changhong/prj/finn/notebooks/EF-US-Engine-Free-Unstructured-Sparsity-Design-Alleviates-Accelerator-Bottlenecks/casestudy1/LeNet_MNIST_BNN/build/auto/home/changhong/prj/finn/notebooks/EF-US-Engine-Free-Unstructured-Sparsity-Design-Alleviates-Accelerator-Bottlenecks/casestudy1/LeNet_MNIST_BNN/tmp/auto/vivado_stitch_proj_b2b_bym1/finn_vivado_stitch_proj.gen/sources_1/bd/finn_design/ipshared/8dae/hdl/verilog/MVAU_hls_0_mac_muladd_8s_2s_11s_11_4_1.v" Line 47. Module MVAU_hls_0_mac_muladd_8s_2s_11s_11_4_1(ID=1,NUM_STAGE=4,din0_WIDTH=8,din1_WIDTH=2,din2_WIDTH=11,dout_WIDTH=11) has a timescale but at least one module in design doesn't have timescale.
WARNING: [XSIM 43-4100] "/home/changhong/prj/finn/notebooks/EF-US-Engine-Free-Unstructured-Sparsity-Design-Alleviates-Accelerator-Bottlenecks/casestudy1/LeNet_MNIST_BNN/build/auto/home/changhong/prj/finn/notebooks/EF-US-Engine-Free-Unstructured-Sparsity-Design-Alleviates-Accelerator-Bottlenecks/casestudy1/LeNet_MNIST_BNN/tmp/auto/vivado_stitch_proj_b2b_bym1/finn_vivado_stitch_proj.gen/sources_1/bd/finn_design/ipshared/8dae/hdl/verilog/MVAU_hls_0_mac_muladd_8s_2s_11s_11_4_1.v" Line 8. Module MVAU_hls_0_mac_muladd_8s_2s_11s_11_4_1_DSP48_1 has a timescale but at least one module in design doesn't have timescale.
WARNING: [XSIM 43-4100] "/home/changhong/prj/finn/notebooks/EF-US-Engine-Free-Unstructured-Sparsity-Design-Alleviates-Accelerator-Bottlenecks/casestudy1/LeNet_MNIST_BNN/build/auto/home/changhong/prj/finn/notebooks/EF-US-Engine-Free-Unstructured-Sparsity-Design-Alleviates-Accelerator-Bottlenecks/casestudy1/LeNet_MNIST_BNN/tmp/auto/vivado_stitch_proj_b2b_bym1/finn_vivado_stitch_proj.gen/sources_1/bd/finn_design/ipshared/8dae/hdl/verilog/MVAU_hls_0_mac_muladd_8s_2s_11s_11_4_1.v" Line 47. Module MVAU_hls_0_mac_muladd_8s_2s_11s_11_4_1(ID=1,NUM_STAGE=4,din0_WIDTH=8,din1_WIDTH=2,din2_WIDTH=11,dout_WIDTH=11) has a timescale but at least one module in design doesn't have timescale.
WARNING: [XSIM 43-4100] "/home/changhong/prj/finn/notebooks/EF-US-Engine-Free-Unstructured-Sparsity-Design-Alleviates-Accelerator-Bottlenecks/casestudy1/LeNet_MNIST_BNN/build/auto/home/changhong/prj/finn/notebooks/EF-US-Engine-Free-Unstructured-Sparsity-Design-Alleviates-Accelerator-Bottlenecks/casestudy1/LeNet_MNIST_BNN/tmp/auto/vivado_stitch_proj_b2b_bym1/finn_vivado_stitch_proj.gen/sources_1/bd/finn_design/ipshared/8dae/hdl/verilog/MVAU_hls_0_mac_muladd_8s_2s_11s_11_4_1.v" Line 8. Module MVAU_hls_0_mac_muladd_8s_2s_11s_11_4_1_DSP48_1 has a timescale but at least one module in design doesn't have timescale.
WARNING: [XSIM 43-4100] "/home/changhong/prj/finn/notebooks/EF-US-Engine-Free-Unstructured-Sparsity-Design-Alleviates-Accelerator-Bottlenecks/casestudy1/LeNet_MNIST_BNN/build/auto/home/changhong/prj/finn/notebooks/EF-US-Engine-Free-Unstructured-Sparsity-Design-Alleviates-Accelerator-Bottlenecks/casestudy1/LeNet_MNIST_BNN/tmp/auto/vivado_stitch_proj_b2b_bym1/finn_vivado_stitch_proj.gen/sources_1/bd/finn_design/ipshared/8dae/hdl/verilog/MVAU_hls_0_mac_muladd_8s_2s_11s_11_4_1.v" Line 47. Module MVAU_hls_0_mac_muladd_8s_2s_11s_11_4_1(ID=1,NUM_STAGE=4,din0_WIDTH=8,din1_WIDTH=2,din2_WIDTH=11,dout_WIDTH=11) has a timescale but at least one module in design doesn't have timescale.
WARNING: [XSIM 43-4100] "/home/changhong/prj/finn/notebooks/EF-US-Engine-Free-Unstructured-Sparsity-Design-Alleviates-Accelerator-Bottlenecks/casestudy1/LeNet_MNIST_BNN/build/auto/home/changhong/prj/finn/notebooks/EF-US-Engine-Free-Unstructured-Sparsity-Design-Alleviates-Accelerator-Bottlenecks/casestudy1/LeNet_MNIST_BNN/tmp/auto/vivado_stitch_proj_b2b_bym1/finn_vivado_stitch_proj.gen/sources_1/bd/finn_design/ipshared/8dae/hdl/verilog/MVAU_hls_0_mac_muladd_8s_2s_11s_11_4_1.v" Line 8. Module MVAU_hls_0_mac_muladd_8s_2s_11s_11_4_1_DSP48_1 has a timescale but at least one module in design doesn't have timescale.
WARNING: [XSIM 43-4100] "/home/changhong/prj/finn/notebooks/EF-US-Engine-Free-Unstructured-Sparsity-Design-Alleviates-Accelerator-Bottlenecks/casestudy1/LeNet_MNIST_BNN/build/auto/home/changhong/prj/finn/notebooks/EF-US-Engine-Free-Unstructured-Sparsity-Design-Alleviates-Accelerator-Bottlenecks/casestudy1/LeNet_MNIST_BNN/tmp/auto/vivado_stitch_proj_b2b_bym1/finn_vivado_stitch_proj.gen/sources_1/bd/finn_design/ipshared/8dae/hdl/verilog/MVAU_hls_0_mac_muladd_8s_2s_11s_11_4_1.v" Line 47. Module MVAU_hls_0_mac_muladd_8s_2s_11s_11_4_1(ID=1,NUM_STAGE=4,din0_WIDTH=8,din1_WIDTH=2,din2_WIDTH=11,dout_WIDTH=11) has a timescale but at least one module in design doesn't have timescale.
WARNING: [XSIM 43-4100] "/home/changhong/prj/finn/notebooks/EF-US-Engine-Free-Unstructured-Sparsity-Design-Alleviates-Accelerator-Bottlenecks/casestudy1/LeNet_MNIST_BNN/build/auto/home/changhong/prj/finn/notebooks/EF-US-Engine-Free-Unstructured-Sparsity-Design-Alleviates-Accelerator-Bottlenecks/casestudy1/LeNet_MNIST_BNN/tmp/auto/vivado_stitch_proj_b2b_bym1/finn_vivado_stitch_proj.gen/sources_1/bd/finn_design/ipshared/8dae/hdl/verilog/MVAU_hls_0_mac_muladd_8s_2s_11s_11_4_1.v" Line 8. Module MVAU_hls_0_mac_muladd_8s_2s_11s_11_4_1_DSP48_1 has a timescale but at least one module in design doesn't have timescale.
WARNING: [XSIM 43-4100] "/home/changhong/prj/finn/notebooks/EF-US-Engine-Free-Unstructured-Sparsity-Design-Alleviates-Accelerator-Bottlenecks/casestudy1/LeNet_MNIST_BNN/build/auto/home/changhong/prj/finn/notebooks/EF-US-Engine-Free-Unstructured-Sparsity-Design-Alleviates-Accelerator-Bottlenecks/casestudy1/LeNet_MNIST_BNN/tmp/auto/vivado_stitch_proj_b2b_bym1/finn_vivado_stitch_proj.gen/sources_1/bd/finn_design/ipshared/8dae/hdl/verilog/MVAU_hls_0_mac_muladd_8s_2s_11s_11_4_1.v" Line 47. Module MVAU_hls_0_mac_muladd_8s_2s_11s_11_4_1(ID=1,NUM_STAGE=4,din0_WIDTH=8,din1_WIDTH=2,din2_WIDTH=11,dout_WIDTH=11) has a timescale but at least one module in design doesn't have timescale.
WARNING: [XSIM 43-4100] "/home/changhong/prj/finn/notebooks/EF-US-Engine-Free-Unstructured-Sparsity-Design-Alleviates-Accelerator-Bottlenecks/casestudy1/LeNet_MNIST_BNN/build/auto/home/changhong/prj/finn/notebooks/EF-US-Engine-Free-Unstructured-Sparsity-Design-Alleviates-Accelerator-Bottlenecks/casestudy1/LeNet_MNIST_BNN/tmp/auto/vivado_stitch_proj_b2b_bym1/finn_vivado_stitch_proj.gen/sources_1/bd/finn_design/ipshared/8dae/hdl/verilog/MVAU_hls_0_mac_muladd_8s_2s_11s_11_4_1.v" Line 8. Module MVAU_hls_0_mac_muladd_8s_2s_11s_11_4_1_DSP48_1 has a timescale but at least one module in design doesn't have timescale.
WARNING: [XSIM 43-4100] "/home/changhong/prj/finn/notebooks/EF-US-Engine-Free-Unstructured-Sparsity-Design-Alleviates-Accelerator-Bottlenecks/casestudy1/LeNet_MNIST_BNN/build/auto/home/changhong/prj/finn/notebooks/EF-US-Engine-Free-Unstructured-Sparsity-Design-Alleviates-Accelerator-Bottlenecks/casestudy1/LeNet_MNIST_BNN/tmp/auto/vivado_stitch_proj_b2b_bym1/finn_vivado_stitch_proj.gen/sources_1/bd/finn_design/ipshared/8dae/hdl/verilog/MVAU_hls_0_mac_muladd_8s_2s_10s_11_4_1.v" Line 47. Module MVAU_hls_0_mac_muladd_8s_2s_10s_11_4_1(ID=1,NUM_STAGE=4,din0_WIDTH=8,din1_WIDTH=2,din2_WIDTH=10,dout_WIDTH=11) has a timescale but at least one module in design doesn't have timescale.
WARNING: [XSIM 43-4100] "/home/changhong/prj/finn/notebooks/EF-US-Engine-Free-Unstructured-Sparsity-Design-Alleviates-Accelerator-Bottlenecks/casestudy1/LeNet_MNIST_BNN/build/auto/home/changhong/prj/finn/notebooks/EF-US-Engine-Free-Unstructured-Sparsity-Design-Alleviates-Accelerator-Bottlenecks/casestudy1/LeNet_MNIST_BNN/tmp/auto/vivado_stitch_proj_b2b_bym1/finn_vivado_stitch_proj.gen/sources_1/bd/finn_design/ipshared/8dae/hdl/verilog/MVAU_hls_0_mac_muladd_8s_2s_10s_11_4_1.v" Line 8. Module MVAU_hls_0_mac_muladd_8s_2s_10s_11_4_1_DSP48_0 has a timescale but at least one module in design doesn't have timescale.
WARNING: [XSIM 43-4100] "/home/changhong/prj/finn/notebooks/EF-US-Engine-Free-Unstructured-Sparsity-Design-Alleviates-Accelerator-Bottlenecks/casestudy1/LeNet_MNIST_BNN/build/auto/home/changhong/prj/finn/notebooks/EF-US-Engine-Free-Unstructured-Sparsity-Design-Alleviates-Accelerator-Bottlenecks/casestudy1/LeNet_MNIST_BNN/tmp/auto/vivado_stitch_proj_b2b_bym1/finn_vivado_stitch_proj.gen/sources_1/bd/finn_design/ipshared/8dae/hdl/verilog/MVAU_hls_0_mac_muladd_8s_2s_10s_11_4_1.v" Line 47. Module MVAU_hls_0_mac_muladd_8s_2s_10s_11_4_1(ID=1,NUM_STAGE=4,din0_WIDTH=8,din1_WIDTH=2,din2_WIDTH=10,dout_WIDTH=11) has a timescale but at least one module in design doesn't have timescale.
WARNING: [XSIM 43-4100] "/home/changhong/prj/finn/notebooks/EF-US-Engine-Free-Unstructured-Sparsity-Design-Alleviates-Accelerator-Bottlenecks/casestudy1/LeNet_MNIST_BNN/build/auto/home/changhong/prj/finn/notebooks/EF-US-Engine-Free-Unstructured-Sparsity-Design-Alleviates-Accelerator-Bottlenecks/casestudy1/LeNet_MNIST_BNN/tmp/auto/vivado_stitch_proj_b2b_bym1/finn_vivado_stitch_proj.gen/sources_1/bd/finn_design/ipshared/8dae/hdl/verilog/MVAU_hls_0_mac_muladd_8s_2s_10s_11_4_1.v" Line 8. Module MVAU_hls_0_mac_muladd_8s_2s_10s_11_4_1_DSP48_0 has a timescale but at least one module in design doesn't have timescale.
WARNING: [XSIM 43-4100] "/home/changhong/prj/finn/notebooks/EF-US-Engine-Free-Unstructured-Sparsity-Design-Alleviates-Accelerator-Bottlenecks/casestudy1/LeNet_MNIST_BNN/build/auto/home/changhong/prj/finn/notebooks/EF-US-Engine-Free-Unstructured-Sparsity-Design-Alleviates-Accelerator-Bottlenecks/casestudy1/LeNet_MNIST_BNN/tmp/auto/vivado_stitch_proj_b2b_bym1/finn_vivado_stitch_proj.gen/sources_1/bd/finn_design/ipshared/8dae/hdl/verilog/MVAU_hls_0_mac_muladd_8s_2s_11s_11_4_1.v" Line 47. Module MVAU_hls_0_mac_muladd_8s_2s_11s_11_4_1(ID=1,NUM_STAGE=4,din0_WIDTH=8,din1_WIDTH=2,din2_WIDTH=11,dout_WIDTH=11) has a timescale but at least one module in design doesn't have timescale.
WARNING: [XSIM 43-4100] "/home/changhong/prj/finn/notebooks/EF-US-Engine-Free-Unstructured-Sparsity-Design-Alleviates-Accelerator-Bottlenecks/casestudy1/LeNet_MNIST_BNN/build/auto/home/changhong/prj/finn/notebooks/EF-US-Engine-Free-Unstructured-Sparsity-Design-Alleviates-Accelerator-Bottlenecks/casestudy1/LeNet_MNIST_BNN/tmp/auto/vivado_stitch_proj_b2b_bym1/finn_vivado_stitch_proj.gen/sources_1/bd/finn_design/ipshared/8dae/hdl/verilog/MVAU_hls_0_mac_muladd_8s_2s_11s_11_4_1.v" Line 8. Module MVAU_hls_0_mac_muladd_8s_2s_11s_11_4_1_DSP48_1 has a timescale but at least one module in design doesn't have timescale.
WARNING: [XSIM 43-4100] "/home/changhong/prj/finn/notebooks/EF-US-Engine-Free-Unstructured-Sparsity-Design-Alleviates-Accelerator-Bottlenecks/casestudy1/LeNet_MNIST_BNN/build/auto/home/changhong/prj/finn/notebooks/EF-US-Engine-Free-Unstructured-Sparsity-Design-Alleviates-Accelerator-Bottlenecks/casestudy1/LeNet_MNIST_BNN/tmp/auto/vivado_stitch_proj_b2b_bym1/finn_vivado_stitch_proj.gen/sources_1/bd/finn_design/ipshared/8dae/hdl/verilog/MVAU_hls_0_mac_muladd_8s_2s_11s_11_4_1.v" Line 47. Module MVAU_hls_0_mac_muladd_8s_2s_11s_11_4_1(ID=1,NUM_STAGE=4,din0_WIDTH=8,din1_WIDTH=2,din2_WIDTH=11,dout_WIDTH=11) has a timescale but at least one module in design doesn't have timescale.
WARNING: [XSIM 43-4100] "/home/changhong/prj/finn/notebooks/EF-US-Engine-Free-Unstructured-Sparsity-Design-Alleviates-Accelerator-Bottlenecks/casestudy1/LeNet_MNIST_BNN/build/auto/home/changhong/prj/finn/notebooks/EF-US-Engine-Free-Unstructured-Sparsity-Design-Alleviates-Accelerator-Bottlenecks/casestudy1/LeNet_MNIST_BNN/tmp/auto/vivado_stitch_proj_b2b_bym1/finn_vivado_stitch_proj.gen/sources_1/bd/finn_design/ipshared/8dae/hdl/verilog/MVAU_hls_0_mac_muladd_8s_2s_11s_11_4_1.v" Line 8. Module MVAU_hls_0_mac_muladd_8s_2s_11s_11_4_1_DSP48_1 has a timescale but at least one module in design doesn't have timescale.
WARNING: [XSIM 43-4100] "/home/changhong/prj/finn/notebooks/EF-US-Engine-Free-Unstructured-Sparsity-Design-Alleviates-Accelerator-Bottlenecks/casestudy1/LeNet_MNIST_BNN/build/auto/home/changhong/prj/finn/notebooks/EF-US-Engine-Free-Unstructured-Sparsity-Design-Alleviates-Accelerator-Bottlenecks/casestudy1/LeNet_MNIST_BNN/tmp/auto/vivado_stitch_proj_b2b_bym1/finn_vivado_stitch_proj.gen/sources_1/bd/finn_design/ipshared/8dae/hdl/verilog/MVAU_hls_0_mac_muladd_8s_2s_11s_11_4_1.v" Line 47. Module MVAU_hls_0_mac_muladd_8s_2s_11s_11_4_1(ID=1,NUM_STAGE=4,din0_WIDTH=8,din1_WIDTH=2,din2_WIDTH=11,dout_WIDTH=11) has a timescale but at least one module in design doesn't have timescale.
WARNING: [XSIM 43-4100] "/home/changhong/prj/finn/notebooks/EF-US-Engine-Free-Unstructured-Sparsity-Design-Alleviates-Accelerator-Bottlenecks/casestudy1/LeNet_MNIST_BNN/build/auto/home/changhong/prj/finn/notebooks/EF-US-Engine-Free-Unstructured-Sparsity-Design-Alleviates-Accelerator-Bottlenecks/casestudy1/LeNet_MNIST_BNN/tmp/auto/vivado_stitch_proj_b2b_bym1/finn_vivado_stitch_proj.gen/sources_1/bd/finn_design/ipshared/8dae/hdl/verilog/MVAU_hls_0_mac_muladd_8s_2s_11s_11_4_1.v" Line 8. Module MVAU_hls_0_mac_muladd_8s_2s_11s_11_4_1_DSP48_1 has a timescale but at least one module in design doesn't have timescale.
WARNING: [XSIM 43-4100] "/home/changhong/prj/finn/notebooks/EF-US-Engine-Free-Unstructured-Sparsity-Design-Alleviates-Accelerator-Bottlenecks/casestudy1/LeNet_MNIST_BNN/build/auto/home/changhong/prj/finn/notebooks/EF-US-Engine-Free-Unstructured-Sparsity-Design-Alleviates-Accelerator-Bottlenecks/casestudy1/LeNet_MNIST_BNN/tmp/auto/vivado_stitch_proj_b2b_bym1/finn_vivado_stitch_proj.gen/sources_1/bd/finn_design/ipshared/8dae/hdl/verilog/MVAU_hls_0_mac_muladd_8s_2s_11s_11_4_1.v" Line 47. Module MVAU_hls_0_mac_muladd_8s_2s_11s_11_4_1(ID=1,NUM_STAGE=4,din0_WIDTH=8,din1_WIDTH=2,din2_WIDTH=11,dout_WIDTH=11) has a timescale but at least one module in design doesn't have timescale.
WARNING: [XSIM 43-4100] "/home/changhong/prj/finn/notebooks/EF-US-Engine-Free-Unstructured-Sparsity-Design-Alleviates-Accelerator-Bottlenecks/casestudy1/LeNet_MNIST_BNN/build/auto/home/changhong/prj/finn/notebooks/EF-US-Engine-Free-Unstructured-Sparsity-Design-Alleviates-Accelerator-Bottlenecks/casestudy1/LeNet_MNIST_BNN/tmp/auto/vivado_stitch_proj_b2b_bym1/finn_vivado_stitch_proj.gen/sources_1/bd/finn_design/ipshared/8dae/hdl/verilog/MVAU_hls_0_mac_muladd_8s_2s_11s_11_4_1.v" Line 8. Module MVAU_hls_0_mac_muladd_8s_2s_11s_11_4_1_DSP48_1 has a timescale but at least one module in design doesn't have timescale.
WARNING: [XSIM 43-4100] "/home/changhong/prj/finn/notebooks/EF-US-Engine-Free-Unstructured-Sparsity-Design-Alleviates-Accelerator-Bottlenecks/casestudy1/LeNet_MNIST_BNN/build/auto/home/changhong/prj/finn/notebooks/EF-US-Engine-Free-Unstructured-Sparsity-Design-Alleviates-Accelerator-Bottlenecks/casestudy1/LeNet_MNIST_BNN/tmp/auto/vivado_stitch_proj_b2b_bym1/finn_vivado_stitch_proj.gen/sources_1/bd/finn_design/ipshared/8dae/hdl/verilog/MVAU_hls_0_mac_muladd_8s_2s_11s_11_4_1.v" Line 47. Module MVAU_hls_0_mac_muladd_8s_2s_11s_11_4_1(ID=1,NUM_STAGE=4,din0_WIDTH=8,din1_WIDTH=2,din2_WIDTH=11,dout_WIDTH=11) has a timescale but at least one module in design doesn't have timescale.
WARNING: [XSIM 43-4100] "/home/changhong/prj/finn/notebooks/EF-US-Engine-Free-Unstructured-Sparsity-Design-Alleviates-Accelerator-Bottlenecks/casestudy1/LeNet_MNIST_BNN/build/auto/home/changhong/prj/finn/notebooks/EF-US-Engine-Free-Unstructured-Sparsity-Design-Alleviates-Accelerator-Bottlenecks/casestudy1/LeNet_MNIST_BNN/tmp/auto/vivado_stitch_proj_b2b_bym1/finn_vivado_stitch_proj.gen/sources_1/bd/finn_design/ipshared/8dae/hdl/verilog/MVAU_hls_0_mac_muladd_8s_2s_11s_11_4_1.v" Line 8. Module MVAU_hls_0_mac_muladd_8s_2s_11s_11_4_1_DSP48_1 has a timescale but at least one module in design doesn't have timescale.
WARNING: [XSIM 43-4100] "/home/changhong/prj/finn/notebooks/EF-US-Engine-Free-Unstructured-Sparsity-Design-Alleviates-Accelerator-Bottlenecks/casestudy1/LeNet_MNIST_BNN/build/auto/home/changhong/prj/finn/notebooks/EF-US-Engine-Free-Unstructured-Sparsity-Design-Alleviates-Accelerator-Bottlenecks/casestudy1/LeNet_MNIST_BNN/tmp/auto/vivado_stitch_proj_b2b_bym1/finn_vivado_stitch_proj.gen/sources_1/bd/finn_design/ipshared/8dae/hdl/verilog/MVAU_hls_0_mac_muladd_8s_2s_11s_11_4_1.v" Line 47. Module MVAU_hls_0_mac_muladd_8s_2s_11s_11_4_1(ID=1,NUM_STAGE=4,din0_WIDTH=8,din1_WIDTH=2,din2_WIDTH=11,dout_WIDTH=11) has a timescale but at least one module in design doesn't have timescale.
WARNING: [XSIM 43-4100] "/home/changhong/prj/finn/notebooks/EF-US-Engine-Free-Unstructured-Sparsity-Design-Alleviates-Accelerator-Bottlenecks/casestudy1/LeNet_MNIST_BNN/build/auto/home/changhong/prj/finn/notebooks/EF-US-Engine-Free-Unstructured-Sparsity-Design-Alleviates-Accelerator-Bottlenecks/casestudy1/LeNet_MNIST_BNN/tmp/auto/vivado_stitch_proj_b2b_bym1/finn_vivado_stitch_proj.gen/sources_1/bd/finn_design/ipshared/8dae/hdl/verilog/MVAU_hls_0_mac_muladd_8s_2s_11s_11_4_1.v" Line 8. Module MVAU_hls_0_mac_muladd_8s_2s_11s_11_4_1_DSP48_1 has a timescale but at least one module in design doesn't have timescale.
WARNING: [XSIM 43-4100] "/home/changhong/prj/finn/notebooks/EF-US-Engine-Free-Unstructured-Sparsity-Design-Alleviates-Accelerator-Bottlenecks/casestudy1/LeNet_MNIST_BNN/build/auto/home/changhong/prj/finn/notebooks/EF-US-Engine-Free-Unstructured-Sparsity-Design-Alleviates-Accelerator-Bottlenecks/casestudy1/LeNet_MNIST_BNN/tmp/auto/vivado_stitch_proj_b2b_bym1/finn_vivado_stitch_proj.gen/sources_1/bd/finn_design/ipshared/8dae/hdl/verilog/MVAU_hls_0_mac_muladd_8s_2s_11s_11_4_1.v" Line 47. Module MVAU_hls_0_mac_muladd_8s_2s_11s_11_4_1(ID=1,NUM_STAGE=4,din0_WIDTH=8,din1_WIDTH=2,din2_WIDTH=11,dout_WIDTH=11) has a timescale but at least one module in design doesn't have timescale.
WARNING: [XSIM 43-4100] "/home/changhong/prj/finn/notebooks/EF-US-Engine-Free-Unstructured-Sparsity-Design-Alleviates-Accelerator-Bottlenecks/casestudy1/LeNet_MNIST_BNN/build/auto/home/changhong/prj/finn/notebooks/EF-US-Engine-Free-Unstructured-Sparsity-Design-Alleviates-Accelerator-Bottlenecks/casestudy1/LeNet_MNIST_BNN/tmp/auto/vivado_stitch_proj_b2b_bym1/finn_vivado_stitch_proj.gen/sources_1/bd/finn_design/ipshared/8dae/hdl/verilog/MVAU_hls_0_mac_muladd_8s_2s_11s_11_4_1.v" Line 8. Module MVAU_hls_0_mac_muladd_8s_2s_11s_11_4_1_DSP48_1 has a timescale but at least one module in design doesn't have timescale.
WARNING: [XSIM 43-4100] "/home/changhong/prj/finn/notebooks/EF-US-Engine-Free-Unstructured-Sparsity-Design-Alleviates-Accelerator-Bottlenecks/casestudy1/LeNet_MNIST_BNN/build/auto/home/changhong/prj/finn/notebooks/EF-US-Engine-Free-Unstructured-Sparsity-Design-Alleviates-Accelerator-Bottlenecks/casestudy1/LeNet_MNIST_BNN/tmp/auto/vivado_stitch_proj_b2b_bym1/finn_vivado_stitch_proj.gen/sources_1/bd/finn_design/ipshared/8dae/hdl/verilog/MVAU_hls_0_mac_muladd_8s_2s_10s_11_4_1.v" Line 47. Module MVAU_hls_0_mac_muladd_8s_2s_10s_11_4_1(ID=1,NUM_STAGE=4,din0_WIDTH=8,din1_WIDTH=2,din2_WIDTH=10,dout_WIDTH=11) has a timescale but at least one module in design doesn't have timescale.
WARNING: [XSIM 43-4100] "/home/changhong/prj/finn/notebooks/EF-US-Engine-Free-Unstructured-Sparsity-Design-Alleviates-Accelerator-Bottlenecks/casestudy1/LeNet_MNIST_BNN/build/auto/home/changhong/prj/finn/notebooks/EF-US-Engine-Free-Unstructured-Sparsity-Design-Alleviates-Accelerator-Bottlenecks/casestudy1/LeNet_MNIST_BNN/tmp/auto/vivado_stitch_proj_b2b_bym1/finn_vivado_stitch_proj.gen/sources_1/bd/finn_design/ipshared/8dae/hdl/verilog/MVAU_hls_0_mac_muladd_8s_2s_10s_11_4_1.v" Line 8. Module MVAU_hls_0_mac_muladd_8s_2s_10s_11_4_1_DSP48_0 has a timescale but at least one module in design doesn't have timescale.
WARNING: [XSIM 43-4100] "/home/changhong/prj/finn/notebooks/EF-US-Engine-Free-Unstructured-Sparsity-Design-Alleviates-Accelerator-Bottlenecks/casestudy1/LeNet_MNIST_BNN/build/auto/home/changhong/prj/finn/notebooks/EF-US-Engine-Free-Unstructured-Sparsity-Design-Alleviates-Accelerator-Bottlenecks/casestudy1/LeNet_MNIST_BNN/tmp/auto/vivado_stitch_proj_b2b_bym1/finn_vivado_stitch_proj.gen/sources_1/bd/finn_design/ipshared/8dae/hdl/verilog/MVAU_hls_0_mac_muladd_8s_2s_10s_11_4_1.v" Line 47. Module MVAU_hls_0_mac_muladd_8s_2s_10s_11_4_1(ID=1,NUM_STAGE=4,din0_WIDTH=8,din1_WIDTH=2,din2_WIDTH=10,dout_WIDTH=11) has a timescale but at least one module in design doesn't have timescale.
WARNING: [XSIM 43-4100] "/home/changhong/prj/finn/notebooks/EF-US-Engine-Free-Unstructured-Sparsity-Design-Alleviates-Accelerator-Bottlenecks/casestudy1/LeNet_MNIST_BNN/build/auto/home/changhong/prj/finn/notebooks/EF-US-Engine-Free-Unstructured-Sparsity-Design-Alleviates-Accelerator-Bottlenecks/casestudy1/LeNet_MNIST_BNN/tmp/auto/vivado_stitch_proj_b2b_bym1/finn_vivado_stitch_proj.gen/sources_1/bd/finn_design/ipshared/8dae/hdl/verilog/MVAU_hls_0_mac_muladd_8s_2s_10s_11_4_1.v" Line 8. Module MVAU_hls_0_mac_muladd_8s_2s_10s_11_4_1_DSP48_0 has a timescale but at least one module in design doesn't have timescale.
WARNING: [XSIM 43-4100] "/home/changhong/prj/finn/notebooks/EF-US-Engine-Free-Unstructured-Sparsity-Design-Alleviates-Accelerator-Bottlenecks/casestudy1/LeNet_MNIST_BNN/build/auto/home/changhong/prj/finn/notebooks/EF-US-Engine-Free-Unstructured-Sparsity-Design-Alleviates-Accelerator-Bottlenecks/casestudy1/LeNet_MNIST_BNN/tmp/auto/vivado_stitch_proj_b2b_bym1/finn_vivado_stitch_proj.gen/sources_1/bd/finn_design/ipshared/8dae/hdl/verilog/MVAU_hls_0_mac_muladd_8s_2s_11s_11_4_1.v" Line 47. Module MVAU_hls_0_mac_muladd_8s_2s_11s_11_4_1(ID=1,NUM_STAGE=4,din0_WIDTH=8,din1_WIDTH=2,din2_WIDTH=11,dout_WIDTH=11) has a timescale but at least one module in design doesn't have timescale.
WARNING: [XSIM 43-4100] "/home/changhong/prj/finn/notebooks/EF-US-Engine-Free-Unstructured-Sparsity-Design-Alleviates-Accelerator-Bottlenecks/casestudy1/LeNet_MNIST_BNN/build/auto/home/changhong/prj/finn/notebooks/EF-US-Engine-Free-Unstructured-Sparsity-Design-Alleviates-Accelerator-Bottlenecks/casestudy1/LeNet_MNIST_BNN/tmp/auto/vivado_stitch_proj_b2b_bym1/finn_vivado_stitch_proj.gen/sources_1/bd/finn_design/ipshared/8dae/hdl/verilog/MVAU_hls_0_mac_muladd_8s_2s_11s_11_4_1.v" Line 8. Module MVAU_hls_0_mac_muladd_8s_2s_11s_11_4_1_DSP48_1 has a timescale but at least one module in design doesn't have timescale.
WARNING: [XSIM 43-4100] "/home/changhong/prj/finn/notebooks/EF-US-Engine-Free-Unstructured-Sparsity-Design-Alleviates-Accelerator-Bottlenecks/casestudy1/LeNet_MNIST_BNN/build/auto/home/changhong/prj/finn/notebooks/EF-US-Engine-Free-Unstructured-Sparsity-Design-Alleviates-Accelerator-Bottlenecks/casestudy1/LeNet_MNIST_BNN/tmp/auto/vivado_stitch_proj_b2b_bym1/finn_vivado_stitch_proj.gen/sources_1/bd/finn_design/ipshared/8dae/hdl/verilog/MVAU_hls_0_mac_muladd_8s_2s_11s_11_4_1.v" Line 47. Module MVAU_hls_0_mac_muladd_8s_2s_11s_11_4_1(ID=1,NUM_STAGE=4,din0_WIDTH=8,din1_WIDTH=2,din2_WIDTH=11,dout_WIDTH=11) has a timescale but at least one module in design doesn't have timescale.
WARNING: [XSIM 43-4100] "/home/changhong/prj/finn/notebooks/EF-US-Engine-Free-Unstructured-Sparsity-Design-Alleviates-Accelerator-Bottlenecks/casestudy1/LeNet_MNIST_BNN/build/auto/home/changhong/prj/finn/notebooks/EF-US-Engine-Free-Unstructured-Sparsity-Design-Alleviates-Accelerator-Bottlenecks/casestudy1/LeNet_MNIST_BNN/tmp/auto/vivado_stitch_proj_b2b_bym1/finn_vivado_stitch_proj.gen/sources_1/bd/finn_design/ipshared/8dae/hdl/verilog/MVAU_hls_0_mac_muladd_8s_2s_11s_11_4_1.v" Line 8. Module MVAU_hls_0_mac_muladd_8s_2s_11s_11_4_1_DSP48_1 has a timescale but at least one module in design doesn't have timescale.
WARNING: [XSIM 43-4100] "/home/changhong/prj/finn/notebooks/EF-US-Engine-Free-Unstructured-Sparsity-Design-Alleviates-Accelerator-Bottlenecks/casestudy1/LeNet_MNIST_BNN/build/auto/home/changhong/prj/finn/notebooks/EF-US-Engine-Free-Unstructured-Sparsity-Design-Alleviates-Accelerator-Bottlenecks/casestudy1/LeNet_MNIST_BNN/tmp/auto/vivado_stitch_proj_b2b_bym1/finn_vivado_stitch_proj.gen/sources_1/bd/finn_design/ipshared/8dae/hdl/verilog/MVAU_hls_0_mac_muladd_8s_2s_11s_11_4_1.v" Line 47. Module MVAU_hls_0_mac_muladd_8s_2s_11s_11_4_1(ID=1,NUM_STAGE=4,din0_WIDTH=8,din1_WIDTH=2,din2_WIDTH=11,dout_WIDTH=11) has a timescale but at least one module in design doesn't have timescale.
WARNING: [XSIM 43-4100] "/home/changhong/prj/finn/notebooks/EF-US-Engine-Free-Unstructured-Sparsity-Design-Alleviates-Accelerator-Bottlenecks/casestudy1/LeNet_MNIST_BNN/build/auto/home/changhong/prj/finn/notebooks/EF-US-Engine-Free-Unstructured-Sparsity-Design-Alleviates-Accelerator-Bottlenecks/casestudy1/LeNet_MNIST_BNN/tmp/auto/vivado_stitch_proj_b2b_bym1/finn_vivado_stitch_proj.gen/sources_1/bd/finn_design/ipshared/8dae/hdl/verilog/MVAU_hls_0_mac_muladd_8s_2s_11s_11_4_1.v" Line 8. Module MVAU_hls_0_mac_muladd_8s_2s_11s_11_4_1_DSP48_1 has a timescale but at least one module in design doesn't have timescale.
WARNING: [XSIM 43-4100] "/home/changhong/prj/finn/notebooks/EF-US-Engine-Free-Unstructured-Sparsity-Design-Alleviates-Accelerator-Bottlenecks/casestudy1/LeNet_MNIST_BNN/build/auto/home/changhong/prj/finn/notebooks/EF-US-Engine-Free-Unstructured-Sparsity-Design-Alleviates-Accelerator-Bottlenecks/casestudy1/LeNet_MNIST_BNN/tmp/auto/vivado_stitch_proj_b2b_bym1/finn_vivado_stitch_proj.gen/sources_1/bd/finn_design/ipshared/8dae/hdl/verilog/MVAU_hls_0_mac_muladd_8s_2s_11s_11_4_1.v" Line 47. Module MVAU_hls_0_mac_muladd_8s_2s_11s_11_4_1(ID=1,NUM_STAGE=4,din0_WIDTH=8,din1_WIDTH=2,din2_WIDTH=11,dout_WIDTH=11) has a timescale but at least one module in design doesn't have timescale.
WARNING: [XSIM 43-4100] "/home/changhong/prj/finn/notebooks/EF-US-Engine-Free-Unstructured-Sparsity-Design-Alleviates-Accelerator-Bottlenecks/casestudy1/LeNet_MNIST_BNN/build/auto/home/changhong/prj/finn/notebooks/EF-US-Engine-Free-Unstructured-Sparsity-Design-Alleviates-Accelerator-Bottlenecks/casestudy1/LeNet_MNIST_BNN/tmp/auto/vivado_stitch_proj_b2b_bym1/finn_vivado_stitch_proj.gen/sources_1/bd/finn_design/ipshared/8dae/hdl/verilog/MVAU_hls_0_mac_muladd_8s_2s_11s_11_4_1.v" Line 8. Module MVAU_hls_0_mac_muladd_8s_2s_11s_11_4_1_DSP48_1 has a timescale but at least one module in design doesn't have timescale.
WARNING: [XSIM 43-4100] "/home/changhong/prj/finn/notebooks/EF-US-Engine-Free-Unstructured-Sparsity-Design-Alleviates-Accelerator-Bottlenecks/casestudy1/LeNet_MNIST_BNN/build/auto/home/changhong/prj/finn/notebooks/EF-US-Engine-Free-Unstructured-Sparsity-Design-Alleviates-Accelerator-Bottlenecks/casestudy1/LeNet_MNIST_BNN/tmp/auto/vivado_stitch_proj_b2b_bym1/finn_vivado_stitch_proj.gen/sources_1/bd/finn_design/ipshared/8dae/hdl/verilog/MVAU_hls_0_mac_muladd_8s_2s_11s_11_4_1.v" Line 47. Module MVAU_hls_0_mac_muladd_8s_2s_11s_11_4_1(ID=1,NUM_STAGE=4,din0_WIDTH=8,din1_WIDTH=2,din2_WIDTH=11,dout_WIDTH=11) has a timescale but at least one module in design doesn't have timescale.
WARNING: [XSIM 43-4100] "/home/changhong/prj/finn/notebooks/EF-US-Engine-Free-Unstructured-Sparsity-Design-Alleviates-Accelerator-Bottlenecks/casestudy1/LeNet_MNIST_BNN/build/auto/home/changhong/prj/finn/notebooks/EF-US-Engine-Free-Unstructured-Sparsity-Design-Alleviates-Accelerator-Bottlenecks/casestudy1/LeNet_MNIST_BNN/tmp/auto/vivado_stitch_proj_b2b_bym1/finn_vivado_stitch_proj.gen/sources_1/bd/finn_design/ipshared/8dae/hdl/verilog/MVAU_hls_0_mac_muladd_8s_2s_11s_11_4_1.v" Line 8. Module MVAU_hls_0_mac_muladd_8s_2s_11s_11_4_1_DSP48_1 has a timescale but at least one module in design doesn't have timescale.
WARNING: [XSIM 43-4100] "/home/changhong/prj/finn/notebooks/EF-US-Engine-Free-Unstructured-Sparsity-Design-Alleviates-Accelerator-Bottlenecks/casestudy1/LeNet_MNIST_BNN/build/auto/home/changhong/prj/finn/notebooks/EF-US-Engine-Free-Unstructured-Sparsity-Design-Alleviates-Accelerator-Bottlenecks/casestudy1/LeNet_MNIST_BNN/tmp/auto/vivado_stitch_proj_b2b_bym1/finn_vivado_stitch_proj.gen/sources_1/bd/finn_design/ipshared/8dae/hdl/verilog/MVAU_hls_0_mac_muladd_8s_2s_11s_11_4_1.v" Line 47. Module MVAU_hls_0_mac_muladd_8s_2s_11s_11_4_1(ID=1,NUM_STAGE=4,din0_WIDTH=8,din1_WIDTH=2,din2_WIDTH=11,dout_WIDTH=11) has a timescale but at least one module in design doesn't have timescale.
WARNING: [XSIM 43-4100] "/home/changhong/prj/finn/notebooks/EF-US-Engine-Free-Unstructured-Sparsity-Design-Alleviates-Accelerator-Bottlenecks/casestudy1/LeNet_MNIST_BNN/build/auto/home/changhong/prj/finn/notebooks/EF-US-Engine-Free-Unstructured-Sparsity-Design-Alleviates-Accelerator-Bottlenecks/casestudy1/LeNet_MNIST_BNN/tmp/auto/vivado_stitch_proj_b2b_bym1/finn_vivado_stitch_proj.gen/sources_1/bd/finn_design/ipshared/8dae/hdl/verilog/MVAU_hls_0_mac_muladd_8s_2s_11s_11_4_1.v" Line 8. Module MVAU_hls_0_mac_muladd_8s_2s_11s_11_4_1_DSP48_1 has a timescale but at least one module in design doesn't have timescale.
WARNING: [XSIM 43-4100] "/home/changhong/prj/finn/notebooks/EF-US-Engine-Free-Unstructured-Sparsity-Design-Alleviates-Accelerator-Bottlenecks/casestudy1/LeNet_MNIST_BNN/build/auto/home/changhong/prj/finn/notebooks/EF-US-Engine-Free-Unstructured-Sparsity-Design-Alleviates-Accelerator-Bottlenecks/casestudy1/LeNet_MNIST_BNN/tmp/auto/vivado_stitch_proj_b2b_bym1/finn_vivado_stitch_proj.gen/sources_1/bd/finn_design/ipshared/8dae/hdl/verilog/MVAU_hls_0_mac_muladd_8s_2s_11s_11_4_1.v" Line 47. Module MVAU_hls_0_mac_muladd_8s_2s_11s_11_4_1(ID=1,NUM_STAGE=4,din0_WIDTH=8,din1_WIDTH=2,din2_WIDTH=11,dout_WIDTH=11) has a timescale but at least one module in design doesn't have timescale.
WARNING: [XSIM 43-4100] "/home/changhong/prj/finn/notebooks/EF-US-Engine-Free-Unstructured-Sparsity-Design-Alleviates-Accelerator-Bottlenecks/casestudy1/LeNet_MNIST_BNN/build/auto/home/changhong/prj/finn/notebooks/EF-US-Engine-Free-Unstructured-Sparsity-Design-Alleviates-Accelerator-Bottlenecks/casestudy1/LeNet_MNIST_BNN/tmp/auto/vivado_stitch_proj_b2b_bym1/finn_vivado_stitch_proj.gen/sources_1/bd/finn_design/ipshared/8dae/hdl/verilog/MVAU_hls_0_mac_muladd_8s_2s_11s_11_4_1.v" Line 8. Module MVAU_hls_0_mac_muladd_8s_2s_11s_11_4_1_DSP48_1 has a timescale but at least one module in design doesn't have timescale.
WARNING: [XSIM 43-4100] "/home/changhong/prj/finn/notebooks/EF-US-Engine-Free-Unstructured-Sparsity-Design-Alleviates-Accelerator-Bottlenecks/casestudy1/LeNet_MNIST_BNN/build/auto/home/changhong/prj/finn/notebooks/EF-US-Engine-Free-Unstructured-Sparsity-Design-Alleviates-Accelerator-Bottlenecks/casestudy1/LeNet_MNIST_BNN/tmp/auto/vivado_stitch_proj_b2b_bym1/finn_vivado_stitch_proj.gen/sources_1/bd/finn_design/ipshared/8dae/hdl/verilog/MVAU_hls_0_mac_muladd_8s_2s_10s_11_4_1.v" Line 47. Module MVAU_hls_0_mac_muladd_8s_2s_10s_11_4_1(ID=1,NUM_STAGE=4,din0_WIDTH=8,din1_WIDTH=2,din2_WIDTH=10,dout_WIDTH=11) has a timescale but at least one module in design doesn't have timescale.
WARNING: [XSIM 43-4100] "/home/changhong/prj/finn/notebooks/EF-US-Engine-Free-Unstructured-Sparsity-Design-Alleviates-Accelerator-Bottlenecks/casestudy1/LeNet_MNIST_BNN/build/auto/home/changhong/prj/finn/notebooks/EF-US-Engine-Free-Unstructured-Sparsity-Design-Alleviates-Accelerator-Bottlenecks/casestudy1/LeNet_MNIST_BNN/tmp/auto/vivado_stitch_proj_b2b_bym1/finn_vivado_stitch_proj.gen/sources_1/bd/finn_design/ipshared/8dae/hdl/verilog/MVAU_hls_0_mac_muladd_8s_2s_10s_11_4_1.v" Line 8. Module MVAU_hls_0_mac_muladd_8s_2s_10s_11_4_1_DSP48_0 has a timescale but at least one module in design doesn't have timescale.
WARNING: [XSIM 43-4100] "/home/changhong/prj/finn/notebooks/EF-US-Engine-Free-Unstructured-Sparsity-Design-Alleviates-Accelerator-Bottlenecks/casestudy1/LeNet_MNIST_BNN/build/auto/home/changhong/prj/finn/notebooks/EF-US-Engine-Free-Unstructured-Sparsity-Design-Alleviates-Accelerator-Bottlenecks/casestudy1/LeNet_MNIST_BNN/tmp/auto/vivado_stitch_proj_b2b_bym1/finn_vivado_stitch_proj.gen/sources_1/bd/finn_design/ipshared/8dae/hdl/verilog/MVAU_hls_0_mac_muladd_8s_2s_10s_11_4_1.v" Line 47. Module MVAU_hls_0_mac_muladd_8s_2s_10s_11_4_1(ID=1,NUM_STAGE=4,din0_WIDTH=8,din1_WIDTH=2,din2_WIDTH=10,dout_WIDTH=11) has a timescale but at least one module in design doesn't have timescale.
WARNING: [XSIM 43-4100] "/home/changhong/prj/finn/notebooks/EF-US-Engine-Free-Unstructured-Sparsity-Design-Alleviates-Accelerator-Bottlenecks/casestudy1/LeNet_MNIST_BNN/build/auto/home/changhong/prj/finn/notebooks/EF-US-Engine-Free-Unstructured-Sparsity-Design-Alleviates-Accelerator-Bottlenecks/casestudy1/LeNet_MNIST_BNN/tmp/auto/vivado_stitch_proj_b2b_bym1/finn_vivado_stitch_proj.gen/sources_1/bd/finn_design/ipshared/8dae/hdl/verilog/MVAU_hls_0_mac_muladd_8s_2s_10s_11_4_1.v" Line 8. Module MVAU_hls_0_mac_muladd_8s_2s_10s_11_4_1_DSP48_0 has a timescale but at least one module in design doesn't have timescale.
WARNING: [XSIM 43-4100] "/home/changhong/prj/finn/notebooks/EF-US-Engine-Free-Unstructured-Sparsity-Design-Alleviates-Accelerator-Bottlenecks/casestudy1/LeNet_MNIST_BNN/build/auto/home/changhong/prj/finn/notebooks/EF-US-Engine-Free-Unstructured-Sparsity-Design-Alleviates-Accelerator-Bottlenecks/casestudy1/LeNet_MNIST_BNN/tmp/auto/vivado_stitch_proj_b2b_bym1/finn_vivado_stitch_proj.gen/sources_1/bd/finn_design/ipshared/8dae/hdl/verilog/MVAU_hls_0_mac_muladd_8s_2s_11s_11_4_1.v" Line 47. Module MVAU_hls_0_mac_muladd_8s_2s_11s_11_4_1(ID=1,NUM_STAGE=4,din0_WIDTH=8,din1_WIDTH=2,din2_WIDTH=11,dout_WIDTH=11) has a timescale but at least one module in design doesn't have timescale.
WARNING: [XSIM 43-4100] "/home/changhong/prj/finn/notebooks/EF-US-Engine-Free-Unstructured-Sparsity-Design-Alleviates-Accelerator-Bottlenecks/casestudy1/LeNet_MNIST_BNN/build/auto/home/changhong/prj/finn/notebooks/EF-US-Engine-Free-Unstructured-Sparsity-Design-Alleviates-Accelerator-Bottlenecks/casestudy1/LeNet_MNIST_BNN/tmp/auto/vivado_stitch_proj_b2b_bym1/finn_vivado_stitch_proj.gen/sources_1/bd/finn_design/ipshared/8dae/hdl/verilog/MVAU_hls_0_mac_muladd_8s_2s_11s_11_4_1.v" Line 8. Module MVAU_hls_0_mac_muladd_8s_2s_11s_11_4_1_DSP48_1 has a timescale but at least one module in design doesn't have timescale.
WARNING: [XSIM 43-4100] "/home/changhong/prj/finn/notebooks/EF-US-Engine-Free-Unstructured-Sparsity-Design-Alleviates-Accelerator-Bottlenecks/casestudy1/LeNet_MNIST_BNN/build/auto/home/changhong/prj/finn/notebooks/EF-US-Engine-Free-Unstructured-Sparsity-Design-Alleviates-Accelerator-Bottlenecks/casestudy1/LeNet_MNIST_BNN/tmp/auto/vivado_stitch_proj_b2b_bym1/finn_vivado_stitch_proj.gen/sources_1/bd/finn_design/ipshared/8dae/hdl/verilog/MVAU_hls_0_mac_muladd_8s_2s_11s_11_4_1.v" Line 47. Module MVAU_hls_0_mac_muladd_8s_2s_11s_11_4_1(ID=1,NUM_STAGE=4,din0_WIDTH=8,din1_WIDTH=2,din2_WIDTH=11,dout_WIDTH=11) has a timescale but at least one module in design doesn't have timescale.
WARNING: [XSIM 43-4100] "/home/changhong/prj/finn/notebooks/EF-US-Engine-Free-Unstructured-Sparsity-Design-Alleviates-Accelerator-Bottlenecks/casestudy1/LeNet_MNIST_BNN/build/auto/home/changhong/prj/finn/notebooks/EF-US-Engine-Free-Unstructured-Sparsity-Design-Alleviates-Accelerator-Bottlenecks/casestudy1/LeNet_MNIST_BNN/tmp/auto/vivado_stitch_proj_b2b_bym1/finn_vivado_stitch_proj.gen/sources_1/bd/finn_design/ipshared/8dae/hdl/verilog/MVAU_hls_0_mac_muladd_8s_2s_11s_11_4_1.v" Line 8. Module MVAU_hls_0_mac_muladd_8s_2s_11s_11_4_1_DSP48_1 has a timescale but at least one module in design doesn't have timescale.
WARNING: [XSIM 43-4100] "/home/changhong/prj/finn/notebooks/EF-US-Engine-Free-Unstructured-Sparsity-Design-Alleviates-Accelerator-Bottlenecks/casestudy1/LeNet_MNIST_BNN/build/auto/home/changhong/prj/finn/notebooks/EF-US-Engine-Free-Unstructured-Sparsity-Design-Alleviates-Accelerator-Bottlenecks/casestudy1/LeNet_MNIST_BNN/tmp/auto/vivado_stitch_proj_b2b_bym1/finn_vivado_stitch_proj.gen/sources_1/bd/finn_design/ipshared/8dae/hdl/verilog/MVAU_hls_0_mac_muladd_8s_2s_11s_11_4_1.v" Line 47. Module MVAU_hls_0_mac_muladd_8s_2s_11s_11_4_1(ID=1,NUM_STAGE=4,din0_WIDTH=8,din1_WIDTH=2,din2_WIDTH=11,dout_WIDTH=11) has a timescale but at least one module in design doesn't have timescale.
WARNING: [XSIM 43-4100] "/home/changhong/prj/finn/notebooks/EF-US-Engine-Free-Unstructured-Sparsity-Design-Alleviates-Accelerator-Bottlenecks/casestudy1/LeNet_MNIST_BNN/build/auto/home/changhong/prj/finn/notebooks/EF-US-Engine-Free-Unstructured-Sparsity-Design-Alleviates-Accelerator-Bottlenecks/casestudy1/LeNet_MNIST_BNN/tmp/auto/vivado_stitch_proj_b2b_bym1/finn_vivado_stitch_proj.gen/sources_1/bd/finn_design/ipshared/8dae/hdl/verilog/MVAU_hls_0_mac_muladd_8s_2s_11s_11_4_1.v" Line 8. Module MVAU_hls_0_mac_muladd_8s_2s_11s_11_4_1_DSP48_1 has a timescale but at least one module in design doesn't have timescale.
WARNING: [XSIM 43-4100] "/home/changhong/prj/finn/notebooks/EF-US-Engine-Free-Unstructured-Sparsity-Design-Alleviates-Accelerator-Bottlenecks/casestudy1/LeNet_MNIST_BNN/build/auto/home/changhong/prj/finn/notebooks/EF-US-Engine-Free-Unstructured-Sparsity-Design-Alleviates-Accelerator-Bottlenecks/casestudy1/LeNet_MNIST_BNN/tmp/auto/vivado_stitch_proj_b2b_bym1/finn_vivado_stitch_proj.gen/sources_1/bd/finn_design/ipshared/8dae/hdl/verilog/MVAU_hls_0_mac_muladd_8s_2s_11s_11_4_1.v" Line 47. Module MVAU_hls_0_mac_muladd_8s_2s_11s_11_4_1(ID=1,NUM_STAGE=4,din0_WIDTH=8,din1_WIDTH=2,din2_WIDTH=11,dout_WIDTH=11) has a timescale but at least one module in design doesn't have timescale.
WARNING: [XSIM 43-4100] "/home/changhong/prj/finn/notebooks/EF-US-Engine-Free-Unstructured-Sparsity-Design-Alleviates-Accelerator-Bottlenecks/casestudy1/LeNet_MNIST_BNN/build/auto/home/changhong/prj/finn/notebooks/EF-US-Engine-Free-Unstructured-Sparsity-Design-Alleviates-Accelerator-Bottlenecks/casestudy1/LeNet_MNIST_BNN/tmp/auto/vivado_stitch_proj_b2b_bym1/finn_vivado_stitch_proj.gen/sources_1/bd/finn_design/ipshared/8dae/hdl/verilog/MVAU_hls_0_mac_muladd_8s_2s_11s_11_4_1.v" Line 8. Module MVAU_hls_0_mac_muladd_8s_2s_11s_11_4_1_DSP48_1 has a timescale but at least one module in design doesn't have timescale.
WARNING: [XSIM 43-4100] "/home/changhong/prj/finn/notebooks/EF-US-Engine-Free-Unstructured-Sparsity-Design-Alleviates-Accelerator-Bottlenecks/casestudy1/LeNet_MNIST_BNN/build/auto/home/changhong/prj/finn/notebooks/EF-US-Engine-Free-Unstructured-Sparsity-Design-Alleviates-Accelerator-Bottlenecks/casestudy1/LeNet_MNIST_BNN/tmp/auto/vivado_stitch_proj_b2b_bym1/finn_vivado_stitch_proj.gen/sources_1/bd/finn_design/ipshared/8dae/hdl/verilog/MVAU_hls_0_mac_muladd_8s_2s_11s_11_4_1.v" Line 47. Module MVAU_hls_0_mac_muladd_8s_2s_11s_11_4_1(ID=1,NUM_STAGE=4,din0_WIDTH=8,din1_WIDTH=2,din2_WIDTH=11,dout_WIDTH=11) has a timescale but at least one module in design doesn't have timescale.
WARNING: [XSIM 43-4100] "/home/changhong/prj/finn/notebooks/EF-US-Engine-Free-Unstructured-Sparsity-Design-Alleviates-Accelerator-Bottlenecks/casestudy1/LeNet_MNIST_BNN/build/auto/home/changhong/prj/finn/notebooks/EF-US-Engine-Free-Unstructured-Sparsity-Design-Alleviates-Accelerator-Bottlenecks/casestudy1/LeNet_MNIST_BNN/tmp/auto/vivado_stitch_proj_b2b_bym1/finn_vivado_stitch_proj.gen/sources_1/bd/finn_design/ipshared/8dae/hdl/verilog/MVAU_hls_0_mac_muladd_8s_2s_11s_11_4_1.v" Line 8. Module MVAU_hls_0_mac_muladd_8s_2s_11s_11_4_1_DSP48_1 has a timescale but at least one module in design doesn't have timescale.
WARNING: [XSIM 43-4100] "/home/changhong/prj/finn/notebooks/EF-US-Engine-Free-Unstructured-Sparsity-Design-Alleviates-Accelerator-Bottlenecks/casestudy1/LeNet_MNIST_BNN/build/auto/home/changhong/prj/finn/notebooks/EF-US-Engine-Free-Unstructured-Sparsity-Design-Alleviates-Accelerator-Bottlenecks/casestudy1/LeNet_MNIST_BNN/tmp/auto/vivado_stitch_proj_b2b_bym1/finn_vivado_stitch_proj.gen/sources_1/bd/finn_design/ipshared/8dae/hdl/verilog/MVAU_hls_0_mac_muladd_8s_2s_11s_11_4_1.v" Line 47. Module MVAU_hls_0_mac_muladd_8s_2s_11s_11_4_1(ID=1,NUM_STAGE=4,din0_WIDTH=8,din1_WIDTH=2,din2_WIDTH=11,dout_WIDTH=11) has a timescale but at least one module in design doesn't have timescale.
WARNING: [XSIM 43-4100] "/home/changhong/prj/finn/notebooks/EF-US-Engine-Free-Unstructured-Sparsity-Design-Alleviates-Accelerator-Bottlenecks/casestudy1/LeNet_MNIST_BNN/build/auto/home/changhong/prj/finn/notebooks/EF-US-Engine-Free-Unstructured-Sparsity-Design-Alleviates-Accelerator-Bottlenecks/casestudy1/LeNet_MNIST_BNN/tmp/auto/vivado_stitch_proj_b2b_bym1/finn_vivado_stitch_proj.gen/sources_1/bd/finn_design/ipshared/8dae/hdl/verilog/MVAU_hls_0_mac_muladd_8s_2s_11s_11_4_1.v" Line 8. Module MVAU_hls_0_mac_muladd_8s_2s_11s_11_4_1_DSP48_1 has a timescale but at least one module in design doesn't have timescale.
WARNING: [XSIM 43-4100] "/home/changhong/prj/finn/notebooks/EF-US-Engine-Free-Unstructured-Sparsity-Design-Alleviates-Accelerator-Bottlenecks/casestudy1/LeNet_MNIST_BNN/build/auto/home/changhong/prj/finn/notebooks/EF-US-Engine-Free-Unstructured-Sparsity-Design-Alleviates-Accelerator-Bottlenecks/casestudy1/LeNet_MNIST_BNN/tmp/auto/vivado_stitch_proj_b2b_bym1/finn_vivado_stitch_proj.gen/sources_1/bd/finn_design/ipshared/8dae/hdl/verilog/MVAU_hls_0_mac_muladd_8s_2s_11s_11_4_1.v" Line 47. Module MVAU_hls_0_mac_muladd_8s_2s_11s_11_4_1(ID=1,NUM_STAGE=4,din0_WIDTH=8,din1_WIDTH=2,din2_WIDTH=11,dout_WIDTH=11) has a timescale but at least one module in design doesn't have timescale.
WARNING: [XSIM 43-4100] "/home/changhong/prj/finn/notebooks/EF-US-Engine-Free-Unstructured-Sparsity-Design-Alleviates-Accelerator-Bottlenecks/casestudy1/LeNet_MNIST_BNN/build/auto/home/changhong/prj/finn/notebooks/EF-US-Engine-Free-Unstructured-Sparsity-Design-Alleviates-Accelerator-Bottlenecks/casestudy1/LeNet_MNIST_BNN/tmp/auto/vivado_stitch_proj_b2b_bym1/finn_vivado_stitch_proj.gen/sources_1/bd/finn_design/ipshared/8dae/hdl/verilog/MVAU_hls_0_mac_muladd_8s_2s_11s_11_4_1.v" Line 8. Module MVAU_hls_0_mac_muladd_8s_2s_11s_11_4_1_DSP48_1 has a timescale but at least one module in design doesn't have timescale.
WARNING: [XSIM 43-4100] "/home/changhong/prj/finn/notebooks/EF-US-Engine-Free-Unstructured-Sparsity-Design-Alleviates-Accelerator-Bottlenecks/casestudy1/LeNet_MNIST_BNN/build/auto/home/changhong/prj/finn/notebooks/EF-US-Engine-Free-Unstructured-Sparsity-Design-Alleviates-Accelerator-Bottlenecks/casestudy1/LeNet_MNIST_BNN/tmp/auto/vivado_stitch_proj_b2b_bym1/finn_vivado_stitch_proj.gen/sources_1/bd/finn_design/ipshared/8dae/hdl/verilog/MVAU_hls_0_mac_muladd_8s_2s_10s_11_4_1.v" Line 47. Module MVAU_hls_0_mac_muladd_8s_2s_10s_11_4_1(ID=1,NUM_STAGE=4,din0_WIDTH=8,din1_WIDTH=2,din2_WIDTH=10,dout_WIDTH=11) has a timescale but at least one module in design doesn't have timescale.
WARNING: [XSIM 43-4100] "/home/changhong/prj/finn/notebooks/EF-US-Engine-Free-Unstructured-Sparsity-Design-Alleviates-Accelerator-Bottlenecks/casestudy1/LeNet_MNIST_BNN/build/auto/home/changhong/prj/finn/notebooks/EF-US-Engine-Free-Unstructured-Sparsity-Design-Alleviates-Accelerator-Bottlenecks/casestudy1/LeNet_MNIST_BNN/tmp/auto/vivado_stitch_proj_b2b_bym1/finn_vivado_stitch_proj.gen/sources_1/bd/finn_design/ipshared/8dae/hdl/verilog/MVAU_hls_0_mac_muladd_8s_2s_10s_11_4_1.v" Line 8. Module MVAU_hls_0_mac_muladd_8s_2s_10s_11_4_1_DSP48_0 has a timescale but at least one module in design doesn't have timescale.
WARNING: [XSIM 43-4100] "/home/changhong/prj/finn/notebooks/EF-US-Engine-Free-Unstructured-Sparsity-Design-Alleviates-Accelerator-Bottlenecks/casestudy1/LeNet_MNIST_BNN/build/auto/home/changhong/prj/finn/notebooks/EF-US-Engine-Free-Unstructured-Sparsity-Design-Alleviates-Accelerator-Bottlenecks/casestudy1/LeNet_MNIST_BNN/tmp/auto/vivado_stitch_proj_b2b_bym1/finn_vivado_stitch_proj.gen/sources_1/bd/finn_design/ipshared/8dae/hdl/verilog/MVAU_hls_0_mac_muladd_8s_2s_10s_11_4_1.v" Line 47. Module MVAU_hls_0_mac_muladd_8s_2s_10s_11_4_1(ID=1,NUM_STAGE=4,din0_WIDTH=8,din1_WIDTH=2,din2_WIDTH=10,dout_WIDTH=11) has a timescale but at least one module in design doesn't have timescale.
WARNING: [XSIM 43-4100] "/home/changhong/prj/finn/notebooks/EF-US-Engine-Free-Unstructured-Sparsity-Design-Alleviates-Accelerator-Bottlenecks/casestudy1/LeNet_MNIST_BNN/build/auto/home/changhong/prj/finn/notebooks/EF-US-Engine-Free-Unstructured-Sparsity-Design-Alleviates-Accelerator-Bottlenecks/casestudy1/LeNet_MNIST_BNN/tmp/auto/vivado_stitch_proj_b2b_bym1/finn_vivado_stitch_proj.gen/sources_1/bd/finn_design/ipshared/8dae/hdl/verilog/MVAU_hls_0_mac_muladd_8s_2s_10s_11_4_1.v" Line 8. Module MVAU_hls_0_mac_muladd_8s_2s_10s_11_4_1_DSP48_0 has a timescale but at least one module in design doesn't have timescale.
WARNING: [XSIM 43-4100] "/home/changhong/prj/finn/notebooks/EF-US-Engine-Free-Unstructured-Sparsity-Design-Alleviates-Accelerator-Bottlenecks/casestudy1/LeNet_MNIST_BNN/build/auto/home/changhong/prj/finn/notebooks/EF-US-Engine-Free-Unstructured-Sparsity-Design-Alleviates-Accelerator-Bottlenecks/casestudy1/LeNet_MNIST_BNN/tmp/auto/vivado_stitch_proj_b2b_bym1/finn_vivado_stitch_proj.gen/sources_1/bd/finn_design/ipshared/8dae/hdl/verilog/MVAU_hls_0_flow_control_loop_pipe_sequential_init.v" Line 9. Module MVAU_hls_0_flow_control_loop_pipe_sequential_init has a timescale but at least one module in design doesn't have timescale.
WARNING: [XSIM 43-4100] "/home/changhong/prj/finn/notebooks/EF-US-Engine-Free-Unstructured-Sparsity-Design-Alleviates-Accelerator-Bottlenecks/casestudy1/LeNet_MNIST_BNN/build/auto/home/changhong/prj/finn/notebooks/EF-US-Engine-Free-Unstructured-Sparsity-Design-Alleviates-Accelerator-Bottlenecks/casestudy1/LeNet_MNIST_BNN/tmp/auto/vivado_stitch_proj_b2b_bym1/finn_vivado_stitch_proj.gen/sources_1/bd/finn_design/ipshared/8dae/hdl/verilog/MVAU_hls_0_regslice_both.v" Line 9. Module MVAU_hls_0_regslice_both(DataWidth=200) has a timescale but at least one module in design doesn't have timescale.
WARNING: [XSIM 43-4100] "/home/changhong/prj/finn/notebooks/EF-US-Engine-Free-Unstructured-Sparsity-Design-Alleviates-Accelerator-Bottlenecks/casestudy1/LeNet_MNIST_BNN/build/auto/home/changhong/prj/finn/notebooks/EF-US-Engine-Free-Unstructured-Sparsity-Design-Alleviates-Accelerator-Bottlenecks/casestudy1/LeNet_MNIST_BNN/tmp/auto/vivado_stitch_proj_b2b_bym1/finn_vivado_stitch_proj.gen/sources_1/bd/finn_design/ipshared/8dae/hdl/verilog/MVAU_hls_0_regslice_both.v" Line 9. Module MVAU_hls_0_regslice_both(DataWidth=304) has a timescale but at least one module in design doesn't have timescale.
WARNING: [XSIM 43-4100] "/home/changhong/prj/finn/notebooks/EF-US-Engine-Free-Unstructured-Sparsity-Design-Alleviates-Accelerator-Bottlenecks/casestudy1/LeNet_MNIST_BNN/build/auto/home/changhong/prj/finn/notebooks/EF-US-Engine-Free-Unstructured-Sparsity-Design-Alleviates-Accelerator-Bottlenecks/casestudy1/LeNet_MNIST_BNN/tmp/auto/vivado_stitch_proj_b2b_bym1/finn_vivado_stitch_proj.gen/sources_1/bd/finn_design/ipshared/8dae/hdl/verilog/MVAU_hls_0_regslice_both.v" Line 9. Module MVAU_hls_0_regslice_both(DataWidth=8) has a timescale but at least one module in design doesn't have timescale.
WARNING: [XSIM 43-4100] "/home/changhong/prj/finn/notebooks/EF-US-Engine-Free-Unstructured-Sparsity-Design-Alleviates-Accelerator-Bottlenecks/casestudy1/LeNet_MNIST_BNN/build/auto/home/changhong/prj/finn/notebooks/EF-US-Engine-Free-Unstructured-Sparsity-Design-Alleviates-Accelerator-Bottlenecks/casestudy1/LeNet_MNIST_BNN/tmp/auto/vivado_stitch_proj_b2b_bym1/finn_vivado_stitch_proj.gen/sources_1/bd/finn_design/synth/finn_design.v" Line 82. Module MVAU_hls_1_imp_ZIW0NT has a timescale but at least one module in design doesn't have timescale.
WARNING: [XSIM 43-4100] "/home/changhong/prj/finn/notebooks/EF-US-Engine-Free-Unstructured-Sparsity-Design-Alleviates-Accelerator-Bottlenecks/casestudy1/LeNet_MNIST_BNN/build/auto/home/changhong/prj/finn/notebooks/EF-US-Engine-Free-Unstructured-Sparsity-Design-Alleviates-Accelerator-Bottlenecks/casestudy1/LeNet_MNIST_BNN/tmp/auto/vivado_stitch_proj_b2b_bym1/finn_vivado_stitch_proj.gen/sources_1/bd/finn_design/ipshared/0a63/hdl/verilog/MVAU_hls_1.v" Line 10. Module MVAU_hls_1 has a timescale but at least one module in design doesn't have timescale.
WARNING: [XSIM 43-4100] "/home/changhong/prj/finn/notebooks/EF-US-Engine-Free-Unstructured-Sparsity-Design-Alleviates-Accelerator-Bottlenecks/casestudy1/LeNet_MNIST_BNN/build/auto/home/changhong/prj/finn/notebooks/EF-US-Engine-Free-Unstructured-Sparsity-Design-Alleviates-Accelerator-Bottlenecks/casestudy1/LeNet_MNIST_BNN/tmp/auto/vivado_stitch_proj_b2b_bym1/finn_vivado_stitch_proj.gen/sources_1/bd/finn_design/ipshared/0a63/hdl/verilog/MVAU_hls_1_Matrix_Vector_Activate_Stream_Batch.v" Line 10. Module MVAU_hls_1_Matrix_Vector_Activate_Stream_Batch has a timescale but at least one module in design doesn't have timescale.
WARNING: [XSIM 43-4100] "/home/changhong/prj/finn/notebooks/EF-US-Engine-Free-Unstructured-Sparsity-Design-Alleviates-Accelerator-Bottlenecks/casestudy1/LeNet_MNIST_BNN/build/auto/home/changhong/prj/finn/notebooks/EF-US-Engine-Free-Unstructured-Sparsity-Design-Alleviates-Accelerator-Bottlenecks/casestudy1/LeNet_MNIST_BNN/tmp/auto/vivado_stitch_proj_b2b_bym1/finn_vivado_stitch_proj.gen/sources_1/bd/finn_design/ipshared/0a63/hdl/verilog/MVAU_hls_1_Matrix_Vector_Activate_Stream_Batch_p_ZL7threshs_0_ROM_AUTO_1R.v" Line 7. Module MVAU_hls_1_Matrix_Vector_Activate_Stream_Batch_p_ZL7threshs_0_ROM_AUTO_1R has a timescale but at least one module in design doesn't have timescale.
WARNING: [XSIM 43-4100] "/home/changhong/prj/finn/notebooks/EF-US-Engine-Free-Unstructured-Sparsity-Design-Alleviates-Accelerator-Bottlenecks/casestudy1/LeNet_MNIST_BNN/build/auto/home/changhong/prj/finn/notebooks/EF-US-Engine-Free-Unstructured-Sparsity-Design-Alleviates-Accelerator-Bottlenecks/casestudy1/LeNet_MNIST_BNN/tmp/auto/vivado_stitch_proj_b2b_bym1/finn_vivado_stitch_proj.gen/sources_1/bd/finn_design/ipshared/0a63/hdl/verilog/MVAU_hls_1_Matrix_Vector_Activate_Stream_Batch_p_ZL7threshs_1_ROM_AUTO_1R.v" Line 7. Module MVAU_hls_1_Matrix_Vector_Activate_Stream_Batch_p_ZL7threshs_1_ROM_AUTO_1R has a timescale but at least one module in design doesn't have timescale.
WARNING: [XSIM 43-4100] "/home/changhong/prj/finn/notebooks/EF-US-Engine-Free-Unstructured-Sparsity-Design-Alleviates-Accelerator-Bottlenecks/casestudy1/LeNet_MNIST_BNN/build/auto/home/changhong/prj/finn/notebooks/EF-US-Engine-Free-Unstructured-Sparsity-Design-Alleviates-Accelerator-Bottlenecks/casestudy1/LeNet_MNIST_BNN/tmp/auto/vivado_stitch_proj_b2b_bym1/finn_vivado_stitch_proj.gen/sources_1/bd/finn_design/ipshared/0a63/hdl/verilog/MVAU_hls_1_Matrix_Vector_Activate_Stream_Batch_p_ZL7threshs_2_ROM_AUTO_1R.v" Line 7. Module MVAU_hls_1_Matrix_Vector_Activate_Stream_Batch_p_ZL7threshs_2_ROM_AUTO_1R has a timescale but at least one module in design doesn't have timescale.
WARNING: [XSIM 43-4100] "/home/changhong/prj/finn/notebooks/EF-US-Engine-Free-Unstructured-Sparsity-Design-Alleviates-Accelerator-Bottlenecks/casestudy1/LeNet_MNIST_BNN/build/auto/home/changhong/prj/finn/notebooks/EF-US-Engine-Free-Unstructured-Sparsity-Design-Alleviates-Accelerator-Bottlenecks/casestudy1/LeNet_MNIST_BNN/tmp/auto/vivado_stitch_proj_b2b_bym1/finn_vivado_stitch_proj.gen/sources_1/bd/finn_design/ipshared/0a63/hdl/verilog/MVAU_hls_1_Matrix_Vector_Activate_Stream_Batch_p_ZL7threshs_3_ROM_AUTO_1R.v" Line 7. Module MVAU_hls_1_Matrix_Vector_Activate_Stream_Batch_p_ZL7threshs_3_ROM_AUTO_1R has a timescale but at least one module in design doesn't have timescale.
WARNING: [XSIM 43-4100] "/home/changhong/prj/finn/notebooks/EF-US-Engine-Free-Unstructured-Sparsity-Design-Alleviates-Accelerator-Bottlenecks/casestudy1/LeNet_MNIST_BNN/build/auto/home/changhong/prj/finn/notebooks/EF-US-Engine-Free-Unstructured-Sparsity-Design-Alleviates-Accelerator-Bottlenecks/casestudy1/LeNet_MNIST_BNN/tmp/auto/vivado_stitch_proj_b2b_bym1/finn_vivado_stitch_proj.gen/sources_1/bd/finn_design/ipshared/0a63/hdl/verilog/MVAU_hls_1_Matrix_Vector_Activate_Stream_Batch_p_ZL7threshs_4_ROM_AUTO_1R.v" Line 7. Module MVAU_hls_1_Matrix_Vector_Activate_Stream_Batch_p_ZL7threshs_4_ROM_AUTO_1R has a timescale but at least one module in design doesn't have timescale.
WARNING: [XSIM 43-4100] "/home/changhong/prj/finn/notebooks/EF-US-Engine-Free-Unstructured-Sparsity-Design-Alleviates-Accelerator-Bottlenecks/casestudy1/LeNet_MNIST_BNN/build/auto/home/changhong/prj/finn/notebooks/EF-US-Engine-Free-Unstructured-Sparsity-Design-Alleviates-Accelerator-Bottlenecks/casestudy1/LeNet_MNIST_BNN/tmp/auto/vivado_stitch_proj_b2b_bym1/finn_vivado_stitch_proj.gen/sources_1/bd/finn_design/ipshared/0a63/hdl/verilog/MVAU_hls_1_Matrix_Vector_Activate_Stream_Batch_p_ZL7threshs_5_ROM_AUTO_1R.v" Line 7. Module MVAU_hls_1_Matrix_Vector_Activate_Stream_Batch_p_ZL7threshs_5_ROM_AUTO_1R has a timescale but at least one module in design doesn't have timescale.
WARNING: [XSIM 43-4100] "/home/changhong/prj/finn/notebooks/EF-US-Engine-Free-Unstructured-Sparsity-Design-Alleviates-Accelerator-Bottlenecks/casestudy1/LeNet_MNIST_BNN/build/auto/home/changhong/prj/finn/notebooks/EF-US-Engine-Free-Unstructured-Sparsity-Design-Alleviates-Accelerator-Bottlenecks/casestudy1/LeNet_MNIST_BNN/tmp/auto/vivado_stitch_proj_b2b_bym1/finn_vivado_stitch_proj.gen/sources_1/bd/finn_design/ipshared/0a63/hdl/verilog/MVAU_hls_1_Matrix_Vector_Activate_Stream_Batch_p_ZL7threshs_6_ROM_AUTO_1R.v" Line 7. Module MVAU_hls_1_Matrix_Vector_Activate_Stream_Batch_p_ZL7threshs_6_ROM_AUTO_1R has a timescale but at least one module in design doesn't have timescale.
WARNING: [XSIM 43-4100] "/home/changhong/prj/finn/notebooks/EF-US-Engine-Free-Unstructured-Sparsity-Design-Alleviates-Accelerator-Bottlenecks/casestudy1/LeNet_MNIST_BNN/build/auto/home/changhong/prj/finn/notebooks/EF-US-Engine-Free-Unstructured-Sparsity-Design-Alleviates-Accelerator-Bottlenecks/casestudy1/LeNet_MNIST_BNN/tmp/auto/vivado_stitch_proj_b2b_bym1/finn_vivado_stitch_proj.gen/sources_1/bd/finn_design/ipshared/0a63/hdl/verilog/MVAU_hls_1_Matrix_Vector_Activate_Stream_Batch_p_ZL7threshs_7_ROM_AUTO_1R.v" Line 7. Module MVAU_hls_1_Matrix_Vector_Activate_Stream_Batch_p_ZL7threshs_7_ROM_AUTO_1R has a timescale but at least one module in design doesn't have timescale.
WARNING: [XSIM 43-4100] "/home/changhong/prj/finn/notebooks/EF-US-Engine-Free-Unstructured-Sparsity-Design-Alleviates-Accelerator-Bottlenecks/casestudy1/LeNet_MNIST_BNN/build/auto/home/changhong/prj/finn/notebooks/EF-US-Engine-Free-Unstructured-Sparsity-Design-Alleviates-Accelerator-Bottlenecks/casestudy1/LeNet_MNIST_BNN/tmp/auto/vivado_stitch_proj_b2b_bym1/finn_vivado_stitch_proj.gen/sources_1/bd/finn_design/ipshared/0a63/hdl/verilog/MVAU_hls_1_mux_53_30_1_1.v" Line 9. Module MVAU_hls_1_mux_53_30_1_1(ID=1,din0_WIDTH=30,din1_WIDTH=30,din2_WIDTH=30,din3_WIDTH=30,din4_WIDTH=30,din5_WIDTH=3,dout_WIDTH=30) has a timescale but at least one module in design doesn't have timescale.
WARNING: [XSIM 43-4100] "/home/changhong/prj/finn/notebooks/EF-US-Engine-Free-Unstructured-Sparsity-Design-Alleviates-Accelerator-Bottlenecks/casestudy1/LeNet_MNIST_BNN/build/auto/home/changhong/prj/finn/notebooks/EF-US-Engine-Free-Unstructured-Sparsity-Design-Alleviates-Accelerator-Bottlenecks/casestudy1/LeNet_MNIST_BNN/tmp/auto/vivado_stitch_proj_b2b_bym1/finn_vivado_stitch_proj.gen/sources_1/bd/finn_design/ipshared/0a63/hdl/verilog/MVAU_hls_1_flow_control_loop_pipe_sequential_init.v" Line 9. Module MVAU_hls_1_flow_control_loop_pipe_sequential_init has a timescale but at least one module in design doesn't have timescale.
WARNING: [XSIM 43-4100] "/home/changhong/prj/finn/notebooks/EF-US-Engine-Free-Unstructured-Sparsity-Design-Alleviates-Accelerator-Bottlenecks/casestudy1/LeNet_MNIST_BNN/build/auto/home/changhong/prj/finn/notebooks/EF-US-Engine-Free-Unstructured-Sparsity-Design-Alleviates-Accelerator-Bottlenecks/casestudy1/LeNet_MNIST_BNN/tmp/auto/vivado_stitch_proj_b2b_bym1/finn_vivado_stitch_proj.gen/sources_1/bd/finn_design/ipshared/0a63/hdl/verilog/MVAU_hls_1_regslice_both.v" Line 9. Module MVAU_hls_1_regslice_both has a timescale but at least one module in design doesn't have timescale.
WARNING: [XSIM 43-4100] "/home/changhong/prj/finn/notebooks/EF-US-Engine-Free-Unstructured-Sparsity-Design-Alleviates-Accelerator-Bottlenecks/casestudy1/LeNet_MNIST_BNN/build/auto/home/changhong/prj/finn/notebooks/EF-US-Engine-Free-Unstructured-Sparsity-Design-Alleviates-Accelerator-Bottlenecks/casestudy1/LeNet_MNIST_BNN/tmp/auto/vivado_stitch_proj_b2b_bym1/finn_vivado_stitch_proj.gen/sources_1/bd/finn_design/ipshared/0a63/hdl/verilog/MVAU_hls_1_regslice_both.v" Line 9. Module MVAU_hls_1_regslice_both(DataWidth=240) has a timescale but at least one module in design doesn't have timescale.
WARNING: [XSIM 43-4100] "/home/changhong/prj/finn/notebooks/EF-US-Engine-Free-Unstructured-Sparsity-Design-Alleviates-Accelerator-Bottlenecks/casestudy1/LeNet_MNIST_BNN/build/auto/home/changhong/prj/finn/notebooks/EF-US-Engine-Free-Unstructured-Sparsity-Design-Alleviates-Accelerator-Bottlenecks/casestudy1/LeNet_MNIST_BNN/tmp/auto/vivado_stitch_proj_b2b_bym1/finn_vivado_stitch_proj.gen/sources_1/bd/finn_design/ipshared/0a63/hdl/verilog/MVAU_hls_1_regslice_both.v" Line 9. Module MVAU_hls_1_regslice_both(DataWidth=8) has a timescale but at least one module in design doesn't have timescale.
WARNING: [XSIM 43-4100] "/home/changhong/prj/finn/notebooks/EF-US-Engine-Free-Unstructured-Sparsity-Design-Alleviates-Accelerator-Bottlenecks/casestudy1/LeNet_MNIST_BNN/build/auto/home/changhong/prj/finn/notebooks/EF-US-Engine-Free-Unstructured-Sparsity-Design-Alleviates-Accelerator-Bottlenecks/casestudy1/LeNet_MNIST_BNN/tmp/auto/vivado_stitch_proj_b2b_bym1/finn_vivado_stitch_proj.gen/sources_1/bd/finn_design/synth/finn_design.v" Line 152. Module MVAU_hls_2_imp_1WP2WTL has a timescale but at least one module in design doesn't have timescale.
WARNING: [XSIM 43-4100] "/home/changhong/prj/finn/notebooks/EF-US-Engine-Free-Unstructured-Sparsity-Design-Alleviates-Accelerator-Bottlenecks/casestudy1/LeNet_MNIST_BNN/build/auto/home/changhong/prj/finn/notebooks/EF-US-Engine-Free-Unstructured-Sparsity-Design-Alleviates-Accelerator-Bottlenecks/casestudy1/LeNet_MNIST_BNN/tmp/auto/vivado_stitch_proj_b2b_bym1/finn_vivado_stitch_proj.gen/sources_1/bd/finn_design/ipshared/147e/hdl/verilog/MVAU_hls_2.v" Line 10. Module MVAU_hls_2 has a timescale but at least one module in design doesn't have timescale.
WARNING: [XSIM 43-4100] "/home/changhong/prj/finn/notebooks/EF-US-Engine-Free-Unstructured-Sparsity-Design-Alleviates-Accelerator-Bottlenecks/casestudy1/LeNet_MNIST_BNN/build/auto/home/changhong/prj/finn/notebooks/EF-US-Engine-Free-Unstructured-Sparsity-Design-Alleviates-Accelerator-Bottlenecks/casestudy1/LeNet_MNIST_BNN/tmp/auto/vivado_stitch_proj_b2b_bym1/finn_vivado_stitch_proj.gen/sources_1/bd/finn_design/ipshared/147e/hdl/verilog/MVAU_hls_2_Matrix_Vector_Activate_Stream_Batch.v" Line 10. Module MVAU_hls_2_Matrix_Vector_Activate_Stream_Batch has a timescale but at least one module in design doesn't have timescale.
WARNING: [XSIM 43-4100] "/home/changhong/prj/finn/notebooks/EF-US-Engine-Free-Unstructured-Sparsity-Design-Alleviates-Accelerator-Bottlenecks/casestudy1/LeNet_MNIST_BNN/build/auto/home/changhong/prj/finn/notebooks/EF-US-Engine-Free-Unstructured-Sparsity-Design-Alleviates-Accelerator-Bottlenecks/casestudy1/LeNet_MNIST_BNN/tmp/auto/vivado_stitch_proj_b2b_bym1/finn_vivado_stitch_proj.gen/sources_1/bd/finn_design/ipshared/147e/hdl/verilog/MVAU_hls_2_Matrix_Vector_Activate_Stream_Batch_p_ZL7threshs_0_ROM_AUTO_1R.v" Line 7. Module MVAU_hls_2_Matrix_Vector_Activate_Stream_Batch_p_ZL7threshs_0_ROM_AUTO_1R has a timescale but at least one module in design doesn't have timescale.
WARNING: [XSIM 43-4100] "/home/changhong/prj/finn/notebooks/EF-US-Engine-Free-Unstructured-Sparsity-Design-Alleviates-Accelerator-Bottlenecks/casestudy1/LeNet_MNIST_BNN/build/auto/home/changhong/prj/finn/notebooks/EF-US-Engine-Free-Unstructured-Sparsity-Design-Alleviates-Accelerator-Bottlenecks/casestudy1/LeNet_MNIST_BNN/tmp/auto/vivado_stitch_proj_b2b_bym1/finn_vivado_stitch_proj.gen/sources_1/bd/finn_design/ipshared/147e/hdl/verilog/MVAU_hls_2_Matrix_Vector_Activate_Stream_Batch_p_ZL7threshs_1_ROM_AUTO_1R.v" Line 7. Module MVAU_hls_2_Matrix_Vector_Activate_Stream_Batch_p_ZL7threshs_1_ROM_AUTO_1R has a timescale but at least one module in design doesn't have timescale.
WARNING: [XSIM 43-4100] "/home/changhong/prj/finn/notebooks/EF-US-Engine-Free-Unstructured-Sparsity-Design-Alleviates-Accelerator-Bottlenecks/casestudy1/LeNet_MNIST_BNN/build/auto/home/changhong/prj/finn/notebooks/EF-US-Engine-Free-Unstructured-Sparsity-Design-Alleviates-Accelerator-Bottlenecks/casestudy1/LeNet_MNIST_BNN/tmp/auto/vivado_stitch_proj_b2b_bym1/finn_vivado_stitch_proj.gen/sources_1/bd/finn_design/ipshared/147e/hdl/verilog/MVAU_hls_2_mux_164_25_1_1.v" Line 9. Module MVAU_hls_2_mux_164_25_1_1(ID=1,din0_WIDTH=25,din1_WIDTH=25,din2_WIDTH=25,din3_WIDTH=25,din4_WIDTH=25,din5_WIDTH=25,din6_WIDTH=25,din7_WIDTH=25,din8_WIDTH=25,din9_WIDTH=25,din10_WIDTH=25,din11_WIDTH=25,din12_WIDTH=25,din13_WIDTH=25,din14_WIDTH=25,din15_WIDTH=25,din16_WIDTH=4,dout_WIDTH=25) has a timescale but at least one module in design doesn't have timescale.
WARNING: [XSIM 43-4100] "/home/changhong/prj/finn/notebooks/EF-US-Engine-Free-Unstructured-Sparsity-Design-Alleviates-Accelerator-Bottlenecks/casestudy1/LeNet_MNIST_BNN/build/auto/home/changhong/prj/finn/notebooks/EF-US-Engine-Free-Unstructured-Sparsity-Design-Alleviates-Accelerator-Bottlenecks/casestudy1/LeNet_MNIST_BNN/tmp/auto/vivado_stitch_proj_b2b_bym1/finn_vivado_stitch_proj.gen/sources_1/bd/finn_design/ipshared/147e/hdl/verilog/MVAU_hls_2_flow_control_loop_pipe_sequential_init.v" Line 9. Module MVAU_hls_2_flow_control_loop_pipe_sequential_init has a timescale but at least one module in design doesn't have timescale.
WARNING: [XSIM 43-4100] "/home/changhong/prj/finn/notebooks/EF-US-Engine-Free-Unstructured-Sparsity-Design-Alleviates-Accelerator-Bottlenecks/casestudy1/LeNet_MNIST_BNN/build/auto/home/changhong/prj/finn/notebooks/EF-US-Engine-Free-Unstructured-Sparsity-Design-Alleviates-Accelerator-Bottlenecks/casestudy1/LeNet_MNIST_BNN/tmp/auto/vivado_stitch_proj_b2b_bym1/finn_vivado_stitch_proj.gen/sources_1/bd/finn_design/ipshared/147e/hdl/verilog/MVAU_hls_2_regslice_both.v" Line 9. Module MVAU_hls_2_regslice_both has a timescale but at least one module in design doesn't have timescale.
WARNING: [XSIM 43-4100] "/home/changhong/prj/finn/notebooks/EF-US-Engine-Free-Unstructured-Sparsity-Design-Alleviates-Accelerator-Bottlenecks/casestudy1/LeNet_MNIST_BNN/build/auto/home/changhong/prj/finn/notebooks/EF-US-Engine-Free-Unstructured-Sparsity-Design-Alleviates-Accelerator-Bottlenecks/casestudy1/LeNet_MNIST_BNN/tmp/auto/vivado_stitch_proj_b2b_bym1/finn_vivado_stitch_proj.gen/sources_1/bd/finn_design/ipshared/147e/hdl/verilog/MVAU_hls_2_regslice_both.v" Line 9. Module MVAU_hls_2_regslice_both(DataWidth=56) has a timescale but at least one module in design doesn't have timescale.
WARNING: [XSIM 43-4100] "/home/changhong/prj/finn/notebooks/EF-US-Engine-Free-Unstructured-Sparsity-Design-Alleviates-Accelerator-Bottlenecks/casestudy1/LeNet_MNIST_BNN/build/auto/home/changhong/prj/finn/notebooks/EF-US-Engine-Free-Unstructured-Sparsity-Design-Alleviates-Accelerator-Bottlenecks/casestudy1/LeNet_MNIST_BNN/tmp/auto/vivado_stitch_proj_b2b_bym1/finn_vivado_stitch_proj.gen/sources_1/bd/finn_design/ipshared/147e/hdl/verilog/MVAU_hls_2_regslice_both.v" Line 9. Module MVAU_hls_2_regslice_both(DataWidth=8) has a timescale but at least one module in design doesn't have timescale.
WARNING: [XSIM 43-4100] "/home/changhong/prj/finn/notebooks/EF-US-Engine-Free-Unstructured-Sparsity-Design-Alleviates-Accelerator-Bottlenecks/casestudy1/LeNet_MNIST_BNN/build/auto/home/changhong/prj/finn/notebooks/EF-US-Engine-Free-Unstructured-Sparsity-Design-Alleviates-Accelerator-Bottlenecks/casestudy1/LeNet_MNIST_BNN/tmp/auto/vivado_stitch_proj_b2b_bym1/finn_vivado_stitch_proj.gen/sources_1/bd/finn_design/synth/finn_design.v" Line 222. Module MVAU_hls_3_imp_U0RWZQ has a timescale but at least one module in design doesn't have timescale.
WARNING: [XSIM 43-4100] "/home/changhong/prj/finn/notebooks/EF-US-Engine-Free-Unstructured-Sparsity-Design-Alleviates-Accelerator-Bottlenecks/casestudy1/LeNet_MNIST_BNN/build/auto/home/changhong/prj/finn/notebooks/EF-US-Engine-Free-Unstructured-Sparsity-Design-Alleviates-Accelerator-Bottlenecks/casestudy1/LeNet_MNIST_BNN/tmp/auto/vivado_stitch_proj_b2b_bym1/finn_vivado_stitch_proj.gen/sources_1/bd/finn_design/ipshared/0fff/hdl/verilog/MVAU_hls_3.v" Line 10. Module MVAU_hls_3 has a timescale but at least one module in design doesn't have timescale.
WARNING: [XSIM 43-4100] "/home/changhong/prj/finn/notebooks/EF-US-Engine-Free-Unstructured-Sparsity-Design-Alleviates-Accelerator-Bottlenecks/casestudy1/LeNet_MNIST_BNN/build/auto/home/changhong/prj/finn/notebooks/EF-US-Engine-Free-Unstructured-Sparsity-Design-Alleviates-Accelerator-Bottlenecks/casestudy1/LeNet_MNIST_BNN/tmp/auto/vivado_stitch_proj_b2b_bym1/finn_vivado_stitch_proj.gen/sources_1/bd/finn_design/ipshared/0fff/hdl/verilog/MVAU_hls_3_Matrix_Vector_Activate_Stream_Batch.v" Line 10. Module MVAU_hls_3_Matrix_Vector_Activate_Stream_Batch has a timescale but at least one module in design doesn't have timescale.
WARNING: [XSIM 43-4100] "/home/changhong/prj/finn/notebooks/EF-US-Engine-Free-Unstructured-Sparsity-Design-Alleviates-Accelerator-Bottlenecks/casestudy1/LeNet_MNIST_BNN/build/auto/home/changhong/prj/finn/notebooks/EF-US-Engine-Free-Unstructured-Sparsity-Design-Alleviates-Accelerator-Bottlenecks/casestudy1/LeNet_MNIST_BNN/tmp/auto/vivado_stitch_proj_b2b_bym1/finn_vivado_stitch_proj.gen/sources_1/bd/finn_design/ipshared/0fff/hdl/verilog/MVAU_hls_3_Matrix_Vector_Activate_Stream_Batch_threshs_ROM_AUTO_1R.v" Line 7. Module MVAU_hls_3_Matrix_Vector_Activate_Stream_Batch_threshs_ROM_AUTO_1R has a timescale but at least one module in design doesn't have timescale.
WARNING: [XSIM 43-4100] "/home/changhong/prj/finn/notebooks/EF-US-Engine-Free-Unstructured-Sparsity-Design-Alleviates-Accelerator-Bottlenecks/casestudy1/LeNet_MNIST_BNN/build/auto/home/changhong/prj/finn/notebooks/EF-US-Engine-Free-Unstructured-Sparsity-Design-Alleviates-Accelerator-Bottlenecks/casestudy1/LeNet_MNIST_BNN/tmp/auto/vivado_stitch_proj_b2b_bym1/finn_vivado_stitch_proj.gen/sources_1/bd/finn_design/ipshared/0fff/hdl/verilog/MVAU_hls_3_mux_124_10_1_1.v" Line 9. Module MVAU_hls_3_mux_124_10_1_1(ID=1,din0_WIDTH=10,din1_WIDTH=10,din2_WIDTH=10,din3_WIDTH=10,din4_WIDTH=10,din5_WIDTH=10,din6_WIDTH=10,din7_WIDTH=10,din8_WIDTH=10,din9_WIDTH=10,din10_WIDTH=10,din11_WIDTH=10,din12_WIDTH=4,dout_WIDTH=10) has a timescale but at least one module in design doesn't have timescale.
WARNING: [XSIM 43-4100] "/home/changhong/prj/finn/notebooks/EF-US-Engine-Free-Unstructured-Sparsity-Design-Alleviates-Accelerator-Bottlenecks/casestudy1/LeNet_MNIST_BNN/build/auto/home/changhong/prj/finn/notebooks/EF-US-Engine-Free-Unstructured-Sparsity-Design-Alleviates-Accelerator-Bottlenecks/casestudy1/LeNet_MNIST_BNN/tmp/auto/vivado_stitch_proj_b2b_bym1/finn_vivado_stitch_proj.gen/sources_1/bd/finn_design/ipshared/0fff/hdl/verilog/MVAU_hls_3_flow_control_loop_pipe_sequential_init.v" Line 9. Module MVAU_hls_3_flow_control_loop_pipe_sequential_init has a timescale but at least one module in design doesn't have timescale.
WARNING: [XSIM 43-4100] "/home/changhong/prj/finn/notebooks/EF-US-Engine-Free-Unstructured-Sparsity-Design-Alleviates-Accelerator-Bottlenecks/casestudy1/LeNet_MNIST_BNN/build/auto/home/changhong/prj/finn/notebooks/EF-US-Engine-Free-Unstructured-Sparsity-Design-Alleviates-Accelerator-Bottlenecks/casestudy1/LeNet_MNIST_BNN/tmp/auto/vivado_stitch_proj_b2b_bym1/finn_vivado_stitch_proj.gen/sources_1/bd/finn_design/ipshared/0fff/hdl/verilog/MVAU_hls_3_regslice_both.v" Line 9. Module MVAU_hls_3_regslice_both(DataWidth=16) has a timescale but at least one module in design doesn't have timescale.
WARNING: [XSIM 43-4100] "/home/changhong/prj/finn/notebooks/EF-US-Engine-Free-Unstructured-Sparsity-Design-Alleviates-Accelerator-Bottlenecks/casestudy1/LeNet_MNIST_BNN/build/auto/home/changhong/prj/finn/notebooks/EF-US-Engine-Free-Unstructured-Sparsity-Design-Alleviates-Accelerator-Bottlenecks/casestudy1/LeNet_MNIST_BNN/tmp/auto/vivado_stitch_proj_b2b_bym1/finn_vivado_stitch_proj.gen/sources_1/bd/finn_design/ipshared/0fff/hdl/verilog/MVAU_hls_3_regslice_both.v" Line 9. Module MVAU_hls_3_regslice_both(DataWidth=16) has a timescale but at least one module in design doesn't have timescale.
WARNING: [XSIM 43-4100] "/home/changhong/prj/finn/notebooks/EF-US-Engine-Free-Unstructured-Sparsity-Design-Alleviates-Accelerator-Bottlenecks/casestudy1/LeNet_MNIST_BNN/build/auto/home/changhong/prj/finn/notebooks/EF-US-Engine-Free-Unstructured-Sparsity-Design-Alleviates-Accelerator-Bottlenecks/casestudy1/LeNet_MNIST_BNN/tmp/auto/vivado_stitch_proj_b2b_bym1/finn_vivado_stitch_proj.gen/sources_1/bd/finn_design/ipshared/0fff/hdl/verilog/MVAU_hls_3_regslice_both.v" Line 9. Module MVAU_hls_3_regslice_both(DataWidth=8) has a timescale but at least one module in design doesn't have timescale.
WARNING: [XSIM 43-4100] "/home/changhong/prj/finn/notebooks/EF-US-Engine-Free-Unstructured-Sparsity-Design-Alleviates-Accelerator-Bottlenecks/casestudy1/LeNet_MNIST_BNN/build/auto/home/changhong/prj/finn/notebooks/EF-US-Engine-Free-Unstructured-Sparsity-Design-Alleviates-Accelerator-Bottlenecks/casestudy1/LeNet_MNIST_BNN/tmp/auto/vivado_stitch_proj_b2b_bym1/finn_vivado_stitch_proj.gen/sources_1/bd/finn_design/synth/finn_design.v" Line 292. Module MVAU_hls_4_imp_6UFUIX has a timescale but at least one module in design doesn't have timescale.
WARNING: [XSIM 43-4100] "/home/changhong/prj/finn/notebooks/EF-US-Engine-Free-Unstructured-Sparsity-Design-Alleviates-Accelerator-Bottlenecks/casestudy1/LeNet_MNIST_BNN/build/auto/home/changhong/prj/finn/notebooks/EF-US-Engine-Free-Unstructured-Sparsity-Design-Alleviates-Accelerator-Bottlenecks/casestudy1/LeNet_MNIST_BNN/tmp/auto/vivado_stitch_proj_b2b_bym1/finn_vivado_stitch_proj.gen/sources_1/bd/finn_design/ipshared/dc9c/hdl/verilog/MVAU_hls_4.v" Line 10. Module MVAU_hls_4 has a timescale but at least one module in design doesn't have timescale.
WARNING: [XSIM 43-4100] "/home/changhong/prj/finn/notebooks/EF-US-Engine-Free-Unstructured-Sparsity-Design-Alleviates-Accelerator-Bottlenecks/casestudy1/LeNet_MNIST_BNN/build/auto/home/changhong/prj/finn/notebooks/EF-US-Engine-Free-Unstructured-Sparsity-Design-Alleviates-Accelerator-Bottlenecks/casestudy1/LeNet_MNIST_BNN/tmp/auto/vivado_stitch_proj_b2b_bym1/finn_vivado_stitch_proj.gen/sources_1/bd/finn_design/ipshared/dc9c/hdl/verilog/MVAU_hls_4_mux_847_1_1_1.v" Line 9. Module MVAU_hls_4_mux_847_1_1_1(ID=1,din0_WIDTH=1,din1_WIDTH=1,din2_WIDTH=1,din3_WIDTH=1,din4_WIDTH=1,din5_WIDTH=1,din6_WIDTH=1,din7_WIDTH=1,din8_WIDTH=1,din9_WIDTH=1,din10_WIDTH=1,din11_WIDTH=1,din12_WIDTH=1,din13_WIDTH=1,din14_WIDTH=1,din15_WIDTH=1,din16_WIDTH=1,din17_WIDTH=1,din18_WIDTH=1,din19_WIDTH=1,din20_WIDTH=1,din21_WIDTH=1,din22_WIDTH=1,din23_WIDTH=1,din24_WIDTH=1,din25_WIDTH=1,din26_WIDTH=1,din27_WIDTH=1,din28_WIDTH=1,din29_WIDTH=1,din30_WIDTH=1,din31_WIDTH=1,din32_WIDTH=1,din33_WIDTH=1,din34_WIDTH=1,din35_WIDTH=1,din36_WIDTH=1,din37_WIDTH=1,din38_WIDTH=1,din39_WIDTH=1,din40_WIDTH=1,din41_WIDTH=1,din42_WIDTH=1,din43_WIDTH=1,din44_WIDTH=1,din45_WIDTH=1,din46_WIDTH=1,din47_WIDTH=1,din48_WIDTH=1,din49_WIDTH=1,din50_WIDTH=1,din51_WIDTH=1,din52_WIDTH=1,din53_WIDTH=1,din54_WIDTH=1,din55_WIDTH=1,din56_WIDTH=1,din57_WIDTH=1,din58_WIDTH=1,din59_WIDTH=1,din60_WIDTH=1,din61_WIDTH=1,din62_WIDTH=1,din63_WIDTH=1,din64_WIDTH=1,din65_WIDTH=1,din66_WIDTH=1,din67_WIDTH=1,din68_WIDTH=1,din69_WIDTH=1,din70_WIDTH=1,din71_WIDTH=1,din72_WIDTH=1,din73_WIDTH=1,din74_WIDTH=1,din75_WIDTH=1,din76_WIDTH=1,din77_WIDTH=1,din78_WIDTH=1,din79_WIDTH=1,din80_WIDTH=1,din81_WIDTH=1,din82_WIDTH=1,din83_WIDTH=1,din84_WIDTH=7,dout_WIDTH=1) has a timescale but at least one module in design doesn't have timescale.
WARNING: [XSIM 43-4100] "/home/changhong/prj/finn/notebooks/EF-US-Engine-Free-Unstructured-Sparsity-Design-Alleviates-Accelerator-Bottlenecks/casestudy1/LeNet_MNIST_BNN/build/auto/home/changhong/prj/finn/notebooks/EF-US-Engine-Free-Unstructured-Sparsity-Design-Alleviates-Accelerator-Bottlenecks/casestudy1/LeNet_MNIST_BNN/tmp/auto/vivado_stitch_proj_b2b_bym1/finn_vivado_stitch_proj.gen/sources_1/bd/finn_design/ipshared/dc9c/hdl/verilog/MVAU_hls_4_flow_control_loop_pipe_no_ap_cont.v" Line 9. Module MVAU_hls_4_flow_control_loop_pipe_no_ap_cont has a timescale but at least one module in design doesn't have timescale.
WARNING: [XSIM 43-4100] "/home/changhong/prj/finn/notebooks/EF-US-Engine-Free-Unstructured-Sparsity-Design-Alleviates-Accelerator-Bottlenecks/casestudy1/LeNet_MNIST_BNN/build/auto/home/changhong/prj/finn/notebooks/EF-US-Engine-Free-Unstructured-Sparsity-Design-Alleviates-Accelerator-Bottlenecks/casestudy1/LeNet_MNIST_BNN/tmp/auto/vivado_stitch_proj_b2b_bym1/finn_vivado_stitch_proj.gen/sources_1/bd/finn_design/ipshared/dc9c/hdl/verilog/MVAU_hls_4_regslice_both.v" Line 9. Module MVAU_hls_4_regslice_both(DataWidth=8) has a timescale but at least one module in design doesn't have timescale.
WARNING: [XSIM 43-4100] "/home/changhong/prj/finn/notebooks/EF-US-Engine-Free-Unstructured-Sparsity-Design-Alleviates-Accelerator-Bottlenecks/casestudy1/LeNet_MNIST_BNN/build/auto/home/changhong/prj/finn/notebooks/EF-US-Engine-Free-Unstructured-Sparsity-Design-Alleviates-Accelerator-Bottlenecks/casestudy1/LeNet_MNIST_BNN/tmp/auto/vivado_stitch_proj_b2b_bym1/finn_vivado_stitch_proj.gen/sources_1/bd/finn_design/ipshared/dc9c/hdl/verilog/MVAU_hls_4_regslice_both.v" Line 9. Module MVAU_hls_4_regslice_both(DataWidth=8) has a timescale but at least one module in design doesn't have timescale.
WARNING: [XSIM 43-4100] "/home/changhong/prj/finn/notebooks/EF-US-Engine-Free-Unstructured-Sparsity-Design-Alleviates-Accelerator-Bottlenecks/casestudy1/LeNet_MNIST_BNN/build/auto/home/changhong/prj/finn/notebooks/EF-US-Engine-Free-Unstructured-Sparsity-Design-Alleviates-Accelerator-Bottlenecks/casestudy1/LeNet_MNIST_BNN/tmp/auto/vivado_stitch_proj_b2b_bym1/finn_vivado_stitch_proj.gen/sources_1/bd/finn_design/ipshared/dc9c/hdl/verilog/MVAU_hls_4_regslice_both.v" Line 9. Module MVAU_hls_4_regslice_both(DataWidth=8) has a timescale but at least one module in design doesn't have timescale.
WARNING: [XSIM 43-4100] "/home/changhong/prj/finn/notebooks/EF-US-Engine-Free-Unstructured-Sparsity-Design-Alleviates-Accelerator-Bottlenecks/casestudy1/LeNet_MNIST_BNN/build/auto/home/changhong/prj/finn/notebooks/EF-US-Engine-Free-Unstructured-Sparsity-Design-Alleviates-Accelerator-Bottlenecks/casestudy1/LeNet_MNIST_BNN/tmp/auto/vivado_stitch_proj_b2b_bym1/finn_vivado_stitch_proj.gen/sources_1/bd/finn_design/ipshared/654e/hdl/verilog/StreamingMaxPool_hls_0.v" Line 10. Module StreamingMaxPool_hls_0 has a timescale but at least one module in design doesn't have timescale.
WARNING: [XSIM 43-4100] "/home/changhong/prj/finn/notebooks/EF-US-Engine-Free-Unstructured-Sparsity-Design-Alleviates-Accelerator-Bottlenecks/casestudy1/LeNet_MNIST_BNN/build/auto/home/changhong/prj/finn/notebooks/EF-US-Engine-Free-Unstructured-Sparsity-Design-Alleviates-Accelerator-Bottlenecks/casestudy1/LeNet_MNIST_BNN/tmp/auto/vivado_stitch_proj_b2b_bym1/finn_vivado_stitch_proj.gen/sources_1/bd/finn_design/ipshared/654e/hdl/verilog/StreamingMaxPool_hls_0_buf_V_RAM_AUTO_1R1W.v" Line 7. Module StreamingMaxPool_hls_0_buf_V_RAM_AUTO_1R1W has a timescale but at least one module in design doesn't have timescale.
WARNING: [XSIM 43-4100] "/home/changhong/prj/finn/notebooks/EF-US-Engine-Free-Unstructured-Sparsity-Design-Alleviates-Accelerator-Bottlenecks/casestudy1/LeNet_MNIST_BNN/build/auto/home/changhong/prj/finn/notebooks/EF-US-Engine-Free-Unstructured-Sparsity-Design-Alleviates-Accelerator-Bottlenecks/casestudy1/LeNet_MNIST_BNN/tmp/auto/vivado_stitch_proj_b2b_bym1/finn_vivado_stitch_proj.gen/sources_1/bd/finn_design/ipshared/654e/hdl/verilog/StreamingMaxPool_hls_0_StreamingMaxPool_hls_0_Pipeline_VITIS_LOOP_79_3_VITIS_LOOP_80_4_VITIS_LOOP_82_5.v" Line 10. Module StreamingMaxPool_hls_0_StreamingMaxPool_hls_0_Pipeline_VITIS_LOOP_79_3_VITIS_LOOP_80_4_VITIS_LOOP_82_5 has a timescale but at least one module in design doesn't have timescale.
WARNING: [XSIM 43-4100] "/home/changhong/prj/finn/notebooks/EF-US-Engine-Free-Unstructured-Sparsity-Design-Alleviates-Accelerator-Bottlenecks/casestudy1/LeNet_MNIST_BNN/build/auto/home/changhong/prj/finn/notebooks/EF-US-Engine-Free-Unstructured-Sparsity-Design-Alleviates-Accelerator-Bottlenecks/casestudy1/LeNet_MNIST_BNN/tmp/auto/vivado_stitch_proj_b2b_bym1/finn_vivado_stitch_proj.gen/sources_1/bd/finn_design/ipshared/654e/hdl/verilog/StreamingMaxPool_hls_0_flow_control_loop_pipe_sequential_init.v" Line 9. Module StreamingMaxPool_hls_0_flow_control_loop_pipe_sequential_init has a timescale but at least one module in design doesn't have timescale.
WARNING: [XSIM 43-4100] "/home/changhong/prj/finn/notebooks/EF-US-Engine-Free-Unstructured-Sparsity-Design-Alleviates-Accelerator-Bottlenecks/casestudy1/LeNet_MNIST_BNN/build/auto/home/changhong/prj/finn/notebooks/EF-US-Engine-Free-Unstructured-Sparsity-Design-Alleviates-Accelerator-Bottlenecks/casestudy1/LeNet_MNIST_BNN/tmp/auto/vivado_stitch_proj_b2b_bym1/finn_vivado_stitch_proj.gen/sources_1/bd/finn_design/ipshared/654e/hdl/verilog/StreamingMaxPool_hls_0_StreamingMaxPool_hls_0_Pipeline_VITIS_LOOP_90_6.v" Line 10. Module StreamingMaxPool_hls_0_StreamingMaxPool_hls_0_Pipeline_VITIS_LOOP_90_6 has a timescale but at least one module in design doesn't have timescale.
WARNING: [XSIM 43-4100] "/home/changhong/prj/finn/notebooks/EF-US-Engine-Free-Unstructured-Sparsity-Design-Alleviates-Accelerator-Bottlenecks/casestudy1/LeNet_MNIST_BNN/build/auto/home/changhong/prj/finn/notebooks/EF-US-Engine-Free-Unstructured-Sparsity-Design-Alleviates-Accelerator-Bottlenecks/casestudy1/LeNet_MNIST_BNN/tmp/auto/vivado_stitch_proj_b2b_bym1/finn_vivado_stitch_proj.gen/sources_1/bd/finn_design/ipshared/654e/hdl/verilog/StreamingMaxPool_hls_0_flow_control_loop_pipe_sequential_init.v" Line 9. Module StreamingMaxPool_hls_0_flow_control_loop_pipe_sequential_init has a timescale but at least one module in design doesn't have timescale.
WARNING: [XSIM 43-4100] "/home/changhong/prj/finn/notebooks/EF-US-Engine-Free-Unstructured-Sparsity-Design-Alleviates-Accelerator-Bottlenecks/casestudy1/LeNet_MNIST_BNN/build/auto/home/changhong/prj/finn/notebooks/EF-US-Engine-Free-Unstructured-Sparsity-Design-Alleviates-Accelerator-Bottlenecks/casestudy1/LeNet_MNIST_BNN/tmp/auto/vivado_stitch_proj_b2b_bym1/finn_vivado_stitch_proj.gen/sources_1/bd/finn_design/ipshared/654e/hdl/verilog/StreamingMaxPool_hls_0_regslice_both.v" Line 9. Module StreamingMaxPool_hls_0_regslice_both(DataWidth=8) has a timescale but at least one module in design doesn't have timescale.
WARNING: [XSIM 43-4100] "/home/changhong/prj/finn/notebooks/EF-US-Engine-Free-Unstructured-Sparsity-Design-Alleviates-Accelerator-Bottlenecks/casestudy1/LeNet_MNIST_BNN/build/auto/home/changhong/prj/finn/notebooks/EF-US-Engine-Free-Unstructured-Sparsity-Design-Alleviates-Accelerator-Bottlenecks/casestudy1/LeNet_MNIST_BNN/tmp/auto/vivado_stitch_proj_b2b_bym1/finn_vivado_stitch_proj.gen/sources_1/bd/finn_design/ipshared/654e/hdl/verilog/StreamingMaxPool_hls_0_regslice_both.v" Line 9. Module StreamingMaxPool_hls_0_regslice_both(DataWidth=8) has a timescale but at least one module in design doesn't have timescale.
WARNING: [XSIM 43-4100] "/home/changhong/prj/finn/notebooks/EF-US-Engine-Free-Unstructured-Sparsity-Design-Alleviates-Accelerator-Bottlenecks/casestudy1/LeNet_MNIST_BNN/build/auto/home/changhong/prj/finn/notebooks/EF-US-Engine-Free-Unstructured-Sparsity-Design-Alleviates-Accelerator-Bottlenecks/casestudy1/LeNet_MNIST_BNN/tmp/auto/vivado_stitch_proj_b2b_bym1/finn_vivado_stitch_proj.gen/sources_1/bd/finn_design/ipshared/2342/hdl/verilog/StreamingMaxPool_hls_1.v" Line 10. Module StreamingMaxPool_hls_1 has a timescale but at least one module in design doesn't have timescale.
WARNING: [XSIM 43-4100] "/home/changhong/prj/finn/notebooks/EF-US-Engine-Free-Unstructured-Sparsity-Design-Alleviates-Accelerator-Bottlenecks/casestudy1/LeNet_MNIST_BNN/build/auto/home/changhong/prj/finn/notebooks/EF-US-Engine-Free-Unstructured-Sparsity-Design-Alleviates-Accelerator-Bottlenecks/casestudy1/LeNet_MNIST_BNN/tmp/auto/vivado_stitch_proj_b2b_bym1/finn_vivado_stitch_proj.gen/sources_1/bd/finn_design/ipshared/2342/hdl/verilog/StreamingMaxPool_hls_1_buf_V_RAM_AUTO_1R1W.v" Line 7. Module StreamingMaxPool_hls_1_buf_V_RAM_AUTO_1R1W has a timescale but at least one module in design doesn't have timescale.
WARNING: [XSIM 43-4100] "/home/changhong/prj/finn/notebooks/EF-US-Engine-Free-Unstructured-Sparsity-Design-Alleviates-Accelerator-Bottlenecks/casestudy1/LeNet_MNIST_BNN/build/auto/home/changhong/prj/finn/notebooks/EF-US-Engine-Free-Unstructured-Sparsity-Design-Alleviates-Accelerator-Bottlenecks/casestudy1/LeNet_MNIST_BNN/tmp/auto/vivado_stitch_proj_b2b_bym1/finn_vivado_stitch_proj.gen/sources_1/bd/finn_design/ipshared/2342/hdl/verilog/StreamingMaxPool_hls_1_StreamingMaxPool_hls_1_Pipeline_VITIS_LOOP_79_3_VITIS_LOOP_80_4_VITIS_LOOP_82_5.v" Line 10. Module StreamingMaxPool_hls_1_StreamingMaxPool_hls_1_Pipeline_VITIS_LOOP_79_3_VITIS_LOOP_80_4_VITIS_LOOP_82_5 has a timescale but at least one module in design doesn't have timescale.
WARNING: [XSIM 43-4100] "/home/changhong/prj/finn/notebooks/EF-US-Engine-Free-Unstructured-Sparsity-Design-Alleviates-Accelerator-Bottlenecks/casestudy1/LeNet_MNIST_BNN/build/auto/home/changhong/prj/finn/notebooks/EF-US-Engine-Free-Unstructured-Sparsity-Design-Alleviates-Accelerator-Bottlenecks/casestudy1/LeNet_MNIST_BNN/tmp/auto/vivado_stitch_proj_b2b_bym1/finn_vivado_stitch_proj.gen/sources_1/bd/finn_design/ipshared/2342/hdl/verilog/StreamingMaxPool_hls_1_flow_control_loop_pipe_sequential_init.v" Line 9. Module StreamingMaxPool_hls_1_flow_control_loop_pipe_sequential_init has a timescale but at least one module in design doesn't have timescale.
WARNING: [XSIM 43-4100] "/home/changhong/prj/finn/notebooks/EF-US-Engine-Free-Unstructured-Sparsity-Design-Alleviates-Accelerator-Bottlenecks/casestudy1/LeNet_MNIST_BNN/build/auto/home/changhong/prj/finn/notebooks/EF-US-Engine-Free-Unstructured-Sparsity-Design-Alleviates-Accelerator-Bottlenecks/casestudy1/LeNet_MNIST_BNN/tmp/auto/vivado_stitch_proj_b2b_bym1/finn_vivado_stitch_proj.gen/sources_1/bd/finn_design/ipshared/2342/hdl/verilog/StreamingMaxPool_hls_1_StreamingMaxPool_hls_1_Pipeline_VITIS_LOOP_90_6.v" Line 10. Module StreamingMaxPool_hls_1_StreamingMaxPool_hls_1_Pipeline_VITIS_LOOP_90_6 has a timescale but at least one module in design doesn't have timescale.
WARNING: [XSIM 43-4100] "/home/changhong/prj/finn/notebooks/EF-US-Engine-Free-Unstructured-Sparsity-Design-Alleviates-Accelerator-Bottlenecks/casestudy1/LeNet_MNIST_BNN/build/auto/home/changhong/prj/finn/notebooks/EF-US-Engine-Free-Unstructured-Sparsity-Design-Alleviates-Accelerator-Bottlenecks/casestudy1/LeNet_MNIST_BNN/tmp/auto/vivado_stitch_proj_b2b_bym1/finn_vivado_stitch_proj.gen/sources_1/bd/finn_design/ipshared/2342/hdl/verilog/StreamingMaxPool_hls_1_flow_control_loop_pipe_sequential_init.v" Line 9. Module StreamingMaxPool_hls_1_flow_control_loop_pipe_sequential_init has a timescale but at least one module in design doesn't have timescale.
WARNING: [XSIM 43-4100] "/home/changhong/prj/finn/notebooks/EF-US-Engine-Free-Unstructured-Sparsity-Design-Alleviates-Accelerator-Bottlenecks/casestudy1/LeNet_MNIST_BNN/build/auto/home/changhong/prj/finn/notebooks/EF-US-Engine-Free-Unstructured-Sparsity-Design-Alleviates-Accelerator-Bottlenecks/casestudy1/LeNet_MNIST_BNN/tmp/auto/vivado_stitch_proj_b2b_bym1/finn_vivado_stitch_proj.gen/sources_1/bd/finn_design/ipshared/2342/hdl/verilog/StreamingMaxPool_hls_1_regslice_both.v" Line 9. Module StreamingMaxPool_hls_1_regslice_both(DataWidth=16) has a timescale but at least one module in design doesn't have timescale.
WARNING: [XSIM 43-4100] "/home/changhong/prj/finn/notebooks/EF-US-Engine-Free-Unstructured-Sparsity-Design-Alleviates-Accelerator-Bottlenecks/casestudy1/LeNet_MNIST_BNN/build/auto/home/changhong/prj/finn/notebooks/EF-US-Engine-Free-Unstructured-Sparsity-Design-Alleviates-Accelerator-Bottlenecks/casestudy1/LeNet_MNIST_BNN/tmp/auto/vivado_stitch_proj_b2b_bym1/finn_vivado_stitch_proj.gen/sources_1/bd/finn_design/ipshared/2342/hdl/verilog/StreamingMaxPool_hls_1_regslice_both.v" Line 9. Module StreamingMaxPool_hls_1_regslice_both(DataWidth=16) has a timescale but at least one module in design doesn't have timescale.
WARNING: [XSIM 43-4100] "/home/changhong/prj/finn/notebooks/EF-US-Engine-Free-Unstructured-Sparsity-Design-Alleviates-Accelerator-Bottlenecks/casestudy1/LeNet_MNIST_BNN/build/auto/home/changhong/prj/finn/notebooks/EF-US-Engine-Free-Unstructured-Sparsity-Design-Alleviates-Accelerator-Bottlenecks/casestudy1/LeNet_MNIST_BNN/tmp/auto/vivado_stitch_proj_b2b_bym1/finn_vivado_stitch_proj.gen/sources_1/bd/finn_design/hdl/finn_design_wrapper.v" Line 12. Module finn_design_wrapper has a timescale but at least one module in design doesn't have timescale.
WARNING: [XSIM 43-4100] "/home/changhong/prj/finn/notebooks/EF-US-Engine-Free-Unstructured-Sparsity-Design-Alleviates-Accelerator-Bottlenecks/casestudy1/LeNet_MNIST_BNN/build/auto/home/changhong/prj/finn/notebooks/EF-US-Engine-Free-Unstructured-Sparsity-Design-Alleviates-Accelerator-Bottlenecks/casestudy1/LeNet_MNIST_BNN/tmp/auto/vivado_stitch_proj_b2b_bym1/finn_vivado_stitch_proj.gen/sources_1/bd/finn_design/synth/finn_design.v" Line 362. Module finn_design has a timescale but at least one module in design doesn't have timescale.
WARNING: [XSIM 43-4100] "/home/changhong/prj/finn/notebooks/EF-US-Engine-Free-Unstructured-Sparsity-Design-Alleviates-Accelerator-Bottlenecks/casestudy1/LeNet_MNIST_BNN/build/auto/home/changhong/prj/finn/notebooks/EF-US-Engine-Free-Unstructured-Sparsity-Design-Alleviates-Accelerator-Bottlenecks/casestudy1/LeNet_MNIST_BNN/tmp/auto/vivado_stitch_proj_b2b_bym1/finn_vivado_stitch_proj.gen/sources_1/bd/finn_design/synth/finn_design.v" Line 12. Module MVAU_hls_0_imp_7OH4JA has a timescale but at least one module in design doesn't have timescale.
WARNING: [XSIM 43-4100] "/home/changhong/prj/finn/notebooks/EF-US-Engine-Free-Unstructured-Sparsity-Design-Alleviates-Accelerator-Bottlenecks/casestudy1/LeNet_MNIST_BNN/build/auto/home/changhong/prj/finn/notebooks/EF-US-Engine-Free-Unstructured-Sparsity-Design-Alleviates-Accelerator-Bottlenecks/casestudy1/LeNet_MNIST_BNN/tmp/auto/vivado_stitch_proj_b2b_bym1/finn_vivado_stitch_proj.gen/sources_1/bd/finn_design/ipshared/8dae/hdl/verilog/MVAU_hls_0.v" Line 10. Module MVAU_hls_0 has a timescale but at least one module in design doesn't have timescale.
WARNING: [XSIM 43-4100] "/home/changhong/prj/finn/notebooks/EF-US-Engine-Free-Unstructured-Sparsity-Design-Alleviates-Accelerator-Bottlenecks/casestudy1/LeNet_MNIST_BNN/build/auto/home/changhong/prj/finn/notebooks/EF-US-Engine-Free-Unstructured-Sparsity-Design-Alleviates-Accelerator-Bottlenecks/casestudy1/LeNet_MNIST_BNN/tmp/auto/vivado_stitch_proj_b2b_bym1/finn_vivado_stitch_proj.gen/sources_1/bd/finn_design/ipshared/8dae/hdl/verilog/MVAU_hls_0_Matrix_Vector_Activate_Stream_Batch.v" Line 10. Module MVAU_hls_0_Matrix_Vector_Activate_Stream_Batch has a timescale but at least one module in design doesn't have timescale.
WARNING: [XSIM 43-4100] "/home/changhong/prj/finn/notebooks/EF-US-Engine-Free-Unstructured-Sparsity-Design-Alleviates-Accelerator-Bottlenecks/casestudy1/LeNet_MNIST_BNN/build/auto/home/changhong/prj/finn/notebooks/EF-US-Engine-Free-Unstructured-Sparsity-Design-Alleviates-Accelerator-Bottlenecks/casestudy1/LeNet_MNIST_BNN/tmp/auto/vivado_stitch_proj_b2b_bym1/finn_vivado_stitch_proj.gen/sources_1/bd/finn_design/ipshared/8dae/hdl/verilog/MVAU_hls_0_mul_8s_2s_10_1_1.v" Line 9. Module MVAU_hls_0_mul_8s_2s_10_1_1(NUM_STAGE=1,din0_WIDTH=8,din1_WIDTH=2,dout_WIDTH=10) has a timescale but at least one module in design doesn't have timescale.
WARNING: [XSIM 43-4100] "/home/changhong/prj/finn/notebooks/EF-US-Engine-Free-Unstructured-Sparsity-Design-Alleviates-Accelerator-Bottlenecks/casestudy1/LeNet_MNIST_BNN/build/auto/home/changhong/prj/finn/notebooks/EF-US-Engine-Free-Unstructured-Sparsity-Design-Alleviates-Accelerator-Bottlenecks/casestudy1/LeNet_MNIST_BNN/tmp/auto/vivado_stitch_proj_b2b_bym1/finn_vivado_stitch_proj.gen/sources_1/bd/finn_design/ipshared/8dae/hdl/verilog/MVAU_hls_0_mul_8s_2s_10_1_1.v" Line 9. Module MVAU_hls_0_mul_8s_2s_10_1_1(NUM_STAGE=1,din0_WIDTH=8,din1_WIDTH=2,dout_WIDTH=10) has a timescale but at least one module in design doesn't have timescale.
WARNING: [XSIM 43-4100] "/home/changhong/prj/finn/notebooks/EF-US-Engine-Free-Unstructured-Sparsity-Design-Alleviates-Accelerator-Bottlenecks/casestudy1/LeNet_MNIST_BNN/build/auto/home/changhong/prj/finn/notebooks/EF-US-Engine-Free-Unstructured-Sparsity-Design-Alleviates-Accelerator-Bottlenecks/casestudy1/LeNet_MNIST_BNN/tmp/auto/vivado_stitch_proj_b2b_bym1/finn_vivado_stitch_proj.gen/sources_1/bd/finn_design/ipshared/8dae/hdl/verilog/MVAU_hls_0_mul_8s_2s_10_1_1.v" Line 9. Module MVAU_hls_0_mul_8s_2s_10_1_1(NUM_STAGE=1,din0_WIDTH=8,din1_WIDTH=2,dout_WIDTH=10) has a timescale but at least one module in design doesn't have timescale.
WARNING: [XSIM 43-4100] "/home/changhong/prj/finn/notebooks/EF-US-Engine-Free-Unstructured-Sparsity-Design-Alleviates-Accelerator-Bottlenecks/casestudy1/LeNet_MNIST_BNN/build/auto/home/changhong/prj/finn/notebooks/EF-US-Engine-Free-Unstructured-Sparsity-Design-Alleviates-Accelerator-Bottlenecks/casestudy1/LeNet_MNIST_BNN/tmp/auto/vivado_stitch_proj_b2b_bym1/finn_vivado_stitch_proj.gen/sources_1/bd/finn_design/ipshared/8dae/hdl/verilog/MVAU_hls_0_mul_8s_2s_10_1_1.v" Line 9. Module MVAU_hls_0_mul_8s_2s_10_1_1(NUM_STAGE=1,din0_WIDTH=8,din1_WIDTH=2,dout_WIDTH=10) has a timescale but at least one module in design doesn't have timescale.
WARNING: [XSIM 43-4100] "/home/changhong/prj/finn/notebooks/EF-US-Engine-Free-Unstructured-Sparsity-Design-Alleviates-Accelerator-Bottlenecks/casestudy1/LeNet_MNIST_BNN/build/auto/home/changhong/prj/finn/notebooks/EF-US-Engine-Free-Unstructured-Sparsity-Design-Alleviates-Accelerator-Bottlenecks/casestudy1/LeNet_MNIST_BNN/tmp/auto/vivado_stitch_proj_b2b_bym1/finn_vivado_stitch_proj.gen/sources_1/bd/finn_design/ipshared/8dae/hdl/verilog/MVAU_hls_0_mul_8s_2s_10_1_1.v" Line 9. Module MVAU_hls_0_mul_8s_2s_10_1_1(NUM_STAGE=1,din0_WIDTH=8,din1_WIDTH=2,dout_WIDTH=10) has a timescale but at least one module in design doesn't have timescale.
WARNING: [XSIM 43-4100] "/home/changhong/prj/finn/notebooks/EF-US-Engine-Free-Unstructured-Sparsity-Design-Alleviates-Accelerator-Bottlenecks/casestudy1/LeNet_MNIST_BNN/build/auto/home/changhong/prj/finn/notebooks/EF-US-Engine-Free-Unstructured-Sparsity-Design-Alleviates-Accelerator-Bottlenecks/casestudy1/LeNet_MNIST_BNN/tmp/auto/vivado_stitch_proj_b2b_bym1/finn_vivado_stitch_proj.gen/sources_1/bd/finn_design/ipshared/8dae/hdl/verilog/MVAU_hls_0_mul_8s_2s_10_1_1.v" Line 9. Module MVAU_hls_0_mul_8s_2s_10_1_1(NUM_STAGE=1,din0_WIDTH=8,din1_WIDTH=2,dout_WIDTH=10) has a timescale but at least one module in design doesn't have timescale.
WARNING: [XSIM 43-4100] "/home/changhong/prj/finn/notebooks/EF-US-Engine-Free-Unstructured-Sparsity-Design-Alleviates-Accelerator-Bottlenecks/casestudy1/LeNet_MNIST_BNN/build/auto/home/changhong/prj/finn/notebooks/EF-US-Engine-Free-Unstructured-Sparsity-Design-Alleviates-Accelerator-Bottlenecks/casestudy1/LeNet_MNIST_BNN/tmp/auto/vivado_stitch_proj_b2b_bym1/finn_vivado_stitch_proj.gen/sources_1/bd/finn_design/ipshared/8dae/hdl/verilog/MVAU_hls_0_mul_8s_2s_10_1_1.v" Line 9. Module MVAU_hls_0_mul_8s_2s_10_1_1(NUM_STAGE=1,din0_WIDTH=8,din1_WIDTH=2,dout_WIDTH=10) has a timescale but at least one module in design doesn't have timescale.
WARNING: [XSIM 43-4100] "/home/changhong/prj/finn/notebooks/EF-US-Engine-Free-Unstructured-Sparsity-Design-Alleviates-Accelerator-Bottlenecks/casestudy1/LeNet_MNIST_BNN/build/auto/home/changhong/prj/finn/notebooks/EF-US-Engine-Free-Unstructured-Sparsity-Design-Alleviates-Accelerator-Bottlenecks/casestudy1/LeNet_MNIST_BNN/tmp/auto/vivado_stitch_proj_b2b_bym1/finn_vivado_stitch_proj.gen/sources_1/bd/finn_design/ipshared/8dae/hdl/verilog/MVAU_hls_0_mul_8s_2s_10_1_1.v" Line 9. Module MVAU_hls_0_mul_8s_2s_10_1_1(NUM_STAGE=1,din0_WIDTH=8,din1_WIDTH=2,dout_WIDTH=10) has a timescale but at least one module in design doesn't have timescale.
WARNING: [XSIM 43-4100] "/home/changhong/prj/finn/notebooks/EF-US-Engine-Free-Unstructured-Sparsity-Design-Alleviates-Accelerator-Bottlenecks/casestudy1/LeNet_MNIST_BNN/build/auto/home/changhong/prj/finn/notebooks/EF-US-Engine-Free-Unstructured-Sparsity-Design-Alleviates-Accelerator-Bottlenecks/casestudy1/LeNet_MNIST_BNN/tmp/auto/vivado_stitch_proj_b2b_bym1/finn_vivado_stitch_proj.gen/sources_1/bd/finn_design/ipshared/8dae/hdl/verilog/MVAU_hls_0_mul_8s_2s_10_1_1.v" Line 9. Module MVAU_hls_0_mul_8s_2s_10_1_1(NUM_STAGE=1,din0_WIDTH=8,din1_WIDTH=2,dout_WIDTH=10) has a timescale but at least one module in design doesn't have timescale.
WARNING: [XSIM 43-4100] "/home/changhong/prj/finn/notebooks/EF-US-Engine-Free-Unstructured-Sparsity-Design-Alleviates-Accelerator-Bottlenecks/casestudy1/LeNet_MNIST_BNN/build/auto/home/changhong/prj/finn/notebooks/EF-US-Engine-Free-Unstructured-Sparsity-Design-Alleviates-Accelerator-Bottlenecks/casestudy1/LeNet_MNIST_BNN/tmp/auto/vivado_stitch_proj_b2b_bym1/finn_vivado_stitch_proj.gen/sources_1/bd/finn_design/ipshared/8dae/hdl/verilog/MVAU_hls_0_mul_8s_2s_10_1_1.v" Line 9. Module MVAU_hls_0_mul_8s_2s_10_1_1(NUM_STAGE=1,din0_WIDTH=8,din1_WIDTH=2,dout_WIDTH=10) has a timescale but at least one module in design doesn't have timescale.
WARNING: [XSIM 43-4100] "/home/changhong/prj/finn/notebooks/EF-US-Engine-Free-Unstructured-Sparsity-Design-Alleviates-Accelerator-Bottlenecks/casestudy1/LeNet_MNIST_BNN/build/auto/home/changhong/prj/finn/notebooks/EF-US-Engine-Free-Unstructured-Sparsity-Design-Alleviates-Accelerator-Bottlenecks/casestudy1/LeNet_MNIST_BNN/tmp/auto/vivado_stitch_proj_b2b_bym1/finn_vivado_stitch_proj.gen/sources_1/bd/finn_design/ipshared/8dae/hdl/verilog/MVAU_hls_0_mul_8s_2s_10_1_1.v" Line 9. Module MVAU_hls_0_mul_8s_2s_10_1_1(NUM_STAGE=1,din0_WIDTH=8,din1_WIDTH=2,dout_WIDTH=10) has a timescale but at least one module in design doesn't have timescale.
WARNING: [XSIM 43-4100] "/home/changhong/prj/finn/notebooks/EF-US-Engine-Free-Unstructured-Sparsity-Design-Alleviates-Accelerator-Bottlenecks/casestudy1/LeNet_MNIST_BNN/build/auto/home/changhong/prj/finn/notebooks/EF-US-Engine-Free-Unstructured-Sparsity-Design-Alleviates-Accelerator-Bottlenecks/casestudy1/LeNet_MNIST_BNN/tmp/auto/vivado_stitch_proj_b2b_bym1/finn_vivado_stitch_proj.gen/sources_1/bd/finn_design/ipshared/8dae/hdl/verilog/MVAU_hls_0_mul_8s_2s_10_1_1.v" Line 9. Module MVAU_hls_0_mul_8s_2s_10_1_1(NUM_STAGE=1,din0_WIDTH=8,din1_WIDTH=2,dout_WIDTH=10) has a timescale but at least one module in design doesn't have timescale.
WARNING: [XSIM 43-4100] "/home/changhong/prj/finn/notebooks/EF-US-Engine-Free-Unstructured-Sparsity-Design-Alleviates-Accelerator-Bottlenecks/casestudy1/LeNet_MNIST_BNN/build/auto/home/changhong/prj/finn/notebooks/EF-US-Engine-Free-Unstructured-Sparsity-Design-Alleviates-Accelerator-Bottlenecks/casestudy1/LeNet_MNIST_BNN/tmp/auto/vivado_stitch_proj_b2b_bym1/finn_vivado_stitch_proj.gen/sources_1/bd/finn_design/ipshared/8dae/hdl/verilog/MVAU_hls_0_mul_8s_2s_10_1_1.v" Line 9. Module MVAU_hls_0_mul_8s_2s_10_1_1(NUM_STAGE=1,din0_WIDTH=8,din1_WIDTH=2,dout_WIDTH=10) has a timescale but at least one module in design doesn't have timescale.
WARNING: [XSIM 43-4100] "/home/changhong/prj/finn/notebooks/EF-US-Engine-Free-Unstructured-Sparsity-Design-Alleviates-Accelerator-Bottlenecks/casestudy1/LeNet_MNIST_BNN/build/auto/home/changhong/prj/finn/notebooks/EF-US-Engine-Free-Unstructured-Sparsity-Design-Alleviates-Accelerator-Bottlenecks/casestudy1/LeNet_MNIST_BNN/tmp/auto/vivado_stitch_proj_b2b_bym1/finn_vivado_stitch_proj.gen/sources_1/bd/finn_design/ipshared/8dae/hdl/verilog/MVAU_hls_0_mul_8s_2s_10_1_1.v" Line 9. Module MVAU_hls_0_mul_8s_2s_10_1_1(NUM_STAGE=1,din0_WIDTH=8,din1_WIDTH=2,dout_WIDTH=10) has a timescale but at least one module in design doesn't have timescale.
WARNING: [XSIM 43-4100] "/home/changhong/prj/finn/notebooks/EF-US-Engine-Free-Unstructured-Sparsity-Design-Alleviates-Accelerator-Bottlenecks/casestudy1/LeNet_MNIST_BNN/build/auto/home/changhong/prj/finn/notebooks/EF-US-Engine-Free-Unstructured-Sparsity-Design-Alleviates-Accelerator-Bottlenecks/casestudy1/LeNet_MNIST_BNN/tmp/auto/vivado_stitch_proj_b2b_bym1/finn_vivado_stitch_proj.gen/sources_1/bd/finn_design/ipshared/8dae/hdl/verilog/MVAU_hls_0_mul_8s_2s_10_1_1.v" Line 9. Module MVAU_hls_0_mul_8s_2s_10_1_1(NUM_STAGE=1,din0_WIDTH=8,din1_WIDTH=2,dout_WIDTH=10) has a timescale but at least one module in design doesn't have timescale.
WARNING: [XSIM 43-4100] "/home/changhong/prj/finn/notebooks/EF-US-Engine-Free-Unstructured-Sparsity-Design-Alleviates-Accelerator-Bottlenecks/casestudy1/LeNet_MNIST_BNN/build/auto/home/changhong/prj/finn/notebooks/EF-US-Engine-Free-Unstructured-Sparsity-Design-Alleviates-Accelerator-Bottlenecks/casestudy1/LeNet_MNIST_BNN/tmp/auto/vivado_stitch_proj_b2b_bym1/finn_vivado_stitch_proj.gen/sources_1/bd/finn_design/ipshared/8dae/hdl/verilog/MVAU_hls_0_mul_8s_2s_10_1_1.v" Line 9. Module MVAU_hls_0_mul_8s_2s_10_1_1(NUM_STAGE=1,din0_WIDTH=8,din1_WIDTH=2,dout_WIDTH=10) has a timescale but at least one module in design doesn't have timescale.
WARNING: [XSIM 43-4100] "/home/changhong/prj/finn/notebooks/EF-US-Engine-Free-Unstructured-Sparsity-Design-Alleviates-Accelerator-Bottlenecks/casestudy1/LeNet_MNIST_BNN/build/auto/home/changhong/prj/finn/notebooks/EF-US-Engine-Free-Unstructured-Sparsity-Design-Alleviates-Accelerator-Bottlenecks/casestudy1/LeNet_MNIST_BNN/tmp/auto/vivado_stitch_proj_b2b_bym1/finn_vivado_stitch_proj.gen/sources_1/bd/finn_design/ipshared/8dae/hdl/verilog/MVAU_hls_0_mul_8s_2s_10_1_1.v" Line 9. Module MVAU_hls_0_mul_8s_2s_10_1_1(NUM_STAGE=1,din0_WIDTH=8,din1_WIDTH=2,dout_WIDTH=10) has a timescale but at least one module in design doesn't have timescale.
WARNING: [XSIM 43-4100] "/home/changhong/prj/finn/notebooks/EF-US-Engine-Free-Unstructured-Sparsity-Design-Alleviates-Accelerator-Bottlenecks/casestudy1/LeNet_MNIST_BNN/build/auto/home/changhong/prj/finn/notebooks/EF-US-Engine-Free-Unstructured-Sparsity-Design-Alleviates-Accelerator-Bottlenecks/casestudy1/LeNet_MNIST_BNN/tmp/auto/vivado_stitch_proj_b2b_bym1/finn_vivado_stitch_proj.gen/sources_1/bd/finn_design/ipshared/8dae/hdl/verilog/MVAU_hls_0_mul_8s_2s_10_1_1.v" Line 9. Module MVAU_hls_0_mul_8s_2s_10_1_1(NUM_STAGE=1,din0_WIDTH=8,din1_WIDTH=2,dout_WIDTH=10) has a timescale but at least one module in design doesn't have timescale.
WARNING: [XSIM 43-4100] "/home/changhong/prj/finn/notebooks/EF-US-Engine-Free-Unstructured-Sparsity-Design-Alleviates-Accelerator-Bottlenecks/casestudy1/LeNet_MNIST_BNN/build/auto/home/changhong/prj/finn/notebooks/EF-US-Engine-Free-Unstructured-Sparsity-Design-Alleviates-Accelerator-Bottlenecks/casestudy1/LeNet_MNIST_BNN/tmp/auto/vivado_stitch_proj_b2b_bym1/finn_vivado_stitch_proj.gen/sources_1/bd/finn_design/ipshared/8dae/hdl/verilog/MVAU_hls_0_mul_8s_2s_10_1_1.v" Line 9. Module MVAU_hls_0_mul_8s_2s_10_1_1(NUM_STAGE=1,din0_WIDTH=8,din1_WIDTH=2,dout_WIDTH=10) has a timescale but at least one module in design doesn't have timescale.
WARNING: [XSIM 43-4100] "/home/changhong/prj/finn/notebooks/EF-US-Engine-Free-Unstructured-Sparsity-Design-Alleviates-Accelerator-Bottlenecks/casestudy1/LeNet_MNIST_BNN/build/auto/home/changhong/prj/finn/notebooks/EF-US-Engine-Free-Unstructured-Sparsity-Design-Alleviates-Accelerator-Bottlenecks/casestudy1/LeNet_MNIST_BNN/tmp/auto/vivado_stitch_proj_b2b_bym1/finn_vivado_stitch_proj.gen/sources_1/bd/finn_design/ipshared/8dae/hdl/verilog/MVAU_hls_0_mul_8s_2s_10_1_1.v" Line 9. Module MVAU_hls_0_mul_8s_2s_10_1_1(NUM_STAGE=1,din0_WIDTH=8,din1_WIDTH=2,dout_WIDTH=10) has a timescale but at least one module in design doesn't have timescale.
WARNING: [XSIM 43-4100] "/home/changhong/prj/finn/notebooks/EF-US-Engine-Free-Unstructured-Sparsity-Design-Alleviates-Accelerator-Bottlenecks/casestudy1/LeNet_MNIST_BNN/build/auto/home/changhong/prj/finn/notebooks/EF-US-Engine-Free-Unstructured-Sparsity-Design-Alleviates-Accelerator-Bottlenecks/casestudy1/LeNet_MNIST_BNN/tmp/auto/vivado_stitch_proj_b2b_bym1/finn_vivado_stitch_proj.gen/sources_1/bd/finn_design/ipshared/8dae/hdl/verilog/MVAU_hls_0_mul_8s_2s_10_1_1.v" Line 9. Module MVAU_hls_0_mul_8s_2s_10_1_1(NUM_STAGE=1,din0_WIDTH=8,din1_WIDTH=2,dout_WIDTH=10) has a timescale but at least one module in design doesn't have timescale.
WARNING: [XSIM 43-4100] "/home/changhong/prj/finn/notebooks/EF-US-Engine-Free-Unstructured-Sparsity-Design-Alleviates-Accelerator-Bottlenecks/casestudy1/LeNet_MNIST_BNN/build/auto/home/changhong/prj/finn/notebooks/EF-US-Engine-Free-Unstructured-Sparsity-Design-Alleviates-Accelerator-Bottlenecks/casestudy1/LeNet_MNIST_BNN/tmp/auto/vivado_stitch_proj_b2b_bym1/finn_vivado_stitch_proj.gen/sources_1/bd/finn_design/ipshared/8dae/hdl/verilog/MVAU_hls_0_mul_8s_2s_10_1_1.v" Line 9. Module MVAU_hls_0_mul_8s_2s_10_1_1(NUM_STAGE=1,din0_WIDTH=8,din1_WIDTH=2,dout_WIDTH=10) has a timescale but at least one module in design doesn't have timescale.
WARNING: [XSIM 43-4100] "/home/changhong/prj/finn/notebooks/EF-US-Engine-Free-Unstructured-Sparsity-Design-Alleviates-Accelerator-Bottlenecks/casestudy1/LeNet_MNIST_BNN/build/auto/home/changhong/prj/finn/notebooks/EF-US-Engine-Free-Unstructured-Sparsity-Design-Alleviates-Accelerator-Bottlenecks/casestudy1/LeNet_MNIST_BNN/tmp/auto/vivado_stitch_proj_b2b_bym1/finn_vivado_stitch_proj.gen/sources_1/bd/finn_design/ipshared/8dae/hdl/verilog/MVAU_hls_0_mul_8s_2s_10_1_1.v" Line 9. Module MVAU_hls_0_mul_8s_2s_10_1_1(NUM_STAGE=1,din0_WIDTH=8,din1_WIDTH=2,dout_WIDTH=10) has a timescale but at least one module in design doesn't have timescale.
WARNING: [XSIM 43-4100] "/home/changhong/prj/finn/notebooks/EF-US-Engine-Free-Unstructured-Sparsity-Design-Alleviates-Accelerator-Bottlenecks/casestudy1/LeNet_MNIST_BNN/build/auto/home/changhong/prj/finn/notebooks/EF-US-Engine-Free-Unstructured-Sparsity-Design-Alleviates-Accelerator-Bottlenecks/casestudy1/LeNet_MNIST_BNN/tmp/auto/vivado_stitch_proj_b2b_bym1/finn_vivado_stitch_proj.gen/sources_1/bd/finn_design/ipshared/8dae/hdl/verilog/MVAU_hls_0_mul_8s_2s_10_1_1.v" Line 9. Module MVAU_hls_0_mul_8s_2s_10_1_1(NUM_STAGE=1,din0_WIDTH=8,din1_WIDTH=2,dout_WIDTH=10) has a timescale but at least one module in design doesn't have timescale.
WARNING: [XSIM 43-4100] "/home/changhong/prj/finn/notebooks/EF-US-Engine-Free-Unstructured-Sparsity-Design-Alleviates-Accelerator-Bottlenecks/casestudy1/LeNet_MNIST_BNN/build/auto/home/changhong/prj/finn/notebooks/EF-US-Engine-Free-Unstructured-Sparsity-Design-Alleviates-Accelerator-Bottlenecks/casestudy1/LeNet_MNIST_BNN/tmp/auto/vivado_stitch_proj_b2b_bym1/finn_vivado_stitch_proj.gen/sources_1/bd/finn_design/ipshared/8dae/hdl/verilog/MVAU_hls_0_mul_8s_2s_10_1_1.v" Line 9. Module MVAU_hls_0_mul_8s_2s_10_1_1(NUM_STAGE=1,din0_WIDTH=8,din1_WIDTH=2,dout_WIDTH=10) has a timescale but at least one module in design doesn't have timescale.
WARNING: [XSIM 43-4100] "/home/changhong/prj/finn/notebooks/EF-US-Engine-Free-Unstructured-Sparsity-Design-Alleviates-Accelerator-Bottlenecks/casestudy1/LeNet_MNIST_BNN/build/auto/home/changhong/prj/finn/notebooks/EF-US-Engine-Free-Unstructured-Sparsity-Design-Alleviates-Accelerator-Bottlenecks/casestudy1/LeNet_MNIST_BNN/tmp/auto/vivado_stitch_proj_b2b_bym1/finn_vivado_stitch_proj.gen/sources_1/bd/finn_design/ipshared/8dae/hdl/verilog/MVAU_hls_0_mul_8s_2s_10_1_1.v" Line 9. Module MVAU_hls_0_mul_8s_2s_10_1_1(NUM_STAGE=1,din0_WIDTH=8,din1_WIDTH=2,dout_WIDTH=10) has a timescale but at least one module in design doesn't have timescale.
WARNING: [XSIM 43-4100] "/home/changhong/prj/finn/notebooks/EF-US-Engine-Free-Unstructured-Sparsity-Design-Alleviates-Accelerator-Bottlenecks/casestudy1/LeNet_MNIST_BNN/build/auto/home/changhong/prj/finn/notebooks/EF-US-Engine-Free-Unstructured-Sparsity-Design-Alleviates-Accelerator-Bottlenecks/casestudy1/LeNet_MNIST_BNN/tmp/auto/vivado_stitch_proj_b2b_bym1/finn_vivado_stitch_proj.gen/sources_1/bd/finn_design/ipshared/8dae/hdl/verilog/MVAU_hls_0_mul_8s_2s_10_1_1.v" Line 9. Module MVAU_hls_0_mul_8s_2s_10_1_1(NUM_STAGE=1,din0_WIDTH=8,din1_WIDTH=2,dout_WIDTH=10) has a timescale but at least one module in design doesn't have timescale.
WARNING: [XSIM 43-4100] "/home/changhong/prj/finn/notebooks/EF-US-Engine-Free-Unstructured-Sparsity-Design-Alleviates-Accelerator-Bottlenecks/casestudy1/LeNet_MNIST_BNN/build/auto/home/changhong/prj/finn/notebooks/EF-US-Engine-Free-Unstructured-Sparsity-Design-Alleviates-Accelerator-Bottlenecks/casestudy1/LeNet_MNIST_BNN/tmp/auto/vivado_stitch_proj_b2b_bym1/finn_vivado_stitch_proj.gen/sources_1/bd/finn_design/ipshared/8dae/hdl/verilog/MVAU_hls_0_mul_8s_2s_10_1_1.v" Line 9. Module MVAU_hls_0_mul_8s_2s_10_1_1(NUM_STAGE=1,din0_WIDTH=8,din1_WIDTH=2,dout_WIDTH=10) has a timescale but at least one module in design doesn't have timescale.
WARNING: [XSIM 43-4100] "/home/changhong/prj/finn/notebooks/EF-US-Engine-Free-Unstructured-Sparsity-Design-Alleviates-Accelerator-Bottlenecks/casestudy1/LeNet_MNIST_BNN/build/auto/home/changhong/prj/finn/notebooks/EF-US-Engine-Free-Unstructured-Sparsity-Design-Alleviates-Accelerator-Bottlenecks/casestudy1/LeNet_MNIST_BNN/tmp/auto/vivado_stitch_proj_b2b_bym1/finn_vivado_stitch_proj.gen/sources_1/bd/finn_design/ipshared/8dae/hdl/verilog/MVAU_hls_0_mul_8s_2s_10_1_1.v" Line 9. Module MVAU_hls_0_mul_8s_2s_10_1_1(NUM_STAGE=1,din0_WIDTH=8,din1_WIDTH=2,dout_WIDTH=10) has a timescale but at least one module in design doesn't have timescale.
WARNING: [XSIM 43-4100] "/home/changhong/prj/finn/notebooks/EF-US-Engine-Free-Unstructured-Sparsity-Design-Alleviates-Accelerator-Bottlenecks/casestudy1/LeNet_MNIST_BNN/build/auto/home/changhong/prj/finn/notebooks/EF-US-Engine-Free-Unstructured-Sparsity-Design-Alleviates-Accelerator-Bottlenecks/casestudy1/LeNet_MNIST_BNN/tmp/auto/vivado_stitch_proj_b2b_bym1/finn_vivado_stitch_proj.gen/sources_1/bd/finn_design/ipshared/8dae/hdl/verilog/MVAU_hls_0_mul_8s_2s_10_1_1.v" Line 9. Module MVAU_hls_0_mul_8s_2s_10_1_1(NUM_STAGE=1,din0_WIDTH=8,din1_WIDTH=2,dout_WIDTH=10) has a timescale but at least one module in design doesn't have timescale.
WARNING: [XSIM 43-4100] "/home/changhong/prj/finn/notebooks/EF-US-Engine-Free-Unstructured-Sparsity-Design-Alleviates-Accelerator-Bottlenecks/casestudy1/LeNet_MNIST_BNN/build/auto/home/changhong/prj/finn/notebooks/EF-US-Engine-Free-Unstructured-Sparsity-Design-Alleviates-Accelerator-Bottlenecks/casestudy1/LeNet_MNIST_BNN/tmp/auto/vivado_stitch_proj_b2b_bym1/finn_vivado_stitch_proj.gen/sources_1/bd/finn_design/ipshared/8dae/hdl/verilog/MVAU_hls_0_mul_8s_2s_10_1_1.v" Line 9. Module MVAU_hls_0_mul_8s_2s_10_1_1(NUM_STAGE=1,din0_WIDTH=8,din1_WIDTH=2,dout_WIDTH=10) has a timescale but at least one module in design doesn't have timescale.
WARNING: [XSIM 43-4100] "/home/changhong/prj/finn/notebooks/EF-US-Engine-Free-Unstructured-Sparsity-Design-Alleviates-Accelerator-Bottlenecks/casestudy1/LeNet_MNIST_BNN/build/auto/home/changhong/prj/finn/notebooks/EF-US-Engine-Free-Unstructured-Sparsity-Design-Alleviates-Accelerator-Bottlenecks/casestudy1/LeNet_MNIST_BNN/tmp/auto/vivado_stitch_proj_b2b_bym1/finn_vivado_stitch_proj.gen/sources_1/bd/finn_design/ipshared/8dae/hdl/verilog/MVAU_hls_0_mul_8s_2s_10_1_1.v" Line 9. Module MVAU_hls_0_mul_8s_2s_10_1_1(NUM_STAGE=1,din0_WIDTH=8,din1_WIDTH=2,dout_WIDTH=10) has a timescale but at least one module in design doesn't have timescale.
WARNING: [XSIM 43-4100] "/home/changhong/prj/finn/notebooks/EF-US-Engine-Free-Unstructured-Sparsity-Design-Alleviates-Accelerator-Bottlenecks/casestudy1/LeNet_MNIST_BNN/build/auto/home/changhong/prj/finn/notebooks/EF-US-Engine-Free-Unstructured-Sparsity-Design-Alleviates-Accelerator-Bottlenecks/casestudy1/LeNet_MNIST_BNN/tmp/auto/vivado_stitch_proj_b2b_bym1/finn_vivado_stitch_proj.gen/sources_1/bd/finn_design/ipshared/8dae/hdl/verilog/MVAU_hls_0_mul_8s_2s_10_1_1.v" Line 9. Module MVAU_hls_0_mul_8s_2s_10_1_1(NUM_STAGE=1,din0_WIDTH=8,din1_WIDTH=2,dout_WIDTH=10) has a timescale but at least one module in design doesn't have timescale.
WARNING: [XSIM 43-4100] "/home/changhong/prj/finn/notebooks/EF-US-Engine-Free-Unstructured-Sparsity-Design-Alleviates-Accelerator-Bottlenecks/casestudy1/LeNet_MNIST_BNN/build/auto/home/changhong/prj/finn/notebooks/EF-US-Engine-Free-Unstructured-Sparsity-Design-Alleviates-Accelerator-Bottlenecks/casestudy1/LeNet_MNIST_BNN/tmp/auto/vivado_stitch_proj_b2b_bym1/finn_vivado_stitch_proj.gen/sources_1/bd/finn_design/ipshared/8dae/hdl/verilog/MVAU_hls_0_mul_8s_2s_10_1_1.v" Line 9. Module MVAU_hls_0_mul_8s_2s_10_1_1(NUM_STAGE=1,din0_WIDTH=8,din1_WIDTH=2,dout_WIDTH=10) has a timescale but at least one module in design doesn't have timescale.
WARNING: [XSIM 43-4100] "/home/changhong/prj/finn/notebooks/EF-US-Engine-Free-Unstructured-Sparsity-Design-Alleviates-Accelerator-Bottlenecks/casestudy1/LeNet_MNIST_BNN/build/auto/home/changhong/prj/finn/notebooks/EF-US-Engine-Free-Unstructured-Sparsity-Design-Alleviates-Accelerator-Bottlenecks/casestudy1/LeNet_MNIST_BNN/tmp/auto/vivado_stitch_proj_b2b_bym1/finn_vivado_stitch_proj.gen/sources_1/bd/finn_design/ipshared/8dae/hdl/verilog/MVAU_hls_0_mul_8s_2s_10_1_1.v" Line 9. Module MVAU_hls_0_mul_8s_2s_10_1_1(NUM_STAGE=1,din0_WIDTH=8,din1_WIDTH=2,dout_WIDTH=10) has a timescale but at least one module in design doesn't have timescale.
WARNING: [XSIM 43-4100] "/home/changhong/prj/finn/notebooks/EF-US-Engine-Free-Unstructured-Sparsity-Design-Alleviates-Accelerator-Bottlenecks/casestudy1/LeNet_MNIST_BNN/build/auto/home/changhong/prj/finn/notebooks/EF-US-Engine-Free-Unstructured-Sparsity-Design-Alleviates-Accelerator-Bottlenecks/casestudy1/LeNet_MNIST_BNN/tmp/auto/vivado_stitch_proj_b2b_bym1/finn_vivado_stitch_proj.gen/sources_1/bd/finn_design/ipshared/8dae/hdl/verilog/MVAU_hls_0_mul_8s_2s_10_1_1.v" Line 9. Module MVAU_hls_0_mul_8s_2s_10_1_1(NUM_STAGE=1,din0_WIDTH=8,din1_WIDTH=2,dout_WIDTH=10) has a timescale but at least one module in design doesn't have timescale.
WARNING: [XSIM 43-4100] "/home/changhong/prj/finn/notebooks/EF-US-Engine-Free-Unstructured-Sparsity-Design-Alleviates-Accelerator-Bottlenecks/casestudy1/LeNet_MNIST_BNN/build/auto/home/changhong/prj/finn/notebooks/EF-US-Engine-Free-Unstructured-Sparsity-Design-Alleviates-Accelerator-Bottlenecks/casestudy1/LeNet_MNIST_BNN/tmp/auto/vivado_stitch_proj_b2b_bym1/finn_vivado_stitch_proj.gen/sources_1/bd/finn_design/ipshared/8dae/hdl/verilog/MVAU_hls_0_mul_8s_2s_10_1_1.v" Line 9. Module MVAU_hls_0_mul_8s_2s_10_1_1(NUM_STAGE=1,din0_WIDTH=8,din1_WIDTH=2,dout_WIDTH=10) has a timescale but at least one module in design doesn't have timescale.
WARNING: [XSIM 43-4100] "/home/changhong/prj/finn/notebooks/EF-US-Engine-Free-Unstructured-Sparsity-Design-Alleviates-Accelerator-Bottlenecks/casestudy1/LeNet_MNIST_BNN/build/auto/home/changhong/prj/finn/notebooks/EF-US-Engine-Free-Unstructured-Sparsity-Design-Alleviates-Accelerator-Bottlenecks/casestudy1/LeNet_MNIST_BNN/tmp/auto/vivado_stitch_proj_b2b_bym1/finn_vivado_stitch_proj.gen/sources_1/bd/finn_design/ipshared/8dae/hdl/verilog/MVAU_hls_0_mul_8s_2s_10_1_1.v" Line 9. Module MVAU_hls_0_mul_8s_2s_10_1_1(NUM_STAGE=1,din0_WIDTH=8,din1_WIDTH=2,dout_WIDTH=10) has a timescale but at least one module in design doesn't have timescale.
WARNING: [XSIM 43-4100] "/home/changhong/prj/finn/notebooks/EF-US-Engine-Free-Unstructured-Sparsity-Design-Alleviates-Accelerator-Bottlenecks/casestudy1/LeNet_MNIST_BNN/build/auto/home/changhong/prj/finn/notebooks/EF-US-Engine-Free-Unstructured-Sparsity-Design-Alleviates-Accelerator-Bottlenecks/casestudy1/LeNet_MNIST_BNN/tmp/auto/vivado_stitch_proj_b2b_bym1/finn_vivado_stitch_proj.gen/sources_1/bd/finn_design/ipshared/8dae/hdl/verilog/MVAU_hls_0_mul_8s_2s_10_1_1.v" Line 9. Module MVAU_hls_0_mul_8s_2s_10_1_1(NUM_STAGE=1,din0_WIDTH=8,din1_WIDTH=2,dout_WIDTH=10) has a timescale but at least one module in design doesn't have timescale.
WARNING: [XSIM 43-4100] "/home/changhong/prj/finn/notebooks/EF-US-Engine-Free-Unstructured-Sparsity-Design-Alleviates-Accelerator-Bottlenecks/casestudy1/LeNet_MNIST_BNN/build/auto/home/changhong/prj/finn/notebooks/EF-US-Engine-Free-Unstructured-Sparsity-Design-Alleviates-Accelerator-Bottlenecks/casestudy1/LeNet_MNIST_BNN/tmp/auto/vivado_stitch_proj_b2b_bym1/finn_vivado_stitch_proj.gen/sources_1/bd/finn_design/ipshared/8dae/hdl/verilog/MVAU_hls_0_mul_8s_2s_10_1_1.v" Line 9. Module MVAU_hls_0_mul_8s_2s_10_1_1(NUM_STAGE=1,din0_WIDTH=8,din1_WIDTH=2,dout_WIDTH=10) has a timescale but at least one module in design doesn't have timescale.
WARNING: [XSIM 43-4100] "/home/changhong/prj/finn/notebooks/EF-US-Engine-Free-Unstructured-Sparsity-Design-Alleviates-Accelerator-Bottlenecks/casestudy1/LeNet_MNIST_BNN/build/auto/home/changhong/prj/finn/notebooks/EF-US-Engine-Free-Unstructured-Sparsity-Design-Alleviates-Accelerator-Bottlenecks/casestudy1/LeNet_MNIST_BNN/tmp/auto/vivado_stitch_proj_b2b_bym1/finn_vivado_stitch_proj.gen/sources_1/bd/finn_design/ipshared/8dae/hdl/verilog/MVAU_hls_0_mul_8s_2s_10_1_1.v" Line 9. Module MVAU_hls_0_mul_8s_2s_10_1_1(NUM_STAGE=1,din0_WIDTH=8,din1_WIDTH=2,dout_WIDTH=10) has a timescale but at least one module in design doesn't have timescale.
WARNING: [XSIM 43-4100] "/home/changhong/prj/finn/notebooks/EF-US-Engine-Free-Unstructured-Sparsity-Design-Alleviates-Accelerator-Bottlenecks/casestudy1/LeNet_MNIST_BNN/build/auto/home/changhong/prj/finn/notebooks/EF-US-Engine-Free-Unstructured-Sparsity-Design-Alleviates-Accelerator-Bottlenecks/casestudy1/LeNet_MNIST_BNN/tmp/auto/vivado_stitch_proj_b2b_bym1/finn_vivado_stitch_proj.gen/sources_1/bd/finn_design/ipshared/8dae/hdl/verilog/MVAU_hls_0_mul_8s_2s_10_1_1.v" Line 9. Module MVAU_hls_0_mul_8s_2s_10_1_1(NUM_STAGE=1,din0_WIDTH=8,din1_WIDTH=2,dout_WIDTH=10) has a timescale but at least one module in design doesn't have timescale.
WARNING: [XSIM 43-4100] "/home/changhong/prj/finn/notebooks/EF-US-Engine-Free-Unstructured-Sparsity-Design-Alleviates-Accelerator-Bottlenecks/casestudy1/LeNet_MNIST_BNN/build/auto/home/changhong/prj/finn/notebooks/EF-US-Engine-Free-Unstructured-Sparsity-Design-Alleviates-Accelerator-Bottlenecks/casestudy1/LeNet_MNIST_BNN/tmp/auto/vivado_stitch_proj_b2b_bym1/finn_vivado_stitch_proj.gen/sources_1/bd/finn_design/ipshared/8dae/hdl/verilog/MVAU_hls_0_mul_8s_2s_10_1_1.v" Line 9. Module MVAU_hls_0_mul_8s_2s_10_1_1(NUM_STAGE=1,din0_WIDTH=8,din1_WIDTH=2,dout_WIDTH=10) has a timescale but at least one module in design doesn't have timescale.
WARNING: [XSIM 43-4100] "/home/changhong/prj/finn/notebooks/EF-US-Engine-Free-Unstructured-Sparsity-Design-Alleviates-Accelerator-Bottlenecks/casestudy1/LeNet_MNIST_BNN/build/auto/home/changhong/prj/finn/notebooks/EF-US-Engine-Free-Unstructured-Sparsity-Design-Alleviates-Accelerator-Bottlenecks/casestudy1/LeNet_MNIST_BNN/tmp/auto/vivado_stitch_proj_b2b_bym1/finn_vivado_stitch_proj.gen/sources_1/bd/finn_design/ipshared/8dae/hdl/verilog/MVAU_hls_0_mul_8s_2s_10_1_1.v" Line 9. Module MVAU_hls_0_mul_8s_2s_10_1_1(NUM_STAGE=1,din0_WIDTH=8,din1_WIDTH=2,dout_WIDTH=10) has a timescale but at least one module in design doesn't have timescale.
WARNING: [XSIM 43-4100] "/home/changhong/prj/finn/notebooks/EF-US-Engine-Free-Unstructured-Sparsity-Design-Alleviates-Accelerator-Bottlenecks/casestudy1/LeNet_MNIST_BNN/build/auto/home/changhong/prj/finn/notebooks/EF-US-Engine-Free-Unstructured-Sparsity-Design-Alleviates-Accelerator-Bottlenecks/casestudy1/LeNet_MNIST_BNN/tmp/auto/vivado_stitch_proj_b2b_bym1/finn_vivado_stitch_proj.gen/sources_1/bd/finn_design/ipshared/8dae/hdl/verilog/MVAU_hls_0_mul_8s_2s_10_1_1.v" Line 9. Module MVAU_hls_0_mul_8s_2s_10_1_1(NUM_STAGE=1,din0_WIDTH=8,din1_WIDTH=2,dout_WIDTH=10) has a timescale but at least one module in design doesn't have timescale.
WARNING: [XSIM 43-4100] "/home/changhong/prj/finn/notebooks/EF-US-Engine-Free-Unstructured-Sparsity-Design-Alleviates-Accelerator-Bottlenecks/casestudy1/LeNet_MNIST_BNN/build/auto/home/changhong/prj/finn/notebooks/EF-US-Engine-Free-Unstructured-Sparsity-Design-Alleviates-Accelerator-Bottlenecks/casestudy1/LeNet_MNIST_BNN/tmp/auto/vivado_stitch_proj_b2b_bym1/finn_vivado_stitch_proj.gen/sources_1/bd/finn_design/ipshared/8dae/hdl/verilog/MVAU_hls_0_mul_8s_2s_10_1_1.v" Line 9. Module MVAU_hls_0_mul_8s_2s_10_1_1(NUM_STAGE=1,din0_WIDTH=8,din1_WIDTH=2,dout_WIDTH=10) has a timescale but at least one module in design doesn't have timescale.
WARNING: [XSIM 43-4100] "/home/changhong/prj/finn/notebooks/EF-US-Engine-Free-Unstructured-Sparsity-Design-Alleviates-Accelerator-Bottlenecks/casestudy1/LeNet_MNIST_BNN/build/auto/home/changhong/prj/finn/notebooks/EF-US-Engine-Free-Unstructured-Sparsity-Design-Alleviates-Accelerator-Bottlenecks/casestudy1/LeNet_MNIST_BNN/tmp/auto/vivado_stitch_proj_b2b_bym1/finn_vivado_stitch_proj.gen/sources_1/bd/finn_design/ipshared/8dae/hdl/verilog/MVAU_hls_0_mul_8s_2s_10_1_1.v" Line 9. Module MVAU_hls_0_mul_8s_2s_10_1_1(NUM_STAGE=1,din0_WIDTH=8,din1_WIDTH=2,dout_WIDTH=10) has a timescale but at least one module in design doesn't have timescale.
WARNING: [XSIM 43-4100] "/home/changhong/prj/finn/notebooks/EF-US-Engine-Free-Unstructured-Sparsity-Design-Alleviates-Accelerator-Bottlenecks/casestudy1/LeNet_MNIST_BNN/build/auto/home/changhong/prj/finn/notebooks/EF-US-Engine-Free-Unstructured-Sparsity-Design-Alleviates-Accelerator-Bottlenecks/casestudy1/LeNet_MNIST_BNN/tmp/auto/vivado_stitch_proj_b2b_bym1/finn_vivado_stitch_proj.gen/sources_1/bd/finn_design/ipshared/8dae/hdl/verilog/MVAU_hls_0_mul_8s_2s_10_1_1.v" Line 9. Module MVAU_hls_0_mul_8s_2s_10_1_1(NUM_STAGE=1,din0_WIDTH=8,din1_WIDTH=2,dout_WIDTH=10) has a timescale but at least one module in design doesn't have timescale.
WARNING: [XSIM 43-4100] "/home/changhong/prj/finn/notebooks/EF-US-Engine-Free-Unstructured-Sparsity-Design-Alleviates-Accelerator-Bottlenecks/casestudy1/LeNet_MNIST_BNN/build/auto/home/changhong/prj/finn/notebooks/EF-US-Engine-Free-Unstructured-Sparsity-Design-Alleviates-Accelerator-Bottlenecks/casestudy1/LeNet_MNIST_BNN/tmp/auto/vivado_stitch_proj_b2b_bym1/finn_vivado_stitch_proj.gen/sources_1/bd/finn_design/ipshared/8dae/hdl/verilog/MVAU_hls_0_mul_8s_2s_10_1_1.v" Line 9. Module MVAU_hls_0_mul_8s_2s_10_1_1(NUM_STAGE=1,din0_WIDTH=8,din1_WIDTH=2,dout_WIDTH=10) has a timescale but at least one module in design doesn't have timescale.
WARNING: [XSIM 43-4100] "/home/changhong/prj/finn/notebooks/EF-US-Engine-Free-Unstructured-Sparsity-Design-Alleviates-Accelerator-Bottlenecks/casestudy1/LeNet_MNIST_BNN/build/auto/home/changhong/prj/finn/notebooks/EF-US-Engine-Free-Unstructured-Sparsity-Design-Alleviates-Accelerator-Bottlenecks/casestudy1/LeNet_MNIST_BNN/tmp/auto/vivado_stitch_proj_b2b_bym1/finn_vivado_stitch_proj.gen/sources_1/bd/finn_design/ipshared/8dae/hdl/verilog/MVAU_hls_0_mul_8s_2s_10_1_1.v" Line 9. Module MVAU_hls_0_mul_8s_2s_10_1_1(NUM_STAGE=1,din0_WIDTH=8,din1_WIDTH=2,dout_WIDTH=10) has a timescale but at least one module in design doesn't have timescale.
WARNING: [XSIM 43-4100] "/home/changhong/prj/finn/notebooks/EF-US-Engine-Free-Unstructured-Sparsity-Design-Alleviates-Accelerator-Bottlenecks/casestudy1/LeNet_MNIST_BNN/build/auto/home/changhong/prj/finn/notebooks/EF-US-Engine-Free-Unstructured-Sparsity-Design-Alleviates-Accelerator-Bottlenecks/casestudy1/LeNet_MNIST_BNN/tmp/auto/vivado_stitch_proj_b2b_bym1/finn_vivado_stitch_proj.gen/sources_1/bd/finn_design/ipshared/8dae/hdl/verilog/MVAU_hls_0_mul_8s_2s_10_1_1.v" Line 9. Module MVAU_hls_0_mul_8s_2s_10_1_1(NUM_STAGE=1,din0_WIDTH=8,din1_WIDTH=2,dout_WIDTH=10) has a timescale but at least one module in design doesn't have timescale.
WARNING: [XSIM 43-4100] "/home/changhong/prj/finn/notebooks/EF-US-Engine-Free-Unstructured-Sparsity-Design-Alleviates-Accelerator-Bottlenecks/casestudy1/LeNet_MNIST_BNN/build/auto/home/changhong/prj/finn/notebooks/EF-US-Engine-Free-Unstructured-Sparsity-Design-Alleviates-Accelerator-Bottlenecks/casestudy1/LeNet_MNIST_BNN/tmp/auto/vivado_stitch_proj_b2b_bym1/finn_vivado_stitch_proj.gen/sources_1/bd/finn_design/ipshared/8dae/hdl/verilog/MVAU_hls_0_mul_8s_2s_10_1_1.v" Line 9. Module MVAU_hls_0_mul_8s_2s_10_1_1(NUM_STAGE=1,din0_WIDTH=8,din1_WIDTH=2,dout_WIDTH=10) has a timescale but at least one module in design doesn't have timescale.
WARNING: [XSIM 43-4100] "/home/changhong/prj/finn/notebooks/EF-US-Engine-Free-Unstructured-Sparsity-Design-Alleviates-Accelerator-Bottlenecks/casestudy1/LeNet_MNIST_BNN/build/auto/home/changhong/prj/finn/notebooks/EF-US-Engine-Free-Unstructured-Sparsity-Design-Alleviates-Accelerator-Bottlenecks/casestudy1/LeNet_MNIST_BNN/tmp/auto/vivado_stitch_proj_b2b_bym1/finn_vivado_stitch_proj.gen/sources_1/bd/finn_design/ipshared/8dae/hdl/verilog/MVAU_hls_0_mul_8s_2s_10_1_1.v" Line 9. Module MVAU_hls_0_mul_8s_2s_10_1_1(NUM_STAGE=1,din0_WIDTH=8,din1_WIDTH=2,dout_WIDTH=10) has a timescale but at least one module in design doesn't have timescale.
WARNING: [XSIM 43-4100] "/home/changhong/prj/finn/notebooks/EF-US-Engine-Free-Unstructured-Sparsity-Design-Alleviates-Accelerator-Bottlenecks/casestudy1/LeNet_MNIST_BNN/build/auto/home/changhong/prj/finn/notebooks/EF-US-Engine-Free-Unstructured-Sparsity-Design-Alleviates-Accelerator-Bottlenecks/casestudy1/LeNet_MNIST_BNN/tmp/auto/vivado_stitch_proj_b2b_bym1/finn_vivado_stitch_proj.gen/sources_1/bd/finn_design/ipshared/8dae/hdl/verilog/MVAU_hls_0_mul_8s_2s_10_1_1.v" Line 9. Module MVAU_hls_0_mul_8s_2s_10_1_1(NUM_STAGE=1,din0_WIDTH=8,din1_WIDTH=2,dout_WIDTH=10) has a timescale but at least one module in design doesn't have timescale.
WARNING: [XSIM 43-4100] "/home/changhong/prj/finn/notebooks/EF-US-Engine-Free-Unstructured-Sparsity-Design-Alleviates-Accelerator-Bottlenecks/casestudy1/LeNet_MNIST_BNN/build/auto/home/changhong/prj/finn/notebooks/EF-US-Engine-Free-Unstructured-Sparsity-Design-Alleviates-Accelerator-Bottlenecks/casestudy1/LeNet_MNIST_BNN/tmp/auto/vivado_stitch_proj_b2b_bym1/finn_vivado_stitch_proj.gen/sources_1/bd/finn_design/ipshared/8dae/hdl/verilog/MVAU_hls_0_mac_muladd_8s_2s_10s_11_4_1.v" Line 47. Module MVAU_hls_0_mac_muladd_8s_2s_10s_11_4_1(ID=1,NUM_STAGE=4,din0_WIDTH=8,din1_WIDTH=2,din2_WIDTH=10,dout_WIDTH=11) has a timescale but at least one module in design doesn't have timescale.
WARNING: [XSIM 43-4100] "/home/changhong/prj/finn/notebooks/EF-US-Engine-Free-Unstructured-Sparsity-Design-Alleviates-Accelerator-Bottlenecks/casestudy1/LeNet_MNIST_BNN/build/auto/home/changhong/prj/finn/notebooks/EF-US-Engine-Free-Unstructured-Sparsity-Design-Alleviates-Accelerator-Bottlenecks/casestudy1/LeNet_MNIST_BNN/tmp/auto/vivado_stitch_proj_b2b_bym1/finn_vivado_stitch_proj.gen/sources_1/bd/finn_design/ipshared/8dae/hdl/verilog/MVAU_hls_0_mac_muladd_8s_2s_10s_11_4_1.v" Line 8. Module MVAU_hls_0_mac_muladd_8s_2s_10s_11_4_1_DSP48_0 has a timescale but at least one module in design doesn't have timescale.
WARNING: [XSIM 43-4100] "/home/changhong/prj/finn/notebooks/EF-US-Engine-Free-Unstructured-Sparsity-Design-Alleviates-Accelerator-Bottlenecks/casestudy1/LeNet_MNIST_BNN/build/auto/home/changhong/prj/finn/notebooks/EF-US-Engine-Free-Unstructured-Sparsity-Design-Alleviates-Accelerator-Bottlenecks/casestudy1/LeNet_MNIST_BNN/tmp/auto/vivado_stitch_proj_b2b_bym1/finn_vivado_stitch_proj.gen/sources_1/bd/finn_design/ipshared/8dae/hdl/verilog/MVAU_hls_0_mac_muladd_8s_2s_10s_11_4_1.v" Line 47. Module MVAU_hls_0_mac_muladd_8s_2s_10s_11_4_1(ID=1,NUM_STAGE=4,din0_WIDTH=8,din1_WIDTH=2,din2_WIDTH=10,dout_WIDTH=11) has a timescale but at least one module in design doesn't have timescale.
WARNING: [XSIM 43-4100] "/home/changhong/prj/finn/notebooks/EF-US-Engine-Free-Unstructured-Sparsity-Design-Alleviates-Accelerator-Bottlenecks/casestudy1/LeNet_MNIST_BNN/build/auto/home/changhong/prj/finn/notebooks/EF-US-Engine-Free-Unstructured-Sparsity-Design-Alleviates-Accelerator-Bottlenecks/casestudy1/LeNet_MNIST_BNN/tmp/auto/vivado_stitch_proj_b2b_bym1/finn_vivado_stitch_proj.gen/sources_1/bd/finn_design/ipshared/8dae/hdl/verilog/MVAU_hls_0_mac_muladd_8s_2s_10s_11_4_1.v" Line 8. Module MVAU_hls_0_mac_muladd_8s_2s_10s_11_4_1_DSP48_0 has a timescale but at least one module in design doesn't have timescale.
WARNING: [XSIM 43-4100] "/home/changhong/prj/finn/notebooks/EF-US-Engine-Free-Unstructured-Sparsity-Design-Alleviates-Accelerator-Bottlenecks/casestudy1/LeNet_MNIST_BNN/build/auto/home/changhong/prj/finn/notebooks/EF-US-Engine-Free-Unstructured-Sparsity-Design-Alleviates-Accelerator-Bottlenecks/casestudy1/LeNet_MNIST_BNN/tmp/auto/vivado_stitch_proj_b2b_bym1/finn_vivado_stitch_proj.gen/sources_1/bd/finn_design/ipshared/8dae/hdl/verilog/MVAU_hls_0_mac_muladd_8s_2s_10s_11_4_1.v" Line 47. Module MVAU_hls_0_mac_muladd_8s_2s_10s_11_4_1(ID=1,NUM_STAGE=4,din0_WIDTH=8,din1_WIDTH=2,din2_WIDTH=10,dout_WIDTH=11) has a timescale but at least one module in design doesn't have timescale.
WARNING: [XSIM 43-4100] "/home/changhong/prj/finn/notebooks/EF-US-Engine-Free-Unstructured-Sparsity-Design-Alleviates-Accelerator-Bottlenecks/casestudy1/LeNet_MNIST_BNN/build/auto/home/changhong/prj/finn/notebooks/EF-US-Engine-Free-Unstructured-Sparsity-Design-Alleviates-Accelerator-Bottlenecks/casestudy1/LeNet_MNIST_BNN/tmp/auto/vivado_stitch_proj_b2b_bym1/finn_vivado_stitch_proj.gen/sources_1/bd/finn_design/ipshared/8dae/hdl/verilog/MVAU_hls_0_mac_muladd_8s_2s_10s_11_4_1.v" Line 8. Module MVAU_hls_0_mac_muladd_8s_2s_10s_11_4_1_DSP48_0 has a timescale but at least one module in design doesn't have timescale.
WARNING: [XSIM 43-4100] "/home/changhong/prj/finn/notebooks/EF-US-Engine-Free-Unstructured-Sparsity-Design-Alleviates-Accelerator-Bottlenecks/casestudy1/LeNet_MNIST_BNN/build/auto/home/changhong/prj/finn/notebooks/EF-US-Engine-Free-Unstructured-Sparsity-Design-Alleviates-Accelerator-Bottlenecks/casestudy1/LeNet_MNIST_BNN/tmp/auto/vivado_stitch_proj_b2b_bym1/finn_vivado_stitch_proj.gen/sources_1/bd/finn_design/ipshared/8dae/hdl/verilog/MVAU_hls_0_mac_muladd_8s_2s_10s_11_4_1.v" Line 47. Module MVAU_hls_0_mac_muladd_8s_2s_10s_11_4_1(ID=1,NUM_STAGE=4,din0_WIDTH=8,din1_WIDTH=2,din2_WIDTH=10,dout_WIDTH=11) has a timescale but at least one module in design doesn't have timescale.
WARNING: [XSIM 43-4100] "/home/changhong/prj/finn/notebooks/EF-US-Engine-Free-Unstructured-Sparsity-Design-Alleviates-Accelerator-Bottlenecks/casestudy1/LeNet_MNIST_BNN/build/auto/home/changhong/prj/finn/notebooks/EF-US-Engine-Free-Unstructured-Sparsity-Design-Alleviates-Accelerator-Bottlenecks/casestudy1/LeNet_MNIST_BNN/tmp/auto/vivado_stitch_proj_b2b_bym1/finn_vivado_stitch_proj.gen/sources_1/bd/finn_design/ipshared/8dae/hdl/verilog/MVAU_hls_0_mac_muladd_8s_2s_10s_11_4_1.v" Line 8. Module MVAU_hls_0_mac_muladd_8s_2s_10s_11_4_1_DSP48_0 has a timescale but at least one module in design doesn't have timescale.
WARNING: [XSIM 43-4100] "/home/changhong/prj/finn/notebooks/EF-US-Engine-Free-Unstructured-Sparsity-Design-Alleviates-Accelerator-Bottlenecks/casestudy1/LeNet_MNIST_BNN/build/auto/home/changhong/prj/finn/notebooks/EF-US-Engine-Free-Unstructured-Sparsity-Design-Alleviates-Accelerator-Bottlenecks/casestudy1/LeNet_MNIST_BNN/tmp/auto/vivado_stitch_proj_b2b_bym1/finn_vivado_stitch_proj.gen/sources_1/bd/finn_design/ipshared/8dae/hdl/verilog/MVAU_hls_0_mac_muladd_8s_2s_10s_11_4_1.v" Line 47. Module MVAU_hls_0_mac_muladd_8s_2s_10s_11_4_1(ID=1,NUM_STAGE=4,din0_WIDTH=8,din1_WIDTH=2,din2_WIDTH=10,dout_WIDTH=11) has a timescale but at least one module in design doesn't have timescale.
WARNING: [XSIM 43-4100] "/home/changhong/prj/finn/notebooks/EF-US-Engine-Free-Unstructured-Sparsity-Design-Alleviates-Accelerator-Bottlenecks/casestudy1/LeNet_MNIST_BNN/build/auto/home/changhong/prj/finn/notebooks/EF-US-Engine-Free-Unstructured-Sparsity-Design-Alleviates-Accelerator-Bottlenecks/casestudy1/LeNet_MNIST_BNN/tmp/auto/vivado_stitch_proj_b2b_bym1/finn_vivado_stitch_proj.gen/sources_1/bd/finn_design/ipshared/8dae/hdl/verilog/MVAU_hls_0_mac_muladd_8s_2s_10s_11_4_1.v" Line 8. Module MVAU_hls_0_mac_muladd_8s_2s_10s_11_4_1_DSP48_0 has a timescale but at least one module in design doesn't have timescale.
WARNING: [XSIM 43-4100] "/home/changhong/prj/finn/notebooks/EF-US-Engine-Free-Unstructured-Sparsity-Design-Alleviates-Accelerator-Bottlenecks/casestudy1/LeNet_MNIST_BNN/build/auto/home/changhong/prj/finn/notebooks/EF-US-Engine-Free-Unstructured-Sparsity-Design-Alleviates-Accelerator-Bottlenecks/casestudy1/LeNet_MNIST_BNN/tmp/auto/vivado_stitch_proj_b2b_bym1/finn_vivado_stitch_proj.gen/sources_1/bd/finn_design/ipshared/8dae/hdl/verilog/MVAU_hls_0_mac_muladd_8s_2s_10s_11_4_1.v" Line 47. Module MVAU_hls_0_mac_muladd_8s_2s_10s_11_4_1(ID=1,NUM_STAGE=4,din0_WIDTH=8,din1_WIDTH=2,din2_WIDTH=10,dout_WIDTH=11) has a timescale but at least one module in design doesn't have timescale.
WARNING: [XSIM 43-4100] "/home/changhong/prj/finn/notebooks/EF-US-Engine-Free-Unstructured-Sparsity-Design-Alleviates-Accelerator-Bottlenecks/casestudy1/LeNet_MNIST_BNN/build/auto/home/changhong/prj/finn/notebooks/EF-US-Engine-Free-Unstructured-Sparsity-Design-Alleviates-Accelerator-Bottlenecks/casestudy1/LeNet_MNIST_BNN/tmp/auto/vivado_stitch_proj_b2b_bym1/finn_vivado_stitch_proj.gen/sources_1/bd/finn_design/ipshared/8dae/hdl/verilog/MVAU_hls_0_mac_muladd_8s_2s_10s_11_4_1.v" Line 8. Module MVAU_hls_0_mac_muladd_8s_2s_10s_11_4_1_DSP48_0 has a timescale but at least one module in design doesn't have timescale.
WARNING: [XSIM 43-4100] "/home/changhong/prj/finn/notebooks/EF-US-Engine-Free-Unstructured-Sparsity-Design-Alleviates-Accelerator-Bottlenecks/casestudy1/LeNet_MNIST_BNN/build/auto/home/changhong/prj/finn/notebooks/EF-US-Engine-Free-Unstructured-Sparsity-Design-Alleviates-Accelerator-Bottlenecks/casestudy1/LeNet_MNIST_BNN/tmp/auto/vivado_stitch_proj_b2b_bym1/finn_vivado_stitch_proj.gen/sources_1/bd/finn_design/ipshared/8dae/hdl/verilog/MVAU_hls_0_mac_muladd_8s_2s_10s_11_4_1.v" Line 47. Module MVAU_hls_0_mac_muladd_8s_2s_10s_11_4_1(ID=1,NUM_STAGE=4,din0_WIDTH=8,din1_WIDTH=2,din2_WIDTH=10,dout_WIDTH=11) has a timescale but at least one module in design doesn't have timescale.
WARNING: [XSIM 43-4100] "/home/changhong/prj/finn/notebooks/EF-US-Engine-Free-Unstructured-Sparsity-Design-Alleviates-Accelerator-Bottlenecks/casestudy1/LeNet_MNIST_BNN/build/auto/home/changhong/prj/finn/notebooks/EF-US-Engine-Free-Unstructured-Sparsity-Design-Alleviates-Accelerator-Bottlenecks/casestudy1/LeNet_MNIST_BNN/tmp/auto/vivado_stitch_proj_b2b_bym1/finn_vivado_stitch_proj.gen/sources_1/bd/finn_design/ipshared/8dae/hdl/verilog/MVAU_hls_0_mac_muladd_8s_2s_10s_11_4_1.v" Line 8. Module MVAU_hls_0_mac_muladd_8s_2s_10s_11_4_1_DSP48_0 has a timescale but at least one module in design doesn't have timescale.
WARNING: [XSIM 43-4100] "/home/changhong/prj/finn/notebooks/EF-US-Engine-Free-Unstructured-Sparsity-Design-Alleviates-Accelerator-Bottlenecks/casestudy1/LeNet_MNIST_BNN/build/auto/home/changhong/prj/finn/notebooks/EF-US-Engine-Free-Unstructured-Sparsity-Design-Alleviates-Accelerator-Bottlenecks/casestudy1/LeNet_MNIST_BNN/tmp/auto/vivado_stitch_proj_b2b_bym1/finn_vivado_stitch_proj.gen/sources_1/bd/finn_design/ipshared/8dae/hdl/verilog/MVAU_hls_0_mac_muladd_8s_2s_10s_11_4_1.v" Line 47. Module MVAU_hls_0_mac_muladd_8s_2s_10s_11_4_1(ID=1,NUM_STAGE=4,din0_WIDTH=8,din1_WIDTH=2,din2_WIDTH=10,dout_WIDTH=11) has a timescale but at least one module in design doesn't have timescale.
WARNING: [XSIM 43-4100] "/home/changhong/prj/finn/notebooks/EF-US-Engine-Free-Unstructured-Sparsity-Design-Alleviates-Accelerator-Bottlenecks/casestudy1/LeNet_MNIST_BNN/build/auto/home/changhong/prj/finn/notebooks/EF-US-Engine-Free-Unstructured-Sparsity-Design-Alleviates-Accelerator-Bottlenecks/casestudy1/LeNet_MNIST_BNN/tmp/auto/vivado_stitch_proj_b2b_bym1/finn_vivado_stitch_proj.gen/sources_1/bd/finn_design/ipshared/8dae/hdl/verilog/MVAU_hls_0_mac_muladd_8s_2s_10s_11_4_1.v" Line 8. Module MVAU_hls_0_mac_muladd_8s_2s_10s_11_4_1_DSP48_0 has a timescale but at least one module in design doesn't have timescale.
WARNING: [XSIM 43-4100] "/home/changhong/prj/finn/notebooks/EF-US-Engine-Free-Unstructured-Sparsity-Design-Alleviates-Accelerator-Bottlenecks/casestudy1/LeNet_MNIST_BNN/build/auto/home/changhong/prj/finn/notebooks/EF-US-Engine-Free-Unstructured-Sparsity-Design-Alleviates-Accelerator-Bottlenecks/casestudy1/LeNet_MNIST_BNN/tmp/auto/vivado_stitch_proj_b2b_bym1/finn_vivado_stitch_proj.gen/sources_1/bd/finn_design/ipshared/8dae/hdl/verilog/MVAU_hls_0_mac_muladd_8s_2s_10s_11_4_1.v" Line 47. Module MVAU_hls_0_mac_muladd_8s_2s_10s_11_4_1(ID=1,NUM_STAGE=4,din0_WIDTH=8,din1_WIDTH=2,din2_WIDTH=10,dout_WIDTH=11) has a timescale but at least one module in design doesn't have timescale.
WARNING: [XSIM 43-4100] "/home/changhong/prj/finn/notebooks/EF-US-Engine-Free-Unstructured-Sparsity-Design-Alleviates-Accelerator-Bottlenecks/casestudy1/LeNet_MNIST_BNN/build/auto/home/changhong/prj/finn/notebooks/EF-US-Engine-Free-Unstructured-Sparsity-Design-Alleviates-Accelerator-Bottlenecks/casestudy1/LeNet_MNIST_BNN/tmp/auto/vivado_stitch_proj_b2b_bym1/finn_vivado_stitch_proj.gen/sources_1/bd/finn_design/ipshared/8dae/hdl/verilog/MVAU_hls_0_mac_muladd_8s_2s_10s_11_4_1.v" Line 8. Module MVAU_hls_0_mac_muladd_8s_2s_10s_11_4_1_DSP48_0 has a timescale but at least one module in design doesn't have timescale.
WARNING: [XSIM 43-4100] "/home/changhong/prj/finn/notebooks/EF-US-Engine-Free-Unstructured-Sparsity-Design-Alleviates-Accelerator-Bottlenecks/casestudy1/LeNet_MNIST_BNN/build/auto/home/changhong/prj/finn/notebooks/EF-US-Engine-Free-Unstructured-Sparsity-Design-Alleviates-Accelerator-Bottlenecks/casestudy1/LeNet_MNIST_BNN/tmp/auto/vivado_stitch_proj_b2b_bym1/finn_vivado_stitch_proj.gen/sources_1/bd/finn_design/ipshared/8dae/hdl/verilog/MVAU_hls_0_mac_muladd_8s_2s_10s_11_4_1.v" Line 47. Module MVAU_hls_0_mac_muladd_8s_2s_10s_11_4_1(ID=1,NUM_STAGE=4,din0_WIDTH=8,din1_WIDTH=2,din2_WIDTH=10,dout_WIDTH=11) has a timescale but at least one module in design doesn't have timescale.
WARNING: [XSIM 43-4100] "/home/changhong/prj/finn/notebooks/EF-US-Engine-Free-Unstructured-Sparsity-Design-Alleviates-Accelerator-Bottlenecks/casestudy1/LeNet_MNIST_BNN/build/auto/home/changhong/prj/finn/notebooks/EF-US-Engine-Free-Unstructured-Sparsity-Design-Alleviates-Accelerator-Bottlenecks/casestudy1/LeNet_MNIST_BNN/tmp/auto/vivado_stitch_proj_b2b_bym1/finn_vivado_stitch_proj.gen/sources_1/bd/finn_design/ipshared/8dae/hdl/verilog/MVAU_hls_0_mac_muladd_8s_2s_10s_11_4_1.v" Line 8. Module MVAU_hls_0_mac_muladd_8s_2s_10s_11_4_1_DSP48_0 has a timescale but at least one module in design doesn't have timescale.
WARNING: [XSIM 43-4100] "/home/changhong/prj/finn/notebooks/EF-US-Engine-Free-Unstructured-Sparsity-Design-Alleviates-Accelerator-Bottlenecks/casestudy1/LeNet_MNIST_BNN/build/auto/home/changhong/prj/finn/notebooks/EF-US-Engine-Free-Unstructured-Sparsity-Design-Alleviates-Accelerator-Bottlenecks/casestudy1/LeNet_MNIST_BNN/tmp/auto/vivado_stitch_proj_b2b_bym1/finn_vivado_stitch_proj.gen/sources_1/bd/finn_design/ipshared/8dae/hdl/verilog/MVAU_hls_0_mac_muladd_8s_2s_10s_11_4_1.v" Line 47. Module MVAU_hls_0_mac_muladd_8s_2s_10s_11_4_1(ID=1,NUM_STAGE=4,din0_WIDTH=8,din1_WIDTH=2,din2_WIDTH=10,dout_WIDTH=11) has a timescale but at least one module in design doesn't have timescale.
WARNING: [XSIM 43-4100] "/home/changhong/prj/finn/notebooks/EF-US-Engine-Free-Unstructured-Sparsity-Design-Alleviates-Accelerator-Bottlenecks/casestudy1/LeNet_MNIST_BNN/build/auto/home/changhong/prj/finn/notebooks/EF-US-Engine-Free-Unstructured-Sparsity-Design-Alleviates-Accelerator-Bottlenecks/casestudy1/LeNet_MNIST_BNN/tmp/auto/vivado_stitch_proj_b2b_bym1/finn_vivado_stitch_proj.gen/sources_1/bd/finn_design/ipshared/8dae/hdl/verilog/MVAU_hls_0_mac_muladd_8s_2s_10s_11_4_1.v" Line 8. Module MVAU_hls_0_mac_muladd_8s_2s_10s_11_4_1_DSP48_0 has a timescale but at least one module in design doesn't have timescale.
WARNING: [XSIM 43-4100] "/home/changhong/prj/finn/notebooks/EF-US-Engine-Free-Unstructured-Sparsity-Design-Alleviates-Accelerator-Bottlenecks/casestudy1/LeNet_MNIST_BNN/build/auto/home/changhong/prj/finn/notebooks/EF-US-Engine-Free-Unstructured-Sparsity-Design-Alleviates-Accelerator-Bottlenecks/casestudy1/LeNet_MNIST_BNN/tmp/auto/vivado_stitch_proj_b2b_bym1/finn_vivado_stitch_proj.gen/sources_1/bd/finn_design/ipshared/8dae/hdl/verilog/MVAU_hls_0_mac_muladd_8s_2s_10s_11_4_1.v" Line 47. Module MVAU_hls_0_mac_muladd_8s_2s_10s_11_4_1(ID=1,NUM_STAGE=4,din0_WIDTH=8,din1_WIDTH=2,din2_WIDTH=10,dout_WIDTH=11) has a timescale but at least one module in design doesn't have timescale.
WARNING: [XSIM 43-4100] "/home/changhong/prj/finn/notebooks/EF-US-Engine-Free-Unstructured-Sparsity-Design-Alleviates-Accelerator-Bottlenecks/casestudy1/LeNet_MNIST_BNN/build/auto/home/changhong/prj/finn/notebooks/EF-US-Engine-Free-Unstructured-Sparsity-Design-Alleviates-Accelerator-Bottlenecks/casestudy1/LeNet_MNIST_BNN/tmp/auto/vivado_stitch_proj_b2b_bym1/finn_vivado_stitch_proj.gen/sources_1/bd/finn_design/ipshared/8dae/hdl/verilog/MVAU_hls_0_mac_muladd_8s_2s_10s_11_4_1.v" Line 8. Module MVAU_hls_0_mac_muladd_8s_2s_10s_11_4_1_DSP48_0 has a timescale but at least one module in design doesn't have timescale.
WARNING: [XSIM 43-4100] "/home/changhong/prj/finn/notebooks/EF-US-Engine-Free-Unstructured-Sparsity-Design-Alleviates-Accelerator-Bottlenecks/casestudy1/LeNet_MNIST_BNN/build/auto/home/changhong/prj/finn/notebooks/EF-US-Engine-Free-Unstructured-Sparsity-Design-Alleviates-Accelerator-Bottlenecks/casestudy1/LeNet_MNIST_BNN/tmp/auto/vivado_stitch_proj_b2b_bym1/finn_vivado_stitch_proj.gen/sources_1/bd/finn_design/ipshared/8dae/hdl/verilog/MVAU_hls_0_mac_muladd_8s_2s_10s_11_4_1.v" Line 47. Module MVAU_hls_0_mac_muladd_8s_2s_10s_11_4_1(ID=1,NUM_STAGE=4,din0_WIDTH=8,din1_WIDTH=2,din2_WIDTH=10,dout_WIDTH=11) has a timescale but at least one module in design doesn't have timescale.
WARNING: [XSIM 43-4100] "/home/changhong/prj/finn/notebooks/EF-US-Engine-Free-Unstructured-Sparsity-Design-Alleviates-Accelerator-Bottlenecks/casestudy1/LeNet_MNIST_BNN/build/auto/home/changhong/prj/finn/notebooks/EF-US-Engine-Free-Unstructured-Sparsity-Design-Alleviates-Accelerator-Bottlenecks/casestudy1/LeNet_MNIST_BNN/tmp/auto/vivado_stitch_proj_b2b_bym1/finn_vivado_stitch_proj.gen/sources_1/bd/finn_design/ipshared/8dae/hdl/verilog/MVAU_hls_0_mac_muladd_8s_2s_10s_11_4_1.v" Line 8. Module MVAU_hls_0_mac_muladd_8s_2s_10s_11_4_1_DSP48_0 has a timescale but at least one module in design doesn't have timescale.
WARNING: [XSIM 43-4100] "/home/changhong/prj/finn/notebooks/EF-US-Engine-Free-Unstructured-Sparsity-Design-Alleviates-Accelerator-Bottlenecks/casestudy1/LeNet_MNIST_BNN/build/auto/home/changhong/prj/finn/notebooks/EF-US-Engine-Free-Unstructured-Sparsity-Design-Alleviates-Accelerator-Bottlenecks/casestudy1/LeNet_MNIST_BNN/tmp/auto/vivado_stitch_proj_b2b_bym1/finn_vivado_stitch_proj.gen/sources_1/bd/finn_design/ipshared/8dae/hdl/verilog/MVAU_hls_0_mac_muladd_8s_2s_10s_11_4_1.v" Line 47. Module MVAU_hls_0_mac_muladd_8s_2s_10s_11_4_1(ID=1,NUM_STAGE=4,din0_WIDTH=8,din1_WIDTH=2,din2_WIDTH=10,dout_WIDTH=11) has a timescale but at least one module in design doesn't have timescale.
WARNING: [XSIM 43-4100] "/home/changhong/prj/finn/notebooks/EF-US-Engine-Free-Unstructured-Sparsity-Design-Alleviates-Accelerator-Bottlenecks/casestudy1/LeNet_MNIST_BNN/build/auto/home/changhong/prj/finn/notebooks/EF-US-Engine-Free-Unstructured-Sparsity-Design-Alleviates-Accelerator-Bottlenecks/casestudy1/LeNet_MNIST_BNN/tmp/auto/vivado_stitch_proj_b2b_bym1/finn_vivado_stitch_proj.gen/sources_1/bd/finn_design/ipshared/8dae/hdl/verilog/MVAU_hls_0_mac_muladd_8s_2s_10s_11_4_1.v" Line 8. Module MVAU_hls_0_mac_muladd_8s_2s_10s_11_4_1_DSP48_0 has a timescale but at least one module in design doesn't have timescale.
WARNING: [XSIM 43-4100] "/home/changhong/prj/finn/notebooks/EF-US-Engine-Free-Unstructured-Sparsity-Design-Alleviates-Accelerator-Bottlenecks/casestudy1/LeNet_MNIST_BNN/build/auto/home/changhong/prj/finn/notebooks/EF-US-Engine-Free-Unstructured-Sparsity-Design-Alleviates-Accelerator-Bottlenecks/casestudy1/LeNet_MNIST_BNN/tmp/auto/vivado_stitch_proj_b2b_bym1/finn_vivado_stitch_proj.gen/sources_1/bd/finn_design/ipshared/8dae/hdl/verilog/MVAU_hls_0_mac_muladd_8s_2s_10s_11_4_1.v" Line 47. Module MVAU_hls_0_mac_muladd_8s_2s_10s_11_4_1(ID=1,NUM_STAGE=4,din0_WIDTH=8,din1_WIDTH=2,din2_WIDTH=10,dout_WIDTH=11) has a timescale but at least one module in design doesn't have timescale.
WARNING: [XSIM 43-4100] "/home/changhong/prj/finn/notebooks/EF-US-Engine-Free-Unstructured-Sparsity-Design-Alleviates-Accelerator-Bottlenecks/casestudy1/LeNet_MNIST_BNN/build/auto/home/changhong/prj/finn/notebooks/EF-US-Engine-Free-Unstructured-Sparsity-Design-Alleviates-Accelerator-Bottlenecks/casestudy1/LeNet_MNIST_BNN/tmp/auto/vivado_stitch_proj_b2b_bym1/finn_vivado_stitch_proj.gen/sources_1/bd/finn_design/ipshared/8dae/hdl/verilog/MVAU_hls_0_mac_muladd_8s_2s_10s_11_4_1.v" Line 8. Module MVAU_hls_0_mac_muladd_8s_2s_10s_11_4_1_DSP48_0 has a timescale but at least one module in design doesn't have timescale.
WARNING: [XSIM 43-4100] "/home/changhong/prj/finn/notebooks/EF-US-Engine-Free-Unstructured-Sparsity-Design-Alleviates-Accelerator-Bottlenecks/casestudy1/LeNet_MNIST_BNN/build/auto/home/changhong/prj/finn/notebooks/EF-US-Engine-Free-Unstructured-Sparsity-Design-Alleviates-Accelerator-Bottlenecks/casestudy1/LeNet_MNIST_BNN/tmp/auto/vivado_stitch_proj_b2b_bym1/finn_vivado_stitch_proj.gen/sources_1/bd/finn_design/ipshared/8dae/hdl/verilog/MVAU_hls_0_mac_muladd_8s_2s_10s_11_4_1.v" Line 47. Module MVAU_hls_0_mac_muladd_8s_2s_10s_11_4_1(ID=1,NUM_STAGE=4,din0_WIDTH=8,din1_WIDTH=2,din2_WIDTH=10,dout_WIDTH=11) has a timescale but at least one module in design doesn't have timescale.
WARNING: [XSIM 43-4100] "/home/changhong/prj/finn/notebooks/EF-US-Engine-Free-Unstructured-Sparsity-Design-Alleviates-Accelerator-Bottlenecks/casestudy1/LeNet_MNIST_BNN/build/auto/home/changhong/prj/finn/notebooks/EF-US-Engine-Free-Unstructured-Sparsity-Design-Alleviates-Accelerator-Bottlenecks/casestudy1/LeNet_MNIST_BNN/tmp/auto/vivado_stitch_proj_b2b_bym1/finn_vivado_stitch_proj.gen/sources_1/bd/finn_design/ipshared/8dae/hdl/verilog/MVAU_hls_0_mac_muladd_8s_2s_10s_11_4_1.v" Line 8. Module MVAU_hls_0_mac_muladd_8s_2s_10s_11_4_1_DSP48_0 has a timescale but at least one module in design doesn't have timescale.
WARNING: [XSIM 43-4100] "/home/changhong/prj/finn/notebooks/EF-US-Engine-Free-Unstructured-Sparsity-Design-Alleviates-Accelerator-Bottlenecks/casestudy1/LeNet_MNIST_BNN/build/auto/home/changhong/prj/finn/notebooks/EF-US-Engine-Free-Unstructured-Sparsity-Design-Alleviates-Accelerator-Bottlenecks/casestudy1/LeNet_MNIST_BNN/tmp/auto/vivado_stitch_proj_b2b_bym1/finn_vivado_stitch_proj.gen/sources_1/bd/finn_design/ipshared/8dae/hdl/verilog/MVAU_hls_0_mac_muladd_8s_2s_10s_11_4_1.v" Line 47. Module MVAU_hls_0_mac_muladd_8s_2s_10s_11_4_1(ID=1,NUM_STAGE=4,din0_WIDTH=8,din1_WIDTH=2,din2_WIDTH=10,dout_WIDTH=11) has a timescale but at least one module in design doesn't have timescale.
WARNING: [XSIM 43-4100] "/home/changhong/prj/finn/notebooks/EF-US-Engine-Free-Unstructured-Sparsity-Design-Alleviates-Accelerator-Bottlenecks/casestudy1/LeNet_MNIST_BNN/build/auto/home/changhong/prj/finn/notebooks/EF-US-Engine-Free-Unstructured-Sparsity-Design-Alleviates-Accelerator-Bottlenecks/casestudy1/LeNet_MNIST_BNN/tmp/auto/vivado_stitch_proj_b2b_bym1/finn_vivado_stitch_proj.gen/sources_1/bd/finn_design/ipshared/8dae/hdl/verilog/MVAU_hls_0_mac_muladd_8s_2s_10s_11_4_1.v" Line 8. Module MVAU_hls_0_mac_muladd_8s_2s_10s_11_4_1_DSP48_0 has a timescale but at least one module in design doesn't have timescale.
WARNING: [XSIM 43-4100] "/home/changhong/prj/finn/notebooks/EF-US-Engine-Free-Unstructured-Sparsity-Design-Alleviates-Accelerator-Bottlenecks/casestudy1/LeNet_MNIST_BNN/build/auto/home/changhong/prj/finn/notebooks/EF-US-Engine-Free-Unstructured-Sparsity-Design-Alleviates-Accelerator-Bottlenecks/casestudy1/LeNet_MNIST_BNN/tmp/auto/vivado_stitch_proj_b2b_bym1/finn_vivado_stitch_proj.gen/sources_1/bd/finn_design/ipshared/8dae/hdl/verilog/MVAU_hls_0_mac_muladd_8s_2s_10s_11_4_1.v" Line 47. Module MVAU_hls_0_mac_muladd_8s_2s_10s_11_4_1(ID=1,NUM_STAGE=4,din0_WIDTH=8,din1_WIDTH=2,din2_WIDTH=10,dout_WIDTH=11) has a timescale but at least one module in design doesn't have timescale.
WARNING: [XSIM 43-4100] "/home/changhong/prj/finn/notebooks/EF-US-Engine-Free-Unstructured-Sparsity-Design-Alleviates-Accelerator-Bottlenecks/casestudy1/LeNet_MNIST_BNN/build/auto/home/changhong/prj/finn/notebooks/EF-US-Engine-Free-Unstructured-Sparsity-Design-Alleviates-Accelerator-Bottlenecks/casestudy1/LeNet_MNIST_BNN/tmp/auto/vivado_stitch_proj_b2b_bym1/finn_vivado_stitch_proj.gen/sources_1/bd/finn_design/ipshared/8dae/hdl/verilog/MVAU_hls_0_mac_muladd_8s_2s_10s_11_4_1.v" Line 8. Module MVAU_hls_0_mac_muladd_8s_2s_10s_11_4_1_DSP48_0 has a timescale but at least one module in design doesn't have timescale.
WARNING: [XSIM 43-4100] "/home/changhong/prj/finn/notebooks/EF-US-Engine-Free-Unstructured-Sparsity-Design-Alleviates-Accelerator-Bottlenecks/casestudy1/LeNet_MNIST_BNN/build/auto/home/changhong/prj/finn/notebooks/EF-US-Engine-Free-Unstructured-Sparsity-Design-Alleviates-Accelerator-Bottlenecks/casestudy1/LeNet_MNIST_BNN/tmp/auto/vivado_stitch_proj_b2b_bym1/finn_vivado_stitch_proj.gen/sources_1/bd/finn_design/ipshared/8dae/hdl/verilog/MVAU_hls_0_mac_muladd_8s_2s_10s_11_4_1.v" Line 47. Module MVAU_hls_0_mac_muladd_8s_2s_10s_11_4_1(ID=1,NUM_STAGE=4,din0_WIDTH=8,din1_WIDTH=2,din2_WIDTH=10,dout_WIDTH=11) has a timescale but at least one module in design doesn't have timescale.
WARNING: [XSIM 43-4100] "/home/changhong/prj/finn/notebooks/EF-US-Engine-Free-Unstructured-Sparsity-Design-Alleviates-Accelerator-Bottlenecks/casestudy1/LeNet_MNIST_BNN/build/auto/home/changhong/prj/finn/notebooks/EF-US-Engine-Free-Unstructured-Sparsity-Design-Alleviates-Accelerator-Bottlenecks/casestudy1/LeNet_MNIST_BNN/tmp/auto/vivado_stitch_proj_b2b_bym1/finn_vivado_stitch_proj.gen/sources_1/bd/finn_design/ipshared/8dae/hdl/verilog/MVAU_hls_0_mac_muladd_8s_2s_10s_11_4_1.v" Line 8. Module MVAU_hls_0_mac_muladd_8s_2s_10s_11_4_1_DSP48_0 has a timescale but at least one module in design doesn't have timescale.
WARNING: [XSIM 43-4100] "/home/changhong/prj/finn/notebooks/EF-US-Engine-Free-Unstructured-Sparsity-Design-Alleviates-Accelerator-Bottlenecks/casestudy1/LeNet_MNIST_BNN/build/auto/home/changhong/prj/finn/notebooks/EF-US-Engine-Free-Unstructured-Sparsity-Design-Alleviates-Accelerator-Bottlenecks/casestudy1/LeNet_MNIST_BNN/tmp/auto/vivado_stitch_proj_b2b_bym1/finn_vivado_stitch_proj.gen/sources_1/bd/finn_design/ipshared/8dae/hdl/verilog/MVAU_hls_0_mac_muladd_8s_2s_10s_11_4_1.v" Line 47. Module MVAU_hls_0_mac_muladd_8s_2s_10s_11_4_1(ID=1,NUM_STAGE=4,din0_WIDTH=8,din1_WIDTH=2,din2_WIDTH=10,dout_WIDTH=11) has a timescale but at least one module in design doesn't have timescale.
WARNING: [XSIM 43-4100] "/home/changhong/prj/finn/notebooks/EF-US-Engine-Free-Unstructured-Sparsity-Design-Alleviates-Accelerator-Bottlenecks/casestudy1/LeNet_MNIST_BNN/build/auto/home/changhong/prj/finn/notebooks/EF-US-Engine-Free-Unstructured-Sparsity-Design-Alleviates-Accelerator-Bottlenecks/casestudy1/LeNet_MNIST_BNN/tmp/auto/vivado_stitch_proj_b2b_bym1/finn_vivado_stitch_proj.gen/sources_1/bd/finn_design/ipshared/8dae/hdl/verilog/MVAU_hls_0_mac_muladd_8s_2s_10s_11_4_1.v" Line 8. Module MVAU_hls_0_mac_muladd_8s_2s_10s_11_4_1_DSP48_0 has a timescale but at least one module in design doesn't have timescale.
WARNING: [XSIM 43-4100] "/home/changhong/prj/finn/notebooks/EF-US-Engine-Free-Unstructured-Sparsity-Design-Alleviates-Accelerator-Bottlenecks/casestudy1/LeNet_MNIST_BNN/build/auto/home/changhong/prj/finn/notebooks/EF-US-Engine-Free-Unstructured-Sparsity-Design-Alleviates-Accelerator-Bottlenecks/casestudy1/LeNet_MNIST_BNN/tmp/auto/vivado_stitch_proj_b2b_bym1/finn_vivado_stitch_proj.gen/sources_1/bd/finn_design/ipshared/8dae/hdl/verilog/MVAU_hls_0_mac_muladd_8s_2s_10s_11_4_1.v" Line 47. Module MVAU_hls_0_mac_muladd_8s_2s_10s_11_4_1(ID=1,NUM_STAGE=4,din0_WIDTH=8,din1_WIDTH=2,din2_WIDTH=10,dout_WIDTH=11) has a timescale but at least one module in design doesn't have timescale.
WARNING: [XSIM 43-4100] "/home/changhong/prj/finn/notebooks/EF-US-Engine-Free-Unstructured-Sparsity-Design-Alleviates-Accelerator-Bottlenecks/casestudy1/LeNet_MNIST_BNN/build/auto/home/changhong/prj/finn/notebooks/EF-US-Engine-Free-Unstructured-Sparsity-Design-Alleviates-Accelerator-Bottlenecks/casestudy1/LeNet_MNIST_BNN/tmp/auto/vivado_stitch_proj_b2b_bym1/finn_vivado_stitch_proj.gen/sources_1/bd/finn_design/ipshared/8dae/hdl/verilog/MVAU_hls_0_mac_muladd_8s_2s_10s_11_4_1.v" Line 8. Module MVAU_hls_0_mac_muladd_8s_2s_10s_11_4_1_DSP48_0 has a timescale but at least one module in design doesn't have timescale.
WARNING: [XSIM 43-4100] "/home/changhong/prj/finn/notebooks/EF-US-Engine-Free-Unstructured-Sparsity-Design-Alleviates-Accelerator-Bottlenecks/casestudy1/LeNet_MNIST_BNN/build/auto/home/changhong/prj/finn/notebooks/EF-US-Engine-Free-Unstructured-Sparsity-Design-Alleviates-Accelerator-Bottlenecks/casestudy1/LeNet_MNIST_BNN/tmp/auto/vivado_stitch_proj_b2b_bym1/finn_vivado_stitch_proj.gen/sources_1/bd/finn_design/ipshared/8dae/hdl/verilog/MVAU_hls_0_mac_muladd_8s_2s_10s_11_4_1.v" Line 47. Module MVAU_hls_0_mac_muladd_8s_2s_10s_11_4_1(ID=1,NUM_STAGE=4,din0_WIDTH=8,din1_WIDTH=2,din2_WIDTH=10,dout_WIDTH=11) has a timescale but at least one module in design doesn't have timescale.
WARNING: [XSIM 43-4100] "/home/changhong/prj/finn/notebooks/EF-US-Engine-Free-Unstructured-Sparsity-Design-Alleviates-Accelerator-Bottlenecks/casestudy1/LeNet_MNIST_BNN/build/auto/home/changhong/prj/finn/notebooks/EF-US-Engine-Free-Unstructured-Sparsity-Design-Alleviates-Accelerator-Bottlenecks/casestudy1/LeNet_MNIST_BNN/tmp/auto/vivado_stitch_proj_b2b_bym1/finn_vivado_stitch_proj.gen/sources_1/bd/finn_design/ipshared/8dae/hdl/verilog/MVAU_hls_0_mac_muladd_8s_2s_10s_11_4_1.v" Line 8. Module MVAU_hls_0_mac_muladd_8s_2s_10s_11_4_1_DSP48_0 has a timescale but at least one module in design doesn't have timescale.
WARNING: [XSIM 43-4100] "/home/changhong/prj/finn/notebooks/EF-US-Engine-Free-Unstructured-Sparsity-Design-Alleviates-Accelerator-Bottlenecks/casestudy1/LeNet_MNIST_BNN/build/auto/home/changhong/prj/finn/notebooks/EF-US-Engine-Free-Unstructured-Sparsity-Design-Alleviates-Accelerator-Bottlenecks/casestudy1/LeNet_MNIST_BNN/tmp/auto/vivado_stitch_proj_b2b_bym1/finn_vivado_stitch_proj.gen/sources_1/bd/finn_design/ipshared/8dae/hdl/verilog/MVAU_hls_0_mac_muladd_8s_2s_10s_11_4_1.v" Line 47. Module MVAU_hls_0_mac_muladd_8s_2s_10s_11_4_1(ID=1,NUM_STAGE=4,din0_WIDTH=8,din1_WIDTH=2,din2_WIDTH=10,dout_WIDTH=11) has a timescale but at least one module in design doesn't have timescale.
WARNING: [XSIM 43-4100] "/home/changhong/prj/finn/notebooks/EF-US-Engine-Free-Unstructured-Sparsity-Design-Alleviates-Accelerator-Bottlenecks/casestudy1/LeNet_MNIST_BNN/build/auto/home/changhong/prj/finn/notebooks/EF-US-Engine-Free-Unstructured-Sparsity-Design-Alleviates-Accelerator-Bottlenecks/casestudy1/LeNet_MNIST_BNN/tmp/auto/vivado_stitch_proj_b2b_bym1/finn_vivado_stitch_proj.gen/sources_1/bd/finn_design/ipshared/8dae/hdl/verilog/MVAU_hls_0_mac_muladd_8s_2s_10s_11_4_1.v" Line 8. Module MVAU_hls_0_mac_muladd_8s_2s_10s_11_4_1_DSP48_0 has a timescale but at least one module in design doesn't have timescale.
WARNING: [XSIM 43-4100] "/home/changhong/prj/finn/notebooks/EF-US-Engine-Free-Unstructured-Sparsity-Design-Alleviates-Accelerator-Bottlenecks/casestudy1/LeNet_MNIST_BNN/build/auto/home/changhong/prj/finn/notebooks/EF-US-Engine-Free-Unstructured-Sparsity-Design-Alleviates-Accelerator-Bottlenecks/casestudy1/LeNet_MNIST_BNN/tmp/auto/vivado_stitch_proj_b2b_bym1/finn_vivado_stitch_proj.gen/sources_1/bd/finn_design/ipshared/8dae/hdl/verilog/MVAU_hls_0_mac_muladd_8s_2s_10s_11_4_1.v" Line 47. Module MVAU_hls_0_mac_muladd_8s_2s_10s_11_4_1(ID=1,NUM_STAGE=4,din0_WIDTH=8,din1_WIDTH=2,din2_WIDTH=10,dout_WIDTH=11) has a timescale but at least one module in design doesn't have timescale.
WARNING: [XSIM 43-4100] "/home/changhong/prj/finn/notebooks/EF-US-Engine-Free-Unstructured-Sparsity-Design-Alleviates-Accelerator-Bottlenecks/casestudy1/LeNet_MNIST_BNN/build/auto/home/changhong/prj/finn/notebooks/EF-US-Engine-Free-Unstructured-Sparsity-Design-Alleviates-Accelerator-Bottlenecks/casestudy1/LeNet_MNIST_BNN/tmp/auto/vivado_stitch_proj_b2b_bym1/finn_vivado_stitch_proj.gen/sources_1/bd/finn_design/ipshared/8dae/hdl/verilog/MVAU_hls_0_mac_muladd_8s_2s_10s_11_4_1.v" Line 8. Module MVAU_hls_0_mac_muladd_8s_2s_10s_11_4_1_DSP48_0 has a timescale but at least one module in design doesn't have timescale.
WARNING: [XSIM 43-4100] "/home/changhong/prj/finn/notebooks/EF-US-Engine-Free-Unstructured-Sparsity-Design-Alleviates-Accelerator-Bottlenecks/casestudy1/LeNet_MNIST_BNN/build/auto/home/changhong/prj/finn/notebooks/EF-US-Engine-Free-Unstructured-Sparsity-Design-Alleviates-Accelerator-Bottlenecks/casestudy1/LeNet_MNIST_BNN/tmp/auto/vivado_stitch_proj_b2b_bym1/finn_vivado_stitch_proj.gen/sources_1/bd/finn_design/ipshared/8dae/hdl/verilog/MVAU_hls_0_mac_muladd_8s_2s_10s_11_4_1.v" Line 47. Module MVAU_hls_0_mac_muladd_8s_2s_10s_11_4_1(ID=1,NUM_STAGE=4,din0_WIDTH=8,din1_WIDTH=2,din2_WIDTH=10,dout_WIDTH=11) has a timescale but at least one module in design doesn't have timescale.
WARNING: [XSIM 43-4100] "/home/changhong/prj/finn/notebooks/EF-US-Engine-Free-Unstructured-Sparsity-Design-Alleviates-Accelerator-Bottlenecks/casestudy1/LeNet_MNIST_BNN/build/auto/home/changhong/prj/finn/notebooks/EF-US-Engine-Free-Unstructured-Sparsity-Design-Alleviates-Accelerator-Bottlenecks/casestudy1/LeNet_MNIST_BNN/tmp/auto/vivado_stitch_proj_b2b_bym1/finn_vivado_stitch_proj.gen/sources_1/bd/finn_design/ipshared/8dae/hdl/verilog/MVAU_hls_0_mac_muladd_8s_2s_10s_11_4_1.v" Line 8. Module MVAU_hls_0_mac_muladd_8s_2s_10s_11_4_1_DSP48_0 has a timescale but at least one module in design doesn't have timescale.
WARNING: [XSIM 43-4100] "/home/changhong/prj/finn/notebooks/EF-US-Engine-Free-Unstructured-Sparsity-Design-Alleviates-Accelerator-Bottlenecks/casestudy1/LeNet_MNIST_BNN/build/auto/home/changhong/prj/finn/notebooks/EF-US-Engine-Free-Unstructured-Sparsity-Design-Alleviates-Accelerator-Bottlenecks/casestudy1/LeNet_MNIST_BNN/tmp/auto/vivado_stitch_proj_b2b_bym1/finn_vivado_stitch_proj.gen/sources_1/bd/finn_design/ipshared/8dae/hdl/verilog/MVAU_hls_0_mac_muladd_8s_2s_10s_11_4_1.v" Line 47. Module MVAU_hls_0_mac_muladd_8s_2s_10s_11_4_1(ID=1,NUM_STAGE=4,din0_WIDTH=8,din1_WIDTH=2,din2_WIDTH=10,dout_WIDTH=11) has a timescale but at least one module in design doesn't have timescale.
WARNING: [XSIM 43-4100] "/home/changhong/prj/finn/notebooks/EF-US-Engine-Free-Unstructured-Sparsity-Design-Alleviates-Accelerator-Bottlenecks/casestudy1/LeNet_MNIST_BNN/build/auto/home/changhong/prj/finn/notebooks/EF-US-Engine-Free-Unstructured-Sparsity-Design-Alleviates-Accelerator-Bottlenecks/casestudy1/LeNet_MNIST_BNN/tmp/auto/vivado_stitch_proj_b2b_bym1/finn_vivado_stitch_proj.gen/sources_1/bd/finn_design/ipshared/8dae/hdl/verilog/MVAU_hls_0_mac_muladd_8s_2s_10s_11_4_1.v" Line 8. Module MVAU_hls_0_mac_muladd_8s_2s_10s_11_4_1_DSP48_0 has a timescale but at least one module in design doesn't have timescale.
WARNING: [XSIM 43-4100] "/home/changhong/prj/finn/notebooks/EF-US-Engine-Free-Unstructured-Sparsity-Design-Alleviates-Accelerator-Bottlenecks/casestudy1/LeNet_MNIST_BNN/build/auto/home/changhong/prj/finn/notebooks/EF-US-Engine-Free-Unstructured-Sparsity-Design-Alleviates-Accelerator-Bottlenecks/casestudy1/LeNet_MNIST_BNN/tmp/auto/vivado_stitch_proj_b2b_bym1/finn_vivado_stitch_proj.gen/sources_1/bd/finn_design/ipshared/8dae/hdl/verilog/MVAU_hls_0_mac_muladd_8s_2s_10s_11_4_1.v" Line 47. Module MVAU_hls_0_mac_muladd_8s_2s_10s_11_4_1(ID=1,NUM_STAGE=4,din0_WIDTH=8,din1_WIDTH=2,din2_WIDTH=10,dout_WIDTH=11) has a timescale but at least one module in design doesn't have timescale.
WARNING: [XSIM 43-4100] "/home/changhong/prj/finn/notebooks/EF-US-Engine-Free-Unstructured-Sparsity-Design-Alleviates-Accelerator-Bottlenecks/casestudy1/LeNet_MNIST_BNN/build/auto/home/changhong/prj/finn/notebooks/EF-US-Engine-Free-Unstructured-Sparsity-Design-Alleviates-Accelerator-Bottlenecks/casestudy1/LeNet_MNIST_BNN/tmp/auto/vivado_stitch_proj_b2b_bym1/finn_vivado_stitch_proj.gen/sources_1/bd/finn_design/ipshared/8dae/hdl/verilog/MVAU_hls_0_mac_muladd_8s_2s_10s_11_4_1.v" Line 8. Module MVAU_hls_0_mac_muladd_8s_2s_10s_11_4_1_DSP48_0 has a timescale but at least one module in design doesn't have timescale.
WARNING: [XSIM 43-4100] "/home/changhong/prj/finn/notebooks/EF-US-Engine-Free-Unstructured-Sparsity-Design-Alleviates-Accelerator-Bottlenecks/casestudy1/LeNet_MNIST_BNN/build/auto/home/changhong/prj/finn/notebooks/EF-US-Engine-Free-Unstructured-Sparsity-Design-Alleviates-Accelerator-Bottlenecks/casestudy1/LeNet_MNIST_BNN/tmp/auto/vivado_stitch_proj_b2b_bym1/finn_vivado_stitch_proj.gen/sources_1/bd/finn_design/ipshared/8dae/hdl/verilog/MVAU_hls_0_mac_muladd_8s_2s_10s_11_4_1.v" Line 47. Module MVAU_hls_0_mac_muladd_8s_2s_10s_11_4_1(ID=1,NUM_STAGE=4,din0_WIDTH=8,din1_WIDTH=2,din2_WIDTH=10,dout_WIDTH=11) has a timescale but at least one module in design doesn't have timescale.
WARNING: [XSIM 43-4100] "/home/changhong/prj/finn/notebooks/EF-US-Engine-Free-Unstructured-Sparsity-Design-Alleviates-Accelerator-Bottlenecks/casestudy1/LeNet_MNIST_BNN/build/auto/home/changhong/prj/finn/notebooks/EF-US-Engine-Free-Unstructured-Sparsity-Design-Alleviates-Accelerator-Bottlenecks/casestudy1/LeNet_MNIST_BNN/tmp/auto/vivado_stitch_proj_b2b_bym1/finn_vivado_stitch_proj.gen/sources_1/bd/finn_design/ipshared/8dae/hdl/verilog/MVAU_hls_0_mac_muladd_8s_2s_10s_11_4_1.v" Line 8. Module MVAU_hls_0_mac_muladd_8s_2s_10s_11_4_1_DSP48_0 has a timescale but at least one module in design doesn't have timescale.
WARNING: [XSIM 43-4100] "/home/changhong/prj/finn/notebooks/EF-US-Engine-Free-Unstructured-Sparsity-Design-Alleviates-Accelerator-Bottlenecks/casestudy1/LeNet_MNIST_BNN/build/auto/home/changhong/prj/finn/notebooks/EF-US-Engine-Free-Unstructured-Sparsity-Design-Alleviates-Accelerator-Bottlenecks/casestudy1/LeNet_MNIST_BNN/tmp/auto/vivado_stitch_proj_b2b_bym1/finn_vivado_stitch_proj.gen/sources_1/bd/finn_design/ipshared/8dae/hdl/verilog/MVAU_hls_0_mac_muladd_8s_2s_10s_11_4_1.v" Line 47. Module MVAU_hls_0_mac_muladd_8s_2s_10s_11_4_1(ID=1,NUM_STAGE=4,din0_WIDTH=8,din1_WIDTH=2,din2_WIDTH=10,dout_WIDTH=11) has a timescale but at least one module in design doesn't have timescale.
WARNING: [XSIM 43-4100] "/home/changhong/prj/finn/notebooks/EF-US-Engine-Free-Unstructured-Sparsity-Design-Alleviates-Accelerator-Bottlenecks/casestudy1/LeNet_MNIST_BNN/build/auto/home/changhong/prj/finn/notebooks/EF-US-Engine-Free-Unstructured-Sparsity-Design-Alleviates-Accelerator-Bottlenecks/casestudy1/LeNet_MNIST_BNN/tmp/auto/vivado_stitch_proj_b2b_bym1/finn_vivado_stitch_proj.gen/sources_1/bd/finn_design/ipshared/8dae/hdl/verilog/MVAU_hls_0_mac_muladd_8s_2s_10s_11_4_1.v" Line 8. Module MVAU_hls_0_mac_muladd_8s_2s_10s_11_4_1_DSP48_0 has a timescale but at least one module in design doesn't have timescale.
WARNING: [XSIM 43-4100] "/home/changhong/prj/finn/notebooks/EF-US-Engine-Free-Unstructured-Sparsity-Design-Alleviates-Accelerator-Bottlenecks/casestudy1/LeNet_MNIST_BNN/build/auto/home/changhong/prj/finn/notebooks/EF-US-Engine-Free-Unstructured-Sparsity-Design-Alleviates-Accelerator-Bottlenecks/casestudy1/LeNet_MNIST_BNN/tmp/auto/vivado_stitch_proj_b2b_bym1/finn_vivado_stitch_proj.gen/sources_1/bd/finn_design/ipshared/8dae/hdl/verilog/MVAU_hls_0_mac_muladd_8s_2s_10s_11_4_1.v" Line 47. Module MVAU_hls_0_mac_muladd_8s_2s_10s_11_4_1(ID=1,NUM_STAGE=4,din0_WIDTH=8,din1_WIDTH=2,din2_WIDTH=10,dout_WIDTH=11) has a timescale but at least one module in design doesn't have timescale.
WARNING: [XSIM 43-4100] "/home/changhong/prj/finn/notebooks/EF-US-Engine-Free-Unstructured-Sparsity-Design-Alleviates-Accelerator-Bottlenecks/casestudy1/LeNet_MNIST_BNN/build/auto/home/changhong/prj/finn/notebooks/EF-US-Engine-Free-Unstructured-Sparsity-Design-Alleviates-Accelerator-Bottlenecks/casestudy1/LeNet_MNIST_BNN/tmp/auto/vivado_stitch_proj_b2b_bym1/finn_vivado_stitch_proj.gen/sources_1/bd/finn_design/ipshared/8dae/hdl/verilog/MVAU_hls_0_mac_muladd_8s_2s_10s_11_4_1.v" Line 8. Module MVAU_hls_0_mac_muladd_8s_2s_10s_11_4_1_DSP48_0 has a timescale but at least one module in design doesn't have timescale.
WARNING: [XSIM 43-4100] "/home/changhong/prj/finn/notebooks/EF-US-Engine-Free-Unstructured-Sparsity-Design-Alleviates-Accelerator-Bottlenecks/casestudy1/LeNet_MNIST_BNN/build/auto/home/changhong/prj/finn/notebooks/EF-US-Engine-Free-Unstructured-Sparsity-Design-Alleviates-Accelerator-Bottlenecks/casestudy1/LeNet_MNIST_BNN/tmp/auto/vivado_stitch_proj_b2b_bym1/finn_vivado_stitch_proj.gen/sources_1/bd/finn_design/ipshared/8dae/hdl/verilog/MVAU_hls_0_mac_muladd_8s_2s_10s_11_4_1.v" Line 47. Module MVAU_hls_0_mac_muladd_8s_2s_10s_11_4_1(ID=1,NUM_STAGE=4,din0_WIDTH=8,din1_WIDTH=2,din2_WIDTH=10,dout_WIDTH=11) has a timescale but at least one module in design doesn't have timescale.
WARNING: [XSIM 43-4100] "/home/changhong/prj/finn/notebooks/EF-US-Engine-Free-Unstructured-Sparsity-Design-Alleviates-Accelerator-Bottlenecks/casestudy1/LeNet_MNIST_BNN/build/auto/home/changhong/prj/finn/notebooks/EF-US-Engine-Free-Unstructured-Sparsity-Design-Alleviates-Accelerator-Bottlenecks/casestudy1/LeNet_MNIST_BNN/tmp/auto/vivado_stitch_proj_b2b_bym1/finn_vivado_stitch_proj.gen/sources_1/bd/finn_design/ipshared/8dae/hdl/verilog/MVAU_hls_0_mac_muladd_8s_2s_10s_11_4_1.v" Line 8. Module MVAU_hls_0_mac_muladd_8s_2s_10s_11_4_1_DSP48_0 has a timescale but at least one module in design doesn't have timescale.
WARNING: [XSIM 43-4100] "/home/changhong/prj/finn/notebooks/EF-US-Engine-Free-Unstructured-Sparsity-Design-Alleviates-Accelerator-Bottlenecks/casestudy1/LeNet_MNIST_BNN/build/auto/home/changhong/prj/finn/notebooks/EF-US-Engine-Free-Unstructured-Sparsity-Design-Alleviates-Accelerator-Bottlenecks/casestudy1/LeNet_MNIST_BNN/tmp/auto/vivado_stitch_proj_b2b_bym1/finn_vivado_stitch_proj.gen/sources_1/bd/finn_design/ipshared/8dae/hdl/verilog/MVAU_hls_0_mac_muladd_8s_2s_10s_11_4_1.v" Line 47. Module MVAU_hls_0_mac_muladd_8s_2s_10s_11_4_1(ID=1,NUM_STAGE=4,din0_WIDTH=8,din1_WIDTH=2,din2_WIDTH=10,dout_WIDTH=11) has a timescale but at least one module in design doesn't have timescale.
WARNING: [XSIM 43-4100] "/home/changhong/prj/finn/notebooks/EF-US-Engine-Free-Unstructured-Sparsity-Design-Alleviates-Accelerator-Bottlenecks/casestudy1/LeNet_MNIST_BNN/build/auto/home/changhong/prj/finn/notebooks/EF-US-Engine-Free-Unstructured-Sparsity-Design-Alleviates-Accelerator-Bottlenecks/casestudy1/LeNet_MNIST_BNN/tmp/auto/vivado_stitch_proj_b2b_bym1/finn_vivado_stitch_proj.gen/sources_1/bd/finn_design/ipshared/8dae/hdl/verilog/MVAU_hls_0_mac_muladd_8s_2s_10s_11_4_1.v" Line 8. Module MVAU_hls_0_mac_muladd_8s_2s_10s_11_4_1_DSP48_0 has a timescale but at least one module in design doesn't have timescale.
WARNING: [XSIM 43-4100] "/home/changhong/prj/finn/notebooks/EF-US-Engine-Free-Unstructured-Sparsity-Design-Alleviates-Accelerator-Bottlenecks/casestudy1/LeNet_MNIST_BNN/build/auto/home/changhong/prj/finn/notebooks/EF-US-Engine-Free-Unstructured-Sparsity-Design-Alleviates-Accelerator-Bottlenecks/casestudy1/LeNet_MNIST_BNN/tmp/auto/vivado_stitch_proj_b2b_bym1/finn_vivado_stitch_proj.gen/sources_1/bd/finn_design/ipshared/8dae/hdl/verilog/MVAU_hls_0_mac_muladd_8s_2s_10s_11_4_1.v" Line 47. Module MVAU_hls_0_mac_muladd_8s_2s_10s_11_4_1(ID=1,NUM_STAGE=4,din0_WIDTH=8,din1_WIDTH=2,din2_WIDTH=10,dout_WIDTH=11) has a timescale but at least one module in design doesn't have timescale.
WARNING: [XSIM 43-4100] "/home/changhong/prj/finn/notebooks/EF-US-Engine-Free-Unstructured-Sparsity-Design-Alleviates-Accelerator-Bottlenecks/casestudy1/LeNet_MNIST_BNN/build/auto/home/changhong/prj/finn/notebooks/EF-US-Engine-Free-Unstructured-Sparsity-Design-Alleviates-Accelerator-Bottlenecks/casestudy1/LeNet_MNIST_BNN/tmp/auto/vivado_stitch_proj_b2b_bym1/finn_vivado_stitch_proj.gen/sources_1/bd/finn_design/ipshared/8dae/hdl/verilog/MVAU_hls_0_mac_muladd_8s_2s_10s_11_4_1.v" Line 8. Module MVAU_hls_0_mac_muladd_8s_2s_10s_11_4_1_DSP48_0 has a timescale but at least one module in design doesn't have timescale.
WARNING: [XSIM 43-4100] "/home/changhong/prj/finn/notebooks/EF-US-Engine-Free-Unstructured-Sparsity-Design-Alleviates-Accelerator-Bottlenecks/casestudy1/LeNet_MNIST_BNN/build/auto/home/changhong/prj/finn/notebooks/EF-US-Engine-Free-Unstructured-Sparsity-Design-Alleviates-Accelerator-Bottlenecks/casestudy1/LeNet_MNIST_BNN/tmp/auto/vivado_stitch_proj_b2b_bym1/finn_vivado_stitch_proj.gen/sources_1/bd/finn_design/ipshared/8dae/hdl/verilog/MVAU_hls_0_mac_muladd_8s_2s_10s_11_4_1.v" Line 47. Module MVAU_hls_0_mac_muladd_8s_2s_10s_11_4_1(ID=1,NUM_STAGE=4,din0_WIDTH=8,din1_WIDTH=2,din2_WIDTH=10,dout_WIDTH=11) has a timescale but at least one module in design doesn't have timescale.
WARNING: [XSIM 43-4100] "/home/changhong/prj/finn/notebooks/EF-US-Engine-Free-Unstructured-Sparsity-Design-Alleviates-Accelerator-Bottlenecks/casestudy1/LeNet_MNIST_BNN/build/auto/home/changhong/prj/finn/notebooks/EF-US-Engine-Free-Unstructured-Sparsity-Design-Alleviates-Accelerator-Bottlenecks/casestudy1/LeNet_MNIST_BNN/tmp/auto/vivado_stitch_proj_b2b_bym1/finn_vivado_stitch_proj.gen/sources_1/bd/finn_design/ipshared/8dae/hdl/verilog/MVAU_hls_0_mac_muladd_8s_2s_10s_11_4_1.v" Line 8. Module MVAU_hls_0_mac_muladd_8s_2s_10s_11_4_1_DSP48_0 has a timescale but at least one module in design doesn't have timescale.
WARNING: [XSIM 43-4100] "/home/changhong/prj/finn/notebooks/EF-US-Engine-Free-Unstructured-Sparsity-Design-Alleviates-Accelerator-Bottlenecks/casestudy1/LeNet_MNIST_BNN/build/auto/home/changhong/prj/finn/notebooks/EF-US-Engine-Free-Unstructured-Sparsity-Design-Alleviates-Accelerator-Bottlenecks/casestudy1/LeNet_MNIST_BNN/tmp/auto/vivado_stitch_proj_b2b_bym1/finn_vivado_stitch_proj.gen/sources_1/bd/finn_design/ipshared/8dae/hdl/verilog/MVAU_hls_0_mac_muladd_8s_2s_10s_11_4_1.v" Line 47. Module MVAU_hls_0_mac_muladd_8s_2s_10s_11_4_1(ID=1,NUM_STAGE=4,din0_WIDTH=8,din1_WIDTH=2,din2_WIDTH=10,dout_WIDTH=11) has a timescale but at least one module in design doesn't have timescale.
WARNING: [XSIM 43-4100] "/home/changhong/prj/finn/notebooks/EF-US-Engine-Free-Unstructured-Sparsity-Design-Alleviates-Accelerator-Bottlenecks/casestudy1/LeNet_MNIST_BNN/build/auto/home/changhong/prj/finn/notebooks/EF-US-Engine-Free-Unstructured-Sparsity-Design-Alleviates-Accelerator-Bottlenecks/casestudy1/LeNet_MNIST_BNN/tmp/auto/vivado_stitch_proj_b2b_bym1/finn_vivado_stitch_proj.gen/sources_1/bd/finn_design/ipshared/8dae/hdl/verilog/MVAU_hls_0_mac_muladd_8s_2s_10s_11_4_1.v" Line 8. Module MVAU_hls_0_mac_muladd_8s_2s_10s_11_4_1_DSP48_0 has a timescale but at least one module in design doesn't have timescale.
WARNING: [XSIM 43-4100] "/home/changhong/prj/finn/notebooks/EF-US-Engine-Free-Unstructured-Sparsity-Design-Alleviates-Accelerator-Bottlenecks/casestudy1/LeNet_MNIST_BNN/build/auto/home/changhong/prj/finn/notebooks/EF-US-Engine-Free-Unstructured-Sparsity-Design-Alleviates-Accelerator-Bottlenecks/casestudy1/LeNet_MNIST_BNN/tmp/auto/vivado_stitch_proj_b2b_bym1/finn_vivado_stitch_proj.gen/sources_1/bd/finn_design/ipshared/8dae/hdl/verilog/MVAU_hls_0_mac_muladd_8s_2s_10s_11_4_1.v" Line 47. Module MVAU_hls_0_mac_muladd_8s_2s_10s_11_4_1(ID=1,NUM_STAGE=4,din0_WIDTH=8,din1_WIDTH=2,din2_WIDTH=10,dout_WIDTH=11) has a timescale but at least one module in design doesn't have timescale.
WARNING: [XSIM 43-4100] "/home/changhong/prj/finn/notebooks/EF-US-Engine-Free-Unstructured-Sparsity-Design-Alleviates-Accelerator-Bottlenecks/casestudy1/LeNet_MNIST_BNN/build/auto/home/changhong/prj/finn/notebooks/EF-US-Engine-Free-Unstructured-Sparsity-Design-Alleviates-Accelerator-Bottlenecks/casestudy1/LeNet_MNIST_BNN/tmp/auto/vivado_stitch_proj_b2b_bym1/finn_vivado_stitch_proj.gen/sources_1/bd/finn_design/ipshared/8dae/hdl/verilog/MVAU_hls_0_mac_muladd_8s_2s_10s_11_4_1.v" Line 8. Module MVAU_hls_0_mac_muladd_8s_2s_10s_11_4_1_DSP48_0 has a timescale but at least one module in design doesn't have timescale.
WARNING: [XSIM 43-4100] "/home/changhong/prj/finn/notebooks/EF-US-Engine-Free-Unstructured-Sparsity-Design-Alleviates-Accelerator-Bottlenecks/casestudy1/LeNet_MNIST_BNN/build/auto/home/changhong/prj/finn/notebooks/EF-US-Engine-Free-Unstructured-Sparsity-Design-Alleviates-Accelerator-Bottlenecks/casestudy1/LeNet_MNIST_BNN/tmp/auto/vivado_stitch_proj_b2b_bym1/finn_vivado_stitch_proj.gen/sources_1/bd/finn_design/ipshared/8dae/hdl/verilog/MVAU_hls_0_mac_muladd_8s_2s_10s_11_4_1.v" Line 47. Module MVAU_hls_0_mac_muladd_8s_2s_10s_11_4_1(ID=1,NUM_STAGE=4,din0_WIDTH=8,din1_WIDTH=2,din2_WIDTH=10,dout_WIDTH=11) has a timescale but at least one module in design doesn't have timescale.
WARNING: [XSIM 43-4100] "/home/changhong/prj/finn/notebooks/EF-US-Engine-Free-Unstructured-Sparsity-Design-Alleviates-Accelerator-Bottlenecks/casestudy1/LeNet_MNIST_BNN/build/auto/home/changhong/prj/finn/notebooks/EF-US-Engine-Free-Unstructured-Sparsity-Design-Alleviates-Accelerator-Bottlenecks/casestudy1/LeNet_MNIST_BNN/tmp/auto/vivado_stitch_proj_b2b_bym1/finn_vivado_stitch_proj.gen/sources_1/bd/finn_design/ipshared/8dae/hdl/verilog/MVAU_hls_0_mac_muladd_8s_2s_10s_11_4_1.v" Line 8. Module MVAU_hls_0_mac_muladd_8s_2s_10s_11_4_1_DSP48_0 has a timescale but at least one module in design doesn't have timescale.
WARNING: [XSIM 43-4100] "/home/changhong/prj/finn/notebooks/EF-US-Engine-Free-Unstructured-Sparsity-Design-Alleviates-Accelerator-Bottlenecks/casestudy1/LeNet_MNIST_BNN/build/auto/home/changhong/prj/finn/notebooks/EF-US-Engine-Free-Unstructured-Sparsity-Design-Alleviates-Accelerator-Bottlenecks/casestudy1/LeNet_MNIST_BNN/tmp/auto/vivado_stitch_proj_b2b_bym1/finn_vivado_stitch_proj.gen/sources_1/bd/finn_design/ipshared/8dae/hdl/verilog/MVAU_hls_0_mac_muladd_8s_2s_10s_11_4_1.v" Line 47. Module MVAU_hls_0_mac_muladd_8s_2s_10s_11_4_1(ID=1,NUM_STAGE=4,din0_WIDTH=8,din1_WIDTH=2,din2_WIDTH=10,dout_WIDTH=11) has a timescale but at least one module in design doesn't have timescale.
WARNING: [XSIM 43-4100] "/home/changhong/prj/finn/notebooks/EF-US-Engine-Free-Unstructured-Sparsity-Design-Alleviates-Accelerator-Bottlenecks/casestudy1/LeNet_MNIST_BNN/build/auto/home/changhong/prj/finn/notebooks/EF-US-Engine-Free-Unstructured-Sparsity-Design-Alleviates-Accelerator-Bottlenecks/casestudy1/LeNet_MNIST_BNN/tmp/auto/vivado_stitch_proj_b2b_bym1/finn_vivado_stitch_proj.gen/sources_1/bd/finn_design/ipshared/8dae/hdl/verilog/MVAU_hls_0_mac_muladd_8s_2s_10s_11_4_1.v" Line 8. Module MVAU_hls_0_mac_muladd_8s_2s_10s_11_4_1_DSP48_0 has a timescale but at least one module in design doesn't have timescale.
WARNING: [XSIM 43-4100] "/home/changhong/prj/finn/notebooks/EF-US-Engine-Free-Unstructured-Sparsity-Design-Alleviates-Accelerator-Bottlenecks/casestudy1/LeNet_MNIST_BNN/build/auto/home/changhong/prj/finn/notebooks/EF-US-Engine-Free-Unstructured-Sparsity-Design-Alleviates-Accelerator-Bottlenecks/casestudy1/LeNet_MNIST_BNN/tmp/auto/vivado_stitch_proj_b2b_bym1/finn_vivado_stitch_proj.gen/sources_1/bd/finn_design/ipshared/8dae/hdl/verilog/MVAU_hls_0_mac_muladd_8s_2s_10s_11_4_1.v" Line 47. Module MVAU_hls_0_mac_muladd_8s_2s_10s_11_4_1(ID=1,NUM_STAGE=4,din0_WIDTH=8,din1_WIDTH=2,din2_WIDTH=10,dout_WIDTH=11) has a timescale but at least one module in design doesn't have timescale.
WARNING: [XSIM 43-4100] "/home/changhong/prj/finn/notebooks/EF-US-Engine-Free-Unstructured-Sparsity-Design-Alleviates-Accelerator-Bottlenecks/casestudy1/LeNet_MNIST_BNN/build/auto/home/changhong/prj/finn/notebooks/EF-US-Engine-Free-Unstructured-Sparsity-Design-Alleviates-Accelerator-Bottlenecks/casestudy1/LeNet_MNIST_BNN/tmp/auto/vivado_stitch_proj_b2b_bym1/finn_vivado_stitch_proj.gen/sources_1/bd/finn_design/ipshared/8dae/hdl/verilog/MVAU_hls_0_mac_muladd_8s_2s_10s_11_4_1.v" Line 8. Module MVAU_hls_0_mac_muladd_8s_2s_10s_11_4_1_DSP48_0 has a timescale but at least one module in design doesn't have timescale.
WARNING: [XSIM 43-4100] "/home/changhong/prj/finn/notebooks/EF-US-Engine-Free-Unstructured-Sparsity-Design-Alleviates-Accelerator-Bottlenecks/casestudy1/LeNet_MNIST_BNN/build/auto/home/changhong/prj/finn/notebooks/EF-US-Engine-Free-Unstructured-Sparsity-Design-Alleviates-Accelerator-Bottlenecks/casestudy1/LeNet_MNIST_BNN/tmp/auto/vivado_stitch_proj_b2b_bym1/finn_vivado_stitch_proj.gen/sources_1/bd/finn_design/ipshared/8dae/hdl/verilog/MVAU_hls_0_mac_muladd_8s_2s_10s_11_4_1.v" Line 47. Module MVAU_hls_0_mac_muladd_8s_2s_10s_11_4_1(ID=1,NUM_STAGE=4,din0_WIDTH=8,din1_WIDTH=2,din2_WIDTH=10,dout_WIDTH=11) has a timescale but at least one module in design doesn't have timescale.
WARNING: [XSIM 43-4100] "/home/changhong/prj/finn/notebooks/EF-US-Engine-Free-Unstructured-Sparsity-Design-Alleviates-Accelerator-Bottlenecks/casestudy1/LeNet_MNIST_BNN/build/auto/home/changhong/prj/finn/notebooks/EF-US-Engine-Free-Unstructured-Sparsity-Design-Alleviates-Accelerator-Bottlenecks/casestudy1/LeNet_MNIST_BNN/tmp/auto/vivado_stitch_proj_b2b_bym1/finn_vivado_stitch_proj.gen/sources_1/bd/finn_design/ipshared/8dae/hdl/verilog/MVAU_hls_0_mac_muladd_8s_2s_10s_11_4_1.v" Line 8. Module MVAU_hls_0_mac_muladd_8s_2s_10s_11_4_1_DSP48_0 has a timescale but at least one module in design doesn't have timescale.
WARNING: [XSIM 43-4100] "/home/changhong/prj/finn/notebooks/EF-US-Engine-Free-Unstructured-Sparsity-Design-Alleviates-Accelerator-Bottlenecks/casestudy1/LeNet_MNIST_BNN/build/auto/home/changhong/prj/finn/notebooks/EF-US-Engine-Free-Unstructured-Sparsity-Design-Alleviates-Accelerator-Bottlenecks/casestudy1/LeNet_MNIST_BNN/tmp/auto/vivado_stitch_proj_b2b_bym1/finn_vivado_stitch_proj.gen/sources_1/bd/finn_design/ipshared/8dae/hdl/verilog/MVAU_hls_0_mac_muladd_8s_2s_10s_11_4_1.v" Line 47. Module MVAU_hls_0_mac_muladd_8s_2s_10s_11_4_1(ID=1,NUM_STAGE=4,din0_WIDTH=8,din1_WIDTH=2,din2_WIDTH=10,dout_WIDTH=11) has a timescale but at least one module in design doesn't have timescale.
WARNING: [XSIM 43-4100] "/home/changhong/prj/finn/notebooks/EF-US-Engine-Free-Unstructured-Sparsity-Design-Alleviates-Accelerator-Bottlenecks/casestudy1/LeNet_MNIST_BNN/build/auto/home/changhong/prj/finn/notebooks/EF-US-Engine-Free-Unstructured-Sparsity-Design-Alleviates-Accelerator-Bottlenecks/casestudy1/LeNet_MNIST_BNN/tmp/auto/vivado_stitch_proj_b2b_bym1/finn_vivado_stitch_proj.gen/sources_1/bd/finn_design/ipshared/8dae/hdl/verilog/MVAU_hls_0_mac_muladd_8s_2s_10s_11_4_1.v" Line 8. Module MVAU_hls_0_mac_muladd_8s_2s_10s_11_4_1_DSP48_0 has a timescale but at least one module in design doesn't have timescale.
WARNING: [XSIM 43-4100] "/home/changhong/prj/finn/notebooks/EF-US-Engine-Free-Unstructured-Sparsity-Design-Alleviates-Accelerator-Bottlenecks/casestudy1/LeNet_MNIST_BNN/build/auto/home/changhong/prj/finn/notebooks/EF-US-Engine-Free-Unstructured-Sparsity-Design-Alleviates-Accelerator-Bottlenecks/casestudy1/LeNet_MNIST_BNN/tmp/auto/vivado_stitch_proj_b2b_bym1/finn_vivado_stitch_proj.gen/sources_1/bd/finn_design/ipshared/8dae/hdl/verilog/MVAU_hls_0_mac_muladd_8s_2s_10s_11_4_1.v" Line 47. Module MVAU_hls_0_mac_muladd_8s_2s_10s_11_4_1(ID=1,NUM_STAGE=4,din0_WIDTH=8,din1_WIDTH=2,din2_WIDTH=10,dout_WIDTH=11) has a timescale but at least one module in design doesn't have timescale.
WARNING: [XSIM 43-4100] "/home/changhong/prj/finn/notebooks/EF-US-Engine-Free-Unstructured-Sparsity-Design-Alleviates-Accelerator-Bottlenecks/casestudy1/LeNet_MNIST_BNN/build/auto/home/changhong/prj/finn/notebooks/EF-US-Engine-Free-Unstructured-Sparsity-Design-Alleviates-Accelerator-Bottlenecks/casestudy1/LeNet_MNIST_BNN/tmp/auto/vivado_stitch_proj_b2b_bym1/finn_vivado_stitch_proj.gen/sources_1/bd/finn_design/ipshared/8dae/hdl/verilog/MVAU_hls_0_mac_muladd_8s_2s_10s_11_4_1.v" Line 8. Module MVAU_hls_0_mac_muladd_8s_2s_10s_11_4_1_DSP48_0 has a timescale but at least one module in design doesn't have timescale.
WARNING: [XSIM 43-4100] "/home/changhong/prj/finn/notebooks/EF-US-Engine-Free-Unstructured-Sparsity-Design-Alleviates-Accelerator-Bottlenecks/casestudy1/LeNet_MNIST_BNN/build/auto/home/changhong/prj/finn/notebooks/EF-US-Engine-Free-Unstructured-Sparsity-Design-Alleviates-Accelerator-Bottlenecks/casestudy1/LeNet_MNIST_BNN/tmp/auto/vivado_stitch_proj_b2b_bym1/finn_vivado_stitch_proj.gen/sources_1/bd/finn_design/ipshared/8dae/hdl/verilog/MVAU_hls_0_mac_muladd_8s_2s_11s_11_4_1.v" Line 47. Module MVAU_hls_0_mac_muladd_8s_2s_11s_11_4_1(ID=1,NUM_STAGE=4,din0_WIDTH=8,din1_WIDTH=2,din2_WIDTH=11,dout_WIDTH=11) has a timescale but at least one module in design doesn't have timescale.
WARNING: [XSIM 43-4100] "/home/changhong/prj/finn/notebooks/EF-US-Engine-Free-Unstructured-Sparsity-Design-Alleviates-Accelerator-Bottlenecks/casestudy1/LeNet_MNIST_BNN/build/auto/home/changhong/prj/finn/notebooks/EF-US-Engine-Free-Unstructured-Sparsity-Design-Alleviates-Accelerator-Bottlenecks/casestudy1/LeNet_MNIST_BNN/tmp/auto/vivado_stitch_proj_b2b_bym1/finn_vivado_stitch_proj.gen/sources_1/bd/finn_design/ipshared/8dae/hdl/verilog/MVAU_hls_0_mac_muladd_8s_2s_11s_11_4_1.v" Line 8. Module MVAU_hls_0_mac_muladd_8s_2s_11s_11_4_1_DSP48_1 has a timescale but at least one module in design doesn't have timescale.
WARNING: [XSIM 43-4100] "/home/changhong/prj/finn/notebooks/EF-US-Engine-Free-Unstructured-Sparsity-Design-Alleviates-Accelerator-Bottlenecks/casestudy1/LeNet_MNIST_BNN/build/auto/home/changhong/prj/finn/notebooks/EF-US-Engine-Free-Unstructured-Sparsity-Design-Alleviates-Accelerator-Bottlenecks/casestudy1/LeNet_MNIST_BNN/tmp/auto/vivado_stitch_proj_b2b_bym1/finn_vivado_stitch_proj.gen/sources_1/bd/finn_design/ipshared/8dae/hdl/verilog/MVAU_hls_0_mac_muladd_8s_2s_11s_11_4_1.v" Line 47. Module MVAU_hls_0_mac_muladd_8s_2s_11s_11_4_1(ID=1,NUM_STAGE=4,din0_WIDTH=8,din1_WIDTH=2,din2_WIDTH=11,dout_WIDTH=11) has a timescale but at least one module in design doesn't have timescale.
WARNING: [XSIM 43-4100] "/home/changhong/prj/finn/notebooks/EF-US-Engine-Free-Unstructured-Sparsity-Design-Alleviates-Accelerator-Bottlenecks/casestudy1/LeNet_MNIST_BNN/build/auto/home/changhong/prj/finn/notebooks/EF-US-Engine-Free-Unstructured-Sparsity-Design-Alleviates-Accelerator-Bottlenecks/casestudy1/LeNet_MNIST_BNN/tmp/auto/vivado_stitch_proj_b2b_bym1/finn_vivado_stitch_proj.gen/sources_1/bd/finn_design/ipshared/8dae/hdl/verilog/MVAU_hls_0_mac_muladd_8s_2s_11s_11_4_1.v" Line 8. Module MVAU_hls_0_mac_muladd_8s_2s_11s_11_4_1_DSP48_1 has a timescale but at least one module in design doesn't have timescale.
WARNING: [XSIM 43-4100] "/home/changhong/prj/finn/notebooks/EF-US-Engine-Free-Unstructured-Sparsity-Design-Alleviates-Accelerator-Bottlenecks/casestudy1/LeNet_MNIST_BNN/build/auto/home/changhong/prj/finn/notebooks/EF-US-Engine-Free-Unstructured-Sparsity-Design-Alleviates-Accelerator-Bottlenecks/casestudy1/LeNet_MNIST_BNN/tmp/auto/vivado_stitch_proj_b2b_bym1/finn_vivado_stitch_proj.gen/sources_1/bd/finn_design/ipshared/8dae/hdl/verilog/MVAU_hls_0_mac_muladd_8s_2s_11s_11_4_1.v" Line 47. Module MVAU_hls_0_mac_muladd_8s_2s_11s_11_4_1(ID=1,NUM_STAGE=4,din0_WIDTH=8,din1_WIDTH=2,din2_WIDTH=11,dout_WIDTH=11) has a timescale but at least one module in design doesn't have timescale.
WARNING: [XSIM 43-4100] "/home/changhong/prj/finn/notebooks/EF-US-Engine-Free-Unstructured-Sparsity-Design-Alleviates-Accelerator-Bottlenecks/casestudy1/LeNet_MNIST_BNN/build/auto/home/changhong/prj/finn/notebooks/EF-US-Engine-Free-Unstructured-Sparsity-Design-Alleviates-Accelerator-Bottlenecks/casestudy1/LeNet_MNIST_BNN/tmp/auto/vivado_stitch_proj_b2b_bym1/finn_vivado_stitch_proj.gen/sources_1/bd/finn_design/ipshared/8dae/hdl/verilog/MVAU_hls_0_mac_muladd_8s_2s_11s_11_4_1.v" Line 8. Module MVAU_hls_0_mac_muladd_8s_2s_11s_11_4_1_DSP48_1 has a timescale but at least one module in design doesn't have timescale.
WARNING: [XSIM 43-4100] "/home/changhong/prj/finn/notebooks/EF-US-Engine-Free-Unstructured-Sparsity-Design-Alleviates-Accelerator-Bottlenecks/casestudy1/LeNet_MNIST_BNN/build/auto/home/changhong/prj/finn/notebooks/EF-US-Engine-Free-Unstructured-Sparsity-Design-Alleviates-Accelerator-Bottlenecks/casestudy1/LeNet_MNIST_BNN/tmp/auto/vivado_stitch_proj_b2b_bym1/finn_vivado_stitch_proj.gen/sources_1/bd/finn_design/ipshared/8dae/hdl/verilog/MVAU_hls_0_mac_muladd_8s_2s_11s_11_4_1.v" Line 47. Module MVAU_hls_0_mac_muladd_8s_2s_11s_11_4_1(ID=1,NUM_STAGE=4,din0_WIDTH=8,din1_WIDTH=2,din2_WIDTH=11,dout_WIDTH=11) has a timescale but at least one module in design doesn't have timescale.
WARNING: [XSIM 43-4100] "/home/changhong/prj/finn/notebooks/EF-US-Engine-Free-Unstructured-Sparsity-Design-Alleviates-Accelerator-Bottlenecks/casestudy1/LeNet_MNIST_BNN/build/auto/home/changhong/prj/finn/notebooks/EF-US-Engine-Free-Unstructured-Sparsity-Design-Alleviates-Accelerator-Bottlenecks/casestudy1/LeNet_MNIST_BNN/tmp/auto/vivado_stitch_proj_b2b_bym1/finn_vivado_stitch_proj.gen/sources_1/bd/finn_design/ipshared/8dae/hdl/verilog/MVAU_hls_0_mac_muladd_8s_2s_11s_11_4_1.v" Line 8. Module MVAU_hls_0_mac_muladd_8s_2s_11s_11_4_1_DSP48_1 has a timescale but at least one module in design doesn't have timescale.
WARNING: [XSIM 43-4100] "/home/changhong/prj/finn/notebooks/EF-US-Engine-Free-Unstructured-Sparsity-Design-Alleviates-Accelerator-Bottlenecks/casestudy1/LeNet_MNIST_BNN/build/auto/home/changhong/prj/finn/notebooks/EF-US-Engine-Free-Unstructured-Sparsity-Design-Alleviates-Accelerator-Bottlenecks/casestudy1/LeNet_MNIST_BNN/tmp/auto/vivado_stitch_proj_b2b_bym1/finn_vivado_stitch_proj.gen/sources_1/bd/finn_design/ipshared/8dae/hdl/verilog/MVAU_hls_0_mac_muladd_8s_2s_11s_11_4_1.v" Line 47. Module MVAU_hls_0_mac_muladd_8s_2s_11s_11_4_1(ID=1,NUM_STAGE=4,din0_WIDTH=8,din1_WIDTH=2,din2_WIDTH=11,dout_WIDTH=11) has a timescale but at least one module in design doesn't have timescale.
WARNING: [XSIM 43-4100] "/home/changhong/prj/finn/notebooks/EF-US-Engine-Free-Unstructured-Sparsity-Design-Alleviates-Accelerator-Bottlenecks/casestudy1/LeNet_MNIST_BNN/build/auto/home/changhong/prj/finn/notebooks/EF-US-Engine-Free-Unstructured-Sparsity-Design-Alleviates-Accelerator-Bottlenecks/casestudy1/LeNet_MNIST_BNN/tmp/auto/vivado_stitch_proj_b2b_bym1/finn_vivado_stitch_proj.gen/sources_1/bd/finn_design/ipshared/8dae/hdl/verilog/MVAU_hls_0_mac_muladd_8s_2s_11s_11_4_1.v" Line 8. Module MVAU_hls_0_mac_muladd_8s_2s_11s_11_4_1_DSP48_1 has a timescale but at least one module in design doesn't have timescale.
WARNING: [XSIM 43-4100] "/home/changhong/prj/finn/notebooks/EF-US-Engine-Free-Unstructured-Sparsity-Design-Alleviates-Accelerator-Bottlenecks/casestudy1/LeNet_MNIST_BNN/build/auto/home/changhong/prj/finn/notebooks/EF-US-Engine-Free-Unstructured-Sparsity-Design-Alleviates-Accelerator-Bottlenecks/casestudy1/LeNet_MNIST_BNN/tmp/auto/vivado_stitch_proj_b2b_bym1/finn_vivado_stitch_proj.gen/sources_1/bd/finn_design/ipshared/8dae/hdl/verilog/MVAU_hls_0_mac_muladd_8s_2s_11s_11_4_1.v" Line 47. Module MVAU_hls_0_mac_muladd_8s_2s_11s_11_4_1(ID=1,NUM_STAGE=4,din0_WIDTH=8,din1_WIDTH=2,din2_WIDTH=11,dout_WIDTH=11) has a timescale but at least one module in design doesn't have timescale.
WARNING: [XSIM 43-4100] "/home/changhong/prj/finn/notebooks/EF-US-Engine-Free-Unstructured-Sparsity-Design-Alleviates-Accelerator-Bottlenecks/casestudy1/LeNet_MNIST_BNN/build/auto/home/changhong/prj/finn/notebooks/EF-US-Engine-Free-Unstructured-Sparsity-Design-Alleviates-Accelerator-Bottlenecks/casestudy1/LeNet_MNIST_BNN/tmp/auto/vivado_stitch_proj_b2b_bym1/finn_vivado_stitch_proj.gen/sources_1/bd/finn_design/ipshared/8dae/hdl/verilog/MVAU_hls_0_mac_muladd_8s_2s_11s_11_4_1.v" Line 8. Module MVAU_hls_0_mac_muladd_8s_2s_11s_11_4_1_DSP48_1 has a timescale but at least one module in design doesn't have timescale.
WARNING: [XSIM 43-4100] "/home/changhong/prj/finn/notebooks/EF-US-Engine-Free-Unstructured-Sparsity-Design-Alleviates-Accelerator-Bottlenecks/casestudy1/LeNet_MNIST_BNN/build/auto/home/changhong/prj/finn/notebooks/EF-US-Engine-Free-Unstructured-Sparsity-Design-Alleviates-Accelerator-Bottlenecks/casestudy1/LeNet_MNIST_BNN/tmp/auto/vivado_stitch_proj_b2b_bym1/finn_vivado_stitch_proj.gen/sources_1/bd/finn_design/ipshared/8dae/hdl/verilog/MVAU_hls_0_mac_muladd_8s_2s_11s_11_4_1.v" Line 47. Module MVAU_hls_0_mac_muladd_8s_2s_11s_11_4_1(ID=1,NUM_STAGE=4,din0_WIDTH=8,din1_WIDTH=2,din2_WIDTH=11,dout_WIDTH=11) has a timescale but at least one module in design doesn't have timescale.
WARNING: [XSIM 43-4100] "/home/changhong/prj/finn/notebooks/EF-US-Engine-Free-Unstructured-Sparsity-Design-Alleviates-Accelerator-Bottlenecks/casestudy1/LeNet_MNIST_BNN/build/auto/home/changhong/prj/finn/notebooks/EF-US-Engine-Free-Unstructured-Sparsity-Design-Alleviates-Accelerator-Bottlenecks/casestudy1/LeNet_MNIST_BNN/tmp/auto/vivado_stitch_proj_b2b_bym1/finn_vivado_stitch_proj.gen/sources_1/bd/finn_design/ipshared/8dae/hdl/verilog/MVAU_hls_0_mac_muladd_8s_2s_11s_11_4_1.v" Line 8. Module MVAU_hls_0_mac_muladd_8s_2s_11s_11_4_1_DSP48_1 has a timescale but at least one module in design doesn't have timescale.
WARNING: [XSIM 43-4100] "/home/changhong/prj/finn/notebooks/EF-US-Engine-Free-Unstructured-Sparsity-Design-Alleviates-Accelerator-Bottlenecks/casestudy1/LeNet_MNIST_BNN/build/auto/home/changhong/prj/finn/notebooks/EF-US-Engine-Free-Unstructured-Sparsity-Design-Alleviates-Accelerator-Bottlenecks/casestudy1/LeNet_MNIST_BNN/tmp/auto/vivado_stitch_proj_b2b_bym1/finn_vivado_stitch_proj.gen/sources_1/bd/finn_design/ipshared/8dae/hdl/verilog/MVAU_hls_0_mac_muladd_8s_2s_10s_11_4_1.v" Line 47. Module MVAU_hls_0_mac_muladd_8s_2s_10s_11_4_1(ID=1,NUM_STAGE=4,din0_WIDTH=8,din1_WIDTH=2,din2_WIDTH=10,dout_WIDTH=11) has a timescale but at least one module in design doesn't have timescale.
WARNING: [XSIM 43-4100] "/home/changhong/prj/finn/notebooks/EF-US-Engine-Free-Unstructured-Sparsity-Design-Alleviates-Accelerator-Bottlenecks/casestudy1/LeNet_MNIST_BNN/build/auto/home/changhong/prj/finn/notebooks/EF-US-Engine-Free-Unstructured-Sparsity-Design-Alleviates-Accelerator-Bottlenecks/casestudy1/LeNet_MNIST_BNN/tmp/auto/vivado_stitch_proj_b2b_bym1/finn_vivado_stitch_proj.gen/sources_1/bd/finn_design/ipshared/8dae/hdl/verilog/MVAU_hls_0_mac_muladd_8s_2s_10s_11_4_1.v" Line 8. Module MVAU_hls_0_mac_muladd_8s_2s_10s_11_4_1_DSP48_0 has a timescale but at least one module in design doesn't have timescale.
WARNING: [XSIM 43-4100] "/home/changhong/prj/finn/notebooks/EF-US-Engine-Free-Unstructured-Sparsity-Design-Alleviates-Accelerator-Bottlenecks/casestudy1/LeNet_MNIST_BNN/build/auto/home/changhong/prj/finn/notebooks/EF-US-Engine-Free-Unstructured-Sparsity-Design-Alleviates-Accelerator-Bottlenecks/casestudy1/LeNet_MNIST_BNN/tmp/auto/vivado_stitch_proj_b2b_bym1/finn_vivado_stitch_proj.gen/sources_1/bd/finn_design/ipshared/8dae/hdl/verilog/MVAU_hls_0_mac_muladd_8s_2s_10s_11_4_1.v" Line 47. Module MVAU_hls_0_mac_muladd_8s_2s_10s_11_4_1(ID=1,NUM_STAGE=4,din0_WIDTH=8,din1_WIDTH=2,din2_WIDTH=10,dout_WIDTH=11) has a timescale but at least one module in design doesn't have timescale.
WARNING: [XSIM 43-4100] "/home/changhong/prj/finn/notebooks/EF-US-Engine-Free-Unstructured-Sparsity-Design-Alleviates-Accelerator-Bottlenecks/casestudy1/LeNet_MNIST_BNN/build/auto/home/changhong/prj/finn/notebooks/EF-US-Engine-Free-Unstructured-Sparsity-Design-Alleviates-Accelerator-Bottlenecks/casestudy1/LeNet_MNIST_BNN/tmp/auto/vivado_stitch_proj_b2b_bym1/finn_vivado_stitch_proj.gen/sources_1/bd/finn_design/ipshared/8dae/hdl/verilog/MVAU_hls_0_mac_muladd_8s_2s_10s_11_4_1.v" Line 8. Module MVAU_hls_0_mac_muladd_8s_2s_10s_11_4_1_DSP48_0 has a timescale but at least one module in design doesn't have timescale.
WARNING: [XSIM 43-4100] "/home/changhong/prj/finn/notebooks/EF-US-Engine-Free-Unstructured-Sparsity-Design-Alleviates-Accelerator-Bottlenecks/casestudy1/LeNet_MNIST_BNN/build/auto/home/changhong/prj/finn/notebooks/EF-US-Engine-Free-Unstructured-Sparsity-Design-Alleviates-Accelerator-Bottlenecks/casestudy1/LeNet_MNIST_BNN/tmp/auto/vivado_stitch_proj_b2b_bym1/finn_vivado_stitch_proj.gen/sources_1/bd/finn_design/ipshared/8dae/hdl/verilog/MVAU_hls_0_mac_muladd_8s_2s_11s_11_4_1.v" Line 47. Module MVAU_hls_0_mac_muladd_8s_2s_11s_11_4_1(ID=1,NUM_STAGE=4,din0_WIDTH=8,din1_WIDTH=2,din2_WIDTH=11,dout_WIDTH=11) has a timescale but at least one module in design doesn't have timescale.
WARNING: [XSIM 43-4100] "/home/changhong/prj/finn/notebooks/EF-US-Engine-Free-Unstructured-Sparsity-Design-Alleviates-Accelerator-Bottlenecks/casestudy1/LeNet_MNIST_BNN/build/auto/home/changhong/prj/finn/notebooks/EF-US-Engine-Free-Unstructured-Sparsity-Design-Alleviates-Accelerator-Bottlenecks/casestudy1/LeNet_MNIST_BNN/tmp/auto/vivado_stitch_proj_b2b_bym1/finn_vivado_stitch_proj.gen/sources_1/bd/finn_design/ipshared/8dae/hdl/verilog/MVAU_hls_0_mac_muladd_8s_2s_11s_11_4_1.v" Line 8. Module MVAU_hls_0_mac_muladd_8s_2s_11s_11_4_1_DSP48_1 has a timescale but at least one module in design doesn't have timescale.
WARNING: [XSIM 43-4100] "/home/changhong/prj/finn/notebooks/EF-US-Engine-Free-Unstructured-Sparsity-Design-Alleviates-Accelerator-Bottlenecks/casestudy1/LeNet_MNIST_BNN/build/auto/home/changhong/prj/finn/notebooks/EF-US-Engine-Free-Unstructured-Sparsity-Design-Alleviates-Accelerator-Bottlenecks/casestudy1/LeNet_MNIST_BNN/tmp/auto/vivado_stitch_proj_b2b_bym1/finn_vivado_stitch_proj.gen/sources_1/bd/finn_design/ipshared/8dae/hdl/verilog/MVAU_hls_0_mac_muladd_8s_2s_11s_11_4_1.v" Line 47. Module MVAU_hls_0_mac_muladd_8s_2s_11s_11_4_1(ID=1,NUM_STAGE=4,din0_WIDTH=8,din1_WIDTH=2,din2_WIDTH=11,dout_WIDTH=11) has a timescale but at least one module in design doesn't have timescale.
WARNING: [XSIM 43-4100] "/home/changhong/prj/finn/notebooks/EF-US-Engine-Free-Unstructured-Sparsity-Design-Alleviates-Accelerator-Bottlenecks/casestudy1/LeNet_MNIST_BNN/build/auto/home/changhong/prj/finn/notebooks/EF-US-Engine-Free-Unstructured-Sparsity-Design-Alleviates-Accelerator-Bottlenecks/casestudy1/LeNet_MNIST_BNN/tmp/auto/vivado_stitch_proj_b2b_bym1/finn_vivado_stitch_proj.gen/sources_1/bd/finn_design/ipshared/8dae/hdl/verilog/MVAU_hls_0_mac_muladd_8s_2s_11s_11_4_1.v" Line 8. Module MVAU_hls_0_mac_muladd_8s_2s_11s_11_4_1_DSP48_1 has a timescale but at least one module in design doesn't have timescale.
WARNING: [XSIM 43-4100] "/home/changhong/prj/finn/notebooks/EF-US-Engine-Free-Unstructured-Sparsity-Design-Alleviates-Accelerator-Bottlenecks/casestudy1/LeNet_MNIST_BNN/build/auto/home/changhong/prj/finn/notebooks/EF-US-Engine-Free-Unstructured-Sparsity-Design-Alleviates-Accelerator-Bottlenecks/casestudy1/LeNet_MNIST_BNN/tmp/auto/vivado_stitch_proj_b2b_bym1/finn_vivado_stitch_proj.gen/sources_1/bd/finn_design/ipshared/8dae/hdl/verilog/MVAU_hls_0_mac_muladd_8s_2s_11s_11_4_1.v" Line 47. Module MVAU_hls_0_mac_muladd_8s_2s_11s_11_4_1(ID=1,NUM_STAGE=4,din0_WIDTH=8,din1_WIDTH=2,din2_WIDTH=11,dout_WIDTH=11) has a timescale but at least one module in design doesn't have timescale.
WARNING: [XSIM 43-4100] "/home/changhong/prj/finn/notebooks/EF-US-Engine-Free-Unstructured-Sparsity-Design-Alleviates-Accelerator-Bottlenecks/casestudy1/LeNet_MNIST_BNN/build/auto/home/changhong/prj/finn/notebooks/EF-US-Engine-Free-Unstructured-Sparsity-Design-Alleviates-Accelerator-Bottlenecks/casestudy1/LeNet_MNIST_BNN/tmp/auto/vivado_stitch_proj_b2b_bym1/finn_vivado_stitch_proj.gen/sources_1/bd/finn_design/ipshared/8dae/hdl/verilog/MVAU_hls_0_mac_muladd_8s_2s_11s_11_4_1.v" Line 8. Module MVAU_hls_0_mac_muladd_8s_2s_11s_11_4_1_DSP48_1 has a timescale but at least one module in design doesn't have timescale.
WARNING: [XSIM 43-4100] "/home/changhong/prj/finn/notebooks/EF-US-Engine-Free-Unstructured-Sparsity-Design-Alleviates-Accelerator-Bottlenecks/casestudy1/LeNet_MNIST_BNN/build/auto/home/changhong/prj/finn/notebooks/EF-US-Engine-Free-Unstructured-Sparsity-Design-Alleviates-Accelerator-Bottlenecks/casestudy1/LeNet_MNIST_BNN/tmp/auto/vivado_stitch_proj_b2b_bym1/finn_vivado_stitch_proj.gen/sources_1/bd/finn_design/ipshared/8dae/hdl/verilog/MVAU_hls_0_mac_muladd_8s_2s_11s_11_4_1.v" Line 47. Module MVAU_hls_0_mac_muladd_8s_2s_11s_11_4_1(ID=1,NUM_STAGE=4,din0_WIDTH=8,din1_WIDTH=2,din2_WIDTH=11,dout_WIDTH=11) has a timescale but at least one module in design doesn't have timescale.
WARNING: [XSIM 43-4100] "/home/changhong/prj/finn/notebooks/EF-US-Engine-Free-Unstructured-Sparsity-Design-Alleviates-Accelerator-Bottlenecks/casestudy1/LeNet_MNIST_BNN/build/auto/home/changhong/prj/finn/notebooks/EF-US-Engine-Free-Unstructured-Sparsity-Design-Alleviates-Accelerator-Bottlenecks/casestudy1/LeNet_MNIST_BNN/tmp/auto/vivado_stitch_proj_b2b_bym1/finn_vivado_stitch_proj.gen/sources_1/bd/finn_design/ipshared/8dae/hdl/verilog/MVAU_hls_0_mac_muladd_8s_2s_11s_11_4_1.v" Line 8. Module MVAU_hls_0_mac_muladd_8s_2s_11s_11_4_1_DSP48_1 has a timescale but at least one module in design doesn't have timescale.
WARNING: [XSIM 43-4100] "/home/changhong/prj/finn/notebooks/EF-US-Engine-Free-Unstructured-Sparsity-Design-Alleviates-Accelerator-Bottlenecks/casestudy1/LeNet_MNIST_BNN/build/auto/home/changhong/prj/finn/notebooks/EF-US-Engine-Free-Unstructured-Sparsity-Design-Alleviates-Accelerator-Bottlenecks/casestudy1/LeNet_MNIST_BNN/tmp/auto/vivado_stitch_proj_b2b_bym1/finn_vivado_stitch_proj.gen/sources_1/bd/finn_design/ipshared/8dae/hdl/verilog/MVAU_hls_0_mac_muladd_8s_2s_11s_11_4_1.v" Line 47. Module MVAU_hls_0_mac_muladd_8s_2s_11s_11_4_1(ID=1,NUM_STAGE=4,din0_WIDTH=8,din1_WIDTH=2,din2_WIDTH=11,dout_WIDTH=11) has a timescale but at least one module in design doesn't have timescale.
WARNING: [XSIM 43-4100] "/home/changhong/prj/finn/notebooks/EF-US-Engine-Free-Unstructured-Sparsity-Design-Alleviates-Accelerator-Bottlenecks/casestudy1/LeNet_MNIST_BNN/build/auto/home/changhong/prj/finn/notebooks/EF-US-Engine-Free-Unstructured-Sparsity-Design-Alleviates-Accelerator-Bottlenecks/casestudy1/LeNet_MNIST_BNN/tmp/auto/vivado_stitch_proj_b2b_bym1/finn_vivado_stitch_proj.gen/sources_1/bd/finn_design/ipshared/8dae/hdl/verilog/MVAU_hls_0_mac_muladd_8s_2s_11s_11_4_1.v" Line 8. Module MVAU_hls_0_mac_muladd_8s_2s_11s_11_4_1_DSP48_1 has a timescale but at least one module in design doesn't have timescale.
WARNING: [XSIM 43-4100] "/home/changhong/prj/finn/notebooks/EF-US-Engine-Free-Unstructured-Sparsity-Design-Alleviates-Accelerator-Bottlenecks/casestudy1/LeNet_MNIST_BNN/build/auto/home/changhong/prj/finn/notebooks/EF-US-Engine-Free-Unstructured-Sparsity-Design-Alleviates-Accelerator-Bottlenecks/casestudy1/LeNet_MNIST_BNN/tmp/auto/vivado_stitch_proj_b2b_bym1/finn_vivado_stitch_proj.gen/sources_1/bd/finn_design/ipshared/8dae/hdl/verilog/MVAU_hls_0_mac_muladd_8s_2s_11s_11_4_1.v" Line 47. Module MVAU_hls_0_mac_muladd_8s_2s_11s_11_4_1(ID=1,NUM_STAGE=4,din0_WIDTH=8,din1_WIDTH=2,din2_WIDTH=11,dout_WIDTH=11) has a timescale but at least one module in design doesn't have timescale.
WARNING: [XSIM 43-4100] "/home/changhong/prj/finn/notebooks/EF-US-Engine-Free-Unstructured-Sparsity-Design-Alleviates-Accelerator-Bottlenecks/casestudy1/LeNet_MNIST_BNN/build/auto/home/changhong/prj/finn/notebooks/EF-US-Engine-Free-Unstructured-Sparsity-Design-Alleviates-Accelerator-Bottlenecks/casestudy1/LeNet_MNIST_BNN/tmp/auto/vivado_stitch_proj_b2b_bym1/finn_vivado_stitch_proj.gen/sources_1/bd/finn_design/ipshared/8dae/hdl/verilog/MVAU_hls_0_mac_muladd_8s_2s_11s_11_4_1.v" Line 8. Module MVAU_hls_0_mac_muladd_8s_2s_11s_11_4_1_DSP48_1 has a timescale but at least one module in design doesn't have timescale.
WARNING: [XSIM 43-4100] "/home/changhong/prj/finn/notebooks/EF-US-Engine-Free-Unstructured-Sparsity-Design-Alleviates-Accelerator-Bottlenecks/casestudy1/LeNet_MNIST_BNN/build/auto/home/changhong/prj/finn/notebooks/EF-US-Engine-Free-Unstructured-Sparsity-Design-Alleviates-Accelerator-Bottlenecks/casestudy1/LeNet_MNIST_BNN/tmp/auto/vivado_stitch_proj_b2b_bym1/finn_vivado_stitch_proj.gen/sources_1/bd/finn_design/ipshared/8dae/hdl/verilog/MVAU_hls_0_mac_muladd_8s_2s_11s_11_4_1.v" Line 47. Module MVAU_hls_0_mac_muladd_8s_2s_11s_11_4_1(ID=1,NUM_STAGE=4,din0_WIDTH=8,din1_WIDTH=2,din2_WIDTH=11,dout_WIDTH=11) has a timescale but at least one module in design doesn't have timescale.
WARNING: [XSIM 43-4100] "/home/changhong/prj/finn/notebooks/EF-US-Engine-Free-Unstructured-Sparsity-Design-Alleviates-Accelerator-Bottlenecks/casestudy1/LeNet_MNIST_BNN/build/auto/home/changhong/prj/finn/notebooks/EF-US-Engine-Free-Unstructured-Sparsity-Design-Alleviates-Accelerator-Bottlenecks/casestudy1/LeNet_MNIST_BNN/tmp/auto/vivado_stitch_proj_b2b_bym1/finn_vivado_stitch_proj.gen/sources_1/bd/finn_design/ipshared/8dae/hdl/verilog/MVAU_hls_0_mac_muladd_8s_2s_11s_11_4_1.v" Line 8. Module MVAU_hls_0_mac_muladd_8s_2s_11s_11_4_1_DSP48_1 has a timescale but at least one module in design doesn't have timescale.
WARNING: [XSIM 43-4100] "/home/changhong/prj/finn/notebooks/EF-US-Engine-Free-Unstructured-Sparsity-Design-Alleviates-Accelerator-Bottlenecks/casestudy1/LeNet_MNIST_BNN/build/auto/home/changhong/prj/finn/notebooks/EF-US-Engine-Free-Unstructured-Sparsity-Design-Alleviates-Accelerator-Bottlenecks/casestudy1/LeNet_MNIST_BNN/tmp/auto/vivado_stitch_proj_b2b_bym1/finn_vivado_stitch_proj.gen/sources_1/bd/finn_design/ipshared/8dae/hdl/verilog/MVAU_hls_0_mac_muladd_8s_2s_10s_11_4_1.v" Line 47. Module MVAU_hls_0_mac_muladd_8s_2s_10s_11_4_1(ID=1,NUM_STAGE=4,din0_WIDTH=8,din1_WIDTH=2,din2_WIDTH=10,dout_WIDTH=11) has a timescale but at least one module in design doesn't have timescale.
WARNING: [XSIM 43-4100] "/home/changhong/prj/finn/notebooks/EF-US-Engine-Free-Unstructured-Sparsity-Design-Alleviates-Accelerator-Bottlenecks/casestudy1/LeNet_MNIST_BNN/build/auto/home/changhong/prj/finn/notebooks/EF-US-Engine-Free-Unstructured-Sparsity-Design-Alleviates-Accelerator-Bottlenecks/casestudy1/LeNet_MNIST_BNN/tmp/auto/vivado_stitch_proj_b2b_bym1/finn_vivado_stitch_proj.gen/sources_1/bd/finn_design/ipshared/8dae/hdl/verilog/MVAU_hls_0_mac_muladd_8s_2s_10s_11_4_1.v" Line 8. Module MVAU_hls_0_mac_muladd_8s_2s_10s_11_4_1_DSP48_0 has a timescale but at least one module in design doesn't have timescale.
WARNING: [XSIM 43-4100] "/home/changhong/prj/finn/notebooks/EF-US-Engine-Free-Unstructured-Sparsity-Design-Alleviates-Accelerator-Bottlenecks/casestudy1/LeNet_MNIST_BNN/build/auto/home/changhong/prj/finn/notebooks/EF-US-Engine-Free-Unstructured-Sparsity-Design-Alleviates-Accelerator-Bottlenecks/casestudy1/LeNet_MNIST_BNN/tmp/auto/vivado_stitch_proj_b2b_bym1/finn_vivado_stitch_proj.gen/sources_1/bd/finn_design/ipshared/8dae/hdl/verilog/MVAU_hls_0_mac_muladd_8s_2s_10s_11_4_1.v" Line 47. Module MVAU_hls_0_mac_muladd_8s_2s_10s_11_4_1(ID=1,NUM_STAGE=4,din0_WIDTH=8,din1_WIDTH=2,din2_WIDTH=10,dout_WIDTH=11) has a timescale but at least one module in design doesn't have timescale.
WARNING: [XSIM 43-4100] "/home/changhong/prj/finn/notebooks/EF-US-Engine-Free-Unstructured-Sparsity-Design-Alleviates-Accelerator-Bottlenecks/casestudy1/LeNet_MNIST_BNN/build/auto/home/changhong/prj/finn/notebooks/EF-US-Engine-Free-Unstructured-Sparsity-Design-Alleviates-Accelerator-Bottlenecks/casestudy1/LeNet_MNIST_BNN/tmp/auto/vivado_stitch_proj_b2b_bym1/finn_vivado_stitch_proj.gen/sources_1/bd/finn_design/ipshared/8dae/hdl/verilog/MVAU_hls_0_mac_muladd_8s_2s_10s_11_4_1.v" Line 8. Module MVAU_hls_0_mac_muladd_8s_2s_10s_11_4_1_DSP48_0 has a timescale but at least one module in design doesn't have timescale.
WARNING: [XSIM 43-4100] "/home/changhong/prj/finn/notebooks/EF-US-Engine-Free-Unstructured-Sparsity-Design-Alleviates-Accelerator-Bottlenecks/casestudy1/LeNet_MNIST_BNN/build/auto/home/changhong/prj/finn/notebooks/EF-US-Engine-Free-Unstructured-Sparsity-Design-Alleviates-Accelerator-Bottlenecks/casestudy1/LeNet_MNIST_BNN/tmp/auto/vivado_stitch_proj_b2b_bym1/finn_vivado_stitch_proj.gen/sources_1/bd/finn_design/ipshared/8dae/hdl/verilog/MVAU_hls_0_mac_muladd_8s_2s_11s_11_4_1.v" Line 47. Module MVAU_hls_0_mac_muladd_8s_2s_11s_11_4_1(ID=1,NUM_STAGE=4,din0_WIDTH=8,din1_WIDTH=2,din2_WIDTH=11,dout_WIDTH=11) has a timescale but at least one module in design doesn't have timescale.
WARNING: [XSIM 43-4100] "/home/changhong/prj/finn/notebooks/EF-US-Engine-Free-Unstructured-Sparsity-Design-Alleviates-Accelerator-Bottlenecks/casestudy1/LeNet_MNIST_BNN/build/auto/home/changhong/prj/finn/notebooks/EF-US-Engine-Free-Unstructured-Sparsity-Design-Alleviates-Accelerator-Bottlenecks/casestudy1/LeNet_MNIST_BNN/tmp/auto/vivado_stitch_proj_b2b_bym1/finn_vivado_stitch_proj.gen/sources_1/bd/finn_design/ipshared/8dae/hdl/verilog/MVAU_hls_0_mac_muladd_8s_2s_11s_11_4_1.v" Line 8. Module MVAU_hls_0_mac_muladd_8s_2s_11s_11_4_1_DSP48_1 has a timescale but at least one module in design doesn't have timescale.
WARNING: [XSIM 43-4100] "/home/changhong/prj/finn/notebooks/EF-US-Engine-Free-Unstructured-Sparsity-Design-Alleviates-Accelerator-Bottlenecks/casestudy1/LeNet_MNIST_BNN/build/auto/home/changhong/prj/finn/notebooks/EF-US-Engine-Free-Unstructured-Sparsity-Design-Alleviates-Accelerator-Bottlenecks/casestudy1/LeNet_MNIST_BNN/tmp/auto/vivado_stitch_proj_b2b_bym1/finn_vivado_stitch_proj.gen/sources_1/bd/finn_design/ipshared/8dae/hdl/verilog/MVAU_hls_0_mac_muladd_8s_2s_11s_11_4_1.v" Line 47. Module MVAU_hls_0_mac_muladd_8s_2s_11s_11_4_1(ID=1,NUM_STAGE=4,din0_WIDTH=8,din1_WIDTH=2,din2_WIDTH=11,dout_WIDTH=11) has a timescale but at least one module in design doesn't have timescale.
WARNING: [XSIM 43-4100] "/home/changhong/prj/finn/notebooks/EF-US-Engine-Free-Unstructured-Sparsity-Design-Alleviates-Accelerator-Bottlenecks/casestudy1/LeNet_MNIST_BNN/build/auto/home/changhong/prj/finn/notebooks/EF-US-Engine-Free-Unstructured-Sparsity-Design-Alleviates-Accelerator-Bottlenecks/casestudy1/LeNet_MNIST_BNN/tmp/auto/vivado_stitch_proj_b2b_bym1/finn_vivado_stitch_proj.gen/sources_1/bd/finn_design/ipshared/8dae/hdl/verilog/MVAU_hls_0_mac_muladd_8s_2s_11s_11_4_1.v" Line 8. Module MVAU_hls_0_mac_muladd_8s_2s_11s_11_4_1_DSP48_1 has a timescale but at least one module in design doesn't have timescale.
WARNING: [XSIM 43-4100] "/home/changhong/prj/finn/notebooks/EF-US-Engine-Free-Unstructured-Sparsity-Design-Alleviates-Accelerator-Bottlenecks/casestudy1/LeNet_MNIST_BNN/build/auto/home/changhong/prj/finn/notebooks/EF-US-Engine-Free-Unstructured-Sparsity-Design-Alleviates-Accelerator-Bottlenecks/casestudy1/LeNet_MNIST_BNN/tmp/auto/vivado_stitch_proj_b2b_bym1/finn_vivado_stitch_proj.gen/sources_1/bd/finn_design/ipshared/8dae/hdl/verilog/MVAU_hls_0_mac_muladd_8s_2s_11s_11_4_1.v" Line 47. Module MVAU_hls_0_mac_muladd_8s_2s_11s_11_4_1(ID=1,NUM_STAGE=4,din0_WIDTH=8,din1_WIDTH=2,din2_WIDTH=11,dout_WIDTH=11) has a timescale but at least one module in design doesn't have timescale.
WARNING: [XSIM 43-4100] "/home/changhong/prj/finn/notebooks/EF-US-Engine-Free-Unstructured-Sparsity-Design-Alleviates-Accelerator-Bottlenecks/casestudy1/LeNet_MNIST_BNN/build/auto/home/changhong/prj/finn/notebooks/EF-US-Engine-Free-Unstructured-Sparsity-Design-Alleviates-Accelerator-Bottlenecks/casestudy1/LeNet_MNIST_BNN/tmp/auto/vivado_stitch_proj_b2b_bym1/finn_vivado_stitch_proj.gen/sources_1/bd/finn_design/ipshared/8dae/hdl/verilog/MVAU_hls_0_mac_muladd_8s_2s_11s_11_4_1.v" Line 8. Module MVAU_hls_0_mac_muladd_8s_2s_11s_11_4_1_DSP48_1 has a timescale but at least one module in design doesn't have timescale.
WARNING: [XSIM 43-4100] "/home/changhong/prj/finn/notebooks/EF-US-Engine-Free-Unstructured-Sparsity-Design-Alleviates-Accelerator-Bottlenecks/casestudy1/LeNet_MNIST_BNN/build/auto/home/changhong/prj/finn/notebooks/EF-US-Engine-Free-Unstructured-Sparsity-Design-Alleviates-Accelerator-Bottlenecks/casestudy1/LeNet_MNIST_BNN/tmp/auto/vivado_stitch_proj_b2b_bym1/finn_vivado_stitch_proj.gen/sources_1/bd/finn_design/ipshared/8dae/hdl/verilog/MVAU_hls_0_mac_muladd_8s_2s_11s_11_4_1.v" Line 47. Module MVAU_hls_0_mac_muladd_8s_2s_11s_11_4_1(ID=1,NUM_STAGE=4,din0_WIDTH=8,din1_WIDTH=2,din2_WIDTH=11,dout_WIDTH=11) has a timescale but at least one module in design doesn't have timescale.
WARNING: [XSIM 43-4100] "/home/changhong/prj/finn/notebooks/EF-US-Engine-Free-Unstructured-Sparsity-Design-Alleviates-Accelerator-Bottlenecks/casestudy1/LeNet_MNIST_BNN/build/auto/home/changhong/prj/finn/notebooks/EF-US-Engine-Free-Unstructured-Sparsity-Design-Alleviates-Accelerator-Bottlenecks/casestudy1/LeNet_MNIST_BNN/tmp/auto/vivado_stitch_proj_b2b_bym1/finn_vivado_stitch_proj.gen/sources_1/bd/finn_design/ipshared/8dae/hdl/verilog/MVAU_hls_0_mac_muladd_8s_2s_11s_11_4_1.v" Line 8. Module MVAU_hls_0_mac_muladd_8s_2s_11s_11_4_1_DSP48_1 has a timescale but at least one module in design doesn't have timescale.
WARNING: [XSIM 43-4100] "/home/changhong/prj/finn/notebooks/EF-US-Engine-Free-Unstructured-Sparsity-Design-Alleviates-Accelerator-Bottlenecks/casestudy1/LeNet_MNIST_BNN/build/auto/home/changhong/prj/finn/notebooks/EF-US-Engine-Free-Unstructured-Sparsity-Design-Alleviates-Accelerator-Bottlenecks/casestudy1/LeNet_MNIST_BNN/tmp/auto/vivado_stitch_proj_b2b_bym1/finn_vivado_stitch_proj.gen/sources_1/bd/finn_design/ipshared/8dae/hdl/verilog/MVAU_hls_0_mac_muladd_8s_2s_11s_11_4_1.v" Line 47. Module MVAU_hls_0_mac_muladd_8s_2s_11s_11_4_1(ID=1,NUM_STAGE=4,din0_WIDTH=8,din1_WIDTH=2,din2_WIDTH=11,dout_WIDTH=11) has a timescale but at least one module in design doesn't have timescale.
WARNING: [XSIM 43-4100] "/home/changhong/prj/finn/notebooks/EF-US-Engine-Free-Unstructured-Sparsity-Design-Alleviates-Accelerator-Bottlenecks/casestudy1/LeNet_MNIST_BNN/build/auto/home/changhong/prj/finn/notebooks/EF-US-Engine-Free-Unstructured-Sparsity-Design-Alleviates-Accelerator-Bottlenecks/casestudy1/LeNet_MNIST_BNN/tmp/auto/vivado_stitch_proj_b2b_bym1/finn_vivado_stitch_proj.gen/sources_1/bd/finn_design/ipshared/8dae/hdl/verilog/MVAU_hls_0_mac_muladd_8s_2s_11s_11_4_1.v" Line 8. Module MVAU_hls_0_mac_muladd_8s_2s_11s_11_4_1_DSP48_1 has a timescale but at least one module in design doesn't have timescale.
WARNING: [XSIM 43-4100] "/home/changhong/prj/finn/notebooks/EF-US-Engine-Free-Unstructured-Sparsity-Design-Alleviates-Accelerator-Bottlenecks/casestudy1/LeNet_MNIST_BNN/build/auto/home/changhong/prj/finn/notebooks/EF-US-Engine-Free-Unstructured-Sparsity-Design-Alleviates-Accelerator-Bottlenecks/casestudy1/LeNet_MNIST_BNN/tmp/auto/vivado_stitch_proj_b2b_bym1/finn_vivado_stitch_proj.gen/sources_1/bd/finn_design/ipshared/8dae/hdl/verilog/MVAU_hls_0_mac_muladd_8s_2s_11s_11_4_1.v" Line 47. Module MVAU_hls_0_mac_muladd_8s_2s_11s_11_4_1(ID=1,NUM_STAGE=4,din0_WIDTH=8,din1_WIDTH=2,din2_WIDTH=11,dout_WIDTH=11) has a timescale but at least one module in design doesn't have timescale.
WARNING: [XSIM 43-4100] "/home/changhong/prj/finn/notebooks/EF-US-Engine-Free-Unstructured-Sparsity-Design-Alleviates-Accelerator-Bottlenecks/casestudy1/LeNet_MNIST_BNN/build/auto/home/changhong/prj/finn/notebooks/EF-US-Engine-Free-Unstructured-Sparsity-Design-Alleviates-Accelerator-Bottlenecks/casestudy1/LeNet_MNIST_BNN/tmp/auto/vivado_stitch_proj_b2b_bym1/finn_vivado_stitch_proj.gen/sources_1/bd/finn_design/ipshared/8dae/hdl/verilog/MVAU_hls_0_mac_muladd_8s_2s_11s_11_4_1.v" Line 8. Module MVAU_hls_0_mac_muladd_8s_2s_11s_11_4_1_DSP48_1 has a timescale but at least one module in design doesn't have timescale.
WARNING: [XSIM 43-4100] "/home/changhong/prj/finn/notebooks/EF-US-Engine-Free-Unstructured-Sparsity-Design-Alleviates-Accelerator-Bottlenecks/casestudy1/LeNet_MNIST_BNN/build/auto/home/changhong/prj/finn/notebooks/EF-US-Engine-Free-Unstructured-Sparsity-Design-Alleviates-Accelerator-Bottlenecks/casestudy1/LeNet_MNIST_BNN/tmp/auto/vivado_stitch_proj_b2b_bym1/finn_vivado_stitch_proj.gen/sources_1/bd/finn_design/ipshared/8dae/hdl/verilog/MVAU_hls_0_mac_muladd_8s_2s_11s_11_4_1.v" Line 47. Module MVAU_hls_0_mac_muladd_8s_2s_11s_11_4_1(ID=1,NUM_STAGE=4,din0_WIDTH=8,din1_WIDTH=2,din2_WIDTH=11,dout_WIDTH=11) has a timescale but at least one module in design doesn't have timescale.
WARNING: [XSIM 43-4100] "/home/changhong/prj/finn/notebooks/EF-US-Engine-Free-Unstructured-Sparsity-Design-Alleviates-Accelerator-Bottlenecks/casestudy1/LeNet_MNIST_BNN/build/auto/home/changhong/prj/finn/notebooks/EF-US-Engine-Free-Unstructured-Sparsity-Design-Alleviates-Accelerator-Bottlenecks/casestudy1/LeNet_MNIST_BNN/tmp/auto/vivado_stitch_proj_b2b_bym1/finn_vivado_stitch_proj.gen/sources_1/bd/finn_design/ipshared/8dae/hdl/verilog/MVAU_hls_0_mac_muladd_8s_2s_11s_11_4_1.v" Line 8. Module MVAU_hls_0_mac_muladd_8s_2s_11s_11_4_1_DSP48_1 has a timescale but at least one module in design doesn't have timescale.
WARNING: [XSIM 43-4100] "/home/changhong/prj/finn/notebooks/EF-US-Engine-Free-Unstructured-Sparsity-Design-Alleviates-Accelerator-Bottlenecks/casestudy1/LeNet_MNIST_BNN/build/auto/home/changhong/prj/finn/notebooks/EF-US-Engine-Free-Unstructured-Sparsity-Design-Alleviates-Accelerator-Bottlenecks/casestudy1/LeNet_MNIST_BNN/tmp/auto/vivado_stitch_proj_b2b_bym1/finn_vivado_stitch_proj.gen/sources_1/bd/finn_design/ipshared/8dae/hdl/verilog/MVAU_hls_0_mac_muladd_8s_2s_10s_11_4_1.v" Line 47. Module MVAU_hls_0_mac_muladd_8s_2s_10s_11_4_1(ID=1,NUM_STAGE=4,din0_WIDTH=8,din1_WIDTH=2,din2_WIDTH=10,dout_WIDTH=11) has a timescale but at least one module in design doesn't have timescale.
WARNING: [XSIM 43-4100] "/home/changhong/prj/finn/notebooks/EF-US-Engine-Free-Unstructured-Sparsity-Design-Alleviates-Accelerator-Bottlenecks/casestudy1/LeNet_MNIST_BNN/build/auto/home/changhong/prj/finn/notebooks/EF-US-Engine-Free-Unstructured-Sparsity-Design-Alleviates-Accelerator-Bottlenecks/casestudy1/LeNet_MNIST_BNN/tmp/auto/vivado_stitch_proj_b2b_bym1/finn_vivado_stitch_proj.gen/sources_1/bd/finn_design/ipshared/8dae/hdl/verilog/MVAU_hls_0_mac_muladd_8s_2s_10s_11_4_1.v" Line 8. Module MVAU_hls_0_mac_muladd_8s_2s_10s_11_4_1_DSP48_0 has a timescale but at least one module in design doesn't have timescale.
WARNING: [XSIM 43-4100] "/home/changhong/prj/finn/notebooks/EF-US-Engine-Free-Unstructured-Sparsity-Design-Alleviates-Accelerator-Bottlenecks/casestudy1/LeNet_MNIST_BNN/build/auto/home/changhong/prj/finn/notebooks/EF-US-Engine-Free-Unstructured-Sparsity-Design-Alleviates-Accelerator-Bottlenecks/casestudy1/LeNet_MNIST_BNN/tmp/auto/vivado_stitch_proj_b2b_bym1/finn_vivado_stitch_proj.gen/sources_1/bd/finn_design/ipshared/8dae/hdl/verilog/MVAU_hls_0_mac_muladd_8s_2s_10s_11_4_1.v" Line 47. Module MVAU_hls_0_mac_muladd_8s_2s_10s_11_4_1(ID=1,NUM_STAGE=4,din0_WIDTH=8,din1_WIDTH=2,din2_WIDTH=10,dout_WIDTH=11) has a timescale but at least one module in design doesn't have timescale.
WARNING: [XSIM 43-4100] "/home/changhong/prj/finn/notebooks/EF-US-Engine-Free-Unstructured-Sparsity-Design-Alleviates-Accelerator-Bottlenecks/casestudy1/LeNet_MNIST_BNN/build/auto/home/changhong/prj/finn/notebooks/EF-US-Engine-Free-Unstructured-Sparsity-Design-Alleviates-Accelerator-Bottlenecks/casestudy1/LeNet_MNIST_BNN/tmp/auto/vivado_stitch_proj_b2b_bym1/finn_vivado_stitch_proj.gen/sources_1/bd/finn_design/ipshared/8dae/hdl/verilog/MVAU_hls_0_mac_muladd_8s_2s_10s_11_4_1.v" Line 8. Module MVAU_hls_0_mac_muladd_8s_2s_10s_11_4_1_DSP48_0 has a timescale but at least one module in design doesn't have timescale.
WARNING: [XSIM 43-4100] "/home/changhong/prj/finn/notebooks/EF-US-Engine-Free-Unstructured-Sparsity-Design-Alleviates-Accelerator-Bottlenecks/casestudy1/LeNet_MNIST_BNN/build/auto/home/changhong/prj/finn/notebooks/EF-US-Engine-Free-Unstructured-Sparsity-Design-Alleviates-Accelerator-Bottlenecks/casestudy1/LeNet_MNIST_BNN/tmp/auto/vivado_stitch_proj_b2b_bym1/finn_vivado_stitch_proj.gen/sources_1/bd/finn_design/ipshared/8dae/hdl/verilog/MVAU_hls_0_mac_muladd_8s_2s_11s_11_4_1.v" Line 47. Module MVAU_hls_0_mac_muladd_8s_2s_11s_11_4_1(ID=1,NUM_STAGE=4,din0_WIDTH=8,din1_WIDTH=2,din2_WIDTH=11,dout_WIDTH=11) has a timescale but at least one module in design doesn't have timescale.
WARNING: [XSIM 43-4100] "/home/changhong/prj/finn/notebooks/EF-US-Engine-Free-Unstructured-Sparsity-Design-Alleviates-Accelerator-Bottlenecks/casestudy1/LeNet_MNIST_BNN/build/auto/home/changhong/prj/finn/notebooks/EF-US-Engine-Free-Unstructured-Sparsity-Design-Alleviates-Accelerator-Bottlenecks/casestudy1/LeNet_MNIST_BNN/tmp/auto/vivado_stitch_proj_b2b_bym1/finn_vivado_stitch_proj.gen/sources_1/bd/finn_design/ipshared/8dae/hdl/verilog/MVAU_hls_0_mac_muladd_8s_2s_11s_11_4_1.v" Line 8. Module MVAU_hls_0_mac_muladd_8s_2s_11s_11_4_1_DSP48_1 has a timescale but at least one module in design doesn't have timescale.
WARNING: [XSIM 43-4100] "/home/changhong/prj/finn/notebooks/EF-US-Engine-Free-Unstructured-Sparsity-Design-Alleviates-Accelerator-Bottlenecks/casestudy1/LeNet_MNIST_BNN/build/auto/home/changhong/prj/finn/notebooks/EF-US-Engine-Free-Unstructured-Sparsity-Design-Alleviates-Accelerator-Bottlenecks/casestudy1/LeNet_MNIST_BNN/tmp/auto/vivado_stitch_proj_b2b_bym1/finn_vivado_stitch_proj.gen/sources_1/bd/finn_design/ipshared/8dae/hdl/verilog/MVAU_hls_0_mac_muladd_8s_2s_11s_11_4_1.v" Line 47. Module MVAU_hls_0_mac_muladd_8s_2s_11s_11_4_1(ID=1,NUM_STAGE=4,din0_WIDTH=8,din1_WIDTH=2,din2_WIDTH=11,dout_WIDTH=11) has a timescale but at least one module in design doesn't have timescale.
WARNING: [XSIM 43-4100] "/home/changhong/prj/finn/notebooks/EF-US-Engine-Free-Unstructured-Sparsity-Design-Alleviates-Accelerator-Bottlenecks/casestudy1/LeNet_MNIST_BNN/build/auto/home/changhong/prj/finn/notebooks/EF-US-Engine-Free-Unstructured-Sparsity-Design-Alleviates-Accelerator-Bottlenecks/casestudy1/LeNet_MNIST_BNN/tmp/auto/vivado_stitch_proj_b2b_bym1/finn_vivado_stitch_proj.gen/sources_1/bd/finn_design/ipshared/8dae/hdl/verilog/MVAU_hls_0_mac_muladd_8s_2s_11s_11_4_1.v" Line 8. Module MVAU_hls_0_mac_muladd_8s_2s_11s_11_4_1_DSP48_1 has a timescale but at least one module in design doesn't have timescale.
WARNING: [XSIM 43-4100] "/home/changhong/prj/finn/notebooks/EF-US-Engine-Free-Unstructured-Sparsity-Design-Alleviates-Accelerator-Bottlenecks/casestudy1/LeNet_MNIST_BNN/build/auto/home/changhong/prj/finn/notebooks/EF-US-Engine-Free-Unstructured-Sparsity-Design-Alleviates-Accelerator-Bottlenecks/casestudy1/LeNet_MNIST_BNN/tmp/auto/vivado_stitch_proj_b2b_bym1/finn_vivado_stitch_proj.gen/sources_1/bd/finn_design/ipshared/8dae/hdl/verilog/MVAU_hls_0_mac_muladd_8s_2s_11s_11_4_1.v" Line 47. Module MVAU_hls_0_mac_muladd_8s_2s_11s_11_4_1(ID=1,NUM_STAGE=4,din0_WIDTH=8,din1_WIDTH=2,din2_WIDTH=11,dout_WIDTH=11) has a timescale but at least one module in design doesn't have timescale.
WARNING: [XSIM 43-4100] "/home/changhong/prj/finn/notebooks/EF-US-Engine-Free-Unstructured-Sparsity-Design-Alleviates-Accelerator-Bottlenecks/casestudy1/LeNet_MNIST_BNN/build/auto/home/changhong/prj/finn/notebooks/EF-US-Engine-Free-Unstructured-Sparsity-Design-Alleviates-Accelerator-Bottlenecks/casestudy1/LeNet_MNIST_BNN/tmp/auto/vivado_stitch_proj_b2b_bym1/finn_vivado_stitch_proj.gen/sources_1/bd/finn_design/ipshared/8dae/hdl/verilog/MVAU_hls_0_mac_muladd_8s_2s_11s_11_4_1.v" Line 8. Module MVAU_hls_0_mac_muladd_8s_2s_11s_11_4_1_DSP48_1 has a timescale but at least one module in design doesn't have timescale.
WARNING: [XSIM 43-4100] "/home/changhong/prj/finn/notebooks/EF-US-Engine-Free-Unstructured-Sparsity-Design-Alleviates-Accelerator-Bottlenecks/casestudy1/LeNet_MNIST_BNN/build/auto/home/changhong/prj/finn/notebooks/EF-US-Engine-Free-Unstructured-Sparsity-Design-Alleviates-Accelerator-Bottlenecks/casestudy1/LeNet_MNIST_BNN/tmp/auto/vivado_stitch_proj_b2b_bym1/finn_vivado_stitch_proj.gen/sources_1/bd/finn_design/ipshared/8dae/hdl/verilog/MVAU_hls_0_mac_muladd_8s_2s_11s_11_4_1.v" Line 47. Module MVAU_hls_0_mac_muladd_8s_2s_11s_11_4_1(ID=1,NUM_STAGE=4,din0_WIDTH=8,din1_WIDTH=2,din2_WIDTH=11,dout_WIDTH=11) has a timescale but at least one module in design doesn't have timescale.
WARNING: [XSIM 43-4100] "/home/changhong/prj/finn/notebooks/EF-US-Engine-Free-Unstructured-Sparsity-Design-Alleviates-Accelerator-Bottlenecks/casestudy1/LeNet_MNIST_BNN/build/auto/home/changhong/prj/finn/notebooks/EF-US-Engine-Free-Unstructured-Sparsity-Design-Alleviates-Accelerator-Bottlenecks/casestudy1/LeNet_MNIST_BNN/tmp/auto/vivado_stitch_proj_b2b_bym1/finn_vivado_stitch_proj.gen/sources_1/bd/finn_design/ipshared/8dae/hdl/verilog/MVAU_hls_0_mac_muladd_8s_2s_11s_11_4_1.v" Line 8. Module MVAU_hls_0_mac_muladd_8s_2s_11s_11_4_1_DSP48_1 has a timescale but at least one module in design doesn't have timescale.
WARNING: [XSIM 43-4100] "/home/changhong/prj/finn/notebooks/EF-US-Engine-Free-Unstructured-Sparsity-Design-Alleviates-Accelerator-Bottlenecks/casestudy1/LeNet_MNIST_BNN/build/auto/home/changhong/prj/finn/notebooks/EF-US-Engine-Free-Unstructured-Sparsity-Design-Alleviates-Accelerator-Bottlenecks/casestudy1/LeNet_MNIST_BNN/tmp/auto/vivado_stitch_proj_b2b_bym1/finn_vivado_stitch_proj.gen/sources_1/bd/finn_design/ipshared/8dae/hdl/verilog/MVAU_hls_0_mac_muladd_8s_2s_11s_11_4_1.v" Line 47. Module MVAU_hls_0_mac_muladd_8s_2s_11s_11_4_1(ID=1,NUM_STAGE=4,din0_WIDTH=8,din1_WIDTH=2,din2_WIDTH=11,dout_WIDTH=11) has a timescale but at least one module in design doesn't have timescale.
WARNING: [XSIM 43-4100] "/home/changhong/prj/finn/notebooks/EF-US-Engine-Free-Unstructured-Sparsity-Design-Alleviates-Accelerator-Bottlenecks/casestudy1/LeNet_MNIST_BNN/build/auto/home/changhong/prj/finn/notebooks/EF-US-Engine-Free-Unstructured-Sparsity-Design-Alleviates-Accelerator-Bottlenecks/casestudy1/LeNet_MNIST_BNN/tmp/auto/vivado_stitch_proj_b2b_bym1/finn_vivado_stitch_proj.gen/sources_1/bd/finn_design/ipshared/8dae/hdl/verilog/MVAU_hls_0_mac_muladd_8s_2s_11s_11_4_1.v" Line 8. Module MVAU_hls_0_mac_muladd_8s_2s_11s_11_4_1_DSP48_1 has a timescale but at least one module in design doesn't have timescale.
WARNING: [XSIM 43-4100] "/home/changhong/prj/finn/notebooks/EF-US-Engine-Free-Unstructured-Sparsity-Design-Alleviates-Accelerator-Bottlenecks/casestudy1/LeNet_MNIST_BNN/build/auto/home/changhong/prj/finn/notebooks/EF-US-Engine-Free-Unstructured-Sparsity-Design-Alleviates-Accelerator-Bottlenecks/casestudy1/LeNet_MNIST_BNN/tmp/auto/vivado_stitch_proj_b2b_bym1/finn_vivado_stitch_proj.gen/sources_1/bd/finn_design/ipshared/8dae/hdl/verilog/MVAU_hls_0_mac_muladd_8s_2s_11s_11_4_1.v" Line 47. Module MVAU_hls_0_mac_muladd_8s_2s_11s_11_4_1(ID=1,NUM_STAGE=4,din0_WIDTH=8,din1_WIDTH=2,din2_WIDTH=11,dout_WIDTH=11) has a timescale but at least one module in design doesn't have timescale.
WARNING: [XSIM 43-4100] "/home/changhong/prj/finn/notebooks/EF-US-Engine-Free-Unstructured-Sparsity-Design-Alleviates-Accelerator-Bottlenecks/casestudy1/LeNet_MNIST_BNN/build/auto/home/changhong/prj/finn/notebooks/EF-US-Engine-Free-Unstructured-Sparsity-Design-Alleviates-Accelerator-Bottlenecks/casestudy1/LeNet_MNIST_BNN/tmp/auto/vivado_stitch_proj_b2b_bym1/finn_vivado_stitch_proj.gen/sources_1/bd/finn_design/ipshared/8dae/hdl/verilog/MVAU_hls_0_mac_muladd_8s_2s_11s_11_4_1.v" Line 8. Module MVAU_hls_0_mac_muladd_8s_2s_11s_11_4_1_DSP48_1 has a timescale but at least one module in design doesn't have timescale.
WARNING: [XSIM 43-4100] "/home/changhong/prj/finn/notebooks/EF-US-Engine-Free-Unstructured-Sparsity-Design-Alleviates-Accelerator-Bottlenecks/casestudy1/LeNet_MNIST_BNN/build/auto/home/changhong/prj/finn/notebooks/EF-US-Engine-Free-Unstructured-Sparsity-Design-Alleviates-Accelerator-Bottlenecks/casestudy1/LeNet_MNIST_BNN/tmp/auto/vivado_stitch_proj_b2b_bym1/finn_vivado_stitch_proj.gen/sources_1/bd/finn_design/ipshared/8dae/hdl/verilog/MVAU_hls_0_mac_muladd_8s_2s_11s_11_4_1.v" Line 47. Module MVAU_hls_0_mac_muladd_8s_2s_11s_11_4_1(ID=1,NUM_STAGE=4,din0_WIDTH=8,din1_WIDTH=2,din2_WIDTH=11,dout_WIDTH=11) has a timescale but at least one module in design doesn't have timescale.
WARNING: [XSIM 43-4100] "/home/changhong/prj/finn/notebooks/EF-US-Engine-Free-Unstructured-Sparsity-Design-Alleviates-Accelerator-Bottlenecks/casestudy1/LeNet_MNIST_BNN/build/auto/home/changhong/prj/finn/notebooks/EF-US-Engine-Free-Unstructured-Sparsity-Design-Alleviates-Accelerator-Bottlenecks/casestudy1/LeNet_MNIST_BNN/tmp/auto/vivado_stitch_proj_b2b_bym1/finn_vivado_stitch_proj.gen/sources_1/bd/finn_design/ipshared/8dae/hdl/verilog/MVAU_hls_0_mac_muladd_8s_2s_11s_11_4_1.v" Line 8. Module MVAU_hls_0_mac_muladd_8s_2s_11s_11_4_1_DSP48_1 has a timescale but at least one module in design doesn't have timescale.
WARNING: [XSIM 43-4100] "/home/changhong/prj/finn/notebooks/EF-US-Engine-Free-Unstructured-Sparsity-Design-Alleviates-Accelerator-Bottlenecks/casestudy1/LeNet_MNIST_BNN/build/auto/home/changhong/prj/finn/notebooks/EF-US-Engine-Free-Unstructured-Sparsity-Design-Alleviates-Accelerator-Bottlenecks/casestudy1/LeNet_MNIST_BNN/tmp/auto/vivado_stitch_proj_b2b_bym1/finn_vivado_stitch_proj.gen/sources_1/bd/finn_design/ipshared/8dae/hdl/verilog/MVAU_hls_0_mac_muladd_8s_2s_10s_11_4_1.v" Line 47. Module MVAU_hls_0_mac_muladd_8s_2s_10s_11_4_1(ID=1,NUM_STAGE=4,din0_WIDTH=8,din1_WIDTH=2,din2_WIDTH=10,dout_WIDTH=11) has a timescale but at least one module in design doesn't have timescale.
WARNING: [XSIM 43-4100] "/home/changhong/prj/finn/notebooks/EF-US-Engine-Free-Unstructured-Sparsity-Design-Alleviates-Accelerator-Bottlenecks/casestudy1/LeNet_MNIST_BNN/build/auto/home/changhong/prj/finn/notebooks/EF-US-Engine-Free-Unstructured-Sparsity-Design-Alleviates-Accelerator-Bottlenecks/casestudy1/LeNet_MNIST_BNN/tmp/auto/vivado_stitch_proj_b2b_bym1/finn_vivado_stitch_proj.gen/sources_1/bd/finn_design/ipshared/8dae/hdl/verilog/MVAU_hls_0_mac_muladd_8s_2s_10s_11_4_1.v" Line 8. Module MVAU_hls_0_mac_muladd_8s_2s_10s_11_4_1_DSP48_0 has a timescale but at least one module in design doesn't have timescale.
WARNING: [XSIM 43-4100] "/home/changhong/prj/finn/notebooks/EF-US-Engine-Free-Unstructured-Sparsity-Design-Alleviates-Accelerator-Bottlenecks/casestudy1/LeNet_MNIST_BNN/build/auto/home/changhong/prj/finn/notebooks/EF-US-Engine-Free-Unstructured-Sparsity-Design-Alleviates-Accelerator-Bottlenecks/casestudy1/LeNet_MNIST_BNN/tmp/auto/vivado_stitch_proj_b2b_bym1/finn_vivado_stitch_proj.gen/sources_1/bd/finn_design/ipshared/8dae/hdl/verilog/MVAU_hls_0_mac_muladd_8s_2s_10s_11_4_1.v" Line 47. Module MVAU_hls_0_mac_muladd_8s_2s_10s_11_4_1(ID=1,NUM_STAGE=4,din0_WIDTH=8,din1_WIDTH=2,din2_WIDTH=10,dout_WIDTH=11) has a timescale but at least one module in design doesn't have timescale.
WARNING: [XSIM 43-4100] "/home/changhong/prj/finn/notebooks/EF-US-Engine-Free-Unstructured-Sparsity-Design-Alleviates-Accelerator-Bottlenecks/casestudy1/LeNet_MNIST_BNN/build/auto/home/changhong/prj/finn/notebooks/EF-US-Engine-Free-Unstructured-Sparsity-Design-Alleviates-Accelerator-Bottlenecks/casestudy1/LeNet_MNIST_BNN/tmp/auto/vivado_stitch_proj_b2b_bym1/finn_vivado_stitch_proj.gen/sources_1/bd/finn_design/ipshared/8dae/hdl/verilog/MVAU_hls_0_mac_muladd_8s_2s_10s_11_4_1.v" Line 8. Module MVAU_hls_0_mac_muladd_8s_2s_10s_11_4_1_DSP48_0 has a timescale but at least one module in design doesn't have timescale.
WARNING: [XSIM 43-4100] "/home/changhong/prj/finn/notebooks/EF-US-Engine-Free-Unstructured-Sparsity-Design-Alleviates-Accelerator-Bottlenecks/casestudy1/LeNet_MNIST_BNN/build/auto/home/changhong/prj/finn/notebooks/EF-US-Engine-Free-Unstructured-Sparsity-Design-Alleviates-Accelerator-Bottlenecks/casestudy1/LeNet_MNIST_BNN/tmp/auto/vivado_stitch_proj_b2b_bym1/finn_vivado_stitch_proj.gen/sources_1/bd/finn_design/ipshared/8dae/hdl/verilog/MVAU_hls_0_mac_muladd_8s_2s_11s_11_4_1.v" Line 47. Module MVAU_hls_0_mac_muladd_8s_2s_11s_11_4_1(ID=1,NUM_STAGE=4,din0_WIDTH=8,din1_WIDTH=2,din2_WIDTH=11,dout_WIDTH=11) has a timescale but at least one module in design doesn't have timescale.
WARNING: [XSIM 43-4100] "/home/changhong/prj/finn/notebooks/EF-US-Engine-Free-Unstructured-Sparsity-Design-Alleviates-Accelerator-Bottlenecks/casestudy1/LeNet_MNIST_BNN/build/auto/home/changhong/prj/finn/notebooks/EF-US-Engine-Free-Unstructured-Sparsity-Design-Alleviates-Accelerator-Bottlenecks/casestudy1/LeNet_MNIST_BNN/tmp/auto/vivado_stitch_proj_b2b_bym1/finn_vivado_stitch_proj.gen/sources_1/bd/finn_design/ipshared/8dae/hdl/verilog/MVAU_hls_0_mac_muladd_8s_2s_11s_11_4_1.v" Line 8. Module MVAU_hls_0_mac_muladd_8s_2s_11s_11_4_1_DSP48_1 has a timescale but at least one module in design doesn't have timescale.
WARNING: [XSIM 43-4100] "/home/changhong/prj/finn/notebooks/EF-US-Engine-Free-Unstructured-Sparsity-Design-Alleviates-Accelerator-Bottlenecks/casestudy1/LeNet_MNIST_BNN/build/auto/home/changhong/prj/finn/notebooks/EF-US-Engine-Free-Unstructured-Sparsity-Design-Alleviates-Accelerator-Bottlenecks/casestudy1/LeNet_MNIST_BNN/tmp/auto/vivado_stitch_proj_b2b_bym1/finn_vivado_stitch_proj.gen/sources_1/bd/finn_design/ipshared/8dae/hdl/verilog/MVAU_hls_0_mac_muladd_8s_2s_11s_11_4_1.v" Line 47. Module MVAU_hls_0_mac_muladd_8s_2s_11s_11_4_1(ID=1,NUM_STAGE=4,din0_WIDTH=8,din1_WIDTH=2,din2_WIDTH=11,dout_WIDTH=11) has a timescale but at least one module in design doesn't have timescale.
WARNING: [XSIM 43-4100] "/home/changhong/prj/finn/notebooks/EF-US-Engine-Free-Unstructured-Sparsity-Design-Alleviates-Accelerator-Bottlenecks/casestudy1/LeNet_MNIST_BNN/build/auto/home/changhong/prj/finn/notebooks/EF-US-Engine-Free-Unstructured-Sparsity-Design-Alleviates-Accelerator-Bottlenecks/casestudy1/LeNet_MNIST_BNN/tmp/auto/vivado_stitch_proj_b2b_bym1/finn_vivado_stitch_proj.gen/sources_1/bd/finn_design/ipshared/8dae/hdl/verilog/MVAU_hls_0_mac_muladd_8s_2s_11s_11_4_1.v" Line 8. Module MVAU_hls_0_mac_muladd_8s_2s_11s_11_4_1_DSP48_1 has a timescale but at least one module in design doesn't have timescale.
WARNING: [XSIM 43-4100] "/home/changhong/prj/finn/notebooks/EF-US-Engine-Free-Unstructured-Sparsity-Design-Alleviates-Accelerator-Bottlenecks/casestudy1/LeNet_MNIST_BNN/build/auto/home/changhong/prj/finn/notebooks/EF-US-Engine-Free-Unstructured-Sparsity-Design-Alleviates-Accelerator-Bottlenecks/casestudy1/LeNet_MNIST_BNN/tmp/auto/vivado_stitch_proj_b2b_bym1/finn_vivado_stitch_proj.gen/sources_1/bd/finn_design/ipshared/8dae/hdl/verilog/MVAU_hls_0_mac_muladd_8s_2s_11s_11_4_1.v" Line 47. Module MVAU_hls_0_mac_muladd_8s_2s_11s_11_4_1(ID=1,NUM_STAGE=4,din0_WIDTH=8,din1_WIDTH=2,din2_WIDTH=11,dout_WIDTH=11) has a timescale but at least one module in design doesn't have timescale.
WARNING: [XSIM 43-4100] "/home/changhong/prj/finn/notebooks/EF-US-Engine-Free-Unstructured-Sparsity-Design-Alleviates-Accelerator-Bottlenecks/casestudy1/LeNet_MNIST_BNN/build/auto/home/changhong/prj/finn/notebooks/EF-US-Engine-Free-Unstructured-Sparsity-Design-Alleviates-Accelerator-Bottlenecks/casestudy1/LeNet_MNIST_BNN/tmp/auto/vivado_stitch_proj_b2b_bym1/finn_vivado_stitch_proj.gen/sources_1/bd/finn_design/ipshared/8dae/hdl/verilog/MVAU_hls_0_mac_muladd_8s_2s_11s_11_4_1.v" Line 8. Module MVAU_hls_0_mac_muladd_8s_2s_11s_11_4_1_DSP48_1 has a timescale but at least one module in design doesn't have timescale.
WARNING: [XSIM 43-4100] "/home/changhong/prj/finn/notebooks/EF-US-Engine-Free-Unstructured-Sparsity-Design-Alleviates-Accelerator-Bottlenecks/casestudy1/LeNet_MNIST_BNN/build/auto/home/changhong/prj/finn/notebooks/EF-US-Engine-Free-Unstructured-Sparsity-Design-Alleviates-Accelerator-Bottlenecks/casestudy1/LeNet_MNIST_BNN/tmp/auto/vivado_stitch_proj_b2b_bym1/finn_vivado_stitch_proj.gen/sources_1/bd/finn_design/ipshared/8dae/hdl/verilog/MVAU_hls_0_mac_muladd_8s_2s_11s_11_4_1.v" Line 47. Module MVAU_hls_0_mac_muladd_8s_2s_11s_11_4_1(ID=1,NUM_STAGE=4,din0_WIDTH=8,din1_WIDTH=2,din2_WIDTH=11,dout_WIDTH=11) has a timescale but at least one module in design doesn't have timescale.
WARNING: [XSIM 43-4100] "/home/changhong/prj/finn/notebooks/EF-US-Engine-Free-Unstructured-Sparsity-Design-Alleviates-Accelerator-Bottlenecks/casestudy1/LeNet_MNIST_BNN/build/auto/home/changhong/prj/finn/notebooks/EF-US-Engine-Free-Unstructured-Sparsity-Design-Alleviates-Accelerator-Bottlenecks/casestudy1/LeNet_MNIST_BNN/tmp/auto/vivado_stitch_proj_b2b_bym1/finn_vivado_stitch_proj.gen/sources_1/bd/finn_design/ipshared/8dae/hdl/verilog/MVAU_hls_0_mac_muladd_8s_2s_11s_11_4_1.v" Line 8. Module MVAU_hls_0_mac_muladd_8s_2s_11s_11_4_1_DSP48_1 has a timescale but at least one module in design doesn't have timescale.
WARNING: [XSIM 43-4100] "/home/changhong/prj/finn/notebooks/EF-US-Engine-Free-Unstructured-Sparsity-Design-Alleviates-Accelerator-Bottlenecks/casestudy1/LeNet_MNIST_BNN/build/auto/home/changhong/prj/finn/notebooks/EF-US-Engine-Free-Unstructured-Sparsity-Design-Alleviates-Accelerator-Bottlenecks/casestudy1/LeNet_MNIST_BNN/tmp/auto/vivado_stitch_proj_b2b_bym1/finn_vivado_stitch_proj.gen/sources_1/bd/finn_design/ipshared/8dae/hdl/verilog/MVAU_hls_0_mac_muladd_8s_2s_11s_11_4_1.v" Line 47. Module MVAU_hls_0_mac_muladd_8s_2s_11s_11_4_1(ID=1,NUM_STAGE=4,din0_WIDTH=8,din1_WIDTH=2,din2_WIDTH=11,dout_WIDTH=11) has a timescale but at least one module in design doesn't have timescale.
WARNING: [XSIM 43-4100] "/home/changhong/prj/finn/notebooks/EF-US-Engine-Free-Unstructured-Sparsity-Design-Alleviates-Accelerator-Bottlenecks/casestudy1/LeNet_MNIST_BNN/build/auto/home/changhong/prj/finn/notebooks/EF-US-Engine-Free-Unstructured-Sparsity-Design-Alleviates-Accelerator-Bottlenecks/casestudy1/LeNet_MNIST_BNN/tmp/auto/vivado_stitch_proj_b2b_bym1/finn_vivado_stitch_proj.gen/sources_1/bd/finn_design/ipshared/8dae/hdl/verilog/MVAU_hls_0_mac_muladd_8s_2s_11s_11_4_1.v" Line 8. Module MVAU_hls_0_mac_muladd_8s_2s_11s_11_4_1_DSP48_1 has a timescale but at least one module in design doesn't have timescale.
WARNING: [XSIM 43-4100] "/home/changhong/prj/finn/notebooks/EF-US-Engine-Free-Unstructured-Sparsity-Design-Alleviates-Accelerator-Bottlenecks/casestudy1/LeNet_MNIST_BNN/build/auto/home/changhong/prj/finn/notebooks/EF-US-Engine-Free-Unstructured-Sparsity-Design-Alleviates-Accelerator-Bottlenecks/casestudy1/LeNet_MNIST_BNN/tmp/auto/vivado_stitch_proj_b2b_bym1/finn_vivado_stitch_proj.gen/sources_1/bd/finn_design/ipshared/8dae/hdl/verilog/MVAU_hls_0_mac_muladd_8s_2s_11s_11_4_1.v" Line 47. Module MVAU_hls_0_mac_muladd_8s_2s_11s_11_4_1(ID=1,NUM_STAGE=4,din0_WIDTH=8,din1_WIDTH=2,din2_WIDTH=11,dout_WIDTH=11) has a timescale but at least one module in design doesn't have timescale.
WARNING: [XSIM 43-4100] "/home/changhong/prj/finn/notebooks/EF-US-Engine-Free-Unstructured-Sparsity-Design-Alleviates-Accelerator-Bottlenecks/casestudy1/LeNet_MNIST_BNN/build/auto/home/changhong/prj/finn/notebooks/EF-US-Engine-Free-Unstructured-Sparsity-Design-Alleviates-Accelerator-Bottlenecks/casestudy1/LeNet_MNIST_BNN/tmp/auto/vivado_stitch_proj_b2b_bym1/finn_vivado_stitch_proj.gen/sources_1/bd/finn_design/ipshared/8dae/hdl/verilog/MVAU_hls_0_mac_muladd_8s_2s_11s_11_4_1.v" Line 8. Module MVAU_hls_0_mac_muladd_8s_2s_11s_11_4_1_DSP48_1 has a timescale but at least one module in design doesn't have timescale.
WARNING: [XSIM 43-4100] "/home/changhong/prj/finn/notebooks/EF-US-Engine-Free-Unstructured-Sparsity-Design-Alleviates-Accelerator-Bottlenecks/casestudy1/LeNet_MNIST_BNN/build/auto/home/changhong/prj/finn/notebooks/EF-US-Engine-Free-Unstructured-Sparsity-Design-Alleviates-Accelerator-Bottlenecks/casestudy1/LeNet_MNIST_BNN/tmp/auto/vivado_stitch_proj_b2b_bym1/finn_vivado_stitch_proj.gen/sources_1/bd/finn_design/ipshared/8dae/hdl/verilog/MVAU_hls_0_mac_muladd_8s_2s_11s_11_4_1.v" Line 47. Module MVAU_hls_0_mac_muladd_8s_2s_11s_11_4_1(ID=1,NUM_STAGE=4,din0_WIDTH=8,din1_WIDTH=2,din2_WIDTH=11,dout_WIDTH=11) has a timescale but at least one module in design doesn't have timescale.
WARNING: [XSIM 43-4100] "/home/changhong/prj/finn/notebooks/EF-US-Engine-Free-Unstructured-Sparsity-Design-Alleviates-Accelerator-Bottlenecks/casestudy1/LeNet_MNIST_BNN/build/auto/home/changhong/prj/finn/notebooks/EF-US-Engine-Free-Unstructured-Sparsity-Design-Alleviates-Accelerator-Bottlenecks/casestudy1/LeNet_MNIST_BNN/tmp/auto/vivado_stitch_proj_b2b_bym1/finn_vivado_stitch_proj.gen/sources_1/bd/finn_design/ipshared/8dae/hdl/verilog/MVAU_hls_0_mac_muladd_8s_2s_11s_11_4_1.v" Line 8. Module MVAU_hls_0_mac_muladd_8s_2s_11s_11_4_1_DSP48_1 has a timescale but at least one module in design doesn't have timescale.
WARNING: [XSIM 43-4100] "/home/changhong/prj/finn/notebooks/EF-US-Engine-Free-Unstructured-Sparsity-Design-Alleviates-Accelerator-Bottlenecks/casestudy1/LeNet_MNIST_BNN/build/auto/home/changhong/prj/finn/notebooks/EF-US-Engine-Free-Unstructured-Sparsity-Design-Alleviates-Accelerator-Bottlenecks/casestudy1/LeNet_MNIST_BNN/tmp/auto/vivado_stitch_proj_b2b_bym1/finn_vivado_stitch_proj.gen/sources_1/bd/finn_design/ipshared/8dae/hdl/verilog/MVAU_hls_0_mac_muladd_8s_2s_10s_11_4_1.v" Line 47. Module MVAU_hls_0_mac_muladd_8s_2s_10s_11_4_1(ID=1,NUM_STAGE=4,din0_WIDTH=8,din1_WIDTH=2,din2_WIDTH=10,dout_WIDTH=11) has a timescale but at least one module in design doesn't have timescale.
WARNING: [XSIM 43-4100] "/home/changhong/prj/finn/notebooks/EF-US-Engine-Free-Unstructured-Sparsity-Design-Alleviates-Accelerator-Bottlenecks/casestudy1/LeNet_MNIST_BNN/build/auto/home/changhong/prj/finn/notebooks/EF-US-Engine-Free-Unstructured-Sparsity-Design-Alleviates-Accelerator-Bottlenecks/casestudy1/LeNet_MNIST_BNN/tmp/auto/vivado_stitch_proj_b2b_bym1/finn_vivado_stitch_proj.gen/sources_1/bd/finn_design/ipshared/8dae/hdl/verilog/MVAU_hls_0_mac_muladd_8s_2s_10s_11_4_1.v" Line 8. Module MVAU_hls_0_mac_muladd_8s_2s_10s_11_4_1_DSP48_0 has a timescale but at least one module in design doesn't have timescale.
WARNING: [XSIM 43-4100] "/home/changhong/prj/finn/notebooks/EF-US-Engine-Free-Unstructured-Sparsity-Design-Alleviates-Accelerator-Bottlenecks/casestudy1/LeNet_MNIST_BNN/build/auto/home/changhong/prj/finn/notebooks/EF-US-Engine-Free-Unstructured-Sparsity-Design-Alleviates-Accelerator-Bottlenecks/casestudy1/LeNet_MNIST_BNN/tmp/auto/vivado_stitch_proj_b2b_bym1/finn_vivado_stitch_proj.gen/sources_1/bd/finn_design/ipshared/8dae/hdl/verilog/MVAU_hls_0_mac_muladd_8s_2s_10s_11_4_1.v" Line 47. Module MVAU_hls_0_mac_muladd_8s_2s_10s_11_4_1(ID=1,NUM_STAGE=4,din0_WIDTH=8,din1_WIDTH=2,din2_WIDTH=10,dout_WIDTH=11) has a timescale but at least one module in design doesn't have timescale.
WARNING: [XSIM 43-4100] "/home/changhong/prj/finn/notebooks/EF-US-Engine-Free-Unstructured-Sparsity-Design-Alleviates-Accelerator-Bottlenecks/casestudy1/LeNet_MNIST_BNN/build/auto/home/changhong/prj/finn/notebooks/EF-US-Engine-Free-Unstructured-Sparsity-Design-Alleviates-Accelerator-Bottlenecks/casestudy1/LeNet_MNIST_BNN/tmp/auto/vivado_stitch_proj_b2b_bym1/finn_vivado_stitch_proj.gen/sources_1/bd/finn_design/ipshared/8dae/hdl/verilog/MVAU_hls_0_mac_muladd_8s_2s_10s_11_4_1.v" Line 8. Module MVAU_hls_0_mac_muladd_8s_2s_10s_11_4_1_DSP48_0 has a timescale but at least one module in design doesn't have timescale.
WARNING: [XSIM 43-4100] "/home/changhong/prj/finn/notebooks/EF-US-Engine-Free-Unstructured-Sparsity-Design-Alleviates-Accelerator-Bottlenecks/casestudy1/LeNet_MNIST_BNN/build/auto/home/changhong/prj/finn/notebooks/EF-US-Engine-Free-Unstructured-Sparsity-Design-Alleviates-Accelerator-Bottlenecks/casestudy1/LeNet_MNIST_BNN/tmp/auto/vivado_stitch_proj_b2b_bym1/finn_vivado_stitch_proj.gen/sources_1/bd/finn_design/ipshared/8dae/hdl/verilog/MVAU_hls_0_mac_muladd_8s_2s_11s_11_4_1.v" Line 47. Module MVAU_hls_0_mac_muladd_8s_2s_11s_11_4_1(ID=1,NUM_STAGE=4,din0_WIDTH=8,din1_WIDTH=2,din2_WIDTH=11,dout_WIDTH=11) has a timescale but at least one module in design doesn't have timescale.
WARNING: [XSIM 43-4100] "/home/changhong/prj/finn/notebooks/EF-US-Engine-Free-Unstructured-Sparsity-Design-Alleviates-Accelerator-Bottlenecks/casestudy1/LeNet_MNIST_BNN/build/auto/home/changhong/prj/finn/notebooks/EF-US-Engine-Free-Unstructured-Sparsity-Design-Alleviates-Accelerator-Bottlenecks/casestudy1/LeNet_MNIST_BNN/tmp/auto/vivado_stitch_proj_b2b_bym1/finn_vivado_stitch_proj.gen/sources_1/bd/finn_design/ipshared/8dae/hdl/verilog/MVAU_hls_0_mac_muladd_8s_2s_11s_11_4_1.v" Line 8. Module MVAU_hls_0_mac_muladd_8s_2s_11s_11_4_1_DSP48_1 has a timescale but at least one module in design doesn't have timescale.
WARNING: [XSIM 43-4100] "/home/changhong/prj/finn/notebooks/EF-US-Engine-Free-Unstructured-Sparsity-Design-Alleviates-Accelerator-Bottlenecks/casestudy1/LeNet_MNIST_BNN/build/auto/home/changhong/prj/finn/notebooks/EF-US-Engine-Free-Unstructured-Sparsity-Design-Alleviates-Accelerator-Bottlenecks/casestudy1/LeNet_MNIST_BNN/tmp/auto/vivado_stitch_proj_b2b_bym1/finn_vivado_stitch_proj.gen/sources_1/bd/finn_design/ipshared/8dae/hdl/verilog/MVAU_hls_0_mac_muladd_8s_2s_11s_11_4_1.v" Line 47. Module MVAU_hls_0_mac_muladd_8s_2s_11s_11_4_1(ID=1,NUM_STAGE=4,din0_WIDTH=8,din1_WIDTH=2,din2_WIDTH=11,dout_WIDTH=11) has a timescale but at least one module in design doesn't have timescale.
WARNING: [XSIM 43-4100] "/home/changhong/prj/finn/notebooks/EF-US-Engine-Free-Unstructured-Sparsity-Design-Alleviates-Accelerator-Bottlenecks/casestudy1/LeNet_MNIST_BNN/build/auto/home/changhong/prj/finn/notebooks/EF-US-Engine-Free-Unstructured-Sparsity-Design-Alleviates-Accelerator-Bottlenecks/casestudy1/LeNet_MNIST_BNN/tmp/auto/vivado_stitch_proj_b2b_bym1/finn_vivado_stitch_proj.gen/sources_1/bd/finn_design/ipshared/8dae/hdl/verilog/MVAU_hls_0_mac_muladd_8s_2s_11s_11_4_1.v" Line 8. Module MVAU_hls_0_mac_muladd_8s_2s_11s_11_4_1_DSP48_1 has a timescale but at least one module in design doesn't have timescale.
WARNING: [XSIM 43-4100] "/home/changhong/prj/finn/notebooks/EF-US-Engine-Free-Unstructured-Sparsity-Design-Alleviates-Accelerator-Bottlenecks/casestudy1/LeNet_MNIST_BNN/build/auto/home/changhong/prj/finn/notebooks/EF-US-Engine-Free-Unstructured-Sparsity-Design-Alleviates-Accelerator-Bottlenecks/casestudy1/LeNet_MNIST_BNN/tmp/auto/vivado_stitch_proj_b2b_bym1/finn_vivado_stitch_proj.gen/sources_1/bd/finn_design/ipshared/8dae/hdl/verilog/MVAU_hls_0_mac_muladd_8s_2s_11s_11_4_1.v" Line 47. Module MVAU_hls_0_mac_muladd_8s_2s_11s_11_4_1(ID=1,NUM_STAGE=4,din0_WIDTH=8,din1_WIDTH=2,din2_WIDTH=11,dout_WIDTH=11) has a timescale but at least one module in design doesn't have timescale.
WARNING: [XSIM 43-4100] "/home/changhong/prj/finn/notebooks/EF-US-Engine-Free-Unstructured-Sparsity-Design-Alleviates-Accelerator-Bottlenecks/casestudy1/LeNet_MNIST_BNN/build/auto/home/changhong/prj/finn/notebooks/EF-US-Engine-Free-Unstructured-Sparsity-Design-Alleviates-Accelerator-Bottlenecks/casestudy1/LeNet_MNIST_BNN/tmp/auto/vivado_stitch_proj_b2b_bym1/finn_vivado_stitch_proj.gen/sources_1/bd/finn_design/ipshared/8dae/hdl/verilog/MVAU_hls_0_mac_muladd_8s_2s_11s_11_4_1.v" Line 8. Module MVAU_hls_0_mac_muladd_8s_2s_11s_11_4_1_DSP48_1 has a timescale but at least one module in design doesn't have timescale.
WARNING: [XSIM 43-4100] "/home/changhong/prj/finn/notebooks/EF-US-Engine-Free-Unstructured-Sparsity-Design-Alleviates-Accelerator-Bottlenecks/casestudy1/LeNet_MNIST_BNN/build/auto/home/changhong/prj/finn/notebooks/EF-US-Engine-Free-Unstructured-Sparsity-Design-Alleviates-Accelerator-Bottlenecks/casestudy1/LeNet_MNIST_BNN/tmp/auto/vivado_stitch_proj_b2b_bym1/finn_vivado_stitch_proj.gen/sources_1/bd/finn_design/ipshared/8dae/hdl/verilog/MVAU_hls_0_mac_muladd_8s_2s_11s_11_4_1.v" Line 47. Module MVAU_hls_0_mac_muladd_8s_2s_11s_11_4_1(ID=1,NUM_STAGE=4,din0_WIDTH=8,din1_WIDTH=2,din2_WIDTH=11,dout_WIDTH=11) has a timescale but at least one module in design doesn't have timescale.
WARNING: [XSIM 43-4100] "/home/changhong/prj/finn/notebooks/EF-US-Engine-Free-Unstructured-Sparsity-Design-Alleviates-Accelerator-Bottlenecks/casestudy1/LeNet_MNIST_BNN/build/auto/home/changhong/prj/finn/notebooks/EF-US-Engine-Free-Unstructured-Sparsity-Design-Alleviates-Accelerator-Bottlenecks/casestudy1/LeNet_MNIST_BNN/tmp/auto/vivado_stitch_proj_b2b_bym1/finn_vivado_stitch_proj.gen/sources_1/bd/finn_design/ipshared/8dae/hdl/verilog/MVAU_hls_0_mac_muladd_8s_2s_11s_11_4_1.v" Line 8. Module MVAU_hls_0_mac_muladd_8s_2s_11s_11_4_1_DSP48_1 has a timescale but at least one module in design doesn't have timescale.
WARNING: [XSIM 43-4100] "/home/changhong/prj/finn/notebooks/EF-US-Engine-Free-Unstructured-Sparsity-Design-Alleviates-Accelerator-Bottlenecks/casestudy1/LeNet_MNIST_BNN/build/auto/home/changhong/prj/finn/notebooks/EF-US-Engine-Free-Unstructured-Sparsity-Design-Alleviates-Accelerator-Bottlenecks/casestudy1/LeNet_MNIST_BNN/tmp/auto/vivado_stitch_proj_b2b_bym1/finn_vivado_stitch_proj.gen/sources_1/bd/finn_design/ipshared/8dae/hdl/verilog/MVAU_hls_0_mac_muladd_8s_2s_11s_11_4_1.v" Line 47. Module MVAU_hls_0_mac_muladd_8s_2s_11s_11_4_1(ID=1,NUM_STAGE=4,din0_WIDTH=8,din1_WIDTH=2,din2_WIDTH=11,dout_WIDTH=11) has a timescale but at least one module in design doesn't have timescale.
WARNING: [XSIM 43-4100] "/home/changhong/prj/finn/notebooks/EF-US-Engine-Free-Unstructured-Sparsity-Design-Alleviates-Accelerator-Bottlenecks/casestudy1/LeNet_MNIST_BNN/build/auto/home/changhong/prj/finn/notebooks/EF-US-Engine-Free-Unstructured-Sparsity-Design-Alleviates-Accelerator-Bottlenecks/casestudy1/LeNet_MNIST_BNN/tmp/auto/vivado_stitch_proj_b2b_bym1/finn_vivado_stitch_proj.gen/sources_1/bd/finn_design/ipshared/8dae/hdl/verilog/MVAU_hls_0_mac_muladd_8s_2s_11s_11_4_1.v" Line 8. Module MVAU_hls_0_mac_muladd_8s_2s_11s_11_4_1_DSP48_1 has a timescale but at least one module in design doesn't have timescale.
WARNING: [XSIM 43-4100] "/home/changhong/prj/finn/notebooks/EF-US-Engine-Free-Unstructured-Sparsity-Design-Alleviates-Accelerator-Bottlenecks/casestudy1/LeNet_MNIST_BNN/build/auto/home/changhong/prj/finn/notebooks/EF-US-Engine-Free-Unstructured-Sparsity-Design-Alleviates-Accelerator-Bottlenecks/casestudy1/LeNet_MNIST_BNN/tmp/auto/vivado_stitch_proj_b2b_bym1/finn_vivado_stitch_proj.gen/sources_1/bd/finn_design/ipshared/8dae/hdl/verilog/MVAU_hls_0_mac_muladd_8s_2s_11s_11_4_1.v" Line 47. Module MVAU_hls_0_mac_muladd_8s_2s_11s_11_4_1(ID=1,NUM_STAGE=4,din0_WIDTH=8,din1_WIDTH=2,din2_WIDTH=11,dout_WIDTH=11) has a timescale but at least one module in design doesn't have timescale.
WARNING: [XSIM 43-4100] "/home/changhong/prj/finn/notebooks/EF-US-Engine-Free-Unstructured-Sparsity-Design-Alleviates-Accelerator-Bottlenecks/casestudy1/LeNet_MNIST_BNN/build/auto/home/changhong/prj/finn/notebooks/EF-US-Engine-Free-Unstructured-Sparsity-Design-Alleviates-Accelerator-Bottlenecks/casestudy1/LeNet_MNIST_BNN/tmp/auto/vivado_stitch_proj_b2b_bym1/finn_vivado_stitch_proj.gen/sources_1/bd/finn_design/ipshared/8dae/hdl/verilog/MVAU_hls_0_mac_muladd_8s_2s_11s_11_4_1.v" Line 8. Module MVAU_hls_0_mac_muladd_8s_2s_11s_11_4_1_DSP48_1 has a timescale but at least one module in design doesn't have timescale.
WARNING: [XSIM 43-4100] "/home/changhong/prj/finn/notebooks/EF-US-Engine-Free-Unstructured-Sparsity-Design-Alleviates-Accelerator-Bottlenecks/casestudy1/LeNet_MNIST_BNN/build/auto/home/changhong/prj/finn/notebooks/EF-US-Engine-Free-Unstructured-Sparsity-Design-Alleviates-Accelerator-Bottlenecks/casestudy1/LeNet_MNIST_BNN/tmp/auto/vivado_stitch_proj_b2b_bym1/finn_vivado_stitch_proj.gen/sources_1/bd/finn_design/ipshared/8dae/hdl/verilog/MVAU_hls_0_mac_muladd_8s_2s_11s_11_4_1.v" Line 47. Module MVAU_hls_0_mac_muladd_8s_2s_11s_11_4_1(ID=1,NUM_STAGE=4,din0_WIDTH=8,din1_WIDTH=2,din2_WIDTH=11,dout_WIDTH=11) has a timescale but at least one module in design doesn't have timescale.
WARNING: [XSIM 43-4100] "/home/changhong/prj/finn/notebooks/EF-US-Engine-Free-Unstructured-Sparsity-Design-Alleviates-Accelerator-Bottlenecks/casestudy1/LeNet_MNIST_BNN/build/auto/home/changhong/prj/finn/notebooks/EF-US-Engine-Free-Unstructured-Sparsity-Design-Alleviates-Accelerator-Bottlenecks/casestudy1/LeNet_MNIST_BNN/tmp/auto/vivado_stitch_proj_b2b_bym1/finn_vivado_stitch_proj.gen/sources_1/bd/finn_design/ipshared/8dae/hdl/verilog/MVAU_hls_0_mac_muladd_8s_2s_11s_11_4_1.v" Line 8. Module MVAU_hls_0_mac_muladd_8s_2s_11s_11_4_1_DSP48_1 has a timescale but at least one module in design doesn't have timescale.
WARNING: [XSIM 43-4100] "/home/changhong/prj/finn/notebooks/EF-US-Engine-Free-Unstructured-Sparsity-Design-Alleviates-Accelerator-Bottlenecks/casestudy1/LeNet_MNIST_BNN/build/auto/home/changhong/prj/finn/notebooks/EF-US-Engine-Free-Unstructured-Sparsity-Design-Alleviates-Accelerator-Bottlenecks/casestudy1/LeNet_MNIST_BNN/tmp/auto/vivado_stitch_proj_b2b_bym1/finn_vivado_stitch_proj.gen/sources_1/bd/finn_design/ipshared/8dae/hdl/verilog/MVAU_hls_0_mac_muladd_8s_2s_10s_11_4_1.v" Line 47. Module MVAU_hls_0_mac_muladd_8s_2s_10s_11_4_1(ID=1,NUM_STAGE=4,din0_WIDTH=8,din1_WIDTH=2,din2_WIDTH=10,dout_WIDTH=11) has a timescale but at least one module in design doesn't have timescale.
WARNING: [XSIM 43-4100] "/home/changhong/prj/finn/notebooks/EF-US-Engine-Free-Unstructured-Sparsity-Design-Alleviates-Accelerator-Bottlenecks/casestudy1/LeNet_MNIST_BNN/build/auto/home/changhong/prj/finn/notebooks/EF-US-Engine-Free-Unstructured-Sparsity-Design-Alleviates-Accelerator-Bottlenecks/casestudy1/LeNet_MNIST_BNN/tmp/auto/vivado_stitch_proj_b2b_bym1/finn_vivado_stitch_proj.gen/sources_1/bd/finn_design/ipshared/8dae/hdl/verilog/MVAU_hls_0_mac_muladd_8s_2s_10s_11_4_1.v" Line 8. Module MVAU_hls_0_mac_muladd_8s_2s_10s_11_4_1_DSP48_0 has a timescale but at least one module in design doesn't have timescale.
WARNING: [XSIM 43-4100] "/home/changhong/prj/finn/notebooks/EF-US-Engine-Free-Unstructured-Sparsity-Design-Alleviates-Accelerator-Bottlenecks/casestudy1/LeNet_MNIST_BNN/build/auto/home/changhong/prj/finn/notebooks/EF-US-Engine-Free-Unstructured-Sparsity-Design-Alleviates-Accelerator-Bottlenecks/casestudy1/LeNet_MNIST_BNN/tmp/auto/vivado_stitch_proj_b2b_bym1/finn_vivado_stitch_proj.gen/sources_1/bd/finn_design/ipshared/8dae/hdl/verilog/MVAU_hls_0_mac_muladd_8s_2s_10s_11_4_1.v" Line 47. Module MVAU_hls_0_mac_muladd_8s_2s_10s_11_4_1(ID=1,NUM_STAGE=4,din0_WIDTH=8,din1_WIDTH=2,din2_WIDTH=10,dout_WIDTH=11) has a timescale but at least one module in design doesn't have timescale.
WARNING: [XSIM 43-4100] "/home/changhong/prj/finn/notebooks/EF-US-Engine-Free-Unstructured-Sparsity-Design-Alleviates-Accelerator-Bottlenecks/casestudy1/LeNet_MNIST_BNN/build/auto/home/changhong/prj/finn/notebooks/EF-US-Engine-Free-Unstructured-Sparsity-Design-Alleviates-Accelerator-Bottlenecks/casestudy1/LeNet_MNIST_BNN/tmp/auto/vivado_stitch_proj_b2b_bym1/finn_vivado_stitch_proj.gen/sources_1/bd/finn_design/ipshared/8dae/hdl/verilog/MVAU_hls_0_mac_muladd_8s_2s_10s_11_4_1.v" Line 8. Module MVAU_hls_0_mac_muladd_8s_2s_10s_11_4_1_DSP48_0 has a timescale but at least one module in design doesn't have timescale.
WARNING: [XSIM 43-4100] "/home/changhong/prj/finn/notebooks/EF-US-Engine-Free-Unstructured-Sparsity-Design-Alleviates-Accelerator-Bottlenecks/casestudy1/LeNet_MNIST_BNN/build/auto/home/changhong/prj/finn/notebooks/EF-US-Engine-Free-Unstructured-Sparsity-Design-Alleviates-Accelerator-Bottlenecks/casestudy1/LeNet_MNIST_BNN/tmp/auto/vivado_stitch_proj_b2b_bym1/finn_vivado_stitch_proj.gen/sources_1/bd/finn_design/ipshared/8dae/hdl/verilog/MVAU_hls_0_flow_control_loop_pipe_sequential_init.v" Line 9. Module MVAU_hls_0_flow_control_loop_pipe_sequential_init has a timescale but at least one module in design doesn't have timescale.
WARNING: [XSIM 43-4100] "/home/changhong/prj/finn/notebooks/EF-US-Engine-Free-Unstructured-Sparsity-Design-Alleviates-Accelerator-Bottlenecks/casestudy1/LeNet_MNIST_BNN/build/auto/home/changhong/prj/finn/notebooks/EF-US-Engine-Free-Unstructured-Sparsity-Design-Alleviates-Accelerator-Bottlenecks/casestudy1/LeNet_MNIST_BNN/tmp/auto/vivado_stitch_proj_b2b_bym1/finn_vivado_stitch_proj.gen/sources_1/bd/finn_design/ipshared/8dae/hdl/verilog/MVAU_hls_0_regslice_both.v" Line 9. Module MVAU_hls_0_regslice_both(DataWidth=200) has a timescale but at least one module in design doesn't have timescale.
WARNING: [XSIM 43-4100] "/home/changhong/prj/finn/notebooks/EF-US-Engine-Free-Unstructured-Sparsity-Design-Alleviates-Accelerator-Bottlenecks/casestudy1/LeNet_MNIST_BNN/build/auto/home/changhong/prj/finn/notebooks/EF-US-Engine-Free-Unstructured-Sparsity-Design-Alleviates-Accelerator-Bottlenecks/casestudy1/LeNet_MNIST_BNN/tmp/auto/vivado_stitch_proj_b2b_bym1/finn_vivado_stitch_proj.gen/sources_1/bd/finn_design/ipshared/8dae/hdl/verilog/MVAU_hls_0_regslice_both.v" Line 9. Module MVAU_hls_0_regslice_both(DataWidth=304) has a timescale but at least one module in design doesn't have timescale.
WARNING: [XSIM 43-4100] "/home/changhong/prj/finn/notebooks/EF-US-Engine-Free-Unstructured-Sparsity-Design-Alleviates-Accelerator-Bottlenecks/casestudy1/LeNet_MNIST_BNN/build/auto/home/changhong/prj/finn/notebooks/EF-US-Engine-Free-Unstructured-Sparsity-Design-Alleviates-Accelerator-Bottlenecks/casestudy1/LeNet_MNIST_BNN/tmp/auto/vivado_stitch_proj_b2b_bym1/finn_vivado_stitch_proj.gen/sources_1/bd/finn_design/ipshared/8dae/hdl/verilog/MVAU_hls_0_regslice_both.v" Line 9. Module MVAU_hls_0_regslice_both(DataWidth=8) has a timescale but at least one module in design doesn't have timescale.
WARNING: [XSIM 43-4100] "/home/changhong/prj/finn/notebooks/EF-US-Engine-Free-Unstructured-Sparsity-Design-Alleviates-Accelerator-Bottlenecks/casestudy1/LeNet_MNIST_BNN/build/auto/home/changhong/prj/finn/notebooks/EF-US-Engine-Free-Unstructured-Sparsity-Design-Alleviates-Accelerator-Bottlenecks/casestudy1/LeNet_MNIST_BNN/tmp/auto/vivado_stitch_proj_b2b_bym1/finn_vivado_stitch_proj.gen/sources_1/bd/finn_design/synth/finn_design.v" Line 82. Module MVAU_hls_1_imp_ZIW0NT has a timescale but at least one module in design doesn't have timescale.
WARNING: [XSIM 43-4100] "/home/changhong/prj/finn/notebooks/EF-US-Engine-Free-Unstructured-Sparsity-Design-Alleviates-Accelerator-Bottlenecks/casestudy1/LeNet_MNIST_BNN/build/auto/home/changhong/prj/finn/notebooks/EF-US-Engine-Free-Unstructured-Sparsity-Design-Alleviates-Accelerator-Bottlenecks/casestudy1/LeNet_MNIST_BNN/tmp/auto/vivado_stitch_proj_b2b_bym1/finn_vivado_stitch_proj.gen/sources_1/bd/finn_design/ipshared/0a63/hdl/verilog/MVAU_hls_1.v" Line 10. Module MVAU_hls_1 has a timescale but at least one module in design doesn't have timescale.
WARNING: [XSIM 43-4100] "/home/changhong/prj/finn/notebooks/EF-US-Engine-Free-Unstructured-Sparsity-Design-Alleviates-Accelerator-Bottlenecks/casestudy1/LeNet_MNIST_BNN/build/auto/home/changhong/prj/finn/notebooks/EF-US-Engine-Free-Unstructured-Sparsity-Design-Alleviates-Accelerator-Bottlenecks/casestudy1/LeNet_MNIST_BNN/tmp/auto/vivado_stitch_proj_b2b_bym1/finn_vivado_stitch_proj.gen/sources_1/bd/finn_design/ipshared/0a63/hdl/verilog/MVAU_hls_1_Matrix_Vector_Activate_Stream_Batch.v" Line 10. Module MVAU_hls_1_Matrix_Vector_Activate_Stream_Batch has a timescale but at least one module in design doesn't have timescale.
WARNING: [XSIM 43-4100] "/home/changhong/prj/finn/notebooks/EF-US-Engine-Free-Unstructured-Sparsity-Design-Alleviates-Accelerator-Bottlenecks/casestudy1/LeNet_MNIST_BNN/build/auto/home/changhong/prj/finn/notebooks/EF-US-Engine-Free-Unstructured-Sparsity-Design-Alleviates-Accelerator-Bottlenecks/casestudy1/LeNet_MNIST_BNN/tmp/auto/vivado_stitch_proj_b2b_bym1/finn_vivado_stitch_proj.gen/sources_1/bd/finn_design/ipshared/0a63/hdl/verilog/MVAU_hls_1_Matrix_Vector_Activate_Stream_Batch_p_ZL7threshs_0_ROM_AUTO_1R.v" Line 7. Module MVAU_hls_1_Matrix_Vector_Activate_Stream_Batch_p_ZL7threshs_0_ROM_AUTO_1R has a timescale but at least one module in design doesn't have timescale.
WARNING: [XSIM 43-4100] "/home/changhong/prj/finn/notebooks/EF-US-Engine-Free-Unstructured-Sparsity-Design-Alleviates-Accelerator-Bottlenecks/casestudy1/LeNet_MNIST_BNN/build/auto/home/changhong/prj/finn/notebooks/EF-US-Engine-Free-Unstructured-Sparsity-Design-Alleviates-Accelerator-Bottlenecks/casestudy1/LeNet_MNIST_BNN/tmp/auto/vivado_stitch_proj_b2b_bym1/finn_vivado_stitch_proj.gen/sources_1/bd/finn_design/ipshared/0a63/hdl/verilog/MVAU_hls_1_Matrix_Vector_Activate_Stream_Batch_p_ZL7threshs_1_ROM_AUTO_1R.v" Line 7. Module MVAU_hls_1_Matrix_Vector_Activate_Stream_Batch_p_ZL7threshs_1_ROM_AUTO_1R has a timescale but at least one module in design doesn't have timescale.
WARNING: [XSIM 43-4100] "/home/changhong/prj/finn/notebooks/EF-US-Engine-Free-Unstructured-Sparsity-Design-Alleviates-Accelerator-Bottlenecks/casestudy1/LeNet_MNIST_BNN/build/auto/home/changhong/prj/finn/notebooks/EF-US-Engine-Free-Unstructured-Sparsity-Design-Alleviates-Accelerator-Bottlenecks/casestudy1/LeNet_MNIST_BNN/tmp/auto/vivado_stitch_proj_b2b_bym1/finn_vivado_stitch_proj.gen/sources_1/bd/finn_design/ipshared/0a63/hdl/verilog/MVAU_hls_1_Matrix_Vector_Activate_Stream_Batch_p_ZL7threshs_2_ROM_AUTO_1R.v" Line 7. Module MVAU_hls_1_Matrix_Vector_Activate_Stream_Batch_p_ZL7threshs_2_ROM_AUTO_1R has a timescale but at least one module in design doesn't have timescale.
WARNING: [XSIM 43-4100] "/home/changhong/prj/finn/notebooks/EF-US-Engine-Free-Unstructured-Sparsity-Design-Alleviates-Accelerator-Bottlenecks/casestudy1/LeNet_MNIST_BNN/build/auto/home/changhong/prj/finn/notebooks/EF-US-Engine-Free-Unstructured-Sparsity-Design-Alleviates-Accelerator-Bottlenecks/casestudy1/LeNet_MNIST_BNN/tmp/auto/vivado_stitch_proj_b2b_bym1/finn_vivado_stitch_proj.gen/sources_1/bd/finn_design/ipshared/0a63/hdl/verilog/MVAU_hls_1_Matrix_Vector_Activate_Stream_Batch_p_ZL7threshs_3_ROM_AUTO_1R.v" Line 7. Module MVAU_hls_1_Matrix_Vector_Activate_Stream_Batch_p_ZL7threshs_3_ROM_AUTO_1R has a timescale but at least one module in design doesn't have timescale.
WARNING: [XSIM 43-4100] "/home/changhong/prj/finn/notebooks/EF-US-Engine-Free-Unstructured-Sparsity-Design-Alleviates-Accelerator-Bottlenecks/casestudy1/LeNet_MNIST_BNN/build/auto/home/changhong/prj/finn/notebooks/EF-US-Engine-Free-Unstructured-Sparsity-Design-Alleviates-Accelerator-Bottlenecks/casestudy1/LeNet_MNIST_BNN/tmp/auto/vivado_stitch_proj_b2b_bym1/finn_vivado_stitch_proj.gen/sources_1/bd/finn_design/ipshared/0a63/hdl/verilog/MVAU_hls_1_Matrix_Vector_Activate_Stream_Batch_p_ZL7threshs_4_ROM_AUTO_1R.v" Line 7. Module MVAU_hls_1_Matrix_Vector_Activate_Stream_Batch_p_ZL7threshs_4_ROM_AUTO_1R has a timescale but at least one module in design doesn't have timescale.
WARNING: [XSIM 43-4100] "/home/changhong/prj/finn/notebooks/EF-US-Engine-Free-Unstructured-Sparsity-Design-Alleviates-Accelerator-Bottlenecks/casestudy1/LeNet_MNIST_BNN/build/auto/home/changhong/prj/finn/notebooks/EF-US-Engine-Free-Unstructured-Sparsity-Design-Alleviates-Accelerator-Bottlenecks/casestudy1/LeNet_MNIST_BNN/tmp/auto/vivado_stitch_proj_b2b_bym1/finn_vivado_stitch_proj.gen/sources_1/bd/finn_design/ipshared/0a63/hdl/verilog/MVAU_hls_1_Matrix_Vector_Activate_Stream_Batch_p_ZL7threshs_5_ROM_AUTO_1R.v" Line 7. Module MVAU_hls_1_Matrix_Vector_Activate_Stream_Batch_p_ZL7threshs_5_ROM_AUTO_1R has a timescale but at least one module in design doesn't have timescale.
WARNING: [XSIM 43-4100] "/home/changhong/prj/finn/notebooks/EF-US-Engine-Free-Unstructured-Sparsity-Design-Alleviates-Accelerator-Bottlenecks/casestudy1/LeNet_MNIST_BNN/build/auto/home/changhong/prj/finn/notebooks/EF-US-Engine-Free-Unstructured-Sparsity-Design-Alleviates-Accelerator-Bottlenecks/casestudy1/LeNet_MNIST_BNN/tmp/auto/vivado_stitch_proj_b2b_bym1/finn_vivado_stitch_proj.gen/sources_1/bd/finn_design/ipshared/0a63/hdl/verilog/MVAU_hls_1_Matrix_Vector_Activate_Stream_Batch_p_ZL7threshs_6_ROM_AUTO_1R.v" Line 7. Module MVAU_hls_1_Matrix_Vector_Activate_Stream_Batch_p_ZL7threshs_6_ROM_AUTO_1R has a timescale but at least one module in design doesn't have timescale.
WARNING: [XSIM 43-4100] "/home/changhong/prj/finn/notebooks/EF-US-Engine-Free-Unstructured-Sparsity-Design-Alleviates-Accelerator-Bottlenecks/casestudy1/LeNet_MNIST_BNN/build/auto/home/changhong/prj/finn/notebooks/EF-US-Engine-Free-Unstructured-Sparsity-Design-Alleviates-Accelerator-Bottlenecks/casestudy1/LeNet_MNIST_BNN/tmp/auto/vivado_stitch_proj_b2b_bym1/finn_vivado_stitch_proj.gen/sources_1/bd/finn_design/ipshared/0a63/hdl/verilog/MVAU_hls_1_Matrix_Vector_Activate_Stream_Batch_p_ZL7threshs_7_ROM_AUTO_1R.v" Line 7. Module MVAU_hls_1_Matrix_Vector_Activate_Stream_Batch_p_ZL7threshs_7_ROM_AUTO_1R has a timescale but at least one module in design doesn't have timescale.
WARNING: [XSIM 43-4100] "/home/changhong/prj/finn/notebooks/EF-US-Engine-Free-Unstructured-Sparsity-Design-Alleviates-Accelerator-Bottlenecks/casestudy1/LeNet_MNIST_BNN/build/auto/home/changhong/prj/finn/notebooks/EF-US-Engine-Free-Unstructured-Sparsity-Design-Alleviates-Accelerator-Bottlenecks/casestudy1/LeNet_MNIST_BNN/tmp/auto/vivado_stitch_proj_b2b_bym1/finn_vivado_stitch_proj.gen/sources_1/bd/finn_design/ipshared/0a63/hdl/verilog/MVAU_hls_1_mux_53_30_1_1.v" Line 9. Module MVAU_hls_1_mux_53_30_1_1(ID=1,din0_WIDTH=30,din1_WIDTH=30,din2_WIDTH=30,din3_WIDTH=30,din4_WIDTH=30,din5_WIDTH=3,dout_WIDTH=30) has a timescale but at least one module in design doesn't have timescale.
WARNING: [XSIM 43-4100] "/home/changhong/prj/finn/notebooks/EF-US-Engine-Free-Unstructured-Sparsity-Design-Alleviates-Accelerator-Bottlenecks/casestudy1/LeNet_MNIST_BNN/build/auto/home/changhong/prj/finn/notebooks/EF-US-Engine-Free-Unstructured-Sparsity-Design-Alleviates-Accelerator-Bottlenecks/casestudy1/LeNet_MNIST_BNN/tmp/auto/vivado_stitch_proj_b2b_bym1/finn_vivado_stitch_proj.gen/sources_1/bd/finn_design/ipshared/0a63/hdl/verilog/MVAU_hls_1_flow_control_loop_pipe_sequential_init.v" Line 9. Module MVAU_hls_1_flow_control_loop_pipe_sequential_init has a timescale but at least one module in design doesn't have timescale.
WARNING: [XSIM 43-4100] "/home/changhong/prj/finn/notebooks/EF-US-Engine-Free-Unstructured-Sparsity-Design-Alleviates-Accelerator-Bottlenecks/casestudy1/LeNet_MNIST_BNN/build/auto/home/changhong/prj/finn/notebooks/EF-US-Engine-Free-Unstructured-Sparsity-Design-Alleviates-Accelerator-Bottlenecks/casestudy1/LeNet_MNIST_BNN/tmp/auto/vivado_stitch_proj_b2b_bym1/finn_vivado_stitch_proj.gen/sources_1/bd/finn_design/ipshared/0a63/hdl/verilog/MVAU_hls_1_regslice_both.v" Line 9. Module MVAU_hls_1_regslice_both has a timescale but at least one module in design doesn't have timescale.
WARNING: [XSIM 43-4100] "/home/changhong/prj/finn/notebooks/EF-US-Engine-Free-Unstructured-Sparsity-Design-Alleviates-Accelerator-Bottlenecks/casestudy1/LeNet_MNIST_BNN/build/auto/home/changhong/prj/finn/notebooks/EF-US-Engine-Free-Unstructured-Sparsity-Design-Alleviates-Accelerator-Bottlenecks/casestudy1/LeNet_MNIST_BNN/tmp/auto/vivado_stitch_proj_b2b_bym1/finn_vivado_stitch_proj.gen/sources_1/bd/finn_design/ipshared/0a63/hdl/verilog/MVAU_hls_1_regslice_both.v" Line 9. Module MVAU_hls_1_regslice_both(DataWidth=240) has a timescale but at least one module in design doesn't have timescale.
WARNING: [XSIM 43-4100] "/home/changhong/prj/finn/notebooks/EF-US-Engine-Free-Unstructured-Sparsity-Design-Alleviates-Accelerator-Bottlenecks/casestudy1/LeNet_MNIST_BNN/build/auto/home/changhong/prj/finn/notebooks/EF-US-Engine-Free-Unstructured-Sparsity-Design-Alleviates-Accelerator-Bottlenecks/casestudy1/LeNet_MNIST_BNN/tmp/auto/vivado_stitch_proj_b2b_bym1/finn_vivado_stitch_proj.gen/sources_1/bd/finn_design/ipshared/0a63/hdl/verilog/MVAU_hls_1_regslice_both.v" Line 9. Module MVAU_hls_1_regslice_both(DataWidth=8) has a timescale but at least one module in design doesn't have timescale.
WARNING: [XSIM 43-4100] "/home/changhong/prj/finn/notebooks/EF-US-Engine-Free-Unstructured-Sparsity-Design-Alleviates-Accelerator-Bottlenecks/casestudy1/LeNet_MNIST_BNN/build/auto/home/changhong/prj/finn/notebooks/EF-US-Engine-Free-Unstructured-Sparsity-Design-Alleviates-Accelerator-Bottlenecks/casestudy1/LeNet_MNIST_BNN/tmp/auto/vivado_stitch_proj_b2b_bym1/finn_vivado_stitch_proj.gen/sources_1/bd/finn_design/synth/finn_design.v" Line 152. Module MVAU_hls_2_imp_1WP2WTL has a timescale but at least one module in design doesn't have timescale.
WARNING: [XSIM 43-4100] "/home/changhong/prj/finn/notebooks/EF-US-Engine-Free-Unstructured-Sparsity-Design-Alleviates-Accelerator-Bottlenecks/casestudy1/LeNet_MNIST_BNN/build/auto/home/changhong/prj/finn/notebooks/EF-US-Engine-Free-Unstructured-Sparsity-Design-Alleviates-Accelerator-Bottlenecks/casestudy1/LeNet_MNIST_BNN/tmp/auto/vivado_stitch_proj_b2b_bym1/finn_vivado_stitch_proj.gen/sources_1/bd/finn_design/ipshared/147e/hdl/verilog/MVAU_hls_2.v" Line 10. Module MVAU_hls_2 has a timescale but at least one module in design doesn't have timescale.
WARNING: [XSIM 43-4100] "/home/changhong/prj/finn/notebooks/EF-US-Engine-Free-Unstructured-Sparsity-Design-Alleviates-Accelerator-Bottlenecks/casestudy1/LeNet_MNIST_BNN/build/auto/home/changhong/prj/finn/notebooks/EF-US-Engine-Free-Unstructured-Sparsity-Design-Alleviates-Accelerator-Bottlenecks/casestudy1/LeNet_MNIST_BNN/tmp/auto/vivado_stitch_proj_b2b_bym1/finn_vivado_stitch_proj.gen/sources_1/bd/finn_design/ipshared/147e/hdl/verilog/MVAU_hls_2_Matrix_Vector_Activate_Stream_Batch.v" Line 10. Module MVAU_hls_2_Matrix_Vector_Activate_Stream_Batch has a timescale but at least one module in design doesn't have timescale.
WARNING: [XSIM 43-4100] "/home/changhong/prj/finn/notebooks/EF-US-Engine-Free-Unstructured-Sparsity-Design-Alleviates-Accelerator-Bottlenecks/casestudy1/LeNet_MNIST_BNN/build/auto/home/changhong/prj/finn/notebooks/EF-US-Engine-Free-Unstructured-Sparsity-Design-Alleviates-Accelerator-Bottlenecks/casestudy1/LeNet_MNIST_BNN/tmp/auto/vivado_stitch_proj_b2b_bym1/finn_vivado_stitch_proj.gen/sources_1/bd/finn_design/ipshared/147e/hdl/verilog/MVAU_hls_2_Matrix_Vector_Activate_Stream_Batch_p_ZL7threshs_0_ROM_AUTO_1R.v" Line 7. Module MVAU_hls_2_Matrix_Vector_Activate_Stream_Batch_p_ZL7threshs_0_ROM_AUTO_1R has a timescale but at least one module in design doesn't have timescale.
WARNING: [XSIM 43-4100] "/home/changhong/prj/finn/notebooks/EF-US-Engine-Free-Unstructured-Sparsity-Design-Alleviates-Accelerator-Bottlenecks/casestudy1/LeNet_MNIST_BNN/build/auto/home/changhong/prj/finn/notebooks/EF-US-Engine-Free-Unstructured-Sparsity-Design-Alleviates-Accelerator-Bottlenecks/casestudy1/LeNet_MNIST_BNN/tmp/auto/vivado_stitch_proj_b2b_bym1/finn_vivado_stitch_proj.gen/sources_1/bd/finn_design/ipshared/147e/hdl/verilog/MVAU_hls_2_Matrix_Vector_Activate_Stream_Batch_p_ZL7threshs_1_ROM_AUTO_1R.v" Line 7. Module MVAU_hls_2_Matrix_Vector_Activate_Stream_Batch_p_ZL7threshs_1_ROM_AUTO_1R has a timescale but at least one module in design doesn't have timescale.
WARNING: [XSIM 43-4100] "/home/changhong/prj/finn/notebooks/EF-US-Engine-Free-Unstructured-Sparsity-Design-Alleviates-Accelerator-Bottlenecks/casestudy1/LeNet_MNIST_BNN/build/auto/home/changhong/prj/finn/notebooks/EF-US-Engine-Free-Unstructured-Sparsity-Design-Alleviates-Accelerator-Bottlenecks/casestudy1/LeNet_MNIST_BNN/tmp/auto/vivado_stitch_proj_b2b_bym1/finn_vivado_stitch_proj.gen/sources_1/bd/finn_design/ipshared/147e/hdl/verilog/MVAU_hls_2_mux_164_25_1_1.v" Line 9. Module MVAU_hls_2_mux_164_25_1_1(ID=1,din0_WIDTH=25,din1_WIDTH=25,din2_WIDTH=25,din3_WIDTH=25,din4_WIDTH=25,din5_WIDTH=25,din6_WIDTH=25,din7_WIDTH=25,din8_WIDTH=25,din9_WIDTH=25,din10_WIDTH=25,din11_WIDTH=25,din12_WIDTH=25,din13_WIDTH=25,din14_WIDTH=25,din15_WIDTH=25,din16_WIDTH=4,dout_WIDTH=25) has a timescale but at least one module in design doesn't have timescale.
WARNING: [XSIM 43-4100] "/home/changhong/prj/finn/notebooks/EF-US-Engine-Free-Unstructured-Sparsity-Design-Alleviates-Accelerator-Bottlenecks/casestudy1/LeNet_MNIST_BNN/build/auto/home/changhong/prj/finn/notebooks/EF-US-Engine-Free-Unstructured-Sparsity-Design-Alleviates-Accelerator-Bottlenecks/casestudy1/LeNet_MNIST_BNN/tmp/auto/vivado_stitch_proj_b2b_bym1/finn_vivado_stitch_proj.gen/sources_1/bd/finn_design/ipshared/147e/hdl/verilog/MVAU_hls_2_flow_control_loop_pipe_sequential_init.v" Line 9. Module MVAU_hls_2_flow_control_loop_pipe_sequential_init has a timescale but at least one module in design doesn't have timescale.
WARNING: [XSIM 43-4100] "/home/changhong/prj/finn/notebooks/EF-US-Engine-Free-Unstructured-Sparsity-Design-Alleviates-Accelerator-Bottlenecks/casestudy1/LeNet_MNIST_BNN/build/auto/home/changhong/prj/finn/notebooks/EF-US-Engine-Free-Unstructured-Sparsity-Design-Alleviates-Accelerator-Bottlenecks/casestudy1/LeNet_MNIST_BNN/tmp/auto/vivado_stitch_proj_b2b_bym1/finn_vivado_stitch_proj.gen/sources_1/bd/finn_design/ipshared/147e/hdl/verilog/MVAU_hls_2_regslice_both.v" Line 9. Module MVAU_hls_2_regslice_both has a timescale but at least one module in design doesn't have timescale.
WARNING: [XSIM 43-4100] "/home/changhong/prj/finn/notebooks/EF-US-Engine-Free-Unstructured-Sparsity-Design-Alleviates-Accelerator-Bottlenecks/casestudy1/LeNet_MNIST_BNN/build/auto/home/changhong/prj/finn/notebooks/EF-US-Engine-Free-Unstructured-Sparsity-Design-Alleviates-Accelerator-Bottlenecks/casestudy1/LeNet_MNIST_BNN/tmp/auto/vivado_stitch_proj_b2b_bym1/finn_vivado_stitch_proj.gen/sources_1/bd/finn_design/ipshared/147e/hdl/verilog/MVAU_hls_2_regslice_both.v" Line 9. Module MVAU_hls_2_regslice_both(DataWidth=56) has a timescale but at least one module in design doesn't have timescale.
WARNING: [XSIM 43-4100] "/home/changhong/prj/finn/notebooks/EF-US-Engine-Free-Unstructured-Sparsity-Design-Alleviates-Accelerator-Bottlenecks/casestudy1/LeNet_MNIST_BNN/build/auto/home/changhong/prj/finn/notebooks/EF-US-Engine-Free-Unstructured-Sparsity-Design-Alleviates-Accelerator-Bottlenecks/casestudy1/LeNet_MNIST_BNN/tmp/auto/vivado_stitch_proj_b2b_bym1/finn_vivado_stitch_proj.gen/sources_1/bd/finn_design/ipshared/147e/hdl/verilog/MVAU_hls_2_regslice_both.v" Line 9. Module MVAU_hls_2_regslice_both(DataWidth=8) has a timescale but at least one module in design doesn't have timescale.
WARNING: [XSIM 43-4100] "/home/changhong/prj/finn/notebooks/EF-US-Engine-Free-Unstructured-Sparsity-Design-Alleviates-Accelerator-Bottlenecks/casestudy1/LeNet_MNIST_BNN/build/auto/home/changhong/prj/finn/notebooks/EF-US-Engine-Free-Unstructured-Sparsity-Design-Alleviates-Accelerator-Bottlenecks/casestudy1/LeNet_MNIST_BNN/tmp/auto/vivado_stitch_proj_b2b_bym1/finn_vivado_stitch_proj.gen/sources_1/bd/finn_design/synth/finn_design.v" Line 222. Module MVAU_hls_3_imp_U0RWZQ has a timescale but at least one module in design doesn't have timescale.
WARNING: [XSIM 43-4100] "/home/changhong/prj/finn/notebooks/EF-US-Engine-Free-Unstructured-Sparsity-Design-Alleviates-Accelerator-Bottlenecks/casestudy1/LeNet_MNIST_BNN/build/auto/home/changhong/prj/finn/notebooks/EF-US-Engine-Free-Unstructured-Sparsity-Design-Alleviates-Accelerator-Bottlenecks/casestudy1/LeNet_MNIST_BNN/tmp/auto/vivado_stitch_proj_b2b_bym1/finn_vivado_stitch_proj.gen/sources_1/bd/finn_design/ipshared/0fff/hdl/verilog/MVAU_hls_3.v" Line 10. Module MVAU_hls_3 has a timescale but at least one module in design doesn't have timescale.
WARNING: [XSIM 43-4100] "/home/changhong/prj/finn/notebooks/EF-US-Engine-Free-Unstructured-Sparsity-Design-Alleviates-Accelerator-Bottlenecks/casestudy1/LeNet_MNIST_BNN/build/auto/home/changhong/prj/finn/notebooks/EF-US-Engine-Free-Unstructured-Sparsity-Design-Alleviates-Accelerator-Bottlenecks/casestudy1/LeNet_MNIST_BNN/tmp/auto/vivado_stitch_proj_b2b_bym1/finn_vivado_stitch_proj.gen/sources_1/bd/finn_design/ipshared/0fff/hdl/verilog/MVAU_hls_3_Matrix_Vector_Activate_Stream_Batch.v" Line 10. Module MVAU_hls_3_Matrix_Vector_Activate_Stream_Batch has a timescale but at least one module in design doesn't have timescale.
WARNING: [XSIM 43-4100] "/home/changhong/prj/finn/notebooks/EF-US-Engine-Free-Unstructured-Sparsity-Design-Alleviates-Accelerator-Bottlenecks/casestudy1/LeNet_MNIST_BNN/build/auto/home/changhong/prj/finn/notebooks/EF-US-Engine-Free-Unstructured-Sparsity-Design-Alleviates-Accelerator-Bottlenecks/casestudy1/LeNet_MNIST_BNN/tmp/auto/vivado_stitch_proj_b2b_bym1/finn_vivado_stitch_proj.gen/sources_1/bd/finn_design/ipshared/0fff/hdl/verilog/MVAU_hls_3_Matrix_Vector_Activate_Stream_Batch_threshs_ROM_AUTO_1R.v" Line 7. Module MVAU_hls_3_Matrix_Vector_Activate_Stream_Batch_threshs_ROM_AUTO_1R has a timescale but at least one module in design doesn't have timescale.
WARNING: [XSIM 43-4100] "/home/changhong/prj/finn/notebooks/EF-US-Engine-Free-Unstructured-Sparsity-Design-Alleviates-Accelerator-Bottlenecks/casestudy1/LeNet_MNIST_BNN/build/auto/home/changhong/prj/finn/notebooks/EF-US-Engine-Free-Unstructured-Sparsity-Design-Alleviates-Accelerator-Bottlenecks/casestudy1/LeNet_MNIST_BNN/tmp/auto/vivado_stitch_proj_b2b_bym1/finn_vivado_stitch_proj.gen/sources_1/bd/finn_design/ipshared/0fff/hdl/verilog/MVAU_hls_3_mux_124_10_1_1.v" Line 9. Module MVAU_hls_3_mux_124_10_1_1(ID=1,din0_WIDTH=10,din1_WIDTH=10,din2_WIDTH=10,din3_WIDTH=10,din4_WIDTH=10,din5_WIDTH=10,din6_WIDTH=10,din7_WIDTH=10,din8_WIDTH=10,din9_WIDTH=10,din10_WIDTH=10,din11_WIDTH=10,din12_WIDTH=4,dout_WIDTH=10) has a timescale but at least one module in design doesn't have timescale.
WARNING: [XSIM 43-4100] "/home/changhong/prj/finn/notebooks/EF-US-Engine-Free-Unstructured-Sparsity-Design-Alleviates-Accelerator-Bottlenecks/casestudy1/LeNet_MNIST_BNN/build/auto/home/changhong/prj/finn/notebooks/EF-US-Engine-Free-Unstructured-Sparsity-Design-Alleviates-Accelerator-Bottlenecks/casestudy1/LeNet_MNIST_BNN/tmp/auto/vivado_stitch_proj_b2b_bym1/finn_vivado_stitch_proj.gen/sources_1/bd/finn_design/ipshared/0fff/hdl/verilog/MVAU_hls_3_flow_control_loop_pipe_sequential_init.v" Line 9. Module MVAU_hls_3_flow_control_loop_pipe_sequential_init has a timescale but at least one module in design doesn't have timescale.
WARNING: [XSIM 43-4100] "/home/changhong/prj/finn/notebooks/EF-US-Engine-Free-Unstructured-Sparsity-Design-Alleviates-Accelerator-Bottlenecks/casestudy1/LeNet_MNIST_BNN/build/auto/home/changhong/prj/finn/notebooks/EF-US-Engine-Free-Unstructured-Sparsity-Design-Alleviates-Accelerator-Bottlenecks/casestudy1/LeNet_MNIST_BNN/tmp/auto/vivado_stitch_proj_b2b_bym1/finn_vivado_stitch_proj.gen/sources_1/bd/finn_design/ipshared/0fff/hdl/verilog/MVAU_hls_3_regslice_both.v" Line 9. Module MVAU_hls_3_regslice_both(DataWidth=16) has a timescale but at least one module in design doesn't have timescale.
WARNING: [XSIM 43-4100] "/home/changhong/prj/finn/notebooks/EF-US-Engine-Free-Unstructured-Sparsity-Design-Alleviates-Accelerator-Bottlenecks/casestudy1/LeNet_MNIST_BNN/build/auto/home/changhong/prj/finn/notebooks/EF-US-Engine-Free-Unstructured-Sparsity-Design-Alleviates-Accelerator-Bottlenecks/casestudy1/LeNet_MNIST_BNN/tmp/auto/vivado_stitch_proj_b2b_bym1/finn_vivado_stitch_proj.gen/sources_1/bd/finn_design/ipshared/0fff/hdl/verilog/MVAU_hls_3_regslice_both.v" Line 9. Module MVAU_hls_3_regslice_both(DataWidth=16) has a timescale but at least one module in design doesn't have timescale.
WARNING: [XSIM 43-4100] "/home/changhong/prj/finn/notebooks/EF-US-Engine-Free-Unstructured-Sparsity-Design-Alleviates-Accelerator-Bottlenecks/casestudy1/LeNet_MNIST_BNN/build/auto/home/changhong/prj/finn/notebooks/EF-US-Engine-Free-Unstructured-Sparsity-Design-Alleviates-Accelerator-Bottlenecks/casestudy1/LeNet_MNIST_BNN/tmp/auto/vivado_stitch_proj_b2b_bym1/finn_vivado_stitch_proj.gen/sources_1/bd/finn_design/ipshared/0fff/hdl/verilog/MVAU_hls_3_regslice_both.v" Line 9. Module MVAU_hls_3_regslice_both(DataWidth=8) has a timescale but at least one module in design doesn't have timescale.
WARNING: [XSIM 43-4100] "/home/changhong/prj/finn/notebooks/EF-US-Engine-Free-Unstructured-Sparsity-Design-Alleviates-Accelerator-Bottlenecks/casestudy1/LeNet_MNIST_BNN/build/auto/home/changhong/prj/finn/notebooks/EF-US-Engine-Free-Unstructured-Sparsity-Design-Alleviates-Accelerator-Bottlenecks/casestudy1/LeNet_MNIST_BNN/tmp/auto/vivado_stitch_proj_b2b_bym1/finn_vivado_stitch_proj.gen/sources_1/bd/finn_design/synth/finn_design.v" Line 292. Module MVAU_hls_4_imp_6UFUIX has a timescale but at least one module in design doesn't have timescale.
WARNING: [XSIM 43-4100] "/home/changhong/prj/finn/notebooks/EF-US-Engine-Free-Unstructured-Sparsity-Design-Alleviates-Accelerator-Bottlenecks/casestudy1/LeNet_MNIST_BNN/build/auto/home/changhong/prj/finn/notebooks/EF-US-Engine-Free-Unstructured-Sparsity-Design-Alleviates-Accelerator-Bottlenecks/casestudy1/LeNet_MNIST_BNN/tmp/auto/vivado_stitch_proj_b2b_bym1/finn_vivado_stitch_proj.gen/sources_1/bd/finn_design/ipshared/dc9c/hdl/verilog/MVAU_hls_4.v" Line 10. Module MVAU_hls_4 has a timescale but at least one module in design doesn't have timescale.
WARNING: [XSIM 43-4100] "/home/changhong/prj/finn/notebooks/EF-US-Engine-Free-Unstructured-Sparsity-Design-Alleviates-Accelerator-Bottlenecks/casestudy1/LeNet_MNIST_BNN/build/auto/home/changhong/prj/finn/notebooks/EF-US-Engine-Free-Unstructured-Sparsity-Design-Alleviates-Accelerator-Bottlenecks/casestudy1/LeNet_MNIST_BNN/tmp/auto/vivado_stitch_proj_b2b_bym1/finn_vivado_stitch_proj.gen/sources_1/bd/finn_design/ipshared/dc9c/hdl/verilog/MVAU_hls_4_mux_847_1_1_1.v" Line 9. Module MVAU_hls_4_mux_847_1_1_1(ID=1,din0_WIDTH=1,din1_WIDTH=1,din2_WIDTH=1,din3_WIDTH=1,din4_WIDTH=1,din5_WIDTH=1,din6_WIDTH=1,din7_WIDTH=1,din8_WIDTH=1,din9_WIDTH=1,din10_WIDTH=1,din11_WIDTH=1,din12_WIDTH=1,din13_WIDTH=1,din14_WIDTH=1,din15_WIDTH=1,din16_WIDTH=1,din17_WIDTH=1,din18_WIDTH=1,din19_WIDTH=1,din20_WIDTH=1,din21_WIDTH=1,din22_WIDTH=1,din23_WIDTH=1,din24_WIDTH=1,din25_WIDTH=1,din26_WIDTH=1,din27_WIDTH=1,din28_WIDTH=1,din29_WIDTH=1,din30_WIDTH=1,din31_WIDTH=1,din32_WIDTH=1,din33_WIDTH=1,din34_WIDTH=1,din35_WIDTH=1,din36_WIDTH=1,din37_WIDTH=1,din38_WIDTH=1,din39_WIDTH=1,din40_WIDTH=1,din41_WIDTH=1,din42_WIDTH=1,din43_WIDTH=1,din44_WIDTH=1,din45_WIDTH=1,din46_WIDTH=1,din47_WIDTH=1,din48_WIDTH=1,din49_WIDTH=1,din50_WIDTH=1,din51_WIDTH=1,din52_WIDTH=1,din53_WIDTH=1,din54_WIDTH=1,din55_WIDTH=1,din56_WIDTH=1,din57_WIDTH=1,din58_WIDTH=1,din59_WIDTH=1,din60_WIDTH=1,din61_WIDTH=1,din62_WIDTH=1,din63_WIDTH=1,din64_WIDTH=1,din65_WIDTH=1,din66_WIDTH=1,din67_WIDTH=1,din68_WIDTH=1,din69_WIDTH=1,din70_WIDTH=1,din71_WIDTH=1,din72_WIDTH=1,din73_WIDTH=1,din74_WIDTH=1,din75_WIDTH=1,din76_WIDTH=1,din77_WIDTH=1,din78_WIDTH=1,din79_WIDTH=1,din80_WIDTH=1,din81_WIDTH=1,din82_WIDTH=1,din83_WIDTH=1,din84_WIDTH=7,dout_WIDTH=1) has a timescale but at least one module in design doesn't have timescale.
WARNING: [XSIM 43-4100] "/home/changhong/prj/finn/notebooks/EF-US-Engine-Free-Unstructured-Sparsity-Design-Alleviates-Accelerator-Bottlenecks/casestudy1/LeNet_MNIST_BNN/build/auto/home/changhong/prj/finn/notebooks/EF-US-Engine-Free-Unstructured-Sparsity-Design-Alleviates-Accelerator-Bottlenecks/casestudy1/LeNet_MNIST_BNN/tmp/auto/vivado_stitch_proj_b2b_bym1/finn_vivado_stitch_proj.gen/sources_1/bd/finn_design/ipshared/dc9c/hdl/verilog/MVAU_hls_4_flow_control_loop_pipe_no_ap_cont.v" Line 9. Module MVAU_hls_4_flow_control_loop_pipe_no_ap_cont has a timescale but at least one module in design doesn't have timescale.
WARNING: [XSIM 43-4100] "/home/changhong/prj/finn/notebooks/EF-US-Engine-Free-Unstructured-Sparsity-Design-Alleviates-Accelerator-Bottlenecks/casestudy1/LeNet_MNIST_BNN/build/auto/home/changhong/prj/finn/notebooks/EF-US-Engine-Free-Unstructured-Sparsity-Design-Alleviates-Accelerator-Bottlenecks/casestudy1/LeNet_MNIST_BNN/tmp/auto/vivado_stitch_proj_b2b_bym1/finn_vivado_stitch_proj.gen/sources_1/bd/finn_design/ipshared/dc9c/hdl/verilog/MVAU_hls_4_regslice_both.v" Line 9. Module MVAU_hls_4_regslice_both(DataWidth=8) has a timescale but at least one module in design doesn't have timescale.
WARNING: [XSIM 43-4100] "/home/changhong/prj/finn/notebooks/EF-US-Engine-Free-Unstructured-Sparsity-Design-Alleviates-Accelerator-Bottlenecks/casestudy1/LeNet_MNIST_BNN/build/auto/home/changhong/prj/finn/notebooks/EF-US-Engine-Free-Unstructured-Sparsity-Design-Alleviates-Accelerator-Bottlenecks/casestudy1/LeNet_MNIST_BNN/tmp/auto/vivado_stitch_proj_b2b_bym1/finn_vivado_stitch_proj.gen/sources_1/bd/finn_design/ipshared/dc9c/hdl/verilog/MVAU_hls_4_regslice_both.v" Line 9. Module MVAU_hls_4_regslice_both(DataWidth=8) has a timescale but at least one module in design doesn't have timescale.
WARNING: [XSIM 43-4100] "/home/changhong/prj/finn/notebooks/EF-US-Engine-Free-Unstructured-Sparsity-Design-Alleviates-Accelerator-Bottlenecks/casestudy1/LeNet_MNIST_BNN/build/auto/home/changhong/prj/finn/notebooks/EF-US-Engine-Free-Unstructured-Sparsity-Design-Alleviates-Accelerator-Bottlenecks/casestudy1/LeNet_MNIST_BNN/tmp/auto/vivado_stitch_proj_b2b_bym1/finn_vivado_stitch_proj.gen/sources_1/bd/finn_design/ipshared/dc9c/hdl/verilog/MVAU_hls_4_regslice_both.v" Line 9. Module MVAU_hls_4_regslice_both(DataWidth=8) has a timescale but at least one module in design doesn't have timescale.
WARNING: [XSIM 43-4100] "/home/changhong/prj/finn/notebooks/EF-US-Engine-Free-Unstructured-Sparsity-Design-Alleviates-Accelerator-Bottlenecks/casestudy1/LeNet_MNIST_BNN/build/auto/home/changhong/prj/finn/notebooks/EF-US-Engine-Free-Unstructured-Sparsity-Design-Alleviates-Accelerator-Bottlenecks/casestudy1/LeNet_MNIST_BNN/tmp/auto/vivado_stitch_proj_b2b_bym1/finn_vivado_stitch_proj.gen/sources_1/bd/finn_design/ipshared/654e/hdl/verilog/StreamingMaxPool_hls_0.v" Line 10. Module StreamingMaxPool_hls_0 has a timescale but at least one module in design doesn't have timescale.
WARNING: [XSIM 43-4100] "/home/changhong/prj/finn/notebooks/EF-US-Engine-Free-Unstructured-Sparsity-Design-Alleviates-Accelerator-Bottlenecks/casestudy1/LeNet_MNIST_BNN/build/auto/home/changhong/prj/finn/notebooks/EF-US-Engine-Free-Unstructured-Sparsity-Design-Alleviates-Accelerator-Bottlenecks/casestudy1/LeNet_MNIST_BNN/tmp/auto/vivado_stitch_proj_b2b_bym1/finn_vivado_stitch_proj.gen/sources_1/bd/finn_design/ipshared/654e/hdl/verilog/StreamingMaxPool_hls_0_buf_V_RAM_AUTO_1R1W.v" Line 7. Module StreamingMaxPool_hls_0_buf_V_RAM_AUTO_1R1W has a timescale but at least one module in design doesn't have timescale.
WARNING: [XSIM 43-4100] "/home/changhong/prj/finn/notebooks/EF-US-Engine-Free-Unstructured-Sparsity-Design-Alleviates-Accelerator-Bottlenecks/casestudy1/LeNet_MNIST_BNN/build/auto/home/changhong/prj/finn/notebooks/EF-US-Engine-Free-Unstructured-Sparsity-Design-Alleviates-Accelerator-Bottlenecks/casestudy1/LeNet_MNIST_BNN/tmp/auto/vivado_stitch_proj_b2b_bym1/finn_vivado_stitch_proj.gen/sources_1/bd/finn_design/ipshared/654e/hdl/verilog/StreamingMaxPool_hls_0_StreamingMaxPool_hls_0_Pipeline_VITIS_LOOP_79_3_VITIS_LOOP_80_4_VITIS_LOOP_82_5.v" Line 10. Module StreamingMaxPool_hls_0_StreamingMaxPool_hls_0_Pipeline_VITIS_LOOP_79_3_VITIS_LOOP_80_4_VITIS_LOOP_82_5 has a timescale but at least one module in design doesn't have timescale.
WARNING: [XSIM 43-4100] "/home/changhong/prj/finn/notebooks/EF-US-Engine-Free-Unstructured-Sparsity-Design-Alleviates-Accelerator-Bottlenecks/casestudy1/LeNet_MNIST_BNN/build/auto/home/changhong/prj/finn/notebooks/EF-US-Engine-Free-Unstructured-Sparsity-Design-Alleviates-Accelerator-Bottlenecks/casestudy1/LeNet_MNIST_BNN/tmp/auto/vivado_stitch_proj_b2b_bym1/finn_vivado_stitch_proj.gen/sources_1/bd/finn_design/ipshared/654e/hdl/verilog/StreamingMaxPool_hls_0_flow_control_loop_pipe_sequential_init.v" Line 9. Module StreamingMaxPool_hls_0_flow_control_loop_pipe_sequential_init has a timescale but at least one module in design doesn't have timescale.
WARNING: [XSIM 43-4100] "/home/changhong/prj/finn/notebooks/EF-US-Engine-Free-Unstructured-Sparsity-Design-Alleviates-Accelerator-Bottlenecks/casestudy1/LeNet_MNIST_BNN/build/auto/home/changhong/prj/finn/notebooks/EF-US-Engine-Free-Unstructured-Sparsity-Design-Alleviates-Accelerator-Bottlenecks/casestudy1/LeNet_MNIST_BNN/tmp/auto/vivado_stitch_proj_b2b_bym1/finn_vivado_stitch_proj.gen/sources_1/bd/finn_design/ipshared/654e/hdl/verilog/StreamingMaxPool_hls_0_StreamingMaxPool_hls_0_Pipeline_VITIS_LOOP_90_6.v" Line 10. Module StreamingMaxPool_hls_0_StreamingMaxPool_hls_0_Pipeline_VITIS_LOOP_90_6 has a timescale but at least one module in design doesn't have timescale.
WARNING: [XSIM 43-4100] "/home/changhong/prj/finn/notebooks/EF-US-Engine-Free-Unstructured-Sparsity-Design-Alleviates-Accelerator-Bottlenecks/casestudy1/LeNet_MNIST_BNN/build/auto/home/changhong/prj/finn/notebooks/EF-US-Engine-Free-Unstructured-Sparsity-Design-Alleviates-Accelerator-Bottlenecks/casestudy1/LeNet_MNIST_BNN/tmp/auto/vivado_stitch_proj_b2b_bym1/finn_vivado_stitch_proj.gen/sources_1/bd/finn_design/ipshared/654e/hdl/verilog/StreamingMaxPool_hls_0_flow_control_loop_pipe_sequential_init.v" Line 9. Module StreamingMaxPool_hls_0_flow_control_loop_pipe_sequential_init has a timescale but at least one module in design doesn't have timescale.
WARNING: [XSIM 43-4100] "/home/changhong/prj/finn/notebooks/EF-US-Engine-Free-Unstructured-Sparsity-Design-Alleviates-Accelerator-Bottlenecks/casestudy1/LeNet_MNIST_BNN/build/auto/home/changhong/prj/finn/notebooks/EF-US-Engine-Free-Unstructured-Sparsity-Design-Alleviates-Accelerator-Bottlenecks/casestudy1/LeNet_MNIST_BNN/tmp/auto/vivado_stitch_proj_b2b_bym1/finn_vivado_stitch_proj.gen/sources_1/bd/finn_design/ipshared/654e/hdl/verilog/StreamingMaxPool_hls_0_regslice_both.v" Line 9. Module StreamingMaxPool_hls_0_regslice_both(DataWidth=8) has a timescale but at least one module in design doesn't have timescale.
WARNING: [XSIM 43-4100] "/home/changhong/prj/finn/notebooks/EF-US-Engine-Free-Unstructured-Sparsity-Design-Alleviates-Accelerator-Bottlenecks/casestudy1/LeNet_MNIST_BNN/build/auto/home/changhong/prj/finn/notebooks/EF-US-Engine-Free-Unstructured-Sparsity-Design-Alleviates-Accelerator-Bottlenecks/casestudy1/LeNet_MNIST_BNN/tmp/auto/vivado_stitch_proj_b2b_bym1/finn_vivado_stitch_proj.gen/sources_1/bd/finn_design/ipshared/654e/hdl/verilog/StreamingMaxPool_hls_0_regslice_both.v" Line 9. Module StreamingMaxPool_hls_0_regslice_both(DataWidth=8) has a timescale but at least one module in design doesn't have timescale.
WARNING: [XSIM 43-4100] "/home/changhong/prj/finn/notebooks/EF-US-Engine-Free-Unstructured-Sparsity-Design-Alleviates-Accelerator-Bottlenecks/casestudy1/LeNet_MNIST_BNN/build/auto/home/changhong/prj/finn/notebooks/EF-US-Engine-Free-Unstructured-Sparsity-Design-Alleviates-Accelerator-Bottlenecks/casestudy1/LeNet_MNIST_BNN/tmp/auto/vivado_stitch_proj_b2b_bym1/finn_vivado_stitch_proj.gen/sources_1/bd/finn_design/ipshared/2342/hdl/verilog/StreamingMaxPool_hls_1.v" Line 10. Module StreamingMaxPool_hls_1 has a timescale but at least one module in design doesn't have timescale.
WARNING: [XSIM 43-4100] "/home/changhong/prj/finn/notebooks/EF-US-Engine-Free-Unstructured-Sparsity-Design-Alleviates-Accelerator-Bottlenecks/casestudy1/LeNet_MNIST_BNN/build/auto/home/changhong/prj/finn/notebooks/EF-US-Engine-Free-Unstructured-Sparsity-Design-Alleviates-Accelerator-Bottlenecks/casestudy1/LeNet_MNIST_BNN/tmp/auto/vivado_stitch_proj_b2b_bym1/finn_vivado_stitch_proj.gen/sources_1/bd/finn_design/ipshared/2342/hdl/verilog/StreamingMaxPool_hls_1_buf_V_RAM_AUTO_1R1W.v" Line 7. Module StreamingMaxPool_hls_1_buf_V_RAM_AUTO_1R1W has a timescale but at least one module in design doesn't have timescale.
WARNING: [XSIM 43-4100] "/home/changhong/prj/finn/notebooks/EF-US-Engine-Free-Unstructured-Sparsity-Design-Alleviates-Accelerator-Bottlenecks/casestudy1/LeNet_MNIST_BNN/build/auto/home/changhong/prj/finn/notebooks/EF-US-Engine-Free-Unstructured-Sparsity-Design-Alleviates-Accelerator-Bottlenecks/casestudy1/LeNet_MNIST_BNN/tmp/auto/vivado_stitch_proj_b2b_bym1/finn_vivado_stitch_proj.gen/sources_1/bd/finn_design/ipshared/2342/hdl/verilog/StreamingMaxPool_hls_1_StreamingMaxPool_hls_1_Pipeline_VITIS_LOOP_79_3_VITIS_LOOP_80_4_VITIS_LOOP_82_5.v" Line 10. Module StreamingMaxPool_hls_1_StreamingMaxPool_hls_1_Pipeline_VITIS_LOOP_79_3_VITIS_LOOP_80_4_VITIS_LOOP_82_5 has a timescale but at least one module in design doesn't have timescale.
WARNING: [XSIM 43-4100] "/home/changhong/prj/finn/notebooks/EF-US-Engine-Free-Unstructured-Sparsity-Design-Alleviates-Accelerator-Bottlenecks/casestudy1/LeNet_MNIST_BNN/build/auto/home/changhong/prj/finn/notebooks/EF-US-Engine-Free-Unstructured-Sparsity-Design-Alleviates-Accelerator-Bottlenecks/casestudy1/LeNet_MNIST_BNN/tmp/auto/vivado_stitch_proj_b2b_bym1/finn_vivado_stitch_proj.gen/sources_1/bd/finn_design/ipshared/2342/hdl/verilog/StreamingMaxPool_hls_1_flow_control_loop_pipe_sequential_init.v" Line 9. Module StreamingMaxPool_hls_1_flow_control_loop_pipe_sequential_init has a timescale but at least one module in design doesn't have timescale.
WARNING: [XSIM 43-4100] "/home/changhong/prj/finn/notebooks/EF-US-Engine-Free-Unstructured-Sparsity-Design-Alleviates-Accelerator-Bottlenecks/casestudy1/LeNet_MNIST_BNN/build/auto/home/changhong/prj/finn/notebooks/EF-US-Engine-Free-Unstructured-Sparsity-Design-Alleviates-Accelerator-Bottlenecks/casestudy1/LeNet_MNIST_BNN/tmp/auto/vivado_stitch_proj_b2b_bym1/finn_vivado_stitch_proj.gen/sources_1/bd/finn_design/ipshared/2342/hdl/verilog/StreamingMaxPool_hls_1_StreamingMaxPool_hls_1_Pipeline_VITIS_LOOP_90_6.v" Line 10. Module StreamingMaxPool_hls_1_StreamingMaxPool_hls_1_Pipeline_VITIS_LOOP_90_6 has a timescale but at least one module in design doesn't have timescale.
WARNING: [XSIM 43-4100] "/home/changhong/prj/finn/notebooks/EF-US-Engine-Free-Unstructured-Sparsity-Design-Alleviates-Accelerator-Bottlenecks/casestudy1/LeNet_MNIST_BNN/build/auto/home/changhong/prj/finn/notebooks/EF-US-Engine-Free-Unstructured-Sparsity-Design-Alleviates-Accelerator-Bottlenecks/casestudy1/LeNet_MNIST_BNN/tmp/auto/vivado_stitch_proj_b2b_bym1/finn_vivado_stitch_proj.gen/sources_1/bd/finn_design/ipshared/2342/hdl/verilog/StreamingMaxPool_hls_1_flow_control_loop_pipe_sequential_init.v" Line 9. Module StreamingMaxPool_hls_1_flow_control_loop_pipe_sequential_init has a timescale but at least one module in design doesn't have timescale.
WARNING: [XSIM 43-4100] "/home/changhong/prj/finn/notebooks/EF-US-Engine-Free-Unstructured-Sparsity-Design-Alleviates-Accelerator-Bottlenecks/casestudy1/LeNet_MNIST_BNN/build/auto/home/changhong/prj/finn/notebooks/EF-US-Engine-Free-Unstructured-Sparsity-Design-Alleviates-Accelerator-Bottlenecks/casestudy1/LeNet_MNIST_BNN/tmp/auto/vivado_stitch_proj_b2b_bym1/finn_vivado_stitch_proj.gen/sources_1/bd/finn_design/ipshared/2342/hdl/verilog/StreamingMaxPool_hls_1_regslice_both.v" Line 9. Module StreamingMaxPool_hls_1_regslice_both(DataWidth=16) has a timescale but at least one module in design doesn't have timescale.
WARNING: [XSIM 43-4100] "/home/changhong/prj/finn/notebooks/EF-US-Engine-Free-Unstructured-Sparsity-Design-Alleviates-Accelerator-Bottlenecks/casestudy1/LeNet_MNIST_BNN/build/auto/home/changhong/prj/finn/notebooks/EF-US-Engine-Free-Unstructured-Sparsity-Design-Alleviates-Accelerator-Bottlenecks/casestudy1/LeNet_MNIST_BNN/tmp/auto/vivado_stitch_proj_b2b_bym1/finn_vivado_stitch_proj.gen/sources_1/bd/finn_design/ipshared/2342/hdl/verilog/StreamingMaxPool_hls_1_regslice_both.v" Line 9. Module StreamingMaxPool_hls_1_regslice_both(DataWidth=16) has a timescale but at least one module in design doesn't have timescale.
Completed simulation data flow analysis
Time Resolution for simulation is 1ps
Compiling package work.swg
Compiling module work.glbl
Compiling module work.swg_reg_buffer(WIDTH=32'b01000,D...
Compiling module work.swg_ram_buffer(WIDTH=32'b01000,D...
Compiling module work.ConvolutionInputGenerator_rtl_0_...
Compiling module work.swg_controller(LOOP_H_ITERATIONS...
Compiling module work.ConvolutionInputGenerator_rtl_0_...
Compiling module work.ConvolutionInputGenerator_rtl_0(...
Compiling module work.finn_design_ConvolutionInputGene...
Compiling module work.swg_reg_buffer(WIDTH=32'b0110,DE...
Compiling module work.swg_ram_buffer(WIDTH=32'b0110,DE...
Compiling module work.ConvolutionInputGenerator_rtl_1_...
Compiling module work.swg_controller(LOOP_H_ITERATIONS...
Compiling module work.ConvolutionInputGenerator_rtl_1_...
Compiling module work.ConvolutionInputGenerator_rtl_1(...
Compiling module work.finn_design_ConvolutionInputGene...
Compiling module work.swg_cyclic_buffer_addressable(WI...
Compiling module work.swg_controller(LOOP_H_ITERATIONS...
Compiling module work.ConvolutionInputGenerator_rtl_2_...
Compiling module work.ConvolutionInputGenerator_rtl_2(...
Compiling module work.finn_design_ConvolutionInputGene...
Compiling module work.MVAU_hls_0_mul_8s_2s_10_1_1(NUM_...
Compiling module work.MVAU_hls_0_mac_muladd_8s_2s_10s_...
Compiling module work.MVAU_hls_0_mac_muladd_8s_2s_10s_...
Compiling module work.MVAU_hls_0_mac_muladd_8s_2s_11s_...
Compiling module work.MVAU_hls_0_mac_muladd_8s_2s_11s_...
Compiling module work.MVAU_hls_0_flow_control_loop_pip...
Compiling module work.MVAU_hls_0_Matrix_Vector_Activat...
Compiling module work.MVAU_hls_0_regslice_both(DataWid...
Compiling module work.MVAU_hls_0_regslice_both(DataWid...
Compiling module work.MVAU_hls_0_regslice_both(DataWid...
Compiling module work.MVAU_hls_0
Compiling module work.finn_design_MVAU_hls_0_0
Compiling module work.axi4lite_if(ADDR_WIDTH=32'b0110,...
Compiling module work.memstream(DEPTH=32'b01,WIDTH=32'...
Compiling module work.memstream_axi(DEPTH=32'b01,WIDTH...
Compiling module work.MVAU_hls_0_memstream_wrapper(AXI...
Compiling module work.finn_design_MVAU_hls_0_wstrm_0
Compiling module work.MVAU_hls_0_imp_7OH4JA
Compiling module work.MVAU_hls_1_Matrix_Vector_Activat...
Compiling module work.MVAU_hls_1_Matrix_Vector_Activat...
Compiling module work.MVAU_hls_1_Matrix_Vector_Activat...
Compiling module work.MVAU_hls_1_Matrix_Vector_Activat...
Compiling module work.MVAU_hls_1_Matrix_Vector_Activat...
Compiling module work.MVAU_hls_1_Matrix_Vector_Activat...
Compiling module work.MVAU_hls_1_Matrix_Vector_Activat...
Compiling module work.MVAU_hls_1_Matrix_Vector_Activat...
Compiling module work.MVAU_hls_1_mux_53_30_1_1(ID=1,di...
Compiling module work.MVAU_hls_1_flow_control_loop_pip...
Compiling module work.MVAU_hls_1_Matrix_Vector_Activat...
Compiling module work.MVAU_hls_1_regslice_both
Compiling module work.MVAU_hls_1_regslice_both(DataWid...
Compiling module work.MVAU_hls_1_regslice_both(DataWid...
Compiling module work.MVAU_hls_1
Compiling module work.finn_design_MVAU_hls_1_0
Compiling module work.axi4lite_if(ADDR_WIDTH=32'b01001...
Compiling module work.memstream(DEPTH=32'b01010,WIDTH=...
Compiling module work.memstream_axi(DEPTH=32'b01010,WI...
Compiling module work.MVAU_hls_1_memstream_wrapper(AXI...
Compiling module work.finn_design_MVAU_hls_1_wstrm_0
Compiling module work.MVAU_hls_1_imp_ZIW0NT
Compiling module work.MVAU_hls_2_Matrix_Vector_Activat...
Compiling module work.MVAU_hls_2_Matrix_Vector_Activat...
Compiling module work.MVAU_hls_2_mux_164_25_1_1(ID=1,d...
Compiling module work.MVAU_hls_2_flow_control_loop_pip...
Compiling module work.MVAU_hls_2_Matrix_Vector_Activat...
Compiling module work.MVAU_hls_2_regslice_both
Compiling module work.MVAU_hls_2_regslice_both(DataWid...
Compiling module work.MVAU_hls_2_regslice_both(DataWid...
Compiling module work.MVAU_hls_2
Compiling module work.finn_design_MVAU_hls_2_0
Compiling module work.axi4lite_if(ADDR_WIDTH=32'b01101...
Compiling module work.memstream(DEPTH=32'b01111000000,...
Compiling module work.memstream_axi(DEPTH=32'b01111000...
Compiling module work.MVAU_hls_2_memstream_wrapper(AXI...
Compiling module work.finn_design_MVAU_hls_2_wstrm_0
Compiling module work.MVAU_hls_2_imp_1WP2WTL
Compiling module work.MVAU_hls_3_Matrix_Vector_Activat...
Compiling module work.MVAU_hls_3_mux_124_10_1_1(ID=1,d...
Compiling module work.MVAU_hls_3_flow_control_loop_pip...
Compiling module work.MVAU_hls_3_Matrix_Vector_Activat...
Compiling module work.MVAU_hls_3_regslice_both(DataWid...
Compiling module work.MVAU_hls_3_regslice_both(DataWid...
Compiling module work.MVAU_hls_3
Compiling module work.finn_design_MVAU_hls_3_0
Compiling module work.axi4lite_if(ADDR_WIDTH=32'b01100...
Compiling module work.memstream(DEPTH=32'b01111110000,...
Compiling module work.memstream_axi(DEPTH=32'b01111110...
Compiling module work.MVAU_hls_3_memstream_wrapper(AXI...
Compiling module work.finn_design_MVAU_hls_3_wstrm_0
Compiling module work.MVAU_hls_3_imp_U0RWZQ
Compiling module work.MVAU_hls_4_mux_847_1_1_1(ID=1,di...
Compiling module work.MVAU_hls_4_flow_control_loop_pip...
Compiling module work.MVAU_hls_4_regslice_both(DataWid...
Compiling module work.MVAU_hls_4
Compiling module work.finn_design_MVAU_hls_4_0
Compiling module work.axi4lite_if(ADDR_WIDTH=32'b01100...
Compiling module work.memstream(DEPTH=32'b01101001000,...
Compiling module work.memstream_axi(DEPTH=32'b01101001...
Compiling module work.MVAU_hls_4_memstream_wrapper(AXI...
Compiling module work.finn_design_MVAU_hls_4_wstrm_0
Compiling module work.MVAU_hls_4_imp_6UFUIX
Compiling module work.dwc(IBITS=32'b010010110,OBITS=32...
Compiling module work.dwc_axi(IBITS=32'b010010110,OBIT...
Compiling module work.StreamingDataWidthConverter_rtl_...
Compiling module work.dwc(IBITS=32'b01000,OBITS=32'b01...
Compiling module work.dwc_axi(IBITS=32'b01000,OBITS=32...
Compiling module work.StreamingDataWidthConverter_rtl_...
Compiling module work.dwc(IBITS=32'b010000,OBITS=32'b0...
Compiling module work.dwc_axi(IBITS=32'b010000,OBITS=3...
Compiling module work.StreamingDataWidthConverter_rtl_...
Compiling module work.dwc(IBITS=32'b01,OBITS=32'b01100...
Compiling module work.dwc_axi(IBITS=32'b01,OBITS=32'b0...
Compiling module work.StreamingDataWidthConverter_rtl_...
Compiling module work.dwc(IBITS=32'b010,OBITS=32'b0101...
Compiling module work.dwc_axi(IBITS=32'b010,OBITS=32'b...
Compiling module work.StreamingDataWidthConverter_rtl_...
Compiling module work.Q_srl(depth=2,width=8)
Compiling module work.StreamingFIFO_rtl_0
Compiling module work.finn_design_StreamingFIFO_rtl_0_...
Compiling module work.Q_srl(depth=2,width=200)
Compiling module work.StreamingFIFO_rtl_1
Compiling module work.finn_design_StreamingFIFO_rtl_1_...
Compiling module work.StreamingFIFO_rtl_10
Compiling module work.finn_design_StreamingFIFO_rtl_10...
Compiling module work.Q_srl(depth=32,width=32)
Compiling module work.StreamingFIFO_rtl_11
Compiling module work.finn_design_StreamingFIFO_rtl_11...
Compiling module work.StreamingFIFO_rtl_12
Compiling module work.finn_design_StreamingFIFO_rtl_12...
Compiling module work.Q_srl(depth=32)
Compiling module work.StreamingFIFO_rtl_13
Compiling module work.finn_design_StreamingFIFO_rtl_13...
Compiling module work.Q_srl(depth=53,width=8)
Compiling module work.StreamingFIFO_rtl_14
Compiling module work.finn_design_StreamingFIFO_rtl_14...
Compiling module work.StreamingFIFO_rtl_15
Compiling module work.finn_design_StreamingFIFO_rtl_15...
Compiling module work.Q_srl(depth=194,width=8)
Compiling module work.StreamingFIFO_rtl_2
Compiling module work.finn_design_StreamingFIFO_rtl_2_...
Compiling module work.StreamingFIFO_rtl_3
Compiling module work.finn_design_StreamingFIFO_rtl_3_...
Compiling module work.Q_srl(depth=32,width=152)
Compiling module work.StreamingFIFO_rtl_4
Compiling module work.finn_design_StreamingFIFO_rtl_4_...
Compiling module work.Q_srl(depth=123,width=32)
Compiling module work.StreamingFIFO_rtl_5
Compiling module work.finn_design_StreamingFIFO_rtl_5_...
Compiling module work.StreamingFIFO_rtl_6
Compiling module work.finn_design_StreamingFIFO_rtl_6_...
Compiling module work.Q_srl(depth=2)
Compiling module work.StreamingFIFO_rtl_7
Compiling module work.finn_design_StreamingFIFO_rtl_7_...
Compiling module work.StreamingFIFO_rtl_8
Compiling module work.finn_design_StreamingFIFO_rtl_8_...
Compiling module work.StreamingFIFO_rtl_9
Compiling module work.finn_design_StreamingFIFO_rtl_9_...
Compiling module work.StreamingMaxPool_hls_0_buf_V_RAM...
Compiling module work.StreamingMaxPool_hls_0_flow_cont...
Compiling module work.StreamingMaxPool_hls_0_Streaming...
Compiling module work.StreamingMaxPool_hls_0_Streaming...
Compiling module work.StreamingMaxPool_hls_0_regslice_...
Compiling module work.StreamingMaxPool_hls_0
Compiling module work.finn_design_StreamingMaxPool_hls...
Compiling module work.StreamingMaxPool_hls_1_buf_V_RAM...
Compiling module work.StreamingMaxPool_hls_1_flow_cont...
Compiling module work.StreamingMaxPool_hls_1_Streaming...
Compiling module work.StreamingMaxPool_hls_1_Streaming...
Compiling module work.StreamingMaxPool_hls_1_regslice_...
Compiling module work.StreamingMaxPool_hls_1
Compiling module work.finn_design_StreamingMaxPool_hls...
Compiling module work.finn_design
Compiling module work.finn_design_wrapper
Built XSI simulation shared library xsim.dir/finn_design_wrapper/xsimk.so
