#-----------------------------------------------------------
# Vivado v2022.2 (64-bit)
# SW Build 3671981 on Fri Oct 14 04:59:54 MDT 2022
# IP Build 3669848 on Fri Oct 14 08:30:02 MDT 2022
# Start of session at: Sun Jun 22 17:12:58 2025
# Process ID: 152942
# Current directory: /home/changhong/prj/finn/notebooks/EF-US-Engine-Free-Unstructured-Sparsity-Design-Alleviates-Accelerator-Bottlenecks/casestudy1/LeNet_MNIST_BNN/build/auto/home/changhong/prj/finn/notebooks/EF-US-Engine-Free-Unstructured-Sparsity-Design-Alleviates-Accelerator-Bottlenecks/casestudy1/LeNet_MNIST_BNN/tmp/auto/synth_out_of_context_bmn3t5l1/results_finn_design_wrapper
# Command line: vivado -mode tcl -source finn_design_wrapper.tcl -tclargs finn_design_wrapper
# Log file: /home/changhong/prj/finn/notebooks/EF-US-Engine-Free-Unstructured-Sparsity-Design-Alleviates-Accelerator-Bottlenecks/casestudy1/LeNet_MNIST_BNN/build/auto/home/changhong/prj/finn/notebooks/EF-US-Engine-Free-Unstructured-Sparsity-Design-Alleviates-Accelerator-Bottlenecks/casestudy1/LeNet_MNIST_BNN/tmp/auto/synth_out_of_context_bmn3t5l1/results_finn_design_wrapper/vivado.log
# Journal file: /home/changhong/prj/finn/notebooks/EF-US-Engine-Free-Unstructured-Sparsity-Design-Alleviates-Accelerator-Bottlenecks/casestudy1/LeNet_MNIST_BNN/build/auto/home/changhong/prj/finn/notebooks/EF-US-Engine-Free-Unstructured-Sparsity-Design-Alleviates-Accelerator-Bottlenecks/casestudy1/LeNet_MNIST_BNN/tmp/auto/synth_out_of_context_bmn3t5l1/results_finn_design_wrapper/vivado.jou
# Running On: finn_dev_root, OS: Linux, CPU Frequency: 4513.554 MHz, CPU Physical cores: 16, Host memory: 33137 MB
#-----------------------------------------------------------
INFO: [Common 17-1239] XILINX_LOCAL_USER_DATA is set to 'no'.
source finn_design_wrapper.tcl
# set fpga_part "xczu7ev-ffvc1156-2-e"
# set origin_dir "."
# if { [info exists ::origin_dir_loc] } {
#   set origin_dir $::origin_dir_loc
# }
# variable script_file
# set script_file "vivadocompile.tcl"
# proc help {} {
#   variable script_file
#   puts "\nDescription:"
#   puts "Recreate a Vivado project from this script. The created project will be"
#   puts "functionally equivalent to the original project for which this script was"
#   puts "generated. The script contains commands for creating a project, filesets,"
#   puts "runs, adding/importing sources and setting properties on various objects.\n"
#   puts "Syntax:"
#   puts "$script_file"
#   puts "$script_file -tclargs \[--origin_dir <path>\]"
#   puts "$script_file -tclargs \[--help\]\n"
#   puts "Usage:"
#   puts "Name                   Description"
#   puts "-------------------------------------------------------------------------"
#   puts "\[--origin_dir <path>\]  Determine source file paths wrt this path. Default"
#   puts "                       origin_dir path value is \".\", otherwise, the value"
#   puts "                       that was set with the \"-paths_relative_to\" switch"
#   puts "                       when this script was generated.\n"
#   puts "\[--help\]               Print help information for this script"
#   puts "-------------------------------------------------------------------------\n"
#   exit 0
# }
# if { $::argc > 0 } {
#   for {set i 0} {$i < [llength $::argc]} {incr i} {
#     set option [string trim [lindex $::argv $i]]
#     switch -regexp -- $option {
#       "--origin_dir" { incr i; set origin_dir [lindex $::argv $i] }
#       "--help"       { help }
#       default {
#         if { [regexp {^-} $option] } {
#           puts "ERROR: Unknown option '$option' specified, please type '$script_file -tclargs --help' for usage info.\n"
#           return 1
#         }
#       }
#     }
#   }
# }
# set orig_proj_dir "[file normalize "$origin_dir/vivadocompile"]"
# create_project -force vivadocompile ./vivadocompile -part $fpga_part
# set proj_dir [get_property directory [current_project]]
# set obj [get_projects vivadocompile]
# set_property "default_lib" "xil_defaultlib" $obj
# set_property "sim.ip.auto_export_scripts" "1" $obj
# set_property "simulator_language" "Mixed" $obj
# if {[string equal [get_filesets -quiet sources_1] ""]} {
#   create_fileset -srcset sources_1
# }
# set obj [get_filesets sources_1]
# source sources.tcl
## set files [list \
## "[file normalize "$origin_dir/dummy_nachiket_fooling_zsh_for_loops.h"]"\
## "[file normalize "$origin_dir/axilite_if.v"]"\
## "[file normalize "$origin_dir/ConvolutionInputGenerator_rtl_0_wrapper.v"]"\
## "[file normalize "$origin_dir/ConvolutionInputGenerator_rtl_1_wrapper.v"]"\
## "[file normalize "$origin_dir/ConvolutionInputGenerator_rtl_2_wrapper.v"]"\
## "[file normalize "$origin_dir/finn_design_ConvolutionInputGenerator_rtl_0_0.v"]"\
## "[file normalize "$origin_dir/finn_design_ConvolutionInputGenerator_rtl_1_0.v"]"\
## "[file normalize "$origin_dir/finn_design_ConvolutionInputGenerator_rtl_2_0.v"]"\
## "[file normalize "$origin_dir/finn_design_MVAU_hls_0_0.v"]"\
## "[file normalize "$origin_dir/finn_design_MVAU_hls_0_wstrm_0.v"]"\
## "[file normalize "$origin_dir/finn_design_MVAU_hls_1_0.v"]"\
## "[file normalize "$origin_dir/finn_design_MVAU_hls_1_wstrm_0.v"]"\
## "[file normalize "$origin_dir/finn_design_MVAU_hls_2_0.v"]"\
## "[file normalize "$origin_dir/finn_design_MVAU_hls_2_wstrm_0.v"]"\
## "[file normalize "$origin_dir/finn_design_MVAU_hls_3_0.v"]"\
## "[file normalize "$origin_dir/finn_design_MVAU_hls_3_wstrm_0.v"]"\
## "[file normalize "$origin_dir/finn_design_MVAU_hls_4_0.v"]"\
## "[file normalize "$origin_dir/finn_design_MVAU_hls_4_wstrm_0.v"]"\
## "[file normalize "$origin_dir/finn_design_StreamingDataWidthConverter_rtl_0_0.v"]"\
## "[file normalize "$origin_dir/finn_design_StreamingDataWidthConverter_rtl_1_0.v"]"\
## "[file normalize "$origin_dir/finn_design_StreamingDataWidthConverter_rtl_2_0.v"]"\
## "[file normalize "$origin_dir/finn_design_StreamingDataWidthConverter_rtl_3_0.v"]"\
## "[file normalize "$origin_dir/finn_design_StreamingDataWidthConverter_rtl_4_0.v"]"\
## "[file normalize "$origin_dir/finn_design_StreamingFIFO_rtl_0_0.v"]"\
## "[file normalize "$origin_dir/finn_design_StreamingFIFO_rtl_10_0.v"]"\
## "[file normalize "$origin_dir/finn_design_StreamingFIFO_rtl_1_0.v"]"\
## "[file normalize "$origin_dir/finn_design_StreamingFIFO_rtl_11_0.v"]"\
## "[file normalize "$origin_dir/finn_design_StreamingFIFO_rtl_12_0.v"]"\
## "[file normalize "$origin_dir/finn_design_StreamingFIFO_rtl_13_0.v"]"\
## "[file normalize "$origin_dir/finn_design_StreamingFIFO_rtl_14_0.v"]"\
## "[file normalize "$origin_dir/finn_design_StreamingFIFO_rtl_15_0.v"]"\
## "[file normalize "$origin_dir/finn_design_StreamingFIFO_rtl_2_0.v"]"\
## "[file normalize "$origin_dir/finn_design_StreamingFIFO_rtl_3_0.v"]"\
## "[file normalize "$origin_dir/finn_design_StreamingFIFO_rtl_4_0.v"]"\
## "[file normalize "$origin_dir/finn_design_StreamingFIFO_rtl_5_0.v"]"\
## "[file normalize "$origin_dir/finn_design_StreamingFIFO_rtl_6_0.v"]"\
## "[file normalize "$origin_dir/finn_design_StreamingFIFO_rtl_7_0.v"]"\
## "[file normalize "$origin_dir/finn_design_StreamingFIFO_rtl_8_0.v"]"\
## "[file normalize "$origin_dir/finn_design_StreamingFIFO_rtl_9_0.v"]"\
## "[file normalize "$origin_dir/finn_design_StreamingMaxPool_hls_0_0.v"]"\
## "[file normalize "$origin_dir/finn_design_StreamingMaxPool_hls_1_0.v"]"\
## "[file normalize "$origin_dir/finn_design.v"]"\
## "[file normalize "$origin_dir/finn_design_wrapper.v"]"\
## "[file normalize "$origin_dir/MVAU_hls_0_flow_control_loop_pipe_sequential_init.v"]"\
## "[file normalize "$origin_dir/MVAU_hls_0_hls_deadlock_idx0_monitor.v"]"\
## "[file normalize "$origin_dir/MVAU_hls_0_hls_deadlock_idx1_monitor.v"]"\
## "[file normalize "$origin_dir/MVAU_hls_0_mac_muladd_8s_2s_10s_11_4_1.v"]"\
## "[file normalize "$origin_dir/MVAU_hls_0_mac_muladd_8s_2s_11s_11_4_1.v"]"\
## "[file normalize "$origin_dir/MVAU_hls_0_Matrix_Vector_Activate_Stream_Batch.v"]"\
## "[file normalize "$origin_dir/MVAU_hls_0_memstream_wrapper.v"]"\
## "[file normalize "$origin_dir/MVAU_hls_0_mul_8s_2s_10_1_1.v"]"\
## "[file normalize "$origin_dir/MVAU_hls_0_regslice_both.v"]"\
## "[file normalize "$origin_dir/MVAU_hls_0.v"]"\
## "[file normalize "$origin_dir/MVAU_hls_1_flow_control_loop_pipe_sequential_init.v"]"\
## "[file normalize "$origin_dir/MVAU_hls_1_hls_deadlock_idx0_monitor.v"]"\
## "[file normalize "$origin_dir/MVAU_hls_1_hls_deadlock_idx1_monitor.v"]"\
## "[file normalize "$origin_dir/MVAU_hls_1_Matrix_Vector_Activate_Stream_Batch_p_ZL7threshs_0_ROM_AUTO_1R.v"]"\
## "[file normalize "$origin_dir/MVAU_hls_1_Matrix_Vector_Activate_Stream_Batch_p_ZL7threshs_1_ROM_AUTO_1R.v"]"\
## "[file normalize "$origin_dir/MVAU_hls_1_Matrix_Vector_Activate_Stream_Batch_p_ZL7threshs_2_ROM_AUTO_1R.v"]"\
## "[file normalize "$origin_dir/MVAU_hls_1_Matrix_Vector_Activate_Stream_Batch_p_ZL7threshs_3_ROM_AUTO_1R.v"]"\
## "[file normalize "$origin_dir/MVAU_hls_1_Matrix_Vector_Activate_Stream_Batch_p_ZL7threshs_4_ROM_AUTO_1R.v"]"\
## "[file normalize "$origin_dir/MVAU_hls_1_Matrix_Vector_Activate_Stream_Batch_p_ZL7threshs_5_ROM_AUTO_1R.v"]"\
## "[file normalize "$origin_dir/MVAU_hls_1_Matrix_Vector_Activate_Stream_Batch_p_ZL7threshs_6_ROM_AUTO_1R.v"]"\
## "[file normalize "$origin_dir/MVAU_hls_1_Matrix_Vector_Activate_Stream_Batch_p_ZL7threshs_7_ROM_AUTO_1R.v"]"\
## "[file normalize "$origin_dir/MVAU_hls_1_Matrix_Vector_Activate_Stream_Batch.v"]"\
## "[file normalize "$origin_dir/MVAU_hls_1_memstream_wrapper.v"]"\
## "[file normalize "$origin_dir/MVAU_hls_1_mux_53_30_1_1.v"]"\
## "[file normalize "$origin_dir/MVAU_hls_1_regslice_both.v"]"\
## "[file normalize "$origin_dir/MVAU_hls_1.v"]"\
## "[file normalize "$origin_dir/MVAU_hls_2_flow_control_loop_pipe_sequential_init.v"]"\
## "[file normalize "$origin_dir/MVAU_hls_2_hls_deadlock_idx0_monitor.v"]"\
## "[file normalize "$origin_dir/MVAU_hls_2_hls_deadlock_idx1_monitor.v"]"\
## "[file normalize "$origin_dir/MVAU_hls_2_Matrix_Vector_Activate_Stream_Batch_p_ZL7threshs_0_ROM_AUTO_1R.v"]"\
## "[file normalize "$origin_dir/MVAU_hls_2_Matrix_Vector_Activate_Stream_Batch_p_ZL7threshs_1_ROM_AUTO_1R.v"]"\
## "[file normalize "$origin_dir/MVAU_hls_2_Matrix_Vector_Activate_Stream_Batch.v"]"\
## "[file normalize "$origin_dir/MVAU_hls_2_memstream_wrapper.v"]"\
## "[file normalize "$origin_dir/MVAU_hls_2_mux_164_25_1_1.v"]"\
## "[file normalize "$origin_dir/MVAU_hls_2_regslice_both.v"]"\
## "[file normalize "$origin_dir/MVAU_hls_2.v"]"\
## "[file normalize "$origin_dir/MVAU_hls_3_flow_control_loop_pipe_sequential_init.v"]"\
## "[file normalize "$origin_dir/MVAU_hls_3_hls_deadlock_idx0_monitor.v"]"\
## "[file normalize "$origin_dir/MVAU_hls_3_hls_deadlock_idx1_monitor.v"]"\
## "[file normalize "$origin_dir/MVAU_hls_3_Matrix_Vector_Activate_Stream_Batch_threshs_ROM_AUTO_1R.v"]"\
## "[file normalize "$origin_dir/MVAU_hls_3_Matrix_Vector_Activate_Stream_Batch.v"]"\
## "[file normalize "$origin_dir/MVAU_hls_3_memstream_wrapper.v"]"\
## "[file normalize "$origin_dir/MVAU_hls_3_mux_124_10_1_1.v"]"\
## "[file normalize "$origin_dir/MVAU_hls_3_regslice_both.v"]"\
## "[file normalize "$origin_dir/MVAU_hls_3.v"]"\
## "[file normalize "$origin_dir/MVAU_hls_4_flow_control_loop_pipe_no_ap_cont.v"]"\
## "[file normalize "$origin_dir/MVAU_hls_4_hls_deadlock_idx0_monitor.v"]"\
## "[file normalize "$origin_dir/MVAU_hls_4_memstream_wrapper.v"]"\
## "[file normalize "$origin_dir/MVAU_hls_4_mux_847_1_1_1.v"]"\
## "[file normalize "$origin_dir/MVAU_hls_4_regslice_both.v"]"\
## "[file normalize "$origin_dir/MVAU_hls_4.v"]"\
## "[file normalize "$origin_dir/Q_srl.v"]"\
## "[file normalize "$origin_dir/StreamingDataWidthConverter_rtl_0.v"]"\
## "[file normalize "$origin_dir/StreamingDataWidthConverter_rtl_1.v"]"\
## "[file normalize "$origin_dir/StreamingDataWidthConverter_rtl_2.v"]"\
## "[file normalize "$origin_dir/StreamingDataWidthConverter_rtl_3.v"]"\
## "[file normalize "$origin_dir/StreamingDataWidthConverter_rtl_4.v"]"\
## "[file normalize "$origin_dir/StreamingFIFO_rtl_0.v"]"\
## "[file normalize "$origin_dir/StreamingFIFO_rtl_10.v"]"\
## "[file normalize "$origin_dir/StreamingFIFO_rtl_11.v"]"\
## "[file normalize "$origin_dir/StreamingFIFO_rtl_12.v"]"\
## "[file normalize "$origin_dir/StreamingFIFO_rtl_13.v"]"\
## "[file normalize "$origin_dir/StreamingFIFO_rtl_14.v"]"\
## "[file normalize "$origin_dir/StreamingFIFO_rtl_15.v"]"\
## "[file normalize "$origin_dir/StreamingFIFO_rtl_1.v"]"\
## "[file normalize "$origin_dir/StreamingFIFO_rtl_2.v"]"\
## "[file normalize "$origin_dir/StreamingFIFO_rtl_3.v"]"\
## "[file normalize "$origin_dir/StreamingFIFO_rtl_4.v"]"\
## "[file normalize "$origin_dir/StreamingFIFO_rtl_5.v"]"\
## "[file normalize "$origin_dir/StreamingFIFO_rtl_6.v"]"\
## "[file normalize "$origin_dir/StreamingFIFO_rtl_7.v"]"\
## "[file normalize "$origin_dir/StreamingFIFO_rtl_8.v"]"\
## "[file normalize "$origin_dir/StreamingFIFO_rtl_9.v"]"\
## "[file normalize "$origin_dir/StreamingMaxPool_hls_0_buf_V_RAM_AUTO_1R1W.v"]"\
## "[file normalize "$origin_dir/StreamingMaxPool_hls_0_flow_control_loop_pipe_sequential_init.v"]"\
## "[file normalize "$origin_dir/StreamingMaxPool_hls_0_hls_deadlock_idx0_monitor.v"]"\
## "[file normalize "$origin_dir/StreamingMaxPool_hls_0_regslice_both.v"]"\
## "[file normalize "$origin_dir/StreamingMaxPool_hls_0_StreamingMaxPool_hls_0_Pipeline_VITIS_LOOP_79_3_VITIS_LOOP_80_4_VITIS_LOOP_82_5.v"]"\
## "[file normalize "$origin_dir/StreamingMaxPool_hls_0_StreamingMaxPool_hls_0_Pipeline_VITIS_LOOP_90_6.v"]"\
## "[file normalize "$origin_dir/StreamingMaxPool_hls_0.v"]"\
## "[file normalize "$origin_dir/StreamingMaxPool_hls_1_buf_V_RAM_AUTO_1R1W.v"]"\
## "[file normalize "$origin_dir/StreamingMaxPool_hls_1_flow_control_loop_pipe_sequential_init.v"]"\
## "[file normalize "$origin_dir/StreamingMaxPool_hls_1_hls_deadlock_idx0_monitor.v"]"\
## "[file normalize "$origin_dir/StreamingMaxPool_hls_1_regslice_both.v"]"\
## "[file normalize "$origin_dir/StreamingMaxPool_hls_1_StreamingMaxPool_hls_1_Pipeline_VITIS_LOOP_79_3_VITIS_LOOP_80_4_VITIS_LOOP_82_5.v"]"\
## "[file normalize "$origin_dir/StreamingMaxPool_hls_1_StreamingMaxPool_hls_1_Pipeline_VITIS_LOOP_90_6.v"]"\
## "[file normalize "$origin_dir/StreamingMaxPool_hls_1.v"]"\
## "[file normalize "$origin_dir/ConvolutionInputGenerator_rtl_0_impl.sv"]"\
## "[file normalize "$origin_dir/ConvolutionInputGenerator_rtl_1_impl.sv"]"\
## "[file normalize "$origin_dir/ConvolutionInputGenerator_rtl_2_impl.sv"]"\
## "[file normalize "$origin_dir/dummy_sv_file.sv"]"\
## "[file normalize "$origin_dir/dwc_axi.sv"]"\
## "[file normalize "$origin_dir/dwc.sv"]"\
## "[file normalize "$origin_dir/memstream_axi.sv"]"\
## "[file normalize "$origin_dir/memstream.sv"]"\
## "[file normalize "$origin_dir/swg_common.sv"]"\
## "[file normalize "$origin_dir/swg_pkg.sv"]"\
## "[file normalize "$origin_dir/dummy_vhdl_file.vhd"]"\
## ]
## add_files -norecurse -fileset $obj $files
# add_files -norecurse -fileset $obj $files
WARNING: [filemgmt 56-12] File '/home/changhong/prj/finn/notebooks/EF-US-Engine-Free-Unstructured-Sparsity-Design-Alleviates-Accelerator-Bottlenecks/casestudy1/LeNet_MNIST_BNN/build/auto/home/changhong/prj/finn/notebooks/EF-US-Engine-Free-Unstructured-Sparsity-Design-Alleviates-Accelerator-Bottlenecks/casestudy1/LeNet_MNIST_BNN/tmp/auto/synth_out_of_context_bmn3t5l1/results_finn_design_wrapper/dummy_nachiket_fooling_zsh_for_loops.h' cannot be added to the project because it already exists in the project, skipping this file
WARNING: [filemgmt 56-12] File '/home/changhong/prj/finn/notebooks/EF-US-Engine-Free-Unstructured-Sparsity-Design-Alleviates-Accelerator-Bottlenecks/casestudy1/LeNet_MNIST_BNN/build/auto/home/changhong/prj/finn/notebooks/EF-US-Engine-Free-Unstructured-Sparsity-Design-Alleviates-Accelerator-Bottlenecks/casestudy1/LeNet_MNIST_BNN/tmp/auto/synth_out_of_context_bmn3t5l1/results_finn_design_wrapper/axilite_if.v' cannot be added to the project because it already exists in the project, skipping this file
WARNING: [filemgmt 56-12] File '/home/changhong/prj/finn/notebooks/EF-US-Engine-Free-Unstructured-Sparsity-Design-Alleviates-Accelerator-Bottlenecks/casestudy1/LeNet_MNIST_BNN/build/auto/home/changhong/prj/finn/notebooks/EF-US-Engine-Free-Unstructured-Sparsity-Design-Alleviates-Accelerator-Bottlenecks/casestudy1/LeNet_MNIST_BNN/tmp/auto/synth_out_of_context_bmn3t5l1/results_finn_design_wrapper/ConvolutionInputGenerator_rtl_0_wrapper.v' cannot be added to the project because it already exists in the project, skipping this file
WARNING: [filemgmt 56-12] File '/home/changhong/prj/finn/notebooks/EF-US-Engine-Free-Unstructured-Sparsity-Design-Alleviates-Accelerator-Bottlenecks/casestudy1/LeNet_MNIST_BNN/build/auto/home/changhong/prj/finn/notebooks/EF-US-Engine-Free-Unstructured-Sparsity-Design-Alleviates-Accelerator-Bottlenecks/casestudy1/LeNet_MNIST_BNN/tmp/auto/synth_out_of_context_bmn3t5l1/results_finn_design_wrapper/ConvolutionInputGenerator_rtl_1_wrapper.v' cannot be added to the project because it already exists in the project, skipping this file
WARNING: [filemgmt 56-12] File '/home/changhong/prj/finn/notebooks/EF-US-Engine-Free-Unstructured-Sparsity-Design-Alleviates-Accelerator-Bottlenecks/casestudy1/LeNet_MNIST_BNN/build/auto/home/changhong/prj/finn/notebooks/EF-US-Engine-Free-Unstructured-Sparsity-Design-Alleviates-Accelerator-Bottlenecks/casestudy1/LeNet_MNIST_BNN/tmp/auto/synth_out_of_context_bmn3t5l1/results_finn_design_wrapper/ConvolutionInputGenerator_rtl_2_wrapper.v' cannot be added to the project because it already exists in the project, skipping this file
WARNING: [filemgmt 56-12] File '/home/changhong/prj/finn/notebooks/EF-US-Engine-Free-Unstructured-Sparsity-Design-Alleviates-Accelerator-Bottlenecks/casestudy1/LeNet_MNIST_BNN/build/auto/home/changhong/prj/finn/notebooks/EF-US-Engine-Free-Unstructured-Sparsity-Design-Alleviates-Accelerator-Bottlenecks/casestudy1/LeNet_MNIST_BNN/tmp/auto/synth_out_of_context_bmn3t5l1/results_finn_design_wrapper/finn_design_ConvolutionInputGenerator_rtl_0_0.v' cannot be added to the project because it already exists in the project, skipping this file
WARNING: [filemgmt 56-12] File '/home/changhong/prj/finn/notebooks/EF-US-Engine-Free-Unstructured-Sparsity-Design-Alleviates-Accelerator-Bottlenecks/casestudy1/LeNet_MNIST_BNN/build/auto/home/changhong/prj/finn/notebooks/EF-US-Engine-Free-Unstructured-Sparsity-Design-Alleviates-Accelerator-Bottlenecks/casestudy1/LeNet_MNIST_BNN/tmp/auto/synth_out_of_context_bmn3t5l1/results_finn_design_wrapper/finn_design_ConvolutionInputGenerator_rtl_1_0.v' cannot be added to the project because it already exists in the project, skipping this file
WARNING: [filemgmt 56-12] File '/home/changhong/prj/finn/notebooks/EF-US-Engine-Free-Unstructured-Sparsity-Design-Alleviates-Accelerator-Bottlenecks/casestudy1/LeNet_MNIST_BNN/build/auto/home/changhong/prj/finn/notebooks/EF-US-Engine-Free-Unstructured-Sparsity-Design-Alleviates-Accelerator-Bottlenecks/casestudy1/LeNet_MNIST_BNN/tmp/auto/synth_out_of_context_bmn3t5l1/results_finn_design_wrapper/finn_design_ConvolutionInputGenerator_rtl_2_0.v' cannot be added to the project because it already exists in the project, skipping this file
WARNING: [filemgmt 56-12] File '/home/changhong/prj/finn/notebooks/EF-US-Engine-Free-Unstructured-Sparsity-Design-Alleviates-Accelerator-Bottlenecks/casestudy1/LeNet_MNIST_BNN/build/auto/home/changhong/prj/finn/notebooks/EF-US-Engine-Free-Unstructured-Sparsity-Design-Alleviates-Accelerator-Bottlenecks/casestudy1/LeNet_MNIST_BNN/tmp/auto/synth_out_of_context_bmn3t5l1/results_finn_design_wrapper/finn_design_MVAU_hls_0_0.v' cannot be added to the project because it already exists in the project, skipping this file
WARNING: [filemgmt 56-12] File '/home/changhong/prj/finn/notebooks/EF-US-Engine-Free-Unstructured-Sparsity-Design-Alleviates-Accelerator-Bottlenecks/casestudy1/LeNet_MNIST_BNN/build/auto/home/changhong/prj/finn/notebooks/EF-US-Engine-Free-Unstructured-Sparsity-Design-Alleviates-Accelerator-Bottlenecks/casestudy1/LeNet_MNIST_BNN/tmp/auto/synth_out_of_context_bmn3t5l1/results_finn_design_wrapper/finn_design_MVAU_hls_0_wstrm_0.v' cannot be added to the project because it already exists in the project, skipping this file
WARNING: [filemgmt 56-12] File '/home/changhong/prj/finn/notebooks/EF-US-Engine-Free-Unstructured-Sparsity-Design-Alleviates-Accelerator-Bottlenecks/casestudy1/LeNet_MNIST_BNN/build/auto/home/changhong/prj/finn/notebooks/EF-US-Engine-Free-Unstructured-Sparsity-Design-Alleviates-Accelerator-Bottlenecks/casestudy1/LeNet_MNIST_BNN/tmp/auto/synth_out_of_context_bmn3t5l1/results_finn_design_wrapper/finn_design_MVAU_hls_1_0.v' cannot be added to the project because it already exists in the project, skipping this file
WARNING: [filemgmt 56-12] File '/home/changhong/prj/finn/notebooks/EF-US-Engine-Free-Unstructured-Sparsity-Design-Alleviates-Accelerator-Bottlenecks/casestudy1/LeNet_MNIST_BNN/build/auto/home/changhong/prj/finn/notebooks/EF-US-Engine-Free-Unstructured-Sparsity-Design-Alleviates-Accelerator-Bottlenecks/casestudy1/LeNet_MNIST_BNN/tmp/auto/synth_out_of_context_bmn3t5l1/results_finn_design_wrapper/finn_design_MVAU_hls_1_wstrm_0.v' cannot be added to the project because it already exists in the project, skipping this file
WARNING: [filemgmt 56-12] File '/home/changhong/prj/finn/notebooks/EF-US-Engine-Free-Unstructured-Sparsity-Design-Alleviates-Accelerator-Bottlenecks/casestudy1/LeNet_MNIST_BNN/build/auto/home/changhong/prj/finn/notebooks/EF-US-Engine-Free-Unstructured-Sparsity-Design-Alleviates-Accelerator-Bottlenecks/casestudy1/LeNet_MNIST_BNN/tmp/auto/synth_out_of_context_bmn3t5l1/results_finn_design_wrapper/finn_design_MVAU_hls_2_0.v' cannot be added to the project because it already exists in the project, skipping this file
WARNING: [filemgmt 56-12] File '/home/changhong/prj/finn/notebooks/EF-US-Engine-Free-Unstructured-Sparsity-Design-Alleviates-Accelerator-Bottlenecks/casestudy1/LeNet_MNIST_BNN/build/auto/home/changhong/prj/finn/notebooks/EF-US-Engine-Free-Unstructured-Sparsity-Design-Alleviates-Accelerator-Bottlenecks/casestudy1/LeNet_MNIST_BNN/tmp/auto/synth_out_of_context_bmn3t5l1/results_finn_design_wrapper/finn_design_MVAU_hls_2_wstrm_0.v' cannot be added to the project because it already exists in the project, skipping this file
WARNING: [filemgmt 56-12] File '/home/changhong/prj/finn/notebooks/EF-US-Engine-Free-Unstructured-Sparsity-Design-Alleviates-Accelerator-Bottlenecks/casestudy1/LeNet_MNIST_BNN/build/auto/home/changhong/prj/finn/notebooks/EF-US-Engine-Free-Unstructured-Sparsity-Design-Alleviates-Accelerator-Bottlenecks/casestudy1/LeNet_MNIST_BNN/tmp/auto/synth_out_of_context_bmn3t5l1/results_finn_design_wrapper/finn_design_MVAU_hls_3_0.v' cannot be added to the project because it already exists in the project, skipping this file
WARNING: [filemgmt 56-12] File '/home/changhong/prj/finn/notebooks/EF-US-Engine-Free-Unstructured-Sparsity-Design-Alleviates-Accelerator-Bottlenecks/casestudy1/LeNet_MNIST_BNN/build/auto/home/changhong/prj/finn/notebooks/EF-US-Engine-Free-Unstructured-Sparsity-Design-Alleviates-Accelerator-Bottlenecks/casestudy1/LeNet_MNIST_BNN/tmp/auto/synth_out_of_context_bmn3t5l1/results_finn_design_wrapper/finn_design_MVAU_hls_3_wstrm_0.v' cannot be added to the project because it already exists in the project, skipping this file
WARNING: [filemgmt 56-12] File '/home/changhong/prj/finn/notebooks/EF-US-Engine-Free-Unstructured-Sparsity-Design-Alleviates-Accelerator-Bottlenecks/casestudy1/LeNet_MNIST_BNN/build/auto/home/changhong/prj/finn/notebooks/EF-US-Engine-Free-Unstructured-Sparsity-Design-Alleviates-Accelerator-Bottlenecks/casestudy1/LeNet_MNIST_BNN/tmp/auto/synth_out_of_context_bmn3t5l1/results_finn_design_wrapper/finn_design_MVAU_hls_4_0.v' cannot be added to the project because it already exists in the project, skipping this file
WARNING: [filemgmt 56-12] File '/home/changhong/prj/finn/notebooks/EF-US-Engine-Free-Unstructured-Sparsity-Design-Alleviates-Accelerator-Bottlenecks/casestudy1/LeNet_MNIST_BNN/build/auto/home/changhong/prj/finn/notebooks/EF-US-Engine-Free-Unstructured-Sparsity-Design-Alleviates-Accelerator-Bottlenecks/casestudy1/LeNet_MNIST_BNN/tmp/auto/synth_out_of_context_bmn3t5l1/results_finn_design_wrapper/finn_design_MVAU_hls_4_wstrm_0.v' cannot be added to the project because it already exists in the project, skipping this file
WARNING: [filemgmt 56-12] File '/home/changhong/prj/finn/notebooks/EF-US-Engine-Free-Unstructured-Sparsity-Design-Alleviates-Accelerator-Bottlenecks/casestudy1/LeNet_MNIST_BNN/build/auto/home/changhong/prj/finn/notebooks/EF-US-Engine-Free-Unstructured-Sparsity-Design-Alleviates-Accelerator-Bottlenecks/casestudy1/LeNet_MNIST_BNN/tmp/auto/synth_out_of_context_bmn3t5l1/results_finn_design_wrapper/finn_design_StreamingDataWidthConverter_rtl_0_0.v' cannot be added to the project because it already exists in the project, skipping this file
WARNING: [filemgmt 56-12] File '/home/changhong/prj/finn/notebooks/EF-US-Engine-Free-Unstructured-Sparsity-Design-Alleviates-Accelerator-Bottlenecks/casestudy1/LeNet_MNIST_BNN/build/auto/home/changhong/prj/finn/notebooks/EF-US-Engine-Free-Unstructured-Sparsity-Design-Alleviates-Accelerator-Bottlenecks/casestudy1/LeNet_MNIST_BNN/tmp/auto/synth_out_of_context_bmn3t5l1/results_finn_design_wrapper/finn_design_StreamingDataWidthConverter_rtl_1_0.v' cannot be added to the project because it already exists in the project, skipping this file
WARNING: [filemgmt 56-12] File '/home/changhong/prj/finn/notebooks/EF-US-Engine-Free-Unstructured-Sparsity-Design-Alleviates-Accelerator-Bottlenecks/casestudy1/LeNet_MNIST_BNN/build/auto/home/changhong/prj/finn/notebooks/EF-US-Engine-Free-Unstructured-Sparsity-Design-Alleviates-Accelerator-Bottlenecks/casestudy1/LeNet_MNIST_BNN/tmp/auto/synth_out_of_context_bmn3t5l1/results_finn_design_wrapper/finn_design_StreamingDataWidthConverter_rtl_2_0.v' cannot be added to the project because it already exists in the project, skipping this file
WARNING: [filemgmt 56-12] File '/home/changhong/prj/finn/notebooks/EF-US-Engine-Free-Unstructured-Sparsity-Design-Alleviates-Accelerator-Bottlenecks/casestudy1/LeNet_MNIST_BNN/build/auto/home/changhong/prj/finn/notebooks/EF-US-Engine-Free-Unstructured-Sparsity-Design-Alleviates-Accelerator-Bottlenecks/casestudy1/LeNet_MNIST_BNN/tmp/auto/synth_out_of_context_bmn3t5l1/results_finn_design_wrapper/finn_design_StreamingDataWidthConverter_rtl_3_0.v' cannot be added to the project because it already exists in the project, skipping this file
WARNING: [filemgmt 56-12] File '/home/changhong/prj/finn/notebooks/EF-US-Engine-Free-Unstructured-Sparsity-Design-Alleviates-Accelerator-Bottlenecks/casestudy1/LeNet_MNIST_BNN/build/auto/home/changhong/prj/finn/notebooks/EF-US-Engine-Free-Unstructured-Sparsity-Design-Alleviates-Accelerator-Bottlenecks/casestudy1/LeNet_MNIST_BNN/tmp/auto/synth_out_of_context_bmn3t5l1/results_finn_design_wrapper/finn_design_StreamingDataWidthConverter_rtl_4_0.v' cannot be added to the project because it already exists in the project, skipping this file
WARNING: [filemgmt 56-12] File '/home/changhong/prj/finn/notebooks/EF-US-Engine-Free-Unstructured-Sparsity-Design-Alleviates-Accelerator-Bottlenecks/casestudy1/LeNet_MNIST_BNN/build/auto/home/changhong/prj/finn/notebooks/EF-US-Engine-Free-Unstructured-Sparsity-Design-Alleviates-Accelerator-Bottlenecks/casestudy1/LeNet_MNIST_BNN/tmp/auto/synth_out_of_context_bmn3t5l1/results_finn_design_wrapper/finn_design_StreamingFIFO_rtl_0_0.v' cannot be added to the project because it already exists in the project, skipping this file
WARNING: [filemgmt 56-12] File '/home/changhong/prj/finn/notebooks/EF-US-Engine-Free-Unstructured-Sparsity-Design-Alleviates-Accelerator-Bottlenecks/casestudy1/LeNet_MNIST_BNN/build/auto/home/changhong/prj/finn/notebooks/EF-US-Engine-Free-Unstructured-Sparsity-Design-Alleviates-Accelerator-Bottlenecks/casestudy1/LeNet_MNIST_BNN/tmp/auto/synth_out_of_context_bmn3t5l1/results_finn_design_wrapper/finn_design_StreamingFIFO_rtl_10_0.v' cannot be added to the project because it already exists in the project, skipping this file
WARNING: [filemgmt 56-12] File '/home/changhong/prj/finn/notebooks/EF-US-Engine-Free-Unstructured-Sparsity-Design-Alleviates-Accelerator-Bottlenecks/casestudy1/LeNet_MNIST_BNN/build/auto/home/changhong/prj/finn/notebooks/EF-US-Engine-Free-Unstructured-Sparsity-Design-Alleviates-Accelerator-Bottlenecks/casestudy1/LeNet_MNIST_BNN/tmp/auto/synth_out_of_context_bmn3t5l1/results_finn_design_wrapper/finn_design_StreamingFIFO_rtl_1_0.v' cannot be added to the project because it already exists in the project, skipping this file
WARNING: [filemgmt 56-12] File '/home/changhong/prj/finn/notebooks/EF-US-Engine-Free-Unstructured-Sparsity-Design-Alleviates-Accelerator-Bottlenecks/casestudy1/LeNet_MNIST_BNN/build/auto/home/changhong/prj/finn/notebooks/EF-US-Engine-Free-Unstructured-Sparsity-Design-Alleviates-Accelerator-Bottlenecks/casestudy1/LeNet_MNIST_BNN/tmp/auto/synth_out_of_context_bmn3t5l1/results_finn_design_wrapper/finn_design_StreamingFIFO_rtl_11_0.v' cannot be added to the project because it already exists in the project, skipping this file
WARNING: [filemgmt 56-12] File '/home/changhong/prj/finn/notebooks/EF-US-Engine-Free-Unstructured-Sparsity-Design-Alleviates-Accelerator-Bottlenecks/casestudy1/LeNet_MNIST_BNN/build/auto/home/changhong/prj/finn/notebooks/EF-US-Engine-Free-Unstructured-Sparsity-Design-Alleviates-Accelerator-Bottlenecks/casestudy1/LeNet_MNIST_BNN/tmp/auto/synth_out_of_context_bmn3t5l1/results_finn_design_wrapper/finn_design_StreamingFIFO_rtl_12_0.v' cannot be added to the project because it already exists in the project, skipping this file
WARNING: [filemgmt 56-12] File '/home/changhong/prj/finn/notebooks/EF-US-Engine-Free-Unstructured-Sparsity-Design-Alleviates-Accelerator-Bottlenecks/casestudy1/LeNet_MNIST_BNN/build/auto/home/changhong/prj/finn/notebooks/EF-US-Engine-Free-Unstructured-Sparsity-Design-Alleviates-Accelerator-Bottlenecks/casestudy1/LeNet_MNIST_BNN/tmp/auto/synth_out_of_context_bmn3t5l1/results_finn_design_wrapper/finn_design_StreamingFIFO_rtl_13_0.v' cannot be added to the project because it already exists in the project, skipping this file
WARNING: [filemgmt 56-12] File '/home/changhong/prj/finn/notebooks/EF-US-Engine-Free-Unstructured-Sparsity-Design-Alleviates-Accelerator-Bottlenecks/casestudy1/LeNet_MNIST_BNN/build/auto/home/changhong/prj/finn/notebooks/EF-US-Engine-Free-Unstructured-Sparsity-Design-Alleviates-Accelerator-Bottlenecks/casestudy1/LeNet_MNIST_BNN/tmp/auto/synth_out_of_context_bmn3t5l1/results_finn_design_wrapper/finn_design_StreamingFIFO_rtl_14_0.v' cannot be added to the project because it already exists in the project, skipping this file
WARNING: [filemgmt 56-12] File '/home/changhong/prj/finn/notebooks/EF-US-Engine-Free-Unstructured-Sparsity-Design-Alleviates-Accelerator-Bottlenecks/casestudy1/LeNet_MNIST_BNN/build/auto/home/changhong/prj/finn/notebooks/EF-US-Engine-Free-Unstructured-Sparsity-Design-Alleviates-Accelerator-Bottlenecks/casestudy1/LeNet_MNIST_BNN/tmp/auto/synth_out_of_context_bmn3t5l1/results_finn_design_wrapper/finn_design_StreamingFIFO_rtl_15_0.v' cannot be added to the project because it already exists in the project, skipping this file
WARNING: [filemgmt 56-12] File '/home/changhong/prj/finn/notebooks/EF-US-Engine-Free-Unstructured-Sparsity-Design-Alleviates-Accelerator-Bottlenecks/casestudy1/LeNet_MNIST_BNN/build/auto/home/changhong/prj/finn/notebooks/EF-US-Engine-Free-Unstructured-Sparsity-Design-Alleviates-Accelerator-Bottlenecks/casestudy1/LeNet_MNIST_BNN/tmp/auto/synth_out_of_context_bmn3t5l1/results_finn_design_wrapper/finn_design_StreamingFIFO_rtl_2_0.v' cannot be added to the project because it already exists in the project, skipping this file
WARNING: [filemgmt 56-12] File '/home/changhong/prj/finn/notebooks/EF-US-Engine-Free-Unstructured-Sparsity-Design-Alleviates-Accelerator-Bottlenecks/casestudy1/LeNet_MNIST_BNN/build/auto/home/changhong/prj/finn/notebooks/EF-US-Engine-Free-Unstructured-Sparsity-Design-Alleviates-Accelerator-Bottlenecks/casestudy1/LeNet_MNIST_BNN/tmp/auto/synth_out_of_context_bmn3t5l1/results_finn_design_wrapper/finn_design_StreamingFIFO_rtl_3_0.v' cannot be added to the project because it already exists in the project, skipping this file
WARNING: [filemgmt 56-12] File '/home/changhong/prj/finn/notebooks/EF-US-Engine-Free-Unstructured-Sparsity-Design-Alleviates-Accelerator-Bottlenecks/casestudy1/LeNet_MNIST_BNN/build/auto/home/changhong/prj/finn/notebooks/EF-US-Engine-Free-Unstructured-Sparsity-Design-Alleviates-Accelerator-Bottlenecks/casestudy1/LeNet_MNIST_BNN/tmp/auto/synth_out_of_context_bmn3t5l1/results_finn_design_wrapper/finn_design_StreamingFIFO_rtl_4_0.v' cannot be added to the project because it already exists in the project, skipping this file
WARNING: [filemgmt 56-12] File '/home/changhong/prj/finn/notebooks/EF-US-Engine-Free-Unstructured-Sparsity-Design-Alleviates-Accelerator-Bottlenecks/casestudy1/LeNet_MNIST_BNN/build/auto/home/changhong/prj/finn/notebooks/EF-US-Engine-Free-Unstructured-Sparsity-Design-Alleviates-Accelerator-Bottlenecks/casestudy1/LeNet_MNIST_BNN/tmp/auto/synth_out_of_context_bmn3t5l1/results_finn_design_wrapper/finn_design_StreamingFIFO_rtl_5_0.v' cannot be added to the project because it already exists in the project, skipping this file
WARNING: [filemgmt 56-12] File '/home/changhong/prj/finn/notebooks/EF-US-Engine-Free-Unstructured-Sparsity-Design-Alleviates-Accelerator-Bottlenecks/casestudy1/LeNet_MNIST_BNN/build/auto/home/changhong/prj/finn/notebooks/EF-US-Engine-Free-Unstructured-Sparsity-Design-Alleviates-Accelerator-Bottlenecks/casestudy1/LeNet_MNIST_BNN/tmp/auto/synth_out_of_context_bmn3t5l1/results_finn_design_wrapper/finn_design_StreamingFIFO_rtl_6_0.v' cannot be added to the project because it already exists in the project, skipping this file
WARNING: [filemgmt 56-12] File '/home/changhong/prj/finn/notebooks/EF-US-Engine-Free-Unstructured-Sparsity-Design-Alleviates-Accelerator-Bottlenecks/casestudy1/LeNet_MNIST_BNN/build/auto/home/changhong/prj/finn/notebooks/EF-US-Engine-Free-Unstructured-Sparsity-Design-Alleviates-Accelerator-Bottlenecks/casestudy1/LeNet_MNIST_BNN/tmp/auto/synth_out_of_context_bmn3t5l1/results_finn_design_wrapper/finn_design_StreamingFIFO_rtl_7_0.v' cannot be added to the project because it already exists in the project, skipping this file
WARNING: [filemgmt 56-12] File '/home/changhong/prj/finn/notebooks/EF-US-Engine-Free-Unstructured-Sparsity-Design-Alleviates-Accelerator-Bottlenecks/casestudy1/LeNet_MNIST_BNN/build/auto/home/changhong/prj/finn/notebooks/EF-US-Engine-Free-Unstructured-Sparsity-Design-Alleviates-Accelerator-Bottlenecks/casestudy1/LeNet_MNIST_BNN/tmp/auto/synth_out_of_context_bmn3t5l1/results_finn_design_wrapper/finn_design_StreamingFIFO_rtl_8_0.v' cannot be added to the project because it already exists in the project, skipping this file
WARNING: [filemgmt 56-12] File '/home/changhong/prj/finn/notebooks/EF-US-Engine-Free-Unstructured-Sparsity-Design-Alleviates-Accelerator-Bottlenecks/casestudy1/LeNet_MNIST_BNN/build/auto/home/changhong/prj/finn/notebooks/EF-US-Engine-Free-Unstructured-Sparsity-Design-Alleviates-Accelerator-Bottlenecks/casestudy1/LeNet_MNIST_BNN/tmp/auto/synth_out_of_context_bmn3t5l1/results_finn_design_wrapper/finn_design_StreamingFIFO_rtl_9_0.v' cannot be added to the project because it already exists in the project, skipping this file
WARNING: [filemgmt 56-12] File '/home/changhong/prj/finn/notebooks/EF-US-Engine-Free-Unstructured-Sparsity-Design-Alleviates-Accelerator-Bottlenecks/casestudy1/LeNet_MNIST_BNN/build/auto/home/changhong/prj/finn/notebooks/EF-US-Engine-Free-Unstructured-Sparsity-Design-Alleviates-Accelerator-Bottlenecks/casestudy1/LeNet_MNIST_BNN/tmp/auto/synth_out_of_context_bmn3t5l1/results_finn_design_wrapper/finn_design_StreamingMaxPool_hls_0_0.v' cannot be added to the project because it already exists in the project, skipping this file
WARNING: [filemgmt 56-12] File '/home/changhong/prj/finn/notebooks/EF-US-Engine-Free-Unstructured-Sparsity-Design-Alleviates-Accelerator-Bottlenecks/casestudy1/LeNet_MNIST_BNN/build/auto/home/changhong/prj/finn/notebooks/EF-US-Engine-Free-Unstructured-Sparsity-Design-Alleviates-Accelerator-Bottlenecks/casestudy1/LeNet_MNIST_BNN/tmp/auto/synth_out_of_context_bmn3t5l1/results_finn_design_wrapper/finn_design_StreamingMaxPool_hls_1_0.v' cannot be added to the project because it already exists in the project, skipping this file
WARNING: [filemgmt 56-12] File '/home/changhong/prj/finn/notebooks/EF-US-Engine-Free-Unstructured-Sparsity-Design-Alleviates-Accelerator-Bottlenecks/casestudy1/LeNet_MNIST_BNN/build/auto/home/changhong/prj/finn/notebooks/EF-US-Engine-Free-Unstructured-Sparsity-Design-Alleviates-Accelerator-Bottlenecks/casestudy1/LeNet_MNIST_BNN/tmp/auto/synth_out_of_context_bmn3t5l1/results_finn_design_wrapper/finn_design.v' cannot be added to the project because it already exists in the project, skipping this file
WARNING: [filemgmt 56-12] File '/home/changhong/prj/finn/notebooks/EF-US-Engine-Free-Unstructured-Sparsity-Design-Alleviates-Accelerator-Bottlenecks/casestudy1/LeNet_MNIST_BNN/build/auto/home/changhong/prj/finn/notebooks/EF-US-Engine-Free-Unstructured-Sparsity-Design-Alleviates-Accelerator-Bottlenecks/casestudy1/LeNet_MNIST_BNN/tmp/auto/synth_out_of_context_bmn3t5l1/results_finn_design_wrapper/finn_design_wrapper.v' cannot be added to the project because it already exists in the project, skipping this file
WARNING: [filemgmt 56-12] File '/home/changhong/prj/finn/notebooks/EF-US-Engine-Free-Unstructured-Sparsity-Design-Alleviates-Accelerator-Bottlenecks/casestudy1/LeNet_MNIST_BNN/build/auto/home/changhong/prj/finn/notebooks/EF-US-Engine-Free-Unstructured-Sparsity-Design-Alleviates-Accelerator-Bottlenecks/casestudy1/LeNet_MNIST_BNN/tmp/auto/synth_out_of_context_bmn3t5l1/results_finn_design_wrapper/MVAU_hls_0_flow_control_loop_pipe_sequential_init.v' cannot be added to the project because it already exists in the project, skipping this file
WARNING: [filemgmt 56-12] File '/home/changhong/prj/finn/notebooks/EF-US-Engine-Free-Unstructured-Sparsity-Design-Alleviates-Accelerator-Bottlenecks/casestudy1/LeNet_MNIST_BNN/build/auto/home/changhong/prj/finn/notebooks/EF-US-Engine-Free-Unstructured-Sparsity-Design-Alleviates-Accelerator-Bottlenecks/casestudy1/LeNet_MNIST_BNN/tmp/auto/synth_out_of_context_bmn3t5l1/results_finn_design_wrapper/MVAU_hls_0_hls_deadlock_idx0_monitor.v' cannot be added to the project because it already exists in the project, skipping this file
WARNING: [filemgmt 56-12] File '/home/changhong/prj/finn/notebooks/EF-US-Engine-Free-Unstructured-Sparsity-Design-Alleviates-Accelerator-Bottlenecks/casestudy1/LeNet_MNIST_BNN/build/auto/home/changhong/prj/finn/notebooks/EF-US-Engine-Free-Unstructured-Sparsity-Design-Alleviates-Accelerator-Bottlenecks/casestudy1/LeNet_MNIST_BNN/tmp/auto/synth_out_of_context_bmn3t5l1/results_finn_design_wrapper/MVAU_hls_0_hls_deadlock_idx1_monitor.v' cannot be added to the project because it already exists in the project, skipping this file
WARNING: [filemgmt 56-12] File '/home/changhong/prj/finn/notebooks/EF-US-Engine-Free-Unstructured-Sparsity-Design-Alleviates-Accelerator-Bottlenecks/casestudy1/LeNet_MNIST_BNN/build/auto/home/changhong/prj/finn/notebooks/EF-US-Engine-Free-Unstructured-Sparsity-Design-Alleviates-Accelerator-Bottlenecks/casestudy1/LeNet_MNIST_BNN/tmp/auto/synth_out_of_context_bmn3t5l1/results_finn_design_wrapper/MVAU_hls_0_mac_muladd_8s_2s_10s_11_4_1.v' cannot be added to the project because it already exists in the project, skipping this file
WARNING: [filemgmt 56-12] File '/home/changhong/prj/finn/notebooks/EF-US-Engine-Free-Unstructured-Sparsity-Design-Alleviates-Accelerator-Bottlenecks/casestudy1/LeNet_MNIST_BNN/build/auto/home/changhong/prj/finn/notebooks/EF-US-Engine-Free-Unstructured-Sparsity-Design-Alleviates-Accelerator-Bottlenecks/casestudy1/LeNet_MNIST_BNN/tmp/auto/synth_out_of_context_bmn3t5l1/results_finn_design_wrapper/MVAU_hls_0_mac_muladd_8s_2s_11s_11_4_1.v' cannot be added to the project because it already exists in the project, skipping this file
WARNING: [filemgmt 56-12] File '/home/changhong/prj/finn/notebooks/EF-US-Engine-Free-Unstructured-Sparsity-Design-Alleviates-Accelerator-Bottlenecks/casestudy1/LeNet_MNIST_BNN/build/auto/home/changhong/prj/finn/notebooks/EF-US-Engine-Free-Unstructured-Sparsity-Design-Alleviates-Accelerator-Bottlenecks/casestudy1/LeNet_MNIST_BNN/tmp/auto/synth_out_of_context_bmn3t5l1/results_finn_design_wrapper/MVAU_hls_0_Matrix_Vector_Activate_Stream_Batch.v' cannot be added to the project because it already exists in the project, skipping this file
WARNING: [filemgmt 56-12] File '/home/changhong/prj/finn/notebooks/EF-US-Engine-Free-Unstructured-Sparsity-Design-Alleviates-Accelerator-Bottlenecks/casestudy1/LeNet_MNIST_BNN/build/auto/home/changhong/prj/finn/notebooks/EF-US-Engine-Free-Unstructured-Sparsity-Design-Alleviates-Accelerator-Bottlenecks/casestudy1/LeNet_MNIST_BNN/tmp/auto/synth_out_of_context_bmn3t5l1/results_finn_design_wrapper/MVAU_hls_0_memstream_wrapper.v' cannot be added to the project because it already exists in the project, skipping this file
WARNING: [filemgmt 56-12] File '/home/changhong/prj/finn/notebooks/EF-US-Engine-Free-Unstructured-Sparsity-Design-Alleviates-Accelerator-Bottlenecks/casestudy1/LeNet_MNIST_BNN/build/auto/home/changhong/prj/finn/notebooks/EF-US-Engine-Free-Unstructured-Sparsity-Design-Alleviates-Accelerator-Bottlenecks/casestudy1/LeNet_MNIST_BNN/tmp/auto/synth_out_of_context_bmn3t5l1/results_finn_design_wrapper/MVAU_hls_0_mul_8s_2s_10_1_1.v' cannot be added to the project because it already exists in the project, skipping this file
WARNING: [filemgmt 56-12] File '/home/changhong/prj/finn/notebooks/EF-US-Engine-Free-Unstructured-Sparsity-Design-Alleviates-Accelerator-Bottlenecks/casestudy1/LeNet_MNIST_BNN/build/auto/home/changhong/prj/finn/notebooks/EF-US-Engine-Free-Unstructured-Sparsity-Design-Alleviates-Accelerator-Bottlenecks/casestudy1/LeNet_MNIST_BNN/tmp/auto/synth_out_of_context_bmn3t5l1/results_finn_design_wrapper/MVAU_hls_0_regslice_both.v' cannot be added to the project because it already exists in the project, skipping this file
WARNING: [filemgmt 56-12] File '/home/changhong/prj/finn/notebooks/EF-US-Engine-Free-Unstructured-Sparsity-Design-Alleviates-Accelerator-Bottlenecks/casestudy1/LeNet_MNIST_BNN/build/auto/home/changhong/prj/finn/notebooks/EF-US-Engine-Free-Unstructured-Sparsity-Design-Alleviates-Accelerator-Bottlenecks/casestudy1/LeNet_MNIST_BNN/tmp/auto/synth_out_of_context_bmn3t5l1/results_finn_design_wrapper/MVAU_hls_0.v' cannot be added to the project because it already exists in the project, skipping this file
WARNING: [filemgmt 56-12] File '/home/changhong/prj/finn/notebooks/EF-US-Engine-Free-Unstructured-Sparsity-Design-Alleviates-Accelerator-Bottlenecks/casestudy1/LeNet_MNIST_BNN/build/auto/home/changhong/prj/finn/notebooks/EF-US-Engine-Free-Unstructured-Sparsity-Design-Alleviates-Accelerator-Bottlenecks/casestudy1/LeNet_MNIST_BNN/tmp/auto/synth_out_of_context_bmn3t5l1/results_finn_design_wrapper/MVAU_hls_1_flow_control_loop_pipe_sequential_init.v' cannot be added to the project because it already exists in the project, skipping this file
WARNING: [filemgmt 56-12] File '/home/changhong/prj/finn/notebooks/EF-US-Engine-Free-Unstructured-Sparsity-Design-Alleviates-Accelerator-Bottlenecks/casestudy1/LeNet_MNIST_BNN/build/auto/home/changhong/prj/finn/notebooks/EF-US-Engine-Free-Unstructured-Sparsity-Design-Alleviates-Accelerator-Bottlenecks/casestudy1/LeNet_MNIST_BNN/tmp/auto/synth_out_of_context_bmn3t5l1/results_finn_design_wrapper/MVAU_hls_1_hls_deadlock_idx0_monitor.v' cannot be added to the project because it already exists in the project, skipping this file
WARNING: [filemgmt 56-12] File '/home/changhong/prj/finn/notebooks/EF-US-Engine-Free-Unstructured-Sparsity-Design-Alleviates-Accelerator-Bottlenecks/casestudy1/LeNet_MNIST_BNN/build/auto/home/changhong/prj/finn/notebooks/EF-US-Engine-Free-Unstructured-Sparsity-Design-Alleviates-Accelerator-Bottlenecks/casestudy1/LeNet_MNIST_BNN/tmp/auto/synth_out_of_context_bmn3t5l1/results_finn_design_wrapper/MVAU_hls_1_hls_deadlock_idx1_monitor.v' cannot be added to the project because it already exists in the project, skipping this file
WARNING: [filemgmt 56-12] File '/home/changhong/prj/finn/notebooks/EF-US-Engine-Free-Unstructured-Sparsity-Design-Alleviates-Accelerator-Bottlenecks/casestudy1/LeNet_MNIST_BNN/build/auto/home/changhong/prj/finn/notebooks/EF-US-Engine-Free-Unstructured-Sparsity-Design-Alleviates-Accelerator-Bottlenecks/casestudy1/LeNet_MNIST_BNN/tmp/auto/synth_out_of_context_bmn3t5l1/results_finn_design_wrapper/MVAU_hls_1_Matrix_Vector_Activate_Stream_Batch_p_ZL7threshs_0_ROM_AUTO_1R.v' cannot be added to the project because it already exists in the project, skipping this file
WARNING: [filemgmt 56-12] File '/home/changhong/prj/finn/notebooks/EF-US-Engine-Free-Unstructured-Sparsity-Design-Alleviates-Accelerator-Bottlenecks/casestudy1/LeNet_MNIST_BNN/build/auto/home/changhong/prj/finn/notebooks/EF-US-Engine-Free-Unstructured-Sparsity-Design-Alleviates-Accelerator-Bottlenecks/casestudy1/LeNet_MNIST_BNN/tmp/auto/synth_out_of_context_bmn3t5l1/results_finn_design_wrapper/MVAU_hls_1_Matrix_Vector_Activate_Stream_Batch_p_ZL7threshs_1_ROM_AUTO_1R.v' cannot be added to the project because it already exists in the project, skipping this file
WARNING: [filemgmt 56-12] File '/home/changhong/prj/finn/notebooks/EF-US-Engine-Free-Unstructured-Sparsity-Design-Alleviates-Accelerator-Bottlenecks/casestudy1/LeNet_MNIST_BNN/build/auto/home/changhong/prj/finn/notebooks/EF-US-Engine-Free-Unstructured-Sparsity-Design-Alleviates-Accelerator-Bottlenecks/casestudy1/LeNet_MNIST_BNN/tmp/auto/synth_out_of_context_bmn3t5l1/results_finn_design_wrapper/MVAU_hls_1_Matrix_Vector_Activate_Stream_Batch_p_ZL7threshs_2_ROM_AUTO_1R.v' cannot be added to the project because it already exists in the project, skipping this file
WARNING: [filemgmt 56-12] File '/home/changhong/prj/finn/notebooks/EF-US-Engine-Free-Unstructured-Sparsity-Design-Alleviates-Accelerator-Bottlenecks/casestudy1/LeNet_MNIST_BNN/build/auto/home/changhong/prj/finn/notebooks/EF-US-Engine-Free-Unstructured-Sparsity-Design-Alleviates-Accelerator-Bottlenecks/casestudy1/LeNet_MNIST_BNN/tmp/auto/synth_out_of_context_bmn3t5l1/results_finn_design_wrapper/MVAU_hls_1_Matrix_Vector_Activate_Stream_Batch_p_ZL7threshs_3_ROM_AUTO_1R.v' cannot be added to the project because it already exists in the project, skipping this file
WARNING: [filemgmt 56-12] File '/home/changhong/prj/finn/notebooks/EF-US-Engine-Free-Unstructured-Sparsity-Design-Alleviates-Accelerator-Bottlenecks/casestudy1/LeNet_MNIST_BNN/build/auto/home/changhong/prj/finn/notebooks/EF-US-Engine-Free-Unstructured-Sparsity-Design-Alleviates-Accelerator-Bottlenecks/casestudy1/LeNet_MNIST_BNN/tmp/auto/synth_out_of_context_bmn3t5l1/results_finn_design_wrapper/MVAU_hls_1_Matrix_Vector_Activate_Stream_Batch_p_ZL7threshs_4_ROM_AUTO_1R.v' cannot be added to the project because it already exists in the project, skipping this file
WARNING: [filemgmt 56-12] File '/home/changhong/prj/finn/notebooks/EF-US-Engine-Free-Unstructured-Sparsity-Design-Alleviates-Accelerator-Bottlenecks/casestudy1/LeNet_MNIST_BNN/build/auto/home/changhong/prj/finn/notebooks/EF-US-Engine-Free-Unstructured-Sparsity-Design-Alleviates-Accelerator-Bottlenecks/casestudy1/LeNet_MNIST_BNN/tmp/auto/synth_out_of_context_bmn3t5l1/results_finn_design_wrapper/MVAU_hls_1_Matrix_Vector_Activate_Stream_Batch_p_ZL7threshs_5_ROM_AUTO_1R.v' cannot be added to the project because it already exists in the project, skipping this file
WARNING: [filemgmt 56-12] File '/home/changhong/prj/finn/notebooks/EF-US-Engine-Free-Unstructured-Sparsity-Design-Alleviates-Accelerator-Bottlenecks/casestudy1/LeNet_MNIST_BNN/build/auto/home/changhong/prj/finn/notebooks/EF-US-Engine-Free-Unstructured-Sparsity-Design-Alleviates-Accelerator-Bottlenecks/casestudy1/LeNet_MNIST_BNN/tmp/auto/synth_out_of_context_bmn3t5l1/results_finn_design_wrapper/MVAU_hls_1_Matrix_Vector_Activate_Stream_Batch_p_ZL7threshs_6_ROM_AUTO_1R.v' cannot be added to the project because it already exists in the project, skipping this file
WARNING: [filemgmt 56-12] File '/home/changhong/prj/finn/notebooks/EF-US-Engine-Free-Unstructured-Sparsity-Design-Alleviates-Accelerator-Bottlenecks/casestudy1/LeNet_MNIST_BNN/build/auto/home/changhong/prj/finn/notebooks/EF-US-Engine-Free-Unstructured-Sparsity-Design-Alleviates-Accelerator-Bottlenecks/casestudy1/LeNet_MNIST_BNN/tmp/auto/synth_out_of_context_bmn3t5l1/results_finn_design_wrapper/MVAU_hls_1_Matrix_Vector_Activate_Stream_Batch_p_ZL7threshs_7_ROM_AUTO_1R.v' cannot be added to the project because it already exists in the project, skipping this file
WARNING: [filemgmt 56-12] File '/home/changhong/prj/finn/notebooks/EF-US-Engine-Free-Unstructured-Sparsity-Design-Alleviates-Accelerator-Bottlenecks/casestudy1/LeNet_MNIST_BNN/build/auto/home/changhong/prj/finn/notebooks/EF-US-Engine-Free-Unstructured-Sparsity-Design-Alleviates-Accelerator-Bottlenecks/casestudy1/LeNet_MNIST_BNN/tmp/auto/synth_out_of_context_bmn3t5l1/results_finn_design_wrapper/MVAU_hls_1_Matrix_Vector_Activate_Stream_Batch.v' cannot be added to the project because it already exists in the project, skipping this file
WARNING: [filemgmt 56-12] File '/home/changhong/prj/finn/notebooks/EF-US-Engine-Free-Unstructured-Sparsity-Design-Alleviates-Accelerator-Bottlenecks/casestudy1/LeNet_MNIST_BNN/build/auto/home/changhong/prj/finn/notebooks/EF-US-Engine-Free-Unstructured-Sparsity-Design-Alleviates-Accelerator-Bottlenecks/casestudy1/LeNet_MNIST_BNN/tmp/auto/synth_out_of_context_bmn3t5l1/results_finn_design_wrapper/MVAU_hls_1_memstream_wrapper.v' cannot be added to the project because it already exists in the project, skipping this file
WARNING: [filemgmt 56-12] File '/home/changhong/prj/finn/notebooks/EF-US-Engine-Free-Unstructured-Sparsity-Design-Alleviates-Accelerator-Bottlenecks/casestudy1/LeNet_MNIST_BNN/build/auto/home/changhong/prj/finn/notebooks/EF-US-Engine-Free-Unstructured-Sparsity-Design-Alleviates-Accelerator-Bottlenecks/casestudy1/LeNet_MNIST_BNN/tmp/auto/synth_out_of_context_bmn3t5l1/results_finn_design_wrapper/MVAU_hls_1_mux_53_30_1_1.v' cannot be added to the project because it already exists in the project, skipping this file
WARNING: [filemgmt 56-12] File '/home/changhong/prj/finn/notebooks/EF-US-Engine-Free-Unstructured-Sparsity-Design-Alleviates-Accelerator-Bottlenecks/casestudy1/LeNet_MNIST_BNN/build/auto/home/changhong/prj/finn/notebooks/EF-US-Engine-Free-Unstructured-Sparsity-Design-Alleviates-Accelerator-Bottlenecks/casestudy1/LeNet_MNIST_BNN/tmp/auto/synth_out_of_context_bmn3t5l1/results_finn_design_wrapper/MVAU_hls_1_regslice_both.v' cannot be added to the project because it already exists in the project, skipping this file
WARNING: [filemgmt 56-12] File '/home/changhong/prj/finn/notebooks/EF-US-Engine-Free-Unstructured-Sparsity-Design-Alleviates-Accelerator-Bottlenecks/casestudy1/LeNet_MNIST_BNN/build/auto/home/changhong/prj/finn/notebooks/EF-US-Engine-Free-Unstructured-Sparsity-Design-Alleviates-Accelerator-Bottlenecks/casestudy1/LeNet_MNIST_BNN/tmp/auto/synth_out_of_context_bmn3t5l1/results_finn_design_wrapper/MVAU_hls_1.v' cannot be added to the project because it already exists in the project, skipping this file
WARNING: [filemgmt 56-12] File '/home/changhong/prj/finn/notebooks/EF-US-Engine-Free-Unstructured-Sparsity-Design-Alleviates-Accelerator-Bottlenecks/casestudy1/LeNet_MNIST_BNN/build/auto/home/changhong/prj/finn/notebooks/EF-US-Engine-Free-Unstructured-Sparsity-Design-Alleviates-Accelerator-Bottlenecks/casestudy1/LeNet_MNIST_BNN/tmp/auto/synth_out_of_context_bmn3t5l1/results_finn_design_wrapper/MVAU_hls_2_flow_control_loop_pipe_sequential_init.v' cannot be added to the project because it already exists in the project, skipping this file
WARNING: [filemgmt 56-12] File '/home/changhong/prj/finn/notebooks/EF-US-Engine-Free-Unstructured-Sparsity-Design-Alleviates-Accelerator-Bottlenecks/casestudy1/LeNet_MNIST_BNN/build/auto/home/changhong/prj/finn/notebooks/EF-US-Engine-Free-Unstructured-Sparsity-Design-Alleviates-Accelerator-Bottlenecks/casestudy1/LeNet_MNIST_BNN/tmp/auto/synth_out_of_context_bmn3t5l1/results_finn_design_wrapper/MVAU_hls_2_hls_deadlock_idx0_monitor.v' cannot be added to the project because it already exists in the project, skipping this file
WARNING: [filemgmt 56-12] File '/home/changhong/prj/finn/notebooks/EF-US-Engine-Free-Unstructured-Sparsity-Design-Alleviates-Accelerator-Bottlenecks/casestudy1/LeNet_MNIST_BNN/build/auto/home/changhong/prj/finn/notebooks/EF-US-Engine-Free-Unstructured-Sparsity-Design-Alleviates-Accelerator-Bottlenecks/casestudy1/LeNet_MNIST_BNN/tmp/auto/synth_out_of_context_bmn3t5l1/results_finn_design_wrapper/MVAU_hls_2_hls_deadlock_idx1_monitor.v' cannot be added to the project because it already exists in the project, skipping this file
WARNING: [filemgmt 56-12] File '/home/changhong/prj/finn/notebooks/EF-US-Engine-Free-Unstructured-Sparsity-Design-Alleviates-Accelerator-Bottlenecks/casestudy1/LeNet_MNIST_BNN/build/auto/home/changhong/prj/finn/notebooks/EF-US-Engine-Free-Unstructured-Sparsity-Design-Alleviates-Accelerator-Bottlenecks/casestudy1/LeNet_MNIST_BNN/tmp/auto/synth_out_of_context_bmn3t5l1/results_finn_design_wrapper/MVAU_hls_2_Matrix_Vector_Activate_Stream_Batch_p_ZL7threshs_0_ROM_AUTO_1R.v' cannot be added to the project because it already exists in the project, skipping this file
WARNING: [filemgmt 56-12] File '/home/changhong/prj/finn/notebooks/EF-US-Engine-Free-Unstructured-Sparsity-Design-Alleviates-Accelerator-Bottlenecks/casestudy1/LeNet_MNIST_BNN/build/auto/home/changhong/prj/finn/notebooks/EF-US-Engine-Free-Unstructured-Sparsity-Design-Alleviates-Accelerator-Bottlenecks/casestudy1/LeNet_MNIST_BNN/tmp/auto/synth_out_of_context_bmn3t5l1/results_finn_design_wrapper/MVAU_hls_2_Matrix_Vector_Activate_Stream_Batch_p_ZL7threshs_1_ROM_AUTO_1R.v' cannot be added to the project because it already exists in the project, skipping this file
WARNING: [filemgmt 56-12] File '/home/changhong/prj/finn/notebooks/EF-US-Engine-Free-Unstructured-Sparsity-Design-Alleviates-Accelerator-Bottlenecks/casestudy1/LeNet_MNIST_BNN/build/auto/home/changhong/prj/finn/notebooks/EF-US-Engine-Free-Unstructured-Sparsity-Design-Alleviates-Accelerator-Bottlenecks/casestudy1/LeNet_MNIST_BNN/tmp/auto/synth_out_of_context_bmn3t5l1/results_finn_design_wrapper/MVAU_hls_2_Matrix_Vector_Activate_Stream_Batch.v' cannot be added to the project because it already exists in the project, skipping this file
WARNING: [filemgmt 56-12] File '/home/changhong/prj/finn/notebooks/EF-US-Engine-Free-Unstructured-Sparsity-Design-Alleviates-Accelerator-Bottlenecks/casestudy1/LeNet_MNIST_BNN/build/auto/home/changhong/prj/finn/notebooks/EF-US-Engine-Free-Unstructured-Sparsity-Design-Alleviates-Accelerator-Bottlenecks/casestudy1/LeNet_MNIST_BNN/tmp/auto/synth_out_of_context_bmn3t5l1/results_finn_design_wrapper/MVAU_hls_2_memstream_wrapper.v' cannot be added to the project because it already exists in the project, skipping this file
WARNING: [filemgmt 56-12] File '/home/changhong/prj/finn/notebooks/EF-US-Engine-Free-Unstructured-Sparsity-Design-Alleviates-Accelerator-Bottlenecks/casestudy1/LeNet_MNIST_BNN/build/auto/home/changhong/prj/finn/notebooks/EF-US-Engine-Free-Unstructured-Sparsity-Design-Alleviates-Accelerator-Bottlenecks/casestudy1/LeNet_MNIST_BNN/tmp/auto/synth_out_of_context_bmn3t5l1/results_finn_design_wrapper/MVAU_hls_2_mux_164_25_1_1.v' cannot be added to the project because it already exists in the project, skipping this file
WARNING: [filemgmt 56-12] File '/home/changhong/prj/finn/notebooks/EF-US-Engine-Free-Unstructured-Sparsity-Design-Alleviates-Accelerator-Bottlenecks/casestudy1/LeNet_MNIST_BNN/build/auto/home/changhong/prj/finn/notebooks/EF-US-Engine-Free-Unstructured-Sparsity-Design-Alleviates-Accelerator-Bottlenecks/casestudy1/LeNet_MNIST_BNN/tmp/auto/synth_out_of_context_bmn3t5l1/results_finn_design_wrapper/MVAU_hls_2_regslice_both.v' cannot be added to the project because it already exists in the project, skipping this file
WARNING: [filemgmt 56-12] File '/home/changhong/prj/finn/notebooks/EF-US-Engine-Free-Unstructured-Sparsity-Design-Alleviates-Accelerator-Bottlenecks/casestudy1/LeNet_MNIST_BNN/build/auto/home/changhong/prj/finn/notebooks/EF-US-Engine-Free-Unstructured-Sparsity-Design-Alleviates-Accelerator-Bottlenecks/casestudy1/LeNet_MNIST_BNN/tmp/auto/synth_out_of_context_bmn3t5l1/results_finn_design_wrapper/MVAU_hls_2.v' cannot be added to the project because it already exists in the project, skipping this file
WARNING: [filemgmt 56-12] File '/home/changhong/prj/finn/notebooks/EF-US-Engine-Free-Unstructured-Sparsity-Design-Alleviates-Accelerator-Bottlenecks/casestudy1/LeNet_MNIST_BNN/build/auto/home/changhong/prj/finn/notebooks/EF-US-Engine-Free-Unstructured-Sparsity-Design-Alleviates-Accelerator-Bottlenecks/casestudy1/LeNet_MNIST_BNN/tmp/auto/synth_out_of_context_bmn3t5l1/results_finn_design_wrapper/MVAU_hls_3_flow_control_loop_pipe_sequential_init.v' cannot be added to the project because it already exists in the project, skipping this file
WARNING: [filemgmt 56-12] File '/home/changhong/prj/finn/notebooks/EF-US-Engine-Free-Unstructured-Sparsity-Design-Alleviates-Accelerator-Bottlenecks/casestudy1/LeNet_MNIST_BNN/build/auto/home/changhong/prj/finn/notebooks/EF-US-Engine-Free-Unstructured-Sparsity-Design-Alleviates-Accelerator-Bottlenecks/casestudy1/LeNet_MNIST_BNN/tmp/auto/synth_out_of_context_bmn3t5l1/results_finn_design_wrapper/MVAU_hls_3_hls_deadlock_idx0_monitor.v' cannot be added to the project because it already exists in the project, skipping this file
WARNING: [filemgmt 56-12] File '/home/changhong/prj/finn/notebooks/EF-US-Engine-Free-Unstructured-Sparsity-Design-Alleviates-Accelerator-Bottlenecks/casestudy1/LeNet_MNIST_BNN/build/auto/home/changhong/prj/finn/notebooks/EF-US-Engine-Free-Unstructured-Sparsity-Design-Alleviates-Accelerator-Bottlenecks/casestudy1/LeNet_MNIST_BNN/tmp/auto/synth_out_of_context_bmn3t5l1/results_finn_design_wrapper/MVAU_hls_3_hls_deadlock_idx1_monitor.v' cannot be added to the project because it already exists in the project, skipping this file
WARNING: [filemgmt 56-12] File '/home/changhong/prj/finn/notebooks/EF-US-Engine-Free-Unstructured-Sparsity-Design-Alleviates-Accelerator-Bottlenecks/casestudy1/LeNet_MNIST_BNN/build/auto/home/changhong/prj/finn/notebooks/EF-US-Engine-Free-Unstructured-Sparsity-Design-Alleviates-Accelerator-Bottlenecks/casestudy1/LeNet_MNIST_BNN/tmp/auto/synth_out_of_context_bmn3t5l1/results_finn_design_wrapper/MVAU_hls_3_Matrix_Vector_Activate_Stream_Batch_threshs_ROM_AUTO_1R.v' cannot be added to the project because it already exists in the project, skipping this file
WARNING: [filemgmt 56-12] File '/home/changhong/prj/finn/notebooks/EF-US-Engine-Free-Unstructured-Sparsity-Design-Alleviates-Accelerator-Bottlenecks/casestudy1/LeNet_MNIST_BNN/build/auto/home/changhong/prj/finn/notebooks/EF-US-Engine-Free-Unstructured-Sparsity-Design-Alleviates-Accelerator-Bottlenecks/casestudy1/LeNet_MNIST_BNN/tmp/auto/synth_out_of_context_bmn3t5l1/results_finn_design_wrapper/MVAU_hls_3_Matrix_Vector_Activate_Stream_Batch.v' cannot be added to the project because it already exists in the project, skipping this file
WARNING: [filemgmt 56-12] File '/home/changhong/prj/finn/notebooks/EF-US-Engine-Free-Unstructured-Sparsity-Design-Alleviates-Accelerator-Bottlenecks/casestudy1/LeNet_MNIST_BNN/build/auto/home/changhong/prj/finn/notebooks/EF-US-Engine-Free-Unstructured-Sparsity-Design-Alleviates-Accelerator-Bottlenecks/casestudy1/LeNet_MNIST_BNN/tmp/auto/synth_out_of_context_bmn3t5l1/results_finn_design_wrapper/MVAU_hls_3_memstream_wrapper.v' cannot be added to the project because it already exists in the project, skipping this file
WARNING: [filemgmt 56-12] File '/home/changhong/prj/finn/notebooks/EF-US-Engine-Free-Unstructured-Sparsity-Design-Alleviates-Accelerator-Bottlenecks/casestudy1/LeNet_MNIST_BNN/build/auto/home/changhong/prj/finn/notebooks/EF-US-Engine-Free-Unstructured-Sparsity-Design-Alleviates-Accelerator-Bottlenecks/casestudy1/LeNet_MNIST_BNN/tmp/auto/synth_out_of_context_bmn3t5l1/results_finn_design_wrapper/MVAU_hls_3_mux_124_10_1_1.v' cannot be added to the project because it already exists in the project, skipping this file
WARNING: [filemgmt 56-12] File '/home/changhong/prj/finn/notebooks/EF-US-Engine-Free-Unstructured-Sparsity-Design-Alleviates-Accelerator-Bottlenecks/casestudy1/LeNet_MNIST_BNN/build/auto/home/changhong/prj/finn/notebooks/EF-US-Engine-Free-Unstructured-Sparsity-Design-Alleviates-Accelerator-Bottlenecks/casestudy1/LeNet_MNIST_BNN/tmp/auto/synth_out_of_context_bmn3t5l1/results_finn_design_wrapper/MVAU_hls_3_regslice_both.v' cannot be added to the project because it already exists in the project, skipping this file
WARNING: [filemgmt 56-12] File '/home/changhong/prj/finn/notebooks/EF-US-Engine-Free-Unstructured-Sparsity-Design-Alleviates-Accelerator-Bottlenecks/casestudy1/LeNet_MNIST_BNN/build/auto/home/changhong/prj/finn/notebooks/EF-US-Engine-Free-Unstructured-Sparsity-Design-Alleviates-Accelerator-Bottlenecks/casestudy1/LeNet_MNIST_BNN/tmp/auto/synth_out_of_context_bmn3t5l1/results_finn_design_wrapper/MVAU_hls_3.v' cannot be added to the project because it already exists in the project, skipping this file
WARNING: [filemgmt 56-12] File '/home/changhong/prj/finn/notebooks/EF-US-Engine-Free-Unstructured-Sparsity-Design-Alleviates-Accelerator-Bottlenecks/casestudy1/LeNet_MNIST_BNN/build/auto/home/changhong/prj/finn/notebooks/EF-US-Engine-Free-Unstructured-Sparsity-Design-Alleviates-Accelerator-Bottlenecks/casestudy1/LeNet_MNIST_BNN/tmp/auto/synth_out_of_context_bmn3t5l1/results_finn_design_wrapper/MVAU_hls_4_flow_control_loop_pipe_no_ap_cont.v' cannot be added to the project because it already exists in the project, skipping this file
WARNING: [filemgmt 56-12] File '/home/changhong/prj/finn/notebooks/EF-US-Engine-Free-Unstructured-Sparsity-Design-Alleviates-Accelerator-Bottlenecks/casestudy1/LeNet_MNIST_BNN/build/auto/home/changhong/prj/finn/notebooks/EF-US-Engine-Free-Unstructured-Sparsity-Design-Alleviates-Accelerator-Bottlenecks/casestudy1/LeNet_MNIST_BNN/tmp/auto/synth_out_of_context_bmn3t5l1/results_finn_design_wrapper/MVAU_hls_4_hls_deadlock_idx0_monitor.v' cannot be added to the project because it already exists in the project, skipping this file
WARNING: [filemgmt 56-12] File '/home/changhong/prj/finn/notebooks/EF-US-Engine-Free-Unstructured-Sparsity-Design-Alleviates-Accelerator-Bottlenecks/casestudy1/LeNet_MNIST_BNN/build/auto/home/changhong/prj/finn/notebooks/EF-US-Engine-Free-Unstructured-Sparsity-Design-Alleviates-Accelerator-Bottlenecks/casestudy1/LeNet_MNIST_BNN/tmp/auto/synth_out_of_context_bmn3t5l1/results_finn_design_wrapper/MVAU_hls_4_memstream_wrapper.v' cannot be added to the project because it already exists in the project, skipping this file
WARNING: [filemgmt 56-12] File '/home/changhong/prj/finn/notebooks/EF-US-Engine-Free-Unstructured-Sparsity-Design-Alleviates-Accelerator-Bottlenecks/casestudy1/LeNet_MNIST_BNN/build/auto/home/changhong/prj/finn/notebooks/EF-US-Engine-Free-Unstructured-Sparsity-Design-Alleviates-Accelerator-Bottlenecks/casestudy1/LeNet_MNIST_BNN/tmp/auto/synth_out_of_context_bmn3t5l1/results_finn_design_wrapper/MVAU_hls_4_mux_847_1_1_1.v' cannot be added to the project because it already exists in the project, skipping this file
WARNING: [filemgmt 56-12] File '/home/changhong/prj/finn/notebooks/EF-US-Engine-Free-Unstructured-Sparsity-Design-Alleviates-Accelerator-Bottlenecks/casestudy1/LeNet_MNIST_BNN/build/auto/home/changhong/prj/finn/notebooks/EF-US-Engine-Free-Unstructured-Sparsity-Design-Alleviates-Accelerator-Bottlenecks/casestudy1/LeNet_MNIST_BNN/tmp/auto/synth_out_of_context_bmn3t5l1/results_finn_design_wrapper/MVAU_hls_4_regslice_both.v' cannot be added to the project because it already exists in the project, skipping this file
WARNING: [filemgmt 56-12] File '/home/changhong/prj/finn/notebooks/EF-US-Engine-Free-Unstructured-Sparsity-Design-Alleviates-Accelerator-Bottlenecks/casestudy1/LeNet_MNIST_BNN/build/auto/home/changhong/prj/finn/notebooks/EF-US-Engine-Free-Unstructured-Sparsity-Design-Alleviates-Accelerator-Bottlenecks/casestudy1/LeNet_MNIST_BNN/tmp/auto/synth_out_of_context_bmn3t5l1/results_finn_design_wrapper/MVAU_hls_4.v' cannot be added to the project because it already exists in the project, skipping this file
WARNING: [filemgmt 56-12] File '/home/changhong/prj/finn/notebooks/EF-US-Engine-Free-Unstructured-Sparsity-Design-Alleviates-Accelerator-Bottlenecks/casestudy1/LeNet_MNIST_BNN/build/auto/home/changhong/prj/finn/notebooks/EF-US-Engine-Free-Unstructured-Sparsity-Design-Alleviates-Accelerator-Bottlenecks/casestudy1/LeNet_MNIST_BNN/tmp/auto/synth_out_of_context_bmn3t5l1/results_finn_design_wrapper/Q_srl.v' cannot be added to the project because it already exists in the project, skipping this file
WARNING: [filemgmt 56-12] File '/home/changhong/prj/finn/notebooks/EF-US-Engine-Free-Unstructured-Sparsity-Design-Alleviates-Accelerator-Bottlenecks/casestudy1/LeNet_MNIST_BNN/build/auto/home/changhong/prj/finn/notebooks/EF-US-Engine-Free-Unstructured-Sparsity-Design-Alleviates-Accelerator-Bottlenecks/casestudy1/LeNet_MNIST_BNN/tmp/auto/synth_out_of_context_bmn3t5l1/results_finn_design_wrapper/StreamingDataWidthConverter_rtl_0.v' cannot be added to the project because it already exists in the project, skipping this file
WARNING: [filemgmt 56-12] File '/home/changhong/prj/finn/notebooks/EF-US-Engine-Free-Unstructured-Sparsity-Design-Alleviates-Accelerator-Bottlenecks/casestudy1/LeNet_MNIST_BNN/build/auto/home/changhong/prj/finn/notebooks/EF-US-Engine-Free-Unstructured-Sparsity-Design-Alleviates-Accelerator-Bottlenecks/casestudy1/LeNet_MNIST_BNN/tmp/auto/synth_out_of_context_bmn3t5l1/results_finn_design_wrapper/StreamingDataWidthConverter_rtl_1.v' cannot be added to the project because it already exists in the project, skipping this file
WARNING: [filemgmt 56-12] File '/home/changhong/prj/finn/notebooks/EF-US-Engine-Free-Unstructured-Sparsity-Design-Alleviates-Accelerator-Bottlenecks/casestudy1/LeNet_MNIST_BNN/build/auto/home/changhong/prj/finn/notebooks/EF-US-Engine-Free-Unstructured-Sparsity-Design-Alleviates-Accelerator-Bottlenecks/casestudy1/LeNet_MNIST_BNN/tmp/auto/synth_out_of_context_bmn3t5l1/results_finn_design_wrapper/StreamingDataWidthConverter_rtl_2.v' cannot be added to the project because it already exists in the project, skipping this file
WARNING: [filemgmt 56-12] File '/home/changhong/prj/finn/notebooks/EF-US-Engine-Free-Unstructured-Sparsity-Design-Alleviates-Accelerator-Bottlenecks/casestudy1/LeNet_MNIST_BNN/build/auto/home/changhong/prj/finn/notebooks/EF-US-Engine-Free-Unstructured-Sparsity-Design-Alleviates-Accelerator-Bottlenecks/casestudy1/LeNet_MNIST_BNN/tmp/auto/synth_out_of_context_bmn3t5l1/results_finn_design_wrapper/StreamingDataWidthConverter_rtl_3.v' cannot be added to the project because it already exists in the project, skipping this file
WARNING: [filemgmt 56-12] File '/home/changhong/prj/finn/notebooks/EF-US-Engine-Free-Unstructured-Sparsity-Design-Alleviates-Accelerator-Bottlenecks/casestudy1/LeNet_MNIST_BNN/build/auto/home/changhong/prj/finn/notebooks/EF-US-Engine-Free-Unstructured-Sparsity-Design-Alleviates-Accelerator-Bottlenecks/casestudy1/LeNet_MNIST_BNN/tmp/auto/synth_out_of_context_bmn3t5l1/results_finn_design_wrapper/StreamingDataWidthConverter_rtl_4.v' cannot be added to the project because it already exists in the project, skipping this file
INFO: [Common 17-14] Message 'filemgmt 56-12' appears 100 times and further instances of the messages will be disabled. Use the Tcl command set_msg_config to change the current settings.
# source headers.tcl
## set file "$origin_dir/dummy_nachiket_fooling_zsh_for_loops.h"
## set file [file normalize $file]
## set file_obj [get_files -of_objects [get_filesets sources_1] [list "*$file"]]
## set_property "file_type" "Verilog Header" $file_obj
# set obj [get_filesets sources_1]
# set_property "top" "$argv" $obj
# if {[string equal [get_filesets -quiet constrs_1] ""]} {
#   create_fileset -constrset constrs_1
# }
# set obj [get_filesets constrs_1]
# set file "[file normalize "$origin_dir/$argv.xdc"]"
# set file_added [add_files -norecurse -fileset $obj $file]
# set file "$origin_dir/$argv.xdc"
# set file [file normalize $file]
# set file_obj [get_files -of_objects [get_filesets constrs_1] [list "*$file"]]
# set_property "file_type" "XDC" $file_obj
# set obj [get_filesets constrs_1]
# if {[string equal [get_filesets -quiet sim_1] ""]} {
#   create_fileset -simset sim_1
# }
# set obj [get_filesets sim_1]
# set obj [get_filesets sim_1]
# set_property "top" "$argv" $obj
# set_property "xelab.nosort" "1" $obj
# set_property "xelab.unifast" "" $obj
# set_property strategy "Vivado Synthesis Defaults" [get_runs synth_1]
# set_property strategy "Flow_PerfOptimized_high" [get_runs synth_1]
# set_param synth.elaboration.rodinMoreOptions {rt::set_parameter ignoreVhdlAssertStmts false}
# set obj [get_runs synth_1]
# set_property -name {steps.synth_design.args.more options} -value {-mode out_of_context} -objects $obj
# set_property STEPS.SYNTH_DESIGN.ARGS.RETIMING true [get_runs synth_1]
# current_run -synthesis [get_runs synth_1]
# set_property strategy "Vivado Implementation Defaults" [get_runs impl_1]
# current_run -implementation [get_runs impl_1]
# puts "INFO: Project created:vivadocompile"
INFO: Project created:vivadocompile
# launch_runs -jobs 8 impl_1 -to_step route_design
[Sun Jun 22 17:13:07 2025] Launched synth_1...
Run output will be captured here: /home/changhong/prj/finn/notebooks/EF-US-Engine-Free-Unstructured-Sparsity-Design-Alleviates-Accelerator-Bottlenecks/casestudy1/LeNet_MNIST_BNN/build/auto/home/changhong/prj/finn/notebooks/EF-US-Engine-Free-Unstructured-Sparsity-Design-Alleviates-Accelerator-Bottlenecks/casestudy1/LeNet_MNIST_BNN/tmp/auto/synth_out_of_context_bmn3t5l1/results_finn_design_wrapper/vivadocompile/vivadocompile.runs/synth_1/runme.log
[Sun Jun 22 17:13:07 2025] Launched impl_1...
Run output will be captured here: /home/changhong/prj/finn/notebooks/EF-US-Engine-Free-Unstructured-Sparsity-Design-Alleviates-Accelerator-Bottlenecks/casestudy1/LeNet_MNIST_BNN/build/auto/home/changhong/prj/finn/notebooks/EF-US-Engine-Free-Unstructured-Sparsity-Design-Alleviates-Accelerator-Bottlenecks/casestudy1/LeNet_MNIST_BNN/tmp/auto/synth_out_of_context_bmn3t5l1/results_finn_design_wrapper/vivadocompile/vivadocompile.runs/impl_1/runme.log
# wait_on_run impl_1
[Sun Jun 22 17:13:07 2025] Waiting for impl_1 to finish...

*** Running vivado
    with args -log finn_design_wrapper.vdi -applog -m64 -product Vivado -messageDb vivado.pb -mode batch -source finn_design_wrapper.tcl -notrace


****** Vivado v2022.2 (64-bit)
  **** SW Build 3671981 on Fri Oct 14 04:59:54 MDT 2022
  **** IP Build 3669848 on Fri Oct 14 08:30:02 MDT 2022
    ** Copyright 1986-2022 Xilinx, Inc. All Rights Reserved.

INFO: [Common 17-1239] XILINX_LOCAL_USER_DATA is set to 'no'.
source finn_design_wrapper.tcl -notrace
Command: link_design -top finn_design_wrapper -part xczu7ev-ffvc1156-2-e
Design is defaulting to srcset: sources_1
Design is defaulting to constrset: constrs_1
INFO: [Device 21-403] Loading part xczu7ev-ffvc1156-2-e
Netlist sorting complete. Time (s): cpu = 00:00:00.08 ; elapsed = 00:00:00.08 . Memory (MB): peak = 3096.004 ; gain = 0.000 ; free physical = 5334 ; free virtual = 13558
INFO: [Netlist 29-17] Analyzing 696 Unisim elements for replacement
INFO: [Netlist 29-28] Unisim Transformation completed in 9 CPU seconds
INFO: [Project 1-479] Netlist was created with Vivado 2022.2
INFO: [Project 1-570] Preparing netlist for logic optimization
Parsing XDC File [/home/changhong/prj/finn/notebooks/EF-US-Engine-Free-Unstructured-Sparsity-Design-Alleviates-Accelerator-Bottlenecks/casestudy1/LeNet_MNIST_BNN/build/auto/home/changhong/prj/finn/notebooks/EF-US-Engine-Free-Unstructured-Sparsity-Design-Alleviates-Accelerator-Bottlenecks/casestudy1/LeNet_MNIST_BNN/tmp/auto/synth_out_of_context_bmn3t5l1/results_finn_design_wrapper/finn_design_wrapper.xdc]
Finished Parsing XDC File [/home/changhong/prj/finn/notebooks/EF-US-Engine-Free-Unstructured-Sparsity-Design-Alleviates-Accelerator-Bottlenecks/casestudy1/LeNet_MNIST_BNN/build/auto/home/changhong/prj/finn/notebooks/EF-US-Engine-Free-Unstructured-Sparsity-Design-Alleviates-Accelerator-Bottlenecks/casestudy1/LeNet_MNIST_BNN/tmp/auto/synth_out_of_context_bmn3t5l1/results_finn_design_wrapper/finn_design_wrapper.xdc]
INFO: [Opt 31-138] Pushed 0 inverter(s) to 0 load pin(s).
Netlist sorting complete. Time (s): cpu = 00:00:00 ; elapsed = 00:00:00 . Memory (MB): peak = 3211.594 ; gain = 0.000 ; free physical = 5329 ; free virtual = 13536
INFO: [Project 1-111] Unisim Transformation Summary:
  A total of 402 instances were transformed.
  DSP48E2 => DSP48E2 (DSP_ALU, DSP_A_B_DATA, DSP_C_DATA, DSP_MULTIPLIER, DSP_M_DATA, DSP_OUTPUT, DSP_PREADD, DSP_PREADD_DATA): 150 instances
  RAM128X1D => RAM128X1D (MUXF7(x2), RAMD64E(x4)): 1 instance 
  RAM16X1D => RAM32X1D (RAMD32(x2)): 1 instance 
  RAM16X1S => RAM32X1S (RAMS32): 238 instances
  RAM256X1D => RAM256X1D (MUXF7(x4), MUXF8(x2), RAMD64E(x8)): 1 instance 
  RAM256X1S => RAM256X1S (MUXF7(x2), MUXF8, RAMS64E(x4)): 1 instance 
  RAM32M => RAM32M (RAMD32(x6), RAMS32(x2)): 4 instances
  RAM32M16 => RAM32M16 (RAMD32(x14), RAMS32(x2)): 4 instances
  RAM512X1S => RAM512X1S (MUXF7(x4), MUXF8(x2), MUXF9, RAMS64E1(x8)): 1 instance 
  RAM64X1S => RAM64X1S (RAMS64E): 1 instance 

7 Infos, 0 Warnings, 0 Critical Warnings and 0 Errors encountered.
link_design completed successfully
link_design: Time (s): cpu = 00:00:18 ; elapsed = 00:00:18 . Memory (MB): peak = 3211.594 ; gain = 1206.285 ; free physical = 5331 ; free virtual = 13539
Command: opt_design
Attempting to get a license for feature 'Implementation' and/or device 'xczu7ev'
INFO: [Common 17-349] Got license for feature 'Implementation' and/or device 'xczu7ev'
Running DRC as a precondition to command opt_design

Starting DRC Task
INFO: [DRC 23-27] Running DRC with 8 threads
INFO: [Project 1-461] DRC finished with 0 Errors
INFO: [Project 1-462] Please refer to the DRC report (report_drc) for more information.

Time (s): cpu = 00:00:02 ; elapsed = 00:00:00.68 . Memory (MB): peak = 3318.219 ; gain = 106.625 ; free physical = 5292 ; free virtual = 13496

Starting Cache Timing Information Task
INFO: [Timing 38-35] Done setting XDC timing constraints.
Ending Cache Timing Information Task | Checksum: 755a62cc

Time (s): cpu = 00:00:08 ; elapsed = 00:00:03 . Memory (MB): peak = 3686.062 ; gain = 367.844 ; free physical = 5054 ; free virtual = 13252

Starting Logic Optimization Task

Phase 1 Retarget
INFO: [Opt 31-1287] Pulled Inverter finn_design_i/ConvolutionInputGenerator_rtl_0/inst/impl/window_buffer_inst/reg_buffer_inst_4/Addr_r[4]_i_1 into driver instance finn_design_i/ConvolutionInputGenerator_rtl_0/inst/impl/window_buffer_inst/ram_buffer_inst_3/Addr_r[4]_i_3, which resulted in an inversion of 3 pins
INFO: [Opt 31-1287] Pulled Inverter finn_design_i/ConvolutionInputGenerator_rtl_1/inst/impl/window_buffer_inst/reg_buffer_inst_4/Addr_r[3]_i_1 into driver instance finn_design_i/ConvolutionInputGenerator_rtl_1/inst/impl/window_buffer_inst/ram_buffer_inst_3/Addr_r[3]_i_3, which resulted in an inversion of 3 pins
INFO: [Opt 31-138] Pushed 1 inverter(s) to 929 load pin(s).
INFO: [Opt 31-49] Retargeted 0 cell(s).
Phase 1 Retarget | Checksum: 1d39c1ee2

Time (s): cpu = 00:00:02 ; elapsed = 00:00:00.56 . Memory (MB): peak = 3951.984 ; gain = 0.000 ; free physical = 4801 ; free virtual = 13026
INFO: [Opt 31-389] Phase Retarget created 0 cells and removed 3 cells

Phase 2 Constant propagation
INFO: [Opt 31-138] Pushed 0 inverter(s) to 0 load pin(s).
Phase 2 Constant propagation | Checksum: 1d9979e58

Time (s): cpu = 00:00:02 ; elapsed = 00:00:00.59 . Memory (MB): peak = 3951.984 ; gain = 0.000 ; free physical = 4803 ; free virtual = 13022
INFO: [Opt 31-389] Phase Constant propagation created 0 cells and removed 0 cells

Phase 3 Sweep
Phase 3 Sweep | Checksum: 15d295b7d

Time (s): cpu = 00:00:02 ; elapsed = 00:00:00.72 . Memory (MB): peak = 3951.984 ; gain = 0.000 ; free physical = 4810 ; free virtual = 13007
INFO: [Opt 31-389] Phase Sweep created 0 cells and removed 0 cells

Phase 4 BUFG optimization
INFO: [Opt 31-1077] Phase BUFG optimization inserted 0 global clock buffer(s) for CLOCK_LOW_FANOUT.
Phase 4 BUFG optimization | Checksum: 15d295b7d

Time (s): cpu = 00:00:02 ; elapsed = 00:00:00.78 . Memory (MB): peak = 3984.000 ; gain = 32.016 ; free physical = 4810 ; free virtual = 13007
INFO: [Opt 31-662] Phase BUFG optimization created 0 cells of which 0 are BUFGs and removed 0 cells.

Phase 5 Shift Register Optimization
INFO: [Opt 31-1064] SRL Remap converted 0 SRLs to 0 registers and converted 0 registers of register chains to 0 SRLs
Phase 5 Shift Register Optimization | Checksum: 15d295b7d

Time (s): cpu = 00:00:02 ; elapsed = 00:00:00.79 . Memory (MB): peak = 3984.000 ; gain = 32.016 ; free physical = 4808 ; free virtual = 13007
INFO: [Opt 31-389] Phase Shift Register Optimization created 0 cells and removed 0 cells

Phase 6 Post Processing Netlist
Phase 6 Post Processing Netlist | Checksum: 15d295b7d

Time (s): cpu = 00:00:02 ; elapsed = 00:00:00.88 . Memory (MB): peak = 3984.000 ; gain = 32.016 ; free physical = 4802 ; free virtual = 13003
INFO: [Opt 31-389] Phase Post Processing Netlist created 0 cells and removed 0 cells
Opt_design Change Summary
=========================


-------------------------------------------------------------------------------------------------------------------------
|  Phase                        |  #Cells created  |  #Cells Removed  |  #Constrained objects preventing optimizations  |
-------------------------------------------------------------------------------------------------------------------------
|  Retarget                     |               0  |               3  |                                              0  |
|  Constant propagation         |               0  |               0  |                                              0  |
|  Sweep                        |               0  |               0  |                                              0  |
|  BUFG optimization            |               0  |               0  |                                              0  |
|  Shift Register Optimization  |               0  |               0  |                                              0  |
|  Post Processing Netlist      |               0  |               0  |                                              0  |
-------------------------------------------------------------------------------------------------------------------------



Starting Connectivity Check Task

Time (s): cpu = 00:00:00.01 ; elapsed = 00:00:00 . Memory (MB): peak = 3984.000 ; gain = 0.000 ; free physical = 4800 ; free virtual = 13005
Ending Logic Optimization Task | Checksum: 140e36469

Time (s): cpu = 00:00:02 ; elapsed = 00:00:00.96 . Memory (MB): peak = 3984.000 ; gain = 32.016 ; free physical = 4800 ; free virtual = 13005

Starting Power Optimization Task
INFO: [Pwropt 34-132] Skipping clock gating for clocks with a period < 2.00 ns.
INFO: [Pwropt 34-9] Applying IDT optimizations ...
INFO: [Pwropt 34-10] Applying ODC optimizations ...
INFO: [Timing 38-35] Done setting XDC timing constraints.
Running Vector-less Activity Propagation...

Finished Running Vector-less Activity Propagation


Starting PowerOpt Patch Enables Task
INFO: [Pwropt 34-162] WRITE_MODE attribute of 0 BRAM(s) out of a total of 5 has been updated to save power. Run report_power_opt to get a complete listing of the BRAMs updated.
INFO: [Pwropt 34-201] Structural ODC has moved 0 WE to EN ports
Number of BRAM Ports augmented: 0 newly gated: 0 Total Ports: 10
Ending PowerOpt Patch Enables Task | Checksum: 140e36469

Time (s): cpu = 00:00:00.05 ; elapsed = 00:00:00.06 . Memory (MB): peak = 4757.984 ; gain = 0.000 ; free physical = 4365 ; free virtual = 12583
Ending Power Optimization Task | Checksum: 140e36469

Time (s): cpu = 00:00:17 ; elapsed = 00:00:10 . Memory (MB): peak = 4757.984 ; gain = 773.984 ; free physical = 4393 ; free virtual = 12612

Starting Final Cleanup Task
Ending Final Cleanup Task | Checksum: 140e36469

Time (s): cpu = 00:00:00 ; elapsed = 00:00:00 . Memory (MB): peak = 4757.984 ; gain = 0.000 ; free physical = 4393 ; free virtual = 12612

Starting Netlist Obfuscation Task
Netlist sorting complete. Time (s): cpu = 00:00:00 ; elapsed = 00:00:00 . Memory (MB): peak = 4757.984 ; gain = 0.000 ; free physical = 4393 ; free virtual = 12612
Ending Netlist Obfuscation Task | Checksum: 140e36469

Time (s): cpu = 00:00:00 ; elapsed = 00:00:00.01 . Memory (MB): peak = 4757.984 ; gain = 0.000 ; free physical = 4393 ; free virtual = 12612
INFO: [Common 17-83] Releasing license: Implementation
32 Infos, 0 Warnings, 0 Critical Warnings and 0 Errors encountered.
opt_design completed successfully
opt_design: Time (s): cpu = 00:00:30 ; elapsed = 00:00:16 . Memory (MB): peak = 4757.984 ; gain = 1546.391 ; free physical = 4393 ; free virtual = 12612
INFO: [Timing 38-35] Done setting XDC timing constraints.
INFO: [Timing 38-480] Writing timing data to binary archive.
INFO: [Common 17-1381] The checkpoint '/home/changhong/prj/finn/notebooks/EF-US-Engine-Free-Unstructured-Sparsity-Design-Alleviates-Accelerator-Bottlenecks/casestudy1/LeNet_MNIST_BNN/build/auto/home/changhong/prj/finn/notebooks/EF-US-Engine-Free-Unstructured-Sparsity-Design-Alleviates-Accelerator-Bottlenecks/casestudy1/LeNet_MNIST_BNN/tmp/auto/synth_out_of_context_bmn3t5l1/results_finn_design_wrapper/vivadocompile/vivadocompile.runs/impl_1/finn_design_wrapper_opt.dcp' has been generated.
INFO: [runtcl-4] Executing : report_drc -file finn_design_wrapper_drc_opted.rpt -pb finn_design_wrapper_drc_opted.pb -rpx finn_design_wrapper_drc_opted.rpx
Command: report_drc -file finn_design_wrapper_drc_opted.rpt -pb finn_design_wrapper_drc_opted.pb -rpx finn_design_wrapper_drc_opted.rpx
INFO: [IP_Flow 19-234] Refreshing IP repositories
INFO: [IP_Flow 19-1704] No user IP repositories specified
INFO: [IP_Flow 19-2313] Loaded Vivado IP repository '/tools/Xilinx/Vivado/2022.2/data/ip'.
INFO: [DRC 23-27] Running DRC with 8 threads
INFO: [Vivado_Tcl 2-168] The results of DRC are in file /home/changhong/prj/finn/notebooks/EF-US-Engine-Free-Unstructured-Sparsity-Design-Alleviates-Accelerator-Bottlenecks/casestudy1/LeNet_MNIST_BNN/build/auto/home/changhong/prj/finn/notebooks/EF-US-Engine-Free-Unstructured-Sparsity-Design-Alleviates-Accelerator-Bottlenecks/casestudy1/LeNet_MNIST_BNN/tmp/auto/synth_out_of_context_bmn3t5l1/results_finn_design_wrapper/vivadocompile/vivadocompile.runs/impl_1/finn_design_wrapper_drc_opted.rpt.
report_drc completed successfully
Command: place_design
Attempting to get a license for feature 'Implementation' and/or device 'xczu7ev'
INFO: [Common 17-349] Got license for feature 'Implementation' and/or device 'xczu7ev'
INFO: [DRC 23-27] Running DRC with 8 threads
INFO: [Vivado_Tcl 4-198] DRC finished with 0 Errors
INFO: [Vivado_Tcl 4-199] Please refer to the DRC report (report_drc) for more information.
Running DRC as a precondition to command place_design
INFO: [DRC 23-27] Running DRC with 8 threads
INFO: [Vivado_Tcl 4-198] DRC finished with 0 Errors
INFO: [Vivado_Tcl 4-199] Please refer to the DRC report (report_drc) for more information.

Starting Placer Task
INFO: [Place 30-611] Multithreading enabled for place_design using a maximum of 8 CPUs

Phase 1 Placer Initialization

Phase 1.1 Placer Initialization Netlist Sorting
Netlist sorting complete. Time (s): cpu = 00:00:00.01 ; elapsed = 00:00:00 . Memory (MB): peak = 4765.988 ; gain = 0.000 ; free physical = 4274 ; free virtual = 12493
Phase 1.1 Placer Initialization Netlist Sorting | Checksum: e73c24ec

Time (s): cpu = 00:00:00.01 ; elapsed = 00:00:00 . Memory (MB): peak = 4765.988 ; gain = 0.000 ; free physical = 4274 ; free virtual = 12493
Netlist sorting complete. Time (s): cpu = 00:00:00 ; elapsed = 00:00:00.01 . Memory (MB): peak = 4765.988 ; gain = 0.000 ; free physical = 4274 ; free virtual = 12493

Phase 1.2 IO Placement/ Clock Placement/ Build Placer Device
Phase 1.2 IO Placement/ Clock Placement/ Build Placer Device | Checksum: 71d92f96

Time (s): cpu = 00:00:12 ; elapsed = 00:00:13 . Memory (MB): peak = 5262.113 ; gain = 496.125 ; free physical = 3781 ; free virtual = 11996

Phase 1.3 Build Placer Netlist Model
Phase 1.3 Build Placer Netlist Model | Checksum: 112ccd1cc

Time (s): cpu = 00:00:19 ; elapsed = 00:00:16 . Memory (MB): peak = 5294.129 ; gain = 528.141 ; free physical = 3669 ; free virtual = 11888

Phase 1.4 Constrain Clocks/Macros
Phase 1.4 Constrain Clocks/Macros | Checksum: 112ccd1cc

Time (s): cpu = 00:00:19 ; elapsed = 00:00:16 . Memory (MB): peak = 5294.129 ; gain = 528.141 ; free physical = 3669 ; free virtual = 11888
Phase 1 Placer Initialization | Checksum: 112ccd1cc

Time (s): cpu = 00:00:19 ; elapsed = 00:00:16 . Memory (MB): peak = 5294.129 ; gain = 528.141 ; free physical = 3669 ; free virtual = 11889

Phase 2 Global Placement

Phase 2.1 Floorplanning

Phase 2.1.1 Partition Driven Placement

Phase 2.1.1.1 PBP: Partition Driven Placement
Phase 2.1.1.1 PBP: Partition Driven Placement | Checksum: 153261924

Time (s): cpu = 00:00:23 ; elapsed = 00:00:17 . Memory (MB): peak = 5294.129 ; gain = 528.141 ; free physical = 3779 ; free virtual = 12016

Phase 2.1.1.2 PBP: Clock Region Placement
Phase 2.1.1.2 PBP: Clock Region Placement | Checksum: 153261924

Time (s): cpu = 00:00:23 ; elapsed = 00:00:17 . Memory (MB): peak = 5294.129 ; gain = 528.141 ; free physical = 3779 ; free virtual = 12016

Phase 2.1.1.3 PBP: Compute Congestion
Phase 2.1.1.3 PBP: Compute Congestion | Checksum: 153261924

Time (s): cpu = 00:00:24 ; elapsed = 00:00:18 . Memory (MB): peak = 5340.492 ; gain = 574.504 ; free physical = 3726 ; free virtual = 11940

Phase 2.1.1.4 PBP: UpdateTiming
Phase 2.1.1.4 PBP: UpdateTiming | Checksum: 169f5dd55

Time (s): cpu = 00:00:25 ; elapsed = 00:00:18 . Memory (MB): peak = 5370.508 ; gain = 604.520 ; free physical = 3696 ; free virtual = 11924

Phase 2.1.1.5 PBP: Add part constraints
Phase 2.1.1.5 PBP: Add part constraints | Checksum: 169f5dd55

Time (s): cpu = 00:00:25 ; elapsed = 00:00:18 . Memory (MB): peak = 5370.508 ; gain = 604.520 ; free physical = 3696 ; free virtual = 11924
Phase 2.1.1 Partition Driven Placement | Checksum: 169f5dd55

Time (s): cpu = 00:00:25 ; elapsed = 00:00:18 . Memory (MB): peak = 5370.508 ; gain = 604.520 ; free physical = 3696 ; free virtual = 11924
Phase 2.1 Floorplanning | Checksum: 7dd41791

Time (s): cpu = 00:00:25 ; elapsed = 00:00:18 . Memory (MB): peak = 5370.508 ; gain = 604.520 ; free physical = 3696 ; free virtual = 11924

Phase 2.2 Update Timing before SLR Path Opt
Phase 2.2 Update Timing before SLR Path Opt | Checksum: 7dd41791

Time (s): cpu = 00:00:25 ; elapsed = 00:00:18 . Memory (MB): peak = 5370.508 ; gain = 604.520 ; free physical = 3696 ; free virtual = 11924

Phase 2.3 Post-Processing in Floorplanning
Phase 2.3 Post-Processing in Floorplanning | Checksum: 7dd41791

Time (s): cpu = 00:00:25 ; elapsed = 00:00:18 . Memory (MB): peak = 5370.508 ; gain = 604.520 ; free physical = 3696 ; free virtual = 11924

Phase 2.4 Global Placement Core

Phase 2.4.1 UpdateTiming Before Physical Synthesis
Phase 2.4.1 UpdateTiming Before Physical Synthesis | Checksum: d0de5af8

Time (s): cpu = 00:00:48 ; elapsed = 00:00:25 . Memory (MB): peak = 5378.512 ; gain = 612.523 ; free physical = 3545 ; free virtual = 11755

Phase 2.4.2 Physical Synthesis In Placer
INFO: [Physopt 32-1035] Found 0 LUTNM shape to break, 1302 LUT instances to create LUTNM shape
INFO: [Physopt 32-1044] Break lutnm for timing: one critical 0, two critical 0, total 0, new lutff created 0
INFO: [Physopt 32-1138] End 1 Pass. Optimized 574 nets or LUTs. Breaked 0 LUT, combined 574 existing LUTs and moved 0 existing LUT
INFO: [Physopt 32-1030] Pass 1. Identified 7 candidate driver sets for equivalent driver rewiring.
INFO: [Physopt 32-661] Optimized 2 nets.  Re-placed 5 instances.
INFO: [Physopt 32-775] End 1 Pass. Optimized 2 nets or cells. Created 0 new cell, deleted 0 existing cell and moved 5 existing cells
Netlist sorting complete. Time (s): cpu = 00:00:00.01 ; elapsed = 00:00:00 . Memory (MB): peak = 5378.512 ; gain = 0.000 ; free physical = 3569 ; free virtual = 11805
INFO: [Physopt 32-65] No nets found for high-fanout optimization.
INFO: [Physopt 32-232] Optimized 0 net. Created 0 new instance.
INFO: [Physopt 32-775] End 1 Pass. Optimized 0 net or cell. Created 0 new cell, deleted 0 existing cell and moved 0 existing cell
INFO: [Physopt 32-670] No setup violation found.  DSP Register Optimization was not performed.
INFO: [Physopt 32-670] No setup violation found.  Shift Register to Pipeline Optimization was not performed.
INFO: [Physopt 32-670] No setup violation found.  Shift Register Optimization was not performed.
INFO: [Physopt 32-670] No setup violation found.  BRAM Register Optimization was not performed.
INFO: [Physopt 32-670] No setup violation found.  URAM Register Optimization was not performed.
INFO: [Physopt 32-949] No candidate nets found for dynamic/static region interface net replication
INFO: [Physopt 32-775] End 1 Pass. Optimized 0 net or cell. Created 0 new cell, deleted 0 existing cell and moved 0 existing cell
Netlist sorting complete. Time (s): cpu = 00:00:00.01 ; elapsed = 00:00:00 . Memory (MB): peak = 5378.512 ; gain = 0.000 ; free physical = 3580 ; free virtual = 11809

Summary of Physical Synthesis Optimizations
============================================


-----------------------------------------------------------------------------------------------------------------------------------------------------------
|  Optimization                                     |  Added Cells  |  Removed Cells  |  Optimized Cells/Nets  |  Dont Touch  |  Iterations  |  Elapsed   |
-----------------------------------------------------------------------------------------------------------------------------------------------------------
|  LUT Combining                                    |            0  |            574  |                   574  |           0  |           1  |  00:00:00  |
|  Retime                                           |            0  |              0  |                     0  |           0  |           1  |  00:00:00  |
|  Equivalent Driver Rewiring                       |            0  |              0  |                     2  |           0  |           1  |  00:00:00  |
|  Very High Fanout                                 |            0  |              0  |                     0  |           0  |           1  |  00:00:00  |
|  DSP Register                                     |            0  |              0  |                     0  |           0  |           0  |  00:00:00  |
|  Shift Register to Pipeline                       |            0  |              0  |                     0  |           0  |           0  |  00:00:00  |
|  Shift Register                                   |            0  |              0  |                     0  |           0  |           0  |  00:00:00  |
|  BRAM Register                                    |            0  |              0  |                     0  |           0  |           0  |  00:00:00  |
|  URAM Register                                    |            0  |              0  |                     0  |           0  |           0  |  00:00:00  |
|  Dynamic/Static Region Interface Net Replication  |            0  |              0  |                     0  |           0  |           1  |  00:00:00  |
|  Total                                            |            0  |            574  |                   576  |           0  |           5  |  00:00:00  |
-----------------------------------------------------------------------------------------------------------------------------------------------------------


Phase 2.4.2 Physical Synthesis In Placer | Checksum: 5a59f874

Time (s): cpu = 00:00:50 ; elapsed = 00:00:26 . Memory (MB): peak = 5378.512 ; gain = 612.523 ; free physical = 3579 ; free virtual = 11817
Phase 2.4 Global Placement Core | Checksum: 14e585699

Time (s): cpu = 00:00:53 ; elapsed = 00:00:28 . Memory (MB): peak = 5378.512 ; gain = 612.523 ; free physical = 3539 ; free virtual = 11799
Phase 2 Global Placement | Checksum: 14e585699

Time (s): cpu = 00:00:53 ; elapsed = 00:00:28 . Memory (MB): peak = 5378.512 ; gain = 612.523 ; free physical = 3537 ; free virtual = 11801

Phase 3 Detail Placement

Phase 3.1 Commit Multi Column Macros
Phase 3.1 Commit Multi Column Macros | Checksum: 11e5c8eca

Time (s): cpu = 00:00:55 ; elapsed = 00:00:28 . Memory (MB): peak = 5378.512 ; gain = 612.523 ; free physical = 3396 ; free virtual = 11646

Phase 3.2 Commit Most Macros & LUTRAMs
Phase 3.2 Commit Most Macros & LUTRAMs | Checksum: 84e266cf

Time (s): cpu = 00:00:56 ; elapsed = 00:00:29 . Memory (MB): peak = 5378.512 ; gain = 612.523 ; free physical = 3500 ; free virtual = 11726

Phase 3.3 Small Shape DP

Phase 3.3.1 Small Shape Clustering
Phase 3.3.1 Small Shape Clustering | Checksum: 88666d8a

Time (s): cpu = 00:00:56 ; elapsed = 00:00:29 . Memory (MB): peak = 5378.512 ; gain = 612.523 ; free physical = 3452 ; free virtual = 11692

Phase 3.3.2 Flow Legalize Slice Clusters
Phase 3.3.2 Flow Legalize Slice Clusters | Checksum: 9446a181

Time (s): cpu = 00:00:56 ; elapsed = 00:00:29 . Memory (MB): peak = 5378.512 ; gain = 612.523 ; free physical = 3461 ; free virtual = 11709

Phase 3.3.3 Slice Area Swap

Phase 3.3.3.1 Slice Area Swap Initial
Phase 3.3.3.1 Slice Area Swap Initial | Checksum: 10889dab9

Time (s): cpu = 00:00:57 ; elapsed = 00:00:30 . Memory (MB): peak = 5378.512 ; gain = 612.523 ; free physical = 3446 ; free virtual = 11703
Phase 3.3.3 Slice Area Swap | Checksum: 10889dab9

Time (s): cpu = 00:00:57 ; elapsed = 00:00:30 . Memory (MB): peak = 5378.512 ; gain = 612.523 ; free physical = 3479 ; free virtual = 11698
Phase 3.3 Small Shape DP | Checksum: 1964d3a25

Time (s): cpu = 00:00:58 ; elapsed = 00:00:30 . Memory (MB): peak = 5378.512 ; gain = 612.523 ; free physical = 3469 ; free virtual = 11708

Phase 3.4 Re-assign LUT pins
Phase 3.4 Re-assign LUT pins | Checksum: 1b6e66ee3

Time (s): cpu = 00:00:59 ; elapsed = 00:00:31 . Memory (MB): peak = 5378.512 ; gain = 612.523 ; free physical = 3464 ; free virtual = 11720

Phase 3.5 Pipeline Register Optimization
Phase 3.5 Pipeline Register Optimization | Checksum: 1cc8d475d

Time (s): cpu = 00:00:59 ; elapsed = 00:00:31 . Memory (MB): peak = 5378.512 ; gain = 612.523 ; free physical = 3480 ; free virtual = 11710
Phase 3 Detail Placement | Checksum: 1cc8d475d

Time (s): cpu = 00:00:59 ; elapsed = 00:00:31 . Memory (MB): peak = 5378.512 ; gain = 612.523 ; free physical = 3497 ; free virtual = 11686

Phase 4 Post Placement Optimization and Clean-Up

Phase 4.1 Post Commit Optimization
INFO: [Timing 38-35] Done setting XDC timing constraints.

Phase 4.1.1 Post Placement Optimization
Post Placement Optimization Initialization | Checksum: 1e37104e4

Phase 4.1.1.1 BUFG Insertion

Starting Physical Synthesis Task

Phase 1 Physical Synthesis Initialization
INFO: [Physopt 32-721] Multithreading enabled for phys_opt_design using a maximum of 8 CPUs
INFO: [Physopt 32-619] Estimated Timing Summary | WNS=5.721 | TNS=0.000 |
Phase 1 Physical Synthesis Initialization | Checksum: 164c88a52

Time (s): cpu = 00:00:01 ; elapsed = 00:00:00.21 . Memory (MB): peak = 5378.512 ; gain = 0.000 ; free physical = 3425 ; free virtual = 11647
INFO: [Place 46-56] BUFG insertion identified 0 candidate nets. Inserted BUFG: 0, Replicated BUFG Driver: 0, Skipped due to Placement/Routing Conflicts: 0, Skipped due to Timing Degradation: 0, Skipped due to Illegal Netlist: 0.
Ending Physical Synthesis Task | Checksum: 17b963a43

Time (s): cpu = 00:00:01 ; elapsed = 00:00:00.31 . Memory (MB): peak = 5378.512 ; gain = 0.000 ; free physical = 3415 ; free virtual = 11644
Phase 4.1.1.1 BUFG Insertion | Checksum: 1e37104e4

Time (s): cpu = 00:01:11 ; elapsed = 00:00:34 . Memory (MB): peak = 5378.512 ; gain = 612.523 ; free physical = 3417 ; free virtual = 11648

Phase 4.1.1.2 Post Placement Timing Optimization
INFO: [Place 30-746] Post Placement Timing Summary WNS=5.721. For the most accurate timing information please run report_timing.
Phase 4.1.1.2 Post Placement Timing Optimization | Checksum: 120e12a6a

Time (s): cpu = 00:01:12 ; elapsed = 00:00:34 . Memory (MB): peak = 5378.512 ; gain = 612.523 ; free physical = 3405 ; free virtual = 11645

Time (s): cpu = 00:01:12 ; elapsed = 00:00:34 . Memory (MB): peak = 5378.512 ; gain = 612.523 ; free physical = 3405 ; free virtual = 11645
Phase 4.1 Post Commit Optimization | Checksum: 120e12a6a

Time (s): cpu = 00:01:12 ; elapsed = 00:00:34 . Memory (MB): peak = 5378.512 ; gain = 612.523 ; free physical = 3408 ; free virtual = 11653

Phase 4.2 Post Placement Cleanup
Phase 4.2 Post Placement Cleanup | Checksum: 120e12a6a

Time (s): cpu = 00:01:17 ; elapsed = 00:00:38 . Memory (MB): peak = 5488.508 ; gain = 722.520 ; free physical = 3425 ; free virtual = 11661

Phase 4.3 Placer Reporting

Phase 4.3.1 Print Estimated Congestion
INFO: [Place 30-612] Post-Placement Estimated Congestion 
 ________________________________________________________________________
|           | Global Congestion | Long Congestion   | Short Congestion  |
| Direction | Region Size       | Region Size       | Region Size       |
|___________|___________________|___________________|___________________|
|      North|                1x1|                1x1|                1x1|
|___________|___________________|___________________|___________________|
|      South|                1x1|                1x1|                1x1|
|___________|___________________|___________________|___________________|
|       East|                1x1|                1x1|                1x1|
|___________|___________________|___________________|___________________|
|       West|                1x1|                1x1|                1x1|
|___________|___________________|___________________|___________________|

Phase 4.3.1 Print Estimated Congestion | Checksum: 120e12a6a

Time (s): cpu = 00:01:17 ; elapsed = 00:00:38 . Memory (MB): peak = 5488.508 ; gain = 722.520 ; free physical = 3419 ; free virtual = 11659
Phase 4.3 Placer Reporting | Checksum: 120e12a6a

Time (s): cpu = 00:01:17 ; elapsed = 00:00:39 . Memory (MB): peak = 5488.508 ; gain = 722.520 ; free physical = 3440 ; free virtual = 11685

Phase 4.4 Final Placement Cleanup
Netlist sorting complete. Time (s): cpu = 00:00:00.01 ; elapsed = 00:00:00 . Memory (MB): peak = 5488.508 ; gain = 0.000 ; free physical = 3448 ; free virtual = 11693

Time (s): cpu = 00:01:17 ; elapsed = 00:00:39 . Memory (MB): peak = 5488.508 ; gain = 722.520 ; free physical = 3448 ; free virtual = 11693
Phase 4 Post Placement Optimization and Clean-Up | Checksum: 1d2b3ff3f

Time (s): cpu = 00:01:17 ; elapsed = 00:00:39 . Memory (MB): peak = 5488.508 ; gain = 722.520 ; free physical = 3445 ; free virtual = 11691
Ending Placer Task | Checksum: 1bd037888

Time (s): cpu = 00:01:17 ; elapsed = 00:00:39 . Memory (MB): peak = 5488.508 ; gain = 722.520 ; free physical = 3476 ; free virtual = 11685
INFO: [Common 17-83] Releasing license: Implementation
72 Infos, 0 Warnings, 0 Critical Warnings and 0 Errors encountered.
place_design completed successfully
place_design: Time (s): cpu = 00:01:20 ; elapsed = 00:00:39 . Memory (MB): peak = 5488.508 ; gain = 722.520 ; free physical = 3632 ; free virtual = 11841
INFO: [Timing 38-480] Writing timing data to binary archive.
Writing XDEF routing.
Writing XDEF routing logical nets.
Writing XDEF routing special nets.
Write XDEF Complete: Time (s): cpu = 00:00:03 ; elapsed = 00:00:01 . Memory (MB): peak = 5488.508 ; gain = 0.000 ; free physical = 3608 ; free virtual = 11872
INFO: [Common 17-1381] The checkpoint '/home/changhong/prj/finn/notebooks/EF-US-Engine-Free-Unstructured-Sparsity-Design-Alleviates-Accelerator-Bottlenecks/casestudy1/LeNet_MNIST_BNN/build/auto/home/changhong/prj/finn/notebooks/EF-US-Engine-Free-Unstructured-Sparsity-Design-Alleviates-Accelerator-Bottlenecks/casestudy1/LeNet_MNIST_BNN/tmp/auto/synth_out_of_context_bmn3t5l1/results_finn_design_wrapper/vivadocompile/vivadocompile.runs/impl_1/finn_design_wrapper_placed.dcp' has been generated.
INFO: [runtcl-4] Executing : report_io -file finn_design_wrapper_io_placed.rpt
report_io: Time (s): cpu = 00:00:00.15 ; elapsed = 00:00:00.25 . Memory (MB): peak = 5488.508 ; gain = 0.000 ; free physical = 3657 ; free virtual = 11911
INFO: [runtcl-4] Executing : report_utilization -file finn_design_wrapper_utilization_placed.rpt -pb finn_design_wrapper_utilization_placed.pb
INFO: [runtcl-4] Executing : report_control_sets -verbose -file finn_design_wrapper_control_sets_placed.rpt
report_control_sets: Time (s): cpu = 00:00:00.03 ; elapsed = 00:00:00.13 . Memory (MB): peak = 5488.508 ; gain = 0.000 ; free physical = 3699 ; free virtual = 11922
Command: phys_opt_design
Attempting to get a license for feature 'Implementation' and/or device 'xczu7ev'
INFO: [Common 17-349] Got license for feature 'Implementation' and/or device 'xczu7ev'

Starting Initial Update Timing Task
WARNING: [Timing 38-242] The property HD.CLK_SRC of clock port "ap_clk" is not set. In out-of-context mode, this prevents timing estimation for clock delay/skew
Resolution: Set the HD.CLK_SRC property of the out-of-context port to the location of the clock buffer instance in the top-level design

Time (s): cpu = 00:00:04 ; elapsed = 00:00:01 . Memory (MB): peak = 5488.508 ; gain = 0.000 ; free physical = 3686 ; free virtual = 11939
INFO: [Vivado_Tcl 4-383] Design worst setup slack (WNS) is greater than or equal to 0.000 ns. Skipping all physical synthesis optimizations.
INFO: [Vivado_Tcl 4-232] No setup violation found. The netlist was not modified.
INFO: [Common 17-83] Releasing license: Implementation
81 Infos, 1 Warnings, 0 Critical Warnings and 0 Errors encountered.
phys_opt_design completed successfully
INFO: [Timing 38-480] Writing timing data to binary archive.
Writing XDEF routing.
Writing XDEF routing logical nets.
Writing XDEF routing special nets.
Write XDEF Complete: Time (s): cpu = 00:00:03 ; elapsed = 00:00:01 . Memory (MB): peak = 5488.508 ; gain = 0.000 ; free physical = 3703 ; free virtual = 11960
INFO: [Common 17-1381] The checkpoint '/home/changhong/prj/finn/notebooks/EF-US-Engine-Free-Unstructured-Sparsity-Design-Alleviates-Accelerator-Bottlenecks/casestudy1/LeNet_MNIST_BNN/build/auto/home/changhong/prj/finn/notebooks/EF-US-Engine-Free-Unstructured-Sparsity-Design-Alleviates-Accelerator-Bottlenecks/casestudy1/LeNet_MNIST_BNN/tmp/auto/synth_out_of_context_bmn3t5l1/results_finn_design_wrapper/vivadocompile/vivadocompile.runs/impl_1/finn_design_wrapper_physopt.dcp' has been generated.
Command: route_design
Attempting to get a license for feature 'Implementation' and/or device 'xczu7ev'
INFO: [Common 17-349] Got license for feature 'Implementation' and/or device 'xczu7ev'
Running DRC as a precondition to command route_design
INFO: [DRC 23-27] Running DRC with 8 threads
INFO: [Vivado_Tcl 4-198] DRC finished with 0 Errors
INFO: [Vivado_Tcl 4-199] Please refer to the DRC report (report_drc) for more information.


Starting Routing Task
INFO: [Route 35-254] Multithreading enabled for route_design using a maximum of 8 CPUs

Phase 1 Build RT Design
Checksum: PlaceDB: ef0e1122 ConstDB: 0 ShapeSum: cdf56766 RouteDB: 0
Nodegraph reading from file.  Time (s): cpu = 00:00:00.6 ; elapsed = 00:00:00.64 . Memory (MB): peak = 5488.508 ; gain = 0.000 ; free physical = 3591 ; free virtual = 11822
WARNING: [Route 35-197] Clock port "ap_clk" does not have an associated HD.CLK_SRC. Without this constraint, timing analysis may not be accurate and upstream checks cannot be done to ensure correct clock placement.
WARNING: [Route 35-198] Port "ap_rst_n" does not have an associated HD.PARTPIN_LOCS, which will prevent the partial routing of the signal "ap_rst_n". Without this partial route, timing analysis to/from this port will not be accurate, and no routing information for this port can be exported.
WARNING: [Route 35-198] Port "m_axis_0_tready" does not have an associated HD.PARTPIN_LOCS, which will prevent the partial routing of the signal "m_axis_0_tready". Without this partial route, timing analysis to/from this port will not be accurate, and no routing information for this port can be exported.
WARNING: [Route 35-198] Port "s_axis_0_tvalid" does not have an associated HD.PARTPIN_LOCS, which will prevent the partial routing of the signal "s_axis_0_tvalid". Without this partial route, timing analysis to/from this port will not be accurate, and no routing information for this port can be exported.
WARNING: [Route 35-198] Port "s_axis_0_tdata[1]" does not have an associated HD.PARTPIN_LOCS, which will prevent the partial routing of the signal "s_axis_0_tdata[1]". Without this partial route, timing analysis to/from this port will not be accurate, and no routing information for this port can be exported.
WARNING: [Route 35-198] Port "s_axis_0_tdata[3]" does not have an associated HD.PARTPIN_LOCS, which will prevent the partial routing of the signal "s_axis_0_tdata[3]". Without this partial route, timing analysis to/from this port will not be accurate, and no routing information for this port can be exported.
WARNING: [Route 35-198] Port "s_axis_0_tdata[6]" does not have an associated HD.PARTPIN_LOCS, which will prevent the partial routing of the signal "s_axis_0_tdata[6]". Without this partial route, timing analysis to/from this port will not be accurate, and no routing information for this port can be exported.
WARNING: [Route 35-198] Port "s_axis_0_tdata[7]" does not have an associated HD.PARTPIN_LOCS, which will prevent the partial routing of the signal "s_axis_0_tdata[7]". Without this partial route, timing analysis to/from this port will not be accurate, and no routing information for this port can be exported.
WARNING: [Route 35-198] Port "s_axis_0_tdata[0]" does not have an associated HD.PARTPIN_LOCS, which will prevent the partial routing of the signal "s_axis_0_tdata[0]". Without this partial route, timing analysis to/from this port will not be accurate, and no routing information for this port can be exported.
WARNING: [Route 35-198] Port "s_axis_0_tdata[2]" does not have an associated HD.PARTPIN_LOCS, which will prevent the partial routing of the signal "s_axis_0_tdata[2]". Without this partial route, timing analysis to/from this port will not be accurate, and no routing information for this port can be exported.
WARNING: [Route 35-198] Port "s_axis_0_tdata[4]" does not have an associated HD.PARTPIN_LOCS, which will prevent the partial routing of the signal "s_axis_0_tdata[4]". Without this partial route, timing analysis to/from this port will not be accurate, and no routing information for this port can be exported.
WARNING: [Route 35-198] Port "s_axis_0_tdata[5]" does not have an associated HD.PARTPIN_LOCS, which will prevent the partial routing of the signal "s_axis_0_tdata[5]". Without this partial route, timing analysis to/from this port will not be accurate, and no routing information for this port can be exported.
Post Restoration Checksum: NetGraph: 852c281e NumContArr: 2ebdda62 Constraints: 0 Timing: 0
Phase 1 Build RT Design | Checksum: b3ea0280

Time (s): cpu = 00:00:08 ; elapsed = 00:00:04 . Memory (MB): peak = 5488.508 ; gain = 0.000 ; free physical = 3522 ; free virtual = 11783

Phase 2 Router Initialization

Phase 2.1 Fix Topology Constraints
Phase 2.1 Fix Topology Constraints | Checksum: b3ea0280

Time (s): cpu = 00:00:08 ; elapsed = 00:00:05 . Memory (MB): peak = 5488.508 ; gain = 0.000 ; free physical = 3474 ; free virtual = 11736

Phase 2.2 Pre Route Cleanup
Phase 2.2 Pre Route Cleanup | Checksum: b3ea0280

Time (s): cpu = 00:00:08 ; elapsed = 00:00:05 . Memory (MB): peak = 5488.508 ; gain = 0.000 ; free physical = 3481 ; free virtual = 11747

Phase 2.3 Global Clock Net Routing
Phase 2.3 Global Clock Net Routing | Checksum: b3ea0280

Time (s): cpu = 00:00:09 ; elapsed = 00:00:05 . Memory (MB): peak = 5498.656 ; gain = 10.148 ; free physical = 3444 ; free virtual = 11680

Phase 2.4 Update Timing
Phase 2.4 Update Timing | Checksum: e007da17

Time (s): cpu = 00:00:12 ; elapsed = 00:00:06 . Memory (MB): peak = 5498.656 ; gain = 10.148 ; free physical = 3427 ; free virtual = 11688
INFO: [Route 35-416] Intermediate Timing Summary | WNS=6.011  | TNS=0.000  | WHS=-0.004 | THS=-0.038 |


Router Utilization Summary
  Global Vertical Routing Utilization    = 0 %
  Global Horizontal Routing Utilization  = 0 %
  Routable Net Status*
  *Does not include unroutable nets such as driverless and loadless.
  Run report_route_status for detailed report.
  Number of Failed Nets               = 14410
    (Failed Nets is the sum of unrouted and partially routed nets)
  Number of Unrouted Nets             = 12815
  Number of Partially Routed Nets     = 1595
  Number of Node Overlaps             = 0

Phase 2 Router Initialization | Checksum: 17935ac6b

Time (s): cpu = 00:00:20 ; elapsed = 00:00:08 . Memory (MB): peak = 5511.312 ; gain = 22.805 ; free physical = 3317 ; free virtual = 11567

Phase 3 Initial Routing

Phase 3.1 Global Routing
Phase 3.1 Global Routing | Checksum: 17935ac6b

Time (s): cpu = 00:00:20 ; elapsed = 00:00:08 . Memory (MB): peak = 5511.312 ; gain = 22.805 ; free physical = 3317 ; free virtual = 11567
Phase 3 Initial Routing | Checksum: 17bdd9ca8

Time (s): cpu = 00:00:23 ; elapsed = 00:00:09 . Memory (MB): peak = 5511.312 ; gain = 22.805 ; free physical = 3346 ; free virtual = 11596

Phase 4 Rip-up And Reroute

Phase 4.1 Global Iteration 0
 Number of Nodes with overlaps = 1452
 Number of Nodes with overlaps = 91
 Number of Nodes with overlaps = 5
 Number of Nodes with overlaps = 1
 Number of Nodes with overlaps = 0
INFO: [Route 35-416] Intermediate Timing Summary | WNS=4.537  | TNS=0.000  | WHS=0.016  | THS=0.000  |

Phase 4.1 Global Iteration 0 | Checksum: 1b94ad5a9

Time (s): cpu = 00:00:35 ; elapsed = 00:00:16 . Memory (MB): peak = 5511.312 ; gain = 22.805 ; free physical = 3424 ; free virtual = 11685

Phase 4.2 Additional Iteration for Hold
Phase 4.2 Additional Iteration for Hold | Checksum: 21d16d69f

Time (s): cpu = 00:00:35 ; elapsed = 00:00:16 . Memory (MB): peak = 5511.312 ; gain = 22.805 ; free physical = 3427 ; free virtual = 11688
Phase 4 Rip-up And Reroute | Checksum: 21d16d69f

Time (s): cpu = 00:00:35 ; elapsed = 00:00:16 . Memory (MB): peak = 5511.312 ; gain = 22.805 ; free physical = 3418 ; free virtual = 11661

Phase 5 Delay and Skew Optimization

Phase 5.1 Delay CleanUp
Phase 5.1 Delay CleanUp | Checksum: 21d16d69f

Time (s): cpu = 00:00:35 ; elapsed = 00:00:16 . Memory (MB): peak = 5511.312 ; gain = 22.805 ; free physical = 3445 ; free virtual = 11670

Phase 5.2 Clock Skew Optimization
Phase 5.2 Clock Skew Optimization | Checksum: 21d16d69f

Time (s): cpu = 00:00:35 ; elapsed = 00:00:16 . Memory (MB): peak = 5511.312 ; gain = 22.805 ; free physical = 3445 ; free virtual = 11670
Phase 5 Delay and Skew Optimization | Checksum: 21d16d69f

Time (s): cpu = 00:00:35 ; elapsed = 00:00:16 . Memory (MB): peak = 5511.312 ; gain = 22.805 ; free physical = 3445 ; free virtual = 11674

Phase 6 Post Hold Fix

Phase 6.1 Hold Fix Iter

Phase 6.1.1 Update Timing
Phase 6.1.1 Update Timing | Checksum: 237899f69

Time (s): cpu = 00:00:38 ; elapsed = 00:00:16 . Memory (MB): peak = 5511.312 ; gain = 22.805 ; free physical = 3432 ; free virtual = 11691
INFO: [Route 35-416] Intermediate Timing Summary | WNS=4.537  | TNS=0.000  | WHS=0.016  | THS=0.000  |

Phase 6.1 Hold Fix Iter | Checksum: 237899f69

Time (s): cpu = 00:00:38 ; elapsed = 00:00:17 . Memory (MB): peak = 5511.312 ; gain = 22.805 ; free physical = 3432 ; free virtual = 11691
Phase 6 Post Hold Fix | Checksum: 237899f69

Time (s): cpu = 00:00:38 ; elapsed = 00:00:17 . Memory (MB): peak = 5511.312 ; gain = 22.805 ; free physical = 3432 ; free virtual = 11695

Phase 7 Route finalize

Router Utilization Summary
  Global Vertical Routing Utilization    = 0.433634 %
  Global Horizontal Routing Utilization  = 0.548133 %
  Routable Net Status*
  *Does not include unroutable nets such as driverless and loadless.
  Run report_route_status for detailed report.
  Number of Failed Nets               = 0
    (Failed Nets is the sum of unrouted and partially routed nets)
  Number of Unrouted Nets             = 0
  Number of Partially Routed Nets     = 0
  Number of Node Overlaps             = 0

Phase 7 Route finalize | Checksum: 14ef68cb7

Time (s): cpu = 00:00:39 ; elapsed = 00:00:17 . Memory (MB): peak = 5511.312 ; gain = 22.805 ; free physical = 3460 ; free virtual = 11687

Phase 8 Verifying routed nets

 Verification completed successfully
Phase 8 Verifying routed nets | Checksum: 14ef68cb7

Time (s): cpu = 00:00:39 ; elapsed = 00:00:17 . Memory (MB): peak = 5511.312 ; gain = 22.805 ; free physical = 3459 ; free virtual = 11689

Phase 9 Depositing Routes
Phase 9 Depositing Routes | Checksum: 14ef68cb7

Time (s): cpu = 00:00:39 ; elapsed = 00:00:17 . Memory (MB): peak = 5527.320 ; gain = 38.812 ; free physical = 3444 ; free virtual = 11692

Phase 10 Resolve XTalk
Phase 10 Resolve XTalk | Checksum: 14ef68cb7

Time (s): cpu = 00:00:39 ; elapsed = 00:00:17 . Memory (MB): peak = 5527.320 ; gain = 38.812 ; free physical = 3426 ; free virtual = 11674

Phase 11 Post Router Timing
INFO: [Route 35-57] Estimated Timing Summary | WNS=4.537  | TNS=0.000  | WHS=0.016  | THS=0.000  |

INFO: [Route 35-327] The final timing numbers are based on the router estimated timing analysis. For a complete and accurate timing signoff, please run report_timing_summary.
Phase 11 Post Router Timing | Checksum: 14ef68cb7

Time (s): cpu = 00:00:41 ; elapsed = 00:00:18 . Memory (MB): peak = 5527.320 ; gain = 38.812 ; free physical = 3411 ; free virtual = 11679
INFO: [Route 35-16] Router Completed Successfully

Time (s): cpu = 00:00:41 ; elapsed = 00:00:18 . Memory (MB): peak = 5527.320 ; gain = 38.812 ; free physical = 3497 ; free virtual = 11769

Routing Is Done.
INFO: [Common 17-83] Releasing license: Implementation
95 Infos, 13 Warnings, 0 Critical Warnings and 0 Errors encountered.
route_design completed successfully
route_design: Time (s): cpu = 00:00:43 ; elapsed = 00:00:18 . Memory (MB): peak = 5527.320 ; gain = 38.812 ; free physical = 3540 ; free virtual = 11773
INFO: [Timing 38-480] Writing timing data to binary archive.
Writing XDEF routing.
Writing XDEF routing logical nets.
Writing XDEF routing special nets.
Write XDEF Complete: Time (s): cpu = 00:00:03 ; elapsed = 00:00:01 . Memory (MB): peak = 5527.320 ; gain = 0.000 ; free physical = 3483 ; free virtual = 11771
INFO: [Common 17-1381] The checkpoint '/home/changhong/prj/finn/notebooks/EF-US-Engine-Free-Unstructured-Sparsity-Design-Alleviates-Accelerator-Bottlenecks/casestudy1/LeNet_MNIST_BNN/build/auto/home/changhong/prj/finn/notebooks/EF-US-Engine-Free-Unstructured-Sparsity-Design-Alleviates-Accelerator-Bottlenecks/casestudy1/LeNet_MNIST_BNN/tmp/auto/synth_out_of_context_bmn3t5l1/results_finn_design_wrapper/vivadocompile/vivadocompile.runs/impl_1/finn_design_wrapper_routed.dcp' has been generated.
INFO: [runtcl-4] Executing : report_drc -file finn_design_wrapper_drc_routed.rpt -pb finn_design_wrapper_drc_routed.pb -rpx finn_design_wrapper_drc_routed.rpx
Command: report_drc -file finn_design_wrapper_drc_routed.rpt -pb finn_design_wrapper_drc_routed.pb -rpx finn_design_wrapper_drc_routed.rpx
INFO: [IP_Flow 19-1839] IP Catalog is up to date.
INFO: [DRC 23-27] Running DRC with 8 threads
INFO: [Vivado_Tcl 2-168] The results of DRC are in file /home/changhong/prj/finn/notebooks/EF-US-Engine-Free-Unstructured-Sparsity-Design-Alleviates-Accelerator-Bottlenecks/casestudy1/LeNet_MNIST_BNN/build/auto/home/changhong/prj/finn/notebooks/EF-US-Engine-Free-Unstructured-Sparsity-Design-Alleviates-Accelerator-Bottlenecks/casestudy1/LeNet_MNIST_BNN/tmp/auto/synth_out_of_context_bmn3t5l1/results_finn_design_wrapper/vivadocompile/vivadocompile.runs/impl_1/finn_design_wrapper_drc_routed.rpt.
report_drc completed successfully
INFO: [runtcl-4] Executing : report_methodology -file finn_design_wrapper_methodology_drc_routed.rpt -pb finn_design_wrapper_methodology_drc_routed.pb -rpx finn_design_wrapper_methodology_drc_routed.rpx
Command: report_methodology -file finn_design_wrapper_methodology_drc_routed.rpt -pb finn_design_wrapper_methodology_drc_routed.pb -rpx finn_design_wrapper_methodology_drc_routed.rpx
INFO: [Timing 38-35] Done setting XDC timing constraints.
WARNING: [Timing 38-242] The property HD.CLK_SRC of clock port "ap_clk" is not set. In out-of-context mode, this prevents timing estimation for clock delay/skew
Resolution: Set the HD.CLK_SRC property of the out-of-context port to the location of the clock buffer instance in the top-level design
INFO: [DRC 23-133] Running Methodology with 8 threads
INFO: [Vivado_Tcl 2-1520] The results of Report Methodology are in file /home/changhong/prj/finn/notebooks/EF-US-Engine-Free-Unstructured-Sparsity-Design-Alleviates-Accelerator-Bottlenecks/casestudy1/LeNet_MNIST_BNN/build/auto/home/changhong/prj/finn/notebooks/EF-US-Engine-Free-Unstructured-Sparsity-Design-Alleviates-Accelerator-Bottlenecks/casestudy1/LeNet_MNIST_BNN/tmp/auto/synth_out_of_context_bmn3t5l1/results_finn_design_wrapper/vivadocompile/vivadocompile.runs/impl_1/finn_design_wrapper_methodology_drc_routed.rpt.
report_methodology completed successfully
INFO: [runtcl-4] Executing : report_power -file finn_design_wrapper_power_routed.rpt -pb finn_design_wrapper_power_summary_routed.pb -rpx finn_design_wrapper_power_routed.rpx
Command: report_power -file finn_design_wrapper_power_routed.rpt -pb finn_design_wrapper_power_summary_routed.pb -rpx finn_design_wrapper_power_routed.rpx
INFO: [Timing 38-35] Done setting XDC timing constraints.
Running Vector-less Activity Propagation...

Finished Running Vector-less Activity Propagation
107 Infos, 14 Warnings, 0 Critical Warnings and 0 Errors encountered.
report_power completed successfully
report_power: Time (s): cpu = 00:00:11 ; elapsed = 00:00:06 . Memory (MB): peak = 5567.340 ; gain = 24.012 ; free physical = 3435 ; free virtual = 11712
INFO: [runtcl-4] Executing : report_route_status -file finn_design_wrapper_route_status.rpt -pb finn_design_wrapper_route_status.pb
INFO: [runtcl-4] Executing : report_timing_summary -max_paths 10 -report_unconstrained -file finn_design_wrapper_timing_summary_routed.rpt -pb finn_design_wrapper_timing_summary_routed.pb -rpx finn_design_wrapper_timing_summary_routed.rpx -warn_on_violation 
INFO: [Timing 38-91] UpdateTimingParams: Speed grade: -2, Temperature grade: E, Delay Type: min_max.
INFO: [Timing 38-191] Multithreading enabled for timing update using a maximum of 8 CPUs
INFO: [runtcl-4] Executing : report_incremental_reuse -file finn_design_wrapper_incremental_reuse_routed.rpt
INFO: [Vivado_Tcl 4-1062] Incremental flow is disabled. No incremental reuse Info to report.
INFO: [runtcl-4] Executing : report_clock_utilization -file finn_design_wrapper_clock_utilization_routed.rpt
INFO: [runtcl-4] Executing : report_bus_skew -warn_on_violation -file finn_design_wrapper_bus_skew_routed.rpt -pb finn_design_wrapper_bus_skew_routed.pb -rpx finn_design_wrapper_bus_skew_routed.rpx
INFO: [Timing 38-91] UpdateTimingParams: Speed grade: -2, Temperature grade: E, Delay Type: min_max.
INFO: [Timing 38-191] Multithreading enabled for timing update using a maximum of 8 CPUs
INFO: [Common 17-206] Exiting Vivado at Sun Jun 22 17:17:03 2025...
[Sun Jun 22 17:17:09 2025] impl_1 finished
wait_on_runs: Time (s): cpu = 00:01:46 ; elapsed = 00:04:01 . Memory (MB): peak = 2029.430 ; gain = 0.000 ; free physical = 7515 ; free virtual = 15757
# open_run impl_1
INFO: [Device 21-403] Loading part xczu7ev-ffvc1156-2-e
Netlist sorting complete. Time (s): cpu = 00:00:00.07 ; elapsed = 00:00:00.07 . Memory (MB): peak = 3101.281 ; gain = 0.000 ; free physical = 6679 ; free virtual = 14756
INFO: [Netlist 29-17] Analyzing 696 Unisim elements for replacement
INFO: [Netlist 29-28] Unisim Transformation completed in 9 CPU seconds
INFO: [Project 1-479] Netlist was created with Vivado 2022.2
INFO: [Project 1-570] Preparing netlist for logic optimization
INFO: [Timing 38-478] Restoring timing data from binary archive.
INFO: [Timing 38-479] Binary timing data restore complete.
INFO: [Project 1-856] Restoring constraints from binary archive.
INFO: [Project 1-853] Binary constraint restore complete.
Reading XDEF placement.
Reading placer database...
Reading XDEF routing.
Read XDEF Files: Time (s): cpu = 00:00:02 ; elapsed = 00:00:02 . Memory (MB): peak = 3644.656 ; gain = 13.938 ; free physical = 6045 ; free virtual = 14305
Restored from archive | CPU: 1.750000 secs | Memory: 27.646606 MB |
Finished XDEF File Restore: Time (s): cpu = 00:00:02 ; elapsed = 00:00:02 . Memory (MB): peak = 3644.656 ; gain = 13.938 ; free physical = 6045 ; free virtual = 14305
Netlist sorting complete. Time (s): cpu = 00:00:00 ; elapsed = 00:00:00 . Memory (MB): peak = 4045.078 ; gain = 0.000 ; free physical = 5686 ; free virtual = 13938
INFO: [Project 1-111] Unisim Transformation Summary:
  A total of 402 instances were transformed.
  DSP48E2 => DSP48E2 (DSP_ALU, DSP_A_B_DATA, DSP_C_DATA, DSP_MULTIPLIER, DSP_M_DATA, DSP_OUTPUT, DSP_PREADD, DSP_PREADD_DATA): 150 instances
  RAM128X1D => RAM128X1D (MUXF7(x2), RAMD64E(x4)): 1 instance 
  RAM16X1D => RAM32X1D (RAMD32(x2)): 1 instance 
  RAM16X1S => RAM32X1S (RAMS32): 238 instances
  RAM256X1D => RAM256X1D (MUXF7(x4), MUXF8(x2), RAMD64E(x8)): 1 instance 
  RAM256X1S => RAM256X1S (MUXF7(x2), MUXF8, RAMS64E(x4)): 1 instance 
  RAM32M => RAM32M (RAMD32(x6), RAMS32(x2)): 4 instances
  RAM32M16 => RAM32M16 (RAMD32(x14), RAMS32(x2)): 4 instances
  RAM512X1S => RAM512X1S (MUXF7(x4), MUXF8(x2), MUXF9, RAMS64E1(x8)): 1 instance 
  RAM64X1S => RAM64X1S (RAMS64E): 1 instance 

open_run: Time (s): cpu = 00:00:28 ; elapsed = 00:00:28 . Memory (MB): peak = 4045.078 ; gain = 2015.648 ; free physical = 5684 ; free virtual = 13938
# report_utilization
Copyright 1986-2022 Xilinx, Inc. All Rights Reserved.
------------------------------------------------------------------------------------
| Tool Version : Vivado v.2022.2 (lin64) Build 3671981 Fri Oct 14 04:59:54 MDT 2022
| Date         : Sun Jun 22 17:17:37 2025
| Host         : finn_dev_root running 64-bit Ubuntu 22.04.1 LTS
| Command      : report_utilization
| Design       : finn_design_wrapper
| Device       : xczu7ev-ffvc1156-2-e
| Speed File   : -2
| Design State : Routed
------------------------------------------------------------------------------------

Utilization Design Information

Table of Contents
-----------------
1. CLB Logic
1.1 Summary of Registers by Type
2. CLB Logic Distribution
3. BLOCKRAM
4. ARITHMETIC
5. I/O
6. CLOCK
7. ADVANCED
8. CONFIGURATION
9. Primitives
10. Black Boxes
11. Instantiated Netlists

1. CLB Logic
------------

+----------------------------+------+-------+------------+-----------+-------+
|          Site Type         | Used | Fixed | Prohibited | Available | Util% |
+----------------------------+------+-------+------------+-----------+-------+
| CLB LUTs                   | 4865 |     0 |          0 |    230400 |  2.11 |
|   LUT as Logic             | 4305 |     0 |          0 |    230400 |  1.87 |
|   LUT as Memory            |  560 |     0 |          0 |    101760 |  0.55 |
|     LUT as Distributed RAM |  195 |     0 |            |           |       |
|     LUT as Shift Register  |  365 |     0 |            |           |       |
| CLB Registers              | 5311 |     0 |          0 |    460800 |  1.15 |
|   Register as Flip Flop    | 5311 |     0 |          0 |    460800 |  1.15 |
|   Register as Latch        |    0 |     0 |          0 |    460800 |  0.00 |
| CARRY8                     |  124 |     0 |          0 |     28800 |  0.43 |
| F7 Muxes                   |  132 |     0 |          0 |    115200 |  0.11 |
| F8 Muxes                   |   55 |     0 |          0 |     57600 |  0.10 |
| F9 Muxes                   |    1 |     0 |          0 |     28800 | <0.01 |
+----------------------------+------+-------+------------+-----------+-------+
* Warning! LUT value is adjusted to account for LUT combining.


1.1 Summary of Registers by Type
--------------------------------

+-------+--------------+-------------+--------------+
| Total | Clock Enable | Synchronous | Asynchronous |
+-------+--------------+-------------+--------------+
| 0     |            _ |           - |            - |
| 0     |            _ |           - |          Set |
| 0     |            _ |           - |        Reset |
| 0     |            _ |         Set |            - |
| 0     |            _ |       Reset |            - |
| 0     |          Yes |           - |            - |
| 0     |          Yes |           - |          Set |
| 0     |          Yes |           - |        Reset |
| 100   |          Yes |         Set |            - |
| 5211  |          Yes |       Reset |            - |
+-------+--------------+-------------+--------------+


2. CLB Logic Distribution
-------------------------

+--------------------------------------------+------+-------+------------+-----------+-------+
|                  Site Type                 | Used | Fixed | Prohibited | Available | Util% |
+--------------------------------------------+------+-------+------------+-----------+-------+
| CLB                                        | 1101 |     0 |          0 |     28800 |  3.82 |
|   CLBL                                     |  539 |     0 |            |           |       |
|   CLBM                                     |  562 |     0 |            |           |       |
| LUT as Logic                               | 4305 |     0 |          0 |    230400 |  1.87 |
|   using O5 output only                     |  140 |       |            |           |       |
|   using O6 output only                     | 3443 |       |            |           |       |
|   using O5 and O6                          |  722 |       |            |           |       |
| LUT as Memory                              |  560 |     0 |          0 |    101760 |  0.55 |
|   LUT as Distributed RAM                   |  195 |     0 |            |           |       |
|     using O5 output only                   |    0 |       |            |           |       |
|     using O6 output only                   |   29 |       |            |           |       |
|     using O5 and O6                        |  166 |       |            |           |       |
|   LUT as Shift Register                    |  365 |     0 |            |           |       |
|     using O5 output only                   |    0 |       |            |           |       |
|     using O6 output only                   |  365 |       |            |           |       |
|     using O5 and O6                        |    0 |       |            |           |       |
| CLB Registers                              | 5311 |     0 |          0 |    460800 |  1.15 |
|   Register driven from within the CLB      | 2302 |       |            |           |       |
|   Register driven from outside the CLB     | 3009 |       |            |           |       |
|     LUT in front of the register is unused | 2087 |       |            |           |       |
|     LUT in front of the register is used   |  922 |       |            |           |       |
| Unique Control Sets                        |  182 |       |          0 |     57600 |  0.32 |
+--------------------------------------------+------+-------+------------+-----------+-------+
* * Note: Available Control Sets calculated as Slices * 2, Review the Control Sets Report for more information regarding control sets.


3. BLOCKRAM
-----------

+-------------------+------+-------+------------+-----------+-------+
|     Site Type     | Used | Fixed | Prohibited | Available | Util% |
+-------------------+------+-------+------------+-----------+-------+
| Block RAM Tile    |    3 |     0 |          0 |       312 |  0.96 |
|   RAMB36/FIFO*    |    1 |     0 |          0 |       312 |  0.32 |
|     RAMB36E2 only |    1 |       |            |           |       |
|   RAMB18          |    4 |     0 |          0 |       624 |  0.64 |
|     RAMB18E2 only |    4 |       |            |           |       |
| URAM              |    0 |     0 |          0 |        96 |  0.00 |
+-------------------+------+-------+------------+-----------+-------+
* Note: Each Block RAM Tile only has one FIFO logic available and therefore can accommodate only one FIFO36E2 or one FIFO18E2. However, if a FIFO18E2 occupies a Block RAM Tile, that tile can still accommodate a RAMB18E2


4. ARITHMETIC
-------------

+----------------+------+-------+------------+-----------+-------+
|    Site Type   | Used | Fixed | Prohibited | Available | Util% |
+----------------+------+-------+------------+-----------+-------+
| DSPs           |  150 |     0 |          0 |      1728 |  8.68 |
|   DSP48E2 only |  150 |       |            |           |       |
+----------------+------+-------+------------+-----------+-------+


5. I/O
------

+------------------+------+-------+------------+-----------+-------+
|     Site Type    | Used | Fixed | Prohibited | Available | Util% |
+------------------+------+-------+------------+-----------+-------+
| Bonded IOB       |    0 |     0 |          0 |       360 |  0.00 |
| HPIOB_M          |    0 |     0 |          0 |       144 |  0.00 |
| HPIOB_S          |    0 |     0 |          0 |       144 |  0.00 |
| HDIOB_M          |    0 |     0 |          0 |        24 |  0.00 |
| HDIOB_S          |    0 |     0 |          0 |        24 |  0.00 |
| HPIOB_SNGL       |    0 |     0 |          0 |        24 |  0.00 |
| HPIOBDIFFINBUF   |    0 |     0 |          0 |       192 |  0.00 |
| HPIOBDIFFOUTBUF  |    0 |     0 |          0 |       192 |  0.00 |
| HDIOBDIFFINBUF   |    0 |     0 |          0 |        48 |  0.00 |
| BITSLICE_CONTROL |    0 |     0 |          0 |        64 |  0.00 |
| BITSLICE_RX_TX   |    0 |     0 |          0 |      2496 |  0.00 |
| BITSLICE_TX      |    0 |     0 |          0 |        64 |  0.00 |
| RIU_OR           |    0 |     0 |          0 |        32 |  0.00 |
+------------------+------+-------+------------+-----------+-------+


6. CLOCK
--------

+----------------------+------+-------+------------+-----------+-------+
|       Site Type      | Used | Fixed | Prohibited | Available | Util% |
+----------------------+------+-------+------------+-----------+-------+
| GLOBAL CLOCK BUFFERs |    0 |     0 |          0 |       544 |  0.00 |
|   BUFGCE             |    0 |     0 |          0 |       208 |  0.00 |
|   BUFGCE_DIV         |    0 |     0 |          0 |        32 |  0.00 |
|   BUFG_GT            |    0 |     0 |          0 |       144 |  0.00 |
|   BUFG_PS            |    0 |     0 |          0 |        96 |  0.00 |
|   BUFGCTRL*          |    0 |     0 |          0 |        64 |  0.00 |
| PLL                  |    0 |     0 |          0 |        16 |  0.00 |
| MMCM                 |    0 |     0 |          0 |         8 |  0.00 |
+----------------------+------+-------+------------+-----------+-------+
* Note: Each used BUFGCTRL counts as two GLOBAL CLOCK BUFFERs. This table does not include global clocking resources, only buffer cell usage. See the Clock Utilization Report (report_clock_utilization) for detailed accounting of global clocking resource availability.


7. ADVANCED
-----------

+-----------------+------+-------+------------+-----------+-------+
|    Site Type    | Used | Fixed | Prohibited | Available | Util% |
+-----------------+------+-------+------------+-----------+-------+
| GTHE4_CHANNEL   |    0 |     0 |          0 |        20 |  0.00 |
| GTHE4_COMMON    |    0 |     0 |          0 |         5 |  0.00 |
| OBUFDS_GTE4     |    0 |     0 |          0 |        10 |  0.00 |
| OBUFDS_GTE4_ADV |    0 |     0 |          0 |        10 |  0.00 |
| PCIE40E4        |    0 |     0 |          0 |         2 |  0.00 |
| PS8             |    0 |     0 |          0 |         1 |  0.00 |
| SYSMONE4        |    0 |     0 |          0 |         1 |  0.00 |
| VCU             |    0 |     0 |          0 |         1 |  0.00 |
+-----------------+------+-------+------------+-----------+-------+


8. CONFIGURATION
----------------

+-------------+------+-------+------------+-----------+-------+
|  Site Type  | Used | Fixed | Prohibited | Available | Util% |
+-------------+------+-------+------------+-----------+-------+
| BSCANE2     |    0 |     0 |          0 |         4 |  0.00 |
| DNA_PORTE2  |    0 |     0 |          0 |         1 |  0.00 |
| EFUSE_USR   |    0 |     0 |          0 |         1 |  0.00 |
| FRAME_ECCE4 |    0 |     0 |          0 |         1 |  0.00 |
| ICAPE3      |    0 |     0 |          0 |         2 |  0.00 |
| MASTER_JTAG |    0 |     0 |          0 |         1 |  0.00 |
| STARTUPE3   |    0 |     0 |          0 |         1 |  0.00 |
+-------------+------+-------+------------+-----------+-------+


9. Primitives
-------------

+----------+------+---------------------+
| Ref Name | Used | Functional Category |
+----------+------+---------------------+
| FDRE     | 5211 |            Register |
| LUT3     | 1370 |                 CLB |
| LUT6     | 1369 |                 CLB |
| LUT5     |  995 |                 CLB |
| LUT4     |  700 |                 CLB |
| LUT2     |  548 |                 CLB |
| SRLC32E  |  365 |                 CLB |
| RAMS32   |  254 |                 CLB |
| DSP48E2  |  150 |          Arithmetic |
| MUXF7    |  132 |                 CLB |
| CARRY8   |  124 |                 CLB |
| FDSE     |  100 |            Register |
| RAMD32   |   82 |                 CLB |
| MUXF8    |   55 |                 CLB |
| LUT1     |   45 |                 CLB |
| RAMD64E  |   12 |                 CLB |
| RAMS64E1 |    8 |                 CLB |
| RAMS64E  |    5 |                 CLB |
| RAMB18E2 |    4 |            BLOCKRAM |
| RAMB36E2 |    1 |            BLOCKRAM |
| MUXF9    |    1 |                 CLB |
+----------+------+---------------------+


10. Black Boxes
---------------

+----------+------+
| Ref Name | Used |
+----------+------+


11. Instantiated Netlists
-------------------------

+----------+------+
| Ref Name | Used |
+----------+------+


# report_timing
INFO: [Timing 38-91] UpdateTimingParams: Speed grade: -2, Temperature grade: E, Delay Type: max.
INFO: [Timing 38-191] Multithreading enabled for timing update using a maximum of 8 CPUs
WARNING: [Timing 38-242] The property HD.CLK_SRC of clock port "ap_clk" is not set. In out-of-context mode, this prevents timing estimation for clock delay/skew
Resolution: Set the HD.CLK_SRC property of the out-of-context port to the location of the clock buffer instance in the top-level design
INFO: [Timing 38-78] ReportTimingParams: -max_paths 1 -nworst 1 -delay_type max -sort_by slack.
Copyright 1986-2022 Xilinx, Inc. All Rights Reserved.
-----------------------------------------------------------------------------------------
| Tool Version      : Vivado v.2022.2 (lin64) Build 3671981 Fri Oct 14 04:59:54 MDT 2022
| Date              : Sun Jun 22 17:17:39 2025
| Host              : finn_dev_root running 64-bit Ubuntu 22.04.1 LTS
| Command           : report_timing
| Design            : finn_design_wrapper
| Device            : xczu7ev-ffvc1156
| Speed File        : -2  PRODUCTION 1.30 05-15-2022
| Temperature Grade : E
-----------------------------------------------------------------------------------------

Timing Report

Slack (MET) :             4.581ns  (required time - arrival time)
  Source:                 finn_design_i/MVAU_hls_1/MVAU_hls_1/inst/grp_Matrix_Vector_Activate_Stream_Batch_fu_46/flow_control_loop_pipe_sequential_init_U/ap_loop_init_int_reg/C
                            (rising edge-triggered cell FDRE clocked by ap_clk  {rise@0.000ns fall@5.000ns period=10.000ns})
  Destination:            finn_design_i/MVAU_hls_1/MVAU_hls_1/inst/grp_Matrix_Vector_Activate_Stream_Batch_fu_46/add_i_i_i3_7_29250_fu_592_reg[4]/D
                            (rising edge-triggered cell FDRE clocked by ap_clk  {rise@0.000ns fall@5.000ns period=10.000ns})
  Path Group:             ap_clk
  Path Type:              Setup (Max at Slow Process Corner)
  Requirement:            10.000ns  (ap_clk rise@10.000ns - ap_clk rise@0.000ns)
  Data Path Delay:        5.400ns  (logic 1.033ns (19.130%)  route 4.367ns (80.870%))
  Logic Levels:           10  (LUT2=1 LUT4=2 LUT6=7)
  Clock Path Skew:        -0.009ns (DCD - SCD + CPR)
    Destination Clock Delay (DCD):    0.021ns = ( 10.021 - 10.000 ) 
    Source Clock Delay      (SCD):    0.030ns
    Clock Pessimism Removal (CPR):    0.000ns
  Clock Uncertainty:      0.035ns  ((TSJ^2 + TIJ^2)^1/2 + DJ) / 2 + PE
    Total System Jitter     (TSJ):    0.071ns
    Total Input Jitter      (TIJ):    0.000ns
    Discrete Jitter          (DJ):    0.000ns
    Phase Error              (PE):    0.000ns

    Location             Delay type                Incr(ns)  Path(ns)    Netlist Resource(s)
  -------------------------------------------------------------------    -------------------
                         (clock ap_clk rise edge)     0.000     0.000 r  
                                                      0.000     0.000 r  ap_clk (IN)
                         net (fo=6943, unset)         0.030     0.030    finn_design_i/MVAU_hls_1/MVAU_hls_1/inst/grp_Matrix_Vector_Activate_Stream_Batch_fu_46/flow_control_loop_pipe_sequential_init_U/ap_clk
    SLICE_X56Y176        FDRE                                         r  finn_design_i/MVAU_hls_1/MVAU_hls_1/inst/grp_Matrix_Vector_Activate_Stream_Batch_fu_46/flow_control_loop_pipe_sequential_init_U/ap_loop_init_int_reg/C
  -------------------------------------------------------------------    -------------------
    SLICE_X56Y176        FDRE (Prop_HFF_SLICEM_C_Q)
                                                      0.079     0.109 r  finn_design_i/MVAU_hls_1/MVAU_hls_1/inst/grp_Matrix_Vector_Activate_Stream_Batch_fu_46/flow_control_loop_pipe_sequential_init_U/ap_loop_init_int_reg/Q
                         net (fo=117, routed)         0.555     0.664    finn_design_i/MVAU_hls_1/MVAU_hls_1/inst/grp_Matrix_Vector_Activate_Stream_Batch_fu_46/flow_control_loop_pipe_sequential_init_U/ap_loop_init_int
    SLICE_X58Y174        LUT2 (Prop_C6LUT_SLICEL_I1_O)
                                                      0.050     0.714 r  finn_design_i/MVAU_hls_1/MVAU_hls_1/inst/grp_Matrix_Vector_Activate_Stream_Batch_fu_46/flow_control_loop_pipe_sequential_init_U/icmp_ln249_reg_9583[0]_i_5/O
                         net (fo=13, routed)          0.163     0.877    finn_design_i/MVAU_hls_1/MVAU_hls_1/inst/grp_Matrix_Vector_Activate_Stream_Batch_fu_46/flow_control_loop_pipe_sequential_init_U/icmp_ln249_reg_9583[0]_i_5_n_3
    SLICE_X58Y176        LUT6 (Prop_H6LUT_SLICEL_I1_O)
                                                      0.090     0.967 f  finn_design_i/MVAU_hls_1/MVAU_hls_1/inst/grp_Matrix_Vector_Activate_Stream_Batch_fu_46/flow_control_loop_pipe_sequential_init_U/icmp_ln249_reg_9583[0]_i_10/O
                         net (fo=1, routed)           0.090     1.057    finn_design_i/MVAU_hls_1/MVAU_hls_1/inst/grp_Matrix_Vector_Activate_Stream_Batch_fu_46/flow_control_loop_pipe_sequential_init_U/icmp_ln249_reg_9583[0]_i_10_n_3
    SLICE_X58Y175        LUT6 (Prop_H6LUT_SLICEL_I4_O)
                                                      0.124     1.181 r  finn_design_i/MVAU_hls_1/MVAU_hls_1/inst/grp_Matrix_Vector_Activate_Stream_Batch_fu_46/flow_control_loop_pipe_sequential_init_U/icmp_ln249_reg_9583[0]_i_3/O
                         net (fo=119, routed)         0.812     1.993    finn_design_i/MVAU_hls_1/MVAU_hls_1/inst/grp_Matrix_Vector_Activate_Stream_Batch_fu_46/flow_control_loop_pipe_sequential_init_U/icmp_ln249_reg_9583[0]_i_3_n_3
    SLICE_X62Y174        LUT6 (Prop_E6LUT_SLICEL_I2_O)
                                                      0.147     2.140 r  finn_design_i/MVAU_hls_1/MVAU_hls_1/inst/grp_Matrix_Vector_Activate_Stream_Batch_fu_46/flow_control_loop_pipe_sequential_init_U/empty_fu_564[1]_i_78/O
                         net (fo=16, routed)          1.062     3.202    finn_design_i/MVAU_hls_1/MVAU_hls_1/inst/regslice_both_in1_V_U/empty_fu_564[1]_i_6_0
    SLICE_X63Y196        LUT4 (Prop_D5LUT_SLICEM_I0_O)
                                                      0.135     3.337 f  finn_design_i/MVAU_hls_1/MVAU_hls_1/inst/regslice_both_in1_V_U/add_i_i_i3_7_29250_fu_592[3]_i_23/O
                         net (fo=2, routed)           0.223     3.560    finn_design_i/MVAU_hls_1/MVAU_hls_1/inst/grp_Matrix_Vector_Activate_Stream_Batch_fu_46/flow_control_loop_pipe_sequential_init_U/add_i_i_i3_7_29250_fu_592[2]_i_4_0
    SLICE_X63Y196        LUT6 (Prop_G6LUT_SLICEM_I3_O)
                                                      0.090     3.650 r  finn_design_i/MVAU_hls_1/MVAU_hls_1/inst/grp_Matrix_Vector_Activate_Stream_Batch_fu_46/flow_control_loop_pipe_sequential_init_U/add_i_i_i3_7_29250_fu_592[3]_i_8/O
                         net (fo=2, routed)           0.411     4.062    finn_design_i/MVAU_hls_1/MVAU_hls_1/inst/grp_Matrix_Vector_Activate_Stream_Batch_fu_46/flow_control_loop_pipe_sequential_init_U/add_i_i_i3_7_29250_fu_592[3]_i_8_n_3
    SLICE_X60Y194        LUT6 (Prop_D6LUT_SLICEL_I4_O)
                                                      0.146     4.208 r  finn_design_i/MVAU_hls_1/MVAU_hls_1/inst/grp_Matrix_Vector_Activate_Stream_Batch_fu_46/flow_control_loop_pipe_sequential_init_U/add_i_i_i3_7_29250_fu_592[3]_i_10/O
                         net (fo=3, routed)           0.192     4.400    finn_design_i/MVAU_hls_1/MVAU_hls_1/inst/grp_Matrix_Vector_Activate_Stream_Batch_fu_46/flow_control_loop_pipe_sequential_init_U/add_i_i_i3_7_29250_fu_592[3]_i_10_n_3
    SLICE_X61Y195        LUT6 (Prop_H6LUT_SLICEM_I0_O)
                                                      0.039     4.439 r  finn_design_i/MVAU_hls_1/MVAU_hls_1/inst/grp_Matrix_Vector_Activate_Stream_Batch_fu_46/flow_control_loop_pipe_sequential_init_U/add_i_i_i3_7_29250_fu_592[3]_i_4/O
                         net (fo=2, routed)           0.220     4.658    finn_design_i/MVAU_hls_1/MVAU_hls_1/inst/grp_Matrix_Vector_Activate_Stream_Batch_fu_46/flow_control_loop_pipe_sequential_init_U/add_i_i_i3_7_29250_fu_592[3]_i_4_n_3
    SLICE_X60Y194        LUT6 (Prop_G6LUT_SLICEL_I5_O)
                                                      0.035     4.693 r  finn_design_i/MVAU_hls_1/MVAU_hls_1/inst/grp_Matrix_Vector_Activate_Stream_Batch_fu_46/flow_control_loop_pipe_sequential_init_U/add_i_i_i3_7_29250_fu_592[7]_i_5/O
                         net (fo=4, routed)           0.220     4.913    finn_design_i/MVAU_hls_1/MVAU_hls_1/inst/grp_Matrix_Vector_Activate_Stream_Batch_fu_46/flow_control_loop_pipe_sequential_init_U/add_i_i_i3_7_29250_fu_592[7]_i_5_n_3
    SLICE_X57Y190        LUT4 (Prop_F6LUT_SLICEM_I0_O)
                                                      0.098     5.011 r  finn_design_i/MVAU_hls_1/MVAU_hls_1/inst/grp_Matrix_Vector_Activate_Stream_Batch_fu_46/flow_control_loop_pipe_sequential_init_U/add_i_i_i3_7_29250_fu_592[4]_i_1/O
                         net (fo=2, routed)           0.419     5.430    finn_design_i/MVAU_hls_1/MVAU_hls_1/inst/grp_Matrix_Vector_Activate_Stream_Batch_fu_46/add_ln840_239_fu_9228_p2[4]
    SLICE_X57Y190        FDRE                                         r  finn_design_i/MVAU_hls_1/MVAU_hls_1/inst/grp_Matrix_Vector_Activate_Stream_Batch_fu_46/add_i_i_i3_7_29250_fu_592_reg[4]/D
  -------------------------------------------------------------------    -------------------

                         (clock ap_clk rise edge)    10.000    10.000 r  
                                                      0.000    10.000 r  ap_clk (IN)
                         net (fo=6943, unset)         0.021    10.021    finn_design_i/MVAU_hls_1/MVAU_hls_1/inst/grp_Matrix_Vector_Activate_Stream_Batch_fu_46/ap_clk
    SLICE_X57Y190        FDRE                                         r  finn_design_i/MVAU_hls_1/MVAU_hls_1/inst/grp_Matrix_Vector_Activate_Stream_Batch_fu_46/add_i_i_i3_7_29250_fu_592_reg[4]/C
                         clock pessimism              0.000    10.021    
                         clock uncertainty           -0.035     9.986    
    SLICE_X57Y190        FDRE (Setup_EFF_SLICEM_C_D)
                                                      0.025    10.011    finn_design_i/MVAU_hls_1/MVAU_hls_1/inst/grp_Matrix_Vector_Activate_Stream_Batch_fu_46/add_i_i_i3_7_29250_fu_592_reg[4]
  -------------------------------------------------------------------
                         required time                         10.011    
                         arrival time                          -5.430    
  -------------------------------------------------------------------
                         slack                                  4.581    




# report_power
Command: report_power
Running Vector-less Activity Propagation...

Finished Running Vector-less Activity Propagation
Copyright 1986-2022 Xilinx, Inc. All Rights Reserved.
----------------------------------------------------------------------------------------
| Tool Version     : Vivado v.2022.2 (lin64) Build 3671981 Fri Oct 14 04:59:54 MDT 2022
| Date             : Sun Jun 22 17:17:43 2025
| Host             : finn_dev_root running 64-bit Ubuntu 22.04.1 LTS
| Command          : report_power
| Design           : finn_design_wrapper
| Device           : xczu7ev-ffvc1156-2-e
| Design State     : routed
| Grade            : extended
| Process          : typical
| Characterization : Production
----------------------------------------------------------------------------------------

Power Report

Table of Contents
-----------------
1. Summary
1.1 On-Chip Components
1.2 Power Supply Summary
1.3 Confidence Level
2. Settings
2.1 Environment
2.2 Clock Constraints
3. Detailed Reports
3.1 By Hierarchy

1. Summary
----------

+--------------------------+--------------+
| Total On-Chip Power (W)  | 0.687        |
| Design Power Budget (W)  | Unspecified* |
| Power Budget Margin (W)  | NA           |
| Dynamic (W)              | 0.095        |
| Device Static (W)        | 0.592        |
| Effective TJA (C/W)      | 1.0          |
| Max Ambient (C)          | 99.3         |
| Junction Temperature (C) | 25.7         |
| Confidence Level         | Medium       |
| Setting File             | ---          |
| Simulation Activity File | ---          |
| Design Nets Matched      | NA           |
+--------------------------+--------------+
* Specify Design Power Budget using, set_operating_conditions -design_power_budget <value in Watts>


1.1 On-Chip Components
----------------------

+--------------------------+-----------+----------+-----------+-----------------+
| On-Chip                  | Power (W) | Used     | Available | Utilization (%) |
+--------------------------+-----------+----------+-----------+-----------------+
| Clocks                   |     0.018 |        3 |       --- |             --- |
| CLB Logic                |     0.028 |    11759 |       --- |             --- |
|   LUT as Logic           |     0.021 |     4305 |    230400 |            1.87 |
|   LUT as Distributed RAM |     0.004 |      195 |    101760 |            0.19 |
|   LUT as Shift Register  |     0.001 |      365 |    101760 |            0.36 |
|   Register               |    <0.001 |     5311 |    460800 |            1.15 |
|   CARRY8                 |    <0.001 |      124 |     28800 |            0.43 |
|   Others                 |     0.000 |      383 |       --- |             --- |
|   F7/F8 Muxes            |     0.000 |      187 |    230400 |            0.08 |
| Signals                  |     0.025 |    14408 |       --- |             --- |
| Block RAM                |     0.004 |        3 |       312 |            0.96 |
| DSPs                     |     0.020 |      150 |      1728 |            8.68 |
| Static Power             |     0.592 |          |           |                 |
| Total                    |     0.687 |          |           |                 |
+--------------------------+-----------+----------+-----------+-----------------+


1.2 Power Supply Summary
------------------------

+-----------------+-------------+-----------+-------------+------------+-------------+-------------+------------+
| Source          | Voltage (V) | Total (A) | Dynamic (A) | Static (A) | Powerup (A) | Budget (A)  | Margin (A) |
+-----------------+-------------+-----------+-------------+------------+-------------+-------------+------------+
| Vccint          |       0.850 |     0.247 |       0.111 |      0.136 |       NA    | Unspecified | NA         |
| Vccint_io       |       0.850 |     0.070 |       0.000 |      0.070 |       NA    | Unspecified | NA         |
| Vccbram         |       0.850 |     0.002 |       0.001 |      0.002 |       NA    | Unspecified | NA         |
| Vccaux          |       1.800 |     0.148 |       0.000 |      0.148 |       NA    | Unspecified | NA         |
| Vccaux_io       |       1.800 |     0.055 |       0.000 |      0.055 |       NA    | Unspecified | NA         |
| Vcco33          |       3.300 |     0.000 |       0.000 |      0.000 |       NA    | Unspecified | NA         |
| Vcco25          |       2.500 |     0.000 |       0.000 |      0.000 |       NA    | Unspecified | NA         |
| Vcco18          |       1.800 |     0.000 |       0.000 |      0.000 |       NA    | Unspecified | NA         |
| Vcco15          |       1.500 |     0.000 |       0.000 |      0.000 |       NA    | Unspecified | NA         |
| Vcco135         |       1.350 |     0.000 |       0.000 |      0.000 |       NA    | Unspecified | NA         |
| Vcco12          |       1.200 |     0.000 |       0.000 |      0.000 |       NA    | Unspecified | NA         |
| Vcco10          |       1.000 |     0.000 |       0.000 |      0.000 |       NA    | Unspecified | NA         |
| Vccadc          |       1.800 |     0.008 |       0.000 |      0.008 |       NA    | Unspecified | NA         |
| VCC_PSINTFP     |       0.850 |     0.000 |       0.000 |      0.000 |       NA    | Unspecified | NA         |
| VCC_PSINTLP     |       0.850 |     0.005 |       0.000 |      0.005 |       NA    | Unspecified | NA         |
| VPS_MGTRAVCC    |       0.850 |     0.000 |       0.000 |      0.000 |       NA    | Unspecified | NA         |
| VCC_PSINTFP_DDR |       0.850 |     0.000 |       0.000 |      0.000 |       NA    | Unspecified | NA         |
| VCC_PSPLL       |       1.200 |     0.002 |       0.000 |      0.002 |       NA    | Unspecified | NA         |
| VPS_MGTRAVTT    |       1.800 |     0.000 |       0.000 |      0.000 |       NA    | Unspecified | NA         |
| VCCO_PSDDR_504  |       1.200 |     0.000 |       0.000 |      0.000 |       NA    | Unspecified | NA         |
| VCC_PSAUX       |       1.800 |     0.002 |       0.000 |      0.002 |       NA    | Unspecified | NA         |
| VCC_PSBATT      |       1.200 |     0.000 |       0.000 |      0.000 |       NA    | Unspecified | NA         |
| VCC_PSDDR_PLL   |       1.800 |     0.000 |       0.000 |      0.000 |       NA    | Unspecified | NA         |
| VCCO_PSIO0_500  |       3.300 |     0.000 |       0.000 |      0.000 |       NA    | Unspecified | NA         |
| VCCO_PSIO1_501  |       3.300 |     0.000 |       0.000 |      0.000 |       NA    | Unspecified | NA         |
| VCCO_PSIO2_502  |       3.300 |     0.000 |       0.000 |      0.000 |       NA    | Unspecified | NA         |
| VCCO_PSIO3_503  |       3.300 |     0.000 |       0.000 |      0.000 |       NA    | Unspecified | NA         |
| VCC_PSADC       |       1.800 |     0.002 |       0.000 |      0.002 |       NA    | Unspecified | NA         |
| VCCINT_VCU      |       0.900 |     0.025 |       0.000 |      0.025 |       NA    | Unspecified | NA         |
| MGTAVcc         |       0.900 |     0.000 |       0.000 |      0.000 |       NA    | Unspecified | NA         |
| MGTAVtt         |       1.200 |     0.000 |       0.000 |      0.000 |       NA    | Unspecified | NA         |
| MGTVccaux       |       1.800 |     0.000 |       0.000 |      0.000 |       NA    | Unspecified | NA         |
+-----------------+-------------+-----------+-------------+------------+-------------+-------------+------------+


1.3 Confidence Level
--------------------

+-----------------------------+------------+------------------------------------------------+------------------------------------------------------------------------------------------------------------+
| User Input Data             | Confidence | Details                                        | Action                                                                                                     |
+-----------------------------+------------+------------------------------------------------+------------------------------------------------------------------------------------------------------------+
| Design implementation state | High       | Design is routed                               |                                                                                                            |
| Clock nodes activity        | High       | User specified more than 95% of clocks         |                                                                                                            |
| I/O nodes activity          | High       | User specified more than 95% of inputs         |                                                                                                            |
| Internal nodes activity     | Medium     | User specified less than 25% of internal nodes | Provide missing internal nodes activity with simulation results or by editing the "By Resource Type" views |
| Device models               | High       | Device models are Production                   |                                                                                                            |
|                             |            |                                                |                                                                                                            |
| Overall confidence level    | Medium     |                                                |                                                                                                            |
+-----------------------------+------------+------------------------------------------------+------------------------------------------------------------------------------------------------------------+


2. Settings
-----------

2.1 Environment
---------------

+-----------------------+--------------------------+
| Ambient Temp (C)      | 25.0                     |
| ThetaJA (C/W)         | 1.0                      |
| Airflow (LFM)         | 250                      |
| Heat Sink             | medium (Medium Profile)  |
| ThetaSA (C/W)         | 1.5                      |
| Board Selection       | medium (10"x10")         |
| # of Board Layers     | 12to15 (12 to 15 Layers) |
| Board Temperature (C) | 25.0                     |
+-----------------------+--------------------------+


2.2 Clock Constraints
---------------------

+--------+--------+-----------------+
| Clock  | Domain | Constraint (ns) |
+--------+--------+-----------------+
| ap_clk | ap_clk |            10.0 |
+--------+--------+-----------------+


3. Detailed Reports
-------------------

3.1 By Hierarchy
----------------

+---------------------------------------+-----------+
| Name                                  | Power (W) |
+---------------------------------------+-----------+
| finn_design_wrapper                   |     0.095 |
|   finn_design_i                       |     0.095 |
|     ConvolutionInputGenerator_rtl_0   |     0.003 |
|       inst                            |     0.003 |
|     ConvolutionInputGenerator_rtl_1   |     0.003 |
|       inst                            |     0.003 |
|     MVAU_hls_0                        |     0.037 |
|       MVAU_hls_0                      |     0.037 |
|     MVAU_hls_1                        |     0.021 |
|       MVAU_hls_1                      |     0.016 |
|       MVAU_hls_1_wstrm                |     0.005 |
|     MVAU_hls_2                        |     0.012 |
|       MVAU_hls_2                      |     0.010 |
|       MVAU_hls_2_wstrm                |     0.002 |
|     MVAU_hls_3                        |     0.004 |
|       MVAU_hls_3                      |     0.003 |
|     MVAU_hls_4                        |     0.003 |
|       MVAU_hls_4                      |     0.002 |
|     StreamingDataWidthConverter_rtl_0 |     0.001 |
|       inst                            |     0.001 |
|     StreamingFIFO_rtl_1               |     0.001 |
|       inst                            |     0.001 |
|     StreamingFIFO_rtl_4               |     0.002 |
|       inst                            |     0.002 |
|     StreamingFIFO_rtl_5               |     0.001 |
|       inst                            |     0.001 |
|     StreamingMaxPool_hls_0            |     0.002 |
|       inst                            |     0.002 |
|     StreamingMaxPool_hls_1            |     0.002 |
|       inst                            |     0.002 |
+---------------------------------------+-----------+


0 Infos, 0 Warnings, 0 Critical Warnings and 0 Errors encountered.
report_power completed successfully
# set util [report_utilization -return_string]
# set util_lut [exec echo $util | grep LUT | head -n 1 | cut -d| -f3 | tr -d " "]
# set util_lutram [exec echo $util | grep LUT | head -n 3 | tail -1 | cut -d| -f3 | tr -d " "]
# set util_ff [llength [get_cells -hier -filter {PRIMITIVE_TYPE =~ *.F*E*}]]
WARNING: [Vivado 12-180] No cells matched 'get_cells -hier -filter {PRIMITIVE_GROUP == DSP}'.
# set util_dsp [llength [get_cells -hier -filter {PRIMITIVE_GROUP == DSP}]]
# set time_wns [get_property SLACK [get_timing_paths]]
# set util_bram18 [llength [get_cells -hier -filter {PRIMITIVE_TYPE =~ *RAMB18*}]]
# set util_bram36 [llength [get_cells -hier -filter {PRIMITIVE_TYPE =~ *RAMB36*}]]
# set util_carry [llength [get_cells -hier -filter {PRIMITIVE_TYPE =~ *CARRY*}]]
WARNING: [Vivado 12-180] No cells matched 'get_cells -hier -filter {PRIMITIVE_TYPE =~ *URAM*}'.
# set util_uram [llength [get_cells -hier -filter {PRIMITIVE_TYPE =~ *URAM*}]]
# set vivado_version [version -short]
# set vivado_build_no [exec echo $util | grep Build | head -n 1 | cut -d\  -f9]
# set util_bram [expr $util_bram18/2 + $util_bram36]
# puts "LUT: $util_lut FF: $util_ff DSP: $util_dsp BRAM: $util_bram"
LUT: 4865 FF: 5311 DSP: 0 BRAM: 3
# set fp [open res.txt w]
# puts $fp "LUT=$util_lut"
# puts $fp "LUTRAM=$util_lutram"
# puts $fp "FF=$util_ff"
# puts $fp "DSP=$util_dsp"
# puts $fp "BRAM=$util_bram"
# puts $fp "BRAM_18K=$util_bram18"
# puts $fp "BRAM_36K=$util_bram36"
# puts $fp "URAM=$util_uram"
# puts $fp "Carry=$util_carry"
# puts $fp "WNS=$time_wns"
# puts $fp "Delay=$time_wns"
# puts $fp "vivado_version=$vivado_version"
# puts $fp "vivado_build_no=$vivado_build_no"
# close $fp
# exit
INFO: [Common 17-206] Exiting Vivado at Sun Jun 22 17:17:45 2025...
